Index,Relative Time (s),PT100 (degC),BME280 T (degC),Humidity (%),Pressure (hPa)
1,0.00,45.00,43.39,41.90,1008.41
2,0.09,44.95,43.37,41.90,1008.42
3,0.18,44.93,43.34,41.89,1008.42
4,0.27,44.90,43.31,41.87,1008.42
5,0.36,44.88,43.29,41.88,1008.41
6,0.45,44.86,43.26,41.86,1008.41
7,0.54,44.83,43.24,41.86,1008.41
8,0.63,44.80,43.23,41.85,1008.40
9,0.72,44.78,43.20,41.85,1008.40
10,0.81,44.75,43.15,41.87,1008.39
11,0.90,44.73,43.12,41.86,1008.38
12,0.99,44.71,43.10,41.87,1008.37
13,1.08,44.68,43.08,41.88,1008.36
14,1.17,44.65,43.06,41.86,1008.34
15,1.26,44.61,43.03,41.87,1008.34
16,1.35,44.58,43.01,41.87,1008.33
17,1.44,44.55,42.98,41.88,1008.34
18,1.53,44.53,42.96,41.87,1008.33
19,1.62,44.49,42.94,41.88,1008.33
20,1.71,44.47,42.92,41.87,1008.32
21,1.80,44.44,42.89,41.86,1008.32
22,1.89,44.41,42.87,41.87,1008.32
23,1.98,44.39,42.83,41.86,1008.32
24,2.07,44.37,42.80,41.87,1008.33
25,2.16,44.35,42.78,41.86,1008.32
26,2.25,44.33,42.76,41.87,1008.33
27,2.34,44.30,42.73,41.87,1008.33
28,2.43,44.27,42.70,41.87,1008.35
29,2.52,44.24,42.67,41.88,1008.35
30,2.61,44.22,42.65,41.89,1008.35
31,2.70,44.19,42.61,41.89,1008.35
32,2.79,44.16,42.59,41.89,1008.35
33,2.88,44.14,42.58,41.90,1008.35
34,2.97,44.12,42.56,41.90,1008.36
35,3.06,44.08,42.54,41.90,1008.36
36,3.15,44.07,42.52,41.90,1008.37
37,3.24,44.04,42.48,41.90,1008.37
38,3.33,44.02,42.45,41.89,1008.38
39,3.42,43.99,42.42,41.90,1008.38
40,3.51,43.97,42.39,41.90,1008.38
41,3.60,43.93,42.36,41.89,1008.38
42,3.69,43.92,42.33,41.89,1008.39
43,3.78,43.90,42.29,41.88,1008.39
44,3.87,43.88,42.26,41.90,1008.39
45,3.96,43.86,42.23,41.89,1008.39
46,4.05,43.83,42.21,41.89,1008.39
47,4.14,43.80,42.18,41.90,1008.40
48,4.23,43.78,42.16,41.90,1008.40
49,4.32,43.76,42.14,41.89,1008.41
50,4.41,43.73,42.12,41.90,1008.42
51,4.50,43.70,42.10,41.91,1008.42
52,4.59,43.67,42.08,41.91,1008.43
53,4.68,43.65,42.07,41.92,1008.43
54,4.77,43.62,42.04,41.91,1008.44
55,4.86,43.60,42.02,41.92,1008.44
56,4.95,43.57,42.01,41.91,1008.44
57,5.04,43.54,41.99,41.92,1008.44
58,5.13,43.51,41.96,41.92,1008.44
59,5.22,43.48,41.93,41.91,1008.44
60,5.31,43.46,41.90,41.91,1008.45
61,5.40,43.44,41.88,41.91,1008.44
62,5.49,43.42,41.85,41.90,1008.43
63,5.58,43.40,41.83,41.91,1008.43
64,5.67,43.36,41.81,41.93,1008.43
65,5.76,43.33,41.79,41.93,1008.43
66,5.85,43.32,41.77,41.94,1008.42
67,5.94,43.27,41.74,41.94,1008.41
68,6.03,43.26,41.71,41.94,1008.41
69,6.12,43.22,41.69,41.92,1008.40
70,6.21,43.19,41.67,41.92,1008.38
71,6.30,43.16,41.66,41.93,1008.38
72,6.39,43.14,41.63,41.93,1008.37
73,6.48,43.13,41.61,41.95,1008.37
74,6.57,43.11,41.59,41.96,1008.35
75,6.66,43.07,41.57,41.95,1008.35
76,6.75,43.04,41.55,41.95,1008.34
77,6.84,43.02,41.53,41.95,1008.34
78,6.93,43.00,41.49,41.95,1008.34
79,7.02,42.97,41.46,41.95,1008.32
80,7.11,42.94,41.45,41.95,1008.33
81,7.20,42.90,41.41,41.96,1008.32
82,7.29,42.88,41.39,41.95,1008.32
83,7.38,42.86,41.36,41.95,1008.31
84,7.47,42.82,41.34,41.95,1008.31
85,7.56,42.79,41.32,41.95,1008.32
86,7.65,42.76,41.31,41.94,1008.32
87,7.74,42.74,41.29,41.93,1008.32
88,7.83,42.72,41.27,41.91,1008.32
89,7.92,42.69,41.25,41.92,1008.32
90,8.01,42.66,41.22,41.91,1008.33
91,8.10,42.65,41.21,41.93,1008.34
92,8.19,42.62,41.19,41.92,1008.34
93,8.28,42.60,41.17,41.92,1008.35
94,8.37,42.59,41.15,41.92,1008.35
95,8.46,42.57,41.13,41.92,1008.34
96,8.55,42.54,41.10,41.91,1008.34
97,8.64,42.52,41.07,41.90,1008.35
98,8.73,42.50,41.06,41.91,1008.35
99,8.82,42.47,41.04,41.92,1008.35
100,8.91,42.45,41.01,41.92,1008.35
101,9.00,42.43,40.98,41.91,1008.36
102,9.09,42.41,40.96,41.91,1008.36
103,9.18,42.38,40.94,41.89,1008.36
104,9.27,42.36,40.92,41.89,1008.36
105,9.36,42.33,40.91,41.90,1008.36
106,9.45,42.31,40.88,41.92,1008.37
107,9.54,42.27,40.85,41.93,1008.37
108,9.63,42.25,40.83,41.94,1008.37
109,9.72,42.23,40.81,41.94,1008.37
110,9.81,42.20,40.78,41.95,1008.38
111,9.90,42.18,40.76,41.94,1008.39
112,9.99,42.16,40.73,41.93,1008.39
113,10.08,42.13,40.70,41.92,1008.39
114,10.17,42.11,40.67,41.92,1008.38
115,10.26,42.08,40.65,41.93,1008.39
116,10.35,42.06,40.63,41.92,1008.39
117,10.44,42.03,40.62,41.91,1008.39
118,10.53,42.02,40.60,41.93,1008.39
119,10.62,42.00,40.57,41.93,1008.39
120,10.71,41.97,40.55,41.90,1008.38
121,10.80,41.94,40.53,41.89,1008.39
122,10.89,41.92,40.51,41.90,1008.39
123,10.98,41.90,40.50,41.90,1008.39
124,11.07,41.89,40.48,41.90,1008.39
125,11.16,41.86,40.44,41.91,1008.39
126,11.25,41.85,40.42,41.91,1008.39
127,11.34,41.83,40.41,41.93,1008.39
128,11.43,41.81,40.40,41.92,1008.38
129,11.52,41.78,40.36,41.92,1008.38
130,11.61,41.76,40.34,41.91,1008.38
131,11.70,41.74,40.32,41.93,1008.37
132,11.79,41.71,40.29,41.91,1008.37
133,11.88,41.68,40.26,41.91,1008.37
134,11.97,41.67,40.24,41.90,1008.37
135,12.06,41.64,40.22,41.90,1008.36
136,12.15,41.62,40.20,41.91,1008.36
137,12.24,41.60,40.18,41.91,1008.35
138,12.33,41.57,40.17,41.92,1008.35
139,12.42,41.56,40.15,41.93,1008.35
140,12.51,41.53,40.13,41.93,1008.35
141,12.60,41.50,40.11,41.93,1008.34
142,12.69,41.48,40.08,41.93,1008.34
143,12.78,41.45,40.06,41.94,1008.34
144,12.87,41.43,40.04,41.92,1008.34
145,12.96,41.41,40.01,41.92,1008.34
146,13.05,41.39,39.99,41.91,1008.34
147,13.14,41.38,39.98,41.91,1008.34
148,13.23,41.35,39.95,41.92,1008.34
149,13.32,41.34,39.94,41.91,1008.34
150,13.41,41.31,39.93,41.92,1008.35
151,13.50,41.29,39.91,41.92,1008.34
152,13.59,41.27,39.89,41.91,1008.34
153,13.68,41.26,39.87,41.92,1008.34
154,13.77,41.23,39.84,41.92,1008.34
155,13.86,41.21,39.83,41.93,1008.35
156,13.95,41.19,39.80,41.94,1008.36
157,14.04,41.17,39.79,41.94,1008.36
158,14.13,41.14,39.77,41.94,1008.37
159,14.22,41.11,39.73,41.94,1008.37
160,14.31,41.10,39.71,41.94,1008.37
161,14.40,41.07,39.69,41.97,1008.39
162,14.49,41.05,39.67,41.99,1008.39
163,14.58,41.03,39.65,41.98,1008.39
164,14.67,41.02,39.64,41.99,1008.38
165,14.76,41.01,39.62,41.99,1008.39
166,14.85,40.98,39.60,41.99,1008.38
167,14.94,40.96,39.58,42.00,1008.38
168,15.03,40.94,39.57,42.00,1008.38
169,15.12,40.91,39.54,42.00,1008.38
170,15.21,40.90,39.52,41.99,1008.37
171,15.30,40.88,39.50,42.00,1008.37
172,15.39,40.86,39.49,42.00,1008.37
173,15.48,40.84,39.46,42.00,1008.38
174,15.57,40.82,39.45,42.02,1008.37
175,15.66,40.80,39.45,42.00,1008.37
176,15.75,40.78,39.43,41.99,1008.36
177,15.84,40.77,39.42,41.98,1008.37
178,15.93,40.74,39.40,41.97,1008.37
179,16.02,40.72,39.39,41.98,1008.37
180,16.11,40.69,39.36,41.99,1008.37
181,16.20,40.68,39.34,41.99,1008.36
182,16.29,40.66,39.32,41.99,1008.37
183,16.38,40.63,39.31,41.99,1008.38
184,16.47,40.62,39.31,41.99,1008.38
185,16.56,40.59,39.29,41.99,1008.37
186,16.65,40.58,39.27,42.00,1008.37
187,16.74,40.57,39.26,41.99,1008.36
188,16.83,40.54,39.24,41.97,1008.37
189,16.92,40.53,39.22,41.98,1008.37
190,17.01,40.51,39.21,41.97,1008.37
191,17.10,40.48,39.19,41.97,1008.36
192,17.19,40.47,39.17,41.98,1008.37
193,17.28,40.44,39.14,41.97,1008.37
194,17.37,40.43,39.12,41.98,1008.36
195,17.46,40.41,39.09,41.96,1008.35
196,17.55,40.39,39.06,41.97,1008.35
197,17.64,40.36,39.04,41.98,1008.35
198,17.73,40.35,39.03,41.99,1008.35
199,17.82,40.34,39.01,41.99,1008.35
200,17.91,40.32,38.99,41.99,1008.35
201,18.00,40.29,38.96,41.99,1008.36
202,18.09,40.27,38.93,42.00,1008.36
203,18.18,40.25,38.91,42.01,1008.36
204,18.27,40.23,38.89,42.01,1008.37
205,18.36,40.22,38.87,42.03,1008.36
206,18.45,40.19,38.85,42.04,1008.37
207,18.54,40.17,38.83,42.05,1008.37
208,18.63,40.16,38.81,42.05,1008.37
209,18.72,40.15,38.79,42.04,1008.37
210,18.81,40.12,38.77,42.04,1008.37
211,18.90,40.10,38.75,42.04,1008.37
212,18.99,40.08,38.73,42.03,1008.36
213,19.08,40.06,38.71,42.03,1008.36
214,19.17,40.05,38.70,42.01,1008.35
215,19.26,40.04,38.68,41.99,1008.36
216,19.35,40.02,38.66,41.99,1008.37
217,19.44,40.02,38.64,41.98,1008.37
218,19.53,40.00,38.63,41.99,1008.37
219,19.62,39.98,38.62,41.99,1008.38
220,19.71,39.96,38.61,41.98,1008.38
221,19.80,39.94,38.59,41.99,1008.39
222,19.89,39.92,38.58,41.99,1008.38
223,19.98,39.90,38.56,41.99,1008.39
224,20.07,39.88,38.55,42.00,1008.38
225,20.16,39.86,38.54,42.00,1008.38
226,20.25,39.83,38.52,42.00,1008.39
227,20.34,39.81,38.51,42.00,1008.39
228,20.43,39.80,38.49,42.02,1008.39
229,20.52,39.78,38.47,42.01,1008.38
230,20.61,39.76,38.45,42.01,1008.38
231,20.70,39.73,38.43,42.01,1008.38
232,20.79,39.71,38.40,42.02,1008.38
233,20.88,39.69,38.37,42.02,1008.38
234,20.97,39.68,38.36,42.01,1008.38
235,21.06,39.66,38.35,42.02,1008.37
236,21.15,39.62,38.34,42.02,1008.36
237,21.24,39.61,38.33,42.01,1008.35
238,21.33,39.59,38.30,42.00,1008.35
239,21.42,39.57,38.28,41.99,1008.34
240,21.51,39.55,38.27,41.98,1008.34
241,21.60,39.54,38.25,41.98,1008.34
242,21.69,39.51,38.23,41.97,1008.35
243,21.78,39.49,38.21,41.98,1008.34
244,21.87,39.46,38.19,41.98,1008.34
245,21.96,39.44,38.17,41.97,1008.33
246,22.05,39.41,38.16,41.96,1008.33
247,22.14,39.38,38.14,41.96,1008.33
248,22.23,39.37,38.12,41.97,1008.33
249,22.32,39.35,38.10,41.96,1008.34
250,22.41,39.34,38.09,41.95,1008.33
251,22.50,39.32,38.07,41.96,1008.33
252,22.59,39.29,38.07,41.96,1008.34
253,22.68,39.27,38.05,41.98,1008.34
254,22.77,39.25,38.04,41.97,1008.34
255,22.86,39.22,38.02,41.97,1008.34
256,22.95,39.21,38.00,41.97,1008.34
257,23.04,39.20,37.99,41.98,1008.34
258,23.13,39.18,37.99,41.97,1008.34
259,23.22,39.15,37.98,41.98,1008.35
260,23.31,39.14,37.96,41.98,1008.35
261,23.40,39.11,37.95,41.97,1008.36
262,23.49,39.09,37.92,41.97,1008.36
263,23.58,39.06,37.91,41.95,1008.37
264,23.67,39.05,37.90,41.97,1008.37
265,23.76,39.04,37.88,41.97,1008.37
266,23.85,39.02,37.87,41.98,1008.37
267,23.94,38.99,37.85,41.97,1008.38
268,24.03,38.97,37.82,41.97,1008.39
269,24.12,38.95,37.81,41.97,1008.39
270,24.21,38.92,37.80,41.97,1008.41
271,24.30,38.91,37.77,41.98,1008.40
272,24.39,38.90,37.75,42.00,1008.41
273,24.48,38.88,37.72,42.01,1008.42
274,24.57,38.87,37.70,42.01,1008.43
275,24.66,38.86,37.67,42.01,1008.44
276,24.75,38.84,37.65,42.01,1008.43
277,24.84,38.81,37.62,42.02,1008.43
278,24.93,38.79,37.60,42.01,1008.43
279,25.02,38.79,37.58,42.01,1008.43
280,25.11,38.77,37.57,42.01,1008.44
281,25.20,38.74,37.57,42.00,1008.42
282,25.29,38.73,37.55,42.00,1008.43
283,25.38,38.72,37.53,42.00,1008.42
284,25.47,38.70,37.51,42.02,1008.41
285,25.56,38.68,37.48,42.02,1008.40
286,25.65,38.65,37.46,42.02,1008.40
287,25.74,38.64,37.45,42.02,1008.40
288,25.83,38.62,37.43,42.02,1008.40
289,25.92,38.61,37.41,42.00,1008.39
290,26.01,38.59,37.39,42.01,1008.39
291,26.10,38.59,37.38,42.00,1008.38
292,26.19,38.57,37.36,42.00,1008.38
293,26.28,38.55,37.34,41.99,1008.38
294,26.37,38.52,37.32,41.98,1008.38
295,26.46,38.51,37.30,41.99,1008.37
296,26.55,38.49,37.28,41.99,1008.36
297,26.64,38.48,37.27,42.00,1008.36
298,26.73,38.46,37.26,41.99,1008.36
299,26.82,38.44,37.24,41.98,1008.35
300,26.91,38.42,37.23,41.97,1008.35
301,27.00,38.42,37.22,41.95,1008.35
302,27.09,38.39,37.20,41.96,1008.35
303,27.18,38.38,37.19,41.95,1008.35
304,27.27,38.38,37.17,41.96,1008.34
305,27.36,38.36,37.14,41.96,1008.34
306,27.45,38.34,37.12,41.95,1008.34
307,27.54,38.32,37.10,41.96,1008.34
308,27.63,38.31,37.10,41.96,1008.34
309,27.72,38.30,37.07,41.97,1008.34
310,27.81,38.30,37.06,41.98,1008.34
311,27.90,38.29,37.04,41.97,1008.33
312,27.99,38.28,37.04,41.98,1008.33
313,28.08,38.27,37.02,41.97,1008.34
314,28.17,38.25,36.99,41.99,1008.34
315,28.26,38.24,36.97,41.99,1008.34
316,28.35,38.23,36.97,41.99,1008.34
317,28.44,38.22,36.96,41.98,1008.35
318,28.53,38.20,36.95,41.98,1008.35
319,28.62,38.18,36.94,41.99,1008.35
320,28.71,38.15,36.93,41.98,1008.35
321,28.80,38.14,36.91,41.98,1008.35
322,28.89,38.12,36.90,41.98,1008.35
323,28.98,38.11,36.90,41.98,1008.35
324,29.07,38.09,36.89,41.98,1008.36
325,29.16,38.08,36.87,41.97,1008.37
326,29.25,38.07,36.86,41.97,1008.37
327,29.34,38.05,36.85,41.96,1008.38
328,29.43,38.03,36.83,41.98,1008.38
329,29.52,38.01,36.81,41.99,1008.39
330,29.61,37.99,36.80,41.99,1008.39
331,29.70,37.98,36.78,41.99,1008.40
332,29.79,37.95,36.76,41.99,1008.40
333,29.88,37.94,36.75,42.01,1008.40
334,29.97,37.91,36.73,42.00,1008.40
335,30.06,37.88,36.71,42.00,1008.41
336,30.15,37.86,36.70,41.99,1008.41
337,30.24,37.85,36.69,41.98,1008.40
338,30.33,37.82,36.67,41.98,1008.41
339,30.42,37.82,36.66,41.99,1008.41
340,30.51,37.79,36.64,41.99,1008.42
341,30.60,37.77,36.62,42.00,1008.42
342,30.69,37.75,36.61,41.99,1008.41
343,30.78,37.73,36.60,42.00,1008.41
344,30.87,37.72,36.60,42.00,1008.41
345,30.96,37.70,36.59,42.00,1008.41
346,31.05,37.68,36.56,42.02,1008.41
347,31.14,37.66,36.54,42.01,1008.41
348,31.23,37.64,36.54,42.01,1008.41
349,31.32,37.63,36.52,42.01,1008.41
350,31.41,37.61,36.50,41.99,1008.41
351,31.50,37.60,36.50,42.01,1008.40
352,31.59,37.58,36.49,42.01,1008.40
353,31.68,37.57,36.46,42.03,1008.39
354,31.77,37.56,36.45,42.03,1008.39
355,31.86,37.54,36.44,42.04,1008.38
356,31.95,37.52,36.43,42.03,1008.38
357,32.04,37.51,36.41,42.04,1008.37
358,32.13,37.50,36.39,42.06,1008.36
359,32.22,37.48,36.39,42.05,1008.36
360,32.31,37.45,36.37,42.05,1008.35
361,32.40,37.44,36.35,42.05,1008.35
362,32.49,37.41,36.33,42.05,1008.35
363,32.58,37.40,36.32,42.05,1008.34
364,32.67,37.39,36.31,42.06,1008.35
365,32.76,37.37,36.30,42.04,1008.34
366,32.85,37.36,36.28,42.02,1008.34
367,32.94,37.35,36.26,42.01,1008.35
368,33.03,37.33,36.25,42.02,1008.35
369,33.12,37.31,36.23,42.03,1008.35
370,33.21,37.31,36.21,42.02,1008.34
371,33.30,37.29,36.18,42.01,1008.35
372,33.39,37.27,36.16,42.01,1008.36
373,33.48,37.26,36.14,42.00,1008.35
374,33.57,37.24,36.12,41.99,1008.35
375,33.66,37.22,36.11,41.97,1008.35
376,33.75,37.21,36.10,41.97,1008.36
377,33.84,37.20,36.08,41.96,1008.35
378,33.93,37.18,36.06,41.97,1008.36
379,34.02,37.17,36.06,41.98,1008.35
380,34.11,37.15,36.04,41.99,1008.36
381,34.20,37.14,36.03,42.01,1008.36
382,34.29,37.14,36.03,42.03,1008.36
383,34.38,37.13,36.01,42.03,1008.37
384,34.47,37.12,35.99,42.04,1008.36
385,34.56,37.11,35.98,42.05,1008.36
386,34.65,37.09,35.95,42.06,1008.36
387,34.74,37.07,35.94,42.07,1008.37
388,34.83,37.05,35.93,42.07,1008.38
389,34.92,37.04,35.92,42.07,1008.38
390,35.01,37.03,35.91,42.09,1008.39
391,35.10,37.01,35.90,42.10,1008.40
392,35.19,36.99,35.89,42.09,1008.41
393,35.28,36.97,35.88,42.08,1008.41
394,35.37,36.96,35.86,42.10,1008.41
395,35.46,36.94,35.85,42.10,1008.42
396,35.55,36.93,35.83,42.10,1008.42
397,35.64,36.91,35.82,42.10,1008.43
398,35.73,36.90,35.80,42.10,1008.43
399,35.82,36.89,35.81,42.11,1008.43
400,35.91,36.88,35.80,42.10,1008.43
401,36.00,36.87,35.77,42.08,1008.43
402,36.09,36.86,35.77,42.08,1008.42
403,36.18,36.84,35.74,42.08,1008.42
404,36.27,36.82,35.73,42.08,1008.41
405,36.36,36.80,35.72,42.06,1008.42
406,36.45,36.78,35.71,42.06,1008.41
407,36.54,36.77,35.69,42.06,1008.41
408,36.63,36.76,35.68,42.05,1008.41
409,36.72,36.74,35.68,42.05,1008.41
410,36.81,36.73,35.68,42.05,1008.40
411,36.90,36.72,35.67,42.04,1008.39
412,36.99,36.71,35.66,42.03,1008.38
413,37.08,36.69,35.64,42.05,1008.38
414,37.17,36.67,35.63,42.05,1008.38
415,37.26,36.66,35.61,42.05,1008.38
416,37.35,36.65,35.59,42.04,1008.37
417,37.44,36.64,35.59,42.05,1008.36
418,37.53,36.62,35.58,42.05,1008.36
419,37.62,36.60,35.56,42.05,1008.35
420,37.71,36.59,35.54,42.07,1008.35
421,37.80,36.57,35.53,42.09,1008.34
422,37.89,36.56,35.51,42.10,1008.34
423,37.98,36.55,35.50,42.10,1008.34
424,38.07,36.54,35.49,42.10,1008.34
425,38.16,36.52,35.48,42.10,1008.34
426,38.25,36.51,35.47,42.10,1008.33
427,38.34,36.50,35.45,42.10,1008.33
428,38.43,36.48,35.43,42.09,1008.33
429,38.52,36.48,35.43,42.08,1008.33
430,38.61,36.47,35.41,42.08,1008.32
431,38.70,36.45,35.40,42.07,1008.32
432,38.79,36.43,35.39,42.07,1008.32
433,38.88,36.42,35.37,42.07,1008.32
434,38.97,36.40,35.37,42.07,1008.32
435,39.06,36.38,35.36,42.06,1008.32
436,39.15,36.37,35.35,42.06,1008.32
437,39.24,36.36,35.33,42.06,1008.32
438,39.33,36.35,35.31,42.06,1008.33
439,39.42,36.34,35.31,42.07,1008.33
440,39.51,36.32,35.30,42.07,1008.33
441,39.60,36.36,35.29,42.07,1008.34
442,39.69,36.28,35.27,42.08,1008.35
443,39.78,36.27,35.26,42.08,1008.35
444,39.87,36.26,35.26,42.09,1008.36
445,39.96,36.25,35.24,42.09,1008.36
446,40.05,36.24,35.23,42.08,1008.35
447,40.14,36.23,35.21,42.08,1008.36
448,40.23,36.22,35.19,42.08,1008.36
449,40.32,36.22,35.18,42.07,1008.37
450,40.41,36.20,35.17,42.07,1008.37
451,40.50,36.19,35.16,42.07,1008.37
452,40.59,36.18,35.15,42.07,1008.37
453,40.68,36.17,35.14,42.07,1008.38
454,40.77,36.16,35.13,42.08,1008.38
455,40.86,36.14,35.12,42.09,1008.38
456,40.95,36.14,35.10,42.08,1008.39
457,41.04,36.11,35.09,42.08,1008.39
458,41.13,36.11,35.07,42.10,1008.39
459,41.22,36.10,35.04,42.11,1008.40
460,41.31,36.08,35.02,42.10,1008.40
461,41.40,36.08,35.01,42.10,1008.40
462,41.49,36.06,34.99,42.09,1008.41
463,41.58,36.05,34.97,42.07,1008.42
464,41.67,36.04,34.96,42.09,1008.41
465,41.76,36.02,34.95,42.07,1008.41
466,41.85,36.00,34.94,42.08,1008.41
467,41.94,35.99,34.92,42.09,1008.42
468,42.03,35.96,34.90,42.08,1008.41
469,42.12,35.95,34.89,42.08,1008.41
470,42.21,35.94,34.88,42.08,1008.41
471,42.30,35.93,34.85,42.08,1008.41
472,42.39,35.91,34.84,42.09,1008.41
473,42.48,35.90,34.83,42.09,1008.40
474,42.57,35.89,34.81,42.08,1008.40
475,42.66,35.87,34.80,42.08,1008.39
476,42.75,35.87,34.79,42.09,1008.38
477,42.84,35.85,34.79,42.09,1008.37
478,42.93,35.84,34.77,42.10,1008.37
479,43.02,35.82,34.76,42.10,1008.37
480,43.11,35.80,34.75,42.09,1008.37
481,43.20,35.79,34.75,42.10,1008.37
482,43.29,35.77,34.73,42.10,1008.36
483,43.38,35.77,34.71,42.11,1008.35
484,43.47,35.75,34.70,42.11,1008.34
485,43.56,35.73,34.69,42.12,1008.34
486,43.65,35.72,34.68,42.12,1008.34
487,43.74,35.71,34.67,42.13,1008.34
488,43.83,35.70,34.65,42.14,1008.33
489,43.92,35.68,34.64,42.14,1008.33
490,44.01,35.66,34.64,42.14,1008.33
491,44.10,35.66,34.63,42.12,1008.33
492,44.19,35.64,34.62,42.13,1008.33
493,44.28,35.63,34.61,42.11,1008.32
494,44.37,35.63,34.59,42.11,1008.32
495,44.46,35.62,34.58,42.10,1008.32
496,44.55,35.61,34.58,42.09,1008.32
497,44.64,35.60,34.57,42.10,1008.32
498,44.73,35.58,34.56,42.09,1008.33
499,44.82,35.56,34.57,42.10,1008.32
500,44.91,35.55,34.56,42.11,1008.32
501,45.00,35.54,34.55,42.11,1008.32
502,45.09,35.53,34.54,42.11,1008.32
503,45.18,35.52,34.51,42.11,1008.32
504,45.27,35.52,34.50,42.11,1008.32
505,45.36,35.51,34.49,42.08,1008.32
506,45.45,35.50,34.48,42.09,1008.34
507,45.54,35.49,34.47,42.10,1008.34
508,45.63,35.48,34.47,42.09,1008.34
509,45.72,35.46,34.45,42.09,1008.35
510,45.81,35.45,34.44,42.08,1008.36
511,45.90,35.44,34.44,42.09,1008.36
512,45.99,35.43,34.42,42.10,1008.37
513,46.08,35.41,34.41,42.09,1008.37
514,46.17,35.40,34.40,42.11,1008.38
515,46.26,35.39,34.38,42.11,1008.38
516,46.35,35.38,34.37,42.11,1008.39
517,46.44,35.36,34.36,42.12,1008.39
518,46.53,35.35,34.36,42.11,1008.39
519,46.62,35.34,34.34,42.10,1008.39
520,46.71,35.32,34.33,42.11,1008.39
521,46.80,35.31,34.31,42.11,1008.39
522,46.89,35.30,34.29,42.11,1008.39
523,46.98,35.29,34.28,42.11,1008.38
524,47.07,35.27,34.27,42.11,1008.38
525,47.16,35.26,34.27,42.12,1008.38
526,47.25,35.24,34.26,42.12,1008.39
527,47.34,35.23,34.25,42.12,1008.39
528,47.43,35.22,34.24,42.12,1008.38
529,47.52,35.20,34.23,42.11,1008.38
530,47.61,35.20,34.22,42.13,1008.38
531,47.70,35.18,34.21,42.14,1008.37
532,47.79,35.17,34.20,42.13,1008.37
533,47.88,35.15,34.19,42.13,1008.37
534,47.97,35.15,34.17,42.12,1008.37
535,48.06,35.15,34.15,42.14,1008.37
536,48.15,35.13,34.14,42.14,1008.37
537,48.24,35.11,34.14,42.13,1008.37
538,48.33,35.09,34.13,42.12,1008.37
539,48.42,35.08,34.12,42.12,1008.37
540,48.51,35.07,34.12,42.14,1008.36
541,48.60,35.06,34.12,42.14,1008.36
542,48.69,35.05,34.10,42.14,1008.37
543,48.78,35.05,34.09,42.14,1008.37
544,48.87,35.03,34.07,42.12,1008.37
545,48.96,35.01,34.06,42.12,1008.38
546,49.05,34.99,34.05,42.12,1008.37
547,49.14,34.98,34.05,42.12,1008.38
548,49.23,34.97,34.04,42.10,1008.38
549,49.32,34.97,34.03,42.09,1008.39
550,49.41,34.95,34.01,42.10,1008.38
551,49.50,34.94,33.95,42.10,1008.39
552,49.59,34.93,33.96,42.11,1008.38
553,49.68,34.92,33.96,42.10,1008.38
554,49.77,34.92,33.94,42.11,1008.38
555,49.86,34.90,33.93,42.09,1008.39
556,49.95,34.89,33.92,42.10,1008.38
557,50.04,34.88,33.90,42.09,1008.38
558,50.13,34.85,33.89,42.09,1008.39
559,50.22,34.84,33.88,42.08,1008.39
560,50.31,34.83,33.86,42.09,1008.39
561,50.40,34.82,33.85,42.08,1008.39
562,50.49,34.82,33.86,42.08,1008.39
563,50.58,34.81,33.84,42.07,1008.39
564,50.67,34.80,33.82,42.08,1008.39
565,50.76,34.80,33.81,42.09,1008.39
566,50.85,34.79,33.80,42.09,1008.40
567,50.94,34.77,33.79,42.09,1008.40
568,51.03,34.76,33.78,42.10,1008.39
569,51.12,34.74,33.78,42.08,1008.39
570,51.21,34.72,33.78,42.09,1008.40
571,51.30,34.70,33.77,42.09,1008.40
572,51.39,34.70,33.77,42.08,1008.40
573,51.48,34.69,33.76,42.07,1008.39
574,51.57,34.69,33.76,42.07,1008.40
575,51.66,34.68,33.75,42.07,1008.39
576,51.75,34.67,33.74,42.06,1008.39
577,51.84,34.66,33.74,42.05,1008.39
578,51.93,34.66,33.72,42.05,1008.38
579,52.02,34.65,33.71,42.05,1008.38
580,52.11,34.64,33.69,42.05,1008.38
581,52.20,34.63,33.67,42.03,1008.38
582,52.29,34.62,33.67,42.04,1008.37
583,52.38,34.61,33.65,42.04,1008.37
584,52.47,34.61,33.65,42.05,1008.37
585,52.56,34.59,33.64,42.05,1008.37
586,52.65,34.58,33.63,42.06,1008.36
587,52.74,34.57,33.62,42.07,1008.35
588,52.83,34.56,33.62,42.08,1008.35
589,52.92,34.55,33.60,42.07,1008.35
590,53.01,34.53,33.60,42.08,1008.35
591,53.10,34.53,33.59,42.06,1008.35
592,53.19,34.52,33.58,42.08,1008.35
593,53.28,34.50,33.58,42.09,1008.35
594,53.37,34.49,33.58,42.09,1008.35
595,53.46,34.47,33.57,42.09,1008.35
596,53.55,34.45,33.56,42.08,1008.35
597,53.64,34.44,33.55,42.09,1008.35
598,53.73,34.44,33.53,42.07,1008.35
599,53.82,34.44,33.52,42.07,1008.35
600,53.91,34.43,33.52,42.06,1008.35
601,54.00,34.42,33.50,42.05,1008.36
602,54.09,34.41,33.50,42.05,1008.35
603,54.18,34.40,33.49,42.04,1008.36
604,54.27,34.38,33.47,42.03,1008.36
605,54.36,34.36,33.46,42.03,1008.37
606,54.45,34.35,33.44,42.03,1008.36
607,54.54,34.34,33.43,42.03,1008.37
608,54.63,34.34,33.42,42.03,1008.37
609,54.72,34.32,33.40,42.03,1008.37
610,54.81,34.31,33.39,42.04,1008.36
611,54.90,34.29,33.38,42.05,1008.36
612,54.99,34.29,33.38,42.07,1008.37
613,55.08,34.29,33.38,42.10,1008.36
614,55.17,34.28,33.37,42.08,1008.37
615,55.26,34.27,33.36,42.09,1008.37
616,55.35,34.27,33.36,42.10,1008.36
617,55.44,34.26,33.33,42.10,1008.36
618,55.53,34.26,33.32,42.10,1008.36
619,55.62,34.24,33.31,42.10,1008.37
620,55.71,34.24,33.30,42.09,1008.38
621,55.80,34.21,33.29,42.10,1008.38
622,55.89,34.21,33.28,42.10,1008.38
623,55.98,34.19,33.27,42.09,1008.38
624,56.07,34.19,33.26,42.09,1008.38
625,56.16,34.18,33.26,42.09,1008.38
626,56.25,34.17,33.24,42.08,1008.38
627,56.34,34.16,33.23,42.08,1008.38
628,56.43,34.15,33.22,42.08,1008.38
629,56.52,34.14,33.20,42.08,1008.38
630,56.61,34.14,33.20,42.07,1008.38
631,56.70,34.14,33.19,42.08,1008.38
632,56.79,34.13,33.18,42.08,1008.37
633,56.88,34.12,33.17,42.08,1008.38
634,56.97,34.11,33.17,42.09,1008.38
635,57.06,34.09,33.16,42.08,1008.38
636,57.15,34.09,33.16,42.07,1008.37
637,57.24,34.07,33.15,42.09,1008.37
638,57.33,34.05,33.12,42.08,1008.37
639,57.42,34.05,33.11,42.10,1008.36
640,57.51,34.04,33.10,42.10,1008.36
641,57.60,34.03,33.09,42.09,1008.35
642,57.69,34.02,33.08,42.10,1008.34
643,57.78,34.02,33.07,42.09,1008.34
644,57.87,33.99,33.07,42.10,1008.34
645,57.96,33.98,33.05,42.10,1008.35
646,58.05,33.97,33.04,42.09,1008.34
647,58.14,33.95,33.04,42.10,1008.33
648,58.23,33.93,33.03,42.09,1008.34
649,58.32,33.93,33.02,42.09,1008.33
650,58.41,33.92,33.00,42.08,1008.33
651,58.50,33.92,32.98,42.10,1008.32
652,58.59,33.90,32.97,42.09,1008.31
653,58.68,33.88,32.96,42.08,1008.31
654,58.77,33.87,32.94,42.09,1008.32
655,58.86,33.87,32.94,42.09,1008.32
656,58.95,33.86,32.94,42.09,1008.32
657,59.04,33.85,32.94,42.10,1008.33
658,59.13,33.84,32.93,42.11,1008.32
659,59.22,33.84,32.93,42.11,1008.32
660,59.31,33.83,32.93,42.11,1008.32
661,59.40,33.82,32.92,42.11,1008.32
662,59.49,33.80,32.90,42.12,1008.32
663,59.58,33.80,32.90,42.12,1008.33
664,59.67,33.79,32.87,42.14,1008.32
665,59.76,33.77,32.89,42.14,1008.34
666,59.85,33.77,32.87,42.14,1008.34
667,59.94,33.75,32.86,42.14,1008.35
668,60.03,33.74,32.86,42.13,1008.35
669,60.12,33.73,32.86,42.13,1008.35
670,60.21,33.73,32.85,42.13,1008.35
671,60.30,33.70,32.85,42.13,1008.36
672,60.39,33.70,32.84,42.13,1008.36
673,60.48,33.70,32.83,42.12,1008.36
674,60.57,33.69,32.81,42.13,1008.37
675,60.66,33.68,32.81,42.12,1008.38
676,60.75,33.66,32.82,42.13,1008.38
677,60.84,33.65,32.81,42.13,1008.39
678,60.93,33.64,32.79,42.13,1008.39
679,61.02,33.63,32.79,42.13,1008.40
680,61.11,33.62,32.78,42.12,1008.40
681,61.20,33.61,32.77,42.11,1008.39
682,61.29,33.61,32.76,42.12,1008.39
683,61.38,33.59,32.77,42.13,1008.40
684,61.47,33.59,32.76,42.13,1008.40
685,61.56,33.59,32.77,42.12,1008.40
686,61.65,33.59,32.75,42.12,1008.40
687,61.74,33.59,32.75,42.12,1008.39
688,61.83,33.58,32.74,42.12,1008.40
689,61.92,33.56,32.74,42.12,1008.39
690,62.01,33.56,32.73,42.13,1008.39
691,62.10,33.56,32.72,42.12,1008.39
692,62.19,33.54,32.71,42.11,1008.39
693,62.28,33.52,32.71,42.09,1008.40
694,62.37,33.52,32.70,42.10,1008.40
695,62.46,33.51,32.69,42.09,1008.40
696,62.55,33.51,32.67,42.11,1008.41
697,62.64,33.51,32.67,42.11,1008.41
698,62.73,33.49,32.64,42.12,1008.40
699,62.82,33.48,32.63,42.13,1008.40
700,62.91,33.47,32.61,42.13,1008.40
701,63.00,33.46,32.61,42.12,1008.39
702,63.09,33.46,32.60,42.13,1008.40
703,63.18,33.36,32.60,42.12,1008.39
704,63.27,33.40,32.60,42.10,1008.38
705,63.36,33.40,32.59,42.10,1008.38
706,63.45,33.41,32.59,42.09,1008.37
707,63.54,33.41,32.57,42.09,1008.37
708,63.63,33.40,32.55,42.10,1008.35
709,63.72,33.38,32.54,42.10,1008.35
710,63.81,33.38,32.52,42.12,1008.35
711,63.90,33.37,32.51,42.12,1008.34
712,63.99,33.36,32.52,42.11,1008.34
713,64.08,33.36,32.51,42.11,1008.34
714,64.17,33.35,32.49,42.10,1008.34
715,64.26,33.34,32.47,42.10,1008.33
716,64.35,33.34,32.46,42.10,1008.33
717,64.44,33.33,32.46,42.10,1008.32
718,64.53,33.32,32.47,42.10,1008.32
719,64.62,33.30,32.45,42.10,1008.31
720,64.71,33.29,32.43,42.09,1008.32
721,64.80,33.28,32.43,42.11,1008.32
722,64.89,33.27,32.42,42.11,1008.32
723,64.98,33.25,32.39,42.12,1008.33
724,65.07,33.24,32.38,42.12,1008.33
725,65.16,33.24,32.36,42.12,1008.33
726,65.25,33.24,32.37,42.12,1008.33
727,65.34,33.23,32.36,42.11,1008.34
728,65.43,33.21,32.35,42.09,1008.34
729,65.52,33.20,32.37,42.10,1008.35
730,65.61,33.19,32.36,42.09,1008.36
731,65.70,33.19,32.35,42.09,1008.36
732,65.79,33.26,32.32,42.09,1008.37
733,65.88,33.20,32.32,42.10,1008.36
734,65.97,33.16,32.31,42.10,1008.36
735,66.06,33.15,32.31,42.10,1008.37
736,66.15,33.14,32.30,42.10,1008.37
737,66.24,33.12,32.29,42.11,1008.38
738,66.33,33.11,32.29,42.10,1008.39
739,66.42,33.12,32.28,42.10,1008.40
740,66.51,33.11,32.28,42.11,1008.40
741,66.60,33.09,32.27,42.11,1008.40
742,66.69,33.08,32.27,42.12,1008.40
743,66.78,33.08,32.27,42.13,1008.40
744,66.87,33.07,32.26,42.12,1008.40
745,66.96,33.06,32.25,42.13,1008.40
746,67.05,33.05,32.25,42.13,1008.40
747,67.14,33.05,32.25,42.12,1008.40
748,67.23,33.04,32.25,42.13,1008.40
749,67.32,33.03,32.23,42.13,1008.40
750,67.41,33.02,32.23,42.14,1008.40
751,67.50,33.01,32.23,42.14,1008.41
752,67.59,33.01,32.23,42.12,1008.40
753,67.68,32.99,32.22,42.12,1008.40
754,67.77,32.99,32.22,42.13,1008.40
755,67.86,32.98,32.21,42.13,1008.40
756,67.95,32.98,32.21,42.14,1008.40
757,68.04,32.97,32.20,42.15,1008.41
758,68.13,32.97,32.19,42.15,1008.41
759,68.22,32.96,32.18,42.15,1008.41
760,68.31,32.95,32.17,42.15,1008.40
761,68.40,32.94,32.17,42.15,1008.40
762,68.49,32.92,32.16,42.16,1008.39
763,68.58,32.90,32.15,42.15,1008.39
764,68.67,32.89,32.16,42.15,1008.38
765,68.76,32.88,32.15,42.15,1008.38
766,68.85,32.88,32.14,42.15,1008.37
767,68.94,32.87,32.13,42.14,1008.37
768,69.03,32.85,32.11,42.15,1008.37
769,69.12,32.85,32.10,42.16,1008.36
770,69.21,32.84,32.10,42.16,1008.35
771,69.30,32.84,32.09,42.15,1008.36
772,69.39,32.83,32.08,42.14,1008.35
773,69.48,32.82,32.09,42.13,1008.34
774,69.57,32.82,32.09,42.14,1008.34
775,69.66,32.81,32.08,42.14,1008.34
776,69.75,32.81,32.07,42.16,1008.34
777,69.84,32.81,32.07,42.16,1008.34
778,69.93,32.80,32.06,42.17,1008.34
779,70.02,32.79,32.06,42.18,1008.34
780,70.11,32.79,32.05,42.18,1008.34
781,70.20,32.79,32.03,42.17,1008.34
782,70.29,32.77,32.03,42.17,1008.34
783,70.38,32.77,32.03,42.16,1008.34
784,70.47,32.75,32.01,42.17,1008.34
785,70.56,32.76,31.99,42.15,1008.35
786,70.65,32.75,31.99,42.16,1008.35
787,70.74,32.74,31.98,42.15,1008.34
788,70.83,32.74,31.97,42.15,1008.35
789,70.92,32.73,31.95,42.15,1008.35
790,71.01,32.73,31.95,42.15,1008.34
791,71.10,32.72,31.93,42.14,1008.34
792,71.19,32.73,31.93,42.14,1008.34
793,71.28,32.72,31.92,42.16,1008.35
794,71.37,32.71,31.92,42.15,1008.36
795,71.46,32.69,31.92,42.16,1008.36
796,71.55,32.69,31.91,42.14,1008.38
797,71.64,32.69,31.91,42.14,1008.39
798,71.73,32.68,31.89,42.13,1008.38
799,71.82,32.67,31.88,42.13,1008.38
800,71.91,32.66,31.86,42.14,1008.38
801,72.00,32.65,31.87,42.13,1008.37
802,72.09,32.64,31.86,42.14,1008.38
803,72.18,32.64,31.86,42.13,1008.39
804,72.27,32.64,31.85,42.13,1008.38
805,72.36,32.64,31.84,42.14,1008.39
806,72.45,32.63,31.84,42.15,1008.40
807,72.54,32.62,31.83,42.15,1008.40
808,72.63,32.61,31.83,42.15,1008.41
809,72.72,32.60,31.80,42.17,1008.41
810,72.81,32.60,31.79,42.16,1008.41
811,72.90,32.59,31.79,42.17,1008.41
812,72.99,32.58,31.78,42.17,1008.40
813,73.08,32.58,31.78,42.16,1008.40
814,73.17,32.56,31.77,42.16,1008.40
815,73.26,32.55,31.77,42.16,1008.40
816,73.35,32.55,31.76,42.15,1008.41
817,73.44,32.53,31.76,42.16,1008.41
818,73.53,32.52,31.74,42.16,1008.40
819,73.62,32.52,31.73,42.18,1008.40
820,73.71,32.51,31.73,42.17,1008.40
821,73.80,32.50,31.71,42.18,1008.40
822,73.89,32.50,31.70,42.17,1008.39
823,73.98,32.50,31.69,42.18,1008.39
824,74.07,32.48,31.68,42.18,1008.39
825,74.16,32.48,31.69,42.18,1008.38
826,74.25,32.47,31.69,42.19,1008.37
827,74.34,32.46,31.67,42.19,1008.37
828,74.43,32.46,31.65,42.19,1008.37
829,74.52,32.45,31.65,42.18,1008.37
830,74.61,32.44,31.64,42.18,1008.37
831,74.70,32.44,31.64,42.17,1008.38
832,74.79,32.43,31.63,42.17,1008.37
833,74.88,32.41,31.63,42.19,1008.36
834,74.97,32.38,31.62,42.19,1008.36
835,75.06,32.38,31.60,42.18,1008.36
836,75.15,32.37,31.59,42.18,1008.35
837,75.24,32.36,31.59,42.20,1008.35
838,75.33,32.35,31.58,42.19,1008.34
839,75.42,32.33,31.57,42.19,1008.34
840,75.51,32.33,31.56,42.17,1008.34
841,75.60,32.33,31.55,42.17,1008.34
842,75.69,32.33,31.56,42.17,1008.34
843,75.78,32.33,31.55,42.18,1008.34
844,75.87,32.33,31.54,42.17,1008.34
845,75.96,32.31,31.55,42.16,1008.34
846,76.05,32.29,31.54,42.17,1008.34
847,76.14,32.28,31.53,42.16,1008.35
848,76.23,32.28,31.53,42.15,1008.35
849,76.32,32.28,31.53,42.17,1008.34
850,76.41,32.28,31.53,42.17,1008.35
851,76.50,32.27,31.53,42.15,1008.35
852,76.59,32.26,31.51,42.14,1008.35
853,76.68,32.26,31.51,42.14,1008.37
854,76.77,32.25,31.52,42.13,1008.37
855,76.86,32.24,31.52,42.13,1008.37
856,76.95,32.23,31.51,42.13,1008.37
857,77.04,32.23,31.50,42.13,1008.37
858,77.13,32.22,31.49,42.13,1008.37
859,77.22,32.20,31.49,42.12,1008.37
860,77.31,32.20,31.47,42.13,1008.37
861,77.40,32.19,31.47,42.11,1008.38
862,77.49,32.19,31.46,42.12,1008.39
863,77.58,32.18,31.46,42.12,1008.39
864,77.67,32.17,31.46,42.12,1008.39
865,77.76,32.15,31.45,42.13,1008.39
866,77.85,32.15,31.44,42.14,1008.39
867,77.94,32.14,31.44,42.15,1008.39
868,78.03,32.14,31.43,42.14,1008.40
869,78.12,32.13,31.42,42.13,1008.40
870,78.21,32.14,31.42,42.12,1008.39
871,78.30,32.13,31.42,42.11,1008.39
872,78.39,32.13,31.41,42.10,1008.39
873,78.48,32.12,31.40,42.10,1008.39
874,78.57,32.11,31.39,42.09,1008.39
875,78.66,32.10,31.38,42.10,1008.39
876,78.75,32.09,31.37,42.10,1008.38
877,78.84,32.10,31.37,42.09,1008.38
878,78.93,32.08,31.36,42.09,1008.38
879,79.02,32.07,31.36,42.08,1008.38
880,79.11,32.07,31.36,42.08,1008.38
881,79.20,32.06,31.35,42.09,1008.38
882,79.29,32.05,31.34,42.11,1008.39
883,79.38,32.05,31.32,42.11,1008.39
884,79.47,32.06,31.31,42.10,1008.39
885,79.56,32.05,31.29,42.10,1008.39
886,79.65,32.04,31.29,42.10,1008.38
887,79.74,32.03,31.29,42.10,1008.37
888,79.83,32.02,31.28,42.10,1008.38
889,79.92,32.03,31.28,42.10,1008.37
890,80.01,32.02,31.27,42.10,1008.36
891,80.10,32.02,31.28,42.10,1008.36
892,80.19,32.00,31.27,42.12,1008.36
893,80.28,32.00,31.28,42.11,1008.36
894,80.37,32.00,31.26,42.12,1008.36
895,80.46,31.98,31.26,42.14,1008.36
896,80.55,31.98,31.26,42.14,1008.36
897,80.64,31.98,31.25,42.14,1008.36
898,80.73,31.99,31.24,42.15,1008.36
899,80.82,31.97,31.23,42.15,1008.35
900,80.91,31.96,31.23,42.16,1008.36
901,81.00,31.95,31.21,42.16,1008.35
902,81.09,31.95,31.21,42.16,1008.35
903,81.18,31.94,31.19,42.15,1008.36
904,81.27,31.94,31.19,42.17,1008.36
905,81.36,31.94,31.18,42.16,1008.36
906,81.45,31.93,31.18,42.15,1008.36
907,81.54,31.92,31.17,42.14,1008.36
908,81.63,31.90,31.16,42.15,1008.36
909,81.72,31.89,31.16,42.14,1008.35
910,81.81,31.88,31.14,42.14,1008.35
911,81.90,31.88,31.14,42.14,1008.34
912,81.99,31.85,31.14,42.14,1008.35
913,82.08,31.84,31.14,42.15,1008.35
914,82.17,31.84,31.14,42.15,1008.36
915,82.26,31.84,31.13,42.15,1008.36
916,82.35,31.82,31.13,42.15,1008.36
917,82.44,31.82,31.13,42.15,1008.37
918,82.53,31.82,31.13,42.15,1008.37
919,82.62,31.81,31.12,42.14,1008.37
920,82.71,31.81,31.11,42.14,1008.38
921,82.80,31.79,31.11,42.14,1008.39
922,82.89,31.78,31.10,42.14,1008.38
923,82.98,31.77,31.08,42.15,1008.38
924,83.07,31.77,31.08,42.16,1008.38
925,83.16,31.76,31.07,42.15,1008.39
926,83.25,31.75,31.05,42.16,1008.39
927,83.34,31.74,31.05,42.15,1008.38
928,83.43,31.73,31.05,42.16,1008.38
929,83.52,31.73,31.04,42.16,1008.38
930,83.61,31.72,31.04,42.15,1008.38
931,83.70,31.72,31.04,42.14,1008.38
932,83.79,31.71,31.03,42.14,1008.38
933,83.88,31.70,31.03,42.14,1008.38
934,83.97,31.70,31.02,42.14,1008.38
935,84.06,31.69,31.02,42.15,1008.38
936,84.15,31.67,31.01,42.16,1008.38
937,84.24,31.66,31.01,42.16,1008.39
938,84.33,31.66,31.01,42.17,1008.39
939,84.42,31.66,31.00,42.19,1008.39
940,84.51,31.66,30.99,42.18,1008.39
941,84.60,31.65,30.98,42.18,1008.39
942,84.69,31.64,30.97,42.19,1008.39
943,84.78,31.65,30.98,42.20,1008.39
944,84.87,31.64,30.97,42.19,1008.40
945,84.96,31.64,30.97,42.20,1008.40
946,85.05,31.63,30.98,42.20,1008.40
947,85.14,31.63,30.97,42.18,1008.40
948,85.23,31.63,30.95,42.16,1008.39
949,85.32,31.63,30.95,42.17,1008.39
950,85.41,31.62,30.94,42.17,1008.40
951,85.50,31.63,30.94,42.17,1008.39
952,85.59,31.62,30.94,42.16,1008.39
953,85.68,31.62,30.95,42.16,1008.38
954,85.77,31.61,30.93,42.15,1008.38
955,85.86,31.61,30.92,42.16,1008.38
956,85.95,31.60,30.91,42.17,1008.38
957,86.04,31.60,30.90,42.18,1008.38
958,86.13,31.59,30.90,42.19,1008.37
959,86.22,31.58,30.88,42.19,1008.37
960,86.31,31.57,30.88,42.20,1008.37
961,86.40,31.57,30.87,42.20,1008.37
962,86.49,31.56,30.87,42.20,1008.37
963,86.58,31.55,30.87,42.22,1008.37
964,86.67,31.55,30.87,42.21,1008.37
965,86.76,31.55,30.86,42.23,1008.36
966,86.85,31.56,30.87,42.22,1008.36
967,86.94,31.56,30.87,42.21,1008.36
968,87.03,31.55,30.86,42.21,1008.36
969,87.12,31.55,30.86,42.21,1008.36
970,87.21,31.54,30.84,42.22,1008.36
971,87.30,31.54,30.83,42.20,1008.37
972,87.39,31.53,30.85,42.19,1008.37
973,87.48,31.52,30.84,42.19,1008.37
974,87.57,31.51,30.82,42.20,1008.37
975,87.66,31.50,30.82,42.20,1008.37
976,87.75,31.49,30.80,42.18,1008.36
977,87.84,31.49,30.80,42.18,1008.36
978,87.93,31.49,30.79,42.20,1008.36
979,88.02,31.48,30.78,42.19,1008.36
980,88.11,31.47,30.77,42.20,1008.37
981,88.20,31.46,30.77,42.22,1008.37
982,88.29,31.46,30.76,42.21,1008.36
983,88.38,31.46,30.77,42.19,1008.36
984,88.47,31.45,30.77,42.18,1008.36
985,88.56,31.44,30.76,42.18,1008.36
986,88.65,31.43,30.75,42.16,1008.36
987,88.74,31.43,30.74,42.16,1008.35
988,88.83,31.42,30.74,42.16,1008.35
989,88.92,31.41,30.74,42.14,1008.34
990,89.01,31.40,30.72,42.14,1008.36
991,89.10,31.39,30.71,42.14,1008.35
992,89.19,31.39,30.71,42.14,1008.35
993,89.28,31.38,30.72,42.12,1008.35
994,89.37,31.37,30.72,42.13,1008.35
995,89.46,31.37,30.71,42.13,1008.37
996,89.55,31.37,30.71,42.14,1008.37
997,89.64,31.36,30.70,42.13,1008.37
998,89.73,31.35,30.69,42.13,1008.36
999,89.82,31.35,30.70,42.12,1008.36
1000,89.91,31.34,30.68,42.12,1008.35
1001,90.00,31.33,30.68,42.11,1008.36
1002,90.09,31.32,30.67,42.12,1008.35
1003,90.18,31.32,30.66,42.13,1008.35
1004,90.27,31.32,30.65,42.12,1008.35
1005,90.36,31.30,30.64,42.13,1008.35
1006,90.45,31.31,30.65,42.15,1008.34
1007,90.54,31.30,30.64,42.15,1008.35
1008,90.63,31.29,30.63,42.14,1008.35
1009,90.72,31.30,30.62,42.15,1008.36
1010,90.81,31.30,30.60,42.14,1008.36
1011,90.90,31.29,30.60,42.16,1008.36
1012,90.99,31.28,30.60,42.18,1008.36
1013,91.08,31.27,30.59,42.20,1008.36
1014,91.17,31.27,30.60,42.20,1008.36
1015,91.26,31.27,30.60,42.22,1008.36
1016,91.35,31.26,30.59,42.24,1008.36
1017,91.44,31.25,30.59,42.24,1008.36
1018,91.53,31.25,30.59,42.25,1008.36
1019,91.62,31.24,30.58,42.24,1008.37
1020,91.71,31.24,30.58,42.25,1008.37
1021,91.80,31.24,30.57,42.25,1008.38
1022,91.89,31.22,30.57,42.24,1008.38
1023,91.98,31.23,30.57,42.25,1008.38
1024,92.07,31.23,30.56,42.25,1008.38
1025,92.16,31.22,30.56,42.27,1008.38
1026,92.25,31.22,30.56,42.27,1008.38
1027,92.34,31.22,30.55,42.27,1008.39
1028,92.43,31.21,30.54,42.26,1008.38
1029,92.52,31.20,30.54,42.27,1008.38
1030,92.61,31.20,30.53,42.26,1008.38
1031,92.70,31.19,30.53,42.25,1008.39
1032,92.79,31.18,30.52,42.25,1008.38
1033,92.88,31.18,30.52,42.25,1008.38
1034,92.97,31.17,30.51,42.26,1008.39
1035,93.06,31.17,30.51,42.27,1008.39
1036,93.15,31.16,30.52,42.27,1008.39
1037,93.24,31.15,30.50,42.28,1008.39
1038,93.33,31.14,30.50,42.28,1008.38
1039,93.42,31.13,30.49,42.27,1008.38
1040,93.51,31.13,30.49,42.28,1008.38
1041,93.60,31.13,30.49,42.26,1008.38
1042,93.69,31.13,30.48,42.25,1008.38
1043,93.78,31.14,30.48,42.25,1008.37
1044,93.87,31.14,30.47,42.26,1008.38
1045,93.96,31.14,30.46,42.26,1008.38
1046,94.05,31.13,30.46,42.27,1008.37
1047,94.14,31.12,30.48,42.30,1008.37
1048,94.23,31.12,30.47,42.30,1008.37
1049,94.32,31.11,30.47,42.31,1008.36
1050,94.41,31.10,30.47,42.33,1008.36
1051,94.50,31.10,30.47,42.32,1008.35
1052,94.59,31.09,30.45,42.34,1008.35
1053,94.68,31.09,30.45,42.34,1008.35
1054,94.77,31.10,30.44,42.34,1008.35
1055,94.86,31.09,30.43,42.33,1008.35
1056,94.95,31.09,30.41,42.33,1008.34
1057,95.04,31.09,30.41,42.33,1008.33
1058,95.13,31.07,30.40,42.32,1008.33
1059,95.22,31.06,30.41,42.34,1008.32
1060,95.31,31.06,30.41,42.36,1008.32
1061,95.40,31.04,30.42,42.34,1008.32
1062,95.49,31.04,30.41,42.35,1008.32
1063,95.58,31.03,30.40,42.34,1008.32
1064,95.67,31.03,30.39,42.34,1008.31
1065,95.76,31.03,30.39,42.34,1008.31
1066,95.85,31.02,30.39,42.34,1008.31
1067,95.94,31.02,30.38,42.34,1008.31
1068,96.03,31.02,30.37,42.34,1008.31
1069,96.12,31.03,30.37,42.34,1008.32
1070,96.21,31.02,30.37,42.34,1008.32
1071,96.30,31.02,30.37,42.34,1008.32
1072,96.39,31.01,30.37,42.33,1008.32
1073,96.48,31.00,30.36,42.33,1008.33
1074,96.57,31.01,30.35,42.32,1008.33
1075,96.66,31.00,30.34,42.33,1008.33
1076,96.75,30.99,30.33,42.33,1008.34
1077,96.84,30.98,30.33,42.33,1008.35
1078,96.93,30.97,30.32,42.33,1008.35
1079,97.02,30.95,30.32,42.34,1008.35
1080,97.11,30.95,30.31,42.34,1008.35
1081,97.20,30.95,30.29,42.34,1008.35
1082,97.29,30.94,30.28,42.34,1008.35
1083,97.38,30.93,30.26,42.33,1008.35
1084,97.47,30.93,30.26,42.32,1008.36
1085,97.56,30.93,30.24,42.33,1008.37
1086,97.65,30.93,30.23,42.33,1008.38
1087,97.74,30.93,30.23,42.34,1008.39
1088,97.83,30.92,30.22,42.34,1008.40
1089,97.92,30.92,30.22,42.34,1008.40
1090,98.01,30.91,30.24,42.33,1008.41
1091,98.10,30.91,30.22,42.32,1008.42
1092,98.19,30.91,30.22,42.32,1008.41
1093,98.28,30.90,30.22,42.32,1008.41
1094,98.37,30.90,30.23,42.31,1008.40
1095,98.46,30.89,30.23,42.31,1008.40
1096,98.55,30.88,30.21,42.31,1008.40
1097,98.64,30.88,30.21,42.30,1008.40
1098,98.73,30.88,30.21,42.30,1008.40
1099,98.82,30.87,30.21,42.32,1008.40
1100,98.91,30.86,30.20,42.31,1008.40
1101,99.00,30.86,30.21,42.30,1008.40
1102,99.09,30.87,30.22,42.30,1008.39
1103,99.18,30.85,30.22,42.29,1008.39
1104,99.27,30.85,30.20,42.29,1008.39
1105,99.36,30.84,30.19,42.29,1008.38
1106,99.45,30.88,30.19,42.28,1008.38
1107,99.54,30.84,30.18,42.28,1008.38
1108,99.63,30.81,30.18,42.28,1008.37
1109,99.72,30.81,30.18,42.28,1008.37
1110,99.81,30.80,30.19,42.28,1008.37
1111,99.90,30.79,30.18,42.28,1008.36
1112,99.99,30.79,30.18,42.28,1008.36
1113,100.08,30.78,30.18,42.26,1008.34
1114,100.17,30.78,30.18,42.26,1008.35
1115,100.26,30.77,30.16,42.26,1008.35
1116,100.35,30.77,30.15,42.27,1008.35
1117,100.44,30.77,30.14,42.27,1008.35
1118,100.53,30.78,30.13,42.26,1008.35
1119,100.62,30.77,30.14,42.27,1008.35
1120,100.71,30.77,30.13,42.27,1008.35
1121,100.80,30.76,30.12,42.27,1008.34
1122,100.89,30.76,30.10,42.26,1008.35
1123,100.98,30.74,30.10,42.27,1008.35
1124,101.07,30.73,30.08,42.27,1008.33
1125,101.16,30.71,30.07,42.28,1008.33
1126,101.25,30.71,30.08,42.28,1008.33
1127,101.34,30.71,30.06,42.28,1008.33
1128,101.43,30.70,30.06,42.29,1008.34
1129,101.52,30.68,30.07,42.29,1008.33
1130,101.61,30.68,30.08,42.29,1008.33
1131,101.70,30.67,30.09,42.31,1008.32
1132,101.79,30.67,30.09,42.30,1008.32
1133,101.88,30.67,30.09,42.30,1008.32
1134,101.97,30.66,30.08,42.29,1008.32
1135,102.06,30.65,30.08,42.28,1008.33
1136,102.15,30.65,30.08,42.29,1008.33
1137,102.24,30.65,30.08,42.30,1008.34
1138,102.33,30.66,30.08,42.30,1008.34
1139,102.42,30.66,30.07,42.31,1008.34
1140,102.51,30.65,30.08,42.31,1008.35
1141,102.60,30.64,30.08,42.31,1008.35
1142,102.69,30.64,30.08,42.33,1008.35
1143,102.78,30.64,30.07,42.32,1008.35
1144,102.87,30.63,30.07,42.31,1008.36
1145,102.96,30.62,30.06,42.31,1008.37
1146,103.05,30.61,30.06,42.32,1008.37
1147,103.14,30.61,30.05,42.32,1008.37
1148,103.23,30.59,30.06,42.33,1008.37
1149,103.32,30.60,30.05,42.33,1008.37
1150,103.41,30.61,30.05,42.33,1008.37
1151,103.50,30.60,30.04,42.33,1008.38
1152,103.59,30.60,30.03,42.33,1008.38
1153,103.68,30.60,30.03,42.34,1008.38
1154,103.77,30.60,30.02,42.35,1008.39
1155,103.86,30.60,30.01,42.34,1008.40
1156,103.95,30.60,30.01,42.33,1008.40
1157,104.04,30.61,29.99,42.32,1008.41
1158,104.13,30.60,29.99,42.31,1008.41
1159,104.22,30.58,30.00,42.31,1008.41
1160,104.31,30.59,30.00,42.32,1008.41
1161,104.40,30.58,29.99,42.32,1008.41
1162,104.49,30.58,29.99,42.31,1008.41
1163,104.58,30.58,29.98,42.31,1008.41
1164,104.67,30.58,29.98,42.30,1008.41
1165,104.76,30.57,29.98,42.29,1008.41
1166,104.85,30.57,29.98,42.29,1008.39
1167,104.94,30.56,29.98,42.31,1008.38
1168,105.03,30.56,29.99,42.30,1008.38
1169,105.12,30.57,29.97,42.30,1008.38
1170,105.21,30.56,29.96,42.29,1008.37
1171,105.30,30.55,29.94,42.28,1008.38
1172,105.39,30.56,29.94,42.29,1008.37
1173,105.48,30.56,29.93,42.30,1008.37
1174,105.57,30.54,29.91,42.28,1008.36
1175,105.66,30.54,29.91,42.29,1008.36
1176,105.75,30.53,29.91,42.29,1008.36
1177,105.84,30.53,29.91,42.29,1008.35
1178,105.93,30.54,29.89,42.28,1008.34
1179,106.02,30.53,29.90,42.30,1008.35
1180,106.11,30.53,29.90,42.30,1008.35
1181,106.20,30.53,29.90,42.31,1008.35
1182,106.29,30.53,29.88,42.30,1008.34
1183,106.38,30.52,29.88,42.31,1008.34
1184,106.47,30.51,29.89,42.31,1008.32
1185,106.56,30.50,29.89,42.32,1008.33
1186,106.65,30.51,29.90,42.32,1008.32
1187,106.74,30.50,29.90,42.32,1008.32
1188,106.83,30.49,29.89,42.32,1008.32
1189,106.92,30.49,29.88,42.33,1008.33
1190,107.01,30.49,29.88,42.31,1008.32
1191,107.10,30.48,29.88,42.31,1008.32
1192,107.19,30.46,29.87,42.30,1008.32
1193,107.28,30.46,29.86,42.30,1008.33
1194,107.37,30.46,29.85,42.29,1008.33
1195,107.46,30.45,29.85,42.31,1008.34
1196,107.55,30.44,29.86,42.32,1008.34
1197,107.64,30.44,29.85,42.31,1008.34
1198,107.73,30.44,29.84,42.30,1008.35
1199,107.82,30.43,29.85,42.30,1008.35
1200,107.91,30.43,29.85,42.29,1008.36
1201,108.00,30.43,29.85,42.29,1008.37
1202,108.09,30.43,29.85,42.28,1008.37
1203,108.18,30.42,29.84,42.29,1008.38
1204,108.27,30.41,29.85,42.30,1008.38
1205,108.36,30.41,29.86,42.29,1008.38
1206,108.45,30.42,29.86,42.29,1008.37
1207,108.54,30.41,29.85,42.29,1008.38
1208,108.63,30.41,29.85,42.30,1008.38
1209,108.72,30.41,29.84,42.32,1008.39
1210,108.81,30.41,29.83,42.32,1008.38
1211,108.90,30.41,29.83,42.33,1008.38
1212,108.99,30.41,29.83,42.32,1008.38
1213,109.08,30.41,29.82,42.34,1008.38
1214,109.17,30.40,29.81,42.33,1008.38
1215,109.26,30.40,29.81,42.33,1008.38
1216,109.35,30.39,29.79,42.32,1008.38
1217,109.44,30.39,29.80,42.33,1008.39
1218,109.53,30.39,29.79,42.33,1008.39
1219,109.62,30.39,29.78,42.35,1008.39
1220,109.71,30.38,29.78,42.35,1008.39
1221,109.80,30.38,29.78,42.35,1008.38
1222,109.89,30.37,29.78,42.36,1008.38
1223,109.98,30.37,29.76,42.37,1008.37
1224,110.07,30.37,29.76,42.38,1008.38
1225,110.16,30.39,29.75,42.37,1008.38
1226,110.25,30.39,29.76,42.37,1008.38
1227,110.34,30.39,29.76,42.37,1008.37
1228,110.43,30.38,29.76,42.38,1008.37
1229,110.52,30.38,29.76,42.38,1008.37
1230,110.61,30.38,29.76,42.38,1008.37
1231,110.70,30.38,29.75,42.40,1008.38
1232,110.79,30.37,29.76,42.41,1008.37
1233,110.88,30.37,29.75,42.41,1008.36
1234,110.97,30.36,29.73,42.40,1008.37
1235,111.06,30.35,29.72,42.39,1008.37
1236,111.15,30.35,29.72,42.38,1008.37
1237,111.24,30.34,29.72,42.38,1008.37
1238,111.33,30.34,29.70,42.39,1008.36
1239,111.42,30.33,29.69,42.39,1008.36
1240,111.51,30.32,29.69,42.40,1008.36
1241,111.60,30.31,29.71,42.40,1008.35
1242,111.69,30.30,29.69,42.40,1008.36
1243,111.78,30.30,29.68,42.40,1008.36
1244,111.87,30.30,29.67,42.39,1008.36
1245,111.96,30.29,29.67,42.39,1008.35
1246,112.05,30.29,29.67,42.39,1008.35
1247,112.14,30.28,29.68,42.39,1008.36
1248,112.23,30.27,29.69,42.39,1008.36
1249,112.32,30.26,29.69,42.38,1008.37
1250,112.41,30.25,29.69,42.38,1008.36
1251,112.50,30.24,29.68,42.37,1008.36
1252,112.59,30.23,29.67,42.37,1008.36
1253,112.68,30.22,29.66,42.38,1008.36
1254,112.77,30.22,29.65,42.39,1008.36
1255,112.86,30.21,29.65,42.40,1008.36
1256,112.95,30.21,29.64,42.41,1008.36
1257,113.04,30.20,29.64,42.41,1008.37
1258,113.13,30.19,29.64,42.42,1008.37
1259,113.22,30.18,29.64,42.42,1008.36
1260,113.31,30.19,29.64,42.42,1008.36
1261,113.40,30.20,29.65,42.42,1008.36
1262,113.49,30.20,29.65,42.42,1008.37
1263,113.58,30.20,29.64,42.41,1008.37
1264,113.67,30.19,29.63,42.42,1008.37
1265,113.76,30.19,29.64,42.43,1008.37
1266,113.85,30.19,29.63,42.42,1008.38
1267,113.94,30.19,29.63,42.40,1008.38
1268,114.03,30.19,29.62,42.40,1008.38
1269,114.12,30.18,29.61,42.42,1008.37
1270,114.21,30.18,29.59,42.40,1008.37
1271,114.30,30.17,29.58,42.40,1008.37
1272,114.39,30.16,29.58,42.40,1008.37
1273,114.48,30.16,29.58,42.41,1008.37
1274,114.57,30.15,29.58,42.42,1008.37
1275,114.66,30.15,29.57,42.42,1008.37
1276,114.75,30.14,29.58,42.41,1008.38
1277,114.84,30.14,29.56,42.39,1008.37
1278,114.93,30.14,29.56,42.39,1008.37
1279,115.02,30.13,29.55,42.40,1008.36
1280,115.11,30.12,29.54,42.38,1008.36
1281,115.20,30.12,29.54,42.40,1008.36
1282,115.29,30.12,29.54,42.39,1008.35
1283,115.38,30.11,29.54,42.39,1008.35
1284,115.47,30.10,29.54,42.37,1008.36
1285,115.56,30.11,29.53,42.38,1008.36
1286,115.65,30.10,29.53,42.38,1008.35
1287,115.74,30.09,29.53,42.38,1008.35
1288,115.83,30.09,29.53,42.39,1008.36
1289,115.92,30.09,29.53,42.38,1008.37
1290,116.01,30.07,29.52,42.40,1008.37
1291,116.10,30.07,29.52,42.40,1008.36
1292,116.19,30.06,29.51,42.40,1008.35
1293,116.28,30.06,29.51,42.39,1008.36
1294,116.37,30.05,29.50,42.39,1008.36
1295,116.46,30.05,29.51,42.38,1008.36
1296,116.55,30.04,29.52,42.38,1008.36
1297,116.64,30.04,29.52,42.38,1008.36
1298,116.73,30.03,29.52,42.37,1008.35
1299,116.82,30.03,29.52,42.38,1008.35
1300,116.91,30.04,29.51,42.38,1008.35
1301,117.00,30.03,29.51,42.39,1008.35
1302,117.09,30.02,29.51,42.40,1008.36
1303,117.18,30.02,29.51,42.39,1008.35
1304,117.27,30.02,29.51,42.39,1008.36
1305,117.36,30.02,29.51,42.39,1008.36
1306,117.45,30.03,29.52,42.39,1008.36
1307,117.54,30.01,29.51,42.40,1008.36
1308,117.63,30.01,29.51,42.38,1008.36
1309,117.72,30.01,29.51,42.39,1008.36
1310,117.81,30.01,29.51,42.38,1008.37
1311,117.90,30.01,29.49,42.38,1008.38
1312,117.99,30.00,29.49,42.38,1008.38
1313,118.08,30.00,29.50,42.38,1008.39
1314,118.17,30.00,29.50,42.39,1008.39
1315,118.26,30.00,29.50,42.38,1008.39
1316,118.35,29.99,29.50,42.37,1008.39
1317,118.44,29.99,29.48,42.38,1008.39
1318,118.53,29.99,29.48,42.37,1008.39
1319,118.62,29.99,29.47,42.37,1008.39
1320,118.71,29.97,29.47,42.37,1008.39
1321,118.80,29.97,29.46,42.37,1008.38
1322,118.89,29.98,29.47,42.36,1008.37
1323,118.98,29.98,29.47,42.36,1008.38
1324,119.07,29.97,29.47,42.36,1008.38
1325,119.16,29.97,29.47,42.35,1008.38
1326,119.25,29.98,29.46,42.34,1008.38
1327,119.34,29.99,29.46,42.33,1008.38
1328,119.43,29.98,29.47,42.33,1008.37
1329,119.52,29.98,29.46,42.32,1008.37
1330,119.61,29.98,29.45,42.33,1008.37
1331,119.70,29.97,29.45,42.35,1008.37
1332,119.79,29.96,29.44,42.34,1008.36
1333,119.88,29.96,29.43,42.34,1008.35
1334,119.97,29.96,29.42,42.32,1008.36
1335,120.06,29.96,29.43,42.32,1008.36
1336,120.15,29.94,29.43,42.31,1008.35
1337,120.24,29.94,29.41,42.31,1008.35
1338,120.33,29.94,29.41,42.30,1008.34
1339,120.42,29.94,29.41,42.30,1008.35
1340,120.51,29.94,29.41,42.30,1008.36
1341,120.60,29.95,29.41,42.30,1008.37
1342,120.69,29.94,29.40,42.31,1008.36
1343,120.78,29.94,29.38,42.30,1008.35
1344,120.87,29.93,29.37,42.30,1008.36
1345,120.96,29.93,29.37,42.30,1008.36
1346,121.05,29.93,29.38,42.31,1008.36
1347,121.14,29.93,29.38,42.32,1008.36
1348,121.23,29.94,29.37,42.32,1008.35
1349,121.32,29.94,29.37,42.32,1008.36
1350,121.41,29.93,29.37,42.33,1008.35
1351,121.50,29.93,29.36,42.32,1008.34
1352,121.59,29.94,29.36,42.32,1008.34
1353,121.68,29.93,29.35,42.32,1008.34
1354,121.77,29.93,29.35,42.32,1008.34
1355,121.86,29.92,29.36,42.31,1008.35
1356,121.95,29.91,29.35,42.31,1008.34
1357,122.04,29.90,29.34,42.33,1008.33
1358,122.13,29.89,29.33,42.32,1008.33
1359,122.22,29.90,29.32,42.32,1008.34
1360,122.31,29.91,29.31,42.31,1008.33
1361,122.40,29.91,29.32,42.30,1008.34
1362,122.49,29.90,29.32,42.31,1008.34
1363,122.58,29.91,29.31,42.31,1008.34
1364,122.67,29.91,29.32,42.30,1008.34
1365,122.76,29.90,29.30,42.30,1008.35
1366,122.85,29.90,29.30,42.30,1008.36
1367,122.94,29.89,29.29,42.31,1008.36
1368,123.03,29.88,29.29,42.31,1008.36
1369,123.12,29.88,29.29,42.31,1008.36
1370,123.21,29.88,29.29,42.32,1008.36
1371,123.30,29.88,29.28,42.18,1008.36
1372,123.39,29.87,29.28,42.34,1008.36
1373,123.48,29.87,29.28,42.35,1008.37
1374,123.57,29.86,29.28,42.34,1008.37
1375,123.66,29.85,29.29,42.35,1008.36
1376,123.75,29.85,29.30,42.36,1008.37
1377,123.84,29.85,29.29,42.39,1008.37
1378,123.93,29.84,29.30,42.39,1008.37
1379,124.02,29.83,29.29,42.41,1008.37
1380,124.11,29.83,29.29,42.40,1008.37
1381,124.20,29.84,29.28,42.40,1008.37
1382,124.29,29.82,29.28,42.40,1008.38
1383,124.38,29.81,29.29,42.40,1008.38
1384,124.47,29.81,29.29,42.40,1008.37
1385,124.56,29.80,29.28,42.40,1008.37
1386,124.65,29.80,29.28,42.39,1008.37
1387,124.74,29.80,29.28,42.39,1008.37
1388,124.83,29.79,29.27,42.40,1008.37
1389,124.92,29.78,29.28,42.39,1008.38
1390,125.01,29.78,29.27,42.39,1008.38
1391,125.10,29.78,29.28,42.38,1008.37
1392,125.19,29.77,29.28,42.37,1008.37
1393,125.28,29.77,29.27,42.37,1008.36
1394,125.37,29.78,29.27,42.37,1008.36
1395,125.46,29.78,29.28,42.36,1008.36
1396,125.55,29.77,29.29,42.36,1008.36
1397,125.64,29.76,29.27,42.37,1008.36
1398,125.73,29.76,29.27,42.35,1008.36
1399,125.82,29.76,29.26,42.35,1008.36
1400,125.91,29.75,29.25,42.33,1008.36
1401,126.00,29.75,29.25,42.33,1008.36
1402,126.09,29.74,29.25,42.34,1008.36
1403,126.18,29.74,29.24,42.31,1008.36
1404,126.27,29.74,29.25,42.33,1008.35
1405,126.36,29.74,29.25,42.34,1008.35
1406,126.45,29.73,29.25,42.36,1008.35
1407,126.54,29.73,29.25,42.36,1008.35
1408,126.63,29.72,29.24,42.36,1008.35
1409,126.72,29.71,29.24,42.36,1008.35
1410,126.81,29.71,29.24,42.36,1008.35
1411,126.90,29.71,29.25,42.36,1008.34
1412,126.99,29.71,29.26,42.36,1008.34
1413,127.08,29.70,29.25,42.37,1008.33
1414,127.17,29.70,29.25,42.37,1008.33
1415,127.26,29.70,29.23,42.37,1008.33
1416,127.35,29.70,29.21,42.38,1008.32
1417,127.44,29.70,29.21,42.37,1008.32
1418,127.53,29.69,29.20,42.37,1008.32
1419,127.62,29.69,29.19,42.36,1008.32
1420,127.71,29.63,29.18,42.37,1008.30
1421,127.80,29.67,29.19,42.38,1008.33
1422,127.89,29.70,29.20,42.37,1008.33
1423,127.98,29.70,29.19,42.36,1008.33
1424,128.07,29.70,29.20,42.38,1008.33
1425,128.16,29.71,29.20,42.38,1008.34
1426,128.25,29.70,29.19,42.38,1008.34
1427,128.34,29.69,29.18,42.40,1008.34
1428,128.43,29.69,29.18,42.40,1008.34
1429,128.52,29.69,29.17,42.40,1008.35
1430,128.61,29.68,29.16,42.41,1008.36
1431,128.70,29.68,29.16,42.42,1008.36
1432,128.79,29.67,29.16,42.43,1008.36
1433,128.88,29.66,29.15,42.41,1008.36
1434,128.97,29.66,29.15,42.40,1008.36
1435,129.06,29.65,29.13,42.40,1008.36
1436,129.15,29.66,29.11,42.40,1008.36
1437,129.24,29.66,29.11,42.41,1008.37
1438,129.33,29.65,29.10,42.40,1008.37
1439,129.42,29.65,29.10,42.41,1008.38
1440,129.51,29.65,29.10,42.40,1008.38
1441,129.60,29.64,29.10,42.41,1008.38
1442,129.69,29.64,29.10,42.41,1008.38
1443,129.78,29.64,29.09,42.40,1008.37
1444,129.87,29.64,29.09,42.39,1008.38
1445,129.96,29.64,29.08,42.40,1008.39
1446,130.05,29.64,29.07,42.39,1008.38
1447,130.14,29.64,29.08,42.39,1008.38
1448,130.23,29.64,29.07,42.40,1008.39
1449,130.32,29.64,29.07,42.40,1008.38
1450,130.41,29.64,29.07,42.40,1008.37
1451,130.50,29.64,29.07,42.41,1008.38
1452,130.59,29.64,29.07,42.43,1008.38
1453,130.68,29.64,29.06,42.44,1008.38
1454,130.77,29.63,29.07,42.44,1008.37
1455,130.86,29.64,29.07,42.43,1008.37
1456,130.95,29.63,29.07,42.44,1008.37
1457,131.04,29.63,29.07,42.43,1008.38
1458,131.13,29.62,29.07,42.42,1008.37
1459,131.22,29.62,29.07,42.41,1008.36
1460,131.31,29.60,29.06,42.40,1008.36
1461,131.40,29.60,29.06,42.40,1008.36
1462,131.49,29.60,29.06,42.38,1008.35
1463,131.58,29.60,29.06,42.36,1008.35
1464,131.67,29.60,29.07,42.37,1008.36
1465,131.76,29.60,29.07,42.36,1008.34
1466,131.85,29.60,29.07,42.36,1008.34
1467,131.94,29.60,29.07,42.35,1008.34
1468,132.03,29.60,29.07,42.35,1008.34
1469,132.12,29.60,29.08,42.35,1008.33
1470,132.21,29.59,29.09,42.34,1008.34
1471,132.30,29.59,29.09,42.34,1008.34
1472,132.39,29.58,29.08,42.34,1008.34
1473,132.48,29.58,29.07,42.34,1008.34
1474,132.57,29.58,29.09,42.35,1008.33
1475,132.66,29.59,29.07,42.34,1008.33
1476,132.75,29.58,29.08,42.35,1008.34
1477,132.84,29.58,29.09,42.34,1008.34
1478,132.93,29.57,29.10,42.34,1008.33
1479,133.02,29.57,29.10,42.35,1008.33
1480,133.11,29.56,29.11,42.35,1008.33
1481,133.20,29.55,29.10,42.35,1008.33
1482,133.29,29.55,29.09,42.35,1008.34
1483,133.38,29.55,29.09,42.35,1008.35
1484,133.47,29.55,29.09,42.35,1008.35
1485,133.56,29.54,29.08,42.36,1008.36
1486,133.65,29.54,29.08,42.36,1008.37
1487,133.74,29.53,29.06,42.37,1008.38
1488,133.83,29.54,29.06,42.36,1008.37
1489,133.92,29.54,29.06,42.36,1008.37
1490,134.01,29.53,29.06,42.35,1008.38
1491,134.10,29.52,29.07,42.36,1008.39
1492,134.19,29.51,29.08,42.36,1008.39
1493,134.28,29.50,29.06,42.38,1008.39
1494,134.37,29.50,29.07,42.37,1008.39
1495,134.46,29.50,29.07,42.36,1008.40
1496,134.55,29.49,29.07,42.37,1008.40
1497,134.64,29.49,29.05,42.37,1008.41
1498,134.73,29.49,29.03,42.40,1008.41
1499,134.82,29.48,29.03,42.39,1008.42
1500,134.91,29.47,29.02,42.40,1008.42
1501,135.00,29.47,29.02,42.40,1008.42
1502,135.09,29.46,29.02,42.40,1008.41
1503,135.18,29.47,29.02,42.41,1008.41
1504,135.27,29.46,29.02,42.42,1008.42
1505,135.36,29.46,29.02,42.40,1008.41
1506,135.45,29.46,29.00,42.39,1008.41
1507,135.54,29.46,28.99,42.40,1008.41
1508,135.63,29.46,28.99,42.41,1008.41
1509,135.72,29.45,28.98,42.40,1008.41
1510,135.81,29.44,28.98,42.41,1008.40
1511,135.90,29.45,28.98,42.40,1008.40
1512,135.99,29.44,28.98,42.41,1008.39
1513,136.08,29.44,28.96,42.42,1008.40
1514,136.17,29.44,28.96,42.41,1008.41
1515,136.26,29.45,28.96,42.41,1008.40
1516,136.35,29.44,28.96,42.41,1008.40
1517,136.44,29.43,28.96,42.42,1008.39
1518,136.53,29.43,28.96,42.43,1008.39
1519,136.62,29.43,28.95,42.42,1008.39
1520,136.71,29.42,28.95,42.42,1008.39
1521,136.80,29.43,28.95,42.43,1008.38
1522,136.89,29.42,28.95,42.42,1008.38
1523,136.98,29.43,28.95,42.42,1008.38
1524,137.07,29.42,28.94,42.42,1008.38
1525,137.16,29.41,28.94,42.42,1008.38
1526,137.25,29.41,28.94,42.41,1008.38
1527,137.34,29.42,28.94,42.40,1008.37
1528,137.43,29.42,28.93,42.40,1008.37
1529,137.52,29.41,28.93,42.39,1008.37
1530,137.61,29.41,28.92,42.40,1008.37
1531,137.70,29.41,28.91,42.40,1008.37
1532,137.79,29.40,28.91,42.41,1008.37
1533,137.88,29.40,28.92,42.42,1008.37
1534,137.97,29.40,28.91,42.43,1008.37
1535,138.06,29.40,28.90,42.43,1008.37
1536,138.15,29.40,28.90,42.43,1008.37
1537,138.24,29.39,28.89,42.45,1008.38
1538,138.33,29.39,28.90,42.45,1008.37
1539,138.42,29.38,28.90,42.43,1008.37
1540,138.51,29.38,28.90,42.44,1008.37
1541,138.60,29.39,28.90,42.42,1008.37
1542,138.69,29.38,28.90,42.42,1008.37
1543,138.78,29.39,28.89,42.43,1008.36
1544,138.87,29.39,28.88,42.45,1008.36
1545,138.96,29.38,28.87,42.45,1008.36
1546,139.05,29.38,28.94,42.45,1008.36
1547,139.14,29.38,28.90,42.47,1008.36
1548,139.23,29.37,28.86,42.47,1008.36
1549,139.32,29.37,28.85,42.46,1008.37
1550,139.41,29.37,28.86,42.46,1008.37
1551,139.50,29.36,28.87,42.46,1008.37
1552,139.59,29.36,28.87,42.44,1008.37
1553,139.68,29.35,28.88,42.44,1008.37
1554,139.77,29.35,28.87,42.44,1008.37
1555,139.86,29.36,28.86,42.43,1008.38
1556,139.95,29.37,28.86,42.42,1008.38
1557,140.04,29.37,28.86,42.43,1008.37
1558,140.13,29.36,28.86,42.43,1008.37
1559,140.22,29.35,28.87,42.44,1008.38
1560,140.31,29.35,28.87,42.44,1008.38
1561,140.40,29.35,28.87,42.44,1008.37
1562,140.49,29.34,28.88,42.44,1008.38
1563,140.58,29.35,28.87,42.44,1008.38
1564,140.67,29.34,28.86,42.44,1008.38
1565,140.76,29.33,28.87,42.45,1008.38
1566,140.85,29.33,28.88,42.44,1008.38
1567,140.94,29.33,28.89,42.44,1008.39
1568,141.03,29.32,28.88,42.45,1008.39
1569,141.12,29.32,28.90,42.44,1008.39
1570,141.21,29.33,28.90,42.45,1008.39
1571,141.30,29.32,28.90,42.44,1008.39
1572,141.39,29.32,28.89,42.45,1008.39
1573,141.48,29.31,28.89,42.44,1008.39
1574,141.57,29.30,28.89,42.43,1008.39
1575,141.66,29.30,28.89,42.43,1008.39
1576,141.75,29.30,28.90,42.42,1008.38
1577,141.84,29.30,28.90,42.42,1008.38
1578,141.93,29.30,28.90,42.42,1008.38
1579,142.02,29.30,28.91,42.44,1008.38
1580,142.11,29.30,28.90,42.43,1008.38
1581,142.20,29.30,28.91,42.44,1008.38
1582,142.29,29.29,28.90,42.43,1008.38
1583,142.38,29.30,28.90,42.42,1008.39
1584,142.47,29.29,28.90,42.42,1008.39
1585,142.56,29.29,28.89,42.42,1008.39
1586,142.65,29.28,28.86,42.41,1008.38
1587,142.74,29.29,28.85,42.42,1008.38
1588,142.83,29.28,28.85,42.43,1008.37
1589,142.92,29.28,28.85,42.43,1008.37
1590,143.01,29.27,28.85,42.41,1008.37
1591,143.10,29.27,28.84,42.40,1008.37
1592,143.19,29.27,28.84,42.39,1008.36
1593,143.28,29.27,28.84,42.40,1008.36
1594,143.37,29.27,28.83,42.40,1008.35
1595,143.46,29.27,28.83,42.39,1008.36
1596,143.55,29.28,28.82,42.39,1008.35
1597,143.64,29.28,28.81,42.37,1008.36
1598,143.73,29.28,28.81,42.38,1008.35
1599,143.82,29.28,28.83,42.38,1008.36
1600,143.91,29.28,28.81,42.40,1008.37
1601,144.00,29.26,28.81,42.39,1008.38
1602,144.09,29.26,28.81,42.40,1008.37
1603,144.18,29.26,28.82,42.40,1008.38
1604,144.27,29.26,28.81,42.41,1008.37
1605,144.36,29.26,28.80,42.41,1008.37
1606,144.45,29.26,28.78,42.43,1008.36
1607,144.54,29.26,28.77,42.43,1008.37
1608,144.63,29.26,28.76,42.45,1008.36
1609,144.72,29.26,28.77,42.47,1008.36
1610,144.81,29.25,28.76,42.47,1008.36
1611,144.90,29.25,28.76,42.47,1008.37
1612,144.99,29.24,28.74,42.47,1008.37
1613,145.08,29.24,28.74,42.47,1008.37
1614,145.17,29.25,28.75,42.47,1008.37
1615,145.26,29.24,28.74,42.47,1008.37
1616,145.35,29.23,28.74,42.47,1008.38
1617,145.44,29.24,28.73,42.48,1008.38
1618,145.53,29.24,28.73,42.49,1008.38
1619,145.62,29.24,28.73,42.48,1008.38
1620,145.71,29.24,28.73,42.46,1008.38
1621,145.80,29.24,28.73,42.47,1008.38
1622,145.89,29.23,28.73,42.46,1008.38
1623,145.98,29.23,28.72,42.46,1008.37
1624,146.07,29.22,28.72,42.45,1008.37
1625,146.16,29.22,28.71,42.44,1008.37
1626,146.25,29.22,28.70,42.44,1008.37
1627,146.34,29.22,28.70,42.44,1008.38
1628,146.43,29.22,28.70,42.44,1008.38
1629,146.52,29.21,28.71,42.45,1008.38
1630,146.61,29.21,28.71,42.45,1008.38
1631,146.70,29.21,28.70,42.43,1008.37
1632,146.79,29.20,28.71,42.42,1008.37
1633,146.88,29.20,28.71,42.40,1008.38
1634,146.97,29.19,28.72,42.40,1008.37
1635,147.06,29.19,28.72,42.39,1008.37
1636,147.15,29.18,28.73,42.39,1008.37
1637,147.24,29.18,28.74,42.38,1008.37
1638,147.33,29.17,28.75,42.41,1008.37
1639,147.42,29.17,28.76,42.38,1008.38
1640,147.51,29.18,28.76,42.39,1008.38
1641,147.60,29.19,28.77,42.38,1008.38
1642,147.69,29.19,28.76,42.38,1008.39
1643,147.78,29.18,28.76,42.39,1008.39
1644,147.87,29.19,28.74,42.38,1008.39
1645,147.96,29.19,28.74,42.39,1008.38
1646,148.05,29.19,28.72,42.39,1008.38
1647,148.14,29.19,28.73,42.39,1008.38
1648,148.23,29.18,28.72,42.39,1008.37
1649,148.32,29.18,28.72,42.39,1008.37
1650,148.41,29.17,28.71,42.39,1008.37
1651,148.50,29.16,28.72,42.38,1008.37
1652,148.59,29.16,28.72,42.37,1008.37
1653,148.68,29.17,28.71,42.36,1008.38
1654,148.77,29.15,28.72,42.35,1008.39
1655,148.86,29.16,28.73,42.35,1008.39
1656,148.95,29.16,28.74,42.34,1008.39
1657,149.04,29.16,28.76,42.34,1008.39
1658,149.13,29.16,28.75,42.33,1008.38
1659,149.22,29.16,28.75,42.32,1008.38
1660,149.31,29.17,28.75,42.32,1008.38
1661,149.40,29.17,28.74,42.32,1008.38
1662,149.49,29.16,28.75,42.33,1008.37
1663,149.58,29.14,28.75,42.35,1008.37
1664,149.67,29.14,28.75,42.35,1008.37
1665,149.76,29.14,28.75,42.36,1008.36
1666,149.85,29.13,28.76,42.35,1008.37
1667,149.94,29.13,28.76,42.35,1008.37
1668,150.03,29.12,28.77,42.35,1008.37
1669,150.12,29.12,28.75,42.36,1008.36
1670,150.21,29.12,28.76,42.37,1008.36
1671,150.30,29.11,28.78,42.37,1008.35
1672,150.39,29.11,28.77,42.36,1008.35
1673,150.48,29.11,28.76,42.36,1008.34
1674,150.57,29.10,28.74,42.36,1008.34
1675,150.66,29.10,28.74,42.36,1008.34
1676,150.75,29.10,28.73,42.38,1008.34
1677,150.84,29.09,28.72,42.36,1008.34
1678,150.93,29.08,28.70,42.36,1008.34
1679,151.02,29.08,28.70,42.37,1008.34
1680,151.11,29.07,28.69,42.36,1008.34
1681,151.20,29.08,28.68,42.36,1008.33
1682,151.29,29.07,28.67,42.36,1008.33
1683,151.38,29.07,28.67,42.36,1008.34
1684,151.47,29.07,28.66,42.37,1008.34
1685,151.56,29.08,28.66,42.36,1008.35
1686,151.65,29.07,28.65,42.37,1008.35
1687,151.74,29.07,28.64,42.39,1008.34
1688,151.83,29.07,28.63,42.39,1008.34
1689,151.92,29.08,28.64,42.39,1008.33
1690,152.01,29.07,28.64,42.37,1008.33
1691,152.10,29.08,28.64,42.38,1008.33
1692,152.19,29.08,28.63,42.39,1008.33
1693,152.28,29.09,28.61,42.40,1008.33
1694,152.37,29.09,28.61,42.40,1008.33
1695,152.46,29.09,28.61,42.39,1008.33
1696,152.55,29.09,28.61,42.39,1008.34
1697,152.64,29.08,28.61,42.40,1008.33
1698,152.73,29.08,28.61,42.39,1008.34
1699,152.82,29.08,28.61,42.40,1008.34
1700,152.91,29.09,28.60,42.40,1008.34
1701,153.00,29.09,28.59,42.40,1008.34
1702,153.09,29.08,28.60,42.40,1008.34
1703,153.18,29.08,28.61,42.40,1008.35
1704,153.27,29.08,28.61,42.39,1008.34
1705,153.36,29.08,28.60,42.39,1008.35
1706,153.45,29.08,28.60,42.38,1008.35
1707,153.54,29.08,28.60,42.39,1008.35
1708,153.63,29.07,28.59,42.39,1008.35
1709,153.72,29.06,28.59,42.38,1008.35
1710,153.81,29.06,28.59,42.39,1008.35
1711,153.90,29.07,28.58,42.38,1008.35
1712,153.99,29.06,28.58,42.38,1008.36
1713,154.08,29.07,28.58,42.39,1008.35
1714,154.17,29.08,28.60,42.39,1008.36
1715,154.26,29.08,28.59,42.41,1008.37
1716,154.35,29.07,28.59,42.41,1008.37
1717,154.44,29.07,28.59,42.41,1008.37
1718,154.53,29.08,28.59,42.40,1008.37
1719,154.62,29.07,28.58,42.42,1008.38
1720,154.71,29.07,28.57,42.42,1008.38
1721,154.80,29.07,28.58,42.42,1008.37
1722,154.89,29.07,28.59,42.43,1008.38
1723,154.98,29.07,28.59,42.44,1008.38
1724,155.07,29.07,28.60,42.43,1008.38
1725,155.16,29.07,28.60,42.44,1008.38
1726,155.25,29.07,28.62,42.44,1008.38
1727,155.34,29.06,28.61,42.43,1008.38
1728,155.43,29.06,28.60,42.43,1008.37
1729,155.52,29.06,28.61,42.41,1008.38
1730,155.61,29.06,28.61,42.42,1008.37
1731,155.70,29.06,28.61,42.42,1008.36
1732,155.79,29.06,28.62,42.42,1008.36
1733,155.88,29.06,28.61,42.42,1008.36
1734,155.97,29.07,28.61,42.42,1008.36
1735,156.06,29.06,28.61,42.42,1008.35
1736,156.15,29.07,28.61,42.42,1008.35
1737,156.24,29.07,28.61,42.43,1008.34
1738,156.33,29.06,28.60,42.41,1008.35
1739,156.42,29.07,28.60,42.41,1008.34
1740,156.51,29.06,28.61,42.41,1008.34
1741,156.60,29.06,28.60,42.41,1008.33
1742,156.69,29.05,28.60,42.40,1008.34
1743,156.78,29.05,28.61,42.41,1008.34
1744,156.87,29.05,28.61,42.41,1008.33
1745,156.96,29.04,28.61,42.41,1008.33
1746,157.05,29.04,28.62,42.42,1008.32
1747,157.14,29.04,28.62,42.43,1008.32
1748,157.23,29.04,28.61,42.44,1008.31
1749,157.32,29.03,28.61,42.43,1008.32
1750,157.41,29.03,28.61,42.43,1008.32
1751,157.50,29.03,28.60,42.42,1008.31
1752,157.59,29.03,28.57,42.42,1008.30
1753,157.68,29.02,28.58,42.43,1008.31
1754,157.77,29.02,28.57,42.42,1008.31
1755,157.86,29.01,28.57,42.42,1008.31
1756,157.95,29.01,28.59,42.40,1008.32
1757,158.04,29.00,28.57,42.42,1008.32
1758,158.13,28.99,28.57,42.42,1008.33
1759,158.22,28.99,28.57,42.43,1008.33
1760,158.31,28.99,28.57,42.42,1008.33
1761,158.40,28.99,28.55,42.42,1008.33
1762,158.49,28.99,28.55,42.42,1008.33
1763,158.58,28.99,28.53,42.42,1008.33
1764,158.67,28.98,28.54,42.42,1008.33
1765,158.76,28.98,28.54,42.42,1008.34
1766,158.85,28.97,28.53,42.42,1008.34
1767,158.94,28.96,28.54,42.41,1008.35
1768,159.03,28.97,28.54,42.43,1008.34
1769,159.12,28.96,28.54,42.44,1008.35
1770,159.21,28.95,28.53,42.42,1008.35
1771,159.30,28.94,28.52,42.43,1008.35
1772,159.39,28.94,28.51,42.43,1008.35
1773,159.48,28.94,28.52,42.43,1008.36
1774,159.57,28.93,28.52,42.41,1008.37
1775,159.66,28.93,28.51,42.41,1008.37
1776,159.75,28.92,28.52,42.41,1008.37
1777,159.84,28.91,28.50,42.39,1008.36
1778,159.93,28.91,28.50,42.39,1008.37
1779,160.02,28.91,28.49,42.39,1008.36
1780,160.11,28.92,28.49,42.38,1008.37
1781,160.20,28.92,28.49,42.38,1008.37
1782,160.29,28.92,28.50,42.38,1008.37
1783,160.38,28.90,28.49,42.37,1008.37
1784,160.47,28.90,28.48,42.36,1008.37
1785,160.56,28.90,28.48,42.36,1008.38
1786,160.65,28.89,28.49,42.36,1008.38
1787,160.74,28.90,28.49,42.36,1008.38
1788,160.83,28.89,28.49,42.36,1008.39
1789,160.92,28.89,28.49,42.35,1008.38
1790,161.01,28.88,28.48,42.34,1008.38
1791,161.10,28.89,28.48,42.33,1008.39
1792,161.19,28.87,28.48,42.34,1008.38
1793,161.28,28.87,28.48,42.35,1008.38
1794,161.37,28.88,28.47,42.35,1008.38
1795,161.46,28.87,28.47,42.36,1008.37
1796,161.55,28.88,28.47,42.37,1008.38
1797,161.64,28.88,28.47,42.37,1008.38
1798,161.73,28.88,28.47,42.38,1008.38
1799,161.82,28.89,28.47,42.38,1008.37
1800,161.91,28.89,28.46,42.39,1008.37
1801,162.00,28.89,28.46,42.39,1008.37
1802,162.09,28.90,28.45,42.39,1008.36
1803,162.18,28.89,28.44,42.40,1008.37
1804,162.27,28.89,28.44,42.39,1008.37
1805,162.36,28.88,28.45,42.39,1008.36
1806,162.45,28.88,28.45,42.38,1008.36
1807,162.54,28.88,28.46,42.39,1008.35
1808,162.63,28.88,28.46,42.38,1008.35
1809,162.72,28.88,28.47,42.39,1008.36
1810,162.81,28.88,28.48,42.39,1008.35
1811,162.90,28.88,28.47,42.39,1008.34
1812,162.99,28.88,28.48,42.39,1008.34
1813,163.08,28.89,28.48,42.41,1008.33
1814,163.17,28.90,28.48,42.39,1008.33
1815,163.26,28.89,28.49,42.40,1008.32
1816,163.35,28.89,28.50,42.40,1008.31
1817,163.44,28.89,28.50,42.41,1008.31
1818,163.53,28.88,28.50,42.40,1008.32
1819,163.62,28.88,28.50,42.41,1008.32
1820,163.71,28.88,28.50,42.41,1008.31
1821,163.80,28.88,28.50,42.42,1008.32
1822,163.89,28.89,28.50,42.41,1008.32
1823,163.98,28.89,28.52,42.42,1008.31
1824,164.07,28.88,28.50,42.42,1008.32
1825,164.16,28.88,28.50,42.42,1008.33
1826,164.25,28.88,28.50,42.42,1008.33
1827,164.34,28.88,28.50,42.40,1008.33
1828,164.43,28.89,28.50,42.41,1008.35
1829,164.52,28.89,28.52,42.40,1008.35
1830,164.61,28.89,28.51,42.39,1008.36
1831,164.70,28.89,28.53,42.39,1008.36
1832,164.79,28.89,28.52,42.39,1008.36
1833,164.88,28.89,28.52,42.39,1008.36
1834,164.97,28.88,28.51,42.38,1008.36
1835,165.06,28.89,28.52,42.38,1008.37
1836,165.15,28.89,28.52,42.38,1008.36
1837,165.24,28.89,28.51,42.38,1008.36
1838,165.33,28.89,28.51,42.39,1008.36
1839,165.42,28.88,28.50,42.39,1008.36
1840,165.51,28.88,28.50,42.39,1008.37
1841,165.60,28.88,28.51,42.38,1008.36
1842,165.69,28.89,28.51,42.38,1008.37
1843,165.78,28.89,28.52,42.37,1008.37
1844,165.87,28.89,28.51,42.38,1008.38
1845,165.96,28.90,28.51,42.38,1008.38
1846,166.05,28.90,28.51,42.37,1008.39
1847,166.14,28.90,28.52,42.39,1008.39
1848,166.23,28.89,28.51,42.41,1008.40
1849,166.32,28.88,28.50,42.40,1008.40
1850,166.41,28.88,28.50,42.41,1008.41
1851,166.50,28.87,28.49,42.41,1008.40
1852,166.59,28.87,28.48,42.41,1008.40
1853,166.68,28.88,28.48,42.40,1008.39
1854,166.77,28.88,28.47,42.40,1008.40
1855,166.86,28.87,28.46,42.41,1008.40
1856,166.95,28.87,28.46,42.41,1008.40
1857,167.04,28.87,28.45,42.40,1008.40
1858,167.13,28.87,28.44,42.40,1008.40
1859,167.22,28.87,28.44,42.39,1008.39
1860,167.31,28.87,28.42,42.39,1008.40
1861,167.40,28.87,28.41,42.40,1008.40
1862,167.49,28.87,28.41,42.40,1008.41
1863,167.58,28.87,28.39,42.42,1008.41
1864,167.67,28.86,28.40,42.42,1008.40
1865,167.76,28.86,28.40,42.41,1008.40
1866,167.85,28.87,28.39,42.41,1008.40
1867,167.94,28.86,28.39,42.42,1008.39
1868,168.03,28.85,28.38,42.41,1008.39
1869,168.12,28.85,28.37,42.42,1008.39
1870,168.21,28.84,28.37,42.41,1008.40
1871,168.30,28.84,28.37,42.40,1008.40
1872,168.39,28.82,28.37,42.41,1008.39
1873,168.48,28.83,28.37,42.39,1008.39
1874,168.57,28.81,28.36,42.40,1008.39
1875,168.66,28.82,28.36,42.41,1008.39
1876,168.75,28.83,28.36,42.42,1008.38
1877,168.84,28.83,28.37,42.42,1008.38
1878,168.93,28.82,28.37,42.41,1008.37
1879,169.02,28.82,28.38,42.42,1008.37
1880,169.11,28.82,28.37,42.41,1008.37
1881,169.20,28.81,28.36,42.41,1008.37
1882,169.29,28.81,28.36,42.41,1008.37
1883,169.38,28.80,28.36,42.41,1008.37
1884,169.47,28.80,28.36,42.40,1008.37
1885,169.56,28.80,28.36,42.39,1008.37
1886,169.65,28.80,28.35,42.40,1008.37
1887,169.74,28.80,28.35,42.39,1008.37
1888,169.83,28.79,28.34,42.40,1008.36
1889,169.92,28.80,28.34,42.39,1008.36
1890,170.01,28.79,28.36,42.39,1008.36
1891,170.10,28.79,28.37,42.40,1008.36
1892,170.19,28.78,28.38,42.41,1008.36
1893,170.28,28.79,28.38,42.40,1008.36
1894,170.37,28.79,28.37,42.41,1008.37
1895,170.46,28.79,28.37,42.41,1008.37
1896,170.55,28.78,28.38,42.39,1008.36
1897,170.64,28.77,28.38,42.39,1008.36
1898,170.73,28.77,28.38,42.39,1008.36
1899,170.82,28.78,28.38,42.41,1008.36
1900,170.91,28.79,28.39,42.42,1008.36
1901,171.00,28.80,28.39,42.42,1008.36
1902,171.09,28.82,28.40,42.44,1008.36
1903,171.18,28.81,28.40,42.42,1008.37
1904,171.27,28.81,28.40,42.44,1008.38
1905,171.36,28.81,28.40,42.43,1008.38
1906,171.45,28.80,28.41,42.44,1008.38
1907,171.54,28.81,28.41,42.43,1008.38
1908,171.63,28.80,28.40,42.43,1008.39
1909,171.72,28.79,28.40,42.43,1008.39
1910,171.81,28.78,28.40,42.42,1008.39
1911,171.90,28.78,28.41,42.43,1008.39
1912,171.99,28.77,28.39,42.43,1008.39
1913,172.08,28.76,28.39,42.44,1008.39
1914,172.17,28.76,28.39,42.43,1008.39
1915,172.26,28.75,28.38,42.43,1008.39
1916,172.35,28.76,28.38,42.43,1008.39
1917,172.44,28.75,28.39,42.42,1008.39
1918,172.53,28.75,28.39,42.43,1008.39
1919,172.62,28.75,28.39,42.43,1008.39
1920,172.71,28.75,28.39,42.44,1008.39
1921,172.80,28.74,28.39,42.44,1008.40
1922,172.89,28.73,28.39,42.44,1008.40
1923,172.98,28.74,28.39,42.45,1008.40
1924,173.07,28.73,28.40,42.46,1008.40
1925,173.16,28.74,28.40,42.45,1008.39
1926,173.25,28.74,28.39,42.43,1008.41
1927,173.34,28.74,28.39,42.44,1008.41
1928,173.43,28.75,28.38,42.44,1008.40
1929,173.52,28.75,28.37,42.44,1008.41
1930,173.61,28.74,28.37,42.43,1008.40
1931,173.70,28.74,28.36,42.44,1008.41
1932,173.79,28.74,28.36,42.44,1008.41
1933,173.88,28.73,28.36,42.45,1008.40
1934,173.97,28.73,28.34,42.44,1008.40
1935,174.06,28.73,28.34,42.44,1008.39
1936,174.15,28.72,28.34,42.43,1008.39
1937,174.24,28.71,28.34,42.42,1008.38
1938,174.33,28.72,28.33,42.43,1008.38
1939,174.42,28.72,28.33,42.42,1008.38
1940,174.51,28.71,28.33,42.42,1008.39
1941,174.60,28.70,28.32,42.40,1008.38
1942,174.69,28.71,28.33,42.40,1008.38
1943,174.78,28.71,28.33,42.40,1008.38
1944,174.87,28.70,28.33,42.41,1008.38
1945,174.96,28.71,28.33,42.38,1008.39
1946,175.05,28.71,28.32,42.39,1008.39
1947,175.14,28.70,28.32,42.39,1008.39
1948,175.23,28.70,28.31,42.41,1008.38
1949,175.32,28.70,28.30,42.40,1008.38
1950,175.41,28.70,28.30,42.39,1008.38
1951,175.50,28.70,28.29,42.39,1008.38
1952,175.59,28.71,28.28,42.39,1008.38
1953,175.68,28.71,28.27,42.40,1008.37
1954,175.77,28.71,28.27,42.41,1008.37
1955,175.86,28.71,28.26,42.40,1008.37
1956,175.95,28.71,28.25,42.39,1008.36
1957,176.04,28.71,28.25,42.40,1008.36
1958,176.13,28.71,28.25,42.40,1008.36
1959,176.22,28.70,28.25,42.41,1008.35
1960,176.31,28.71,28.24,42.40,1008.37
1961,176.40,28.70,28.26,42.40,1008.36
1962,176.49,28.69,28.25,42.41,1008.36
1963,176.58,28.69,28.25,42.42,1008.36
1964,176.67,28.69,28.26,42.42,1008.36
1965,176.76,28.70,28.26,42.41,1008.37
1966,176.85,28.69,28.26,42.41,1008.37
1967,176.94,28.68,28.27,42.40,1008.36
1968,177.03,28.68,28.26,42.39,1008.37
1969,177.12,28.69,28.26,42.39,1008.36
1970,177.21,28.69,28.27,42.40,1008.36
1971,177.30,28.69,28.28,42.41,1008.36
1972,177.39,28.69,28.28,42.42,1008.37
1973,177.48,28.70,28.28,42.42,1008.37
1974,177.57,28.70,28.28,42.42,1008.38
1975,177.66,28.69,28.28,42.41,1008.38
1976,177.75,28.70,28.29,42.43,1008.38
1977,177.84,28.69,28.30,42.42,1008.38
1978,177.93,28.69,28.29,42.42,1008.38
1979,178.02,28.69,28.30,42.42,1008.38
1980,178.11,28.70,28.30,42.42,1008.38
1981,178.20,28.70,28.31,42.43,1008.38
1982,178.29,28.70,28.30,42.44,1008.38
1983,178.38,28.70,28.29,42.44,1008.38
1984,178.47,28.69,28.30,42.44,1008.38
1985,178.56,28.69,28.29,42.45,1008.38
1986,178.65,28.69,28.29,42.46,1008.38
1987,178.74,28.69,28.28,42.47,1008.38
1988,178.83,28.69,28.28,42.48,1008.39
1989,178.92,28.69,28.29,42.46,1008.39
1990,179.01,28.68,28.28,42.46,1008.39
1991,179.10,28.69,28.29,42.47,1008.39
1992,179.19,28.68,28.31,42.46,1008.40
1993,179.28,28.68,28.31,42.45,1008.40
1994,179.37,28.68,28.32,42.44,1008.39
1995,179.46,28.68,28.32,42.46,1008.39
1996,179.55,28.68,28.32,42.45,1008.39
1997,179.64,28.67,28.32,42.45,1008.40
1998,179.73,28.67,28.32,42.45,1008.39
1999,179.82,28.66,28.32,42.46,1008.40
2000,179.91,28.66,28.32,42.46,1008.39
2001,180.00,28.66,28.32,42.46,1008.38
2002,180.09,28.67,28.31,42.45,1008.38
2003,180.18,28.67,28.31,42.45,1008.38
2004,180.27,28.68,28.30,42.44,1008.38
2005,180.36,28.67,28.29,42.41,1008.38
2006,180.45,28.67,28.30,42.41,1008.37
2007,180.54,28.67,28.30,42.41,1008.37
2008,180.63,28.67,28.30,42.42,1008.37
2009,180.72,28.66,28.29,42.43,1008.37
2010,180.81,28.66,28.29,42.42,1008.37
2011,180.90,28.66,28.29,42.43,1008.37
2012,180.99,28.65,28.28,42.43,1008.37
2013,181.08,28.65,28.28,42.43,1008.36
2014,181.17,28.65,28.28,42.43,1008.36
2015,181.26,28.66,28.27,42.44,1008.36
2016,181.35,28.66,28.29,42.45,1008.36
2017,181.44,28.66,28.29,42.43,1008.36
2018,181.53,28.66,28.29,42.43,1008.35
2019,181.62,28.66,28.28,42.44,1008.35
2020,181.71,28.66,28.28,42.44,1008.35
2021,181.80,28.66,28.27,42.42,1008.35
2022,181.89,28.66,28.28,42.42,1008.34
2023,181.98,28.66,28.27,42.42,1008.34
2024,182.07,28.65,28.26,42.42,1008.34
2025,182.16,28.65,28.25,42.42,1008.35
2026,182.25,28.65,28.26,42.41,1008.35
2027,182.34,28.64,28.25,42.42,1008.32
2028,182.43,28.64,28.24,42.43,1008.36
2029,182.52,28.64,28.23,42.43,1008.35
2030,182.61,28.63,28.22,42.43,1008.36
2031,182.70,28.63,28.22,42.43,1008.36
2032,182.79,28.62,28.23,42.44,1008.36
2033,182.88,28.62,28.23,42.44,1008.36
2034,182.97,28.62,28.23,42.45,1008.36
2035,183.06,28.61,28.22,42.45,1008.35
2036,183.15,28.61,28.23,42.45,1008.35
2037,183.24,28.62,28.23,42.46,1008.35
2038,183.33,28.62,28.23,42.47,1008.35
2039,183.42,28.63,28.21,42.46,1008.35
2040,183.51,28.62,28.21,42.46,1008.36
2041,183.60,28.61,28.21,42.46,1008.35
2042,183.69,28.61,28.21,42.45,1008.35
2043,183.78,28.62,28.22,42.45,1008.35
2044,183.87,28.62,28.22,42.46,1008.36
2045,183.96,28.61,28.20,42.46,1008.36
2046,184.05,28.61,28.20,42.45,1008.35
2047,184.14,28.61,28.20,42.46,1008.35
2048,184.23,28.59,28.20,42.46,1008.35
2049,184.32,28.59,28.20,42.46,1008.35
2050,184.41,28.58,28.20,42.46,1008.36
2051,184.50,28.58,28.19,42.47,1008.36
2052,184.59,28.57,28.19,42.46,1008.37
2053,184.68,28.57,28.17,42.45,1008.36
2054,184.77,28.56,28.17,42.47,1008.37
2055,184.86,28.56,28.17,42.46,1008.38
2056,184.95,28.55,28.17,42.46,1008.38
2057,185.04,28.55,28.17,42.46,1008.38
2058,185.13,28.55,28.17,42.47,1008.37
2059,185.22,28.56,28.17,42.46,1008.37
2060,185.31,28.55,28.18,42.45,1008.36
2061,185.40,28.55,28.18,42.45,1008.36
2062,185.49,28.54,28.18,42.46,1008.37
2063,185.58,28.54,28.18,42.45,1008.36
2064,185.67,28.53,28.18,42.45,1008.37
2065,185.76,28.54,28.18,42.46,1008.37
2066,185.85,28.53,28.18,42.46,1008.36
2067,185.94,28.53,28.18,42.46,1008.37
2068,186.03,28.53,28.20,42.47,1008.37
2069,186.12,28.53,28.21,42.48,1008.37
2070,186.21,28.53,28.21,42.49,1008.37
2071,186.30,28.53,28.21,42.50,1008.37
2072,186.39,28.53,28.21,42.51,1008.37
2073,186.48,28.51,28.21,42.51,1008.37
2074,186.57,28.52,28.21,42.51,1008.37
2075,186.66,28.51,28.21,42.52,1008.37
2076,186.75,28.51,28.22,42.53,1008.37
2077,186.84,28.51,28.23,42.51,1008.37
2078,186.93,28.51,28.22,42.50,1008.37
2079,187.02,28.50,28.23,42.50,1008.36
2080,187.11,28.50,28.22,42.51,1008.36
2081,187.20,28.51,28.21,42.50,1008.35
2082,187.29,28.52,28.21,42.49,1008.36
2083,187.38,28.52,28.22,42.48,1008.36
2084,187.47,28.53,28.22,42.48,1008.36
2085,187.56,28.53,28.22,42.48,1008.35
2086,187.65,28.53,28.23,42.48,1008.35
2087,187.74,28.53,28.22,42.47,1008.35
2088,187.83,28.53,28.23,42.48,1008.35
2089,187.92,28.54,28.23,42.49,1008.36
2090,188.01,28.54,28.24,42.49,1008.36
2091,188.10,28.54,28.22,42.48,1008.35
2092,188.19,28.54,28.24,42.49,1008.35
2093,188.28,28.53,28.23,42.50,1008.35
2094,188.37,28.54,28.23,42.49,1008.35
2095,188.46,28.53,28.24,42.50,1008.35
2096,188.55,28.54,28.24,42.50,1008.35
2097,188.64,28.52,28.24,42.50,1008.35
2098,188.73,28.53,28.23,42.49,1008.36
2099,188.82,28.52,28.22,42.50,1008.36
2100,188.91,28.52,28.23,42.49,1008.36
2101,189.00,28.52,28.22,42.49,1008.35
2102,189.09,28.50,28.22,42.51,1008.34
2103,189.18,28.50,28.22,42.52,1008.35
2104,189.27,28.49,28.23,42.51,1008.35
2105,189.36,28.48,28.23,42.52,1008.35
2106,189.45,28.49,28.22,42.52,1008.34
2107,189.54,28.48,28.21,42.51,1008.34
2108,189.63,28.50,28.21,42.51,1008.34
2109,189.72,28.51,28.21,42.50,1008.34
2110,189.81,28.51,28.21,42.51,1008.34
2111,189.90,28.50,28.20,42.51,1008.34
2112,189.99,28.50,28.21,42.52,1008.35
2113,190.08,28.50,28.19,42.52,1008.36
2114,190.17,28.50,28.19,42.53,1008.35
2115,190.26,28.50,28.19,42.52,1008.36
2116,190.35,28.50,28.18,42.52,1008.36
2117,190.44,28.50,28.17,42.52,1008.37
2118,190.53,28.50,28.17,42.51,1008.37
2119,190.62,28.49,28.17,42.52,1008.37
2120,190.71,28.50,28.17,42.51,1008.37
2121,190.80,28.50,28.17,42.50,1008.36
2122,190.89,28.50,28.18,42.50,1008.36
2123,190.98,28.51,28.17,42.50,1008.37
2124,191.07,28.52,28.17,42.50,1008.37
2125,191.16,28.53,28.17,42.50,1008.37
2126,191.25,28.54,28.17,42.49,1008.38
2127,191.34,28.53,28.18,42.49,1008.38
2128,191.43,28.53,28.17,42.49,1008.38
2129,191.52,28.54,28.17,42.48,1008.39
2130,191.61,28.55,28.17,42.49,1008.38
2131,191.70,28.55,28.15,42.48,1008.38
2132,191.79,28.56,28.15,42.47,1008.38
2133,191.88,28.56,28.13,42.46,1008.39
2134,191.97,28.57,28.13,42.47,1008.39
2135,192.06,28.57,28.13,42.47,1008.39
2136,192.15,28.57,28.13,42.47,1008.39
2137,192.24,28.57,28.12,42.47,1008.39
2138,192.33,28.56,28.12,42.47,1008.39
2139,192.42,28.55,28.12,42.48,1008.39
2140,192.51,28.54,28.12,42.47,1008.39
2141,192.60,28.55,28.12,42.46,1008.39
2142,192.69,28.54,28.12,42.45,1008.39
2143,192.78,28.55,28.13,42.45,1008.39
2144,192.87,28.54,28.14,42.46,1008.39
2145,192.96,28.54,28.14,42.33,1008.39
2146,193.05,28.53,28.14,42.44,1008.39
2147,193.14,28.53,28.16,42.45,1008.39
2148,193.23,28.53,28.16,42.44,1008.39
2149,193.32,28.53,28.15,42.43,1008.40
2150,193.41,28.53,28.16,42.44,1008.40
2151,193.50,28.52,28.15,42.44,1008.39
2152,193.59,28.52,28.15,42.45,1008.39
2153,193.68,28.51,28.15,42.45,1008.39
2154,193.77,28.51,28.15,42.46,1008.38
2155,193.86,28.51,28.15,42.46,1008.38
2156,193.95,28.51,28.16,42.45,1008.38
2157,194.04,28.51,28.16,42.46,1008.38
2158,194.13,28.51,28.16,42.46,1008.37
2159,194.22,28.52,28.17,42.46,1008.37
2160,194.31,28.51,28.17,42.46,1008.37
2161,194.40,28.51,28.17,42.46,1008.38
2162,194.49,28.50,28.17,42.47,1008.37
2163,194.58,28.49,28.17,42.49,1008.37
2164,194.67,28.48,28.18,42.49,1008.36
2165,194.76,28.48,28.17,42.49,1008.36
2166,194.85,28.48,28.17,42.49,1008.36
2167,194.94,28.47,28.16,42.49,1008.36
2168,195.03,28.47,28.16,42.50,1008.35
2169,195.12,28.48,28.18,42.50,1008.35
2170,195.21,28.48,28.18,42.50,1008.34
2171,195.30,28.47,28.18,42.52,1008.35
2172,195.39,28.47,28.18,42.51,1008.35
2173,195.48,28.47,28.18,42.50,1008.35
2174,195.57,28.47,28.17,42.50,1008.37
2175,195.66,28.48,28.17,42.50,1008.37
2176,195.75,28.48,28.17,42.50,1008.37
2177,195.84,28.48,28.16,42.50,1008.37
2178,195.93,28.49,28.16,42.50,1008.37
2179,196.02,28.50,28.16,42.52,1008.38
2180,196.11,28.49,28.16,42.53,1008.37
2181,196.20,28.49,28.15,42.53,1008.37
2182,196.29,28.49,28.16,42.52,1008.37
2183,196.38,28.49,28.16,42.51,1008.38
2184,196.47,28.48,28.15,42.51,1008.39
2185,196.56,28.47,28.15,42.51,1008.40
2186,196.65,28.46,28.15,42.53,1008.39
2187,196.74,28.47,28.14,42.53,1008.38
2188,196.83,28.46,28.16,42.54,1008.37
2189,196.92,28.46,28.15,42.54,1008.37
2190,197.01,28.46,28.14,42.54,1008.38
2191,197.10,28.46,28.14,42.53,1008.37
2192,197.19,28.46,28.12,42.52,1008.37
2193,197.28,28.46,28.12,42.52,1008.37
2194,197.37,28.46,28.12,42.52,1008.38
2195,197.46,28.45,28.12,42.51,1008.38
2196,197.55,28.45,28.13,42.53,1008.39
2197,197.64,28.45,28.12,42.53,1008.39
2198,197.73,28.45,28.11,42.53,1008.38
2199,197.82,28.45,28.10,42.52,1008.38
2200,197.91,28.45,28.10,42.53,1008.38
2201,198.00,28.45,28.10,42.54,1008.38
2202,198.09,28.46,28.11,42.55,1008.39
2203,198.18,28.46,28.11,42.54,1008.39
2204,198.27,28.46,28.11,42.53,1008.40
2205,198.36,28.47,28.11,42.55,1008.39
2206,198.45,28.47,28.10,42.55,1008.39
2207,198.54,28.47,28.10,42.56,1008.39
2208,198.63,28.47,28.09,42.56,1008.39
2209,198.72,28.47,28.10,42.56,1008.39
2210,198.81,28.47,28.10,42.57,1008.39
2211,198.90,28.46,28.10,42.57,1008.39
2212,198.99,28.46,28.11,42.57,1008.39
2213,199.08,28.47,28.11,42.57,1008.38
2214,199.17,28.48,28.10,42.57,1008.37
2215,199.26,28.48,28.13,42.58,1008.37
2216,199.35,28.47,28.09,42.56,1008.38
2217,199.44,28.47,28.10,42.55,1008.38
2218,199.53,28.47,28.09,42.55,1008.38
2219,199.62,28.48,28.10,42.54,1008.38
2220,199.71,28.48,28.10,42.55,1008.38
2221,199.80,28.48,28.09,42.54,1008.38
2222,199.89,28.48,28.08,42.54,1008.37
2223,199.98,28.47,28.08,42.55,1008.37
2224,200.07,28.48,28.07,42.56,1008.38
2225,200.16,28.46,28.07,42.56,1008.38
2226,200.25,28.45,28.07,42.56,1008.38
2227,200.34,28.45,28.08,42.54,1008.38
2228,200.43,28.45,28.09,42.55,1008.38
2229,200.52,28.45,28.09,42.55,1008.38
2230,200.61,28.45,28.09,42.53,1008.38
2231,200.70,28.45,28.08,42.53,1008.37
2232,200.79,28.44,28.09,42.53,1008.37
2233,200.88,28.44,28.09,42.53,1008.38
2234,200.97,28.44,28.08,42.54,1008.37
2235,201.06,28.44,28.08,42.55,1008.36
2236,201.15,28.44,28.08,42.56,1008.36
2237,201.24,28.44,28.09,42.55,1008.36
2238,201.33,28.44,28.10,42.54,1008.35
2239,201.42,28.44,28.09,42.53,1008.35
2240,201.51,28.43,28.08,42.54,1008.35
2241,201.60,28.43,28.08,42.55,1008.35
2242,201.69,28.43,28.09,42.55,1008.35
2243,201.78,28.42,28.10,42.55,1008.35
2244,201.87,28.43,28.10,42.56,1008.35
2245,201.96,28.43,28.10,42.56,1008.36
2246,202.05,28.43,28.11,42.57,1008.36
2247,202.14,28.43,28.11,42.57,1008.36
2248,202.23,28.43,28.12,42.58,1008.37
2249,202.32,28.44,28.11,42.58,1008.38
2250,202.41,28.44,28.11,42.58,1008.39
2251,202.50,28.43,28.12,42.58,1008.39
2252,202.59,28.42,28.10,42.59,1008.38
2253,202.68,28.43,28.09,42.59,1008.38
2254,202.77,28.42,28.10,42.60,1008.38
2255,202.86,28.43,28.10,42.60,1008.37
2256,202.95,28.43,28.10,42.57,1008.38
2257,203.04,28.43,28.10,42.59,1008.38
2258,203.13,28.44,28.10,42.59,1008.38
2259,203.22,28.44,28.09,42.60,1008.38
2260,203.31,28.45,28.07,42.60,1008.39
2261,203.40,28.45,28.08,42.60,1008.40
2262,203.49,28.44,28.09,42.60,1008.40
2263,203.58,28.44,28.10,42.60,1008.40
2264,203.67,28.44,28.10,42.60,1008.40
2265,203.76,28.44,28.11,42.59,1008.40
2266,203.85,28.43,28.09,42.58,1008.40
2267,203.94,28.44,28.09,42.58,1008.40
2268,204.03,28.44,28.10,42.59,1008.38
2269,204.12,28.44,28.09,42.59,1008.40
2270,204.21,28.44,28.09,42.60,1008.40
2271,204.30,28.43,28.07,42.59,1008.40
2272,204.39,28.43,28.07,42.59,1008.41
2273,204.48,28.44,28.07,42.59,1008.42
2274,204.57,28.43,28.07,42.58,1008.40
2275,204.66,28.43,28.07,42.60,1008.40
2276,204.75,28.43,28.08,42.59,1008.40
2277,204.84,28.43,28.08,42.59,1008.40
2278,204.93,28.43,28.08,42.59,1008.40
2279,205.02,28.42,28.08,42.59,1008.39
2280,205.11,28.42,28.08,42.57,1008.40
2281,205.20,28.41,28.08,42.57,1008.39
2282,205.29,28.41,28.08,42.55,1008.39
2283,205.38,28.41,28.07,42.55,1008.38
2284,205.47,28.41,28.06,42.53,1008.38
2285,205.56,28.41,28.05,42.52,1008.38
2286,205.65,28.40,28.06,42.51,1008.37
2287,205.74,28.41,28.06,42.51,1008.38
2288,205.83,28.41,28.05,42.50,1008.37
2289,205.92,28.42,28.05,42.53,1008.37
2290,206.01,28.42,28.05,42.53,1008.37
2291,206.10,28.43,28.05,42.52,1008.36
2292,206.19,28.43,28.05,42.52,1008.36
2293,206.28,28.43,28.06,42.51,1008.36
2294,206.37,28.44,28.06,42.51,1008.36
2295,206.46,28.44,28.06,42.51,1008.36
2296,206.55,28.44,28.06,42.49,1008.35
2297,206.64,28.43,28.05,42.50,1008.35
2298,206.73,28.43,28.05,42.52,1008.35
2299,206.82,28.43,28.05,42.52,1008.35
2300,206.91,28.43,28.05,42.53,1008.35
2301,207.00,28.43,28.05,42.53,1008.35
2302,207.09,28.43,28.04,42.54,1008.35
2303,207.18,28.44,28.04,42.54,1008.35
2304,207.27,28.44,28.05,42.55,1008.36
2305,207.36,28.43,28.05,42.55,1008.36
2306,207.45,28.43,28.04,42.55,1008.36
2307,207.54,28.43,28.04,42.52,1008.37
2308,207.63,28.42,28.05,42.53,1008.37
2309,207.72,28.42,28.06,42.53,1008.37
2310,207.81,28.42,28.05,42.51,1008.38
2311,207.90,28.41,28.05,42.50,1008.37
2312,207.99,28.40,28.05,42.51,1008.37
2313,208.08,28.39,28.05,42.49,1008.37
2314,208.17,28.39,28.06,42.49,1008.37
2315,208.26,28.38,28.05,42.50,1008.37
2316,208.35,28.37,28.04,42.51,1008.36
2317,208.44,28.37,28.05,42.51,1008.36
2318,208.53,28.37,28.05,42.52,1008.37
2319,208.62,28.37,28.06,42.52,1008.37
2320,208.71,28.37,28.06,42.52,1008.38
2321,208.80,28.36,28.05,42.52,1008.38
2322,208.89,28.35,28.05,42.52,1008.37
2323,208.98,28.35,28.05,42.52,1008.38
2324,209.07,28.34,28.06,42.52,1008.38
2325,209.16,28.34,28.06,42.52,1008.38
2326,209.25,28.35,28.05,42.53,1008.37
2327,209.34,28.35,28.06,42.54,1008.38
2328,209.43,28.34,28.06,42.54,1008.38
2329,209.52,28.34,28.05,42.54,1008.40
2330,209.61,28.34,28.05,42.54,1008.39
2331,209.70,28.34,28.05,42.54,1008.39
2332,209.79,28.34,28.04,42.53,1008.39
2333,209.88,28.35,28.02,42.53,1008.38
2334,209.97,28.35,28.03,42.52,1008.38
2335,210.06,28.36,28.04,42.52,1008.39
2336,210.15,28.37,28.04,42.53,1008.39
2337,210.24,28.37,28.03,42.52,1008.40
2338,210.33,28.37,28.01,42.53,1008.40
2339,210.42,28.37,28.01,42.54,1008.39
2340,210.51,28.37,28.02,42.55,1008.39
2341,210.60,28.37,28.03,42.54,1008.39
2342,210.69,28.37,28.03,42.53,1008.39
2343,210.78,28.37,28.03,42.53,1008.38
2344,210.87,28.36,28.03,42.53,1008.39
2345,210.96,28.35,28.02,42.51,1008.39
2346,211.05,28.35,28.03,42.51,1008.39
2347,211.14,28.36,28.02,42.51,1008.40
2348,211.23,28.35,28.02,42.51,1008.40
2349,211.32,28.35,28.04,42.51,1008.40
2350,211.41,28.34,28.04,42.52,1008.40
2351,211.50,28.34,28.03,42.53,1008.40
2352,211.59,28.33,28.02,42.54,1008.39
2353,211.68,28.34,28.01,42.54,1008.39
2354,211.77,28.34,28.01,42.55,1008.38
2355,211.86,28.35,28.00,42.54,1008.38
2356,211.95,28.35,28.00,42.55,1008.38
2357,212.04,28.35,28.00,42.56,1008.36
2358,212.13,28.35,28.00,42.56,1008.36
2359,212.22,28.35,28.00,42.54,1008.36
2360,212.31,28.35,28.00,42.54,1008.36
2361,212.40,28.36,28.01,42.55,1008.36
2362,212.49,28.36,28.01,42.54,1008.35
2363,212.58,28.36,28.01,42.54,1008.35
2364,212.67,28.36,28.01,42.56,1008.34
2365,212.76,28.35,28.01,42.57,1008.34
2366,212.85,28.36,28.00,42.58,1008.34
2367,212.94,28.36,28.00,42.57,1008.35
2368,213.03,28.35,28.02,42.56,1008.35
2369,213.12,28.36,28.02,42.55,1008.34
2370,213.21,28.36,28.02,42.55,1008.35
2371,213.30,28.35,28.02,42.55,1008.35
2372,213.39,28.36,28.01,42.54,1008.35
2373,213.48,28.36,28.00,42.57,1008.35
2374,213.57,28.36,28.00,42.58,1008.35
2375,213.66,28.37,28.00,42.57,1008.34
2376,213.75,28.37,28.00,42.59,1008.34
2377,213.84,28.37,28.00,42.59,1008.34
2378,213.93,28.37,27.99,42.58,1008.34
2379,214.02,28.37,27.99,42.59,1008.34
2380,214.11,28.37,27.99,42.59,1008.34
2381,214.20,28.38,27.99,42.59,1008.34
2382,214.29,28.39,27.99,42.58,1008.34
2383,214.38,28.39,27.99,42.60,1008.33
2384,214.47,28.39,27.99,42.59,1008.33
2385,214.56,28.39,27.99,42.57,1008.34
2386,214.65,28.39,28.00,42.58,1008.35
2387,214.74,28.39,28.00,42.59,1008.35
2388,214.83,28.39,28.00,42.59,1008.36
2389,214.92,28.39,28.00,42.60,1008.36
2390,215.01,28.38,28.00,42.61,1008.35
2391,215.10,28.37,27.99,42.61,1008.34
2392,215.19,28.37,28.00,42.62,1008.35
2393,215.28,28.37,28.00,42.61,1008.35
2394,215.37,28.37,28.00,42.61,1008.35
2395,215.46,28.36,28.01,42.62,1008.36
2396,215.55,28.36,28.00,42.63,1008.37
2397,215.64,28.36,28.01,42.64,1008.37
2398,215.73,28.36,28.01,42.62,1008.36
2399,215.82,28.36,28.01,42.62,1008.37
2400,215.91,28.36,28.01,42.62,1008.36
2401,216.00,28.36,28.01,42.63,1008.36
2402,216.09,28.36,28.01,42.64,1008.36
2403,216.18,28.35,28.02,42.65,1008.37
2404,216.27,28.36,28.02,42.65,1008.37
2405,216.36,28.36,28.02,42.64,1008.37
2406,216.45,28.36,28.02,42.63,1008.38
2407,216.54,28.35,28.02,42.62,1008.37
2408,216.63,28.36,28.02,42.62,1008.37
2409,216.72,28.36,28.02,42.62,1008.37
2410,216.81,28.38,28.02,42.60,1008.37
2411,216.90,28.38,28.02,42.61,1008.39
2412,216.99,28.37,28.02,42.59,1008.39
2413,217.08,28.36,28.01,42.59,1008.39
2414,217.17,28.36,28.00,42.59,1008.39
2415,217.26,28.36,28.01,42.60,1008.38
2416,217.35,28.36,28.00,42.60,1008.38
2417,217.44,28.35,28.01,42.61,1008.38
2418,217.53,28.35,28.00,42.60,1008.38
2419,217.62,28.34,28.01,42.59,1008.37
2420,217.71,28.33,28.01,42.60,1008.37
2421,217.80,28.32,28.01,42.58,1008.37
2422,217.89,28.32,28.01,42.59,1008.36
2423,217.98,28.32,28.01,42.58,1008.36
2424,218.07,28.32,28.03,42.58,1008.36
2425,218.16,28.32,28.03,42.58,1008.36
2426,218.25,28.32,28.02,42.58,1008.35
2427,218.34,28.31,28.03,42.56,1008.35
2428,218.43,28.31,28.03,42.56,1008.34
2429,218.52,28.31,28.01,42.57,1008.34
2430,218.61,28.30,28.00,42.58,1008.34
2431,218.70,28.31,28.02,42.58,1008.35
2432,218.79,28.30,28.01,42.58,1008.35
2433,218.88,28.30,28.02,42.57,1008.34
2434,218.97,28.30,28.02,42.56,1008.34
2435,219.06,28.29,28.01,42.56,1008.36
2436,219.15,28.29,28.00,42.55,1008.36
2437,219.24,28.29,27.99,42.56,1008.37
2438,219.33,28.29,27.98,42.56,1008.36
2439,219.42,28.28,27.97,42.55,1008.35
2440,219.51,28.28,27.97,42.56,1008.35
2441,219.60,28.29,27.95,42.56,1008.35
2442,219.69,28.29,27.94,42.56,1008.35
2443,219.78,28.29,27.94,42.55,1008.35
2444,219.87,28.29,27.93,42.57,1008.36
2445,219.96,28.29,27.92,42.58,1008.36
2446,220.05,28.29,27.90,42.57,1008.35
2447,220.14,28.29,27.90,42.56,1008.35
2448,220.23,28.30,27.91,42.56,1008.35
2449,220.32,28.30,27.92,42.57,1008.35
2450,220.41,28.30,27.93,42.55,1008.34
2451,220.50,28.30,27.93,42.55,1008.34
2452,220.59,28.29,27.94,42.56,1008.35
2453,220.68,28.29,27.95,42.57,1008.36
2454,220.77,28.29,27.95,42.57,1008.36
2455,220.86,28.29,27.96,42.57,1008.36
2456,220.95,28.29,27.95,42.59,1008.37
2457,221.04,28.29,27.94,42.61,1008.37
2458,221.13,28.30,27.95,42.60,1008.37
2459,221.22,28.29,27.95,42.60,1008.37
2460,221.31,28.30,27.95,42.60,1008.37
2461,221.40,28.30,27.96,42.59,1008.37
2462,221.49,28.30,27.96,42.60,1008.37
2463,221.58,28.30,27.96,42.60,1008.38
2464,221.67,28.29,27.96,42.60,1008.38
2465,221.76,28.31,27.97,42.61,1008.38
2466,221.85,28.31,27.98,42.62,1008.38
2467,221.94,28.30,27.98,42.63,1008.38
2468,222.03,28.30,27.98,42.64,1008.38
2469,222.12,28.31,27.98,42.64,1008.37
2470,222.21,28.30,27.97,42.64,1008.38
2471,222.30,28.30,27.96,42.64,1008.38
2472,222.39,28.29,27.95,42.64,1008.38
2473,222.48,28.29,27.95,42.63,1008.39
2474,222.57,28.29,27.94,42.63,1008.39
2475,222.66,28.29,27.95,42.61,1008.39
2476,222.75,28.29,27.96,42.60,1008.39
2477,222.84,28.28,27.96,42.61,1008.38
2478,222.93,28.27,27.96,42.60,1008.39
2479,223.02,28.27,27.95,42.61,1008.39
2480,223.11,28.27,27.95,42.60,1008.38
2481,223.20,28.27,27.96,42.61,1008.38
2482,223.29,28.28,27.96,42.62,1008.39
2483,223.38,28.27,27.96,42.63,1008.38
2484,223.47,28.27,27.95,42.62,1008.38
2485,223.56,28.28,27.97,42.63,1008.38
2486,223.65,28.28,27.97,42.63,1008.37
2487,223.74,28.28,27.97,42.64,1008.37
2488,223.83,28.28,27.98,42.64,1008.38
2489,223.92,28.29,28.00,42.64,1008.38
2490,224.01,28.30,28.00,42.65,1008.37
2491,224.10,28.29,28.00,42.65,1008.37
2492,224.19,28.29,28.00,42.65,1008.37
2493,224.28,28.30,28.00,42.65,1008.37
2494,224.37,28.30,27.99,42.65,1008.37
2495,224.46,28.29,27.99,42.66,1008.37
2496,224.55,28.30,28.00,42.66,1008.37
2497,224.64,28.29,28.00,42.65,1008.36
2498,224.73,28.29,28.00,42.66,1008.36
2499,224.82,28.30,27.99,42.65,1008.37
2500,224.91,28.30,27.99,42.65,1008.37
2501,225.00,28.31,27.98,42.66,1008.37
2502,225.09,28.30,27.97,42.65,1008.37
2503,225.18,28.31,27.97,42.65,1008.37
2504,225.27,28.31,27.96,42.65,1008.37
2505,225.36,28.31,27.95,42.64,1008.36
2506,225.45,28.31,27.95,42.65,1008.36
2507,225.54,28.30,27.96,42.64,1008.36
2508,225.63,28.31,27.96,42.63,1008.36
2509,225.72,28.30,27.96,42.65,1008.36
2510,225.81,28.30,27.96,42.65,1008.36
2511,225.90,28.29,27.95,42.65,1008.36
2512,225.99,28.29,27.95,42.63,1008.36
2513,226.08,28.28,27.96,42.64,1008.36
2514,226.17,28.29,27.96,42.66,1008.36
2515,226.26,28.30,27.97,42.66,1008.36
2516,226.35,28.30,27.96,42.65,1008.36
2517,226.44,28.30,27.96,42.64,1008.36
2518,226.53,28.30,27.96,42.64,1008.36
2519,226.62,28.30,27.95,42.63,1008.36
2520,226.71,28.29,27.95,42.63,1008.37
2521,226.80,28.30,27.94,42.63,1008.37
2522,226.89,28.29,27.95,42.64,1008.37
2523,226.98,28.29,27.95,42.64,1008.37
2524,227.07,28.29,27.94,42.64,1008.35
2525,227.16,28.28,27.94,42.63,1008.35
2526,227.25,28.28,27.93,42.64,1008.36
2527,227.34,28.28,27.94,42.65,1008.37
2528,227.43,28.28,27.94,42.63,1008.36
2529,227.52,28.28,27.94,42.62,1008.36
2530,227.61,28.29,27.95,42.62,1008.36
2531,227.70,28.29,27.95,42.62,1008.36
2532,227.79,28.29,27.94,42.62,1008.37
2533,227.88,28.29,27.95,42.64,1008.36
2534,227.97,28.29,27.95,42.64,1008.39
2535,228.06,28.28,27.95,42.63,1008.38
2536,228.15,28.28,27.96,42.63,1008.38
2537,228.24,28.28,27.95,42.62,1008.38
2538,228.33,28.28,27.95,42.63,1008.38
2539,228.42,28.28,27.94,42.64,1008.39
2540,228.51,28.27,27.94,42.63,1008.38
2541,228.60,28.27,27.94,42.63,1008.37
2542,228.69,28.25,27.94,42.64,1008.38
2543,228.78,28.24,27.93,42.63,1008.38
2544,228.87,28.24,27.92,42.62,1008.39
2545,228.96,28.24,27.92,42.60,1008.39
2546,229.05,28.24,27.92,42.61,1008.39
2547,229.14,28.25,27.92,42.60,1008.38
2548,229.23,28.25,27.92,42.60,1008.38
2549,229.32,28.25,27.93,42.60,1008.38
2550,229.41,28.26,27.92,42.60,1008.39
2551,229.50,28.26,27.92,42.60,1008.39
2552,229.59,28.25,27.93,42.60,1008.39
2553,229.68,28.24,27.95,42.59,1008.38
2554,229.77,28.24,27.94,42.57,1008.39
2555,229.86,28.23,27.94,42.57,1008.38
2556,229.95,28.23,27.94,42.57,1008.38
2557,230.04,28.23,27.95,42.56,1008.38
2558,230.13,28.23,27.95,42.57,1008.39
2559,230.22,28.22,27.94,42.57,1008.39
2560,230.31,28.23,27.93,42.57,1008.39
2561,230.40,28.23,27.93,42.57,1008.39
2562,230.49,28.23,27.93,42.57,1008.39
2563,230.58,28.23,27.91,42.57,1008.39
2564,230.67,28.23,27.92,42.57,1008.39
2565,230.76,28.23,27.93,42.58,1008.39
2566,230.85,28.23,27.94,42.60,1008.38
2567,230.94,28.23,27.94,42.59,1008.38
2568,231.03,28.23,27.95,42.58,1008.39
2569,231.12,28.23,27.94,42.57,1008.38
2570,231.21,28.23,27.95,42.57,1008.38
2571,231.30,28.23,27.95,42.57,1008.38
2572,231.39,28.24,27.96,42.58,1008.38
2573,231.48,28.22,27.96,42.59,1008.38
2574,231.57,28.23,27.96,42.60,1008.38
2575,231.66,28.23,27.96,42.61,1008.38
2576,231.75,28.24,27.95,42.59,1008.38
2577,231.84,28.23,27.97,42.58,1008.37
2578,231.93,28.24,27.97,42.58,1008.38
2579,232.02,28.25,27.97,42.58,1008.37
2580,232.11,28.25,27.97,42.58,1008.37
2581,232.20,28.26,27.96,42.58,1008.37
2582,232.29,28.27,27.95,42.59,1008.36
2583,232.38,28.26,27.95,42.58,1008.36
2584,232.47,28.27,27.94,42.60,1008.37
2585,232.56,28.27,27.93,42.60,1008.36
2586,232.65,28.27,27.92,42.59,1008.36
2587,232.74,28.27,27.93,42.60,1008.37
2588,232.83,28.27,27.92,42.59,1008.36
2589,232.92,28.26,27.92,42.60,1008.36
2590,233.01,28.26,27.94,42.60,1008.36
2591,233.10,28.26,27.94,42.61,1008.36
2592,233.19,28.26,27.95,42.59,1008.35
2593,233.28,28.26,27.94,42.60,1008.35
2594,233.37,28.26,27.94,42.59,1008.36
2595,233.46,28.26,27.94,42.59,1008.35
2596,233.55,28.26,27.94,42.59,1008.35
2597,233.64,28.24,27.94,42.61,1008.35
2598,233.73,28.24,27.92,42.62,1008.35
2599,233.82,28.24,27.93,42.61,1008.34
2600,233.91,28.25,27.93,42.62,1008.35
2601,234.00,28.25,27.92,42.61,1008.35
2602,234.09,28.24,27.92,42.61,1008.36
2603,234.18,28.23,27.91,42.61,1008.35
2604,234.27,28.23,27.90,42.61,1008.35
2605,234.36,28.23,27.91,42.63,1008.36
2606,234.45,28.23,27.91,42.62,1008.36
2607,234.54,28.23,27.91,42.62,1008.36
2608,234.63,28.24,27.91,42.62,1008.36
2609,234.72,28.24,27.91,42.61,1008.36
2610,234.81,28.24,27.91,42.62,1008.36
2611,234.90,28.24,27.91,42.61,1008.37
2612,234.99,28.24,27.92,42.62,1008.38
2613,235.08,28.23,27.92,42.62,1008.38
2614,235.17,28.23,27.92,42.61,1008.38
2615,235.26,28.23,27.92,42.61,1008.38
2616,235.35,28.23,27.92,42.61,1008.38
2617,235.44,28.23,27.92,42.61,1008.38
2618,235.53,28.22,27.92,42.59,1008.38
2619,235.62,28.23,27.93,42.58,1008.38
2620,235.71,28.23,27.92,42.58,1008.38
2621,235.80,28.23,27.93,42.59,1008.39
2622,235.89,28.24,27.92,42.58,1008.39
2623,235.98,28.24,27.91,42.58,1008.39
2624,236.07,28.25,27.92,42.57,1008.39
2625,236.16,28.24,27.91,42.57,1008.39
2626,236.25,28.24,27.90,42.59,1008.39
2627,236.34,28.23,27.90,42.58,1008.39
2628,236.43,28.23,27.89,42.58,1008.38
2629,236.52,28.24,27.89,42.56,1008.39
2630,236.61,28.23,27.90,42.54,1008.39
2631,236.70,28.23,27.90,42.53,1008.38
2632,236.79,28.23,27.91,42.52,1008.39
2633,236.88,28.23,27.90,42.52,1008.39
2634,236.97,28.23,27.89,42.53,1008.39
2635,237.06,28.23,27.89,42.53,1008.40
2636,237.15,28.23,27.90,42.51,1008.40
2637,237.24,28.23,27.90,42.49,1008.39
2638,237.33,28.23,27.91,42.49,1008.39
2639,237.42,28.23,27.91,42.51,1008.38
2640,237.51,28.24,27.92,42.51,1008.38
2641,237.60,28.24,27.92,42.52,1008.38
2642,237.69,28.24,27.93,42.53,1008.38
2643,237.78,28.24,27.94,42.54,1008.37
2644,237.87,28.24,27.94,42.55,1008.36
2645,237.96,28.25,27.94,42.55,1008.36
2646,238.05,28.24,27.94,42.56,1008.36
2647,238.14,28.25,27.94,42.56,1008.36
2648,238.23,28.26,27.94,42.56,1008.35
2649,238.32,28.27,27.93,42.55,1008.35
2650,238.41,28.26,27.93,42.57,1008.34
2651,238.50,28.26,27.92,42.57,1008.34
2652,238.59,28.26,27.92,42.57,1008.33
2653,238.68,28.26,27.93,42.57,1008.33
2654,238.77,28.24,27.93,42.58,1008.33
2655,238.86,28.25,27.94,42.59,1008.33
2656,238.95,28.25,27.93,42.59,1008.33
2657,239.04,28.25,27.94,42.58,1008.34
2658,239.13,28.24,27.94,42.59,1008.33
2659,239.22,28.24,27.94,42.60,1008.33
2660,239.31,28.24,27.93,42.60,1008.33
2661,239.40,28.24,27.93,42.61,1008.34
2662,239.49,28.24,27.93,42.61,1008.35
2663,239.58,28.24,27.92,42.63,1008.35
2664,239.67,28.23,27.93,42.62,1008.35
2665,239.76,28.23,27.93,42.61,1008.34
2666,239.85,28.23,27.93,42.61,1008.35
2667,239.94,28.23,27.92,42.61,1008.35
2668,240.03,28.23,27.91,42.60,1008.36
2669,240.12,28.23,27.90,42.61,1008.35
2670,240.21,28.23,27.90,42.61,1008.36
2671,240.30,28.23,27.90,42.62,1008.36
2672,240.39,28.24,27.90,42.62,1008.35
2673,240.48,28.23,27.90,42.63,1008.35
2674,240.57,28.24,27.90,42.65,1008.36
2675,240.66,28.25,27.90,42.65,1008.36
2676,240.75,28.26,27.90,42.65,1008.37
2677,240.84,28.26,27.90,42.66,1008.37
2678,240.93,28.26,27.89,42.65,1008.38
2679,241.02,28.26,27.89,42.66,1008.38
2680,241.11,28.24,27.87,42.67,1008.38
2681,241.20,28.25,27.87,42.65,1008.38
2682,241.29,28.23,27.86,42.64,1008.39
2683,241.38,28.24,27.87,42.66,1008.39
2684,241.47,28.24,27.87,42.66,1008.38
2685,241.56,28.24,27.87,42.66,1008.39
2686,241.65,28.24,27.87,42.66,1008.38
2687,241.74,28.23,27.88,42.67,1008.39
2688,241.83,28.23,27.89,42.67,1008.40
2689,241.92,28.24,27.88,42.65,1008.39
2690,242.01,28.24,27.87,42.65,1008.40
2691,242.10,28.24,27.88,42.65,1008.39
2692,242.19,28.25,27.89,42.65,1008.39
2693,242.28,28.24,27.89,42.64,1008.39
2694,242.37,28.23,27.88,42.64,1008.39
2695,242.46,28.23,27.87,42.64,1008.39
2696,242.55,28.22,27.87,42.63,1008.39
2697,242.64,28.23,27.87,42.63,1008.39
2698,242.73,28.22,27.86,42.62,1008.38
2699,242.82,28.22,27.85,42.64,1008.37
2700,242.91,28.22,27.87,42.63,1008.37
2701,243.00,28.21,27.87,42.64,1008.37
2702,243.09,28.21,27.87,42.64,1008.37
2703,243.18,28.21,27.86,42.65,1008.37
2704,243.27,28.22,27.87,42.64,1008.37
2705,243.36,28.22,27.88,42.63,1008.37
2706,243.45,28.21,27.89,42.63,1008.36
2707,243.54,28.22,27.87,42.63,1008.35
2708,243.63,28.21,27.87,42.63,1008.34
2709,243.72,28.21,27.88,42.63,1008.34
2710,243.81,28.21,27.89,42.64,1008.34
2711,243.90,28.21,27.88,42.65,1008.34
2712,243.99,28.21,27.89,42.65,1008.34
2713,244.08,28.21,27.89,42.65,1008.34
2714,244.17,28.21,27.89,42.66,1008.34
2715,244.26,28.21,27.89,42.64,1008.34
2716,244.35,28.20,27.91,42.65,1008.35
2717,244.44,28.20,27.91,42.66,1008.34
2718,244.53,28.20,27.92,42.66,1008.33
2719,244.62,28.20,27.92,42.66,1008.33
2720,244.71,28.20,27.92,42.66,1008.33
2721,244.80,28.20,27.91,42.65,1008.34
2722,244.89,28.19,27.91,42.64,1008.34
2723,244.98,28.19,27.91,42.65,1008.34
2724,245.07,28.19,27.91,42.64,1008.34
2725,245.16,28.18,27.90,42.63,1008.34
2726,245.25,28.18,27.91,42.63,1008.35
2727,245.34,28.17,27.91,42.62,1008.35
2728,245.43,28.16,27.91,42.61,1008.36
2729,245.52,28.16,27.92,42.61,1008.36
2730,245.61,28.16,27.93,42.60,1008.36
2731,245.70,28.16,27.94,42.62,1008.37
2732,245.79,28.16,27.93,42.60,1008.36
2733,245.88,28.17,27.93,42.60,1008.37
2734,245.97,28.17,27.93,42.60,1008.37
2735,246.06,28.17,27.90,42.61,1008.37
2736,246.15,28.17,27.90,42.62,1008.36
2737,246.24,28.15,27.90,42.62,1008.36
2738,246.33,28.15,27.91,42.62,1008.36
2739,246.42,28.15,27.90,42.62,1008.37
2740,246.51,28.15,27.90,42.63,1008.37
2741,246.60,28.15,27.90,42.63,1008.38
2742,246.69,28.15,27.90,42.63,1008.38
2743,246.78,28.15,27.90,42.63,1008.39
2744,246.87,28.14,27.90,42.61,1008.39
2745,246.96,28.14,27.91,42.61,1008.38
2746,247.05,28.15,27.91,42.62,1008.39
2747,247.14,28.15,27.92,42.62,1008.39
2748,247.23,28.16,27.91,42.62,1008.39
2749,247.32,28.16,27.92,42.60,1008.39
2750,247.41,28.16,27.92,42.59,1008.38
2751,247.50,28.17,27.91,42.60,1008.38
2752,247.59,28.17,27.90,42.59,1008.39
2753,247.68,28.17,27.91,42.59,1008.39
2754,247.77,28.17,27.92,42.59,1008.39
2755,247.86,28.18,27.93,42.59,1008.38
2756,247.95,28.18,27.93,42.57,1008.39
2757,248.04,28.19,27.93,42.56,1008.39
2758,248.13,28.19,27.92,42.57,1008.40
2759,248.22,28.18,27.93,42.57,1008.40
2760,248.31,28.18,27.93,42.58,1008.39
2761,248.40,28.18,27.93,42.60,1008.40
2762,248.49,28.18,27.94,42.60,1008.40
2763,248.58,28.18,27.93,42.60,1008.40
2764,248.67,28.19,27.93,42.61,1008.39
2765,248.76,28.19,27.92,42.63,1008.39
2766,248.85,28.20,27.92,42.64,1008.39
2767,248.94,28.20,27.91,42.63,1008.37
2768,249.03,28.19,27.91,42.63,1008.37
2769,249.12,28.19,27.90,42.63,1008.36
2770,249.21,28.20,27.90,42.64,1008.36
2771,249.30,28.19,27.90,42.64,1008.36
2772,249.39,28.19,27.90,42.65,1008.36
2773,249.48,28.19,27.89,42.64,1008.36
2774,249.57,28.19,27.89,42.65,1008.36
2775,249.66,28.18,27.89,42.65,1008.36
2776,249.75,28.19,27.88,42.65,1008.36
2777,249.84,28.19,27.88,42.64,1008.36
2778,249.93,28.18,27.86,42.64,1008.36
2779,250.02,28.18,27.87,42.63,1008.36
2780,250.11,28.18,27.87,42.63,1008.36
2781,250.20,28.18,27.88,42.63,1008.36
2782,250.29,28.19,27.88,42.64,1008.36
2783,250.38,28.18,27.87,42.64,1008.36
2784,250.47,28.18,27.87,42.64,1008.36
2785,250.56,28.19,27.88,42.63,1008.36
2786,250.65,28.19,27.88,42.62,1008.36
2787,250.74,28.19,27.88,42.61,1008.36
2788,250.83,28.20,27.88,42.61,1008.36
2789,250.92,28.20,27.88,42.62,1008.36
2790,251.01,28.20,27.88,42.63,1008.35
2791,251.10,28.20,27.88,42.63,1008.35
2792,251.19,28.20,27.88,42.62,1008.35
2793,251.28,28.20,27.88,42.62,1008.36
2794,251.37,28.18,27.89,42.62,1008.36
2795,251.46,28.18,27.88,42.62,1008.36
2796,251.55,28.17,27.87,42.63,1008.36
2797,251.64,28.17,27.86,42.62,1008.37
2798,251.73,28.18,27.87,42.63,1008.37
2799,251.82,28.18,27.88,42.63,1008.38
2800,251.91,28.18,27.87,42.63,1008.38
2801,252.00,28.18,27.87,42.62,1008.38
2802,252.09,28.17,27.87,42.62,1008.38
2803,252.18,28.16,27.86,42.64,1008.38
2804,252.27,28.16,27.86,42.64,1008.37
2805,252.36,28.16,27.86,42.64,1008.38
2806,252.45,28.16,27.86,42.65,1008.37
2807,252.54,28.15,27.87,42.63,1008.37
2808,252.63,28.15,27.86,42.63,1008.37
2809,252.72,28.15,27.86,42.62,1008.38
2810,252.81,28.15,27.87,42.62,1008.38
2811,252.90,28.16,27.87,42.62,1008.39
2812,252.99,28.16,27.87,42.62,1008.39
2813,253.08,28.16,27.88,42.62,1008.39
2814,253.17,28.16,27.89,42.61,1008.39
2815,253.26,28.15,27.89,42.61,1008.39
2816,253.35,28.16,27.89,42.62,1008.39
2817,253.44,28.16,27.89,42.62,1008.38
2818,253.53,28.15,27.90,42.63,1008.39
2819,253.62,28.15,27.90,42.63,1008.40
2820,253.71,28.15,27.90,42.65,1008.40
2821,253.80,28.15,27.89,42.65,1008.40
2822,253.89,28.15,27.89,42.64,1008.40
2823,253.98,28.15,27.89,42.63,1008.40
2824,254.07,28.15,27.89,42.63,1008.40
2825,254.16,28.15,27.90,42.63,1008.39
2826,254.25,28.15,27.89,42.64,1008.40
2827,254.34,28.15,27.88,42.65,1008.40
2828,254.43,28.15,27.89,42.66,1008.39
2829,254.52,28.15,27.88,42.67,1008.38
2830,254.61,28.15,27.89,42.67,1008.38
2831,254.70,28.15,27.88,42.66,1008.38
2832,254.79,28.14,27.88,42.65,1008.38
2833,254.88,28.13,27.88,42.64,1008.38
2834,254.97,28.13,27.86,42.63,1008.38
2835,255.06,28.13,27.86,42.62,1008.37
2836,255.15,28.12,27.86,42.63,1008.37
2837,255.24,28.12,27.86,42.63,1008.37
2838,255.33,28.13,27.86,42.64,1008.36
2839,255.42,28.13,27.85,42.65,1008.36
2840,255.51,28.13,27.85,42.66,1008.36
2841,255.60,28.13,27.87,42.68,1008.36
2842,255.69,28.13,27.86,42.69,1008.37
2843,255.78,28.13,27.86,42.70,1008.37
2844,255.87,28.13,27.86,42.70,1008.36
2845,255.96,28.12,27.87,42.69,1008.36
2846,256.05,28.12,27.88,42.68,1008.36
2847,256.14,28.12,27.88,42.68,1008.36
2848,256.23,28.12,27.87,42.67,1008.37
2849,256.32,28.13,27.86,42.67,1008.37
2850,256.41,28.13,27.86,42.67,1008.37
2851,256.50,28.12,27.84,42.66,1008.37
2852,256.59,28.12,27.83,42.64,1008.36
2853,256.68,28.12,27.84,42.65,1008.36
2854,256.77,28.12,27.85,42.66,1008.36
2855,256.86,28.13,27.85,42.66,1008.36
2856,256.95,28.13,27.85,42.65,1008.37
2857,257.04,28.13,27.84,42.64,1008.37
2858,257.13,28.11,27.84,42.64,1008.37
2859,257.22,28.12,27.84,42.63,1008.37
2860,257.31,28.13,27.83,42.63,1008.36
2861,257.40,28.14,27.83,42.63,1008.36
2862,257.49,28.14,27.83,42.62,1008.35
2863,257.58,28.14,27.83,42.62,1008.35
2864,257.67,28.15,27.84,42.62,1008.35
2865,257.76,28.15,27.84,42.62,1008.35
2866,257.85,28.15,27.83,42.61,1008.36
2867,257.94,28.16,27.82,42.61,1008.36
2868,258.03,28.16,27.82,42.59,1008.35
2869,258.12,28.17,27.81,42.59,1008.35
2870,258.21,28.15,27.82,42.60,1008.36
2871,258.30,28.17,27.83,42.61,1008.35
2872,258.39,28.16,27.82,42.62,1008.35
2873,258.48,28.16,27.84,42.62,1008.35
2874,258.57,28.16,27.84,42.63,1008.34
2875,258.66,28.16,27.82,42.66,1008.35
2876,258.75,28.16,27.82,42.65,1008.34
2877,258.84,28.16,27.81,42.65,1008.34
2878,258.93,28.16,27.81,42.65,1008.34
2879,259.02,28.16,27.80,42.66,1008.35
2880,259.11,28.16,27.80,42.64,1008.35
2881,259.20,28.16,27.81,42.64,1008.35
2882,259.29,28.15,27.82,42.64,1008.35
2883,259.38,28.14,27.82,42.64,1008.36
2884,259.47,28.13,27.83,42.64,1008.36
2885,259.56,28.13,27.81,42.65,1008.35
2886,259.65,28.14,27.83,42.65,1008.36
2887,259.74,28.15,27.82,42.64,1008.37
2888,259.83,28.15,27.83,42.65,1008.37
2889,259.92,28.15,27.83,42.65,1008.37
2890,260.01,28.16,27.83,42.63,1008.36
2891,260.10,28.15,27.83,42.63,1008.36
2892,260.19,28.16,27.83,42.63,1008.37
2893,260.28,28.16,27.84,42.63,1008.37
2894,260.37,28.16,27.83,42.62,1008.36
2895,260.46,28.16,27.83,42.63,1008.36
2896,260.55,28.15,27.83,42.63,1008.37
2897,260.64,28.15,27.84,42.63,1008.37
2898,260.73,28.15,27.84,42.63,1008.37
2899,260.82,28.15,27.84,42.62,1008.36
2900,260.91,28.15,27.84,42.63,1008.37
2901,261.00,28.15,27.84,42.64,1008.36
2902,261.09,28.14,27.84,42.65,1008.37
2903,261.18,28.15,27.84,42.67,1008.37
2904,261.27,28.15,27.84,42.67,1008.37
2905,261.36,28.15,27.85,42.66,1008.38
2906,261.45,28.14,27.84,42.67,1008.37
2907,261.54,28.14,27.85,42.68,1008.37
2908,261.63,28.14,27.85,42.68,1008.38
2909,261.72,28.14,27.84,42.67,1008.38
2910,261.81,28.14,27.84,42.66,1008.38
2911,261.90,28.12,27.84,42.65,1008.39
2912,261.99,28.12,27.84,42.66,1008.39
2913,262.08,28.12,27.84,42.65,1008.38
2914,262.17,28.11,27.84,42.65,1008.38
2915,262.26,28.12,27.85,42.64,1008.38
2916,262.35,28.12,27.85,42.65,1008.38
2917,262.44,28.12,27.85,42.65,1008.38
2918,262.53,28.12,27.85,42.65,1008.37
2919,262.62,28.13,27.85,42.65,1008.37
2920,262.71,28.13,27.84,42.65,1008.37
2921,262.80,28.13,27.84,42.65,1008.37
2922,262.89,28.14,27.85,42.65,1008.37
2923,262.98,28.14,27.84,42.66,1008.36
2924,263.07,28.14,27.84,42.66,1008.36
2925,263.16,28.14,27.83,42.67,1008.36
2926,263.25,28.14,27.83,42.68,1008.37
2927,263.34,28.13,27.83,42.68,1008.36
2928,263.43,28.13,27.84,42.69,1008.36
2929,263.52,28.13,27.84,42.68,1008.36
2930,263.61,28.12,27.84,42.68,1008.36
2931,263.70,28.12,27.85,42.67,1008.36
2932,263.79,28.12,27.84,42.66,1008.36
2933,263.88,28.12,27.84,42.66,1008.35
2934,263.97,28.12,27.84,42.65,1008.35
2935,264.06,28.13,27.83,42.64,1008.35
2936,264.15,28.13,27.83,42.63,1008.35
2937,264.24,28.12,27.82,42.64,1008.35
2938,264.33,28.12,27.82,42.64,1008.35
2939,264.42,28.12,27.81,42.64,1008.35
2940,264.51,28.12,27.80,42.63,1008.34
2941,264.60,28.12,27.81,42.63,1008.34
2942,264.69,28.12,27.80,42.64,1008.33
2943,264.78,28.12,27.80,42.63,1008.34
2944,264.87,28.12,27.80,42.62,1008.34
2945,264.96,28.11,27.80,42.63,1008.35
2946,265.05,28.12,27.79,42.62,1008.35
2947,265.14,28.13,27.80,42.63,1008.36
2948,265.23,28.13,27.81,42.62,1008.35
2949,265.32,28.13,27.81,42.63,1008.35
2950,265.41,28.13,27.81,42.63,1008.35
2951,265.50,28.13,27.80,42.62,1008.36
2952,265.59,28.13,27.80,42.62,1008.36
2953,265.68,28.13,27.80,42.62,1008.36
2954,265.77,28.13,27.79,42.62,1008.36
2955,265.86,28.12,27.79,42.61,1008.37
2956,265.95,28.11,27.77,42.60,1008.37
2957,266.04,28.11,27.76,42.60,1008.37
2958,266.13,28.12,27.76,42.61,1008.38
2959,266.22,28.13,27.77,42.61,1008.37
2960,266.31,28.13,27.77,42.60,1008.37
2961,266.40,28.12,27.77,42.61,1008.37
2962,266.49,28.13,27.78,42.62,1008.37
2963,266.58,28.14,27.79,42.61,1008.37
2964,266.67,28.14,27.78,42.58,1008.38
2965,266.76,28.14,27.78,42.59,1008.38
2966,266.85,28.13,27.79,42.57,1008.38
2967,266.94,28.13,27.79,42.56,1008.38
2968,267.03,28.14,27.79,42.55,1008.38
2969,267.12,28.13,27.79,42.55,1008.38
2970,267.21,28.14,27.79,42.54,1008.38
2971,267.30,28.14,27.81,42.54,1008.38
2972,267.39,28.14,27.80,42.56,1008.38
2973,267.48,28.15,27.80,42.54,1008.39
2974,267.57,28.15,27.81,42.54,1008.40
2975,267.66,28.14,27.80,42.54,1008.40
2976,267.75,28.14,27.81,42.54,1008.40
2977,267.84,28.14,27.82,42.53,1008.40
2978,267.93,28.15,27.83,42.54,1008.39
2979,268.02,28.16,27.84,42.55,1008.39
2980,268.11,28.15,27.83,42.54,1008.39
2981,268.20,28.16,27.83,42.55,1008.39
2982,268.29,28.16,27.84,42.55,1008.39
2983,268.38,28.16,27.84,42.56,1008.39
2984,268.47,28.15,27.85,42.54,1008.38
2985,268.56,28.16,27.86,42.54,1008.38
2986,268.65,28.16,27.86,42.55,1008.37
2987,268.74,28.15,27.86,42.53,1008.37
2988,268.83,28.15,27.87,42.53,1008.36
2989,268.92,28.16,27.87,42.53,1008.36
2990,269.01,28.15,27.87,42.53,1008.35
2991,269.10,28.14,27.87,42.54,1008.34
2992,269.19,28.14,27.88,42.53,1008.34
2993,269.28,28.13,27.88,42.52,1008.34
2994,269.37,28.13,27.89,42.50,1008.34
2995,269.46,28.13,27.90,42.50,1008.34
2996,269.55,28.12,27.90,42.49,1008.34
2997,269.64,28.12,27.88,42.51,1008.33
2998,269.73,28.13,27.89,42.52,1008.33
2999,269.82,28.14,27.89,42.54,1008.33
3000,269.91,28.14,27.88,42.54,1008.33
3001,270.00,28.14,27.88,42.55,1008.33
3002,270.09,28.14,27.88,42.55,1008.32
3003,270.18,28.14,27.87,42.54,1008.33
3004,270.27,28.14,27.87,42.55,1008.32
3005,270.36,28.15,27.86,42.55,1008.33
3006,270.45,28.15,27.85,42.54,1008.34
3007,270.54,28.15,27.85,42.54,1008.35
3008,270.63,28.14,27.84,42.53,1008.34
3009,270.72,28.14,27.84,42.53,1008.35
3010,270.81,28.14,27.84,42.53,1008.36
3011,270.90,28.15,27.84,42.53,1008.36
3012,270.99,28.14,27.83,42.54,1008.36
3013,271.08,28.13,27.83,42.54,1008.35
3014,271.17,28.13,27.82,42.55,1008.35
3015,271.26,28.13,27.81,42.55,1008.36
3016,271.35,28.13,27.81,42.57,1008.36
3017,271.44,28.13,27.82,42.57,1008.37
3018,271.53,28.12,27.82,42.56,1008.37
3019,271.62,28.12,27.83,42.56,1008.38
3020,271.71,28.12,27.83,42.55,1008.38
3021,271.80,28.13,27.84,42.55,1008.39
3022,271.89,28.12,27.84,42.56,1008.39
3023,271.98,28.13,27.84,42.57,1008.40
3024,272.07,28.12,27.84,42.55,1008.40
3025,272.16,28.12,27.83,42.55,1008.40
3026,272.25,28.12,27.82,42.54,1008.41
3027,272.34,28.12,27.82,42.54,1008.41
3028,272.43,28.12,27.83,42.55,1008.41
3029,272.52,28.12,27.83,42.55,1008.41
3030,272.61,28.12,27.83,42.56,1008.41
3031,272.70,28.11,27.84,42.58,1008.40
3032,272.79,28.10,27.84,42.59,1008.40
3033,272.88,28.10,27.83,42.60,1008.40
3034,272.97,28.10,27.84,42.58,1008.41
3035,273.06,28.10,27.84,42.58,1008.41
3036,273.15,28.11,27.84,42.58,1008.40
3037,273.24,28.11,27.83,42.57,1008.40
3038,273.33,28.11,27.83,42.57,1008.40
3039,273.42,28.12,27.81,42.58,1008.41
3040,273.51,28.12,27.81,42.60,1008.41
3041,273.60,28.13,27.80,42.61,1008.41
3042,273.69,28.12,27.79,42.62,1008.41
3043,273.78,28.12,27.80,42.61,1008.41
3044,273.87,28.12,27.80,42.62,1008.41
3045,273.96,28.11,27.79,42.62,1008.40
3046,274.05,28.11,27.78,42.62,1008.40
3047,274.14,28.10,27.79,42.62,1008.40
3048,274.23,28.11,27.79,42.61,1008.39
3049,274.32,28.11,27.79,42.62,1008.38
3050,274.41,28.10,27.79,42.60,1008.39
3051,274.50,28.10,27.79,42.61,1008.38
3052,274.59,28.10,27.78,42.60,1008.37
3053,274.68,28.10,27.78,42.60,1008.37
3054,274.77,28.10,27.78,42.61,1008.37
3055,274.86,28.10,27.79,42.60,1008.36
3056,274.95,28.10,27.80,42.60,1008.36
3057,275.04,28.10,27.79,42.61,1008.35
3058,275.13,28.11,27.79,42.59,1008.34
3059,275.22,28.11,27.78,42.59,1008.34
3060,275.31,28.11,27.79,42.58,1008.33
3061,275.40,28.11,27.79,42.59,1008.34
3062,275.49,28.10,27.80,42.59,1008.34
3063,275.58,28.10,27.80,42.59,1008.33
3064,275.67,28.10,27.80,42.58,1008.33
3065,275.76,28.09,27.80,42.59,1008.33
3066,275.85,28.09,27.81,42.59,1008.33
3067,275.94,28.09,27.82,42.58,1008.34
3068,276.03,28.09,27.82,42.57,1008.33
3069,276.12,28.09,27.81,42.57,1008.33
3070,276.21,28.09,27.81,42.58,1008.34
3071,276.30,28.09,27.81,42.57,1008.34
3072,276.39,28.09,27.81,42.57,1008.34
3073,276.48,28.09,27.82,42.56,1008.34
3074,276.57,28.09,27.82,42.55,1008.34
3075,276.66,28.09,27.82,42.54,1008.34
3076,276.75,28.08,27.81,42.55,1008.34
3077,276.84,28.08,27.82,42.55,1008.34
3078,276.93,28.08,27.83,42.55,1008.35
3079,277.02,28.07,27.83,42.54,1008.35
3080,277.11,28.07,27.83,42.54,1008.36
3081,277.20,28.08,27.84,42.55,1008.35
3082,277.29,28.08,27.85,42.58,1008.36
3083,277.38,28.09,27.84,42.57,1008.36
3084,277.47,28.10,27.84,42.58,1008.36
3085,277.56,28.10,27.84,42.59,1008.36
3086,277.65,28.09,27.85,42.59,1008.37
3087,277.74,28.09,27.85,42.59,1008.37
3088,277.83,28.10,27.86,42.60,1008.38
3089,277.92,28.10,27.86,42.60,1008.38
3090,278.01,28.10,27.86,42.61,1008.38
3091,278.10,28.10,27.85,42.61,1008.39
3092,278.19,28.09,27.85,42.61,1008.39
3093,278.28,28.10,27.86,42.62,1008.39
3094,278.37,28.09,27.85,42.61,1008.39
3095,278.46,28.10,27.86,42.60,1008.40
3096,278.55,28.10,27.85,42.60,1008.40
3097,278.64,28.10,27.86,42.61,1008.40
3098,278.73,28.10,27.85,42.61,1008.40
3099,278.82,28.09,27.84,42.61,1008.40
3100,278.91,28.09,27.84,42.61,1008.40
3101,279.00,28.08,27.84,42.61,1008.40
3102,279.09,28.08,27.84,42.59,1008.40
3103,279.18,28.08,27.84,42.59,1008.41
3104,279.27,28.09,27.84,42.59,1008.40
3105,279.36,28.08,27.83,42.59,1008.39
3106,279.45,28.08,27.83,42.59,1008.40
3107,279.54,28.09,27.83,42.60,1008.40
3108,279.63,28.09,27.81,42.60,1008.39
3109,279.72,28.09,27.81,42.61,1008.39
3110,279.81,28.10,27.80,42.60,1008.40
3111,279.90,28.08,27.81,42.59,1008.39
3112,279.99,28.08,27.81,42.61,1008.40
3113,280.08,28.09,27.84,42.62,1008.39
3114,280.17,28.10,27.84,42.63,1008.40
3115,280.26,28.10,27.84,42.62,1008.39
3116,280.35,28.09,27.86,42.63,1008.39
3117,280.44,28.10,27.86,42.64,1008.38
3118,280.53,28.10,27.85,42.64,1008.38
3119,280.62,28.10,27.85,42.62,1008.37
3120,280.71,28.10,27.85,42.63,1008.38
3121,280.80,28.10,27.85,42.64,1008.37
3122,280.89,28.11,27.85,42.64,1008.38
3123,280.98,28.11,27.86,42.65,1008.37
3124,281.07,28.11,27.86,42.66,1008.37
3125,281.16,28.11,27.85,42.66,1008.36
3126,281.25,28.11,27.85,42.66,1008.36
3127,281.34,28.10,27.85,42.66,1008.35
3128,281.43,28.10,27.85,42.64,1008.35
3129,281.52,28.10,27.84,42.63,1008.35
3130,281.61,28.10,27.84,42.65,1008.36
3131,281.70,28.11,27.82,42.65,1008.36
3132,281.79,28.09,27.82,42.66,1008.36
3133,281.88,28.09,27.82,42.66,1008.36
3134,281.97,28.09,27.83,42.67,1008.36
3135,282.06,28.08,27.82,42.67,1008.36
3136,282.15,28.08,27.82,42.66,1008.36
3137,282.24,28.09,27.82,42.67,1008.36
3138,282.33,28.09,27.80,42.66,1008.36
3139,282.42,28.09,27.80,42.67,1008.36
3140,282.51,28.09,27.80,42.67,1008.36
3141,282.60,28.08,27.81,42.64,1008.36
3142,282.69,28.09,27.81,42.65,1008.37
3143,282.78,28.09,27.81,42.65,1008.37
3144,282.87,28.09,27.82,42.65,1008.38
3145,282.96,28.09,27.81,42.64,1008.39
3146,283.05,28.09,27.81,42.63,1008.40
3147,283.14,28.10,27.82,42.61,1008.39
3148,283.23,28.10,27.81,42.62,1008.39
3149,283.32,28.11,27.79,42.62,1008.39
3150,283.41,28.11,27.80,42.62,1008.39
3151,283.50,28.12,27.81,42.62,1008.40
3152,283.59,28.13,27.81,42.63,1008.39
3153,283.68,28.12,27.79,42.63,1008.39
3154,283.77,28.12,27.80,42.63,1008.39
3155,283.86,28.12,27.80,42.64,1008.39
3156,283.95,28.11,27.80,42.64,1008.39
3157,284.04,28.11,27.79,42.63,1008.40
3158,284.13,28.12,27.80,42.63,1008.41
3159,284.22,28.11,27.80,42.62,1008.41
3160,284.31,28.11,27.80,42.61,1008.41
3161,284.40,28.11,27.81,42.61,1008.40
3162,284.49,28.12,27.81,42.61,1008.41
3163,284.58,28.11,27.80,42.61,1008.40
3164,284.67,28.11,27.79,42.61,1008.40
3165,284.76,28.12,27.79,42.61,1008.40
3166,284.85,28.12,27.79,42.60,1008.40
3167,284.94,28.12,27.80,42.60,1008.40
3168,285.03,28.12,27.79,42.60,1008.40
3169,285.12,28.12,27.79,42.60,1008.39
3170,285.21,28.12,27.79,42.59,1008.39
3171,285.30,28.13,27.79,42.59,1008.40
3172,285.39,28.12,27.78,42.58,1008.39
3173,285.48,28.12,27.77,42.58,1008.38
3174,285.57,28.11,27.78,42.60,1008.39
3175,285.66,28.11,27.78,42.59,1008.39
3176,285.75,28.11,27.79,42.59,1008.40
3177,285.84,28.11,27.79,42.59,1008.39
3178,285.93,28.11,27.80,42.60,1008.39
3179,286.02,28.11,27.81,42.60,1008.39
3180,286.11,28.11,27.81,42.60,1008.39
3181,286.20,28.10,27.79,42.60,1008.40
3182,286.29,28.11,27.79,42.62,1008.40
3183,286.38,28.10,27.79,42.63,1008.40
3184,286.47,28.10,27.78,42.63,1008.40
3185,286.56,28.10,27.78,42.65,1008.40
3186,286.65,28.09,27.79,42.64,1008.41
3187,286.74,28.09,27.80,42.65,1008.40
3188,286.83,28.08,27.80,42.65,1008.40
3189,286.92,28.08,27.80,42.68,1008.40
3190,287.01,28.08,27.80,42.67,1008.39
3191,287.10,28.08,27.81,42.67,1008.39
3192,287.19,28.08,27.79,42.67,1008.40
3193,287.28,28.07,27.79,42.67,1008.39
3194,287.37,28.07,27.79,42.66,1008.40
3195,287.46,28.08,27.80,42.67,1008.40
3196,287.55,28.07,27.79,42.68,1008.40
3197,287.64,28.06,27.79,42.69,1008.40
3198,287.73,28.07,27.80,42.71,1008.39
3199,287.82,28.05,27.80,42.71,1008.39
3200,287.91,28.06,27.80,42.71,1008.40
3201,288.00,28.06,27.80,42.73,1008.39
3202,288.09,28.06,27.79,42.72,1008.39
3203,288.18,28.06,27.80,42.73,1008.39
3204,288.27,28.06,27.80,42.73,1008.39
3205,288.36,28.06,27.80,42.74,1008.39
3206,288.45,28.06,27.79,42.75,1008.39
3207,288.54,28.06,27.79,42.76,1008.39
3208,288.63,28.07,27.79,42.77,1008.38
3209,288.72,28.06,27.79,42.76,1008.38
3210,288.81,28.06,27.78,42.75,1008.39
3211,288.90,28.06,27.78,42.77,1008.39
3212,288.99,28.05,27.78,42.77,1008.39
3213,289.08,28.05,27.78,42.76,1008.40
3214,289.17,28.06,27.77,42.76,1008.39
3215,289.26,28.06,27.76,42.77,1008.38
3216,289.35,28.06,27.76,42.76,1008.37
3217,289.44,28.07,27.76,42.76,1008.37
3218,289.53,28.07,27.76,42.75,1008.38
3219,289.62,28.06,27.76,42.76,1008.38
3220,289.71,28.07,27.77,42.76,1008.38
3221,289.80,28.06,27.78,42.76,1008.38
3222,289.89,28.07,27.79,42.75,1008.37
3223,289.98,28.07,27.79,42.78,1008.37
3224,290.07,28.08,27.79,42.78,1008.37
3225,290.16,28.08,27.80,42.78,1008.36
3226,290.25,28.08,27.79,42.79,1008.36
3227,290.34,28.08,27.79,42.78,1008.35
3228,290.43,28.08,27.79,42.80,1008.35
3229,290.52,28.08,27.79,42.77,1008.35
3230,290.61,28.09,27.79,42.76,1008.35
3231,290.70,28.08,27.79,42.76,1008.35
3232,290.79,28.08,27.80,42.77,1008.35
3233,290.88,28.09,27.80,42.76,1008.35
3234,290.97,28.09,27.80,42.74,1008.35
3235,291.06,28.09,27.80,42.75,1008.35
3236,291.15,28.10,27.80,42.73,1008.35
3237,291.24,28.11,27.81,42.73,1008.36
3238,291.33,28.11,27.81,42.71,1008.36
3239,291.42,28.11,27.81,42.70,1008.36
3240,291.51,28.11,27.82,42.71,1008.36
3241,291.60,28.11,27.81,42.71,1008.36
3242,291.69,28.11,27.82,42.71,1008.36
3243,291.78,28.12,27.81,42.72,1008.36
3244,291.87,28.11,27.81,42.73,1008.36
3245,291.96,28.10,27.81,42.73,1008.36
3246,292.05,28.10,27.81,42.73,1008.37
3247,292.14,28.11,27.81,42.73,1008.37
3248,292.23,28.11,27.80,42.73,1008.37
3249,292.32,28.11,27.80,42.73,1008.38
3250,292.41,28.11,27.79,42.72,1008.38
3251,292.50,28.10,27.79,42.73,1008.38
3252,292.59,28.10,27.79,42.71,1008.38
3253,292.68,28.10,27.79,42.71,1008.38
3254,292.77,28.11,27.81,42.72,1008.39
3255,292.86,28.11,27.82,42.70,1008.39
3256,292.95,28.11,27.82,42.69,1008.39
3257,293.04,28.10,27.83,42.69,1008.38
3258,293.13,28.10,27.82,42.69,1008.38
3259,293.22,28.09,27.83,42.70,1008.38
3260,293.31,28.09,27.82,42.71,1008.38
3261,293.40,28.10,27.81,42.70,1008.38
3262,293.49,28.11,27.81,42.70,1008.38
3263,293.58,28.09,27.81,42.71,1008.38
3264,293.67,28.10,27.81,42.71,1008.38
3265,293.76,28.10,27.81,42.71,1008.39
3266,293.85,28.10,27.79,42.71,1008.38
3267,293.94,28.09,27.79,42.72,1008.37
3268,294.03,28.09,27.80,42.71,1008.37
3269,294.12,28.09,27.80,42.71,1008.36
3270,294.21,28.09,27.80,42.71,1008.37
3271,294.30,28.09,27.80,42.69,1008.37
3272,294.39,28.10,27.79,42.71,1008.37
3273,294.48,28.09,27.79,42.72,1008.36
3274,294.57,28.10,27.77,42.71,1008.37
3275,294.66,28.09,27.76,42.70,1008.37
3276,294.75,28.09,27.77,42.70,1008.37
3277,294.84,28.09,27.78,42.70,1008.36
3278,294.93,28.10,27.79,42.69,1008.36
3279,295.02,28.11,27.79,42.69,1008.35
3280,295.11,28.11,27.80,42.69,1008.34
3281,295.20,28.12,27.79,42.69,1008.34
3282,295.29,28.12,27.79,42.69,1008.34
3283,295.38,28.14,27.80,42.68,1008.34
3284,295.47,28.14,27.80,42.68,1008.33
3285,295.56,28.15,27.80,42.69,1008.33
3286,295.65,28.15,27.79,42.68,1008.32
3287,295.74,28.15,27.79,42.67,1008.33
3288,295.83,28.13,27.78,42.68,1008.33
3289,295.92,28.13,27.78,42.69,1008.34
3290,296.01,28.11,27.77,42.70,1008.34
3291,296.10,28.10,27.77,42.70,1008.34
3292,296.19,28.09,27.77,42.70,1008.34
3293,296.28,28.09,27.79,42.69,1008.33
3294,296.37,28.09,27.79,42.70,1008.34
3295,296.46,28.08,27.78,42.69,1008.34
3296,296.55,28.08,27.78,42.70,1008.35
3297,296.64,28.06,27.78,42.70,1008.35
3298,296.73,28.06,27.76,42.73,1008.35
3299,296.82,28.06,27.76,42.74,1008.34
3300,296.91,28.06,27.77,42.73,1008.35
3301,297.00,28.07,27.77,42.74,1008.35
3302,297.09,28.06,27.77,42.74,1008.35
3303,297.18,28.06,27.78,42.74,1008.36
3304,297.27,28.06,27.77,42.73,1008.36
3305,297.36,28.06,27.78,42.74,1008.37
3306,297.45,28.07,27.78,42.76,1008.36
3307,297.54,28.07,27.79,42.74,1008.37
3308,297.63,28.07,27.79,42.74,1008.37
3309,297.72,28.07,27.79,42.72,1008.37
3310,297.81,28.07,27.79,42.73,1008.37
3311,297.90,28.07,27.79,42.72,1008.39
3312,297.99,28.07,27.78,42.73,1008.38
3313,298.08,28.08,27.79,42.74,1008.39
3314,298.17,28.08,27.78,42.75,1008.39
3315,298.26,28.07,27.79,42.76,1008.38
3316,298.35,28.07,27.78,42.75,1008.38
3317,298.44,28.07,27.79,42.75,1008.38
3318,298.53,28.07,27.79,42.75,1008.38
3319,298.62,28.07,27.79,42.75,1008.39
3320,298.71,28.08,27.80,42.75,1008.39
3321,298.80,28.07,27.82,42.75,1008.39
3322,298.89,28.07,27.82,42.74,1008.38
3323,298.98,28.08,27.82,42.73,1008.38
3324,299.07,28.08,27.82,42.72,1008.38
3325,299.16,28.08,27.82,42.72,1008.38
3326,299.25,28.09,27.82,42.72,1008.38
3327,299.34,28.08,27.82,42.73,1008.38
3328,299.43,28.08,27.81,42.74,1008.37
3329,299.52,28.07,27.81,42.73,1008.37
3330,299.61,28.07,27.81,42.74,1008.36
3331,299.70,28.06,27.80,42.74,1008.36
3332,299.79,28.05,27.79,42.75,1008.36
3333,299.88,28.06,27.79,42.75,1008.35
3334,299.97,28.05,27.78,42.75,1008.35
3335,300.06,28.04,27.78,42.77,1008.34
3336,300.15,28.05,27.79,42.76,1008.34
3337,300.24,28.04,27.79,42.76,1008.34
3338,300.33,28.04,27.80,42.75,1008.34
3339,300.42,28.05,27.79,42.76,1008.34
3340,300.51,28.05,27.78,42.76,1008.33
3341,300.60,28.06,27.78,42.75,1008.33
3342,300.69,28.05,27.78,42.74,1008.33
3343,300.78,28.07,27.78,42.74,1008.33
3344,300.87,28.08,27.77,42.74,1008.32
3345,300.96,28.08,27.77,42.73,1008.32
3346,301.05,28.08,27.77,42.74,1008.32
3347,301.14,28.08,27.77,42.74,1008.32
3348,301.23,28.08,27.78,42.75,1008.33
3349,301.32,28.08,27.77,42.76,1008.32
3350,301.41,28.08,27.77,42.76,1008.33
3351,301.50,28.06,27.77,42.75,1008.33
3352,301.59,28.05,27.77,42.78,1008.33
3353,301.68,28.05,27.78,42.77,1008.32
3354,301.77,28.05,27.78,42.77,1008.32
3355,301.86,28.06,27.78,42.77,1008.33
3356,301.95,28.06,27.77,42.77,1008.32
3357,302.04,28.06,27.78,42.78,1008.33
3358,302.13,28.07,27.79,42.78,1008.34
3359,302.22,28.06,27.81,42.78,1008.34
3360,302.31,28.07,27.82,42.76,1008.35
3361,302.40,28.07,27.81,42.75,1008.35
3362,302.49,28.07,27.82,42.74,1008.34
3363,302.58,28.08,27.82,42.75,1008.35
3364,302.67,28.07,27.81,42.75,1008.35
3365,302.76,28.08,27.81,42.76,1008.35
3366,302.85,28.07,27.82,42.78,1008.36
3367,302.94,28.07,27.82,42.78,1008.35
3368,303.03,28.06,27.83,42.78,1008.36
3369,303.12,28.06,27.83,42.79,1008.37
3370,303.21,28.07,27.83,42.79,1008.38
3371,303.30,28.07,27.82,42.80,1008.37
3372,303.39,28.05,27.82,42.80,1008.37
3373,303.48,28.05,27.83,42.79,1008.38
3374,303.57,28.06,27.83,42.79,1008.38
3375,303.66,28.06,27.83,42.80,1008.38
3376,303.75,28.06,27.83,42.80,1008.38
3377,303.84,28.06,27.83,42.81,1008.39
3378,303.93,28.06,27.82,42.81,1008.39
3379,304.02,28.07,27.82,42.82,1008.39
3380,304.11,28.07,27.84,42.83,1008.38
3381,304.20,28.06,27.83,42.82,1008.39
3382,304.29,28.08,27.81,42.82,1008.39
3383,304.38,28.08,27.80,42.83,1008.38
3384,304.47,28.07,27.80,42.84,1008.38
3385,304.56,28.08,27.79,42.85,1008.38
3386,304.65,28.08,27.78,42.85,1008.40
3387,304.74,28.08,27.77,42.84,1008.40
3388,304.83,28.07,27.77,42.85,1008.40
3389,304.92,28.07,27.78,42.84,1008.41
3390,305.01,28.06,27.78,42.83,1008.41
3391,305.10,28.06,27.78,42.84,1008.42
3392,305.19,28.05,27.79,42.84,1008.42
3393,305.28,28.06,27.79,42.83,1008.42
3394,305.37,28.07,27.79,42.82,1008.41
3395,305.46,28.07,27.78,42.83,1008.40
3396,305.55,28.06,27.78,42.83,1008.39
3397,305.64,28.06,27.78,42.82,1008.39
3398,305.73,28.07,27.78,42.83,1008.39
3399,305.82,28.07,27.78,42.82,1008.38
3400,305.91,28.07,27.78,42.83,1008.37
3401,306.00,28.06,27.78,42.82,1008.36
3402,306.09,28.07,27.77,42.81,1008.36
3403,306.18,28.07,27.78,42.81,1008.35
3404,306.27,28.07,27.78,42.80,1008.36
3405,306.36,28.06,27.79,42.81,1008.36
3406,306.45,28.06,27.79,42.79,1008.35
3407,306.54,28.06,27.79,42.79,1008.35
3408,306.63,28.06,27.77,42.79,1008.35
3409,306.72,28.06,27.76,42.82,1008.35
3410,306.81,28.06,27.76,42.82,1008.35
3411,306.90,28.05,27.75,42.82,1008.34
3412,306.99,28.05,27.75,42.83,1008.34
3413,307.08,28.06,27.76,42.82,1008.33
3414,307.17,28.07,27.77,42.84,1008.33
3415,307.26,28.07,27.77,42.82,1008.33
3416,307.35,28.06,27.77,42.83,1008.33
3417,307.44,28.06,27.77,42.84,1008.33
3418,307.53,28.05,27.78,42.83,1008.34
3419,307.62,28.05,27.78,42.82,1008.34
3420,307.71,28.05,27.78,42.81,1008.35
3421,307.80,28.06,27.78,42.81,1008.35
3422,307.89,28.05,27.78,42.81,1008.35
3423,307.98,28.05,27.76,42.79,1008.36
3424,308.07,28.06,27.77,42.79,1008.36
3425,308.16,28.06,27.76,42.78,1008.36
3426,308.25,28.06,27.76,42.77,1008.37
3427,308.34,28.06,27.76,42.78,1008.39
3428,308.43,28.08,27.75,42.76,1008.38
3429,308.52,28.08,27.76,42.76,1008.39
3430,308.61,28.09,27.76,42.75,1008.39
3431,308.70,28.09,27.76,42.73,1008.40
3432,308.79,28.09,27.77,42.71,1008.41
3433,308.88,28.09,27.76,42.71,1008.41
3434,308.97,28.08,27.76,42.71,1008.41
3435,309.06,28.08,27.77,42.72,1008.41
3436,309.15,28.08,27.76,42.73,1008.42
3437,309.24,28.08,27.76,42.73,1008.42
3438,309.33,28.09,27.77,42.74,1008.42
3439,309.42,28.08,27.76,42.75,1008.42
3440,309.51,28.08,27.75,42.74,1008.42
3441,309.60,28.08,27.76,42.75,1008.42
3442,309.69,28.08,27.76,42.75,1008.42
3443,309.78,28.08,27.76,42.75,1008.41
3444,309.87,28.08,27.75,42.74,1008.42
3445,309.96,28.07,27.76,42.76,1008.43
3446,310.05,28.08,27.76,42.77,1008.42
3447,310.14,28.07,27.77,42.77,1008.42
3448,310.23,28.08,27.77,42.79,1008.42
3449,310.32,28.07,27.77,42.80,1008.41
3450,310.41,28.07,27.77,42.81,1008.41
3451,310.50,28.08,27.77,42.80,1008.41
3452,310.59,28.06,27.78,42.81,1008.40
3453,310.68,28.07,27.78,42.81,1008.39
3454,310.77,28.07,27.78,42.82,1008.39
3455,310.86,28.06,27.78,42.82,1008.38
3456,310.95,28.06,27.78,42.82,1008.39
3457,311.04,28.05,27.78,42.83,1008.38
3458,311.13,28.04,27.79,42.82,1008.38
3459,311.22,28.05,27.79,42.84,1008.38
3460,311.31,28.05,27.79,42.83,1008.38
3461,311.40,28.04,27.81,42.83,1008.38
3462,311.49,28.04,27.80,42.83,1008.37
3463,311.58,28.04,27.81,42.85,1008.37
3464,311.67,28.04,27.81,42.86,1008.37
3465,311.76,28.04,27.83,42.86,1008.36
3466,311.85,28.05,27.83,42.87,1008.36
3467,311.94,28.05,27.82,42.86,1008.36
3468,312.03,28.04,27.83,42.88,1008.36
3469,312.12,28.03,27.84,42.88,1008.36
3470,312.21,28.03,27.84,42.89,1008.36
3471,312.30,28.02,27.84,42.89,1008.36
3472,312.39,28.01,27.84,42.87,1008.36
3473,312.48,28.01,27.82,42.87,1008.36
3474,312.57,28.01,27.83,42.87,1008.36
3475,312.66,28.02,27.82,42.87,1008.35
3476,312.75,28.02,27.82,42.86,1008.36
3477,312.84,28.02,27.81,42.86,1008.36
3478,312.93,28.03,27.81,42.87,1008.35
3479,313.02,28.04,27.79,42.86,1008.35
3480,313.11,28.03,27.78,42.86,1008.36
3481,313.20,28.02,27.79,42.85,1008.35
3482,313.29,28.02,27.78,42.86,1008.36
3483,313.38,28.02,27.77,42.86,1008.37
3484,313.47,28.02,27.78,42.86,1008.37
3485,313.56,28.03,27.78,42.86,1008.38
3486,313.65,28.02,27.77,42.87,1008.37
3487,313.74,28.03,27.78,42.87,1008.38
3488,313.83,28.03,27.78,42.87,1008.39
3489,313.92,28.03,27.76,42.87,1008.39
3490,314.01,28.02,27.77,42.88,1008.40
3491,314.10,28.02,27.76,42.88,1008.40
3492,314.19,28.01,27.76,42.87,1008.41
3493,314.28,28.01,27.75,42.86,1008.41
3494,314.37,28.01,27.76,42.85,1008.41
3495,314.46,28.00,27.76,42.85,1008.41
3496,314.55,28.00,27.75,42.86,1008.41
3497,314.64,28.00,27.74,42.85,1008.40
3498,314.73,27.99,27.73,42.86,1008.41
3499,314.82,27.99,27.75,42.85,1008.41
3500,314.91,27.99,27.75,42.85,1008.42
3501,315.00,27.99,27.76,42.86,1008.41
3502,315.09,27.99,27.77,42.85,1008.41
3503,315.18,28.00,27.76,42.85,1008.41
3504,315.27,27.99,27.76,42.85,1008.41
3505,315.36,28.00,27.76,42.85,1008.42
3506,315.45,28.01,27.76,42.86,1008.41
3507,315.54,28.00,27.76,42.87,1008.42
3508,315.63,28.00,27.76,42.87,1008.41
3509,315.72,27.99,27.76,42.87,1008.41
3510,315.81,27.98,27.76,42.86,1008.40
3511,315.90,27.99,27.76,42.86,1008.40
3512,315.99,28.00,27.75,42.86,1008.40
3513,316.08,28.02,27.77,42.86,1008.40
3514,316.17,28.01,27.77,42.87,1008.40
3515,316.26,28.02,27.77,42.86,1008.39
3516,316.35,28.02,27.78,42.86,1008.38
3517,316.44,28.03,27.78,42.85,1008.38
3518,316.53,28.03,27.78,42.85,1008.38
3519,316.62,28.02,27.78,42.86,1008.38
3520,316.71,28.02,27.78,42.85,1008.38
3521,316.80,28.02,27.78,42.86,1008.38
3522,316.89,28.02,27.78,42.84,1008.38
3523,316.98,28.03,27.79,42.83,1008.38
3524,317.07,28.03,27.78,42.82,1008.38
3525,317.16,28.03,27.78,42.83,1008.39
3526,317.25,28.04,27.77,42.83,1008.38
3527,317.34,28.04,27.77,42.82,1008.39
3528,317.43,28.04,27.76,42.82,1008.38
3529,317.52,28.05,27.76,42.83,1008.37
3530,317.61,28.04,27.76,42.82,1008.36
3531,317.70,28.03,27.76,42.82,1008.36
3532,317.79,28.04,27.76,42.82,1008.36
3533,317.88,28.04,27.76,42.82,1008.36
3534,317.97,28.05,27.77,42.84,1008.36
3535,318.06,28.05,27.77,42.85,1008.35
3536,318.15,28.06,27.78,42.85,1008.35
3537,318.24,28.05,27.78,42.83,1008.35
3538,318.33,28.05,27.79,42.82,1008.35
3539,318.42,28.05,27.79,42.83,1008.35
3540,318.51,28.06,27.78,42.83,1008.35
3541,318.60,28.05,27.77,42.84,1008.35
3542,318.69,28.06,27.77,42.85,1008.35
3543,318.78,28.05,27.77,42.85,1008.36
3544,318.87,28.06,27.77,42.86,1008.36
3545,318.96,28.06,27.77,42.86,1008.36
3546,319.05,28.05,27.78,42.84,1008.36
3547,319.14,28.06,27.78,42.84,1008.35
3548,319.23,28.06,27.78,42.83,1008.36
3549,319.32,28.06,27.78,42.84,1008.36
3550,319.41,28.06,27.79,42.85,1008.36
3551,319.50,28.06,27.78,42.85,1008.36
3552,319.59,28.06,27.80,42.85,1008.37
3553,319.68,28.06,27.80,42.85,1008.37
3554,319.77,28.05,27.80,42.86,1008.36
3555,319.86,28.05,27.80,42.85,1008.37
3556,319.95,28.04,27.81,42.83,1008.36
3557,320.04,28.04,27.79,42.82,1008.36
3558,320.13,28.03,27.80,42.84,1008.36
3559,320.22,28.03,27.79,42.84,1008.36
3560,320.31,28.03,27.79,42.86,1008.37
3561,320.40,28.03,27.79,42.85,1008.37
3562,320.49,28.02,27.79,42.87,1008.37
3563,320.58,28.02,27.79,42.88,1008.37
3564,320.67,28.02,27.79,42.88,1008.38
3565,320.76,28.02,27.78,42.89,1008.38
3566,320.85,28.01,27.78,42.88,1008.38
3567,320.94,28.02,27.78,42.88,1008.38
3568,321.03,28.03,27.78,42.88,1008.38
3569,321.12,28.02,27.76,42.88,1008.38
3570,321.21,28.02,27.76,42.87,1008.38
3571,321.30,28.02,27.75,42.86,1008.38
3572,321.39,28.01,27.74,42.86,1008.38
3573,321.48,28.01,27.74,42.88,1008.38
3574,321.57,28.00,27.74,42.86,1008.37
3575,321.66,28.00,27.75,42.83,1008.37
3576,321.75,28.01,27.75,42.84,1008.37
3577,321.84,28.01,27.74,42.84,1008.38
3578,321.93,28.02,27.75,42.85,1008.37
3579,322.02,28.02,27.74,42.85,1008.37
3580,322.11,28.01,27.73,42.86,1008.38
3581,322.20,28.01,27.72,42.86,1008.37
3582,322.29,28.00,27.72,42.86,1008.37
3583,322.38,28.01,27.72,42.85,1008.37
3584,322.47,28.02,27.72,42.86,1008.36
3585,322.56,28.01,27.72,42.87,1008.36
3586,322.65,28.01,27.73,42.85,1008.37
3587,322.74,28.01,27.72,42.84,1008.37
3588,322.83,28.02,27.73,42.84,1008.37
3589,322.92,28.03,27.74,42.84,1008.40
3590,323.01,28.03,27.74,42.85,1008.35
3591,323.10,28.03,27.75,42.85,1008.34
3592,323.19,28.02,27.75,42.84,1008.34
3593,323.28,28.03,27.76,42.84,1008.34
3594,323.37,28.02,27.75,42.84,1008.34
3595,323.46,28.02,27.76,42.84,1008.35
3596,323.55,28.02,27.76,42.83,1008.36
3597,323.64,28.02,27.76,42.84,1008.36
3598,323.73,28.02,27.76,42.86,1008.36
3599,323.82,28.02,27.76,42.84,1008.35
3600,323.91,28.02,27.76,42.83,1008.35
3601,324.00,28.02,27.77,42.83,1008.35
3602,324.09,28.02,27.78,42.83,1008.35
3603,324.18,28.02,27.78,42.83,1008.35
3604,324.27,28.02,27.79,42.83,1008.34
3605,324.36,28.02,27.79,42.84,1008.35
3606,324.45,28.02,27.80,42.84,1008.35
3607,324.54,28.02,27.79,42.84,1008.35
3608,324.63,28.01,27.80,42.85,1008.36
3609,324.72,28.01,27.79,42.87,1008.36
3610,324.81,28.00,27.79,42.87,1008.36
3611,324.90,28.01,27.80,42.87,1008.37
3612,324.99,28.00,27.80,42.88,1008.37
3613,325.08,28.00,27.80,42.89,1008.37
3614,325.17,28.00,27.80,42.87,1008.37
3615,325.26,28.00,27.79,42.86,1008.37
3616,325.35,28.00,27.78,42.87,1008.36
3617,325.44,28.01,27.78,42.86,1008.35
3618,325.53,28.01,27.78,42.87,1008.35
3619,325.62,28.01,27.78,42.87,1008.35
3620,325.71,28.01,27.77,42.86,1008.35
3621,325.80,28.01,27.77,42.86,1008.34
3622,325.89,28.01,27.76,42.86,1008.34
3623,325.98,28.01,27.77,42.85,1008.34
3624,326.07,28.01,27.76,42.86,1008.34
3625,326.16,28.01,27.78,42.86,1008.34
3626,326.25,28.01,27.77,42.84,1008.33
3627,326.34,28.01,27.77,42.82,1008.34
3628,326.43,28.02,27.77,42.83,1008.34
3629,326.52,28.03,27.77,42.82,1008.33
3630,326.61,28.03,27.77,42.82,1008.32
3631,326.70,28.04,27.77,42.83,1008.32
3632,326.79,28.04,27.77,42.85,1008.33
3633,326.88,28.04,27.77,42.84,1008.34
3634,326.97,28.05,27.78,42.85,1008.34
3635,327.06,28.04,27.77,42.85,1008.34
3636,327.15,28.05,27.79,42.84,1008.33
3637,327.24,28.06,27.79,42.84,1008.33
3638,327.33,28.06,27.78,42.82,1008.33
3639,327.42,28.05,27.78,42.82,1008.33
3640,327.51,28.05,27.78,42.81,1008.34
3641,327.60,28.05,27.78,42.82,1008.34
3642,327.69,28.04,27.78,42.81,1008.34
3643,327.78,28.04,27.78,42.81,1008.35
3644,327.87,28.04,27.79,42.83,1008.35
3645,327.96,28.04,27.78,42.82,1008.36
3646,328.05,28.04,27.79,42.80,1008.36
3647,328.14,28.05,27.78,42.82,1008.36
3648,328.23,28.05,27.78,42.82,1008.35
3649,328.32,28.06,27.77,42.83,1008.35
3650,328.41,28.06,27.77,42.82,1008.35
3651,328.50,28.06,27.77,42.82,1008.35
3652,328.59,28.06,27.77,42.84,1008.35
3653,328.68,28.05,27.76,42.83,1008.36
3654,328.77,28.04,27.75,42.82,1008.37
3655,328.86,28.03,27.77,42.82,1008.37
3656,328.95,28.04,27.76,42.82,1008.37
3657,329.04,28.03,27.76,42.83,1008.37
3658,329.13,28.03,27.76,42.83,1008.38
3659,329.22,28.04,27.76,42.83,1008.38
3660,329.31,28.04,27.76,42.83,1008.38
3661,329.40,28.04,27.74,42.83,1008.38
3662,329.49,28.05,27.74,42.85,1008.38
3663,329.58,28.05,27.74,42.83,1008.39
3664,329.67,28.05,27.74,42.84,1008.40
3665,329.76,28.05,27.74,42.83,1008.40
3666,329.85,28.05,27.74,42.84,1008.40
3667,329.94,28.05,27.74,42.84,1008.39
3668,330.03,28.05,27.74,42.84,1008.40
3669,330.12,28.05,27.73,42.85,1008.40
3670,330.21,28.06,27.74,42.85,1008.40
3671,330.30,28.06,27.73,42.85,1008.40
3672,330.39,28.06,27.72,42.85,1008.41
3673,330.48,28.06,27.71,42.85,1008.40
3674,330.57,28.06,27.71,42.85,1008.41
3675,330.66,28.07,27.71,42.85,1008.40
3676,330.75,28.06,27.70,42.85,1008.40
3677,330.84,28.06,27.71,42.86,1008.40
3678,330.93,28.07,27.73,42.85,1008.40
3679,331.02,28.06,27.73,42.87,1008.39
3680,331.11,28.06,27.74,42.88,1008.39
3681,331.20,28.06,27.74,42.88,1008.38
3682,331.29,28.05,27.75,42.90,1008.38
3683,331.38,28.06,27.74,42.90,1008.37
3684,331.47,28.06,27.74,42.90,1008.37
3685,331.56,28.07,27.75,42.90,1008.37
3686,331.65,28.06,27.75,42.91,1008.38
3687,331.74,28.06,27.75,42.92,1008.37
3688,331.83,28.06,27.75,42.91,1008.36
3689,331.92,28.06,27.75,42.91,1008.35
3690,332.01,28.06,27.76,42.89,1008.35
3691,332.10,28.06,27.76,42.88,1008.35
3692,332.19,28.05,27.76,42.89,1008.35
3693,332.28,28.06,27.77,42.91,1008.34
3694,332.37,28.05,27.77,42.91,1008.35
3695,332.46,28.05,27.78,42.90,1008.34
3696,332.55,28.05,27.78,42.89,1008.34
3697,332.64,28.05,27.80,42.89,1008.34
3698,332.73,28.05,27.80,42.88,1008.33
3699,332.82,28.04,27.79,42.89,1008.34
3700,332.91,28.04,27.79,42.90,1008.34
3701,333.00,28.04,27.81,42.89,1008.34
3702,333.09,28.04,27.79,42.90,1008.34
3703,333.18,28.04,27.79,42.90,1008.34
3704,333.27,28.03,27.79,42.88,1008.34
3705,333.36,28.04,27.80,42.88,1008.34
3706,333.45,28.04,27.80,42.88,1008.34
3707,333.54,28.04,27.81,42.89,1008.34
3708,333.63,28.03,27.80,42.89,1008.34
3709,333.72,28.03,27.81,42.89,1008.34
3710,333.81,28.03,27.81,42.89,1008.36
3711,333.90,28.04,27.80,42.90,1008.35
3712,333.99,28.04,27.79,42.90,1008.35
3713,334.08,28.04,27.83,42.91,1008.36
3714,334.17,28.06,27.77,42.92,1008.37
3715,334.26,28.05,27.77,42.91,1008.36
3716,334.35,28.04,27.77,42.91,1008.37
3717,334.44,28.04,27.77,42.89,1008.37
3718,334.53,28.03,27.77,42.88,1008.38
3719,334.62,28.02,27.76,42.90,1008.38
3720,334.71,28.04,27.76,42.90,1008.39
3721,334.80,28.04,27.76,42.91,1008.39
3722,334.89,28.03,27.76,42.92,1008.39
3723,334.98,28.03,27.76,42.91,1008.39
3724,335.07,28.03,27.75,42.90,1008.40
3725,335.16,28.01,27.76,42.91,1008.40
3726,335.25,28.02,27.77,42.91,1008.40
3727,335.34,28.01,27.77,42.91,1008.39
3728,335.43,28.01,27.78,42.90,1008.40
3729,335.52,28.01,27.79,42.90,1008.40
3730,335.61,28.00,27.78,42.89,1008.41
3731,335.70,28.00,27.77,42.89,1008.41
3732,335.79,28.00,27.78,42.89,1008.41
3733,335.88,28.01,27.78,42.88,1008.41
3734,335.97,28.01,27.79,42.88,1008.41
3735,336.06,28.01,27.79,42.86,1008.41
3736,336.15,28.01,27.79,42.85,1008.41
3737,336.24,28.00,27.80,42.85,1008.40
3738,336.33,28.00,27.79,42.85,1008.41
3739,336.42,28.00,27.78,42.87,1008.40
3740,336.51,27.99,27.78,42.87,1008.39
3741,336.60,27.99,27.78,42.87,1008.38
3742,336.69,27.99,27.77,42.86,1008.38
3743,336.78,28.00,27.76,42.85,1008.38
3744,336.87,27.99,27.76,42.85,1008.37
3745,336.96,27.99,27.77,42.84,1008.36
3746,337.05,28.00,27.76,42.83,1008.36
3747,337.14,28.00,27.76,42.82,1008.36
3748,337.23,28.00,27.75,42.83,1008.36
3749,337.32,28.00,27.75,42.82,1008.35
3750,337.41,28.00,27.73,42.82,1008.35
3751,337.50,27.99,27.74,42.81,1008.35
3752,337.59,27.99,27.74,42.82,1008.34
3753,337.68,27.99,27.75,42.81,1008.33
3754,337.77,28.00,27.74,42.80,1008.33
3755,337.86,28.00,27.74,42.80,1008.34
3756,337.95,28.00,27.74,42.80,1008.34
3757,338.04,28.00,27.74,42.80,1008.34
3758,338.13,28.00,27.74,42.78,1008.34
3759,338.22,28.01,27.73,42.78,1008.34
3760,338.31,28.01,27.71,42.77,1008.33
3761,338.40,28.01,27.71,42.76,1008.34
3762,338.49,28.01,27.71,42.77,1008.35
3763,338.58,28.00,27.70,42.79,1008.34
3764,338.67,28.00,27.70,42.81,1008.34
3765,338.76,28.00,27.70,42.80,1008.35
3766,338.85,28.00,27.71,42.80,1008.34
3767,338.94,28.01,27.71,42.80,1008.35
3768,339.03,28.01,27.72,42.81,1008.35
3769,339.12,28.02,27.71,42.80,1008.36
3770,339.21,28.02,27.71,42.80,1008.36
3771,339.30,28.02,27.71,42.80,1008.37
3772,339.39,28.02,27.72,42.79,1008.37
3773,339.48,28.02,27.73,42.78,1008.37
3774,339.57,28.01,27.73,42.79,1008.38
3775,339.66,28.02,27.73,42.80,1008.39
3776,339.75,28.01,27.73,42.80,1008.39
3777,339.84,28.02,27.72,42.81,1008.40
3778,339.93,28.02,27.73,42.82,1008.40
3779,340.02,28.02,27.73,42.82,1008.40
3780,340.11,28.03,27.73,42.83,1008.40
3781,340.20,28.02,27.74,42.83,1008.41
3782,340.29,28.02,27.75,42.83,1008.41
3783,340.38,28.03,27.75,42.83,1008.41
3784,340.47,28.03,27.77,42.81,1008.41
3785,340.56,28.04,27.77,42.81,1008.41
3786,340.65,28.04,27.77,42.81,1008.42
3787,340.74,28.04,27.77,42.81,1008.42
3788,340.83,28.04,27.77,42.81,1008.41
3789,340.92,28.04,27.77,42.81,1008.42
3790,341.01,28.04,27.78,42.80,1008.42
3791,341.10,28.05,27.78,42.80,1008.42
3792,341.19,28.05,27.78,42.81,1008.42
3793,341.28,28.05,27.79,42.82,1008.43
3794,341.37,28.05,27.79,42.83,1008.42
3795,341.46,28.06,27.80,42.84,1008.42
3796,341.55,28.06,27.80,42.84,1008.42
3797,341.64,28.07,27.80,42.83,1008.41
3798,341.73,28.06,27.80,42.84,1008.41
3799,341.82,28.07,27.81,42.82,1008.41
3800,341.91,28.07,27.81,42.83,1008.42
3801,342.00,28.07,27.82,42.84,1008.41
3802,342.09,28.08,27.82,42.84,1008.41
3803,342.18,28.07,27.82,42.82,1008.40
3804,342.27,28.08,27.83,42.83,1008.39
3805,342.36,28.08,27.82,42.83,1008.39
3806,342.45,28.09,27.82,42.83,1008.38
3807,342.54,28.09,27.82,42.83,1008.37
3808,342.63,28.09,27.82,42.83,1008.37
3809,342.72,28.08,27.80,42.82,1008.37
3810,342.81,28.07,27.80,42.82,1008.37
3811,342.90,28.07,27.80,42.80,1008.36
3812,342.99,28.07,27.80,42.81,1008.36
3813,343.08,28.07,27.79,42.82,1008.36
3814,343.17,28.07,27.79,42.84,1008.37
3815,343.26,28.07,27.79,42.84,1008.36
3816,343.35,28.06,27.79,42.85,1008.35
3817,343.44,28.06,27.79,42.85,1008.34
3818,343.53,28.05,27.79,42.86,1008.35
3819,343.62,28.05,27.81,42.86,1008.34
3820,343.71,28.04,27.81,42.87,1008.34
3821,343.80,28.04,27.80,42.87,1008.34
3822,343.89,28.05,27.81,42.86,1008.34
3823,343.98,28.04,27.81,42.86,1008.35
3824,344.07,28.04,27.79,42.86,1008.35
3825,344.16,28.06,27.78,42.86,1008.36
3826,344.25,28.06,27.77,42.77,1008.36
3827,344.34,28.05,27.77,42.83,1008.36
3828,344.43,28.06,27.79,42.86,1008.36
3829,344.52,28.06,27.77,42.87,1008.36
3830,344.61,28.05,27.76,42.88,1008.36
3831,344.70,28.05,27.75,42.88,1008.36
3832,344.79,28.05,27.75,42.87,1008.36
3833,344.88,28.05,27.75,42.86,1008.36
3834,344.97,28.05,27.75,42.87,1008.36
3835,345.06,28.05,27.75,42.86,1008.37
3836,345.15,28.04,27.74,42.86,1008.37
3837,345.24,28.05,27.73,42.87,1008.37
3838,345.33,28.04,27.72,42.87,1008.38
3839,345.42,28.04,27.71,42.87,1008.39
3840,345.51,28.05,27.72,42.87,1008.39
3841,345.60,28.04,27.72,42.88,1008.41
3842,345.69,28.04,27.72,42.89,1008.40
3843,345.78,28.04,27.73,42.89,1008.41
3844,345.87,28.04,27.72,42.88,1008.40
3845,345.96,28.03,27.72,42.87,1008.41
3846,346.05,28.03,27.71,42.88,1008.41
3847,346.14,28.03,27.73,42.87,1008.42
3848,346.23,28.03,27.73,42.86,1008.42
3849,346.32,28.03,27.73,42.86,1008.42
3850,346.41,28.04,27.72,42.85,1008.42
3851,346.50,28.04,27.74,42.84,1008.43
3852,346.59,28.04,27.74,42.84,1008.42
3853,346.68,28.04,27.73,42.83,1008.42
3854,346.77,28.04,27.73,42.83,1008.42
3855,346.86,28.04,27.74,42.83,1008.43
3856,346.95,28.03,27.73,42.83,1008.42
3857,347.04,28.03,27.73,42.83,1008.42
3858,347.13,28.03,27.72,42.84,1008.41
3859,347.22,28.04,27.73,42.83,1008.41
3860,347.31,28.02,27.73,42.82,1008.40
3861,347.40,28.02,27.72,42.83,1008.40
3862,347.49,28.02,27.72,42.83,1008.39
3863,347.58,28.02,27.71,42.84,1008.39
3864,347.67,28.01,27.72,42.83,1008.38
3865,347.76,28.01,27.72,42.84,1008.37
3866,347.85,28.01,27.72,42.84,1008.37
3867,347.94,28.00,27.74,42.85,1008.37
3868,348.03,28.00,27.74,42.85,1008.37
3869,348.12,27.99,27.76,42.83,1008.36
3870,348.21,27.99,27.75,42.84,1008.35
3871,348.30,27.99,27.76,42.84,1008.34
3872,348.39,28.00,27.77,42.83,1008.34
3873,348.48,28.00,27.77,42.83,1008.34
3874,348.57,28.00,27.78,42.84,1008.34
3875,348.66,28.00,27.78,42.84,1008.34
3876,348.75,28.00,27.79,42.83,1008.35
3877,348.84,27.99,27.78,42.83,1008.34
3878,348.93,27.99,27.78,42.83,1008.34
3879,349.02,27.99,27.80,42.83,1008.34
3880,349.11,27.99,27.78,42.84,1008.35
3881,349.20,27.99,27.78,42.84,1008.36
3882,349.29,27.99,27.78,42.84,1008.36
3883,349.38,27.98,27.79,42.85,1008.36
3884,349.47,27.99,27.79,42.84,1008.35
3885,349.56,27.99,27.80,42.83,1008.36
3886,349.65,27.99,27.79,42.83,1008.36
3887,349.74,27.99,27.80,42.82,1008.36
3888,349.83,28.00,27.80,42.82,1008.36
3889,349.92,28.01,27.81,42.83,1008.36
3890,350.01,28.01,27.80,42.82,1008.36
3891,350.10,28.02,27.81,42.82,1008.37
3892,350.19,28.01,27.80,42.82,1008.37
3893,350.28,28.02,27.81,42.82,1008.36
3894,350.37,28.02,27.80,42.81,1008.37
3895,350.46,28.02,27.80,42.81,1008.37
3896,350.55,28.02,27.71,42.82,1008.37
3897,350.64,28.01,27.78,42.83,1008.38
3898,350.73,28.01,27.78,42.82,1008.37
3899,350.82,28.02,27.79,42.80,1008.38
3900,350.91,28.02,27.80,42.81,1008.37
3901,351.00,28.02,27.80,42.81,1008.37
3902,351.09,28.03,27.80,42.83,1008.38
3903,351.18,28.01,27.79,42.83,1008.38
3904,351.27,28.02,27.79,42.84,1008.37
3905,351.36,28.02,27.79,42.83,1008.36
3906,351.45,28.01,27.80,42.82,1008.36
3907,351.54,28.01,27.79,42.80,1008.36
3908,351.63,28.02,27.79,42.81,1008.36
3909,351.72,28.02,27.78,42.79,1008.37
3910,351.81,28.02,27.79,42.79,1008.37
3911,351.90,28.03,27.79,42.79,1008.38
3912,351.99,28.04,27.80,42.80,1008.38
3913,352.08,28.05,27.80,42.81,1008.38
3914,352.17,28.05,27.78,42.80,1008.37
3915,352.26,28.05,27.78,42.81,1008.36
3916,352.35,28.05,27.77,42.81,1008.37
3917,352.44,28.05,27.75,42.80,1008.36
3918,352.53,28.04,27.75,42.81,1008.36
3919,352.62,28.05,27.75,42.81,1008.36
3920,352.71,28.05,27.74,42.80,1008.36
3921,352.80,28.05,27.74,42.80,1008.37
3922,352.89,28.04,27.74,42.79,1008.37
3923,352.98,28.05,27.72,42.79,1008.36
3924,353.07,28.05,27.72,42.79,1008.36
3925,353.16,28.05,27.71,42.78,1008.36
3926,353.25,28.04,27.71,42.78,1008.35
3927,353.34,28.05,27.70,42.79,1008.35
3928,353.43,28.05,27.70,42.81,1008.35
3929,353.52,28.05,27.70,42.80,1008.35
3930,353.61,28.05,27.70,42.79,1008.35
3931,353.70,28.05,27.70,42.79,1008.35
3932,353.79,28.05,27.69,42.80,1008.35
3933,353.88,28.05,27.69,42.79,1008.35
3934,353.97,28.04,27.69,42.79,1008.35
3935,354.06,28.03,27.69,42.80,1008.35
3936,354.15,28.03,27.68,42.80,1008.35
3937,354.24,28.02,27.68,42.80,1008.34
3938,354.33,28.02,27.67,42.80,1008.34
3939,354.42,28.03,27.69,42.80,1008.34
3940,354.51,28.02,27.69,42.80,1008.34
3941,354.60,28.03,27.69,42.80,1008.34
3942,354.69,28.04,27.70,42.79,1008.34
3943,354.78,28.03,27.71,42.79,1008.34
3944,354.87,28.03,27.71,42.80,1008.34
3945,354.96,28.03,27.71,42.79,1008.35
3946,355.05,28.02,27.71,42.79,1008.35
3947,355.14,28.03,27.72,42.79,1008.36
3948,355.23,28.02,27.72,42.78,1008.37
3949,355.32,28.02,27.72,42.77,1008.36
3950,355.41,28.02,27.73,42.84,1008.37
3951,355.50,28.01,27.73,42.78,1008.36
3952,355.59,28.01,27.74,42.79,1008.36
3953,355.68,28.02,27.75,42.78,1008.36
3954,355.77,28.01,27.76,42.77,1008.36
3955,355.86,28.01,27.76,42.77,1008.36
3956,355.95,28.00,27.76,42.77,1008.37
3957,356.04,28.02,27.76,42.78,1008.37
3958,356.13,28.02,27.77,42.78,1008.36
3959,356.22,28.02,27.78,42.79,1008.36
3960,356.31,28.03,27.78,42.78,1008.37
3961,356.40,28.04,27.80,42.78,1008.36
3962,356.49,28.04,27.80,42.78,1008.36
3963,356.58,28.04,27.79,42.78,1008.36
3964,356.67,28.03,27.80,42.78,1008.36
3965,356.76,28.02,27.81,42.79,1008.36
3966,356.85,28.01,27.80,42.80,1008.36
3967,356.94,28.02,27.80,42.79,1008.36
3968,357.03,28.02,27.79,42.80,1008.36
3969,357.12,28.01,27.80,42.81,1008.37
3970,357.21,28.01,27.78,42.80,1008.37
3971,357.30,28.01,27.78,42.80,1008.36
3972,357.39,28.01,27.79,42.81,1008.36
3973,357.48,28.01,27.79,42.81,1008.36
3974,357.57,28.01,27.79,42.81,1008.35
3975,357.66,28.00,27.79,42.81,1008.34
3976,357.75,28.00,27.79,42.82,1008.34
3977,357.84,28.00,27.79,42.80,1008.34
3978,357.93,28.01,27.78,42.79,1008.33
3979,358.02,28.01,27.77,42.79,1008.33
3980,358.11,28.01,27.79,42.80,1008.32
3981,358.20,28.01,27.79,42.81,1008.32
3982,358.29,28.01,27.79,42.81,1008.32
3983,358.38,28.00,27.79,42.83,1008.32
3984,358.47,28.00,27.79,42.83,1008.32
3985,358.56,28.00,27.80,42.83,1008.32
3986,358.65,28.00,27.79,42.84,1008.32
3987,358.74,28.00,27.79,42.84,1008.31
3988,358.83,28.00,27.77,42.84,1008.31
3989,358.92,28.00,27.77,42.86,1008.32
3990,359.01,28.01,27.77,42.86,1008.31
3991,359.10,28.01,27.76,42.86,1008.32
3992,359.19,28.00,27.76,42.87,1008.32
3993,359.28,28.01,27.75,42.86,1008.33
3994,359.37,28.01,27.75,42.85,1008.33
3995,359.46,28.01,27.75,42.84,1008.32
3996,359.55,28.00,27.75,42.84,1008.33
3997,359.64,28.00,27.76,42.84,1008.34
3998,359.73,28.01,27.76,42.84,1008.33
3999,359.82,28.01,27.75,42.85,1008.35
4000,359.91,28.00,27.75,42.85,1008.35
4001,360.00,28.00,27.75,42.85,1008.35
4002,360.09,28.01,27.74,42.87,1008.36
4003,360.18,28.02,27.73,42.87,1008.36
4004,360.27,28.02,27.72,42.89,1008.36
4005,360.36,28.02,27.71,42.89,1008.36
4006,360.45,28.02,27.72,42.89,1008.36
4007,360.54,28.01,27.71,42.89,1008.37
4008,360.63,28.02,27.70,42.87,1008.37
4009,360.72,28.01,27.69,42.87,1008.37
4010,360.81,28.01,27.69,42.87,1008.37
4011,360.90,28.02,27.70,42.87,1008.37
4012,360.99,28.02,27.70,42.86,1008.38
4013,361.08,28.02,27.70,42.86,1008.37
4014,361.17,28.01,27.71,42.86,1008.37
4015,361.26,28.01,27.70,42.85,1008.38
4016,361.35,28.01,27.68,42.85,1008.39
4017,361.44,28.00,27.68,42.85,1008.38
4018,361.53,28.00,27.67,42.85,1008.38
4019,361.62,28.00,27.68,42.86,1008.38
4020,361.71,28.00,27.67,42.86,1008.38
4021,361.80,28.00,27.68,42.83,1008.38
4022,361.89,28.01,27.69,42.82,1008.37
4023,361.98,28.01,27.70,42.81,1008.37
4024,362.07,28.01,27.70,42.82,1008.37
4025,362.16,28.01,27.72,42.83,1008.38
4026,362.25,28.01,27.71,42.82,1008.37
4027,362.34,28.01,27.72,42.81,1008.37
4028,362.43,28.02,27.72,42.80,1008.37
4029,362.52,28.02,27.72,42.81,1008.36
4030,362.61,28.01,27.72,42.81,1008.36
4031,362.70,28.01,27.73,42.80,1008.36
4032,362.79,28.01,27.73,42.79,1008.35
4033,362.88,28.00,27.73,42.80,1008.35
4034,362.97,28.01,27.74,42.79,1008.35
4035,363.06,28.01,27.74,42.80,1008.34
4036,363.15,28.01,27.74,42.78,1008.33
4037,363.24,28.02,27.74,42.78,1008.34
4038,363.33,28.02,27.74,42.78,1008.33
4039,363.42,28.01,27.74,42.77,1008.34
4040,363.51,28.01,27.74,42.78,1008.34
4041,363.60,28.02,27.75,42.79,1008.33
4042,363.69,28.03,27.74,42.80,1008.33
4043,363.78,28.05,27.74,42.80,1008.33
4044,363.87,28.06,27.75,42.80,1008.33
4045,363.96,28.06,27.75,42.80,1008.32
4046,364.05,28.07,27.75,42.80,1008.32
4047,364.14,28.07,27.75,42.80,1008.32
4048,364.23,28.07,27.76,42.81,1008.32
4049,364.32,28.08,27.76,42.80,1008.31
4050,364.41,28.08,27.75,42.80,1008.32
4051,364.50,28.10,27.76,42.81,1008.32
4052,364.59,28.10,27.77,42.80,1008.33
4053,364.68,28.10,27.76,42.80,1008.33
4054,364.77,28.09,27.76,42.81,1008.33
4055,364.86,28.09,27.76,42.81,1008.33
4056,364.95,28.09,27.76,42.80,1008.34
4057,365.04,28.08,27.78,42.79,1008.35
4058,365.13,28.08,27.78,42.79,1008.36
4059,365.22,28.07,27.79,42.78,1008.36
4060,365.31,28.06,27.79,42.79,1008.37
4061,365.40,28.06,27.79,42.78,1008.37
4062,365.49,28.06,27.79,42.78,1008.38
4063,365.58,28.06,27.80,42.77,1008.39
4064,365.67,28.06,27.80,42.78,1008.39
4065,365.76,28.05,27.81,42.77,1008.40
4066,365.85,28.05,27.81,42.77,1008.41
4067,365.94,28.06,27.82,42.78,1008.42
4068,366.03,28.06,27.81,42.78,1008.41
4069,366.12,28.06,27.82,42.77,1008.41
4070,366.21,28.07,27.81,42.78,1008.41
4071,366.30,28.07,27.80,42.79,1008.41
4072,366.39,28.07,27.80,42.79,1008.42
4073,366.48,28.07,27.79,42.79,1008.42
4074,366.57,28.06,27.80,42.77,1008.43
4075,366.66,28.06,27.80,42.76,1008.43
4076,366.75,28.06,27.80,42.76,1008.43
4077,366.84,28.06,27.79,42.76,1008.43
4078,366.93,28.05,27.80,42.76,1008.43
4079,367.02,28.05,27.79,42.78,1008.43
4080,367.11,28.06,27.79,42.77,1008.43
4081,367.20,28.05,27.77,42.77,1008.42
4082,367.29,28.06,27.77,42.76,1008.42
4083,367.38,28.06,27.76,42.75,1008.42
4084,367.47,27.99,27.77,42.75,1008.41
4085,367.56,28.06,27.77,42.74,1008.42
4086,367.65,28.06,27.76,42.75,1008.41
4087,367.74,28.06,27.76,42.75,1008.41
4088,367.83,28.06,27.75,42.75,1008.40
4089,367.92,28.05,27.75,42.75,1008.40
4090,368.01,28.05,27.74,42.76,1008.39
4091,368.10,28.05,27.74,42.75,1008.38
4092,368.19,28.04,27.74,42.75,1008.38
4093,368.28,28.04,27.75,42.74,1008.37
4094,368.37,28.04,27.75,42.75,1008.37
4095,368.46,28.04,27.74,42.76,1008.36
4096,368.55,28.05,27.75,42.76,1008.35
4097,368.64,28.04,27.74,42.77,1008.35
4098,368.73,28.04,27.73,42.78,1008.34
4099,368.82,28.04,27.72,42.78,1008.33
4100,368.91,28.04,27.71,42.78,1008.32
4101,369.00,28.04,27.72,42.77,1008.33
4102,369.09,28.04,27.72,42.77,1008.32
4103,369.18,28.03,27.71,42.77,1008.32
4104,369.27,28.03,27.71,42.77,1008.32
4105,369.36,28.03,27.70,42.78,1008.32
4106,369.45,28.03,27.71,42.78,1008.32
4107,369.54,28.04,27.70,42.78,1008.33
4108,369.63,28.04,27.69,42.79,1008.32
4109,369.72,28.04,27.69,42.79,1008.32
4110,369.81,28.05,27.70,42.81,1008.33
4111,369.90,28.05,27.70,42.82,1008.34
4112,369.99,28.04,27.68,42.83,1008.34
4113,370.08,28.04,27.68,42.83,1008.34
4114,370.17,28.04,27.69,42.84,1008.35
4115,370.26,28.04,27.69,42.83,1008.35
4116,370.35,28.04,27.70,42.83,1008.35
4117,370.44,28.04,27.71,42.84,1008.35
4118,370.53,28.04,27.72,42.84,1008.36
4119,370.62,28.04,27.73,42.84,1008.37
4120,370.71,28.05,27.73,42.84,1008.37
4121,370.80,28.04,27.73,42.83,1008.38
4122,370.89,28.04,27.74,42.82,1008.38
4123,370.98,28.03,27.74,42.82,1008.38
4124,371.07,28.04,27.74,42.82,1008.39
4125,371.16,28.04,27.73,42.82,1008.40
4126,371.25,28.04,27.74,42.83,1008.41
4127,371.34,28.03,27.76,42.84,1008.41
4128,371.43,28.03,27.79,42.84,1008.42
4129,371.52,28.03,27.78,42.83,1008.43
4130,371.61,28.03,27.77,42.84,1008.44
4131,371.70,28.03,27.78,42.84,1008.45
4132,371.79,28.02,27.79,42.86,1008.45
4133,371.88,28.03,27.80,42.85,1008.44
4134,371.97,28.04,27.80,42.85,1008.45
4135,372.06,28.02,27.81,42.83,1008.45
4136,372.15,28.02,27.80,42.82,1008.44
4137,372.24,28.02,27.80,42.81,1008.44
4138,372.33,28.01,27.81,42.80,1008.44
4139,372.42,28.01,27.82,42.81,1008.43
4140,372.51,28.01,27.81,42.81,1008.43
4141,372.60,28.03,27.82,42.81,1008.42
4142,372.69,28.02,27.81,42.81,1008.43
4143,372.78,28.03,27.81,42.81,1008.42
4144,372.87,28.03,27.82,42.80,1008.42
4145,372.96,28.02,27.84,42.80,1008.42
4146,373.05,28.02,27.84,42.80,1008.41
4147,373.14,28.01,27.84,42.79,1008.41
4148,373.23,28.02,27.83,42.78,1008.40
4149,373.32,28.01,27.82,42.80,1008.39
4150,373.41,28.00,27.81,42.81,1008.39
4151,373.50,28.00,27.81,42.81,1008.39
4152,373.59,28.00,27.80,42.81,1008.37
4153,373.68,28.00,27.81,42.82,1008.37
4154,373.77,27.99,27.81,42.82,1008.36
4155,373.86,27.99,27.81,42.82,1008.37
4156,373.95,28.00,27.80,42.82,1008.36
4157,374.04,28.00,27.78,42.81,1008.36
4158,374.13,28.00,27.79,42.81,1008.35
4159,374.22,27.99,27.78,42.81,1008.36
4160,374.31,27.99,27.78,42.80,1008.35
4161,374.40,27.98,27.77,42.81,1008.36
4162,374.49,27.99,27.78,42.81,1008.36
4163,374.58,27.99,27.76,42.81,1008.36
4164,374.67,27.99,27.76,42.81,1008.35
4165,374.76,27.98,27.77,42.79,1008.35
4166,374.85,27.98,27.78,42.79,1008.35
4167,374.94,27.98,27.77,42.78,1008.35
4168,375.03,27.97,27.76,42.78,1008.35
4169,375.12,27.98,27.75,42.78,1008.34
4170,375.21,27.98,27.75,42.76,1008.34
4171,375.30,27.98,27.75,42.77,1008.34
4172,375.39,27.99,27.75,42.78,1008.34
4173,375.48,27.98,27.74,42.79,1008.34
4174,375.57,27.98,27.74,42.78,1008.35
4175,375.66,27.98,27.73,42.78,1008.34
4176,375.75,27.98,27.73,42.77,1008.35
4177,375.84,27.98,27.73,42.76,1008.35
4178,375.93,27.98,27.71,42.75,1008.35
4179,376.02,27.99,27.71,42.76,1008.36
4180,376.11,28.00,27.71,42.75,1008.36
4181,376.20,28.00,27.70,42.76,1008.37
4182,376.29,28.00,27.70,42.78,1008.37
4183,376.38,28.01,27.70,42.77,1008.38
4184,376.47,28.01,27.69,42.78,1008.38
4185,376.56,28.00,27.69,42.79,1008.38
4186,376.65,28.00,27.69,42.79,1008.38
4187,376.74,28.01,27.69,42.80,1008.39
4188,376.83,28.01,27.69,42.79,1008.39
4189,376.92,28.01,27.69,42.79,1008.40
4190,377.01,28.01,27.70,42.79,1008.40
4191,377.10,28.01,27.70,42.79,1008.40
4192,377.19,28.01,27.71,42.78,1008.41
4193,377.28,28.02,27.71,42.78,1008.40
4194,377.37,28.02,27.70,42.79,1008.41
4195,377.46,28.02,27.69,42.80,1008.41
4196,377.55,28.02,27.70,42.81,1008.42
4197,377.64,28.02,27.71,42.81,1008.42
4198,377.73,28.02,27.71,42.80,1008.43
4199,377.82,28.02,27.71,42.81,1008.43
4200,377.91,28.03,27.71,42.81,1008.42
4201,378.00,28.03,27.72,42.81,1008.42
4202,378.09,28.03,27.72,42.82,1008.42
4203,378.18,28.04,27.72,42.82,1008.42
4204,378.27,28.03,27.73,42.82,1008.42
4205,378.36,28.03,27.72,42.81,1008.43
4206,378.45,28.02,27.73,42.81,1008.42
4207,378.54,28.02,27.73,42.80,1008.42
4208,378.63,28.02,27.73,42.79,1008.42
4209,378.72,28.02,27.74,42.79,1008.41
4210,378.81,28.01,27.75,42.80,1008.41
4211,378.90,28.01,27.75,42.79,1008.40
4212,378.99,28.01,27.74,42.80,1008.39
4213,379.08,28.00,27.75,42.82,1008.39
4214,379.17,28.00,27.75,42.82,1008.39
4215,379.26,28.00,27.75,42.81,1008.38
4216,379.35,28.01,27.75,42.82,1008.37
4217,379.44,28.01,27.75,42.81,1008.37
4218,379.53,28.01,27.75,42.81,1008.37
4219,379.62,28.01,27.77,42.83,1008.36
4220,379.71,28.01,27.78,42.82,1008.35
4221,379.80,28.00,27.79,42.81,1008.35
4222,379.89,28.01,27.80,42.81,1008.34
4223,379.98,28.01,27.82,42.81,1008.34
4224,380.07,28.00,27.83,42.81,1008.33
4225,380.16,28.00,27.83,42.81,1008.33
4226,380.25,28.00,27.82,42.82,1008.34
4227,380.34,28.00,27.82,42.82,1008.35
4228,380.43,28.00,27.82,42.82,1008.35
4229,380.52,28.00,27.82,42.82,1008.34
4230,380.61,28.00,27.82,42.82,1008.35
4231,380.70,28.00,27.82,42.82,1008.35
4232,380.79,28.00,27.81,42.82,1008.35
4233,380.88,28.01,27.81,42.80,1008.36
4234,380.97,28.01,27.80,42.80,1008.35
4235,381.06,28.01,27.81,42.80,1008.36
4236,381.15,28.01,27.81,42.79,1008.35
4237,381.24,28.01,27.80,42.78,1008.36
4238,381.33,28.00,27.81,42.76,1008.36
4239,381.42,27.99,27.80,42.77,1008.36
4240,381.51,27.99,27.78,42.76,1008.36
4241,381.60,28.00,27.78,42.75,1008.37
4242,381.69,27.99,27.78,42.75,1008.37
4243,381.78,27.98,27.83,42.76,1008.38
4244,381.87,27.99,27.80,42.76,1008.38
4245,381.96,28.00,27.82,42.76,1008.38
4246,382.05,28.00,27.82,42.76,1008.38
4247,382.14,28.00,27.81,42.76,1008.39
4248,382.23,28.00,27.80,42.74,1008.38
4249,382.32,28.01,27.80,42.74,1008.39
4250,382.41,28.02,27.80,42.73,1008.38
4251,382.50,28.01,27.80,42.73,1008.38
4252,382.59,28.00,27.79,42.72,1008.39
4253,382.68,28.00,27.79,42.72,1008.39
4254,382.77,27.99,27.79,42.71,1008.39
4255,382.86,28.00,27.78,42.71,1008.39
4256,382.95,28.01,27.78,42.72,1008.39
4257,383.04,28.00,27.76,42.72,1008.38
4258,383.13,28.01,27.76,42.72,1008.38
4259,383.22,28.00,27.76,42.71,1008.38
4260,383.31,27.99,27.76,42.71,1008.38
4261,383.40,27.99,27.76,42.70,1008.38
4262,383.49,27.98,27.75,42.71,1008.38
4263,383.58,27.99,27.75,42.71,1008.37
4264,383.67,28.00,27.75,42.70,1008.37
4265,383.76,27.99,27.74,42.68,1008.38
4266,383.85,27.99,27.74,42.67,1008.39
4267,383.94,27.99,27.74,42.67,1008.38
4268,384.03,27.99,27.73,42.68,1008.38
4269,384.12,27.99,27.72,42.68,1008.37
4270,384.21,27.99,27.71,42.68,1008.36
4271,384.30,27.99,27.71,42.67,1008.37
4272,384.39,27.99,27.71,42.67,1008.37
4273,384.48,27.99,27.70,42.66,1008.36
4274,384.57,28.00,27.69,42.66,1008.35
4275,384.66,28.00,27.69,42.67,1008.35
4276,384.75,28.00,27.70,42.67,1008.34
4277,384.84,27.99,27.70,42.66,1008.34
4278,384.93,27.98,27.69,42.66,1008.35
4279,385.02,27.99,27.70,42.66,1008.36
4280,385.11,27.99,27.71,42.64,1008.36
4281,385.20,27.99,27.71,42.65,1008.36
4282,385.29,27.98,27.71,42.65,1008.36
4283,385.38,27.97,27.71,42.66,1008.36
4284,385.47,27.98,27.70,42.66,1008.36
4285,385.56,27.99,27.71,42.66,1008.36
4286,385.65,28.00,27.70,42.67,1008.36
4287,385.74,28.02,27.71,42.68,1008.36
4288,385.83,28.02,27.72,42.68,1008.36
4289,385.92,28.02,27.72,42.70,1008.37
4290,386.01,28.02,27.72,42.70,1008.37
4291,386.10,28.02,27.73,42.72,1008.37
4292,386.19,28.02,27.73,42.72,1008.36
4293,386.28,28.02,27.73,42.73,1008.36
4294,386.37,28.02,27.73,42.73,1008.37
4295,386.46,28.02,27.73,42.74,1008.37
4296,386.55,28.02,27.73,42.74,1008.36
4297,386.64,28.02,27.74,42.75,1008.37
4298,386.73,28.02,27.74,42.76,1008.37
4299,386.82,28.01,27.75,42.76,1008.37
4300,386.91,28.02,27.75,42.76,1008.37
4301,387.00,28.02,27.74,42.76,1008.36
4302,387.09,28.02,27.75,42.75,1008.36
4303,387.18,28.02,27.75,42.74,1008.37
4304,387.27,28.02,27.75,42.75,1008.37
4305,387.36,28.03,27.76,42.74,1008.37
4306,387.45,28.04,27.77,42.74,1008.37
4307,387.54,28.04,27.77,42.73,1008.38
4308,387.63,28.04,27.78,42.73,1008.38
4309,387.72,28.04,27.78,42.72,1008.38
4310,387.81,28.04,27.78,42.73,1008.39
4311,387.90,28.04,27.78,42.74,1008.38
4312,387.99,28.05,27.79,42.74,1008.37
4313,388.08,28.05,27.78,42.75,1008.37
4314,388.17,28.05,27.78,42.75,1008.37
4315,388.26,28.05,27.78,42.76,1008.37
4316,388.35,28.05,27.79,42.76,1008.36
4317,388.44,28.05,27.78,42.76,1008.36
4318,388.53,28.05,27.78,42.76,1008.36
4319,388.62,28.05,27.78,42.76,1008.36
4320,388.71,28.05,27.79,42.76,1008.35
4321,388.80,28.05,27.78,42.76,1008.35
4322,388.89,28.04,27.73,42.77,1008.34
4323,388.98,28.05,27.79,42.77,1008.33
4324,389.07,28.05,27.80,42.76,1008.32
4325,389.16,28.05,27.81,42.75,1008.32
4326,389.25,28.05,27.80,42.75,1008.31
4327,389.34,28.04,27.80,42.76,1008.32
4328,389.43,28.04,27.80,42.75,1008.32
4329,389.52,28.04,27.79,42.76,1008.31
4330,389.61,28.04,27.78,42.76,1008.32
4331,389.70,28.04,27.77,42.75,1008.32
4332,389.79,28.04,27.78,42.74,1008.32
4333,389.88,28.04,27.78,42.74,1008.32
4334,389.97,28.03,27.77,42.74,1008.32
4335,390.06,28.02,27.77,42.74,1008.32
4336,390.15,28.02,27.77,42.72,1008.32
4337,390.24,28.01,27.77,42.73,1008.32
4338,390.33,28.00,27.78,42.72,1008.33
4339,390.42,28.00,27.78,42.73,1008.33
4340,390.51,28.00,27.77,42.74,1008.33
4341,390.60,28.00,27.77,42.74,1008.34
4342,390.69,28.01,27.76,42.74,1008.34
4343,390.78,28.00,27.76,42.74,1008.34
4344,390.87,28.00,27.75,42.74,1008.34
4345,390.96,28.00,27.76,42.73,1008.34
4346,391.05,27.99,27.75,42.71,1008.35
4347,391.14,27.99,27.75,42.71,1008.35
4348,391.23,27.99,27.74,42.72,1008.36
4349,391.32,28.00,27.74,42.74,1008.37
4350,391.41,28.00,27.74,42.74,1008.37
4351,391.50,28.00,27.74,42.72,1008.37
4352,391.59,28.00,27.73,42.72,1008.38
4353,391.68,28.00,27.73,42.72,1008.39
4354,391.77,28.00,27.73,42.72,1008.39
4355,391.86,28.00,27.72,42.74,1008.39
4356,391.95,28.01,27.72,42.74,1008.39
4357,392.04,28.01,27.72,42.73,1008.40
4358,392.13,28.01,27.73,42.74,1008.40
4359,392.22,28.01,27.73,42.74,1008.41
4360,392.31,28.01,27.74,42.74,1008.40
4361,392.40,28.00,27.73,42.75,1008.41
4362,392.49,27.99,27.72,42.75,1008.40
4363,392.58,28.00,27.71,42.76,1008.40
4364,392.67,28.00,27.71,42.78,1008.40
4365,392.76,28.01,27.70,42.78,1008.39
4366,392.85,28.00,27.70,42.78,1008.39
4367,392.94,28.00,27.70,42.78,1008.39
4368,393.03,28.00,27.70,42.79,1008.38
4369,393.12,28.01,27.70,42.80,1008.38
4370,393.21,28.02,27.71,42.80,1008.38
4371,393.30,28.01,27.72,42.81,1008.38
4372,393.39,28.01,27.72,42.80,1008.37
4373,393.48,28.01,27.71,42.82,1008.37
4374,393.57,28.01,27.71,42.81,1008.36
4375,393.66,28.00,27.71,42.83,1008.36
4376,393.75,28.00,27.71,42.84,1008.37
4377,393.84,28.01,27.72,42.84,1008.36
4378,393.93,28.01,27.72,42.84,1008.36
4379,394.02,28.00,27.72,42.85,1008.36
4380,394.11,28.00,27.74,42.86,1008.36
4381,394.20,28.00,27.75,42.87,1008.35
4382,394.29,28.01,27.76,42.88,1008.35
4383,394.38,28.02,27.74,42.88,1008.35
4384,394.47,28.01,27.75,42.88,1008.34
4385,394.56,28.01,27.75,42.87,1008.34
4386,394.65,28.00,27.75,42.88,1008.33
4387,394.74,28.01,27.77,42.87,1008.33
4388,394.83,28.01,27.76,42.87,1008.33
4389,394.92,28.01,27.76,42.88,1008.33
4390,395.01,28.00,27.75,42.88,1008.33
4391,395.10,28.01,27.76,42.88,1008.33
4392,395.19,28.02,27.76,42.88,1008.32
4393,395.28,28.02,27.76,42.88,1008.33
4394,395.37,28.01,27.78,42.87,1008.32
4395,395.46,28.00,27.79,42.86,1008.32
4396,395.55,28.00,27.79,42.86,1008.32
4397,395.64,28.01,27.78,42.87,1008.32
4398,395.73,28.01,27.78,42.86,1008.33
4399,395.82,28.00,27.77,42.86,1008.33
4400,395.91,28.00,27.78,42.86,1008.34
4401,396.00,28.01,27.79,42.85,1008.34
4402,396.09,28.00,27.79,42.85,1008.35
4403,396.18,28.00,27.79,42.84,1008.35
4404,396.27,27.99,27.79,42.85,1008.36
4405,396.36,27.99,27.79,42.84,1008.36
4406,396.45,28.00,27.79,42.84,1008.36
4407,396.54,28.00,27.79,42.86,1008.37
4408,396.63,28.00,27.78,42.86,1008.37
4409,396.72,28.00,27.79,42.86,1008.38
4410,396.81,28.00,27.79,42.86,1008.38
4411,396.90,28.00,27.79,42.85,1008.39
4412,396.99,28.00,27.80,42.85,1008.39
4413,397.08,28.00,27.81,42.85,1008.40
4414,397.17,28.00,27.81,42.83,1008.41
4415,397.26,28.01,27.80,42.83,1008.40
4416,397.35,28.02,27.79,42.84,1008.40
4417,397.44,28.02,27.79,42.84,1008.40
4418,397.53,28.02,27.78,42.84,1008.40
4419,397.62,28.02,27.77,42.84,1008.41
4420,397.71,28.03,27.77,42.85,1008.41
4421,397.80,28.02,27.75,42.86,1008.41
4422,397.89,28.01,27.75,42.86,1008.41
4423,397.98,28.01,27.75,42.86,1008.41
4424,398.07,28.02,27.69,42.85,1008.42
4425,398.16,28.01,27.77,42.83,1008.43
4426,398.25,28.02,27.77,42.83,1008.42
4427,398.34,28.02,27.76,42.82,1008.42
4428,398.43,28.02,27.75,42.82,1008.41
4429,398.52,28.02,27.75,42.81,1008.41
4430,398.61,28.02,27.74,42.83,1008.40
4431,398.70,28.01,27.75,42.84,1008.40
4432,398.79,28.01,27.75,42.84,1008.39
4433,398.88,28.00,27.75,42.83,1008.40
4434,398.97,28.02,27.75,42.83,1008.40
4435,399.06,28.00,27.75,42.82,1008.40
4436,399.15,28.00,27.75,42.83,1008.39
4437,399.24,28.00,27.75,42.85,1008.38
4438,399.33,28.00,27.76,42.85,1008.38
4439,399.42,28.00,27.75,42.86,1008.38
4440,399.51,28.00,27.75,42.86,1008.37
4441,399.60,28.00,27.75,42.86,1008.36
4442,399.69,28.01,27.75,42.86,1008.36
4443,399.78,28.01,27.75,42.85,1008.35
4444,399.87,28.00,27.75,42.85,1008.34
4445,399.96,28.00,27.75,42.85,1008.35
4446,400.05,27.99,27.76,42.85,1008.33
4447,400.14,27.99,27.75,42.85,1008.34
4448,400.23,27.99,27.75,42.84,1008.33
4449,400.32,28.00,27.74,42.85,1008.33
4450,400.41,28.01,27.75,42.84,1008.32
4451,400.50,28.00,27.75,42.83,1008.32
4452,400.59,28.00,27.74,42.84,1008.32
4453,400.68,28.01,27.74,42.86,1008.32
4454,400.77,28.01,27.74,42.84,1008.32
4455,400.86,28.00,27.74,42.83,1008.33
4456,400.95,27.99,27.74,42.83,1008.33
4457,401.04,27.98,27.76,42.84,1008.33
4458,401.13,27.98,27.76,42.83,1008.34
4459,401.22,27.98,27.76,42.84,1008.34
4460,401.31,27.98,27.75,42.84,1008.34
4461,401.40,27.98,27.76,42.83,1008.34
4462,401.49,27.98,27.75,42.83,1008.34
4463,401.58,27.98,27.75,42.83,1008.35
4464,401.67,27.98,27.75,42.84,1008.36
4465,401.76,27.98,27.75,42.85,1008.37
4466,401.85,27.98,27.76,42.87,1008.37
4467,401.94,27.97,27.75,42.86,1008.37
4468,402.03,27.97,27.75,42.88,1008.37
4469,402.12,27.97,27.74,42.89,1008.36
4470,402.21,27.98,27.73,42.88,1008.37
4471,402.30,27.99,27.75,42.89,1008.37
4472,402.39,27.99,27.75,42.88,1008.38
4473,402.48,27.99,27.77,42.87,1008.38
4474,402.57,27.99,27.78,42.87,1008.38
4475,402.66,27.99,27.78,42.88,1008.38
4476,402.75,27.99,27.78,42.89,1008.39
4477,402.84,27.99,27.79,42.87,1008.40
4478,402.93,27.99,27.79,42.87,1008.39
4479,403.02,27.99,27.79,42.87,1008.39
4480,403.11,27.99,27.79,42.88,1008.39
4481,403.20,27.99,27.80,42.88,1008.40
4482,403.29,27.99,27.79,42.90,1008.41
4483,403.38,28.00,27.81,42.91,1008.41
4484,403.47,28.00,27.81,42.91,1008.42
4485,403.56,27.99,27.81,42.93,1008.42
4486,403.65,27.99,27.82,42.91,1008.42
4487,403.74,27.99,27.82,42.90,1008.43
4488,403.83,27.98,27.81,42.90,1008.41
4489,403.92,27.99,27.81,42.90,1008.41
4490,404.01,28.00,27.81,42.90,1008.40
4491,404.10,27.99,27.82,42.90,1008.40
4492,404.19,27.99,27.81,42.89,1008.40
4493,404.28,27.98,27.81,42.89,1008.40
4494,404.37,27.98,27.81,42.89,1008.39
4495,404.46,27.99,27.81,42.90,1008.39
4496,404.55,28.00,27.81,42.87,1008.39
4497,404.64,27.99,27.81,42.88,1008.38
4498,404.73,27.99,27.80,42.88,1008.38
4499,404.82,27.99,27.80,42.87,1008.38
4500,404.91,27.99,27.80,42.88,1008.37
4501,405.00,28.00,27.79,42.88,1008.37
4502,405.09,27.99,27.78,42.87,1008.36
4503,405.18,27.99,27.77,42.88,1008.36
4504,405.27,27.99,27.77,42.88,1008.36
4505,405.36,28.00,27.79,42.88,1008.35
4506,405.45,28.00,27.80,42.87,1008.35
4507,405.54,28.00,27.79,42.88,1008.34
4508,405.63,28.00,27.79,42.87,1008.34
4509,405.72,28.00,27.79,42.87,1008.34
4510,405.81,28.00,27.78,42.88,1008.34
4511,405.90,28.00,27.77,42.88,1008.33
4512,405.99,28.00,27.78,42.89,1008.33
4513,406.08,28.00,27.77,42.90,1008.33
4514,406.17,27.99,27.77,42.90,1008.32
4515,406.26,27.99,27.76,42.91,1008.32
4516,406.35,27.99,27.75,42.92,1008.33
4517,406.44,27.99,27.74,42.92,1008.33
4518,406.53,27.99,27.75,42.91,1008.34
4519,406.62,27.99,27.75,42.92,1008.33
4520,406.71,27.98,27.74,42.93,1008.35
4521,406.80,27.98,27.74,42.94,1008.34
4522,406.89,27.98,27.73,42.94,1008.35
4523,406.98,27.99,27.73,42.94,1008.35
4524,407.07,27.99,27.73,42.95,1008.35
4525,407.16,27.98,27.72,42.96,1008.35
4526,407.25,27.98,27.72,42.95,1008.35
4527,407.34,27.98,27.72,42.96,1008.36
4528,407.43,27.99,27.72,42.95,1008.37
4529,407.52,27.99,27.73,42.94,1008.36
4530,407.61,27.99,27.73,42.95,1008.37
4531,407.70,27.99,27.73,42.93,1008.38
4532,407.79,27.98,27.74,42.94,1008.38
4533,407.88,27.99,27.74,42.95,1008.38
4534,407.97,28.00,27.74,42.92,1008.39
4535,408.06,27.99,27.74,42.91,1008.39
4536,408.15,27.99,27.74,42.91,1008.39
4537,408.24,27.99,27.75,42.92,1008.39
4538,408.33,27.99,27.74,42.92,1008.40
4539,408.42,27.99,27.73,42.93,1008.40
4540,408.51,27.99,27.73,42.93,1008.40
4541,408.60,27.99,27.74,42.93,1008.41
4542,408.69,27.99,27.74,42.93,1008.41
4543,408.78,27.99,27.74,42.92,1008.41
4544,408.87,28.01,27.73,42.91,1008.41
4545,408.96,28.00,27.73,42.92,1008.42
4546,409.05,28.00,27.74,42.93,1008.41
4547,409.14,28.00,27.75,42.93,1008.41
4548,409.23,28.01,27.75,42.93,1008.40
4549,409.32,28.00,27.75,42.93,1008.40
4550,409.41,28.00,27.76,42.91,1008.41
4551,409.50,27.99,27.75,42.91,1008.40
4552,409.59,27.98,27.74,42.92,1008.40
4553,409.68,27.98,27.74,42.92,1008.39
4554,409.77,27.98,27.75,42.92,1008.38
4555,409.86,27.99,27.76,42.93,1008.38
4556,409.95,27.99,27.75,42.93,1008.38
4557,410.04,27.99,27.76,42.93,1008.38
4558,410.13,27.99,27.76,42.94,1008.38
4559,410.22,28.00,27.75,42.93,1008.38
4560,410.31,28.00,27.74,42.92,1008.38
4561,410.40,28.01,27.75,42.91,1008.37
4562,410.49,28.01,27.75,42.91,1008.37
4563,410.58,28.01,27.76,42.90,1008.36
4564,410.67,28.01,27.77,42.91,1008.35
4565,410.76,28.01,27.78,42.92,1008.35
4566,410.85,28.00,27.78,42.91,1008.34
4567,410.94,28.00,27.78,42.90,1008.34
4568,411.03,28.00,27.77,42.91,1008.34
4569,411.12,28.00,27.77,42.90,1008.35
4570,411.21,28.01,27.78,42.91,1008.34
4571,411.30,28.00,27.77,42.92,1008.35
4572,411.39,28.01,27.77,42.92,1008.35
4573,411.48,28.01,27.77,42.93,1008.35
4574,411.57,28.02,27.77,42.94,1008.35
4575,411.66,28.02,27.76,42.93,1008.35
4576,411.75,28.02,27.77,42.93,1008.36
4577,411.84,28.02,27.79,42.93,1008.36
4578,411.93,28.02,27.79,42.93,1008.36
4579,412.02,28.03,27.80,42.97,1008.35
4580,412.11,28.02,27.79,42.97,1008.36
4581,412.20,28.03,27.78,42.95,1008.36
4582,412.29,28.03,27.78,42.96,1008.36
4583,412.38,28.03,27.78,42.96,1008.36
4584,412.47,28.02,27.77,42.97,1008.36
4585,412.56,28.02,27.76,42.96,1008.36
4586,412.65,28.02,27.76,42.97,1008.35
4587,412.74,28.02,27.76,42.97,1008.36
4588,412.83,28.02,27.76,42.96,1008.35
4589,412.92,28.02,27.75,42.96,1008.35
4590,413.01,28.02,27.75,42.96,1008.35
4591,413.10,28.02,27.75,42.97,1008.35
4592,413.19,28.03,27.76,42.96,1008.36
4593,413.28,28.03,27.76,42.96,1008.37
4594,413.37,28.03,27.77,42.95,1008.37
4595,413.46,28.03,27.77,42.96,1008.37
4596,413.55,28.04,27.77,42.96,1008.38
4597,413.64,28.03,27.77,42.95,1008.38
4598,413.73,28.03,27.76,42.95,1008.39
4599,413.82,28.02,27.76,42.95,1008.38
4600,413.91,28.02,27.76,42.94,1008.37
4601,414.00,28.02,27.76,42.94,1008.36
4602,414.09,28.02,27.76,42.92,1008.36
4603,414.18,28.02,27.76,42.91,1008.37
4604,414.27,28.03,27.76,42.92,1008.37
4605,414.36,28.04,27.75,42.91,1008.37
4606,414.45,28.04,27.74,42.91,1008.37
4607,414.54,28.04,27.75,42.92,1008.36
4608,414.63,28.04,27.75,42.91,1008.37
4609,414.72,28.03,27.75,42.90,1008.37
4610,414.81,28.02,27.74,42.91,1008.36
4611,414.90,28.02,27.73,42.91,1008.37
4612,414.99,28.02,27.75,42.90,1008.36
4613,415.08,28.03,27.73,42.88,1008.36
4614,415.17,28.02,27.74,42.88,1008.36
4615,415.26,28.02,27.73,42.89,1008.37
4616,415.35,28.01,27.73,42.89,1008.36
4617,415.44,28.01,27.73,42.89,1008.36
4618,415.53,28.01,27.73,42.90,1008.35
4619,415.62,28.00,27.73,42.89,1008.36
4620,415.71,28.00,27.73,42.88,1008.35
4621,415.80,28.01,27.73,42.88,1008.35
4622,415.89,28.01,27.74,42.87,1008.35
4623,415.98,28.01,27.75,42.86,1008.36
4624,416.07,28.00,27.74,42.86,1008.35
4625,416.16,28.00,27.74,42.89,1008.35
4626,416.25,28.00,27.76,42.89,1008.35
4627,416.34,28.00,27.76,42.89,1008.35
4628,416.43,28.00,27.77,42.89,1008.36
4629,416.52,27.99,27.76,42.90,1008.36
4630,416.61,28.00,27.77,42.90,1008.36
4631,416.70,27.99,27.76,42.90,1008.36
4632,416.79,27.99,27.76,42.90,1008.36
4633,416.88,27.99,27.76,42.90,1008.35
4634,416.97,27.99,27.77,42.89,1008.35
4635,417.06,27.99,27.76,42.89,1008.36
4636,417.15,27.98,27.76,42.89,1008.36
4637,417.24,27.98,27.76,42.89,1008.37
4638,417.33,27.98,27.76,42.90,1008.37
4639,417.42,27.98,27.75,42.90,1008.38
4640,417.51,27.99,27.77,42.91,1008.38
4641,417.60,27.99,27.76,42.91,1008.38
4642,417.69,27.99,27.76,42.91,1008.38
4643,417.78,27.99,27.76,42.92,1008.38
4644,417.87,27.99,27.77,42.92,1008.38
4645,417.96,27.99,27.76,42.93,1008.38
4646,418.05,27.99,27.77,42.92,1008.38
4647,418.14,27.99,27.77,42.92,1008.38
4648,418.23,27.99,27.76,42.91,1008.38
4649,418.32,27.99,27.78,42.91,1008.38
4650,418.41,28.00,27.77,42.92,1008.39
4651,418.50,28.01,27.77,42.93,1008.39
4652,418.59,28.01,27.76,42.93,1008.40
4653,418.68,28.01,27.76,42.92,1008.39
4654,418.77,28.01,27.76,42.95,1008.39
4655,418.86,28.01,27.76,42.95,1008.38
4656,418.95,28.01,27.76,42.95,1008.38
4657,419.04,28.01,27.76,42.93,1008.38
4658,419.13,28.01,27.76,42.93,1008.37
4659,419.22,28.00,27.76,42.93,1008.38
4660,419.31,28.00,27.76,42.94,1008.37
4661,419.40,28.00,27.76,42.94,1008.37
4662,419.49,28.01,27.75,42.94,1008.37
4663,419.58,28.01,27.75,42.95,1008.36
4664,419.67,28.01,27.75,42.93,1008.36
4665,419.76,28.00,27.74,42.94,1008.36
4666,419.85,28.00,27.75,42.94,1008.36
4667,419.94,28.00,27.75,42.93,1008.35
4668,420.03,28.00,27.75,42.93,1008.35
4669,420.12,28.00,27.74,42.92,1008.35
4670,420.21,28.00,27.74,42.91,1008.35
4671,420.30,28.00,27.72,42.92,1008.35
4672,420.39,28.01,27.72,42.91,1008.34
4673,420.48,28.01,27.72,42.92,1008.34
4674,420.57,28.01,27.72,42.93,1008.34
4675,420.66,28.00,27.71,42.92,1008.34
4676,420.75,28.01,27.73,42.94,1008.34
4677,420.84,28.01,27.72,42.96,1008.34
4678,420.93,28.01,27.73,42.96,1008.34
4679,421.02,28.01,27.73,42.96,1008.34
4680,421.11,28.00,27.72,42.95,1008.34
4681,421.20,28.01,27.73,42.96,1008.34
4682,421.29,28.01,27.74,42.96,1008.34
4683,421.38,28.02,27.73,42.96,1008.34
4684,421.47,28.03,27.73,42.97,1008.33
4685,421.56,28.02,27.73,42.96,1008.33
4686,421.65,28.03,27.73,42.96,1008.34
4687,421.74,28.02,27.72,42.95,1008.34
4688,421.83,28.02,27.74,42.95,1008.34
4689,421.92,28.02,27.75,42.95,1008.35
4690,422.01,28.02,27.74,42.97,1008.35
4691,422.10,28.03,27.74,42.98,1008.35
4692,422.19,28.03,27.75,42.98,1008.36
4693,422.28,28.04,27.75,42.99,1008.36
4694,422.37,28.04,27.74,42.99,1008.36
4695,422.46,28.03,27.74,42.99,1008.36
4696,422.55,28.04,27.73,42.99,1008.37
4697,422.64,28.03,27.73,42.98,1008.37
4698,422.73,28.03,27.73,42.99,1008.38
4699,422.82,28.02,27.74,42.98,1008.38
4700,422.91,28.03,27.74,42.99,1008.37
4701,423.00,28.03,27.74,43.01,1008.38
4702,423.09,28.04,27.74,43.00,1008.39
4703,423.18,28.04,27.73,43.02,1008.38
4704,423.27,28.04,27.73,43.02,1008.38
4705,423.36,28.04,27.72,43.01,1008.38
4706,423.45,28.04,27.73,43.00,1008.38
4707,423.54,28.04,27.72,43.00,1008.39
4708,423.63,28.04,27.71,42.99,1008.40
4709,423.72,28.04,27.71,43.00,1008.39
4710,423.81,28.03,27.70,43.02,1008.40
4711,423.90,28.02,27.70,43.01,1008.40
4712,423.99,28.02,27.71,43.00,1008.41
4713,424.08,28.03,27.71,43.00,1008.41
4714,424.17,28.03,27.71,43.00,1008.41
4715,424.26,28.02,27.73,43.00,1008.41
4716,424.35,28.02,27.72,43.01,1008.42
4717,424.44,28.02,27.74,43.01,1008.41
4718,424.53,28.03,27.75,43.00,1008.41
4719,424.62,28.02,27.74,43.00,1008.41
4720,424.71,28.02,27.74,43.00,1008.40
4721,424.80,28.01,27.74,43.01,1008.40
4722,424.89,28.01,27.73,43.01,1008.40
4723,424.98,28.01,27.73,43.01,1008.39
4724,425.07,28.01,27.72,43.01,1008.39
4725,425.16,28.02,27.72,43.01,1008.38
4726,425.25,28.01,27.73,43.01,1008.37
4727,425.34,28.00,27.74,43.03,1008.37
4728,425.43,28.01,27.74,43.05,1008.36
4729,425.52,28.01,27.74,43.05,1008.36
4730,425.61,28.00,27.73,43.06,1008.36
4731,425.70,27.99,27.74,43.06,1008.35
4732,425.79,27.99,27.75,43.06,1008.35
4733,425.88,27.99,27.75,43.07,1008.34
4734,425.97,27.99,27.76,43.05,1008.35
4735,426.06,27.98,27.74,43.05,1008.35
4736,426.15,27.98,27.74,43.06,1008.34
4737,426.24,27.98,27.75,43.06,1008.34
4738,426.33,27.98,27.75,43.05,1008.34
4739,426.42,27.97,27.76,43.07,1008.34
4740,426.51,27.97,27.75,43.06,1008.33
4741,426.60,27.97,27.75,43.06,1008.33
4742,426.69,27.97,27.76,43.07,1008.33
4743,426.78,27.97,27.76,43.07,1008.33
4744,426.87,27.98,27.76,43.08,1008.32
4745,426.96,27.98,27.75,43.06,1008.32
4746,427.05,27.99,27.74,43.06,1008.32
4747,427.14,27.99,27.74,43.08,1008.33
4748,427.23,27.99,27.76,43.06,1008.34
4749,427.32,28.00,27.76,43.05,1008.34
4750,427.41,28.00,27.77,43.04,1008.34
4751,427.50,28.00,27.77,43.04,1008.35
4752,427.59,28.00,27.77,43.03,1008.35
4753,427.68,28.00,27.78,43.04,1008.35
4754,427.77,28.00,27.78,43.04,1008.36
4755,427.86,28.00,27.77,43.04,1008.36
4756,427.95,28.00,27.77,43.03,1008.37
4757,428.04,27.99,27.77,43.04,1008.38
4758,428.13,27.99,27.76,43.03,1008.38
4759,428.22,27.98,27.77,43.04,1008.38
4760,428.31,27.99,27.76,43.03,1008.39
4761,428.40,27.98,27.77,43.04,1008.39
4762,428.49,27.99,27.76,43.05,1008.39
4763,428.58,28.00,27.75,43.03,1008.40
4764,428.67,28.00,27.76,43.03,1008.39
4765,428.76,28.01,27.76,43.01,1008.40
4766,428.85,28.00,27.77,43.01,1008.40
4767,428.94,28.02,27.77,43.02,1008.40
4768,429.03,28.02,27.76,43.04,1008.41
4769,429.12,28.02,27.76,43.04,1008.41
4770,429.21,28.02,27.75,43.04,1008.41
4771,429.30,28.02,27.74,43.02,1008.41
4772,429.39,28.02,27.74,43.02,1008.41
4773,429.48,28.01,27.74,43.02,1008.40
4774,429.57,28.02,27.74,43.01,1008.40
4775,429.66,28.11,27.76,43.02,1008.40
4776,429.75,28.05,27.75,43.02,1008.40
4777,429.84,28.01,27.74,43.02,1008.39
4778,429.93,28.01,27.74,43.03,1008.39
4779,430.02,28.01,27.74,43.05,1008.39
4780,430.11,28.01,27.75,43.05,1008.39
4781,430.20,28.00,27.74,43.05,1008.38
4782,430.29,28.00,27.73,43.05,1008.38
4783,430.38,28.01,27.73,43.04,1008.37
4784,430.47,28.01,27.72,43.03,1008.37
4785,430.56,28.01,27.72,43.01,1008.36
4786,430.65,28.01,27.72,43.02,1008.35
4787,430.74,28.01,27.71,43.01,1008.35
4788,430.83,28.01,27.71,43.00,1008.35
4789,430.92,28.02,27.70,42.98,1008.36
4790,431.01,28.02,27.71,42.97,1008.35
4791,431.10,28.03,27.70,42.96,1008.34
4792,431.19,28.02,27.71,42.96,1008.34
4793,431.28,28.02,27.71,42.95,1008.35
4794,431.37,28.02,27.72,42.94,1008.35
4795,431.46,28.03,27.73,42.94,1008.34
4796,431.55,28.02,27.72,42.94,1008.34
4797,431.64,28.02,27.72,42.93,1008.34
4798,431.73,28.02,27.71,42.94,1008.34
4799,431.82,28.02,27.70,42.94,1008.33
4800,431.91,28.03,27.70,42.94,1008.33
4801,432.00,28.02,27.70,42.95,1008.33
4802,432.09,28.02,27.70,42.96,1008.32
4803,432.18,28.02,27.70,42.96,1008.33
4804,432.27,28.02,27.69,42.96,1008.32
4805,432.36,28.02,27.69,42.97,1008.32
4806,432.45,28.02,27.70,42.97,1008.32
4807,432.54,28.02,27.71,42.98,1008.32
4808,432.63,28.02,27.72,42.99,1008.33
4809,432.72,28.02,27.72,42.99,1008.34
4810,432.81,28.02,27.73,42.99,1008.34
4811,432.90,28.03,27.73,43.00,1008.34
4812,432.99,28.02,27.73,42.99,1008.35
4813,433.08,28.03,27.73,42.99,1008.36
4814,433.17,28.03,27.73,42.98,1008.36
4815,433.26,28.03,27.73,42.97,1008.36
4816,433.35,28.04,27.73,42.96,1008.37
4817,433.44,28.03,27.73,42.97,1008.38
4818,433.53,28.03,27.73,42.97,1008.39
4819,433.62,28.03,27.73,42.97,1008.39
4820,433.71,28.04,27.73,42.98,1008.39
4821,433.80,28.04,27.74,42.98,1008.40
4822,433.89,28.04,27.74,42.98,1008.40
4823,433.98,28.04,27.74,42.97,1008.40
4824,434.07,28.04,27.74,42.97,1008.40
4825,434.16,28.04,27.73,42.97,1008.40
4826,434.25,28.02,27.73,42.98,1008.41
4827,434.34,28.03,27.72,42.98,1008.41
4828,434.43,28.03,27.72,42.99,1008.41
4829,434.52,28.02,27.74,42.98,1008.41
4830,434.61,28.02,27.73,42.97,1008.42
4831,434.70,28.01,27.73,42.96,1008.42
4832,434.79,28.02,27.74,42.97,1008.42
4833,434.88,28.01,27.73,42.97,1008.42
4834,434.97,28.01,27.73,42.97,1008.42
4835,435.06,28.00,27.74,42.98,1008.41
4836,435.15,28.01,27.74,42.98,1008.42
4837,435.24,28.01,27.75,42.98,1008.41
4838,435.33,28.01,27.76,42.98,1008.41
4839,435.42,28.01,27.76,42.98,1008.41
4840,435.51,28.01,27.76,42.97,1008.41
4841,435.60,28.01,27.77,42.98,1008.41
4842,435.69,28.01,27.76,43.00,1008.40
4843,435.78,28.01,27.76,43.00,1008.40
4844,435.87,28.00,27.76,43.01,1008.39
4845,435.96,28.00,27.76,43.01,1008.39
4846,436.05,28.00,27.77,43.03,1008.39
4847,436.14,28.00,27.76,43.03,1008.39
4848,436.23,28.01,27.77,43.02,1008.39
4849,436.32,28.01,27.77,43.02,1008.38
4850,436.41,28.03,27.76,42.99,1008.37
4851,436.50,28.02,27.76,42.99,1008.37
4852,436.59,28.03,27.77,43.00,1008.36
4853,436.68,28.02,27.76,43.00,1008.34
4854,436.77,28.01,27.77,43.00,1008.34
4855,436.86,28.01,27.77,43.01,1008.34
4856,436.95,28.01,27.77,43.01,1008.33
4857,437.04,28.01,27.76,43.02,1008.33
4858,437.13,28.01,27.76,43.01,1008.33
4859,437.22,28.00,27.77,43.01,1008.33
4860,437.31,28.01,27.77,43.00,1008.33
4861,437.40,28.01,27.77,43.01,1008.33
4862,437.49,28.01,27.77,43.02,1008.33
4863,437.58,28.01,27.76,43.00,1008.32
4864,437.67,28.01,27.76,43.01,1008.32
4865,437.76,28.00,27.76,43.03,1008.32
4866,437.85,28.00,27.77,43.02,1008.32
4867,437.94,28.01,27.78,43.01,1008.32
4868,438.03,28.01,27.78,43.01,1008.33
4869,438.12,28.02,27.83,43.02,1008.32
4870,438.21,28.03,27.76,43.03,1008.32
4871,438.30,28.02,27.79,43.03,1008.33
4872,438.39,28.02,27.77,43.04,1008.33
4873,438.48,28.03,27.77,43.04,1008.33
4874,438.57,28.02,27.76,43.04,1008.34
4875,438.66,28.02,27.77,43.03,1008.34
4876,438.75,28.01,27.77,43.04,1008.34
4877,438.84,28.01,27.76,43.02,1008.34
4878,438.93,28.01,27.76,43.02,1008.35
4879,439.02,28.01,27.75,43.01,1008.35
4880,439.11,28.02,27.75,43.02,1008.36
4881,439.20,28.02,27.75,43.02,1008.37
4882,439.29,28.01,27.77,43.01,1008.38
4883,439.38,28.01,27.77,42.99,1008.39
4884,439.47,28.01,27.78,42.98,1008.39
4885,439.56,28.01,27.77,42.98,1008.39
4886,439.65,28.01,27.76,42.99,1008.40
4887,439.74,28.00,27.75,42.98,1008.40
4888,439.83,27.98,27.75,42.97,1008.40
4889,439.92,27.98,27.75,42.98,1008.41
4890,440.01,27.98,27.73,42.97,1008.41
4891,440.10,27.99,27.73,42.98,1008.41
4892,440.19,28.00,27.73,42.99,1008.41
4893,440.28,28.01,27.73,42.99,1008.41
4894,440.37,28.00,27.74,43.00,1008.41
4895,440.46,28.00,27.74,43.00,1008.41
4896,440.55,28.00,27.75,43.00,1008.40
4897,440.64,28.00,27.74,42.99,1008.40
4898,440.73,27.99,27.74,42.97,1008.40
4899,440.82,27.99,27.73,42.97,1008.40
4900,440.91,27.99,27.74,42.99,1008.40
4901,441.00,27.99,27.73,42.98,1008.39
4902,441.09,28.00,27.74,42.97,1008.39
4903,441.18,28.01,27.74,42.97,1008.39
4904,441.27,28.00,27.74,42.98,1008.38
4905,441.36,28.00,27.75,42.98,1008.38
4906,441.45,28.00,27.73,42.99,1008.39
4907,441.54,28.01,27.74,42.99,1008.38
4908,441.63,28.01,27.74,42.98,1008.38
4909,441.72,28.01,27.75,42.99,1008.37
4910,441.81,28.00,27.76,42.99,1008.38
4911,441.90,28.01,27.75,42.99,1008.38
4912,441.99,28.00,27.75,43.00,1008.38
4913,442.08,28.00,27.75,43.00,1008.38
4914,442.17,28.03,27.76,43.01,1008.37
4915,442.26,28.01,27.76,43.01,1008.37
4916,442.35,27.99,27.76,43.00,1008.36
4917,442.44,27.99,27.77,43.00,1008.36
4918,442.53,27.99,27.76,43.02,1008.36
4919,442.62,28.00,27.76,43.01,1008.35
4920,442.71,27.99,27.76,43.00,1008.35
4921,442.80,27.99,27.77,42.98,1008.35
4922,442.89,27.99,27.77,42.98,1008.35
4923,442.98,28.00,27.77,42.97,1008.36
4924,443.07,28.00,27.77,42.96,1008.36
4925,443.16,27.99,27.77,42.96,1008.35
4926,443.25,27.99,27.78,42.95,1008.34
4927,443.34,28.00,27.77,42.93,1008.33
4928,443.43,28.00,27.77,42.93,1008.33
4929,443.52,28.00,27.77,42.94,1008.33
4930,443.61,28.00,27.77,42.95,1008.33
4931,443.70,28.00,27.76,42.94,1008.34
4932,443.79,28.01,27.76,42.94,1008.34
4933,443.88,28.02,27.77,42.94,1008.35
4934,443.97,28.01,27.76,42.95,1008.35
4935,444.06,28.02,27.76,42.95,1008.35
4936,444.15,28.02,27.77,42.93,1008.35
4937,444.24,28.02,27.77,42.92,1008.37
4938,444.33,28.02,27.77,42.92,1008.37
4939,444.42,28.02,27.77,42.92,1008.37
4940,444.51,28.02,27.78,42.90,1008.37
4941,444.60,28.02,27.77,42.91,1008.35
4942,444.69,28.02,27.76,42.90,1008.35
4943,444.78,28.03,27.76,42.90,1008.35
4944,444.87,28.03,27.76,42.89,1008.35
4945,444.96,28.04,27.76,42.89,1008.35
4946,445.05,28.09,27.76,42.89,1008.36
4947,445.14,28.05,27.76,42.90,1008.36
4948,445.23,28.04,27.75,42.90,1008.37
4949,445.32,28.04,27.76,42.90,1008.37
4950,445.41,28.03,27.76,42.90,1008.37
4951,445.50,28.03,27.75,42.92,1008.37
4952,445.59,28.04,27.74,42.93,1008.38
4953,445.68,28.04,27.75,42.93,1008.38
4954,445.77,28.05,27.74,42.93,1008.39
4955,445.86,28.06,27.75,42.94,1008.39
4956,445.95,28.05,27.74,42.96,1008.39
4957,446.04,28.06,27.75,42.96,1008.39
4958,446.13,28.05,27.74,42.97,1008.38
4959,446.22,28.05,27.75,42.98,1008.38
4960,446.31,28.05,27.75,42.97,1008.38
4961,446.40,28.05,27.75,42.95,1008.38
4962,446.49,28.05,27.75,42.94,1008.38
4963,446.58,28.05,27.76,42.95,1008.37
4964,446.67,28.05,27.76,42.95,1008.38
4965,446.76,28.05,27.77,42.95,1008.38
4966,446.85,28.06,27.77,42.96,1008.37
4967,446.94,28.06,27.78,42.97,1008.37
4968,447.03,28.06,27.78,42.97,1008.37
4969,447.12,28.05,27.78,42.97,1008.36
4970,447.21,28.04,27.77,42.97,1008.36
4971,447.30,28.05,27.76,42.96,1008.36
4972,447.39,28.04,27.75,42.96,1008.35
4973,447.48,28.05,27.75,42.96,1008.36
4974,447.57,28.05,27.75,42.95,1008.35
4975,447.66,28.05,27.76,42.95,1008.35
4976,447.75,28.06,27.77,42.95,1008.35
4977,447.84,28.06,27.76,42.96,1008.35
4978,447.93,28.05,27.75,42.96,1008.35
4979,448.02,28.05,27.75,42.97,1008.35
4980,448.11,28.06,27.74,42.97,1008.35
4981,448.20,28.06,27.75,42.98,1008.36
4982,448.29,28.05,27.76,42.98,1008.36
4983,448.38,28.05,27.76,42.97,1008.36
4984,448.47,28.03,27.75,42.97,1008.36
4985,448.56,28.03,27.74,42.96,1008.37
4986,448.65,28.04,27.74,42.96,1008.37
4987,448.74,28.04,27.73,42.96,1008.38
4988,448.83,28.04,27.72,42.95,1008.38
4989,448.92,28.04,27.73,42.95,1008.38
4990,449.01,28.03,27.73,42.96,1008.39
4991,449.10,28.02,27.74,42.95,1008.39
4992,449.19,28.02,27.74,42.95,1008.39
4993,449.28,28.02,27.74,42.95,1008.39
4994,449.37,28.02,27.74,42.95,1008.40
4995,449.46,28.02,27.74,42.95,1008.40
4996,449.55,28.02,27.75,42.94,1008.40
4997,449.64,28.02,27.76,42.93,1008.40
4998,449.73,28.01,27.75,42.94,1008.40
4999,449.82,28.01,27.74,42.94,1008.40
5000,449.91,28.01,27.73,42.94,1008.41
5001,450.00,28.01,27.74,42.93,1008.41
5002,450.09,28.00,27.74,42.92,1008.41
5003,450.18,28.00,27.73,42.93,1008.40
5004,450.27,28.00,27.73,42.92,1008.40
5005,450.36,28.00,27.73,42.91,1008.40
5006,450.45,28.00,27.72,42.91,1008.39
5007,450.54,28.00,27.73,42.91,1008.40
5008,450.63,28.00,27.73,42.91,1008.40
5009,450.72,28.00,27.72,42.91,1008.40
5010,450.81,28.00,27.72,42.91,1008.39
5011,450.90,28.00,27.72,42.92,1008.39
5012,450.99,27.99,27.72,42.91,1008.38
5013,451.08,27.98,27.73,42.92,1008.38
5014,451.17,27.99,27.72,42.90,1008.39
5015,451.26,27.99,27.72,42.91,1008.38
5016,451.35,27.98,27.73,42.92,1008.37
5017,451.44,27.98,27.74,42.94,1008.37
5018,451.53,27.98,27.75,42.95,1008.37
5019,451.62,27.98,27.75,42.94,1008.38
5020,451.71,27.98,27.74,42.95,1008.37
5021,451.80,27.98,27.74,42.95,1008.37
5022,451.89,27.98,27.73,42.95,1008.38
5023,451.98,27.97,27.74,42.96,1008.37
5024,452.07,27.97,27.74,42.96,1008.38
5025,452.16,27.97,27.75,42.97,1008.38
5026,452.25,27.98,27.74,42.97,1008.37
5027,452.34,27.96,27.74,42.96,1008.37
5028,452.43,27.96,27.75,42.97,1008.37
5029,452.52,27.97,27.75,42.97,1008.37
5030,452.61,27.97,27.74,42.99,1008.37
5031,452.70,27.97,27.75,42.99,1008.37
5032,452.79,27.98,27.74,42.98,1008.36
5033,452.88,27.97,27.75,42.96,1008.36
5034,452.97,27.97,27.76,42.97,1008.36
5035,453.06,27.96,27.76,42.97,1008.36
5036,453.15,27.96,27.77,42.98,1008.37
5037,453.24,27.97,27.76,42.98,1008.37
5038,453.33,27.97,27.77,43.00,1008.36
5039,453.42,27.98,27.77,43.00,1008.36
5040,453.51,27.98,27.77,42.99,1008.37
5041,453.60,27.99,27.77,42.98,1008.37
5042,453.69,28.00,27.77,42.99,1008.37
5043,453.78,28.01,27.78,42.99,1008.38
5044,453.87,28.00,27.77,42.99,1008.38
5045,453.96,28.00,27.78,42.98,1008.39
5046,454.05,28.00,27.79,42.97,1008.39
5047,454.14,28.00,27.79,42.96,1008.39
5048,454.23,28.00,27.79,42.96,1008.39
5049,454.32,28.00,27.79,42.96,1008.39
5050,454.41,28.01,27.78,42.95,1008.39
5051,454.50,28.02,27.79,42.95,1008.39
5052,454.59,28.01,27.78,42.95,1008.39
5053,454.68,28.02,27.78,42.94,1008.39
5054,454.77,28.02,27.78,42.94,1008.40
5055,454.86,28.02,27.78,42.95,1008.40
5056,454.95,28.02,27.78,42.95,1008.40
5057,455.04,28.02,27.78,42.95,1008.41
5058,455.13,28.02,27.78,42.96,1008.40
5059,455.22,28.02,27.78,42.96,1008.40
5060,455.31,28.04,27.79,42.96,1008.40
5061,455.40,28.04,27.79,42.96,1008.41
5062,455.49,28.04,27.78,42.97,1008.40
5063,455.58,28.05,27.77,42.98,1008.39
5064,455.67,28.04,27.76,42.99,1008.39
5065,455.76,28.04,27.76,42.99,1008.40
5066,455.85,28.04,27.76,42.99,1008.39
5067,455.94,28.03,27.75,42.98,1008.39
5068,456.03,28.03,27.76,42.98,1008.39
5069,456.12,28.02,27.76,42.97,1008.38
5070,456.21,28.01,27.75,42.96,1008.37
5071,456.30,28.03,27.75,42.96,1008.37
5072,456.39,28.04,27.74,42.96,1008.37
5073,456.48,28.04,27.75,42.95,1008.37
5074,456.57,28.03,27.74,42.94,1008.37
5075,456.66,28.03,27.73,42.93,1008.37
5076,456.75,28.03,27.74,42.94,1008.35
5077,456.84,28.05,27.74,42.92,1008.34
5078,456.93,28.04,27.74,42.93,1008.35
5079,457.02,28.03,27.73,42.94,1008.35
5080,457.11,28.03,27.73,42.93,1008.35
5081,457.20,28.03,27.73,42.92,1008.35
5082,457.29,28.04,27.74,42.93,1008.34
5083,457.38,28.03,27.74,42.92,1008.34
5084,457.47,28.03,27.73,42.94,1008.34
5085,457.56,28.02,27.73,42.93,1008.34
5086,457.65,28.02,27.73,42.91,1008.33
5087,457.74,28.01,27.73,42.92,1008.34
5088,457.83,28.01,27.73,42.92,1008.34
5089,457.92,28.01,27.73,42.94,1008.33
5090,458.01,28.00,27.73,42.92,1008.33
5091,458.10,28.00,27.74,42.92,1008.33
5092,458.19,28.00,27.75,42.92,1008.32
5093,458.28,28.01,27.75,42.92,1008.33
5094,458.37,28.01,27.76,42.91,1008.33
5095,458.46,28.01,27.75,42.91,1008.33
5096,458.55,28.01,27.76,42.92,1008.33
5097,458.64,28.01,27.76,42.92,1008.33
5098,458.73,28.00,27.76,42.91,1008.34
5099,458.82,28.00,27.75,42.90,1008.34
5100,458.91,28.00,27.76,42.90,1008.34
5101,459.00,28.00,27.77,42.91,1008.35
5102,459.09,28.00,27.78,42.90,1008.35
5103,459.18,28.00,27.78,42.91,1008.35
5104,459.27,28.00,27.78,42.92,1008.37
5105,459.36,28.00,27.78,42.92,1008.37
5106,459.45,28.00,27.78,42.91,1008.38
5107,459.54,28.00,27.77,42.90,1008.38
5108,459.63,28.00,27.77,42.90,1008.39
5109,459.72,27.99,27.75,42.90,1008.39
5110,459.81,27.98,27.76,42.89,1008.39
5111,459.90,27.98,27.76,42.90,1008.40
5112,459.99,27.98,27.77,42.89,1008.41
5113,460.08,27.97,27.78,42.89,1008.41
5114,460.17,27.97,27.79,42.88,1008.41
5115,460.26,27.98,27.78,42.87,1008.40
5116,460.35,27.97,27.78,42.87,1008.41
5117,460.44,27.97,27.79,42.86,1008.41
5118,460.53,27.97,27.79,42.85,1008.42
5119,460.62,27.98,27.78,42.87,1008.42
5120,460.71,27.98,27.78,42.86,1008.42
5121,460.80,27.97,27.78,42.87,1008.41
5122,460.89,27.97,27.77,42.87,1008.42
5123,460.98,27.97,27.78,42.88,1008.41
5124,461.07,27.97,27.79,42.87,1008.41
5125,461.16,27.97,27.79,42.88,1008.41
5126,461.25,27.98,27.79,42.90,1008.40
5127,461.34,27.98,27.80,42.91,1008.40
5128,461.43,27.98,27.79,42.90,1008.40
5129,461.52,27.98,27.78,42.90,1008.39
5130,461.61,27.98,27.79,42.91,1008.38
5131,461.70,27.98,27.77,42.93,1008.38
5132,461.79,27.98,27.77,42.93,1008.37
5133,461.88,27.99,27.77,42.94,1008.37
5134,461.97,27.99,27.76,42.94,1008.37
5135,462.06,27.98,27.77,42.95,1008.36
5136,462.15,27.99,27.77,42.95,1008.36
5137,462.24,27.99,27.78,42.93,1008.36
5138,462.33,27.99,27.77,42.93,1008.35
5139,462.42,27.99,27.76,42.93,1008.35
5140,462.51,28.00,27.76,42.94,1008.35
5141,462.60,28.00,27.77,42.94,1008.34
5142,462.69,28.00,27.76,42.92,1008.34
5143,462.78,28.00,27.74,42.92,1008.33
5144,462.87,28.01,27.74,42.91,1008.33
5145,462.96,28.01,27.74,42.89,1008.33
5146,463.05,28.01,27.75,42.90,1008.33
5147,463.14,28.01,27.76,42.90,1008.33
5148,463.23,28.01,27.76,42.90,1008.33
5149,463.32,28.01,27.75,42.89,1008.34
5150,463.41,28.00,27.75,42.90,1008.33
5151,463.50,28.01,27.75,42.89,1008.33
5152,463.59,28.01,27.76,42.88,1008.33
5153,463.68,28.00,27.75,42.89,1008.32
5154,463.77,28.00,27.75,42.89,1008.33
5155,463.86,28.00,27.75,42.88,1008.33
5156,463.95,28.00,27.74,42.88,1008.34
5157,464.04,28.00,27.75,42.88,1008.34
5158,464.13,27.99,27.74,42.90,1008.35
5159,464.22,27.99,27.76,42.89,1008.35
5160,464.31,28.01,27.77,42.89,1008.34
5161,464.40,28.00,27.77,42.89,1008.36
5162,464.49,28.01,27.76,42.88,1008.36
5163,464.58,28.01,27.77,42.89,1008.37
5164,464.67,28.01,27.77,42.88,1008.37
5165,464.76,28.01,27.76,42.88,1008.37
5166,464.85,28.00,27.77,42.87,1008.38
5167,464.94,28.01,27.77,42.87,1008.39
5168,465.03,28.02,27.77,42.87,1008.39
5169,465.12,28.01,27.77,42.88,1008.39
5170,465.21,28.01,27.75,42.87,1008.39
5171,465.30,28.02,27.75,42.88,1008.40
5172,465.39,28.02,27.75,42.89,1008.41
5173,465.48,28.03,27.76,42.90,1008.41
5174,465.57,28.04,27.75,42.90,1008.41
5175,465.66,28.04,27.75,42.90,1008.42
5176,465.75,28.04,27.75,42.91,1008.42
5177,465.84,28.04,27.75,42.92,1008.42
5178,465.93,28.04,27.74,42.93,1008.42
5179,466.02,28.04,27.75,42.93,1008.41
5180,466.11,28.04,27.74,42.93,1008.41
5181,466.20,28.04,27.74,42.94,1008.41
5182,466.29,28.04,27.76,42.93,1008.40
5183,466.38,28.03,27.76,42.93,1008.40
5184,466.47,28.03,27.76,42.92,1008.40
5185,466.56,28.02,27.77,42.92,1008.40
5186,466.65,28.02,27.78,42.92,1008.41
5187,466.74,28.02,27.78,42.92,1008.40
5188,466.83,28.02,27.79,42.92,1008.40
5189,466.92,28.01,27.78,42.93,1008.39
5190,467.01,28.01,27.78,42.93,1008.39
5191,467.10,28.02,27.79,42.94,1008.40
5192,467.19,28.01,27.79,42.97,1008.40
5193,467.28,28.01,27.80,42.97,1008.39
5194,467.37,28.02,27.80,42.98,1008.38
5195,467.46,28.01,27.79,42.99,1008.37
5196,467.55,28.01,27.79,42.98,1008.37
5197,467.64,28.02,27.79,42.98,1008.36
5198,467.73,28.03,27.78,42.99,1008.36
5199,467.82,28.03,27.79,42.99,1008.35
5200,467.91,28.03,27.80,43.00,1008.34
5201,468.00,28.03,27.80,43.01,1008.33
5202,468.09,28.04,27.79,43.00,1008.32
5203,468.18,28.03,27.79,42.99,1008.32
5204,468.27,28.03,27.78,43.00,1008.31
5205,468.36,28.03,27.76,42.99,1008.31
5206,468.45,28.03,27.76,43.00,1008.31
5207,468.54,28.03,27.75,42.99,1008.31
5208,468.63,28.02,27.75,42.98,1008.31
5209,468.72,28.01,27.74,42.99,1008.30
5210,468.81,28.00,27.75,42.98,1008.30
5211,468.90,28.00,27.75,42.97,1008.30
5212,468.99,27.99,27.75,42.97,1008.31
5213,469.08,27.99,27.75,42.97,1008.31
5214,469.17,27.99,27.75,42.98,1008.32
5215,469.26,28.00,27.75,42.97,1008.32
5216,469.35,27.99,27.75,42.97,1008.32
5217,469.44,28.00,27.75,42.97,1008.33
5218,469.53,27.99,27.76,42.96,1008.33
5219,469.62,28.00,27.76,42.96,1008.34
5220,469.71,28.00,27.76,42.96,1008.35
5221,469.80,28.01,27.75,42.96,1008.36
5222,469.89,28.00,27.74,42.97,1008.36
5223,469.98,28.00,27.74,42.97,1008.36
5224,470.07,28.00,27.74,42.96,1008.36
5225,470.16,28.00,27.74,42.96,1008.37
5226,470.25,28.01,27.74,42.95,1008.37
5227,470.34,28.01,27.75,42.96,1008.37
5228,470.43,28.02,27.74,42.96,1008.38
5229,470.52,28.01,27.74,42.96,1008.38
5230,470.61,28.01,27.73,42.94,1008.40
5231,470.70,28.01,27.72,42.93,1008.39
5232,470.79,28.01,27.73,42.93,1008.40
5233,470.88,28.01,27.73,42.91,1008.41
5234,470.97,28.01,27.74,42.91,1008.40
5235,471.06,28.01,27.75,42.92,1008.40
5236,471.15,28.01,27.76,42.92,1008.40
5237,471.24,28.00,27.75,42.92,1008.40
5238,471.33,28.01,27.74,42.91,1008.42
5239,471.42,28.01,27.75,42.91,1008.42
5240,471.51,28.02,27.75,42.90,1008.42
5241,471.60,28.01,27.74,42.90,1008.42
5242,471.69,28.01,27.74,42.92,1008.41
5243,471.78,28.01,27.76,42.93,1008.41
5244,471.87,28.00,27.77,42.92,1008.41
5245,471.96,28.00,27.78,42.92,1008.41
5246,472.05,28.00,27.78,42.92,1008.41
5247,472.14,28.00,27.77,42.92,1008.40
5248,472.23,28.00,27.76,42.90,1008.39
5249,472.32,28.00,27.75,42.91,1008.39
5250,472.41,28.01,27.73,42.91,1008.37
5251,472.50,28.00,27.72,42.92,1008.36
5252,472.59,27.99,27.72,42.92,1008.36
5253,472.68,27.99,27.73,42.91,1008.36
5254,472.77,27.99,27.72,42.90,1008.35
5255,472.86,28.00,27.71,42.90,1008.35
5256,472.95,27.99,27.72,42.90,1008.34
5257,473.04,28.00,27.73,42.90,1008.34
5258,473.13,28.00,27.73,42.90,1008.34
5259,473.22,28.01,27.74,42.90,1008.33
5260,473.31,28.00,27.75,42.89,1008.34
5261,473.40,28.00,27.75,42.89,1008.34
5262,473.49,27.99,27.75,42.87,1008.34
5263,473.58,27.99,27.75,42.87,1008.33
5264,473.67,27.99,27.76,42.88,1008.33
5265,473.76,28.00,27.76,42.87,1008.33
5266,473.85,28.00,27.76,42.85,1008.33
5267,473.94,28.00,27.76,42.86,1008.33
5268,474.03,28.00,27.76,42.86,1008.33
5269,474.12,28.00,27.76,42.86,1008.33
5270,474.21,28.01,27.76,42.86,1008.33
5271,474.30,28.02,27.77,42.87,1008.33
5272,474.39,28.02,27.77,42.86,1008.33
5273,474.48,28.01,27.77,42.86,1008.32
5274,474.57,28.02,27.77,42.86,1008.33
5275,474.66,28.02,27.77,42.86,1008.33
5276,474.75,28.01,27.76,42.88,1008.34
5277,474.84,28.01,27.76,42.88,1008.34
5278,474.93,28.00,27.76,42.88,1008.34
5279,475.02,28.01,27.76,42.87,1008.35
5280,475.11,28.00,27.76,42.88,1008.36
5281,475.20,28.00,27.77,42.88,1008.37
5282,475.29,27.99,27.78,42.88,1008.37
5283,475.38,27.97,27.76,42.88,1008.37
5284,475.47,27.99,27.77,42.87,1008.36
5285,475.56,28.00,27.76,42.86,1008.37
5286,475.65,27.99,27.77,42.87,1008.38
5287,475.74,27.99,27.76,42.87,1008.37
5288,475.83,27.99,27.76,42.87,1008.38
5289,475.92,27.99,27.77,42.88,1008.38
5290,476.01,27.99,27.76,42.87,1008.38
5291,476.10,27.98,27.76,42.86,1008.38
5292,476.19,27.99,27.77,42.87,1008.39
5293,476.28,27.99,27.76,42.88,1008.39
5294,476.37,27.99,27.76,42.88,1008.39
5295,476.46,27.98,27.75,42.89,1008.40
5296,476.55,27.98,27.76,42.88,1008.40
5297,476.64,27.97,27.75,42.88,1008.40
5298,476.73,27.97,27.75,42.89,1008.40
5299,476.82,27.97,27.75,42.88,1008.40
5300,476.91,27.98,27.76,42.89,1008.40
5301,477.00,27.97,27.76,42.90,1008.40
5302,477.09,27.98,27.76,42.90,1008.40
5303,477.18,27.98,27.75,42.90,1008.40
5304,477.27,27.98,27.74,42.91,1008.41
5305,477.36,27.99,27.73,42.91,1008.41
5306,477.45,27.98,27.73,42.92,1008.40
5307,477.54,27.98,27.73,42.91,1008.40
5308,477.63,27.98,27.74,42.91,1008.39
5309,477.72,27.99,27.73,42.91,1008.38
5310,477.81,28.00,27.72,42.91,1008.38
5311,477.90,28.00,27.71,42.90,1008.38
5312,477.99,28.01,27.73,42.90,1008.38
5313,478.08,28.01,27.74,42.89,1008.39
5314,478.17,28.01,27.74,42.89,1008.39
5315,478.26,28.01,27.75,42.89,1008.39
5316,478.35,28.01,27.74,42.88,1008.38
5317,478.44,28.01,27.73,42.86,1008.38
5318,478.53,28.01,27.73,42.87,1008.37
5319,478.62,28.01,27.73,42.87,1008.36
5320,478.71,28.01,27.73,42.87,1008.36
5321,478.80,28.01,27.74,42.86,1008.35
5322,478.89,28.02,27.74,42.87,1008.35
5323,478.98,28.01,27.74,42.87,1008.35
5324,479.07,28.01,27.74,42.88,1008.35
5325,479.16,28.02,27.74,42.89,1008.35
5326,479.25,28.03,27.75,42.90,1008.34
5327,479.34,28.04,27.74,42.91,1008.34
5328,479.43,28.03,27.73,42.90,1008.35
5329,479.52,28.02,27.72,42.90,1008.35
5330,479.61,28.01,27.72,42.90,1008.36
5331,479.70,28.01,27.72,42.91,1008.37
5332,479.79,28.02,27.72,42.91,1008.36
5333,479.88,28.02,27.72,42.91,1008.37
5334,479.97,28.03,27.72,42.91,1008.37
5335,480.06,28.02,27.73,42.91,1008.36
5336,480.15,28.02,27.73,42.91,1008.36
5337,480.24,28.02,27.73,42.92,1008.37
5338,480.33,28.03,27.74,42.93,1008.38
5339,480.42,28.04,27.73,42.92,1008.38
5340,480.51,28.04,27.72,42.91,1008.38
5341,480.60,28.03,27.72,42.91,1008.38
5342,480.69,28.02,27.73,42.89,1008.39
5343,480.78,28.03,27.74,42.90,1008.39
5344,480.87,28.04,27.74,42.90,1008.39
5345,480.96,28.04,27.75,42.89,1008.39
5346,481.05,28.03,27.75,42.91,1008.39
5347,481.14,28.03,27.74,42.92,1008.39
5348,481.23,28.03,27.75,42.91,1008.38
5349,481.32,28.03,27.75,42.91,1008.38
5350,481.41,28.04,27.75,42.92,1008.38
5351,481.50,28.04,27.75,42.91,1008.39
5352,481.59,28.05,27.75,42.90,1008.40
5353,481.68,28.05,27.74,42.90,1008.39
5354,481.77,28.06,27.73,42.92,1008.39
5355,481.86,28.06,27.72,42.93,1008.40
5356,481.95,28.06,27.74,42.93,1008.39
5357,482.04,28.05,27.74,42.92,1008.39
5358,482.13,28.05,27.74,42.91,1008.39
5359,482.22,28.04,27.73,42.91,1008.38
5360,482.31,28.03,27.74,42.92,1008.38
5361,482.40,28.02,27.74,42.92,1008.38
5362,482.49,28.03,27.73,42.93,1008.38
5363,482.58,28.02,27.73,42.92,1008.38
5364,482.67,28.03,27.73,42.90,1008.38
5365,482.76,28.03,27.73,42.91,1008.38
5366,482.85,28.03,27.74,42.91,1008.38
5367,482.94,28.02,27.75,42.91,1008.37
5368,483.03,28.02,27.75,42.91,1008.37
5369,483.12,28.02,27.74,42.91,1008.36
5370,483.21,28.02,27.75,42.90,1008.36
5371,483.30,28.03,27.76,43.05,1008.37
5372,483.39,28.02,27.77,42.90,1008.36
5373,483.48,28.01,27.77,42.90,1008.36
5374,483.57,28.01,27.77,42.90,1008.35
5375,483.66,28.02,27.77,42.90,1008.35
5376,483.75,28.02,27.78,42.90,1008.35
5377,483.84,28.02,27.78,42.88,1008.35
5378,483.93,28.02,27.78,42.90,1008.35
5379,484.02,28.02,27.77,42.91,1008.34
5380,484.11,28.01,27.78,42.90,1008.34
5381,484.20,28.01,27.78,42.90,1008.34
5382,484.29,28.02,27.78,42.91,1008.34
5383,484.38,28.01,27.77,42.91,1008.34
5384,484.47,28.00,27.78,42.91,1008.35
5385,484.56,28.00,27.78,42.90,1008.35
5386,484.65,28.00,27.78,42.91,1008.36
5387,484.74,28.00,27.78,42.89,1008.36
5388,484.83,27.99,27.78,42.88,1008.37
5389,484.92,27.99,27.77,42.88,1008.37
5390,485.01,27.98,27.76,42.89,1008.37
5391,485.10,27.99,27.75,42.89,1008.38
5392,485.19,27.98,27.75,42.88,1008.38
5393,485.28,27.98,27.77,42.88,1008.39
5394,485.37,27.98,27.77,42.88,1008.39
5395,485.46,27.98,27.76,42.90,1008.40
5396,485.55,27.98,27.75,42.90,1008.40
5397,485.64,27.98,27.75,42.91,1008.40
5398,485.73,27.97,27.75,42.92,1008.40
5399,485.82,27.98,27.74,42.92,1008.41
5400,485.91,27.97,27.74,42.91,1008.41
5401,486.00,27.97,27.74,42.92,1008.42
5402,486.09,27.98,27.73,42.91,1008.42
5403,486.18,27.98,27.73,42.91,1008.43
5404,486.27,27.97,27.73,42.91,1008.43
5405,486.36,27.96,27.72,42.90,1008.43
5406,486.45,27.97,27.74,42.90,1008.42
5407,486.54,27.97,27.72,42.90,1008.43
5408,486.63,27.97,27.71,42.90,1008.42
5409,486.72,27.97,27.71,42.90,1008.42
5410,486.81,27.97,27.71,42.90,1008.42
5411,486.90,27.96,27.70,42.92,1008.41
5412,486.99,27.95,27.71,42.90,1008.42
5413,487.08,27.95,27.71,42.90,1008.41
5414,487.17,27.96,27.71,42.89,1008.41
5415,487.26,27.95,27.72,42.88,1008.40
5416,487.35,27.95,27.72,42.89,1008.40
5417,487.44,27.95,27.72,42.91,1008.40
5418,487.53,27.96,27.70,42.93,1008.39
5419,487.62,27.96,27.71,42.93,1008.39
5420,487.71,27.96,27.71,42.93,1008.38
5421,487.80,27.96,27.71,42.93,1008.38
5422,487.89,27.95,27.72,42.94,1008.37
5423,487.98,27.96,27.73,42.95,1008.36
5424,488.07,27.95,27.72,42.93,1008.36
5425,488.16,27.95,27.72,42.95,1008.36
5426,488.25,27.96,27.71,42.94,1008.36
5427,488.34,27.96,27.71,42.94,1008.35
5428,488.43,27.96,27.72,42.93,1008.34
5429,488.52,27.96,27.73,42.94,1008.35
5430,488.61,27.97,27.75,42.95,1008.34
5431,488.70,27.97,27.75,42.94,1008.33
5432,488.79,27.97,27.76,42.93,1008.33
5433,488.88,27.97,27.74,42.93,1008.33
5434,488.97,27.97,27.74,42.93,1008.33
5435,489.06,27.98,27.74,42.93,1008.33
5436,489.15,27.98,27.74,42.94,1008.33
5437,489.24,27.98,27.73,42.93,1008.33
5438,489.33,27.98,27.74,42.93,1008.32
5439,489.42,27.98,27.74,42.93,1008.33
5440,489.51,27.98,27.75,42.94,1008.34
5441,489.60,27.99,27.77,42.94,1008.34
5442,489.69,28.00,27.76,42.94,1008.34
5443,489.78,27.99,27.75,42.95,1008.34
5444,489.87,27.99,27.75,42.96,1008.34
5445,489.96,27.99,27.74,42.97,1008.34
5446,490.05,27.99,27.74,42.98,1008.35
5447,490.14,28.00,27.73,42.97,1008.36
5448,490.23,28.00,27.72,42.97,1008.37
5449,490.32,28.00,27.72,42.98,1008.38
5450,490.41,28.00,27.72,42.99,1008.38
5451,490.50,28.00,27.73,42.99,1008.38
5452,490.59,28.00,27.72,42.99,1008.40
5453,490.68,28.00,27.72,43.02,1008.40
5454,490.77,28.00,27.72,43.01,1008.41
5455,490.86,28.00,27.72,42.99,1008.41
5456,490.95,28.01,27.71,42.98,1008.42
5457,491.04,28.01,27.71,42.98,1008.42
5458,491.13,28.01,27.71,42.98,1008.42
5459,491.22,28.01,27.70,42.99,1008.42
5460,491.31,28.00,27.71,42.97,1008.43
5461,491.40,28.00,27.72,42.96,1008.43
5462,491.49,28.00,27.74,42.95,1008.44
5463,491.58,28.00,27.72,42.94,1008.43
5464,491.67,27.99,27.73,42.95,1008.43
5465,491.76,27.99,27.73,42.95,1008.43
5466,491.85,27.99,27.74,42.94,1008.42
5467,491.94,27.99,27.72,42.92,1008.42
5468,492.03,27.99,27.72,42.92,1008.42
5469,492.12,28.00,27.72,42.93,1008.42
5470,492.21,27.99,27.72,42.94,1008.42
5471,492.30,28.00,27.72,42.95,1008.42
5472,492.39,28.00,27.72,42.95,1008.42
5473,492.48,28.01,27.71,42.96,1008.42
5474,492.57,28.02,27.71,42.96,1008.41
5475,492.66,28.02,27.73,42.96,1008.40
5476,492.75,28.02,27.74,42.95,1008.40
5477,492.84,28.03,27.75,42.96,1008.40
5478,492.93,28.02,27.75,42.96,1008.40
5479,493.02,28.03,27.75,42.95,1008.39
5480,493.11,28.03,27.75,42.93,1008.39
5481,493.20,28.02,27.76,42.94,1008.37
5482,493.29,28.02,27.76,42.93,1008.36
5483,493.38,28.01,27.76,42.92,1008.36
5484,493.47,28.01,27.76,42.92,1008.35
5485,493.56,28.01,27.76,42.91,1008.33
5486,493.65,28.01,27.76,42.93,1008.33
5487,493.74,28.01,27.76,42.91,1008.32
5488,493.83,28.02,27.76,42.91,1008.32
5489,493.92,28.02,27.77,42.89,1008.32
5490,494.01,28.02,27.78,42.89,1008.32
5491,494.10,28.03,27.79,42.89,1008.31
5492,494.19,28.02,27.78,42.89,1008.31
5493,494.28,28.01,27.78,42.89,1008.32
5494,494.37,28.01,27.78,42.90,1008.32
5495,494.46,28.01,27.78,42.91,1008.32
5496,494.55,28.01,27.79,42.92,1008.32
5497,494.64,28.01,27.79,42.91,1008.31
5498,494.73,28.00,27.79,42.92,1008.31
5499,494.82,28.00,27.80,42.92,1008.31
5500,494.91,28.01,27.79,42.92,1008.32
5501,495.00,28.01,27.79,42.93,1008.32
5502,495.09,28.01,27.78,42.93,1008.32
5503,495.18,28.01,27.77,42.94,1008.32
5504,495.27,28.02,27.76,42.93,1008.32
5505,495.36,28.01,27.76,42.91,1008.33
5506,495.45,28.02,27.74,42.90,1008.33
5507,495.54,28.02,27.74,42.89,1008.33
5508,495.63,28.02,27.74,42.90,1008.34
5509,495.72,28.01,27.75,42.89,1008.35
5510,495.81,28.01,27.75,42.88,1008.36
5511,495.90,28.00,27.77,42.89,1008.36
5512,495.99,28.00,27.78,42.89,1008.37
5513,496.08,28.00,27.78,42.88,1008.37
5514,496.17,27.98,27.79,42.88,1008.38
5515,496.26,27.97,27.78,42.88,1008.38
5516,496.35,27.97,27.78,42.89,1008.38
5517,496.44,27.97,27.79,42.88,1008.39
5518,496.53,27.98,27.80,42.89,1008.40
5519,496.62,27.98,27.80,42.88,1008.41
5520,496.71,27.98,27.81,42.89,1008.41
5521,496.80,27.98,27.80,42.89,1008.41
5522,496.89,27.97,27.79,42.90,1008.41
5523,496.98,27.97,27.79,42.92,1008.41
5524,497.07,27.97,27.80,42.92,1008.41
5525,497.16,27.98,27.79,42.93,1008.42
5526,497.25,27.98,27.79,42.95,1008.42
5527,497.34,27.97,27.79,42.94,1008.42
5528,497.43,27.98,27.78,42.96,1008.41
5529,497.52,27.99,27.77,42.97,1008.42
5530,497.61,27.98,27.77,42.97,1008.42
5531,497.70,27.98,27.77,42.96,1008.42
5532,497.79,27.99,27.76,42.96,1008.41
5533,497.88,27.99,27.76,42.97,1008.40
5534,497.97,27.99,27.76,42.96,1008.40
5535,498.06,27.98,27.75,42.97,1008.38
5536,498.15,27.99,27.75,42.97,1008.38
5537,498.24,27.99,27.76,42.97,1008.37
5538,498.33,28.00,27.76,42.98,1008.38
5539,498.42,28.00,27.76,42.99,1008.37
5540,498.51,27.99,27.76,42.99,1008.36
5541,498.60,27.99,27.76,42.98,1008.36
5542,498.69,27.99,27.76,42.98,1008.35
5543,498.78,27.99,27.76,42.98,1008.35
5544,498.87,27.99,27.76,42.97,1008.35
5545,498.96,27.99,27.76,42.98,1008.34
5546,499.05,27.98,27.76,42.97,1008.34
5547,499.14,27.98,27.76,42.96,1008.34
5548,499.23,27.99,27.76,42.97,1008.33
5549,499.32,27.98,27.76,42.97,1008.33
5550,499.41,27.99,27.77,42.98,1008.33
5551,499.50,28.00,27.76,42.97,1008.32
5552,499.59,27.99,27.76,42.97,1008.32
5553,499.68,27.98,27.75,42.96,1008.31
5554,499.77,27.98,27.74,42.96,1008.31
5555,499.86,27.99,27.74,42.96,1008.30
5556,499.95,27.98,27.75,42.95,1008.31
5557,500.04,27.98,27.75,42.97,1008.31
5558,500.13,27.99,27.75,42.98,1008.31
5559,500.22,27.99,27.75,42.97,1008.31
5560,500.31,27.99,27.75,42.96,1008.32
5561,500.40,27.99,27.76,42.97,1008.32
5562,500.49,28.00,27.76,42.98,1008.33
5563,500.58,27.99,27.76,42.99,1008.33
5564,500.67,27.99,27.76,42.99,1008.33
5565,500.76,27.98,27.75,42.99,1008.34
5566,500.85,27.99,27.75,42.99,1008.35
5567,500.94,28.00,27.76,43.01,1008.34
5568,501.03,27.99,27.77,43.00,1008.35
5569,501.12,27.99,27.76,43.00,1008.34
5570,501.21,27.99,27.76,42.99,1008.34
5571,501.30,27.99,27.77,43.01,1008.34
5572,501.39,27.99,27.75,43.02,1008.35
5573,501.48,28.00,27.75,43.02,1008.35
5574,501.57,27.99,27.75,43.03,1008.36
5575,501.66,27.99,27.76,43.03,1008.37
5576,501.75,27.99,27.75,43.02,1008.36
5577,501.84,27.99,27.76,43.02,1008.36
5578,501.93,27.98,27.76,43.00,1008.36
5579,502.02,27.97,27.76,43.01,1008.37
5580,502.11,27.98,27.76,43.02,1008.37
5581,502.20,27.99,27.76,43.02,1008.37
5582,502.29,27.99,27.76,43.00,1008.38
5583,502.38,27.98,27.75,43.00,1008.38
5584,502.47,27.98,27.74,43.01,1008.39
5585,502.56,27.98,27.74,43.00,1008.39
5586,502.65,27.98,27.73,42.99,1008.39
5587,502.74,27.98,27.73,42.99,1008.39
5588,502.83,27.98,27.73,42.98,1008.39
5589,502.92,27.98,27.74,42.98,1008.38
5590,503.01,27.98,27.73,42.99,1008.38
5591,503.10,27.98,27.73,42.99,1008.38
5592,503.19,27.98,27.74,42.98,1008.38
5593,503.28,27.99,27.73,42.99,1008.38
5594,503.37,27.99,27.72,42.98,1008.38
5595,503.46,28.00,27.73,42.99,1008.37
5596,503.55,28.00,27.74,42.98,1008.37
5597,503.64,28.00,27.75,42.99,1008.37
5598,503.73,28.00,27.76,42.98,1008.37
5599,503.82,28.00,27.76,42.99,1008.36
5600,503.91,28.01,27.76,42.99,1008.36
5601,504.00,28.01,27.75,42.99,1008.35
5602,504.09,28.01,27.76,42.98,1008.34
5603,504.18,28.01,27.75,42.96,1008.34
5604,504.27,28.01,27.74,42.94,1008.34
5605,504.36,28.01,27.75,42.93,1008.34
5606,504.45,28.01,27.74,42.93,1008.33
5607,504.54,28.01,27.74,42.94,1008.34
5608,504.63,28.00,27.74,42.94,1008.34
5609,504.72,28.00,27.75,42.93,1008.34
5610,504.81,28.00,27.75,42.93,1008.34
5611,504.90,28.00,27.75,42.93,1008.35
5612,504.99,28.00,27.75,42.94,1008.35
5613,505.08,28.01,27.75,42.94,1008.35
5614,505.17,28.01,27.74,42.94,1008.35
5615,505.26,28.01,27.74,42.94,1008.35
5616,505.35,28.01,27.76,42.96,1008.35
5617,505.44,28.01,27.75,42.97,1008.35
5618,505.53,28.02,27.75,42.96,1008.35
5619,505.62,28.02,27.76,42.95,1008.35
5620,505.71,28.02,27.75,42.95,1008.35
5621,505.80,28.02,27.76,42.97,1008.35
5622,505.89,28.01,27.77,42.96,1008.36
5623,505.98,28.02,27.77,42.95,1008.36
5624,506.07,28.02,27.76,42.96,1008.37
5625,506.16,28.02,27.76,42.96,1008.37
5626,506.25,28.01,27.76,42.97,1008.38
5627,506.34,28.01,27.75,42.97,1008.38
5628,506.43,28.01,27.76,42.99,1008.38
5629,506.52,28.00,27.80,42.99,1008.38
5630,506.61,28.00,27.77,43.00,1008.38
5631,506.70,28.00,27.75,42.99,1008.39
5632,506.79,28.01,27.76,42.98,1008.39
5633,506.88,28.02,27.77,42.99,1008.39
5634,506.97,28.02,27.77,43.00,1008.40
5635,507.06,28.01,27.77,43.01,1008.40
5636,507.15,28.02,27.77,43.01,1008.40
5637,507.24,28.01,27.77,43.00,1008.40
5638,507.33,28.02,27.77,43.01,1008.41
5639,507.42,28.02,27.77,42.99,1008.41
5640,507.51,28.02,27.77,42.99,1008.41
5641,507.60,28.02,27.77,42.99,1008.41
5642,507.69,28.03,27.77,43.00,1008.41
5643,507.78,28.02,27.76,42.99,1008.41
5644,507.87,28.03,27.77,43.00,1008.41
5645,507.96,28.03,27.76,42.99,1008.41
5646,508.05,28.03,27.76,43.01,1008.40
5647,508.14,28.03,27.76,43.00,1008.41
5648,508.23,28.04,27.74,43.00,1008.40
5649,508.32,28.03,27.76,42.99,1008.39
5650,508.41,28.02,27.75,42.99,1008.38
5651,508.50,28.02,27.75,43.00,1008.38
5652,508.59,28.00,27.73,42.99,1008.38
5653,508.68,28.01,27.73,42.98,1008.37
5654,508.77,28.01,27.73,42.98,1008.37
5655,508.86,28.01,27.74,42.98,1008.37
5656,508.95,28.01,27.74,42.99,1008.37
5657,509.04,28.00,27.75,43.00,1008.37
5658,509.13,28.00,27.75,43.00,1008.37
5659,509.22,28.00,27.75,43.00,1008.37
5660,509.31,28.01,27.75,43.00,1008.37
5661,509.40,28.00,27.76,43.00,1008.36
5662,509.49,27.99,27.76,43.00,1008.35
5663,509.58,27.99,27.75,42.98,1008.36
5664,509.67,27.99,27.76,42.99,1008.36
5665,509.76,28.00,27.76,43.00,1008.36
5666,509.85,27.99,27.75,43.01,1008.36
5667,509.94,27.99,27.76,43.01,1008.36
5668,510.03,27.99,27.75,43.01,1008.36
5669,510.12,28.00,27.75,43.01,1008.37
5670,510.21,28.00,27.74,43.00,1008.36
5671,510.30,28.00,27.75,42.99,1008.36
5672,510.39,28.00,27.76,43.00,1008.37
5673,510.48,27.98,27.76,43.00,1008.37
5674,510.57,27.98,27.77,43.00,1008.37
5675,510.66,27.98,27.78,43.01,1008.37
5676,510.75,27.98,27.78,43.01,1008.37
5677,510.84,27.97,27.79,43.01,1008.37
5678,510.93,27.96,27.80,43.02,1008.38
5679,511.02,27.96,27.79,43.02,1008.38
5680,511.11,27.97,27.80,43.01,1008.38
5681,511.20,27.97,27.80,43.02,1008.39
5682,511.29,27.97,27.81,43.02,1008.38
5683,511.38,27.98,27.81,43.02,1008.39
5684,511.47,27.97,27.80,43.02,1008.39
5685,511.56,27.97,27.80,43.02,1008.38
5686,511.65,27.97,27.80,43.03,1008.39
5687,511.74,27.97,27.79,43.04,1008.39
5688,511.83,27.97,27.78,43.04,1008.38
5689,511.92,27.98,27.79,43.04,1008.38
5690,512.01,27.98,27.79,43.04,1008.38
5691,512.10,27.98,27.79,43.04,1008.39
5692,512.19,27.97,27.79,43.03,1008.39
5693,512.28,27.97,27.80,43.05,1008.39
5694,512.37,27.97,27.79,43.06,1008.39
5695,512.46,27.97,27.79,43.05,1008.39
5696,512.55,27.97,27.78,43.05,1008.40
5697,512.64,27.97,27.78,43.04,1008.40
5698,512.73,27.98,27.77,43.04,1008.40
5699,512.82,27.98,27.79,43.04,1008.40
5700,512.91,27.98,27.78,43.04,1008.39
5701,513.00,27.98,27.77,43.03,1008.38
5702,513.09,27.99,27.77,43.02,1008.39
5703,513.18,27.99,27.76,43.02,1008.40
5704,513.27,27.99,27.75,43.00,1008.39
5705,513.36,27.99,27.74,42.99,1008.40
5706,513.45,27.99,27.74,42.98,1008.40
5707,513.54,27.99,27.74,43.00,1008.39
5708,513.63,28.00,27.75,43.00,1008.38
5709,513.72,27.99,27.65,43.00,1008.39
5710,513.81,28.00,27.70,43.01,1008.38
5711,513.90,27.99,27.74,43.00,1008.39
5712,513.99,27.99,27.74,42.99,1008.38
5713,514.08,27.99,27.74,42.99,1008.38
5714,514.17,28.00,27.74,43.01,1008.38
5715,514.26,27.99,27.73,43.01,1008.38
5716,514.35,27.99,27.74,43.01,1008.38
5717,514.44,27.99,27.73,43.02,1008.38
5718,514.53,27.99,27.73,43.02,1008.38
5719,514.62,28.00,27.71,43.01,1008.38
5720,514.71,28.00,27.70,43.02,1008.37
5721,514.80,28.01,27.69,43.02,1008.36
5722,514.89,28.01,27.70,43.02,1008.36
5723,514.98,28.01,27.70,43.04,1008.36
5724,515.07,28.00,27.70,43.04,1008.35
5725,515.16,27.99,27.69,43.04,1008.36
5726,515.25,27.99,27.69,43.05,1008.35
5727,515.34,28.00,27.68,43.05,1008.35
5728,515.43,28.01,27.69,43.05,1008.35
5729,515.52,28.00,27.71,43.04,1008.36
5730,515.61,28.00,27.71,43.05,1008.36
5731,515.70,28.00,27.71,43.06,1008.36
5732,515.79,28.01,27.72,43.05,1008.37
5733,515.88,28.01,27.71,43.04,1008.37
5734,515.97,28.01,27.71,43.05,1008.38
5735,516.06,28.01,27.70,43.04,1008.38
5736,516.15,28.01,27.70,43.04,1008.38
5737,516.24,28.01,27.70,43.05,1008.38
5738,516.33,28.01,27.71,43.04,1008.38
5739,516.42,28.01,27.71,43.05,1008.39
5740,516.51,28.01,27.70,43.06,1008.39
5741,516.60,28.01,27.71,43.05,1008.39
5742,516.69,28.01,27.70,43.05,1008.39
5743,516.78,28.02,27.70,43.05,1008.38
5744,516.87,28.01,27.71,43.06,1008.39
5745,516.96,28.02,27.72,43.06,1008.39
5746,517.05,28.01,27.67,43.07,1008.40
5747,517.14,28.02,27.71,43.07,1008.40
5748,517.23,28.01,27.71,43.07,1008.40
5749,517.32,28.02,27.71,43.06,1008.41
5750,517.41,28.02,27.70,43.04,1008.40
5751,517.50,28.02,27.71,43.02,1008.40
5752,517.59,28.01,27.72,43.03,1008.40
5753,517.68,28.01,27.71,43.02,1008.39
5754,517.77,28.01,27.72,43.03,1008.39
5755,517.86,28.01,27.71,43.04,1008.39
5756,517.95,28.01,27.71,43.05,1008.40
5757,518.04,28.02,27.71,43.05,1008.40
5758,518.13,28.02,27.73,43.06,1008.39
5759,518.22,28.01,27.73,43.07,1008.39
5760,518.31,28.00,27.73,43.07,1008.39
5761,518.40,28.00,27.72,43.07,1008.40
5762,518.49,28.00,27.72,43.07,1008.39
5763,518.58,28.00,27.72,43.05,1008.40
5764,518.67,28.00,27.72,43.05,1008.39
5765,518.76,28.00,27.73,43.05,1008.39
5766,518.85,28.01,27.73,43.06,1008.38
5767,518.94,28.01,27.73,43.07,1008.37
5768,519.03,28.02,27.74,43.06,1008.37
5769,519.12,28.01,27.75,43.06,1008.37
5770,519.21,28.02,27.74,43.06,1008.37
5771,519.30,28.02,27.74,43.04,1008.37
5772,519.39,28.02,27.74,43.04,1008.36
5773,519.48,28.02,27.74,43.04,1008.36
5774,519.57,28.01,27.74,43.04,1008.35
5775,519.66,28.02,27.73,43.03,1008.34
5776,519.75,28.01,27.74,43.03,1008.35
5777,519.84,28.00,27.76,43.03,1008.35
5778,519.93,28.00,27.76,43.03,1008.35
5779,520.02,27.99,27.76,43.03,1008.35
5780,520.11,27.99,27.76,43.03,1008.35
5781,520.20,27.98,27.76,43.04,1008.36
5782,520.29,27.98,27.75,43.02,1008.36
5783,520.38,27.98,27.75,43.02,1008.35
5784,520.47,27.98,27.76,43.02,1008.35
5785,520.56,27.98,27.77,43.03,1008.36
5786,520.65,27.99,27.77,43.04,1008.35
5787,520.74,27.99,27.76,43.04,1008.36
5788,520.83,27.99,27.77,43.05,1008.35
5789,520.92,27.98,27.77,43.05,1008.36
5790,521.01,27.98,27.77,43.04,1008.36
5791,521.10,27.97,27.76,43.05,1008.36
5792,521.19,27.97,27.76,43.03,1008.36
5793,521.28,27.97,27.75,43.03,1008.35
5794,521.37,27.98,27.75,43.04,1008.35
5795,521.46,27.98,27.75,43.02,1008.35
5796,521.55,27.98,27.75,43.03,1008.37
5797,521.64,27.98,27.74,43.03,1008.38
5798,521.73,27.99,27.75,43.02,1008.38
5799,521.82,27.99,27.75,43.01,1008.39
5800,521.91,27.98,27.74,43.01,1008.39
5801,522.00,27.98,27.74,43.01,1008.40
5802,522.09,27.98,27.75,43.01,1008.40
5803,522.18,27.98,27.75,43.02,1008.40
5804,522.27,27.98,27.74,43.03,1008.40
5805,522.36,27.98,27.74,43.01,1008.40
5806,522.45,27.97,27.74,43.02,1008.41
5807,522.54,27.97,27.74,43.03,1008.41
5808,522.63,27.96,27.73,43.02,1008.41
5809,522.72,27.96,27.73,43.04,1008.42
5810,522.81,27.96,27.73,43.03,1008.42
5811,522.90,27.96,27.74,43.03,1008.42
5812,522.99,27.97,27.73,43.03,1008.41
5813,523.08,27.97,27.74,43.04,1008.41
5814,523.17,27.96,27.73,43.05,1008.40
5815,523.26,27.97,27.74,43.06,1008.40
5816,523.35,27.96,27.74,43.07,1008.40
5817,523.44,27.96,27.73,43.07,1008.39
5818,523.53,27.97,27.72,43.09,1008.40
5819,523.62,27.97,27.74,43.08,1008.39
5820,523.71,27.98,27.73,43.09,1008.39
5821,523.80,27.98,27.73,43.09,1008.39
5822,523.89,27.98,27.71,43.09,1008.38
5823,523.98,27.98,27.71,43.08,1008.37
5824,524.07,27.98,27.70,43.07,1008.37
5825,524.16,27.99,27.70,43.06,1008.37
5826,524.25,27.99,27.70,43.06,1008.36
5827,524.34,27.99,27.70,43.07,1008.36
5828,524.43,28.00,27.71,43.06,1008.35
5829,524.52,28.00,27.70,43.06,1008.36
5830,524.61,28.01,27.70,43.05,1008.35
5831,524.70,28.01,27.71,43.03,1008.35
5832,524.79,28.01,27.71,43.02,1008.35
5833,524.88,28.01,27.71,43.03,1008.34
5834,524.97,28.01,27.70,43.03,1008.34
5835,525.06,28.01,27.70,43.01,1008.34
5836,525.15,28.01,27.71,43.00,1008.34
5837,525.24,28.01,27.72,42.99,1008.34
5838,525.33,28.02,27.72,43.00,1008.34
5839,525.42,28.02,27.72,43.01,1008.34
5840,525.51,28.02,27.73,43.00,1008.33
5841,525.60,28.02,27.72,43.00,1008.33
5842,525.69,28.01,27.72,42.99,1008.33
5843,525.78,28.01,27.73,43.01,1008.33
5844,525.87,28.00,27.72,43.01,1008.33
5845,525.96,28.00,27.74,43.01,1008.32
5846,526.05,28.00,27.74,43.02,1008.32
5847,526.14,28.00,27.74,43.02,1008.32
5848,526.23,28.00,27.75,43.02,1008.33
5849,526.32,28.00,27.76,43.01,1008.34
5850,526.41,28.00,27.76,43.02,1008.34
5851,526.50,28.00,27.76,43.03,1008.34
5852,526.59,28.01,27.76,43.02,1008.34
5853,526.68,28.00,27.77,43.01,1008.35
5854,526.77,28.00,27.78,43.01,1008.35
5855,526.86,28.00,27.78,43.01,1008.36
5856,526.95,27.99,27.76,43.01,1008.36
5857,527.04,27.99,27.76,43.03,1008.37
5858,527.13,27.99,27.76,43.03,1008.38
5859,527.22,27.99,27.77,43.03,1008.39
5860,527.31,27.99,27.77,43.02,1008.40
5861,527.40,28.00,27.78,43.03,1008.41
5862,527.49,28.00,27.77,43.03,1008.41
5863,527.58,27.99,27.76,43.03,1008.41
5864,527.67,27.99,27.76,43.02,1008.41
5865,527.76,27.99,27.75,43.03,1008.41
5866,527.85,28.00,27.75,43.03,1008.41
5867,527.94,28.00,27.75,43.02,1008.40
5868,528.03,28.01,27.74,43.02,1008.41
5869,528.12,28.01,27.74,43.03,1008.40
5870,528.21,28.00,27.73,43.03,1008.41
5871,528.30,28.00,27.73,43.05,1008.41
5872,528.39,28.00,27.72,43.05,1008.41
5873,528.48,28.00,27.71,43.05,1008.41
5874,528.57,28.00,27.71,43.05,1008.40
5875,528.66,27.99,27.71,43.05,1008.40
5876,528.75,28.00,27.73,43.03,1008.39
5877,528.84,28.00,27.73,43.06,1008.39
5878,528.93,28.01,27.74,43.04,1008.39
5879,529.02,28.01,27.75,43.04,1008.39
5880,529.11,28.01,27.74,43.04,1008.38
5881,529.20,28.02,27.74,43.04,1008.38
5882,529.29,28.02,27.66,43.06,1008.37
5883,529.38,28.02,27.72,43.04,1008.37
5884,529.47,28.03,27.75,43.05,1008.36
5885,529.56,28.03,27.74,43.05,1008.35
5886,529.65,28.03,27.75,43.03,1008.34
5887,529.74,28.03,27.75,43.03,1008.34
5888,529.83,28.03,27.76,43.04,1008.33
5889,529.92,28.03,27.75,43.05,1008.33
5890,530.01,28.03,27.74,43.03,1008.32
5891,530.10,28.03,27.75,43.02,1008.31
5892,530.19,28.03,27.76,43.03,1008.31
5893,530.28,28.02,27.76,43.02,1008.31
5894,530.37,28.02,27.76,43.03,1008.31
5895,530.46,28.03,27.76,43.03,1008.31
5896,530.55,28.03,27.76,43.03,1008.31
5897,530.64,28.03,27.76,43.03,1008.30
5898,530.73,28.03,27.76,43.04,1008.30
5899,530.82,28.02,27.76,43.06,1008.30
5900,530.91,28.02,27.76,43.03,1008.30
5901,531.00,28.02,27.76,43.02,1008.30
5902,531.09,28.03,27.76,43.04,1008.31
5903,531.18,28.04,27.76,43.05,1008.31
5904,531.27,28.04,27.76,43.05,1008.32
5905,531.36,28.04,27.75,43.05,1008.32
5906,531.45,28.03,27.75,43.05,1008.32
5907,531.54,28.03,27.74,43.05,1008.32
5908,531.63,28.03,27.72,43.06,1008.32
5909,531.72,28.02,27.72,43.06,1008.33
5910,531.81,28.01,27.72,43.07,1008.33
5911,531.90,28.02,27.70,43.07,1008.33
5912,531.99,28.03,27.71,43.06,1008.33
5913,532.08,28.04,27.71,43.07,1008.34
5914,532.17,28.03,27.70,43.06,1008.35
5915,532.26,28.02,27.70,43.06,1008.35
5916,532.35,28.01,27.71,43.06,1008.35
5917,532.44,28.01,27.71,43.06,1008.36
5918,532.53,28.01,27.70,43.06,1008.37
5919,532.62,28.02,27.70,43.06,1008.37
5920,532.71,28.01,27.69,43.07,1008.37
5921,532.80,28.01,27.70,43.06,1008.37
5922,532.89,28.01,27.71,43.07,1008.38
5923,532.98,28.00,27.71,43.07,1008.39
5924,533.07,28.00,27.71,43.07,1008.40
5925,533.16,27.99,27.72,43.07,1008.40
5926,533.25,28.00,27.73,43.07,1008.39
5927,533.34,28.00,27.71,43.07,1008.40
5928,533.43,28.01,27.71,43.07,1008.40
5929,533.52,28.00,27.71,43.06,1008.40
5930,533.61,28.00,27.71,43.05,1008.40
5931,533.70,28.00,27.72,43.04,1008.40
5932,533.79,28.00,27.73,43.04,1008.42
5933,533.88,28.00,27.72,43.04,1008.41
5934,533.97,28.00,27.72,43.05,1008.41
5935,534.06,27.99,27.73,43.04,1008.41
5936,534.15,28.00,27.73,43.04,1008.42
5937,534.24,28.00,27.73,43.06,1008.41
5938,534.33,27.99,27.74,43.05,1008.41
5939,534.42,27.99,27.75,43.06,1008.40
5940,534.51,27.99,27.76,43.06,1008.40
5941,534.60,27.99,27.76,43.06,1008.40
5942,534.69,27.99,27.76,43.07,1008.40
5943,534.78,27.99,27.76,43.06,1008.39
5944,534.87,27.99,27.76,43.08,1008.39
5945,534.96,27.98,27.76,43.09,1008.38
5946,535.05,27.98,27.75,43.11,1008.38
5947,535.14,27.98,27.76,43.10,1008.37
5948,535.23,27.98,27.77,43.08,1008.37
5949,535.32,27.98,27.76,43.07,1008.36
5950,535.41,27.99,27.77,43.06,1008.36
5951,535.50,28.00,27.76,43.06,1008.36
5952,535.59,28.00,27.76,43.07,1008.36
5953,535.68,28.01,27.75,43.07,1008.35
5954,535.77,28.00,27.74,43.07,1008.35
5955,535.86,27.99,27.74,43.06,1008.35
5956,535.95,28.00,27.75,43.07,1008.35
5957,536.04,27.99,27.75,43.07,1008.35
5958,536.13,27.99,27.75,43.05,1008.35
5959,536.22,27.99,27.74,43.05,1008.35
5960,536.31,27.98,27.74,43.05,1008.35
5961,536.40,27.98,27.73,43.04,1008.36
5962,536.49,27.97,27.74,43.05,1008.36
5963,536.58,27.99,27.75,43.04,1008.36
5964,536.67,27.99,27.76,43.05,1008.35
5965,536.76,27.99,27.78,43.06,1008.34
5966,536.85,27.98,27.78,43.06,1008.34
5967,536.94,27.99,27.80,43.06,1008.35
5968,537.03,27.98,27.79,43.08,1008.35
5969,537.12,27.98,27.78,43.07,1008.35
5970,537.21,27.99,27.78,43.06,1008.35
5971,537.30,27.98,27.78,43.08,1008.36
5972,537.39,27.99,27.78,43.09,1008.36
5973,537.48,27.99,27.76,43.10,1008.36
5974,537.57,27.99,27.76,43.10,1008.35
5975,537.66,27.98,27.76,43.09,1008.35
5976,537.75,27.98,27.75,43.10,1008.36
5977,537.84,27.98,27.74,43.10,1008.37
5978,537.93,27.97,27.75,43.09,1008.37
5979,538.02,27.96,27.74,43.09,1008.37
5980,538.11,27.96,27.72,43.09,1008.37
5981,538.20,27.96,27.70,43.10,1008.37
5982,538.29,27.96,27.69,43.09,1008.37
5983,538.38,27.96,27.69,43.10,1008.37
5984,538.47,27.98,27.70,43.10,1008.37
5985,538.56,27.98,27.69,43.10,1008.38
5986,538.65,27.98,27.69,43.10,1008.38
5987,538.74,27.98,27.69,43.11,1008.39
5988,538.83,27.98,27.69,43.12,1008.39
5989,538.92,27.98,27.68,43.11,1008.39
5990,539.01,27.99,27.69,43.10,1008.39
5991,539.10,28.00,27.68,43.10,1008.40
5992,539.19,28.01,27.68,43.10,1008.39
5993,539.28,28.00,27.70,43.10,1008.38
5994,539.37,28.01,27.71,43.09,1008.39
5995,539.46,28.01,27.71,43.08,1008.39
5996,539.55,28.01,27.71,43.08,1008.39
5997,539.64,28.02,27.70,43.07,1008.39
5998,539.73,28.01,27.71,43.05,1008.39
5999,539.82,28.02,27.72,43.05,1008.39
6000,539.91,28.02,27.71,43.05,1008.39
6001,540.00,28.02,27.71,43.05,1008.38
6002,540.09,28.01,27.70,43.04,1008.38
6003,540.18,28.02,27.70,43.04,1008.38
6004,540.27,28.03,27.71,43.03,1008.38
6005,540.36,28.03,27.71,43.02,1008.39
6006,540.45,28.02,27.70,43.04,1008.38
6007,540.54,28.02,27.70,43.03,1008.38
6008,540.63,28.01,27.70,43.04,1008.38
6009,540.72,28.00,27.71,43.03,1008.37
6010,540.81,27.99,27.71,43.03,1008.37
6011,540.90,27.99,27.71,43.02,1008.37
6012,540.99,28.00,27.73,43.03,1008.37
6013,541.08,28.00,27.72,43.03,1008.37
6014,541.17,28.07,27.73,43.04,1008.38
6015,541.26,28.00,27.73,43.03,1008.37
6016,541.35,28.01,27.74,43.03,1008.37
6017,541.44,28.01,27.75,43.04,1008.37
6018,541.53,28.00,27.76,43.04,1008.38
6019,541.62,28.00,27.76,43.07,1008.37
6020,541.71,28.00,27.76,43.07,1008.37
6021,541.80,28.01,27.77,43.07,1008.36
6022,541.89,28.01,27.77,43.07,1008.36
6023,541.98,28.00,27.76,43.08,1008.36
6024,542.07,28.00,27.76,43.09,1008.36
6025,542.16,27.99,27.76,43.08,1008.36
6026,542.25,27.99,27.76,43.08,1008.36
6027,542.34,27.99,27.76,43.08,1008.37
6028,542.43,27.98,27.76,43.09,1008.38
6029,542.52,27.98,27.75,43.08,1008.38
6030,542.61,27.99,27.75,43.07,1008.38
6031,542.70,27.99,27.76,43.08,1008.39
6032,542.79,27.98,27.76,43.08,1008.39
6033,542.88,27.98,27.78,43.09,1008.40
6034,542.97,27.98,27.77,43.09,1008.40
6035,543.06,27.97,27.77,43.08,1008.39
6036,543.15,27.97,27.78,43.07,1008.39
6037,543.24,27.97,27.80,43.08,1008.39
6038,543.33,27.98,27.79,43.07,1008.40
6039,543.42,27.98,27.79,43.06,1008.40
6040,543.51,27.98,27.79,43.08,1008.40
6041,543.60,27.98,27.78,43.08,1008.40
6042,543.69,27.98,27.78,43.08,1008.40
6043,543.78,27.97,27.78,43.10,1008.41
6044,543.87,27.97,27.79,43.08,1008.40
6045,543.96,27.97,27.79,43.06,1008.40
6046,544.05,27.97,27.79,43.06,1008.40
6047,544.14,27.96,27.78,43.06,1008.40
6048,544.23,27.96,27.77,43.08,1008.39
6049,544.32,27.96,27.77,43.08,1008.39
6050,544.41,27.96,27.77,43.08,1008.38
6051,544.50,27.97,27.76,43.08,1008.38
6052,544.59,27.97,27.77,43.07,1008.38
6053,544.68,27.97,27.77,43.09,1008.38
6054,544.77,27.97,27.77,43.09,1008.38
6055,544.86,27.97,27.76,43.08,1008.38
6056,544.95,27.96,27.76,43.06,1008.38
6057,545.04,27.97,27.76,43.06,1008.38
6058,545.13,27.96,27.75,43.06,1008.38
6059,545.22,27.96,27.75,43.07,1008.37
6060,545.31,27.97,27.75,43.08,1008.36
6061,545.40,27.97,27.74,43.07,1008.36
6062,545.49,27.97,27.74,43.07,1008.37
6063,545.58,27.97,27.75,43.08,1008.37
6064,545.67,27.97,27.74,43.09,1008.38
6065,545.76,27.98,27.73,43.09,1008.38
6066,545.85,27.98,27.73,43.09,1008.37
6067,545.94,27.98,27.71,43.10,1008.37
6068,546.03,27.98,27.71,43.11,1008.37
6069,546.12,27.99,27.71,43.11,1008.37
6070,546.21,27.99,27.72,43.12,1008.37
6071,546.30,27.99,27.73,43.12,1008.37
6072,546.39,27.99,27.72,43.11,1008.37
6073,546.48,27.99,27.71,43.10,1008.37
6074,546.57,27.99,27.71,43.11,1008.37
6075,546.66,28.00,27.71,43.10,1008.36
6076,546.75,28.01,27.72,43.11,1008.36
6077,546.84,28.00,27.71,43.12,1008.37
6078,546.93,28.00,27.72,43.11,1008.37
6079,547.02,27.99,27.73,43.10,1008.38
6080,547.11,28.00,27.73,43.10,1008.38
6081,547.20,28.00,27.73,43.08,1008.39
6082,547.29,27.99,27.74,43.08,1008.39
6083,547.38,27.99,27.74,43.06,1008.39
6084,547.47,27.99,27.73,43.06,1008.39
6085,547.56,27.99,27.73,43.06,1008.39
6086,547.65,27.99,27.73,43.06,1008.40
6087,547.74,28.00,27.73,43.05,1008.40
6088,547.83,28.00,27.74,43.05,1008.40
6089,547.92,27.99,27.72,43.06,1008.39
6090,548.01,28.00,27.72,43.05,1008.39
6091,548.10,28.01,27.71,43.06,1008.40
6092,548.19,28.01,27.73,43.05,1008.41
6093,548.28,28.00,27.74,43.06,1008.40
6094,548.37,27.99,27.74,43.05,1008.40
6095,548.46,27.99,27.75,43.05,1008.41
6096,548.55,27.99,27.76,43.04,1008.41
6097,548.64,27.99,27.75,43.04,1008.41
6098,548.73,27.99,27.74,43.06,1008.41
6099,548.82,27.99,27.73,43.05,1008.40
6100,548.91,27.98,27.73,43.07,1008.41
6101,549.00,27.99,27.73,43.07,1008.40
6102,549.09,27.98,27.73,43.07,1008.41
6103,549.18,27.98,27.72,43.08,1008.41
6104,549.27,27.99,27.75,43.07,1008.40
6105,549.36,27.98,27.75,43.07,1008.40
6106,549.45,27.98,27.75,43.08,1008.39
6107,549.54,27.99,27.76,43.08,1008.39
6108,549.63,28.00,27.77,43.09,1008.40
6109,549.72,28.00,27.79,43.08,1008.39
6110,549.81,28.00,27.78,43.09,1008.38
6111,549.90,28.01,27.78,43.10,1008.39
6112,549.99,28.01,27.78,43.10,1008.39
6113,550.08,28.01,27.78,43.10,1008.39
6114,550.17,28.01,27.78,43.10,1008.37
6115,550.26,28.00,27.78,43.11,1008.37
6116,550.35,28.01,27.79,43.11,1008.37
6117,550.44,28.00,27.79,43.11,1008.37
6118,550.53,27.99,27.72,43.10,1008.37
6119,550.62,27.99,27.76,43.09,1008.37
6120,550.71,27.99,27.77,43.08,1008.36
6121,550.80,27.98,27.77,43.09,1008.36
6122,550.89,27.99,27.76,43.09,1008.36
6123,550.98,27.99,27.78,43.10,1008.35
6124,551.07,27.99,27.77,43.09,1008.35
6125,551.16,27.99,27.77,43.08,1008.36
6126,551.25,28.00,27.77,43.07,1008.35
6127,551.34,28.00,27.78,43.08,1008.35
6128,551.43,28.00,27.78,43.09,1008.36
6129,551.52,28.00,27.79,43.10,1008.36
6130,551.61,28.01,27.79,43.12,1008.35
6131,551.70,28.01,27.79,43.11,1008.35
6132,551.79,28.01,27.77,43.11,1008.36
6133,551.88,28.01,27.77,43.10,1008.36
6134,551.97,28.01,27.77,43.11,1008.35
6135,552.06,28.00,27.76,43.10,1008.36
6136,552.15,28.01,27.75,43.10,1008.37
6137,552.24,28.01,27.75,43.10,1008.38
6138,552.33,28.02,27.75,43.10,1008.38
6139,552.42,28.01,27.73,43.10,1008.38
6140,552.51,28.01,27.74,43.09,1008.38
6141,552.60,28.01,27.75,43.09,1008.38
6142,552.69,28.01,27.74,43.08,1008.38
6143,552.78,28.00,27.74,43.08,1008.39
6144,552.87,28.01,27.74,43.07,1008.39
6145,552.96,28.02,27.75,43.07,1008.39
6146,553.05,28.02,27.74,43.07,1008.39
6147,553.14,28.02,27.74,43.07,1008.40
6148,553.23,28.02,27.73,43.07,1008.41
6149,553.32,28.01,27.73,43.08,1008.40
6150,553.41,28.02,27.72,43.08,1008.41
6151,553.50,28.01,27.72,43.06,1008.40
6152,553.59,28.01,27.73,43.05,1008.40
6153,553.68,28.01,27.73,43.06,1008.40
6154,553.77,28.00,27.71,43.07,1008.40
6155,553.86,28.01,27.70,43.07,1008.40
6156,553.95,28.01,27.70,43.06,1008.39
6157,554.04,28.01,27.70,43.07,1008.39
6158,554.13,28.00,27.68,43.06,1008.40
6159,554.22,27.99,27.68,43.06,1008.40
6160,554.31,27.99,27.67,43.06,1008.40
6161,554.40,27.99,27.68,43.04,1008.40
6162,554.49,27.99,27.67,43.04,1008.39
6163,554.58,28.00,27.67,43.04,1008.38
6164,554.67,28.01,27.68,43.04,1008.39
6165,554.76,27.99,27.67,43.02,1008.39
6166,554.85,28.00,27.67,43.01,1008.39
6167,554.94,28.01,27.68,43.02,1008.38
6168,555.03,28.00,27.68,43.00,1008.38
6169,555.12,27.99,27.67,43.00,1008.38
6170,555.21,27.98,27.68,42.99,1008.38
6171,555.30,27.98,27.69,42.98,1008.37
6172,555.39,27.98,27.70,42.98,1008.37
6173,555.48,27.97,27.71,42.98,1008.37
6174,555.57,27.99,27.71,42.97,1008.37
6175,555.66,27.99,27.72,42.98,1008.37
6176,555.75,27.98,27.71,42.98,1008.36
6177,555.84,27.99,27.71,42.99,1008.35
6178,555.93,27.99,27.71,42.99,1008.35
6179,556.02,27.99,27.71,43.01,1008.34
6180,556.11,27.99,27.72,43.00,1008.34
6181,556.20,27.99,27.70,43.00,1008.34
6182,556.29,28.00,27.71,43.00,1008.34
6183,556.38,28.01,27.71,43.01,1008.34
6184,556.47,28.01,27.72,43.00,1008.34
6185,556.56,28.01,27.72,43.03,1008.33
6186,556.65,28.00,27.72,43.02,1008.34
6187,556.74,28.00,27.72,43.02,1008.34
6188,556.83,28.00,27.72,43.03,1008.34
6189,556.92,27.99,27.74,43.02,1008.33
6190,557.01,28.00,27.75,43.02,1008.32
6191,557.10,28.01,27.75,43.00,1008.32
6192,557.19,28.01,27.75,43.01,1008.32
6193,557.28,28.01,27.75,43.00,1008.33
6194,557.37,28.01,27.76,43.01,1008.33
6195,557.46,28.02,27.75,43.02,1008.33
6196,557.55,28.01,27.75,43.02,1008.34
6197,557.64,28.00,27.75,43.01,1008.34
6198,557.73,28.00,27.76,42.99,1008.34
6199,557.82,27.99,27.76,43.00,1008.35
6200,557.91,28.00,27.77,43.00,1008.35
6201,558.00,28.00,27.77,42.99,1008.35
6202,558.09,28.00,27.77,42.99,1008.35
6203,558.18,28.00,27.77,43.00,1008.35
6204,558.27,28.00,27.78,43.00,1008.36
6205,558.36,28.00,27.77,43.00,1008.36
6206,558.45,28.00,27.77,43.00,1008.36
6207,558.54,28.00,27.77,42.98,1008.37
6208,558.63,28.00,27.77,43.00,1008.37
6209,558.72,28.00,27.78,43.00,1008.36
6210,558.81,27.99,27.77,43.00,1008.37
6211,558.90,28.00,27.77,42.99,1008.37
6212,558.99,27.99,27.76,42.98,1008.39
6213,559.08,27.99,27.77,42.98,1008.39
6214,559.17,27.99,27.77,42.97,1008.39
6215,559.26,27.98,27.76,42.97,1008.39
6216,559.35,27.98,27.76,42.99,1008.39
6217,559.44,27.98,27.75,42.99,1008.39
6218,559.53,27.98,27.75,42.99,1008.39
6219,559.62,27.98,27.74,42.99,1008.39
6220,559.71,27.97,27.75,43.00,1008.40
6221,559.80,27.97,27.75,43.00,1008.39
6222,559.89,27.96,27.75,42.99,1008.39
6223,559.98,27.96,27.74,43.00,1008.39
6224,560.07,27.96,27.73,43.02,1008.39
6225,560.16,27.95,27.73,43.01,1008.40
6226,560.25,27.95,27.72,43.01,1008.39
6227,560.34,27.95,27.70,43.00,1008.39
6228,560.43,27.95,27.70,43.00,1008.39
6229,560.52,27.95,27.70,42.99,1008.39
6230,560.61,27.95,27.70,43.00,1008.38
6231,560.70,27.95,27.70,42.99,1008.38
6232,560.79,27.95,27.70,42.98,1008.37
6233,560.88,27.95,27.72,42.97,1008.37
6234,560.97,27.95,27.71,42.98,1008.35
6235,561.06,27.95,27.70,43.00,1008.35
6236,561.15,27.95,27.69,42.99,1008.35
6237,561.24,27.95,27.69,42.97,1008.34
6238,561.33,27.95,27.69,42.99,1008.34
6239,561.42,27.95,27.69,42.98,1008.34
6240,561.51,27.95,27.69,43.00,1008.34
6241,561.60,27.96,27.67,43.02,1008.34
6242,561.69,27.96,27.67,43.02,1008.33
6243,561.78,27.96,27.68,43.04,1008.32
6244,561.87,27.96,27.68,43.02,1008.32
6245,561.96,27.97,27.68,43.02,1008.33
6246,562.05,27.96,27.68,43.02,1008.33
6247,562.14,27.97,27.69,43.02,1008.33
6248,562.23,27.97,27.70,43.04,1008.33
6249,562.32,27.98,27.70,43.05,1008.33
6250,562.41,27.98,27.69,43.05,1008.33
6251,562.50,27.97,27.71,43.04,1008.32
6252,562.59,27.97,27.71,43.04,1008.33
6253,562.68,27.96,27.71,43.06,1008.33
6254,562.77,27.97,27.72,43.06,1008.33
6255,562.86,27.97,27.71,43.06,1008.33
6256,562.95,27.97,27.72,43.05,1008.33
6257,563.04,27.97,27.74,43.04,1008.33
6258,563.13,27.97,27.75,43.04,1008.33
6259,563.22,27.97,27.76,43.05,1008.33
6260,563.31,27.97,27.76,43.04,1008.33
6261,563.40,27.97,27.76,43.04,1008.33
6262,563.49,27.98,27.76,43.05,1008.34
6263,563.58,27.98,27.76,43.05,1008.34
6264,563.67,27.98,27.77,43.05,1008.35
6265,563.76,27.99,27.76,43.06,1008.36
6266,563.85,27.99,27.77,43.06,1008.37
6267,563.94,28.00,27.77,43.06,1008.37
6268,564.03,27.99,27.78,43.06,1008.37
6269,564.12,27.99,27.79,43.05,1008.37
6270,564.21,27.99,27.80,43.05,1008.38
6271,564.30,27.99,27.80,43.04,1008.38
6272,564.39,28.00,27.80,43.04,1008.38
6273,564.48,28.00,27.81,43.04,1008.38
6274,564.57,27.99,27.82,43.03,1008.38
6275,564.66,28.00,27.82,43.02,1008.39
6276,564.75,28.00,27.81,43.02,1008.39
6277,564.84,28.00,27.81,43.01,1008.39
6278,564.93,28.00,27.81,43.00,1008.40
6279,565.02,28.00,27.81,43.00,1008.40
6280,565.11,28.00,27.81,42.98,1008.40
6281,565.20,28.00,27.80,42.98,1008.40
6282,565.29,27.99,27.80,42.97,1008.40
6283,565.38,27.99,27.80,42.97,1008.39
6284,565.47,27.99,27.81,42.98,1008.39
6285,565.56,28.00,27.81,42.97,1008.39
6286,565.65,27.99,27.80,42.97,1008.39
6287,565.74,27.98,27.79,42.96,1008.39
6288,565.83,27.98,27.78,42.96,1008.38
6289,565.92,27.98,27.77,42.94,1008.38
6290,566.01,27.98,27.76,42.93,1008.37
6291,566.10,27.98,27.76,42.94,1008.37
6292,566.19,27.99,27.76,42.94,1008.36
6293,566.28,27.99,27.75,42.94,1008.37
6294,566.37,27.99,27.75,42.93,1008.36
6295,566.46,27.99,27.74,42.94,1008.36
6296,566.55,28.00,27.75,42.95,1008.36
6297,566.64,27.99,27.75,42.97,1008.35
6298,566.73,27.99,27.75,42.97,1008.35
6299,566.82,27.99,27.77,42.95,1008.35
6300,566.91,27.99,27.78,42.95,1008.34
6301,567.00,28.00,27.78,42.96,1008.34
6302,567.09,28.00,27.78,42.97,1008.34
6303,567.18,28.00,27.78,42.97,1008.33
6304,567.27,28.00,27.77,42.96,1008.33
6305,567.36,28.00,27.77,42.96,1008.32
6306,567.45,28.00,27.77,42.96,1008.32
6307,567.54,28.01,27.75,42.95,1008.31
6308,567.63,28.01,27.76,42.95,1008.32
6309,567.72,28.01,27.76,42.96,1008.33
6310,567.81,28.00,27.76,42.97,1008.33
6311,567.90,28.00,27.76,42.97,1008.33
6312,567.99,28.00,27.75,42.97,1008.33
6313,568.08,27.99,27.75,42.98,1008.32
6314,568.17,27.99,27.74,43.00,1008.32
6315,568.26,27.99,27.73,43.00,1008.32
6316,568.35,27.99,27.73,43.00,1008.32
6317,568.44,27.99,27.73,43.01,1008.32
6318,568.53,27.98,27.73,43.02,1008.33
6319,568.62,27.98,27.72,43.02,1008.34
6320,568.71,27.98,27.71,43.03,1008.34
6321,568.80,27.98,27.71,43.05,1008.33
6322,568.89,27.99,27.71,43.06,1008.33
6323,568.98,27.98,27.70,43.07,1008.34
6324,569.07,27.99,27.71,43.07,1008.33
6325,569.16,27.99,27.70,43.07,1008.34
6326,569.25,27.99,27.71,42.89,1008.34
6327,569.34,28.00,27.70,43.06,1008.34
6328,569.43,28.00,27.71,43.08,1008.35
6329,569.52,28.00,27.70,43.08,1008.36
6330,569.61,28.00,27.69,43.09,1008.37
6331,569.70,28.00,27.68,43.07,1008.38
6332,569.79,28.00,27.69,43.08,1008.37
6333,569.88,28.00,27.69,43.08,1008.38
6334,569.97,28.00,27.68,43.08,1008.38
6335,570.06,28.00,27.67,43.08,1008.38
6336,570.15,28.00,27.66,43.08,1008.38
6337,570.24,28.01,27.68,43.08,1008.37
6338,570.33,28.00,27.69,43.08,1008.37
6339,570.42,28.00,27.70,43.06,1008.37
6340,570.51,27.99,27.71,43.05,1008.38
6341,570.60,27.99,27.72,43.05,1008.38
6342,570.69,28.00,27.72,43.04,1008.38
6343,570.78,28.01,27.71,43.02,1008.38
6344,570.87,28.00,27.70,43.01,1008.38
6345,570.96,28.00,27.70,43.02,1008.39
6346,571.05,28.00,27.71,43.00,1008.39
6347,571.14,28.00,27.71,43.00,1008.39
6348,571.23,28.00,27.71,43.00,1008.38
6349,571.32,28.00,27.72,42.99,1008.38
6350,571.41,28.00,27.73,42.98,1008.39
6351,571.50,28.00,27.74,42.97,1008.38
6352,571.59,28.00,27.75,42.97,1008.38
6353,571.68,28.00,27.74,42.97,1008.39
6354,571.77,27.99,27.75,42.96,1008.38
6355,571.86,27.98,27.76,42.97,1008.38
6356,571.95,27.98,27.76,42.96,1008.37
6357,572.04,27.97,27.76,42.95,1008.38
6358,572.13,27.98,27.75,42.93,1008.38
6359,572.22,27.98,27.75,42.92,1008.38
6360,572.31,27.98,27.74,42.94,1008.37
6361,572.40,27.98,27.74,42.94,1008.36
6362,572.49,27.97,27.75,42.95,1008.36
6363,572.58,27.98,27.75,42.93,1008.36
6364,572.67,27.97,27.76,42.93,1008.36
6365,572.76,27.97,27.77,42.94,1008.36
6366,572.85,27.98,27.77,42.93,1008.36
6367,572.94,27.98,27.77,42.92,1008.36
6368,573.03,27.99,27.78,42.92,1008.36
6369,573.12,27.98,27.77,42.93,1008.36
6370,573.21,27.98,27.77,42.94,1008.36
6371,573.30,27.99,27.77,42.93,1008.36
6372,573.39,27.99,27.78,42.94,1008.36
6373,573.48,28.00,27.77,42.93,1008.37
6374,573.57,28.00,27.77,42.93,1008.36
6375,573.66,28.00,27.77,42.95,1008.36
6376,573.75,28.00,27.77,42.96,1008.36
6377,573.84,28.00,27.78,42.95,1008.36
6378,573.93,28.00,27.78,42.95,1008.36
6379,574.02,27.99,27.78,42.95,1008.36
6380,574.11,28.00,27.79,42.95,1008.35
6381,574.20,27.99,27.79,42.96,1008.35
6382,574.29,27.99,27.77,42.96,1008.36
6383,574.38,27.99,27.77,42.95,1008.37
6384,574.47,28.00,27.76,42.96,1008.37
6385,574.56,27.99,27.76,42.96,1008.38
6386,574.65,28.00,27.76,42.97,1008.38
6387,574.74,28.01,27.76,42.97,1008.38
6388,574.83,27.99,27.76,42.96,1008.39
6389,574.92,27.99,27.76,42.97,1008.39
6390,575.01,28.00,27.77,42.98,1008.39
6391,575.10,28.00,27.76,42.98,1008.39
6392,575.19,28.01,27.76,42.96,1008.39
6393,575.28,28.01,27.76,42.97,1008.39
6394,575.37,28.01,27.75,42.99,1008.39
6395,575.46,28.01,27.75,43.00,1008.39
6396,575.55,28.01,27.76,42.99,1008.39
6397,575.64,28.00,27.76,42.99,1008.40
6398,575.73,28.00,27.75,43.00,1008.40
6399,575.82,28.00,27.75,43.01,1008.40
6400,575.91,28.00,27.74,43.01,1008.40
6401,576.00,27.99,27.73,43.02,1008.40
6402,576.09,28.00,27.72,43.02,1008.40
6403,576.18,28.00,27.73,43.03,1008.39
6404,576.27,28.00,27.70,43.01,1008.40
6405,576.36,28.01,27.70,43.01,1008.40
6406,576.45,28.01,27.69,43.01,1008.40
6407,576.54,28.01,27.68,43.00,1008.40
6408,576.63,28.01,27.68,42.99,1008.39
6409,576.72,28.01,27.67,42.99,1008.39
6410,576.81,28.01,27.67,42.99,1008.39
6411,576.90,28.00,27.67,42.99,1008.38
6412,576.99,28.00,27.66,42.98,1008.37
6413,577.08,28.01,27.67,42.99,1008.37
6414,577.17,28.00,27.67,42.98,1008.36
6415,577.26,27.99,27.67,42.98,1008.36
6416,577.35,27.99,27.68,42.98,1008.36
6417,577.44,28.00,27.67,42.97,1008.36
6418,577.53,28.00,27.67,42.98,1008.36
6419,577.62,28.01,27.67,42.99,1008.35
6420,577.71,28.01,27.67,43.00,1008.35
6421,577.80,28.00,27.68,43.01,1008.36
6422,577.89,28.01,27.68,43.01,1008.37
6423,577.98,28.00,27.68,43.01,1008.37
6424,578.07,27.99,27.67,43.01,1008.36
6425,578.16,27.99,27.67,43.01,1008.36
6426,578.25,27.98,27.67,43.00,1008.36
6427,578.34,27.98,27.68,43.00,1008.36
6428,578.43,27.98,27.67,43.01,1008.36
6429,578.52,27.99,27.67,43.00,1008.36
6430,578.61,27.99,27.68,43.02,1008.36
6431,578.70,27.99,27.67,43.02,1008.35
6432,578.79,28.00,27.67,43.02,1008.35
6433,578.88,27.99,27.68,43.01,1008.35
6434,578.97,27.99,27.69,42.99,1008.36
6435,579.06,27.99,27.68,43.00,1008.37
6436,579.15,27.98,27.69,42.99,1008.37
6437,579.24,27.98,27.69,43.00,1008.37
6438,579.33,27.97,27.69,42.98,1008.37
6439,579.42,27.98,27.70,42.99,1008.37
6440,579.51,27.97,27.71,43.01,1008.37
6441,579.60,27.98,27.71,43.03,1008.37
6442,579.69,27.99,27.73,43.03,1008.37
6443,579.78,27.99,27.71,43.03,1008.37
6444,579.87,27.99,27.72,43.01,1008.37
6445,579.96,27.98,27.74,43.01,1008.37
6446,580.05,27.98,27.73,43.01,1008.37
6447,580.14,27.97,27.74,43.00,1008.38
6448,580.23,27.97,27.74,43.00,1008.37
6449,580.32,27.97,27.74,42.99,1008.37
6450,580.41,27.96,27.75,42.98,1008.37
6451,580.50,27.96,27.74,42.96,1008.36
6452,580.59,27.96,27.75,42.97,1008.37
6453,580.68,27.97,27.75,42.97,1008.37
6454,580.77,27.96,27.75,42.98,1008.37
6455,580.86,27.96,27.77,42.99,1008.38
6456,580.95,27.96,27.76,42.99,1008.37
6457,581.04,27.97,27.75,43.00,1008.37
6458,581.13,27.98,27.76,43.01,1008.37
6459,581.22,27.99,27.76,43.01,1008.37
6460,581.31,27.99,27.77,43.02,1008.37
6461,581.40,27.99,27.78,43.03,1008.38
6462,581.49,27.99,27.79,43.03,1008.38
6463,581.58,27.99,27.80,43.02,1008.38
6464,581.67,27.99,27.79,43.03,1008.37
6465,581.76,27.99,27.79,43.03,1008.37
6466,581.85,27.99,27.79,43.03,1008.37
6467,581.94,27.99,27.78,43.04,1008.36
6468,582.03,27.98,27.80,43.03,1008.36
6469,582.12,27.98,27.80,43.02,1008.37
6470,582.21,27.99,27.78,43.02,1008.37
6471,582.30,27.99,27.79,43.03,1008.36
6472,582.39,27.99,27.78,43.02,1008.36
6473,582.48,27.99,27.77,43.02,1008.36
6474,582.57,28.00,27.77,43.02,1008.36
6475,582.66,28.00,27.77,43.04,1008.35
6476,582.75,28.00,27.77,43.05,1008.35
6477,582.84,28.00,27.77,43.04,1008.35
6478,582.93,28.00,27.77,43.05,1008.35
6479,583.02,28.00,27.77,43.05,1008.35
6480,583.11,28.01,27.76,43.05,1008.34
6481,583.20,28.00,27.75,43.07,1008.35
6482,583.29,28.01,27.76,43.06,1008.35
6483,583.38,28.01,27.74,43.04,1008.34
6484,583.47,28.01,27.75,43.04,1008.35
6485,583.56,28.01,27.76,43.03,1008.35
6486,583.65,28.02,27.77,43.02,1008.36
6487,583.74,28.02,27.77,43.01,1008.36
6488,583.83,28.02,27.77,43.02,1008.37
6489,583.92,28.02,27.76,43.03,1008.36
6490,584.01,28.02,27.75,43.02,1008.37
6491,584.10,28.03,27.74,43.02,1008.37
6492,584.19,28.03,27.74,43.01,1008.37
6493,584.28,28.03,27.75,43.01,1008.38
6494,584.37,28.03,27.74,43.02,1008.39
6495,584.46,28.03,27.73,43.02,1008.39
6496,584.55,28.02,27.73,43.02,1008.39
6497,584.64,28.02,27.73,43.03,1008.39
6498,584.73,28.03,27.72,43.04,1008.38
6499,584.82,28.03,27.71,43.03,1008.38
6500,584.91,28.04,27.72,43.03,1008.38
6501,585.00,28.04,27.71,43.04,1008.39
6502,585.09,28.04,27.70,43.04,1008.39
6503,585.18,28.05,27.69,43.05,1008.39
6504,585.27,28.05,27.69,43.05,1008.39
6505,585.36,28.06,27.68,43.04,1008.38
6506,585.45,28.05,27.68,43.03,1008.39
6507,585.54,28.04,27.67,43.05,1008.40
6508,585.63,28.03,27.67,43.03,1008.40
6509,585.72,28.04,27.68,43.03,1008.40
6510,585.81,28.04,27.68,43.02,1008.39
6511,585.90,28.04,27.68,43.01,1008.39
6512,585.99,28.03,27.69,42.99,1008.38
6513,586.08,28.03,27.68,43.00,1008.38
6514,586.17,28.03,27.67,42.99,1008.38
6515,586.26,28.02,27.67,42.99,1008.38
6516,586.35,28.02,27.67,43.00,1008.37
6517,586.44,28.02,27.67,43.00,1008.37
6518,586.53,28.02,27.67,42.99,1008.35
6519,586.62,28.02,27.68,42.98,1008.36
6520,586.71,28.01,27.68,42.98,1008.36
6521,586.80,28.01,27.68,42.98,1008.36
6522,586.89,28.01,27.68,42.98,1008.35
6523,586.98,28.00,27.70,42.97,1008.35
6524,587.07,28.00,27.70,42.97,1008.35
6525,587.16,28.00,27.71,42.98,1008.35
6526,587.25,28.00,27.72,42.98,1008.35
6527,587.34,28.00,27.72,42.98,1008.34
6528,587.43,28.00,27.72,42.99,1008.34
6529,587.52,27.99,27.73,43.00,1008.35
6530,587.61,27.99,27.73,43.00,1008.34
6531,587.70,28.10,27.72,43.00,1008.34
6532,587.79,28.03,27.72,42.99,1008.34
6533,587.88,27.99,27.72,42.99,1008.34
6534,587.97,28.00,27.72,42.99,1008.33
6535,588.06,28.00,27.73,42.99,1008.32
6536,588.15,27.99,27.73,42.98,1008.33
6537,588.24,27.98,27.74,42.98,1008.33
6538,588.33,27.98,27.75,42.98,1008.34
6539,588.42,27.98,27.75,42.99,1008.33
6540,588.51,27.98,27.76,42.98,1008.34
6541,588.60,27.98,27.77,42.98,1008.34
6542,588.69,27.97,27.76,42.98,1008.34
6543,588.78,27.98,27.75,42.98,1008.34
6544,588.87,27.98,27.74,42.99,1008.34
6545,588.96,27.98,27.75,42.99,1008.34
6546,589.05,27.97,27.76,42.99,1008.34
6547,589.14,27.97,27.76,42.99,1008.34
6548,589.23,27.98,27.76,42.98,1008.34
6549,589.32,27.98,27.76,42.97,1008.34
6550,589.41,27.97,27.76,42.97,1008.34
6551,589.50,27.97,27.75,42.96,1008.35
6552,589.59,27.97,27.75,42.95,1008.35
6553,589.68,27.98,27.73,42.94,1008.35
6554,589.77,27.98,27.73,42.94,1008.36
6555,589.86,27.99,27.73,42.93,1008.36
6556,589.95,27.99,27.73,42.93,1008.36
6557,590.04,28.00,27.70,42.93,1008.36
6558,590.13,28.01,27.69,42.94,1008.36
6559,590.22,28.00,27.69,42.95,1008.37
6560,590.31,27.99,27.68,42.96,1008.38
6561,590.40,28.00,27.68,42.97,1008.39
6562,590.49,28.00,27.69,42.97,1008.39
6563,590.58,28.00,27.69,42.98,1008.39
6564,590.67,28.00,27.69,42.97,1008.39
6565,590.76,28.00,27.69,42.97,1008.39
6566,590.85,28.00,27.69,42.97,1008.39
6567,590.94,27.99,27.70,42.99,1008.38
6568,591.03,27.99,27.71,42.99,1008.39
6569,591.12,28.00,27.71,43.00,1008.39
6570,591.21,28.00,27.71,43.00,1008.39
6571,591.30,28.01,27.71,43.00,1008.39
6572,591.39,28.01,27.71,43.00,1008.39
6573,591.48,28.02,27.71,43.00,1008.38
6574,591.57,28.02,27.72,43.01,1008.38
6575,591.66,28.01,27.72,43.00,1008.38
6576,591.75,28.00,27.71,43.00,1008.38
6577,591.84,28.01,27.71,43.02,1008.37
6578,591.93,28.01,27.70,43.02,1008.37
6579,592.02,28.01,27.69,43.01,1008.37
6580,592.11,28.00,27.68,43.00,1008.37
6581,592.20,28.01,27.68,43.00,1008.37
6582,592.29,28.01,27.67,43.00,1008.37
6583,592.38,28.01,27.68,43.00,1008.38
6584,592.47,28.01,27.67,43.01,1008.38
6585,592.56,28.00,27.69,43.01,1008.37
6586,592.65,28.00,27.69,43.01,1008.36
6587,592.74,28.00,27.69,43.01,1008.35
6588,592.83,28.00,27.68,43.01,1008.35
6589,592.92,28.01,27.67,43.03,1008.35
6590,593.01,28.02,27.69,43.03,1008.35
6591,593.10,28.01,27.70,43.05,1008.34
6592,593.19,28.01,27.70,43.06,1008.34
6593,593.28,28.01,27.70,43.06,1008.34
6594,593.37,28.00,27.70,43.06,1008.33
6595,593.46,28.00,27.68,43.06,1008.34
6596,593.55,28.01,27.68,43.05,1008.32
6597,593.64,28.02,27.68,43.05,1008.33
6598,593.73,28.01,27.68,43.05,1008.31
6599,593.82,28.01,27.67,43.05,1008.31
6600,593.91,28.00,27.68,43.05,1008.32
6601,594.00,28.01,27.67,43.06,1008.31
6602,594.09,28.01,27.69,43.06,1008.31
6603,594.18,28.01,27.68,43.05,1008.30
6604,594.27,28.01,27.68,43.05,1008.30
6605,594.36,28.01,27.67,43.05,1008.30
6606,594.45,28.01,27.68,43.06,1008.31
6607,594.54,28.01,27.68,43.05,1008.31
6608,594.63,28.01,27.69,43.05,1008.32
6609,594.72,28.01,27.69,43.04,1008.32
6610,594.81,28.00,27.69,43.03,1008.32
6611,594.90,28.00,27.70,43.03,1008.33
6612,594.99,28.00,27.70,43.02,1008.33
6613,595.08,28.00,27.70,43.02,1008.34
6614,595.17,28.01,27.70,43.01,1008.34
6615,595.26,28.00,27.71,42.99,1008.35
6616,595.35,28.00,27.72,42.99,1008.35
6617,595.44,28.00,27.73,43.01,1008.36
6618,595.53,28.00,27.74,43.02,1008.36
6619,595.62,27.99,27.73,43.02,1008.36
6620,595.71,27.99,27.74,43.01,1008.37
6621,595.80,27.99,27.74,43.03,1008.38
6622,595.89,27.98,27.73,43.03,1008.38
6623,595.98,27.99,27.73,43.04,1008.38
6624,596.07,27.99,27.74,43.04,1008.39
6625,596.16,27.99,27.74,43.03,1008.40
6626,596.25,27.99,27.74,43.03,1008.40
6627,596.34,27.99,27.75,43.04,1008.40
6628,596.43,27.99,27.77,43.03,1008.41
6629,596.52,27.99,27.78,43.03,1008.41
6630,596.61,27.99,27.77,43.03,1008.41
6631,596.70,27.99,27.77,43.04,1008.41
6632,596.79,27.99,27.77,43.02,1008.41
6633,596.88,27.98,27.77,43.02,1008.41
6634,596.97,27.98,27.77,43.00,1008.41
6635,597.06,27.98,27.77,43.01,1008.41
6636,597.15,27.98,27.77,43.01,1008.41
6637,597.24,27.98,27.77,43.01,1008.41
6638,597.33,27.98,27.77,43.01,1008.40
6639,597.42,27.98,27.77,43.01,1008.40
6640,597.51,27.98,27.76,43.02,1008.39
6641,597.60,27.98,27.77,43.01,1008.38
6642,597.69,27.98,27.75,43.01,1008.38
6643,597.78,27.98,27.75,43.01,1008.37
6644,597.87,27.99,27.75,43.01,1008.38
6645,597.96,27.98,27.75,43.02,1008.37
6646,598.05,27.98,27.77,43.01,1008.37
6647,598.14,27.98,27.76,43.03,1008.37
6648,598.23,27.98,27.77,43.02,1008.37
6649,598.32,27.99,27.77,43.03,1008.37
6650,598.41,27.97,27.76,43.03,1008.36
6651,598.50,27.98,27.75,43.01,1008.36
6652,598.59,27.98,27.75,43.01,1008.35
6653,598.68,27.98,27.76,43.02,1008.35
6654,598.77,27.98,27.76,43.02,1008.34
6655,598.86,27.97,27.75,43.02,1008.34
6656,598.95,27.97,27.74,43.02,1008.34
6657,599.04,27.98,27.74,43.04,1008.33
6658,599.13,27.97,27.73,43.04,1008.33
6659,599.22,27.98,27.74,43.04,1008.34
6660,599.31,27.99,27.73,43.04,1008.34
6661,599.40,27.98,27.73,43.04,1008.34
6662,599.49,27.98,27.73,43.03,1008.34
6663,599.58,27.97,27.72,43.02,1008.35
6664,599.67,27.97,27.71,43.02,1008.35
6665,599.76,27.97,27.70,43.01,1008.34
6666,599.85,27.97,27.70,43.02,1008.33
6667,599.94,27.98,27.70,43.02,1008.35
