Index,Relative Time (s),PT100 (degC),BME280 T (degC),Humidity (%),Pressure (hPa)
1,0.00,45.00,43.93,42.06,1008.86
2,0.09,44.99,43.74,42.08,1008.86
3,0.18,44.98,43.71,42.09,1008.86
4,0.27,44.96,43.70,42.09,1008.87
5,0.36,44.93,43.69,42.13,1008.87
6,0.45,44.92,43.67,42.13,1008.87
7,0.54,44.91,43.65,42.15,1008.87
8,0.63,44.89,43.62,42.17,1008.87
9,0.72,44.86,43.60,42.20,1008.87
10,0.81,44.85,43.58,42.18,1008.87
11,0.90,44.84,43.56,42.18,1008.87
12,0.99,44.82,43.53,42.20,1008.87
13,1.08,44.80,43.52,42.23,1008.88
14,1.17,44.79,43.51,42.24,1008.88
15,1.26,44.78,43.50,42.25,1008.88
16,1.35,44.76,43.49,42.27,1008.88
17,1.44,44.75,43.46,42.29,1008.88
18,1.53,44.73,43.45,42.30,1008.88
19,1.62,44.71,43.44,42.31,1008.88
20,1.71,44.69,43.41,42.34,1008.88
21,1.80,44.68,43.40,42.38,1008.88
22,1.89,44.66,43.38,42.38,1008.88
23,1.98,44.64,43.36,42.37,1008.88
24,2.07,44.62,43.34,42.36,1008.88
25,2.16,44.60,43.32,42.38,1008.88
26,2.25,44.58,43.30,42.41,1008.88
27,2.34,44.56,43.28,42.41,1008.87
28,2.43,44.55,43.27,42.46,1008.88
29,2.52,44.53,43.25,42.46,1008.88
30,2.61,44.51,43.24,42.46,1008.87
31,2.70,44.48,43.21,42.46,1008.87
32,2.79,44.47,43.18,42.44,1008.87
33,2.88,44.46,43.18,42.47,1008.87
34,2.97,44.43,43.16,42.47,1008.87
35,3.06,44.42,43.15,42.44,1008.87
36,3.15,44.40,43.13,42.47,1008.87
37,3.24,44.39,43.11,42.50,1008.87
38,3.33,44.37,43.09,42.48,1008.87
39,3.42,44.35,43.08,42.47,1008.87
40,3.51,44.33,43.07,42.52,1008.87
41,3.60,44.31,43.05,42.51,1008.87
42,3.69,44.30,43.03,42.52,1008.87
43,3.78,44.28,43.02,42.53,1008.86
44,3.87,44.26,43.01,42.54,1008.86
45,3.96,44.24,43.00,42.54,1008.86
46,4.05,44.22,42.99,42.54,1008.86
47,4.14,44.20,42.96,42.53,1008.86
48,4.23,44.18,42.95,42.55,1008.86
49,4.32,44.17,42.93,42.57,1008.85
50,4.41,44.16,42.94,42.62,1008.85
51,4.50,44.14,42.92,42.65,1008.85
52,4.59,44.13,42.91,42.67,1008.85
53,4.68,44.11,42.89,42.66,1008.85
54,4.77,44.09,42.88,42.67,1008.85
55,4.86,44.08,42.87,42.70,1008.85
56,4.95,44.05,42.84,42.70,1008.85
57,5.04,44.03,42.83,42.72,1008.85
58,5.13,44.02,42.80,42.73,1008.85
59,5.22,44.00,42.80,42.74,1008.84
60,5.31,43.98,42.78,42.75,1008.84
61,5.40,43.95,42.77,42.75,1008.84
62,5.49,43.93,42.76,42.76,1008.84
63,5.58,43.91,42.75,42.77,1008.83
64,5.67,43.90,42.73,42.79,1008.83
65,5.76,43.88,42.72,42.78,1008.84
66,5.85,43.87,42.71,42.77,1008.84
67,5.94,43.85,42.70,42.77,1008.84
68,6.03,43.84,42.67,42.79,1008.84
69,6.12,43.82,42.65,42.82,1008.84
70,6.21,43.81,42.63,42.82,1008.85
71,6.30,43.79,42.61,42.85,1008.85
72,6.39,43.78,42.59,42.88,1008.85
73,6.48,43.76,42.56,42.91,1008.85
74,6.57,43.74,42.54,42.91,1008.85
75,6.66,43.73,42.53,42.91,1008.85
76,6.75,43.71,42.51,42.90,1008.85
77,6.84,43.70,42.49,42.91,1008.85
78,6.93,43.69,42.48,42.97,1008.85
79,7.02,43.67,42.47,42.98,1008.85
80,7.11,43.65,42.46,42.96,1008.85
81,7.20,43.64,42.45,43.01,1008.85
82,7.29,43.62,42.42,43.01,1008.86
83,7.38,43.61,42.41,43.00,1008.86
84,7.47,43.60,42.39,42.98,1008.86
85,7.56,43.59,42.38,42.95,1008.86
86,7.65,43.57,42.37,42.97,1008.86
87,7.74,43.56,42.37,43.00,1008.86
88,7.83,43.53,42.35,43.01,1008.87
89,7.92,43.52,42.32,43.02,1008.87
90,8.01,43.50,42.31,43.01,1008.86
91,8.10,43.49,42.30,43.06,1008.87
92,8.19,43.46,42.28,43.05,1008.87
93,8.28,43.45,42.26,43.06,1008.87
94,8.37,43.43,42.24,43.09,1008.88
95,8.46,43.41,42.23,43.15,1008.88
96,8.55,43.40,42.21,43.17,1008.87
97,8.64,43.40,42.20,43.16,1008.87
98,8.73,43.38,42.19,43.19,1008.87
99,8.82,43.37,42.17,43.22,1008.87
100,8.91,43.35,42.17,43.19,1008.86
101,9.00,43.34,42.14,43.19,1008.86
102,9.09,43.33,42.13,43.18,1008.86
103,9.18,43.33,42.11,43.20,1008.87
104,9.27,43.31,42.09,43.22,1008.87
105,9.36,43.29,42.07,43.23,1008.87
106,9.45,43.27,42.06,43.27,1008.87
107,9.54,43.26,42.05,43.25,1008.87
108,9.63,43.24,42.03,43.25,1008.86
109,9.72,43.23,42.01,43.30,1008.86
110,9.81,43.22,41.99,43.33,1008.86
111,9.90,43.20,41.97,43.34,1008.86
112,9.99,43.19,41.96,43.37,1008.86
113,10.08,43.18,41.94,43.39,1008.86
114,10.17,43.17,41.91,43.38,1008.86
115,10.26,43.15,41.89,43.36,1008.86
116,10.35,43.13,41.88,43.37,1008.85
117,10.44,43.12,41.87,43.40,1008.85
118,10.53,43.09,41.86,43.39,1008.85
119,10.62,43.07,41.84,43.39,1008.85
120,10.71,43.05,41.82,43.40,1008.85
121,10.80,43.04,41.81,43.37,1008.85
122,10.89,43.03,41.79,43.35,1008.84
123,10.98,43.00,41.78,43.36,1008.84
124,11.07,42.99,41.76,43.39,1008.84
125,11.16,42.97,41.74,43.41,1008.84
126,11.25,42.96,41.73,43.39,1008.83
127,11.34,42.95,41.71,43.40,1008.83
128,11.43,42.94,41.70,43.42,1008.83
129,11.52,42.93,41.69,43.43,1008.83
130,11.61,42.91,41.68,43.44,1008.83
131,11.70,42.90,41.66,43.42,1008.83
132,11.79,42.89,41.65,43.44,1008.83
133,11.88,42.87,41.64,43.43,1008.82
134,11.97,42.84,41.64,43.44,1008.83
135,12.06,42.83,41.62,43.43,1008.82
136,12.15,42.80,41.61,43.46,1008.83
137,12.24,42.78,41.61,43.44,1008.82
138,12.33,42.77,41.60,43.46,1008.82
139,12.42,42.75,41.57,43.44,1008.82
140,12.51,42.74,41.55,43.45,1008.82
141,12.60,42.72,41.53,43.48,1008.82
142,12.69,42.71,41.52,43.49,1008.82
143,12.78,42.70,41.52,43.51,1008.81
144,12.87,42.68,41.52,43.54,1008.81
145,12.96,42.66,41.51,43.54,1008.82
146,13.05,42.64,41.50,43.50,1008.81
147,13.14,42.62,41.48,43.49,1008.81
148,13.23,42.62,41.47,43.52,1008.81
149,13.32,42.61,41.45,43.55,1008.81
150,13.41,42.60,41.44,43.55,1008.81
151,13.50,42.58,41.43,43.58,1008.81
152,13.59,42.56,41.42,43.58,1008.81
153,13.68,42.55,41.39,43.60,1008.81
154,13.77,42.53,41.38,43.59,1008.81
155,13.86,42.53,41.36,43.61,1008.81
156,13.95,42.51,41.35,43.64,1008.82
157,14.04,42.50,41.33,43.69,1008.81
158,14.13,42.49,41.32,43.73,1008.81
159,14.22,42.47,41.30,43.73,1008.82
160,14.31,42.45,41.29,43.76,1008.82
161,14.40,42.43,41.26,43.77,1008.82
162,14.49,42.42,41.24,43.81,1008.83
163,14.58,42.40,41.24,43.81,1008.83
164,14.67,42.38,41.23,43.84,1008.83
165,14.76,42.36,41.22,43.87,1008.82
166,14.85,42.35,41.21,43.84,1008.82
167,14.94,42.34,41.20,43.89,1008.82
168,15.03,42.33,41.19,43.86,1008.83
169,15.12,42.31,41.19,43.88,1008.83
170,15.21,42.29,41.18,43.90,1008.83
171,15.30,42.28,41.17,43.93,1008.83
172,15.39,42.25,41.17,43.88,1008.83
173,15.48,42.25,41.14,43.89,1008.83
174,15.57,42.22,41.12,43.91,1008.83
175,15.66,42.21,41.12,43.92,1008.83
176,15.75,42.19,41.10,43.93,1008.83
177,15.84,42.18,41.09,43.94,1008.83
178,15.93,42.18,41.07,43.95,1008.83
179,16.02,42.15,41.04,43.98,1008.83
180,16.11,42.14,41.02,43.96,1008.83
181,16.20,42.13,41.01,44.02,1008.83
182,16.29,42.11,41.01,43.99,1008.83
183,16.38,42.09,40.99,43.99,1008.82
184,16.47,42.07,40.97,44.01,1008.82
185,16.56,42.06,40.95,44.03,1008.83
186,16.65,42.04,40.94,44.02,1008.83
187,16.74,42.03,40.92,44.01,1008.83
188,16.83,42.02,40.91,44.02,1008.83
189,16.92,42.01,40.90,44.05,1008.83
190,17.01,41.99,40.88,44.08,1008.83
191,17.10,41.98,40.86,44.06,1008.83
192,17.19,41.97,40.85,44.08,1008.83
193,17.28,41.97,40.84,44.07,1008.83
194,17.37,41.94,40.83,44.08,1008.83
195,17.46,41.93,40.82,44.12,1008.83
196,17.55,41.91,40.79,44.18,1008.83
197,17.64,41.90,40.77,44.22,1008.83
198,17.73,41.88,40.77,44.22,1008.83
199,17.82,41.86,40.75,44.23,1008.83
200,17.91,41.85,40.74,44.25,1008.84
201,18.00,41.83,40.72,44.29,1008.84
202,18.09,41.82,40.71,44.28,1008.83
203,18.18,41.80,40.68,44.28,1008.83
204,18.27,41.78,40.68,44.30,1008.82
205,18.36,41.76,40.68,44.28,1008.82
206,18.45,41.74,40.66,44.30,1008.82
207,18.54,41.73,40.65,44.29,1008.81
208,18.63,41.71,40.64,44.27,1008.81
209,18.72,41.70,40.62,44.25,1008.81
210,18.81,41.69,40.62,44.25,1008.81
211,18.90,41.68,40.61,44.23,1008.81
212,18.99,41.66,40.60,44.23,1008.81
213,19.08,41.64,40.58,44.23,1008.81
214,19.17,41.64,40.56,44.28,1008.81
215,19.26,41.63,40.55,44.24,1008.81
216,19.35,41.62,40.53,44.23,1008.81
217,19.44,41.61,40.53,44.23,1008.81
218,19.53,41.60,40.51,44.21,1008.81
219,19.62,41.59,40.49,44.22,1008.81
220,19.71,41.58,40.48,44.24,1008.81
221,19.80,41.57,40.48,44.28,1008.82
222,19.89,41.56,40.47,44.29,1008.81
223,19.98,41.55,40.46,44.33,1008.81
224,20.07,41.53,40.44,44.37,1008.81
225,20.16,41.52,40.42,44.37,1008.81
226,20.25,41.50,40.40,44.40,1008.81
227,20.34,41.50,40.38,44.41,1008.81
228,20.43,41.49,40.38,44.43,1008.81
229,20.52,41.47,40.37,44.43,1008.81
230,20.61,41.46,40.35,44.41,1008.81
231,20.70,41.43,40.33,44.42,1008.81
232,20.79,41.42,40.31,44.42,1008.81
233,20.88,41.41,40.29,44.42,1008.81
234,20.97,41.39,40.28,44.44,1008.81
235,21.06,41.38,40.27,44.45,1008.81
236,21.15,41.38,40.25,44.44,1008.81
237,21.24,41.36,40.23,44.42,1008.82
238,21.33,41.34,40.22,44.42,1008.82
239,21.42,41.32,40.21,44.42,1008.82
240,21.51,41.31,40.20,44.43,1008.82
241,21.60,41.30,40.18,44.43,1008.82
242,21.69,41.27,40.18,44.42,1008.82
243,21.78,41.26,40.18,44.41,1008.83
244,21.87,41.25,40.16,44.40,1008.83
245,21.96,41.23,40.15,44.42,1008.83
246,22.05,41.21,40.15,44.41,1008.83
247,22.14,41.20,40.13,44.39,1008.83
248,22.23,41.20,40.12,44.43,1008.83
249,22.32,41.18,40.10,44.46,1008.83
250,22.41,41.16,40.09,44.44,1008.83
251,22.50,41.15,40.09,44.49,1008.84
252,22.59,41.13,40.08,44.50,1008.85
253,22.68,41.12,40.06,44.52,1008.85
254,22.77,41.12,40.06,44.54,1008.85
255,22.86,41.11,40.05,44.57,1008.85
256,22.95,41.09,40.04,44.56,1008.85
257,23.04,41.08,40.03,44.59,1008.85
258,23.13,41.07,40.01,44.60,1008.85
259,23.22,41.06,40.00,44.60,1008.85
260,23.31,41.04,39.98,44.60,1008.85
261,23.40,41.03,39.95,44.62,1008.85
262,23.49,41.01,39.93,44.59,1008.85
263,23.58,41.00,39.90,44.59,1008.85
264,23.67,40.98,39.88,44.57,1008.85
265,23.76,40.97,39.87,44.56,1008.85
266,23.85,40.96,39.85,44.58,1008.85
267,23.94,40.95,39.84,44.59,1008.85
268,24.03,40.93,39.84,44.61,1008.85
269,24.12,40.91,39.82,44.64,1008.86
270,24.21,40.90,39.81,44.67,1008.86
271,24.30,40.88,39.80,44.64,1008.85
272,24.39,40.87,39.80,44.60,1008.86
273,24.48,40.86,39.79,44.58,1008.86
274,24.57,40.85,39.77,44.59,1008.86
275,24.66,40.83,39.77,44.57,1008.85
276,24.75,40.82,39.74,44.59,1008.85
277,24.84,40.80,39.74,44.63,1008.85
278,24.93,40.79,39.72,44.63,1008.86
279,25.02,40.79,39.71,44.66,1008.86
280,25.11,40.77,39.71,44.67,1008.86
281,25.20,40.76,39.70,44.69,1008.85
282,25.29,40.75,39.67,44.70,1008.86
283,25.38,40.73,39.66,44.72,1008.86
284,25.47,40.72,39.64,44.74,1008.86
285,25.56,40.70,39.62,44.75,1008.86
286,25.65,40.69,39.61,44.77,1008.86
287,25.74,40.69,39.59,44.76,1008.86
288,25.83,40.68,39.57,44.76,1008.86
289,25.92,40.67,39.56,44.76,1008.86
290,26.01,40.66,39.56,44.79,1008.86
291,26.10,40.64,39.54,44.83,1008.86
292,26.19,40.63,39.53,44.83,1008.86
293,26.28,40.63,39.51,44.84,1008.86
294,26.37,40.62,39.50,44.86,1008.86
295,26.46,40.60,39.49,44.90,1008.86
296,26.55,40.58,39.47,44.91,1008.86
297,26.64,40.56,39.46,44.86,1008.85
298,26.73,40.55,39.45,44.88,1008.85
299,26.82,40.53,39.44,44.89,1008.85
300,26.91,40.52,39.44,44.91,1008.84
301,27.00,40.50,39.43,44.90,1008.85
302,27.09,40.50,39.41,44.93,1008.85
303,27.18,40.48,39.40,44.92,1008.85
304,27.27,40.46,39.39,44.93,1008.84
305,27.36,40.45,39.38,44.94,1008.85
306,27.45,40.43,39.37,44.96,1008.84
307,27.54,40.42,39.35,44.94,1008.84
308,27.63,40.40,39.34,44.95,1008.84
309,27.72,40.39,39.33,44.96,1008.84
310,27.81,40.36,39.31,44.94,1008.84
311,27.90,40.34,39.30,44.97,1008.85
312,27.99,40.33,39.30,44.94,1008.85
313,28.08,40.32,39.30,44.94,1008.85
314,28.17,40.31,39.28,44.93,1008.85
315,28.26,40.30,39.26,44.95,1008.85
316,28.35,40.29,39.26,44.98,1008.85
317,28.44,40.28,39.24,45.00,1008.85
318,28.53,40.27,39.22,45.02,1008.86
319,28.62,40.26,39.21,45.04,1008.86
320,28.71,40.25,39.19,45.00,1008.86
321,28.80,40.24,39.19,45.03,1008.86
322,28.89,40.23,39.17,45.04,1008.86
323,28.98,40.21,39.16,45.04,1008.86
324,29.07,40.20,39.16,45.05,1008.86
325,29.16,40.18,39.14,45.05,1008.86
326,29.25,40.17,39.13,45.07,1008.86
327,29.34,40.15,39.12,45.11,1008.86
328,29.43,40.14,39.11,45.14,1008.86
329,29.52,40.12,39.11,45.14,1008.86
330,29.61,40.11,39.10,45.15,1008.86
331,29.70,40.09,39.08,45.16,1008.86
332,29.79,40.07,39.07,45.16,1008.86
333,29.88,40.06,39.07,45.16,1008.87
334,29.97,40.04,39.07,45.18,1008.87
335,30.06,40.03,39.05,45.20,1008.87
336,30.15,40.01,39.04,45.23,1008.87
337,30.24,40.00,39.03,45.21,1008.87
338,30.33,39.99,39.01,45.22,1008.86
339,30.42,39.98,39.00,45.30,1008.87
340,30.51,39.96,38.98,45.29,1008.87
341,30.60,39.95,38.96,45.27,1008.87
342,30.69,39.93,38.95,45.25,1008.87
343,30.78,39.92,38.94,45.30,1008.87
344,30.87,39.90,38.94,45.30,1008.88
345,30.96,39.90,38.92,45.32,1008.87
346,31.05,39.88,38.91,45.32,1008.87
347,31.14,39.86,38.90,45.33,1008.88
348,31.23,39.85,38.89,45.32,1008.87
349,31.32,39.84,38.89,45.33,1008.88
350,31.41,39.84,38.87,45.33,1008.88
351,31.50,39.83,38.87,45.31,1008.88
352,31.59,39.83,38.84,45.33,1008.88
353,31.68,39.82,38.82,45.36,1008.87
354,31.77,39.82,38.81,45.36,1008.88
355,31.86,39.81,38.80,45.35,1008.88
356,31.95,39.79,38.78,45.36,1008.88
357,32.04,39.78,38.76,45.39,1008.87
358,32.13,39.77,38.74,45.40,1008.87
359,32.22,39.76,38.73,45.38,1008.87
360,32.31,39.74,38.72,45.36,1008.87
361,32.40,39.74,38.72,45.36,1008.87
362,32.49,39.73,38.69,45.39,1008.87
363,32.58,39.72,38.68,45.39,1008.86
364,32.67,39.70,38.66,45.44,1008.86
365,32.76,39.69,38.65,45.44,1008.87
366,32.85,39.68,38.64,45.44,1008.87
367,32.94,39.67,38.63,45.45,1008.87
368,33.03,39.65,38.62,45.43,1008.86
369,33.12,39.64,38.61,45.43,1008.87
370,33.21,39.63,38.59,45.44,1008.86
371,33.30,39.63,38.58,45.44,1008.86
372,33.39,39.61,38.57,45.42,1008.86
373,33.48,39.60,38.56,45.44,1008.86
374,33.57,39.59,38.55,45.43,1008.86
375,33.66,39.59,38.55,45.47,1008.86
376,33.75,39.57,38.53,45.47,1008.86
377,33.84,39.55,38.52,45.49,1008.86
378,33.93,39.54,38.51,45.50,1008.86
379,34.02,39.53,38.49,45.51,1008.86
380,34.11,39.51,38.48,45.51,1008.86
381,34.20,39.51,38.48,45.54,1008.86
382,34.29,39.48,38.47,45.52,1008.86
383,34.38,39.48,38.45,45.54,1008.85
384,34.47,39.47,38.43,45.54,1008.85
385,34.56,39.45,38.42,45.56,1008.86
386,34.65,39.44,38.40,45.57,1008.86
387,34.74,39.44,38.41,45.58,1008.86
388,34.83,39.43,38.38,45.61,1008.85
389,34.92,39.42,38.37,45.65,1008.85
390,35.01,39.42,38.35,45.65,1008.85
391,35.10,39.40,38.34,45.65,1008.85
392,35.19,39.38,38.32,45.68,1008.85
393,35.28,39.36,38.31,45.68,1008.85
394,35.37,39.35,38.29,45.72,1008.85
395,35.46,39.34,38.28,45.69,1008.85
396,35.55,39.32,38.27,45.70,1008.85
397,35.64,39.32,38.25,45.71,1008.85
398,35.73,39.31,38.24,45.73,1008.85
399,35.82,39.30,38.23,45.76,1008.85
400,35.91,39.29,38.22,45.77,1008.85
401,36.00,39.29,38.21,45.77,1008.85
402,36.09,39.27,38.20,45.78,1008.85
403,36.18,39.26,38.19,45.81,1008.85
404,36.27,39.25,38.18,45.82,1008.85
405,36.36,39.24,38.18,45.86,1008.85
406,36.45,39.24,38.17,45.85,1008.85
407,36.54,39.23,38.16,45.87,1008.85
408,36.63,39.22,38.15,45.84,1008.85
409,36.72,39.20,38.14,45.86,1008.85
410,36.81,39.17,38.13,45.84,1008.85
411,36.90,39.16,38.12,45.82,1008.86
412,36.99,39.14,38.11,45.82,1008.86
413,37.08,39.12,38.10,45.83,1008.85
414,37.17,39.12,38.09,45.84,1008.85
415,37.26,39.10,38.09,45.83,1008.85
416,37.35,39.09,38.08,45.84,1008.85
417,37.44,39.08,38.08,45.83,1008.85
418,37.53,39.07,38.07,45.85,1008.86
419,37.62,39.06,38.07,45.85,1008.86
420,37.71,39.05,38.05,45.82,1008.86
421,37.80,39.03,38.04,45.78,1008.86
422,37.89,39.02,38.04,45.77,1008.86
423,37.98,39.00,38.03,45.81,1008.86
424,38.07,38.99,38.01,45.82,1008.86
425,38.16,38.98,37.99,45.86,1008.86
426,38.25,38.97,37.98,45.86,1008.86
427,38.34,38.96,37.97,45.87,1008.86
428,38.43,38.94,37.96,45.89,1008.86
429,38.52,38.94,37.94,45.92,1008.86
430,38.61,38.93,37.94,45.92,1008.86
431,38.70,38.92,37.93,45.93,1008.86
432,38.79,38.90,37.92,45.93,1008.86
433,38.88,38.89,37.91,45.91,1008.86
434,38.97,38.88,37.90,45.91,1008.86
435,39.06,38.87,37.89,45.90,1008.86
436,39.15,38.86,37.88,45.88,1008.85
437,39.24,38.84,37.87,45.87,1008.85
438,39.33,38.83,37.86,45.87,1008.85
439,39.42,38.81,37.85,45.87,1008.85
440,39.51,38.80,37.83,45.89,1008.84
441,39.60,38.77,37.83,45.90,1008.84
442,39.69,38.77,37.81,45.92,1008.84
443,39.78,38.76,37.82,45.93,1008.84
444,39.87,38.74,37.81,45.92,1008.84
445,39.96,38.73,37.80,45.97,1008.84
446,40.05,38.72,37.79,45.93,1008.84
447,40.14,38.71,37.78,45.93,1008.84
448,40.23,38.70,37.78,45.93,1008.84
449,40.32,38.68,37.76,45.90,1008.84
450,40.41,38.67,37.75,45.94,1008.84
451,40.50,38.66,37.75,45.94,1008.84
452,40.59,38.65,37.74,45.95,1008.84
453,40.68,38.65,37.72,45.93,1008.84
454,40.77,38.63,37.70,45.93,1008.84
455,40.86,38.62,37.68,45.90,1008.84
456,40.95,38.61,37.67,45.93,1008.84
457,41.04,38.60,37.66,45.93,1008.84
458,41.13,38.58,37.65,45.90,1008.84
459,41.22,38.58,37.63,45.89,1008.84
460,41.31,38.57,37.62,45.88,1008.84
461,41.40,38.57,37.60,45.87,1008.84
462,41.49,38.55,37.59,45.89,1008.84
463,41.58,38.55,37.57,45.91,1008.84
464,41.67,38.54,37.56,45.93,1008.83
465,41.76,38.53,37.54,45.97,1008.84
466,41.85,38.52,37.54,45.97,1008.84
467,41.94,38.52,37.52,46.01,1008.84
468,42.03,38.50,37.51,45.99,1008.84
469,42.12,38.49,37.50,45.99,1008.84
470,42.21,38.48,37.50,45.96,1008.83
471,42.30,38.46,37.48,45.92,1008.83
472,42.39,38.44,37.47,45.90,1008.84
473,42.48,38.43,37.45,45.89,1008.84
474,42.57,38.42,37.44,45.89,1008.84
475,42.66,38.41,37.43,45.91,1008.84
476,42.75,38.40,37.41,45.89,1008.84
477,42.84,38.39,37.39,45.91,1008.84
478,42.93,38.37,37.38,45.89,1008.84
479,43.02,38.35,37.38,45.91,1008.84
480,43.11,38.35,37.37,45.90,1008.84
481,43.20,38.34,37.36,45.94,1008.84
482,43.29,38.32,37.34,45.97,1008.84
483,43.38,38.32,37.34,45.96,1008.83
484,43.47,38.31,37.32,45.99,1008.83
485,43.56,38.30,37.31,46.03,1008.83
486,43.65,38.28,37.30,46.05,1008.83
487,43.74,38.27,37.30,46.06,1008.83
488,43.83,38.26,37.29,46.06,1008.83
489,43.92,38.25,37.29,46.05,1008.82
490,44.01,38.23,37.28,46.07,1008.82
491,44.10,38.23,37.27,46.07,1008.82
492,44.19,38.22,37.27,46.04,1008.82
493,44.28,38.20,37.27,46.03,1008.82
494,44.37,38.19,37.26,46.06,1008.82
495,44.46,38.19,37.25,46.04,1008.82
496,44.55,38.18,37.24,46.05,1008.82
497,44.64,38.17,37.24,46.04,1008.82
498,44.73,38.16,37.23,46.05,1008.83
499,44.82,38.14,37.21,46.08,1008.83
500,44.91,38.13,37.20,46.04,1008.83
501,45.00,38.13,37.18,46.10,1008.83
502,45.09,38.12,37.18,46.10,1008.82
503,45.18,38.12,37.17,46.10,1008.82
504,45.27,38.11,37.16,46.10,1008.82
505,45.36,38.09,37.14,46.08,1008.82
506,45.45,38.08,37.13,46.08,1008.82
507,45.54,38.08,37.13,46.08,1008.82
508,45.63,38.06,37.12,46.12,1008.82
509,45.72,38.05,37.12,46.14,1008.82
510,45.81,38.04,37.11,46.18,1008.82
511,45.90,38.04,37.09,46.17,1008.82
512,45.99,38.03,37.07,46.18,1008.82
513,46.08,38.01,37.06,46.19,1008.81
514,46.17,38.01,37.06,46.21,1008.81
515,46.26,37.99,37.05,46.20,1008.82
516,46.35,37.98,37.03,46.20,1008.82
517,46.44,37.97,37.02,46.19,1008.82
518,46.53,37.96,37.02,46.16,1008.82
519,46.62,37.95,37.02,46.18,1008.82
520,46.71,37.95,36.99,46.21,1008.83
521,46.80,37.94,36.99,46.20,1008.83
522,46.89,37.93,36.98,46.21,1008.83
523,46.98,37.92,36.98,46.22,1008.83
524,47.07,37.91,36.96,46.22,1008.83
525,47.16,37.90,36.95,46.26,1008.83
526,47.25,37.88,36.93,46.26,1008.84
527,47.34,37.87,36.93,46.25,1008.83
528,47.43,37.86,36.91,46.25,1008.83
529,47.52,37.85,36.90,46.25,1008.83
530,47.61,37.83,36.89,46.25,1008.83
531,47.70,37.82,36.88,46.27,1008.83
532,47.79,37.82,36.87,46.24,1008.83
533,47.88,37.80,36.87,46.24,1008.83
534,47.97,37.79,36.86,46.27,1008.84
535,48.06,37.78,36.84,46.29,1008.84
536,48.15,37.76,36.85,46.27,1008.84
537,48.24,37.75,36.83,46.29,1008.84
538,48.33,37.74,36.83,46.32,1008.84
539,48.42,37.74,36.82,46.36,1008.84
540,48.51,37.73,36.81,46.41,1008.84
541,48.60,37.72,36.79,46.42,1008.84
542,48.69,37.72,36.77,46.44,1008.84
543,48.78,37.71,36.76,46.44,1008.84
544,48.87,37.69,36.75,46.48,1008.84
545,48.96,37.68,36.76,46.43,1008.84
546,49.05,37.68,36.75,46.41,1008.84
547,49.14,37.66,36.73,46.43,1008.84
548,49.23,37.66,36.72,46.40,1008.84
549,49.32,37.65,36.71,46.40,1008.84
550,49.41,37.64,36.68,46.40,1008.84
551,49.50,37.64,36.66,46.42,1008.84
552,49.59,37.62,36.65,46.40,1008.84
553,49.68,37.61,36.64,46.44,1008.85
554,49.77,37.60,36.62,46.41,1008.85
555,49.86,37.59,36.60,46.42,1008.85
556,49.95,37.59,36.58,46.42,1008.85
557,50.04,37.57,36.59,46.42,1008.85
558,50.13,37.56,36.58,46.43,1008.85
559,50.22,37.55,36.58,46.42,1008.85
560,50.31,37.54,36.56,46.42,1008.84
561,50.40,37.53,36.55,46.43,1008.85
562,50.49,37.52,36.55,46.44,1008.84
563,50.58,37.51,36.54,46.45,1008.85
564,50.67,37.49,36.53,46.45,1008.85
565,50.76,37.48,36.51,46.49,1008.85
566,50.85,37.48,36.51,46.51,1008.85
567,50.94,37.47,36.50,46.50,1008.85
568,51.03,37.46,36.48,46.50,1008.85
569,51.12,37.45,36.48,46.50,1008.84
570,51.21,37.43,36.47,46.52,1008.84
571,51.30,37.42,36.46,46.54,1008.85
572,51.39,37.40,36.45,46.57,1008.85
573,51.48,37.39,36.45,46.56,1008.85
574,51.57,37.38,36.45,46.60,1008.84
575,51.66,37.37,36.44,46.55,1008.84
576,51.75,37.35,36.42,46.59,1008.84
577,51.84,37.34,36.41,46.59,1008.84
578,51.93,37.34,36.41,46.61,1008.84
579,52.02,37.32,36.39,46.61,1008.84
580,52.11,37.31,36.39,46.62,1008.84
581,52.20,37.30,36.38,46.65,1008.84
582,52.29,37.29,36.37,46.64,1008.85
583,52.38,37.27,36.37,46.66,1008.85
584,52.47,37.27,36.37,46.68,1008.84
585,52.56,37.26,36.34,46.67,1008.84
586,52.65,37.25,36.33,46.66,1008.84
587,52.74,37.24,36.32,46.65,1008.84
588,52.83,37.22,36.31,46.64,1008.84
589,52.92,37.21,36.30,46.64,1008.84
590,53.01,37.20,36.30,46.64,1008.84
591,53.10,37.18,36.29,46.61,1008.85
592,53.19,37.17,36.28,46.59,1008.85
593,53.28,37.16,36.27,46.63,1008.85
594,53.37,37.15,36.25,46.65,1008.84
595,53.46,37.13,36.24,46.65,1008.84
596,53.55,37.11,36.23,46.67,1008.84
597,53.64,37.10,36.21,46.66,1008.84
598,53.73,37.09,36.20,46.68,1008.84
599,53.82,37.08,36.19,46.68,1008.84
600,53.91,37.07,36.18,46.66,1008.84
601,54.00,37.05,36.18,46.69,1008.84
602,54.09,37.04,36.20,46.64,1008.84
603,54.18,37.02,36.19,46.66,1008.84
604,54.27,37.02,36.18,46.69,1008.84
605,54.36,37.01,36.16,46.68,1008.84
606,54.45,37.01,36.15,46.69,1008.85
607,54.54,37.00,36.14,46.67,1008.84
608,54.63,36.99,36.14,46.70,1008.84
609,54.72,36.98,36.13,46.72,1008.85
610,54.81,36.98,36.13,46.70,1008.85
611,54.90,36.96,36.11,46.69,1008.85
612,54.99,36.95,36.10,46.72,1008.85
613,55.08,36.95,36.10,46.72,1008.85
614,55.17,36.94,36.09,46.74,1008.85
615,55.26,36.93,36.09,46.76,1008.85
616,55.35,36.93,36.08,46.77,1008.86
617,55.44,36.92,36.06,46.82,1008.86
618,55.53,36.90,36.05,46.83,1008.86
619,55.62,36.90,36.04,46.80,1008.86
620,55.71,36.89,36.02,46.80,1008.86
621,55.80,36.88,36.01,46.81,1008.86
622,55.89,36.88,36.00,46.77,1008.86
623,55.98,36.87,35.99,46.78,1008.87
624,56.07,36.86,35.99,46.76,1008.87
625,56.16,36.86,35.98,46.77,1008.87
626,56.25,36.85,35.98,46.72,1008.87
627,56.34,36.84,35.97,46.72,1008.87
628,56.43,36.83,35.96,46.75,1008.87
629,56.52,36.82,35.96,46.76,1008.87
630,56.61,36.81,35.95,46.73,1008.87
631,56.70,36.81,35.94,46.74,1008.88
632,56.79,36.80,35.93,46.73,1008.88
633,56.88,36.79,35.93,46.74,1008.87
634,56.97,36.77,35.92,46.72,1008.87
635,57.06,36.75,35.91,46.75,1008.88
636,57.15,36.75,35.89,46.79,1008.88
637,57.24,36.75,35.88,46.81,1008.88
638,57.33,36.74,35.86,46.80,1008.88
639,57.42,36.73,35.86,46.81,1008.88
640,57.51,36.71,35.84,46.79,1008.88
641,57.60,36.70,35.82,46.80,1008.88
642,57.69,36.69,35.81,46.82,1008.88
643,57.78,36.67,35.79,46.85,1008.88
644,57.87,36.66,35.78,46.85,1008.88
645,57.96,36.66,35.78,46.85,1008.88
646,58.05,36.66,35.77,46.86,1008.88
647,58.14,36.66,35.77,46.83,1008.88
648,58.23,36.64,35.76,46.84,1008.87
649,58.32,36.63,35.75,46.84,1008.87
650,58.41,36.61,35.74,46.86,1008.87
651,58.50,36.59,35.74,46.85,1008.87
652,58.59,36.59,35.72,46.87,1008.86
653,58.68,36.58,35.70,46.88,1008.87
654,58.77,36.57,35.69,46.89,1008.87
655,58.86,36.56,35.70,46.92,1008.86
656,58.95,36.56,35.70,46.90,1008.86
657,59.04,36.55,35.69,46.90,1008.86
658,59.13,36.55,35.69,46.91,1008.86
659,59.22,36.54,35.68,46.92,1008.86
660,59.31,36.53,35.67,46.91,1008.86
661,59.40,36.52,35.66,46.93,1008.86
662,59.49,36.52,35.65,46.92,1008.86
663,59.58,36.51,35.63,46.96,1008.86
664,59.67,36.50,35.62,46.99,1008.86
665,59.76,36.48,35.62,47.00,1008.85
666,59.85,36.49,35.61,47.00,1008.85
667,59.94,36.48,35.60,47.04,1008.85
668,60.03,36.48,35.58,47.04,1008.85
669,60.12,36.46,35.57,46.99,1008.85
670,60.21,36.46,35.56,47.00,1008.85
671,60.30,36.45,35.56,46.99,1008.84
672,60.39,36.44,35.54,47.01,1008.84
673,60.48,36.43,35.54,47.01,1008.84
674,60.57,36.41,35.53,47.00,1008.84
675,60.66,36.40,35.54,47.02,1008.84
676,60.75,36.40,35.29,47.01,1008.84
677,60.84,36.38,35.52,47.01,1008.84
678,60.93,36.38,35.51,47.03,1008.84
679,61.02,36.37,35.50,47.04,1008.84
680,61.11,36.36,35.49,47.02,1008.84
681,61.20,36.35,35.48,46.99,1008.84
682,61.29,36.34,35.48,46.94,1008.84
683,61.38,36.34,35.48,46.97,1008.85
684,61.47,36.32,35.47,46.97,1008.85
685,61.56,36.30,35.45,46.97,1008.84
686,61.65,36.30,35.45,46.97,1008.84
687,61.74,36.30,35.44,47.00,1008.84
688,61.83,36.29,35.43,47.04,1008.84
689,61.92,36.28,35.42,47.07,1008.84
690,62.01,36.27,35.41,47.05,1008.85
691,62.10,36.27,35.40,47.06,1008.85
692,62.19,36.25,35.39,47.06,1008.85
693,62.28,36.24,35.39,47.04,1008.85
694,62.37,36.23,35.39,47.03,1008.85
695,62.46,36.22,35.39,47.03,1008.85
696,62.55,36.21,35.38,47.02,1008.85
697,62.64,36.21,35.36,47.04,1008.85
698,62.73,36.20,35.34,47.06,1008.85
699,62.82,36.19,35.35,47.04,1008.86
700,62.91,36.19,35.33,47.04,1008.86
701,63.00,36.18,35.32,47.06,1008.86
702,63.09,36.17,35.31,47.08,1008.86
703,63.18,36.16,35.30,47.10,1008.86
704,63.27,36.16,35.29,47.08,1008.86
705,63.36,36.15,35.28,47.06,1008.86
706,63.45,36.14,35.28,47.08,1008.86
707,63.54,36.12,35.27,47.11,1008.86
708,63.63,36.11,35.26,47.13,1008.87
709,63.72,36.10,35.25,47.14,1008.87
710,63.81,36.09,35.25,47.15,1008.87
711,63.90,36.09,35.23,47.17,1008.87
712,63.99,36.08,35.22,47.18,1008.87
713,64.08,36.08,35.21,47.18,1008.87
714,64.17,36.07,35.21,47.18,1008.87
715,64.26,36.06,35.19,47.15,1008.87
716,64.35,36.04,35.18,47.17,1008.87
717,64.44,36.03,35.18,47.20,1008.87
718,64.53,36.03,35.17,47.18,1008.87
719,64.62,36.02,35.18,47.15,1008.86
720,64.71,36.01,35.17,47.15,1008.86
721,64.80,36.00,35.17,47.15,1008.86
722,64.89,35.99,35.15,47.16,1008.86
723,64.98,35.98,35.14,47.15,1008.85
724,65.07,35.97,35.13,47.14,1008.85
725,65.16,35.96,35.12,47.14,1008.86
726,65.25,35.95,35.11,47.15,1008.86
727,65.34,35.94,35.10,47.19,1008.85
728,65.43,35.94,35.09,47.21,1008.85
729,65.52,35.92,35.07,47.20,1008.85
730,65.61,35.91,35.06,47.19,1008.85
731,65.70,35.90,35.04,47.18,1008.85
732,65.79,35.89,35.03,47.18,1008.85
733,65.88,35.87,35.03,47.19,1008.85
734,65.97,35.86,35.01,47.16,1008.85
735,66.06,35.86,35.01,47.16,1008.85
736,66.15,35.84,35.00,47.17,1008.85
737,66.24,35.84,34.99,47.18,1008.84
738,66.33,35.82,34.99,47.14,1008.85
739,66.42,35.81,34.98,47.12,1008.84
740,66.51,35.80,34.98,47.11,1008.84
741,66.60,35.79,34.96,47.11,1008.84
742,66.69,35.78,34.95,47.10,1008.84
743,66.78,35.78,34.95,47.07,1008.84
744,66.87,35.76,34.93,47.06,1008.83
745,66.96,35.75,34.92,47.06,1008.83
746,67.05,35.74,34.92,47.08,1008.83
747,67.14,35.73,34.91,47.04,1008.83
748,67.23,35.71,34.89,47.03,1008.83
749,67.32,35.70,34.90,47.05,1008.83
750,67.41,35.69,34.89,47.05,1008.83
751,67.50,35.69,34.88,47.03,1008.83
752,67.59,35.68,34.88,47.02,1008.83
753,67.68,35.68,34.88,47.00,1008.83
754,67.77,35.67,34.85,46.98,1008.83
755,67.86,35.66,34.85,46.97,1008.83
756,67.95,35.66,34.84,47.00,1008.83
757,68.04,35.65,34.84,47.03,1008.83
758,68.13,35.64,34.84,47.02,1008.82
759,68.22,35.64,34.84,47.03,1008.82
760,68.31,35.63,34.84,47.08,1008.82
761,68.40,35.61,34.82,47.10,1008.82
762,68.49,35.61,34.81,47.12,1008.82
763,68.58,35.61,34.79,47.14,1008.82
764,68.67,35.60,34.80,47.14,1008.82
765,68.76,35.59,34.79,47.19,1008.82
766,68.85,35.58,34.78,47.20,1008.82
767,68.94,35.58,34.77,47.20,1008.82
768,69.03,35.57,34.77,47.22,1008.82
769,69.12,35.57,34.75,47.24,1008.82
770,69.21,35.56,34.74,47.24,1008.83
771,69.30,35.56,34.74,47.26,1008.83
772,69.39,35.55,34.73,47.26,1008.83
773,69.48,35.56,34.73,47.24,1008.83
774,69.57,35.54,34.73,47.23,1008.83
775,69.66,35.53,34.73,47.24,1008.83
776,69.75,35.53,34.73,47.25,1008.83
777,69.84,35.52,34.72,47.24,1008.83
778,69.93,35.51,34.72,47.26,1008.83
779,70.02,35.49,34.71,47.24,1008.83
780,70.11,35.49,34.72,47.25,1008.83
781,70.20,35.47,34.70,47.21,1008.83
782,70.29,35.47,34.69,47.21,1008.83
783,70.38,35.46,34.68,47.21,1008.83
784,70.47,35.46,34.69,47.21,1008.83
785,70.56,35.45,34.68,47.18,1008.84
786,70.65,35.45,34.67,47.18,1008.84
787,70.74,35.44,34.66,47.20,1008.84
788,70.83,35.43,34.66,47.17,1008.84
789,70.92,35.42,34.66,47.19,1008.84
790,71.01,35.41,34.66,47.19,1008.84
791,71.10,35.41,34.65,47.23,1008.83
792,71.19,35.40,34.64,47.21,1008.84
793,71.28,35.40,34.61,47.23,1008.84
794,71.37,35.39,34.59,47.25,1008.84
795,71.46,35.38,34.58,47.24,1008.84
796,71.55,35.37,34.57,47.21,1008.84
797,71.64,35.37,34.55,47.22,1008.84
798,71.73,35.36,34.53,47.22,1008.85
799,71.82,35.35,34.52,47.27,1008.85
800,71.91,35.34,34.51,47.29,1008.85
801,72.00,35.32,34.50,47.32,1008.86
802,72.09,35.33,34.49,47.33,1008.85
803,72.18,35.32,34.48,47.32,1008.85
804,72.27,35.31,34.48,47.36,1008.85
805,72.36,35.29,34.45,47.34,1008.85
806,72.45,35.28,34.45,47.36,1008.85
807,72.54,35.27,34.44,47.35,1008.85
808,72.63,35.27,34.44,47.39,1008.85
809,72.72,35.26,34.42,47.34,1008.85
810,72.81,35.25,34.42,47.34,1008.85
811,72.90,35.25,34.41,47.32,1008.85
812,72.99,35.23,34.41,47.31,1008.85
813,73.08,35.23,34.41,47.31,1008.85
814,73.17,35.21,34.38,47.25,1008.85
815,73.26,35.19,34.39,47.25,1008.84
816,73.35,35.19,34.37,47.24,1008.84
817,73.44,35.18,34.36,47.24,1008.84
818,73.53,35.17,34.35,47.24,1008.84
819,73.62,35.16,34.34,47.23,1008.84
820,73.71,35.15,34.33,47.21,1008.84
821,73.80,35.15,34.33,47.19,1008.84
822,73.89,35.14,34.33,47.21,1008.84
823,73.98,35.13,34.30,47.21,1008.83
824,74.07,35.12,34.29,47.23,1008.83
825,74.16,35.10,34.28,47.20,1008.83
826,74.25,35.10,34.28,47.21,1008.82
827,74.34,35.09,34.26,47.18,1008.82
828,74.43,35.09,34.25,47.18,1008.82
829,74.52,35.08,34.26,47.22,1008.82
830,74.61,35.07,34.26,47.22,1008.82
831,74.70,35.06,34.25,47.25,1008.81
832,74.79,35.06,34.26,47.24,1008.81
833,74.88,35.05,34.25,47.29,1008.81
834,74.97,35.04,34.26,47.31,1008.81
835,75.06,35.04,34.25,47.30,1008.81
836,75.15,35.02,34.24,47.29,1008.81
837,75.24,35.01,34.23,47.29,1008.80
838,75.33,35.00,34.22,47.32,1008.81
839,75.42,35.00,34.21,47.32,1008.81
840,75.51,34.99,34.21,47.33,1008.81
841,75.60,34.97,34.20,47.31,1008.80
842,75.69,34.96,34.19,47.31,1008.80
843,75.78,34.96,34.18,47.33,1008.80
844,75.87,34.96,34.18,47.33,1008.80
845,75.96,34.95,34.17,47.33,1008.81
846,76.05,34.94,34.17,47.31,1008.80
847,76.14,34.92,34.16,47.30,1008.81
848,76.23,34.91,34.16,47.31,1008.81
849,76.32,34.90,34.15,47.32,1008.81
850,76.41,34.89,34.14,47.32,1008.81
851,76.50,34.89,34.13,47.37,1008.81
852,76.59,34.89,34.12,47.37,1008.81
853,76.68,34.88,34.10,47.37,1008.81
854,76.77,34.87,34.10,47.36,1008.82
855,76.86,34.86,34.09,47.38,1008.82
856,76.95,34.85,34.10,47.40,1008.82
857,77.04,34.85,34.09,47.38,1008.82
858,77.13,34.83,34.09,47.40,1008.82
859,77.22,34.84,34.09,47.39,1008.82
860,77.31,34.83,34.08,47.39,1008.83
861,77.40,34.82,34.07,47.37,1008.83
862,77.49,34.82,34.05,47.36,1008.83
863,77.58,34.82,34.04,47.38,1008.83
864,77.67,34.81,34.03,47.36,1008.83
865,77.76,34.80,34.02,47.37,1008.84
866,77.85,34.79,34.02,47.35,1008.84
867,77.94,34.77,34.02,47.34,1008.84
868,78.03,34.76,34.01,47.40,1008.85
869,78.12,34.76,34.00,47.40,1008.85
870,78.21,34.76,34.00,47.36,1008.85
871,78.30,34.75,34.00,47.36,1008.85
872,78.39,34.74,34.00,47.37,1008.85
873,78.48,34.73,33.99,47.29,1008.85
874,78.57,34.73,33.98,47.30,1008.85
875,78.66,34.73,33.97,47.31,1008.85
876,78.75,34.71,33.96,47.30,1008.85
877,78.84,34.69,33.95,47.31,1008.85
878,78.93,34.69,33.96,47.33,1008.86
879,79.02,34.68,33.95,47.33,1008.85
880,79.11,34.68,33.94,47.34,1008.85
881,79.20,34.67,33.93,47.36,1008.85
882,79.29,34.66,33.91,47.35,1008.86
883,79.38,34.66,33.92,47.37,1008.86
884,79.47,34.65,33.90,47.35,1008.86
885,79.56,34.65,33.89,47.34,1008.86
886,79.65,34.64,33.89,47.33,1008.86
887,79.74,34.63,33.88,47.35,1008.86
888,79.83,34.62,33.86,47.37,1008.86
889,79.92,34.61,33.85,47.35,1008.86
890,80.01,34.60,33.85,47.38,1008.86
891,80.10,34.59,33.84,47.39,1008.86
892,80.19,34.57,33.84,47.39,1008.85
893,80.28,34.57,33.83,47.39,1008.85
894,80.37,34.57,33.82,47.35,1008.85
895,80.46,34.57,33.81,47.34,1008.85
896,80.55,34.57,33.80,47.36,1008.85
897,80.64,34.57,33.80,47.37,1008.85
898,80.73,34.57,33.80,47.39,1008.85
899,80.82,34.57,33.79,47.42,1008.85
900,80.91,34.56,33.78,47.43,1008.85
901,81.00,34.55,33.76,47.43,1008.85
902,81.09,34.55,33.75,47.41,1008.85
903,81.18,34.54,33.74,47.40,1008.85
904,81.27,34.53,33.73,47.40,1008.85
905,81.36,34.53,33.73,47.41,1008.85
906,81.45,34.53,33.72,47.38,1008.85
907,81.54,34.52,33.72,47.39,1008.85
908,81.63,34.51,33.72,47.38,1008.85
909,81.72,34.50,33.71,47.38,1008.84
910,81.81,34.48,33.69,47.40,1008.84
911,81.90,34.47,33.69,47.38,1008.84
912,81.99,34.47,33.69,47.39,1008.84
913,82.08,34.45,33.69,47.40,1008.84
914,82.17,34.43,33.67,47.39,1008.84
915,82.26,34.43,33.68,47.39,1008.83
916,82.35,34.41,33.66,47.37,1008.83
917,82.44,34.42,33.66,47.33,1008.84
918,82.53,34.40,33.65,47.35,1008.83
919,82.62,34.40,33.65,47.32,1008.84
920,82.71,34.38,33.64,47.32,1008.84
921,82.80,34.38,33.63,47.36,1008.84
922,82.89,34.38,33.62,47.36,1008.84
923,82.98,34.37,33.62,47.39,1008.83
924,83.07,34.37,33.61,47.39,1008.83
925,83.16,34.37,33.60,47.42,1008.84
926,83.25,34.37,33.59,47.38,1008.83
927,83.34,34.36,33.60,47.38,1008.83
928,83.43,34.35,33.59,47.42,1008.84
929,83.52,34.33,33.59,47.43,1008.84
930,83.61,34.33,33.59,47.42,1008.84
931,83.70,34.32,33.59,47.43,1008.84
932,83.79,34.32,33.58,47.40,1008.84
933,83.88,34.32,33.56,47.41,1008.84
934,83.97,34.32,33.57,47.38,1008.84
935,84.06,34.32,33.55,47.37,1008.85
936,84.15,34.32,33.55,47.38,1008.85
937,84.24,34.30,33.55,47.39,1008.85
938,84.33,34.30,33.55,47.44,1008.85
939,84.42,34.29,33.53,47.44,1008.85
940,84.51,34.27,33.54,47.43,1008.85
941,84.60,34.27,33.54,47.42,1008.85
942,84.69,34.26,33.52,47.46,1008.86
943,84.78,34.24,33.52,47.45,1008.86
944,84.87,34.24,33.50,47.44,1008.85
945,84.96,34.23,33.49,47.41,1008.86
946,85.05,34.22,33.49,47.42,1008.86
947,85.14,34.22,33.49,47.42,1008.86
948,85.23,34.21,33.48,47.44,1008.86
949,85.32,34.20,33.48,47.48,1008.86
950,85.41,34.19,33.47,47.48,1008.86
951,85.50,34.18,33.46,47.46,1008.86
952,85.59,34.18,33.45,47.45,1008.87
953,85.68,34.18,33.45,47.47,1008.87
954,85.77,34.17,33.44,47.45,1008.87
955,85.86,34.15,33.43,47.44,1008.87
956,85.95,34.14,33.42,47.40,1008.87
957,86.04,34.14,33.42,47.37,1008.87
958,86.13,34.14,33.40,47.40,1008.88
959,86.22,34.14,33.39,47.42,1008.87
960,86.31,34.13,33.38,47.42,1008.88
961,86.40,34.13,33.37,47.44,1008.88
962,86.49,34.13,33.37,47.43,1008.88
963,86.58,34.10,33.36,47.42,1008.89
964,86.67,34.09,33.36,47.45,1008.89
965,86.76,34.09,33.34,47.43,1008.89
966,86.85,34.08,33.34,47.43,1008.88
967,86.94,34.07,33.33,47.41,1008.89
968,87.03,34.06,33.32,47.41,1008.88
969,87.12,34.06,33.32,47.40,1008.88
970,87.21,34.06,33.30,47.39,1008.89
971,87.30,34.05,33.29,47.39,1009.00
972,87.39,34.04,33.29,47.38,1008.89
973,87.48,34.03,33.29,47.38,1008.88
974,87.57,34.02,33.28,47.40,1008.88
975,87.66,34.02,33.28,47.36,1008.88
976,87.75,34.03,33.26,47.34,1008.88
977,87.84,34.01,33.26,47.36,1008.88
978,87.93,34.01,33.24,47.36,1008.88
979,88.02,34.01,33.24,47.35,1008.88
980,88.11,34.00,33.23,47.37,1008.87
981,88.20,33.99,33.22,47.35,1008.88
982,88.29,33.98,33.22,47.36,1008.88
983,88.38,33.97,33.20,47.36,1008.87
984,88.47,33.96,33.18,47.35,1008.87
985,88.56,33.95,33.18,47.34,1008.87
986,88.65,33.94,33.16,47.39,1008.87
987,88.74,33.94,33.17,47.40,1008.88
988,88.83,33.93,33.16,47.40,1008.87
989,88.92,33.91,33.16,47.40,1008.87
990,89.01,33.91,33.14,47.38,1008.87
991,89.10,33.90,33.13,47.35,1008.87
992,89.19,33.89,33.13,47.39,1008.87
993,89.28,33.90,33.13,47.38,1008.86
994,89.37,33.90,33.12,47.38,1008.86
995,89.46,33.88,33.11,47.36,1008.86
996,89.55,33.87,33.10,47.34,1008.86
997,89.64,33.87,33.11,47.38,1008.86
998,89.73,33.86,33.10,47.37,1008.86
999,89.82,33.85,33.09,47.38,1008.85
1000,89.91,33.84,33.10,47.39,1008.85
1001,90.00,33.82,33.10,47.43,1008.85
1002,90.09,33.82,33.09,47.43,1008.85
1003,90.18,33.81,33.08,47.43,1008.85
1004,90.27,33.80,33.08,47.43,1008.85
1005,90.36,33.79,33.07,47.38,1008.85
1006,90.45,33.78,33.06,47.38,1008.85
1007,90.54,33.78,33.05,47.39,1008.85
1008,90.63,33.77,33.04,47.40,1008.85
1009,90.72,33.76,33.03,47.38,1008.85
1010,90.81,33.75,33.03,47.38,1008.85
1011,90.90,33.74,33.02,47.37,1008.84
1012,90.99,33.73,33.02,47.39,1008.84
1013,91.08,33.72,33.00,47.39,1008.84
1014,91.17,33.72,33.00,47.41,1008.84
1015,91.26,33.71,32.99,47.38,1008.84
1016,91.35,33.71,32.99,47.40,1008.85
1017,91.44,33.71,33.00,47.42,1008.85
1018,91.53,33.69,32.99,47.44,1008.85
1019,91.62,33.68,32.98,47.45,1008.85
1020,91.71,33.67,32.98,47.43,1008.85
1021,91.80,33.66,32.97,47.41,1008.85
1022,91.89,33.64,32.96,47.41,1008.85
1023,91.98,33.64,32.95,47.39,1008.85
1024,92.07,33.63,32.97,47.41,1008.85
1025,92.16,33.62,32.96,47.40,1008.85
1026,92.25,33.62,32.96,47.43,1008.85
1027,92.34,33.61,32.96,47.41,1008.86
1028,92.43,33.60,32.95,47.37,1008.85
1029,92.52,33.59,32.94,47.38,1008.85
1030,92.61,33.58,32.93,47.37,1008.85
1031,92.70,33.58,32.92,47.38,1008.85
1032,92.79,33.58,32.91,47.38,1008.85
1033,92.88,33.57,32.90,47.40,1008.85
1034,92.97,33.58,32.90,47.38,1008.85
1035,93.06,33.57,32.88,47.38,1008.85
1036,93.15,33.57,32.87,47.39,1008.86
1037,93.24,33.57,32.87,47.42,1008.86
1038,93.33,33.56,32.87,47.39,1008.86
1039,93.42,33.56,32.87,47.40,1008.86
1040,93.51,33.54,32.87,47.42,1008.86
1041,93.60,33.53,32.85,47.43,1008.86
1042,93.69,33.51,32.85,47.44,1008.86
1043,93.78,33.50,32.85,47.44,1008.86
1044,93.87,33.50,32.86,47.42,1008.86
1045,93.96,33.50,32.85,47.40,1008.86
1046,94.05,33.49,32.84,47.43,1008.86
1047,94.14,33.49,32.84,47.41,1008.86
1048,94.23,33.49,32.83,47.37,1008.86
1049,94.32,33.49,32.83,47.36,1008.86
1050,94.41,33.49,32.84,47.39,1008.86
1051,94.50,33.49,32.83,47.37,1008.86
1052,94.59,33.48,32.82,47.40,1008.86
1053,94.68,33.48,32.81,47.40,1008.86
1054,94.77,33.47,32.80,47.40,1008.86
1055,94.86,33.46,32.79,47.40,1008.86
1056,94.95,33.46,32.77,47.39,1008.86
1057,95.04,33.46,32.76,47.38,1008.86
1058,95.13,33.45,32.75,47.38,1008.86
1059,95.22,33.45,32.74,47.40,1008.86
1060,95.31,33.43,32.73,47.37,1008.85
1061,95.40,33.43,32.74,47.41,1008.85
1062,95.49,33.42,32.73,47.40,1008.85
1063,95.58,33.41,32.73,47.40,1008.85
1064,95.67,33.40,32.71,47.39,1008.85
1065,95.76,33.39,32.70,47.36,1008.85
1066,95.85,33.39,32.69,47.37,1008.85
1067,95.94,33.38,32.68,47.39,1008.85
1068,96.03,33.38,32.69,47.39,1008.84
1069,96.12,33.37,32.67,47.39,1008.84
1070,96.21,33.37,32.67,47.41,1008.84
1071,96.30,33.37,32.68,47.38,1008.84
1072,96.39,33.37,32.67,47.35,1008.84
1073,96.48,33.37,32.67,47.36,1008.84
1074,96.57,33.37,32.66,47.34,1008.84
1075,96.66,33.36,32.66,47.34,1008.84
1076,96.75,33.36,32.65,47.36,1008.84
1077,96.84,33.36,32.63,47.37,1008.83
1078,96.93,33.35,32.62,47.40,1008.83
1079,97.02,33.34,32.61,47.43,1008.83
1080,97.11,33.34,32.61,47.42,1008.83
1081,97.20,33.35,32.61,47.43,1008.83
1082,97.29,33.35,32.60,47.40,1008.83
1083,97.38,33.34,32.61,47.42,1008.83
1084,97.47,33.33,32.60,47.42,1008.82
1085,97.56,33.32,32.59,47.44,1008.83
1086,97.65,33.32,32.58,47.45,1008.83
1087,97.74,33.31,32.58,47.44,1008.82
1088,97.83,33.30,32.57,47.42,1008.82
1089,97.92,33.30,32.57,47.42,1008.82
1090,98.01,33.29,32.56,47.42,1008.82
1091,98.10,33.29,32.56,47.45,1008.82
1092,98.19,33.27,32.55,47.45,1008.82
1093,98.28,33.26,32.55,47.43,1008.82
1094,98.37,33.24,32.53,47.42,1008.82
1095,98.46,33.24,32.53,47.41,1008.82
1096,98.55,33.24,32.52,47.44,1008.81
1097,98.64,33.23,32.51,47.46,1008.81
1098,98.73,33.23,32.50,47.45,1008.82
1099,98.82,33.22,32.49,47.42,1008.82
1100,98.91,33.21,32.49,47.39,1008.82
1101,99.00,33.20,32.48,47.41,1008.82
1102,99.09,33.20,32.47,47.41,1008.82
1103,99.18,33.20,32.47,47.40,1008.82
1104,99.27,33.18,32.47,47.40,1008.82
1105,99.36,33.17,32.47,47.39,1008.82
1106,99.45,33.16,32.46,47.36,1008.82
1107,99.54,33.15,32.46,47.35,1008.82
1108,99.63,33.14,32.46,47.31,1008.82
1109,99.72,33.14,32.46,47.31,1008.81
1110,99.81,33.13,32.45,47.31,1008.81
1111,99.90,33.14,32.45,47.28,1008.81
1112,99.99,33.12,32.43,47.30,1008.81
1113,100.08,33.11,32.43,47.31,1008.82
1114,100.17,33.11,32.42,47.34,1008.82
1115,100.26,33.11,32.41,47.34,1008.81
1116,100.35,33.09,32.41,47.33,1008.81
1117,100.44,33.09,32.41,47.30,1008.82
1118,100.53,33.09,32.40,47.34,1008.82
1119,100.62,33.08,32.39,47.36,1008.82
1120,100.71,33.09,32.39,47.35,1008.82
1121,100.80,33.08,32.39,47.38,1008.82
1122,100.89,33.06,32.39,47.36,1008.83
1123,100.98,33.05,32.39,47.34,1008.83
1124,101.07,33.04,32.39,47.34,1008.83
1125,101.16,33.03,32.38,47.33,1008.83
1126,101.25,33.02,32.38,47.31,1008.83
1127,101.34,33.02,32.36,47.32,1008.83
1128,101.43,33.01,32.37,47.27,1008.83
1129,101.52,33.01,32.35,47.29,1008.83
1130,101.61,33.01,32.36,47.35,1008.83
1131,101.70,33.01,32.34,47.31,1008.83
1132,101.79,33.00,32.35,47.32,1008.83
1133,101.88,33.00,32.34,47.27,1008.83
1134,101.97,32.99,32.34,47.33,1008.83
1135,102.06,32.98,32.33,47.33,1008.83
1136,102.15,32.97,32.33,47.32,1008.83
1137,102.24,32.97,32.32,47.33,1008.83
1138,102.33,32.96,32.31,47.35,1008.83
1139,102.42,32.95,32.32,47.36,1008.83
1140,102.51,32.95,32.31,47.35,1008.82
1141,102.60,32.95,32.31,47.37,1008.82
1142,102.69,32.93,32.31,47.39,1008.83
1143,102.78,32.93,32.31,47.40,1008.82
1144,102.87,32.92,32.30,47.41,1008.83
1145,102.96,32.91,32.29,47.41,1008.83
1146,103.05,32.91,32.30,47.41,1008.83
1147,103.14,32.91,32.31,47.45,1008.83
1148,103.23,32.90,32.29,47.46,1008.83
1149,103.32,32.88,32.29,47.45,1008.83
1150,103.41,32.87,32.28,47.44,1008.83
1151,103.50,32.86,32.26,47.42,1008.83
1152,103.59,32.86,32.26,47.44,1008.83
1153,103.68,32.86,32.25,47.41,1008.84
1154,103.77,32.85,32.24,47.42,1008.84
1155,103.86,32.84,32.23,47.44,1008.84
1156,103.95,32.84,32.22,47.49,1008.83
1157,104.04,32.84,32.21,47.46,1008.84
1158,104.13,32.84,32.20,47.49,1008.84
1159,104.22,32.83,32.19,47.48,1008.83
1160,104.31,32.82,32.18,47.46,1008.83
1161,104.40,32.82,32.17,47.51,1008.84
1162,104.49,32.81,32.16,47.50,1008.83
1163,104.58,32.80,32.16,47.52,1008.83
1164,104.67,32.81,32.16,47.51,1008.83
1165,104.76,32.79,32.15,47.53,1008.84
1166,104.85,32.79,32.13,47.54,1008.84
1167,104.94,32.79,32.13,47.57,1008.84
1168,105.03,32.78,32.11,47.55,1008.84
1169,105.12,32.79,32.09,47.59,1008.84
1170,105.21,32.78,32.09,47.57,1008.84
1171,105.30,32.78,32.09,47.53,1008.84
1172,105.39,32.77,32.09,47.51,1008.84
1173,105.48,32.76,32.09,47.52,1008.84
1174,105.57,32.74,32.09,47.53,1008.84
1175,105.66,32.74,32.09,47.52,1008.84
1176,105.75,32.73,32.09,47.48,1008.84
1177,105.84,32.72,32.08,47.45,1008.84
1178,105.93,32.71,32.08,47.42,1008.84
1179,106.02,32.71,32.07,47.41,1008.84
1180,106.11,32.71,32.06,47.42,1008.84
1181,106.20,32.71,32.05,47.46,1008.84
1182,106.29,32.70,32.03,47.46,1008.84
1183,106.38,32.70,32.02,47.44,1008.84
1184,106.47,32.68,32.02,47.40,1008.84
1185,106.56,32.68,32.02,47.43,1008.84
1186,106.65,32.67,32.02,47.42,1008.84
1187,106.74,32.68,32.01,47.42,1008.84
1188,106.83,32.67,32.00,47.42,1008.84
1189,106.92,32.66,32.01,47.42,1008.84
1190,107.01,32.67,32.01,47.45,1008.84
1191,107.10,32.66,32.02,47.47,1008.84
1192,107.19,32.65,32.01,47.47,1008.84
1193,107.28,32.64,32.01,47.46,1008.84
1194,107.37,32.64,32.01,47.45,1008.84
1195,107.46,32.64,31.99,47.44,1008.84
1196,107.55,32.64,31.99,47.47,1008.84
1197,107.64,32.64,31.98,47.48,1008.84
1198,107.73,32.63,31.98,47.49,1008.85
1199,107.82,32.63,31.97,47.48,1008.84
1200,107.91,32.62,31.97,47.48,1008.84
1201,108.00,32.62,31.97,47.50,1008.84
1202,108.09,32.61,31.97,47.52,1008.84
1203,108.18,32.60,31.97,47.54,1008.84
1204,108.27,32.60,31.96,47.53,1008.84
1205,108.36,32.59,31.96,47.52,1008.84
1206,108.45,32.58,31.95,47.54,1008.84
1207,108.54,32.57,31.95,47.53,1008.84
1208,108.63,32.57,31.94,47.55,1008.84
1209,108.72,32.57,31.93,47.57,1008.84
1210,108.81,32.57,31.93,47.58,1008.84
1211,108.90,32.57,31.92,47.55,1008.85
1212,108.99,32.56,31.93,47.51,1008.85
1213,109.08,32.56,31.92,47.52,1008.85
1214,109.17,32.55,31.92,47.50,1008.85
1215,109.26,32.55,31.91,47.49,1008.85
1216,109.35,32.55,31.92,47.50,1008.85
1217,109.44,32.54,31.92,47.51,1008.85
1218,109.53,32.54,31.91,47.52,1008.85
1219,109.62,32.54,31.90,47.52,1008.85
1220,109.71,32.53,31.89,47.55,1008.85
1221,109.80,32.52,31.88,47.58,1008.85
1222,109.89,32.51,31.86,47.60,1008.85
1223,109.98,32.49,31.85,47.59,1008.85
1224,110.07,32.48,31.86,47.62,1008.85
1225,110.16,32.47,31.86,47.67,1008.85
1226,110.25,32.46,31.85,47.67,1008.85
1227,110.34,32.45,31.84,47.64,1008.85
1228,110.43,32.43,31.84,47.60,1008.85
1229,110.52,32.42,31.84,47.60,1008.85
1230,110.61,32.41,31.84,47.60,1008.85
1231,110.70,32.39,31.83,47.62,1008.85
1232,110.79,32.37,31.82,47.61,1008.86
1233,110.88,32.35,31.82,47.64,1008.86
1234,110.97,32.33,31.80,47.62,1008.86
1235,111.06,32.32,31.81,47.65,1008.86
1236,111.15,32.32,31.80,47.63,1008.86
1237,111.24,32.32,31.79,47.60,1008.86
1238,111.33,32.33,31.79,47.57,1008.86
1239,111.42,32.33,31.78,47.56,1008.86
1240,111.51,32.32,31.76,47.56,1008.86
1241,111.60,32.33,31.76,47.53,1008.86
1242,111.69,32.34,31.74,47.51,1008.86
1243,111.78,32.35,31.73,47.52,1008.86
1244,111.87,32.35,31.72,47.52,1008.86
1245,111.96,32.36,31.72,47.54,1008.86
1246,112.05,32.36,31.72,47.54,1008.87
1247,112.14,32.35,31.70,47.54,1008.87
1248,112.23,32.35,31.70,47.52,1008.87
1249,112.32,32.35,31.70,47.54,1008.87
1250,112.41,32.35,31.70,47.54,1008.87
1251,112.50,32.34,31.71,47.52,1008.87
1252,112.59,32.33,31.70,47.51,1008.87
1253,112.68,32.34,31.68,47.48,1008.87
1254,112.77,32.33,31.68,47.46,1008.87
1255,112.86,32.33,31.67,47.46,1008.87
1256,112.95,32.33,31.68,47.49,1008.87
1257,113.04,32.32,31.67,47.45,1008.87
1258,113.13,32.31,31.66,47.41,1008.87
1259,113.22,32.29,31.65,47.41,1008.86
1260,113.31,32.29,31.64,47.40,1008.86
1261,113.40,32.30,31.64,47.39,1008.87
1262,113.49,32.29,31.63,47.40,1008.86
1263,113.58,32.28,31.63,47.38,1008.87
1264,113.67,32.27,31.63,47.37,1008.87
1265,113.76,32.27,31.63,47.36,1008.87
1266,113.85,32.26,31.63,47.39,1008.86
1267,113.94,32.25,31.63,47.39,1008.86
1268,114.03,32.25,31.62,47.41,1008.86
1269,114.12,32.23,31.61,47.45,1008.86
1270,114.21,32.23,31.61,47.42,1008.87
1271,114.30,32.23,31.60,47.41,1008.87
1272,114.39,32.23,31.60,47.40,1008.86
1273,114.48,32.22,31.58,47.42,1008.86
1274,114.57,32.22,31.58,47.39,1008.86
1275,114.66,32.21,31.57,47.40,1008.86
1276,114.75,32.20,31.56,47.38,1008.86
1277,114.84,32.20,31.57,47.37,1008.86
1278,114.93,32.20,31.57,47.38,1008.86
1279,115.02,32.19,31.56,47.37,1008.86
1280,115.11,32.19,31.55,47.34,1008.86
1281,115.20,32.19,31.54,47.36,1008.86
1282,115.29,32.19,31.53,47.35,1008.85
1283,115.38,32.19,31.53,47.36,1008.86
1284,115.47,32.20,31.53,47.37,1008.86
1285,115.56,32.19,31.53,47.37,1008.86
1286,115.65,32.19,31.53,47.40,1008.86
1287,115.74,32.18,31.51,47.39,1008.86
1288,115.83,32.17,31.50,47.38,1008.86
1289,115.92,32.16,31.50,47.38,1008.86
1290,116.01,32.14,31.49,47.38,1008.86
1291,116.10,32.14,31.49,47.37,1008.86
1292,116.19,32.14,31.49,47.36,1008.86
1293,116.28,32.14,31.49,47.35,1008.86
1294,116.37,32.15,31.49,47.36,1008.86
1295,116.46,32.15,31.49,47.38,1008.86
1296,116.55,32.15,31.50,47.36,1008.86
1297,116.64,32.15,31.50,47.39,1008.86
1298,116.73,32.15,31.49,47.40,1008.86
1299,116.82,32.15,31.49,47.38,1008.86
1300,116.91,32.14,31.49,47.38,1008.86
1301,117.00,32.13,31.49,47.38,1008.86
1302,117.09,32.13,31.48,47.38,1008.86
1303,117.18,32.13,31.48,47.36,1008.86
1304,117.27,32.12,31.46,47.37,1008.85
1305,117.36,32.12,31.47,47.37,1008.85
1306,117.45,32.12,31.46,47.41,1008.85
1307,117.54,32.12,31.46,47.43,1008.86
1308,117.63,32.11,31.45,47.46,1008.86
1309,117.72,32.11,31.44,47.46,1008.86
1310,117.81,32.11,31.46,47.44,1008.86
1311,117.90,32.10,31.46,47.45,1008.86
1312,117.99,32.09,31.46,47.48,1008.86
1313,118.08,32.08,31.45,47.49,1008.86
1314,118.17,32.08,31.44,47.52,1008.86
1315,118.26,32.07,31.43,47.52,1008.87
1316,118.35,32.06,31.42,47.51,1008.87
1317,118.44,32.05,31.41,47.48,1008.87
1318,118.53,32.05,31.39,47.46,1008.87
1319,118.62,32.05,31.39,47.47,1008.87
1320,118.71,32.05,31.38,47.46,1008.88
1321,118.80,32.05,31.38,47.47,1008.87
1322,118.89,32.04,31.37,47.51,1008.87
1323,118.98,32.03,31.38,47.51,1008.87
1324,119.07,32.02,31.39,47.51,1008.87
1325,119.16,32.02,31.39,47.50,1008.87
1326,119.25,32.02,31.38,47.50,1008.87
1327,119.34,32.00,31.37,47.50,1008.87
1328,119.43,32.00,31.36,47.48,1008.87
1329,119.52,32.00,31.35,47.48,1008.87
1330,119.61,31.99,31.33,47.45,1008.87
1331,119.70,31.99,31.33,47.43,1008.87
1332,119.79,31.99,31.33,47.41,1008.87
1333,119.88,31.98,31.32,47.43,1008.88
1334,119.97,31.96,31.32,47.45,1008.87
1335,120.06,31.97,31.30,47.47,1008.87
1336,120.15,31.96,31.29,47.47,1008.87
1337,120.24,31.96,31.29,47.44,1008.87
1338,120.33,31.94,31.28,47.47,1008.87
1339,120.42,31.93,31.29,47.44,1008.87
1340,120.51,31.93,31.27,47.42,1008.87
1341,120.60,31.92,31.26,47.44,1008.87
1342,120.69,31.91,31.25,47.46,1008.87
1343,120.78,31.90,31.25,47.46,1008.87
1344,120.87,31.89,31.24,47.47,1008.87
1345,120.96,31.89,31.24,47.47,1008.87
1346,121.05,31.90,31.23,47.46,1008.87
1347,121.14,31.89,31.22,47.48,1008.87
1348,121.23,31.88,31.22,47.48,1008.86
1349,121.32,31.87,31.22,47.46,1008.86
1350,121.41,31.86,31.21,47.46,1008.86
1351,121.50,31.86,31.21,47.51,1008.86
1352,121.59,31.87,31.20,47.46,1008.86
1353,121.68,31.86,31.20,47.47,1008.85
1354,121.77,31.85,31.19,47.49,1008.85
1355,121.86,31.85,31.18,47.50,1008.85
1356,121.95,31.84,31.17,47.53,1008.85
1357,122.04,31.83,31.17,47.55,1008.85
1358,122.13,31.84,31.16,47.56,1008.84
1359,122.22,31.84,31.15,47.57,1008.84
1360,122.31,31.83,31.14,47.59,1008.84
1361,122.40,31.82,31.13,47.58,1008.84
1362,122.49,31.82,31.13,47.62,1008.84
1363,122.58,31.81,31.14,47.63,1008.85
1364,122.67,31.80,31.15,47.65,1008.84
1365,122.76,31.80,31.15,47.65,1008.84
1366,122.85,31.79,31.13,47.66,1008.83
1367,122.94,31.78,31.13,47.63,1008.83
1368,123.03,31.77,31.13,47.65,1008.83
1369,123.12,31.77,31.13,47.68,1008.83
1370,123.21,31.76,31.13,47.69,1008.83
1371,123.30,31.75,31.12,47.69,1008.83
1372,123.39,31.74,31.12,47.69,1008.83
1373,123.48,31.73,31.13,47.71,1008.83
1374,123.57,31.73,31.12,47.70,1008.83
1375,123.66,31.72,31.12,47.71,1008.83
1376,123.75,31.72,31.13,47.70,1008.83
1377,123.84,31.71,31.12,47.72,1008.83
1378,123.93,31.71,31.10,47.71,1008.83
1379,124.02,31.71,31.10,47.71,1008.83
1380,124.11,31.71,31.10,47.72,1008.83
1381,124.20,31.70,31.10,47.75,1008.83
1382,124.29,31.70,31.10,47.76,1008.83
1383,124.38,31.69,31.09,47.76,1008.84
1384,124.47,31.68,31.09,47.72,1008.84
1385,124.56,31.68,31.08,47.70,1008.83
1386,124.65,31.68,31.08,47.70,1008.84
1387,124.74,31.67,31.07,47.69,1008.83
1388,124.83,31.67,31.06,47.74,1008.84
1389,124.92,31.65,31.07,47.76,1008.83
1390,125.01,31.65,31.07,47.77,1008.83
1391,125.10,31.64,31.07,47.73,1008.84
1392,125.19,31.64,31.07,47.72,1008.83
1393,125.28,31.64,31.07,47.70,1008.83
1394,125.37,31.64,31.06,47.71,1008.83
1395,125.46,31.62,31.06,47.72,1008.82
1396,125.55,31.61,31.06,47.69,1008.82
1397,125.64,31.60,31.06,47.69,1008.81
1398,125.73,31.59,31.06,47.68,1008.81
1399,125.82,31.59,31.07,47.66,1008.80
1400,125.91,31.59,31.05,47.66,1008.79
1401,126.00,31.58,31.05,47.67,1008.78
1402,126.09,31.58,31.05,47.65,1008.77
1403,126.18,31.58,31.04,47.62,1008.77
1404,126.27,31.57,31.02,47.60,1008.76
1405,126.36,31.57,31.03,47.59,1008.76
1406,126.45,31.57,31.03,47.61,1008.75
1407,126.54,31.56,31.03,47.62,1008.75
1408,126.63,31.54,31.02,47.61,1008.76
1409,126.72,31.54,31.01,47.58,1008.76
1410,126.81,31.54,31.01,47.56,1008.76
1411,126.90,31.55,31.01,47.57,1008.77
1412,126.99,31.54,31.00,47.56,1008.77
1413,127.08,31.54,31.00,47.54,1008.78
1414,127.17,31.53,30.99,47.57,1008.79
1415,127.26,31.53,30.99,47.56,1008.80
1416,127.35,31.53,31.00,47.54,1008.80
1417,127.44,31.50,30.99,47.56,1008.81
1418,127.53,31.50,30.98,47.55,1008.82
1419,127.62,31.50,30.97,47.49,1008.83
1420,127.71,31.49,30.96,47.47,1008.83
1421,127.80,31.50,30.96,47.49,1008.83
1422,127.89,31.49,30.95,47.45,1008.84
1423,127.98,31.49,30.94,47.47,1008.84
1424,128.07,31.48,30.92,47.50,1008.84
1425,128.16,31.47,30.92,47.50,1008.84
1426,128.25,31.47,30.91,47.50,1008.84
1427,128.34,31.47,30.91,47.53,1008.84
1428,128.43,31.47,30.90,47.54,1008.85
1429,128.52,31.46,30.90,47.50,1008.84
1430,128.61,31.46,30.90,47.48,1008.84
1431,128.70,31.46,30.89,47.54,1008.84
1432,128.79,31.46,30.88,47.53,1008.84
1433,128.88,31.46,30.87,47.55,1008.84
1434,128.97,31.45,30.86,47.57,1008.84
1435,129.06,31.43,30.85,47.57,1008.84
1436,129.15,31.42,30.86,47.56,1008.84
1437,129.24,31.42,30.85,47.60,1008.84
1438,129.33,31.42,30.85,47.58,1008.84
1439,129.42,31.40,30.85,47.57,1008.84
1440,129.51,31.39,30.85,47.57,1008.83
1441,129.60,31.40,30.84,47.56,1008.84
1442,129.69,31.39,30.83,47.55,1008.83
1443,129.78,31.38,30.82,47.52,1008.83
1444,129.87,31.38,30.82,47.53,1008.82
1445,129.96,31.37,30.82,47.50,1008.82
1446,130.05,31.37,30.82,47.50,1008.82
1447,130.14,31.36,30.81,47.52,1008.82
1448,130.23,31.37,30.81,47.51,1008.82
1449,130.32,31.36,30.80,47.55,1008.82
1450,130.41,31.35,30.80,47.53,1008.82
1451,130.50,31.35,30.79,47.53,1008.81
1452,130.59,31.34,30.79,47.54,1008.81
1453,130.68,31.34,30.79,47.51,1008.81
1454,130.77,31.33,30.79,47.55,1008.82
1455,130.86,31.33,30.79,47.55,1008.82
1456,130.95,31.33,30.79,47.55,1008.82
1457,131.04,31.33,30.78,47.51,1008.81
1458,131.13,31.32,30.78,47.49,1008.81
1459,131.22,31.32,30.78,47.47,1008.81
1460,131.31,31.32,30.79,47.44,1008.81
1461,131.40,31.30,30.81,47.46,1008.81
1462,131.49,31.30,30.79,47.47,1008.82
1463,131.58,31.30,30.80,47.50,1008.82
1464,131.67,31.29,30.79,47.49,1008.82
1465,131.76,31.29,30.79,47.51,1008.82
1466,131.85,31.29,30.78,47.48,1008.82
1467,131.94,31.29,30.77,47.48,1008.82
1468,132.03,31.29,30.77,47.45,1008.82
1469,132.12,31.29,30.77,47.41,1008.82
1470,132.21,31.28,30.77,47.43,1008.82
1471,132.30,31.28,30.77,47.39,1008.82
1472,132.39,31.28,30.77,47.43,1008.82
1473,132.48,31.26,30.76,47.44,1008.82
1474,132.57,31.26,30.75,47.43,1008.82
1475,132.66,31.27,30.74,47.43,1008.82
1476,132.75,31.26,30.75,47.44,1008.82
1477,132.84,31.27,30.73,47.46,1008.82
1478,132.93,31.27,30.71,47.45,1008.82
1479,133.02,31.27,30.70,47.46,1008.83
1480,133.11,31.26,30.71,47.47,1008.83
1481,133.20,31.26,30.71,47.47,1008.83
1482,133.29,31.26,30.70,47.44,1008.84
1483,133.38,31.26,30.71,47.40,1008.84
1484,133.47,31.25,30.70,47.39,1008.85
1485,133.56,31.25,30.70,47.40,1008.84
1486,133.65,31.24,30.70,47.37,1008.84
1487,133.74,31.23,30.71,47.37,1008.84
1488,133.83,31.23,30.70,47.40,1008.85
1489,133.92,31.23,30.70,47.41,1008.85
1490,134.01,31.22,30.69,47.45,1008.85
1491,134.10,31.23,30.68,47.46,1008.85
1492,134.19,31.23,30.67,47.46,1008.85
1493,134.28,31.22,30.67,47.43,1008.86
1494,134.37,31.21,30.68,47.40,1008.86
1495,134.46,31.22,30.68,47.42,1008.86
1496,134.55,31.22,30.68,47.40,1008.86
1497,134.64,31.22,30.67,47.41,1008.86
1498,134.73,31.21,30.67,47.41,1008.86
1499,134.82,31.21,30.67,47.44,1008.86
1500,134.91,31.20,30.67,47.47,1008.87
1501,135.00,31.18,30.65,47.47,1008.87
1502,135.09,31.17,30.64,47.50,1008.87
1503,135.18,31.17,30.63,47.45,1008.87
1504,135.27,31.16,30.63,47.46,1008.87
1505,135.36,31.16,30.63,47.47,1008.87
1506,135.45,31.16,30.62,47.45,1008.86
1507,135.54,31.16,30.62,47.43,1008.86
1508,135.63,31.15,30.62,47.42,1008.86
1509,135.72,31.15,30.61,47.46,1008.86
1510,135.81,31.14,30.60,47.48,1008.86
1511,135.90,31.00,30.60,47.50,1008.86
1512,135.99,31.09,30.59,47.51,1008.86
1513,136.08,31.14,30.59,47.50,1008.86
1514,136.17,31.13,30.59,47.52,1008.86
1515,136.26,31.13,30.59,47.51,1008.86
1516,136.35,31.13,30.58,47.52,1008.86
1517,136.44,31.12,30.58,47.51,1008.86
1518,136.53,31.11,30.57,47.51,1008.86
1519,136.62,31.11,30.57,47.49,1008.85
1520,136.71,31.10,30.56,47.49,1008.85
1521,136.80,31.10,30.53,47.52,1008.85
1522,136.89,31.10,30.53,47.51,1008.85
1523,136.98,31.09,30.51,47.47,1008.85
1524,137.07,31.09,30.51,47.42,1008.85
1525,137.16,31.09,30.50,47.40,1008.84
1526,137.25,31.09,30.50,47.43,1008.84
1527,137.34,31.08,30.50,47.42,1008.84
1528,137.43,31.08,30.50,47.43,1008.84
1529,137.52,31.08,30.49,47.45,1008.83
1530,137.61,31.08,30.50,47.47,1008.84
1531,137.70,31.07,30.50,47.49,1008.84
1532,137.79,31.05,30.49,47.52,1008.84
1533,137.88,31.04,30.48,47.51,1008.84
1534,137.97,31.05,30.49,47.52,1008.84
1535,138.06,31.04,30.49,47.57,1008.84
1536,138.15,31.04,30.47,47.58,1008.84
1537,138.24,31.03,30.47,47.59,1008.83
1538,138.33,31.04,30.48,47.58,1008.83
1539,138.42,31.03,30.47,47.58,1008.83
1540,138.51,31.02,30.47,47.60,1008.83
1541,138.60,31.02,30.46,47.59,1008.82
1542,138.69,31.01,30.45,47.59,1008.83
1543,138.78,31.00,30.45,47.60,1008.83
1544,138.87,31.00,30.44,47.62,1008.83
1545,138.96,30.98,30.45,47.61,1008.83
1546,139.05,30.97,30.43,47.63,1008.83
1547,139.14,30.97,30.43,47.59,1008.83
1548,139.23,30.97,30.44,47.60,1008.83
1549,139.32,30.96,30.43,47.59,1008.83
1550,139.41,30.96,30.43,47.58,1008.83
1551,139.50,30.95,30.42,47.58,1008.84
1552,139.59,30.93,30.43,47.59,1008.83
1553,139.68,30.94,30.41,47.57,1008.84
1554,139.77,30.93,30.40,47.56,1008.84
1555,139.86,30.92,30.40,47.53,1008.84
1556,139.95,30.91,30.38,47.53,1008.84
1557,140.04,30.92,30.39,47.53,1008.84
1558,140.13,30.90,30.38,47.52,1008.84
1559,140.22,30.90,30.38,47.49,1008.85
1560,140.31,30.90,30.38,47.47,1008.85
1561,140.40,30.91,30.39,47.50,1008.85
1562,140.49,30.90,30.38,47.51,1008.85
1563,140.58,30.90,30.38,47.50,1008.85
1564,140.67,30.89,30.37,47.51,1008.86
1565,140.76,30.88,30.36,47.53,1008.86
1566,140.85,30.88,30.35,47.57,1008.86
1567,140.94,30.87,30.36,47.56,1008.86
1568,141.03,30.87,30.35,47.58,1008.87
1569,141.12,30.88,30.36,47.60,1008.87
1570,141.21,30.87,30.37,47.58,1008.87
1571,141.30,30.87,30.37,47.55,1008.87
1572,141.39,30.86,30.36,47.53,1008.87
1573,141.48,30.86,30.36,47.57,1008.87
1574,141.57,30.86,30.36,47.57,1008.88
1575,141.66,30.86,30.36,47.53,1008.88
1576,141.75,30.86,30.37,47.50,1008.88
1577,141.84,30.87,30.36,47.49,1008.88
1578,141.93,30.86,30.35,47.49,1008.88
1579,142.02,30.85,30.35,47.46,1008.88
1580,142.11,30.85,30.33,47.45,1008.87
1581,142.20,30.85,30.32,47.48,1008.88
1582,142.29,30.84,30.32,47.47,1008.88
1583,142.38,30.83,30.32,47.49,1008.88
1584,142.47,30.82,30.31,47.50,1008.88
1585,142.56,30.82,30.31,47.51,1008.88
1586,142.65,30.81,30.32,47.53,1008.88
1587,142.74,30.82,30.32,47.50,1008.88
1588,142.83,30.80,30.31,47.55,1008.88
1589,142.92,30.80,30.30,47.57,1008.88
1590,143.01,30.80,30.29,47.55,1008.89
1591,143.10,30.80,30.29,47.55,1008.89
1592,143.19,30.80,30.29,47.53,1008.89
1593,143.28,30.80,30.30,47.52,1008.88
1594,143.37,30.80,30.30,47.55,1008.88
1595,143.46,30.79,30.30,47.55,1008.88
1596,143.55,30.78,30.30,47.54,1008.88
1597,143.64,30.78,30.30,47.53,1008.88
1598,143.73,30.78,30.29,47.52,1008.88
1599,143.82,30.78,30.27,47.52,1008.88
1600,143.91,30.78,30.27,47.48,1008.87
1601,144.00,30.78,30.26,47.48,1008.87
1602,144.09,30.77,30.26,47.49,1008.87
1603,144.18,30.76,30.25,47.51,1008.87
1604,144.27,30.76,30.25,47.55,1008.87
1605,144.36,30.75,30.25,47.52,1008.86
1606,144.45,30.74,30.26,47.50,1008.86
1607,144.54,30.73,30.26,47.50,1008.86
1608,144.63,30.73,30.25,47.52,1008.85
1609,144.72,30.72,30.24,47.50,1008.85
1610,144.81,30.73,30.23,47.53,1008.86
1611,144.90,30.73,30.23,47.54,1008.85
1612,144.99,30.72,30.23,47.54,1008.86
1613,145.08,30.72,30.21,47.52,1008.86
1614,145.17,30.71,30.21,47.51,1008.86
1615,145.26,30.71,30.20,47.51,1008.85
1616,145.35,30.70,30.20,47.52,1008.85
1617,145.44,30.70,30.19,47.53,1008.86
1618,145.53,30.70,30.19,47.51,1008.85
1619,145.62,30.69,30.19,47.52,1008.85
1620,145.71,30.69,30.18,47.51,1008.85
1621,145.80,30.68,30.18,47.53,1008.85
1622,145.89,30.67,30.18,47.53,1008.85
1623,145.98,30.67,30.15,47.56,1008.85
1624,146.07,30.66,30.16,47.54,1008.85
1625,146.16,30.66,30.16,47.53,1008.85
1626,146.25,30.66,30.16,47.52,1008.85
1627,146.34,30.65,30.16,47.55,1008.85
1628,146.43,30.65,30.15,47.53,1008.85
1629,146.52,30.65,30.16,47.53,1008.85
1630,146.61,30.66,30.16,47.53,1008.86
1631,146.70,30.66,30.16,47.54,1008.86
1632,146.79,30.66,30.14,47.58,1008.86
1633,146.88,30.65,30.13,47.57,1008.86
1634,146.97,30.64,30.13,47.57,1008.86
1635,147.06,30.65,30.12,47.54,1008.86
1636,147.15,30.65,30.12,47.54,1008.86
1637,147.24,30.64,30.12,47.51,1008.86
1638,147.33,30.64,30.11,47.51,1008.86
1639,147.42,30.64,30.10,47.50,1008.86
1640,147.51,30.63,30.10,47.47,1008.86
1641,147.60,30.62,30.08,47.49,1008.86
1642,147.69,30.61,30.09,47.51,1008.86
1643,147.78,30.61,30.08,47.51,1008.86
1644,147.87,30.60,30.08,47.49,1008.86
1645,147.96,30.60,30.08,47.44,1008.86
1646,148.05,30.60,30.08,47.43,1008.86
1647,148.14,30.59,30.08,47.45,1008.86
1648,148.23,30.58,30.08,47.48,1008.86
1649,148.32,30.58,30.09,47.49,1008.86
1650,148.41,30.58,30.09,47.47,1008.86
1651,148.50,30.58,30.08,47.49,1008.86
1652,148.59,30.57,30.09,47.46,1008.86
1653,148.68,30.56,30.08,47.45,1008.86
1654,148.77,30.57,30.08,47.47,1008.86
1655,148.86,30.56,30.07,47.52,1008.86
1656,148.95,30.56,30.07,47.51,1008.86
1657,149.04,30.56,30.08,47.52,1008.87
1658,149.13,30.57,30.07,47.52,1008.87
1659,149.22,30.56,30.07,47.56,1008.87
1660,149.31,30.55,30.08,47.56,1008.87
1661,149.40,30.55,30.08,47.57,1008.87
1662,149.49,30.54,30.07,47.57,1008.87
1663,149.58,30.53,30.05,47.59,1008.87
1664,149.67,30.53,30.04,47.64,1008.87
1665,149.76,30.53,30.04,47.65,1008.87
1666,149.85,30.52,30.03,47.65,1008.87
1667,149.94,30.52,30.04,47.67,1008.86
1668,150.03,30.51,30.04,47.67,1008.87
1669,150.12,30.51,30.04,47.67,1008.87
1670,150.21,30.51,30.04,47.68,1008.86
1671,150.30,30.51,30.04,47.69,1008.86
1672,150.39,30.51,30.04,47.70,1008.86
1673,150.48,30.51,30.04,47.68,1008.86
1674,150.57,30.50,30.04,47.70,1008.86
1675,150.66,30.49,30.02,47.70,1008.86
1676,150.75,30.49,30.03,47.68,1008.86
1677,150.84,30.48,30.01,47.67,1008.85
1678,150.93,30.48,30.00,47.65,1008.85
1679,151.02,30.48,29.99,47.65,1008.85
1680,151.11,30.47,29.99,47.62,1008.85
1681,151.20,30.46,29.99,47.61,1008.86
1682,151.29,30.45,29.98,47.62,1008.86
1683,151.38,30.45,29.98,47.57,1008.86
1684,151.47,30.44,29.98,47.56,1008.86
1685,151.56,30.44,29.97,47.58,1008.86
1686,151.65,30.43,29.97,47.58,1008.85
1687,151.74,30.43,29.97,47.55,1008.85
1688,151.83,30.44,29.98,47.56,1008.85
1689,151.92,30.44,29.98,47.56,1008.85
1690,152.01,30.43,29.95,47.53,1008.84
1691,152.10,30.43,29.95,47.56,1008.84
1692,152.19,30.42,29.94,47.56,1008.84
1693,152.28,30.42,29.93,47.57,1008.84
1694,152.37,30.41,29.93,47.52,1008.84
1695,152.46,30.41,29.92,47.53,1008.83
1696,152.55,30.41,29.92,47.55,1008.83
1697,152.64,30.41,29.91,47.52,1008.83
1698,152.73,30.40,29.91,47.50,1008.82
1699,152.82,30.40,29.91,47.49,1008.82
1700,152.91,30.39,29.91,47.51,1008.82
1701,153.00,30.38,29.91,47.53,1008.82
1702,153.09,30.38,29.91,47.55,1008.81
1703,153.18,30.39,29.91,47.53,1008.82
1704,153.27,30.39,29.90,47.54,1008.82
1705,153.36,30.39,29.89,47.50,1008.82
1706,153.45,30.37,29.89,47.51,1008.82
1707,153.54,30.37,29.90,47.53,1008.82
1708,153.63,30.36,29.89,47.55,1008.82
1709,153.72,30.36,29.87,47.57,1008.82
1710,153.81,30.35,29.87,47.59,1008.82
1711,153.90,30.35,29.86,47.60,1008.82
1712,153.99,30.35,29.85,47.62,1008.82
1713,154.08,30.35,29.86,47.63,1008.82
1714,154.17,30.35,29.85,47.64,1008.82
1715,154.26,30.34,29.85,47.64,1008.82
1716,154.35,30.35,29.85,47.61,1008.82
1717,154.44,30.35,29.84,47.61,1008.82
1718,154.53,30.33,29.83,47.62,1008.82
1719,154.62,30.33,29.83,47.61,1008.82
1720,154.71,30.32,29.82,47.60,1008.82
1721,154.80,30.32,29.83,47.57,1008.83
1722,154.89,30.32,29.82,47.58,1008.83
1723,154.98,30.31,29.82,47.55,1008.83
1724,155.07,30.31,29.82,47.57,1008.82
1725,155.16,30.30,29.83,47.59,1008.83
1726,155.25,30.30,29.83,47.58,1008.83
1727,155.34,30.31,29.83,47.57,1008.83
1728,155.43,30.31,29.83,47.57,1008.83
1729,155.52,30.30,29.83,47.57,1008.83
1730,155.61,30.30,29.81,47.56,1008.83
1731,155.70,30.29,29.80,47.56,1008.83
1732,155.79,30.29,29.79,47.54,1008.83
1733,155.88,30.28,29.79,47.59,1008.83
1734,155.97,30.28,29.79,47.58,1008.83
1735,156.06,30.28,29.79,47.56,1008.84
1736,156.15,30.29,29.80,47.52,1008.84
1737,156.24,30.29,29.79,47.49,1008.84
1738,156.33,30.29,29.80,47.48,1008.84
1739,156.42,30.28,29.79,47.49,1008.84
1740,156.51,30.28,29.80,47.49,1008.84
1741,156.60,30.29,29.80,47.49,1008.84
1742,156.69,30.29,29.80,47.50,1008.84
1743,156.78,30.27,29.80,47.52,1008.84
1744,156.87,30.28,29.79,47.53,1008.84
1745,156.96,30.27,29.80,47.55,1008.84
1746,157.05,30.27,29.80,47.51,1008.84
1747,157.14,30.26,29.80,47.57,1008.85
1748,157.23,30.26,29.80,47.61,1008.84
1749,157.32,30.26,29.80,47.60,1008.84
1750,157.41,30.27,29.80,47.61,1008.84
1751,157.50,30.27,29.79,47.59,1008.84
1752,157.59,30.26,29.78,47.58,1008.84
1753,157.68,30.25,29.77,47.59,1008.84
1754,157.77,30.26,29.77,47.58,1008.84
1755,157.86,30.25,29.76,47.56,1008.83
1756,157.95,30.24,29.76,47.54,1008.83
1757,158.04,30.24,29.75,47.55,1008.83
1758,158.13,30.24,29.75,47.56,1008.83
1759,158.22,30.24,29.75,47.53,1008.83
1760,158.31,30.23,29.76,47.51,1008.83
1761,158.40,30.24,29.75,47.50,1008.83
1762,158.49,30.23,29.74,47.53,1008.83
1763,158.58,30.22,29.73,47.51,1008.83
1764,158.67,30.22,29.73,47.48,1008.83
1765,158.76,30.22,29.72,47.47,1008.83
1766,158.85,30.22,29.73,47.48,1008.83
1767,158.94,30.23,29.72,47.46,1008.83
1768,159.03,30.22,29.72,47.47,1008.83
1769,159.12,30.20,29.71,47.49,1008.83
1770,159.21,30.19,29.71,47.51,1008.83
1771,159.30,30.18,29.71,47.51,1008.83
1772,159.39,30.18,29.70,47.49,1008.83
1773,159.48,30.18,29.69,47.53,1008.83
1774,159.57,30.17,29.70,47.55,1008.83
1775,159.66,30.17,29.69,47.55,1008.82
1776,159.75,30.18,29.68,47.54,1008.82
1777,159.84,30.17,29.67,47.56,1008.82
1778,159.93,30.16,29.68,47.59,1008.82
1779,160.02,30.16,29.68,47.61,1008.82
1780,160.11,30.15,29.68,47.58,1008.82
1781,160.20,30.15,29.69,47.59,1008.82
1782,160.29,30.16,29.68,47.64,1008.82
1783,160.38,30.16,29.67,47.66,1008.82
1784,160.47,30.16,29.67,47.70,1008.82
1785,160.56,30.15,29.67,47.70,1008.82
1786,160.65,30.14,29.67,47.71,1008.82
1787,160.74,30.13,29.67,47.67,1008.82
1788,160.83,30.13,29.65,47.67,1008.82
1789,160.92,30.13,29.64,47.67,1008.82
1790,161.01,30.13,29.64,47.67,1008.82
1791,161.10,30.13,29.63,47.70,1008.83
1792,161.19,30.12,29.65,47.68,1008.83
1793,161.28,30.11,29.64,47.67,1008.83
1794,161.37,30.11,29.63,47.66,1008.83
1795,161.46,30.09,29.62,47.65,1008.83
1796,161.55,30.09,29.63,47.65,1008.83
1797,161.64,30.09,29.62,47.67,1008.83
1798,161.73,30.08,29.62,47.67,1008.83
1799,161.82,30.09,29.62,47.64,1008.83
1800,161.91,30.09,29.61,47.63,1008.83
1801,162.00,30.09,29.60,47.66,1008.83
1802,162.09,30.08,29.59,47.70,1008.83
1803,162.18,30.07,29.60,47.68,1008.83
1804,162.27,30.07,29.59,47.67,1008.83
1805,162.36,30.07,29.60,47.66,1008.83
1806,162.45,30.06,29.59,47.67,1008.84
1807,162.54,30.05,29.59,47.67,1008.83
1808,162.63,30.05,29.58,47.65,1008.83
1809,162.72,30.05,29.59,47.65,1008.83
1810,162.81,30.04,29.59,47.64,1008.83
1811,162.90,30.03,29.59,47.63,1008.84
1812,162.99,30.02,29.59,47.64,1008.84
1813,163.08,30.01,29.59,47.63,1008.84
1814,163.17,30.01,29.59,47.58,1008.84
1815,163.26,30.01,29.58,47.59,1008.84
1816,163.35,30.01,29.57,47.61,1008.84
1817,163.44,30.01,29.56,47.64,1008.84
1818,163.53,30.02,29.55,47.66,1008.84
1819,163.62,30.01,29.56,47.66,1008.84
1820,163.71,30.01,29.55,47.65,1008.84
1821,163.80,30.01,29.56,47.66,1008.84
1822,163.89,30.00,29.56,47.66,1008.84
1823,163.98,30.00,29.56,47.64,1008.85
1824,164.07,29.98,29.55,47.62,1008.85
1825,164.16,29.97,29.57,47.60,1008.84
1826,164.25,29.98,29.57,47.62,1008.84
1827,164.34,29.97,29.56,47.63,1008.84
1828,164.43,29.97,29.56,47.62,1008.84
1829,164.52,29.97,29.57,47.61,1008.84
1830,164.61,29.97,29.57,47.59,1008.84
1831,164.70,29.96,29.57,47.57,1008.84
1832,164.79,29.96,29.58,47.56,1008.85
1833,164.88,29.95,29.57,47.58,1008.85
1834,164.97,29.95,29.57,47.59,1008.85
1835,165.06,29.95,29.57,47.59,1008.85
1836,165.15,29.96,29.56,47.60,1008.85
1837,165.24,29.96,29.56,47.59,1008.85
1838,165.33,29.96,29.56,47.61,1008.85
1839,165.42,29.96,29.56,47.60,1008.85
1840,165.51,29.95,29.55,47.61,1008.86
1841,165.60,29.95,29.56,47.62,1008.85
1842,165.69,29.94,29.55,47.61,1008.85
1843,165.78,29.94,29.54,47.63,1008.85
1844,165.87,29.93,29.53,47.64,1008.85
1845,165.96,29.93,29.52,47.66,1008.85
1846,166.05,29.94,29.51,47.64,1008.85
1847,166.14,29.94,29.51,47.64,1008.85
1848,166.23,29.93,29.51,47.66,1008.85
1849,166.32,29.93,29.52,47.67,1008.85
1850,166.41,29.93,29.50,47.67,1008.85
1851,166.50,29.91,29.49,47.67,1008.86
1852,166.59,29.92,29.48,47.65,1008.86
1853,166.68,29.91,29.47,47.64,1008.86
1854,166.77,29.91,29.48,47.62,1008.85
1855,166.86,29.91,29.48,47.60,1008.85
1856,166.95,29.90,29.47,47.57,1008.85
1857,167.04,29.90,29.46,47.60,1008.85
1858,167.13,29.90,29.46,47.61,1008.85
1859,167.22,29.89,29.45,47.56,1008.85
1860,167.31,29.88,29.45,47.51,1008.85
1861,167.40,29.88,29.45,47.51,1008.85
1862,167.49,29.89,29.45,47.52,1008.85
1863,167.58,29.89,29.44,47.52,1008.85
1864,167.67,29.89,29.44,47.54,1008.85
1865,167.76,29.88,29.44,47.55,1008.85
1866,167.85,29.88,29.42,47.59,1008.85
1867,167.94,29.88,29.43,47.56,1008.85
1868,168.03,29.88,29.41,47.57,1008.85
1869,168.12,29.87,29.41,47.56,1008.85
1870,168.21,29.87,29.41,47.49,1008.85
1871,168.30,29.86,29.41,47.51,1008.85
1872,168.39,29.86,29.41,47.50,1008.85
1873,168.48,29.86,29.40,47.52,1008.85
1874,168.57,29.86,29.40,47.52,1008.85
1875,168.66,29.86,29.40,47.50,1008.85
1876,168.75,29.85,29.39,47.52,1008.86
1877,168.84,29.85,29.38,47.53,1008.85
1878,168.93,29.84,29.39,47.56,1008.85
1879,169.02,29.85,29.39,47.54,1008.85
1880,169.11,29.84,29.40,47.56,1008.85
1881,169.20,29.85,29.40,47.56,1008.85
1882,169.29,29.84,29.40,47.58,1008.85
1883,169.38,29.85,29.39,47.58,1008.85
1884,169.47,29.85,29.38,47.60,1008.85
1885,169.56,29.85,29.39,47.61,1008.86
1886,169.65,29.85,29.39,47.63,1008.86
1887,169.74,29.84,29.38,47.62,1008.86
1888,169.83,29.84,29.38,47.61,1008.86
1889,169.92,29.83,29.37,47.62,1008.86
1890,170.01,29.82,29.36,47.63,1008.87
1891,170.10,29.82,29.35,47.65,1008.87
1892,170.19,29.82,29.34,47.68,1008.87
1893,170.28,29.82,29.34,47.68,1008.86
1894,170.37,29.82,29.35,47.71,1008.86
1895,170.46,29.81,29.33,47.68,1008.86
1896,170.55,29.80,29.33,47.68,1008.86
1897,170.64,29.80,29.33,47.70,1008.86
1898,170.73,29.80,29.33,47.69,1008.86
1899,170.82,29.80,29.33,47.68,1008.87
1900,170.91,29.80,29.32,47.65,1008.86
1901,171.00,29.81,29.32,47.66,1008.86
1902,171.09,29.80,29.32,47.65,1008.86
1903,171.18,29.80,29.32,47.64,1008.86
1904,171.27,29.80,29.32,47.63,1008.86
1905,171.36,29.80,29.32,47.61,1008.86
1906,171.45,29.79,29.31,47.58,1008.86
1907,171.54,29.78,29.32,47.56,1008.86
1908,171.63,29.77,29.32,47.54,1008.86
1909,171.72,29.77,29.32,47.50,1008.86
1910,171.81,29.76,29.32,47.54,1008.87
1911,171.90,29.75,29.32,47.51,1008.86
1912,171.99,29.76,29.31,47.56,1008.86
1913,172.08,29.77,29.30,47.54,1008.86
1914,172.17,29.76,29.31,47.55,1008.86
1915,172.26,29.75,29.32,47.52,1008.86
1916,172.35,29.75,29.32,47.57,1008.86
1917,172.44,29.74,29.32,47.57,1008.86
1918,172.53,29.74,29.31,47.60,1008.86
1919,172.62,29.73,29.32,47.55,1008.87
1920,172.71,29.74,29.32,47.56,1008.86
1921,172.80,29.74,29.32,47.58,1008.86
1922,172.89,29.74,29.31,47.57,1008.86
1923,172.98,29.74,29.31,47.57,1008.86
1924,173.07,29.74,29.31,47.58,1008.86
1925,173.16,29.73,29.31,47.58,1008.86
1926,173.25,29.72,29.31,47.59,1008.86
1927,173.34,29.71,29.30,47.60,1008.86
1928,173.43,29.70,29.30,47.59,1008.86
1929,173.52,29.70,29.29,47.60,1008.86
1930,173.61,29.70,29.29,47.62,1008.86
1931,173.70,29.71,29.29,47.62,1008.86
1932,173.79,29.70,29.30,47.62,1008.86
1933,173.88,29.69,29.29,47.59,1008.86
1934,173.97,29.69,29.29,47.59,1008.86
1935,174.06,29.68,29.29,47.58,1008.86
1936,174.15,29.68,29.28,47.60,1008.86
1937,174.24,29.67,29.28,47.63,1008.87
1938,174.33,29.68,29.29,47.61,1008.87
1939,174.42,29.67,29.28,47.56,1008.87
1940,174.51,29.67,29.27,47.54,1008.86
1941,174.60,29.67,29.28,47.54,1008.86
1942,174.69,29.67,29.28,47.53,1008.86
1943,174.78,29.67,29.27,47.53,1008.87
1944,174.87,29.66,29.26,47.51,1008.87
1945,174.96,29.66,29.26,47.49,1008.86
1946,175.05,29.66,29.25,47.46,1008.86
1947,175.14,29.67,29.25,47.44,1008.86
1948,175.23,29.66,29.26,47.44,1008.86
1949,175.32,29.66,29.25,47.43,1008.86
1950,175.41,29.66,29.24,47.43,1008.86
1951,175.50,29.66,29.23,47.43,1008.86
1952,175.59,29.66,29.22,47.42,1008.86
1953,175.68,29.65,29.23,47.41,1008.86
1954,175.77,29.65,29.22,47.41,1008.86
1955,175.86,29.64,29.22,47.42,1008.86
1956,175.95,29.64,29.23,47.43,1008.87
1957,176.04,29.63,29.23,47.43,1008.86
1958,176.13,29.63,29.23,47.44,1008.86
1959,176.22,29.64,29.23,47.47,1008.86
1960,176.31,29.63,29.22,47.46,1008.86
1961,176.40,29.62,29.21,47.45,1008.86
1962,176.49,29.62,29.19,47.44,1008.86
1963,176.58,29.62,29.19,47.45,1008.86
1964,176.67,29.63,29.20,47.47,1008.85
1965,176.76,29.62,29.20,47.48,1008.85
1966,176.85,29.62,29.19,47.50,1008.85
1967,176.94,29.63,29.19,47.49,1008.85
1968,177.03,29.62,29.18,47.50,1008.85
1969,177.12,29.61,29.18,47.50,1008.85
1970,177.21,29.61,29.18,47.52,1008.85
1971,177.30,29.60,29.18,47.51,1008.85
1972,177.39,29.59,29.18,47.48,1008.85
1973,177.48,29.59,29.18,47.47,1008.84
1974,177.57,29.60,29.17,47.41,1008.84
1975,177.66,29.60,29.17,47.44,1008.84
1976,177.75,29.60,29.17,47.44,1008.84
1977,177.84,29.59,29.17,47.42,1008.84
1978,177.93,29.59,29.18,47.42,1008.85
1979,178.02,29.59,29.18,47.44,1008.85
1980,178.11,29.58,29.18,47.44,1008.85
1981,178.20,29.57,29.18,47.47,1008.84
1982,178.29,29.57,29.19,47.48,1008.84
1983,178.38,29.57,29.19,47.50,1008.84
1984,178.47,29.56,29.19,47.48,1008.84
1985,178.56,29.56,29.19,47.45,1008.84
1986,178.65,29.56,29.19,47.43,1008.83
1987,178.74,29.55,29.18,47.41,1008.83
1988,178.83,29.55,29.19,47.46,1008.83
1989,178.92,29.54,29.19,47.44,1008.83
1990,179.01,29.53,29.18,47.44,1008.83
1991,179.10,29.53,29.17,47.46,1008.84
1992,179.19,29.52,29.17,47.44,1008.83
1993,179.28,29.52,29.16,47.46,1008.84
1994,179.37,29.53,29.16,47.45,1008.84
1995,179.46,29.53,29.16,47.42,1008.84
1996,179.55,29.53,29.16,47.43,1008.84
1997,179.64,29.53,29.16,47.42,1008.84
1998,179.73,29.52,29.16,47.40,1008.84
1999,179.82,29.52,29.15,47.40,1008.84
2000,179.91,29.52,29.14,47.38,1008.84
2001,180.00,29.52,29.12,47.35,1008.84
2002,180.09,29.52,29.12,47.35,1008.84
2003,180.18,29.52,29.12,47.35,1008.84
2004,180.27,29.53,29.11,47.37,1008.84
2005,180.36,29.54,29.09,47.37,1008.84
2006,180.45,29.54,29.11,47.34,1008.84
2007,180.54,29.53,29.11,47.34,1008.84
2008,180.63,29.52,29.10,47.32,1008.84
2009,180.72,29.52,29.10,47.31,1008.84
2010,180.81,29.52,29.10,47.33,1008.84
2011,180.90,29.52,29.11,47.33,1008.84
2012,180.99,29.51,29.10,47.35,1008.84
2013,181.08,29.49,29.10,47.33,1008.84
2014,181.17,29.51,29.09,47.35,1008.83
2015,181.26,29.49,29.08,47.33,1008.83
2016,181.35,29.49,29.08,47.30,1008.84
2017,181.44,29.48,29.08,47.29,1008.84
2018,181.53,29.48,29.06,47.30,1008.84
2019,181.62,29.47,29.06,47.31,1008.84
2020,181.71,29.46,29.05,47.30,1008.84
2021,181.80,29.46,29.05,47.29,1008.84
2022,181.89,29.46,29.05,47.31,1008.84
2023,181.98,29.46,29.04,47.28,1008.84
2024,182.07,29.46,29.05,47.25,1008.84
2025,182.16,29.46,29.06,47.26,1008.83
2026,182.25,29.46,29.06,47.29,1008.83
2027,182.34,29.47,29.06,47.26,1008.83
2028,182.43,29.47,29.05,47.25,1008.83
2029,182.52,29.46,29.05,47.23,1008.83
2030,182.61,29.46,29.04,47.22,1008.83
2031,182.70,29.47,29.05,47.23,1008.83
2032,182.79,29.47,29.06,47.20,1008.83
2033,182.88,29.46,29.05,47.25,1008.83
2034,182.97,29.45,29.05,47.28,1008.83
2035,183.06,29.45,29.05,47.28,1008.83
2036,183.15,29.46,29.05,47.26,1008.83
2037,183.24,29.45,29.04,47.27,1008.83
2038,183.33,29.44,29.04,47.25,1008.84
2039,183.42,29.44,29.04,47.27,1008.84
2040,183.51,29.44,29.03,47.25,1008.84
2041,183.60,29.44,29.02,47.25,1008.84
2042,183.69,29.44,29.01,47.28,1008.84
2043,183.78,29.44,29.01,47.28,1008.83
2044,183.87,29.44,29.02,47.29,1008.83
2045,183.96,29.44,29.01,47.32,1008.83
2046,184.05,29.44,29.01,47.29,1008.83
2047,184.14,29.44,28.99,47.30,1008.83
2048,184.23,29.45,28.98,47.29,1008.83
2049,184.32,29.45,28.98,47.31,1008.83
2050,184.41,29.45,28.98,47.32,1008.83
2051,184.50,29.45,28.98,47.29,1008.83
2052,184.59,29.44,28.96,47.28,1008.83
2053,184.68,29.43,28.96,47.31,1008.83
2054,184.77,29.43,28.96,47.29,1008.83
2055,184.86,29.42,28.96,47.31,1008.83
2056,184.95,29.42,28.96,47.32,1008.83
2057,185.04,29.41,28.96,47.32,1008.83
2058,185.13,29.40,28.96,47.28,1008.83
2059,185.22,29.39,28.95,47.26,1008.83
2060,185.31,29.38,28.95,47.26,1008.83
2061,185.40,29.38,28.96,47.27,1008.82
2062,185.49,29.38,28.95,47.24,1008.82
2063,185.58,29.37,28.95,47.23,1008.82
2064,185.67,29.36,28.96,47.21,1008.82
2065,185.76,29.37,28.95,47.21,1008.82
2066,185.85,29.37,28.95,47.22,1008.82
2067,185.94,29.38,28.94,47.21,1008.82
2068,186.03,29.37,28.94,47.19,1008.81
2069,186.12,29.37,28.95,47.22,1008.81
2070,186.21,29.37,28.94,47.20,1008.81
2071,186.30,29.36,28.94,47.18,1008.82
2072,186.39,29.36,28.94,47.18,1008.82
2073,186.48,29.36,28.94,47.19,1008.81
2074,186.57,29.36,28.94,47.17,1008.82
2075,186.66,29.35,28.94,47.16,1008.81
2076,186.75,29.34,28.94,47.17,1008.82
2077,186.84,29.34,28.94,47.14,1008.82
2078,186.93,29.34,28.94,47.12,1008.82
2079,187.02,29.34,28.94,47.14,1008.82
2080,187.11,29.34,28.94,47.13,1008.82
2081,187.20,29.34,28.95,47.15,1008.82
2082,187.29,29.34,28.95,47.15,1008.82
2083,187.38,29.34,28.93,47.14,1008.83
2084,187.47,29.33,28.93,47.15,1008.83
2085,187.56,29.32,28.93,47.16,1008.82
2086,187.65,29.33,28.92,47.18,1008.83
2087,187.74,29.33,28.93,47.19,1008.83
2088,187.83,29.32,28.93,47.17,1008.83
2089,187.92,29.31,28.92,47.18,1008.82
2090,188.01,29.32,28.92,47.18,1008.82
2091,188.10,29.31,28.93,47.18,1008.83
2092,188.19,29.31,28.94,47.22,1008.83
2093,188.28,29.30,28.94,47.22,1008.83
2094,188.37,29.30,28.93,47.19,1008.83
2095,188.46,29.30,28.93,47.19,1008.83
2096,188.55,29.30,28.92,47.19,1008.84
2097,188.64,29.30,28.92,47.18,1008.84
2098,188.73,29.30,28.92,47.22,1008.84
2099,188.82,29.29,28.92,47.27,1008.84
2100,188.91,29.28,28.92,47.27,1008.84
2101,189.00,29.30,28.91,47.27,1008.84
2102,189.09,29.11,28.90,47.25,1008.84
2103,189.18,29.29,28.88,47.24,1008.85
2104,189.27,29.25,28.87,47.23,1008.85
2105,189.36,29.28,28.88,47.24,1008.85
2106,189.45,29.28,28.87,47.25,1008.85
2107,189.54,29.28,28.88,47.26,1008.85
2108,189.63,29.28,28.89,47.26,1008.85
2109,189.72,29.29,28.88,47.27,1008.85
2110,189.81,29.29,28.88,47.27,1008.85
2111,189.90,29.28,28.89,47.29,1008.85
2112,189.99,29.26,28.88,47.25,1008.85
2113,190.08,29.27,28.88,47.28,1008.85
2114,190.17,29.27,28.87,47.28,1008.85
2115,190.26,29.27,28.86,47.27,1008.85
2116,190.35,29.27,28.87,47.23,1008.85
2117,190.44,29.26,28.87,47.25,1008.85
2118,190.53,29.26,28.88,47.25,1008.85
2119,190.62,29.26,28.87,47.25,1008.85
2120,190.71,29.26,28.88,47.25,1008.85
2121,190.80,29.26,28.87,47.23,1008.85
2122,190.89,29.24,28.87,47.24,1008.85
2123,190.98,29.24,28.87,47.23,1008.85
2124,191.07,29.24,28.88,47.22,1008.85
2125,191.16,29.23,28.86,47.22,1008.85
2126,191.25,29.23,28.85,47.21,1008.85
2127,191.34,29.22,28.85,47.22,1008.85
2128,191.43,29.21,28.84,47.19,1008.84
2129,191.52,29.20,28.84,47.19,1008.84
2130,191.61,29.20,28.85,47.21,1008.84
2131,191.70,29.20,28.84,47.20,1008.84
2132,191.79,29.20,28.84,47.18,1008.83
2133,191.88,29.20,28.84,47.19,1008.83
2134,191.97,29.19,28.83,47.17,1008.83
2135,192.06,29.18,28.83,47.19,1008.84
2136,192.15,29.18,28.83,47.19,1008.84
2137,192.24,29.18,28.83,47.20,1008.84
2138,192.33,29.18,28.82,47.20,1008.83
2139,192.42,29.17,28.81,47.19,1008.83
2140,192.51,29.17,28.81,47.17,1008.83
2141,192.60,29.17,28.81,47.17,1008.83
2142,192.69,29.17,28.81,47.15,1008.83
2143,192.78,29.16,28.81,47.09,1008.83
2144,192.87,29.16,28.80,47.09,1008.83
2145,192.96,29.15,28.80,47.12,1008.83
2146,193.05,29.15,28.79,47.15,1008.83
2147,193.14,29.16,28.77,47.16,1008.83
2148,193.23,29.17,28.78,47.14,1008.83
2149,193.32,29.17,28.77,47.13,1008.83
2150,193.41,29.17,28.77,47.18,1008.83
2151,193.50,29.16,28.77,47.18,1008.83
2152,193.59,29.16,28.78,47.17,1008.84
2153,193.68,29.16,28.79,47.16,1008.84
2154,193.77,29.16,28.78,47.17,1008.84
2155,193.86,29.16,28.79,47.13,1008.84
2156,193.95,29.15,28.79,47.12,1008.84
2157,194.04,29.15,28.78,47.15,1008.84
2158,194.13,29.14,28.79,47.15,1008.84
2159,194.22,29.14,28.78,47.14,1008.84
2160,194.31,29.15,28.78,47.13,1008.84
2161,194.40,29.16,28.77,47.11,1008.84
2162,194.49,29.16,28.77,47.11,1008.84
2163,194.58,29.16,28.76,47.10,1008.84
2164,194.67,29.17,28.76,47.07,1008.84
2165,194.76,29.16,28.77,47.05,1008.85
2166,194.85,29.16,28.76,47.08,1008.85
2167,194.94,29.15,28.76,47.08,1008.85
2168,195.03,29.15,28.76,47.03,1008.85
2169,195.12,29.15,28.76,47.04,1008.85
2170,195.21,29.15,28.75,47.07,1008.85
2171,195.30,29.16,28.76,47.06,1008.85
2172,195.39,29.16,28.77,47.04,1008.86
2173,195.48,29.15,28.77,47.06,1008.85
2174,195.57,29.15,28.76,47.08,1008.85
2175,195.66,29.15,28.76,47.05,1008.86
2176,195.75,29.16,28.77,47.04,1008.85
2177,195.84,29.17,28.77,47.02,1008.86
2178,195.93,29.16,28.77,47.00,1008.86
2179,196.02,29.17,28.79,46.98,1008.86
2180,196.11,29.16,28.79,47.00,1008.86
2181,196.20,29.15,28.79,46.99,1008.86
2182,196.29,29.15,28.78,47.01,1008.87
2183,196.38,29.14,28.77,47.01,1008.87
2184,196.47,29.14,28.76,46.98,1008.87
2185,196.56,29.15,28.76,46.97,1008.87
2186,196.65,29.14,28.75,47.00,1008.88
2187,196.74,29.14,28.74,46.98,1008.88
2188,196.83,29.14,28.73,46.99,1008.88
2189,196.92,29.13,28.74,47.01,1008.88
2190,197.01,29.13,28.74,47.02,1008.88
2191,197.10,29.13,28.75,47.01,1008.88
2192,197.19,29.12,28.76,47.00,1008.88
2193,197.28,29.11,28.77,47.01,1008.88
2194,197.37,29.11,28.76,47.01,1008.88
2195,197.46,29.10,28.74,47.03,1008.88
2196,197.55,29.10,28.75,47.02,1008.87
2197,197.64,29.10,28.75,47.03,1008.87
2198,197.73,29.10,28.75,47.00,1008.88
2199,197.82,29.09,28.74,47.00,1008.88
2200,197.91,29.10,28.74,47.01,1008.88
2201,198.00,29.10,28.74,46.99,1008.88
2202,198.09,29.10,28.73,47.01,1008.88
2203,198.18,29.11,28.73,47.03,1008.88
2204,198.27,29.10,28.73,47.02,1008.88
2205,198.36,29.10,28.74,46.98,1008.88
2206,198.45,29.10,28.73,46.99,1008.88
2207,198.54,29.10,28.73,46.96,1008.88
2208,198.63,29.09,28.72,46.95,1008.88
2209,198.72,29.09,28.71,46.95,1008.87
2210,198.81,29.09,28.71,46.95,1008.87
2211,198.90,29.09,28.71,46.94,1008.87
2212,198.99,29.08,28.70,46.93,1008.87
2213,199.08,29.07,28.71,46.91,1008.87
2214,199.17,29.08,28.71,46.90,1008.87
2215,199.26,29.07,28.70,46.87,1008.86
2216,199.35,29.07,28.71,46.88,1008.86
2217,199.44,29.06,28.69,46.88,1008.87
2218,199.53,29.06,28.69,46.90,1008.86
2219,199.62,29.06,28.69,46.92,1008.86
2220,199.71,29.06,28.69,46.94,1008.86
2221,199.80,29.05,28.69,46.92,1008.85
2222,199.89,29.05,28.69,46.95,1008.85
2223,199.98,29.05,28.68,46.93,1008.85
2224,200.07,29.04,28.69,46.94,1008.84
2225,200.16,29.04,28.68,46.94,1008.84
2226,200.25,29.04,28.68,46.94,1008.84
2227,200.34,29.03,28.68,46.58,1008.84
2228,200.43,29.02,28.67,46.93,1008.84
2229,200.52,29.02,28.66,46.94,1008.84
2230,200.61,29.01,28.65,46.91,1008.84
2231,200.70,29.01,28.66,46.91,1008.84
2232,200.79,29.00,28.65,46.89,1008.84
2233,200.88,29.00,28.63,46.86,1008.84
2234,200.97,29.00,28.63,46.89,1008.84
2235,201.06,29.00,28.63,46.91,1008.84
2236,201.15,28.99,28.62,46.93,1008.84
2237,201.24,28.98,28.62,46.94,1008.84
2238,201.33,28.98,28.62,46.95,1008.84
2239,201.42,28.96,28.63,46.99,1008.84
2240,201.51,28.96,28.63,47.02,1008.84
2241,201.60,28.95,28.63,47.02,1008.84
2242,201.69,28.94,28.61,47.01,1008.84
2243,201.78,28.95,28.61,47.03,1008.84
2244,201.87,28.95,28.63,47.00,1008.84
2245,201.96,28.95,28.62,47.02,1008.84
2246,202.05,28.94,28.62,47.04,1008.84
2247,202.14,28.94,28.61,47.04,1008.84
2248,202.23,28.94,28.60,47.05,1008.84
2249,202.32,28.93,28.60,47.04,1008.85
2250,202.41,28.92,28.60,47.03,1008.84
2251,202.50,28.92,28.60,47.05,1008.85
2252,202.59,28.92,28.58,47.07,1008.85
2253,202.68,28.91,28.57,47.09,1008.85
2254,202.77,28.90,28.57,47.09,1008.85
2255,202.86,28.90,28.58,47.09,1008.85
2256,202.95,28.89,28.58,47.07,1008.86
2257,203.04,28.90,28.59,47.08,1008.86
2258,203.13,28.90,28.58,47.11,1008.86
2259,203.22,28.90,28.58,47.05,1008.86
2260,203.31,28.89,28.58,47.00,1008.87
2261,203.40,28.89,28.57,46.99,1008.87
2262,203.49,28.89,28.57,47.02,1008.87
2263,203.58,28.88,28.58,47.00,1008.87
2264,203.67,28.88,28.58,46.98,1008.87
2265,203.76,28.88,28.57,47.00,1008.87
2266,203.85,28.88,28.57,46.99,1008.87
2267,203.94,28.88,28.57,46.97,1008.87
2268,204.03,28.88,28.56,46.96,1008.87
2269,204.12,28.88,28.56,46.96,1008.87
2270,204.21,28.89,28.56,46.95,1008.87
2271,204.30,28.88,28.57,46.93,1008.87
2272,204.39,28.87,28.57,46.95,1008.87
2273,204.48,28.87,28.58,46.94,1008.87
2274,204.57,28.87,28.58,46.96,1008.87
2275,204.66,28.88,28.58,46.97,1008.87
2276,204.75,28.87,28.58,46.97,1008.87
2277,204.84,28.88,28.57,46.99,1008.87
2278,204.93,28.88,28.57,46.99,1008.87
2279,205.02,28.88,28.58,46.99,1008.87
2280,205.11,28.88,28.59,46.97,1008.87
2281,205.20,28.88,28.60,46.94,1008.87
2282,205.29,28.88,28.60,46.93,1008.86
2283,205.38,28.88,28.59,46.93,1008.87
2284,205.47,28.89,28.59,46.90,1008.87
2285,205.56,28.89,28.59,46.88,1008.86
2286,205.65,28.89,28.59,46.90,1008.87
2287,205.74,28.88,28.57,46.92,1008.87
2288,205.83,28.89,28.58,46.90,1008.86
2289,205.92,28.90,28.57,46.91,1008.86
2290,206.01,28.90,28.57,46.92,1008.85
2291,206.10,28.89,28.57,46.93,1008.85
2292,206.19,28.88,28.57,46.93,1008.85
2293,206.28,28.88,28.57,46.92,1008.85
2294,206.37,28.89,28.58,46.91,1008.85
2295,206.46,28.90,28.56,46.92,1008.85
2296,206.55,28.89,28.56,46.90,1008.84
2297,206.64,28.90,28.56,46.90,1008.84
2298,206.73,28.90,28.57,46.90,1008.84
2299,206.82,28.89,28.57,46.91,1008.84
2300,206.91,28.89,28.56,46.88,1008.84
2301,207.00,28.88,28.57,46.88,1008.84
2302,207.09,28.88,28.57,46.91,1008.84
2303,207.18,28.88,28.57,46.94,1008.84
2304,207.27,28.87,28.57,46.97,1008.84
2305,207.36,28.87,28.56,46.94,1008.84
2306,207.45,28.87,28.55,46.94,1008.84
2307,207.54,28.88,28.54,46.92,1008.84
2308,207.63,28.87,28.53,46.94,1008.84
2309,207.72,28.87,28.53,46.97,1008.83
2310,207.81,28.87,28.51,46.97,1008.83
2311,207.90,28.86,28.53,46.94,1008.83
2312,207.99,28.85,28.53,46.93,1008.83
2313,208.08,28.85,28.52,46.95,1008.83
2314,208.17,28.85,28.50,46.94,1008.83
2315,208.26,28.85,28.50,46.98,1008.82
2316,208.35,28.85,28.50,46.97,1008.82
2317,208.44,28.86,28.50,46.99,1008.82
2318,208.53,28.85,28.49,46.96,1008.82
2319,208.62,28.84,28.49,46.97,1008.82
2320,208.71,28.84,28.50,46.96,1008.82
2321,208.80,28.84,28.51,46.96,1008.82
2322,208.89,28.84,28.51,46.97,1008.82
2323,208.98,28.84,28.50,46.95,1008.82
2324,209.07,28.84,28.50,46.93,1008.82
2325,209.16,28.84,28.50,46.88,1008.82
2326,209.25,28.84,28.49,46.89,1008.82
2327,209.34,28.83,28.49,46.92,1008.82
2328,209.43,28.83,28.49,46.93,1008.82
2329,209.52,28.83,28.51,46.92,1008.82
2330,209.61,28.83,28.52,46.91,1008.82
2331,209.70,28.83,28.52,46.92,1008.82
2332,209.79,28.83,28.52,46.93,1008.82
2333,209.88,28.83,28.53,46.92,1008.82
2334,209.97,28.83,28.54,46.91,1008.83
2335,210.06,28.82,28.54,46.93,1008.83
2336,210.15,28.81,28.54,46.90,1008.83
2337,210.24,28.80,28.54,46.92,1008.83
2338,210.33,28.80,28.55,46.90,1008.83
2339,210.42,28.80,28.55,46.91,1008.84
2340,210.51,28.79,28.56,46.91,1008.84
2341,210.60,28.80,28.56,46.89,1008.84
2342,210.69,28.81,28.56,46.86,1008.84
2343,210.78,28.81,28.57,46.82,1008.84
2344,210.87,28.80,28.57,46.81,1008.84
2345,210.96,28.80,28.58,46.81,1008.84
2346,211.05,28.80,28.59,46.83,1008.84
2347,211.14,28.81,28.58,46.82,1008.84
2348,211.23,28.81,28.58,46.81,1008.84
2349,211.32,28.80,28.59,46.81,1008.84
2350,211.41,28.80,28.59,46.81,1008.84
2351,211.50,28.79,28.58,46.84,1008.85
2352,211.59,28.79,28.57,46.83,1008.85
2353,211.68,28.79,28.58,46.82,1008.85
2354,211.77,28.79,28.58,46.78,1008.85
2355,211.86,28.79,28.58,46.78,1008.84
2356,211.95,28.78,28.56,46.78,1008.85
2357,212.04,28.78,28.56,46.78,1008.85
2358,212.13,28.78,28.56,46.76,1008.85
2359,212.22,28.78,28.54,46.77,1008.85
2360,212.31,28.78,28.55,46.76,1008.85
2361,212.40,28.78,28.54,46.74,1008.85
2362,212.49,28.78,28.52,46.74,1008.85
2363,212.58,28.78,28.51,46.74,1008.84
2364,212.67,28.78,28.50,46.70,1008.85
2365,212.76,28.77,28.49,46.70,1008.84
2366,212.85,28.77,28.49,46.68,1008.84
2367,212.94,28.76,28.47,46.68,1008.84
2368,213.03,28.76,28.47,46.66,1008.84
2369,213.12,28.75,28.48,46.68,1008.84
2370,213.21,28.76,28.49,46.65,1008.84
2371,213.30,28.76,28.49,46.64,1008.84
2372,213.39,28.75,28.48,46.65,1008.83
2373,213.48,28.74,28.48,46.66,1008.83
2374,213.57,28.74,28.48,46.65,1008.83
2375,213.66,28.73,28.47,46.64,1008.83
2376,213.75,28.72,28.47,46.66,1008.83
2377,213.84,28.72,28.45,46.64,1008.83
2378,213.93,28.72,28.45,46.62,1008.83
2379,214.02,28.72,28.44,46.61,1008.83
2380,214.11,28.71,28.43,46.58,1008.83
2381,214.20,28.71,28.41,46.59,1008.83
2382,214.29,28.70,28.42,46.61,1008.83
2383,214.38,28.70,28.40,46.61,1008.83
2384,214.47,28.71,28.39,46.60,1008.83
2385,214.56,28.71,28.38,46.62,1008.82
2386,214.65,28.71,28.39,46.62,1008.82
2387,214.74,28.71,28.38,46.62,1008.82
2388,214.83,28.71,28.37,46.63,1008.82
2389,214.92,28.71,28.37,46.66,1008.82
2390,215.01,28.70,28.36,46.67,1008.82
2391,215.10,28.70,28.35,46.65,1008.82
2392,215.19,28.70,28.34,46.67,1008.82
2393,215.28,28.70,28.35,46.69,1008.82
2394,215.37,28.69,28.35,46.69,1008.83
2395,215.46,28.69,28.34,46.69,1008.82
2396,215.55,28.68,28.33,46.71,1008.82
2397,215.64,28.68,28.32,46.70,1008.82
2398,215.73,28.68,28.31,46.70,1008.82
2399,215.82,28.67,28.30,46.67,1008.82
2400,215.91,28.68,28.29,46.70,1008.81
2401,216.00,28.68,28.28,46.70,1008.82
2402,216.09,28.68,28.26,46.73,1008.82
2403,216.18,28.69,28.25,46.68,1008.82
2404,216.27,28.68,28.24,46.69,1008.81
2405,216.36,28.68,28.22,46.69,1008.82
2406,216.45,28.68,28.20,46.72,1008.82
2407,216.54,28.68,28.20,46.71,1008.82
2408,216.63,28.68,28.19,46.73,1008.81
2409,216.72,28.68,28.18,46.75,1008.82
2410,216.81,28.69,28.16,46.73,1008.82
2411,216.90,28.69,28.16,46.73,1008.81
2412,216.99,28.68,28.14,46.73,1008.81
2413,217.08,28.68,28.15,46.74,1008.81
2414,217.17,28.67,28.15,46.75,1008.82
2415,217.26,28.67,28.15,46.80,1008.82
2416,217.35,28.67,28.15,46.80,1008.82
2417,217.44,28.68,28.14,46.79,1008.82
2418,217.53,28.68,28.13,46.79,1008.82
2419,217.62,28.68,28.14,46.78,1008.82
2420,217.71,28.67,28.14,46.80,1008.82
2421,217.80,28.68,28.13,46.83,1008.83
2422,217.89,28.67,28.13,46.81,1008.83
2423,217.98,28.67,28.14,46.78,1008.83
2424,218.07,28.66,28.15,46.74,1008.83
2425,218.16,28.66,28.16,46.73,1008.83
2426,218.25,28.66,28.17,46.72,1008.83
2427,218.34,28.67,28.18,46.73,1008.84
2428,218.43,28.67,28.17,46.72,1008.84
2429,218.52,28.68,28.18,46.72,1008.84
2430,218.61,28.68,28.20,46.72,1008.84
2431,218.70,28.68,28.20,46.71,1008.84
2432,218.79,28.68,28.21,46.69,1008.84
2433,218.88,28.67,28.22,46.71,1008.84
2434,218.97,28.66,28.22,46.71,1008.84
2435,219.06,28.66,28.24,46.71,1008.85
2436,219.15,28.66,28.24,46.69,1008.85
2437,219.24,28.66,28.25,46.67,1008.85
2438,219.33,28.66,28.24,46.67,1008.85
2439,219.42,28.66,28.24,46.67,1008.86
2440,219.51,28.66,28.24,46.67,1008.86
2441,219.60,28.67,28.24,46.64,1008.86
2442,219.69,28.67,28.26,46.63,1008.86
2443,219.78,28.66,28.27,46.61,1008.86
2444,219.87,28.66,28.28,46.58,1008.86
2445,219.96,28.66,28.29,46.62,1008.85
2446,220.05,28.65,28.29,46.65,1008.86
2447,220.14,28.65,28.29,46.65,1008.86
2448,220.23,28.65,28.29,46.67,1008.86
2449,220.32,28.66,28.30,46.68,1008.86
2450,220.41,28.66,28.32,46.64,1008.86
2451,220.50,28.65,28.32,46.68,1008.85
2452,220.59,28.65,28.31,46.70,1008.85
2453,220.68,28.64,28.30,46.69,1008.85
2454,220.77,28.65,28.29,46.66,1008.85
2455,220.86,28.65,28.29,46.63,1008.85
2456,220.95,28.65,28.28,46.63,1008.85
2457,221.04,28.65,28.28,46.64,1008.85
2458,221.13,28.64,28.27,46.65,1008.85
2459,221.22,28.63,28.28,46.65,1008.85
2460,221.31,28.63,28.28,46.64,1008.85
2461,221.40,28.61,28.27,46.61,1008.85
2462,221.49,28.61,28.27,46.67,1008.85
2463,221.58,28.60,28.27,46.67,1008.85
2464,221.67,28.61,28.27,46.65,1008.85
2465,221.76,28.62,28.27,46.63,1008.85
2466,221.85,28.61,28.27,46.65,1008.85
2467,221.94,28.60,28.27,46.63,1008.84
2468,222.03,28.60,28.28,46.61,1008.84
2469,222.12,28.60,28.28,46.60,1008.85
2470,222.21,28.60,28.28,46.60,1008.85
2471,222.30,28.60,28.28,46.60,1008.84
2472,222.39,28.59,28.27,46.59,1008.84
2473,222.48,28.59,28.27,46.57,1008.84
2474,222.57,28.59,28.27,46.54,1008.84
2475,222.66,28.57,28.27,46.56,1008.84
2476,222.75,28.57,28.26,46.56,1008.84
2477,222.84,28.58,28.26,46.60,1008.84
2478,222.93,28.57,28.25,46.61,1008.84
2479,223.02,28.58,28.24,46.60,1008.84
2480,223.11,28.58,28.23,46.58,1008.85
2481,223.20,28.58,28.24,46.61,1008.84
2482,223.29,28.58,28.23,46.62,1008.84
2483,223.38,28.57,28.23,46.59,1008.84
2484,223.47,28.58,28.23,46.57,1008.85
2485,223.56,28.58,28.22,46.57,1008.85
2486,223.65,28.58,28.22,46.57,1008.85
2487,223.74,28.58,28.22,46.55,1008.85
2488,223.83,28.57,28.22,46.54,1008.85
2489,223.92,28.57,28.22,46.57,1008.85
2490,224.01,28.56,28.20,46.56,1008.85
2491,224.10,28.56,28.19,46.59,1008.85
2492,224.19,28.55,28.20,46.60,1008.85
2493,224.28,28.55,28.20,46.59,1008.85
2494,224.37,28.55,28.20,46.56,1008.85
2495,224.46,28.55,28.20,46.55,1008.85
2496,224.55,28.55,28.21,46.52,1008.85
2497,224.64,28.55,28.21,46.55,1008.85
2498,224.73,28.55,28.22,46.54,1008.86
2499,224.82,28.56,28.21,46.55,1008.86
2500,224.91,28.56,28.21,46.53,1008.86
2501,225.00,28.56,28.20,46.54,1008.86
2502,225.09,28.56,28.21,46.53,1008.86
2503,225.18,28.55,28.21,46.47,1008.86
2504,225.27,28.55,28.21,46.49,1008.87
2505,225.36,28.56,28.22,46.48,1008.87
2506,225.45,28.55,28.22,46.50,1008.87
2507,225.54,28.54,28.22,46.49,1008.87
2508,225.63,28.55,28.21,46.48,1008.87
2509,225.72,28.54,28.21,46.49,1008.87
2510,225.81,28.56,28.21,46.50,1008.87
2511,225.90,28.55,28.20,46.51,1008.87
2512,225.99,28.56,28.20,46.48,1008.87
2513,226.08,28.55,28.20,46.44,1008.87
2514,226.17,28.55,28.21,46.42,1008.87
2515,226.26,28.55,28.21,46.45,1008.87
2516,226.35,28.54,28.21,46.47,1008.87
2517,226.44,28.54,28.21,46.48,1008.87
2518,226.53,28.54,28.20,46.49,1008.87
2519,226.62,28.54,28.20,46.52,1008.87
2520,226.71,28.54,28.21,46.51,1008.87
2521,226.80,28.54,28.20,46.54,1008.87
2522,226.89,28.54,28.21,46.56,1008.87
2523,226.98,28.54,28.22,46.54,1008.87
2524,227.07,28.54,28.22,46.53,1008.87
2525,227.16,28.53,28.22,46.53,1008.87
2526,227.25,28.52,28.22,46.51,1008.87
2527,227.34,28.51,28.22,46.49,1008.87
2528,227.43,28.51,28.22,46.49,1008.87
2529,227.52,28.52,28.22,46.47,1008.87
2530,227.61,28.51,28.21,46.46,1008.87
2531,227.70,28.50,28.21,46.48,1008.87
2532,227.79,28.49,28.21,46.46,1008.87
2533,227.88,28.49,28.19,46.43,1008.87
2534,227.97,28.49,28.19,46.46,1008.87
2535,228.06,28.48,28.19,46.44,1008.87
2536,228.15,28.48,28.20,46.44,1008.87
2537,228.24,28.47,28.20,46.42,1008.87
2538,228.33,28.47,28.19,46.39,1008.87
2539,228.42,28.46,28.21,46.42,1008.87
2540,228.51,28.46,28.21,46.43,1008.87
2541,228.60,28.46,28.20,46.44,1008.87
2542,228.69,28.46,28.20,46.43,1008.87
2543,228.78,28.48,28.20,46.40,1008.87
2544,228.87,28.47,28.19,46.38,1008.87
2545,228.96,28.47,28.18,46.39,1008.87
2546,229.05,28.46,28.18,46.36,1008.87
2547,229.14,28.47,28.19,46.36,1008.86
2548,229.23,28.47,28.19,46.34,1008.87
2549,229.32,28.47,28.19,46.38,1008.86
2550,229.41,28.47,28.18,46.39,1008.87
2551,229.50,28.47,28.18,46.37,1008.86
2552,229.59,28.47,28.18,46.36,1008.86
2553,229.68,28.47,28.17,46.37,1008.87
2554,229.77,28.48,28.18,46.38,1008.87
2555,229.86,28.47,28.19,46.40,1008.87
2556,229.95,28.46,28.19,46.44,1008.87
2557,230.04,28.46,28.20,46.41,1008.87
2558,230.13,28.46,28.19,46.41,1008.87
2559,230.22,28.45,28.19,46.39,1008.86
2560,230.31,28.45,28.18,46.41,1008.87
2561,230.40,28.45,28.18,46.42,1008.86
2562,230.49,28.45,28.18,46.41,1008.87
2563,230.58,28.45,28.17,46.40,1008.86
2564,230.67,28.44,28.17,46.36,1008.86
2565,230.76,28.44,28.17,46.34,1008.86
2566,230.85,28.45,28.17,46.35,1008.86
2567,230.94,28.45,28.16,46.36,1008.86
2568,231.03,28.45,28.16,46.39,1008.86
2569,231.12,28.45,28.16,46.39,1008.86
2570,231.21,28.45,28.16,46.36,1008.85
2571,231.30,28.45,28.17,46.34,1008.85
2572,231.39,28.46,28.17,46.36,1008.85
2573,231.48,28.45,28.17,46.34,1008.85
2574,231.57,28.46,28.17,46.34,1008.85
2575,231.66,28.46,28.17,46.36,1008.85
2576,231.75,28.46,28.17,46.34,1008.85
2577,231.84,28.46,28.16,46.33,1008.85
2578,231.93,28.45,28.15,46.34,1008.85
2579,232.02,28.45,28.15,46.34,1008.85
2580,232.11,28.46,28.15,46.35,1008.84
2581,232.20,28.46,28.15,46.32,1008.84
2582,232.29,28.47,28.15,46.32,1008.85
2583,232.38,28.46,28.15,46.34,1008.85
2584,232.47,28.47,28.15,46.31,1008.85
2585,232.56,28.47,28.14,46.31,1008.85
2586,232.65,28.46,28.14,46.30,1008.85
2587,232.74,28.46,28.15,46.30,1008.85
2588,232.83,28.46,28.13,46.29,1008.85
2589,232.92,28.46,28.14,46.25,1008.85
2590,233.01,28.46,28.13,46.26,1008.84
2591,233.10,28.46,28.14,46.28,1008.84
2592,233.19,28.47,28.13,46.30,1008.84
2593,233.28,28.47,28.12,46.29,1008.84
2594,233.37,28.46,28.13,46.31,1008.84
2595,233.46,28.46,28.14,46.31,1008.84
2596,233.55,28.46,28.13,46.35,1008.84
2597,233.64,28.46,28.12,46.36,1008.84
2598,233.73,28.46,28.13,46.33,1008.83
2599,233.82,28.45,28.13,46.32,1008.83
2600,233.91,28.45,28.12,46.31,1008.84
2601,234.00,28.45,28.11,46.32,1008.84
2602,234.09,28.45,28.12,46.31,1008.84
2603,234.18,28.45,28.12,46.31,1008.84
2604,234.27,28.44,28.11,46.31,1008.84
2605,234.36,28.44,28.12,46.32,1008.84
2606,234.45,28.44,28.12,46.31,1008.85
2607,234.54,28.44,28.11,46.33,1008.85
2608,234.63,28.43,28.12,46.34,1008.84
2609,234.72,28.42,28.13,46.38,1008.84
2610,234.81,28.42,28.13,46.37,1008.84
2611,234.90,28.41,28.13,46.38,1008.84
2612,234.99,28.41,28.12,46.37,1008.84
2613,235.08,28.41,28.12,46.36,1008.84
2614,235.17,28.41,28.13,46.40,1008.84
2615,235.26,28.41,28.14,46.40,1008.84
2616,235.35,28.41,28.12,46.39,1008.84
2617,235.44,28.41,28.11,46.39,1008.84
2618,235.53,28.40,28.11,46.40,1008.84
2619,235.62,28.40,28.11,46.42,1008.84
2620,235.71,28.40,28.12,46.41,1008.84
2621,235.80,28.40,28.12,46.41,1008.84
2622,235.89,28.39,28.12,46.41,1008.84
2623,235.98,28.38,28.13,46.43,1008.83
2624,236.07,28.39,28.13,46.42,1008.83
2625,236.16,28.38,28.13,46.43,1008.84
2626,236.25,28.38,28.12,46.40,1008.84
2627,236.34,28.38,28.12,46.41,1008.84
2628,236.43,28.37,28.13,46.40,1008.84
2629,236.52,28.37,28.12,46.40,1008.84
2630,236.61,28.36,28.12,46.39,1008.84
2631,236.70,28.37,28.10,46.37,1008.84
2632,236.79,28.37,28.11,46.38,1008.84
2633,236.88,28.36,28.10,46.38,1008.84
2634,236.97,28.36,28.10,46.39,1008.83
2635,237.06,28.36,28.10,46.38,1008.83
2636,237.15,28.37,28.11,46.38,1008.83
2637,237.24,28.36,28.12,46.38,1008.83
2638,237.33,28.37,28.13,46.38,1008.83
2639,237.42,28.37,28.11,46.38,1008.83
2640,237.51,28.36,28.11,46.36,1008.83
2641,237.60,28.35,28.12,46.39,1008.83
2642,237.69,28.35,28.12,46.39,1008.83
2643,237.78,28.35,28.11,46.41,1008.83
2644,237.87,28.35,28.12,46.41,1008.83
2645,237.96,28.35,28.12,46.42,1008.83
2646,238.05,28.34,28.11,46.43,1008.83
2647,238.14,28.34,28.10,46.45,1008.83
2648,238.23,28.34,28.09,46.46,1008.83
2649,238.32,28.33,28.08,46.46,1008.83
2650,238.41,28.33,28.07,46.46,1008.83
2651,238.50,28.33,28.07,46.43,1008.84
2652,238.59,28.32,28.06,46.42,1008.83
2653,238.68,28.33,28.05,46.41,1008.83
2654,238.77,28.33,28.05,46.47,1008.83
2655,238.86,28.33,28.04,46.48,1008.82
2656,238.95,28.32,28.04,46.44,1008.83
2657,239.04,28.33,28.04,46.43,1008.83
2658,239.13,28.33,28.03,46.44,1008.82
2659,239.22,28.32,28.03,46.41,1008.82
2660,239.31,28.31,28.03,46.42,1008.82
2661,239.40,28.31,28.02,46.41,1008.82
2662,239.49,28.31,28.02,46.39,1008.82
2663,239.58,28.32,28.02,46.38,1008.82
2664,239.67,28.33,28.01,46.42,1008.82
2665,239.76,28.32,28.00,46.40,1008.82
2666,239.85,28.32,28.02,46.41,1008.82
2667,239.94,28.32,28.03,46.39,1008.82
2668,240.03,28.33,28.02,46.40,1008.82
2669,240.12,28.33,28.02,46.42,1008.82
2670,240.21,28.33,28.01,46.45,1008.82
2671,240.30,28.33,28.01,46.43,1008.82
2672,240.39,28.32,28.02,46.44,1008.82
2673,240.48,28.32,28.01,46.45,1008.82
2674,240.57,28.31,28.01,46.44,1008.82
2675,240.66,28.32,28.01,46.41,1008.82
2676,240.75,28.31,28.01,46.40,1008.82
2677,240.84,28.31,28.02,46.34,1008.82
2678,240.93,28.31,28.01,46.30,1008.82
2679,241.02,28.31,28.02,46.27,1008.82
2680,241.11,28.32,28.01,46.25,1008.82
2681,241.20,28.32,28.02,46.26,1008.82
2682,241.29,28.33,28.02,46.27,1008.82
2683,241.38,28.32,28.04,46.26,1008.82
2684,241.47,28.31,28.04,46.23,1008.82
2685,241.56,28.30,28.04,46.25,1008.82
2686,241.65,28.30,28.03,46.25,1008.81
2687,241.74,28.30,28.03,46.27,1008.82
2688,241.83,28.30,28.02,46.27,1008.82
2689,241.92,28.31,28.02,46.25,1008.82
2690,242.01,28.30,28.01,46.25,1008.82
2691,242.10,28.30,28.01,46.28,1008.82
2692,242.19,28.29,28.00,46.31,1008.82
2693,242.28,28.29,28.01,46.27,1008.82
2694,242.37,28.29,28.02,46.25,1008.82
2695,242.46,28.29,28.02,46.25,1008.82
2696,242.55,28.29,28.03,46.28,1008.82
2697,242.64,28.28,28.02,46.25,1008.83
2698,242.73,28.28,28.00,46.25,1008.83
2699,242.82,28.27,28.01,46.27,1008.83
2700,242.91,28.27,28.02,46.27,1008.83
2701,243.00,28.28,28.02,46.29,1008.83
2702,243.09,28.28,28.01,46.31,1008.83
2703,243.18,28.27,28.00,46.33,1008.83
2704,243.27,28.28,28.01,46.31,1008.83
2705,243.36,28.28,28.00,46.34,1008.83
2706,243.45,28.28,27.99,46.34,1008.83
2707,243.54,28.29,27.99,46.34,1008.83
2708,243.63,28.28,27.99,46.35,1008.83
2709,243.72,28.28,28.00,46.33,1008.83
2710,243.81,28.29,28.00,46.34,1008.83
2711,243.90,28.28,28.00,46.35,1008.83
2712,243.99,28.29,28.00,46.34,1008.83
2713,244.08,28.29,28.00,46.32,1008.83
2714,244.17,28.28,28.00,46.33,1008.83
2715,244.26,28.27,28.01,46.30,1008.83
2716,244.35,28.28,28.01,46.33,1008.83
2717,244.44,28.28,28.01,46.31,1008.83
2718,244.53,28.29,28.02,46.30,1008.83
2719,244.62,28.29,28.02,46.27,1008.84
2720,244.71,28.29,28.02,46.31,1008.84
2721,244.80,28.28,28.02,46.36,1008.84
2722,244.89,28.28,28.01,46.34,1008.84
2723,244.98,28.27,28.02,46.31,1008.85
2724,245.07,28.27,28.01,46.29,1008.85
2725,245.16,28.26,28.01,46.28,1008.85
2726,245.25,28.25,28.01,46.32,1008.84
2727,245.34,28.25,28.01,46.32,1008.84
2728,245.43,28.25,28.00,46.32,1008.84
2729,245.52,28.25,27.98,46.32,1008.85
2730,245.61,28.25,27.99,46.34,1008.85
2731,245.70,28.24,27.98,46.31,1008.85
2732,245.79,28.25,27.98,46.33,1008.85
2733,245.88,28.24,27.97,46.31,1008.85
2734,245.97,28.25,27.97,46.33,1008.84
2735,246.06,28.26,27.96,46.34,1008.84
2736,246.15,28.27,27.96,46.37,1008.84
2737,246.24,28.27,27.96,46.34,1008.84
2738,246.33,28.28,27.95,46.34,1008.84
2739,246.42,28.26,27.95,46.32,1008.84
2740,246.51,28.26,27.95,46.34,1008.84
2741,246.60,28.26,27.94,46.35,1008.84
2742,246.69,28.27,27.95,46.34,1008.84
2743,246.78,28.27,27.96,46.35,1008.84
2744,246.87,28.26,27.96,46.35,1008.84
2745,246.96,28.26,27.96,46.36,1008.84
2746,247.05,28.26,27.95,46.36,1008.84
2747,247.14,28.27,27.95,46.38,1008.84
2748,247.23,28.27,27.95,46.38,1008.84
2749,247.32,28.27,27.95,46.36,1008.84
2750,247.41,28.26,27.94,46.39,1008.84
2751,247.50,28.26,27.94,46.38,1008.84
2752,247.59,28.25,27.92,46.37,1008.83
2753,247.68,28.25,27.92,46.37,1008.83
2754,247.77,28.25,27.92,46.38,1008.83
2755,247.86,28.25,27.93,46.34,1008.83
2756,247.95,28.25,27.93,46.34,1008.83
2757,248.04,28.25,27.94,46.32,1008.83
2758,248.13,28.25,27.93,46.31,1008.83
2759,248.22,28.24,27.93,46.31,1008.83
2760,248.31,28.24,27.92,46.36,1008.83
2761,248.40,28.24,27.91,46.39,1008.83
2762,248.49,28.24,27.89,46.38,1008.83
2763,248.58,28.24,27.89,46.37,1008.83
2764,248.67,28.23,27.88,46.40,1008.83
2765,248.76,28.23,27.89,46.42,1008.83
2766,248.85,28.24,27.89,46.42,1008.83
2767,248.94,28.23,27.89,46.41,1008.83
2768,249.03,28.22,27.89,46.37,1008.83
2769,249.12,28.23,27.88,46.36,1008.83
2770,249.21,28.23,27.88,46.38,1008.83
2771,249.30,28.22,27.89,46.37,1008.82
2772,249.39,28.22,27.89,46.38,1008.83
2773,249.48,28.22,27.89,46.40,1008.83
2774,249.57,28.21,27.90,46.40,1008.83
2775,249.66,28.21,27.89,46.39,1008.82
2776,249.75,28.21,27.88,46.38,1008.83
2777,249.84,28.21,27.88,46.41,1008.83
2778,249.93,28.20,27.90,46.39,1008.83
2779,250.02,28.21,27.89,46.40,1008.83
2780,250.11,28.20,27.89,46.39,1008.83
2781,250.20,28.20,27.89,46.40,1008.83
2782,250.29,28.19,27.89,46.41,1008.83
2783,250.38,28.19,27.89,46.39,1008.83
2784,250.47,28.19,27.89,46.38,1008.83
2785,250.56,28.18,27.89,46.38,1008.83
2786,250.65,28.18,27.91,46.39,1008.84
2787,250.74,28.18,27.90,46.40,1008.84
2788,250.83,28.19,27.90,46.39,1008.84
2789,250.92,28.20,27.91,46.38,1008.84
2790,251.01,28.20,27.90,46.43,1008.84
2791,251.10,28.19,27.91,46.43,1008.84
2792,251.19,28.19,27.90,46.40,1008.85
2793,251.28,28.19,27.89,46.40,1008.85
2794,251.37,28.19,27.90,46.38,1008.85
2795,251.46,28.18,27.90,46.38,1008.85
2796,251.55,28.18,27.90,46.42,1008.85
2797,251.64,28.18,27.91,46.42,1008.85
2798,251.73,28.18,27.92,46.42,1008.86
2799,251.82,28.17,27.93,46.42,1008.86
2800,251.91,28.16,27.94,46.37,1008.86
2801,252.00,28.15,27.95,46.39,1008.86
2802,252.09,28.15,27.95,46.39,1008.86
2803,252.18,28.15,27.96,46.37,1008.86
2804,252.27,28.16,27.97,46.36,1008.86
2805,252.36,28.16,27.99,46.34,1008.87
2806,252.45,28.16,28.00,46.34,1008.87
2807,252.54,28.16,28.00,46.32,1008.87
2808,252.63,28.16,28.01,46.29,1008.87
2809,252.72,28.16,28.02,46.30,1008.87
2810,252.81,28.16,28.03,46.27,1008.87
2811,252.90,28.17,28.02,46.29,1008.87
2812,252.99,28.17,28.02,46.31,1008.88
2813,253.08,28.17,28.02,46.29,1008.88
2814,253.17,28.16,28.01,46.26,1008.88
2815,253.26,28.17,28.00,46.28,1008.88
2816,253.35,28.17,27.99,46.30,1008.88
2817,253.44,28.17,27.97,46.27,1008.88
2818,253.53,28.17,27.98,46.28,1008.88
2819,253.62,28.17,27.96,46.28,1008.88
2820,253.71,28.17,27.95,46.29,1008.88
2821,253.80,28.16,27.94,46.30,1008.87
2822,253.89,28.15,27.93,46.30,1008.87
2823,253.98,28.16,27.94,46.28,1008.87
2824,254.07,28.17,27.93,46.31,1008.87
2825,254.16,28.17,27.92,46.32,1008.87
2826,254.25,28.18,27.91,46.36,1008.87
2827,254.34,28.18,27.91,46.37,1008.87
2828,254.43,28.18,27.91,46.34,1008.86
2829,254.52,28.17,27.90,46.34,1008.86
2830,254.61,28.18,27.90,46.36,1008.87
2831,254.70,28.19,27.89,46.32,1008.87
2832,254.79,28.19,27.88,46.28,1008.87
2833,254.88,28.18,27.87,46.29,1008.87
2834,254.97,28.17,27.86,46.32,1008.87
2835,255.06,28.17,27.87,46.32,1008.86
2836,255.15,28.16,27.87,46.32,1008.86
2837,255.24,28.16,27.87,46.34,1008.86
2838,255.33,28.17,27.87,46.33,1008.86
2839,255.42,28.17,27.86,46.33,1008.86
2840,255.51,28.16,27.85,46.30,1008.86
2841,255.60,28.16,27.85,46.31,1008.85
2842,255.69,28.16,27.86,46.29,1008.85
2843,255.78,28.16,27.85,46.28,1008.86
2844,255.87,28.16,27.84,46.25,1008.85
2845,255.96,28.15,27.84,46.27,1008.85
2846,256.05,28.14,27.84,46.27,1008.85
2847,256.14,28.14,27.85,46.29,1008.85
2848,256.23,28.15,27.84,46.27,1008.85
2849,256.32,28.15,27.84,46.23,1008.85
2850,256.41,28.15,27.84,46.21,1008.85
2851,256.50,28.16,27.84,46.24,1008.85
2852,256.59,28.16,27.84,46.24,1008.85
2853,256.68,28.16,27.84,46.27,1008.86
2854,256.77,28.16,27.86,46.26,1008.85
2855,256.86,28.15,27.86,46.27,1008.85
2856,256.95,28.14,27.85,46.25,1008.85
2857,257.04,28.15,27.84,46.27,1008.84
2858,257.13,28.16,27.84,46.27,1008.84
2859,257.22,28.15,27.83,46.27,1008.84
2860,257.31,28.14,27.84,46.26,1008.84
2861,257.40,28.14,27.84,46.28,1008.84
2862,257.49,28.14,27.84,46.30,1008.85
2863,257.58,28.14,27.85,46.27,1008.85
2864,257.67,28.14,27.84,46.27,1008.85
2865,257.76,28.14,27.84,46.26,1008.85
2866,257.85,28.14,27.83,46.24,1008.85
2867,257.94,28.13,27.82,46.23,1008.85
2868,258.03,28.14,27.83,46.26,1008.85
2869,258.12,28.14,27.83,46.27,1008.85
2870,258.21,28.14,27.84,46.27,1008.85
2871,258.30,28.13,27.84,46.31,1008.85
2872,258.39,28.13,27.85,46.32,1008.86
2873,258.48,28.13,27.85,46.32,1008.86
2874,258.57,28.13,27.84,46.34,1008.86
2875,258.66,28.12,27.83,46.34,1008.86
2876,258.75,28.11,27.84,46.32,1008.85
2877,258.84,28.11,27.84,46.33,1008.86
2878,258.93,28.12,27.84,46.30,1008.86
2879,259.02,28.12,27.84,46.29,1008.86
2880,259.11,28.13,27.85,46.26,1008.86
2881,259.20,28.14,27.84,46.27,1008.86
2882,259.29,28.15,27.85,46.30,1008.86
2883,259.38,28.14,27.85,46.31,1008.86
2884,259.47,28.14,27.85,46.30,1008.87
2885,259.56,28.14,27.86,46.29,1008.87
2886,259.65,28.13,27.86,46.29,1008.87
2887,259.74,28.14,27.86,46.28,1008.86
2888,259.83,28.13,27.86,46.32,1008.86
2889,259.92,28.12,27.85,46.30,1008.87
2890,260.01,28.12,27.84,46.29,1008.87
2891,260.10,28.12,27.84,46.26,1008.87
2892,260.19,28.12,27.85,46.25,1008.87
2893,260.28,28.12,27.85,46.25,1008.87
2894,260.37,28.11,27.84,46.27,1008.87
2895,260.46,28.11,27.83,46.28,1008.87
2896,260.55,28.10,27.83,46.28,1008.87
2897,260.64,28.10,27.83,46.32,1008.87
2898,260.73,28.11,27.84,46.30,1008.87
2899,260.82,28.12,27.83,46.30,1008.87
2900,260.91,28.12,27.82,46.32,1008.87
2901,261.00,28.11,27.82,46.34,1008.87
2902,261.09,28.11,27.82,46.32,1008.87
2903,261.18,28.10,27.83,46.29,1008.87
2904,261.27,28.10,27.84,46.29,1008.87
2905,261.36,28.09,27.85,46.26,1008.87
2906,261.45,28.10,27.84,46.25,1008.86
2907,261.54,28.10,27.85,46.26,1008.86
2908,261.63,28.08,27.84,46.28,1008.86
2909,261.72,28.08,27.84,46.26,1008.86
2910,261.81,28.08,27.84,46.29,1008.86
2911,261.90,28.09,27.83,46.32,1008.85
2912,261.99,28.08,27.82,46.31,1008.85
2913,262.08,28.08,27.83,46.31,1008.85
2914,262.17,28.07,27.85,46.31,1008.85
2915,262.26,28.06,27.84,46.26,1008.85
2916,262.35,28.06,27.83,46.25,1008.85
2917,262.44,28.05,27.82,46.26,1008.85
2918,262.53,28.05,27.83,46.23,1008.84
2919,262.62,28.05,27.82,46.25,1008.84
2920,262.71,28.05,27.82,46.29,1008.84
2921,262.80,28.05,27.82,46.28,1008.84
2922,262.89,28.05,27.82,46.29,1008.83
2923,262.98,28.05,27.82,46.31,1008.83
2924,263.07,28.05,27.81,46.28,1008.83
2925,263.16,28.06,27.81,46.30,1008.83
2926,263.25,28.05,27.81,46.30,1008.83
2927,263.34,28.05,27.81,46.28,1008.83
2928,263.43,28.05,27.80,46.26,1008.83
2929,263.52,28.04,27.81,46.27,1008.83
2930,263.61,28.04,27.82,46.27,1008.82
2931,263.70,28.04,27.80,46.28,1008.83
2932,263.79,28.04,27.79,46.30,1008.83
2933,263.88,28.04,27.78,46.29,1008.82
2934,263.97,28.05,27.78,46.25,1008.82
2935,264.06,28.04,27.78,46.25,1008.82
2936,264.15,28.04,27.79,46.26,1008.82
2937,264.24,28.04,27.79,46.28,1008.82
2938,264.33,28.03,27.79,46.28,1008.82
2939,264.42,28.04,27.80,46.31,1008.82
2940,264.51,28.04,27.79,46.31,1008.82
2941,264.60,28.03,27.78,46.34,1008.82
2942,264.69,28.02,27.79,46.36,1008.82
2943,264.78,28.03,27.79,46.35,1008.82
2944,264.87,28.03,27.80,46.36,1008.82
2945,264.96,28.03,27.80,46.34,1008.82
2946,265.05,28.03,27.80,46.35,1008.82
2947,265.14,28.03,27.81,46.32,1008.82
2948,265.23,28.03,27.82,46.34,1008.82
2949,265.32,28.02,27.82,46.33,1008.83
2950,265.41,28.02,27.81,46.34,1008.83
2951,265.50,28.02,27.81,46.35,1008.83
2952,265.59,28.01,27.81,46.38,1008.83
2953,265.68,28.01,27.81,46.39,1008.83
2954,265.77,27.99,27.81,46.41,1008.83
2955,265.86,28.00,27.80,46.41,1008.83
2956,265.95,27.99,27.79,46.39,1008.83
2957,266.04,27.99,27.79,46.39,1008.84
2958,266.13,28.00,27.80,46.40,1008.83
2959,266.22,28.00,27.80,46.36,1008.84
2960,266.31,28.00,27.80,46.39,1008.84
2961,266.40,28.01,27.79,46.38,1008.84
2962,266.49,28.02,27.80,46.34,1008.83
2963,266.58,28.02,27.80,46.32,1008.84
2964,266.67,28.03,27.80,46.34,1008.84
2965,266.76,28.03,27.80,46.36,1008.84
2966,266.85,28.03,27.81,46.34,1008.84
2967,266.94,28.04,27.81,46.34,1008.84
2968,267.03,28.02,27.80,46.31,1008.84
2969,267.12,28.02,27.79,46.30,1008.84
2970,267.21,28.02,27.79,46.30,1008.84
2971,267.30,28.03,27.78,46.27,1008.84
2972,267.39,28.02,27.77,46.26,1008.85
2973,267.48,28.04,27.78,46.22,1008.84
2974,267.57,28.03,27.78,46.24,1008.84
2975,267.66,28.03,27.78,46.21,1008.84
2976,267.75,28.03,27.78,46.20,1008.85
2977,267.84,28.03,27.77,46.19,1008.85
2978,267.93,28.03,27.77,46.19,1008.85
2979,268.02,28.03,27.77,46.21,1008.85
2980,268.11,28.02,27.78,46.23,1008.85
2981,268.20,28.03,27.78,46.23,1008.84
2982,268.29,28.03,27.77,46.21,1008.84
2983,268.38,28.02,27.77,46.22,1008.84
2984,268.47,28.03,27.76,46.17,1008.83
2985,268.56,28.02,27.76,46.16,1008.83
2986,268.65,28.02,27.77,46.14,1008.83
2987,268.74,28.03,27.77,46.16,1008.83
2988,268.83,28.03,27.76,46.18,1008.83
2989,268.92,28.02,27.77,46.20,1008.83
2990,269.01,28.01,27.77,46.20,1008.83
2991,269.10,28.00,27.77,46.23,1008.83
2992,269.19,28.00,27.78,46.27,1008.83
2993,269.28,27.99,27.77,46.27,1008.83
2994,269.37,27.99,27.76,46.24,1008.84
2995,269.46,28.00,27.75,46.26,1008.84
2996,269.55,28.00,27.75,46.22,1008.84
2997,269.64,28.00,27.74,46.23,1008.83
2998,269.73,28.01,27.74,46.23,1008.84
2999,269.82,28.00,27.74,46.23,1008.83
3000,269.91,28.00,27.73,46.24,1008.83
3001,270.00,27.99,27.73,46.22,1008.83
3002,270.09,27.99,27.73,46.18,1008.83
3003,270.18,27.99,27.73,46.18,1008.82
3004,270.27,27.99,27.73,46.15,1008.82
3005,270.36,27.99,27.74,46.16,1008.82
3006,270.45,27.99,27.74,46.15,1008.82
3007,270.54,27.99,27.73,46.14,1008.82
3008,270.63,27.99,27.74,46.14,1008.82
3009,270.72,27.98,27.73,46.14,1008.81
3010,270.81,27.99,27.73,46.12,1008.81
3011,270.90,27.99,27.73,46.13,1008.81
3012,270.99,27.98,27.72,46.16,1008.81
3013,271.08,27.98,27.73,46.17,1008.81
3014,271.17,27.97,27.72,46.17,1008.81
3015,271.26,27.97,27.72,46.18,1008.81
3016,271.35,27.97,27.72,46.16,1008.81
3017,271.44,27.97,27.71,46.14,1008.81
3018,271.53,27.98,27.73,46.14,1008.81
3019,271.62,27.99,27.73,46.12,1008.81
3020,271.71,27.99,27.72,46.14,1008.81
3021,271.80,27.98,27.73,46.16,1008.81
3022,271.89,27.98,27.73,46.18,1008.81
3023,271.98,27.99,27.72,46.16,1008.81
3024,272.07,27.99,27.72,46.15,1008.81
3025,272.16,27.99,27.72,46.14,1008.82
3026,272.25,27.98,27.72,46.15,1008.82
3027,272.34,27.99,27.73,46.18,1008.82
3028,272.43,27.98,27.72,46.19,1008.82
3029,272.52,27.98,27.71,46.18,1008.82
3030,272.61,27.98,27.71,46.19,1008.82
3031,272.70,27.97,27.70,46.18,1008.82
3032,272.79,27.97,27.71,46.15,1008.82
3033,272.88,27.96,27.71,46.15,1008.82
3034,272.97,27.96,27.71,46.17,1008.82
3035,273.06,27.95,27.69,46.17,1008.83
3036,273.15,27.96,27.71,46.16,1008.82
3037,273.24,27.96,27.70,46.16,1008.83
3038,273.33,27.97,27.70,46.20,1008.83
3039,273.42,27.96,27.70,46.20,1008.83
3040,273.51,27.96,27.69,46.20,1008.83
3041,273.60,27.96,27.69,46.21,1008.83
3042,273.69,27.96,27.69,46.21,1008.84
3043,273.78,27.96,27.69,46.23,1008.84
3044,273.87,27.96,27.69,46.22,1008.83
3045,273.96,27.97,27.69,46.21,1008.84
3046,274.05,27.97,27.69,46.22,1008.84
3047,274.14,27.97,27.71,46.26,1008.84
3048,274.23,27.96,27.70,46.26,1008.84
3049,274.32,27.96,27.71,46.23,1008.84
3050,274.41,27.95,27.73,46.22,1008.85
3051,274.50,27.95,27.74,46.21,1008.85
3052,274.59,27.95,27.73,46.20,1008.85
3053,274.68,27.94,27.73,46.20,1008.85
3054,274.77,27.94,27.72,46.21,1008.85
3055,274.86,27.93,27.72,46.17,1008.85
3056,274.95,27.94,27.73,46.19,1008.84
3057,275.04,27.94,27.72,46.23,1008.84
3058,275.13,27.95,27.73,46.22,1008.84
3059,275.22,27.96,27.73,46.23,1008.84
3060,275.31,27.97,27.72,46.24,1008.84
3061,275.40,27.97,27.71,46.22,1008.84
3062,275.49,27.96,27.70,46.26,1008.85
3063,275.58,27.95,27.71,46.28,1008.84
3064,275.67,27.94,27.70,46.27,1008.85
3065,275.76,27.94,27.70,46.30,1008.84
3066,275.85,27.94,27.71,46.29,1008.85
3067,275.94,27.95,27.71,46.27,1008.85
3068,276.03,27.95,27.73,46.25,1008.85
3069,276.12,27.95,27.72,46.22,1008.86
3070,276.21,27.94,27.72,46.23,1008.86
3071,276.30,27.95,27.71,46.24,1008.86
3072,276.39,27.95,27.69,46.24,1008.86
3073,276.48,27.94,27.69,46.28,1008.86
3074,276.57,27.95,27.69,46.30,1008.86
3075,276.66,27.94,27.70,46.30,1008.86
3076,276.75,27.93,27.71,46.29,1008.86
3077,276.84,27.93,27.71,46.32,1008.86
3078,276.93,27.92,27.72,46.34,1008.86
3079,277.02,27.91,27.72,46.34,1008.85
3080,277.11,27.92,27.74,46.33,1008.85
3081,277.20,27.93,27.74,46.29,1008.85
3082,277.29,27.93,27.73,46.30,1008.84
3083,277.38,27.92,27.74,46.30,1008.84
3084,277.47,27.93,27.73,46.30,1008.85
3085,277.56,27.93,27.73,46.28,1008.84
3086,277.65,27.92,27.73,46.27,1008.85
3087,277.74,27.93,27.73,46.28,1008.85
3088,277.83,27.94,27.74,46.28,1008.84
3089,277.92,27.93,27.73,46.30,1008.84
3090,278.01,27.91,27.72,46.32,1008.84
3091,278.10,27.92,27.72,46.33,1008.84
3092,278.19,27.92,27.72,46.33,1008.84
3093,278.28,27.92,27.72,46.32,1008.84
3094,278.37,27.93,27.71,46.33,1008.84
3095,278.46,27.93,27.71,46.34,1008.84
3096,278.55,27.92,27.70,46.33,1008.83
3097,278.64,27.91,27.69,46.37,1008.84
3098,278.73,27.91,27.70,46.39,1008.84
3099,278.82,27.91,27.70,46.38,1008.84
3100,278.91,27.92,27.68,46.38,1008.84
3101,279.00,27.92,27.69,46.34,1008.84
3102,279.09,27.92,27.69,46.33,1008.85
3103,279.18,27.92,27.69,46.38,1008.85
3104,279.27,27.92,27.68,46.36,1008.85
3105,279.36,27.92,27.69,46.38,1008.85
3106,279.45,27.92,27.69,46.38,1008.85
3107,279.54,27.92,27.68,46.39,1008.84
3108,279.63,27.92,27.68,46.41,1008.84
3109,279.72,27.92,27.67,46.40,1008.85
3110,279.81,27.92,27.67,46.40,1008.85
3111,279.90,27.92,27.66,46.38,1008.85
3112,279.99,27.92,27.66,46.40,1008.85
3113,280.08,27.92,27.66,46.40,1008.86
3114,280.17,27.92,27.65,46.45,1008.86
3115,280.26,27.91,27.66,46.44,1008.86
3116,280.35,27.91,27.67,46.42,1008.86
3117,280.44,27.90,27.66,46.41,1008.86
3118,280.53,27.90,27.66,46.42,1008.85
3119,280.62,27.90,27.67,46.38,1008.85
3120,280.71,27.91,27.66,46.37,1008.86
3121,280.80,27.91,27.66,46.33,1008.86
3122,280.89,27.91,27.65,46.35,1008.86
3123,280.98,27.91,27.66,46.33,1008.86
3124,281.07,27.91,27.67,46.31,1008.86
3125,281.16,27.91,27.67,46.32,1008.86
3126,281.25,27.91,27.68,46.29,1008.86
3127,281.34,27.91,27.68,46.29,1008.86
3128,281.43,27.91,27.67,46.28,1008.86
3129,281.52,27.91,27.67,46.27,1008.86
3130,281.61,27.92,27.67,46.26,1008.86
3131,281.70,27.91,27.67,46.26,1008.86
3132,281.79,27.91,27.67,46.26,1008.86
3133,281.88,27.91,27.67,46.24,1008.86
3134,281.97,27.90,27.68,46.22,1008.86
3135,282.06,27.90,27.68,46.23,1008.87
3136,282.15,27.89,27.67,46.25,1008.87
3137,282.24,27.88,27.67,46.25,1008.87
3138,282.33,27.89,27.67,46.19,1008.87
3139,282.42,27.88,27.67,46.19,1008.87
3140,282.51,27.88,27.67,46.19,1008.88
3141,282.60,27.88,27.68,46.22,1008.88
3142,282.69,27.88,27.67,46.24,1008.88
3143,282.78,27.88,27.67,46.26,1008.88
3144,282.87,27.88,27.68,46.25,1008.88
3145,282.96,27.88,27.69,46.22,1008.87
3146,283.05,27.87,27.69,46.23,1008.87
3147,283.14,27.88,27.69,46.28,1008.87
3148,283.23,27.88,27.69,46.25,1008.88
3149,283.32,27.89,27.69,46.27,1008.87
3150,283.41,27.88,27.69,46.27,1008.87
3151,283.50,27.88,27.70,46.29,1008.87
3152,283.59,27.88,27.71,46.31,1008.87
3153,283.68,27.88,27.70,46.31,1008.88
3154,283.77,27.89,27.70,46.30,1008.87
3155,283.86,27.88,27.71,46.31,1008.87
3156,283.95,27.88,27.70,46.28,1008.87
3157,284.04,27.88,27.69,46.25,1008.87
3158,284.13,27.89,27.69,46.26,1008.87
3159,284.22,27.89,27.69,46.27,1008.87
3160,284.31,27.89,27.69,46.26,1008.87
3161,284.40,27.89,27.69,46.24,1008.87
3162,284.49,27.90,27.69,46.23,1008.87
3163,284.58,27.90,27.69,46.26,1008.87
3164,284.67,27.90,27.69,46.22,1008.87
3165,284.76,27.89,27.69,46.18,1008.86
3166,284.85,27.89,27.69,46.23,1008.86
3167,284.94,27.89,27.69,46.24,1008.86
3168,285.03,27.90,27.68,46.26,1008.86
3169,285.12,27.90,27.67,46.27,1008.86
3170,285.21,27.89,27.67,46.25,1008.85
3171,285.30,27.90,27.67,46.24,1008.85
3172,285.39,27.90,27.67,46.24,1008.86
3173,285.48,27.89,27.66,46.24,1008.86
3174,285.57,27.89,27.67,46.25,1008.85
3175,285.66,27.89,27.66,46.25,1008.85
3176,285.75,27.89,27.66,46.25,1008.85
3177,285.84,27.89,27.65,46.26,1008.85
3178,285.93,27.89,27.65,46.26,1008.85
3179,286.02,27.88,27.64,46.27,1008.85
3180,286.11,27.87,27.65,46.25,1008.85
3181,286.20,27.87,27.64,46.26,1008.85
3182,286.29,27.87,27.65,46.26,1008.85
3183,286.38,27.87,27.66,46.22,1008.85
3184,286.47,27.88,27.65,46.23,1008.85
3185,286.56,27.88,27.66,46.21,1008.84
3186,286.65,27.88,27.64,46.23,1008.85
3187,286.74,27.86,27.64,46.23,1008.85
3188,286.83,27.87,27.65,46.22,1008.85
3189,286.92,27.86,27.65,46.21,1008.85
3190,287.01,27.86,27.64,46.25,1008.85
3191,287.10,27.85,27.64,46.25,1008.85
3192,287.19,27.85,27.65,46.25,1008.85
3193,287.28,27.85,27.65,46.21,1008.85
3194,287.37,27.85,27.65,46.17,1008.85
3195,287.46,27.84,27.64,46.16,1008.85
3196,287.55,27.84,27.63,46.18,1008.85
3197,287.64,27.85,27.62,46.18,1008.85
3198,287.73,27.84,27.63,46.19,1008.85
3199,287.82,27.84,27.64,46.16,1008.84
3200,287.91,27.84,27.65,46.19,1008.84
3201,288.00,27.84,27.64,46.18,1008.84
3202,288.09,27.83,27.63,46.19,1008.84
3203,288.18,27.83,27.61,46.17,1008.84
3204,288.27,27.82,27.60,46.18,1008.84
3205,288.36,27.82,27.61,46.17,1008.85
3206,288.45,27.82,27.60,46.16,1008.85
3207,288.54,27.83,27.61,46.13,1008.85
3208,288.63,27.84,27.61,46.12,1008.84
3209,288.72,27.83,27.61,46.13,1008.85
3210,288.81,27.83,27.61,46.14,1008.85
3211,288.90,27.83,27.61,46.14,1008.85
3212,288.99,27.81,27.62,46.09,1008.85
3213,289.08,27.81,27.62,46.11,1008.85
3214,289.17,27.81,27.62,46.11,1008.85
3215,289.26,27.81,27.62,46.11,1008.85
3216,289.35,27.81,27.62,46.12,1008.85
3217,289.44,27.82,27.61,46.13,1008.85
3218,289.53,27.82,27.60,46.13,1008.85
3219,289.62,27.82,27.61,46.14,1008.85
3220,289.71,27.82,27.62,46.12,1008.85
3221,289.80,27.83,27.62,46.14,1008.85
3222,289.89,27.84,27.62,46.12,1008.85
3223,289.98,27.84,27.62,46.12,1008.85
3224,290.07,27.82,27.62,46.13,1008.84
3225,290.16,27.83,27.62,46.17,1008.85
3226,290.25,27.83,27.63,46.19,1008.85
3227,290.34,27.83,27.62,46.20,1008.84
3228,290.43,27.83,27.62,46.23,1008.84
3229,290.52,27.83,27.62,46.21,1008.84
3230,290.61,27.84,27.62,46.20,1008.85
3231,290.70,27.84,27.61,46.19,1008.85
3232,290.79,27.84,27.60,46.22,1008.85
3233,290.88,27.84,27.60,46.21,1008.85
3234,290.97,27.83,27.60,46.23,1008.85
3235,291.06,27.84,27.60,46.20,1008.85
3236,291.15,27.83,27.60,46.23,1008.85
3237,291.24,27.83,27.61,46.22,1008.85
3238,291.33,27.83,27.61,46.22,1008.85
3239,291.42,27.84,27.61,46.24,1008.85
3240,291.51,27.83,27.60,46.20,1008.85
3241,291.60,27.83,27.60,46.19,1008.85
3242,291.69,27.84,27.61,46.18,1008.85
3243,291.78,27.84,27.61,46.17,1008.85
3244,291.87,27.85,27.62,46.16,1008.85
3245,291.96,27.86,27.62,46.21,1008.84
3246,292.05,27.87,27.62,46.19,1008.85
3247,292.14,27.87,27.63,46.19,1008.84
3248,292.23,27.87,27.64,46.17,1008.84
3249,292.32,27.87,27.63,46.17,1008.84
3250,292.41,27.87,27.62,46.13,1008.84
3251,292.50,27.85,27.63,46.12,1008.84
3252,292.59,27.85,27.62,46.13,1008.84
3253,292.68,27.84,27.63,46.14,1008.84
3254,292.77,27.84,27.62,46.11,1008.84
3255,292.86,27.83,27.61,46.10,1008.84
3256,292.95,27.84,27.61,46.08,1008.84
3257,293.04,27.84,27.60,46.06,1008.84
3258,293.13,27.84,27.61,46.06,1008.83
3259,293.22,27.84,27.62,46.05,1008.83
3260,293.31,27.83,27.62,46.06,1008.83
3261,293.40,27.84,27.61,46.06,1008.83
3262,293.49,27.83,27.61,46.10,1008.83
3263,293.58,27.82,27.62,46.09,1008.83
3264,293.67,27.82,27.61,46.09,1008.83
3265,293.76,27.82,27.61,46.10,1008.83
3266,293.85,27.83,27.61,46.08,1008.82
3267,293.94,27.82,27.60,46.10,1008.82
3268,294.03,27.81,27.60,46.11,1008.82
3269,294.12,27.81,27.59,46.10,1008.82
3270,294.21,27.81,27.60,46.09,1008.82
3271,294.30,27.81,27.62,46.10,1008.82
3272,294.39,27.82,27.61,46.09,1008.83
3273,294.48,27.82,27.60,46.07,1008.82
3274,294.57,27.82,27.59,46.11,1008.82
3275,294.66,27.82,27.59,46.14,1008.82
3276,294.75,27.82,27.60,46.18,1008.82
3277,294.84,27.82,27.60,46.18,1008.82
3278,294.93,27.83,27.58,46.17,1008.83
3279,295.02,27.82,27.57,46.17,1008.83
3280,295.11,27.82,27.57,46.13,1008.83
3281,295.20,27.82,27.56,46.11,1008.83
3282,295.29,27.82,27.55,46.12,1008.83
3283,295.38,27.82,27.55,46.10,1008.83
3284,295.47,27.82,27.53,46.09,1008.83
3285,295.56,27.81,27.53,46.10,1008.83
3286,295.65,27.80,27.53,46.09,1008.84
3287,295.74,27.80,27.53,46.06,1008.83
3288,295.83,27.80,27.52,46.05,1008.84
3289,295.92,27.80,27.52,46.04,1008.84
3290,296.01,27.80,27.52,46.03,1008.84
3291,296.10,27.79,27.52,46.01,1008.84
3292,296.19,27.80,27.51,46.04,1008.83
3293,296.28,27.81,27.51,46.02,1008.83
3294,296.37,27.81,27.50,46.03,1008.83
3295,296.46,27.81,27.51,46.01,1008.83
3296,296.55,27.80,27.50,46.01,1008.83
3297,296.64,27.81,27.50,46.00,1008.83
3298,296.73,27.81,27.50,45.98,1008.83
3299,296.82,27.81,27.50,45.97,1008.83
3300,296.91,27.81,27.48,45.97,1008.83
3301,297.00,27.82,27.49,45.95,1008.83
3302,297.09,27.81,27.49,45.94,1008.83
3303,297.18,27.80,27.49,45.94,1008.83
3304,297.27,27.80,27.49,45.96,1008.84
3305,297.36,27.78,27.52,45.96,1008.83
3306,297.45,27.80,27.52,46.01,1008.83
3307,297.54,27.79,27.51,46.02,1008.83
3308,297.63,27.78,27.50,46.00,1008.83
3309,297.72,27.78,27.51,46.01,1008.83
3310,297.81,27.78,27.51,46.04,1008.84
3311,297.90,27.78,27.52,46.08,1008.84
3312,297.99,27.77,27.51,46.08,1008.83
3313,298.08,27.78,27.52,46.09,1008.83
3314,298.17,27.78,27.53,46.09,1008.83
3315,298.26,27.78,27.53,46.08,1008.83
3316,298.35,27.78,27.54,46.07,1008.83
3317,298.44,27.78,27.54,46.06,1008.83
3318,298.53,27.78,27.54,46.07,1008.83
3319,298.62,27.78,27.56,46.07,1008.83
3320,298.71,27.78,27.55,46.05,1008.83
3321,298.80,27.78,27.56,46.03,1008.83
3322,298.89,27.78,27.57,46.09,1008.83
3323,298.98,27.78,27.58,46.11,1008.83
3324,299.07,27.76,27.59,46.11,1008.83
3325,299.16,27.76,27.59,46.07,1008.83
3326,299.25,27.76,27.61,46.05,1008.84
3327,299.34,27.76,27.61,46.08,1008.84
3328,299.43,27.76,27.59,46.08,1008.84
3329,299.52,27.77,27.59,46.13,1008.84
3330,299.61,27.76,27.59,46.12,1008.84
3331,299.70,27.75,27.60,46.12,1008.84
3332,299.79,27.76,27.60,46.11,1008.84
3333,299.88,27.75,27.60,46.13,1008.83
3334,299.97,27.76,27.60,46.16,1008.84
3335,300.06,27.76,27.60,46.17,1008.83
3336,300.15,27.75,27.60,46.17,1008.83
3337,300.24,27.75,27.59,46.14,1008.84
3338,300.33,27.75,27.58,46.14,1008.84
3339,300.42,27.75,27.59,46.14,1008.84
3340,300.51,27.75,27.59,46.15,1008.84
3341,300.60,27.75,27.59,46.14,1008.84
3342,300.69,27.75,27.58,46.14,1008.84
3343,300.78,27.75,27.58,46.09,1008.84
3344,300.87,27.74,27.59,46.11,1008.84
3345,300.96,27.73,27.59,46.15,1008.84
3346,301.05,27.73,27.58,46.14,1008.83
3347,301.14,27.73,27.58,46.14,1008.83
3348,301.23,27.73,27.57,46.14,1008.83
3349,301.32,27.74,27.58,46.18,1008.83
3350,301.41,27.73,27.59,46.21,1008.84
3351,301.50,27.73,27.59,46.21,1008.84
3352,301.59,27.72,27.58,46.21,1008.84
3353,301.68,27.73,27.57,46.18,1008.84
3354,301.77,27.74,27.56,46.16,1008.84
3355,301.86,27.74,27.56,46.12,1008.84
3356,301.95,27.74,27.56,46.14,1008.84
3357,302.04,27.74,27.56,46.12,1008.84
3358,302.13,27.74,27.56,46.12,1008.84
3359,302.22,27.74,27.56,46.13,1008.84
3360,302.31,27.74,27.56,46.12,1008.84
3361,302.40,27.74,27.55,46.09,1008.84
3362,302.49,27.74,27.55,46.10,1008.84
3363,302.58,27.74,27.56,46.13,1008.84
3364,302.67,27.74,27.55,46.09,1008.84
3365,302.76,27.74,27.54,46.09,1008.84
3366,302.85,27.74,27.52,46.10,1008.84
3367,302.94,27.75,27.51,46.10,1008.84
3368,303.03,27.74,27.51,46.09,1008.84
3369,303.12,27.75,27.51,46.08,1008.84
3370,303.21,27.74,27.51,46.05,1008.84
3371,303.30,27.74,27.50,46.03,1008.85
3372,303.39,27.74,27.51,46.02,1008.84
3373,303.48,27.73,27.52,46.02,1008.84
3374,303.57,27.73,27.52,46.02,1008.84
3375,303.66,27.72,27.50,46.03,1008.84
3376,303.75,27.72,27.50,46.01,1008.84
3377,303.84,27.72,27.49,46.02,1008.84
3378,303.93,27.72,27.49,46.03,1008.84
3379,304.02,27.71,27.49,46.07,1008.84
3380,304.11,27.70,27.49,46.06,1008.83
3381,304.20,27.71,27.48,46.11,1008.83
3382,304.29,27.71,27.49,46.08,1008.83
3383,304.38,27.72,27.49,46.09,1008.83
3384,304.47,27.71,27.49,46.08,1008.84
3385,304.56,27.72,27.51,46.09,1008.84
3386,304.65,27.73,27.49,46.12,1008.83
3387,304.74,27.73,27.50,46.12,1008.83
3388,304.83,27.73,27.51,46.12,1008.83
3389,304.92,27.74,27.49,46.06,1008.84
3390,305.01,27.73,27.50,46.03,1008.84
3391,305.10,27.72,27.51,46.02,1008.84
3392,305.19,27.72,27.50,45.98,1008.85
3393,305.28,27.72,27.51,45.98,1008.85
3394,305.37,27.73,27.50,45.99,1008.84
3395,305.46,27.73,27.51,45.98,1008.85
3396,305.55,27.74,27.52,45.96,1008.85
3397,305.64,27.75,27.52,45.95,1008.84
3398,305.73,27.75,27.52,45.92,1008.84
3399,305.82,27.74,27.52,45.89,1008.84
3400,305.91,27.75,27.52,45.90,1008.85
3401,306.00,27.75,27.52,45.89,1008.85
3402,306.09,27.76,27.52,45.88,1008.85
3403,306.18,27.75,27.51,45.86,1008.85
3404,306.27,27.75,27.51,45.86,1008.85
3405,306.36,27.75,27.52,45.83,1008.85
3406,306.45,27.74,27.52,45.80,1008.85
3407,306.54,27.74,27.52,45.78,1008.84
3408,306.63,27.74,27.52,45.76,1008.84
3409,306.72,27.74,27.52,45.75,1008.84
3410,306.81,27.75,27.52,45.76,1008.85
3411,306.90,27.75,27.51,45.76,1008.85
3412,306.99,27.76,27.51,45.79,1008.85
3413,307.08,27.75,27.51,45.80,1008.86
3414,307.17,27.74,27.50,45.78,1008.86
3415,307.26,27.75,27.52,45.78,1008.86
3416,307.35,27.75,27.52,45.78,1008.86
3417,307.44,27.75,27.52,45.80,1008.87
3418,307.53,27.75,27.52,45.79,1008.87
3419,307.62,27.73,27.52,45.78,1008.87
3420,307.71,27.73,27.52,45.82,1008.87
3421,307.80,27.74,27.53,45.79,1008.88
3422,307.89,27.73,27.53,45.81,1008.88
3423,307.98,27.75,27.51,45.78,1008.89
3424,308.07,27.75,27.51,45.74,1008.89
3425,308.16,27.75,27.52,45.78,1008.90
3426,308.25,27.75,27.52,45.79,1008.91
3427,308.34,27.76,27.53,45.82,1008.91
3428,308.43,27.76,27.52,45.81,1008.92
3429,308.52,27.76,27.53,45.82,1008.93
3430,308.61,27.76,27.53,45.81,1008.93
3431,308.70,27.77,27.52,45.83,1008.93
3432,308.79,27.76,27.51,45.82,1008.93
3433,308.88,27.75,27.50,45.81,1008.94
3434,308.97,27.75,27.50,45.78,1008.95
3435,309.06,27.75,27.51,45.75,1008.94
3436,309.15,27.76,27.50,45.73,1008.94
3437,309.24,27.76,27.49,45.74,1008.94
3438,309.33,27.76,27.49,45.77,1008.93
3439,309.42,27.76,27.49,45.81,1008.93
3440,309.51,27.75,27.50,45.80,1008.92
3441,309.60,27.75,27.50,45.75,1008.92
3442,309.69,27.75,27.51,45.78,1008.91
3443,309.78,27.74,27.50,45.77,1008.90
3444,309.87,27.74,27.50,45.77,1008.90
3445,309.96,27.74,27.50,45.79,1008.89
3446,310.05,27.74,27.51,45.77,1008.88
3447,310.14,27.74,27.50,45.76,1008.87
3448,310.23,27.74,27.51,45.76,1008.87
3449,310.32,27.74,27.51,45.78,1008.87
3450,310.41,27.75,27.51,45.77,1008.86
3451,310.50,27.74,27.51,45.75,1008.85
3452,310.59,27.74,27.51,45.75,1008.85
3453,310.68,27.75,27.51,45.75,1008.85
3454,310.77,27.74,27.49,45.73,1008.85
3455,310.86,27.75,27.49,45.74,1008.85
3456,310.95,27.76,27.47,45.75,1008.85
3457,311.04,27.76,27.48,45.73,1008.85
3458,311.13,27.75,27.48,45.72,1008.85
3459,311.22,27.74,27.48,45.72,1008.86
3460,311.31,27.75,27.48,45.72,1008.86
3461,311.40,27.74,27.48,45.70,1008.86
3462,311.49,27.74,27.47,45.69,1008.85
3463,311.58,27.74,27.47,45.70,1008.85
3464,311.67,27.74,27.46,45.73,1008.85
3465,311.76,27.74,27.46,45.73,1008.85
3466,311.85,27.73,27.46,45.73,1008.85
3467,311.94,27.73,27.46,45.71,1008.85
3468,312.03,27.72,27.46,45.74,1008.86
3469,312.12,27.72,27.45,45.74,1008.85
3470,312.21,27.72,27.44,45.72,1008.85
3471,312.30,27.71,27.45,45.74,1008.85
3472,312.39,27.71,27.47,45.74,1008.85
3473,312.48,27.69,27.46,45.75,1008.85
3474,312.57,27.70,27.46,45.79,1008.85
3475,312.66,27.70,27.46,45.81,1008.85
3476,312.75,27.70,27.46,45.82,1008.85
3477,312.84,27.70,27.45,45.81,1008.85
3478,312.93,27.70,27.44,45.80,1008.85
3479,313.02,27.70,27.45,45.80,1008.85
3480,313.11,27.71,27.46,45.81,1008.85
3481,313.20,27.70,27.47,45.78,1008.85
3482,313.29,27.71,27.48,45.80,1008.86
3483,313.38,27.71,27.47,45.78,1008.86
3484,313.47,27.70,27.46,45.80,1008.85
3485,313.56,27.71,27.48,45.81,1008.85
3486,313.65,27.71,27.47,45.82,1008.85
3487,313.74,27.72,27.47,45.79,1008.85
3488,313.83,27.71,27.46,45.79,1008.85
3489,313.92,27.71,27.46,45.79,1008.85
3490,314.01,27.71,27.47,45.78,1008.85
3491,314.10,27.72,27.48,45.81,1008.85
3492,314.19,27.71,27.47,45.79,1008.86
3493,314.28,27.72,27.47,45.78,1008.86
3494,314.37,27.72,27.47,45.77,1008.86
3495,314.46,27.72,27.47,45.78,1008.86
3496,314.55,27.71,27.46,45.76,1008.86
3497,314.64,27.70,27.47,45.76,1008.86
3498,314.73,27.70,27.47,45.77,1008.86
3499,314.82,27.70,27.47,45.75,1008.86
3500,314.91,27.69,27.48,45.75,1008.86
3501,315.00,27.69,27.48,45.74,1008.86
3502,315.09,27.69,27.47,45.72,1008.86
3503,315.18,27.70,27.48,45.68,1008.86
3504,315.27,27.70,27.49,45.66,1008.86
3505,315.36,27.70,27.50,45.64,1008.86
3506,315.45,27.70,27.51,45.62,1008.86
3507,315.54,27.70,27.50,45.63,1008.85
3508,315.63,27.69,27.50,45.62,1008.86
3509,315.72,27.69,27.51,45.63,1008.86
3510,315.81,27.70,27.51,45.65,1008.86
3511,315.90,27.70,27.52,45.62,1008.86
3512,315.99,27.70,27.51,45.59,1008.86
3513,316.08,27.70,27.51,45.60,1008.86
3514,316.17,27.70,27.50,45.59,1008.86
3515,316.26,27.69,27.51,45.58,1008.85
3516,316.35,27.70,27.50,45.55,1008.85
3517,316.44,27.69,27.50,45.58,1008.85
3518,316.53,27.70,27.50,45.62,1008.85
3519,316.62,27.69,27.49,45.65,1008.86
3520,316.71,27.68,27.50,45.60,1008.85
3521,316.80,27.68,27.50,45.57,1008.86
3522,316.89,27.68,27.49,45.54,1008.86
3523,316.98,27.70,27.50,45.57,1008.86
3524,317.07,27.69,27.49,45.57,1008.86
3525,317.16,27.70,27.50,45.56,1008.86
3526,317.25,27.70,27.49,45.60,1008.86
3527,317.34,27.69,27.50,45.60,1008.86
3528,317.43,27.69,27.49,45.63,1008.86
3529,317.52,27.70,27.48,45.61,1008.85
3530,317.61,27.69,27.48,45.59,1008.85
3531,317.70,27.69,27.48,45.59,1008.85
3532,317.79,27.69,27.47,45.61,1008.85
3533,317.88,27.69,27.46,45.59,1008.85
3534,317.97,27.69,27.46,45.59,1008.85
3535,318.06,27.69,27.46,45.59,1008.85
3536,318.15,27.69,27.45,45.59,1008.85
3537,318.24,27.69,27.45,45.62,1008.85
3538,318.33,27.69,27.45,45.65,1008.85
3539,318.42,27.71,27.45,45.64,1008.85
3540,318.51,27.71,27.46,45.66,1008.84
3541,318.60,27.70,27.45,45.65,1008.84
3542,318.69,27.69,27.45,45.62,1008.84
3543,318.78,27.68,27.45,45.58,1008.84
3544,318.87,27.68,27.45,45.55,1008.84
3545,318.96,27.68,27.45,45.54,1008.84
3546,319.05,27.67,27.45,45.54,1008.84
3547,319.14,27.66,27.45,45.55,1008.84
3548,319.23,27.65,27.45,45.56,1008.83
3549,319.32,27.63,27.46,45.57,1008.83
3550,319.41,27.62,27.47,45.56,1008.83
3551,319.50,27.61,27.48,45.56,1008.83
3552,319.59,27.61,27.47,45.55,1008.83
3553,319.68,27.60,27.46,45.56,1008.83
3554,319.77,27.60,27.45,45.54,1008.83
3555,319.86,27.62,27.44,45.51,1008.83
3556,319.95,27.63,27.44,45.53,1008.83
3557,320.04,27.64,27.44,45.57,1008.83
3558,320.13,27.65,27.44,45.60,1008.83
3559,320.22,27.67,27.46,45.58,1008.83
3560,320.31,27.67,27.47,45.58,1008.83
3561,320.40,27.68,27.47,45.58,1008.83
3562,320.49,27.67,27.45,45.57,1008.83
3563,320.58,27.68,27.46,45.56,1008.83
3564,320.67,27.68,27.46,45.58,1008.83
3565,320.76,27.68,27.47,45.56,1008.84
3566,320.85,27.68,27.46,45.56,1008.83
3567,320.94,27.68,27.45,45.53,1008.83
3568,321.03,27.68,27.45,45.54,1008.83
3569,321.12,27.67,27.45,45.51,1008.83
3570,321.21,27.68,27.45,45.54,1008.83
3571,321.30,27.67,27.45,45.53,1008.83
3572,321.39,27.67,27.46,45.48,1008.83
3573,321.48,27.68,27.46,45.48,1008.83
3574,321.57,27.69,27.46,45.51,1008.84
3575,321.66,27.69,27.45,45.51,1008.84
3576,321.75,27.69,27.46,45.53,1008.84
3577,321.84,27.68,27.46,45.47,1008.84
3578,321.93,27.68,27.47,45.45,1008.84
3579,322.02,27.66,27.48,45.45,1008.84
3580,322.11,27.66,27.47,45.47,1008.85
3581,322.20,27.67,27.47,45.50,1008.85
3582,322.29,27.67,27.47,45.51,1008.85
3583,322.38,27.68,27.47,45.54,1008.85
3584,322.47,27.68,27.47,45.55,1008.85
3585,322.56,27.69,27.47,45.57,1008.85
3586,322.65,27.69,27.47,45.58,1008.85
3587,322.74,27.68,27.48,45.57,1008.84
3588,322.83,27.68,27.48,45.52,1008.84
3589,322.92,27.67,27.47,45.54,1008.84
3590,323.01,27.67,27.48,45.53,1008.84
3591,323.10,27.67,27.49,45.53,1008.84
3592,323.19,27.67,27.49,45.51,1008.84
3593,323.28,27.68,27.49,45.53,1008.84
3594,323.37,27.67,27.49,45.51,1008.84
3595,323.46,27.67,27.48,45.49,1008.84
3596,323.55,27.68,27.48,45.47,1008.84
3597,323.64,27.67,27.49,45.47,1008.84
3598,323.73,27.67,27.48,45.49,1008.84
3599,323.82,27.67,27.49,45.53,1008.84
3600,323.91,27.66,27.49,45.53,1008.84
3601,324.00,27.66,27.50,45.55,1008.84
3602,324.09,27.65,27.50,45.56,1008.84
3603,324.18,27.64,27.49,45.53,1008.84
3604,324.27,27.65,27.49,45.52,1008.84
3605,324.36,27.65,27.49,45.50,1008.84
3606,324.45,27.66,27.49,45.51,1008.84
3607,324.54,27.65,27.48,45.51,1008.84
3608,324.63,27.65,27.47,45.53,1008.84
3609,324.72,27.66,27.46,45.50,1008.84
3610,324.81,27.66,27.47,45.50,1008.83
3611,324.90,27.66,27.48,45.49,1008.83
3612,324.99,27.66,27.47,45.50,1008.83
3613,325.08,27.66,27.47,45.53,1008.83
3614,325.17,27.66,27.45,45.54,1008.82
3615,325.26,27.65,27.46,45.55,1008.82
3616,325.35,27.66,27.45,45.53,1008.83
3617,325.44,27.65,27.46,45.55,1008.83
3618,325.53,27.65,27.46,45.51,1008.82
3619,325.62,27.65,27.46,45.49,1008.82
3620,325.71,27.66,27.47,45.47,1008.81
3621,325.80,27.65,27.46,45.46,1008.82
3622,325.89,27.66,27.45,45.46,1008.82
3623,325.98,27.65,27.46,45.44,1008.81
3624,326.07,27.64,27.45,45.41,1008.81
3625,326.16,27.64,27.44,45.38,1008.81
3626,326.25,27.65,27.45,45.39,1008.81
3627,326.34,27.64,27.44,45.38,1008.81
3628,326.43,27.64,27.44,45.39,1008.81
3629,326.52,27.65,27.45,45.42,1008.81
3630,326.61,27.65,27.45,45.39,1008.81
3631,326.70,27.64,27.45,45.43,1008.81
3632,326.79,27.65,27.45,45.46,1008.81
3633,326.88,27.66,27.45,45.46,1008.81
3634,326.97,27.65,27.46,45.48,1008.81
3635,327.06,27.65,27.45,45.46,1008.81
3636,327.15,27.65,27.44,45.46,1008.82
3637,327.24,27.63,27.43,45.45,1008.82
3638,327.33,27.63,27.43,45.46,1008.82
3639,327.42,27.63,27.42,45.44,1008.81
3640,327.51,27.63,27.43,45.44,1008.81
3641,327.60,27.63,27.42,45.46,1008.81
3642,327.69,27.64,27.41,45.43,1008.81
3643,327.78,27.64,27.42,45.45,1008.81
3644,327.87,27.65,27.43,45.44,1008.82
3645,327.96,27.64,27.43,45.44,1008.82
3646,328.05,27.64,27.41,45.44,1008.82
3647,328.14,27.66,27.41,45.43,1008.82
3648,328.23,27.65,27.41,45.43,1008.82
3649,328.32,27.65,27.40,45.43,1008.82
3650,328.41,27.65,27.41,45.42,1008.82
3651,328.50,27.65,27.42,45.37,1008.82
3652,328.59,27.65,27.42,45.39,1008.82
3653,328.68,27.65,27.43,45.38,1008.82
3654,328.77,27.66,27.42,45.40,1008.82
3655,328.86,27.66,27.42,45.39,1008.82
3656,328.95,27.67,27.42,45.41,1008.82
3657,329.04,27.67,27.41,45.40,1008.83
3658,329.13,27.67,27.42,45.40,1008.83
3659,329.22,27.67,27.42,45.42,1008.83
3660,329.31,27.68,27.41,45.42,1008.83
3661,329.40,27.68,27.43,45.37,1008.83
3662,329.49,27.68,27.44,45.38,1008.84
3663,329.58,27.68,27.43,45.38,1008.84
3664,329.67,27.67,27.44,45.37,1008.84
3665,329.76,27.67,27.43,45.36,1008.84
3666,329.85,27.66,27.42,45.39,1008.85
3667,329.94,27.66,27.43,45.38,1008.85
3668,330.03,27.67,27.43,45.42,1008.85
3669,330.12,27.68,27.43,45.42,1008.85
3670,330.21,27.68,27.42,45.42,1008.85
3671,330.30,27.68,27.42,45.42,1008.84
3672,330.39,27.68,27.42,45.42,1008.85
3673,330.48,27.68,27.42,45.38,1008.85
3674,330.57,27.69,27.42,45.38,1008.85
3675,330.66,27.68,27.43,45.39,1008.85
3676,330.75,27.67,27.43,45.40,1008.85
3677,330.84,27.68,27.44,45.38,1008.85
3678,330.93,27.68,27.44,45.39,1008.85
3679,331.02,27.68,27.44,45.41,1008.85
3680,331.11,27.66,27.44,45.43,1008.86
3681,331.20,27.66,27.44,45.45,1008.86
3682,331.29,27.66,27.43,45.43,1008.86
3683,331.38,27.65,27.44,45.40,1008.86
3684,331.47,27.64,27.44,45.44,1008.86
3685,331.56,27.63,27.44,45.42,1008.86
3686,331.65,27.63,27.43,45.43,1008.86
3687,331.74,27.63,27.44,45.43,1008.86
3688,331.83,27.63,27.44,45.42,1008.86
3689,331.92,27.63,27.45,45.42,1008.85
3690,332.01,27.63,27.44,45.41,1008.85
3691,332.10,27.62,27.45,45.38,1008.85
3692,332.19,27.62,27.45,45.39,1008.85
3693,332.28,27.63,27.44,45.35,1008.85
3694,332.37,27.62,27.43,45.32,1008.85
3695,332.46,27.62,27.43,45.31,1008.84
3696,332.55,27.62,27.43,45.33,1008.84
3697,332.64,27.62,27.44,45.33,1008.84
3698,332.73,27.61,27.44,45.31,1008.84
3699,332.82,27.62,27.43,45.32,1008.84
3700,332.91,27.62,27.43,45.30,1008.84
3701,333.00,27.62,27.43,45.31,1008.84
3702,333.09,27.61,27.43,45.30,1008.84
3703,333.18,27.62,27.43,45.32,1008.84
3704,333.27,27.63,27.42,45.36,1008.84
3705,333.36,27.63,27.42,45.35,1008.84
3706,333.45,27.62,27.41,45.36,1008.85
3707,333.54,27.62,27.41,45.36,1008.85
3708,333.63,27.63,27.39,45.37,1008.84
3709,333.72,27.60,27.39,45.36,1008.84
3710,333.81,27.60,27.39,45.33,1008.84
3711,333.90,27.60,27.39,45.32,1008.84
3712,333.99,27.64,27.40,45.30,1008.84
3713,334.08,27.62,27.39,45.31,1008.84
3714,334.17,27.63,27.39,45.32,1008.84
3715,334.26,27.64,27.38,45.31,1008.84
3716,334.35,27.63,27.38,45.35,1008.83
3717,334.44,27.63,27.38,45.37,1008.84
3718,334.53,27.63,27.38,45.36,1008.84
3719,334.62,27.64,27.38,45.37,1008.84
3720,334.71,27.63,27.38,45.35,1008.84
3721,334.80,27.62,27.38,45.35,1008.84
3722,334.89,27.62,27.38,45.35,1008.84
3723,334.98,27.62,27.39,45.38,1008.84
3724,335.07,27.62,27.39,45.34,1008.84
3725,335.16,27.61,27.40,45.29,1008.85
3726,335.25,27.62,27.40,45.32,1008.85
3727,335.34,27.62,27.39,45.31,1008.85
3728,335.43,27.61,27.38,45.30,1008.85
3729,335.52,27.61,27.39,45.28,1008.85
3730,335.61,27.61,27.39,45.24,1008.85
3731,335.70,27.61,27.40,45.23,1008.85
3732,335.79,27.61,27.39,45.25,1008.85
3733,335.88,27.61,27.39,45.23,1008.85
3734,335.97,27.61,27.39,45.22,1008.85
3735,336.06,27.61,27.40,45.21,1008.85
3736,336.15,27.62,27.39,45.23,1008.85
3737,336.24,27.60,27.40,45.23,1008.85
3738,336.33,27.60,27.40,45.24,1008.86
3739,336.42,27.60,27.39,45.21,1008.86
3740,336.51,27.61,27.39,45.19,1008.86
3741,336.60,27.60,27.39,45.21,1008.86
3742,336.69,27.61,27.40,45.23,1008.86
3743,336.78,27.61,27.39,45.20,1008.86
3744,336.87,27.60,27.39,45.21,1008.86
3745,336.96,27.61,27.39,45.17,1008.86
3746,337.05,27.61,27.39,45.19,1008.86
3747,337.14,27.61,27.40,45.19,1008.87
3748,337.23,27.61,27.40,45.23,1008.87
3749,337.32,27.60,27.41,45.22,1008.88
3750,337.41,27.60,27.42,45.23,1008.87
3751,337.50,27.60,27.42,45.24,1008.87
3752,337.59,27.60,27.41,45.25,1008.87
3753,337.68,27.60,27.41,45.28,1008.87
3754,337.77,27.60,27.40,45.28,1008.87
3755,337.86,27.60,27.41,45.30,1008.87
3756,337.95,27.60,27.40,45.30,1008.87
3757,338.04,27.60,27.40,45.33,1008.87
3758,338.13,27.60,27.39,45.34,1008.87
3759,338.22,27.60,27.39,45.29,1008.87
3760,338.31,27.60,27.38,45.28,1008.87
3761,338.40,27.60,27.38,45.31,1008.87
3762,338.49,27.60,27.38,45.31,1008.87
3763,338.58,27.60,27.39,45.35,1008.87
3764,338.67,27.60,27.39,45.35,1008.87
3765,338.76,27.60,27.39,45.36,1008.87
3766,338.85,27.60,27.39,45.31,1008.87
3767,338.94,27.60,27.41,45.32,1008.87
3768,339.03,27.60,27.40,45.31,1008.87
3769,339.12,27.60,27.40,45.31,1008.87
3770,339.21,27.60,27.41,45.29,1008.86
3771,339.30,27.60,27.41,45.29,1008.86
3772,339.39,27.60,27.40,45.26,1008.86
3773,339.48,27.60,27.39,45.23,1008.86
3774,339.57,27.60,27.40,45.24,1008.86
3775,339.66,27.60,27.40,45.23,1008.86
3776,339.75,27.60,27.40,45.22,1008.86
3777,339.84,27.60,27.39,45.21,1008.85
3778,339.93,27.60,27.39,45.20,1008.85
3779,340.02,27.60,27.40,45.20,1008.85
3780,340.11,27.60,27.40,45.19,1008.85
3781,340.20,27.60,27.40,45.21,1008.85
3782,340.29,27.60,27.41,45.25,1008.85
3783,340.38,27.60,27.41,45.22,1008.85
3784,340.47,27.60,27.40,45.20,1008.85
3785,340.56,27.60,27.40,45.21,1008.85
3786,340.65,27.60,27.40,45.23,1008.85
3787,340.74,27.60,27.40,45.25,1008.85
3788,340.83,27.60,27.39,45.25,1008.85
3789,340.92,27.60,27.39,45.24,1008.86
3790,341.01,27.60,27.38,45.22,1008.85
3791,341.10,27.60,27.38,45.21,1008.85
3792,341.19,27.60,27.38,45.20,1008.85
3793,341.28,27.60,27.37,45.22,1008.85
3794,341.37,27.60,27.37,45.19,1008.85
3795,341.46,27.60,27.38,45.21,1008.85
3796,341.55,27.60,27.38,45.21,1008.84
3797,341.64,27.60,27.38,45.20,1008.84
3798,341.73,27.60,27.39,45.22,1008.84
3799,341.82,27.60,27.40,45.23,1008.84
3800,341.91,27.60,27.40,45.23,1008.84
3801,342.00,27.60,27.39,45.24,1008.84
3802,342.09,27.60,27.39,45.20,1008.84
3803,342.18,27.60,27.38,45.20,1008.84
3804,342.27,27.60,27.38,45.21,1008.85
3805,342.36,27.60,27.37,45.18,1008.84
3806,342.45,27.60,27.37,45.20,1008.84
3807,342.54,27.60,27.37,45.20,1008.84
3808,342.63,27.60,27.37,45.21,1008.84
3809,342.72,27.60,27.36,45.21,1008.84
3810,342.81,27.60,27.35,45.22,1008.85
3811,342.90,27.60,27.36,45.23,1008.85
3812,342.99,27.60,27.36,45.22,1008.85
3813,343.08,27.60,27.34,45.22,1008.85
3814,343.17,27.60,27.35,45.23,1008.85
3815,343.26,27.60,27.35,45.24,1008.85
3816,343.35,27.61,27.35,45.26,1008.85
3817,343.44,27.61,27.36,45.26,1008.86
3818,343.53,27.62,27.37,45.27,1008.85
3819,343.62,27.63,27.37,45.26,1008.85
3820,343.71,27.63,27.37,45.28,1008.85
3821,343.80,27.64,27.36,45.25,1008.86
3822,343.89,27.64,27.36,45.23,1008.86
3823,343.98,27.63,27.37,45.26,1008.86
3824,344.07,27.63,27.37,45.23,1008.86
3825,344.16,27.62,27.36,45.24,1008.86
3826,344.25,27.63,27.36,45.23,1008.86
3827,344.34,27.62,27.35,45.24,1008.86
3828,344.43,27.62,27.35,45.24,1008.86
3829,344.52,27.62,27.35,45.25,1008.86
3830,344.61,27.62,27.35,45.25,1008.86
3831,344.70,27.63,27.35,45.22,1008.87
3832,344.79,27.62,27.34,45.22,1008.87
3833,344.88,27.62,27.35,45.23,1008.87
3834,344.97,27.62,27.36,45.26,1008.86
3835,345.06,27.62,27.35,45.21,1008.86
3836,345.15,27.62,27.35,45.18,1008.86
3837,345.24,27.61,27.34,45.18,1008.87
3838,345.33,27.61,27.35,45.18,1008.87
3839,345.42,27.61,27.34,45.22,1008.87
3840,345.51,27.60,27.34,45.17,1008.86
3841,345.60,27.61,27.34,45.14,1008.86
3842,345.69,27.60,27.35,45.09,1008.86
3843,345.78,27.61,27.35,45.10,1008.86
3844,345.87,27.61,27.35,45.08,1008.86
3845,345.96,27.60,27.36,45.12,1008.86
3846,346.05,27.60,27.37,45.08,1008.86
3847,346.14,27.60,27.36,45.08,1008.86
3848,346.23,27.60,27.37,45.10,1008.86
3849,346.32,27.60,27.37,45.13,1008.86
3850,346.41,27.60,27.38,45.13,1008.86
3851,346.50,27.60,27.38,45.14,1008.86
3852,346.59,27.60,27.38,45.17,1008.86
3853,346.68,27.60,27.38,45.16,1008.86
3854,346.77,27.60,27.38,45.14,1008.86
3855,346.86,27.60,27.38,45.15,1008.86
3856,346.95,27.60,27.38,45.12,1008.85
3857,347.04,27.60,27.37,45.13,1008.85
3858,347.13,27.60,27.36,45.14,1008.85
3859,347.22,27.60,27.36,45.13,1008.85
3860,347.31,27.60,27.36,45.16,1008.85
3861,347.40,27.60,27.36,45.18,1008.85
3862,347.49,27.60,27.36,45.18,1008.90
3863,347.58,27.60,27.37,45.19,1008.85
3864,347.67,27.60,27.37,45.19,1008.86
3865,347.76,27.60,27.38,45.21,1008.85
3866,347.85,27.60,27.39,45.22,1008.84
3867,347.94,27.60,27.39,45.20,1008.85
3868,348.03,27.60,27.39,45.16,1008.84
3869,348.12,27.60,27.39,45.15,1008.84
3870,348.21,27.60,27.38,45.14,1008.84
3871,348.30,27.60,27.39,45.17,1008.84
3872,348.39,27.60,27.39,45.18,1008.84
3873,348.48,27.60,27.39,45.14,1008.84
3874,348.57,27.60,27.38,45.18,1008.84
3875,348.66,27.60,27.38,45.14,1008.84
3876,348.75,27.60,27.37,45.17,1008.84
3877,348.84,27.60,27.37,45.15,1008.83
3878,348.93,27.60,27.35,45.12,1008.83
3879,349.02,27.60,27.34,45.10,1008.82
3880,349.11,27.60,27.35,45.09,1008.83
3881,349.20,27.60,27.35,45.12,1008.83
3882,349.29,27.60,27.36,45.14,1008.83
3883,349.38,27.60,27.36,45.14,1008.83
3884,349.47,27.60,27.36,45.15,1008.82
3885,349.56,27.60,27.35,45.14,1008.83
3886,349.65,27.60,27.34,45.14,1008.83
3887,349.74,27.60,27.34,45.14,1008.83
3888,349.83,27.60,27.35,45.18,1008.83
3889,349.92,27.60,27.35,45.21,1008.83
3890,350.01,27.60,27.34,45.21,1008.83
3891,350.10,27.60,27.34,45.22,1008.83
3892,350.19,27.60,27.34,45.22,1008.82
3893,350.28,27.60,27.33,45.22,1008.83
3894,350.37,27.60,27.33,45.26,1008.82
3895,350.46,27.60,27.34,45.24,1008.82
3896,350.55,27.60,27.35,45.27,1008.82
3897,350.64,27.60,27.34,45.28,1008.82
3898,350.73,27.60,27.33,45.27,1008.82
3899,350.82,27.60,27.34,45.30,1008.82
3900,350.91,27.60,27.34,45.27,1008.83
3901,351.00,27.60,27.33,45.31,1008.83
3902,351.09,27.60,27.32,45.29,1008.83
3903,351.18,27.60,27.32,45.30,1008.83
3904,351.27,27.60,27.33,45.32,1008.83
3905,351.36,27.60,27.32,45.31,1008.84
3906,351.45,27.60,27.31,45.29,1008.83
3907,351.54,27.60,27.31,45.26,1008.83
3908,351.63,27.60,27.31,45.25,1008.83
3909,351.72,27.60,27.32,45.22,1008.83
3910,351.81,27.60,27.33,45.19,1008.83
3911,351.90,27.60,27.34,45.21,1008.83
3912,351.99,27.60,27.34,45.19,1008.83
3913,352.08,27.60,27.33,45.21,1008.83
3914,352.17,27.60,27.32,45.24,1008.83
3915,352.26,27.60,27.34,45.26,1008.84
3916,352.35,27.60,27.34,45.24,1008.83
3917,352.44,27.60,27.34,45.19,1008.84
3918,352.53,27.60,27.34,45.19,1008.84
3919,352.62,27.60,27.36,45.17,1008.84
3920,352.71,27.60,27.34,45.15,1008.83
3921,352.80,27.60,27.34,45.16,1008.83
3922,352.89,27.60,27.34,45.17,1008.84
3923,352.98,27.60,27.34,45.17,1008.84
3924,353.07,27.60,27.34,45.19,1008.84
3925,353.16,27.60,27.35,45.19,1008.84
3926,353.25,27.60,27.36,45.20,1008.84
3927,353.34,27.60,27.36,45.21,1008.84
3928,353.43,27.60,27.35,45.20,1008.84
3929,353.52,27.60,27.35,45.21,1008.83
3930,353.61,27.60,27.36,45.18,1008.84
3931,353.70,27.60,27.36,45.20,1008.84
3932,353.79,27.60,27.36,45.20,1008.84
3933,353.88,27.60,27.35,45.20,1008.84
3934,353.97,27.60,27.36,45.19,1008.84
3935,354.06,27.60,27.36,45.21,1008.84
3936,354.15,27.60,27.36,45.21,1008.84
3937,354.24,27.60,27.36,45.24,1008.84
3938,354.33,27.60,27.36,45.24,1008.84
3939,354.42,27.60,27.36,45.18,1008.83
3940,354.51,27.60,27.38,45.15,1008.84
3941,354.60,27.60,27.38,45.17,1008.84
3942,354.69,27.60,27.36,45.17,1008.84
3943,354.78,27.60,27.36,45.15,1008.84
3944,354.87,27.60,27.35,45.17,1008.84
3945,354.96,27.60,27.36,45.16,1008.83
3946,355.05,27.60,27.37,45.17,1008.84
3947,355.14,27.60,27.37,45.16,1008.83
3948,355.23,27.60,27.37,45.18,1008.83
3949,355.32,27.60,27.38,45.15,1008.83
3950,355.41,27.60,27.38,45.12,1008.83
3951,355.50,27.60,27.37,45.11,1008.82
3952,355.59,27.60,27.38,45.10,1008.83
3953,355.68,27.60,27.37,45.10,1008.82
3954,355.77,27.60,27.37,45.12,1008.82
3955,355.86,27.60,27.37,45.11,1008.82
3956,355.95,27.60,27.38,45.10,1008.82
3957,356.04,27.60,27.39,45.09,1008.82
3958,356.13,27.60,27.37,45.05,1008.82
3959,356.22,27.60,27.36,45.06,1008.83
3960,356.31,27.60,27.38,45.08,1008.83
3961,356.40,27.60,27.38,45.08,1008.83
3962,356.49,27.60,27.39,45.11,1008.83
3963,356.58,27.60,27.38,45.13,1008.83
3964,356.67,27.60,27.38,45.10,1008.84
3965,356.76,27.60,27.38,45.07,1008.84
3966,356.85,27.60,27.37,45.09,1008.84
3967,356.94,27.60,27.36,45.05,1008.84
3968,357.03,27.60,27.35,45.09,1008.83
3969,357.12,27.60,27.35,45.09,1008.83
3970,357.21,27.60,27.34,45.09,1008.83
3971,357.30,27.60,27.34,45.08,1008.83
3972,357.39,27.60,27.35,45.08,1008.83
3973,357.48,27.60,27.35,45.09,1008.83
3974,357.57,27.60,27.34,45.10,1008.83
3975,357.66,27.60,27.34,45.09,1008.83
3976,357.75,27.60,27.33,45.09,1008.83
3977,357.84,27.60,27.35,45.09,1008.83
3978,357.93,27.60,27.36,45.06,1008.83
3979,358.02,27.60,27.36,45.05,1008.83
3980,358.11,27.60,27.36,45.07,1008.84
3981,358.20,27.60,27.37,45.07,1008.83
3982,358.29,27.60,27.36,45.07,1008.83
3983,358.38,27.60,27.36,45.08,1008.84
3984,358.47,27.60,27.36,45.05,1008.83
3985,358.56,27.60,27.36,45.05,1008.83
3986,358.65,27.60,27.34,45.06,1008.83
3987,358.74,27.60,27.34,45.08,1008.83
3988,358.83,27.60,27.34,45.08,1008.83
3989,358.92,27.60,27.34,45.08,1008.83
3990,359.01,27.60,27.34,45.09,1008.83
3991,359.10,27.60,27.35,45.07,1008.83
3992,359.19,27.60,27.33,45.06,1008.83
3993,359.28,27.60,27.33,45.05,1008.83
3994,359.37,27.60,27.33,45.05,1008.83
3995,359.46,27.60,27.34,45.06,1008.83
3996,359.55,27.60,27.33,45.05,1008.83
3997,359.64,27.60,27.32,45.05,1008.83
3998,359.73,27.60,27.33,45.06,1008.83
3999,359.82,27.60,27.33,45.10,1008.84
4000,359.91,27.60,27.33,45.09,1008.84
4001,360.00,27.60,27.32,45.08,1008.84
4002,360.09,27.60,27.32,45.07,1008.84
4003,360.18,27.60,27.31,45.10,1008.84
4004,360.27,27.60,27.33,45.11,1008.84
4005,360.36,27.60,27.33,45.08,1008.84
4006,360.45,27.60,27.34,45.04,1008.85
4007,360.54,27.60,27.35,45.06,1008.84
4008,360.63,27.60,27.34,45.06,1008.84
4009,360.72,27.60,27.33,45.04,1008.84
4010,360.81,27.60,27.33,45.02,1008.85
4011,360.90,27.60,27.33,45.03,1008.85
4012,360.99,27.60,27.32,45.06,1008.85
4013,361.08,27.60,27.33,45.04,1008.85
4014,361.17,27.60,27.32,45.02,1008.85
4015,361.26,27.60,27.31,45.05,1008.85
4016,361.35,27.60,27.32,45.07,1008.85
4017,361.44,27.60,27.33,45.07,1008.84
4018,361.53,27.60,27.32,45.07,1008.84
4019,361.62,27.60,27.32,45.05,1008.84
4020,361.71,27.60,27.32,45.04,1008.84
4021,361.80,27.60,27.32,45.06,1008.85
4022,361.89,27.60,27.33,45.05,1008.85
4023,361.98,27.60,27.36,45.04,1008.85
4024,362.07,27.60,27.36,45.06,1008.85
4025,362.16,27.60,27.36,45.05,1008.85
4026,362.25,27.60,27.36,45.01,1008.85
4027,362.34,27.60,27.35,45.01,1008.86
4028,362.43,27.60,27.35,45.00,1008.86
4029,362.52,27.60,27.35,45.03,1008.86
4030,362.61,27.60,27.35,45.03,1008.86
4031,362.70,27.60,27.35,45.01,1008.86
4032,362.79,27.60,27.34,45.00,1008.86
4033,362.88,27.60,27.33,44.99,1008.86
4034,362.97,27.60,27.35,44.95,1008.86
4035,363.06,27.60,27.35,44.96,1008.86
4036,363.15,27.60,27.35,44.94,1008.86
4037,363.24,27.60,27.36,44.97,1008.86
4038,363.33,27.60,27.36,44.97,1008.86
4039,363.42,27.60,27.37,44.98,1008.86
4040,363.51,27.60,27.36,44.97,1008.86
4041,363.60,27.60,27.36,44.99,1008.86
4042,363.69,27.60,27.36,45.01,1008.86
4043,363.78,27.60,27.36,45.00,1008.86
4044,363.87,27.60,27.37,44.97,1008.86
4045,363.96,27.60,27.36,45.00,1008.86
4046,364.05,27.60,27.36,45.00,1008.86
4047,364.14,27.60,27.35,45.00,1008.86
4048,364.23,27.60,27.35,45.03,1008.86
4049,364.32,27.60,27.35,45.05,1008.86
4050,364.41,27.60,27.35,45.06,1008.86
4051,364.50,27.60,27.35,45.08,1008.86
4052,364.59,27.60,27.34,45.06,1008.87
4053,364.68,27.60,27.35,45.02,1008.87
4054,364.77,27.60,27.34,45.02,1008.87
4055,364.86,27.60,27.34,44.98,1008.87
4056,364.95,27.60,27.34,44.97,1008.86
4057,365.04,27.60,27.33,45.01,1008.86
4058,365.13,27.60,27.33,44.99,1008.86
4059,365.22,27.60,27.33,45.02,1008.86
4060,365.31,27.60,27.32,45.04,1008.85
4061,365.40,27.60,27.32,45.04,1008.86
4062,365.49,27.60,27.31,45.02,1008.86
4063,365.58,27.60,27.30,45.02,1008.86
4064,365.67,27.60,27.31,44.99,1008.86
4065,365.76,27.60,27.30,44.98,1008.86
4066,365.85,27.60,27.30,44.98,1008.86
4067,365.94,27.60,27.30,44.99,1008.86
4068,366.03,27.60,27.31,45.00,1008.86
4069,366.12,27.60,27.30,45.05,1008.86
4070,366.21,27.60,27.30,45.08,1008.86
4071,366.30,27.60,27.30,45.11,1008.85
4072,366.39,27.60,27.31,45.11,1008.85
4073,366.48,27.60,27.30,45.12,1008.85
4074,366.57,27.60,27.31,45.13,1008.86
4075,366.66,27.60,27.31,45.14,1008.86
4076,366.75,27.60,27.31,45.14,1008.86
4077,366.84,27.60,27.32,45.11,1008.86
4078,366.93,27.60,27.31,45.09,1008.86
4079,367.02,27.60,27.30,45.13,1008.86
4080,367.11,27.60,27.30,45.14,1008.86
4081,367.20,27.60,27.30,45.15,1008.86
4082,367.29,27.60,27.31,45.13,1008.86
4083,367.38,27.60,27.32,45.12,1008.86
4084,367.47,27.60,27.32,45.12,1008.86
4085,367.56,27.60,27.32,45.09,1008.86
4086,367.65,27.60,27.31,45.11,1008.86
4087,367.74,27.60,27.31,45.13,1008.86
4088,367.83,27.60,27.31,45.09,1008.86
4089,367.92,27.60,27.31,45.10,1008.86
4090,368.01,27.60,27.32,45.08,1008.87
4091,368.10,27.60,27.32,45.08,1008.86
4092,368.19,27.60,27.32,45.12,1008.86
4093,368.28,27.60,27.32,45.09,1008.86
4094,368.37,27.60,27.32,45.10,1008.86
4095,368.46,27.60,27.32,45.11,1008.86
4096,368.55,27.60,27.31,45.11,1008.86
4097,368.64,27.60,27.32,45.09,1008.86
4098,368.73,27.60,27.32,45.08,1008.86
4099,368.82,27.60,27.33,45.09,1008.86
4100,368.91,27.60,27.35,45.09,1008.86
4101,369.00,27.60,27.35,45.10,1008.86
4102,369.09,27.60,27.35,45.09,1008.85
4103,369.18,27.60,27.36,45.06,1008.85
4104,369.27,27.60,27.36,45.04,1008.86
4105,369.36,27.60,27.35,45.05,1008.86
4106,369.45,27.60,27.35,45.04,1008.86
4107,369.54,27.60,27.34,45.03,1008.85
4108,369.63,27.60,27.33,45.02,1008.85
4109,369.72,27.60,27.33,45.05,1008.86
4110,369.81,27.60,27.33,45.05,1008.86
4111,369.90,27.60,27.33,45.10,1008.86
4112,369.99,27.60,27.33,45.09,1008.86
4113,370.08,27.60,27.33,45.08,1008.86
4114,370.17,27.60,27.34,45.06,1008.86
4115,370.26,27.60,27.33,45.05,1008.86
4116,370.35,27.60,27.32,45.03,1008.86
4117,370.44,27.60,27.33,45.03,1008.86
4118,370.53,27.60,27.32,45.06,1008.86
4119,370.62,27.60,27.32,45.08,1008.86
4120,370.71,27.60,27.32,45.09,1008.86
4121,370.80,27.60,27.32,45.13,1008.86
4122,370.89,27.60,27.31,45.15,1008.86
4123,370.98,27.60,27.31,45.17,1008.87
4124,371.07,27.60,27.31,45.15,1008.86
4125,371.16,27.60,27.31,45.16,1008.87
4126,371.25,27.60,27.31,45.11,1008.86
4127,371.34,27.60,27.31,45.09,1008.86
4128,371.43,27.60,27.32,45.07,1008.87
4129,371.52,27.60,27.33,45.05,1008.87
4130,371.61,27.60,27.32,45.02,1008.87
4131,371.70,27.60,27.33,44.97,1008.86
4132,371.79,27.60,27.31,44.97,1008.87
4133,371.88,27.60,27.32,44.91,1008.87
4134,371.97,27.60,27.33,44.93,1008.86
4135,372.06,27.60,27.34,44.96,1008.86
4136,372.15,27.60,27.33,44.95,1008.86
4137,372.24,27.60,27.34,44.97,1008.87
4138,372.33,27.60,27.33,44.96,1008.86
4139,372.42,27.60,27.34,44.98,1008.86
4140,372.51,27.60,27.34,44.99,1008.86
4141,372.60,27.60,27.33,44.99,1008.86
4142,372.69,27.60,27.33,44.99,1008.86
4143,372.78,27.60,27.34,44.99,1008.86
4144,372.87,27.60,27.33,44.98,1008.86
4145,372.96,27.60,27.34,45.04,1008.86
4146,373.05,27.60,27.34,45.02,1008.85
4147,373.14,27.60,27.34,45.02,1008.85
4148,373.23,27.60,27.34,45.04,1008.86
4149,373.32,27.60,27.34,45.06,1008.85
4150,373.41,27.60,27.33,45.06,1008.85
4151,373.50,27.60,27.33,45.06,1008.85
4152,373.59,27.60,27.32,45.07,1008.85
4153,373.68,27.60,27.30,45.07,1008.85
4154,373.77,27.60,27.30,45.07,1008.85
4155,373.86,27.60,27.29,45.07,1008.85
4156,373.95,27.60,27.31,45.06,1008.84
4157,374.04,27.60,27.31,45.08,1008.84
4158,374.13,27.60,27.31,45.06,1008.84
4159,374.22,27.60,27.32,45.05,1008.84
4160,374.31,27.60,27.31,45.07,1008.84
4161,374.40,27.60,27.31,45.05,1008.84
4162,374.49,27.60,27.30,45.06,1008.84
4163,374.58,27.60,27.31,45.04,1008.84
4164,374.67,27.60,27.32,45.02,1008.84
4165,374.76,27.60,27.31,44.98,1008.84
4166,374.85,27.60,27.31,44.98,1008.84
4167,374.94,27.60,27.31,44.98,1008.83
4168,375.03,27.60,27.30,44.99,1008.84
4169,375.12,27.60,27.31,44.99,1008.84
4170,375.21,27.60,27.31,45.04,1008.84
4171,375.30,27.60,27.30,45.03,1008.84
4172,375.39,27.60,27.30,45.06,1008.84
4173,375.48,27.60,27.30,45.05,1008.84
4174,375.57,27.60,27.30,45.05,1008.84
4175,375.66,27.60,27.30,45.02,1008.84
4176,375.75,27.60,27.30,45.02,1008.84
4177,375.84,27.60,27.30,45.05,1008.83
4178,375.93,27.60,27.31,45.06,1008.83
4179,376.02,27.60,27.32,45.08,1008.84
4180,376.11,27.60,27.30,45.09,1008.84
4181,376.20,27.60,27.30,45.04,1008.84
4182,376.29,27.60,27.30,45.06,1008.84
4183,376.38,27.60,27.30,45.06,1008.84
4184,376.47,27.60,27.31,45.07,1008.84
4185,376.56,27.60,27.31,45.08,1008.84
4186,376.65,27.60,27.31,45.10,1008.84
4187,376.74,27.60,27.31,45.11,1008.84
4188,376.83,27.60,27.31,45.14,1008.85
4189,376.92,27.60,27.30,45.08,1008.85
4190,377.01,27.60,27.32,45.09,1008.85
4191,377.10,27.60,27.33,45.10,1008.85
4192,377.19,27.60,27.32,45.13,1008.85
4193,377.28,27.60,27.34,45.15,1008.85
4194,377.37,27.60,27.34,45.16,1008.85
4195,377.46,27.60,27.33,45.14,1008.85
4196,377.55,27.60,27.33,45.11,1008.85
4197,377.64,27.60,27.34,45.10,1008.85
4198,377.73,27.60,27.36,45.08,1008.85
4199,377.82,27.60,27.35,45.09,1008.85
4200,377.91,27.60,27.37,45.11,1008.85
4201,378.00,27.60,27.35,45.13,1008.85
4202,378.09,27.60,27.35,45.16,1008.84
4203,378.18,27.60,27.35,45.17,1008.84
4204,378.27,27.60,27.34,45.18,1008.84
4205,378.36,27.60,27.33,45.21,1008.85
4206,378.45,27.60,27.34,45.19,1008.85
4207,378.54,27.60,27.33,45.19,1008.84
4208,378.63,27.60,27.31,45.19,1008.85
4209,378.72,27.60,27.32,45.20,1008.84
4210,378.81,27.60,27.32,45.17,1008.84
4211,378.90,27.60,27.33,45.15,1008.84
4212,378.99,27.60,27.32,45.15,1008.84
4213,379.08,27.60,27.33,45.11,1008.84
4214,379.17,27.60,27.33,45.12,1008.85
4215,379.26,27.60,27.33,45.13,1008.85
4216,379.35,27.60,27.35,45.15,1008.85
4217,379.44,27.60,27.34,45.17,1008.85
4218,379.53,27.60,27.34,45.17,1008.84
4219,379.62,27.60,27.33,45.15,1008.85
4220,379.71,27.60,27.33,45.14,1008.85
4221,379.80,27.60,27.33,45.14,1008.85
4222,379.89,27.60,27.33,45.14,1008.85
4223,379.98,27.60,27.33,45.15,1008.85
4224,380.07,27.60,27.33,45.17,1008.85
4225,380.16,27.60,27.33,45.18,1008.84
4226,380.25,27.60,27.34,45.18,1008.84
4227,380.34,27.60,27.34,45.16,1008.84
4228,380.43,27.60,27.34,45.14,1008.84
4229,380.52,27.60,27.34,45.13,1008.84
4230,380.61,27.60,27.33,45.11,1008.83
4231,380.70,27.60,27.33,45.11,1008.83
4232,380.79,27.60,27.33,45.11,1008.83
4233,380.88,27.60,27.32,45.10,1008.83
4234,380.97,27.60,27.31,45.12,1008.83
4235,381.06,27.60,27.30,45.11,1008.82
4236,381.15,27.60,27.30,45.11,1008.83
4237,381.24,27.60,27.29,45.12,1008.83
4238,381.33,27.60,27.29,45.12,1008.83
4239,381.42,27.60,27.32,45.15,1008.83
4240,381.51,27.60,27.31,45.13,1008.82
4241,381.60,27.60,27.31,45.12,1008.82
4242,381.69,27.60,27.31,45.13,1008.82
4243,381.78,27.60,27.30,45.09,1008.81
4244,381.87,27.61,27.31,45.07,1008.81
4245,381.96,27.62,27.32,45.01,1008.81
4246,382.05,27.62,27.31,45.00,1008.82
4247,382.14,27.63,27.30,45.02,1008.82
4248,382.23,27.63,27.30,45.02,1008.82
4249,382.32,27.63,27.31,45.04,1008.82
4250,382.41,27.62,27.30,45.04,1008.82
4251,382.50,27.61,27.30,45.04,1008.82
4252,382.59,27.61,27.30,45.05,1008.82
4253,382.68,27.60,27.30,45.05,1008.82
4254,382.77,27.60,27.30,45.04,1008.82
4255,382.86,27.60,27.30,45.03,1008.82
4256,382.95,27.60,27.31,45.05,1008.82
4257,383.04,27.60,27.31,45.07,1008.82
4258,383.13,27.60,27.30,45.05,1008.82
4259,383.22,27.60,27.30,45.06,1008.82
4260,383.31,27.60,27.30,45.01,1008.82
4261,383.40,27.60,27.28,45.03,1008.82
4262,383.49,27.60,27.28,45.01,1008.82
4263,383.58,27.60,27.27,45.00,1008.82
4264,383.67,27.60,27.27,45.04,1008.82
4265,383.76,27.60,27.26,45.03,1008.82
4266,383.85,27.60,27.27,45.03,1008.82
4267,383.94,27.60,27.28,45.03,1008.82
4268,384.03,27.60,27.28,44.99,1008.83
4269,384.12,27.60,27.28,44.98,1008.82
4270,384.21,27.60,27.28,44.99,1008.82
4271,384.30,27.60,27.27,45.00,1008.83
4272,384.39,27.60,27.27,44.99,1008.83
4273,384.48,27.60,27.28,45.00,1008.83
4274,384.57,27.60,27.28,45.01,1008.84
4275,384.66,27.60,27.29,45.02,1008.84
4276,384.75,27.60,27.29,45.04,1008.84
4277,384.84,27.60,27.28,45.06,1008.84
4278,384.93,27.60,27.27,45.08,1008.84
4279,385.02,27.60,27.27,45.08,1008.84
4280,385.11,27.60,27.28,45.08,1008.84
4281,385.20,27.60,27.28,45.13,1008.84
4282,385.29,27.60,27.27,45.10,1008.85
4283,385.38,27.60,27.28,45.10,1008.84
4284,385.47,27.61,27.29,45.10,1008.84
4285,385.56,27.61,27.27,45.10,1008.85
4286,385.65,27.61,27.27,45.06,1008.85
4287,385.74,27.61,27.27,45.05,1008.85
4288,385.83,27.61,27.28,45.03,1008.85
4289,385.92,27.61,27.27,45.05,1008.85
4290,386.01,27.61,27.28,45.06,1008.85
4291,386.10,27.61,27.29,45.06,1008.85
4292,386.19,27.61,27.29,45.03,1008.86
4293,386.28,27.61,27.29,45.03,1008.85
4294,386.37,27.61,27.29,45.03,1008.85
4295,386.46,27.61,27.29,45.07,1008.85
4296,386.55,27.61,27.28,45.09,1008.85
4297,386.64,27.61,27.28,45.11,1008.85
4298,386.73,27.61,27.29,45.15,1008.85
4299,386.82,27.61,27.30,45.15,1008.86
4300,386.91,27.61,27.30,45.15,1008.86
4301,387.00,27.61,27.31,45.13,1008.86
4302,387.09,27.61,27.30,45.14,1008.86
4303,387.18,27.61,27.29,45.11,1008.86
4304,387.27,27.61,27.30,45.11,1008.85
4305,387.36,27.61,27.29,45.07,1008.85
4306,387.45,27.61,27.29,45.07,1008.85
4307,387.54,27.61,27.28,45.05,1008.85
4308,387.63,27.61,27.30,45.04,1008.85
4309,387.72,27.61,27.29,45.05,1008.84
4310,387.81,27.61,27.31,45.04,1008.84
4311,387.90,27.61,27.30,45.05,1008.84
4312,387.99,27.61,27.30,45.04,1008.84
4313,388.08,27.61,27.31,45.03,1008.84
4314,388.17,27.61,27.31,44.97,1008.84
4315,388.26,27.61,27.30,44.95,1008.84
4316,388.35,27.61,27.30,44.99,1008.84
4317,388.44,27.61,27.30,45.01,1008.84
4318,388.53,27.61,27.31,45.00,1008.83
4319,388.62,27.61,27.31,45.02,1008.83
4320,388.71,27.61,27.31,45.01,1008.83
4321,388.80,27.61,27.29,44.99,1008.83
4322,388.89,27.61,27.30,44.99,1008.83
4323,388.98,27.61,27.30,45.01,1008.84
4324,389.07,27.61,27.31,44.98,1008.84
4325,389.16,27.61,27.31,44.99,1008.83
4326,389.25,27.61,27.31,45.00,1008.83
4327,389.34,27.61,27.30,45.01,1008.83
4328,389.43,27.61,27.30,45.03,1008.83
4329,389.52,27.61,27.29,45.02,1008.83
4330,389.61,27.61,27.30,45.01,1008.83
4331,389.70,27.61,27.30,45.04,1008.82
4332,389.79,27.61,27.30,45.04,1008.82
4333,389.88,27.61,27.30,45.04,1008.82
4334,389.97,27.61,27.29,45.05,1008.82
4335,390.06,27.61,27.30,45.06,1008.83
4336,390.15,27.61,27.30,45.05,1008.82
4337,390.24,27.61,27.29,45.08,1008.82
4338,390.33,27.61,27.28,45.07,1008.83
4339,390.42,27.61,27.29,45.09,1008.82
4340,390.51,27.61,27.28,45.12,1008.82
4341,390.60,27.61,27.27,45.13,1008.83
4342,390.69,27.61,27.28,45.16,1008.84
4343,390.78,27.61,27.27,45.19,1008.84
4344,390.87,27.61,27.27,45.18,1008.84
4345,390.96,27.61,27.29,45.16,1008.84
4346,391.05,27.61,27.28,45.16,1008.84
4347,391.14,27.61,27.28,45.15,1008.83
4348,391.23,27.61,27.29,45.15,1008.84
4349,391.32,27.61,27.29,45.15,1008.84
4350,391.41,27.61,27.29,45.14,1008.84
4351,391.50,27.61,27.29,45.10,1008.85
4352,391.59,27.61,27.30,45.10,1008.85
4353,391.68,27.61,27.30,45.07,1008.85
4354,391.77,27.61,27.30,45.06,1008.86
4355,391.86,27.61,27.30,45.05,1008.85
4356,391.95,27.61,27.32,45.06,1008.85
4357,392.04,27.61,27.32,45.02,1008.85
4358,392.13,27.61,27.31,45.02,1008.85
4359,392.22,27.61,27.32,45.04,1008.86
4360,392.31,27.61,27.31,45.03,1008.86
4361,392.40,27.61,27.31,45.03,1008.86
4362,392.49,27.61,27.32,44.98,1008.86
4363,392.58,27.61,27.32,44.96,1008.86
4364,392.67,27.61,27.33,44.95,1008.87
4365,392.76,27.61,27.33,44.99,1008.87
4366,392.85,27.61,27.33,44.99,1008.87
4367,392.94,27.61,27.35,45.00,1008.87
4368,393.03,27.61,27.35,44.98,1008.87
4369,393.12,27.61,27.35,44.95,1008.88
4370,393.21,27.61,27.36,44.98,1008.88
4371,393.30,27.61,27.36,44.98,1008.87
4372,393.39,27.61,27.35,44.97,1008.87
4373,393.48,27.61,27.36,44.99,1008.87
4374,393.57,27.61,27.36,45.01,1008.87
4375,393.66,27.61,27.37,45.03,1008.87
4376,393.75,27.61,27.37,45.03,1008.87
4377,393.84,27.61,27.36,45.00,1008.87
4378,393.93,27.61,27.36,44.99,1008.88
4379,394.02,27.61,27.35,44.96,1008.88
4380,394.11,27.61,27.36,44.90,1008.88
4381,394.20,27.61,27.36,44.95,1008.88
4382,394.29,27.61,27.36,44.93,1008.88
4383,394.38,27.61,27.37,44.93,1008.88
4384,394.47,27.61,27.36,44.93,1008.88
4385,394.56,27.61,27.37,44.96,1008.88
4386,394.65,27.61,27.37,44.94,1008.88
4387,394.74,27.61,27.36,44.94,1008.87
4388,394.83,27.61,27.11,44.95,1008.87
4389,394.92,27.61,27.34,44.95,1008.88
4390,395.01,27.61,27.34,44.95,1008.88
4391,395.10,27.61,27.33,44.99,1008.88
4392,395.19,27.61,27.34,44.99,1008.87
4393,395.28,27.61,27.34,45.04,1008.86
4394,395.37,27.61,27.34,45.06,1008.86
4395,395.46,27.61,27.33,45.06,1008.86
4396,395.55,27.61,27.33,45.03,1008.86
4397,395.64,27.61,27.32,45.03,1008.86
4398,395.73,27.61,27.32,45.00,1008.86
4399,395.82,27.61,27.30,45.00,1008.86
4400,395.91,27.61,27.31,44.99,1008.86
4401,396.00,27.61,27.31,45.01,1008.86
4402,396.09,27.61,27.31,45.00,1008.86
4403,396.18,27.61,27.32,44.99,1008.86
4404,396.27,27.61,27.32,44.97,1008.86
4405,396.36,27.61,27.31,44.96,1008.85
4406,396.45,27.61,27.32,44.96,1008.85
4407,396.54,27.61,27.31,44.94,1008.85
4408,396.63,27.61,27.31,44.92,1008.85
4409,396.72,27.61,27.29,44.88,1008.84
4410,396.81,27.61,27.29,44.89,1008.84
4411,396.90,27.61,27.30,44.90,1008.84
4412,396.99,27.61,27.30,44.91,1008.84
4413,397.08,27.61,27.30,44.92,1008.85
4414,397.17,27.61,27.29,44.90,1008.84
4415,397.26,27.61,27.29,44.90,1008.84
4416,397.35,27.61,27.29,44.92,1008.84
4417,397.44,27.61,27.30,44.93,1008.84
4418,397.53,27.61,27.31,44.92,1008.84
4419,397.62,27.61,27.30,44.93,1008.84
4420,397.71,27.61,27.30,44.92,1008.84
4421,397.80,27.61,27.29,44.93,1008.84
4422,397.89,27.61,27.28,44.95,1008.84
4423,397.98,27.61,27.28,44.97,1008.84
4424,398.07,27.61,27.28,44.98,1008.84
4425,398.16,27.61,27.28,44.99,1008.84
4426,398.25,27.61,27.29,44.99,1008.84
4427,398.34,27.61,27.30,45.02,1008.85
4428,398.43,27.61,27.29,45.03,1008.85
4429,398.52,27.61,27.29,45.00,1008.85
4430,398.61,27.61,27.30,45.00,1008.85
4431,398.70,27.61,27.31,45.02,1008.85
4432,398.79,27.61,27.32,45.02,1008.85
4433,398.88,27.61,27.32,44.98,1008.85
4434,398.97,27.61,27.32,44.99,1008.86
4435,399.06,27.61,27.32,45.01,1008.86
4436,399.15,27.61,27.32,45.00,1008.86
4437,399.24,27.61,27.32,45.01,1008.86
4438,399.33,27.61,27.32,45.01,1008.86
4439,399.42,27.61,27.32,45.03,1008.87
4440,399.51,27.61,27.33,45.07,1008.87
4441,399.60,27.61,27.33,45.09,1008.87
4442,399.69,27.61,27.33,45.08,1008.87
4443,399.78,27.61,27.32,45.07,1008.87
4444,399.87,27.61,27.33,45.05,1008.87
4445,399.96,27.61,27.32,45.08,1008.87
4446,400.05,27.61,27.32,45.11,1008.88
4447,400.14,27.61,27.33,45.09,1008.88
4448,400.23,27.61,27.31,45.10,1008.88
4449,400.32,27.61,27.30,45.09,1008.87
4450,400.41,27.61,27.30,45.07,1008.87
4451,400.50,27.61,27.32,45.09,1008.87
4452,400.59,27.61,27.30,45.07,1008.87
4453,400.68,27.61,27.30,45.10,1008.87
4454,400.77,27.61,27.30,45.10,1008.87
4455,400.86,27.61,27.28,45.11,1008.87
4456,400.95,27.61,27.30,45.12,1008.87
4457,401.04,27.61,27.31,45.11,1008.87
4458,401.13,27.61,27.30,45.13,1008.87
4459,401.22,27.61,27.29,45.12,1008.87
4460,401.31,27.61,27.30,45.13,1008.87
4461,401.40,27.61,27.31,45.10,1008.87
4462,401.49,27.61,27.30,45.12,1008.87
4463,401.58,27.61,27.30,45.11,1008.87
4464,401.67,27.61,27.30,45.12,1008.86
4465,401.76,27.61,27.29,45.13,1008.86
4466,401.85,27.61,27.29,45.14,1008.86
4467,401.94,27.61,27.28,45.13,1008.86
4468,402.03,27.61,27.28,45.13,1008.86
4469,402.12,27.61,27.29,45.09,1008.86
4470,402.21,27.61,27.28,45.13,1008.86
4471,402.30,27.61,27.29,45.10,1008.86
4472,402.39,27.61,27.28,45.11,1008.86
4473,402.48,27.61,27.29,45.11,1008.85
4474,402.57,27.61,27.29,45.14,1008.85
4475,402.66,27.61,27.30,45.15,1008.85
4476,402.75,27.61,27.29,45.11,1008.85
4477,402.84,27.61,27.29,45.10,1008.85
4478,402.93,27.61,27.29,45.06,1008.84
4479,403.02,27.61,27.28,45.03,1008.84
4480,403.11,27.61,27.28,44.98,1008.84
4481,403.20,27.61,27.27,45.02,1008.83
4482,403.29,27.61,27.27,45.03,1008.83
4483,403.38,27.61,27.29,45.07,1008.83
4484,403.47,27.61,27.29,45.09,1008.83
4485,403.56,27.61,27.29,45.10,1008.83
4486,403.65,27.61,27.28,45.13,1008.83
4487,403.74,27.61,27.28,45.16,1008.83
4488,403.83,27.61,27.27,45.21,1008.83
4489,403.92,27.61,27.27,45.21,1008.83
4490,404.01,27.61,27.27,45.18,1008.83
4491,404.10,27.61,27.27,45.14,1008.83
4492,404.19,27.61,27.28,45.17,1008.83
4493,404.28,27.61,27.28,45.20,1008.83
4494,404.37,27.61,27.29,45.19,1008.82
4495,404.46,27.61,27.30,45.19,1008.82
4496,404.55,27.61,27.30,45.18,1008.82
4497,404.64,27.61,27.29,45.20,1008.82
4498,404.73,27.61,27.29,45.22,1008.82
4499,404.82,27.61,27.28,45.20,1008.82
4500,404.91,27.61,27.28,45.17,1008.82
4501,405.00,27.61,27.28,45.22,1008.82
4502,405.09,27.61,27.28,45.20,1008.82
4503,405.18,27.61,27.29,45.21,1008.82
4504,405.27,27.61,27.29,45.23,1008.82
4505,405.36,27.61,27.29,45.21,1008.82
4506,405.45,27.61,27.29,45.19,1008.82
4507,405.54,27.61,27.30,45.20,1008.82
4508,405.63,27.61,27.31,45.16,1008.83
4509,405.72,27.61,27.29,45.15,1008.83
4510,405.81,27.61,27.29,45.14,1008.83
4511,405.90,27.61,27.29,45.16,1008.83
4512,405.99,27.61,27.28,45.16,1008.83
4513,406.08,27.61,27.28,45.15,1008.83
4514,406.17,27.61,27.28,45.16,1008.83
4515,406.26,27.61,27.27,45.15,1008.83
4516,406.35,27.61,27.28,45.15,1008.83
4517,406.44,27.61,27.28,45.18,1008.83
4518,406.53,27.61,27.27,45.16,1008.83
4519,406.62,27.61,27.28,45.11,1008.83
4520,406.71,27.61,27.26,45.05,1008.83
4521,406.80,27.61,27.27,45.08,1008.83
4522,406.89,27.61,27.28,45.06,1008.83
4523,406.98,27.61,27.28,45.07,1008.83
4524,407.07,27.61,27.28,45.07,1008.83
4525,407.16,27.61,27.28,45.06,1008.83
4526,407.25,27.61,27.28,45.06,1008.83
4527,407.34,27.61,27.28,45.06,1008.83
4528,407.43,27.61,27.28,45.04,1008.83
4529,407.52,27.61,27.27,45.05,1008.83
4530,407.61,27.61,27.27,45.08,1008.83
4531,407.70,27.61,27.28,45.06,1008.84
4532,407.79,27.61,27.27,45.05,1008.84
4533,407.88,27.61,27.28,45.05,1008.84
4534,407.97,27.61,27.28,45.04,1008.84
4535,408.06,27.61,27.28,45.03,1008.84
4536,408.15,27.61,27.27,45.04,1008.84
4537,408.24,27.61,27.27,45.02,1008.84
4538,408.33,27.61,27.27,45.02,1008.84
4539,408.42,27.61,27.28,45.01,1008.84
4540,408.51,27.61,27.30,45.03,1008.84
4541,408.60,27.61,27.29,45.03,1008.84
4542,408.69,27.61,27.29,45.01,1008.85
4543,408.78,27.61,27.29,44.99,1008.85
4544,408.87,27.61,27.28,44.99,1008.85
4545,408.96,27.61,27.29,44.95,1008.84
4546,409.05,27.61,27.29,44.93,1008.85
4547,409.14,27.61,27.30,44.93,1008.85
4548,409.23,27.61,27.29,44.92,1008.85
4549,409.32,27.61,27.29,44.92,1008.84
4550,409.41,27.61,27.30,44.90,1008.84
4551,409.50,27.61,27.30,44.90,1008.84
4552,409.59,27.61,27.30,44.88,1008.84
4553,409.68,27.61,27.31,44.90,1008.84
4554,409.77,27.61,27.30,44.86,1008.84
4555,409.86,27.61,27.30,44.86,1008.84
4556,409.95,27.61,27.30,44.85,1008.84
4557,410.04,27.61,27.31,44.84,1008.84
4558,410.13,27.61,27.29,44.85,1008.84
4559,410.22,27.61,27.29,44.87,1008.83
4560,410.31,27.61,27.28,44.86,1008.83
4561,410.40,27.61,27.28,44.83,1008.83
4562,410.49,27.61,27.28,44.82,1008.83
4563,410.58,27.61,27.27,44.82,1008.82
4564,410.67,27.61,27.28,44.84,1008.82
4565,410.76,27.61,27.29,44.82,1008.82
4566,410.85,27.61,27.30,44.81,1008.82
4567,410.94,27.61,27.29,44.79,1008.82
4568,411.03,27.61,27.29,44.82,1008.82
4569,411.12,27.61,27.29,44.83,1008.82
4570,411.21,27.61,27.30,44.86,1008.82
4571,411.30,27.61,27.31,44.82,1008.82
4572,411.39,27.61,27.30,44.82,1008.82
4573,411.48,27.61,27.30,44.82,1008.82
4574,411.57,27.61,27.30,44.82,1008.82
4575,411.66,27.61,27.30,44.81,1008.82
4576,411.75,27.61,27.30,44.82,1008.82
4577,411.84,27.61,27.30,44.82,1008.81
4578,411.93,27.61,27.30,44.82,1008.82
4579,412.02,27.61,27.30,44.84,1008.82
4580,412.11,27.61,27.31,44.83,1008.82
4581,412.20,27.61,27.31,44.82,1008.82
4582,412.29,27.61,27.32,44.82,1008.82
4583,412.38,27.61,27.31,44.83,1008.82
4584,412.47,27.61,27.31,44.81,1008.82
4585,412.56,27.61,27.30,44.80,1008.82
4586,412.65,27.61,27.30,44.81,1008.82
4587,412.74,27.61,27.31,44.79,1008.82
4588,412.83,27.61,27.31,44.79,1008.83
4589,412.92,27.61,27.31,44.79,1008.83
4590,413.01,27.61,27.30,44.82,1008.82
4591,413.10,27.61,27.30,44.82,1008.82
4592,413.19,27.61,27.29,44.83,1008.83
4593,413.28,27.61,27.29,44.81,1008.83
4594,413.37,27.61,27.30,44.80,1008.83
4595,413.46,27.61,27.29,44.83,1008.83
4596,413.55,27.61,27.28,44.84,1008.83
4597,413.64,27.61,27.28,44.82,1008.83
4598,413.73,27.61,27.28,44.83,1008.83
4599,413.82,27.61,27.27,44.83,1008.83
4600,413.91,27.61,27.27,44.84,1008.83
4601,414.00,27.61,27.27,44.83,1008.83
4602,414.09,27.61,27.27,44.82,1008.83
4603,414.18,27.61,27.27,44.79,1008.83
4604,414.27,27.61,27.26,44.78,1008.83
4605,414.36,27.61,27.27,44.76,1008.83
4606,414.45,27.61,27.29,44.70,1008.83
4607,414.54,27.61,27.28,44.68,1008.83
4608,414.63,27.61,27.28,44.65,1008.84
4609,414.72,27.61,27.28,44.63,1008.84
4610,414.81,27.61,27.28,44.61,1008.84
4611,414.90,27.61,27.28,44.55,1008.85
4612,414.99,27.61,27.28,44.53,1008.85
4613,415.08,27.61,27.28,44.49,1008.85
4614,415.17,27.61,27.29,44.41,1008.84
4615,415.26,27.61,27.29,44.40,1008.85
4616,415.35,27.61,27.28,44.36,1008.85
4617,415.44,27.61,27.28,44.34,1008.85
4618,415.53,27.61,27.28,44.34,1008.85
4619,415.62,27.61,27.29,44.34,1008.85
4620,415.71,27.61,27.30,44.36,1008.85
4621,415.80,27.61,27.31,44.37,1008.85
4622,415.89,27.61,27.31,44.37,1008.85
4623,415.98,27.61,27.31,44.38,1008.85
4624,416.07,27.61,27.31,44.42,1008.85
4625,416.16,27.61,27.31,44.42,1008.85
4626,416.25,27.61,27.33,44.44,1008.85
4627,416.34,27.61,27.33,44.50,1008.85
4628,416.43,27.61,27.34,44.54,1008.85
4629,416.52,27.61,27.34,44.55,1008.85
4630,416.61,27.61,27.34,44.58,1008.85
4631,416.70,27.61,27.33,44.61,1008.85
4632,416.79,27.61,27.34,44.64,1008.85
4633,416.88,27.61,27.32,44.67,1008.85
4634,416.97,27.61,27.31,44.68,1008.85
4635,417.06,27.61,27.31,44.71,1008.85
4636,417.15,27.61,27.31,44.75,1008.85
4637,417.24,27.61,27.32,44.81,1008.84
4638,417.33,27.61,27.33,44.83,1008.84
4639,417.42,27.61,27.32,44.83,1008.84
4640,417.51,27.61,27.32,44.83,1008.84
4641,417.60,27.61,27.33,44.82,1008.84
4642,417.69,27.61,27.33,44.80,1008.84
4643,417.78,27.61,27.32,44.79,1008.84
4644,417.87,27.61,27.33,44.80,1008.84
4645,417.96,27.61,27.32,44.83,1008.84
4646,418.05,27.61,27.32,44.87,1008.84
4647,418.14,27.61,27.32,44.82,1008.83
4648,418.23,27.62,27.34,44.80,1008.84
4649,418.32,27.62,27.35,44.78,1008.83
4650,418.41,27.62,27.34,44.78,1008.83
4651,418.50,27.62,27.34,44.76,1008.84
4652,418.59,27.62,27.34,44.74,1008.84
4653,418.68,27.62,27.34,44.73,1008.84
4654,418.77,27.62,27.34,44.74,1008.84
4655,418.86,27.62,27.33,44.75,1008.84
4656,418.95,27.62,27.33,44.74,1008.84
4657,419.04,27.62,27.33,44.74,1008.84
4658,419.13,27.62,27.33,44.72,1008.84
4659,419.22,27.62,27.33,44.68,1008.84
4660,419.31,27.62,27.32,44.64,1008.84
4661,419.40,27.62,27.32,44.60,1008.84
4662,419.49,27.62,27.33,44.60,1008.84
4663,419.58,27.62,27.33,44.62,1008.84
4664,419.67,27.62,27.32,44.60,1008.84
4665,419.76,27.62,27.32,44.60,1008.85
4666,419.85,27.62,27.31,44.61,1008.85
4667,419.94,27.62,27.31,44.62,1008.85
4668,420.03,27.62,27.31,44.60,1008.85
4669,420.12,27.62,27.31,44.60,1008.85
4670,420.21,27.62,27.31,44.59,1008.85
4671,420.30,27.62,27.31,44.59,1008.85
4672,420.39,27.62,27.30,44.61,1008.85
4673,420.48,27.62,27.29,44.62,1008.85
4674,420.57,27.62,27.29,44.59,1008.85
4675,420.66,27.62,27.29,44.60,1008.85
4676,420.75,27.62,27.28,44.60,1008.85
4677,420.84,27.62,27.28,44.62,1008.85
4678,420.93,27.62,27.28,44.63,1008.85
4679,421.02,27.62,27.28,44.64,1008.85
4680,421.11,27.62,27.28,44.63,1008.85
4681,421.20,27.62,27.28,44.63,1008.85
4682,421.29,27.62,27.29,44.64,1008.85
4683,421.38,27.62,27.30,44.61,1008.85
4684,421.47,27.62,27.30,44.65,1008.86
4685,421.56,27.62,27.30,44.63,1008.86
4686,421.65,27.62,27.31,44.63,1008.86
4687,421.74,27.62,27.31,44.64,1008.86
4688,421.83,27.62,27.31,44.66,1008.86
4689,421.92,27.62,27.30,44.64,1008.85
4690,422.01,27.62,27.30,44.62,1008.86
4691,422.10,27.62,27.30,44.65,1008.86
4692,422.19,27.62,27.31,44.66,1008.86
4693,422.28,27.62,27.32,44.69,1008.86
4694,422.37,27.62,27.32,44.68,1008.87
4695,422.46,27.62,27.31,44.68,1008.87
4696,422.55,27.62,27.31,44.67,1008.86
4697,422.64,27.62,27.31,44.66,1008.86
4698,422.73,27.62,27.30,44.67,1008.86
4699,422.82,27.62,27.29,44.66,1008.87
4700,422.91,27.62,27.30,44.67,1008.87
4701,423.00,27.62,27.31,44.66,1008.87
4702,423.09,27.62,27.31,44.64,1008.87
4703,423.18,27.62,27.31,44.62,1008.87
4704,423.27,27.62,27.31,44.60,1008.87
4705,423.36,27.62,27.30,44.64,1008.87
4706,423.45,27.62,27.31,44.65,1008.87
4707,423.54,27.62,27.31,44.64,1008.87
4708,423.63,27.62,27.30,44.67,1008.87
4709,423.72,27.62,27.30,44.69,1008.87
4710,423.81,27.62,27.29,44.67,1008.87
4711,423.90,27.62,27.28,44.69,1008.88
4712,423.99,27.62,27.28,44.65,1008.88
4713,424.08,27.62,27.29,44.66,1008.87
4714,424.17,27.62,27.28,44.64,1008.87
4715,424.26,27.62,27.28,44.65,1008.87
4716,424.35,27.62,27.27,44.66,1008.87
4717,424.44,27.62,27.28,44.66,1008.87
4718,424.53,27.62,27.28,44.69,1008.87
4719,424.62,27.62,27.29,44.68,1008.87
4720,424.71,27.62,27.30,44.68,1008.86
4721,424.80,27.62,27.29,44.71,1008.86
4722,424.89,27.62,27.30,44.75,1008.86
4723,424.98,27.62,27.31,44.79,1008.86
4724,425.07,27.62,27.31,44.78,1008.86
4725,425.16,27.62,27.31,44.79,1008.86
4726,425.25,27.62,27.30,44.77,1008.87
4727,425.34,27.62,27.30,44.77,1008.87
4728,425.43,27.62,27.30,44.73,1008.86
4729,425.52,27.62,27.30,44.71,1008.86
4730,425.61,27.62,27.30,44.70,1008.86
4731,425.70,27.62,27.30,44.71,1008.86
4732,425.79,27.62,27.31,44.72,1008.86
4733,425.88,27.62,27.31,44.74,1008.86
4734,425.97,27.62,27.31,44.74,1008.86
4735,426.06,27.62,27.31,44.73,1008.86
4736,426.15,27.62,27.32,44.76,1008.86
4737,426.24,27.62,27.31,44.73,1008.86
4738,426.33,27.62,27.30,44.74,1008.86
4739,426.42,27.62,27.31,44.77,1008.86
4740,426.51,27.62,27.32,44.79,1008.86
4741,426.60,27.62,27.31,44.79,1008.86
4742,426.69,27.62,27.31,44.78,1008.86
4743,426.78,27.62,27.30,44.73,1008.86
4744,426.87,27.62,27.30,44.71,1008.86
4745,426.96,27.62,27.29,44.70,1008.86
4746,427.05,27.62,27.30,44.70,1008.86
4747,427.14,27.62,27.31,44.68,1008.86
4748,427.23,27.62,27.32,44.71,1008.86
4749,427.32,27.62,27.33,44.69,1008.86
4750,427.41,27.62,27.31,44.66,1008.86
4751,427.50,27.62,27.30,44.66,1008.86
4752,427.59,27.62,27.30,44.63,1008.86
4753,427.68,27.62,27.29,44.62,1008.85
4754,427.77,27.62,27.29,44.63,1008.85
4755,427.86,27.62,27.29,44.65,1008.85
4756,427.95,27.62,27.30,44.65,1008.85
4757,428.04,27.62,27.31,44.63,1008.84
4758,428.13,27.62,27.30,44.62,1008.84
4759,428.22,27.62,27.30,44.58,1008.83
4760,428.31,27.62,27.29,44.54,1008.82
4761,428.40,27.62,27.29,44.56,1008.81
4762,428.49,27.62,27.30,44.57,1008.80
4763,428.58,27.62,27.29,44.56,1008.79
4764,428.67,27.62,27.29,44.51,1008.78
4765,428.76,27.62,27.29,44.53,1008.77
4766,428.85,27.62,27.28,44.54,1008.77
4767,428.94,27.62,27.29,44.51,1008.77
4768,429.03,27.62,27.28,44.51,1008.77
4769,429.12,27.62,27.27,44.51,1008.78
4770,429.21,27.62,27.27,44.56,1008.79
4771,429.30,27.62,27.28,44.58,1008.79
4772,429.39,27.62,27.28,44.54,1008.80
4773,429.48,27.62,27.28,44.55,1008.81
4774,429.57,27.62,27.28,44.56,1008.82
4775,429.66,27.62,27.28,44.58,1008.83
4776,429.75,27.62,27.27,44.54,1008.84
4777,429.84,27.62,27.26,44.54,1008.85
4778,429.93,27.62,27.27,44.53,1008.85
4779,430.02,27.62,27.25,44.54,1008.86
4780,430.11,27.62,27.26,44.51,1008.87
4781,430.20,27.62,27.26,44.51,1008.87
4782,430.29,27.62,27.26,44.49,1008.88
4783,430.38,27.62,27.27,44.47,1008.88
4784,430.47,27.62,27.27,44.47,1008.88
4785,430.56,27.62,27.27,44.46,1008.89
4786,430.65,27.62,27.28,44.46,1008.89
4787,430.74,27.62,27.28,44.48,1008.89
4788,430.83,27.62,27.28,44.48,1008.89
4789,430.92,27.62,27.30,44.50,1008.89
4790,431.01,27.62,27.30,44.47,1008.89
4791,431.10,27.62,27.30,44.46,1008.89
4792,431.19,27.62,27.30,44.48,1008.89
4793,431.28,27.62,27.30,44.49,1008.89
4794,431.37,27.62,27.29,44.47,1008.88
4795,431.46,27.62,27.28,44.44,1008.88
4796,431.55,27.62,27.28,44.45,1008.88
4797,431.64,27.62,27.29,44.45,1008.87
4798,431.73,27.62,27.29,44.43,1008.87
4799,431.82,27.62,27.30,44.44,1008.87
4800,431.91,27.62,27.29,44.43,1008.87
4801,432.00,27.62,27.30,44.47,1008.87
4802,432.09,27.62,27.30,44.46,1008.87
4803,432.18,27.62,27.30,44.45,1008.86
4804,432.27,27.62,27.32,44.88,1008.86
4805,432.36,27.62,27.32,44.62,1008.85
4806,432.45,27.62,27.31,44.46,1008.85
4807,432.54,27.62,27.31,44.49,1008.85
4808,432.63,27.62,27.32,44.55,1008.84
4809,432.72,27.62,27.32,44.55,1008.85
4810,432.81,27.62,27.33,44.56,1008.85
4811,432.90,27.62,27.32,44.56,1008.85
4812,432.99,27.62,27.32,44.58,1008.85
4813,433.08,27.62,27.33,44.58,1008.85
4814,433.17,27.62,27.33,44.61,1008.85
4815,433.26,27.62,27.31,44.60,1008.85
4816,433.35,27.62,27.32,44.62,1008.85
4817,433.44,27.62,27.32,44.61,1008.85
4818,433.53,27.62,27.33,44.58,1008.85
4819,433.62,27.62,27.32,44.56,1008.85
4820,433.71,27.62,27.33,44.55,1008.85
4821,433.80,27.62,27.32,44.55,1008.84
4822,433.89,27.62,27.32,44.55,1008.84
4823,433.98,27.62,27.31,44.54,1008.85
4824,434.07,27.62,27.32,44.53,1008.85
4825,434.16,27.62,27.31,44.53,1008.85
4826,434.25,27.62,27.31,44.48,1008.85
4827,434.34,27.62,27.31,44.50,1008.85
4828,434.43,27.62,27.32,44.50,1008.85
4829,434.52,27.62,27.32,44.49,1008.85
4830,434.61,27.62,27.31,44.48,1008.85
4831,434.70,27.62,27.31,44.48,1008.85
4832,434.79,27.62,27.31,44.49,1008.85
4833,434.88,27.62,27.31,44.49,1008.84
4834,434.97,27.62,27.30,44.51,1008.84
4835,435.06,27.62,27.30,44.51,1008.84
4836,435.15,27.62,27.30,44.52,1008.84
4837,435.24,27.62,27.30,44.50,1008.84
4838,435.33,27.62,27.30,44.51,1008.84
4839,435.42,27.62,27.31,44.51,1008.84
4840,435.51,27.62,27.32,44.54,1008.84
4841,435.60,27.62,27.32,44.54,1008.84
4842,435.69,27.62,27.31,44.55,1008.83
4843,435.78,27.62,27.31,44.52,1008.83
4844,435.87,27.62,27.32,44.49,1008.83
4845,435.96,27.62,27.31,44.46,1008.83
4846,436.05,27.62,27.30,44.45,1008.83
4847,436.14,27.62,27.30,44.49,1008.83
4848,436.23,27.62,27.30,44.48,1008.83
4849,436.32,27.62,27.29,44.47,1008.83
4850,436.41,27.62,27.30,44.45,1008.82
4851,436.50,27.62,27.31,44.44,1008.83
4852,436.59,27.62,27.31,44.44,1008.82
4853,436.68,27.62,27.30,44.41,1008.82
4854,436.77,27.62,27.29,44.41,1008.82
4855,436.86,27.62,27.28,44.46,1008.82
4856,436.95,27.62,27.27,44.47,1008.82
4857,437.04,27.62,27.26,44.47,1008.82
4858,437.13,27.62,27.24,44.43,1008.82
4859,437.22,27.62,27.22,44.42,1008.82
4860,437.31,27.62,27.19,44.39,1008.82
4861,437.40,27.62,27.17,44.41,1008.82
4862,437.49,27.62,27.16,44.41,1008.82
4863,437.58,27.62,27.16,44.45,1008.82
4864,437.67,27.62,27.17,44.48,1008.82
4865,437.76,27.62,27.20,44.50,1008.82
4866,437.85,27.62,27.22,44.50,1008.81
4867,437.94,27.62,27.24,44.51,1008.81
4868,438.03,27.62,27.26,44.51,1008.82
4869,438.12,27.62,27.28,44.50,1008.82
4870,438.21,27.62,27.29,44.53,1008.82
4871,438.30,27.62,27.30,44.53,1008.82
4872,438.39,27.62,27.29,44.53,1008.82
4873,438.48,27.62,27.30,44.51,1008.82
4874,438.57,27.62,27.29,44.50,1008.83
4875,438.66,27.62,27.29,44.49,1008.83
4876,438.75,27.62,27.29,44.47,1008.82
4877,438.84,27.62,27.29,44.46,1008.82
4878,438.93,27.62,27.29,44.43,1008.82
4879,439.02,27.62,27.29,44.45,1008.82
4880,439.11,27.62,27.29,44.42,1008.83
4881,439.20,27.62,27.29,44.42,1008.84
4882,439.29,27.62,27.30,44.43,1008.83
4883,439.38,27.62,27.30,44.43,1008.83
4884,439.47,27.62,27.30,44.45,1008.83
4885,439.56,27.62,27.30,44.45,1008.83
4886,439.65,27.62,27.31,44.42,1008.83
4887,439.74,27.62,27.30,44.40,1008.84
4888,439.83,27.62,27.31,44.38,1008.84
4889,439.92,27.62,27.30,44.38,1008.84
4890,440.01,27.62,27.32,44.39,1008.84
4891,440.10,27.62,27.31,44.38,1008.83
4892,440.19,27.62,27.33,44.39,1008.83
4893,440.28,27.62,27.31,44.39,1008.84
4894,440.37,27.62,27.31,44.44,1008.84
4895,440.46,27.62,27.30,44.41,1008.84
4896,440.55,27.62,27.30,44.47,1008.84
4897,440.64,27.62,27.31,44.47,1008.84
4898,440.73,27.62,27.31,44.46,1008.85
4899,440.82,27.62,27.31,44.46,1008.84
4900,440.91,27.62,27.31,44.43,1008.85
4901,441.00,27.62,27.32,44.44,1008.85
4902,441.09,27.62,27.33,44.44,1008.85
4903,441.18,27.62,27.32,44.45,1008.85
4904,441.27,27.62,27.32,44.43,1008.85
4905,441.36,27.62,27.33,44.41,1008.85
4906,441.45,27.62,27.32,44.39,1008.85
4907,441.54,27.62,27.31,44.43,1008.85
4908,441.63,27.62,27.32,44.43,1008.84
4909,441.72,27.62,27.32,44.42,1008.84
4910,441.81,27.62,27.33,44.43,1008.85
4911,441.90,27.62,27.33,44.38,1008.85
4912,441.99,27.62,27.34,44.34,1008.85
4913,442.08,27.62,27.33,44.34,1008.85
4914,442.17,27.62,27.32,44.40,1008.85
4915,442.26,27.62,27.34,44.42,1008.85
4916,442.35,27.62,27.34,44.42,1008.85
4917,442.44,27.62,27.34,44.43,1008.85
4918,442.53,27.62,27.35,44.42,1008.85
4919,442.62,27.62,27.35,44.42,1008.85
4920,442.71,27.62,27.35,44.45,1008.85
4921,442.80,27.62,27.34,44.45,1008.85
4922,442.89,27.62,27.33,44.43,1008.85
4923,442.98,27.62,27.32,44.47,1008.84
4924,443.07,27.62,27.32,44.48,1008.84
4925,443.16,27.62,27.32,44.52,1008.84
4926,443.25,27.62,27.33,44.52,1008.84
4927,443.34,27.62,27.32,44.51,1008.84
4928,443.43,27.62,27.33,44.48,1008.84
4929,443.52,27.62,27.33,44.49,1008.84
4930,443.61,27.62,27.34,44.48,1008.83
4931,443.70,27.62,27.34,44.48,1008.83
4932,443.79,27.62,27.34,44.48,1008.83
4933,443.88,27.62,27.34,44.52,1008.83
4934,443.97,27.62,27.35,44.51,1008.83
4935,444.06,27.62,27.36,44.49,1008.82
4936,444.15,27.62,27.36,44.50,1008.83
4937,444.24,27.62,27.36,44.52,1008.83
4938,444.33,27.62,27.35,44.53,1008.83
4939,444.42,27.62,27.34,44.51,1008.83
4940,444.51,27.62,27.33,44.51,1008.83
4941,444.60,27.62,27.34,44.52,1008.82
4942,444.69,27.62,27.32,44.55,1008.82
4943,444.78,27.62,27.32,44.53,1008.82
4944,444.87,27.62,27.31,44.51,1008.83
4945,444.96,27.62,27.31,44.49,1008.83
4946,445.05,27.62,27.30,44.47,1008.83
4947,445.14,27.62,27.31,44.46,1008.83
4948,445.23,27.62,27.30,44.46,1008.83
4949,445.32,27.62,27.28,44.46,1008.83
4950,445.41,27.62,27.30,44.43,1008.83
4951,445.50,27.62,27.30,44.39,1008.83
4952,445.59,27.62,27.29,44.40,1008.83
4953,445.68,27.62,27.28,44.40,1008.83
4954,445.77,27.62,27.29,44.41,1008.84
4955,445.86,27.62,27.28,44.44,1008.84
4956,445.95,27.62,27.28,44.42,1008.83
4957,446.04,27.62,27.28,44.42,1008.84
4958,446.13,27.62,27.28,44.43,1008.84
4959,446.22,27.62,27.28,44.43,1008.84
4960,446.31,27.62,27.28,44.41,1008.84
4961,446.40,27.62,27.27,44.41,1008.84
4962,446.49,27.62,27.27,44.41,1008.84
4963,446.58,27.62,27.27,44.39,1008.84
4964,446.67,27.62,27.27,44.44,1008.85
4965,446.76,27.62,27.27,44.44,1008.85
4966,446.85,27.62,27.28,44.44,1008.85
4967,446.94,27.62,27.29,44.45,1008.85
4968,447.03,27.62,27.30,44.45,1008.85
4969,447.12,27.62,27.29,44.46,1008.85
4970,447.21,27.62,27.30,44.52,1008.86
4971,447.30,27.62,27.29,44.50,1008.85
4972,447.39,27.62,27.29,44.47,1008.85
4973,447.48,27.62,27.29,44.46,1008.85
4974,447.57,27.62,27.29,44.45,1008.85
4975,447.66,27.62,27.30,44.43,1008.86
4976,447.75,27.62,27.30,44.43,1008.86
4977,447.84,27.63,27.30,44.43,1008.86
4978,447.93,27.63,27.31,44.45,1008.86
4979,448.02,27.63,27.31,44.46,1008.87
4980,448.11,27.63,27.31,44.44,1008.87
4981,448.20,27.63,27.30,44.44,1008.87
4982,448.29,27.63,27.30,44.47,1008.87
4983,448.38,27.63,27.31,44.49,1008.86
4984,448.47,27.63,27.31,44.45,1008.87
4985,448.56,27.63,27.31,44.46,1008.86
4986,448.65,27.63,27.33,44.45,1008.87
4987,448.74,27.63,27.33,44.43,1008.87
4988,448.83,27.63,27.34,44.42,1008.87
4989,448.92,27.63,27.35,44.40,1008.87
4990,449.01,27.63,27.35,44.38,1008.87
4991,449.10,27.63,27.35,44.36,1008.87
4992,449.19,27.63,27.35,44.35,1008.87
4993,449.28,27.63,27.35,44.36,1008.87
4994,449.37,27.63,27.35,44.37,1008.87
4995,449.46,27.63,27.34,44.38,1008.87
4996,449.55,27.63,27.34,44.40,1008.87
4997,449.64,27.63,27.33,44.42,1008.87
4998,449.73,27.63,27.33,44.39,1008.87
4999,449.82,27.63,27.33,44.37,1008.87
5000,449.91,27.63,27.33,44.38,1008.87
5001,450.00,27.63,27.34,44.40,1008.87
5002,450.09,27.63,27.34,44.38,1008.87
5003,450.18,27.63,27.34,44.38,1008.87
5004,450.27,27.63,27.35,44.40,1008.87
5005,450.36,27.63,27.36,44.42,1008.87
5006,450.45,27.63,27.35,44.41,1008.87
5007,450.54,27.63,27.36,44.39,1008.86
5008,450.63,27.63,27.35,44.36,1008.86
5009,450.72,27.63,27.34,44.34,1008.86
5010,450.81,27.63,27.33,44.35,1008.86
5011,450.90,27.63,27.34,44.35,1008.86
5012,450.99,27.63,27.35,44.34,1008.86
5013,451.08,27.63,27.35,44.35,1008.86
5014,451.17,27.63,27.34,44.37,1008.85
5015,451.26,27.63,27.36,44.38,1008.85
5016,451.35,27.63,27.35,44.37,1008.85
5017,451.44,27.63,27.35,44.36,1008.85
5018,451.53,27.63,27.34,44.37,1008.85
5019,451.62,27.63,27.33,44.41,1008.85
5020,451.71,27.63,27.33,44.37,1008.84
5021,451.80,27.63,27.34,44.36,1008.84
5022,451.89,27.63,27.33,44.36,1008.84
5023,451.98,27.63,27.33,44.33,1008.84
5024,452.07,27.63,27.32,44.33,1008.85
5025,452.16,27.63,27.32,44.32,1008.85
5026,452.25,27.63,27.31,44.31,1008.84
5027,452.34,27.63,27.32,44.32,1008.84
5028,452.43,27.63,27.32,44.31,1008.84
5029,452.52,27.63,27.31,44.30,1008.84
5030,452.61,27.63,27.31,44.32,1008.84
5031,452.70,27.63,27.31,44.33,1008.85
5032,452.79,27.63,27.30,44.33,1008.85
5033,452.88,27.63,27.30,44.35,1008.84
5034,452.97,27.63,27.31,44.33,1008.85
5035,453.06,27.63,27.32,44.32,1008.85
5036,453.15,27.63,27.32,44.34,1008.85
5037,453.24,27.63,27.33,44.35,1008.85
5038,453.33,27.63,27.32,44.34,1008.85
5039,453.42,27.63,27.31,44.35,1008.85
5040,453.51,27.63,27.31,44.32,1008.85
5041,453.60,27.63,27.31,44.27,1008.85
5042,453.69,27.63,27.31,44.29,1008.86
5043,453.78,27.63,27.32,44.28,1008.86
5044,453.87,27.63,27.33,44.27,1008.86
5045,453.96,27.63,27.31,44.25,1008.86
5046,454.05,27.63,27.31,44.21,1008.86
5047,454.14,27.63,27.31,44.18,1008.86
5048,454.23,27.63,27.31,44.19,1008.87
5049,454.32,27.63,27.31,44.16,1008.87
5050,454.41,27.63,27.32,44.16,1008.87
5051,454.50,27.63,27.31,44.17,1008.87
5052,454.59,27.63,27.30,44.15,1008.87
5053,454.68,27.63,27.31,44.15,1008.87
5054,454.77,27.63,27.31,44.14,1008.87
5055,454.86,27.63,27.31,44.15,1008.87
5056,454.95,27.63,27.30,44.15,1008.88
5057,455.04,27.63,27.30,44.18,1008.88
5058,455.13,27.63,27.30,44.21,1008.88
5059,455.22,27.63,27.30,44.21,1008.88
5060,455.31,27.63,27.30,44.25,1008.88
5061,455.40,27.63,27.30,44.23,1008.88
5062,455.49,27.63,27.30,44.24,1008.88
5063,455.58,27.63,27.29,44.22,1008.88
5064,455.67,27.63,27.29,44.21,1008.87
5065,455.76,27.63,27.27,44.23,1008.88
5066,455.85,27.63,27.27,44.24,1008.88
5067,455.94,27.63,27.27,44.24,1008.88
5068,456.03,27.63,27.28,44.24,1008.88
5069,456.12,27.63,27.29,44.29,1008.87
5070,456.21,27.63,27.29,44.27,1008.88
5071,456.30,27.63,27.28,44.29,1008.88
5072,456.39,27.63,27.28,44.26,1008.88
5073,456.48,27.63,27.28,44.26,1008.88
5074,456.57,27.63,27.29,44.24,1008.88
5075,456.66,27.63,27.29,44.26,1008.88
5076,456.75,27.63,27.30,44.24,1008.88
5077,456.84,27.63,27.30,44.23,1008.88
5078,456.93,27.63,27.30,44.18,1008.88
5079,457.02,27.63,27.31,44.21,1008.88
5080,457.11,27.63,27.31,44.20,1008.88
5081,457.20,27.63,27.32,44.21,1008.87
5082,457.29,27.63,27.32,44.20,1008.87
5083,457.38,27.63,27.32,44.20,1008.87
5084,457.47,27.63,27.32,44.21,1008.87
5085,457.56,27.63,27.32,44.21,1008.87
5086,457.65,27.63,27.32,44.21,1008.87
5087,457.74,27.63,27.32,44.21,1008.87
5088,457.83,27.63,27.33,44.19,1008.86
5089,457.92,27.63,27.32,44.19,1008.86
5090,458.01,27.63,27.33,44.16,1008.86
5091,458.10,27.63,27.33,44.16,1008.86
5092,458.19,27.63,27.32,44.15,1008.85
5093,458.28,27.63,27.32,44.12,1008.85
5094,458.37,27.63,27.33,44.10,1008.85
5095,458.46,27.63,27.33,44.09,1008.85
5096,458.55,27.63,27.33,44.12,1008.85
5097,458.64,27.63,27.33,44.09,1008.85
5098,458.73,27.63,27.33,44.09,1008.85
5099,458.82,27.63,27.32,44.11,1008.84
5100,458.91,27.63,27.31,44.11,1008.84
5101,459.00,27.63,27.30,44.12,1008.84
5102,459.09,27.63,27.31,44.12,1008.84
5103,459.18,27.63,27.32,44.15,1008.83
5104,459.27,27.63,27.32,44.16,1008.83
5105,459.36,27.63,27.34,44.14,1008.83
5106,459.45,27.63,27.33,44.15,1008.83
5107,459.54,27.63,27.32,44.17,1008.83
5108,459.63,27.63,27.31,44.18,1008.83
5109,459.72,27.63,27.31,44.20,1008.83
5110,459.81,27.63,27.30,44.19,1008.83
5111,459.90,27.63,27.30,44.21,1008.83
5112,459.99,27.63,27.30,44.21,1008.83
5113,460.08,27.63,27.30,44.19,1008.82
5114,460.17,27.63,27.29,44.22,1008.83
5115,460.26,27.63,27.29,44.22,1008.83
5116,460.35,27.63,27.28,44.23,1008.83
5117,460.44,27.63,27.27,44.25,1008.83
5118,460.53,27.63,27.28,44.22,1008.82
5119,460.62,27.63,27.28,44.26,1008.82
5120,460.71,27.63,27.27,44.24,1008.82
5121,460.80,27.63,27.27,44.22,1008.82
5122,460.89,27.63,27.29,44.21,1008.83
5123,460.98,27.63,27.28,44.20,1008.83
5124,461.07,27.63,27.27,44.19,1008.83
5125,461.16,27.63,27.28,44.19,1008.83
5126,461.25,27.63,27.28,44.19,1008.83
5127,461.34,27.63,27.28,44.19,1008.83
5128,461.43,27.63,27.27,44.23,1008.83
5129,461.52,27.63,27.27,44.25,1008.83
5130,461.61,27.63,27.26,44.24,1008.83
5131,461.70,27.63,27.26,44.29,1008.83
5132,461.79,27.63,27.26,44.28,1008.84
5133,461.88,27.63,27.25,44.27,1008.84
5134,461.97,27.63,27.26,44.31,1008.84
5135,462.06,27.63,27.26,44.30,1008.84
5136,462.15,27.63,27.28,44.28,1008.84
5137,462.24,27.63,27.27,44.24,1008.84
5138,462.33,27.63,27.27,44.26,1008.84
5139,462.42,27.63,27.27,44.25,1008.84
5140,462.51,27.63,27.27,44.26,1008.84
5141,462.60,27.63,27.27,44.24,1008.84
5142,462.69,27.63,27.28,44.24,1008.84
5143,462.78,27.63,27.29,44.24,1008.84
5144,462.87,27.63,27.27,44.21,1008.84
5145,462.96,27.63,27.28,44.23,1008.84
5146,463.05,27.63,27.28,44.21,1008.84
5147,463.14,27.63,27.28,44.21,1008.84
5148,463.23,27.63,27.29,44.19,1008.85
5149,463.32,27.63,27.30,44.24,1008.84
5150,463.41,27.63,27.31,44.23,1008.85
5151,463.50,27.63,27.32,44.21,1008.85
5152,463.59,27.63,27.31,44.20,1008.84
5153,463.68,27.63,27.32,44.23,1008.84
5154,463.77,27.63,27.32,44.21,1008.85
5155,463.86,27.63,27.32,44.20,1008.85
5156,463.95,27.63,27.32,44.23,1008.84
5157,464.04,27.63,27.33,44.21,1008.84
5158,464.13,27.63,27.33,44.19,1008.84
5159,464.22,27.63,27.33,44.22,1008.84
5160,464.31,27.63,27.32,44.20,1008.84
5161,464.40,27.63,27.31,44.20,1008.84
5162,464.49,27.63,27.32,44.17,1008.84
5163,464.58,27.63,27.31,44.20,1008.84
5164,464.67,27.63,27.32,44.22,1008.84
5165,464.76,27.63,27.33,44.24,1008.84
5166,464.85,27.63,27.32,44.22,1008.84
5167,464.94,27.63,27.32,44.21,1008.84
5168,465.03,27.63,27.32,44.21,1008.84
5169,465.12,27.63,27.33,44.20,1008.84
5170,465.21,27.63,27.34,44.25,1008.84
5171,465.30,27.63,27.34,44.24,1008.84
5172,465.39,27.63,27.35,44.25,1008.83
5173,465.48,27.63,27.34,44.22,1008.83
5174,465.57,27.63,27.34,44.20,1008.83
5175,465.66,27.63,27.32,44.17,1008.83
5176,465.75,27.63,27.32,44.16,1008.83
5177,465.84,27.63,27.34,44.15,1008.83
5178,465.93,27.64,27.34,44.13,1008.83
5179,466.02,27.63,27.34,44.18,1008.83
5180,466.11,27.63,27.34,44.20,1008.83
5181,466.20,27.63,27.34,44.20,1008.82
5182,466.29,27.63,27.34,44.19,1008.82
5183,466.38,27.63,27.32,44.25,1008.82
5184,466.47,27.63,27.33,44.25,1008.82
5185,466.56,27.63,27.33,44.26,1008.82
5186,466.65,27.63,27.32,44.25,1008.81
5187,466.74,27.63,27.32,44.27,1008.81
5188,466.83,27.63,27.32,44.25,1008.81
5189,466.92,27.63,27.33,44.27,1008.81
5190,467.01,27.63,27.34,44.26,1008.81
5191,467.10,27.63,27.33,44.26,1008.81
5192,467.19,27.63,27.33,44.25,1008.81
5193,467.28,27.63,27.33,44.26,1008.81
5194,467.37,27.63,27.32,44.27,1008.81
5195,467.46,27.63,27.32,44.24,1008.81
5196,467.55,27.63,27.32,44.22,1008.81
5197,467.64,27.63,27.32,44.24,1008.81
5198,467.73,27.63,27.32,44.21,1008.81
5199,467.82,27.63,27.32,44.22,1008.81
5200,467.91,27.63,27.31,44.21,1008.81
5201,468.00,27.63,27.31,44.23,1008.81
5202,468.09,27.63,27.31,44.19,1008.80
5203,468.18,27.63,27.30,44.16,1008.81
5204,468.27,27.63,27.29,44.14,1008.81
5205,468.36,27.63,27.29,44.16,1008.81
5206,468.45,27.63,27.30,44.15,1008.81
5207,468.54,27.63,27.29,44.18,1008.81
5208,468.63,27.63,27.31,44.17,1008.81
5209,468.72,27.63,27.31,44.17,1008.82
5210,468.81,27.63,27.31,44.19,1008.82
5211,468.90,27.63,27.30,44.20,1008.82
5212,468.99,27.63,27.31,44.21,1008.82
5213,469.08,27.63,27.30,44.18,1008.82
5214,469.17,27.63,27.31,44.19,1008.82
5215,469.26,27.63,27.31,44.17,1008.83
5216,469.35,27.63,27.30,44.14,1008.82
5217,469.44,27.63,27.30,44.11,1008.83
5218,469.53,27.63,27.30,44.11,1008.83
5219,469.62,27.63,27.30,44.10,1008.83
5220,469.71,27.63,27.31,44.12,1008.83
5221,469.80,27.63,27.31,44.11,1008.83
5222,469.89,27.63,27.31,44.12,1008.83
5223,469.98,27.63,27.32,44.15,1008.83
5224,470.07,27.63,27.32,44.16,1008.83
5225,470.16,27.63,27.32,44.15,1008.84
5226,470.25,27.63,27.32,44.15,1008.84
5227,470.34,27.63,27.31,44.19,1008.83
5228,470.43,27.63,27.31,44.17,1008.84
5229,470.52,27.63,27.31,44.19,1008.84
5230,470.61,27.63,27.32,44.20,1008.84
5231,470.70,27.63,27.31,44.20,1008.83
5232,470.79,27.63,27.30,44.19,1008.83
5233,470.88,27.63,27.31,44.21,1008.84
5234,470.97,27.63,27.31,44.21,1008.84
5235,471.06,27.63,27.30,44.22,1008.84
5236,471.15,27.63,27.31,44.20,1008.84
5237,471.24,27.63,27.30,44.23,1008.85
5238,471.33,27.63,27.30,44.26,1008.85
5239,471.42,27.63,27.31,44.25,1008.85
5240,471.51,27.63,27.31,44.22,1008.85
5241,471.60,27.63,27.30,44.21,1008.85
5242,471.69,27.63,27.30,44.21,1008.85
5243,471.78,27.63,27.31,44.23,1008.85
5244,471.87,27.63,27.30,44.19,1008.86
5245,471.96,27.63,27.30,44.19,1008.85
5246,472.05,27.63,27.31,44.15,1008.85
5247,472.14,27.63,27.31,44.14,1008.85
5248,472.23,27.63,27.30,44.14,1008.86
5249,472.32,27.63,27.31,44.11,1008.86
5250,472.41,27.63,27.31,44.10,1008.85
5251,472.50,27.63,27.32,44.09,1008.85
5252,472.59,27.63,27.32,44.11,1008.84
5253,472.68,27.63,27.33,44.09,1008.85
5254,472.77,27.63,27.32,44.07,1008.84
5255,472.86,27.63,27.32,44.07,1008.84
5256,472.95,27.63,27.32,44.08,1008.85
5257,473.04,27.63,27.33,44.04,1008.84
5258,473.13,27.63,27.34,44.06,1008.84
5259,473.22,27.63,27.34,44.06,1008.84
5260,473.31,27.63,27.32,44.08,1008.83
5261,473.40,27.63,27.32,44.07,1008.83
5262,473.49,27.63,27.32,44.08,1008.83
5263,473.58,27.63,27.33,44.09,1008.83
5264,473.67,27.63,27.34,44.14,1008.84
5265,473.76,27.63,27.33,44.12,1008.83
5266,473.85,27.63,27.33,44.12,1008.84
5267,473.94,27.63,27.32,44.10,1008.83
5268,474.03,27.63,27.33,44.09,1008.83
5269,474.12,27.63,27.34,44.07,1008.83
5270,474.21,27.63,27.34,44.09,1008.83
5271,474.30,27.63,27.34,44.08,1008.83
5272,474.39,27.63,27.34,44.06,1008.83
5273,474.48,27.63,27.33,44.10,1008.83
5274,474.57,27.63,27.34,44.06,1008.83
5275,474.66,27.63,27.33,44.05,1008.83
5276,474.75,27.63,27.33,44.06,1008.83
5277,474.84,27.63,27.33,44.09,1008.83
5278,474.93,27.63,27.34,44.12,1008.83
5279,475.02,27.63,27.34,44.10,1008.84
5280,475.11,27.63,27.35,44.12,1008.84
5281,475.20,27.63,27.34,44.14,1008.84
5282,475.29,27.63,27.34,44.14,1008.84
5283,475.38,27.63,27.33,44.15,1008.84
5284,475.47,27.63,27.34,44.18,1008.84
5285,475.56,27.63,27.32,44.17,1008.84
5286,475.65,27.63,27.33,44.14,1008.84
5287,475.74,27.63,27.32,44.13,1008.84
5288,475.83,27.63,27.32,44.14,1008.84
5289,475.92,27.63,27.32,44.16,1008.85
5290,476.01,27.63,27.32,44.18,1008.85
5291,476.10,27.63,27.32,44.17,1008.85
5292,476.19,27.63,27.31,44.18,1008.85
5293,476.28,27.63,27.32,44.16,1008.85
5294,476.37,27.63,27.31,44.18,1008.85
5295,476.46,27.63,27.33,44.18,1008.85
5296,476.55,27.63,27.32,44.20,1008.85
5297,476.64,27.63,27.32,44.22,1008.85
5298,476.73,27.63,27.32,44.20,1008.85
5299,476.82,27.63,27.33,44.17,1008.86
5300,476.91,27.63,27.32,44.15,1008.86
5301,477.00,27.63,27.32,44.18,1008.86
5302,477.09,27.63,27.32,44.20,1008.86
5303,477.18,27.63,27.31,44.18,1008.86
5304,477.27,27.63,27.32,44.12,1008.86
5305,477.36,27.63,27.32,44.12,1008.86
5306,477.45,27.63,27.34,44.10,1008.87
5307,477.54,27.63,27.34,44.11,1008.87
5308,477.63,27.63,27.33,44.09,1008.87
5309,477.72,27.63,27.33,44.07,1008.87
5310,477.81,27.63,27.33,44.09,1008.87
5311,477.90,27.63,27.32,44.08,1008.88
5312,477.99,27.63,27.32,44.09,1008.88
5313,478.08,27.63,27.32,44.09,1008.88
5314,478.17,27.63,27.32,44.09,1008.88
5315,478.26,27.63,27.30,44.11,1008.88
5316,478.35,27.63,27.30,44.10,1008.88
5317,478.44,27.63,27.30,44.11,1008.87
5318,478.53,27.63,27.29,44.11,1008.87
5319,478.62,27.63,27.29,44.08,1008.87
5320,478.71,27.63,27.29,44.11,1008.87
5321,478.80,27.63,27.29,44.09,1008.87
5322,478.89,27.63,27.28,44.10,1008.88
5323,478.98,27.63,27.28,44.06,1008.88
5324,479.07,27.63,27.27,44.10,1008.88
5325,479.16,27.63,27.27,44.09,1008.87
5326,479.25,27.63,27.27,44.06,1008.88
5327,479.34,27.63,27.27,44.04,1008.88
5328,479.43,27.63,27.28,44.04,1008.88
5329,479.52,27.63,27.28,44.05,1008.88
5330,479.61,27.63,27.29,44.08,1008.88
5331,479.70,27.63,27.30,44.09,1008.87
5332,479.79,27.63,27.31,44.07,1008.87
5333,479.88,27.63,27.31,44.11,1008.87
5334,479.97,27.63,27.31,44.11,1008.87
5335,480.06,27.63,27.31,44.11,1008.86
5336,480.15,27.63,27.31,44.11,1008.87
5337,480.24,27.63,27.33,44.10,1008.87
5338,480.33,27.63,27.32,44.10,1008.87
5339,480.42,27.63,27.31,44.08,1008.87
5340,480.51,27.63,27.31,44.10,1008.87
5341,480.60,27.63,27.32,44.12,1008.87
5342,480.69,27.63,27.32,44.09,1008.87
5343,480.78,27.63,27.32,44.10,1008.87
5344,480.87,27.63,27.33,44.10,1008.87
5345,480.96,27.63,27.32,44.07,1008.86
5346,481.05,27.63,27.31,44.08,1008.87
5347,481.14,27.63,27.31,44.06,1008.86
5348,481.23,27.63,27.30,44.06,1008.86
5349,481.32,27.63,27.31,44.08,1008.87
5350,481.41,27.63,27.32,44.06,1008.87
5351,481.50,27.63,27.32,44.04,1008.87
5352,481.59,27.63,27.33,44.06,1008.87
5353,481.68,27.63,27.32,44.05,1008.87
5354,481.77,27.63,27.33,44.04,1008.86
5355,481.86,27.63,27.34,44.06,1008.86
5356,481.95,27.63,27.33,44.04,1008.86
5357,482.04,27.63,27.33,44.03,1008.86
5358,482.13,27.63,27.33,44.04,1008.86
5359,482.22,27.63,27.34,44.04,1008.86
5360,482.31,27.63,27.34,44.05,1008.85
5361,482.40,27.63,27.34,44.08,1008.85
5362,482.49,27.63,27.33,44.14,1008.85
5363,482.58,27.63,27.33,44.16,1008.85
5364,482.67,27.63,27.33,44.17,1008.85
5365,482.76,27.63,27.32,44.17,1008.86
5366,482.85,27.63,27.32,44.14,1008.85
5367,482.94,27.63,27.32,44.17,1008.85
5368,483.03,27.63,27.34,44.16,1008.85
5369,483.12,27.63,27.35,44.15,1008.85
5370,483.21,27.63,27.34,44.17,1008.85
5371,483.30,27.63,27.35,44.18,1008.85
5372,483.39,27.63,27.35,44.18,1008.85
5373,483.48,27.63,27.36,44.17,1008.86
5374,483.57,27.63,27.34,44.16,1008.86
5375,483.66,27.63,27.35,44.17,1008.85
5376,483.75,27.63,27.34,44.17,1008.85
5377,483.84,27.63,27.34,44.15,1008.85
5378,483.93,27.63,27.34,44.17,1008.85
5379,484.02,27.63,27.32,44.15,1008.85
5380,484.11,27.63,27.32,44.15,1008.85
5381,484.20,27.63,27.31,44.10,1008.85
5382,484.29,27.63,27.31,44.10,1008.85
5383,484.38,27.63,27.31,44.07,1008.86
5384,484.47,27.63,27.31,44.09,1008.86
5385,484.56,27.63,27.31,44.05,1008.86
5386,484.65,27.63,27.31,44.06,1008.86
5387,484.74,27.63,27.32,44.08,1008.86
5388,484.83,27.63,27.31,44.08,1008.86
5389,484.92,27.63,27.31,44.08,1008.86
5390,485.01,27.63,27.32,44.10,1008.86
5391,485.10,27.63,27.33,44.11,1008.86
5392,485.19,27.63,27.33,44.12,1008.86
5393,485.28,27.63,27.31,44.15,1008.86
5394,485.37,27.63,27.32,44.14,1008.86
5395,485.46,27.63,27.33,44.15,1008.86
5396,485.55,27.63,27.33,44.14,1008.86
5397,485.64,27.63,27.33,44.15,1008.86
5398,485.73,27.63,27.33,44.15,1008.86
5399,485.82,27.63,27.32,44.14,1008.86
5400,485.91,27.63,27.33,44.16,1008.85
5401,486.00,27.63,27.33,44.13,1008.85
5402,486.09,27.63,27.33,44.17,1008.85
5403,486.18,27.63,27.34,44.20,1008.85
5404,486.27,27.63,27.34,44.19,1008.85
5405,486.36,27.63,27.33,44.18,1008.85
5406,486.45,27.63,27.32,44.17,1008.85
5407,486.54,27.63,27.33,44.16,1008.85
5408,486.63,27.63,27.33,44.14,1008.85
5409,486.72,27.63,27.33,44.17,1008.85
5410,486.81,27.63,27.34,44.19,1008.85
5411,486.90,27.63,27.34,44.21,1008.85
5412,486.99,27.63,27.35,44.24,1008.85
5413,487.08,27.63,27.35,44.26,1008.85
5414,487.17,27.63,27.35,44.25,1008.85
5415,487.26,27.63,27.34,44.26,1008.85
5416,487.35,27.63,27.34,44.26,1008.85
5417,487.44,27.63,27.35,44.27,1008.85
5418,487.53,27.63,27.34,44.29,1008.85
5419,487.62,27.63,27.33,44.31,1008.85
5420,487.71,27.63,27.33,44.32,1008.85
5421,487.80,27.63,27.33,44.32,1008.85
5422,487.89,27.63,27.33,44.38,1008.84
5423,487.98,27.63,27.32,44.37,1008.84
5424,488.07,27.63,27.31,44.36,1008.84
5425,488.16,27.63,27.31,44.34,1008.84
5426,488.25,27.63,27.31,44.32,1008.84
5427,488.34,27.63,27.32,44.33,1008.84
5428,488.43,27.63,27.31,44.29,1008.84
5429,488.52,27.63,27.31,44.29,1008.84
5430,488.61,27.63,27.30,44.29,1008.84
5431,488.70,27.63,27.30,44.29,1008.83
5432,488.79,27.63,27.30,44.32,1008.83
5433,488.88,27.63,27.29,44.33,1008.83
5434,488.97,27.63,27.28,44.33,1008.83
5435,489.06,27.63,27.27,44.33,1008.83
5436,489.15,27.63,27.26,44.31,1008.83
5437,489.24,27.63,27.26,44.31,1008.83
5438,489.33,27.63,27.25,44.30,1008.83
5439,489.42,27.63,27.24,44.31,1008.83
5440,489.51,27.63,27.22,44.34,1008.83
5441,489.60,27.63,27.20,44.33,1008.83
5442,489.69,27.63,27.18,44.33,1008.83
5443,489.78,27.64,27.18,44.35,1008.83
5444,489.87,27.64,27.16,44.34,1008.83
5445,489.96,27.64,27.17,44.31,1008.83
5446,490.05,27.64,27.16,44.31,1008.83
5447,490.14,27.64,27.14,44.29,1008.82
5448,490.23,27.64,27.15,44.25,1008.83
5449,490.32,27.64,27.15,44.26,1008.83
5450,490.41,27.64,27.17,44.25,1008.83
5451,490.50,27.64,27.18,44.25,1008.83
5452,490.59,27.64,27.19,44.21,1008.83
5453,490.68,27.64,27.20,44.21,1008.83
5454,490.77,27.64,27.20,44.22,1008.83
5455,490.86,27.64,27.23,44.23,1008.82
5456,490.95,27.64,27.24,44.20,1008.82
5457,491.04,27.64,27.26,44.16,1008.82
5458,491.13,27.64,27.27,44.19,1008.83
5459,491.22,27.64,27.28,44.21,1008.82
5460,491.31,27.64,27.29,44.22,1008.83
5461,491.40,27.64,27.30,44.22,1008.83
5462,491.49,27.64,27.31,44.22,1008.83
5463,491.58,27.64,27.32,44.22,1008.83
5464,491.67,27.64,27.34,44.19,1008.83
5465,491.76,27.64,27.35,44.21,1008.83
5466,491.85,27.64,27.34,44.21,1008.83
5467,491.94,27.64,27.36,44.23,1008.83
5468,492.03,27.64,27.35,44.25,1008.84
5469,492.12,27.64,27.37,44.25,1008.83
5470,492.21,27.64,27.37,44.27,1008.83
5471,492.30,27.64,27.38,44.27,1008.84
5472,492.39,27.64,27.37,44.31,1008.83
5473,492.48,27.64,27.38,44.32,1008.83
5474,492.57,27.64,27.36,44.31,1008.83
5475,492.66,27.64,27.35,44.32,1008.83
5476,492.75,27.64,27.35,44.31,1008.83
5477,492.84,27.64,27.35,44.31,1008.83
5478,492.93,27.64,27.35,44.32,1008.83
5479,493.02,27.64,27.35,44.30,1008.83
5480,493.11,27.64,27.35,44.28,1008.83
5481,493.20,27.64,27.35,44.29,1008.83
5482,493.29,27.64,27.34,44.25,1008.83
5483,493.38,27.64,27.33,44.25,1008.83
5484,493.47,27.64,27.32,44.26,1008.83
5485,493.56,27.64,27.33,44.30,1008.83
5486,493.65,27.64,27.33,44.30,1008.83
5487,493.74,27.64,27.33,44.30,1008.83
5488,493.83,27.64,27.33,44.30,1008.82
5489,493.92,27.64,27.33,44.27,1008.83
5490,494.01,27.64,27.33,44.27,1008.83
5491,494.10,27.64,27.33,44.23,1008.83
5492,494.19,27.64,27.34,44.25,1008.83
5493,494.28,27.64,27.34,44.23,1008.83
5494,494.37,27.64,27.34,44.26,1008.82
5495,494.46,27.64,27.34,44.24,1008.83
5496,494.55,27.64,27.34,44.26,1008.83
5497,494.64,27.64,27.32,44.25,1008.83
5498,494.73,27.64,27.33,44.20,1008.83
5499,494.82,27.64,27.33,44.21,1008.83
5500,494.91,27.64,27.34,44.19,1008.83
5501,495.00,27.64,27.34,44.21,1008.84
5502,495.09,27.64,27.33,44.21,1008.83
5503,495.18,27.64,27.34,44.19,1008.84
5504,495.27,27.64,27.34,44.18,1008.84
5505,495.36,27.64,27.33,44.17,1008.84
5506,495.45,27.64,27.34,44.18,1008.84
5507,495.54,27.64,27.34,44.19,1008.84
5508,495.63,27.64,27.34,44.22,1008.84
5509,495.72,27.64,27.33,44.20,1008.84
5510,495.81,27.64,27.34,44.20,1008.84
5511,495.90,27.64,27.35,44.21,1008.84
5512,495.99,27.64,27.35,44.20,1008.83
5513,496.08,27.64,27.35,44.17,1008.83
5514,496.17,27.64,27.35,44.20,1008.83
5515,496.26,27.64,27.36,44.23,1008.83
5516,496.35,27.64,27.35,44.25,1008.84
5517,496.44,27.64,27.36,44.28,1008.84
5518,496.53,27.64,27.37,44.24,1008.84
5519,496.62,27.64,27.36,44.22,1008.84
5520,496.71,27.64,27.36,44.19,1008.84
5521,496.80,27.64,27.35,44.20,1008.84
5522,496.89,27.64,27.36,44.17,1008.84
5523,496.98,27.64,27.35,44.15,1008.84
5524,497.07,27.64,27.36,44.16,1008.84
5525,497.16,27.64,27.36,44.20,1008.84
5526,497.25,27.64,27.36,44.23,1008.84
5527,497.34,27.64,27.35,44.21,1008.84
5528,497.43,27.64,27.35,44.23,1008.84
5529,497.52,27.64,27.35,44.26,1008.84
5530,497.61,27.64,27.35,44.27,1008.84
5531,497.70,27.64,27.36,44.29,1008.84
5532,497.79,27.64,27.36,44.24,1008.84
5533,497.88,27.64,27.36,44.24,1008.84
5534,497.97,27.64,27.36,44.24,1008.84
5535,498.06,27.64,27.36,44.27,1008.84
5536,498.15,27.64,27.36,44.25,1008.83
5537,498.24,27.64,27.36,44.23,1008.84
5538,498.33,27.64,27.35,44.23,1008.83
5539,498.42,27.64,27.35,44.22,1008.83
5540,498.51,27.64,27.35,44.21,1008.83
5541,498.60,27.64,27.35,44.22,1008.83
5542,498.69,27.64,27.35,44.22,1008.83
5543,498.78,27.64,27.36,44.23,1008.83
5544,498.87,27.64,27.35,44.19,1008.83
5545,498.96,27.64,27.35,44.17,1008.83
5546,499.05,27.64,27.35,44.15,1008.83
5547,499.14,27.64,27.36,44.15,1008.83
5548,499.23,27.64,27.35,44.19,1008.83
5549,499.32,27.64,27.36,44.18,1008.83
5550,499.41,27.64,27.36,44.21,1008.83
5551,499.50,27.64,27.36,44.21,1008.83
5552,499.59,27.64,27.35,44.18,1008.83
5553,499.68,27.64,27.34,44.16,1008.83
5554,499.77,27.64,27.35,44.18,1008.83
5555,499.86,27.64,27.35,44.21,1008.83
5556,499.95,27.64,27.35,44.23,1008.83
5557,500.04,27.64,27.36,44.22,1008.83
5558,500.13,27.64,27.36,44.23,1008.83
5559,500.22,27.64,27.35,44.23,1008.83
5560,500.31,27.64,27.35,44.25,1008.83
5561,500.40,27.64,27.35,44.21,1008.83
5562,500.49,27.64,27.51,44.21,1008.83
5563,500.58,27.64,27.35,44.20,1008.83
5564,500.67,27.64,27.35,44.21,1008.83
5565,500.76,27.64,27.34,44.21,1008.83
5566,500.85,27.64,27.33,44.20,1008.83
5567,500.94,27.64,27.31,44.20,1008.84
5568,501.03,27.64,27.33,44.18,1008.83
5569,501.12,27.64,27.32,44.18,1008.84
5570,501.21,27.64,27.31,44.19,1008.84
5571,501.30,27.64,27.33,44.19,1008.84
5572,501.39,27.64,27.33,44.18,1008.84
5573,501.48,27.64,27.32,44.23,1008.84
5574,501.57,27.64,27.32,44.22,1008.84
5575,501.66,27.64,27.32,44.23,1008.84
5576,501.75,27.64,27.31,44.22,1008.84
5577,501.84,27.64,27.32,44.19,1008.84
5578,501.93,27.64,27.33,44.18,1008.84
5579,502.02,27.64,27.32,44.20,1008.84
5580,502.11,27.64,27.32,44.21,1008.84
5581,502.20,27.64,27.34,44.18,1008.84
5582,502.29,27.64,27.33,44.17,1008.84
5583,502.38,27.64,27.34,44.15,1008.84
5584,502.47,27.64,27.34,44.16,1008.84
5585,502.56,27.64,27.34,44.12,1008.84
5586,502.65,27.64,27.34,44.08,1008.84
5587,502.74,27.64,27.35,44.12,1008.84
5588,502.83,27.64,27.34,44.13,1008.84
5589,502.92,27.64,27.34,44.14,1008.84
5590,503.01,27.64,27.33,44.12,1008.84
5591,503.10,27.64,27.33,44.11,1008.84
5592,503.19,27.64,27.34,44.15,1008.84
5593,503.28,27.64,27.34,44.14,1008.85
5594,503.37,27.64,27.34,44.14,1008.85
5595,503.46,27.64,27.35,44.16,1008.85
5596,503.55,27.64,27.34,44.16,1008.85
5597,503.64,27.64,27.35,44.14,1008.86
5598,503.73,27.64,27.36,44.16,1008.86
5599,503.82,27.64,27.35,44.17,1008.86
5600,503.91,27.64,27.35,44.16,1008.86
5601,504.00,27.64,27.34,44.18,1008.86
5602,504.09,27.64,27.35,44.18,1008.85
5603,504.18,27.64,27.34,44.20,1008.86
5604,504.27,27.64,27.35,44.22,1008.86
5605,504.36,27.64,27.36,44.20,1008.86
5606,504.45,27.64,27.36,44.17,1008.86
5607,504.54,27.64,27.36,44.23,1008.86
5608,504.63,27.64,27.37,44.26,1008.87
5609,504.72,27.64,27.37,44.26,1008.86
5610,504.81,27.64,27.37,44.24,1008.87
5611,504.90,27.64,27.38,44.21,1008.87
5612,504.99,27.64,27.37,44.22,1008.87
5613,505.08,27.64,27.38,44.22,1008.87
5614,505.17,27.64,27.39,44.25,1008.87
5615,505.26,27.64,27.39,44.25,1008.87
5616,505.35,27.64,27.40,44.26,1008.87
5617,505.44,27.64,27.41,44.24,1008.87
5618,505.53,27.64,27.41,44.24,1008.87
5619,505.62,27.64,27.40,44.24,1008.86
5620,505.71,27.64,27.39,44.24,1008.87
5621,505.80,27.64,27.39,44.25,1008.87
5622,505.89,27.64,27.38,44.24,1008.87
5623,505.98,27.64,27.40,44.27,1008.87
5624,506.07,27.64,27.40,44.26,1008.87
5625,506.16,27.64,27.39,44.29,1008.87
5626,506.25,27.64,27.38,44.30,1008.87
5627,506.34,27.64,27.39,44.28,1008.87
5628,506.43,27.64,27.39,44.23,1008.87
5629,506.52,27.64,27.40,44.23,1008.87
5630,506.61,27.64,27.40,44.24,1008.87
5631,506.70,27.64,27.41,44.23,1008.87
5632,506.79,27.64,27.40,44.23,1008.86
5633,506.88,27.64,27.39,44.23,1008.86
5634,506.97,27.64,27.41,44.23,1008.86
5635,507.06,27.64,27.41,44.24,1008.86
5636,507.15,27.64,27.41,44.25,1008.86
5637,507.24,27.64,27.39,44.23,1008.86
5638,507.33,27.64,27.39,44.24,1008.86
5639,507.42,27.64,27.39,44.21,1008.85
5640,507.51,27.64,27.38,44.22,1008.85
5641,507.60,27.64,27.38,44.21,1008.85
5642,507.69,27.64,27.38,44.19,1008.85
5643,507.78,27.64,27.39,44.20,1008.85
5644,507.87,27.64,27.40,44.19,1008.85
5645,507.96,27.64,27.39,44.17,1008.85
5646,508.05,27.64,27.38,44.16,1008.85
5647,508.14,27.64,27.38,44.17,1008.85
5648,508.23,27.64,27.36,44.18,1008.86
5649,508.32,27.64,27.36,44.16,1008.85
5650,508.41,27.64,27.35,44.17,1008.85
5651,508.50,27.64,27.35,44.16,1008.85
5652,508.59,27.64,27.33,44.15,1008.85
5653,508.68,27.64,27.33,44.16,1008.85
5654,508.77,27.64,27.33,44.15,1008.85
5655,508.86,27.64,27.33,44.18,1008.85
5656,508.95,27.64,27.32,44.17,1008.85
5657,509.04,27.64,27.33,44.17,1008.85
5658,509.13,27.64,27.34,44.19,1008.85
5659,509.22,27.64,27.33,44.20,1008.85
5660,509.31,27.64,27.33,44.19,1008.85
5661,509.40,27.64,27.34,44.20,1008.85
5662,509.49,27.64,27.35,44.21,1008.85
5663,509.58,27.64,27.35,44.21,1008.85
5664,509.67,27.64,27.35,44.22,1008.85
5665,509.76,27.64,27.34,44.22,1008.85
5666,509.85,27.64,27.35,44.22,1008.85
5667,509.94,27.64,27.34,44.24,1008.86
5668,510.03,27.64,27.35,44.24,1008.86
5669,510.12,27.64,27.35,44.23,1008.85
5670,510.21,27.64,27.35,44.24,1008.86
5671,510.30,27.64,27.36,44.25,1008.86
5672,510.39,27.64,27.36,44.25,1008.86
5673,510.48,27.64,27.37,44.25,1008.86
5674,510.57,27.64,27.37,44.25,1008.87
5675,510.66,27.64,27.37,44.23,1008.87
5676,510.75,27.64,27.38,44.24,1008.87
5677,510.84,27.64,27.38,44.23,1008.87
5678,510.93,27.64,27.39,44.22,1008.88
5679,511.02,27.64,27.38,44.20,1008.88
5680,511.11,27.64,27.37,44.17,1008.88
5681,511.20,27.64,27.37,44.16,1008.88
5682,511.29,27.64,27.37,44.17,1008.88
5683,511.38,27.64,27.37,44.17,1008.87
5684,511.47,27.64,27.37,44.17,1008.88
5685,511.56,27.64,27.37,44.21,1008.87
5686,511.65,27.64,27.35,44.19,1008.87
5687,511.74,27.64,27.35,44.21,1008.87
5688,511.83,27.64,27.36,44.18,1008.87
5689,511.92,27.64,27.35,44.21,1008.87
5690,512.01,27.64,27.38,44.20,1008.87
5691,512.10,27.64,27.37,44.19,1008.87
5692,512.19,27.64,27.38,44.19,1008.87
5693,512.28,27.64,27.38,44.18,1008.87
5694,512.37,27.64,27.38,44.18,1008.87
5695,512.46,27.64,27.39,44.17,1008.87
5696,512.55,27.64,27.40,44.13,1008.86
5697,512.64,27.64,27.40,44.14,1008.86
5698,512.73,27.64,27.40,44.17,1008.86
5699,512.82,27.64,27.40,44.21,1008.86
5700,512.91,27.64,27.39,44.18,1008.86
5701,513.00,27.64,27.39,44.15,1008.86
5702,513.09,27.64,27.38,44.11,1008.86
5703,513.18,27.64,27.38,44.14,1008.85
5704,513.27,27.64,27.39,44.15,1008.85
5705,513.36,27.64,27.38,44.14,1008.85
5706,513.45,27.64,27.37,44.13,1008.85
5707,513.54,27.64,27.38,44.12,1008.85
5708,513.63,27.64,27.39,44.15,1008.85
5709,513.72,27.64,27.38,44.14,1008.85
5710,513.81,27.64,27.37,44.12,1008.85
5711,513.90,27.64,27.36,44.18,1008.85
5712,513.99,27.64,27.36,44.18,1008.85
5713,514.08,27.64,27.36,44.18,1008.84
5714,514.17,27.64,27.38,44.16,1008.84
5715,514.26,27.64,27.37,44.19,1008.84
5716,514.35,27.64,27.37,44.21,1008.83
5717,514.44,27.64,27.38,44.19,1008.84
5718,514.53,27.64,27.37,44.19,1008.84
5719,514.62,27.64,27.38,44.16,1008.83
5720,514.71,27.64,27.37,44.15,1008.83
5721,514.80,27.64,27.37,44.14,1008.83
5722,514.89,27.64,27.37,44.17,1008.83
5723,514.98,27.64,27.37,44.16,1008.82
5724,515.07,27.64,27.38,44.14,1008.82
5725,515.16,27.64,27.38,44.17,1008.83
5726,515.25,27.64,27.38,44.16,1008.82
5727,515.34,27.64,27.37,44.17,1008.82
5728,515.43,27.64,27.36,44.19,1008.83
5729,515.52,27.64,27.36,44.18,1008.83
5730,515.61,27.64,27.37,44.19,1008.82
5731,515.70,27.64,27.37,44.18,1008.82
5732,515.79,27.64,27.37,44.18,1008.83
5733,515.88,27.64,27.36,44.19,1008.83
5734,515.97,27.64,27.36,44.20,1008.83
5735,516.06,27.64,27.34,44.21,1008.83
5736,516.15,27.64,27.33,44.22,1008.83
5737,516.24,27.64,27.34,44.21,1008.82
5738,516.33,27.64,27.34,44.19,1008.83
5739,516.42,27.64,27.34,44.17,1008.82
5740,516.51,27.64,27.33,44.19,1008.83
5741,516.60,27.64,27.34,44.21,1008.82
5742,516.69,27.64,27.35,44.23,1008.83
5743,516.78,27.64,27.35,44.22,1008.82
5744,516.87,27.64,27.35,44.20,1008.82
5745,516.96,27.64,27.35,44.19,1008.82
5746,517.05,27.64,27.36,44.22,1008.82
5747,517.14,27.64,27.36,44.22,1008.82
5748,517.23,27.64,27.36,44.23,1008.83
5749,517.32,27.64,27.36,44.21,1008.83
5750,517.41,27.64,27.35,44.23,1008.82
5751,517.50,27.64,27.35,44.21,1008.83
5752,517.59,27.64,27.35,44.19,1008.82
5753,517.68,27.64,27.35,44.17,1008.83
5754,517.77,27.64,27.35,44.19,1008.83
5755,517.86,27.64,27.36,44.20,1008.83
5756,517.95,27.64,27.35,44.20,1008.83
5757,518.04,27.64,27.36,44.19,1008.84
5758,518.13,27.64,27.36,44.20,1008.84
5759,518.22,27.64,27.35,44.19,1008.84
5760,518.31,27.64,27.36,44.17,1008.84
5761,518.40,27.64,27.36,44.16,1008.84
5762,518.49,27.64,27.37,44.16,1008.84
5763,518.58,27.64,27.36,44.18,1008.84
5764,518.67,27.64,27.36,44.19,1008.85
5765,518.76,27.64,27.36,44.19,1008.85
5766,518.85,27.64,27.36,44.19,1008.85
5767,518.94,27.64,27.36,44.18,1008.85
5768,519.03,27.64,27.36,44.21,1008.84
5769,519.12,27.64,27.37,44.19,1008.85
5770,519.21,27.64,27.37,44.15,1008.85
5771,519.30,27.64,27.36,44.11,1008.85
5772,519.39,27.64,27.36,44.07,1008.85
5773,519.48,27.64,27.36,44.09,1008.85
5774,519.57,27.64,27.36,44.09,1008.85
5775,519.66,27.64,27.37,44.08,1008.85
5776,519.75,27.64,27.39,44.04,1008.85
5777,519.84,27.64,27.38,44.04,1008.85
5778,519.93,27.64,27.38,44.01,1008.85
5779,520.02,27.64,27.39,44.00,1008.85
5780,520.11,27.64,27.38,43.97,1008.85
5781,520.20,27.64,27.38,43.96,1008.85
5782,520.29,27.64,27.39,43.98,1008.84
5783,520.38,27.64,27.38,43.94,1008.84
5784,520.47,27.64,27.37,43.91,1008.84
5785,520.56,27.64,27.36,43.91,1008.84
5786,520.65,27.64,27.37,43.89,1008.84
5787,520.74,27.64,27.37,43.85,1008.84
5788,520.83,27.64,27.36,43.81,1008.84
5789,520.92,27.64,27.37,43.79,1008.84
5790,521.01,27.64,27.38,43.73,1008.84
5791,521.10,27.64,27.38,43.73,1008.84
5792,521.19,27.64,27.38,43.72,1008.84
5793,521.28,27.64,27.38,43.75,1008.84
5794,521.37,27.64,27.38,43.75,1008.83
5795,521.46,27.64,27.38,43.75,1008.83
5796,521.55,27.64,27.38,43.72,1008.83
5797,521.64,27.64,27.38,43.74,1008.83
5798,521.73,27.64,27.38,43.77,1008.83
5799,521.82,27.64,27.39,43.80,1008.83
5800,521.91,27.64,27.38,43.76,1008.83
5801,522.00,27.64,27.38,43.77,1008.83
5802,522.09,27.64,27.38,43.79,1008.82
5803,522.18,27.64,27.39,43.79,1008.82
5804,522.27,27.64,27.40,43.80,1008.82
5805,522.36,27.64,27.40,43.80,1008.82
5806,522.45,27.64,27.40,43.76,1008.82
5807,522.54,27.64,27.40,43.77,1008.81
5808,522.63,27.64,27.39,43.80,1008.81
5809,522.72,27.64,27.39,43.82,1008.82
5810,522.81,27.64,27.39,43.86,1008.82
5811,522.90,27.64,27.39,43.91,1008.82
5812,522.99,27.64,27.39,43.92,1008.81
5813,523.08,27.64,27.40,43.92,1008.81
5814,523.17,27.64,27.39,43.92,1008.81
5815,523.26,27.64,27.39,43.91,1008.81
5816,523.35,27.64,27.38,43.92,1008.81
5817,523.44,27.64,27.39,43.93,1008.82
5818,523.53,27.64,27.38,43.92,1008.81
5819,523.62,27.64,27.37,43.91,1008.81
5820,523.71,27.64,27.37,43.92,1008.81
5821,523.80,27.64,27.37,43.95,1008.82
5822,523.89,27.64,27.36,44.00,1008.82
5823,523.98,27.64,27.36,44.04,1008.82
5824,524.07,27.64,27.36,44.02,1008.82
5825,524.16,27.64,27.37,44.04,1008.82
5826,524.25,27.64,27.37,44.05,1008.82
5827,524.34,27.64,27.37,44.09,1008.82
5828,524.43,27.64,27.37,44.12,1008.82
5829,524.52,27.64,27.38,44.13,1008.82
5830,524.61,27.64,27.38,44.15,1008.82
5831,524.70,27.64,27.38,44.13,1008.83
5832,524.79,27.64,27.38,44.16,1008.83
5833,524.88,27.64,27.36,44.16,1008.83
5834,524.97,27.64,27.36,44.18,1008.84
5835,525.06,27.64,27.35,44.17,1008.83
5836,525.15,27.64,27.36,44.17,1008.84
5837,525.24,27.64,27.36,44.20,1008.84
5838,525.33,27.64,27.36,44.20,1008.85
5839,525.42,27.64,27.38,44.17,1008.84
5840,525.51,27.64,27.38,44.19,1008.84
5841,525.60,27.64,27.38,44.19,1008.85
5842,525.69,27.64,27.38,44.20,1008.85
5843,525.78,27.64,27.38,44.16,1008.85
5844,525.87,27.64,27.38,44.16,1008.85
5845,525.96,27.64,27.37,44.21,1008.85
5846,526.05,27.64,27.37,44.19,1008.84
5847,526.14,27.64,27.37,44.19,1008.85
5848,526.23,27.64,27.38,44.22,1008.84
5849,526.32,27.64,27.38,44.24,1008.84
5850,526.41,27.64,27.38,44.23,1008.84
5851,526.50,27.64,27.38,44.23,1008.85
5852,526.59,27.64,27.38,44.25,1008.85
5853,526.68,27.64,27.38,44.22,1008.85
5854,526.77,27.64,27.39,44.19,1008.85
5855,526.86,27.64,27.39,44.15,1008.84
5856,526.95,27.64,27.39,44.16,1008.85
5857,527.04,27.64,27.40,44.15,1008.85
5858,527.13,27.64,27.39,44.15,1008.84
5859,527.22,27.64,27.40,44.16,1008.84
5860,527.31,27.64,27.40,44.13,1008.84
5861,527.40,27.64,27.41,44.12,1008.84
5862,527.49,27.64,27.40,44.11,1008.85
5863,527.58,27.64,27.41,44.09,1008.85
5864,527.67,27.64,27.42,44.08,1008.85
5865,527.76,27.64,27.41,44.13,1008.85
5866,527.85,27.64,27.41,44.14,1008.85
5867,527.94,27.64,27.41,44.13,1008.85
5868,528.03,27.64,27.40,44.09,1008.84
5869,528.12,27.64,27.40,44.10,1008.84
5870,528.21,27.64,27.42,44.10,1008.85
5871,528.30,27.64,27.42,44.10,1008.85
5872,528.39,27.64,27.41,44.07,1008.85
5873,528.48,27.64,27.41,44.11,1008.85
5874,528.57,27.64,27.40,44.09,1008.84
5875,528.66,27.64,27.39,44.08,1008.84
5876,528.75,27.64,27.39,44.09,1008.84
5877,528.84,27.64,27.39,44.06,1008.84
5878,528.93,27.64,27.38,44.08,1008.84
5879,529.02,27.64,27.38,44.10,1008.84
5880,529.11,27.64,27.39,44.12,1008.84
5881,529.20,27.64,27.39,44.11,1008.84
5882,529.29,27.64,27.38,44.14,1008.84
5883,529.38,27.64,27.39,44.14,1008.84
5884,529.47,27.64,27.39,44.12,1008.83
5885,529.56,27.64,27.37,44.11,1008.83
5886,529.65,27.64,27.39,44.09,1008.83
5887,529.74,27.64,27.39,44.10,1008.83
5888,529.83,27.64,27.38,44.07,1008.83
5889,529.92,27.64,27.37,44.06,1008.83
5890,530.01,27.64,27.37,44.06,1008.83
5891,530.10,27.64,27.38,44.09,1008.83
5892,530.19,27.64,27.38,44.06,1008.83
5893,530.28,27.64,27.38,44.06,1008.83
5894,530.37,27.64,27.38,44.05,1008.83
5895,530.46,27.64,27.39,44.03,1008.83
5896,530.55,27.64,27.39,44.04,1008.83
5897,530.64,27.64,27.39,44.04,1008.83
5898,530.73,27.64,27.39,44.05,1008.83
5899,530.82,27.64,27.39,44.06,1008.83
5900,530.91,27.64,27.39,44.05,1008.83
5901,531.00,27.64,27.38,44.02,1008.83
5902,531.09,27.64,27.38,44.01,1008.83
5903,531.18,27.64,27.37,44.02,1008.84
5904,531.27,27.64,27.37,44.03,1008.84
5905,531.36,27.64,27.37,44.03,1008.84
5906,531.45,27.64,27.38,44.02,1008.84
5907,531.54,27.64,27.37,43.98,1008.84
5908,531.63,27.64,27.38,44.00,1008.84
5909,531.72,27.64,27.38,44.02,1008.84
5910,531.81,27.64,27.39,44.00,1008.84
5911,531.90,27.64,27.39,44.02,1008.84
5912,531.99,27.64,27.38,44.02,1008.85
5913,532.08,27.64,27.38,44.00,1008.84
5914,532.17,27.64,27.38,44.02,1008.85
5915,532.26,27.64,27.38,43.99,1008.85
5916,532.35,27.63,27.37,43.99,1008.85
5917,532.44,27.63,27.37,43.95,1008.85
5918,532.53,27.63,27.36,43.94,1008.84
5919,532.62,27.63,27.35,43.95,1008.84
5920,532.71,27.63,27.36,43.93,1008.83
5921,532.80,27.63,27.35,43.91,1008.82
5922,532.89,27.63,27.36,43.89,1008.81
5923,532.98,27.63,27.35,43.91,1008.80
5924,533.07,27.63,27.34,43.90,1008.80
5925,533.16,27.63,27.34,43.91,1008.80
5926,533.25,27.63,27.34,43.94,1008.81
5927,533.34,27.63,27.35,43.93,1008.82
5928,533.43,27.63,27.35,43.95,1008.83
5929,533.52,27.63,27.36,43.94,1008.84
5930,533.61,27.63,27.35,43.95,1008.85
5931,533.70,27.63,27.35,43.96,1008.86
5932,533.79,27.63,27.34,43.98,1008.86
5933,533.88,27.63,27.35,43.97,1008.86
5934,533.97,27.63,27.35,43.96,1008.86
5935,534.06,27.63,27.35,43.97,1008.86
5936,534.15,27.63,27.36,43.96,1008.87
5937,534.24,27.63,27.36,43.96,1008.87
5938,534.33,27.63,27.35,43.96,1008.88
5939,534.42,27.63,27.34,43.96,1008.87
5940,534.51,27.63,27.33,43.95,1008.87
5941,534.60,27.63,27.32,43.94,1008.87
5942,534.69,27.63,27.34,43.93,1008.88
5943,534.78,27.63,27.34,43.95,1008.88
5944,534.87,27.63,27.35,43.99,1008.88
5945,534.96,27.63,27.35,43.99,1008.88
5946,535.05,27.63,27.35,43.96,1008.88
5947,535.14,27.63,27.35,43.96,1008.88
5948,535.23,27.63,27.36,43.95,1008.87
5949,535.32,27.63,27.37,43.99,1008.87
5950,535.41,27.63,27.37,44.02,1008.87
5951,535.50,27.63,27.38,44.05,1008.87
5952,535.59,27.63,27.38,44.03,1008.87
5953,535.68,27.63,27.39,44.01,1008.87
5954,535.77,27.63,27.38,44.01,1008.86
5955,535.86,27.63,27.38,44.02,1008.86
5956,535.95,27.63,27.39,44.03,1008.86
5957,536.04,27.63,27.39,44.00,1008.86
5958,536.13,27.63,27.39,44.02,1008.86
5959,536.22,27.63,27.39,44.06,1008.86
5960,536.31,27.63,27.40,44.06,1008.86
5961,536.40,27.63,27.40,44.06,1008.86
5962,536.49,27.63,27.41,44.03,1008.86
5963,536.58,27.63,27.40,44.04,1008.86
5964,536.67,27.63,27.41,44.03,1008.85
5965,536.76,27.63,27.41,44.06,1008.85
5966,536.85,27.63,27.40,44.03,1008.85
5967,536.94,27.63,27.40,44.03,1008.85
5968,537.03,27.63,27.39,44.01,1008.85
5969,537.12,27.63,27.39,43.97,1008.85
5970,537.21,27.63,27.40,43.95,1008.85
5971,537.30,27.63,27.40,43.94,1008.85
5972,537.39,27.63,27.39,43.97,1008.85
5973,537.48,27.63,27.41,43.94,1008.84
5974,537.57,27.63,27.42,43.92,1008.85
5975,537.66,27.63,27.43,43.93,1008.84
5976,537.75,27.63,27.43,43.93,1008.84
5977,537.84,27.63,27.42,43.94,1008.85
5978,537.93,27.63,27.41,43.93,1008.84
5979,538.02,27.63,27.41,43.93,1008.85
5980,538.11,27.63,27.41,43.93,1008.85
5981,538.20,27.63,27.40,43.92,1008.85
5982,538.29,27.63,27.40,43.92,1008.85
5983,538.38,27.63,27.40,43.91,1008.86
5984,538.47,27.63,27.39,43.89,1008.85
5985,538.56,27.63,27.39,43.92,1008.85
5986,538.65,27.63,27.39,43.92,1008.85
5987,538.74,27.63,27.39,43.91,1008.85
5988,538.83,27.63,27.40,43.87,1008.86
5989,538.92,27.63,27.40,43.89,1008.85
5990,539.01,27.63,27.38,43.90,1008.86
5991,539.10,27.63,27.37,43.92,1008.86
5992,539.19,27.63,27.37,43.94,1008.86
5993,539.28,27.63,27.36,43.93,1008.86
5994,539.37,27.63,27.34,43.89,1008.86
5995,539.46,27.63,27.34,43.89,1008.86
5996,539.55,27.63,27.34,43.90,1008.86
5997,539.64,27.63,27.35,43.89,1008.86
5998,539.73,27.63,27.36,43.90,1008.86
5999,539.82,27.63,27.36,43.89,1008.86
6000,539.91,27.63,27.37,43.85,1008.86
6001,540.00,27.63,27.37,43.84,1008.86
6002,540.09,27.63,27.38,43.86,1008.86
6003,540.18,27.63,27.37,43.83,1008.86
6004,540.27,27.63,27.38,43.85,1008.86
6005,540.36,27.63,27.38,43.85,1008.86
6006,540.45,27.63,27.38,43.84,1008.86
6007,540.54,27.63,27.38,43.83,1008.87
6008,540.63,27.63,27.38,43.84,1008.87
6009,540.72,27.63,27.38,43.80,1008.87
6010,540.81,27.63,27.39,43.80,1008.87
6011,540.90,27.63,27.39,43.80,1008.87
6012,540.99,27.63,27.39,43.81,1008.87
6013,541.08,27.63,27.38,43.78,1008.87
6014,541.17,27.63,27.38,43.79,1008.86
6015,541.26,27.63,27.38,43.81,1008.87
6016,541.35,27.63,27.37,43.80,1008.87
6017,541.44,27.63,27.37,43.78,1008.86
6018,541.53,27.63,27.37,43.80,1008.86
6019,541.62,27.63,27.38,43.80,1008.86
6020,541.71,27.63,27.38,43.80,1008.86
6021,541.80,27.63,27.38,43.82,1008.86
6022,541.89,27.63,27.38,43.82,1008.86
6023,541.98,27.63,27.38,43.83,1008.87
6024,542.07,27.63,27.37,43.86,1008.87
6025,542.16,27.63,27.38,43.84,1008.86
6026,542.25,27.63,27.38,43.82,1008.86
6027,542.34,27.63,27.37,43.82,1008.86
6028,542.43,27.63,27.37,43.86,1008.85
6029,542.52,27.63,27.38,43.87,1008.85
6030,542.61,27.63,27.38,43.87,1008.85
6031,542.70,27.63,27.37,43.87,1008.85
6032,542.79,27.63,27.39,43.88,1008.85
6033,542.88,27.63,27.39,43.88,1008.85
6034,542.97,27.63,27.39,43.88,1008.85
6035,543.06,27.63,27.40,43.90,1008.85
6036,543.15,27.63,27.40,43.92,1008.85
6037,543.24,27.63,27.41,43.94,1008.84
6038,543.33,27.63,27.41,43.94,1008.84
6039,543.42,27.63,27.40,43.95,1008.84
6040,543.51,27.63,27.40,43.92,1008.84
6041,543.60,27.63,27.40,43.91,1008.84
6042,543.69,27.63,27.40,43.90,1008.84
6043,543.78,27.63,27.39,43.90,1008.83
6044,543.87,27.63,27.39,43.89,1008.83
6045,543.96,27.63,27.40,43.91,1008.84
6046,544.05,27.63,27.39,43.88,1008.83
6047,544.14,27.63,27.39,43.87,1008.83
6048,544.23,27.63,27.39,43.84,1008.83
6049,544.32,27.63,27.40,43.85,1008.83
6050,544.41,27.63,27.42,43.84,1008.83
6051,544.50,27.63,27.42,43.83,1008.83
6052,544.59,27.63,27.41,43.83,1008.83
6053,544.68,27.63,27.42,43.79,1008.83
6054,544.77,27.63,27.42,43.78,1008.83
6055,544.86,27.63,27.42,43.83,1008.83
6056,544.95,27.63,27.42,43.83,1008.83
6057,545.04,27.63,27.43,43.81,1008.83
6058,545.13,27.63,27.42,43.84,1008.83
6059,545.22,27.63,27.42,43.86,1008.82
6060,545.31,27.63,27.42,43.87,1008.82
6061,545.40,27.63,27.42,43.87,1008.82
6062,545.49,27.63,27.41,43.86,1008.83
6063,545.58,27.63,27.41,43.87,1008.83
6064,545.67,27.63,27.41,43.86,1008.82
6065,545.76,27.63,27.39,43.85,1008.82
6066,545.85,27.63,27.40,43.86,1008.82
6067,545.94,27.63,27.40,43.85,1008.82
6068,546.03,27.63,27.40,43.86,1008.82
6069,546.12,27.63,27.41,43.85,1008.83
6070,546.21,27.63,27.43,43.86,1008.83
6071,546.30,27.63,27.42,43.86,1008.83
6072,546.39,27.63,27.43,43.83,1008.83
6073,546.48,27.63,27.43,43.85,1008.83
6074,546.57,27.63,27.43,43.81,1008.83
6075,546.66,27.63,27.43,43.82,1008.83
6076,546.75,27.63,27.44,43.82,1008.83
6077,546.84,27.63,27.43,43.85,1008.83
6078,546.93,27.63,27.41,43.84,1008.83
6079,547.02,27.63,27.41,43.84,1008.83
6080,547.11,27.63,27.40,43.86,1008.83
6081,547.20,27.63,27.40,43.92,1008.83
6082,547.29,27.63,27.41,43.90,1008.83
6083,547.38,27.63,27.41,43.92,1008.83
6084,547.47,27.63,27.40,43.90,1008.83
6085,547.56,27.63,27.40,43.91,1008.83
6086,547.65,27.63,27.39,43.90,1008.82
6087,547.74,27.63,27.39,43.87,1008.82
6088,547.83,27.63,27.39,43.84,1008.82
6089,547.92,27.63,27.39,43.85,1008.83
6090,548.01,27.63,27.39,43.82,1008.83
6091,548.10,27.63,27.39,43.86,1008.83
6092,548.19,27.63,27.39,43.87,1008.83
6093,548.28,27.63,27.39,43.88,1008.83
6094,548.37,27.63,27.38,43.88,1008.83
6095,548.46,27.63,27.38,43.89,1008.83
6096,548.55,27.63,27.39,43.88,1008.83
6097,548.64,27.63,27.39,43.86,1008.83
6098,548.73,27.63,27.38,43.87,1008.83
6099,548.82,27.63,27.39,43.85,1008.83
6100,548.91,27.63,27.39,43.81,1008.83
6101,549.00,27.63,27.39,43.81,1008.84
6102,549.09,27.63,27.39,43.80,1008.84
6103,549.18,27.63,27.39,43.82,1008.83
6104,549.27,27.63,27.40,43.84,1008.83
6105,549.36,27.63,27.40,43.81,1008.83
6106,549.45,27.63,27.40,43.81,1008.83
6107,549.54,27.63,27.40,43.78,1008.83
6108,549.63,27.63,27.40,43.78,1008.83
6109,549.72,27.63,27.40,43.75,1008.83
6110,549.81,27.63,27.41,43.72,1008.83
6111,549.90,27.63,27.42,43.72,1008.83
6112,549.99,27.63,27.42,43.75,1008.83
6113,550.08,27.63,27.42,43.75,1008.83
6114,550.17,27.63,27.43,43.76,1008.83
6115,550.26,27.63,27.41,43.79,1008.83
6116,550.35,27.63,27.41,43.76,1008.83
6117,550.44,27.63,27.41,43.72,1008.83
6118,550.53,27.63,27.40,43.72,1008.83
6119,550.62,27.63,27.40,43.71,1008.82
6120,550.71,27.63,27.40,43.74,1008.82
6121,550.80,27.63,27.41,43.73,1008.82
6122,550.89,27.63,27.42,43.69,1008.82
6123,550.98,27.63,27.42,43.68,1008.81
6124,551.07,27.63,27.43,43.68,1008.82
6125,551.16,27.63,27.43,43.68,1008.82
6126,551.25,27.63,27.42,43.70,1008.82
6127,551.34,27.63,27.43,43.68,1008.83
6128,551.43,27.63,27.43,43.68,1008.82
6129,551.52,27.63,27.42,43.70,1008.82
6130,551.61,27.63,27.42,43.71,1008.82
6131,551.70,27.63,27.41,43.75,1008.82
6132,551.79,27.63,27.41,43.71,1008.82
6133,551.88,27.63,27.43,43.67,1008.82
6134,551.97,27.63,27.44,43.67,1008.82
6135,552.06,27.63,27.44,43.66,1008.82
6136,552.15,27.63,27.41,43.67,1008.82
6137,552.24,27.63,27.41,43.67,1008.81
6138,552.33,27.63,27.41,43.69,1008.82
6139,552.42,27.63,27.41,43.71,1008.82
6140,552.51,27.63,27.41,43.70,1008.82
6141,552.60,27.63,27.41,43.70,1008.82
6142,552.69,27.63,27.41,43.70,1008.82
6143,552.78,27.63,27.42,43.68,1008.82
6144,552.87,27.63,27.42,43.68,1008.82
6145,552.96,27.63,27.42,43.67,1008.82
6146,553.05,27.63,27.42,43.71,1008.82
6147,553.14,27.63,27.42,43.70,1008.83
6148,553.23,27.63,27.41,43.70,1008.83
6149,553.32,27.63,27.41,43.72,1008.82
6150,553.41,27.63,27.41,43.71,1008.83
6151,553.50,27.63,27.42,43.70,1008.83
6152,553.59,27.63,27.42,43.68,1008.83
6153,553.68,27.63,27.41,43.67,1008.83
6154,553.77,27.63,27.42,43.69,1008.83
6155,553.86,27.63,27.42,43.70,1008.83
6156,553.95,27.63,27.43,43.74,1008.83
6157,554.04,27.63,27.44,43.74,1008.83
6158,554.13,27.63,27.44,43.74,1008.83
6159,554.22,27.63,27.43,43.72,1008.83
6160,554.31,27.63,27.42,43.70,1008.84
6161,554.40,27.63,27.42,43.67,1008.84
6162,554.49,27.63,27.43,43.64,1008.84
6163,554.58,27.63,27.43,43.68,1008.83
6164,554.67,27.63,27.43,43.67,1008.84
6165,554.76,27.63,27.43,43.64,1008.84
6166,554.85,27.63,27.42,43.66,1008.84
6167,554.94,27.63,27.42,43.67,1008.84
6168,555.03,27.63,27.43,43.69,1008.84
6169,555.12,27.63,27.41,43.70,1008.84
6170,555.21,27.63,27.40,43.70,1008.84
6171,555.30,27.63,27.40,43.70,1008.84
6172,555.39,27.63,27.41,43.69,1008.84
6173,555.48,27.63,27.41,43.65,1008.84
6174,555.57,27.63,27.40,43.65,1008.84
6175,555.66,27.63,27.40,43.70,1008.84
6176,555.75,27.63,27.40,43.69,1008.84
6177,555.84,27.63,27.40,43.69,1008.84
6178,555.93,27.63,27.40,43.73,1008.84
6179,556.02,27.63,27.40,43.71,1008.84
6180,556.11,27.63,27.39,43.66,1008.84
6181,556.20,27.63,27.39,43.65,1008.84
6182,556.29,27.63,27.40,43.63,1008.85
6183,556.38,27.63,27.41,43.63,1008.85
6184,556.47,27.63,27.42,43.62,1008.84
6185,556.56,27.63,27.42,43.63,1008.84
6186,556.65,27.63,27.40,43.63,1008.84
6187,556.74,27.63,27.39,43.64,1008.85
6188,556.83,27.63,27.39,43.62,1008.85
6189,556.92,27.63,27.39,43.64,1008.85
6190,557.01,27.63,27.37,43.61,1008.84
6191,557.10,27.63,27.37,43.62,1008.84
6192,557.19,27.63,27.36,43.61,1008.84
6193,557.28,27.63,27.36,43.62,1008.84
6194,557.37,27.63,27.36,43.62,1008.84
6195,557.46,27.63,27.37,43.62,1008.84
6196,557.55,27.63,27.36,43.65,1008.84
6197,557.64,27.63,27.36,43.67,1008.84
6198,557.73,27.63,27.36,43.68,1008.84
6199,557.82,27.63,27.36,43.72,1008.84
6200,557.91,27.63,27.37,43.72,1008.84
6201,558.00,27.63,27.37,43.71,1008.84
6202,558.09,27.63,27.38,43.68,1008.84
6203,558.18,27.63,27.39,43.68,1008.84
6204,558.27,27.63,27.39,43.71,1008.85
6205,558.36,27.63,27.38,43.72,1008.85
6206,558.45,27.63,27.38,43.72,1008.85
6207,558.54,27.63,27.39,43.75,1008.85
6208,558.63,27.63,27.39,43.76,1008.85
6209,558.72,27.63,27.39,43.77,1008.85
6210,558.81,27.63,27.40,43.77,1008.85
6211,558.90,27.63,27.39,43.76,1008.85
6212,558.99,27.63,27.39,43.77,1008.86
6213,559.08,27.63,27.39,43.76,1008.86
6214,559.17,27.63,27.38,43.79,1008.85
6215,559.26,27.63,27.39,43.81,1008.86
6216,559.35,27.63,27.40,43.83,1008.85
6217,559.44,27.63,27.41,43.85,1008.85
6218,559.53,27.63,27.42,43.85,1008.85
6219,559.62,27.63,27.42,43.85,1008.85
6220,559.71,27.63,27.42,43.86,1008.85
6221,559.80,27.63,27.43,43.84,1008.85
6222,559.89,27.63,27.43,43.83,1008.85
6223,559.98,27.63,27.44,43.81,1008.86
6224,560.07,27.63,27.43,43.79,1008.86
6225,560.16,27.63,27.43,43.77,1008.86
6226,560.25,27.63,27.43,43.72,1008.86
6227,560.34,27.63,27.42,43.69,1008.86
6228,560.43,27.63,27.42,43.69,1008.85
6229,560.52,27.63,27.41,43.69,1008.86
6230,560.61,27.63,27.41,43.70,1008.85
6231,560.70,27.63,27.42,43.75,1008.85
6232,560.79,27.63,27.43,43.78,1008.86
6233,560.88,27.63,27.42,43.77,1008.86
6234,560.97,27.63,27.42,43.77,1008.86
6235,561.06,27.63,27.42,43.75,1008.86
6236,561.15,27.63,27.43,43.72,1008.86
6237,561.24,27.63,27.42,43.68,1008.86
6238,561.33,27.63,27.42,43.73,1008.86
6239,561.42,27.63,27.42,43.77,1008.86
6240,561.51,27.63,27.41,43.78,1008.86
6241,561.60,27.63,27.40,43.74,1008.86
6242,561.69,27.63,27.41,43.73,1008.86
6243,561.78,27.63,27.43,43.69,1008.86
6244,561.87,27.63,27.42,43.67,1008.86
6245,561.96,27.63,27.41,43.67,1008.86
6246,562.05,27.63,27.41,43.68,1008.86
6247,562.14,27.63,27.41,43.68,1008.85
6248,562.23,27.63,27.43,43.69,1008.85
6249,562.32,27.63,27.43,43.66,1008.85
6250,562.41,27.63,27.42,43.68,1008.85
6251,562.50,27.63,27.42,43.71,1008.85
6252,562.59,27.63,27.40,43.68,1008.85
6253,562.68,27.63,27.40,43.66,1008.85
6254,562.77,27.63,27.40,43.63,1008.85
6255,562.86,27.63,27.40,43.62,1008.85
6256,562.95,27.63,27.40,43.62,1008.85
6257,563.04,27.63,27.40,43.61,1008.85
6258,563.13,27.63,27.42,43.64,1008.85
6259,563.22,27.63,27.42,43.64,1008.85
6260,563.31,27.63,27.42,43.66,1008.85
6261,563.40,27.63,27.41,43.65,1008.84
6262,563.49,27.63,27.41,43.63,1008.85
6263,563.58,27.63,27.42,43.63,1008.85
6264,563.67,27.63,27.41,43.64,1008.85
6265,563.76,27.63,27.41,43.64,1008.85
6266,563.85,27.63,27.41,43.65,1008.85
6267,563.94,27.63,27.40,43.65,1008.85
6268,564.03,27.63,27.41,43.65,1008.85
6269,564.12,27.63,27.40,43.65,1008.85
6270,564.21,27.63,27.40,43.62,1008.85
6271,564.30,27.63,27.40,43.61,1008.85
6272,564.39,27.63,27.40,43.60,1008.85
6273,564.48,27.63,27.39,43.61,1008.85
6274,564.57,27.63,27.39,43.62,1008.86
6275,564.66,27.63,27.38,43.62,1008.85
6276,564.75,27.63,27.37,43.61,1008.85
6277,564.84,27.63,27.37,43.61,1008.85
6278,564.93,27.63,27.37,43.62,1008.85
6279,565.02,27.63,27.37,43.60,1008.85
6280,565.11,27.63,27.37,43.62,1008.85
6281,565.20,27.63,27.37,43.62,1008.86
6282,565.29,27.63,27.38,43.61,1008.86
6283,565.38,27.63,27.39,43.62,1008.86
6284,565.47,27.63,27.39,43.59,1008.86
6285,565.56,27.63,27.38,43.60,1008.86
6286,565.65,27.63,27.38,43.66,1008.86
6287,565.74,27.63,27.39,43.66,1008.86
6288,565.83,27.63,27.39,43.69,1008.86
6289,565.92,27.63,27.39,43.66,1008.86
6290,566.01,27.63,27.39,43.65,1008.86
6291,566.10,27.63,27.39,43.66,1008.86
6292,566.19,27.63,27.39,43.68,1008.86
6293,566.28,27.63,27.38,43.68,1008.86
6294,566.37,27.63,27.37,43.69,1008.86
6295,566.46,27.63,27.39,43.71,1008.87
6296,566.55,27.63,27.40,43.71,1008.87
6297,566.64,27.63,27.40,43.69,1008.87
6298,566.73,27.63,27.40,43.68,1008.87
6299,566.82,27.63,27.40,43.69,1008.87
6300,566.91,27.63,27.40,43.69,1008.86
6301,567.00,27.63,27.40,43.66,1008.87
6302,567.09,27.63,27.42,43.70,1008.86
6303,567.18,27.63,27.42,43.72,1008.86
6304,567.27,27.63,27.43,43.70,1008.86
6305,567.36,27.63,27.43,43.70,1008.86
6306,567.45,27.63,27.44,43.69,1008.86
6307,567.54,27.63,27.44,43.68,1008.86
6308,567.63,27.63,27.44,43.69,1008.87
6309,567.72,27.63,27.44,43.68,1008.87
6310,567.81,27.63,27.44,43.66,1008.86
6311,567.90,27.63,27.45,43.65,1008.87
6312,567.99,27.63,27.46,43.69,1008.87
6313,568.08,27.63,27.46,43.69,1008.87
6314,568.17,27.63,27.45,43.64,1008.86
6315,568.26,27.63,27.45,43.62,1008.86
6316,568.35,27.63,27.45,43.65,1008.86
6317,568.44,27.63,27.45,43.63,1008.86
6318,568.53,27.63,27.44,43.62,1008.86
6319,568.62,27.63,27.43,43.62,1008.86
6320,568.71,27.63,27.43,43.60,1008.86
6321,568.80,27.63,27.45,43.59,1008.85
6322,568.89,27.63,27.44,43.60,1008.85
6323,568.98,27.63,27.45,43.62,1008.85
6324,569.07,27.63,27.45,43.61,1008.85
6325,569.16,27.63,27.45,43.61,1008.84
6326,569.25,27.63,27.46,43.61,1008.84
6327,569.34,27.63,27.46,43.63,1008.84
6328,569.43,27.63,27.45,43.61,1008.84
6329,569.52,27.63,27.44,43.61,1008.84
6330,569.61,27.63,27.44,43.65,1008.84
6331,569.70,27.63,27.44,43.62,1008.84
6332,569.79,27.63,27.43,43.62,1008.84
6333,569.88,27.63,27.43,43.62,1008.84
6334,569.97,27.63,27.41,43.63,1008.84
6335,570.06,27.63,27.42,43.58,1008.84
6336,570.15,27.63,27.42,43.55,1008.84
6337,570.24,27.63,27.43,43.58,1008.84
6338,570.33,27.63,27.43,43.57,1008.84
6339,570.42,27.63,27.43,43.58,1008.84
6340,570.51,27.63,27.43,43.55,1008.83
6341,570.60,27.63,27.42,43.55,1008.83
6342,570.69,27.63,27.42,43.57,1008.83
6343,570.78,27.63,27.43,43.60,1008.84
6344,570.87,27.63,27.42,43.57,1008.83
6345,570.96,27.63,27.41,43.56,1008.83
6346,571.05,27.63,27.42,43.55,1008.83
6347,571.14,27.63,27.42,43.56,1008.83
6348,571.23,27.63,27.41,43.54,1008.83
6349,571.32,27.63,27.41,43.55,1008.83
6350,571.41,27.63,27.41,43.54,1008.83
6351,571.50,27.63,27.41,43.54,1008.83
6352,571.59,27.63,27.42,43.51,1008.83
6353,571.68,27.63,27.42,43.50,1008.83
6354,571.77,27.63,27.41,43.48,1008.83
6355,571.86,27.63,27.41,43.49,1008.83
6356,571.95,27.63,27.42,43.51,1008.83
6357,572.04,27.63,27.43,43.53,1008.83
6358,572.13,27.63,27.42,43.53,1008.84
6359,572.22,27.63,27.41,43.54,1008.84
6360,572.31,27.63,27.40,43.51,1008.84
6361,572.40,27.63,27.41,43.53,1008.84
6362,572.49,27.63,27.41,43.55,1008.84
6363,572.58,27.63,27.41,43.54,1008.85
6364,572.67,27.63,27.39,43.54,1008.85
6365,572.76,27.63,27.39,43.53,1008.85
6366,572.85,27.63,27.40,43.56,1008.85
6367,572.94,27.63,27.39,43.54,1008.85
6368,573.03,27.63,27.39,43.57,1008.85
6369,573.12,27.63,27.39,43.57,1008.85
6370,573.21,27.63,27.40,43.53,1008.85
6371,573.30,27.62,27.40,43.51,1008.85
6372,573.39,27.62,27.40,43.50,1008.85
6373,573.48,27.62,27.40,43.54,1008.85
6374,573.57,27.62,27.41,43.52,1008.85
6375,573.66,27.62,27.40,43.55,1008.85
6376,573.75,27.62,27.41,43.56,1008.85
6377,573.84,27.62,27.41,43.52,1008.85
6378,573.93,27.62,27.41,43.51,1008.85
6379,574.02,27.62,27.40,43.51,1008.85
6380,574.11,27.62,27.40,43.55,1008.85
6381,574.20,27.62,27.40,43.54,1008.85
6382,574.29,27.62,27.39,43.61,1008.85
6383,574.38,27.62,27.38,43.61,1008.85
6384,574.47,27.62,27.38,43.62,1008.85
6385,574.56,27.62,27.40,43.64,1008.85
6386,574.65,27.62,27.41,43.60,1008.85
6387,574.74,27.62,27.42,43.57,1008.85
6388,574.83,27.63,27.40,43.54,1008.85
6389,574.92,27.62,27.41,43.56,1008.85
6390,575.01,27.63,27.41,43.56,1008.84
6391,575.10,27.64,27.41,43.58,1008.84
6392,575.19,27.64,27.41,43.56,1008.84
6393,575.28,27.64,27.42,43.57,1008.84
6394,575.37,27.64,27.42,43.58,1008.83
6395,575.46,27.64,27.42,43.60,1008.83
6396,575.55,27.63,27.42,43.64,1008.83
6397,575.64,27.63,27.42,43.67,1008.83
6398,575.73,27.63,27.43,43.67,1008.83
6399,575.82,27.64,27.43,43.64,1008.83
6400,575.91,27.64,27.43,43.68,1008.83
6401,576.00,27.63,27.43,43.68,1008.83
6402,576.09,27.62,27.43,43.69,1008.83
6403,576.18,27.62,27.42,43.70,1008.83
6404,576.27,27.62,27.42,43.71,1008.83
6405,576.36,27.63,27.43,43.68,1008.83
6406,576.45,27.62,27.42,43.67,1008.83
6407,576.54,27.63,27.44,43.64,1008.83
6408,576.63,27.63,27.44,43.65,1008.83
6409,576.72,27.62,27.45,43.63,1008.83
6410,576.81,27.62,27.46,43.63,1008.82
6411,576.90,27.62,27.46,43.66,1008.83
6412,576.99,27.62,27.46,43.65,1008.82
6413,577.08,27.62,27.46,43.62,1008.82
6414,577.17,27.62,27.46,43.62,1008.82
6415,577.26,27.62,27.47,43.59,1008.82
6416,577.35,27.62,27.47,43.59,1008.82
6417,577.44,27.63,27.47,43.59,1008.82
6418,577.53,27.62,27.48,43.54,1008.81
6419,577.62,27.62,27.48,43.57,1008.81
6420,577.71,27.62,27.47,43.57,1008.81
6421,577.80,27.62,27.47,43.60,1008.81
6422,577.89,27.62,27.47,43.60,1008.81
6423,577.98,27.62,27.46,43.60,1008.80
6424,578.07,27.62,27.45,43.61,1008.80
6425,578.16,27.63,27.44,43.62,1008.80
6426,578.25,27.63,27.45,43.60,1008.80
6427,578.34,27.64,27.45,43.60,1008.80
6428,578.43,27.65,27.44,43.60,1008.80
6429,578.52,27.65,27.44,43.58,1008.80
6430,578.61,27.65,27.45,43.56,1008.80
6431,578.70,27.65,27.45,43.56,1008.80
6432,578.79,27.65,27.44,43.55,1008.80
6433,578.88,27.65,27.43,43.51,1008.80
6434,578.97,27.65,27.42,43.51,1008.80
6435,579.06,27.65,27.41,43.50,1008.80
6436,579.15,27.65,27.41,43.46,1008.80
6437,579.24,27.65,27.40,43.45,1008.80
6438,579.33,27.64,27.41,43.49,1008.80
6439,579.42,27.64,27.40,43.48,1008.80
6440,579.51,27.64,27.40,43.47,1008.80
6441,579.60,27.64,27.40,43.46,1008.80
6442,579.69,27.64,27.40,43.47,1008.81
6443,579.78,27.65,27.40,43.43,1008.81
6444,579.87,27.65,27.40,43.47,1008.82
6445,579.96,27.65,27.40,43.46,1008.82
6446,580.05,27.64,27.39,43.43,1008.82
6447,580.14,27.64,27.39,43.41,1008.82
6448,580.23,27.64,27.40,43.44,1008.83
6449,580.32,27.64,27.39,43.42,1008.83
6450,580.41,27.64,27.40,43.42,1008.83
6451,580.50,27.63,27.39,43.42,1008.83
6452,580.59,27.65,27.39,43.45,1008.83
6453,580.68,27.64,27.39,43.44,1008.83
6454,580.77,27.64,27.40,43.45,1008.83
6455,580.86,27.64,27.39,43.45,1008.83
6456,580.95,27.64,27.38,43.45,1008.83
6457,581.04,27.64,27.39,43.47,1008.83
6458,581.13,27.63,27.39,43.48,1008.83
6459,581.22,27.62,27.39,43.48,1008.84
6460,581.31,27.63,27.38,43.48,1008.84
6461,581.40,27.63,27.38,43.46,1008.84
6462,581.49,27.64,27.38,43.44,1008.84
6463,581.58,27.64,27.39,43.48,1008.84
6464,581.67,27.63,27.39,43.48,1008.84
6465,581.76,27.63,27.39,43.47,1008.84
6466,581.85,27.63,27.39,43.52,1008.85
6467,581.94,27.63,27.39,43.53,1008.85
6468,582.03,27.64,27.40,43.50,1008.85
6469,582.12,27.63,27.41,43.51,1008.85
6470,582.21,27.64,27.42,43.52,1008.85
6471,582.30,27.64,27.43,43.55,1008.86
6472,582.39,27.64,27.44,43.57,1008.86
6473,582.48,27.64,27.44,43.55,1008.86
6474,582.57,27.63,27.44,43.57,1008.86
6475,582.66,27.63,27.43,43.55,1008.86
6476,582.75,27.63,27.42,43.53,1008.86
6477,582.84,27.63,27.42,43.56,1008.85
6478,582.93,27.62,27.44,43.54,1008.85
6479,583.02,27.62,27.44,43.56,1008.85
6480,583.11,27.62,27.45,43.57,1008.85
6481,583.20,27.62,27.45,43.59,1008.85
6482,583.29,27.62,27.44,43.58,1008.85
6483,583.38,27.62,27.44,43.57,1008.85
6484,583.47,27.63,27.44,43.56,1008.84
6485,583.56,27.63,27.44,43.54,1008.84
6486,583.65,27.62,27.44,43.54,1008.84
6487,583.74,27.63,27.45,43.52,1008.84
6488,583.83,27.63,27.45,43.50,1008.84
6489,583.92,27.64,27.46,43.52,1008.84
6490,584.01,27.62,27.45,43.51,1008.84
6491,584.10,27.62,27.45,43.48,1008.84
6492,584.19,27.62,27.46,43.47,1008.84
6493,584.28,27.62,27.46,43.53,1008.84
6494,584.37,27.62,27.46,43.52,1008.84
6495,584.46,27.62,27.47,43.51,1008.83
6496,584.55,27.62,27.46,43.49,1008.84
6497,584.64,27.62,27.46,43.48,1008.83
6498,584.73,27.62,27.47,43.49,1008.83
6499,584.82,27.62,27.46,43.47,1008.83
6500,584.91,27.62,27.46,43.48,1008.83
6501,585.00,27.62,27.46,43.49,1008.83
6502,585.09,27.62,27.45,43.46,1008.83
6503,585.18,27.62,27.45,43.46,1008.83
6504,585.27,27.62,27.45,43.44,1008.83
6505,585.36,27.62,27.46,43.41,1008.83
6506,585.45,27.62,27.45,43.42,1008.83
6507,585.54,27.62,27.45,43.44,1008.83
6508,585.63,27.62,27.44,43.42,1008.83
6509,585.72,27.62,27.44,43.39,1008.83
6510,585.81,27.62,27.44,43.39,1008.83
6511,585.90,27.62,27.44,43.36,1008.83
6512,585.99,27.62,27.43,43.38,1008.83
6513,586.08,27.62,27.43,43.37,1008.83
6514,586.17,27.62,27.42,43.36,1008.83
6515,586.26,27.62,27.41,43.35,1008.83
6516,586.35,27.62,27.42,43.34,1008.83
6517,586.44,27.62,27.42,43.31,1008.83
6518,586.53,27.62,27.42,43.28,1008.83
6519,586.62,27.62,27.42,43.27,1008.83
6520,586.71,27.62,27.41,43.27,1008.83
6521,586.80,27.62,27.42,43.22,1008.83
6522,586.89,27.62,27.42,43.22,1008.83
6523,586.98,27.62,27.43,43.22,1008.83
6524,587.07,27.62,27.42,43.22,1008.83
6525,587.16,27.62,27.42,43.25,1008.83
6526,587.25,27.62,27.41,43.20,1008.84
6527,587.34,27.62,27.41,43.17,1008.84
6528,587.43,27.62,27.40,43.18,1008.84
6529,587.52,27.62,27.41,43.17,1008.84
6530,587.61,27.62,27.40,43.14,1008.84
6531,587.70,27.62,27.41,43.12,1008.84
6532,587.79,27.62,27.41,43.14,1008.84
6533,587.88,27.62,27.41,43.17,1008.85
6534,587.97,27.62,27.42,43.20,1008.85
6535,588.06,27.62,27.42,43.22,1008.86
6536,588.15,27.62,27.41,43.23,1008.86
6537,588.24,27.62,27.41,43.23,1008.86
6538,588.33,27.62,27.41,43.26,1008.86
6539,588.42,27.62,27.42,43.28,1008.86
6540,588.51,27.62,27.42,43.32,1008.86
6541,588.60,27.62,27.41,43.34,1008.86
6542,588.69,27.62,27.40,43.37,1008.87
6543,588.78,27.62,27.40,43.39,1008.87
6544,588.87,27.63,27.40,43.43,1008.87
6545,588.96,27.62,27.41,43.45,1008.87
6546,589.05,27.62,27.42,43.46,1008.87
6547,589.14,27.62,27.42,43.46,1008.87
6548,589.23,27.62,27.42,43.46,1008.87
6549,589.32,27.62,27.43,43.47,1008.87
6550,589.41,27.62,27.43,43.48,1008.88
6551,589.50,27.62,27.43,43.48,1008.88
6552,589.59,27.62,27.44,43.46,1008.88
6553,589.68,27.62,27.43,43.48,1008.87
6554,589.77,27.62,27.43,43.49,1008.87
6555,589.86,27.62,27.43,43.52,1008.87
6556,589.95,27.62,27.43,43.51,1008.87
6557,590.04,27.62,27.44,43.54,1008.87
6558,590.13,27.62,27.44,43.57,1008.87
6559,590.22,27.62,27.44,43.58,1008.87
6560,590.31,27.62,27.42,43.62,1008.87
6561,590.40,27.62,27.42,43.61,1008.87
6562,590.49,27.62,27.43,43.60,1008.87
6563,590.58,27.62,27.44,43.59,1008.87
6564,590.67,27.62,27.44,43.57,1008.87
6565,590.76,27.62,27.44,43.59,1008.87
6566,590.85,27.62,27.44,43.56,1008.87
6567,590.94,27.62,27.45,43.57,1008.87
6568,591.03,27.62,27.46,43.59,1008.87
6569,591.12,27.62,27.46,43.59,1008.87
6570,591.21,27.62,27.47,43.57,1008.86
6571,591.30,27.62,27.47,43.57,1008.86
6572,591.39,27.62,27.47,43.58,1008.86
6573,591.48,27.62,27.48,43.57,1008.86
6574,591.57,27.62,27.48,43.59,1008.86
6575,591.66,27.62,27.47,43.58,1008.86
6576,591.75,27.62,27.49,43.59,1008.86
6577,591.84,27.62,27.49,43.58,1008.86
6578,591.93,27.62,27.49,43.61,1008.86
6579,592.02,27.62,27.49,43.59,1008.86
6580,592.11,27.62,27.50,43.56,1008.86
6581,592.20,27.62,27.49,43.60,1008.86
6582,592.29,27.62,27.48,43.60,1008.85
6583,592.38,27.62,27.48,43.59,1008.85
6584,592.47,27.62,27.48,43.58,1008.85
6585,592.56,27.62,27.47,43.57,1008.85
6586,592.65,27.62,27.48,43.56,1008.85
6587,592.74,27.62,27.49,43.58,1008.85
6588,592.83,27.62,27.48,43.56,1008.85
6589,592.92,27.62,27.47,43.52,1008.85
6590,593.01,27.62,27.46,43.51,1008.85
6591,593.10,27.62,27.47,43.50,1008.85
6592,593.19,27.62,27.47,43.50,1008.85
6593,593.28,27.62,27.47,43.48,1008.85
6594,593.37,27.62,27.46,43.52,1008.85
6595,593.46,27.62,27.45,43.52,1008.85
6596,593.55,27.62,27.46,43.51,1008.84
6597,593.64,27.62,27.47,43.52,1008.85
6598,593.73,27.62,27.46,43.55,1008.85
6599,593.82,27.62,27.47,43.57,1008.85
6600,593.91,27.62,27.47,43.60,1008.85
6601,594.00,27.62,27.46,43.58,1008.85
6602,594.09,27.62,27.46,43.59,1008.85
6603,594.18,27.62,27.47,43.56,1008.85
6604,594.27,27.62,27.46,43.53,1008.85
6605,594.36,27.62,27.46,43.51,1008.85
6606,594.45,27.62,27.45,43.54,1008.85
6607,594.54,27.62,27.45,43.55,1008.85
6608,594.63,27.62,27.45,43.57,1008.86
6609,594.72,27.62,27.45,43.61,1008.86
6610,594.81,27.62,27.44,43.61,1008.86
6611,594.90,27.62,27.44,43.58,1008.86
6612,594.99,27.62,27.45,43.61,1008.86
6613,595.08,27.62,27.45,43.61,1008.86
6614,595.17,27.62,27.44,43.60,1008.86
6615,595.26,27.62,27.44,43.60,1008.86
6616,595.35,27.62,27.42,43.60,1008.87
6617,595.44,27.62,27.41,43.62,1008.87
6618,595.53,27.62,27.40,43.60,1008.87
6619,595.62,27.62,27.40,43.63,1008.87
6620,595.71,27.62,27.41,43.64,1008.87
6621,595.80,27.62,27.41,43.62,1008.87
6622,595.89,27.62,27.41,43.62,1008.86
6623,595.98,27.62,27.42,43.61,1008.86
6624,596.07,27.62,27.42,43.66,1008.86
6625,596.16,27.62,27.43,43.66,1008.87
6626,596.25,27.62,27.44,43.63,1008.87
6627,596.34,27.62,27.45,43.62,1008.87
6628,596.43,27.62,27.45,43.67,1008.87
6629,596.52,27.62,27.45,43.68,1008.87
6630,596.61,27.62,27.44,43.66,1008.88
6631,596.70,27.62,27.43,43.69,1008.87
6632,596.79,27.62,27.44,43.73,1008.88
6633,596.88,27.62,27.45,43.70,1008.88
6634,596.97,27.62,27.45,43.69,1008.87
6635,597.06,27.63,27.44,43.70,1008.88
6636,597.15,27.62,27.44,43.70,1008.88
6637,597.24,27.62,27.44,43.65,1008.87
6638,597.33,27.62,27.43,43.62,1008.87
6639,597.42,27.62,27.43,43.61,1008.87
6640,597.51,27.62,27.43,43.59,1008.87
6641,597.60,27.62,27.43,43.60,1008.87
6642,597.69,27.62,27.42,43.60,1008.87
6643,597.78,27.62,27.42,43.61,1008.87
6644,597.87,27.62,27.42,43.64,1008.86
6645,597.96,27.62,27.44,43.64,1008.86
6646,598.05,27.63,27.43,43.62,1008.87
6647,598.14,27.64,27.44,43.63,1008.86
6648,598.23,27.63,27.44,43.61,1008.86
6649,598.32,27.63,27.46,43.61,1008.86
6650,598.41,27.63,27.46,43.57,1008.86
6651,598.50,27.64,27.46,43.58,1008.86
6652,598.59,27.63,27.47,43.59,1008.86
6653,598.68,27.63,27.48,43.59,1008.86
6654,598.77,27.62,27.49,43.59,1008.85
6655,598.86,27.62,27.49,43.59,1008.85
6656,598.95,27.62,27.48,43.59,1008.85
6657,599.04,27.63,27.47,43.54,1008.85
6658,599.13,27.62,27.48,43.52,1008.85
6659,599.22,27.63,27.48,43.52,1008.84
6660,599.31,27.62,27.48,43.54,1008.84
6661,599.40,27.63,27.48,43.57,1008.84
6662,599.49,27.63,27.48,43.57,1008.84
6663,599.58,27.63,27.48,43.59,1008.84
6664,599.67,27.62,27.49,43.56,1008.84
6665,599.76,27.63,27.49,43.58,1008.84
6666,599.85,27.63,27.49,43.58,1008.83
6667,599.94,27.62,27.49,43.58,1008.83
