Index,Relative Time (s),PT100 (degC),BME280 T (degC),Humidity (%),Pressure (hPa)
1,0.00,45.00,43.39,41.54,1008.41
2,0.09,44.95,43.36,41.52,1008.42
3,0.18,44.92,43.33,41.51,1008.42
4,0.27,44.91,43.28,41.51,1008.42
5,0.36,44.89,43.27,41.53,1008.41
6,0.45,44.87,43.25,41.50,1008.42
7,0.54,44.84,43.21,41.51,1008.42
8,0.63,44.82,43.19,41.50,1008.41
9,0.72,44.79,43.17,41.51,1008.41
10,0.81,44.77,43.11,41.51,1008.41
11,0.90,44.74,43.06,41.49,1008.40
12,0.99,44.72,43.04,41.48,1008.39
13,1.08,44.69,43.02,41.46,1008.37
14,1.17,44.66,43.00,41.46,1008.36
15,1.26,44.64,42.97,41.49,1008.35
16,1.35,44.59,42.93,41.47,1008.34
17,1.44,44.58,42.88,41.48,1008.34
18,1.53,44.56,42.86,41.49,1008.35
19,1.62,44.53,42.85,41.49,1008.34
20,1.71,44.50,42.85,41.50,1008.33
21,1.80,44.48,42.82,41.49,1008.31
22,1.89,44.45,42.80,41.49,1008.30
23,1.98,44.43,42.78,41.47,1008.30
24,2.07,44.42,42.73,41.47,1008.30
25,2.16,44.42,42.72,41.47,1008.29
26,2.25,44.40,42.69,41.48,1008.30
27,2.34,44.37,42.66,41.49,1008.30
28,2.43,44.34,42.64,41.48,1008.32
29,2.52,44.31,42.60,41.47,1008.32
30,2.61,44.28,42.60,41.49,1008.32
31,2.70,44.24,42.58,41.50,1008.32
32,2.79,44.22,42.55,41.51,1008.32
33,2.88,44.19,42.55,41.50,1008.32
34,2.97,44.16,42.54,41.50,1008.32
35,3.06,44.13,42.52,41.49,1008.31
36,3.15,44.12,42.51,41.50,1008.33
37,3.24,44.07,42.47,41.49,1008.33
38,3.33,44.05,42.45,41.46,1008.33
39,3.42,44.02,42.45,41.49,1008.32
40,3.51,44.00,42.42,41.48,1008.33
41,3.60,43.96,42.39,41.48,1008.32
42,3.69,43.94,42.36,41.47,1008.33
43,3.78,43.92,42.33,41.48,1008.33
44,3.87,43.90,42.30,41.50,1008.33
45,3.96,43.88,42.28,41.48,1008.32
46,4.05,43.86,42.27,41.49,1008.33
47,4.14,43.83,42.24,41.51,1008.34
48,4.23,43.80,42.23,41.49,1008.35
49,4.32,43.77,42.20,41.50,1008.36
50,4.41,43.75,42.17,41.52,1008.37
51,4.50,43.71,42.16,41.54,1008.38
52,4.59,43.67,42.15,41.53,1008.39
53,4.68,43.65,42.14,41.54,1008.40
54,4.77,43.63,42.11,41.53,1008.41
55,4.86,43.60,42.09,41.55,1008.42
56,4.95,43.57,42.09,41.52,1008.42
57,5.04,43.55,42.08,41.52,1008.44
58,5.13,43.51,42.05,41.52,1008.44
59,5.22,43.48,42.00,41.52,1008.46
60,5.31,43.45,41.96,41.51,1008.46
61,5.40,43.42,41.95,41.54,1008.44
62,5.49,43.41,41.91,41.51,1008.44
63,5.58,43.39,41.89,41.52,1008.43
64,5.67,43.35,41.87,41.55,1008.42
65,5.76,43.32,41.87,41.55,1008.42
66,5.85,43.30,41.83,41.56,1008.41
67,5.94,43.26,41.81,41.55,1008.40
68,6.03,43.24,41.79,41.56,1008.39
69,6.12,43.21,41.77,41.55,1008.38
70,6.21,43.17,41.76,41.55,1008.36
71,6.30,43.15,41.75,41.57,1008.37
72,6.39,43.13,41.70,41.56,1008.36
73,6.48,43.12,41.68,41.56,1008.35
74,6.57,43.09,41.66,41.57,1008.33
75,6.66,43.05,41.64,41.57,1008.33
76,6.75,43.03,41.62,41.57,1008.32
77,6.84,43.00,41.59,41.57,1008.33
78,6.93,42.99,41.56,41.56,1008.34
79,7.02,42.97,41.54,41.54,1008.31
80,7.11,42.93,41.51,41.54,1008.32
81,7.20,42.88,41.49,41.56,1008.32
82,7.29,42.87,41.47,41.53,1008.30
83,7.38,42.85,41.43,41.53,1008.30
84,7.47,42.81,41.40,41.53,1008.30
85,7.56,42.78,41.38,41.54,1008.29
86,7.65,42.75,41.36,41.53,1008.29
87,7.74,42.74,41.32,41.50,1008.29
88,7.83,42.71,41.28,41.49,1008.28
89,7.92,42.68,41.25,41.50,1008.27
90,8.01,42.65,41.22,41.51,1008.29
91,8.10,42.63,41.19,41.53,1008.30
92,8.19,42.60,41.17,41.54,1008.30
93,8.28,42.58,41.16,41.53,1008.31
94,8.37,42.57,41.12,41.54,1008.32
95,8.46,42.56,41.09,41.54,1008.32
96,8.55,42.53,41.05,41.54,1008.34
97,8.64,42.52,41.01,41.54,1008.33
98,8.73,42.50,41.00,41.54,1008.33
99,8.82,42.47,40.98,41.57,1008.33
100,8.91,42.45,40.96,41.57,1008.34
101,9.00,42.44,40.94,41.56,1008.35
102,9.09,42.42,40.91,41.54,1008.37
103,9.18,42.40,40.88,41.53,1008.37
104,9.27,42.38,40.87,41.54,1008.38
105,9.36,42.35,40.85,41.54,1008.37
106,9.45,42.32,40.84,41.55,1008.39
107,9.54,42.29,40.79,41.54,1008.38
108,9.63,42.27,40.77,41.53,1008.39
109,9.72,42.25,40.75,41.54,1008.39
110,9.81,42.23,40.70,41.55,1008.39
111,9.90,42.21,40.69,41.55,1008.40
112,9.99,42.18,40.67,41.54,1008.41
113,10.08,42.14,40.66,41.53,1008.43
114,10.17,42.13,40.64,41.52,1008.42
115,10.26,42.11,40.61,41.55,1008.42
116,10.35,42.10,40.60,41.55,1008.42
117,10.44,42.08,40.57,41.54,1008.42
118,10.53,42.07,40.56,41.58,1008.42
119,10.62,42.05,40.54,41.57,1008.41
120,10.71,42.01,40.53,41.54,1008.40
121,10.80,41.98,40.52,41.53,1008.41
122,10.89,41.96,40.48,41.53,1008.41
123,10.98,41.96,40.47,41.54,1008.41
124,11.07,41.95,40.46,41.55,1008.41
125,11.16,41.93,40.43,41.56,1008.40
126,11.25,41.92,40.41,41.56,1008.39
127,11.34,41.89,40.40,41.58,1008.41
128,11.43,41.88,40.40,41.58,1008.40
129,11.52,41.83,40.38,41.57,1008.40
130,11.61,41.80,40.35,41.57,1008.40
131,11.70,41.77,40.33,41.58,1008.38
132,11.79,41.75,40.31,41.57,1008.37
133,11.88,41.73,40.28,41.58,1008.37
134,11.97,41.71,40.26,41.55,1008.36
135,12.06,41.69,40.25,41.56,1008.35
136,12.15,41.67,40.24,41.56,1008.34
137,12.24,41.65,40.23,41.59,1008.33
138,12.33,41.62,40.22,41.59,1008.33
139,12.42,41.59,40.20,41.58,1008.32
140,12.51,41.55,40.17,41.58,1008.33
141,12.60,41.53,40.16,41.59,1008.33
142,12.69,41.50,40.13,41.59,1008.33
143,12.78,41.48,40.11,41.58,1008.32
144,12.87,41.44,40.07,41.56,1008.32
145,12.96,41.43,40.04,41.55,1008.31
146,13.05,41.40,40.02,41.54,1008.33
147,13.14,41.39,40.01,41.53,1008.34
148,13.23,41.36,40.00,41.53,1008.33
149,13.32,41.35,39.99,41.52,1008.34
150,13.41,41.32,39.97,41.56,1008.34
151,13.50,41.30,39.96,41.55,1008.33
152,13.59,41.27,39.94,41.53,1008.33
153,13.68,41.27,39.92,41.52,1008.33
154,13.77,41.23,39.88,41.52,1008.33
155,13.86,41.20,39.86,41.51,1008.35
156,13.95,41.20,39.84,41.53,1008.35
157,14.04,41.17,39.81,41.53,1008.34
158,14.13,41.14,39.78,41.55,1008.35
159,14.22,41.11,39.76,41.55,1008.36
160,14.31,41.08,39.73,41.56,1008.39
161,14.40,41.05,39.71,41.58,1008.40
162,14.49,41.03,39.68,41.60,1008.41
163,14.58,41.01,39.67,41.59,1008.42
164,14.67,40.98,39.65,41.61,1008.42
165,14.76,40.98,39.63,41.59,1008.44
166,14.85,40.96,39.62,41.60,1008.44
167,14.94,40.93,39.58,41.60,1008.44
168,15.03,40.89,39.57,41.62,1008.44
169,15.12,40.88,39.53,41.61,1008.43
170,15.21,40.86,39.49,41.59,1008.42
171,15.30,40.86,39.49,41.60,1008.42
172,15.39,40.84,39.47,41.61,1008.42
173,15.48,40.82,39.45,41.63,1008.43
174,15.57,40.80,39.44,41.65,1008.42
175,15.66,40.77,39.43,41.63,1008.41
176,15.75,40.76,39.40,41.59,1008.40
177,15.84,40.74,39.38,41.59,1008.39
178,15.93,40.72,39.37,41.56,1008.41
179,16.02,40.69,39.35,41.57,1008.41
180,16.11,40.66,39.32,41.58,1008.40
181,16.20,40.65,39.30,41.59,1008.41
182,16.29,40.63,39.29,41.59,1008.42
183,16.38,40.60,39.27,41.59,1008.41
184,16.47,40.58,39.29,41.58,1008.41
185,16.56,40.55,39.26,41.58,1008.40
186,16.65,40.55,39.25,41.59,1008.39
187,16.74,40.52,39.25,41.58,1008.39
188,16.83,40.51,39.22,41.56,1008.39
189,16.92,40.50,39.20,41.57,1008.39
190,17.01,40.48,39.19,41.56,1008.38
191,17.10,40.46,39.17,41.55,1008.38
192,17.19,40.45,39.13,41.56,1008.38
193,17.28,40.43,39.10,41.56,1008.36
194,17.37,40.41,39.09,41.55,1008.36
195,17.46,40.39,39.06,41.54,1008.34
196,17.55,40.36,39.06,41.55,1008.33
197,17.64,40.35,39.03,41.56,1008.34
198,17.73,40.33,39.03,41.55,1008.33
199,17.82,40.32,39.03,41.55,1008.34
200,17.91,40.29,39.00,41.57,1008.33
201,18.00,40.27,38.97,41.54,1008.33
202,18.09,40.26,38.94,41.55,1008.34
203,18.18,40.24,38.91,41.55,1008.34
204,18.27,40.22,38.89,41.56,1008.34
205,18.36,40.22,38.86,41.58,1008.34
206,18.45,40.20,38.85,41.58,1008.34
207,18.54,40.18,38.81,41.60,1008.35
208,18.63,40.17,38.81,41.59,1008.34
209,18.72,40.16,38.81,41.55,1008.35
210,18.81,40.14,38.78,41.55,1008.36
211,18.90,40.12,38.77,41.53,1008.36
212,18.99,40.09,38.75,41.54,1008.35
213,19.08,40.08,38.72,41.53,1008.35
214,19.17,40.08,38.72,41.54,1008.36
215,19.26,40.08,38.70,41.52,1008.37
216,19.35,40.08,38.68,41.53,1008.39
217,19.44,40.08,38.66,41.53,1008.40
218,19.53,40.06,38.66,41.51,1008.40
219,19.62,40.04,38.66,41.55,1008.41
220,19.71,40.02,38.64,41.54,1008.40
221,19.80,40.01,38.62,41.53,1008.41
222,19.89,39.98,38.62,41.53,1008.41
223,19.98,39.97,38.61,41.53,1008.42
224,20.07,39.96,38.62,41.55,1008.41
225,20.16,39.94,38.61,41.54,1008.41
226,20.25,39.91,38.60,41.51,1008.42
227,20.34,39.90,38.60,41.53,1008.42
228,20.43,39.88,38.57,41.55,1008.43
229,20.52,39.86,38.56,41.53,1008.42
230,20.61,39.83,38.53,41.51,1008.43
231,20.70,39.78,38.50,41.52,1008.44
232,20.79,39.77,38.46,41.57,1008.43
233,20.88,39.76,38.44,41.57,1008.44
234,20.97,39.75,38.42,41.57,1008.45
235,21.06,39.72,38.41,41.58,1008.44
236,21.15,39.68,38.39,41.59,1008.42
237,21.24,39.67,38.38,41.57,1008.41
238,21.33,39.66,38.35,41.57,1008.40
239,21.42,39.65,38.34,41.54,1008.39
240,21.51,39.63,38.32,41.53,1008.38
241,21.60,39.62,38.31,41.55,1008.39
242,21.69,39.61,38.28,41.56,1008.40
243,21.78,39.59,38.25,41.56,1008.38
244,21.87,39.55,38.24,41.54,1008.38
245,21.96,39.54,38.22,41.51,1008.37
246,22.05,39.51,38.22,41.52,1008.36
247,22.14,39.49,38.20,41.55,1008.35
248,22.23,39.48,38.18,41.55,1008.35
249,22.32,39.45,38.15,41.55,1008.35
250,22.41,39.44,38.13,41.57,1008.34
251,22.50,39.42,38.11,41.59,1008.34
252,22.59,39.39,38.09,41.59,1008.34
253,22.68,39.35,38.06,41.61,1008.33
254,22.77,39.33,38.06,41.61,1008.33
255,22.86,39.29,38.05,41.61,1008.33
256,22.95,39.29,38.03,41.60,1008.32
257,23.04,39.28,38.02,41.62,1008.31
258,23.13,39.24,38.03,41.60,1008.30
259,23.22,39.20,38.02,41.61,1008.32
260,23.31,39.18,38.01,41.60,1008.31
261,23.40,39.15,38.01,41.59,1008.30
262,23.49,39.12,37.97,41.59,1008.30
263,23.58,39.09,37.95,41.57,1008.32
264,23.67,39.08,37.93,41.56,1008.32
265,23.76,39.07,37.91,41.58,1008.32
266,23.85,39.05,37.90,41.61,1008.31
267,23.94,39.01,37.88,41.59,1008.33
268,24.03,39.00,37.85,41.58,1008.33
269,24.12,38.99,37.84,41.58,1008.35
270,24.21,38.95,37.82,41.58,1008.37
271,24.30,38.93,37.80,41.58,1008.37
272,24.39,38.92,37.78,41.61,1008.38
273,24.48,38.91,37.74,41.64,1008.38
274,24.57,38.90,37.72,41.65,1008.39
275,24.66,38.89,37.69,41.65,1008.41
276,24.75,38.88,37.67,41.64,1008.40
277,24.84,38.86,37.62,41.65,1008.41
278,24.93,38.83,37.59,41.63,1008.41
279,25.02,38.83,37.59,41.65,1008.41
280,25.11,38.82,37.57,41.66,1008.41
281,25.20,38.79,37.56,41.66,1008.41
282,25.29,38.79,37.56,41.68,1008.42
283,25.38,38.77,37.54,41.65,1008.42
284,25.47,38.76,37.51,41.66,1008.41
285,25.56,38.72,37.48,41.67,1008.40
286,25.65,38.68,37.48,41.66,1008.40
287,25.74,38.67,37.45,41.64,1008.41
288,25.83,38.66,37.44,41.61,1008.43
289,25.92,38.65,37.43,41.58,1008.42
290,26.01,38.65,37.41,41.61,1008.42
291,26.10,38.63,37.40,41.62,1008.43
292,26.19,38.63,37.36,41.63,1008.42
293,26.28,38.62,37.36,41.64,1008.43
294,26.37,38.59,37.35,41.64,1008.44
295,26.46,38.59,37.34,41.66,1008.42
296,26.55,38.57,37.33,41.63,1008.40
297,26.64,38.57,37.29,41.64,1008.41
298,26.73,38.55,37.29,41.64,1008.41
299,26.82,38.52,37.27,41.61,1008.41
300,26.91,38.51,37.27,41.62,1008.40
301,27.00,38.50,37.25,41.60,1008.40
302,27.09,38.47,37.23,41.60,1008.38
303,27.18,38.45,37.23,41.60,1008.38
304,27.27,38.44,37.21,41.61,1008.37
305,27.36,38.41,37.18,41.62,1008.36
306,27.45,38.39,37.17,41.61,1008.36
307,27.54,38.38,37.16,41.63,1008.34
308,27.63,38.36,37.16,41.62,1008.34
309,27.72,38.33,37.13,41.63,1008.33
310,27.81,38.34,37.10,41.64,1008.33
311,27.90,38.33,37.09,41.63,1008.32
312,27.99,38.32,37.08,41.66,1008.30
313,28.08,38.29,37.07,41.64,1008.30
314,28.17,38.28,37.05,41.66,1008.30
315,28.26,38.27,37.03,41.68,1008.30
316,28.35,38.26,37.02,41.69,1008.30
317,28.44,38.26,37.03,41.68,1008.31
318,28.53,38.25,37.04,41.69,1008.30
319,28.62,38.23,37.05,41.68,1008.29
320,28.71,38.19,37.02,41.67,1008.29
321,28.80,38.17,36.98,41.66,1008.29
322,28.89,38.15,36.99,41.66,1008.29
323,28.98,38.15,36.99,41.65,1008.30
324,29.07,38.14,36.95,41.65,1008.29
325,29.16,38.11,36.95,41.64,1008.29
326,29.25,38.09,36.94,41.66,1008.30
327,29.34,38.08,36.92,41.67,1008.30
328,29.43,38.07,36.89,41.69,1008.30
329,29.52,38.06,36.89,41.70,1008.31
330,29.61,38.05,36.87,41.70,1008.31
331,29.70,38.03,36.84,41.70,1008.33
332,29.79,38.00,36.81,41.69,1008.32
333,29.88,37.99,36.82,41.69,1008.33
334,29.97,37.96,36.81,41.70,1008.33
335,30.06,37.93,36.80,41.69,1008.33
336,30.15,37.89,36.78,41.67,1008.34
337,30.24,37.86,36.76,41.65,1008.35
338,30.33,37.84,36.75,41.67,1008.35
339,30.42,37.84,36.72,41.67,1008.36
340,30.51,37.81,36.69,41.68,1008.38
341,30.60,37.78,36.66,41.70,1008.39
342,30.69,37.76,36.65,41.69,1008.38
343,30.78,37.73,36.64,41.71,1008.38
344,30.87,37.71,36.63,41.73,1008.37
345,30.96,37.70,36.59,41.72,1008.38
346,31.05,37.67,36.57,41.74,1008.37
347,31.14,37.67,36.54,41.74,1008.37
348,31.23,37.63,36.54,41.77,1008.39
349,31.32,37.63,36.51,41.78,1008.39
350,31.41,37.60,36.50,41.77,1008.39
351,31.50,37.60,36.49,41.77,1008.40
352,31.59,37.57,36.48,41.79,1008.40
353,31.68,37.56,36.46,41.81,1008.40
354,31.77,37.55,36.45,41.82,1008.40
355,31.86,37.52,36.44,41.83,1008.39
356,31.95,37.49,36.44,41.80,1008.39
357,32.04,37.50,36.44,41.80,1008.37
358,32.13,37.50,36.43,41.81,1008.36
359,32.22,37.49,36.42,41.80,1008.35
360,32.31,37.46,36.40,41.79,1008.35
361,32.40,37.44,36.39,41.80,1008.35
362,32.49,37.42,36.37,41.79,1008.35
363,32.58,37.40,36.34,41.81,1008.35
364,32.67,37.40,36.33,41.81,1008.34
365,32.76,37.40,36.31,41.79,1008.34
366,32.85,37.39,36.31,41.77,1008.33
367,32.94,37.38,36.29,41.77,1008.34
368,33.03,37.37,36.28,41.80,1008.34
369,33.12,37.36,36.26,41.80,1008.34
370,33.21,37.35,36.23,41.81,1008.33
371,33.30,37.34,36.19,41.80,1008.33
372,33.39,37.32,36.15,41.81,1008.34
373,33.48,37.32,36.14,41.82,1008.33
374,33.57,37.30,36.10,41.83,1008.32
375,33.66,37.28,36.10,41.83,1008.33
376,33.75,37.27,36.09,41.83,1008.32
377,33.84,37.26,36.09,41.81,1008.31
378,33.93,37.25,36.07,41.83,1008.31
379,34.02,37.25,36.07,41.83,1008.31
380,34.11,37.22,36.06,41.84,1008.31
381,34.20,37.22,36.05,41.86,1008.32
382,34.29,37.22,36.06,41.88,1008.32
383,34.38,37.20,36.02,41.86,1008.32
384,34.47,37.21,36.01,41.87,1008.31
385,34.56,37.21,35.99,41.88,1008.32
386,34.65,37.19,35.97,41.87,1008.32
387,34.74,37.18,35.97,41.89,1008.32
388,34.83,37.17,35.96,41.89,1008.34
389,34.92,37.15,35.96,41.87,1008.34
390,35.01,37.12,35.95,41.88,1008.36
391,35.10,37.09,35.96,41.90,1008.37
392,35.19,37.08,35.97,41.90,1008.39
393,35.28,37.06,35.96,41.91,1008.39
394,35.37,37.05,35.95,41.90,1008.39
395,35.46,37.04,35.94,41.91,1008.40
396,35.55,37.03,35.92,41.90,1008.41
397,35.64,37.02,35.92,41.90,1008.41
398,35.73,37.01,35.90,41.87,1008.42
399,35.82,37.00,35.89,41.87,1008.43
400,35.91,36.98,35.90,41.88,1008.44
401,36.00,36.97,35.88,41.85,1008.44
402,36.09,36.96,35.87,41.84,1008.44
403,36.18,36.94,35.84,41.82,1008.43
404,36.27,36.91,35.84,41.82,1008.43
405,36.36,36.89,35.83,41.79,1008.44
406,36.45,36.88,35.81,41.81,1008.43
407,36.54,36.86,35.79,41.81,1008.43
408,36.63,36.86,35.76,41.79,1008.43
409,36.72,36.84,35.75,41.79,1008.43
410,36.81,36.84,35.74,41.77,1008.42
411,36.90,36.81,35.74,41.76,1008.43
412,36.99,36.81,35.71,41.75,1008.42
413,37.08,36.79,35.70,41.78,1008.42
414,37.17,36.78,35.68,41.78,1008.42
415,37.26,36.75,35.68,41.80,1008.41
416,37.35,36.76,35.66,41.79,1008.39
417,37.44,36.74,35.65,41.80,1008.39
418,37.53,36.72,35.65,41.80,1008.38
419,37.62,36.71,35.64,41.78,1008.36
420,37.71,36.69,35.61,41.82,1008.36
421,37.80,36.69,35.59,41.84,1008.34
422,37.89,36.68,35.57,41.85,1008.34
423,37.98,36.67,35.55,41.85,1008.34
424,38.07,36.64,35.54,41.85,1008.34
425,38.16,36.62,35.52,41.87,1008.34
426,38.25,36.60,35.49,41.84,1008.34
427,38.34,36.58,35.48,41.84,1008.35
428,38.43,36.56,35.47,41.80,1008.34
429,38.52,36.56,35.47,41.80,1008.35
430,38.61,36.54,35.45,41.80,1008.33
431,38.70,36.53,35.43,41.79,1008.33
432,38.79,36.49,35.40,41.78,1008.32
433,38.88,36.48,35.40,41.80,1008.33
434,38.97,36.46,35.40,41.83,1008.33
435,39.06,36.45,35.39,41.83,1008.32
436,39.15,36.44,35.39,41.82,1008.33
437,39.24,36.43,35.36,41.82,1008.32
438,39.33,36.44,35.34,41.83,1008.32
439,39.42,36.43,35.35,41.83,1008.33
440,39.51,36.41,35.34,41.83,1008.33
441,39.60,36.56,35.31,41.82,1008.33
442,39.69,36.37,35.28,41.82,1008.34
443,39.78,36.37,35.28,41.84,1008.33
444,39.87,36.36,35.26,41.84,1008.34
445,39.96,36.33,35.25,41.84,1008.36
446,40.05,36.31,35.24,41.83,1008.35
447,40.14,36.30,35.22,41.82,1008.36
448,40.23,36.29,35.20,41.81,1008.36
449,40.32,36.30,35.18,41.81,1008.37
450,40.41,36.28,35.18,41.82,1008.35
451,40.50,36.27,35.17,41.80,1008.35
452,40.59,36.26,35.17,41.79,1008.35
453,40.68,36.24,35.16,41.79,1008.36
454,40.77,36.22,35.15,41.80,1008.37
455,40.86,36.18,35.15,41.82,1008.38
456,40.95,36.18,35.12,41.82,1008.39
457,41.04,36.16,35.10,41.81,1008.40
458,41.13,36.14,35.06,41.85,1008.40
459,41.22,36.13,35.04,41.86,1008.41
460,41.31,36.11,35.03,41.85,1008.41
461,41.40,36.11,35.02,41.83,1008.43
462,41.49,36.08,35.00,41.82,1008.44
463,41.58,36.08,34.97,41.80,1008.44
464,41.67,36.08,34.96,41.80,1008.43
465,41.76,36.05,34.95,41.79,1008.43
466,41.85,36.02,34.93,41.81,1008.44
467,41.94,36.00,34.93,41.82,1008.44
468,42.03,35.99,34.91,41.83,1008.45
469,42.12,35.97,34.89,41.83,1008.46
470,42.21,35.96,34.89,41.84,1008.45
471,42.30,35.96,34.88,41.85,1008.45
472,42.39,35.94,34.86,41.87,1008.45
473,42.48,35.93,34.85,41.87,1008.46
474,42.57,35.93,34.83,41.86,1008.44
475,42.66,35.93,34.82,41.86,1008.43
476,42.75,35.92,34.84,41.88,1008.42
477,42.84,35.92,34.84,41.87,1008.41
478,42.93,35.92,34.81,41.88,1008.41
479,43.02,35.90,34.81,41.88,1008.40
480,43.11,35.87,34.79,41.87,1008.39
481,43.20,35.85,34.77,41.88,1008.39
482,43.29,35.85,34.77,41.86,1008.39
483,43.38,35.85,34.76,41.87,1008.37
484,43.47,35.83,34.74,41.88,1008.35
485,43.56,35.82,34.73,41.88,1008.34
486,43.65,35.80,34.74,41.89,1008.33
487,43.74,35.79,34.73,41.90,1008.33
488,43.83,35.78,34.72,41.92,1008.34
489,43.92,35.74,34.73,41.94,1008.33
490,44.01,35.72,34.71,41.94,1008.34
491,44.10,35.71,34.70,41.92,1008.34
492,44.19,35.70,34.68,41.94,1008.34
493,44.28,35.69,34.65,41.93,1008.33
494,44.37,35.68,34.64,41.93,1008.34
495,44.46,35.67,34.63,41.93,1008.34
496,44.55,35.67,34.64,41.91,1008.35
497,44.64,35.67,34.63,41.92,1008.35
498,44.73,35.66,34.61,41.91,1008.35
499,44.82,35.63,34.62,41.92,1008.34
500,44.91,35.61,34.61,41.92,1008.36
501,45.00,35.60,34.59,41.92,1008.37
502,45.09,35.60,34.59,41.92,1008.37
503,45.18,35.60,34.55,41.93,1008.37
504,45.27,35.59,34.55,41.93,1008.37
505,45.36,35.60,34.55,41.90,1008.37
506,45.45,35.58,34.54,41.92,1008.38
507,45.54,35.57,34.53,41.94,1008.38
508,45.63,35.55,34.51,41.93,1008.39
509,45.72,35.54,34.51,41.92,1008.40
510,45.81,35.55,34.51,41.93,1008.42
511,45.90,35.53,34.49,41.92,1008.42
512,45.99,35.52,34.47,41.91,1008.42
513,46.08,35.50,34.46,41.90,1008.42
514,46.17,35.49,34.45,41.90,1008.43
515,46.26,35.49,34.43,41.90,1008.44
516,46.35,35.49,34.42,41.90,1008.44
517,46.44,35.47,34.41,41.92,1008.43
518,46.53,35.45,34.41,41.90,1008.44
519,46.62,35.44,34.39,41.91,1008.44
520,46.71,35.42,34.38,41.91,1008.45
521,46.80,35.41,34.35,41.91,1008.45
522,46.89,35.41,34.32,41.92,1008.44
523,46.98,35.39,34.31,41.91,1008.44
524,47.07,35.36,34.30,41.91,1008.44
525,47.16,35.34,34.30,41.91,1008.43
526,47.25,35.32,34.29,41.92,1008.44
527,47.34,35.32,34.28,41.92,1008.45
528,47.43,35.29,34.27,41.92,1008.45
529,47.52,35.29,34.25,41.92,1008.44
530,47.61,35.28,34.24,41.92,1008.43
531,47.70,35.26,34.22,41.94,1008.43
532,47.79,35.26,34.20,41.93,1008.44
533,47.88,35.23,34.19,41.94,1008.44
534,47.97,35.22,34.18,41.90,1008.43
535,48.06,35.22,34.17,41.92,1008.43
536,48.15,35.19,34.16,41.91,1008.43
537,48.24,35.17,34.15,41.90,1008.42
538,48.33,35.15,34.15,41.91,1008.40
539,48.42,35.14,34.13,41.90,1008.40
540,48.51,35.13,34.14,41.92,1008.38
541,48.60,35.12,34.14,41.93,1008.38
542,48.69,35.10,34.11,41.92,1008.38
543,48.78,35.11,34.09,41.93,1008.38
544,48.87,35.10,34.07,41.88,1008.37
545,48.96,35.07,34.05,41.89,1008.38
546,49.05,35.04,34.04,41.92,1008.37
547,49.14,35.02,34.01,41.91,1008.38
548,49.23,35.01,34.02,41.91,1008.39
549,49.32,35.00,34.01,41.92,1008.40
550,49.41,34.99,33.99,41.93,1008.39
551,49.50,34.98,33.98,41.94,1008.41
552,49.59,34.97,33.96,41.97,1008.40
553,49.68,34.97,33.95,41.97,1008.40
554,49.77,34.97,33.92,41.97,1008.38
555,49.86,34.94,33.91,41.96,1008.38
556,49.95,34.93,33.91,41.96,1008.38
557,50.04,34.91,33.90,41.96,1008.37
558,50.13,34.88,33.89,41.96,1008.39
559,50.22,34.86,33.88,41.95,1008.39
560,50.31,34.85,33.87,41.95,1008.41
561,50.40,34.84,33.88,41.93,1008.41
562,50.49,34.85,33.88,41.94,1008.42
563,50.58,34.84,33.86,41.94,1008.43
564,50.67,34.83,33.85,41.93,1008.43
565,50.76,34.79,33.83,41.96,1008.44
566,50.85,34.78,33.81,41.96,1008.44
567,50.94,34.78,33.82,41.94,1008.44
568,51.03,34.77,33.82,41.94,1008.44
569,51.12,34.75,33.81,41.93,1008.44
570,51.21,34.72,33.81,41.94,1008.46
571,51.30,34.72,33.80,41.94,1008.47
572,51.39,34.72,33.81,41.94,1008.46
573,51.48,34.73,33.79,41.93,1008.45
574,51.57,34.73,33.80,41.93,1008.46
575,51.66,34.72,33.80,41.96,1008.45
576,51.75,34.71,33.79,41.94,1008.46
577,51.84,34.69,33.77,41.92,1008.47
578,51.93,34.69,33.75,41.92,1008.46
579,52.02,34.69,33.76,41.91,1008.46
580,52.11,34.66,33.75,41.90,1008.46
581,52.20,34.65,33.72,41.89,1008.45
582,52.29,34.66,33.72,41.89,1008.44
583,52.38,34.66,33.70,41.90,1008.44
584,52.47,34.67,33.71,41.90,1008.44
585,52.56,34.64,33.72,41.89,1008.44
586,52.65,34.63,33.70,41.89,1008.43
587,52.74,34.62,33.70,41.91,1008.42
588,52.83,34.61,33.70,41.90,1008.42
589,52.92,34.60,33.70,41.89,1008.41
590,53.01,34.58,33.69,41.87,1008.40
591,53.10,34.58,33.69,41.86,1008.40
592,53.19,34.59,33.68,41.90,1008.39
593,53.28,34.56,33.67,41.91,1008.39
594,53.37,34.54,33.69,41.90,1008.40
595,53.46,34.53,33.66,41.92,1008.39
596,53.55,34.51,33.66,41.93,1008.38
597,53.64,34.51,33.66,41.93,1008.37
598,53.73,34.50,33.63,41.92,1008.36
599,53.82,34.50,33.62,41.88,1008.36
600,53.91,34.48,33.61,41.88,1008.36
601,54.00,34.47,33.58,41.88,1008.37
602,54.09,34.47,33.56,41.89,1008.34
603,54.18,34.47,33.56,41.87,1008.36
604,54.27,34.45,33.54,41.86,1008.35
605,54.36,34.43,33.52,41.87,1008.35
606,54.45,34.42,33.52,41.89,1008.34
607,54.54,34.40,33.50,41.90,1008.35
608,54.63,34.40,33.49,41.90,1008.34
609,54.72,34.37,33.47,41.92,1008.34
610,54.81,34.36,33.45,41.94,1008.33
611,54.90,34.34,33.43,41.95,1008.34
612,54.99,34.35,33.43,41.95,1008.33
613,55.08,34.34,33.43,41.99,1008.32
614,55.17,34.34,33.44,41.99,1008.34
615,55.26,34.34,33.40,42.00,1008.34
616,55.35,34.34,33.39,42.00,1008.33
617,55.44,34.33,33.37,41.99,1008.31
618,55.53,34.33,33.36,41.99,1008.31
619,55.62,34.31,33.35,41.97,1008.32
620,55.71,34.31,33.35,41.98,1008.33
621,55.80,34.28,33.33,41.96,1008.34
622,55.89,34.30,33.32,41.93,1008.33
623,55.98,34.28,33.29,41.93,1008.34
624,56.07,34.27,33.28,41.94,1008.34
625,56.16,34.25,33.29,41.95,1008.34
626,56.25,34.23,33.28,41.93,1008.34
627,56.34,34.22,33.27,41.93,1008.35
628,56.43,34.19,33.28,41.92,1008.36
629,56.52,34.17,33.25,41.93,1008.36
630,56.61,34.17,33.26,41.94,1008.37
631,56.70,34.17,33.23,41.96,1008.38
632,56.79,34.15,33.21,41.95,1008.38
633,56.88,34.14,33.19,41.96,1008.39
634,56.97,34.13,33.19,41.98,1008.39
635,57.06,34.11,33.18,41.97,1008.39
636,57.15,34.11,33.16,41.97,1008.40
637,57.24,34.09,33.15,41.98,1008.39
638,57.33,34.08,33.13,41.96,1008.40
639,57.42,34.08,33.12,41.96,1008.39
640,57.51,34.08,33.11,41.96,1008.39
641,57.60,34.08,33.10,41.94,1008.39
642,57.69,34.08,33.08,41.96,1008.38
643,57.78,34.07,33.07,41.95,1008.38
644,57.87,34.06,33.07,41.97,1008.37
645,57.96,34.04,33.07,41.97,1008.39
646,58.05,34.01,33.07,41.96,1008.37
647,58.14,34.01,33.05,41.97,1008.36
648,58.23,34.00,33.04,41.95,1008.36
649,58.32,33.99,33.03,41.96,1008.34
650,58.41,33.98,33.02,41.95,1008.33
651,58.50,33.99,33.01,41.99,1008.32
652,58.59,33.99,33.00,41.99,1008.31
653,58.68,33.96,32.99,41.97,1008.31
654,58.77,33.95,32.98,41.97,1008.30
655,58.86,33.94,32.98,42.00,1008.29
656,58.95,33.93,32.98,42.00,1008.30
657,59.04,33.91,32.97,42.01,1008.30
658,59.13,33.89,32.97,42.04,1008.30
659,59.22,33.88,32.97,42.02,1008.29
660,59.31,33.87,32.97,42.01,1008.28
661,59.40,33.85,32.96,42.01,1008.29
662,59.49,33.83,32.96,42.01,1008.28
663,59.58,33.81,32.95,42.01,1008.28
664,59.67,33.79,32.95,42.03,1008.29
665,59.76,33.79,32.95,42.04,1008.29
666,59.85,33.77,32.93,42.03,1008.30
667,59.94,33.75,32.91,42.05,1008.31
668,60.03,33.74,32.92,42.05,1008.32
669,60.12,33.73,32.91,42.05,1008.32
670,60.21,33.73,32.92,42.06,1008.32
671,60.30,33.70,32.94,42.06,1008.32
672,60.39,33.70,32.93,42.09,1008.32
673,60.48,33.71,32.91,42.06,1008.31
674,60.57,33.69,32.90,42.07,1008.33
675,60.66,33.69,32.90,42.04,1008.33
676,60.75,33.66,32.90,42.06,1008.33
677,60.84,33.65,32.89,42.04,1008.34
678,60.93,33.64,32.89,42.05,1008.33
679,61.02,33.64,32.88,42.05,1008.34
680,61.11,33.62,32.87,42.05,1008.34
681,61.20,33.61,32.88,42.02,1008.33
682,61.29,33.62,32.88,42.04,1008.35
683,61.38,33.60,32.87,42.05,1008.36
684,61.47,33.61,32.86,42.04,1008.35
685,61.56,33.62,32.88,42.03,1008.36
686,61.65,33.64,32.87,42.05,1008.35
687,61.74,33.65,32.87,42.06,1008.35
688,61.83,33.66,32.86,42.05,1008.37
689,61.92,33.65,32.85,42.04,1008.37
690,62.01,33.64,32.83,42.06,1008.38
691,62.10,33.64,32.84,42.06,1008.38
692,62.19,33.62,32.81,42.05,1008.37
693,62.28,33.60,32.81,42.05,1008.39
694,62.37,33.61,32.78,42.04,1008.38
695,62.46,33.61,32.78,42.04,1008.39
696,62.55,33.63,32.75,42.04,1008.39
697,62.64,33.63,32.74,42.03,1008.40
698,62.73,33.61,32.70,42.05,1008.40
699,62.82,33.60,32.67,42.08,1008.40
700,62.91,33.58,32.66,42.09,1008.39
701,63.00,33.56,32.66,42.08,1008.39
702,63.09,33.56,32.66,42.09,1008.41
703,63.18,33.56,32.66,42.09,1008.40
704,63.27,33.53,32.64,42.08,1008.39
705,63.36,33.53,32.62,42.07,1008.38
706,63.45,33.52,32.62,42.06,1008.39
707,63.54,33.51,32.60,42.05,1008.38
708,63.63,33.50,32.59,42.05,1008.36
709,63.72,33.48,32.58,42.05,1008.37
710,63.81,33.48,32.58,42.07,1008.36
711,63.90,33.47,32.57,42.08,1008.35
712,63.99,33.46,32.58,42.08,1008.34
713,64.08,33.47,32.57,42.08,1008.35
714,64.17,33.45,32.55,42.07,1008.34
715,64.26,33.43,32.54,42.07,1008.35
716,64.35,33.42,32.52,42.04,1008.34
717,64.44,33.39,32.54,42.05,1008.32
718,64.53,33.39,32.55,42.06,1008.32
719,64.62,33.37,32.52,42.06,1008.33
720,64.71,33.35,32.52,42.05,1008.33
721,64.80,33.35,32.51,42.07,1008.32
722,64.89,33.34,32.49,42.07,1008.32
723,64.98,33.34,32.46,42.08,1008.33
724,65.07,33.31,32.45,42.07,1008.31
725,65.16,33.30,32.43,42.07,1008.30
726,65.25,33.30,32.43,42.07,1008.29
727,65.34,33.29,32.41,42.06,1008.29
728,65.43,33.27,32.41,42.06,1008.30
729,65.52,33.25,32.41,42.06,1008.29
730,65.61,33.24,32.41,42.03,1008.31
731,65.70,33.24,32.40,42.05,1008.32
732,65.79,33.48,32.37,42.06,1008.33
733,65.88,33.31,32.37,42.06,1008.32
734,65.97,33.20,32.35,42.04,1008.32
735,66.06,33.19,32.35,42.06,1008.32
736,66.15,33.17,32.31,42.04,1008.33
737,66.24,33.15,32.30,42.05,1008.34
738,66.33,33.13,32.29,42.05,1008.35
739,66.42,33.13,32.28,42.06,1008.36
740,66.51,33.12,32.28,42.06,1008.37
741,66.60,33.11,32.25,42.06,1008.37
742,66.69,33.10,32.25,42.06,1008.36
743,66.78,33.10,32.24,42.07,1008.36
744,66.87,33.08,32.23,42.05,1008.38
745,66.96,33.07,32.22,42.07,1008.39
746,67.05,33.06,32.24,42.06,1008.39
747,67.14,33.07,32.26,42.07,1008.38
748,67.23,33.05,32.26,42.07,1008.39
749,67.32,33.04,32.25,42.07,1008.40
750,67.41,33.02,32.26,42.07,1008.40
751,67.50,33.01,32.27,42.06,1008.39
752,67.59,33.02,32.27,42.03,1008.38
753,67.68,33.00,32.26,42.04,1008.37
754,67.77,33.00,32.28,42.06,1008.37
755,67.86,33.01,32.27,42.06,1008.38
756,67.95,33.00,32.27,42.07,1008.39
757,68.04,32.99,32.26,42.08,1008.39
758,68.13,32.99,32.28,42.09,1008.40
759,68.22,32.98,32.27,42.12,1008.38
760,68.31,32.97,32.25,42.11,1008.38
761,68.40,32.97,32.26,42.12,1008.37
762,68.49,32.96,32.24,42.12,1008.37
763,68.58,32.95,32.24,42.12,1008.37
764,68.67,32.94,32.27,42.12,1008.37
765,68.76,32.92,32.23,42.13,1008.38
766,68.85,32.92,32.22,42.10,1008.36
767,68.94,32.92,32.21,42.08,1008.36
768,69.03,32.90,32.18,42.08,1008.35
769,69.12,32.91,32.16,42.13,1008.34
770,69.21,32.90,32.16,42.14,1008.33
771,69.30,32.89,32.14,42.10,1008.34
772,69.39,32.88,32.14,42.11,1008.33
773,69.48,32.87,32.13,42.09,1008.33
774,69.57,32.87,32.13,42.11,1008.33
775,69.66,32.87,32.13,42.11,1008.34
776,69.75,32.87,32.14,42.15,1008.33
777,69.84,32.87,32.14,42.15,1008.34
778,69.93,32.88,32.14,42.13,1008.33
779,70.02,32.87,32.13,42.14,1008.35
780,70.11,32.89,32.12,42.12,1008.35
781,70.20,32.88,32.10,42.10,1008.34
782,70.29,32.87,32.12,42.11,1008.35
783,70.38,32.86,32.12,42.09,1008.34
784,70.47,32.84,32.10,42.08,1008.34
785,70.56,32.85,32.07,42.06,1008.34
786,70.65,32.84,32.05,42.06,1008.33
787,70.74,32.83,32.06,42.06,1008.33
788,70.83,32.83,32.05,42.07,1008.33
789,70.92,32.83,32.02,42.07,1008.34
790,71.01,32.84,32.02,42.09,1008.33
791,71.10,32.84,32.02,42.07,1008.33
792,71.19,32.82,32.01,42.06,1008.33
793,71.28,32.82,32.00,42.08,1008.35
794,71.37,32.82,31.99,42.08,1008.35
795,71.46,32.80,31.98,42.08,1008.37
796,71.55,32.80,31.95,42.05,1008.38
797,71.64,32.81,31.96,42.05,1008.38
798,71.73,32.79,31.93,42.06,1008.37
799,71.82,32.77,31.90,42.05,1008.37
800,71.91,32.76,31.88,42.05,1008.37
801,72.00,32.75,31.89,42.04,1008.37
802,72.09,32.76,31.88,42.02,1008.38
803,72.18,32.75,31.88,42.01,1008.39
804,72.27,32.77,31.85,42.02,1008.38
805,72.36,32.77,31.86,42.02,1008.40
806,72.45,32.75,31.86,42.04,1008.42
807,72.54,32.75,31.86,42.04,1008.42
808,72.63,32.73,31.85,42.08,1008.42
809,72.72,32.69,31.83,42.11,1008.43
810,72.81,32.68,31.82,42.09,1008.43
811,72.90,32.68,31.82,42.10,1008.44
812,72.99,32.67,31.82,42.09,1008.43
813,73.08,32.65,31.80,42.08,1008.42
814,73.17,32.64,31.81,42.05,1008.42
815,73.26,32.62,31.81,42.06,1008.42
816,73.35,32.63,31.81,42.04,1008.43
817,73.44,32.60,31.79,42.06,1008.42
818,73.53,32.58,31.77,42.06,1008.42
819,73.62,32.57,31.76,42.09,1008.42
820,73.71,32.56,31.76,42.06,1008.42
821,73.80,32.55,31.74,42.06,1008.41
822,73.89,32.54,31.75,42.02,1008.41
823,73.98,32.53,31.74,42.04,1008.41
824,74.07,32.52,31.72,42.05,1008.40
825,74.16,32.52,31.70,42.04,1008.40
826,74.25,32.50,31.70,42.04,1008.38
827,74.34,32.49,31.68,42.04,1008.37
828,74.43,32.49,31.67,42.08,1008.37
829,74.52,32.49,31.67,42.04,1008.36
830,74.61,32.47,31.67,42.04,1008.36
831,74.70,32.46,31.67,42.04,1008.36
832,74.79,32.45,31.66,42.07,1008.36
833,74.88,32.42,31.66,42.07,1008.36
834,74.97,32.41,31.64,42.08,1008.34
835,75.06,32.41,31.64,42.07,1008.34
836,75.15,32.40,31.62,42.07,1008.35
837,75.24,32.39,31.61,42.09,1008.34
838,75.33,32.39,31.60,42.08,1008.33
839,75.42,32.37,31.59,42.08,1008.32
840,75.51,32.37,31.58,42.07,1008.33
841,75.60,32.37,31.57,42.06,1008.33
842,75.69,32.36,31.58,42.07,1008.33
843,75.78,32.35,31.58,42.09,1008.33
844,75.87,32.35,31.57,42.09,1008.33
845,75.96,32.33,31.58,42.09,1008.32
846,76.05,32.32,31.57,42.12,1008.32
847,76.14,32.32,31.57,42.12,1008.34
848,76.23,32.33,31.57,42.10,1008.34
849,76.32,32.33,31.59,42.11,1008.34
850,76.41,32.33,31.60,42.10,1008.35
851,76.50,32.32,31.57,42.09,1008.36
852,76.59,32.32,31.57,42.09,1008.36
853,76.68,32.31,31.59,42.08,1008.38
854,76.77,32.31,31.60,42.07,1008.39
855,76.86,32.28,31.60,42.07,1008.39
856,76.95,32.29,31.57,42.07,1008.39
857,77.04,32.29,31.58,42.07,1008.39
858,77.13,32.27,31.57,42.06,1008.39
859,77.22,32.24,31.59,42.05,1008.38
860,77.31,32.23,31.57,42.06,1008.38
861,77.40,32.22,31.58,42.07,1008.39
862,77.49,32.23,31.57,42.09,1008.40
863,77.58,32.23,31.57,42.08,1008.40
864,77.67,32.23,31.55,42.08,1008.41
865,77.76,32.21,31.54,42.09,1008.42
866,77.85,32.22,31.52,42.09,1008.43
867,77.94,32.22,31.52,42.09,1008.43
868,78.03,32.21,31.53,42.06,1008.43
869,78.12,32.21,31.52,42.05,1008.44
870,78.21,32.21,31.49,42.05,1008.43
871,78.30,32.21,31.49,42.04,1008.44
872,78.39,32.22,31.49,42.02,1008.42
873,78.48,32.22,31.48,42.04,1008.42
874,78.57,32.20,31.47,42.02,1008.42
875,78.66,32.18,31.45,42.02,1008.42
876,78.75,32.18,31.43,42.04,1008.41
877,78.84,32.19,31.44,42.04,1008.40
878,78.93,32.17,31.45,42.05,1008.40
879,79.02,32.16,31.45,42.05,1008.40
880,79.11,32.15,31.46,42.05,1008.40
881,79.20,32.14,31.47,42.05,1008.40
882,79.29,32.14,31.45,42.08,1008.40
883,79.38,32.12,31.45,42.08,1008.41
884,79.47,32.12,31.44,42.07,1008.41
885,79.56,32.12,31.41,42.05,1008.41
886,79.65,32.11,31.42,42.05,1008.41
887,79.74,32.10,31.41,42.04,1008.40
888,79.83,32.11,31.39,42.03,1008.39
889,79.92,32.11,31.38,42.02,1008.37
890,80.01,32.10,31.37,42.02,1008.35
891,80.10,32.10,31.39,42.04,1008.35
892,80.19,32.09,31.38,42.06,1008.35
893,80.28,32.09,31.39,42.07,1008.34
894,80.37,32.09,31.38,42.06,1008.34
895,80.46,32.08,31.35,42.07,1008.33
896,80.55,32.07,31.33,42.08,1008.33
897,80.64,32.08,31.32,42.09,1008.32
898,80.73,32.06,31.30,42.10,1008.31
899,80.82,32.05,31.29,42.10,1008.30
900,80.91,32.03,31.31,42.11,1008.30
901,81.00,32.02,31.28,42.13,1008.29
902,81.09,32.01,31.27,42.11,1008.29
903,81.18,32.00,31.24,42.10,1008.29
904,81.27,32.03,31.24,42.11,1008.31
905,81.36,32.02,31.22,42.09,1008.29
906,81.45,32.00,31.24,42.08,1008.29
907,81.54,32.00,31.22,42.10,1008.29
908,81.63,31.98,31.21,42.08,1008.29
909,81.72,31.97,31.19,42.08,1008.29
910,81.81,31.96,31.18,42.08,1008.28
911,81.90,31.95,31.19,42.09,1008.28
912,81.99,31.92,31.16,42.09,1008.28
913,82.08,31.92,31.16,42.10,1008.31
914,82.17,31.91,31.17,42.08,1008.31
915,82.26,31.91,31.17,42.07,1008.32
916,82.35,31.90,31.17,42.07,1008.32
917,82.44,31.91,31.17,42.04,1008.33
918,82.53,31.91,31.17,42.04,1008.34
919,82.62,31.89,31.17,42.06,1008.35
920,82.71,31.88,31.15,42.06,1008.37
921,82.80,31.86,31.16,42.08,1008.36
922,82.89,31.85,31.14,42.06,1008.36
923,82.98,31.85,31.14,42.07,1008.39
924,83.07,31.84,31.14,42.08,1008.40
925,83.16,31.83,31.14,42.08,1008.40
926,83.25,31.81,31.12,42.07,1008.41
927,83.34,31.80,31.13,42.04,1008.41
928,83.43,31.78,31.12,42.06,1008.41
929,83.52,31.78,31.12,42.06,1008.40
930,83.61,31.79,31.11,42.06,1008.40
931,83.70,31.80,31.11,42.06,1008.39
932,83.79,31.77,31.09,42.08,1008.40
933,83.88,31.77,31.08,42.06,1008.40
934,83.97,31.77,31.06,42.06,1008.39
935,84.06,31.75,31.06,42.06,1008.39
936,84.15,31.75,31.05,42.06,1008.40
937,84.24,31.73,31.07,42.06,1008.39
938,84.33,31.74,31.06,42.08,1008.39
939,84.42,31.73,31.05,42.08,1008.39
940,84.51,31.74,31.05,42.07,1008.39
941,84.60,31.74,31.04,42.08,1008.38
942,84.69,31.74,31.05,42.09,1008.38
943,84.78,31.75,31.06,42.09,1008.37
944,84.87,31.74,31.06,42.10,1008.37
945,84.96,31.73,31.06,42.11,1008.37
946,85.05,31.72,31.05,42.11,1008.36
947,85.14,31.72,31.05,42.09,1008.36
948,85.23,31.72,31.03,42.07,1008.35
949,85.32,31.71,31.04,42.06,1008.34
950,85.41,31.70,31.03,42.06,1008.35
951,85.50,31.72,31.01,42.07,1008.35
952,85.59,31.71,31.02,42.05,1008.35
953,85.68,31.73,31.02,42.07,1008.34
954,85.77,31.72,31.00,42.06,1008.34
955,85.86,31.71,30.98,42.07,1008.33
956,85.95,31.70,30.98,42.10,1008.33
957,86.04,31.69,30.98,42.08,1008.33
958,86.13,31.70,30.97,42.11,1008.33
959,86.22,31.68,30.94,42.11,1008.33
960,86.31,31.69,30.94,42.10,1008.31
961,86.40,31.68,30.94,42.10,1008.32
962,86.49,31.66,30.92,42.09,1008.33
963,86.58,31.66,30.93,42.12,1008.33
964,86.67,31.66,30.93,42.11,1008.33
965,86.76,31.66,30.93,42.13,1008.33
966,86.85,31.65,30.94,42.12,1008.33
967,86.94,31.66,30.95,42.12,1008.32
968,87.03,31.65,30.92,42.11,1008.32
969,87.12,31.64,30.92,42.09,1008.32
970,87.21,31.64,30.89,42.11,1008.32
971,87.30,31.63,30.87,42.08,1008.33
972,87.39,31.63,30.87,42.09,1008.33
973,87.48,31.63,30.87,42.09,1008.34
974,87.57,31.62,30.84,42.10,1008.35
975,87.66,31.62,30.85,42.10,1008.34
976,87.75,31.61,30.84,42.08,1008.34
977,87.84,31.61,30.83,42.09,1008.33
978,87.93,31.61,30.80,42.10,1008.34
979,88.02,31.60,30.81,42.08,1008.35
980,88.11,31.58,30.81,42.11,1008.36
981,88.20,31.58,30.80,42.12,1008.37
982,88.29,31.58,30.78,42.12,1008.37
983,88.38,31.57,30.78,42.11,1008.37
984,88.47,31.56,30.78,42.12,1008.38
985,88.56,31.55,30.78,42.15,1008.37
986,88.65,31.55,30.77,42.13,1008.37
987,88.74,31.56,30.77,42.13,1008.36
988,88.83,31.54,30.76,42.12,1008.35
989,88.92,31.52,30.75,42.09,1008.35
990,89.01,31.51,30.74,42.08,1008.36
991,89.10,31.50,30.74,42.08,1008.35
992,89.19,31.50,30.76,42.06,1008.36
993,89.28,31.49,30.76,42.06,1008.36
994,89.37,31.48,30.76,42.08,1008.37
995,89.46,31.47,30.76,42.10,1008.38
996,89.55,31.48,30.76,42.11,1008.39
997,89.64,31.47,30.75,42.08,1008.39
998,89.73,31.44,30.73,42.06,1008.38
999,89.82,31.45,30.71,42.03,1008.38
1000,89.91,31.44,30.70,42.03,1008.37
1001,90.00,31.41,30.69,42.02,1008.37
1002,90.09,31.40,30.68,42.01,1008.38
1003,90.18,31.40,30.67,42.02,1008.36
1004,90.27,31.40,30.66,42.00,1008.35
1005,90.36,31.39,30.64,42.01,1008.35
1006,90.45,31.38,30.66,42.03,1008.36
1007,90.54,31.37,30.66,42.04,1008.36
1008,90.63,31.37,30.64,42.04,1008.36
1009,90.72,31.37,30.63,42.06,1008.35
1010,90.81,31.36,30.62,42.05,1008.33
1011,90.90,31.37,30.62,42.07,1008.33
1012,90.99,31.36,30.62,42.08,1008.33
1013,91.08,31.35,30.61,42.09,1008.33
1014,91.17,31.35,30.60,42.12,1008.32
1015,91.26,31.33,30.61,42.12,1008.32
1016,91.35,31.32,30.62,42.14,1008.32
1017,91.44,31.31,30.62,42.12,1008.32
1018,91.53,31.29,30.62,42.14,1008.32
1019,91.62,31.27,30.63,42.13,1008.32
1020,91.71,31.27,30.63,42.14,1008.32
1021,91.80,31.26,30.62,42.14,1008.32
1022,91.89,31.27,30.62,42.12,1008.31
1023,91.98,31.27,30.63,42.14,1008.32
1024,92.07,31.26,30.64,42.14,1008.33
1025,92.16,31.26,30.64,42.15,1008.33
1026,92.25,31.25,30.65,42.14,1008.33
1027,92.34,31.25,30.64,42.13,1008.33
1028,92.43,31.26,30.66,42.11,1008.34
1029,92.52,31.25,30.64,42.11,1008.34
1030,92.61,31.25,30.61,42.09,1008.35
1031,92.70,31.25,30.59,42.08,1008.34
1032,92.79,31.24,30.58,42.07,1008.34
1033,92.88,31.23,30.58,42.07,1008.35
1034,92.97,31.23,30.56,42.08,1008.37
1035,93.06,31.22,30.59,42.09,1008.38
1036,93.15,31.22,30.59,42.09,1008.38
1037,93.24,31.22,30.58,42.09,1008.38
1038,93.33,31.21,30.59,42.07,1008.38
1039,93.42,31.20,30.59,42.05,1008.36
1040,93.51,31.21,30.60,42.05,1008.37
1041,93.60,31.20,30.58,42.05,1008.37
1042,93.69,31.21,30.56,42.05,1008.37
1043,93.78,31.21,30.56,42.05,1008.38
1044,93.87,31.21,30.54,42.03,1008.39
1045,93.96,31.22,30.54,42.04,1008.41
1046,94.05,31.22,30.54,42.05,1008.40
1047,94.14,31.21,30.54,42.07,1008.40
1048,94.23,31.22,30.53,42.07,1008.40
1049,94.32,31.22,30.53,42.10,1008.40
1050,94.41,31.20,30.53,42.11,1008.40
1051,94.50,31.19,30.54,42.11,1008.40
1052,94.59,31.20,30.52,42.12,1008.41
1053,94.68,31.19,30.52,42.13,1008.41
1054,94.77,31.19,30.52,42.12,1008.40
1055,94.86,31.19,30.50,42.12,1008.40
1056,94.95,31.19,30.48,42.14,1008.38
1057,95.04,31.19,30.47,42.11,1008.37
1058,95.13,31.17,30.47,42.11,1008.37
1059,95.22,31.16,30.47,42.13,1008.36
1060,95.31,31.17,30.47,42.17,1008.35
1061,95.40,31.15,30.49,42.16,1008.35
1062,95.49,31.15,30.49,42.16,1008.34
1063,95.58,31.14,30.46,42.14,1008.34
1064,95.67,31.14,30.45,42.12,1008.34
1065,95.76,31.13,30.45,42.11,1008.33
1066,95.85,31.12,30.46,42.10,1008.32
1067,95.94,31.12,30.44,42.10,1008.32
1068,96.03,31.12,30.42,42.10,1008.31
1069,96.12,31.12,30.41,42.10,1008.31
1070,96.21,31.12,30.41,42.10,1008.31
1071,96.30,31.13,30.40,42.09,1008.31
1072,96.39,31.12,30.39,42.11,1008.29
1073,96.48,31.11,30.38,42.08,1008.30
1074,96.57,31.10,30.36,42.06,1008.31
1075,96.66,31.09,30.37,42.06,1008.31
1076,96.75,31.07,30.35,42.05,1008.31
1077,96.84,31.07,30.36,42.07,1008.31
1078,96.93,31.05,30.31,42.06,1008.31
1079,97.02,31.04,30.31,42.04,1008.31
1080,97.11,31.04,30.28,42.05,1008.30
1081,97.20,31.04,30.26,42.05,1008.29
1082,97.29,31.02,30.25,42.04,1008.28
1083,97.38,31.04,30.21,42.04,1008.28
1084,97.47,31.03,30.20,42.03,1008.28
1085,97.56,31.03,30.20,42.05,1008.29
1086,97.65,31.03,30.19,42.05,1008.30
1087,97.74,31.02,30.20,42.07,1008.31
1088,97.83,31.02,30.20,42.06,1008.32
1089,97.92,31.00,30.20,42.06,1008.33
1090,98.01,31.00,30.21,42.06,1008.33
1091,98.10,31.01,30.21,42.03,1008.34
1092,98.19,31.01,30.24,42.04,1008.34
1093,98.28,31.01,30.25,42.04,1008.36
1094,98.37,31.00,30.26,42.03,1008.36
1095,98.46,30.99,30.27,42.05,1008.37
1096,98.55,30.98,30.27,42.05,1008.38
1097,98.64,30.97,30.26,42.02,1008.38
1098,98.73,30.97,30.25,42.01,1008.39
1099,98.82,30.95,30.24,42.02,1008.39
1100,98.91,30.94,30.23,42.01,1008.40
1101,99.00,30.94,30.24,41.98,1008.39
1102,99.09,30.95,30.27,41.98,1008.39
1103,99.18,30.93,30.28,41.99,1008.40
1104,99.27,30.92,30.26,41.99,1008.40
1105,99.36,30.91,30.25,41.99,1008.39
1106,99.45,30.89,30.26,41.99,1008.39
1107,99.54,30.88,30.25,42.01,1008.38
1108,99.63,30.87,30.23,42.02,1008.38
1109,99.72,30.87,30.25,42.03,1008.38
1110,99.81,30.87,30.25,42.04,1008.38
1111,99.90,30.85,30.24,42.05,1008.39
1112,99.99,30.86,30.25,42.02,1008.40
1113,100.08,30.84,30.23,42.02,1008.39
1114,100.17,30.83,30.24,42.00,1008.40
1115,100.26,30.82,30.21,41.98,1008.39
1116,100.35,30.82,30.20,41.98,1008.40
1117,100.44,30.82,30.19,41.98,1008.40
1118,100.53,30.82,30.19,41.95,1008.39
1119,100.62,30.83,30.21,41.97,1008.39
1120,100.71,30.82,30.20,41.95,1008.38
1121,100.80,30.82,30.18,41.96,1008.37
1122,100.89,30.81,30.17,41.95,1008.36
1123,100.98,30.81,30.17,41.95,1008.35
1124,101.07,30.80,30.17,41.97,1008.34
1125,101.16,30.77,30.16,41.99,1008.34
1126,101.25,30.78,30.19,42.00,1008.33
1127,101.34,30.77,30.17,42.00,1008.32
1128,101.43,30.77,30.18,42.01,1008.32
1129,101.52,30.74,30.19,42.01,1008.30
1130,101.61,30.74,30.22,42.02,1008.30
1131,101.70,30.72,30.22,42.02,1008.29
1132,101.79,30.73,30.25,42.03,1008.29
1133,101.88,30.71,30.23,42.02,1008.28
1134,101.97,30.70,30.23,42.01,1008.28
1135,102.06,30.70,30.22,41.99,1008.29
1136,102.15,30.70,30.22,41.99,1008.29
1137,102.24,30.70,30.22,42.01,1008.29
1138,102.33,30.71,30.22,42.02,1008.29
1139,102.42,30.71,30.20,42.03,1008.28
1140,102.51,30.70,30.20,42.06,1008.29
1141,102.60,30.70,30.21,42.06,1008.28
1142,102.69,30.68,30.20,42.07,1008.28
1143,102.78,30.68,30.19,42.06,1008.29
1144,102.87,30.67,30.17,42.05,1008.31
1145,102.96,30.67,30.15,42.06,1008.31
1146,103.05,30.66,30.15,42.06,1008.32
1147,103.14,30.64,30.15,42.07,1008.32
1148,103.23,30.65,30.14,42.08,1008.32
1149,103.32,30.66,30.13,42.08,1008.34
1150,103.41,30.66,30.11,42.07,1008.34
1151,103.50,30.65,30.11,42.06,1008.35
1152,103.59,30.65,30.09,42.05,1008.36
1153,103.68,30.64,30.08,42.05,1008.36
1154,103.77,30.64,30.06,42.06,1008.37
1155,103.86,30.65,30.04,42.03,1008.37
1156,103.95,30.66,30.05,42.02,1008.37
1157,104.04,30.67,30.04,41.99,1008.38
1158,104.13,30.66,30.03,41.99,1008.39
1159,104.22,30.66,30.04,42.02,1008.40
1160,104.31,30.66,30.03,42.02,1008.40
1161,104.40,30.65,30.01,42.02,1008.41
1162,104.49,30.66,30.01,42.02,1008.42
1163,104.58,30.66,30.01,41.99,1008.42
1164,104.67,30.66,30.01,41.98,1008.42
1165,104.76,30.64,30.01,41.96,1008.42
1166,104.85,30.63,30.00,41.97,1008.41
1167,104.94,30.62,30.00,41.99,1008.38
1168,105.03,30.61,30.01,41.99,1008.38
1169,105.12,30.62,30.00,42.00,1008.37
1170,105.21,30.61,30.00,42.01,1008.35
1171,105.30,30.60,29.98,41.99,1008.36
1172,105.39,30.61,29.96,41.99,1008.35
1173,105.48,30.60,29.97,42.01,1008.34
1174,105.57,30.59,29.96,42.01,1008.33
1175,105.66,30.60,29.96,42.01,1008.32
1176,105.75,30.61,29.95,42.01,1008.32
1177,105.84,30.60,29.93,42.01,1008.32
1178,105.93,30.62,29.93,42.00,1008.30
1179,106.02,30.61,29.93,41.99,1008.30
1180,106.11,30.61,29.93,41.98,1008.29
1181,106.20,30.60,29.92,41.97,1008.29
1182,106.29,30.61,29.93,41.97,1008.28
1183,106.38,30.60,29.91,42.00,1008.27
1184,106.47,30.60,29.92,41.98,1008.26
1185,106.56,30.59,29.93,41.99,1008.27
1186,106.65,30.59,29.95,42.00,1008.26
1187,106.74,30.57,29.96,42.01,1008.25
1188,106.83,30.57,29.95,42.01,1008.25
1189,106.92,30.56,29.94,42.03,1008.26
1190,107.01,30.56,29.95,42.02,1008.26
1191,107.10,30.57,29.96,42.03,1008.27
1192,107.19,30.54,29.95,42.02,1008.29
1193,107.28,30.55,29.94,42.03,1008.30
1194,107.37,30.54,29.94,42.02,1008.30
1195,107.46,30.54,29.94,42.04,1008.30
1196,107.55,30.53,29.93,42.03,1008.31
1197,107.64,30.52,29.93,42.02,1008.30
1198,107.73,30.51,29.91,42.01,1008.32
1199,107.82,30.49,29.93,42.02,1008.33
1200,107.91,30.50,29.93,42.02,1008.33
1201,108.00,30.50,29.95,42.02,1008.34
1202,108.09,30.50,29.96,42.01,1008.34
1203,108.18,30.47,29.95,42.02,1008.34
1204,108.27,30.46,29.95,42.02,1008.35
1205,108.36,30.45,29.96,42.02,1008.35
1206,108.45,30.46,29.94,42.00,1008.36
1207,108.54,30.46,29.92,42.01,1008.37
1208,108.63,30.46,29.93,42.03,1008.38
1209,108.72,30.45,29.93,42.05,1008.38
1210,108.81,30.44,29.94,42.06,1008.39
1211,108.90,30.44,29.94,42.06,1008.39
1212,108.99,30.44,29.94,42.07,1008.39
1213,109.08,30.43,29.93,42.09,1008.39
1214,109.17,30.41,29.93,42.06,1008.39
1215,109.26,30.41,29.93,42.06,1008.40
1216,109.35,30.39,29.92,42.07,1008.39
1217,109.44,30.40,29.92,42.09,1008.41
1218,109.53,30.41,29.90,42.10,1008.41
1219,109.62,30.39,29.89,42.10,1008.42
1220,109.71,30.37,29.89,42.09,1008.42
1221,109.80,30.38,29.89,42.07,1008.42
1222,109.89,30.37,29.90,42.09,1008.42
1223,109.98,30.37,29.88,42.12,1008.42
1224,110.07,30.36,29.88,42.12,1008.43
1225,110.16,30.36,29.88,42.10,1008.43
1226,110.25,30.36,29.88,42.09,1008.43
1227,110.34,30.37,29.89,42.08,1008.41
1228,110.43,30.37,29.89,42.09,1008.40
1229,110.52,30.37,29.88,42.09,1008.39
1230,110.61,30.36,29.87,42.09,1008.40
1231,110.70,30.36,29.85,42.10,1008.40
1232,110.79,30.36,29.84,42.11,1008.38
1233,110.88,30.34,29.84,42.08,1008.37
1234,110.97,30.34,29.82,42.06,1008.36
1235,111.06,30.34,29.81,42.06,1008.37
1236,111.15,30.34,29.81,42.06,1008.35
1237,111.24,30.33,29.80,42.06,1008.35
1238,111.33,30.34,29.76,42.07,1008.33
1239,111.42,30.33,29.74,42.10,1008.34
1240,111.51,30.31,29.74,42.11,1008.34
1241,111.60,30.31,29.75,42.12,1008.33
1242,111.69,30.32,29.75,42.11,1008.33
1243,111.78,30.34,29.73,42.11,1008.32
1244,111.87,30.35,29.72,42.11,1008.31
1245,111.96,30.34,29.71,42.11,1008.31
1246,112.05,30.35,29.69,42.11,1008.32
1247,112.14,30.34,29.71,42.12,1008.32
1248,112.23,30.32,29.73,42.13,1008.32
1249,112.32,30.32,29.74,42.13,1008.32
1250,112.41,30.31,29.73,42.15,1008.32
1251,112.50,30.31,29.71,42.13,1008.32
1252,112.59,30.30,29.71,42.13,1008.33
1253,112.68,30.31,29.72,42.13,1008.32
1254,112.77,30.32,29.71,42.13,1008.32
1255,112.86,30.31,29.72,42.14,1008.30
1256,112.95,30.31,29.73,42.14,1008.30
1257,113.04,30.29,29.72,42.15,1008.32
1258,113.13,30.27,29.73,42.17,1008.32
1259,113.22,30.28,29.72,42.17,1008.32
1260,113.31,30.28,29.73,42.16,1008.31
1261,113.40,30.28,29.74,42.17,1008.32
1262,113.49,30.29,29.73,42.14,1008.33
1263,113.58,30.29,29.72,42.15,1008.33
1264,113.67,30.30,29.72,42.15,1008.33
1265,113.76,30.29,29.71,42.15,1008.34
1266,113.85,30.28,29.71,42.15,1008.35
1267,113.94,30.29,29.72,42.14,1008.36
1268,114.03,30.29,29.70,42.14,1008.36
1269,114.12,30.30,29.70,42.15,1008.37
1270,114.21,30.29,29.68,42.12,1008.36
1271,114.30,30.28,29.64,42.12,1008.37
1272,114.39,30.27,29.63,42.12,1008.36
1273,114.48,30.26,29.65,42.11,1008.38
1274,114.57,30.26,29.63,42.11,1008.38
1275,114.66,30.26,29.62,42.09,1008.39
1276,114.75,30.24,29.62,42.10,1008.39
1277,114.84,30.24,29.59,42.06,1008.39
1278,114.93,30.23,29.59,42.07,1008.38
1279,115.02,30.22,29.56,42.10,1008.39
1280,115.11,30.22,29.57,42.10,1008.39
1281,115.20,30.21,29.56,42.11,1008.38
1282,115.29,30.20,29.58,42.11,1008.37
1283,115.38,30.18,29.60,42.09,1008.37
1284,115.47,30.18,29.60,42.07,1008.39
1285,115.56,30.18,29.58,42.06,1008.39
1286,115.65,30.18,29.59,42.05,1008.38
1287,115.74,30.17,29.60,42.05,1008.36
1288,115.83,30.17,29.60,42.06,1008.36
1289,115.92,30.17,29.58,42.08,1008.36
1290,116.01,30.15,29.57,42.09,1008.36
1291,116.10,30.14,29.58,42.09,1008.34
1292,116.19,30.14,29.57,42.09,1008.34
1293,116.28,30.12,29.59,42.08,1008.33
1294,116.37,30.12,29.60,42.06,1008.33
1295,116.46,30.12,29.60,42.05,1008.33
1296,116.55,30.11,29.62,42.06,1008.32
1297,116.64,30.12,29.63,42.05,1008.30
1298,116.73,30.10,29.64,42.04,1008.29
1299,116.82,30.10,29.63,42.05,1008.28
1300,116.91,30.11,29.61,42.05,1008.28
1301,117.00,30.12,29.62,42.09,1008.28
1302,117.09,30.13,29.61,42.10,1008.28
1303,117.18,30.12,29.60,42.11,1008.28
1304,117.27,30.11,29.59,42.11,1008.29
1305,117.36,30.10,29.58,42.12,1008.29
1306,117.45,30.09,29.60,42.13,1008.28
1307,117.54,30.06,29.59,42.14,1008.28
1308,117.63,30.06,29.59,42.13,1008.27
1309,117.72,30.07,29.59,42.09,1008.29
1310,117.81,30.05,29.60,42.06,1008.30
1311,117.90,30.05,29.60,42.07,1008.31
1312,117.99,30.04,29.60,42.08,1008.32
1313,118.08,30.03,29.60,42.07,1008.33
1314,118.17,30.02,29.58,42.06,1008.32
1315,118.26,30.03,29.59,42.04,1008.32
1316,118.35,30.02,29.58,42.04,1008.33
1317,118.44,30.02,29.56,42.06,1008.34
1318,118.53,30.03,29.54,42.04,1008.33
1319,118.62,30.02,29.52,42.05,1008.33
1320,118.71,30.01,29.51,42.04,1008.33
1321,118.80,30.01,29.50,42.04,1008.33
1322,118.89,30.01,29.50,42.04,1008.33
1323,118.98,30.01,29.52,42.03,1008.34
1324,119.07,30.02,29.52,42.01,1008.36
1325,119.16,30.00,29.51,41.99,1008.36
1326,119.25,30.02,29.52,41.99,1008.36
1327,119.34,30.04,29.53,41.97,1008.36
1328,119.43,30.03,29.53,41.97,1008.36
1329,119.52,30.03,29.51,41.95,1008.36
1330,119.61,30.03,29.52,41.97,1008.35
1331,119.70,30.03,29.51,41.98,1008.37
1332,119.79,30.01,29.50,41.97,1008.37
1333,119.88,30.01,29.51,41.98,1008.36
1334,119.97,30.01,29.48,41.97,1008.38
1335,120.06,30.01,29.48,41.94,1008.38
1336,120.15,29.99,29.46,41.94,1008.40
1337,120.24,30.00,29.46,41.95,1008.41
1338,120.33,30.00,29.46,41.93,1008.40
1339,120.42,30.01,29.46,41.94,1008.42
1340,120.51,30.01,29.45,41.93,1008.42
1341,120.60,30.01,29.48,41.95,1008.43
1342,120.69,30.00,29.47,41.95,1008.43
1343,120.78,30.00,29.46,41.95,1008.41
1344,120.87,30.01,29.45,41.94,1008.42
1345,120.96,30.01,29.44,41.96,1008.41
1346,121.05,30.01,29.45,41.98,1008.40
1347,121.14,30.01,29.45,41.99,1008.40
1348,121.23,30.03,29.43,41.99,1008.40
1349,121.32,30.04,29.45,42.01,1008.39
1350,121.41,30.03,29.44,42.02,1008.38
1351,121.50,30.01,29.44,42.00,1008.36
1352,121.59,30.02,29.42,42.01,1008.35
1353,121.68,30.01,29.42,41.99,1008.35
1354,121.77,30.00,29.41,42.01,1008.33
1355,121.86,30.00,29.43,41.98,1008.32
1356,121.95,30.01,29.41,41.96,1008.31
1357,122.04,29.98,29.41,42.01,1008.30
1358,122.13,29.97,29.39,42.00,1008.29
1359,122.22,29.97,29.39,42.00,1008.30
1360,122.31,29.97,29.39,42.01,1008.29
1361,122.40,29.97,29.40,42.00,1008.30
1362,122.49,29.98,29.39,42.00,1008.30
1363,122.58,29.98,29.39,41.99,1008.30
1364,122.67,29.97,29.41,41.99,1008.28
1365,122.76,29.96,29.40,41.99,1008.28
1366,122.85,29.96,29.39,41.98,1008.29
1367,122.94,29.96,29.38,41.99,1008.29
1368,123.03,29.96,29.39,42.00,1008.29
1369,123.12,29.96,29.40,42.00,1008.28
1370,123.21,29.96,29.39,41.99,1008.28
1371,123.30,29.96,29.39,41.99,1008.28
1372,123.39,29.95,29.38,42.00,1008.27
1373,123.48,29.94,29.40,41.98,1008.28
1374,123.57,29.94,29.39,41.98,1008.29
1375,123.66,29.94,29.41,41.99,1008.28
1376,123.75,29.94,29.41,42.01,1008.29
1377,123.84,29.94,29.38,42.00,1008.29
1378,123.93,29.94,29.39,42.00,1008.31
1379,124.02,29.93,29.38,42.01,1008.31
1380,124.11,29.92,29.38,41.98,1008.33
1381,124.20,29.93,29.38,41.96,1008.34
1382,124.29,29.91,29.38,41.97,1008.35
1383,124.38,29.90,29.40,41.98,1008.35
1384,124.47,29.90,29.40,41.99,1008.34
1385,124.56,29.90,29.41,41.96,1008.34
1386,124.65,29.89,29.40,41.96,1008.36
1387,124.74,29.87,29.38,41.97,1008.36
1388,124.83,29.87,29.38,41.99,1008.36
1389,124.92,29.86,29.38,41.97,1008.37
1390,125.01,29.85,29.37,41.98,1008.39
1391,125.10,29.84,29.37,41.98,1008.39
1392,125.19,29.84,29.36,41.99,1008.40
1393,125.28,29.84,29.36,41.98,1008.41
1394,125.37,29.83,29.36,41.98,1008.42
1395,125.46,29.84,29.37,41.98,1008.41
1396,125.55,29.84,29.39,41.98,1008.40
1397,125.64,29.82,29.38,42.00,1008.42
1398,125.73,29.82,29.37,41.99,1008.43
1399,125.82,29.80,29.36,42.00,1008.41
1400,125.91,29.80,29.34,41.98,1008.41
1401,126.00,29.80,29.34,41.97,1008.41
1402,126.09,29.82,29.32,41.97,1008.41
1403,126.18,29.82,29.32,41.94,1008.41
1404,126.27,29.82,29.32,41.96,1008.40
1405,126.36,29.82,29.35,41.99,1008.40
1406,126.45,29.81,29.36,42.00,1008.39
1407,126.54,29.81,29.35,42.01,1008.39
1408,126.63,29.81,29.33,42.00,1008.40
1409,126.72,29.81,29.32,42.00,1008.38
1410,126.81,29.81,29.32,42.03,1008.38
1411,126.90,29.79,29.35,42.00,1008.37
1412,126.99,29.78,29.34,42.02,1008.37
1413,127.08,29.77,29.33,42.05,1008.35
1414,127.17,29.78,29.33,42.06,1008.35
1415,127.26,29.80,29.30,42.06,1008.34
1416,127.35,29.79,29.29,42.07,1008.32
1417,127.44,29.81,29.30,42.05,1008.30
1418,127.53,29.80,29.29,42.05,1008.31
1419,127.62,29.79,29.28,42.05,1008.32
1420,127.71,29.80,29.28,42.05,1008.32
1421,127.80,29.81,29.28,42.08,1008.32
1422,127.89,29.80,29.28,42.06,1008.31
1423,127.98,29.80,29.27,42.06,1008.32
1424,128.07,29.80,29.28,42.05,1008.32
1425,128.16,29.79,29.27,42.08,1008.33
1426,128.25,29.79,29.27,42.08,1008.33
1427,128.34,29.77,29.25,42.08,1008.31
1428,128.43,29.75,29.24,42.08,1008.33
1429,128.52,29.76,29.23,42.07,1008.34
1430,128.61,29.76,29.23,42.06,1008.33
1431,128.70,29.77,29.23,42.08,1008.35
1432,128.79,29.76,29.23,42.10,1008.34
1433,128.88,29.75,29.21,42.09,1008.33
1434,128.97,29.75,29.23,42.07,1008.33
1435,129.06,29.75,29.20,42.06,1008.34
1436,129.15,29.73,29.19,42.09,1008.35
1437,129.24,29.73,29.19,42.07,1008.37
1438,129.33,29.73,29.17,42.07,1008.37
1439,129.42,29.72,29.16,42.08,1008.38
1440,129.51,29.71,29.17,42.08,1008.38
1441,129.60,29.71,29.15,42.09,1008.39
1442,129.69,29.72,29.17,42.08,1008.38
1443,129.78,29.70,29.16,42.08,1008.37
1444,129.87,29.70,29.15,42.09,1008.39
1445,129.96,29.70,29.15,42.09,1008.40
1446,130.05,29.70,29.14,42.08,1008.41
1447,130.14,29.70,29.14,42.11,1008.41
1448,130.23,29.69,29.14,42.15,1008.43
1449,130.32,29.69,29.15,42.15,1008.42
1450,130.41,29.69,29.15,42.14,1008.43
1451,130.50,29.70,29.15,42.15,1008.43
1452,130.59,29.70,29.14,42.16,1008.44
1453,130.68,29.70,29.13,42.19,1008.44
1454,130.77,29.68,29.13,42.19,1008.45
1455,130.86,29.69,29.13,42.19,1008.46
1456,130.95,29.68,29.13,42.19,1008.46
1457,131.04,29.69,29.14,42.19,1008.47
1458,131.13,29.67,29.16,42.16,1008.46
1459,131.22,29.66,29.14,42.16,1008.46
1460,131.31,29.65,29.15,42.13,1008.47
1461,131.40,29.66,29.15,42.12,1008.46
1462,131.49,29.66,29.16,42.11,1008.43
1463,131.58,29.68,29.17,42.09,1008.43
1464,131.67,29.67,29.20,42.11,1008.43
1465,131.76,29.67,29.18,42.11,1008.40
1466,131.85,29.67,29.20,42.09,1008.40
1467,131.94,29.67,29.21,42.07,1008.38
1468,132.03,29.67,29.21,42.06,1008.36
1469,132.12,29.68,29.22,42.05,1008.34
1470,132.21,29.66,29.25,42.04,1008.33
1471,132.30,29.67,29.25,42.04,1008.33
1472,132.39,29.66,29.23,42.04,1008.32
1473,132.48,29.67,29.22,42.02,1008.32
1474,132.57,29.67,29.23,42.02,1008.31
1475,132.66,29.67,29.20,42.01,1008.29
1476,132.75,29.66,29.20,42.03,1008.30
1477,132.84,29.66,29.20,42.01,1008.30
1478,132.93,29.66,29.21,42.01,1008.29
1479,133.02,29.66,29.21,42.01,1008.29
1480,133.11,29.65,29.23,42.00,1008.29
1481,133.20,29.64,29.23,42.00,1008.30
1482,133.29,29.65,29.23,41.98,1008.31
1483,133.38,29.63,29.23,41.99,1008.30
1484,133.47,29.64,29.21,41.99,1008.30
1485,133.56,29.61,29.19,42.00,1008.31
1486,133.65,29.61,29.19,41.99,1008.32
1487,133.74,29.60,29.18,42.00,1008.33
1488,133.83,29.61,29.18,41.99,1008.32
1489,133.92,29.61,29.17,41.99,1008.33
1490,134.01,29.60,29.16,41.98,1008.33
1491,134.10,29.58,29.16,41.97,1008.35
1492,134.19,29.58,29.16,41.99,1008.37
1493,134.28,29.55,29.13,42.02,1008.37
1494,134.37,29.55,29.14,42.02,1008.37
1495,134.46,29.55,29.16,42.01,1008.39
1496,134.55,29.54,29.16,42.02,1008.40
1497,134.64,29.54,29.15,42.04,1008.42
1498,134.73,29.53,29.12,42.07,1008.43
1499,134.82,29.52,29.13,42.08,1008.43
1500,134.91,29.51,29.12,42.05,1008.44
1501,135.00,29.51,29.12,42.06,1008.43
1502,135.09,29.50,29.12,42.04,1008.43
1503,135.18,29.50,29.13,42.06,1008.43
1504,135.27,29.49,29.13,42.07,1008.43
1505,135.36,29.49,29.13,42.06,1008.44
1506,135.45,29.48,29.11,42.04,1008.43
1507,135.54,29.49,29.12,42.06,1008.43
1508,135.63,29.49,29.10,42.05,1008.44
1509,135.72,29.50,29.10,42.06,1008.44
1510,135.81,29.50,29.10,42.07,1008.44
1511,135.90,29.50,29.10,42.06,1008.44
1512,135.99,29.49,29.10,42.04,1008.45
1513,136.08,29.49,29.08,42.05,1008.46
1514,136.17,29.51,29.08,42.06,1008.46
1515,136.26,29.51,29.08,42.07,1008.45
1516,136.35,29.50,29.07,42.08,1008.44
1517,136.44,29.51,29.07,42.09,1008.43
1518,136.53,29.53,29.05,42.10,1008.43
1519,136.62,29.53,29.04,42.10,1008.43
1520,136.71,29.51,29.03,42.11,1008.43
1521,136.80,29.51,29.03,42.10,1008.42
1522,136.89,29.51,29.03,42.08,1008.42
1523,136.98,29.51,29.01,42.07,1008.42
1524,137.07,29.51,28.98,42.07,1008.43
1525,137.16,29.50,28.99,42.06,1008.42
1526,137.25,29.50,28.97,42.03,1008.42
1527,137.34,29.51,28.98,42.04,1008.40
1528,137.43,29.51,28.97,42.05,1008.40
1529,137.52,29.50,28.97,42.04,1008.38
1530,137.61,29.51,28.96,42.06,1008.37
1531,137.70,29.49,28.93,42.08,1008.37
1532,137.79,29.48,28.95,42.10,1008.36
1533,137.88,29.48,28.96,42.10,1008.35
1534,137.97,29.48,28.95,42.12,1008.34
1535,138.06,29.48,28.94,42.12,1008.34
1536,138.15,29.49,28.96,42.13,1008.34
1537,138.24,29.47,28.95,42.13,1008.34
1538,138.33,29.48,28.97,42.15,1008.34
1539,138.42,29.48,28.97,42.13,1008.33
1540,138.51,29.48,28.98,42.14,1008.33
1541,138.60,29.48,28.98,42.11,1008.34
1542,138.69,29.48,28.98,42.11,1008.33
1543,138.78,29.49,28.98,42.14,1008.32
1544,138.87,29.50,28.97,42.17,1008.33
1545,138.96,29.51,28.94,42.18,1008.33
1546,139.05,29.52,29.13,42.18,1008.32
1547,139.14,29.50,29.03,42.17,1008.32
1548,139.23,29.49,28.97,42.18,1008.31
1549,139.32,29.48,28.95,42.18,1008.31
1550,139.41,29.49,28.96,42.17,1008.33
1551,139.50,29.49,28.97,42.17,1008.34
1552,139.59,29.49,28.96,42.18,1008.32
1553,139.68,29.47,28.96,42.17,1008.32
1554,139.77,29.47,28.95,42.19,1008.33
1555,139.86,29.48,28.94,42.16,1008.34
1556,139.95,29.49,28.92,42.15,1008.35
1557,140.04,29.49,28.93,42.17,1008.34
1558,140.13,29.49,28.94,42.18,1008.35
1559,140.22,29.47,28.96,42.19,1008.37
1560,140.31,29.47,28.97,42.21,1008.38
1561,140.40,29.48,28.98,42.21,1008.37
1562,140.49,29.48,28.96,42.20,1008.39
1563,140.58,29.48,28.94,42.19,1008.40
1564,140.67,29.48,28.92,42.18,1008.41
1565,140.76,29.47,28.93,42.20,1008.41
1566,140.85,29.46,28.94,42.19,1008.41
1567,140.94,29.45,28.95,42.17,1008.42
1568,141.03,29.45,28.94,42.16,1008.41
1569,141.12,29.44,28.95,42.14,1008.42
1570,141.21,29.45,28.94,42.14,1008.42
1571,141.30,29.44,28.95,42.14,1008.41
1572,141.39,29.43,28.95,42.14,1008.42
1573,141.48,29.43,28.95,42.14,1008.43
1574,141.57,29.42,28.94,42.11,1008.44
1575,141.66,29.41,28.95,42.13,1008.43
1576,141.75,29.42,28.96,42.11,1008.42
1577,141.84,29.41,28.95,42.12,1008.41
1578,141.93,29.41,28.96,42.15,1008.42
1579,142.02,29.41,28.97,42.16,1008.42
1580,142.11,29.40,28.97,42.17,1008.41
1581,142.20,29.41,28.98,42.18,1008.40
1582,142.29,29.40,28.97,42.17,1008.39
1583,142.38,29.40,28.97,42.15,1008.39
1584,142.47,29.40,28.98,42.17,1008.38
1585,142.56,29.38,28.98,42.15,1008.37
1586,142.65,29.37,28.95,42.17,1008.36
1587,142.74,29.35,28.93,42.16,1008.36
1588,142.83,29.36,28.92,42.16,1008.35
1589,142.92,29.36,28.91,42.18,1008.35
1590,143.01,29.36,28.93,42.18,1008.34
1591,143.10,29.36,28.92,42.14,1008.33
1592,143.19,29.35,28.90,42.13,1008.33
1593,143.28,29.34,28.90,42.12,1008.33
1594,143.37,29.34,28.89,42.13,1008.32
1595,143.46,29.34,28.88,42.14,1008.31
1596,143.55,29.33,28.87,42.14,1008.31
1597,143.64,29.33,28.85,42.12,1008.31
1598,143.73,29.33,28.85,42.14,1008.31
1599,143.82,29.33,28.86,42.15,1008.32
1600,143.91,29.32,28.84,42.18,1008.33
1601,144.00,29.32,28.85,42.18,1008.34
1602,144.09,29.30,28.85,42.18,1008.33
1603,144.18,29.31,28.86,42.20,1008.34
1604,144.27,29.30,28.86,42.22,1008.34
1605,144.36,29.30,28.84,42.22,1008.35
1606,144.45,29.29,28.81,42.23,1008.35
1607,144.54,29.31,28.80,42.20,1008.34
1608,144.63,29.31,28.81,42.25,1008.35
1609,144.72,29.31,28.83,42.26,1008.35
1610,144.81,29.29,28.85,42.28,1008.37
1611,144.90,29.29,28.85,42.28,1008.38
1612,144.99,29.29,28.84,42.28,1008.38
1613,145.08,29.28,28.83,42.28,1008.38
1614,145.17,29.27,28.83,42.27,1008.38
1615,145.26,29.26,28.83,42.27,1008.40
1616,145.35,29.25,28.84,42.28,1008.40
1617,145.44,29.27,28.82,42.29,1008.40
1618,145.53,29.25,28.82,42.30,1008.41
1619,145.62,29.27,28.80,42.30,1008.41
1620,145.71,29.26,28.80,42.30,1008.43
1621,145.80,29.26,28.79,42.29,1008.43
1622,145.89,29.25,28.81,42.28,1008.43
1623,145.98,29.26,28.83,42.27,1008.43
1624,146.07,29.26,28.81,42.25,1008.44
1625,146.16,29.27,28.81,42.24,1008.43
1626,146.25,29.27,28.80,42.24,1008.43
1627,146.34,29.30,28.80,42.24,1008.45
1628,146.43,29.29,28.78,42.25,1008.45
1629,146.52,29.30,28.77,42.25,1008.46
1630,146.61,29.30,28.77,42.25,1008.46
1631,146.70,29.30,28.76,42.22,1008.45
1632,146.79,29.29,28.77,42.20,1008.43
1633,146.88,29.29,28.77,42.18,1008.44
1634,146.97,29.28,28.78,42.21,1008.42
1635,147.06,29.28,28.77,42.21,1008.42
1636,147.15,29.27,28.77,42.20,1008.40
1637,147.24,29.26,28.78,42.19,1008.41
1638,147.33,29.26,28.77,42.22,1008.40
1639,147.42,29.27,28.75,42.21,1008.39
1640,147.51,29.27,28.75,42.20,1008.38
1641,147.60,29.29,28.74,42.18,1008.38
1642,147.69,29.30,28.74,42.18,1008.37
1643,147.78,29.29,28.74,42.22,1008.38
1644,147.87,29.29,28.74,42.22,1008.37
1645,147.96,29.30,28.74,42.24,1008.35
1646,148.05,29.29,28.74,42.23,1008.34
1647,148.14,29.28,28.78,42.23,1008.33
1648,148.23,29.29,28.78,42.21,1008.32
1649,148.32,29.27,28.78,42.20,1008.30
1650,148.41,29.26,28.79,42.20,1008.28
1651,148.50,29.24,28.81,42.20,1008.28
1652,148.59,29.25,28.81,42.17,1008.27
1653,148.68,29.26,28.81,42.14,1008.27
1654,148.77,29.24,28.82,42.13,1008.28
1655,148.86,29.23,28.83,42.14,1008.28
1656,148.95,29.23,28.86,42.12,1008.28
1657,149.04,29.23,28.87,42.12,1008.26
1658,149.13,29.23,28.86,42.11,1008.26
1659,149.22,29.23,28.85,42.10,1008.24
1660,149.31,29.24,28.85,42.09,1008.25
1661,149.40,29.23,28.84,42.10,1008.25
1662,149.49,29.23,28.85,42.13,1008.25
1663,149.58,29.22,28.84,42.14,1008.27
1664,149.67,29.20,28.86,42.16,1008.28
1665,149.76,29.21,28.85,42.15,1008.29
1666,149.85,29.21,28.87,42.15,1008.30
1667,149.94,29.20,28.87,42.17,1008.31
1668,150.03,29.18,28.88,42.16,1008.31
1669,150.12,29.17,28.87,42.17,1008.30
1670,150.21,29.17,28.86,42.15,1008.30
1671,150.30,29.16,28.87,42.17,1008.30
1672,150.39,29.17,28.86,42.14,1008.30
1673,150.48,29.18,28.85,42.16,1008.30
1674,150.57,29.17,28.83,42.18,1008.31
1675,150.66,29.17,28.84,42.20,1008.33
1676,150.75,29.16,28.83,42.21,1008.32
1677,150.84,29.15,28.83,42.18,1008.34
1678,150.93,29.15,28.82,42.17,1008.35
1679,151.02,29.15,28.82,42.17,1008.36
1680,151.11,29.14,28.80,42.16,1008.35
1681,151.20,29.13,28.80,42.18,1008.35
1682,151.29,29.13,28.78,42.17,1008.36
1683,151.38,29.12,28.78,42.19,1008.38
1684,151.47,29.12,28.79,42.18,1008.38
1685,151.56,29.12,28.78,42.17,1008.39
1686,151.65,29.12,28.77,42.15,1008.38
1687,151.74,29.12,28.78,42.17,1008.38
1688,151.83,29.13,28.76,42.17,1008.38
1689,151.92,29.14,28.76,42.17,1008.38
1690,152.01,29.14,28.77,42.17,1008.38
1691,152.10,29.13,28.76,42.19,1008.39
1692,152.19,29.14,28.74,42.20,1008.39
1693,152.28,29.14,28.73,42.19,1008.39
1694,152.37,29.13,28.71,42.20,1008.39
1695,152.46,29.13,28.71,42.19,1008.38
1696,152.55,29.13,28.71,42.19,1008.38
1697,152.64,29.13,28.71,42.20,1008.37
1698,152.73,29.13,28.71,42.18,1008.37
1699,152.82,29.13,28.71,42.17,1008.36
1700,152.91,29.14,28.70,42.18,1008.35
1701,153.00,29.14,28.69,42.18,1008.35
1702,153.09,29.13,28.71,42.20,1008.34
1703,153.18,29.14,28.71,42.20,1008.34
1704,153.27,29.14,28.72,42.19,1008.33
1705,153.36,29.13,28.72,42.16,1008.32
1706,153.45,29.13,28.71,42.13,1008.31
1707,153.54,29.13,28.68,42.14,1008.30
1708,153.63,29.12,28.67,42.16,1008.29
1709,153.72,29.11,28.64,42.14,1008.30
1710,153.81,29.10,28.64,42.15,1008.29
1711,153.90,29.10,28.64,42.15,1008.29
1712,153.99,29.10,28.63,42.16,1008.28
1713,154.08,29.12,28.60,42.19,1008.28
1714,154.17,29.11,28.64,42.21,1008.29
1715,154.26,29.11,28.62,42.21,1008.30
1716,154.35,29.11,28.62,42.21,1008.29
1717,154.44,29.12,28.60,42.19,1008.30
1718,154.53,29.13,28.60,42.20,1008.30
1719,154.62,29.12,28.60,42.20,1008.30
1720,154.71,29.12,28.60,42.20,1008.30
1721,154.80,29.11,28.61,42.20,1008.30
1722,154.89,29.11,28.62,42.21,1008.31
1723,154.98,29.12,28.63,42.20,1008.32
1724,155.07,29.12,28.64,42.18,1008.32
1725,155.16,29.12,28.64,42.20,1008.33
1726,155.25,29.11,28.66,42.19,1008.33
1727,155.34,29.12,28.65,42.17,1008.34
1728,155.43,29.12,28.63,42.18,1008.34
1729,155.52,29.12,28.64,42.18,1008.36
1730,155.61,29.12,28.63,42.18,1008.36
1731,155.70,29.14,28.63,42.21,1008.36
1732,155.79,29.14,28.64,42.22,1008.36
1733,155.88,29.14,28.62,42.21,1008.36
1734,155.97,29.13,28.62,42.22,1008.36
1735,156.06,29.13,28.61,42.22,1008.37
1736,156.15,29.13,28.63,42.20,1008.37
1737,156.24,29.12,28.63,42.21,1008.37
1738,156.33,29.12,28.64,42.19,1008.38
1739,156.42,29.12,28.64,42.17,1008.37
1740,156.51,29.12,28.65,42.17,1008.36
1741,156.60,29.12,28.64,42.17,1008.36
1742,156.69,29.12,28.64,42.18,1008.37
1743,156.78,29.11,28.64,42.18,1008.37
1744,156.87,29.12,28.65,42.17,1008.36
1745,156.96,29.10,28.66,42.17,1008.36
1746,157.05,29.11,28.67,42.19,1008.37
1747,157.14,29.11,28.68,42.20,1008.37
1748,157.23,29.10,28.67,42.21,1008.38
1749,157.32,29.09,28.68,42.22,1008.39
1750,157.41,29.09,28.69,42.24,1008.40
1751,157.50,29.11,28.69,42.24,1008.38
1752,157.59,29.11,28.66,42.20,1008.37
1753,157.68,29.10,28.67,42.20,1008.38
1754,157.77,29.10,28.66,42.21,1008.37
1755,157.86,29.09,28.68,42.22,1008.37
1756,157.95,29.10,28.69,42.18,1008.38
1757,158.04,29.09,28.68,42.19,1008.39
1758,158.13,29.09,28.68,42.22,1008.39
1759,158.22,29.09,28.68,42.24,1008.38
1760,158.31,29.07,28.67,42.22,1008.37
1761,158.40,29.07,28.65,42.23,1008.35
1762,158.49,29.07,28.65,42.23,1008.34
1763,158.58,29.07,28.63,42.25,1008.32
1764,158.67,29.05,28.64,42.25,1008.32
1765,158.76,29.04,28.63,42.26,1008.32
1766,158.85,29.05,28.60,42.27,1008.31
1767,158.94,29.05,28.60,42.24,1008.32
1768,159.03,29.05,28.61,42.28,1008.30
1769,159.12,29.04,28.61,42.28,1008.30
1770,159.21,29.03,28.60,42.24,1008.31
1771,159.30,29.01,28.59,42.24,1008.30
1772,159.39,29.02,28.60,42.24,1008.30
1773,159.48,29.02,28.62,42.23,1008.31
1774,159.57,29.02,28.61,42.20,1008.33
1775,159.66,29.01,28.61,42.21,1008.32
1776,159.75,29.00,28.63,42.21,1008.32
1777,159.84,28.98,28.62,42.21,1008.32
1778,159.93,28.97,28.62,42.23,1008.32
1779,160.02,28.98,28.60,42.22,1008.32
1780,160.11,29.00,28.58,42.22,1008.32
1781,160.20,29.00,28.57,42.24,1008.33
1782,160.29,29.00,28.57,42.24,1008.33
1783,160.38,29.00,28.55,42.23,1008.34
1784,160.47,29.00,28.56,42.23,1008.35
1785,160.56,28.99,28.57,42.23,1008.36
1786,160.65,28.96,28.56,42.24,1008.38
1787,160.74,28.99,28.57,42.22,1008.39
1788,160.83,28.98,28.56,42.22,1008.39
1789,160.92,28.98,28.57,42.22,1008.38
1790,161.01,28.98,28.56,42.21,1008.38
1791,161.10,28.99,28.56,42.21,1008.39
1792,161.19,28.97,28.57,42.23,1008.40
1793,161.28,28.98,28.56,42.25,1008.40
1794,161.37,28.99,28.56,42.26,1008.40
1795,161.46,28.98,28.55,42.25,1008.39
1796,161.55,28.98,28.55,42.25,1008.40
1797,161.64,28.98,28.55,42.27,1008.41
1798,161.73,28.98,28.55,42.28,1008.42
1799,161.82,28.99,28.53,42.29,1008.40
1800,161.91,29.00,28.54,42.29,1008.41
1801,162.00,29.00,28.53,42.27,1008.42
1802,162.09,29.00,28.50,42.27,1008.42
1803,162.18,28.99,28.49,42.29,1008.42
1804,162.27,28.99,28.49,42.28,1008.41
1805,162.36,28.97,28.49,42.26,1008.41
1806,162.45,28.97,28.50,42.26,1008.42
1807,162.54,29.00,28.52,42.28,1008.40
1808,162.63,28.98,28.51,42.27,1008.40
1809,162.72,28.98,28.51,42.26,1008.40
1810,162.81,28.98,28.52,42.28,1008.39
1811,162.90,28.98,28.52,42.27,1008.39
1812,162.99,28.99,28.53,42.28,1008.38
1813,163.08,29.01,28.52,42.28,1008.37
1814,163.17,29.03,28.54,42.26,1008.36
1815,163.26,29.03,28.53,42.29,1008.35
1816,163.35,29.02,28.55,42.30,1008.35
1817,163.44,29.00,28.57,42.32,1008.35
1818,163.53,28.99,28.55,42.29,1008.35
1819,163.62,28.98,28.55,42.32,1008.34
1820,163.71,28.99,28.58,42.32,1008.34
1821,163.80,28.98,28.57,42.34,1008.34
1822,163.89,28.99,28.57,42.32,1008.32
1823,163.98,29.00,28.58,42.34,1008.32
1824,164.07,28.99,28.55,42.33,1008.32
1825,164.16,28.98,28.53,42.35,1008.32
1826,164.25,28.99,28.54,42.35,1008.32
1827,164.34,28.99,28.53,42.33,1008.32
1828,164.43,28.97,28.54,42.34,1008.33
1829,164.52,28.96,28.55,42.33,1008.33
1830,164.61,28.97,28.56,42.35,1008.33
1831,164.70,28.97,28.57,42.34,1008.35
1832,164.79,28.96,28.55,42.35,1008.33
1833,164.88,28.95,28.56,42.34,1008.34
1834,164.97,28.95,28.57,42.32,1008.34
1835,165.06,28.96,28.58,42.33,1008.35
1836,165.15,28.96,28.58,42.35,1008.35
1837,165.24,28.96,28.55,42.34,1008.34
1838,165.33,28.97,28.55,42.36,1008.34
1839,165.42,28.96,28.55,42.33,1008.34
1840,165.51,28.97,28.55,42.33,1008.35
1841,165.60,28.96,28.55,42.35,1008.35
1842,165.69,28.97,28.55,42.34,1008.37
1843,165.78,28.98,28.57,42.33,1008.37
1844,165.87,28.97,28.55,42.34,1008.38
1845,165.96,28.98,28.55,42.33,1008.39
1846,166.05,29.00,28.57,42.32,1008.40
1847,166.14,29.01,28.58,42.35,1008.40
1848,166.23,28.99,28.58,42.37,1008.40
1849,166.32,28.98,28.57,42.37,1008.41
1850,166.41,28.97,28.58,42.38,1008.42
1851,166.50,28.96,28.58,42.38,1008.42
1852,166.59,28.96,28.58,42.38,1008.43
1853,166.68,28.96,28.58,42.36,1008.42
1854,166.77,28.96,28.56,42.38,1008.44
1855,166.86,28.95,28.58,42.38,1008.44
1856,166.95,28.93,28.57,42.39,1008.44
1857,167.04,28.93,28.57,42.38,1008.44
1858,167.13,28.92,28.55,42.37,1008.44
1859,167.22,28.91,28.54,42.36,1008.44
1860,167.31,28.91,28.52,42.33,1008.45
1861,167.40,28.91,28.51,42.35,1008.46
1862,167.49,28.91,28.49,42.36,1008.47
1863,167.58,28.91,28.49,42.39,1008.46
1864,167.67,28.90,28.48,42.40,1008.45
1865,167.76,28.90,28.47,42.41,1008.43
1866,167.85,28.91,28.46,42.41,1008.42
1867,167.94,28.90,28.46,42.42,1008.42
1868,168.03,28.89,28.45,42.42,1008.40
1869,168.12,28.90,28.44,42.41,1008.41
1870,168.21,28.89,28.44,42.39,1008.41
1871,168.30,28.87,28.45,42.36,1008.40
1872,168.39,28.85,28.45,42.36,1008.39
1873,168.48,28.85,28.46,42.35,1008.37
1874,168.57,28.84,28.46,42.36,1008.38
1875,168.66,28.85,28.48,42.38,1008.37
1876,168.75,28.86,28.47,42.38,1008.36
1877,168.84,28.84,28.46,42.37,1008.36
1878,168.93,28.83,28.46,42.34,1008.35
1879,169.02,28.84,28.46,42.33,1008.34
1880,169.11,28.84,28.45,42.33,1008.33
1881,169.20,28.83,28.44,42.33,1008.33
1882,169.29,28.85,28.45,42.33,1008.33
1883,169.38,28.85,28.44,42.33,1008.34
1884,169.47,28.85,28.44,42.33,1008.33
1885,169.56,28.84,28.44,42.33,1008.32
1886,169.65,28.85,28.41,42.33,1008.33
1887,169.74,28.85,28.40,42.34,1008.33
1888,169.83,28.84,28.39,42.33,1008.32
1889,169.92,28.84,28.38,42.35,1008.33
1890,170.01,28.83,28.39,42.33,1008.33
1891,170.10,28.83,28.40,42.34,1008.32
1892,170.19,28.80,28.40,42.36,1008.32
1893,170.28,28.79,28.41,42.34,1008.33
1894,170.37,28.77,28.41,42.32,1008.34
1895,170.46,28.74,28.41,42.32,1008.34
1896,170.55,28.71,28.42,42.30,1008.33
1897,170.64,28.69,28.40,42.30,1008.32
1898,170.73,28.68,28.41,42.28,1008.32
1899,170.82,28.70,28.42,42.30,1008.33
1900,170.91,28.73,28.44,42.30,1008.32
1901,171.00,28.77,28.47,42.31,1008.33
1902,171.09,28.81,28.48,42.34,1008.35
1903,171.18,28.83,28.48,42.33,1008.37
1904,171.27,28.83,28.48,42.35,1008.38
1905,171.36,28.85,28.48,42.35,1008.38
1906,171.45,28.86,28.48,42.37,1008.39
1907,171.54,28.89,28.46,42.35,1008.39
1908,171.63,28.89,28.43,42.34,1008.41
1909,171.72,28.90,28.44,42.35,1008.41
1910,171.81,28.88,28.42,42.34,1008.41
1911,171.90,28.87,28.44,42.37,1008.40
1912,171.99,28.86,28.43,42.39,1008.40
1913,172.08,28.87,28.44,42.40,1008.42
1914,172.17,28.87,28.46,42.40,1008.41
1915,172.26,28.86,28.46,42.41,1008.40
1916,172.35,28.87,28.46,42.38,1008.40
1917,172.44,28.85,28.48,42.38,1008.39
1918,172.53,28.85,28.48,42.36,1008.40
1919,172.62,28.85,28.46,42.37,1008.41
1920,172.71,28.85,28.47,42.37,1008.41
1921,172.80,28.85,28.46,42.35,1008.41
1922,172.89,28.83,28.44,42.38,1008.42
1923,172.98,28.84,28.47,42.38,1008.41
1924,173.07,28.83,28.48,42.41,1008.41
1925,173.16,28.83,28.49,42.39,1008.40
1926,173.25,28.83,28.48,42.37,1008.42
1927,173.34,28.83,28.48,42.37,1008.41
1928,173.43,28.85,28.48,42.38,1008.40
1929,173.52,28.84,28.47,42.36,1008.41
1930,173.61,28.85,28.47,42.37,1008.39
1931,173.70,28.86,28.46,42.38,1008.39
1932,173.79,28.85,28.45,42.40,1008.38
1933,173.88,28.85,28.46,42.41,1008.37
1934,173.97,28.84,28.46,42.39,1008.35
1935,174.06,28.85,28.46,42.38,1008.33
1936,174.15,28.84,28.45,42.37,1008.33
1937,174.24,28.83,28.44,42.38,1008.32
1938,174.33,28.85,28.45,42.39,1008.31
1939,174.42,28.84,28.47,42.38,1008.31
1940,174.51,28.84,28.46,42.40,1008.33
1941,174.60,28.83,28.46,42.38,1008.32
1942,174.69,28.85,28.47,42.40,1008.31
1943,174.78,28.84,28.46,42.40,1008.31
1944,174.87,28.83,28.48,42.38,1008.32
1945,174.96,28.84,28.47,42.36,1008.32
1946,175.05,28.82,28.46,42.37,1008.32
1947,175.14,28.80,28.44,42.38,1008.31
1948,175.23,28.80,28.43,42.40,1008.30
1949,175.32,28.80,28.43,42.38,1008.30
1950,175.41,28.81,28.41,42.38,1008.30
1951,175.50,28.82,28.41,42.37,1008.30
1952,175.59,28.83,28.40,42.37,1008.32
1953,175.68,28.83,28.39,42.38,1008.30
1954,175.77,28.82,28.38,42.40,1008.30
1955,175.86,28.81,28.38,42.39,1008.32
1956,175.95,28.80,28.36,42.37,1008.31
1957,176.04,28.80,28.35,42.40,1008.32
1958,176.13,28.80,28.33,42.39,1008.33
1959,176.22,28.79,28.32,42.39,1008.34
1960,176.31,28.79,28.32,42.39,1008.35
1961,176.40,28.78,28.33,42.40,1008.35
1962,176.49,28.78,28.32,42.42,1008.35
1963,176.58,28.78,28.32,42.42,1008.37
1964,176.67,28.77,28.32,42.43,1008.37
1965,176.76,28.78,28.34,42.43,1008.38
1966,176.85,28.77,28.34,42.43,1008.39
1967,176.94,28.76,28.35,42.42,1008.39
1968,177.03,28.75,28.36,42.40,1008.39
1969,177.12,28.76,28.34,42.38,1008.39
1970,177.21,28.75,28.34,42.42,1008.39
1971,177.30,28.76,28.36,42.41,1008.39
1972,177.39,28.75,28.37,42.40,1008.40
1973,177.48,28.75,28.36,42.40,1008.41
1974,177.57,28.76,28.39,42.42,1008.41
1975,177.66,28.75,28.38,42.43,1008.39
1976,177.75,28.76,28.40,42.44,1008.41
1977,177.84,28.77,28.42,42.44,1008.41
1978,177.93,28.78,28.39,42.43,1008.40
1979,178.02,28.77,28.40,42.44,1008.39
1980,178.11,28.79,28.38,42.46,1008.39
1981,178.20,28.78,28.40,42.48,1008.39
1982,178.29,28.79,28.38,42.46,1008.39
1983,178.38,28.76,28.37,42.46,1008.39
1984,178.47,28.75,28.36,42.47,1008.39
1985,178.56,28.75,28.38,42.51,1008.38
1986,178.65,28.75,28.37,42.52,1008.39
1987,178.74,28.76,28.36,42.54,1008.38
1988,178.83,28.76,28.35,42.54,1008.38
1989,178.92,28.76,28.34,42.54,1008.39
1990,179.01,28.74,28.34,42.52,1008.38
1991,179.10,28.73,28.36,42.52,1008.37
1992,179.19,28.73,28.35,42.53,1008.39
1993,179.28,28.74,28.38,42.54,1008.38
1994,179.37,28.74,28.39,42.55,1008.35
1995,179.46,28.73,28.37,42.54,1008.35
1996,179.55,28.74,28.37,42.55,1008.35
1997,179.64,28.73,28.38,42.53,1008.35
1998,179.73,28.71,28.39,42.53,1008.33
1999,179.82,28.72,28.39,42.53,1008.34
2000,179.91,28.71,28.39,42.55,1008.32
2001,180.00,28.72,28.38,42.55,1008.31
2002,180.09,28.73,28.36,42.56,1008.31
2003,180.18,28.74,28.35,42.56,1008.30
2004,180.27,28.74,28.36,42.53,1008.30
2005,180.36,28.73,28.34,42.50,1008.31
2006,180.45,28.73,28.34,42.50,1008.29
2007,180.54,28.73,28.34,42.53,1008.30
2008,180.63,28.74,28.34,42.56,1008.30
2009,180.72,28.74,28.35,42.56,1008.30
2010,180.81,28.74,28.35,42.55,1008.31
2011,180.90,28.74,28.36,42.58,1008.31
2012,180.99,28.72,28.36,42.59,1008.31
2013,181.08,28.72,28.37,42.60,1008.31
2014,181.17,28.72,28.38,42.59,1008.31
2015,181.26,28.73,28.40,42.60,1008.32
2016,181.35,28.73,28.42,42.61,1008.31
2017,181.44,28.73,28.42,42.59,1008.31
2018,181.53,28.73,28.42,42.57,1008.31
2019,181.62,28.73,28.41,42.58,1008.31
2020,181.71,28.72,28.41,42.60,1008.31
2021,181.80,28.73,28.41,42.58,1008.31
2022,181.89,28.73,28.44,42.58,1008.32
2023,181.98,28.72,28.44,42.59,1008.33
2024,182.07,28.72,28.42,42.59,1008.34
2025,182.16,28.72,28.40,42.58,1008.36
2026,182.25,28.71,28.41,42.58,1008.37
2027,182.34,28.71,28.40,42.60,1008.39
2028,182.43,28.71,28.39,42.61,1008.39
2029,182.52,28.71,28.37,42.59,1008.38
2030,182.61,28.70,28.36,42.58,1008.39
2031,182.70,28.69,28.37,42.57,1008.40
2032,182.79,28.69,28.37,42.55,1008.40
2033,182.88,28.69,28.38,42.56,1008.40
2034,182.97,28.69,28.38,42.56,1008.41
2035,183.06,28.69,28.38,42.57,1008.40
2036,183.15,28.69,28.41,42.57,1008.40
2037,183.24,28.69,28.40,42.59,1008.38
2038,183.33,28.70,28.38,42.57,1008.38
2039,183.42,28.71,28.35,42.56,1008.37
2040,183.51,28.71,28.35,42.55,1008.39
2041,183.60,28.70,28.33,42.56,1008.39
2042,183.69,28.68,28.33,42.54,1008.39
2043,183.78,28.68,28.34,42.53,1008.39
2044,183.87,28.69,28.33,42.52,1008.39
2045,183.96,28.69,28.32,42.50,1008.39
2046,184.05,28.69,28.32,42.49,1008.38
2047,184.14,28.69,28.30,42.49,1008.38
2048,184.23,28.67,28.28,42.47,1008.37
2049,184.32,28.68,28.28,42.47,1008.37
2050,184.41,28.67,28.27,42.49,1008.38
2051,184.50,28.65,28.27,42.50,1008.38
2052,184.59,28.65,28.27,42.48,1008.37
2053,184.68,28.65,28.26,42.47,1008.36
2054,184.77,28.64,28.25,42.49,1008.37
2055,184.86,28.65,28.26,42.48,1008.38
2056,184.95,28.63,28.25,42.48,1008.37
2057,185.04,28.62,28.23,42.51,1008.36
2058,185.13,28.63,28.24,42.51,1008.37
2059,185.22,28.63,28.24,42.51,1008.36
2060,185.31,28.64,28.26,42.48,1008.35
2061,185.40,28.62,28.26,42.49,1008.34
2062,185.49,28.62,28.26,42.48,1008.34
2063,185.58,28.61,28.23,42.46,1008.34
2064,185.67,28.60,28.24,42.47,1008.34
2065,185.76,28.62,28.24,42.49,1008.33
2066,185.85,28.60,28.23,42.51,1008.33
2067,185.94,28.60,28.22,42.52,1008.33
2068,186.03,28.60,28.21,42.53,1008.33
2069,186.12,28.58,28.24,42.53,1008.32
2070,186.21,28.59,28.24,42.54,1008.32
2071,186.30,28.57,28.25,42.54,1008.32
2072,186.39,28.58,28.25,42.55,1008.33
2073,186.48,28.56,28.25,42.57,1008.34
2074,186.57,28.56,28.25,42.57,1008.34
2075,186.66,28.54,28.25,42.55,1008.35
2076,186.75,28.55,28.25,42.58,1008.34
2077,186.84,28.55,28.25,42.56,1008.35
2078,186.93,28.55,28.25,42.57,1008.34
2079,187.02,28.54,28.26,42.56,1008.34
2080,187.11,28.56,28.23,42.56,1008.35
2081,187.20,28.56,28.23,42.55,1008.34
2082,187.29,28.57,28.21,42.53,1008.35
2083,187.38,28.59,28.24,42.52,1008.37
2084,187.47,28.60,28.24,42.53,1008.37
2085,187.56,28.60,28.24,42.53,1008.37
2086,187.65,28.60,28.24,42.51,1008.36
2087,187.74,28.61,28.25,42.51,1008.37
2088,187.83,28.62,28.27,42.52,1008.38
2089,187.92,28.62,28.26,42.53,1008.39
2090,188.01,28.62,28.26,42.55,1008.40
2091,188.10,28.62,28.23,42.55,1008.39
2092,188.19,28.62,28.26,42.54,1008.39
2093,188.28,28.61,28.25,42.55,1008.40
2094,188.37,28.63,28.27,42.54,1008.40
2095,188.46,28.62,28.27,42.55,1008.41
2096,188.55,28.63,28.28,42.55,1008.40
2097,188.64,28.62,28.29,42.57,1008.39
2098,188.73,28.63,28.29,42.55,1008.40
2099,188.82,28.62,28.30,42.56,1008.40
2100,188.91,28.61,28.31,42.55,1008.39
2101,189.00,28.63,28.30,42.53,1008.39
2102,189.09,28.62,28.30,42.54,1008.39
2103,189.18,28.62,28.32,42.55,1008.39
2104,189.27,28.61,28.34,42.54,1008.38
2105,189.36,28.61,28.36,42.54,1008.38
2106,189.45,28.61,28.34,42.54,1008.37
2107,189.54,28.60,28.33,42.53,1008.38
2108,189.63,28.62,28.33,42.53,1008.36
2109,189.72,28.64,28.33,42.53,1008.36
2110,189.81,28.61,28.34,42.53,1008.36
2111,189.90,28.61,28.35,42.54,1008.36
2112,189.99,28.63,28.36,42.51,1008.36
2113,190.08,28.62,28.35,42.52,1008.37
2114,190.17,28.61,28.36,42.53,1008.35
2115,190.26,28.61,28.36,42.51,1008.35
2116,190.35,28.61,28.35,42.51,1008.36
2117,190.44,28.61,28.33,42.52,1008.36
2118,190.53,28.60,28.33,42.51,1008.35
2119,190.62,28.59,28.33,42.53,1008.35
2120,190.71,28.60,28.35,42.51,1008.35
2121,190.80,28.61,28.34,42.50,1008.34
2122,190.89,28.61,28.35,42.49,1008.34
2123,190.98,28.61,28.36,42.49,1008.34
2124,191.07,28.63,28.35,42.50,1008.35
2125,191.16,28.63,28.34,42.50,1008.34
2126,191.25,28.64,28.33,42.47,1008.35
2127,191.34,28.66,28.34,42.46,1008.35
2128,191.43,28.65,28.34,42.46,1008.35
2129,191.52,28.65,28.33,42.46,1008.36
2130,191.61,28.66,28.33,42.45,1008.36
2131,191.70,28.65,28.31,42.43,1008.36
2132,191.79,28.66,28.29,42.43,1008.35
2133,191.88,28.65,28.28,42.42,1008.36
2134,191.97,28.65,28.27,42.42,1008.37
2135,192.06,28.64,28.26,42.40,1008.36
2136,192.15,28.62,28.26,42.42,1008.37
2137,192.24,28.62,28.26,42.40,1008.38
2138,192.33,28.61,28.24,42.42,1008.39
2139,192.42,28.59,28.24,42.43,1008.39
2140,192.51,28.59,28.24,42.43,1008.40
2141,192.60,28.59,28.24,42.44,1008.41
2142,192.69,28.57,28.23,42.43,1008.40
2143,192.78,28.57,28.23,42.44,1008.41
2144,192.87,28.58,28.24,42.43,1008.42
2145,192.96,28.57,28.23,42.04,1008.43
2146,193.05,28.57,28.24,42.42,1008.44
2147,193.14,28.56,28.24,42.41,1008.44
2148,193.23,28.56,28.24,42.41,1008.45
2149,193.32,28.55,28.22,42.37,1008.46
2150,193.41,28.55,28.23,42.39,1008.46
2151,193.50,28.54,28.22,42.39,1008.48
2152,193.59,28.53,28.23,42.38,1008.48
2153,193.68,28.51,28.22,42.39,1008.46
2154,193.77,28.52,28.20,42.41,1008.47
2155,193.86,28.53,28.21,42.38,1008.46
2156,193.95,28.52,28.22,42.38,1008.47
2157,194.04,28.52,28.23,42.39,1008.45
2158,194.13,28.53,28.21,42.40,1008.45
2159,194.22,28.53,28.21,42.42,1008.44
2160,194.31,28.54,28.21,42.43,1008.44
2161,194.40,28.53,28.21,42.45,1008.46
2162,194.49,28.52,28.20,42.46,1008.44
2163,194.58,28.52,28.20,42.47,1008.43
2164,194.67,28.52,28.21,42.46,1008.41
2165,194.76,28.52,28.20,42.45,1008.40
2166,194.85,28.52,28.19,42.46,1008.41
2167,194.94,28.52,28.18,42.46,1008.40
2168,195.03,28.53,28.19,42.49,1008.37
2169,195.12,28.52,28.21,42.49,1008.36
2170,195.21,28.52,28.19,42.49,1008.35
2171,195.30,28.50,28.22,42.51,1008.36
2172,195.39,28.51,28.22,42.51,1008.36
2173,195.48,28.51,28.24,42.49,1008.35
2174,195.57,28.51,28.24,42.47,1008.35
2175,195.66,28.50,28.24,42.48,1008.35
2176,195.75,28.50,28.24,42.47,1008.34
2177,195.84,28.51,28.24,42.47,1008.35
2178,195.93,28.52,28.25,42.47,1008.35
2179,196.02,28.52,28.25,42.46,1008.36
2180,196.11,28.52,28.27,42.48,1008.34
2181,196.20,28.52,28.27,42.49,1008.33
2182,196.29,28.53,28.26,42.49,1008.32
2183,196.38,28.53,28.27,42.49,1008.33
2184,196.47,28.54,28.26,42.49,1008.34
2185,196.56,28.54,28.27,42.50,1008.36
2186,196.65,28.53,28.25,42.54,1008.35
2187,196.74,28.54,28.25,42.54,1008.35
2188,196.83,28.52,28.26,42.52,1008.33
2189,196.92,28.51,28.24,42.49,1008.33
2190,197.01,28.50,28.25,42.49,1008.34
2191,197.10,28.50,28.23,42.45,1008.33
2192,197.19,28.51,28.22,42.45,1008.34
2193,197.28,28.52,28.24,42.45,1008.35
2194,197.37,28.53,28.24,42.44,1008.35
2195,197.46,28.53,28.25,42.44,1008.35
2196,197.55,28.53,28.27,42.46,1008.34
2197,197.64,28.53,28.25,42.47,1008.34
2198,197.73,28.55,28.22,42.49,1008.35
2199,197.82,28.53,28.22,42.47,1008.35
2200,197.91,28.54,28.21,42.50,1008.36
2201,198.00,28.55,28.21,42.51,1008.37
2202,198.09,28.55,28.21,42.52,1008.38
2203,198.18,28.53,28.21,42.50,1008.39
2204,198.27,28.53,28.21,42.50,1008.40
2205,198.36,28.55,28.21,42.52,1008.39
2206,198.45,28.55,28.22,42.53,1008.41
2207,198.54,28.56,28.21,42.53,1008.41
2208,198.63,28.57,28.21,42.52,1008.42
2209,198.72,28.58,28.21,42.53,1008.41
2210,198.81,28.58,28.21,42.52,1008.41
2211,198.90,28.57,28.21,42.49,1008.39
2212,198.99,28.56,28.23,42.50,1008.40
2213,199.08,28.56,28.23,42.50,1008.39
2214,199.17,28.56,28.23,42.52,1008.39
2215,199.26,28.56,28.35,42.54,1008.40
2216,199.35,28.55,28.22,42.52,1008.40
2217,199.44,28.56,28.24,42.51,1008.41
2218,199.53,28.57,28.20,42.52,1008.42
2219,199.62,28.58,28.20,42.51,1008.41
2220,199.71,28.58,28.18,42.51,1008.42
2221,199.80,28.57,28.16,42.51,1008.42
2222,199.89,28.59,28.16,42.52,1008.40
2223,199.98,28.57,28.16,42.54,1008.39
2224,200.07,28.58,28.15,42.54,1008.39
2225,200.16,28.56,28.16,42.54,1008.40
2226,200.25,28.54,28.14,42.54,1008.40
2227,200.34,28.53,28.15,42.50,1008.40
2228,200.43,28.53,28.14,42.51,1008.40
2229,200.52,28.54,28.14,42.49,1008.39
2230,200.61,28.53,28.13,42.49,1008.38
2231,200.70,28.54,28.12,42.47,1008.36
2232,200.79,28.53,28.11,42.47,1008.36
2233,200.88,28.53,28.10,42.47,1008.35
2234,200.97,28.55,28.10,42.46,1008.34
2235,201.06,28.55,28.08,42.46,1008.33
2236,201.15,28.56,28.07,42.48,1008.34
2237,201.24,28.54,28.09,42.47,1008.32
2238,201.33,28.54,28.11,42.43,1008.32
2239,201.42,28.53,28.12,42.43,1008.32
2240,201.51,28.51,28.11,42.45,1008.31
2241,201.60,28.51,28.11,42.44,1008.31
2242,201.69,28.49,28.11,42.43,1008.31
2243,201.78,28.49,28.11,42.44,1008.30
2244,201.87,28.50,28.11,42.44,1008.30
2245,201.96,28.49,28.12,42.45,1008.31
2246,202.05,28.48,28.12,42.47,1008.31
2247,202.14,28.48,28.14,42.48,1008.32
2248,202.23,28.48,28.13,42.49,1008.33
2249,202.32,28.49,28.12,42.49,1008.34
2250,202.41,28.50,28.13,42.49,1008.35
2251,202.50,28.47,28.13,42.49,1008.37
2252,202.59,28.47,28.12,42.50,1008.37
2253,202.68,28.48,28.11,42.50,1008.38
2254,202.77,28.48,28.12,42.50,1008.37
2255,202.86,28.48,28.12,42.50,1008.35
2256,202.95,28.48,28.14,42.50,1008.36
2257,203.04,28.48,28.14,42.51,1008.37
2258,203.13,28.50,28.15,42.52,1008.37
2259,203.22,28.50,28.15,42.55,1008.37
2260,203.31,28.50,28.12,42.53,1008.38
2261,203.40,28.50,28.13,42.54,1008.39
2262,203.49,28.49,28.13,42.54,1008.39
2263,203.58,28.50,28.15,42.55,1008.39
2264,203.67,28.50,28.17,42.55,1008.40
2265,203.76,28.52,28.16,42.54,1008.40
2266,203.85,28.52,28.15,42.55,1008.39
2267,203.94,28.51,28.15,42.54,1008.40
2268,204.03,28.52,28.17,42.54,1008.34
2269,204.12,28.52,28.18,42.53,1008.41
2270,204.21,28.51,28.17,42.54,1008.41
2271,204.30,28.51,28.15,42.54,1008.42
2272,204.39,28.52,28.16,42.54,1008.43
2273,204.48,28.52,28.16,42.53,1008.44
2274,204.57,28.53,28.16,42.50,1008.42
2275,204.66,28.52,28.17,42.52,1008.43
2276,204.75,28.52,28.18,42.49,1008.43
2277,204.84,28.51,28.18,42.47,1008.43
2278,204.93,28.52,28.20,42.46,1008.43
2279,205.02,28.51,28.20,42.46,1008.42
2280,205.11,28.50,28.21,42.43,1008.41
2281,205.20,28.49,28.22,42.43,1008.41
2282,205.29,28.51,28.24,42.42,1008.40
2283,205.38,28.50,28.22,42.44,1008.38
2284,205.47,28.51,28.22,42.41,1008.38
2285,205.56,28.51,28.20,42.38,1008.38
2286,205.65,28.51,28.20,42.38,1008.36
2287,205.74,28.53,28.19,42.38,1008.35
2288,205.83,28.54,28.19,42.35,1008.33
2289,205.92,28.54,28.18,42.39,1008.32
2290,206.01,28.54,28.19,42.40,1008.32
2291,206.10,28.55,28.18,42.37,1008.30
2292,206.19,28.54,28.18,42.38,1008.30
2293,206.28,28.52,28.18,42.37,1008.30
2294,206.37,28.53,28.20,42.36,1008.30
2295,206.46,28.53,28.19,42.37,1008.31
2296,206.55,28.54,28.20,42.35,1008.30
2297,206.64,28.53,28.19,42.37,1008.30
2298,206.73,28.54,28.18,42.38,1008.29
2299,206.82,28.54,28.20,42.39,1008.30
2300,206.91,28.53,28.20,42.41,1008.29
2301,207.00,28.54,28.20,42.39,1008.30
2302,207.09,28.55,28.16,42.42,1008.30
2303,207.18,28.56,28.16,42.43,1008.30
2304,207.27,28.55,28.17,42.43,1008.31
2305,207.36,28.54,28.19,42.42,1008.31
2306,207.45,28.55,28.19,42.42,1008.32
2307,207.54,28.55,28.19,42.38,1008.32
2308,207.63,28.55,28.18,42.38,1008.32
2309,207.72,28.54,28.16,42.39,1008.33
2310,207.81,28.54,28.17,42.39,1008.34
2311,207.90,28.54,28.16,42.37,1008.35
2312,207.99,28.53,28.15,42.35,1008.34
2313,208.08,28.52,28.15,42.33,1008.35
2314,208.17,28.50,28.16,42.32,1008.35
2315,208.26,28.50,28.14,42.32,1008.35
2316,208.35,28.49,28.14,42.34,1008.35
2317,208.44,28.50,28.14,42.34,1008.36
2318,208.53,28.48,28.15,42.33,1008.37
2319,208.62,28.48,28.17,42.33,1008.38
2320,208.71,28.48,28.16,42.33,1008.39
2321,208.80,28.47,28.15,42.31,1008.40
2322,208.89,28.46,28.14,42.32,1008.40
2323,208.98,28.45,28.13,42.31,1008.40
2324,209.07,28.44,28.13,42.32,1008.40
2325,209.16,28.44,28.10,42.33,1008.41
2326,209.25,28.45,28.09,42.35,1008.40
2327,209.34,28.45,28.07,42.36,1008.40
2328,209.43,28.43,28.07,42.36,1008.42
2329,209.52,28.43,28.07,42.39,1008.42
2330,209.61,28.42,28.06,42.38,1008.41
2331,209.70,28.41,28.06,42.40,1008.42
2332,209.79,28.42,28.05,42.40,1008.41
2333,209.88,28.43,28.03,42.42,1008.40
2334,209.97,28.44,28.03,42.41,1008.39
2335,210.06,28.45,28.04,42.43,1008.40
2336,210.15,28.46,28.03,42.45,1008.40
2337,210.24,28.47,28.02,42.44,1008.40
2338,210.33,28.47,28.02,42.46,1008.39
2339,210.42,28.48,28.02,42.46,1008.39
2340,210.51,28.49,28.03,42.45,1008.39
2341,210.60,28.49,28.05,42.44,1008.38
2342,210.69,28.48,28.04,42.43,1008.38
2343,210.78,28.49,28.03,42.41,1008.37
2344,210.87,28.46,28.03,42.42,1008.36
2345,210.96,28.46,28.03,42.36,1008.36
2346,211.05,28.46,28.04,42.35,1008.37
2347,211.14,28.46,28.03,42.34,1008.37
2348,211.23,28.46,28.03,42.33,1008.36
2349,211.32,28.43,28.05,42.31,1008.35
2350,211.41,28.41,28.07,42.34,1008.36
2351,211.50,28.41,28.07,42.36,1008.35
2352,211.59,28.40,28.05,42.34,1008.35
2353,211.68,28.41,28.06,42.36,1008.34
2354,211.77,28.40,28.07,42.36,1008.33
2355,211.86,28.40,28.07,42.36,1008.32
2356,211.95,28.41,28.09,42.38,1008.32
2357,212.04,28.41,28.10,42.38,1008.31
2358,212.13,28.38,28.11,42.38,1008.31
2359,212.22,28.38,28.13,42.35,1008.31
2360,212.31,28.39,28.12,42.34,1008.31
2361,212.40,28.40,28.14,42.35,1008.30
2362,212.49,28.40,28.14,42.35,1008.31
2363,212.58,28.41,28.16,42.35,1008.31
2364,212.67,28.40,28.17,42.33,1008.32
2365,212.76,28.40,28.15,42.33,1008.31
2366,212.85,28.41,28.15,42.35,1008.31
2367,212.94,28.41,28.17,42.35,1008.33
2368,213.03,28.40,28.18,42.33,1008.34
2369,213.12,28.41,28.19,42.33,1008.34
2370,213.21,28.41,28.18,42.33,1008.35
2371,213.30,28.41,28.17,42.30,1008.36
2372,213.39,28.41,28.16,42.29,1008.35
2373,213.48,28.42,28.17,42.32,1008.36
2374,213.57,28.41,28.17,42.34,1008.36
2375,213.66,28.41,28.16,42.35,1008.35
2376,213.75,28.41,28.15,42.34,1008.36
2377,213.84,28.40,28.15,42.35,1008.37
2378,213.93,28.39,28.15,42.35,1008.37
2379,214.02,28.39,28.13,42.38,1008.38
2380,214.11,28.40,28.12,42.40,1008.39
2381,214.20,28.42,28.14,42.40,1008.39
2382,214.29,28.42,28.14,42.39,1008.39
2383,214.38,28.44,28.15,42.40,1008.39
2384,214.47,28.45,28.15,42.38,1008.40
2385,214.56,28.45,28.15,42.38,1008.40
2386,214.65,28.44,28.14,42.42,1008.41
2387,214.74,28.43,28.13,42.44,1008.41
2388,214.83,28.44,28.12,42.45,1008.42
2389,214.92,28.45,28.12,42.48,1008.42
2390,215.01,28.42,28.12,42.50,1008.41
2391,215.10,28.42,28.10,42.50,1008.40
2392,215.19,28.42,28.08,42.48,1008.40
2393,215.28,28.43,28.07,42.49,1008.39
2394,215.37,28.42,28.06,42.47,1008.39
2395,215.46,28.41,28.06,42.47,1008.40
2396,215.55,28.41,28.04,42.50,1008.39
2397,215.64,28.40,28.05,42.51,1008.38
2398,215.73,28.42,28.04,42.49,1008.37
2399,215.82,28.41,28.05,42.50,1008.38
2400,215.91,28.41,28.05,42.49,1008.36
2401,216.00,28.40,28.05,42.51,1008.36
2402,216.09,28.40,28.06,42.51,1008.37
2403,216.18,28.41,28.05,42.52,1008.35
2404,216.27,28.41,28.04,42.52,1008.35
2405,216.36,28.41,28.06,42.47,1008.36
2406,216.45,28.42,28.05,42.46,1008.34
2407,216.54,28.41,28.03,42.43,1008.33
2408,216.63,28.44,28.04,42.43,1008.32
2409,216.72,28.45,28.03,42.42,1008.32
2410,216.81,28.47,28.04,42.42,1008.32
2411,216.90,28.47,28.04,42.41,1008.33
2412,216.99,28.46,28.03,42.39,1008.32
2413,217.08,28.46,28.02,42.39,1008.33
2414,217.17,28.47,27.99,42.37,1008.32
2415,217.26,28.48,28.00,42.37,1008.32
2416,217.35,28.47,28.01,42.37,1008.32
2417,217.44,28.46,28.01,42.38,1008.31
2418,217.53,28.46,27.99,42.35,1008.33
2419,217.62,28.46,28.01,42.37,1008.31
2420,217.71,28.44,28.00,42.37,1008.32
2421,217.80,28.42,27.99,42.35,1008.32
2422,217.89,28.43,27.99,42.35,1008.32
2423,217.98,28.43,28.00,42.35,1008.32
2424,218.07,28.43,28.00,42.35,1008.32
2425,218.16,28.43,28.01,42.34,1008.34
2426,218.25,28.43,28.01,42.36,1008.33
2427,218.34,28.42,28.02,42.34,1008.33
2428,218.43,28.42,28.03,42.35,1008.33
2429,218.52,28.40,28.02,42.35,1008.33
2430,218.61,28.39,28.02,42.38,1008.35
2431,218.70,28.40,28.05,42.37,1008.38
2432,218.79,28.38,28.05,42.36,1008.37
2433,218.88,28.38,28.05,42.33,1008.38
2434,218.97,28.38,28.04,42.31,1008.39
2435,219.06,28.38,28.03,42.31,1008.41
2436,219.15,28.38,28.01,42.31,1008.42
2437,219.24,28.37,28.01,42.32,1008.42
2438,219.33,28.37,28.01,42.33,1008.42
2439,219.42,28.38,28.01,42.32,1008.42
2440,219.51,28.36,27.99,42.32,1008.44
2441,219.60,28.38,27.96,42.31,1008.44
2442,219.69,28.37,27.95,42.32,1008.43
2443,219.78,28.38,27.96,42.32,1008.43
2444,219.87,28.37,27.93,42.34,1008.45
2445,219.96,28.36,27.89,42.32,1008.45
2446,220.05,28.36,27.86,42.30,1008.45
2447,220.14,28.35,27.83,42.29,1008.44
2448,220.23,28.35,27.84,42.30,1008.43
2449,220.32,28.34,27.88,42.30,1008.44
2450,220.41,28.34,27.91,42.28,1008.42
2451,220.50,28.33,27.93,42.28,1008.42
2452,220.59,28.32,27.97,42.29,1008.42
2453,220.68,28.32,27.99,42.30,1008.42
2454,220.77,28.32,28.02,42.30,1008.41
2455,220.86,28.34,28.02,42.31,1008.41
2456,220.95,28.35,28.01,42.32,1008.40
2457,221.04,28.35,28.01,42.34,1008.40
2458,221.13,28.35,28.01,42.31,1008.40
2459,221.22,28.35,28.03,42.31,1008.40
2460,221.31,28.34,28.03,42.28,1008.40
2461,221.40,28.34,28.05,42.29,1008.39
2462,221.49,28.34,28.06,42.30,1008.38
2463,221.58,28.34,28.06,42.29,1008.38
2464,221.67,28.34,28.06,42.31,1008.39
2465,221.76,28.35,28.07,42.30,1008.38
2466,221.85,28.35,28.09,42.29,1008.37
2467,221.94,28.35,28.07,42.29,1008.36
2468,222.03,28.34,28.07,42.29,1008.35
2469,222.12,28.35,28.07,42.29,1008.33
2470,222.21,28.35,28.07,42.27,1008.33
2471,222.30,28.34,28.08,42.26,1008.33
2472,222.39,28.34,28.07,42.27,1008.32
2473,222.48,28.35,28.08,42.24,1008.32
2474,222.57,28.36,28.07,42.25,1008.31
2475,222.66,28.37,28.08,42.23,1008.31
2476,222.75,28.37,28.08,42.20,1008.32
2477,222.84,28.37,28.07,42.21,1008.32
2478,222.93,28.36,28.05,42.20,1008.34
2479,223.02,28.35,28.03,42.20,1008.33
2480,223.11,28.35,28.02,42.21,1008.34
2481,223.20,28.34,28.03,42.24,1008.34
2482,223.29,28.35,28.00,42.24,1008.34
2483,223.38,28.35,28.00,42.26,1008.34
2484,223.47,28.34,28.00,42.24,1008.33
2485,223.56,28.35,28.00,42.24,1008.34
2486,223.65,28.36,28.00,42.26,1008.34
2487,223.74,28.37,28.01,42.30,1008.33
2488,223.83,28.37,28.01,42.29,1008.35
2489,223.92,28.38,28.04,42.28,1008.38
2490,224.01,28.40,28.05,42.30,1008.38
2491,224.10,28.40,28.04,42.29,1008.38
2492,224.19,28.39,28.03,42.29,1008.39
2493,224.28,28.40,28.01,42.28,1008.40
2494,224.37,28.39,27.98,42.30,1008.39
2495,224.46,28.37,27.99,42.30,1008.41
2496,224.55,28.37,27.98,42.31,1008.42
2497,224.64,28.36,27.98,42.29,1008.42
2498,224.73,28.36,27.98,42.30,1008.42
2499,224.82,28.37,27.97,42.28,1008.42
2500,224.91,28.39,27.97,42.29,1008.44
2501,225.00,28.39,27.97,42.29,1008.45
2502,225.09,28.40,27.98,42.31,1008.44
2503,225.18,28.40,27.99,42.28,1008.43
2504,225.27,28.40,27.98,42.29,1008.42
2505,225.36,28.41,27.97,42.28,1008.41
2506,225.45,28.40,27.98,42.30,1008.41
2507,225.54,28.39,27.99,42.31,1008.41
2508,225.63,28.39,28.00,42.30,1008.41
2509,225.72,28.38,28.02,42.32,1008.41
2510,225.81,28.39,28.03,42.31,1008.41
2511,225.90,28.38,28.02,42.29,1008.40
2512,225.99,28.38,28.02,42.30,1008.40
2513,226.08,28.37,28.02,42.30,1008.39
2514,226.17,28.38,28.01,42.33,1008.39
2515,226.26,28.39,28.04,42.35,1008.40
2516,226.35,28.38,28.02,42.30,1008.39
2517,226.44,28.38,28.02,42.30,1008.37
2518,226.53,28.38,28.03,42.28,1008.37
2519,226.62,28.37,28.02,42.28,1008.36
2520,226.71,28.35,28.02,42.27,1008.36
2521,226.80,28.36,28.01,42.29,1008.35
2522,226.89,28.36,28.02,42.31,1008.35
2523,226.98,28.35,28.01,42.30,1008.35
2524,227.07,28.34,28.00,42.29,1008.34
2525,227.16,28.34,27.99,42.30,1008.33
2526,227.25,28.33,28.01,42.33,1008.33
2527,227.34,28.33,28.01,42.33,1008.34
2528,227.43,28.33,28.01,42.32,1008.34
2529,227.52,28.34,28.02,42.30,1008.33
2530,227.61,28.34,28.02,42.30,1008.33
2531,227.70,28.34,28.01,42.31,1008.34
2532,227.79,28.32,28.00,42.30,1008.34
2533,227.88,28.30,28.01,42.32,1008.33
2534,227.97,28.31,28.02,42.32,1008.41
2535,228.06,28.31,28.02,42.32,1008.36
2536,228.15,28.30,28.03,42.30,1008.35
2537,228.24,28.31,28.04,42.33,1008.36
2538,228.33,28.31,28.04,42.34,1008.36
2539,228.42,28.31,28.04,42.34,1008.37
2540,228.51,28.30,28.05,42.32,1008.35
2541,228.60,28.30,28.05,42.31,1008.34
2542,228.69,28.28,28.05,42.32,1008.35
2543,228.78,28.28,28.03,42.30,1008.35
2544,228.87,28.28,28.03,42.28,1008.36
2545,228.96,28.27,28.01,42.25,1008.36
2546,229.05,28.28,28.02,42.23,1008.37
2547,229.14,28.28,28.03,42.22,1008.36
2548,229.23,28.28,28.03,42.23,1008.37
2549,229.32,28.29,28.04,42.23,1008.38
2550,229.41,28.29,28.03,42.25,1008.38
2551,229.50,28.30,28.03,42.27,1008.38
2552,229.59,28.28,28.03,42.27,1008.40
2553,229.68,28.27,28.05,42.30,1008.39
2554,229.77,28.27,28.04,42.29,1008.40
2555,229.86,28.27,28.06,42.26,1008.39
2556,229.95,28.26,28.04,42.26,1008.39
2557,230.04,28.25,28.05,42.24,1008.39
2558,230.13,28.25,28.05,42.24,1008.41
2559,230.22,28.24,28.03,42.25,1008.41
2560,230.31,28.25,28.02,42.26,1008.42
2561,230.40,28.26,28.00,42.23,1008.42
2562,230.49,28.25,28.00,42.23,1008.42
2563,230.58,28.25,27.99,42.22,1008.43
2564,230.67,28.24,28.00,42.23,1008.42
2565,230.76,28.25,28.02,42.25,1008.42
2566,230.85,28.26,28.03,42.26,1008.42
2567,230.94,28.27,28.03,42.25,1008.40
2568,231.03,28.27,28.04,42.24,1008.42
2569,231.12,28.28,28.02,42.24,1008.41
2570,231.21,28.28,28.03,42.22,1008.40
2571,231.30,28.28,28.04,42.24,1008.40
2572,231.39,28.29,28.04,42.24,1008.39
2573,231.48,28.30,28.02,42.26,1008.39
2574,231.57,28.32,28.03,42.27,1008.39
2575,231.66,28.32,28.02,42.29,1008.38
2576,231.75,28.32,28.01,42.28,1008.38
2577,231.84,28.32,28.02,42.27,1008.35
2578,231.93,28.33,28.01,42.25,1008.34
2579,232.02,28.34,28.00,42.25,1008.33
2580,232.11,28.33,28.00,42.25,1008.32
2581,232.20,28.34,27.98,42.26,1008.32
2582,232.29,28.35,27.97,42.27,1008.31
2583,232.38,28.36,27.96,42.26,1008.31
2584,232.47,28.37,27.97,42.26,1008.31
2585,232.56,28.37,27.96,42.27,1008.30
2586,232.65,28.36,27.96,42.25,1008.29
2587,232.74,28.36,27.96,42.24,1008.29
2588,232.83,28.35,27.96,42.25,1008.29
2589,232.92,28.35,27.96,42.26,1008.28
2590,233.01,28.34,27.97,42.25,1008.29
2591,233.10,28.34,27.96,42.24,1008.29
2592,233.19,28.33,27.98,42.24,1008.29
2593,233.28,28.33,27.98,42.26,1008.28
2594,233.37,28.34,27.97,42.26,1008.29
2595,233.46,28.33,27.97,42.26,1008.28
2596,233.55,28.33,27.97,42.28,1008.29
2597,233.64,28.32,27.97,42.30,1008.29
2598,233.73,28.33,27.95,42.32,1008.30
2599,233.82,28.31,27.97,42.31,1008.30
2600,233.91,28.32,27.96,42.31,1008.31
2601,234.00,28.31,27.95,42.30,1008.32
2602,234.09,28.32,27.97,42.31,1008.33
2603,234.18,28.31,27.96,42.31,1008.34
2604,234.27,28.31,27.95,42.30,1008.34
2605,234.36,28.32,27.96,42.33,1008.35
2606,234.45,28.31,27.97,42.32,1008.36
2607,234.54,28.32,27.97,42.33,1008.38
2608,234.63,28.31,27.97,42.34,1008.38
2609,234.72,28.32,27.97,42.35,1008.38
2610,234.81,28.32,27.98,42.37,1008.40
2611,234.90,28.32,27.97,42.37,1008.39
2612,234.99,28.31,27.98,42.38,1008.39
2613,235.08,28.29,27.98,42.38,1008.39
2614,235.17,28.30,27.97,42.36,1008.40
2615,235.26,28.30,27.97,42.38,1008.40
2616,235.35,28.30,27.99,42.38,1008.40
2617,235.44,28.30,27.99,42.39,1008.40
2618,235.53,28.29,28.00,42.38,1008.40
2619,235.62,28.31,28.03,42.37,1008.40
2620,235.71,28.30,28.02,42.38,1008.41
2621,235.80,28.29,28.04,42.39,1008.41
2622,235.89,28.30,28.04,42.37,1008.40
2623,235.98,28.31,28.01,42.35,1008.40
2624,236.07,28.31,28.02,42.33,1008.39
2625,236.16,28.31,28.02,42.35,1008.38
2626,236.25,28.31,28.03,42.37,1008.37
2627,236.34,28.30,28.03,42.37,1008.38
2628,236.43,28.30,28.02,42.37,1008.36
2629,236.52,28.30,28.01,42.35,1008.36
2630,236.61,28.30,28.02,42.35,1008.36
2631,236.70,28.29,28.01,42.33,1008.36
2632,236.79,28.29,28.02,42.34,1008.37
2633,236.88,28.30,28.03,42.36,1008.35
2634,236.97,28.31,28.04,42.38,1008.35
2635,237.06,28.32,28.04,42.37,1008.36
2636,237.15,28.31,28.04,42.35,1008.37
2637,237.24,28.32,28.04,42.34,1008.35
2638,237.33,28.34,28.05,42.35,1008.34
2639,237.42,28.34,28.05,42.37,1008.32
2640,237.51,28.34,28.05,42.36,1008.33
2641,237.60,28.35,28.05,42.37,1008.33
2642,237.69,28.36,28.06,42.38,1008.33
2643,237.78,28.36,28.08,42.38,1008.31
2644,237.87,28.36,28.08,42.39,1008.30
2645,237.96,28.39,28.07,42.40,1008.29
2646,238.05,28.38,28.07,42.40,1008.28
2647,238.14,28.40,28.06,42.41,1008.29
2648,238.23,28.40,28.05,42.40,1008.28
2649,238.32,28.40,28.03,42.39,1008.27
2650,238.41,28.39,28.01,42.42,1008.28
2651,238.50,28.40,28.01,42.40,1008.29
2652,238.59,28.40,27.99,42.39,1008.28
2653,238.68,28.39,28.00,42.39,1008.29
2654,238.77,28.37,28.01,42.39,1008.29
2655,238.86,28.36,28.03,42.39,1008.29
2656,238.95,28.36,28.01,42.39,1008.29
2657,239.04,28.34,28.01,42.37,1008.29
2658,239.13,28.33,28.00,42.38,1008.30
2659,239.22,28.33,28.00,42.39,1008.32
2660,239.31,28.33,27.98,42.39,1008.33
2661,239.40,28.32,27.98,42.39,1008.34
2662,239.49,28.33,27.98,42.38,1008.35
2663,239.58,28.31,27.99,42.41,1008.36
2664,239.67,28.29,28.00,42.40,1008.36
2665,239.76,28.30,27.99,42.39,1008.35
2666,239.85,28.30,27.98,42.38,1008.37
2667,239.94,28.31,27.97,42.39,1008.37
2668,240.03,28.32,27.97,42.37,1008.38
2669,240.12,28.30,27.99,42.38,1008.38
2670,240.21,28.31,27.99,42.35,1008.39
2671,240.30,28.33,27.98,42.34,1008.39
2672,240.39,28.32,27.98,42.36,1008.39
2673,240.48,28.31,27.96,42.38,1008.39
2674,240.57,28.33,27.95,42.39,1008.39
2675,240.66,28.33,27.95,42.40,1008.39
2676,240.75,28.34,27.95,42.39,1008.40
2677,240.84,28.34,27.92,42.39,1008.41
2678,240.93,28.34,27.91,42.39,1008.42
2679,241.02,28.34,27.91,42.38,1008.41
2680,241.11,28.31,27.90,42.38,1008.40
2681,241.20,28.32,27.90,42.36,1008.39
2682,241.29,28.31,27.89,42.35,1008.39
2683,241.38,28.31,27.88,42.36,1008.38
2684,241.47,28.31,27.88,42.37,1008.38
2685,241.56,28.32,27.89,42.36,1008.38
2686,241.65,28.32,27.89,42.35,1008.37
2687,241.74,28.32,27.89,42.36,1008.37
2688,241.83,28.32,27.89,42.35,1008.38
2689,241.92,28.33,27.90,42.33,1008.38
2690,242.01,28.34,27.91,42.34,1008.37
2691,242.10,28.35,27.93,42.36,1008.37
2692,242.19,28.36,27.94,42.36,1008.35
2693,242.28,28.36,27.94,42.36,1008.34
2694,242.37,28.37,27.92,42.36,1008.35
2695,242.46,28.36,27.91,42.35,1008.34
2696,242.55,28.36,27.92,42.34,1008.34
2697,242.64,28.37,27.93,42.32,1008.32
2698,242.73,28.36,27.92,42.32,1008.31
2699,242.82,28.36,27.89,42.35,1008.30
2700,242.91,28.35,27.90,42.34,1008.29
2701,243.00,28.35,27.89,42.35,1008.27
2702,243.09,28.36,27.90,42.35,1008.29
2703,243.18,28.36,27.88,42.35,1008.30
2704,243.27,28.37,27.90,42.35,1008.30
2705,243.36,28.36,27.93,42.32,1008.31
2706,243.45,28.36,27.94,42.32,1008.30
2707,243.54,28.38,27.95,42.33,1008.30
2708,243.63,28.38,27.94,42.35,1008.28
2709,243.72,28.39,27.96,42.35,1008.29
2710,243.81,28.40,27.98,42.38,1008.29
2711,243.90,28.39,27.97,42.40,1008.29
2712,243.99,28.39,27.97,42.39,1008.29
2713,244.08,28.37,27.99,42.37,1008.30
2714,244.17,28.36,27.99,42.38,1008.30
2715,244.26,28.35,28.01,42.36,1008.30
2716,244.35,28.35,28.03,42.36,1008.31
2717,244.44,28.34,28.03,42.35,1008.33
2718,244.53,28.33,28.03,42.37,1008.33
2719,244.62,28.33,28.04,42.37,1008.34
2720,244.71,28.32,28.02,42.37,1008.34
2721,244.80,28.32,28.00,42.35,1008.36
2722,244.89,28.31,28.01,42.34,1008.35
2723,244.98,28.31,28.02,42.35,1008.36
2724,245.07,28.29,28.02,42.35,1008.37
2725,245.16,28.28,28.01,42.33,1008.38
2726,245.25,28.27,28.02,42.32,1008.38
2727,245.34,28.26,28.01,42.32,1008.38
2728,245.43,28.25,28.02,42.28,1008.39
2729,245.52,28.24,28.01,42.29,1008.40
2730,245.61,28.25,28.02,42.27,1008.40
2731,245.70,28.25,28.02,42.27,1008.40
2732,245.79,28.25,28.02,42.25,1008.40
2733,245.88,28.24,28.01,42.24,1008.40
2734,245.97,28.23,28.00,42.26,1008.41
2735,246.06,28.23,27.98,42.26,1008.40
2736,246.15,28.23,27.98,42.27,1008.40
2737,246.24,28.21,27.98,42.27,1008.41
2738,246.33,28.22,27.98,42.28,1008.40
2739,246.42,28.22,27.97,42.28,1008.42
2740,246.51,28.22,27.96,42.31,1008.41
2741,246.60,28.23,27.96,42.32,1008.42
2742,246.69,28.21,27.97,42.30,1008.42
2743,246.78,28.22,27.95,42.31,1008.43
2744,246.87,28.22,27.96,42.29,1008.42
2745,246.96,28.22,27.96,42.29,1008.40
2746,247.05,28.21,27.94,42.31,1008.40
2747,247.14,28.21,27.95,42.33,1008.40
2748,247.23,28.22,27.95,42.32,1008.40
2749,247.32,28.22,27.96,42.32,1008.39
2750,247.41,28.22,27.96,42.29,1008.35
2751,247.50,28.23,27.94,42.28,1008.36
2752,247.59,28.25,27.94,42.28,1008.35
2753,247.68,28.24,27.96,42.28,1008.36
2754,247.77,28.24,27.98,42.28,1008.36
2755,247.86,28.25,27.96,42.27,1008.34
2756,247.95,28.25,27.96,42.27,1008.34
2757,248.04,28.25,27.97,42.25,1008.33
2758,248.13,28.26,27.97,42.26,1008.35
2759,248.22,28.25,27.96,42.25,1008.35
2760,248.31,28.24,27.95,42.28,1008.34
2761,248.40,28.24,27.96,42.29,1008.34
2762,248.49,28.24,27.97,42.30,1008.36
2763,248.58,28.25,27.97,42.30,1008.35
2764,248.67,28.26,27.97,42.30,1008.34
2765,248.76,28.25,27.95,42.31,1008.34
2766,248.85,28.25,27.95,42.32,1008.33
2767,248.94,28.25,27.94,42.30,1008.33
2768,249.03,28.25,27.94,42.32,1008.32
2769,249.12,28.25,27.93,42.31,1008.34
2770,249.21,28.25,27.93,42.30,1008.34
2771,249.30,28.25,27.94,42.33,1008.34
2772,249.39,28.26,27.96,42.33,1008.34
2773,249.48,28.25,27.94,42.34,1008.35
2774,249.57,28.26,27.94,42.33,1008.36
2775,249.66,28.25,27.93,42.33,1008.36
2776,249.75,28.26,27.92,42.33,1008.37
2777,249.84,28.26,27.92,42.33,1008.38
2778,249.93,28.27,27.91,42.33,1008.37
2779,250.02,28.27,27.92,42.30,1008.38
2780,250.11,28.26,27.90,42.30,1008.38
2781,250.20,28.27,27.91,42.30,1008.40
2782,250.29,28.28,27.93,42.32,1008.42
2783,250.38,28.25,27.91,42.31,1008.41
2784,250.47,28.24,27.92,42.33,1008.42
2785,250.56,28.25,27.91,42.34,1008.41
2786,250.65,28.25,27.93,42.34,1008.42
2787,250.74,28.24,27.93,42.30,1008.42
2788,250.83,28.25,27.91,42.29,1008.42
2789,250.92,28.25,27.92,42.30,1008.43
2790,251.01,28.26,27.92,42.32,1008.42
2791,251.10,28.27,27.93,42.34,1008.43
2792,251.19,28.27,27.92,42.35,1008.41
2793,251.28,28.27,27.91,42.36,1008.41
2794,251.37,28.25,27.92,42.36,1008.41
2795,251.46,28.25,27.93,42.37,1008.41
2796,251.55,28.26,27.93,42.36,1008.41
2797,251.64,28.25,27.92,42.33,1008.41
2798,251.73,28.27,27.93,42.32,1008.42
2799,251.82,28.29,27.93,42.32,1008.41
2800,251.91,28.28,27.95,42.32,1008.41
2801,252.00,28.28,27.94,42.32,1008.41
2802,252.09,28.27,27.94,42.34,1008.41
2803,252.18,28.26,27.94,42.36,1008.40
2804,252.27,28.26,27.95,42.36,1008.39
2805,252.36,28.26,27.96,42.37,1008.40
2806,252.45,28.27,27.97,42.40,1008.37
2807,252.54,28.26,27.96,42.39,1008.37
2808,252.63,28.26,27.97,42.37,1008.37
2809,252.72,28.24,27.98,42.38,1008.36
2810,252.81,28.24,27.97,42.36,1008.36
2811,252.90,28.24,27.98,42.38,1008.37
2812,252.99,28.24,27.97,42.38,1008.36
2813,253.08,28.25,27.97,42.37,1008.35
2814,253.17,28.23,27.97,42.35,1008.34
2815,253.26,28.22,27.98,42.34,1008.34
2816,253.35,28.23,27.96,42.36,1008.33
2817,253.44,28.23,27.95,42.35,1008.34
2818,253.53,28.22,27.96,42.35,1008.33
2819,253.62,28.22,27.96,42.35,1008.33
2820,253.71,28.21,27.96,42.35,1008.33
2821,253.80,28.23,27.95,42.34,1008.33
2822,253.89,28.25,27.96,42.32,1008.33
2823,253.98,28.23,27.95,42.33,1008.34
2824,254.07,28.22,27.96,42.33,1008.33
2825,254.16,28.23,27.99,42.33,1008.33
2826,254.25,28.22,27.97,42.34,1008.34
2827,254.34,28.20,27.97,42.34,1008.34
2828,254.43,28.21,27.98,42.37,1008.34
2829,254.52,28.21,27.99,42.38,1008.34
2830,254.61,28.21,27.98,42.37,1008.34
2831,254.70,28.21,27.99,42.38,1008.35
2832,254.79,28.19,27.99,42.37,1008.35
2833,254.88,28.18,28.00,42.38,1008.35
2834,254.97,28.18,27.97,42.39,1008.35
2835,255.06,28.18,27.97,42.36,1008.35
2836,255.15,28.18,27.97,42.35,1008.36
2837,255.24,28.18,27.96,42.35,1008.36
2838,255.33,28.19,27.96,42.36,1008.36
2839,255.42,28.18,27.93,42.36,1008.37
2840,255.51,28.18,27.93,42.39,1008.38
2841,255.60,28.19,27.95,42.40,1008.41
2842,255.69,28.21,27.94,42.40,1008.42
2843,255.78,28.19,27.94,42.44,1008.44
2844,255.87,28.20,27.93,42.43,1008.43
2845,255.96,28.20,27.94,42.40,1008.43
2846,256.05,28.21,27.95,42.39,1008.43
2847,256.14,28.21,27.93,42.40,1008.44
2848,256.23,28.21,27.94,42.39,1008.45
2849,256.32,28.22,27.92,42.38,1008.45
2850,256.41,28.22,27.91,42.39,1008.46
2851,256.50,28.21,27.90,42.38,1008.46
2852,256.59,28.19,27.89,42.37,1008.45
2853,256.68,28.19,27.89,42.38,1008.44
2854,256.77,28.18,27.90,42.40,1008.42
2855,256.86,28.18,27.89,42.39,1008.44
2856,256.95,28.18,27.89,42.40,1008.46
2857,257.04,28.19,27.88,42.39,1008.46
2858,257.13,28.18,27.88,42.40,1008.45
2859,257.22,28.20,27.90,42.40,1008.43
2860,257.31,28.20,27.91,42.39,1008.41
2861,257.40,28.21,27.92,42.41,1008.41
2862,257.49,28.22,27.90,42.41,1008.40
2863,257.58,28.23,27.89,42.39,1008.40
2864,257.67,28.24,27.91,42.40,1008.40
2865,257.76,28.22,27.92,42.38,1008.40
2866,257.85,28.22,27.90,42.38,1008.40
2867,257.94,28.23,27.88,42.39,1008.39
2868,258.03,28.25,27.90,42.38,1008.38
2869,258.12,28.25,27.88,42.36,1008.38
2870,258.21,28.24,27.89,42.39,1008.38
2871,258.30,28.26,27.89,42.38,1008.37
2872,258.39,28.25,27.90,42.39,1008.36
2873,258.48,28.25,27.91,42.40,1008.35
2874,258.57,28.25,27.91,42.42,1008.34
2875,258.66,28.25,27.90,42.45,1008.34
2876,258.75,28.25,27.89,42.44,1008.33
2877,258.84,28.26,27.87,42.42,1008.32
2878,258.93,28.24,27.88,42.41,1008.31
2879,259.02,28.25,27.87,42.41,1008.31
2880,259.11,28.25,27.88,42.41,1008.31
2881,259.20,28.24,27.88,42.42,1008.30
2882,259.29,28.24,27.89,42.40,1008.30
2883,259.38,28.24,27.90,42.38,1008.30
2884,259.47,28.23,27.93,42.37,1008.30
2885,259.56,28.24,27.91,42.37,1008.30
2886,259.65,28.25,27.92,42.36,1008.29
2887,259.74,28.26,27.92,42.35,1008.30
2888,259.83,28.27,27.93,42.37,1008.31
2889,259.92,28.27,27.93,42.38,1008.32
2890,260.01,28.28,27.94,42.38,1008.31
2891,260.10,28.28,27.92,42.36,1008.32
2892,260.19,28.27,27.92,42.37,1008.33
2893,260.28,28.26,27.93,42.38,1008.35
2894,260.37,28.27,27.91,42.37,1008.34
2895,260.46,28.27,27.89,42.38,1008.35
2896,260.55,28.26,27.89,42.39,1008.37
2897,260.64,28.25,27.90,42.40,1008.37
2898,260.73,28.26,27.92,42.42,1008.38
2899,260.82,28.25,27.91,42.42,1008.37
2900,260.91,28.24,27.91,42.43,1008.38
2901,261.00,28.24,27.91,42.44,1008.39
2902,261.09,28.24,27.92,42.45,1008.41
2903,261.18,28.25,27.93,42.48,1008.42
2904,261.27,28.25,27.92,42.50,1008.42
2905,261.36,28.24,27.92,42.48,1008.43
2906,261.45,28.24,27.92,42.49,1008.42
2907,261.54,28.24,27.93,42.49,1008.41
2908,261.63,28.23,27.92,42.48,1008.42
2909,261.72,28.22,27.91,42.48,1008.42
2910,261.81,28.24,27.91,42.48,1008.43
2911,261.90,28.21,27.92,42.48,1008.43
2912,261.99,28.23,27.92,42.52,1008.43
2913,262.08,28.23,27.93,42.49,1008.41
2914,262.17,28.22,27.94,42.49,1008.40
2915,262.26,28.22,27.94,42.50,1008.40
2916,262.35,28.21,27.93,42.49,1008.40
2917,262.44,28.21,27.95,42.48,1008.40
2918,262.53,28.19,27.94,42.46,1008.38
2919,262.62,28.19,27.94,42.45,1008.38
2920,262.71,28.20,27.94,42.49,1008.39
2921,262.80,28.20,27.93,42.48,1008.38
2922,262.89,28.21,27.92,42.47,1008.36
2923,262.98,28.20,27.92,42.51,1008.35
2924,263.07,28.22,27.92,42.51,1008.34
2925,263.16,28.21,27.90,42.54,1008.33
2926,263.25,28.19,27.90,42.56,1008.34
2927,263.34,28.20,27.87,42.56,1008.33
2928,263.43,28.20,27.89,42.58,1008.32
2929,263.52,28.20,27.89,42.58,1008.32
2930,263.61,28.20,27.87,42.56,1008.32
2931,263.70,28.19,27.88,42.57,1008.32
2932,263.79,28.18,27.87,42.55,1008.31
2933,263.88,28.17,27.87,42.55,1008.30
2934,263.97,28.16,27.89,42.52,1008.30
2935,264.06,28.17,27.87,42.52,1008.31
2936,264.15,28.18,27.86,42.50,1008.31
2937,264.24,28.17,27.85,42.51,1008.31
2938,264.33,28.18,27.87,42.51,1008.31
2939,264.42,28.17,27.85,42.52,1008.32
2940,264.51,28.17,27.85,42.49,1008.32
2941,264.60,28.17,27.86,42.47,1008.32
2942,264.69,28.17,27.85,42.48,1008.31
2943,264.78,28.18,27.84,42.48,1008.32
2944,264.87,28.18,27.82,42.49,1008.32
2945,264.96,28.18,27.81,42.51,1008.33
2946,265.05,28.19,27.81,42.51,1008.34
2947,265.14,28.20,27.80,42.49,1008.35
2948,265.23,28.20,27.78,42.49,1008.34
2949,265.32,28.19,27.77,42.49,1008.34
2950,265.41,28.20,27.75,42.47,1008.35
2951,265.50,28.20,27.74,42.47,1008.36
2952,265.59,28.21,27.73,42.45,1008.36
2953,265.68,28.21,27.73,42.45,1008.35
2954,265.77,28.21,27.72,42.44,1008.35
2955,265.86,28.20,27.71,42.43,1008.36
2956,265.95,28.19,27.70,42.41,1008.36
2957,266.04,28.18,27.69,42.43,1008.37
2958,266.13,28.19,27.68,42.44,1008.37
2959,266.22,28.20,27.70,42.43,1008.37
2960,266.31,28.19,27.70,42.41,1008.38
2961,266.40,28.18,27.71,42.43,1008.38
2962,266.49,28.18,27.71,42.44,1008.38
2963,266.58,28.18,27.72,42.43,1008.38
2964,266.67,28.17,27.72,42.41,1008.40
2965,266.76,28.17,27.73,42.42,1008.41
2966,266.85,28.16,27.73,42.40,1008.41
2967,266.94,28.16,27.76,42.41,1008.40
2968,267.03,28.18,27.76,42.43,1008.39
2969,267.12,28.20,27.79,42.44,1008.39
2970,267.21,28.21,27.79,42.43,1008.39
2971,267.30,28.21,27.82,42.42,1008.39
2972,267.39,28.22,27.83,42.42,1008.38
2973,267.48,28.23,27.85,42.40,1008.39
2974,267.57,28.23,27.85,42.41,1008.38
2975,267.66,28.24,27.87,42.42,1008.38
2976,267.75,28.23,27.88,42.43,1008.38
2977,267.84,28.23,27.90,42.42,1008.38
2978,267.93,28.23,27.91,42.41,1008.36
2979,268.02,28.24,27.93,42.44,1008.36
2980,268.11,28.23,27.93,42.43,1008.35
2981,268.20,28.23,27.93,42.43,1008.35
2982,268.29,28.23,27.94,42.42,1008.36
2983,268.38,28.24,27.93,42.44,1008.34
2984,268.47,28.23,27.92,42.43,1008.33
2985,268.56,28.23,27.93,42.43,1008.33
2986,268.65,28.24,27.91,42.42,1008.32
2987,268.74,28.22,27.92,42.41,1008.31
2988,268.83,28.21,27.94,42.42,1008.30
2989,268.92,28.22,27.95,42.41,1008.31
2990,269.01,28.21,27.92,42.43,1008.30
2991,269.10,28.20,27.91,42.44,1008.29
2992,269.19,28.19,27.91,42.44,1008.30
2993,269.28,28.18,27.91,42.41,1008.29
2994,269.37,28.19,27.92,42.39,1008.31
2995,269.46,28.19,27.92,42.38,1008.31
2996,269.55,28.18,27.91,42.35,1008.31
2997,269.64,28.18,27.87,42.37,1008.30
2998,269.73,28.18,27.87,42.38,1008.30
2999,269.82,28.19,27.88,42.41,1008.30
3000,269.91,28.18,27.89,42.41,1008.31
3001,270.00,28.18,27.89,42.42,1008.31
3002,270.09,28.18,27.91,42.43,1008.31
3003,270.18,28.18,27.90,42.43,1008.32
3004,270.27,28.19,27.91,42.43,1008.33
3005,270.36,28.19,27.92,42.44,1008.34
3006,270.45,28.21,27.91,42.43,1008.35
3007,270.54,28.20,27.90,42.43,1008.36
3008,270.63,28.17,27.90,42.40,1008.37
3009,270.72,28.18,27.90,42.38,1008.38
3010,270.81,28.18,27.89,42.40,1008.38
3011,270.90,28.18,27.91,42.37,1008.38
3012,270.99,28.18,27.90,42.39,1008.37
3013,271.08,28.16,27.91,42.40,1008.37
3014,271.17,28.16,27.89,42.41,1008.38
3015,271.26,28.17,27.89,42.42,1008.39
3016,271.35,28.17,27.88,42.45,1008.39
3017,271.44,28.18,27.90,42.45,1008.41
3018,271.53,28.16,27.89,42.44,1008.41
3019,271.62,28.16,27.90,42.44,1008.41
3020,271.71,28.14,27.90,42.42,1008.40
3021,271.80,28.14,27.90,42.42,1008.40
3022,271.89,28.13,27.88,42.43,1008.40
3023,271.98,28.12,27.89,42.45,1008.41
3024,272.07,28.12,27.86,42.42,1008.40
3025,272.16,28.11,27.86,42.42,1008.41
3026,272.25,28.11,27.84,42.43,1008.42
3027,272.34,28.12,27.85,42.42,1008.41
3028,272.43,28.13,27.87,42.43,1008.40
3029,272.52,28.12,27.87,42.45,1008.40
3030,272.61,28.13,27.85,42.46,1008.39
3031,272.70,28.13,27.85,42.47,1008.40
3032,272.79,28.13,27.85,42.50,1008.39
3033,272.88,28.13,27.83,42.51,1008.39
3034,272.97,28.13,27.83,42.51,1008.39
3035,273.06,28.12,27.83,42.49,1008.39
3036,273.15,28.13,27.82,42.49,1008.37
3037,273.24,28.13,27.82,42.48,1008.36
3038,273.33,28.13,27.82,42.47,1008.36
3039,273.42,28.13,27.82,42.50,1008.37
3040,273.51,28.13,27.82,42.54,1008.35
3041,273.60,28.14,27.81,42.57,1008.36
3042,273.69,28.14,27.79,42.58,1008.36
3043,273.78,28.16,27.79,42.55,1008.37
3044,273.87,28.16,27.78,42.57,1008.37
3045,273.96,28.18,27.78,42.57,1008.36
3046,274.05,28.19,27.78,42.56,1008.36
3047,274.14,28.19,27.80,42.57,1008.34
3048,274.23,28.19,27.80,42.57,1008.33
3049,274.32,28.18,27.80,42.57,1008.33
3050,274.41,28.18,27.80,42.57,1008.35
3051,274.50,28.18,27.80,42.58,1008.34
3052,274.59,28.17,27.80,42.58,1008.33
3053,274.68,28.16,27.82,42.57,1008.33
3054,274.77,28.15,27.82,42.60,1008.33
3055,274.86,28.16,27.82,42.56,1008.35
3056,274.95,28.16,27.81,42.55,1008.35
3057,275.04,28.17,27.80,42.58,1008.35
3058,275.13,28.18,27.79,42.54,1008.33
3059,275.22,28.18,27.79,42.54,1008.34
3060,275.31,28.18,27.81,42.53,1008.33
3061,275.40,28.18,27.82,42.54,1008.33
3062,275.49,28.17,27.83,42.54,1008.35
3063,275.58,28.17,27.84,42.53,1008.34
3064,275.67,28.18,27.86,42.52,1008.35
3065,275.76,28.18,27.87,42.55,1008.37
3066,275.85,28.18,27.87,42.55,1008.37
3067,275.94,28.18,27.89,42.52,1008.38
3068,276.03,28.18,27.88,42.54,1008.38
3069,276.12,28.19,27.91,42.56,1008.39
3070,276.21,28.19,27.90,42.55,1008.40
3071,276.30,28.19,27.89,42.53,1008.41
3072,276.39,28.19,27.87,42.52,1008.41
3073,276.48,28.18,27.89,42.51,1008.42
3074,276.57,28.17,27.90,42.50,1008.42
3075,276.66,28.17,27.92,42.48,1008.42
3076,276.75,28.17,27.92,42.49,1008.41
3077,276.84,28.17,27.92,42.49,1008.41
3078,276.93,28.16,27.92,42.49,1008.43
3079,277.02,28.17,27.91,42.48,1008.42
3080,277.11,28.17,27.92,42.50,1008.42
3081,277.20,28.16,27.93,42.50,1008.41
3082,277.29,28.16,27.94,42.50,1008.41
3083,277.38,28.18,27.94,42.52,1008.42
3084,277.47,28.19,27.95,42.50,1008.42
3085,277.56,28.18,27.95,42.51,1008.41
3086,277.65,28.18,27.95,42.53,1008.42
3087,277.74,28.18,27.95,42.53,1008.42
3088,277.83,28.20,27.96,42.55,1008.41
3089,277.92,28.20,27.98,42.56,1008.40
3090,278.01,28.20,27.97,42.57,1008.38
3091,278.10,28.19,27.95,42.58,1008.39
3092,278.19,28.18,27.96,42.58,1008.40
3093,278.28,28.20,27.96,42.59,1008.39
3094,278.37,28.19,27.95,42.59,1008.38
3095,278.46,28.18,27.97,42.58,1008.39
3096,278.55,28.18,27.97,42.59,1008.39
3097,278.64,28.17,27.97,42.63,1008.37
3098,278.73,28.17,27.95,42.63,1008.38
3099,278.82,28.16,27.94,42.63,1008.36
3100,278.91,28.14,27.93,42.63,1008.36
3101,279.00,28.13,27.93,42.61,1008.35
3102,279.09,28.12,27.91,42.60,1008.37
3103,279.18,28.12,27.92,42.59,1008.37
3104,279.27,28.13,27.91,42.58,1008.37
3105,279.36,28.13,27.90,42.58,1008.37
3106,279.45,28.12,27.89,42.55,1008.36
3107,279.54,28.13,27.89,42.56,1008.36
3108,279.63,28.14,27.87,42.56,1008.34
3109,279.72,28.14,27.84,42.58,1008.34
3110,279.81,28.15,27.82,42.58,1008.35
3111,279.90,28.14,27.82,42.58,1008.34
3112,279.99,28.14,27.81,42.60,1008.36
3113,280.08,28.15,27.84,42.61,1008.36
3114,280.17,28.16,27.84,42.62,1008.36
3115,280.26,28.15,27.82,42.61,1008.35
3116,280.35,28.15,27.85,42.61,1008.34
3117,280.44,28.14,27.87,42.63,1008.34
3118,280.53,28.14,27.86,42.63,1008.34
3119,280.62,28.14,27.86,42.63,1008.35
3120,280.71,28.13,27.85,42.65,1008.36
3121,280.80,28.13,27.85,42.66,1008.36
3122,280.89,28.15,27.87,42.68,1008.37
3123,280.98,28.15,27.89,42.69,1008.36
3124,281.07,28.16,27.87,42.72,1008.38
3125,281.16,28.16,27.86,42.71,1008.37
3126,281.25,28.17,27.85,42.74,1008.36
3127,281.34,28.16,27.84,42.75,1008.36
3128,281.43,28.16,27.85,42.74,1008.35
3129,281.52,28.16,27.83,42.75,1008.35
3130,281.61,28.16,27.84,42.74,1008.38
3131,281.70,28.16,27.82,42.73,1008.37
3132,281.79,28.15,27.82,42.74,1008.37
3133,281.88,28.16,27.82,42.76,1008.36
3134,281.97,28.15,27.84,42.79,1008.39
3135,282.06,28.14,27.81,42.79,1008.40
3136,282.15,28.15,27.82,42.77,1008.40
3137,282.24,28.16,27.81,42.78,1008.41
3138,282.33,28.15,27.80,42.77,1008.40
3139,282.42,28.15,27.81,42.79,1008.40
3140,282.51,28.14,27.82,42.79,1008.39
3141,282.60,28.13,27.83,42.76,1008.40
3142,282.69,28.12,27.83,42.74,1008.40
3143,282.78,28.13,27.83,42.74,1008.41
3144,282.87,28.13,27.84,42.76,1008.42
3145,282.96,28.14,27.83,42.72,1008.43
3146,283.05,28.14,27.83,42.70,1008.43
3147,283.14,28.14,27.84,42.69,1008.42
3148,283.23,28.13,27.84,42.70,1008.41
3149,283.32,28.14,27.82,42.70,1008.42
3150,283.41,28.16,27.83,42.67,1008.42
3151,283.50,28.17,27.85,42.67,1008.41
3152,283.59,28.17,27.85,42.67,1008.39
3153,283.68,28.16,27.85,42.68,1008.39
3154,283.77,28.17,27.86,42.66,1008.39
3155,283.86,28.18,27.86,42.70,1008.38
3156,283.95,28.17,27.88,42.68,1008.38
3157,284.04,28.17,27.89,42.69,1008.38
3158,284.13,28.18,27.90,42.67,1008.38
3159,284.22,28.18,27.90,42.66,1008.38
3160,284.31,28.18,27.90,42.64,1008.38
3161,284.40,28.20,27.89,42.64,1008.36
3162,284.49,28.21,27.89,42.62,1008.36
3163,284.58,28.21,27.91,42.63,1008.36
3164,284.67,28.21,27.90,42.64,1008.35
3165,284.76,28.22,27.91,42.65,1008.35
3166,284.85,28.22,27.91,42.63,1008.35
3167,284.94,28.23,27.91,42.62,1008.36
3168,285.03,28.24,27.90,42.60,1008.36
3169,285.12,28.24,27.91,42.60,1008.35
3170,285.21,28.22,27.92,42.59,1008.35
3171,285.30,28.25,27.91,42.61,1008.35
3172,285.39,28.26,27.90,42.60,1008.35
3173,285.48,28.24,27.89,42.60,1008.34
3174,285.57,28.24,27.89,42.63,1008.36
3175,285.66,28.23,27.88,42.63,1008.38
3176,285.75,28.25,27.91,42.63,1008.37
3177,285.84,28.24,27.90,42.64,1008.36
3178,285.93,28.23,27.91,42.63,1008.37
3179,286.02,28.24,27.91,42.63,1008.37
3180,286.11,28.23,27.92,42.64,1008.37
3181,286.20,28.22,27.90,42.64,1008.39
3182,286.29,28.22,27.90,42.64,1008.38
3183,286.38,28.21,27.90,42.64,1008.39
3184,286.47,28.20,27.90,42.62,1008.39
3185,286.56,28.20,27.91,42.64,1008.41
3186,286.65,28.19,27.92,42.64,1008.41
3187,286.74,28.16,27.93,42.65,1008.41
3188,286.83,28.16,27.93,42.64,1008.42
3189,286.92,28.15,27.92,42.64,1008.42
3190,287.01,28.15,27.90,42.63,1008.42
3191,287.10,28.15,27.91,42.63,1008.43
3192,287.19,28.15,27.88,42.62,1008.43
3193,287.28,28.13,27.87,42.62,1008.42
3194,287.37,28.14,27.87,42.61,1008.44
3195,287.46,28.14,27.86,42.63,1008.44
3196,287.55,28.14,27.86,42.63,1008.44
3197,287.64,28.13,27.82,42.65,1008.45
3198,287.73,28.14,27.84,42.69,1008.44
3199,287.82,28.12,27.84,42.72,1008.43
3200,287.91,28.14,27.85,42.73,1008.44
3201,288.00,28.13,27.84,42.75,1008.43
3202,288.09,28.13,27.83,42.74,1008.43
3203,288.18,28.13,27.85,42.76,1008.42
3204,288.27,28.13,27.86,42.79,1008.42
3205,288.36,28.12,27.86,42.81,1008.42
3206,288.45,28.13,27.85,42.81,1008.42
3207,288.54,28.13,27.85,42.83,1008.42
3208,288.63,28.13,27.82,42.84,1008.41
3209,288.72,28.13,27.82,42.84,1008.41
3210,288.81,28.12,27.80,42.83,1008.41
3211,288.90,28.13,27.80,42.84,1008.41
3212,288.99,28.11,27.81,42.84,1008.41
3213,289.08,28.11,27.80,42.85,1008.41
3214,289.17,28.13,27.77,42.86,1008.39
3215,289.26,28.12,27.76,42.89,1008.38
3216,289.35,28.11,27.77,42.89,1008.36
3217,289.44,28.11,27.76,42.90,1008.35
3218,289.53,28.10,27.75,42.87,1008.34
3219,289.62,28.10,27.75,42.88,1008.35
3220,289.71,28.12,27.76,42.91,1008.34
3221,289.80,28.12,27.77,42.91,1008.34
3222,289.89,28.11,27.78,42.91,1008.34
3223,289.98,28.11,27.80,42.95,1008.32
3224,290.07,28.12,27.80,42.96,1008.31
3225,290.16,28.11,27.81,42.98,1008.31
3226,290.25,28.11,27.80,42.98,1008.30
3227,290.34,28.11,27.81,42.98,1008.29
3228,290.43,28.12,27.82,43.00,1008.28
3229,290.52,28.11,27.81,42.98,1008.28
3230,290.61,28.12,27.81,42.97,1008.27
3231,290.70,28.12,27.81,42.97,1008.29
3232,290.79,28.12,27.81,42.96,1008.28
3233,290.88,28.14,27.83,42.93,1008.28
3234,290.97,28.13,27.82,42.92,1008.30
3235,291.06,28.13,27.82,42.94,1008.30
3236,291.15,28.14,27.83,42.93,1008.30
3237,291.24,28.16,27.86,42.91,1008.31
3238,291.33,28.16,27.87,42.88,1008.33
3239,291.42,28.16,27.87,42.86,1008.34
3240,291.51,28.15,27.88,42.84,1008.33
3241,291.60,28.17,27.88,42.85,1008.33
3242,291.69,28.18,27.90,42.83,1008.34
3243,291.78,28.20,27.89,42.85,1008.34
3244,291.87,28.19,27.88,42.85,1008.35
3245,291.96,28.18,27.90,42.86,1008.34
3246,292.05,28.17,27.89,42.82,1008.36
3247,292.14,28.18,27.89,42.83,1008.36
3248,292.23,28.18,27.87,42.82,1008.36
3249,292.32,28.19,27.87,42.81,1008.37
3250,292.41,28.18,27.85,42.80,1008.38
3251,292.50,28.17,27.86,42.81,1008.39
3252,292.59,28.19,27.86,42.78,1008.39
3253,292.68,28.18,27.86,42.76,1008.39
3254,292.77,28.18,27.88,42.76,1008.39
3255,292.86,28.17,27.89,42.74,1008.39
3256,292.95,28.18,27.90,42.74,1008.39
3257,293.04,28.17,27.92,42.74,1008.38
3258,293.13,28.18,27.93,42.75,1008.40
3259,293.22,28.18,27.94,42.77,1008.39
3260,293.31,28.20,27.94,42.78,1008.39
3261,293.40,28.22,27.93,42.77,1008.40
3262,293.49,28.22,27.92,42.76,1008.40
3263,293.58,28.20,27.91,42.75,1008.39
3264,293.67,28.21,27.91,42.75,1008.38
3265,293.76,28.20,27.92,42.76,1008.39
3266,293.85,28.20,27.91,42.77,1008.38
3267,293.94,28.19,27.91,42.79,1008.36
3268,294.03,28.19,27.91,42.79,1008.35
3269,294.12,28.18,27.91,42.80,1008.35
3270,294.21,28.18,27.91,42.78,1008.34
3271,294.30,28.18,27.90,42.75,1008.35
3272,294.39,28.18,27.89,42.76,1008.34
3273,294.48,28.17,27.88,42.78,1008.34
3274,294.57,28.17,27.87,42.78,1008.34
3275,294.66,28.17,27.86,42.79,1008.33
3276,294.75,28.19,27.88,42.77,1008.33
3277,294.84,28.19,27.88,42.78,1008.34
3278,294.93,28.20,27.89,42.77,1008.32
3279,295.02,28.22,27.87,42.76,1008.31
3280,295.11,28.24,27.87,42.76,1008.30
3281,295.20,28.25,27.87,42.78,1008.31
3282,295.29,28.26,27.88,42.76,1008.31
3283,295.38,28.27,27.88,42.76,1008.30
3284,295.47,28.28,27.90,42.76,1008.29
3285,295.56,28.30,27.88,42.75,1008.28
3286,295.65,28.32,27.85,42.74,1008.29
3287,295.74,28.31,27.86,42.72,1008.30
3288,295.83,28.28,27.84,42.71,1008.30
3289,295.92,28.28,27.85,42.72,1008.30
3290,296.01,28.24,27.85,42.75,1008.31
3291,296.10,28.21,27.83,42.76,1008.32
3292,296.19,28.19,27.82,42.75,1008.32
3293,296.28,28.16,27.84,42.75,1008.31
3294,296.37,28.16,27.83,42.76,1008.32
3295,296.46,28.15,27.84,42.76,1008.32
3296,296.55,28.14,27.84,42.78,1008.32
3297,296.64,28.11,27.83,42.79,1008.33
3298,296.73,28.11,27.80,42.83,1008.33
3299,296.82,28.10,27.78,42.84,1008.34
3300,296.91,28.11,27.77,42.84,1008.34
3301,297.00,28.11,27.79,42.83,1008.35
3302,297.09,28.11,27.77,42.85,1008.35
3303,297.18,28.12,27.79,42.84,1008.36
3304,297.27,28.12,27.79,42.83,1008.36
3305,297.36,28.12,27.81,42.84,1008.38
3306,297.45,28.13,27.81,42.85,1008.38
3307,297.54,28.14,27.84,42.85,1008.38
3308,297.63,28.15,27.84,42.83,1008.38
3309,297.72,28.14,27.82,42.81,1008.38
3310,297.81,28.15,27.82,42.82,1008.38
3311,297.90,28.15,27.80,42.79,1008.39
3312,297.99,28.15,27.80,42.80,1008.38
3313,298.08,28.16,27.81,42.81,1008.39
3314,298.17,28.16,27.81,42.82,1008.40
3315,298.26,28.15,27.80,42.83,1008.40
3316,298.35,28.14,27.79,42.83,1008.40
3317,298.44,28.12,27.80,42.81,1008.41
3318,298.53,28.13,27.79,42.83,1008.40
3319,298.62,28.13,27.78,42.84,1008.41
3320,298.71,28.14,27.79,42.85,1008.41
3321,298.80,28.12,27.81,42.83,1008.41
3322,298.89,28.12,27.81,42.81,1008.40
3323,298.98,28.14,27.84,42.78,1008.40
3324,299.07,28.13,27.85,42.76,1008.39
3325,299.16,28.12,27.86,42.77,1008.39
3326,299.25,28.14,27.87,42.74,1008.39
3327,299.34,28.13,27.87,42.75,1008.39
3328,299.43,28.12,27.87,42.77,1008.38
3329,299.52,28.11,27.85,42.75,1008.37
3330,299.61,28.11,27.85,42.76,1008.35
3331,299.70,28.10,27.82,42.79,1008.34
3332,299.79,28.09,27.83,42.79,1008.34
3333,299.88,28.10,27.85,42.81,1008.34
3334,299.97,28.08,27.84,42.79,1008.33
3335,300.06,28.09,27.84,42.79,1008.33
3336,300.15,28.11,27.86,42.81,1008.32
3337,300.24,28.11,27.87,42.80,1008.33
3338,300.33,28.11,27.88,42.82,1008.32
3339,300.42,28.10,27.86,42.83,1008.33
3340,300.51,28.11,27.85,42.82,1008.32
3341,300.60,28.13,27.85,42.79,1008.31
3342,300.69,28.13,27.86,42.79,1008.31
3343,300.78,28.14,27.86,42.80,1008.31
3344,300.87,28.15,27.86,42.79,1008.31
3345,300.96,28.18,27.86,42.77,1008.31
3346,301.05,28.18,27.84,42.77,1008.28
3347,301.14,28.19,27.86,42.80,1008.28
3348,301.23,28.18,27.87,42.82,1008.28
3349,301.32,28.18,27.85,42.84,1008.27
3350,301.41,28.17,27.84,42.83,1008.28
3351,301.50,28.17,27.84,42.81,1008.31
3352,301.59,28.16,27.83,42.83,1008.31
3353,301.68,28.16,27.83,42.80,1008.32
3354,301.77,28.15,27.84,42.79,1008.32
3355,301.86,28.16,27.85,42.81,1008.32
3356,301.95,28.15,27.83,42.82,1008.33
3357,302.04,28.16,27.87,42.82,1008.34
3358,302.13,28.16,27.86,42.81,1008.35
3359,302.22,28.14,27.87,42.82,1008.34
3360,302.31,28.16,27.86,42.79,1008.35
3361,302.40,28.15,27.87,42.78,1008.36
3362,302.49,28.17,27.89,42.77,1008.36
3363,302.58,28.17,27.89,42.78,1008.37
3364,302.67,28.14,27.86,42.77,1008.38
3365,302.76,28.15,27.87,42.77,1008.38
3366,302.85,28.15,27.88,42.78,1008.38
3367,302.94,28.15,27.89,42.77,1008.37
3368,303.03,28.14,27.90,42.76,1008.37
3369,303.12,28.14,27.87,42.76,1008.38
3370,303.21,28.14,27.86,42.79,1008.38
3371,303.30,28.14,27.86,42.78,1008.36
3372,303.39,28.13,27.85,42.80,1008.37
3373,303.48,28.13,27.85,42.81,1008.37
3374,303.57,28.13,27.86,42.81,1008.37
3375,303.66,28.14,27.85,42.83,1008.36
3376,303.75,28.13,27.85,42.84,1008.37
3377,303.84,28.12,27.85,42.86,1008.38
3378,303.93,28.13,27.84,42.85,1008.38
3379,304.02,28.13,27.86,42.86,1008.38
3380,304.11,28.13,27.87,42.87,1008.38
3381,304.20,28.12,27.88,42.86,1008.38
3382,304.29,28.13,27.88,42.86,1008.37
3383,304.38,28.12,27.86,42.87,1008.36
3384,304.47,28.12,27.85,42.88,1008.37
3385,304.56,28.11,27.85,42.90,1008.36
3386,304.65,28.11,27.84,42.90,1008.38
3387,304.74,28.11,27.82,42.88,1008.39
3388,304.83,28.10,27.83,42.89,1008.38
3389,304.92,28.09,27.83,42.90,1008.39
3390,305.01,28.08,27.84,42.91,1008.40
3391,305.10,28.08,27.85,42.92,1008.40
3392,305.19,28.07,27.85,42.95,1008.40
3393,305.28,28.07,27.84,42.93,1008.40
3394,305.37,28.08,27.84,42.91,1008.38
3395,305.46,28.08,27.83,42.92,1008.37
3396,305.55,28.08,27.84,42.92,1008.37
3397,305.64,28.09,27.85,42.88,1008.36
3398,305.73,28.09,27.86,42.89,1008.35
3399,305.82,28.10,27.86,42.87,1008.36
3400,305.91,28.10,27.84,42.88,1008.35
3401,306.00,28.09,27.84,42.86,1008.33
3402,306.09,28.10,27.82,42.86,1008.32
3403,306.18,28.08,27.83,42.84,1008.33
3404,306.27,28.09,27.83,42.87,1008.34
3405,306.36,28.08,27.85,42.86,1008.34
3406,306.45,28.08,27.85,42.84,1008.34
3407,306.54,28.07,27.85,42.85,1008.33
3408,306.63,28.06,27.84,42.83,1008.33
3409,306.72,28.07,27.85,42.85,1008.32
3410,306.81,28.09,27.84,42.86,1008.32
3411,306.90,28.07,27.84,42.85,1008.31
3412,306.99,28.07,27.83,42.84,1008.32
3413,307.08,28.08,27.83,42.86,1008.33
3414,307.17,28.10,27.85,42.84,1008.33
3415,307.26,28.11,27.85,42.83,1008.34
3416,307.35,28.10,27.84,42.83,1008.34
3417,307.44,28.08,27.85,42.84,1008.33
3418,307.53,28.07,27.87,42.82,1008.36
3419,307.62,28.07,27.86,42.81,1008.36
3420,307.71,28.07,27.87,42.81,1008.37
3421,307.80,28.08,27.87,42.79,1008.38
3422,307.89,28.09,27.89,42.78,1008.39
3423,307.98,28.08,27.89,42.77,1008.39
3424,308.07,28.08,27.91,42.78,1008.38
3425,308.16,28.08,27.88,42.77,1008.40
3426,308.25,28.08,27.88,42.75,1008.40
3427,308.34,28.08,27.87,42.74,1008.42
3428,308.43,28.08,27.87,42.71,1008.42
3429,308.52,28.09,27.89,42.70,1008.43
3430,308.61,28.09,27.91,42.68,1008.42
3431,308.70,28.09,27.93,42.66,1008.43
3432,308.79,28.09,27.92,42.62,1008.44
3433,308.88,28.09,27.93,42.63,1008.43
3434,308.97,28.11,27.91,42.60,1008.43
3435,309.06,28.12,27.92,42.62,1008.43
3436,309.15,28.12,27.91,42.62,1008.45
3437,309.24,28.14,27.90,42.61,1008.44
3438,309.33,28.15,27.90,42.61,1008.42
3439,309.42,28.13,27.90,42.63,1008.43
3440,309.51,28.13,27.90,42.61,1008.42
3441,309.60,28.14,27.90,42.61,1008.41
3442,309.69,28.14,27.91,42.60,1008.41
3443,309.78,28.13,27.92,42.61,1008.39
3444,309.87,28.13,27.90,42.59,1008.39
3445,309.96,28.13,27.89,42.63,1008.39
3446,310.05,28.14,27.89,42.66,1008.39
3447,310.14,28.14,27.92,42.67,1008.39
3448,310.23,28.14,27.90,42.68,1008.38
3449,310.32,28.15,27.88,42.70,1008.39
3450,310.41,28.17,27.87,42.72,1008.38
3451,310.50,28.19,27.86,42.73,1008.38
3452,310.59,28.16,27.86,42.73,1008.38
3453,310.68,28.17,27.85,42.72,1008.37
3454,310.77,28.17,27.83,42.73,1008.38
3455,310.86,28.16,27.83,42.74,1008.38
3456,310.95,28.15,27.82,42.74,1008.36
3457,311.04,28.15,27.83,42.75,1008.35
3458,311.13,28.13,27.82,42.72,1008.35
3459,311.22,28.14,27.81,42.77,1008.35
3460,311.31,28.15,27.80,42.79,1008.35
3461,311.40,28.16,27.82,42.77,1008.34
3462,311.49,28.15,27.82,42.77,1008.34
3463,311.58,28.14,27.83,42.79,1008.35
3464,311.67,28.14,27.82,42.80,1008.35
3465,311.76,28.15,27.84,42.81,1008.34
3466,311.85,28.15,27.84,42.83,1008.34
3467,311.94,28.14,27.83,42.84,1008.35
3468,312.03,28.12,27.83,42.87,1008.36
3469,312.12,28.12,27.84,42.88,1008.35
3470,312.21,28.11,27.83,42.88,1008.35
3471,312.30,28.08,27.83,42.89,1008.36
3472,312.39,28.07,27.84,42.88,1008.37
3473,312.48,28.07,27.82,42.86,1008.39
3474,312.57,28.07,27.82,42.86,1008.39
3475,312.66,28.08,27.83,42.85,1008.39
3476,312.75,28.08,27.81,42.83,1008.39
3477,312.84,28.08,27.81,42.83,1008.40
3478,312.93,28.09,27.81,42.85,1008.40
3479,313.02,28.10,27.81,42.84,1008.41
3480,313.11,28.10,27.81,42.84,1008.42
3481,313.20,28.08,27.82,42.82,1008.42
3482,313.29,28.08,27.79,42.83,1008.42
3483,313.38,28.07,27.75,42.81,1008.43
3484,313.47,28.08,27.76,42.81,1008.44
3485,313.56,28.09,27.75,42.79,1008.45
3486,313.65,28.10,27.75,42.82,1008.44
3487,313.74,28.10,27.75,42.80,1008.45
3488,313.83,28.11,27.77,42.81,1008.45
3489,313.92,28.11,27.76,42.82,1008.46
3490,314.01,28.11,27.78,42.82,1008.46
3491,314.10,28.10,27.78,42.79,1008.45
3492,314.19,28.09,27.78,42.76,1008.45
3493,314.28,28.09,27.78,42.74,1008.44
3494,314.37,28.08,27.80,42.74,1008.45
3495,314.46,28.08,27.80,42.75,1008.44
3496,314.55,28.09,27.79,42.77,1008.42
3497,314.64,28.08,27.79,42.76,1008.42
3498,314.73,28.06,27.79,42.79,1008.43
3499,314.82,28.05,27.79,42.80,1008.43
3500,314.91,28.05,27.79,42.81,1008.43
3501,315.00,28.04,27.80,42.80,1008.42
3502,315.09,28.05,27.82,42.80,1008.42
3503,315.18,28.06,27.82,42.82,1008.42
3504,315.27,28.06,27.81,42.82,1008.41
3505,315.36,28.07,27.83,42.82,1008.41
3506,315.45,28.07,27.84,42.83,1008.41
3507,315.54,28.07,27.84,42.84,1008.41
3508,315.63,28.07,27.84,42.84,1008.39
3509,315.72,28.06,27.85,42.83,1008.38
3510,315.81,28.06,27.86,42.81,1008.37
3511,315.90,28.07,27.87,42.85,1008.36
3512,315.99,28.07,27.86,42.87,1008.36
3513,316.08,28.09,27.88,42.86,1008.36
3514,316.17,28.09,27.88,42.88,1008.35
3515,316.26,28.10,27.88,42.88,1008.34
3516,316.35,28.10,27.90,42.87,1008.34
3517,316.44,28.11,27.90,42.87,1008.35
3518,316.53,28.10,27.90,42.86,1008.33
3519,316.62,28.10,27.91,42.87,1008.33
3520,316.71,28.09,27.93,42.87,1008.34
3521,316.80,28.09,27.93,42.89,1008.34
3522,316.89,28.08,27.93,42.88,1008.33
3523,316.98,28.09,27.93,42.87,1008.33
3524,317.07,28.08,27.91,42.86,1008.34
3525,317.16,28.09,27.91,42.85,1008.37
3526,317.25,28.09,27.91,42.85,1008.36
3527,317.34,28.09,27.89,42.82,1008.37
3528,317.43,28.09,27.88,42.80,1008.36
3529,317.52,28.09,27.88,42.81,1008.36
3530,317.61,28.08,27.88,42.80,1008.35
3531,317.70,28.08,27.88,42.78,1008.36
3532,317.79,28.10,27.88,42.80,1008.36
3533,317.88,28.10,27.87,42.79,1008.37
3534,317.97,28.12,27.88,42.79,1008.36
3535,318.06,28.12,27.88,42.79,1008.36
3536,318.15,28.12,27.88,42.78,1008.35
3537,318.24,28.12,27.87,42.76,1008.36
3538,318.33,28.11,27.88,42.73,1008.37
3539,318.42,28.10,27.88,42.72,1008.37
3540,318.51,28.10,27.87,42.72,1008.37
3541,318.60,28.10,27.86,42.72,1008.39
3542,318.69,28.11,27.85,42.74,1008.38
3543,318.78,28.10,27.84,42.75,1008.38
3544,318.87,28.11,27.83,42.74,1008.39
3545,318.96,28.10,27.83,42.73,1008.41
3546,319.05,28.10,27.83,42.73,1008.41
3547,319.14,28.10,27.83,42.73,1008.39
3548,319.23,28.11,27.85,42.72,1008.39
3549,319.32,28.11,27.84,42.73,1008.38
3550,319.41,28.11,27.86,42.74,1008.39
3551,319.50,28.12,27.86,42.74,1008.39
3552,319.59,28.12,27.86,42.73,1008.38
3553,319.68,28.12,27.85,42.74,1008.39
3554,319.77,28.11,27.85,42.76,1008.38
3555,319.86,28.11,27.86,42.75,1008.39
3556,319.95,28.12,27.86,42.71,1008.38
3557,320.04,28.13,27.85,42.69,1008.36
3558,320.13,28.12,27.86,42.71,1008.36
3559,320.22,28.12,27.86,42.70,1008.37
3560,320.31,28.11,27.86,42.73,1008.36
3561,320.40,28.10,27.85,42.73,1008.37
3562,320.49,28.10,27.83,42.76,1008.36
3563,320.58,28.10,27.82,42.78,1008.36
3564,320.67,28.09,27.81,42.77,1008.37
3565,320.76,28.10,27.80,42.78,1008.36
3566,320.85,28.09,27.80,42.78,1008.37
3567,320.94,28.10,27.81,42.80,1008.37
3568,321.03,28.11,27.79,42.80,1008.37
3569,321.12,28.10,27.77,42.81,1008.36
3570,321.21,28.10,27.78,42.82,1008.36
3571,321.30,28.10,27.77,42.78,1008.36
3572,321.39,28.10,27.75,42.79,1008.35
3573,321.48,28.09,27.75,42.80,1008.34
3574,321.57,28.09,27.75,42.77,1008.34
3575,321.66,28.08,27.76,42.75,1008.32
3576,321.75,28.09,27.76,42.74,1008.32
3577,321.84,28.11,27.75,42.74,1008.33
3578,321.93,28.11,27.77,42.74,1008.32
3579,322.02,28.12,27.78,42.75,1008.32
3580,322.11,28.11,27.77,42.76,1008.33
3581,322.20,28.11,27.76,42.73,1008.33
3582,322.29,28.09,27.77,42.71,1008.33
3583,322.38,28.10,27.77,42.71,1008.31
3584,322.47,28.11,27.78,42.70,1008.31
3585,322.56,28.08,27.77,42.69,1008.32
3586,322.65,28.07,27.78,42.68,1008.31
3587,322.74,28.06,27.76,42.67,1008.32
3588,322.83,28.07,27.77,42.66,1008.32
3589,322.92,28.10,27.79,42.67,1008.29
3590,323.01,28.10,27.79,42.67,1008.29
3591,323.10,28.10,27.80,42.67,1008.28
3592,323.19,28.09,27.80,42.68,1008.28
3593,323.28,28.09,27.81,42.67,1008.28
3594,323.37,28.08,27.82,42.67,1008.28
3595,323.46,28.08,27.84,42.66,1008.31
3596,323.55,28.10,27.84,42.67,1008.33
3597,323.64,28.08,27.84,42.66,1008.33
3598,323.73,28.07,27.84,42.68,1008.35
3599,323.82,28.09,27.85,42.66,1008.34
3600,323.91,28.09,27.84,42.67,1008.35
3601,324.00,28.08,27.86,42.66,1008.35
3602,324.09,28.07,27.89,42.66,1008.36
3603,324.18,28.08,27.89,42.65,1008.36
3604,324.27,28.08,27.89,42.64,1008.36
3605,324.36,28.07,27.89,42.64,1008.37
3606,324.45,28.07,27.89,42.62,1008.38
3607,324.54,28.07,27.87,42.62,1008.38
3608,324.63,28.07,27.87,42.63,1008.37
3609,324.72,28.07,27.87,42.64,1008.37
3610,324.81,28.08,27.86,42.66,1008.37
3611,324.90,28.09,27.89,42.66,1008.39
3612,324.99,28.08,27.88,42.65,1008.40
3613,325.08,28.07,27.89,42.67,1008.41
3614,325.17,28.07,27.89,42.64,1008.40
3615,325.26,28.07,27.88,42.61,1008.40
3616,325.35,28.08,27.89,42.60,1008.39
3617,325.44,28.11,27.89,42.58,1008.38
3618,325.53,28.09,27.89,42.57,1008.37
3619,325.62,28.10,27.87,42.57,1008.36
3620,325.71,28.11,27.86,42.57,1008.38
3621,325.80,28.09,27.85,42.61,1008.37
3622,325.89,28.09,27.85,42.59,1008.37
3623,325.98,28.08,27.86,42.54,1008.36
3624,326.07,28.07,27.86,42.54,1008.35
3625,326.16,28.08,27.87,42.51,1008.35
3626,326.25,28.09,27.86,42.47,1008.34
3627,326.34,28.11,27.88,42.46,1008.33
3628,326.43,28.11,27.87,42.46,1008.33
3629,326.52,28.12,27.87,42.44,1008.32
3630,326.61,28.12,27.86,42.45,1008.31
3631,326.70,28.12,27.85,42.46,1008.31
3632,326.79,28.13,27.84,42.47,1008.31
3633,326.88,28.12,27.84,42.46,1008.31
3634,326.97,28.14,27.83,42.46,1008.31
3635,327.06,28.13,27.84,42.48,1008.31
3636,327.15,28.13,27.84,42.50,1008.29
3637,327.24,28.13,27.84,42.50,1008.29
3638,327.33,28.13,27.83,42.51,1008.29
3639,327.42,28.12,27.82,42.51,1008.29
3640,327.51,28.12,27.83,42.51,1008.30
3641,327.60,28.12,27.83,42.56,1008.31
3642,327.69,28.10,27.84,42.54,1008.30
3643,327.78,28.09,27.84,42.58,1008.31
3644,327.87,28.09,27.82,42.59,1008.32
3645,327.96,28.09,27.84,42.58,1008.33
3646,328.05,28.08,27.83,42.55,1008.34
3647,328.14,28.09,27.82,42.57,1008.34
3648,328.23,28.09,27.81,42.58,1008.33
3649,328.32,28.11,27.81,42.59,1008.33
3650,328.41,28.10,27.81,42.57,1008.34
3651,328.50,28.11,27.81,42.57,1008.34
3652,328.59,28.12,27.81,42.57,1008.36
3653,328.68,28.11,27.79,42.55,1008.38
3654,328.77,28.10,27.76,42.54,1008.37
3655,328.86,28.10,27.76,42.54,1008.38
3656,328.95,28.11,27.75,42.53,1008.39
3657,329.04,28.11,27.76,42.54,1008.39
3658,329.13,28.11,27.77,42.54,1008.39
3659,329.22,28.12,27.76,42.52,1008.39
3660,329.31,28.10,27.76,42.53,1008.40
3661,329.40,28.10,27.77,42.53,1008.40
3662,329.49,28.12,27.78,42.56,1008.38
3663,329.58,28.12,27.79,42.56,1008.40
3664,329.67,28.13,27.78,42.58,1008.40
3665,329.76,28.12,27.77,42.57,1008.40
3666,329.85,28.11,27.77,42.57,1008.41
3667,329.94,28.11,27.78,42.57,1008.40
3668,330.03,28.11,27.77,42.56,1008.41
3669,330.12,28.13,27.76,42.55,1008.42
3670,330.21,28.14,27.77,42.55,1008.42
3671,330.30,28.14,27.76,42.54,1008.42
3672,330.39,28.14,27.77,42.56,1008.42
3673,330.48,28.12,27.76,42.56,1008.42
3674,330.57,28.11,27.78,42.56,1008.41
3675,330.66,28.12,27.78,42.54,1008.41
3676,330.75,28.10,27.75,42.52,1008.42
3677,330.84,28.09,27.76,42.54,1008.42
3678,330.93,28.10,27.77,42.55,1008.42
3679,331.02,28.08,27.78,42.57,1008.41
3680,331.11,28.07,27.79,42.57,1008.38
3681,331.20,28.08,27.80,42.58,1008.38
3682,331.29,28.09,27.79,42.58,1008.37
3683,331.38,28.09,27.78,42.59,1008.37
3684,331.47,28.09,27.78,42.59,1008.37
3685,331.56,28.08,27.79,42.58,1008.36
3686,331.65,28.08,27.81,42.58,1008.37
3687,331.74,28.07,27.80,42.59,1008.36
3688,331.83,28.06,27.80,42.58,1008.36
3689,331.92,28.07,27.82,42.58,1008.35
3690,332.01,28.07,27.86,42.55,1008.35
3691,332.10,28.07,27.86,42.53,1008.35
3692,332.19,28.07,27.87,42.54,1008.35
3693,332.28,28.07,27.87,42.57,1008.35
3694,332.37,28.06,27.87,42.56,1008.36
3695,332.46,28.05,27.88,42.57,1008.37
3696,332.55,28.04,27.88,42.57,1008.35
3697,332.64,28.05,27.90,42.58,1008.33
3698,332.73,28.05,27.92,42.59,1008.33
3699,332.82,28.05,27.90,42.60,1008.35
3700,332.91,28.06,27.91,42.59,1008.34
3701,333.00,28.05,27.92,42.60,1008.34
3702,333.09,28.06,27.89,42.58,1008.33
3703,333.18,28.06,27.89,42.60,1008.33
3704,333.27,28.05,27.88,42.60,1008.33
3705,333.36,28.07,27.88,42.58,1008.34
3706,333.45,28.07,27.90,42.59,1008.34
3707,333.54,28.05,27.90,42.60,1008.35
3708,333.63,28.06,27.91,42.63,1008.36
3709,333.72,28.07,27.90,42.63,1008.35
3710,333.81,28.08,27.90,42.64,1008.37
3711,333.90,28.08,27.88,42.63,1008.36
3712,333.99,28.09,27.87,42.61,1008.36
3713,334.08,28.09,27.86,42.64,1008.37
3714,334.17,28.10,27.86,42.65,1008.38
3715,334.26,28.11,27.86,42.63,1008.39
3716,334.35,28.13,27.86,42.62,1008.39
3717,334.44,28.13,27.88,42.61,1008.40
3718,334.53,28.13,27.88,42.61,1008.39
3719,334.62,28.13,27.87,42.60,1008.39
3720,334.71,28.15,27.85,42.61,1008.40
3721,334.80,28.16,27.84,42.61,1008.41
3722,334.89,28.16,27.83,42.62,1008.41
3723,334.98,28.14,27.82,42.62,1008.41
3724,335.07,28.14,27.83,42.63,1008.42
3725,335.16,28.13,27.80,42.64,1008.41
3726,335.25,28.13,27.80,42.65,1008.42
3727,335.34,28.12,27.80,42.65,1008.41
3728,335.43,28.13,27.81,42.64,1008.42
3729,335.52,28.13,27.81,42.66,1008.41
3730,335.61,28.12,27.82,42.63,1008.41
3731,335.70,28.13,27.82,42.64,1008.41
3732,335.79,28.12,27.83,42.65,1008.41
3733,335.88,28.13,27.82,42.64,1008.41
3734,335.97,28.14,27.84,42.65,1008.40
3735,336.06,28.12,27.83,42.63,1008.40
3736,336.15,28.12,27.83,42.62,1008.40
3737,336.24,28.12,27.85,42.64,1008.39
3738,336.33,28.12,27.86,42.64,1008.39
3739,336.42,28.11,27.86,42.66,1008.38
3740,336.51,28.09,27.85,42.67,1008.38
3741,336.60,28.09,27.86,42.67,1008.37
3742,336.69,28.10,27.85,42.64,1008.36
3743,336.78,28.11,27.83,42.61,1008.35
3744,336.87,28.09,27.82,42.60,1008.35
3745,336.96,28.09,27.83,42.57,1008.33
3746,337.05,28.10,27.83,42.56,1008.34
3747,337.14,28.10,27.84,42.54,1008.32
3748,337.23,28.10,27.83,42.56,1008.34
3749,337.32,28.10,27.84,42.55,1008.34
3750,337.41,28.10,27.82,42.56,1008.34
3751,337.50,28.10,27.82,42.54,1008.33
3752,337.59,28.11,27.80,42.56,1008.33
3753,337.68,28.12,27.81,42.55,1008.32
3754,337.77,28.12,27.81,42.53,1008.32
3755,337.86,28.13,27.81,42.54,1008.33
3756,337.95,28.12,27.82,42.53,1008.33
3757,338.04,28.11,27.83,42.54,1008.32
3758,338.13,28.11,27.82,42.50,1008.34
3759,338.22,28.11,27.81,42.47,1008.34
3760,338.31,28.10,27.79,42.46,1008.33
3761,338.40,28.11,27.80,42.46,1008.34
3762,338.49,28.09,27.82,42.49,1008.35
3763,338.58,28.07,27.80,42.52,1008.34
3764,338.67,28.07,27.79,42.55,1008.36
3765,338.76,28.06,27.78,42.54,1008.38
3766,338.85,28.05,27.78,42.56,1008.38
3767,338.94,28.06,27.78,42.55,1008.38
3768,339.03,28.07,27.79,42.54,1008.38
3769,339.12,28.07,27.79,42.52,1008.39
3770,339.21,28.06,27.79,42.52,1008.41
3771,339.30,28.06,27.78,42.50,1008.41
3772,339.39,28.07,27.79,42.51,1008.41
3773,339.48,28.06,27.82,42.51,1008.41
3774,339.57,28.06,27.82,42.52,1008.42
3775,339.66,28.06,27.82,42.52,1008.44
3776,339.75,28.06,27.81,42.52,1008.44
3777,339.84,28.07,27.79,42.54,1008.45
3778,339.93,28.06,27.82,42.56,1008.45
3779,340.02,28.07,27.82,42.56,1008.45
3780,340.11,28.07,27.83,42.58,1008.45
3781,340.20,28.06,27.83,42.58,1008.46
3782,340.29,28.06,27.85,42.58,1008.46
3783,340.38,28.06,27.85,42.57,1008.46
3784,340.47,28.07,27.86,42.58,1008.46
3785,340.56,28.07,27.85,42.58,1008.46
3786,340.65,28.08,27.84,42.58,1008.45
3787,340.74,28.09,27.85,42.56,1008.46
3788,340.83,28.09,27.84,42.56,1008.45
3789,340.92,28.10,27.84,42.55,1008.44
3790,341.01,28.10,27.85,42.56,1008.44
3791,341.10,28.11,27.87,42.58,1008.44
3792,341.19,28.12,27.87,42.58,1008.43
3793,341.28,28.11,27.88,42.57,1008.43
3794,341.37,28.12,27.87,42.56,1008.41
3795,341.46,28.12,27.88,42.57,1008.39
3796,341.55,28.13,27.88,42.58,1008.40
3797,341.64,28.14,27.87,42.57,1008.39
3798,341.73,28.14,27.88,42.59,1008.38
3799,341.82,28.15,27.90,42.58,1008.38
3800,341.91,28.16,27.89,42.60,1008.39
3801,342.00,28.16,27.92,42.61,1008.39
3802,342.09,28.17,27.89,42.60,1008.38
3803,342.18,28.16,27.88,42.58,1008.37
3804,342.27,28.16,27.89,42.57,1008.35
3805,342.36,28.17,27.89,42.56,1008.35
3806,342.45,28.17,27.87,42.57,1008.34
3807,342.54,28.16,27.88,42.56,1008.33
3808,342.63,28.16,27.86,42.55,1008.33
3809,342.72,28.15,27.85,42.53,1008.32
3810,342.81,28.14,27.84,42.54,1008.33
3811,342.90,28.14,27.83,42.53,1008.33
3812,342.99,28.14,27.85,42.53,1008.32
3813,343.08,28.13,27.85,42.54,1008.33
3814,343.17,28.13,27.84,42.55,1008.33
3815,343.26,28.14,27.85,42.57,1008.33
3816,343.35,28.13,27.86,42.59,1008.33
3817,343.44,28.12,27.85,42.57,1008.33
3818,343.53,28.12,27.84,42.57,1008.33
3819,343.62,28.11,27.86,42.55,1008.33
3820,343.71,28.10,27.85,42.55,1008.34
3821,343.80,28.08,27.85,42.55,1008.34
3822,343.89,28.09,27.85,42.55,1008.34
3823,343.98,28.08,27.84,42.54,1008.35
3824,344.07,28.09,27.83,42.54,1008.35
3825,344.16,28.11,27.83,42.55,1008.36
3826,344.25,28.10,27.81,42.55,1008.35
3827,344.34,28.10,27.82,42.52,1008.35
3828,344.43,28.09,27.82,42.49,1008.36
3829,344.52,28.11,27.80,42.49,1008.37
3830,344.61,28.09,27.77,42.52,1008.38
3831,344.70,28.09,27.78,42.54,1008.40
3832,344.79,28.09,27.79,42.54,1008.40
3833,344.88,28.09,27.80,42.54,1008.41
3834,344.97,28.09,27.79,42.54,1008.42
3835,345.06,28.09,27.77,42.51,1008.42
3836,345.15,28.10,27.78,42.52,1008.42
3837,345.24,28.10,27.75,42.52,1008.42
3838,345.33,28.11,27.75,42.51,1008.44
3839,345.42,28.12,27.74,42.53,1008.44
3840,345.51,28.12,27.77,42.52,1008.45
3841,345.60,28.12,27.79,42.53,1008.47
3842,345.69,28.12,27.80,42.54,1008.46
3843,345.78,28.14,27.80,42.55,1008.45
3844,345.87,28.13,27.80,42.54,1008.44
3845,345.96,28.11,27.80,42.54,1008.44
3846,346.05,28.10,27.77,42.56,1008.45
3847,346.14,28.10,27.79,42.56,1008.45
3848,346.23,28.11,27.77,42.55,1008.44
3849,346.32,28.10,27.77,42.56,1008.43
3850,346.41,28.12,27.76,42.54,1008.42
3851,346.50,28.11,27.77,42.53,1008.42
3852,346.59,28.11,27.77,42.52,1008.41
3853,346.68,28.11,27.76,42.52,1008.39
3854,346.77,28.11,27.75,42.51,1008.39
3855,346.86,28.10,27.76,42.53,1008.39
3856,346.95,28.10,27.77,42.52,1008.39
3857,347.04,28.11,27.77,42.51,1008.38
3858,347.13,28.10,27.78,42.53,1008.36
3859,347.22,28.12,27.81,42.53,1008.35
3860,347.31,28.12,27.81,42.53,1008.34
3861,347.40,28.11,27.81,42.56,1008.33
3862,347.49,28.10,27.81,42.53,1008.35
3863,347.58,28.10,27.80,42.58,1008.33
3864,347.67,28.10,27.80,42.56,1008.33
3865,347.76,28.09,27.80,42.57,1008.33
3866,347.85,28.09,27.80,42.57,1008.32
3867,347.94,28.08,27.81,42.57,1008.32
3868,348.03,28.08,27.81,42.56,1008.32
3869,348.12,28.08,27.84,42.53,1008.30
3870,348.21,28.07,27.83,42.54,1008.30
3871,348.30,28.05,27.86,42.54,1008.29
3872,348.39,28.05,27.88,42.52,1008.30
3873,348.48,28.05,27.88,42.50,1008.30
3874,348.57,28.05,27.89,42.52,1008.29
3875,348.66,28.06,27.88,42.53,1008.29
3876,348.75,28.06,27.89,42.51,1008.32
3877,348.84,28.05,27.89,42.50,1008.33
3878,348.93,28.06,27.89,42.50,1008.34
3879,349.02,28.06,27.90,42.50,1008.33
3880,349.11,28.04,27.88,42.52,1008.35
3881,349.20,28.04,27.89,42.52,1008.36
3882,349.29,28.05,27.90,42.56,1008.37
3883,349.38,28.06,27.90,42.58,1008.37
3884,349.47,28.06,27.89,42.56,1008.37
3885,349.56,28.07,27.88,42.55,1008.39
3886,349.65,28.06,27.88,42.54,1008.39
3887,349.74,28.06,27.87,42.53,1008.39
3888,349.83,28.08,27.86,42.50,1008.39
3889,349.92,28.08,27.88,42.54,1008.40
3890,350.01,28.09,27.85,42.52,1008.39
3891,350.10,28.10,27.87,42.52,1008.41
3892,350.19,28.10,27.85,42.52,1008.42
3893,350.28,28.11,27.84,42.51,1008.42
3894,350.37,28.11,27.84,42.50,1008.41
3895,350.46,28.09,27.83,42.52,1008.41
3896,350.55,28.10,27.84,42.51,1008.41
3897,350.64,28.10,27.84,42.53,1008.41
3898,350.73,28.09,27.84,42.52,1008.40
3899,350.82,28.10,27.86,42.49,1008.41
3900,350.91,28.10,27.86,42.49,1008.41
3901,351.00,28.12,27.86,42.48,1008.39
3902,351.09,28.11,27.85,42.46,1008.41
3903,351.18,28.10,27.85,42.48,1008.39
3904,351.27,28.11,27.85,42.47,1008.38
3905,351.36,28.10,27.87,42.46,1008.37
3906,351.45,28.09,27.86,42.46,1008.36
3907,351.54,28.08,27.87,42.43,1008.37
3908,351.63,28.09,27.86,42.44,1008.35
3909,351.72,28.09,27.85,42.41,1008.36
3910,351.81,28.09,27.87,42.40,1008.37
3911,351.90,28.10,27.87,42.43,1008.37
3912,351.99,28.12,27.88,42.44,1008.38
3913,352.08,28.13,27.88,42.46,1008.36
3914,352.17,28.14,27.88,42.46,1008.35
3915,352.26,28.15,27.86,42.46,1008.33
3916,352.35,28.16,27.85,42.47,1008.32
3917,352.44,28.14,27.80,42.49,1008.31
3918,352.53,28.13,27.80,42.49,1008.30
3919,352.62,28.14,27.81,42.49,1008.30
3920,352.71,28.15,27.80,42.47,1008.30
3921,352.80,28.14,27.79,42.46,1008.30
3922,352.89,28.13,27.81,42.47,1008.31
3923,352.98,28.14,27.80,42.45,1008.29
3924,353.07,28.16,27.80,42.45,1008.28
3925,353.16,28.15,27.79,42.46,1008.29
3926,353.25,28.15,27.78,42.46,1008.29
3927,353.34,28.14,27.78,42.48,1008.28
3928,353.43,28.13,27.77,42.51,1008.30
3929,353.52,28.13,27.78,42.52,1008.31
3930,353.61,28.13,27.79,42.50,1008.32
3931,353.70,28.12,27.77,42.51,1008.32
3932,353.79,28.12,27.77,42.53,1008.32
3933,353.88,28.12,27.77,42.51,1008.33
3934,353.97,28.11,27.78,42.52,1008.33
3935,354.06,28.08,27.78,42.52,1008.32
3936,354.15,28.08,27.76,42.55,1008.32
3937,354.24,28.07,27.76,42.55,1008.31
3938,354.33,28.07,27.76,42.55,1008.32
3939,354.42,28.07,27.79,42.56,1008.31
3940,354.51,28.06,27.78,42.56,1008.31
3941,354.60,28.06,27.79,42.56,1008.31
3942,354.69,28.08,27.81,42.55,1008.32
3943,354.78,28.07,27.82,42.53,1008.31
3944,354.87,28.06,27.84,42.53,1008.32
3945,354.96,28.06,27.83,42.52,1008.33
3946,355.05,28.05,27.83,42.51,1008.33
3947,355.14,28.05,27.85,42.50,1008.34
3948,355.23,28.05,27.83,42.49,1008.36
3949,355.32,28.04,27.82,42.48,1008.37
3950,355.41,28.05,27.84,42.47,1008.39
3951,355.50,28.03,27.84,42.47,1008.39
3952,355.59,28.04,27.86,42.46,1008.38
3953,355.68,28.06,27.88,42.44,1008.39
3954,355.77,28.06,27.91,42.45,1008.40
3955,355.86,28.05,27.90,42.46,1008.39
3956,355.95,28.04,27.89,42.47,1008.39
3957,356.04,28.06,27.89,42.49,1008.40
3958,356.13,28.05,27.89,42.50,1008.40
3959,356.22,28.05,27.90,42.49,1008.40
3960,356.31,28.06,27.88,42.45,1008.40
3961,356.40,28.07,27.91,42.44,1008.40
3962,356.49,28.06,27.90,42.45,1008.40
3963,356.58,28.08,27.88,42.45,1008.39
3964,356.67,28.08,27.87,42.45,1008.39
3965,356.76,28.07,27.87,42.46,1008.39
3966,356.85,28.07,27.86,42.46,1008.38
3967,356.94,28.06,27.85,42.47,1008.38
3968,357.03,28.06,27.84,42.46,1008.38
3969,357.12,28.06,27.85,42.46,1008.38
3970,357.21,28.06,27.84,42.43,1008.39
3971,357.30,28.06,27.86,42.44,1008.38
3972,357.39,28.06,27.87,42.43,1008.37
3973,357.48,28.05,27.87,42.45,1008.37
3974,357.57,28.06,27.87,42.46,1008.35
3975,357.66,28.06,27.87,42.47,1008.33
3976,357.75,28.06,27.88,42.47,1008.31
3977,357.84,28.05,27.88,42.44,1008.31
3978,357.93,28.05,27.87,42.45,1008.30
3979,358.02,28.06,27.87,42.47,1008.30
3980,358.11,28.06,27.88,42.46,1008.28
3981,358.20,28.06,27.89,42.47,1008.28
3982,358.29,28.07,27.90,42.48,1008.28
3983,358.38,28.07,27.89,42.49,1008.29
3984,358.47,28.07,27.88,42.51,1008.29
3985,358.56,28.07,27.90,42.51,1008.29
3986,358.65,28.07,27.89,42.53,1008.30
3987,358.74,28.07,27.87,42.53,1008.28
3988,358.83,28.06,27.85,42.54,1008.28
3989,358.92,28.06,27.85,42.56,1008.28
3990,359.01,28.07,27.83,42.54,1008.29
3991,359.10,28.08,27.84,42.55,1008.29
3992,359.19,28.07,27.82,42.57,1008.30
3993,359.28,28.08,27.83,42.57,1008.31
3994,359.37,28.10,27.82,42.57,1008.32
3995,359.46,28.11,27.81,42.58,1008.32
3996,359.55,28.08,27.81,42.56,1008.32
3997,359.64,28.09,27.83,42.56,1008.33
3998,359.73,28.08,27.82,42.55,1008.32
3999,359.82,28.08,27.82,42.55,1008.33
4000,359.91,28.08,27.83,42.54,1008.34
4001,360.00,28.09,27.84,42.54,1008.35
4002,360.09,28.11,27.85,42.56,1008.36
4003,360.18,28.12,27.82,42.59,1008.36
4004,360.27,28.14,27.81,42.61,1008.36
4005,360.36,28.14,27.81,42.62,1008.38
4006,360.45,28.14,27.81,42.65,1008.37
4007,360.54,28.13,27.81,42.66,1008.38
4008,360.63,28.13,27.80,42.61,1008.40
4009,360.72,28.12,27.79,42.63,1008.40
4010,360.81,28.13,27.78,42.63,1008.40
4011,360.90,28.14,27.79,42.63,1008.40
4012,360.99,28.15,27.79,42.64,1008.41
4013,361.08,28.16,27.79,42.63,1008.40
4014,361.17,28.15,27.79,42.64,1008.40
4015,361.26,28.14,27.78,42.63,1008.42
4016,361.35,28.14,27.74,42.61,1008.42
4017,361.44,28.12,27.74,42.61,1008.42
4018,361.53,28.11,27.74,42.61,1008.42
4019,361.62,28.11,27.73,42.60,1008.42
4020,361.71,28.12,27.71,42.62,1008.42
4021,361.80,28.11,27.73,42.59,1008.42
4022,361.89,28.11,27.73,42.58,1008.41
4023,361.98,28.11,27.74,42.56,1008.41
4024,362.07,28.13,27.75,42.56,1008.41
4025,362.16,28.12,27.77,42.58,1008.41
4026,362.25,28.10,27.79,42.59,1008.41
4027,362.34,28.11,27.79,42.57,1008.39
4028,362.43,28.12,27.78,42.55,1008.39
4029,362.52,28.11,27.80,42.56,1008.38
4030,362.61,28.11,27.80,42.54,1008.37
4031,362.70,28.11,27.81,42.53,1008.36
4032,362.79,28.10,27.82,42.55,1008.35
4033,362.88,28.08,27.83,42.58,1008.35
4034,362.97,28.09,27.84,42.56,1008.33
4035,363.06,28.09,27.82,42.59,1008.33
4036,363.15,28.09,27.83,42.59,1008.32
4037,363.24,28.10,27.81,42.58,1008.33
4038,363.33,28.11,27.80,42.58,1008.33
4039,363.42,28.11,27.80,42.54,1008.34
4040,363.51,28.12,27.79,42.55,1008.33
4041,363.60,28.12,27.79,42.58,1008.33
4042,363.69,28.12,27.78,42.59,1008.32
4043,363.78,28.13,27.79,42.59,1008.31
4044,363.87,28.14,27.80,42.58,1008.32
4045,363.96,28.15,27.81,42.58,1008.31
4046,364.05,28.17,27.80,42.58,1008.31
4047,364.14,28.18,27.79,42.60,1008.31
4048,364.23,28.18,27.81,42.63,1008.30
4049,364.32,28.20,27.84,42.64,1008.29
4050,364.41,28.21,27.83,42.66,1008.31
4051,364.50,28.22,27.85,42.65,1008.31
4052,364.59,28.23,27.86,42.66,1008.31
4053,364.68,28.23,27.86,42.68,1008.32
4054,364.77,28.21,27.86,42.68,1008.31
4055,364.86,28.20,27.85,42.67,1008.32
4056,364.95,28.19,27.86,42.66,1008.32
4057,365.04,28.18,27.89,42.65,1008.34
4058,365.13,28.15,27.89,42.65,1008.35
4059,365.22,28.12,27.88,42.63,1008.36
4060,365.31,28.09,27.86,42.64,1008.37
4061,365.40,28.08,27.85,42.66,1008.37
4062,365.49,28.06,27.85,42.66,1008.38
4063,365.58,28.06,27.87,42.65,1008.38
4064,365.67,28.05,27.87,42.64,1008.38
4065,365.76,28.04,27.87,42.65,1008.39
4066,365.85,28.05,27.88,42.65,1008.41
4067,365.94,28.04,27.89,42.65,1008.42
4068,366.03,28.03,27.87,42.64,1008.42
4069,366.12,28.03,27.88,42.60,1008.42
4070,366.21,28.04,27.86,42.62,1008.43
4071,366.30,28.03,27.87,42.66,1008.43
4072,366.39,28.03,27.86,42.65,1008.44
4073,366.48,28.03,27.87,42.67,1008.45
4074,366.57,28.03,27.88,42.67,1008.45
4075,366.66,28.03,27.90,42.64,1008.45
4076,366.75,28.03,27.89,42.63,1008.45
4077,366.84,28.03,27.87,42.63,1008.43
4078,366.93,28.03,27.89,42.65,1008.44
4079,367.02,28.03,27.87,42.66,1008.43
4080,367.11,28.04,27.88,42.65,1008.44
4081,367.20,28.03,27.86,42.64,1008.42
4082,367.29,28.04,27.87,42.62,1008.42
4083,367.38,28.05,27.86,42.60,1008.42
4084,367.47,28.04,27.86,42.59,1008.42
4085,367.56,28.03,27.85,42.58,1008.41
4086,367.65,28.04,27.84,42.60,1008.39
4087,367.74,28.04,27.83,42.61,1008.38
4088,367.83,28.05,27.80,42.63,1008.37
4089,367.92,28.03,27.80,42.63,1008.38
4090,368.01,28.03,27.79,42.63,1008.37
4091,368.10,28.05,27.79,42.63,1008.37
4092,368.19,28.04,27.79,42.59,1008.37
4093,368.28,28.03,27.81,42.58,1008.36
4094,368.37,28.03,27.80,42.58,1008.36
4095,368.46,28.03,27.80,42.60,1008.35
4096,368.55,28.03,27.82,42.59,1008.35
4097,368.64,28.03,27.82,42.59,1008.34
4098,368.73,28.03,27.80,42.61,1008.33
4099,368.82,28.03,27.78,42.61,1008.32
4100,368.91,28.03,27.78,42.60,1008.30
4101,369.00,28.03,27.78,42.59,1008.31
4102,369.09,28.03,27.80,42.61,1008.31
4103,369.18,28.03,27.79,42.59,1008.31
4104,369.27,28.03,27.77,42.62,1008.32
4105,369.36,28.03,27.79,42.62,1008.32
4106,369.45,28.03,27.80,42.60,1008.35
4107,369.54,28.03,27.80,42.62,1008.35
4108,369.63,28.03,27.81,42.65,1008.35
4109,369.72,28.04,27.81,42.65,1008.35
4110,369.81,28.06,27.81,42.68,1008.36
4111,369.90,28.05,27.80,42.71,1008.36
4112,369.99,28.05,27.79,42.74,1008.37
4113,370.08,28.05,27.77,42.71,1008.36
4114,370.17,28.06,27.79,42.72,1008.37
4115,370.26,28.08,27.77,42.70,1008.37
4116,370.35,28.09,27.78,42.70,1008.39
4117,370.44,28.10,27.79,42.71,1008.40
4118,370.53,28.09,27.80,42.71,1008.42
4119,370.62,28.10,27.81,42.70,1008.43
4120,370.71,28.11,27.81,42.68,1008.43
4121,370.80,28.10,27.81,42.67,1008.43
4122,370.89,28.11,27.81,42.67,1008.43
4123,370.98,28.11,27.83,42.67,1008.44
4124,371.07,28.13,27.82,42.67,1008.44
4125,371.16,28.15,27.81,42.70,1008.45
4126,371.25,28.15,27.83,42.71,1008.45
4127,371.34,28.13,27.84,42.73,1008.46
4128,371.43,28.12,27.88,42.72,1008.46
4129,371.52,28.10,27.87,42.69,1008.46
4130,371.61,28.09,27.85,42.68,1008.47
4131,371.70,28.10,27.85,42.71,1008.48
4132,371.79,28.10,27.86,42.70,1008.48
4133,371.88,28.11,27.87,42.68,1008.46
4134,371.97,28.11,27.88,42.67,1008.45
4135,372.06,28.10,27.87,42.64,1008.46
4136,372.15,28.10,27.87,42.64,1008.45
4137,372.24,28.10,27.87,42.63,1008.43
4138,372.33,28.09,27.87,42.61,1008.42
4139,372.42,28.10,27.87,42.63,1008.41
4140,372.51,28.10,27.88,42.61,1008.41
4141,372.60,28.12,27.88,42.60,1008.41
4142,372.69,28.10,27.87,42.59,1008.40
4143,372.78,28.11,27.87,42.59,1008.39
4144,372.87,28.10,27.87,42.58,1008.39
4145,372.96,28.10,27.91,42.61,1008.38
4146,373.05,28.09,27.90,42.61,1008.37
4147,373.14,28.09,27.91,42.59,1008.36
4148,373.23,28.09,27.92,42.57,1008.34
4149,373.32,28.07,27.92,42.58,1008.34
4150,373.41,28.04,27.90,42.62,1008.32
4151,373.50,28.04,27.91,42.63,1008.33
4152,373.59,28.03,27.89,42.62,1008.32
4153,373.68,28.03,27.90,42.62,1008.31
4154,373.77,28.04,27.90,42.61,1008.32
4155,373.86,28.03,27.89,42.59,1008.32
4156,373.95,28.05,27.89,42.57,1008.32
4157,374.04,28.06,27.88,42.59,1008.31
4158,374.13,28.06,27.89,42.59,1008.30
4159,374.22,28.05,27.88,42.59,1008.31
4160,374.31,28.04,27.87,42.57,1008.32
4161,374.40,28.03,27.84,42.57,1008.33
4162,374.49,28.03,27.86,42.58,1008.33
4163,374.58,28.03,27.85,42.59,1008.33
4164,374.67,28.03,27.84,42.61,1008.32
4165,374.76,28.04,27.85,42.59,1008.33
4166,374.85,28.05,27.86,42.58,1008.35
4167,374.94,28.05,27.85,42.58,1008.36
4168,375.03,28.04,27.84,42.59,1008.36
4169,375.12,28.04,27.84,42.61,1008.36
4170,375.21,28.05,27.85,42.59,1008.35
4171,375.30,28.06,27.84,42.58,1008.36
4172,375.39,28.06,27.83,42.59,1008.37
4173,375.48,28.05,27.81,42.62,1008.37
4174,375.57,28.05,27.82,42.62,1008.37
4175,375.66,28.05,27.83,42.61,1008.37
4176,375.75,28.05,27.83,42.59,1008.38
4177,375.84,28.04,27.83,42.58,1008.39
4178,375.93,28.04,27.83,42.57,1008.38
4179,376.02,28.04,27.83,42.57,1008.38
4180,376.11,28.05,27.81,42.58,1008.40
4181,376.20,28.06,27.81,42.60,1008.41
4182,376.29,28.07,27.80,42.61,1008.40
4183,376.38,28.07,27.78,42.60,1008.41
4184,376.47,28.07,27.78,42.61,1008.40
4185,376.56,28.06,27.78,42.59,1008.40
4186,376.65,28.06,27.79,42.60,1008.41
4187,376.74,28.06,27.77,42.58,1008.41
4188,376.83,28.06,27.77,42.58,1008.41
4189,376.92,28.06,27.78,42.56,1008.40
4190,377.01,28.06,27.77,42.56,1008.41
4191,377.10,28.05,27.77,42.57,1008.40
4192,377.19,28.06,27.78,42.55,1008.40
4193,377.28,28.07,27.79,42.54,1008.39
4194,377.37,28.07,27.76,42.55,1008.40
4195,377.46,28.07,27.74,42.57,1008.41
4196,377.55,28.06,27.75,42.57,1008.40
4197,377.64,28.08,27.76,42.60,1008.40
4198,377.73,28.08,27.76,42.58,1008.41
4199,377.82,28.09,27.76,42.61,1008.40
4200,377.91,28.10,27.77,42.60,1008.40
4201,378.00,28.09,27.77,42.63,1008.38
4202,378.09,28.11,27.78,42.65,1008.37
4203,378.18,28.12,27.78,42.65,1008.37
4204,378.27,28.11,27.78,42.67,1008.36
4205,378.36,28.10,27.77,42.67,1008.36
4206,378.45,28.11,27.78,42.66,1008.35
4207,378.54,28.10,27.80,42.63,1008.35
4208,378.63,28.11,27.80,42.63,1008.35
4209,378.72,28.11,27.82,42.66,1008.35
4210,378.81,28.11,27.83,42.66,1008.34
4211,378.90,28.11,27.84,42.62,1008.34
4212,378.99,28.11,27.82,42.64,1008.33
4213,379.08,28.10,27.81,42.67,1008.33
4214,379.17,28.10,27.81,42.68,1008.32
4215,379.26,28.08,27.81,42.69,1008.32
4216,379.35,28.08,27.82,42.70,1008.30
4217,379.44,28.11,27.82,42.68,1008.31
4218,379.53,28.09,27.82,42.70,1008.31
4219,379.62,28.11,27.84,42.70,1008.30
4220,379.71,28.11,27.84,42.71,1008.30
4221,379.80,28.10,27.87,42.70,1008.30
4222,379.89,28.12,27.87,42.71,1008.30
4223,379.98,28.12,27.89,42.72,1008.29
4224,380.07,28.12,27.91,42.71,1008.29
4225,380.16,28.11,27.91,42.69,1008.29
4226,380.25,28.11,27.89,42.70,1008.30
4227,380.34,28.12,27.90,42.67,1008.31
4228,380.43,28.13,27.90,42.69,1008.30
4229,380.52,28.13,27.89,42.69,1008.30
4230,380.61,28.12,27.87,42.68,1008.32
4231,380.70,28.12,27.87,42.70,1008.33
4232,380.79,28.11,27.86,42.70,1008.33
4233,380.88,28.12,27.85,42.66,1008.34
4234,380.97,28.12,27.84,42.66,1008.35
4235,381.06,28.12,27.86,42.66,1008.35
4236,381.15,28.11,27.85,42.67,1008.35
4237,381.24,28.10,27.85,42.66,1008.35
4238,381.33,28.10,27.86,42.65,1008.36
4239,381.42,28.08,27.86,42.65,1008.37
4240,381.51,28.07,27.85,42.63,1008.37
4241,381.60,28.09,27.85,42.64,1008.38
4242,381.69,28.07,27.86,42.64,1008.39
4243,381.78,28.06,27.98,42.65,1008.40
4244,381.87,28.06,27.90,42.65,1008.39
4245,381.96,28.06,27.96,42.68,1008.38
4246,382.05,28.06,27.93,42.67,1008.38
4247,382.14,28.05,27.94,42.70,1008.38
4248,382.23,28.06,27.95,42.66,1008.38
4249,382.32,28.06,27.95,42.67,1008.39
4250,382.41,28.07,27.94,42.65,1008.39
4251,382.50,28.07,27.96,42.65,1008.39
4252,382.59,28.06,27.95,42.63,1008.39
4253,382.68,28.06,27.94,42.65,1008.39
4254,382.77,28.06,27.94,42.66,1008.39
4255,382.86,28.07,27.93,42.66,1008.39
4256,382.95,28.08,27.92,42.67,1008.38
4257,383.04,28.08,27.91,42.68,1008.36
4258,383.13,28.08,27.91,42.67,1008.35
4259,383.22,28.08,27.89,42.66,1008.35
4260,383.31,28.07,27.90,42.68,1008.34
4261,383.40,28.06,27.90,42.69,1008.35
4262,383.49,28.08,27.88,42.73,1008.33
4263,383.58,28.07,27.86,42.73,1008.33
4264,383.67,28.07,27.85,42.74,1008.33
4265,383.76,28.07,27.85,42.72,1008.34
4266,383.85,28.07,27.85,42.73,1008.35
4267,383.94,28.07,27.84,42.72,1008.33
4268,384.03,28.06,27.84,42.74,1008.32
4269,384.12,28.05,27.81,42.73,1008.33
4270,384.21,28.07,27.80,42.75,1008.31
4271,384.30,28.07,27.79,42.76,1008.32
4272,384.39,28.06,27.78,42.76,1008.31
4273,384.48,28.06,27.78,42.73,1008.31
4274,384.57,28.06,27.76,42.74,1008.29
4275,384.66,28.05,27.74,42.75,1008.29
4276,384.75,28.07,27.76,42.75,1008.28
4277,384.84,28.06,27.77,42.77,1008.28
4278,384.93,28.06,27.77,42.76,1008.30
4279,385.02,28.06,27.77,42.75,1008.31
4280,385.11,28.07,27.78,42.72,1008.33
4281,385.20,28.05,27.77,42.71,1008.32
4282,385.29,28.04,27.77,42.70,1008.32
4283,385.38,28.03,27.77,42.70,1008.32
4284,385.47,28.05,27.77,42.68,1008.32
4285,385.56,28.08,27.78,42.68,1008.32
4286,385.65,28.09,27.74,42.68,1008.33
4287,385.74,28.11,27.76,42.69,1008.34
4288,385.83,28.12,27.75,42.69,1008.34
4289,385.92,28.11,27.75,42.71,1008.34
4290,386.01,28.11,27.75,42.71,1008.35
4291,386.10,28.12,27.77,42.71,1008.34
4292,386.19,28.11,27.76,42.69,1008.35
4293,386.28,28.11,27.77,42.68,1008.35
4294,386.37,28.13,27.78,42.66,1008.36
4295,386.46,28.12,27.79,42.66,1008.37
4296,386.55,28.12,27.80,42.67,1008.36
4297,386.64,28.11,27.81,42.69,1008.36
4298,386.73,28.10,27.80,42.71,1008.36
4299,386.82,28.10,27.81,42.69,1008.36
4300,386.91,28.10,27.82,42.71,1008.37
4301,387.00,28.11,27.82,42.70,1008.37
4302,387.09,28.12,27.81,42.69,1008.36
4303,387.18,28.12,27.81,42.68,1008.37
4304,387.27,28.13,27.79,42.68,1008.36
4305,387.36,28.12,27.80,42.65,1008.38
4306,387.45,28.13,27.80,42.65,1008.38
4307,387.54,28.13,27.81,42.64,1008.39
4308,387.63,28.12,27.82,42.65,1008.40
4309,387.72,28.12,27.83,42.63,1008.39
4310,387.81,28.11,27.83,42.64,1008.39
4311,387.90,28.11,27.83,42.67,1008.39
4312,387.99,28.11,27.85,42.69,1008.37
4313,388.08,28.11,27.85,42.69,1008.37
4314,388.17,28.12,27.84,42.71,1008.36
4315,388.26,28.13,27.83,42.71,1008.36
4316,388.35,28.12,27.84,42.70,1008.36
4317,388.44,28.12,27.83,42.67,1008.36
4318,388.53,28.12,27.84,42.69,1008.36
4319,388.62,28.13,27.85,42.69,1008.36
4320,388.71,28.13,27.82,42.68,1008.34
4321,388.80,28.12,27.81,42.68,1008.34
4322,388.89,28.11,27.82,42.67,1008.34
4323,388.98,28.12,27.82,42.65,1008.32
4324,389.07,28.12,27.85,42.65,1008.31
4325,389.16,28.11,27.86,42.64,1008.32
4326,389.25,28.11,27.86,42.66,1008.30
4327,389.34,28.09,27.84,42.67,1008.30
4328,389.43,28.10,27.84,42.66,1008.30
4329,389.52,28.09,27.85,42.67,1008.30
4330,389.61,28.09,27.85,42.70,1008.31
4331,389.70,28.11,27.85,42.71,1008.32
4332,389.79,28.11,27.88,42.69,1008.34
4333,389.88,28.11,27.87,42.68,1008.33
4334,389.97,28.10,27.86,42.68,1008.33
4335,390.06,28.09,27.86,42.67,1008.32
4336,390.15,28.09,27.86,42.66,1008.32
4337,390.24,28.08,27.87,42.68,1008.32
4338,390.33,28.06,27.86,42.69,1008.33
4339,390.42,28.07,27.88,42.71,1008.32
4340,390.51,28.08,27.89,42.68,1008.32
4341,390.60,28.09,27.89,42.69,1008.32
4342,390.69,28.08,27.87,42.69,1008.32
4343,390.78,28.07,27.89,42.70,1008.32
4344,390.87,28.06,27.88,42.73,1008.32
4345,390.96,28.06,27.89,42.71,1008.32
4346,391.05,28.05,27.89,42.73,1008.33
4347,391.14,28.05,27.90,42.73,1008.33
4348,391.23,28.04,27.89,42.73,1008.36
4349,391.32,28.04,27.88,42.75,1008.36
4350,391.41,28.05,27.88,42.75,1008.35
4351,391.50,28.04,27.88,42.73,1008.36
4352,391.59,28.04,27.87,42.72,1008.37
4353,391.68,28.04,27.84,42.72,1008.38
4354,391.77,28.05,27.83,42.73,1008.38
4355,391.86,28.05,27.82,42.76,1008.38
4356,391.95,28.06,27.82,42.74,1008.40
4357,392.04,28.05,27.84,42.72,1008.39
4358,392.13,28.05,27.85,42.74,1008.39
4359,392.22,28.06,27.84,42.75,1008.41
4360,392.31,28.06,27.85,42.74,1008.40
4361,392.40,28.07,27.83,42.77,1008.40
4362,392.49,28.07,27.80,42.78,1008.39
4363,392.58,28.07,27.77,42.79,1008.39
4364,392.67,28.06,27.78,42.80,1008.40
4365,392.76,28.08,27.75,42.79,1008.38
4366,392.85,28.06,27.75,42.79,1008.39
4367,392.94,28.06,27.75,42.81,1008.39
4368,393.03,28.07,27.74,42.82,1008.38
4369,393.12,28.08,27.75,42.83,1008.38
4370,393.21,28.09,27.77,42.84,1008.38
4371,393.30,28.06,27.78,42.86,1008.37
4372,393.39,28.05,27.77,42.84,1008.36
4373,393.48,28.07,27.76,42.86,1008.36
4374,393.57,28.08,27.77,42.84,1008.35
4375,393.66,28.07,27.75,42.87,1008.36
4376,393.75,28.06,27.76,42.90,1008.36
4377,393.84,28.07,27.76,42.89,1008.35
4378,393.93,28.07,27.75,42.90,1008.34
4379,394.02,28.06,27.76,42.89,1008.33
4380,394.11,28.05,27.77,42.91,1008.35
4381,394.20,28.05,27.77,42.90,1008.35
4382,394.29,28.07,27.77,42.90,1008.35
4383,394.38,28.07,27.76,42.91,1008.34
4384,394.47,28.08,27.78,42.91,1008.35
4385,394.56,28.08,27.78,42.91,1008.35
4386,394.65,28.07,27.77,42.89,1008.34
4387,394.74,28.08,27.79,42.89,1008.34
4388,394.83,28.08,27.79,42.90,1008.34
4389,394.92,28.09,27.79,42.91,1008.35
4390,395.01,28.09,27.79,42.90,1008.35
4391,395.10,28.10,27.81,42.90,1008.35
4392,395.19,28.10,27.82,42.89,1008.36
4393,395.28,28.11,27.81,42.89,1008.35
4394,395.37,28.11,27.81,42.86,1008.35
4395,395.46,28.10,27.82,42.86,1008.35
4396,395.55,28.11,27.83,42.86,1008.35
4397,395.64,28.11,27.84,42.89,1008.34
4398,395.73,28.12,27.83,42.90,1008.34
4399,395.82,28.12,27.80,42.89,1008.35
4400,395.91,28.12,27.79,42.89,1008.35
4401,396.00,28.14,27.80,42.88,1008.36
4402,396.09,28.15,27.80,42.87,1008.37
4403,396.18,28.15,27.82,42.88,1008.37
4404,396.27,28.14,27.82,42.88,1008.38
4405,396.36,28.13,27.81,42.86,1008.38
4406,396.45,28.13,27.78,42.88,1008.39
4407,396.54,28.13,27.80,42.89,1008.38
4408,396.63,28.14,27.80,42.89,1008.38
4409,396.72,28.13,27.81,42.92,1008.38
4410,396.81,28.14,27.84,42.91,1008.38
4411,396.90,28.15,27.85,42.90,1008.39
4412,396.99,28.16,27.86,42.88,1008.40
4413,397.08,28.14,27.86,42.90,1008.41
4414,397.17,28.15,27.88,42.88,1008.41
4415,397.26,28.16,27.87,42.87,1008.40
4416,397.35,28.17,27.86,42.88,1008.40
4417,397.44,28.16,27.87,42.87,1008.40
4418,397.53,28.16,27.84,42.86,1008.39
4419,397.62,28.15,27.86,42.86,1008.40
4420,397.71,28.15,27.87,42.89,1008.40
4421,397.80,28.13,27.84,42.89,1008.39
4422,397.89,28.12,27.84,42.88,1008.40
4423,397.98,28.10,27.84,42.87,1008.40
4424,398.07,28.11,27.82,42.85,1008.41
4425,398.16,28.09,27.84,42.83,1008.42
4426,398.25,28.10,27.85,42.82,1008.42
4427,398.34,28.11,27.84,42.82,1008.41
4428,398.43,28.10,27.83,42.80,1008.41
4429,398.52,28.11,27.81,42.78,1008.42
4430,398.61,28.10,27.81,42.80,1008.42
4431,398.70,28.10,27.81,42.80,1008.42
4432,398.79,28.09,27.80,42.84,1008.41
4433,398.88,28.08,27.81,42.83,1008.41
4434,398.97,28.09,27.81,42.84,1008.41
4435,399.06,28.06,27.83,42.82,1008.41
4436,399.15,28.06,27.84,42.82,1008.40
4437,399.24,28.06,27.84,42.84,1008.39
4438,399.33,28.05,27.85,42.83,1008.40
4439,399.42,28.05,27.84,42.85,1008.42
4440,399.51,28.06,27.85,42.83,1008.40
4441,399.60,28.06,27.82,42.85,1008.38
4442,399.69,28.05,27.83,42.85,1008.37
4443,399.78,28.07,27.83,42.86,1008.37
4444,399.87,28.07,27.83,42.87,1008.36
4445,399.96,28.08,27.82,42.86,1008.35
4446,400.05,28.06,27.82,42.86,1008.35
4447,400.14,28.07,27.82,42.86,1008.37
4448,400.23,28.05,27.81,42.85,1008.36
4449,400.32,28.07,27.79,42.85,1008.36
4450,400.41,28.08,27.82,42.83,1008.34
4451,400.50,28.07,27.83,42.83,1008.33
4452,400.59,28.05,27.82,42.82,1008.32
4453,400.68,28.06,27.81,42.84,1008.32
4454,400.77,28.07,27.81,42.82,1008.32
4455,400.86,28.06,27.80,42.78,1008.33
4456,400.95,28.06,27.81,42.76,1008.32
4457,401.04,28.04,27.82,42.77,1008.34
4458,401.13,28.04,27.83,42.75,1008.35
4459,401.22,28.05,27.83,42.76,1008.35
4460,401.31,28.04,27.81,42.74,1008.36
4461,401.40,28.04,27.82,42.74,1008.36
4462,401.49,28.04,27.82,42.75,1008.35
4463,401.58,28.04,27.81,42.76,1008.36
4464,401.67,28.04,27.80,42.79,1008.37
4465,401.76,28.04,27.81,42.81,1008.38
4466,401.85,28.04,27.80,42.84,1008.38
4467,401.94,28.04,27.79,42.87,1008.38
4468,402.03,28.04,27.79,42.86,1008.39
4469,402.12,28.04,27.77,42.87,1008.38
4470,402.21,28.04,27.76,42.86,1008.38
4471,402.30,28.06,27.78,42.87,1008.38
4472,402.39,28.06,27.78,42.87,1008.39
4473,402.48,28.06,27.81,42.85,1008.41
4474,402.57,28.07,27.81,42.86,1008.41
4475,402.66,28.07,27.82,42.88,1008.40
4476,402.75,28.07,27.84,42.90,1008.41
4477,402.84,28.08,27.84,42.85,1008.42
4478,402.93,28.08,27.84,42.85,1008.41
4479,403.02,28.08,27.82,42.84,1008.40
4480,403.11,28.09,27.82,42.87,1008.39
4481,403.20,28.10,27.85,42.87,1008.41
4482,403.29,28.11,27.86,42.87,1008.41
4483,403.38,28.11,27.90,42.88,1008.42
4484,403.47,28.11,27.91,42.88,1008.42
4485,403.56,28.11,27.92,42.88,1008.42
4486,403.65,28.12,27.93,42.85,1008.42
4487,403.74,28.11,27.94,42.84,1008.43
4488,403.83,28.09,27.95,42.83,1008.40
4489,403.92,28.10,27.96,42.82,1008.39
4490,404.01,28.12,27.95,42.82,1008.38
4491,404.10,28.12,27.98,42.82,1008.38
4492,404.19,28.11,27.96,42.81,1008.38
4493,404.28,28.09,27.96,42.81,1008.38
4494,404.37,28.09,27.96,42.83,1008.36
4495,404.46,28.11,27.97,42.83,1008.36
4496,404.55,28.12,27.97,42.80,1008.34
4497,404.64,28.12,27.97,42.83,1008.36
4498,404.73,28.12,27.96,42.81,1008.35
4499,404.82,28.12,27.95,42.79,1008.35
4500,404.91,28.12,27.94,42.80,1008.35
4501,405.00,28.13,27.95,42.80,1008.34
4502,405.09,28.12,27.93,42.79,1008.33
4503,405.18,28.12,27.93,42.81,1008.34
4504,405.27,28.12,27.92,42.82,1008.34
4505,405.36,28.13,27.92,42.82,1008.33
4506,405.45,28.12,27.94,42.82,1008.33
4507,405.54,28.12,27.93,42.84,1008.33
4508,405.63,28.11,27.93,42.84,1008.32
4509,405.72,28.12,27.92,42.86,1008.32
4510,405.81,28.13,27.92,42.85,1008.33
4511,405.90,28.12,27.91,42.82,1008.32
4512,405.99,28.12,27.91,42.83,1008.31
4513,406.08,28.11,27.91,42.86,1008.32
4514,406.17,28.09,27.91,42.84,1008.33
4515,406.26,28.08,27.89,42.86,1008.32
4516,406.35,28.08,27.89,42.87,1008.33
4517,406.44,28.08,27.87,42.88,1008.33
4518,406.53,28.06,27.87,42.89,1008.35
4519,406.62,28.06,27.87,42.87,1008.35
4520,406.71,28.06,27.86,42.90,1008.36
4521,406.80,28.04,27.86,42.91,1008.35
4522,406.89,28.04,27.84,42.90,1008.37
4523,406.98,28.04,27.85,42.89,1008.37
4524,407.07,28.04,27.85,42.89,1008.37
4525,407.16,28.04,27.84,42.90,1008.37
4526,407.25,28.04,27.84,42.88,1008.37
4527,407.34,28.04,27.84,42.89,1008.38
4528,407.43,28.04,27.83,42.88,1008.40
4529,407.52,28.05,27.83,42.87,1008.39
4530,407.61,28.04,27.82,42.85,1008.39
4531,407.70,28.05,27.81,42.86,1008.40
4532,407.79,28.04,27.82,42.86,1008.40
4533,407.88,28.05,27.82,42.88,1008.40
4534,407.97,28.04,27.81,42.88,1008.42
4535,408.06,28.04,27.81,42.86,1008.41
4536,408.15,28.05,27.80,42.86,1008.40
4537,408.24,28.04,27.80,42.87,1008.39
4538,408.33,28.04,27.78,42.87,1008.40
4539,408.42,28.04,27.77,42.90,1008.40
4540,408.51,28.04,27.76,42.91,1008.40
4541,408.60,28.04,27.77,42.91,1008.41
4542,408.69,28.04,27.77,42.90,1008.40
4543,408.78,28.04,27.76,42.89,1008.39
4544,408.87,28.04,27.77,42.87,1008.38
4545,408.96,28.04,27.76,42.89,1008.39
4546,409.05,28.04,27.79,42.88,1008.37
4547,409.14,28.05,27.78,42.88,1008.38
4548,409.23,28.05,27.78,42.87,1008.37
4549,409.32,28.05,27.79,42.87,1008.38
4550,409.41,28.05,27.81,42.84,1008.38
4551,409.50,28.04,27.82,42.87,1008.37
4552,409.59,28.04,27.81,42.89,1008.36
4553,409.68,28.04,27.82,42.90,1008.36
4554,409.77,28.04,27.84,42.92,1008.34
4555,409.86,28.04,27.84,42.93,1008.34
4556,409.95,28.04,27.83,42.94,1008.35
4557,410.04,28.04,27.84,42.92,1008.35
4558,410.13,28.04,27.83,42.95,1008.35
4559,410.22,28.04,27.82,42.94,1008.35
4560,410.31,28.04,27.81,42.93,1008.35
4561,410.40,28.04,27.80,42.91,1008.34
4562,410.49,28.04,27.77,42.90,1008.33
4563,410.58,28.04,27.79,42.90,1008.31
4564,410.67,28.04,27.80,42.91,1008.31
4565,410.76,28.04,27.81,42.93,1008.31
4566,410.85,28.04,27.82,42.90,1008.29
4567,410.94,28.04,27.82,42.87,1008.29
4568,411.03,28.04,27.82,42.87,1008.29
4569,411.12,28.04,27.83,42.88,1008.30
4570,411.21,28.05,27.82,42.89,1008.30
4571,411.30,28.06,27.82,42.88,1008.31
4572,411.39,28.07,27.82,42.85,1008.33
4573,411.48,28.06,27.82,42.87,1008.32
4574,411.57,28.06,27.81,42.90,1008.33
4575,411.66,28.07,27.83,42.91,1008.33
4576,411.75,28.07,27.84,42.92,1008.33
4577,411.84,28.07,27.86,42.91,1008.33
4578,411.93,28.08,27.87,42.90,1008.33
4579,412.02,28.09,27.89,42.93,1008.33
4580,412.11,28.10,27.90,42.95,1008.32
4581,412.20,28.10,27.88,42.92,1008.32
4582,412.29,28.12,27.86,42.94,1008.33
4583,412.38,28.12,27.86,42.95,1008.33
4584,412.47,28.10,27.86,42.96,1008.34
4585,412.56,28.09,27.86,42.93,1008.35
4586,412.65,28.09,27.86,42.95,1008.35
4587,412.74,28.10,27.90,42.94,1008.36
4588,412.83,28.10,27.88,42.92,1008.35
4589,412.92,28.10,27.87,42.93,1008.35
4590,413.01,28.11,27.86,42.94,1008.35
4591,413.10,28.11,27.87,42.95,1008.37
4592,413.19,28.11,27.88,42.94,1008.37
4593,413.28,28.12,27.89,42.93,1008.39
4594,413.37,28.11,27.89,42.92,1008.39
4595,413.46,28.11,27.90,42.92,1008.38
4596,413.55,28.12,27.89,42.90,1008.40
4597,413.64,28.10,27.90,42.89,1008.41
4598,413.73,28.09,27.91,42.87,1008.42
4599,413.82,28.10,27.91,42.85,1008.42
4600,413.91,28.11,27.90,42.84,1008.40
4601,414.00,28.11,27.90,42.84,1008.39
4602,414.09,28.11,27.88,42.82,1008.38
4603,414.18,28.10,27.88,42.80,1008.38
4604,414.27,28.12,27.87,42.82,1008.37
4605,414.36,28.13,27.86,42.81,1008.37
4606,414.45,28.12,27.85,42.79,1008.36
4607,414.54,28.11,27.87,42.78,1008.36
4608,414.63,28.12,27.86,42.77,1008.35
4609,414.72,28.13,27.86,42.76,1008.36
4610,414.81,28.12,27.85,42.76,1008.34
4611,414.90,28.12,27.84,42.76,1008.34
4612,414.99,28.12,27.84,42.76,1008.33
4613,415.08,28.12,27.83,42.75,1008.34
4614,415.17,28.11,27.85,42.77,1008.33
4615,415.26,28.11,27.84,42.79,1008.33
4616,415.35,28.10,27.84,42.80,1008.33
4617,415.44,28.09,27.84,42.80,1008.33
4618,415.53,28.08,27.83,42.84,1008.32
4619,415.62,28.09,27.82,42.83,1008.33
4620,415.71,28.07,27.82,42.85,1008.32
4621,415.80,28.09,27.82,42.85,1008.31
4622,415.89,28.11,27.82,42.84,1008.32
4623,415.98,28.09,27.81,42.82,1008.33
4624,416.07,28.08,27.82,42.84,1008.33
4625,416.16,28.06,27.80,42.87,1008.31
4626,416.25,28.07,27.82,42.86,1008.31
4627,416.34,28.06,27.83,42.88,1008.31
4628,416.43,28.07,27.84,42.87,1008.32
4629,416.52,28.06,27.83,42.89,1008.32
4630,416.61,28.06,27.85,42.88,1008.33
4631,416.70,28.05,27.84,42.90,1008.33
4632,416.79,28.05,27.84,42.90,1008.33
4633,416.88,28.04,27.84,42.90,1008.32
4634,416.97,28.04,27.84,42.89,1008.32
4635,417.06,28.04,27.84,42.87,1008.32
4636,417.15,28.04,27.84,42.87,1008.33
4637,417.24,28.04,27.84,42.87,1008.34
4638,417.33,28.04,27.84,42.87,1008.35
4639,417.42,28.04,27.82,42.87,1008.37
4640,417.51,28.04,27.83,42.88,1008.36
4641,417.60,28.04,27.81,42.88,1008.37
4642,417.69,28.04,27.80,42.87,1008.38
4643,417.78,28.04,27.79,42.87,1008.37
4644,417.87,28.04,27.80,42.88,1008.37
4645,417.96,28.04,27.77,42.87,1008.38
4646,418.05,28.04,27.78,42.86,1008.38
4647,418.14,28.04,27.79,42.85,1008.38
4648,418.23,28.04,27.80,42.84,1008.38
4649,418.32,28.05,27.81,42.82,1008.39
4650,418.41,28.06,27.80,42.82,1008.39
4651,418.50,28.06,27.80,42.83,1008.40
4652,418.59,28.07,27.78,42.81,1008.41
4653,418.68,28.06,27.78,42.83,1008.41
4654,418.77,28.08,27.78,42.86,1008.40
4655,418.86,28.09,27.78,42.87,1008.39
4656,418.95,28.09,27.79,42.86,1008.40
4657,419.04,28.10,27.81,42.86,1008.40
4658,419.13,28.10,27.81,42.88,1008.38
4659,419.22,28.09,27.82,42.87,1008.39
4660,419.31,28.09,27.82,42.88,1008.38
4661,419.40,28.09,27.82,42.88,1008.39
4662,419.49,28.10,27.80,42.88,1008.38
4663,419.58,28.12,27.81,42.87,1008.38
4664,419.67,28.13,27.80,42.83,1008.37
4665,419.76,28.12,27.79,42.85,1008.37
4666,419.85,28.13,27.79,42.85,1008.37
4667,419.94,28.13,27.81,42.82,1008.35
4668,420.03,28.14,27.81,42.84,1008.35
4669,420.12,28.13,27.83,42.81,1008.35
4670,420.21,28.13,27.84,42.79,1008.36
4671,420.30,28.12,27.81,42.80,1008.35
4672,420.39,28.13,27.82,42.78,1008.34
4673,420.48,28.13,27.82,42.78,1008.33
4674,420.57,28.12,27.83,42.78,1008.32
4675,420.66,28.12,27.82,42.79,1008.31
4676,420.75,28.13,27.86,42.83,1008.30
4677,420.84,28.11,27.85,42.86,1008.29
4678,420.93,28.12,27.86,42.87,1008.29
4679,421.02,28.12,27.86,42.87,1008.28
4680,421.11,28.11,27.86,42.86,1008.28
4681,421.20,28.12,27.88,42.89,1008.28
4682,421.29,28.11,27.89,42.90,1008.28
4683,421.38,28.12,27.88,42.91,1008.28
4684,421.47,28.13,27.87,42.91,1008.27
4685,421.56,28.12,27.85,42.91,1008.29
4686,421.65,28.13,27.84,42.89,1008.30
4687,421.74,28.12,27.82,42.88,1008.29
4688,421.83,28.12,27.84,42.88,1008.30
4689,421.92,28.13,27.85,42.87,1008.31
4690,422.01,28.13,27.86,42.89,1008.31
4691,422.10,28.13,27.87,42.93,1008.30
4692,422.19,28.14,27.87,42.92,1008.30
4693,422.28,28.15,27.87,42.93,1008.30
4694,422.37,28.14,27.88,42.92,1008.31
4695,422.46,28.14,27.88,42.92,1008.32
4696,422.55,28.14,27.86,42.90,1008.32
4697,422.64,28.14,27.87,42.89,1008.33
4698,422.73,28.14,27.88,42.90,1008.34
4699,422.82,28.13,27.88,42.91,1008.36
4700,422.91,28.11,27.88,42.91,1008.36
4701,423.00,28.11,27.87,42.89,1008.36
4702,423.09,28.12,27.86,42.90,1008.36
4703,423.18,28.12,27.85,42.92,1008.36
4704,423.27,28.13,27.84,42.93,1008.38
4705,423.36,28.13,27.82,42.94,1008.38
4706,423.45,28.15,27.83,42.95,1008.38
4707,423.54,28.13,27.82,42.94,1008.39
4708,423.63,28.11,27.82,42.94,1008.39
4709,423.72,28.12,27.80,42.95,1008.39
4710,423.81,28.11,27.78,42.97,1008.39
4711,423.90,28.11,27.78,42.94,1008.39
4712,423.99,28.11,27.77,42.93,1008.40
4713,424.08,28.12,27.78,42.91,1008.42
4714,424.17,28.11,27.77,42.92,1008.43
4715,424.26,28.11,27.78,42.92,1008.44
4716,424.35,28.10,27.78,42.91,1008.43
4717,424.44,28.11,27.80,42.92,1008.44
4718,424.53,28.11,27.81,42.90,1008.44
4719,424.62,28.11,27.80,42.90,1008.44
4720,424.71,28.11,27.79,42.89,1008.43
4721,424.80,28.11,27.78,42.91,1008.44
4722,424.89,28.10,27.77,42.93,1008.44
4723,424.98,28.10,27.76,42.93,1008.43
4724,425.07,28.11,27.75,42.93,1008.42
4725,425.16,28.10,27.77,42.94,1008.43
4726,425.25,28.09,27.77,42.91,1008.41
4727,425.34,28.06,27.76,42.92,1008.41
4728,425.43,28.07,27.76,42.91,1008.40
4729,425.52,28.07,27.75,42.94,1008.39
4730,425.61,28.07,27.75,42.93,1008.40
4731,425.70,28.06,27.77,42.94,1008.38
4732,425.79,28.06,27.78,42.95,1008.36
4733,425.88,28.04,27.78,42.96,1008.34
4734,425.97,28.04,27.79,42.92,1008.35
4735,426.06,28.04,27.77,42.90,1008.34
4736,426.15,28.04,27.76,42.92,1008.34
4737,426.24,28.04,27.78,42.94,1008.33
4738,426.33,28.04,27.77,42.92,1008.33
4739,426.42,28.04,27.77,42.96,1008.33
4740,426.51,28.04,27.77,42.96,1008.32
4741,426.60,28.04,27.77,42.96,1008.32
4742,426.69,28.04,27.79,42.98,1008.32
4743,426.78,28.04,27.78,43.00,1008.32
4744,426.87,28.05,27.79,43.00,1008.31
4745,426.96,28.05,27.79,42.99,1008.31
4746,427.05,28.06,27.76,42.99,1008.32
4747,427.14,28.07,27.76,42.99,1008.34
4748,427.23,28.06,27.78,42.97,1008.35
4749,427.32,28.07,27.80,42.95,1008.35
4750,427.41,28.06,27.80,42.93,1008.34
4751,427.50,28.06,27.82,42.93,1008.36
4752,427.59,28.06,27.83,42.93,1008.36
4753,427.68,28.06,27.82,42.94,1008.35
4754,427.77,28.07,27.84,42.94,1008.36
4755,427.86,28.07,27.85,42.95,1008.36
4756,427.95,28.06,27.85,42.95,1008.37
4757,428.04,28.06,27.85,42.93,1008.36
4758,428.13,28.06,27.83,42.92,1008.37
4759,428.22,28.06,27.85,42.93,1008.37
4760,428.31,28.07,27.84,42.93,1008.37
4761,428.40,28.07,27.84,42.95,1008.37
4762,428.49,28.07,27.85,42.94,1008.37
4763,428.58,28.07,27.85,42.92,1008.38
4764,428.67,28.07,27.85,42.93,1008.38
4765,428.76,28.08,27.85,42.92,1008.39
4766,428.85,28.07,27.86,42.91,1008.39
4767,428.94,28.08,27.87,42.93,1008.39
4768,429.03,28.08,27.87,42.95,1008.39
4769,429.12,28.08,27.87,42.95,1008.40
4770,429.21,28.09,27.84,42.97,1008.40
4771,429.30,28.09,27.86,42.97,1008.41
4772,429.39,28.08,27.87,42.97,1008.42
4773,429.48,28.06,27.88,42.97,1008.41
4774,429.57,28.07,27.87,42.97,1008.41
4775,429.66,28.09,27.89,42.98,1008.39
4776,429.75,28.08,27.89,42.97,1008.40
4777,429.84,28.08,27.88,42.94,1008.39
4778,429.93,28.08,27.89,42.93,1008.39
4779,430.02,28.07,27.87,42.95,1008.40
4780,430.11,28.06,27.88,42.97,1008.39
4781,430.20,28.05,27.88,42.97,1008.39
4782,430.29,28.06,27.86,42.96,1008.40
4783,430.38,28.05,27.88,42.97,1008.39
4784,430.47,28.04,27.89,42.95,1008.39
4785,430.56,28.05,27.89,42.94,1008.41
4786,430.65,28.05,27.89,42.93,1008.38
4787,430.74,28.05,27.89,42.93,1008.38
4788,430.83,28.06,27.88,42.90,1008.40
4789,430.92,28.08,27.86,42.89,1008.40
4790,431.01,28.09,27.86,42.89,1008.39
4791,431.10,28.09,27.85,42.87,1008.38
4792,431.19,28.09,27.85,42.87,1008.38
4793,431.28,28.09,27.83,42.86,1008.39
4794,431.37,28.10,27.84,42.86,1008.39
4795,431.46,28.10,27.84,42.87,1008.37
4796,431.55,28.08,27.85,42.87,1008.36
4797,431.64,28.07,27.87,42.87,1008.36
4798,431.73,28.08,27.83,42.87,1008.35
4799,431.82,28.07,27.84,42.90,1008.35
4800,431.91,28.08,27.84,42.90,1008.34
4801,432.00,28.06,27.81,42.91,1008.35
4802,432.09,28.05,27.81,42.92,1008.35
4803,432.18,28.07,27.78,42.91,1008.36
4804,432.27,28.08,27.78,42.91,1008.34
4805,432.36,28.07,27.76,42.91,1008.36
4806,432.45,28.08,27.76,42.90,1008.35
4807,432.54,28.08,27.78,42.90,1008.34
4808,432.63,28.07,27.78,42.90,1008.35
4809,432.72,28.07,27.79,42.89,1008.36
4810,432.81,28.06,27.80,42.89,1008.37
4811,432.90,28.06,27.78,42.89,1008.38
4812,432.99,28.05,27.78,42.86,1008.38
4813,433.08,28.06,27.79,42.84,1008.38
4814,433.17,28.06,27.78,42.80,1008.39
4815,433.26,28.05,27.76,42.80,1008.39
4816,433.35,28.07,27.76,42.79,1008.40
4817,433.44,28.07,27.75,42.78,1008.40
4818,433.53,28.06,27.75,42.78,1008.40
4819,433.62,28.05,27.76,42.78,1008.38
4820,433.71,28.06,27.77,42.80,1008.38
4821,433.80,28.05,27.78,42.79,1008.38
4822,433.89,28.05,27.78,42.79,1008.37
4823,433.98,28.05,27.80,42.77,1008.38
4824,434.07,28.06,27.79,42.76,1008.37
4825,434.16,28.05,27.78,42.76,1008.38
4826,434.25,28.04,27.79,42.79,1008.39
4827,434.34,28.05,27.78,42.78,1008.40
4828,434.43,28.05,27.78,42.79,1008.41
4829,434.52,28.05,27.80,42.80,1008.41
4830,434.61,28.05,27.80,42.80,1008.41
4831,434.70,28.06,27.79,42.80,1008.42
4832,434.79,28.06,27.78,42.80,1008.42
4833,434.88,28.05,27.78,42.81,1008.43
4834,434.97,28.06,27.77,42.78,1008.43
4835,435.06,28.04,27.79,42.82,1008.42
4836,435.15,28.05,27.79,42.82,1008.42
4837,435.24,28.05,27.79,42.80,1008.40
4838,435.33,28.06,27.82,42.82,1008.41
4839,435.42,28.06,27.82,42.80,1008.40
4840,435.51,28.07,27.82,42.81,1008.40
4841,435.60,28.07,27.83,42.80,1008.39
4842,435.69,28.08,27.82,42.82,1008.38
4843,435.78,28.08,27.82,42.81,1008.39
4844,435.87,28.08,27.84,42.83,1008.38
4845,435.96,28.08,27.86,42.85,1008.38
4846,436.05,28.09,27.85,42.88,1008.38
4847,436.14,28.07,27.87,42.87,1008.37
4848,436.23,28.09,27.88,42.86,1008.37
4849,436.32,28.11,27.87,42.85,1008.36
4850,436.41,28.13,27.87,42.83,1008.36
4851,436.50,28.12,27.87,42.84,1008.37
4852,436.59,28.13,27.86,42.85,1008.37
4853,436.68,28.12,27.85,42.84,1008.35
4854,436.77,28.11,27.86,42.84,1008.36
4855,436.86,28.12,27.87,42.85,1008.36
4856,436.95,28.11,27.87,42.86,1008.35
4857,437.04,28.11,27.87,42.87,1008.35
4858,437.13,28.11,27.85,42.86,1008.35
4859,437.22,28.10,27.87,42.85,1008.34
4860,437.31,28.11,27.87,42.85,1008.35
4861,437.40,28.11,27.90,42.85,1008.34
4862,437.49,28.11,27.90,42.85,1008.32
4863,437.58,28.11,27.89,42.85,1008.32
4864,437.67,28.11,27.88,42.85,1008.32
4865,437.76,28.10,27.88,42.89,1008.33
4866,437.85,28.10,27.88,42.85,1008.32
4867,437.94,28.11,27.90,42.82,1008.32
4868,438.03,28.12,27.88,42.81,1008.33
4869,438.12,28.13,28.05,42.82,1008.34
4870,438.21,28.15,27.87,42.83,1008.34
4871,438.30,28.14,27.93,42.85,1008.34
4872,438.39,28.15,27.87,42.87,1008.34
4873,438.48,28.17,27.87,42.87,1008.35
4874,438.57,28.17,27.86,42.84,1008.36
4875,438.66,28.16,27.85,42.83,1008.36
4876,438.75,28.15,27.85,42.81,1008.36
4877,438.84,28.13,27.83,42.80,1008.36
4878,438.93,28.14,27.84,42.83,1008.37
4879,439.02,28.13,27.84,42.82,1008.38
4880,439.11,28.12,27.85,42.83,1008.38
4881,439.20,28.13,27.84,42.82,1008.40
4882,439.29,28.12,27.85,42.81,1008.40
4883,439.38,28.12,27.88,42.79,1008.40
4884,439.47,28.12,27.88,42.78,1008.40
4885,439.56,28.13,27.87,42.77,1008.40
4886,439.65,28.14,27.85,42.78,1008.41
4887,439.74,28.12,27.82,42.77,1008.41
4888,439.83,28.10,27.82,42.74,1008.41
4889,439.92,28.09,27.80,42.73,1008.41
4890,440.01,28.10,27.78,42.73,1008.41
4891,440.10,28.12,27.78,42.75,1008.42
4892,440.19,28.13,27.77,42.76,1008.44
4893,440.28,28.12,27.80,42.76,1008.44
4894,440.37,28.11,27.80,42.75,1008.43
4895,440.46,28.13,27.81,42.74,1008.43
4896,440.55,28.14,27.81,42.73,1008.42
4897,440.64,28.15,27.80,42.73,1008.41
4898,440.73,28.14,27.80,42.72,1008.41
4899,440.82,28.12,27.78,42.73,1008.39
4900,440.91,28.11,27.78,42.74,1008.39
4901,441.00,28.11,27.77,42.73,1008.38
4902,441.09,28.14,27.77,42.73,1008.37
4903,441.18,28.14,27.76,42.75,1008.37
4904,441.27,28.12,27.75,42.75,1008.36
4905,441.36,28.11,27.77,42.77,1008.35
4906,441.45,28.13,27.76,42.77,1008.36
4907,441.54,28.13,27.78,42.76,1008.35
4908,441.63,28.12,27.78,42.76,1008.34
4909,441.72,28.11,27.79,42.78,1008.33
4910,441.81,28.10,27.79,42.80,1008.33
4911,441.90,28.12,27.78,42.82,1008.34
4912,441.99,28.09,27.78,42.84,1008.33
4913,442.08,28.09,27.78,42.85,1008.33
4914,442.17,28.07,27.80,42.85,1008.31
4915,442.26,28.06,27.81,42.85,1008.30
4916,442.35,28.07,27.81,42.83,1008.30
4917,442.44,28.06,27.83,42.82,1008.29
4918,442.53,28.07,27.82,42.82,1008.28
4919,442.62,28.07,27.81,42.82,1008.28
4920,442.71,28.05,27.79,42.80,1008.27
4921,442.80,28.06,27.82,42.75,1008.28
4922,442.89,28.06,27.82,42.73,1008.29
4923,442.98,28.07,27.82,42.71,1008.30
4924,443.07,28.07,27.82,42.69,1008.31
4925,443.16,28.07,27.84,42.69,1008.32
4926,443.25,28.06,27.86,42.67,1008.31
4927,443.34,28.08,27.85,42.65,1008.30
4928,443.43,28.08,27.84,42.64,1008.30
4929,443.52,28.07,27.84,42.66,1008.31
4930,443.61,28.06,27.85,42.67,1008.32
4931,443.70,28.07,27.85,42.68,1008.34
4932,443.79,28.08,27.84,42.68,1008.34
4933,443.88,28.09,27.85,42.65,1008.34
4934,443.97,28.11,27.83,42.65,1008.36
4935,444.06,28.09,27.84,42.65,1008.36
4936,444.15,28.09,27.86,42.62,1008.36
4937,444.24,28.10,27.85,42.62,1008.38
4938,444.33,28.10,27.85,42.63,1008.38
4939,444.42,28.09,27.84,42.61,1008.39
4940,444.51,28.10,27.88,42.57,1008.38
4941,444.60,28.10,27.89,42.59,1008.36
4942,444.69,28.10,27.87,42.60,1008.35
4943,444.78,28.11,27.89,42.60,1008.36
4944,444.87,28.12,27.90,42.57,1008.36
4945,444.96,28.11,27.91,42.56,1008.36
4946,445.05,28.10,27.90,42.55,1008.37
4947,445.14,28.09,27.91,42.56,1008.38
4948,445.23,28.10,27.90,42.56,1008.38
4949,445.32,28.10,27.90,42.57,1008.38
4950,445.41,28.09,27.89,42.56,1008.38
4951,445.50,28.10,27.88,42.59,1008.39
4952,445.59,28.10,27.89,42.58,1008.39
4953,445.68,28.12,27.89,42.60,1008.41
4954,445.77,28.11,27.89,42.61,1008.40
4955,445.86,28.12,27.90,42.63,1008.40
4956,445.95,28.12,27.89,42.64,1008.39
4957,446.04,28.13,27.89,42.67,1008.38
4958,446.13,28.13,27.89,42.67,1008.37
4959,446.22,28.12,27.89,42.69,1008.36
4960,446.31,28.12,27.89,42.66,1008.34
4961,446.40,28.11,27.88,42.64,1008.34
4962,446.49,28.11,27.88,42.64,1008.34
4963,446.58,28.12,27.88,42.64,1008.33
4964,446.67,28.13,27.88,42.63,1008.33
4965,446.76,28.13,27.88,42.64,1008.33
4966,446.85,28.15,27.87,42.65,1008.32
4967,446.94,28.15,27.87,42.67,1008.33
4968,447.03,28.15,27.88,42.70,1008.32
4969,447.12,28.15,27.87,42.71,1008.32
4970,447.21,28.14,27.86,42.71,1008.31
4971,447.30,28.14,27.87,42.70,1008.30
4972,447.39,28.13,27.89,42.71,1008.30
4973,447.48,28.14,27.87,42.69,1008.29
4974,447.57,28.16,27.86,42.69,1008.29
4975,447.66,28.16,27.86,42.67,1008.30
4976,447.75,28.16,27.87,42.68,1008.30
4977,447.84,28.17,27.87,42.70,1008.31
4978,447.93,28.14,27.85,42.71,1008.31
4979,448.02,28.14,27.83,42.71,1008.30
4980,448.11,28.14,27.83,42.72,1008.31
4981,448.20,28.16,27.82,42.73,1008.31
4982,448.29,28.15,27.84,42.73,1008.31
4983,448.38,28.14,27.83,42.72,1008.31
4984,448.47,28.11,27.81,42.70,1008.31
4985,448.56,28.11,27.80,42.71,1008.31
4986,448.65,28.11,27.80,42.72,1008.33
4987,448.74,28.11,27.79,42.71,1008.33
4988,448.83,28.10,27.80,42.71,1008.34
4989,448.92,28.09,27.78,42.70,1008.35
4990,449.01,28.08,27.78,42.69,1008.37
4991,449.10,28.06,27.77,42.70,1008.38
4992,449.19,28.06,27.77,42.68,1008.38
4993,449.28,28.07,27.77,42.67,1008.39
4994,449.37,28.08,27.78,42.65,1008.40
4995,449.46,28.08,27.79,42.65,1008.39
4996,449.55,28.08,27.81,42.65,1008.40
4997,449.64,28.09,27.81,42.66,1008.41
4998,449.73,28.08,27.80,42.68,1008.42
4999,449.82,28.07,27.79,42.66,1008.42
5000,449.91,28.06,27.79,42.67,1008.43
5001,450.00,28.07,27.78,42.66,1008.43
5002,450.09,28.05,27.77,42.65,1008.44
5003,450.18,28.05,27.76,42.65,1008.44
5004,450.27,28.05,27.76,42.66,1008.44
5005,450.36,28.06,27.74,42.65,1008.44
5006,450.45,28.07,27.74,42.65,1008.43
5007,450.54,28.06,27.74,42.65,1008.43
5008,450.63,28.04,27.76,42.63,1008.42
5009,450.72,28.04,27.74,42.64,1008.40
5010,450.81,28.04,27.74,42.64,1008.40
5011,450.90,28.04,27.75,42.66,1008.41
5012,450.99,28.05,27.76,42.63,1008.38
5013,451.08,28.05,27.78,42.65,1008.39
5014,451.17,28.05,27.76,42.65,1008.40
5015,451.26,28.05,27.78,42.65,1008.39
5016,451.35,28.05,27.79,42.69,1008.38
5017,451.44,28.06,27.83,42.71,1008.38
5018,451.53,28.08,27.85,42.69,1008.39
5019,451.62,28.09,27.84,42.69,1008.38
5020,451.71,28.09,27.83,42.72,1008.39
5021,451.80,28.09,27.81,42.71,1008.38
5022,451.89,28.08,27.81,42.70,1008.38
5023,451.98,28.07,27.82,42.70,1008.37
5024,452.07,28.06,27.82,42.69,1008.37
5025,452.16,28.05,27.83,42.68,1008.36
5026,452.25,28.07,27.82,42.67,1008.35
5027,452.34,28.05,27.84,42.68,1008.35
5028,452.43,28.06,27.84,42.69,1008.35
5029,452.52,28.06,27.85,42.68,1008.34
5030,452.61,28.06,27.85,42.69,1008.32
5031,452.70,28.06,27.87,42.69,1008.32
5032,452.79,28.08,27.87,42.70,1008.33
5033,452.88,28.05,27.87,42.69,1008.33
5034,452.97,28.05,27.90,42.70,1008.32
5035,453.06,28.05,27.90,42.69,1008.31
5036,453.15,28.05,27.92,42.70,1008.31
5037,453.24,28.05,27.91,42.71,1008.31
5038,453.33,28.06,27.91,42.73,1008.31
5039,453.42,28.06,27.91,42.74,1008.31
5040,453.51,28.08,27.93,42.74,1008.32
5041,453.60,28.10,27.93,42.74,1008.32
5042,453.69,28.11,27.93,42.75,1008.33
5043,453.78,28.11,27.94,42.75,1008.35
5044,453.87,28.09,27.91,42.74,1008.34
5045,453.96,28.09,27.91,42.71,1008.34
5046,454.05,28.08,27.93,42.68,1008.34
5047,454.14,28.09,27.93,42.67,1008.34
5048,454.23,28.09,27.92,42.67,1008.33
5049,454.32,28.09,27.92,42.67,1008.33
5050,454.41,28.10,27.92,42.66,1008.34
5051,454.50,28.10,27.92,42.68,1008.35
5052,454.59,28.11,27.92,42.70,1008.36
5053,454.68,28.11,27.94,42.69,1008.36
5054,454.77,28.12,27.92,42.68,1008.38
5055,454.86,28.10,27.91,42.70,1008.39
5056,454.95,28.12,27.90,42.70,1008.40
5057,455.04,28.11,27.89,42.71,1008.41
5058,455.13,28.12,27.89,42.73,1008.42
5059,455.22,28.12,27.88,42.74,1008.41
5060,455.31,28.14,27.90,42.73,1008.41
5061,455.40,28.12,27.89,42.73,1008.40
5062,455.49,28.12,27.89,42.74,1008.40
5063,455.58,28.12,27.88,42.75,1008.40
5064,455.67,28.12,27.86,42.77,1008.39
5065,455.76,28.12,27.86,42.78,1008.40
5066,455.85,28.14,27.84,42.79,1008.41
5067,455.94,28.14,27.83,42.76,1008.41
5068,456.03,28.14,27.82,42.74,1008.41
5069,456.12,28.11,27.82,42.75,1008.40
5070,456.21,28.11,27.80,42.76,1008.39
5071,456.30,28.12,27.79,42.77,1008.39
5072,456.39,28.14,27.80,42.77,1008.39
5073,456.48,28.14,27.81,42.73,1008.39
5074,456.57,28.14,27.82,42.73,1008.41
5075,456.66,28.14,27.82,42.71,1008.41
5076,456.75,28.14,27.82,42.72,1008.39
5077,456.84,28.15,27.83,42.70,1008.38
5078,456.93,28.14,27.81,42.70,1008.38
5079,457.02,28.13,27.81,42.70,1008.38
5080,457.11,28.13,27.81,42.70,1008.38
5081,457.20,28.13,27.82,42.68,1008.38
5082,457.29,28.14,27.81,42.68,1008.36
5083,457.38,28.11,27.80,42.67,1008.36
5084,457.47,28.11,27.79,42.69,1008.38
5085,457.56,28.10,27.79,42.69,1008.37
5086,457.65,28.10,27.81,42.65,1008.36
5087,457.74,28.11,27.79,42.67,1008.37
5088,457.83,28.10,27.79,42.67,1008.36
5089,457.92,28.10,27.80,42.69,1008.34
5090,458.01,28.08,27.80,42.68,1008.35
5091,458.10,28.08,27.80,42.67,1008.35
5092,458.19,28.08,27.79,42.68,1008.34
5093,458.28,28.08,27.78,42.68,1008.34
5094,458.37,28.07,27.79,42.69,1008.34
5095,458.46,28.08,27.79,42.69,1008.35
5096,458.55,28.07,27.82,42.70,1008.34
5097,458.64,28.06,27.81,42.71,1008.35
5098,458.73,28.06,27.81,42.72,1008.34
5099,458.82,28.05,27.80,42.70,1008.35
5100,458.91,28.05,27.81,42.71,1008.36
5101,459.00,28.06,27.84,42.73,1008.36
5102,459.09,28.04,27.83,42.74,1008.36
5103,459.18,28.05,27.83,42.75,1008.37
5104,459.27,28.04,27.83,42.75,1008.38
5105,459.36,28.04,27.85,42.73,1008.39
5106,459.45,28.04,27.84,42.73,1008.39
5107,459.54,28.04,27.84,42.72,1008.39
5108,459.63,28.04,27.85,42.68,1008.39
5109,459.72,28.04,27.84,42.67,1008.39
5110,459.81,28.04,27.83,42.67,1008.39
5111,459.90,28.04,27.84,42.66,1008.40
5112,459.99,28.04,27.84,42.66,1008.41
5113,460.08,28.04,27.87,42.66,1008.42
5114,460.17,28.04,27.88,42.66,1008.41
5115,460.26,28.04,27.87,42.64,1008.40
5116,460.35,28.04,27.89,42.66,1008.40
5117,460.44,28.04,27.91,42.68,1008.41
5118,460.53,28.04,27.91,42.69,1008.41
5119,460.62,28.04,27.89,42.68,1008.42
5120,460.71,28.04,27.88,42.69,1008.42
5121,460.80,28.04,27.88,42.69,1008.41
5122,460.89,28.04,27.89,42.69,1008.42
5123,460.98,28.04,27.90,42.69,1008.42
5124,461.07,28.04,27.91,42.67,1008.42
5125,461.16,28.04,27.91,42.69,1008.42
5126,461.25,28.04,27.91,42.72,1008.41
5127,461.34,28.04,27.91,42.72,1008.42
5128,461.43,28.04,27.89,42.72,1008.41
5129,461.52,28.04,27.90,42.72,1008.39
5130,461.61,28.04,27.92,42.71,1008.40
5131,461.70,28.04,27.89,42.72,1008.40
5132,461.79,28.05,27.89,42.72,1008.38
5133,461.88,28.07,27.87,42.70,1008.37
5134,461.97,28.08,27.87,42.72,1008.38
5135,462.06,28.08,27.89,42.75,1008.37
5136,462.15,28.08,27.89,42.75,1008.37
5137,462.24,28.10,27.90,42.71,1008.37
5138,462.33,28.10,27.90,42.73,1008.36
5139,462.42,28.11,27.89,42.71,1008.37
5140,462.51,28.11,27.89,42.70,1008.36
5141,462.60,28.11,27.90,42.69,1008.36
5142,462.69,28.12,27.88,42.67,1008.36
5143,462.78,28.12,27.87,42.66,1008.35
5144,462.87,28.13,27.87,42.66,1008.35
5145,462.96,28.13,27.87,42.65,1008.34
5146,463.05,28.12,27.86,42.68,1008.35
5147,463.14,28.13,27.85,42.65,1008.35
5148,463.23,28.12,27.86,42.65,1008.34
5149,463.32,28.12,27.84,42.62,1008.34
5150,463.41,28.11,27.83,42.61,1008.32
5151,463.50,28.12,27.83,42.59,1008.32
5152,463.59,28.12,27.85,42.58,1008.32
5153,463.68,28.11,27.85,42.59,1008.32
5154,463.77,28.11,27.83,42.58,1008.32
5155,463.86,28.10,27.81,42.58,1008.31
5156,463.95,28.11,27.81,42.59,1008.32
5157,464.04,28.11,27.82,42.60,1008.33
5158,464.13,28.11,27.81,42.60,1008.33
5159,464.22,28.10,27.84,42.61,1008.35
5160,464.31,28.11,27.85,42.63,1008.34
5161,464.40,28.12,27.84,42.61,1008.35
5162,464.49,28.12,27.81,42.59,1008.35
5163,464.58,28.12,27.80,42.61,1008.34
5164,464.67,28.11,27.80,42.58,1008.34
5165,464.76,28.11,27.81,42.57,1008.34
5166,464.85,28.11,27.81,42.56,1008.35
5167,464.94,28.12,27.81,42.58,1008.36
5168,465.03,28.12,27.80,42.58,1008.36
5169,465.12,28.12,27.83,42.58,1008.36
5170,465.21,28.12,27.83,42.58,1008.37
5171,465.30,28.12,27.82,42.58,1008.39
5172,465.39,28.13,27.82,42.60,1008.40
5173,465.48,28.14,27.83,42.60,1008.40
5174,465.57,28.16,27.83,42.61,1008.41
5175,465.66,28.16,27.83,42.63,1008.42
5176,465.75,28.17,27.84,42.66,1008.42
5177,465.84,28.17,27.84,42.67,1008.44
5178,465.93,28.17,27.84,42.66,1008.45
5179,466.02,28.16,27.83,42.68,1008.45
5180,466.11,28.17,27.83,42.69,1008.44
5181,466.20,28.17,27.84,42.70,1008.45
5182,466.29,28.15,27.83,42.70,1008.44
5183,466.38,28.13,27.84,42.69,1008.44
5184,466.47,28.13,27.84,42.67,1008.42
5185,466.56,28.12,27.84,42.69,1008.41
5186,466.65,28.12,27.85,42.68,1008.42
5187,466.74,28.12,27.83,42.67,1008.42
5188,466.83,28.12,27.84,42.66,1008.40
5189,466.92,28.12,27.84,42.67,1008.40
5190,467.01,28.12,27.83,42.67,1008.40
5191,467.10,28.11,27.83,42.65,1008.41
5192,467.19,28.11,27.85,42.67,1008.41
5193,467.28,28.11,27.87,42.67,1008.40
5194,467.37,28.11,27.86,42.67,1008.38
5195,467.46,28.13,27.84,42.69,1008.38
5196,467.55,28.11,27.85,42.66,1008.39
5197,467.64,28.12,27.86,42.68,1008.39
5198,467.73,28.11,27.85,42.69,1008.39
5199,467.82,28.13,27.88,42.70,1008.37
5200,467.91,28.12,27.87,42.70,1008.36
5201,468.00,28.12,27.86,42.71,1008.35
5202,468.09,28.12,27.86,42.70,1008.34
5203,468.18,28.10,27.86,42.68,1008.33
5204,468.27,28.10,27.83,42.70,1008.33
5205,468.36,28.10,27.85,42.69,1008.33
5206,468.45,28.11,27.85,42.72,1008.33
5207,468.54,28.10,27.86,42.69,1008.32
5208,468.63,28.10,27.86,42.67,1008.32
5209,468.72,28.08,27.86,42.68,1008.32
5210,468.81,28.08,27.87,42.66,1008.32
5211,468.90,28.07,27.86,42.63,1008.32
5212,468.99,28.06,27.88,42.64,1008.32
5213,469.08,28.06,27.87,42.63,1008.32
5214,469.17,28.06,27.89,42.64,1008.32
5215,469.26,28.07,27.90,42.61,1008.33
5216,469.35,28.06,27.89,42.60,1008.31
5217,469.44,28.06,27.90,42.58,1008.32
5218,469.53,28.06,27.91,42.59,1008.33
5219,469.62,28.05,27.87,42.60,1008.34
5220,469.71,28.04,27.86,42.60,1008.35
5221,469.80,28.04,27.85,42.60,1008.35
5222,469.89,28.04,27.86,42.63,1008.34
5223,469.98,28.04,27.86,42.63,1008.35
5224,470.07,28.04,27.84,42.62,1008.36
5225,470.16,28.04,27.83,42.65,1008.36
5226,470.25,28.04,27.84,42.64,1008.36
5227,470.34,28.04,27.85,42.64,1008.37
5228,470.43,28.06,27.85,42.64,1008.38
5229,470.52,28.06,27.85,42.66,1008.39
5230,470.61,28.04,27.85,42.66,1008.42
5231,470.70,28.04,27.83,42.65,1008.41
5232,470.79,28.04,27.83,42.64,1008.42
5233,470.88,28.04,27.81,42.62,1008.42
5234,470.97,28.04,27.84,42.63,1008.43
5235,471.06,28.04,27.84,42.65,1008.42
5236,471.15,28.05,27.84,42.65,1008.42
5237,471.24,28.05,27.84,42.67,1008.43
5238,471.33,28.07,27.82,42.66,1008.43
5239,471.42,28.07,27.81,42.66,1008.42
5240,471.51,28.09,27.80,42.66,1008.42
5241,471.60,28.07,27.79,42.66,1008.43
5242,471.69,28.05,27.77,42.67,1008.42
5243,471.78,28.06,27.76,42.69,1008.40
5244,471.87,28.07,27.77,42.69,1008.40
5245,471.96,28.08,27.78,42.68,1008.40
5246,472.05,28.09,27.77,42.68,1008.40
5247,472.14,28.09,27.77,42.68,1008.37
5248,472.23,28.09,27.75,42.67,1008.37
5249,472.32,28.08,27.75,42.69,1008.36
5250,472.41,28.09,27.77,42.69,1008.34
5251,472.50,28.10,27.76,42.71,1008.32
5252,472.59,28.10,27.76,42.71,1008.31
5253,472.68,28.10,27.77,42.70,1008.32
5254,472.77,28.11,27.75,42.67,1008.31
5255,472.86,28.12,27.73,42.68,1008.30
5256,472.95,28.11,27.76,42.67,1008.29
5257,473.04,28.11,27.79,42.67,1008.29
5258,473.13,28.12,27.79,42.66,1008.28
5259,473.22,28.12,27.80,42.69,1008.27
5260,473.31,28.12,27.80,42.66,1008.29
5261,473.40,28.11,27.78,42.67,1008.30
5262,473.49,28.12,27.78,42.66,1008.30
5263,473.58,28.10,27.79,42.67,1008.30
5264,473.67,28.11,27.79,42.68,1008.30
5265,473.76,28.12,27.79,42.68,1008.30
5266,473.85,28.12,27.79,42.66,1008.28
5267,473.94,28.13,27.81,42.69,1008.29
5268,474.03,28.14,27.81,42.70,1008.29
5269,474.12,28.14,27.82,42.70,1008.29
5270,474.21,28.15,27.82,42.68,1008.29
5271,474.30,28.15,27.84,42.67,1008.29
5272,474.39,28.16,27.85,42.65,1008.30
5273,474.48,28.15,27.83,42.67,1008.30
5274,474.57,28.15,27.84,42.66,1008.31
5275,474.66,28.15,27.84,42.66,1008.32
5276,474.75,28.15,27.83,42.67,1008.31
5277,474.84,28.15,27.84,42.67,1008.31
5278,474.93,28.15,27.83,42.65,1008.32
5279,475.02,28.17,27.83,42.64,1008.33
5280,475.11,28.17,27.82,42.64,1008.34
5281,475.20,28.15,27.83,42.64,1008.36
5282,475.29,28.13,27.84,42.61,1008.36
5283,475.38,28.04,27.84,42.61,1008.36
5284,475.47,28.06,27.85,42.60,1008.36
5285,475.56,28.11,27.85,42.60,1008.38
5286,475.65,28.11,27.86,42.60,1008.39
5287,475.74,28.10,27.84,42.61,1008.39
5288,475.83,28.09,27.86,42.64,1008.41
5289,475.92,28.08,27.87,42.65,1008.41
5290,476.01,28.08,27.86,42.66,1008.40
5291,476.10,28.08,27.85,42.67,1008.41
5292,476.19,28.09,27.86,42.65,1008.42
5293,476.28,28.09,27.83,42.66,1008.42
5294,476.37,28.10,27.84,42.66,1008.42
5295,476.46,28.09,27.83,42.66,1008.42
5296,476.55,28.10,27.86,42.64,1008.44
5297,476.64,28.10,27.85,42.64,1008.42
5298,476.73,28.09,27.83,42.65,1008.43
5299,476.82,28.08,27.82,42.63,1008.42
5300,476.91,28.09,27.85,42.63,1008.41
5301,477.00,28.08,27.85,42.63,1008.40
5302,477.09,28.09,27.84,42.65,1008.40
5303,477.18,28.08,27.83,42.64,1008.39
5304,477.27,28.06,27.83,42.67,1008.38
5305,477.36,28.06,27.85,42.67,1008.38
5306,477.45,28.05,27.86,42.68,1008.37
5307,477.54,28.04,27.87,42.67,1008.37
5308,477.63,28.06,27.89,42.66,1008.37
5309,477.72,28.07,27.87,42.65,1008.35
5310,477.81,28.07,27.86,42.63,1008.34
5311,477.90,28.09,27.86,42.62,1008.33
5312,477.99,28.09,27.85,42.62,1008.35
5313,478.08,28.08,27.87,42.61,1008.34
5314,478.17,28.08,27.87,42.64,1008.34
5315,478.26,28.07,27.85,42.62,1008.33
5316,478.35,28.07,27.83,42.61,1008.32
5317,478.44,28.07,27.83,42.58,1008.32
5318,478.53,28.06,27.83,42.60,1008.33
5319,478.62,28.07,27.84,42.60,1008.33
5320,478.71,28.07,27.83,42.61,1008.32
5321,478.80,28.08,27.84,42.59,1008.30
5322,478.89,28.09,27.86,42.58,1008.32
5323,478.98,28.08,27.85,42.58,1008.31
5324,479.07,28.09,27.86,42.59,1008.31
5325,479.16,28.10,27.87,42.61,1008.29
5326,479.25,28.11,27.88,42.64,1008.29
5327,479.34,28.11,27.86,42.66,1008.29
5328,479.43,28.10,27.85,42.68,1008.30
5329,479.52,28.08,27.84,42.69,1008.31
5330,479.61,28.08,27.83,42.68,1008.32
5331,479.70,28.08,27.83,42.70,1008.31
5332,479.79,28.09,27.84,42.70,1008.31
5333,479.88,28.08,27.85,42.71,1008.32
5334,479.97,28.09,27.83,42.71,1008.33
5335,480.06,28.09,27.82,42.72,1008.33
5336,480.15,28.10,27.80,42.72,1008.33
5337,480.24,28.11,27.79,42.74,1008.34
5338,480.33,28.11,27.79,42.75,1008.35
5339,480.42,28.13,27.77,42.73,1008.34
5340,480.51,28.15,27.76,42.71,1008.35
5341,480.60,28.15,27.77,42.70,1008.35
5342,480.69,28.14,27.80,42.72,1008.36
5343,480.78,28.13,27.80,42.70,1008.36
5344,480.87,28.14,27.80,42.69,1008.37
5345,480.96,28.13,27.82,42.70,1008.37
5346,481.05,28.13,27.82,42.70,1008.38
5347,481.14,28.12,27.81,42.71,1008.38
5348,481.23,28.14,27.81,42.71,1008.38
5349,481.32,28.13,27.81,42.70,1008.39
5350,481.41,28.15,27.79,42.70,1008.38
5351,481.50,28.17,27.78,42.69,1008.40
5352,481.59,28.17,27.79,42.67,1008.41
5353,481.68,28.17,27.79,42.68,1008.42
5354,481.77,28.17,27.78,42.70,1008.42
5355,481.86,28.17,27.76,42.72,1008.43
5356,481.95,28.17,27.77,42.73,1008.42
5357,482.04,28.16,27.78,42.70,1008.42
5358,482.13,28.15,27.78,42.69,1008.42
5359,482.22,28.15,27.77,42.68,1008.41
5360,482.31,28.16,27.79,42.67,1008.41
5361,482.40,28.14,27.79,42.69,1008.40
5362,482.49,28.14,27.78,42.70,1008.40
5363,482.58,28.15,27.78,42.68,1008.39
5364,482.67,28.15,27.79,42.68,1008.39
5365,482.76,28.14,27.76,42.68,1008.39
5366,482.85,28.15,27.78,42.70,1008.39
5367,482.94,28.16,27.77,42.70,1008.38
5368,483.03,28.15,27.76,42.73,1008.36
5369,483.12,28.14,27.75,42.71,1008.37
5370,483.21,28.13,27.77,42.70,1008.36
5371,483.30,28.14,27.79,43.15,1008.37
5372,483.39,28.14,27.80,42.71,1008.35
5373,483.48,28.14,27.83,42.71,1008.35
5374,483.57,28.15,27.83,42.71,1008.34
5375,483.66,28.15,27.83,42.70,1008.33
5376,483.75,28.16,27.83,42.72,1008.32
5377,483.84,28.17,27.84,42.69,1008.32
5378,483.93,28.18,27.86,42.71,1008.31
5379,484.02,28.17,27.85,42.72,1008.30
5380,484.11,28.15,27.86,42.73,1008.30
5381,484.20,28.15,27.84,42.74,1008.28
5382,484.29,28.14,27.86,42.75,1008.28
5383,484.38,28.13,27.86,42.75,1008.30
5384,484.47,28.11,27.87,42.75,1008.32
5385,484.56,28.11,27.88,42.72,1008.32
5386,484.65,28.11,27.89,42.74,1008.31
5387,484.74,28.09,27.90,42.73,1008.30
5388,484.83,28.09,27.89,42.71,1008.31
5389,484.92,28.09,27.89,42.70,1008.31
5390,485.01,28.09,27.87,42.71,1008.32
5391,485.10,28.08,27.86,42.69,1008.33
5392,485.19,28.07,27.88,42.68,1008.35
5393,485.28,28.07,27.90,42.69,1008.35
5394,485.37,28.08,27.93,42.69,1008.37
5395,485.46,28.08,27.91,42.73,1008.38
5396,485.55,28.08,27.90,42.75,1008.39
5397,485.64,28.07,27.89,42.77,1008.38
5398,485.73,28.07,27.88,42.77,1008.39
5399,485.82,28.08,27.88,42.78,1008.40
5400,485.91,28.08,27.88,42.78,1008.41
5401,486.00,28.08,27.88,42.79,1008.41
5402,486.09,28.07,27.88,42.78,1008.42
5403,486.18,28.07,27.89,42.78,1008.43
5404,486.27,28.05,27.88,42.75,1008.43
5405,486.36,28.04,27.86,42.73,1008.45
5406,486.45,28.05,27.87,42.75,1008.46
5407,486.54,28.06,27.85,42.77,1008.46
5408,486.63,28.04,27.84,42.76,1008.46
5409,486.72,28.05,27.85,42.78,1008.46
5410,486.81,28.06,27.85,42.77,1008.46
5411,486.90,28.05,27.84,42.79,1008.47
5412,486.99,28.04,27.85,42.77,1008.46
5413,487.08,28.04,27.85,42.76,1008.48
5414,487.17,28.04,27.86,42.74,1008.48
5415,487.26,28.06,27.90,42.74,1008.47
5416,487.35,28.06,27.90,42.73,1008.48
5417,487.44,28.06,27.88,42.75,1008.47
5418,487.53,28.06,27.86,42.77,1008.47
5419,487.62,28.06,27.85,42.77,1008.45
5420,487.71,28.06,27.88,42.79,1008.43
5421,487.80,28.05,27.88,42.80,1008.43
5422,487.89,28.05,27.88,42.78,1008.43
5423,487.98,28.05,27.87,42.79,1008.42
5424,488.07,28.05,27.85,42.75,1008.42
5425,488.16,28.04,27.85,42.77,1008.41
5426,488.25,28.04,27.86,42.75,1008.41
5427,488.34,28.04,27.85,42.74,1008.40
5428,488.43,28.05,27.84,42.74,1008.39
5429,488.52,28.04,27.84,42.74,1008.38
5430,488.61,28.06,27.85,42.77,1008.38
5431,488.70,28.06,27.84,42.76,1008.37
5432,488.79,28.08,27.86,42.77,1008.36
5433,488.88,28.08,27.84,42.78,1008.35
5434,488.97,28.07,27.84,42.75,1008.35
5435,489.06,28.08,27.83,42.76,1008.34
5436,489.15,28.07,27.83,42.77,1008.35
5437,489.24,28.08,27.81,42.76,1008.33
5438,489.33,28.06,27.80,42.75,1008.32
5439,489.42,28.06,27.81,42.74,1008.33
5440,489.51,28.07,27.81,42.76,1008.34
5441,489.60,28.07,27.81,42.76,1008.33
5442,489.69,28.08,27.82,42.77,1008.33
5443,489.78,28.08,27.81,42.77,1008.33
5444,489.87,28.08,27.80,42.78,1008.34
5445,489.96,28.09,27.79,42.80,1008.34
5446,490.05,28.08,27.78,42.80,1008.35
5447,490.14,28.08,27.77,42.80,1008.35
5448,490.23,28.08,27.77,42.79,1008.36
5449,490.32,28.08,27.76,42.82,1008.37
5450,490.41,28.08,27.79,42.80,1008.38
5451,490.50,28.08,27.78,42.82,1008.39
5452,490.59,28.08,27.80,42.83,1008.40
5453,490.68,28.09,27.80,42.86,1008.41
5454,490.77,28.09,27.79,42.86,1008.42
5455,490.86,28.08,27.82,42.86,1008.41
5456,490.95,28.09,27.81,42.85,1008.42
5457,491.04,28.10,27.79,42.84,1008.42
5458,491.13,28.10,27.77,42.84,1008.41
5459,491.22,28.10,27.76,42.85,1008.42
5460,491.31,28.09,27.75,42.82,1008.44
5461,491.40,28.08,27.76,42.77,1008.44
5462,491.49,28.09,27.78,42.77,1008.45
5463,491.58,28.08,27.77,42.77,1008.45
5464,491.67,28.06,27.80,42.79,1008.45
5465,491.76,28.05,27.80,42.80,1008.44
5466,491.85,28.05,27.82,42.77,1008.44
5467,491.94,28.05,27.81,42.75,1008.44
5468,492.03,28.06,27.81,42.78,1008.45
5469,492.12,28.06,27.82,42.77,1008.46
5470,492.21,28.05,27.83,42.78,1008.46
5471,492.30,28.05,27.84,42.79,1008.44
5472,492.39,28.06,27.84,42.78,1008.45
5473,492.48,28.06,27.84,42.78,1008.43
5474,492.57,28.06,27.83,42.79,1008.42
5475,492.66,28.08,27.84,42.82,1008.43
5476,492.75,28.08,27.87,42.81,1008.42
5477,492.84,28.08,27.88,42.84,1008.43
5478,492.93,28.07,27.88,42.84,1008.43
5479,493.02,28.08,27.87,42.83,1008.43
5480,493.11,28.07,27.87,42.80,1008.43
5481,493.20,28.07,27.88,42.81,1008.41
5482,493.29,28.07,27.87,42.79,1008.40
5483,493.38,28.06,27.90,42.79,1008.39
5484,493.47,28.06,27.90,42.78,1008.40
5485,493.56,28.06,27.90,42.78,1008.37
5486,493.65,28.05,27.91,42.81,1008.37
5487,493.74,28.06,27.91,42.79,1008.36
5488,493.83,28.06,27.92,42.79,1008.36
5489,493.92,28.06,27.93,42.79,1008.35
5490,494.01,28.06,27.94,42.79,1008.34
5491,494.10,28.08,27.99,42.79,1008.33
5492,494.19,28.07,27.99,42.84,1008.33
5493,494.28,28.06,27.98,42.83,1008.33
5494,494.37,28.07,27.99,42.84,1008.32
5495,494.46,28.07,27.99,42.85,1008.33
5496,494.55,28.07,27.99,42.87,1008.32
5497,494.64,28.06,27.98,42.86,1008.31
5498,494.73,28.06,27.98,42.87,1008.31
5499,494.82,28.08,28.00,42.89,1008.32
5500,494.91,28.09,28.01,42.92,1008.33
5501,495.00,28.07,27.99,42.93,1008.32
5502,495.09,28.08,27.96,42.94,1008.32
5503,495.18,28.07,27.92,42.95,1008.33
5504,495.27,28.08,27.90,42.95,1008.33
5505,495.36,28.07,27.88,42.91,1008.33
5506,495.45,28.08,27.85,42.89,1008.34
5507,495.54,28.10,27.84,42.89,1008.34
5508,495.63,28.10,27.82,42.88,1008.35
5509,495.72,28.09,27.83,42.87,1008.35
5510,495.81,28.08,27.83,42.86,1008.35
5511,495.90,28.09,27.82,42.86,1008.35
5512,495.99,28.08,27.82,42.84,1008.36
5513,496.08,28.09,27.80,42.81,1008.35
5514,496.17,28.07,27.80,42.81,1008.35
5515,496.26,28.06,27.79,42.80,1008.36
5516,496.35,28.06,27.80,42.80,1008.36
5517,496.44,28.06,27.79,42.79,1008.37
5518,496.53,28.06,27.80,42.82,1008.38
5519,496.62,28.06,27.80,42.83,1008.38
5520,496.71,28.06,27.81,42.82,1008.40
5521,496.80,28.06,27.80,42.82,1008.40
5522,496.89,28.06,27.81,42.84,1008.40
5523,496.98,28.05,27.80,42.84,1008.40
5524,497.07,28.05,27.80,42.85,1008.40
5525,497.16,28.06,27.79,42.87,1008.41
5526,497.25,28.05,27.77,42.87,1008.41
5527,497.34,28.05,27.77,42.86,1008.41
5528,497.43,28.07,27.76,42.88,1008.41
5529,497.52,28.07,27.77,42.88,1008.43
5530,497.61,28.08,27.77,42.86,1008.43
5531,497.70,28.07,27.75,42.86,1008.42
5532,497.79,28.07,27.75,42.86,1008.40
5533,497.88,28.08,27.75,42.88,1008.40
5534,497.97,28.09,27.77,42.88,1008.39
5535,498.06,28.09,27.76,42.89,1008.37
5536,498.15,28.11,27.76,42.91,1008.37
5537,498.24,28.11,27.77,42.93,1008.38
5538,498.33,28.12,27.77,42.94,1008.39
5539,498.42,28.12,27.79,42.96,1008.38
5540,498.51,28.11,27.80,42.98,1008.37
5541,498.60,28.11,27.79,42.99,1008.37
5542,498.69,28.11,27.79,42.97,1008.36
5543,498.78,28.10,27.78,42.96,1008.37
5544,498.87,28.11,27.78,42.96,1008.36
5545,498.96,28.12,27.78,42.96,1008.34
5546,499.05,28.12,27.80,42.95,1008.34
5547,499.14,28.11,27.79,42.97,1008.33
5548,499.23,28.12,27.79,42.98,1008.30
5549,499.32,28.11,27.80,42.96,1008.31
5550,499.41,28.12,27.80,42.96,1008.32
5551,499.50,28.13,27.81,42.94,1008.31
5552,499.59,28.13,27.81,42.93,1008.30
5553,499.68,28.11,27.81,42.93,1008.29
5554,499.77,28.11,27.80,42.93,1008.29
5555,499.86,28.12,27.81,42.91,1008.27
5556,499.95,28.11,27.82,42.90,1008.27
5557,500.04,28.10,27.83,42.94,1008.28
5558,500.13,28.11,27.83,42.94,1008.29
5559,500.22,28.13,27.85,42.94,1008.29
5560,500.31,28.12,27.87,42.94,1008.30
5561,500.40,28.12,27.88,42.95,1008.31
5562,500.49,28.12,27.89,42.94,1008.33
5563,500.58,28.11,27.90,42.94,1008.34
5564,500.67,28.11,27.89,42.93,1008.34
5565,500.76,28.09,27.90,42.92,1008.33
5566,500.85,28.09,27.90,42.91,1008.35
5567,500.94,28.09,27.91,42.94,1008.35
5568,501.03,28.08,27.92,42.93,1008.36
5569,501.12,28.08,27.92,42.92,1008.36
5570,501.21,28.08,27.91,42.90,1008.36
5571,501.30,28.07,27.92,42.90,1008.35
5572,501.39,28.08,27.89,42.93,1008.35
5573,501.48,28.08,27.90,42.93,1008.35
5574,501.57,28.10,27.89,42.94,1008.35
5575,501.66,28.08,27.91,42.94,1008.36
5576,501.75,28.08,27.90,42.94,1008.36
5577,501.84,28.08,27.92,42.94,1008.37
5578,501.93,28.07,27.90,42.91,1008.36
5579,502.02,28.07,27.90,42.91,1008.37
5580,502.11,28.07,27.92,42.92,1008.37
5581,502.20,28.06,27.91,42.93,1008.38
5582,502.29,28.07,27.91,42.92,1008.40
5583,502.38,28.05,27.90,42.91,1008.40
5584,502.47,28.05,27.89,42.91,1008.40
5585,502.56,28.04,27.87,42.90,1008.39
5586,502.65,28.05,27.87,42.86,1008.40
5587,502.74,28.07,27.86,42.88,1008.40
5588,502.83,28.06,27.85,42.87,1008.38
5589,502.92,28.04,27.85,42.87,1008.38
5590,503.01,28.04,27.84,42.89,1008.38
5591,503.10,28.03,27.85,42.90,1008.37
5592,503.19,28.03,27.87,42.88,1008.36
5593,503.28,28.03,27.86,42.87,1008.36
5594,503.37,28.03,27.83,42.83,1008.37
5595,503.46,28.03,27.83,42.84,1008.37
5596,503.55,28.03,27.81,42.85,1008.37
5597,503.64,28.03,27.84,42.86,1008.37
5598,503.73,28.03,27.84,42.85,1008.36
5599,503.82,28.03,27.85,42.85,1008.35
5600,503.91,28.03,27.84,42.85,1008.34
5601,504.00,28.03,27.84,42.87,1008.33
5602,504.09,28.03,27.82,42.85,1008.34
5603,504.18,28.05,27.81,42.86,1008.33
5604,504.27,28.04,27.81,42.84,1008.33
5605,504.36,28.05,27.80,42.84,1008.32
5606,504.45,28.06,27.79,42.84,1008.32
5607,504.54,28.04,27.80,42.84,1008.32
5608,504.63,28.03,27.80,42.83,1008.31
5609,504.72,28.03,27.82,42.79,1008.31
5610,504.81,28.03,27.80,42.81,1008.32
5611,504.90,28.04,27.80,42.83,1008.32
5612,504.99,28.05,27.81,42.85,1008.33
5613,505.08,28.05,27.81,42.83,1008.33
5614,505.17,28.06,27.80,42.83,1008.33
5615,505.26,28.06,27.79,42.83,1008.33
5616,505.35,28.06,27.79,42.84,1008.34
5617,505.44,28.07,27.78,42.86,1008.33
5618,505.53,28.07,27.79,42.86,1008.33
5619,505.62,28.09,27.79,42.85,1008.33
5620,505.71,28.08,27.78,42.86,1008.34
5621,505.80,28.08,27.79,42.88,1008.34
5622,505.89,28.09,27.80,42.89,1008.35
5623,505.98,28.09,27.80,42.84,1008.35
5624,506.07,28.09,27.78,42.83,1008.35
5625,506.16,28.11,27.79,42.83,1008.35
5626,506.25,28.11,27.79,42.82,1008.36
5627,506.34,28.11,27.77,42.83,1008.36
5628,506.43,28.10,27.77,42.84,1008.36
5629,506.52,28.09,27.77,42.84,1008.37
5630,506.61,28.09,27.79,42.84,1008.37
5631,506.70,28.09,27.79,42.85,1008.37
5632,506.79,28.09,27.78,42.84,1008.37
5633,506.88,28.10,27.81,42.85,1008.38
5634,506.97,28.11,27.82,42.87,1008.38
5635,507.06,28.10,27.82,42.88,1008.39
5636,507.15,28.11,27.83,42.87,1008.40
5637,507.24,28.11,27.83,42.87,1008.42
5638,507.33,28.13,27.83,42.88,1008.43
5639,507.42,28.13,27.82,42.85,1008.44
5640,507.51,28.15,27.82,42.85,1008.44
5641,507.60,28.14,27.82,42.88,1008.43
5642,507.69,28.15,27.83,42.90,1008.43
5643,507.78,28.14,27.82,42.88,1008.43
5644,507.87,28.15,27.82,42.88,1008.42
5645,507.96,28.14,27.81,42.88,1008.42
5646,508.05,28.14,27.82,42.91,1008.42
5647,508.14,28.13,27.81,42.92,1008.42
5648,508.23,28.15,27.81,42.91,1008.41
5649,508.32,28.13,27.83,42.89,1008.41
5650,508.41,28.12,27.83,42.89,1008.39
5651,508.50,28.13,27.84,42.92,1008.39
5652,508.59,28.12,27.83,42.92,1008.38
5653,508.68,28.11,27.82,42.91,1008.37
5654,508.77,28.12,27.84,42.90,1008.36
5655,508.86,28.13,27.86,42.89,1008.37
5656,508.95,28.12,27.85,42.92,1008.36
5657,509.04,28.12,27.87,42.92,1008.36
5658,509.13,28.13,27.89,42.90,1008.37
5659,509.22,28.13,27.88,42.90,1008.36
5660,509.31,28.12,27.89,42.90,1008.35
5661,509.40,28.12,27.92,42.90,1008.34
5662,509.49,28.10,27.91,42.90,1008.32
5663,509.58,28.09,27.92,42.89,1008.33
5664,509.67,28.09,27.91,42.90,1008.34
5665,509.76,28.08,27.91,42.92,1008.33
5666,509.85,28.08,27.91,42.94,1008.33
5667,509.94,28.07,27.92,42.95,1008.34
5668,510.03,28.07,27.91,42.92,1008.33
5669,510.12,28.07,27.91,42.92,1008.33
5670,510.21,28.07,27.90,42.91,1008.32
5671,510.30,28.07,27.91,42.91,1008.31
5672,510.39,28.08,27.93,42.92,1008.33
5673,510.48,28.06,27.92,42.91,1008.32
5674,510.57,28.06,27.93,42.93,1008.32
5675,510.66,28.06,27.93,42.94,1008.32
5676,510.75,28.06,27.95,42.91,1008.32
5677,510.84,28.04,27.96,42.90,1008.32
5678,510.93,28.04,27.94,42.93,1008.33
5679,511.02,28.05,27.93,42.93,1008.33
5680,511.11,28.05,27.92,42.92,1008.33
5681,511.20,28.07,27.92,42.92,1008.34
5682,511.29,28.08,27.93,42.93,1008.35
5683,511.38,28.09,27.93,42.92,1008.35
5684,511.47,28.07,27.92,42.92,1008.35
5685,511.56,28.07,27.92,42.94,1008.35
5686,511.65,28.07,27.92,42.97,1008.37
5687,511.74,28.06,27.89,42.98,1008.38
5688,511.83,28.06,27.87,42.99,1008.37
5689,511.92,28.06,27.87,43.00,1008.37
5690,512.01,28.07,27.86,43.01,1008.38
5691,512.10,28.06,27.86,43.01,1008.39
5692,512.19,28.04,27.85,43.01,1008.39
5693,512.28,28.05,27.83,43.02,1008.40
5694,512.37,28.06,27.81,43.02,1008.41
5695,512.46,28.05,27.82,43.00,1008.42
5696,512.55,28.05,27.81,42.98,1008.42
5697,512.64,28.06,27.81,42.97,1008.43
5698,512.73,28.06,27.81,42.95,1008.44
5699,512.82,28.07,27.81,42.94,1008.43
5700,512.91,28.07,27.80,42.95,1008.41
5701,513.00,28.06,27.79,42.95,1008.40
5702,513.09,28.06,27.78,42.94,1008.40
5703,513.18,28.07,27.77,42.93,1008.40
5704,513.27,28.08,27.77,42.90,1008.40
5705,513.36,28.07,27.77,42.89,1008.39
5706,513.45,28.06,27.77,42.90,1008.39
5707,513.54,28.06,27.78,42.93,1008.38
5708,513.63,28.07,27.78,42.93,1008.37
5709,513.72,28.06,27.80,42.91,1008.37
5710,513.81,28.06,27.79,42.93,1008.36
5711,513.90,28.06,27.80,42.95,1008.37
5712,513.99,28.05,27.78,42.93,1008.38
5713,514.08,28.06,27.79,42.92,1008.39
5714,514.17,28.07,27.79,42.94,1008.38
5715,514.26,28.06,27.80,42.93,1008.38
5716,514.35,28.07,27.80,42.92,1008.37
5717,514.44,28.07,27.80,42.92,1008.37
5718,514.53,28.08,27.80,42.93,1008.37
5719,514.62,28.09,27.79,42.92,1008.38
5720,514.71,28.08,27.80,42.94,1008.37
5721,514.80,28.09,27.79,42.94,1008.36
5722,514.89,28.09,27.79,42.94,1008.35
5723,514.98,28.09,27.79,42.95,1008.34
5724,515.07,28.08,27.78,42.95,1008.33
5725,515.16,28.06,27.78,42.94,1008.33
5726,515.25,28.07,27.78,42.96,1008.32
5727,515.34,28.07,27.76,42.98,1008.31
5728,515.43,28.09,27.78,42.97,1008.32
5729,515.52,28.09,27.80,42.96,1008.33
5730,515.61,28.09,27.81,42.96,1008.31
5731,515.70,28.08,27.82,42.97,1008.32
5732,515.79,28.08,27.83,42.98,1008.32
5733,515.88,28.08,27.82,42.96,1008.32
5734,515.97,28.06,27.81,42.96,1008.35
5735,516.06,28.07,27.81,42.94,1008.34
5736,516.15,28.08,27.80,42.93,1008.35
5737,516.24,28.08,27.81,42.93,1008.35
5738,516.33,28.07,27.80,42.92,1008.35
5739,516.42,28.07,27.81,42.93,1008.34
5740,516.51,28.08,27.82,42.93,1008.35
5741,516.60,28.09,27.82,42.92,1008.36
5742,516.69,28.10,27.83,42.93,1008.35
5743,516.78,28.12,27.83,42.93,1008.35
5744,516.87,28.11,27.84,42.94,1008.37
5745,516.96,28.10,27.86,42.92,1008.37
5746,517.05,28.11,27.70,42.96,1008.38
5747,517.14,28.10,27.85,42.96,1008.39
5748,517.23,28.10,27.85,42.96,1008.40
5749,517.32,28.12,27.84,42.93,1008.41
5750,517.41,28.12,27.85,42.91,1008.41
5751,517.50,28.13,27.87,42.89,1008.41
5752,517.59,28.11,27.86,42.89,1008.42
5753,517.68,28.13,27.85,42.90,1008.41
5754,517.77,28.13,27.88,42.91,1008.41
5755,517.86,28.12,27.88,42.96,1008.41
5756,517.95,28.13,27.86,42.96,1008.42
5757,518.04,28.12,27.86,42.96,1008.42
5758,518.13,28.11,27.87,42.98,1008.41
5759,518.22,28.10,27.89,42.98,1008.42
5760,518.31,28.09,27.88,42.98,1008.42
5761,518.40,28.08,27.86,42.98,1008.44
5762,518.49,28.08,27.85,42.98,1008.44
5763,518.58,28.10,27.84,42.95,1008.44
5764,518.67,28.08,27.82,42.94,1008.45
5765,518.76,28.08,27.83,42.96,1008.44
5766,518.85,28.09,27.85,42.98,1008.43
5767,518.94,28.10,27.84,43.00,1008.43
5768,519.03,28.11,27.85,42.99,1008.42
5769,519.12,28.10,27.86,43.01,1008.42
5770,519.21,28.11,27.84,42.98,1008.43
5771,519.30,28.12,27.84,42.94,1008.42
5772,519.39,28.11,27.84,42.94,1008.40
5773,519.48,28.10,27.81,42.96,1008.39
5774,519.57,28.10,27.82,42.98,1008.38
5775,519.66,28.10,27.80,42.96,1008.38
5776,519.75,28.10,27.81,42.98,1008.38
5777,519.84,28.09,27.84,43.00,1008.39
5778,519.93,28.08,27.85,43.00,1008.37
5779,520.02,28.07,27.85,43.01,1008.38
5780,520.11,28.07,27.83,43.00,1008.37
5781,520.20,28.06,27.80,43.01,1008.38
5782,520.29,28.08,27.80,43.00,1008.38
5783,520.38,28.06,27.79,43.00,1008.37
5784,520.47,28.05,27.79,42.98,1008.36
5785,520.56,28.06,27.79,42.98,1008.36
5786,520.65,28.08,27.78,43.01,1008.36
5787,520.74,28.07,27.77,43.01,1008.36
5788,520.83,28.07,27.76,43.03,1008.35
5789,520.92,28.07,27.77,43.03,1008.36
5790,521.01,28.06,27.79,43.01,1008.36
5791,521.10,28.05,27.78,43.02,1008.34
5792,521.19,28.05,27.80,42.99,1008.34
5793,521.28,28.06,27.80,42.98,1008.33
5794,521.37,28.07,27.79,42.97,1008.32
5795,521.46,28.07,27.79,42.96,1008.32
5796,521.55,28.08,27.79,42.98,1008.33
5797,521.64,28.08,27.77,42.99,1008.34
5798,521.73,28.10,27.76,42.96,1008.35
5799,521.82,28.11,27.75,42.93,1008.35
5800,521.91,28.09,27.76,42.93,1008.36
5801,522.00,28.08,27.75,42.92,1008.36
5802,522.09,28.08,27.74,42.93,1008.37
5803,522.18,28.09,27.74,42.91,1008.38
5804,522.27,28.09,27.74,42.93,1008.38
5805,522.36,28.09,27.74,42.91,1008.39
5806,522.45,28.08,27.73,42.93,1008.39
5807,522.54,28.07,27.73,42.95,1008.39
5808,522.63,28.05,27.73,42.93,1008.41
5809,522.72,28.04,27.75,42.96,1008.41
5810,522.81,28.04,27.75,42.95,1008.41
5811,522.90,28.04,27.75,42.96,1008.41
5812,522.99,28.07,27.76,42.95,1008.42
5813,523.08,28.08,27.78,42.94,1008.42
5814,523.17,28.05,27.79,42.95,1008.42
5815,523.26,28.07,27.80,42.97,1008.42
5816,523.35,28.07,27.80,42.99,1008.41
5817,523.44,28.07,27.77,43.02,1008.41
5818,523.53,28.09,27.79,43.05,1008.42
5819,523.62,28.09,27.82,43.03,1008.41
5820,523.71,28.10,27.80,43.03,1008.42
5821,523.80,28.10,27.80,43.03,1008.41
5822,523.89,28.11,27.79,43.04,1008.41
5823,523.98,28.11,27.80,43.01,1008.41
5824,524.07,28.10,27.79,43.00,1008.40
5825,524.16,28.11,27.79,42.99,1008.41
5826,524.25,28.12,27.79,42.98,1008.39
5827,524.34,28.10,27.78,42.98,1008.40
5828,524.43,28.10,27.78,42.96,1008.40
5829,524.52,28.12,27.78,42.92,1008.40
5830,524.61,28.13,27.81,42.91,1008.39
5831,524.70,28.13,27.79,42.91,1008.38
5832,524.79,28.12,27.78,42.91,1008.38
5833,524.88,28.12,27.80,42.90,1008.38
5834,524.97,28.11,27.78,42.90,1008.36
5835,525.06,28.10,27.78,42.90,1008.36
5836,525.15,28.11,27.79,42.89,1008.37
5837,525.24,28.11,27.79,42.90,1008.37
5838,525.33,28.12,27.80,42.90,1008.36
5839,525.42,28.12,27.80,42.95,1008.35
5840,525.51,28.11,27.82,42.94,1008.34
5841,525.60,28.13,27.83,42.96,1008.34
5842,525.69,28.13,27.82,42.95,1008.33
5843,525.78,28.13,27.84,42.97,1008.32
5844,525.87,28.11,27.83,42.97,1008.30
5845,525.96,28.11,27.85,42.98,1008.30
5846,526.05,28.11,27.86,42.99,1008.29
5847,526.14,28.11,27.86,43.01,1008.27
5848,526.23,28.11,27.88,43.01,1008.28
5849,526.32,28.09,27.89,43.00,1008.29
5850,526.41,28.10,27.89,43.03,1008.30
5851,526.50,28.09,27.88,43.05,1008.30
5852,526.59,28.10,27.86,43.03,1008.31
5853,526.68,28.09,27.87,43.02,1008.32
5854,526.77,28.09,27.89,43.01,1008.33
5855,526.86,28.10,27.89,42.99,1008.33
5856,526.95,28.09,27.86,42.98,1008.34
5857,527.04,28.08,27.86,43.01,1008.35
5858,527.13,28.09,27.85,43.03,1008.35
5859,527.22,28.08,27.85,43.02,1008.35
5860,527.31,28.07,27.86,43.00,1008.36
5861,527.40,28.07,27.86,43.01,1008.37
5862,527.49,28.06,27.84,43.00,1008.38
5863,527.58,28.06,27.85,42.98,1008.37
5864,527.67,28.07,27.86,42.96,1008.39
5865,527.76,28.06,27.85,42.97,1008.38
5866,527.85,28.06,27.83,42.96,1008.38
5867,527.94,28.06,27.85,42.95,1008.39
5868,528.03,28.07,27.84,42.95,1008.40
5869,528.12,28.08,27.82,42.96,1008.40
5870,528.21,28.06,27.81,42.96,1008.41
5871,528.30,28.07,27.82,42.96,1008.42
5872,528.39,28.05,27.80,42.98,1008.43
5873,528.48,28.04,27.78,42.96,1008.43
5874,528.57,28.04,27.79,42.96,1008.43
5875,528.66,28.03,27.79,42.95,1008.44
5876,528.75,28.04,27.81,42.92,1008.43
5877,528.84,28.05,27.80,42.94,1008.44
5878,528.93,28.04,27.80,42.90,1008.43
5879,529.02,28.04,27.81,42.88,1008.42
5880,529.11,28.06,27.79,42.90,1008.40
5881,529.20,28.05,27.78,42.90,1008.39
5882,529.29,28.05,27.79,42.91,1008.39
5883,529.38,28.05,27.80,42.89,1008.38
5884,529.47,28.06,27.82,42.92,1008.38
5885,529.56,28.08,27.82,42.94,1008.38
5886,529.65,28.07,27.82,42.91,1008.37
5887,529.74,28.09,27.81,42.91,1008.36
5888,529.83,28.09,27.82,42.93,1008.34
5889,529.92,28.09,27.82,42.95,1008.34
5890,530.01,28.09,27.81,42.93,1008.32
5891,530.10,28.08,27.83,42.93,1008.32
5892,530.19,28.09,27.85,42.93,1008.32
5893,530.28,28.09,27.85,42.92,1008.33
5894,530.37,28.10,27.86,42.94,1008.32
5895,530.46,28.10,27.86,42.96,1008.32
5896,530.55,28.11,27.84,42.96,1008.31
5897,530.64,28.12,27.84,42.98,1008.31
5898,530.73,28.13,27.84,42.98,1008.31
5899,530.82,28.12,27.83,42.98,1008.31
5900,530.91,28.12,27.84,42.95,1008.30
5901,531.00,28.12,27.86,42.94,1008.29
5902,531.09,28.14,27.86,42.95,1008.30
5903,531.18,28.15,27.87,42.98,1008.30
5904,531.27,28.15,27.88,42.97,1008.30
5905,531.36,28.15,27.85,42.98,1008.29
5906,531.45,28.14,27.86,42.97,1008.28
5907,531.54,28.13,27.86,42.97,1008.29
5908,531.63,28.14,27.83,42.98,1008.29
5909,531.72,28.13,27.85,42.97,1008.30
5910,531.81,28.12,27.85,42.99,1008.32
5911,531.90,28.12,27.83,42.99,1008.31
5912,531.99,28.14,27.84,43.01,1008.31
5913,532.08,28.14,27.83,43.03,1008.32
5914,532.17,28.14,27.82,43.03,1008.33
5915,532.26,28.14,27.82,43.03,1008.33
5916,532.35,28.13,27.82,43.04,1008.33
5917,532.44,28.13,27.82,43.04,1008.33
5918,532.53,28.13,27.83,43.02,1008.34
5919,532.62,28.13,27.81,43.02,1008.34
5920,532.71,28.14,27.79,43.01,1008.36
5921,532.80,28.15,27.79,43.03,1008.37
5922,532.89,28.14,27.82,43.02,1008.38
5923,532.98,28.15,27.81,43.02,1008.38
5924,533.07,28.13,27.82,43.01,1008.37
5925,533.16,28.13,27.81,43.02,1008.38
5926,533.25,28.15,27.82,43.03,1008.39
5927,533.34,28.14,27.82,43.02,1008.38
5928,533.43,28.14,27.81,43.03,1008.40
5929,533.52,28.13,27.83,43.01,1008.41
5930,533.61,28.12,27.84,43.00,1008.40
5931,533.70,28.13,27.85,42.99,1008.40
5932,533.79,28.12,27.84,43.00,1008.42
5933,533.88,28.13,27.82,42.99,1008.41
5934,533.97,28.12,27.80,42.99,1008.42
5935,534.06,28.11,27.82,43.00,1008.42
5936,534.15,28.11,27.82,43.01,1008.43
5937,534.24,28.11,27.83,43.00,1008.41
5938,534.33,28.11,27.84,43.01,1008.41
5939,534.42,28.13,27.85,43.03,1008.41
5940,534.51,28.13,27.87,43.02,1008.40
5941,534.60,28.12,27.88,43.02,1008.39
5942,534.69,28.11,27.87,43.04,1008.39
5943,534.78,28.10,27.86,43.04,1008.37
5944,534.87,28.09,27.85,43.05,1008.37
5945,534.96,28.08,27.84,43.06,1008.37
5946,535.05,28.07,27.84,43.10,1008.36
5947,535.14,28.07,27.85,43.10,1008.36
5948,535.23,28.06,27.85,43.08,1008.35
5949,535.32,28.06,27.84,43.06,1008.34
5950,535.41,28.07,27.84,43.03,1008.35
5951,535.50,28.08,27.83,43.03,1008.34
5952,535.59,28.09,27.82,43.07,1008.34
5953,535.68,28.09,27.80,43.07,1008.33
5954,535.77,28.08,27.78,43.08,1008.32
5955,535.86,28.06,27.78,43.08,1008.32
5956,535.95,28.06,27.77,43.08,1008.31
5957,536.04,28.06,27.76,43.07,1008.31
5958,536.13,28.06,27.75,43.06,1008.32
5959,536.22,28.06,27.73,43.06,1008.31
5960,536.31,28.08,27.76,43.04,1008.32
5961,536.40,28.08,27.75,43.03,1008.33
5962,536.49,28.07,27.78,43.03,1008.33
5963,536.58,28.08,27.79,43.02,1008.32
5964,536.67,28.08,27.78,43.04,1008.33
5965,536.76,28.09,27.80,43.04,1008.33
5966,536.85,28.08,27.80,43.04,1008.32
5967,536.94,28.08,27.81,43.04,1008.33
5968,537.03,28.07,27.83,43.05,1008.34
5969,537.12,28.06,27.82,43.04,1008.34
5970,537.21,28.08,27.81,43.04,1008.34
5971,537.30,28.07,27.83,43.04,1008.35
5972,537.39,28.08,27.81,43.04,1008.36
5973,537.48,28.08,27.80,43.03,1008.37
5974,537.57,28.09,27.79,43.02,1008.36
5975,537.66,28.07,27.78,43.04,1008.35
5976,537.75,28.08,27.78,43.04,1008.35
5977,537.84,28.08,27.77,43.06,1008.36
5978,537.93,28.07,27.77,43.04,1008.37
5979,538.02,28.07,27.77,43.03,1008.39
5980,538.11,28.06,27.76,43.02,1008.40
5981,538.20,28.04,27.76,43.01,1008.39
5982,538.29,28.05,27.77,42.99,1008.39
5983,538.38,28.06,27.76,42.99,1008.38
5984,538.47,28.06,27.78,43.00,1008.40
5985,538.56,28.06,27.77,42.99,1008.40
5986,538.65,28.06,27.77,42.99,1008.40
5987,538.74,28.07,27.75,42.98,1008.40
5988,538.83,28.08,27.75,43.02,1008.41
5989,538.92,28.07,27.77,43.00,1008.42
5990,539.01,28.09,27.77,42.99,1008.42
5991,539.10,28.09,27.77,42.98,1008.43
5992,539.19,28.11,27.78,42.96,1008.41
5993,539.28,28.11,27.79,42.96,1008.40
5994,539.37,28.10,27.81,42.94,1008.41
5995,539.46,28.09,27.81,42.93,1008.39
5996,539.55,28.09,27.80,42.91,1008.39
5997,539.64,28.08,27.82,42.90,1008.38
5998,539.73,28.08,27.81,42.87,1008.39
5999,539.82,28.08,27.83,42.88,1008.39
6000,539.91,28.09,27.82,42.87,1008.38
6001,540.00,28.09,27.83,42.88,1008.38
6002,540.09,28.08,27.80,42.87,1008.38
6003,540.18,28.08,27.81,42.87,1008.37
6004,540.27,28.08,27.83,42.86,1008.37
6005,540.36,28.09,27.83,42.87,1008.37
6006,540.45,28.07,27.82,42.87,1008.36
6007,540.54,28.06,27.83,42.86,1008.36
6008,540.63,28.04,27.84,42.88,1008.36
6009,540.72,28.03,27.85,42.86,1008.36
6010,540.81,28.02,27.85,42.84,1008.35
6011,540.90,28.03,27.85,42.83,1008.33
6012,540.99,28.04,27.85,42.82,1008.32
6013,541.08,28.06,27.84,42.84,1008.32
6014,541.17,28.07,27.85,42.85,1008.32
6015,541.26,28.08,27.85,42.86,1008.32
6016,541.35,28.11,27.86,42.86,1008.32
6017,541.44,28.11,27.87,42.87,1008.32
6018,541.53,28.09,27.88,42.89,1008.33
6019,541.62,28.10,27.87,42.92,1008.33
6020,541.71,28.10,27.88,42.91,1008.33
6021,541.80,28.12,27.88,42.92,1008.32
6022,541.89,28.12,27.89,42.93,1008.31
6023,541.98,28.10,27.89,42.94,1008.31
6024,542.07,28.10,27.88,42.92,1008.30
6025,542.16,28.09,27.87,42.91,1008.30
6026,542.25,28.09,27.86,42.93,1008.31
6027,542.34,28.09,27.86,42.94,1008.33
6028,542.43,28.08,27.84,42.95,1008.33
6029,542.52,28.07,27.83,42.93,1008.33
6030,542.61,28.08,27.84,42.90,1008.33
6031,542.70,28.07,27.86,42.92,1008.33
6032,542.79,28.06,27.86,42.93,1008.34
6033,542.88,28.05,27.87,42.93,1008.34
6034,542.97,28.04,27.86,42.93,1008.34
6035,543.06,28.06,27.84,42.93,1008.34
6036,543.15,28.05,27.85,42.95,1008.35
6037,543.24,28.06,27.86,42.94,1008.34
6038,543.33,28.08,27.85,42.93,1008.35
6039,543.42,28.09,27.83,42.93,1008.37
6040,543.51,28.09,27.85,42.96,1008.38
6041,543.60,28.08,27.83,42.96,1008.38
6042,543.69,28.07,27.83,42.98,1008.38
6043,543.78,28.07,27.84,42.99,1008.40
6044,543.87,28.06,27.84,42.95,1008.40
6045,543.96,28.07,27.84,42.93,1008.41
6046,544.05,28.06,27.84,42.91,1008.41
6047,544.14,28.06,27.84,42.92,1008.42
6048,544.23,28.05,27.81,42.93,1008.42
6049,544.32,28.05,27.80,42.93,1008.42
6050,544.41,28.05,27.81,42.92,1008.42
6051,544.50,28.06,27.80,42.94,1008.44
6052,544.59,28.05,27.79,42.92,1008.45
6053,544.68,28.05,27.78,42.96,1008.45
6054,544.77,28.05,27.77,42.98,1008.45
6055,544.86,28.05,27.76,42.98,1008.45
6056,544.95,28.03,27.77,42.95,1008.46
6057,545.04,28.05,27.80,42.96,1008.45
6058,545.13,28.03,27.79,42.96,1008.45
6059,545.22,28.04,27.81,42.98,1008.44
6060,545.31,28.02,27.79,42.98,1008.43
6061,545.40,28.02,27.80,42.97,1008.42
6062,545.49,28.02,27.80,42.96,1008.42
6063,545.58,28.02,27.81,42.96,1008.41
6064,545.67,28.02,27.80,42.97,1008.41
6065,545.76,28.02,27.77,42.97,1008.41
6066,545.85,28.02,27.78,42.97,1008.40
6067,545.94,28.02,27.76,42.99,1008.38
6068,546.03,28.02,27.77,43.00,1008.38
6069,546.12,28.02,27.78,43.00,1008.38
6070,546.21,28.02,27.78,42.99,1008.37
6071,546.30,28.02,27.78,42.99,1008.38
6072,546.39,28.02,27.78,42.98,1008.37
6073,546.48,28.02,27.76,42.97,1008.36
6074,546.57,28.02,27.75,42.97,1008.36
6075,546.66,28.03,27.76,42.96,1008.35
6076,546.75,28.04,27.77,42.96,1008.35
6077,546.84,28.03,27.77,42.96,1008.35
6078,546.93,28.03,27.79,42.96,1008.35
6079,547.02,28.02,27.78,42.95,1008.34
6080,547.11,28.04,27.78,42.95,1008.34
6081,547.20,28.04,27.80,42.94,1008.34
6082,547.29,28.04,27.81,42.93,1008.34
6083,547.38,28.05,27.81,42.91,1008.34
6084,547.47,28.04,27.81,42.92,1008.33
6085,547.56,28.04,27.82,42.92,1008.33
6086,547.65,28.03,27.82,42.91,1008.35
6087,547.74,28.04,27.83,42.90,1008.36
6088,547.83,28.05,27.82,42.92,1008.37
6089,547.92,28.04,27.82,42.93,1008.35
6090,548.01,28.06,27.81,42.95,1008.35
6091,548.10,28.07,27.83,42.96,1008.36
6092,548.19,28.07,27.83,42.95,1008.37
6093,548.28,28.05,27.85,42.96,1008.36
6094,548.37,28.05,27.87,42.94,1008.36
6095,548.46,28.07,27.87,42.94,1008.38
6096,548.55,28.09,27.87,42.94,1008.39
6097,548.64,28.10,27.86,42.95,1008.38
6098,548.73,28.09,27.86,42.96,1008.39
6099,548.82,28.09,27.86,42.94,1008.39
6100,548.91,28.08,27.85,42.96,1008.40
6101,549.00,28.08,27.85,42.95,1008.40
6102,549.09,28.09,27.83,42.95,1008.42
6103,549.18,28.09,27.86,42.95,1008.43
6104,549.27,28.13,27.88,42.93,1008.42
6105,549.36,28.11,27.88,42.92,1008.41
6106,549.45,28.11,27.88,42.96,1008.41
6107,549.54,28.11,27.89,42.95,1008.42
6108,549.63,28.13,27.91,42.95,1008.45
6109,549.72,28.12,27.91,42.94,1008.44
6110,549.81,28.12,27.92,42.94,1008.43
6111,549.90,28.14,27.93,42.95,1008.45
6112,549.99,28.15,27.92,42.97,1008.45
6113,550.08,28.16,27.90,42.97,1008.45
6114,550.17,28.15,27.90,42.97,1008.44
6115,550.26,28.12,27.91,42.96,1008.43
6116,550.35,28.12,27.90,42.95,1008.42
6117,550.44,28.13,27.89,42.94,1008.42
6118,550.53,28.12,27.70,42.98,1008.41
6119,550.62,28.11,27.80,42.97,1008.40
6120,550.71,28.11,27.87,42.97,1008.39
6121,550.80,28.10,27.85,42.97,1008.38
6122,550.89,28.10,27.86,42.97,1008.37
6123,550.98,28.10,27.89,42.99,1008.36
6124,551.07,28.11,27.88,42.99,1008.37
6125,551.16,28.11,27.88,42.98,1008.37
6126,551.25,28.11,27.89,42.96,1008.36
6127,551.34,28.09,27.88,42.97,1008.35
6128,551.43,28.10,27.88,42.98,1008.36
6129,551.52,28.09,27.90,42.98,1008.36
6130,551.61,28.10,27.89,42.97,1008.36
6131,551.70,28.10,27.87,42.96,1008.36
6132,551.79,28.09,27.86,42.97,1008.35
6133,551.88,28.10,27.84,42.96,1008.35
6134,551.97,28.09,27.84,42.96,1008.34
6135,552.06,28.07,27.82,42.94,1008.35
6136,552.15,28.08,27.82,42.94,1008.35
6137,552.24,28.08,27.82,42.91,1008.35
6138,552.33,28.09,27.80,42.90,1008.35
6139,552.42,28.07,27.77,42.92,1008.34
6140,552.51,28.06,27.77,42.91,1008.33
6141,552.60,28.07,27.77,42.90,1008.31
6142,552.69,28.08,27.77,42.89,1008.30
6143,552.78,28.07,27.75,42.89,1008.31
6144,552.87,28.08,27.75,42.91,1008.32
6145,552.96,28.09,27.75,42.90,1008.33
6146,553.05,28.09,27.74,42.90,1008.33
6147,553.14,28.09,27.76,42.93,1008.33
6148,553.23,28.09,27.75,42.93,1008.34
6149,553.32,28.08,27.73,42.95,1008.34
6150,553.41,28.09,27.73,42.96,1008.34
6151,553.50,28.07,27.74,42.94,1008.35
6152,553.59,28.07,27.75,42.91,1008.34
6153,553.68,28.06,27.76,42.91,1008.35
6154,553.77,28.05,27.75,42.94,1008.36
6155,553.86,28.05,27.74,42.92,1008.36
6156,553.95,28.04,27.73,42.93,1008.36
6157,554.04,28.05,27.73,42.94,1008.37
6158,554.13,28.06,27.70,42.96,1008.38
6159,554.22,28.04,27.72,42.94,1008.38
6160,554.31,28.03,27.72,42.95,1008.39
6161,554.40,28.02,27.73,42.92,1008.38
6162,554.49,28.02,27.73,42.92,1008.37
6163,554.58,28.03,27.74,42.90,1008.36
6164,554.67,28.04,27.76,42.90,1008.36
6165,554.76,28.02,27.75,42.89,1008.37
6166,554.85,28.03,27.75,42.88,1008.39
6167,554.94,28.04,27.76,42.87,1008.39
6168,555.03,28.03,27.75,42.85,1008.40
6169,555.12,28.02,27.76,42.86,1008.40
6170,555.21,28.02,27.78,42.84,1008.41
6171,555.30,28.03,27.78,42.82,1008.41
6172,555.39,28.03,27.81,42.83,1008.42
6173,555.48,28.03,27.81,42.83,1008.42
6174,555.57,28.05,27.79,42.82,1008.41
6175,555.66,28.06,27.80,42.84,1008.40
6176,555.75,28.05,27.81,42.84,1008.38
6177,555.84,28.06,27.79,42.84,1008.39
6178,555.93,28.08,27.79,42.85,1008.39
6179,556.02,28.09,27.80,42.89,1008.39
6180,556.11,28.09,27.81,42.86,1008.38
6181,556.20,28.09,27.80,42.85,1008.37
6182,556.29,28.10,27.81,42.86,1008.37
6183,556.38,28.11,27.81,42.87,1008.38
6184,556.47,28.10,27.83,42.88,1008.38
6185,556.56,28.12,27.83,42.89,1008.38
6186,556.65,28.11,27.83,42.89,1008.38
6187,556.74,28.11,27.84,42.90,1008.37
6188,556.83,28.11,27.84,42.90,1008.37
6189,556.92,28.10,27.87,42.89,1008.34
6190,557.01,28.10,27.86,42.90,1008.33
6191,557.10,28.12,27.84,42.89,1008.32
6192,557.19,28.12,27.85,42.91,1008.31
6193,557.28,28.13,27.85,42.89,1008.31
6194,557.37,28.14,27.86,42.90,1008.30
6195,557.46,28.15,27.84,42.88,1008.31
6196,557.55,28.13,27.83,42.87,1008.32
6197,557.64,28.12,27.82,42.85,1008.32
6198,557.73,28.12,27.82,42.84,1008.33
6199,557.82,28.13,27.83,42.85,1008.33
6200,557.91,28.14,27.85,42.84,1008.32
6201,558.00,28.15,27.86,42.85,1008.33
6202,558.09,28.16,27.86,42.87,1008.32
6203,558.18,28.15,27.86,42.88,1008.32
6204,558.27,28.15,27.86,42.90,1008.33
6205,558.36,28.15,27.86,42.88,1008.34
6206,558.45,28.16,27.86,42.90,1008.32
6207,558.54,28.15,27.87,42.90,1008.32
6208,558.63,28.16,27.86,42.91,1008.33
6209,558.72,28.17,27.86,42.93,1008.32
6210,558.81,28.15,27.85,42.93,1008.33
6211,558.90,28.14,27.85,42.90,1008.33
6212,558.99,28.13,27.84,42.89,1008.35
6213,559.08,28.11,27.84,42.88,1008.36
6214,559.17,28.12,27.84,42.87,1008.36
6215,559.26,28.12,27.82,42.87,1008.37
6216,559.35,28.12,27.81,42.88,1008.39
6217,559.44,28.12,27.81,42.88,1008.39
6218,559.53,28.13,27.80,42.88,1008.39
6219,559.62,28.11,27.80,42.87,1008.38
6220,559.71,28.10,27.79,42.87,1008.39
6221,559.80,28.09,27.79,42.85,1008.39
6222,559.89,28.09,27.79,42.83,1008.39
6223,559.98,28.08,27.79,42.83,1008.39
6224,560.07,28.09,27.78,42.86,1008.39
6225,560.16,28.07,27.78,42.85,1008.40
6226,560.25,28.06,27.77,42.88,1008.40
6227,560.34,28.06,27.75,42.89,1008.39
6228,560.43,28.06,27.74,42.87,1008.40
6229,560.52,28.05,27.74,42.86,1008.39
6230,560.61,28.05,27.74,42.87,1008.38
6231,560.70,28.04,27.74,42.86,1008.38
6232,560.79,28.06,27.73,42.82,1008.37
6233,560.88,28.06,27.76,42.81,1008.37
6234,560.97,28.04,27.75,42.83,1008.36
6235,561.06,28.04,27.73,42.84,1008.35
6236,561.15,28.04,27.73,42.83,1008.35
6237,561.24,28.03,27.72,42.82,1008.35
6238,561.33,28.03,27.73,42.82,1008.34
6239,561.42,28.04,27.74,42.79,1008.34
6240,561.51,28.04,27.74,42.82,1008.33
6241,561.60,28.05,27.71,42.86,1008.33
6242,561.69,28.05,27.72,42.86,1008.32
6243,561.78,28.05,27.74,42.88,1008.32
6244,561.87,28.05,27.75,42.84,1008.32
6245,561.96,28.04,27.75,42.86,1008.32
6246,562.05,28.02,27.75,42.85,1008.32
6247,562.14,28.03,27.75,42.85,1008.30
6248,562.23,28.04,27.74,42.85,1008.31
6249,562.32,28.06,27.73,42.89,1008.30
6250,562.41,28.05,27.72,42.89,1008.30
6251,562.50,28.03,27.74,42.87,1008.29
6252,562.59,28.02,27.74,42.86,1008.28
6253,562.68,28.01,27.76,42.87,1008.30
6254,562.77,28.02,27.76,42.86,1008.29
6255,562.86,28.02,27.77,42.87,1008.31
6256,562.95,28.01,27.78,42.86,1008.31
6257,563.04,28.03,27.79,42.87,1008.32
6258,563.13,28.02,27.80,42.89,1008.32
6259,563.22,28.04,27.82,42.88,1008.32
6260,563.31,28.04,27.82,42.89,1008.31
6261,563.40,28.03,27.83,42.88,1008.31
6262,563.49,28.04,27.84,42.86,1008.33
6263,563.58,28.02,27.83,42.87,1008.33
6264,563.67,28.03,27.84,42.85,1008.34
6265,563.76,28.02,27.82,42.84,1008.35
6266,563.85,28.03,27.82,42.86,1008.36
6267,563.94,28.04,27.82,42.87,1008.37
6268,564.03,28.04,27.83,42.84,1008.38
6269,564.12,28.04,27.83,42.84,1008.36
6270,564.21,28.04,27.84,42.84,1008.37
6271,564.30,28.04,27.85,42.83,1008.38
6272,564.39,28.06,27.85,42.85,1008.39
6273,564.48,28.05,27.87,42.85,1008.39
6274,564.57,28.05,27.87,42.83,1008.40
6275,564.66,28.07,27.86,42.80,1008.39
6276,564.75,28.07,27.85,42.80,1008.40
6277,564.84,28.06,27.87,42.80,1008.41
6278,564.93,28.06,27.88,42.77,1008.41
6279,565.02,28.07,27.87,42.77,1008.42
6280,565.11,28.07,27.88,42.74,1008.42
6281,565.20,28.07,27.89,42.72,1008.42
6282,565.29,28.07,27.88,42.72,1008.42
6283,565.38,28.08,27.89,42.70,1008.42
6284,565.47,28.07,27.89,42.71,1008.42
6285,565.56,28.08,27.91,42.71,1008.42
6286,565.65,28.06,27.89,42.72,1008.41
6287,565.74,28.05,27.88,42.70,1008.42
6288,565.83,28.06,27.87,42.71,1008.40
6289,565.92,28.06,27.85,42.70,1008.40
6290,566.01,28.06,27.85,42.68,1008.40
6291,566.10,28.07,27.83,42.70,1008.40
6292,566.19,28.07,27.81,42.72,1008.40
6293,566.28,28.09,27.79,42.72,1008.39
6294,566.37,28.09,27.80,42.70,1008.38
6295,566.46,28.08,27.79,42.69,1008.39
6296,566.55,28.09,27.81,42.70,1008.39
6297,566.64,28.09,27.80,42.73,1008.39
6298,566.73,28.10,27.80,42.74,1008.39
6299,566.82,28.11,27.82,42.72,1008.38
6300,566.91,28.11,27.82,42.72,1008.38
6301,567.00,28.12,27.83,42.73,1008.37
6302,567.09,28.12,27.85,42.72,1008.38
6303,567.18,28.13,27.84,42.73,1008.37
6304,567.27,28.13,27.83,42.72,1008.36
6305,567.36,28.14,27.84,42.73,1008.36
6306,567.45,28.14,27.86,42.71,1008.36
6307,567.54,28.13,27.84,42.71,1008.34
6308,567.63,28.14,27.85,42.71,1008.33
6309,567.72,28.15,27.85,42.71,1008.34
6310,567.81,28.13,27.86,42.72,1008.33
6311,567.90,28.13,27.83,42.71,1008.33
6312,567.99,28.12,27.82,42.71,1008.33
6313,568.08,28.10,27.82,42.71,1008.32
6314,568.17,28.10,27.82,42.73,1008.31
6315,568.26,28.10,27.81,42.74,1008.30
6316,568.35,28.10,27.80,42.74,1008.30
6317,568.44,28.09,27.81,42.76,1008.31
6318,568.53,28.08,27.81,42.78,1008.31
6319,568.62,28.07,27.80,42.77,1008.33
6320,568.71,28.05,27.77,42.80,1008.32
6321,568.80,28.07,27.78,42.80,1008.31
6322,568.89,28.08,27.79,42.83,1008.31
6323,568.98,28.07,27.77,42.84,1008.31
6324,569.07,28.06,27.77,42.80,1008.32
6325,569.16,28.09,27.80,42.79,1008.33
6326,569.25,28.07,27.81,42.79,1008.34
6327,569.34,28.07,27.82,42.80,1008.35
6328,569.43,28.06,27.85,42.82,1008.35
6329,569.52,28.07,27.83,42.80,1008.37
6330,569.61,28.07,27.82,42.82,1008.37
6331,569.70,28.08,27.79,42.79,1008.37
6332,569.79,28.07,27.79,42.77,1008.37
6333,569.88,28.07,27.78,42.77,1008.37
6334,569.97,28.06,27.76,42.79,1008.39
6335,570.06,28.08,27.75,42.79,1008.39
6336,570.15,28.07,27.75,42.78,1008.39
6337,570.24,28.07,27.76,42.76,1008.39
6338,570.33,28.07,27.75,42.75,1008.40
6339,570.42,28.06,27.76,42.77,1008.39
6340,570.51,28.05,27.77,42.75,1008.40
6341,570.60,28.04,27.78,42.78,1008.39
6342,570.69,28.04,27.78,42.78,1008.39
6343,570.78,28.07,27.76,42.77,1008.39
6344,570.87,28.06,27.74,42.76,1008.39
6345,570.96,28.06,27.75,42.77,1008.40
6346,571.05,28.07,27.77,42.76,1008.40
6347,571.14,28.06,27.77,42.77,1008.40
6348,571.23,28.07,27.77,42.76,1008.39
6349,571.32,28.06,27.79,42.78,1008.40
6350,571.41,28.06,27.80,42.76,1008.39
6351,571.50,28.06,27.82,42.76,1008.38
6352,571.59,28.07,27.83,42.77,1008.39
6353,571.68,28.07,27.86,42.77,1008.39
6354,571.77,28.06,27.87,42.75,1008.40
6355,571.86,28.05,27.87,42.73,1008.39
6356,571.95,28.03,27.86,42.72,1008.37
6357,572.04,28.03,27.85,42.72,1008.39
6358,572.13,28.03,27.84,42.68,1008.39
6359,572.22,28.03,27.83,42.68,1008.38
6360,572.31,28.02,27.82,42.69,1008.37
6361,572.40,28.01,27.83,42.69,1008.36
6362,572.49,28.01,27.83,42.70,1008.35
6363,572.58,28.04,27.83,42.71,1008.35
6364,572.67,28.03,27.85,42.71,1008.34
6365,572.76,28.02,27.86,42.71,1008.35
6366,572.85,28.05,27.87,42.72,1008.36
6367,572.94,28.06,27.86,42.70,1008.36
6368,573.03,28.06,27.88,42.71,1008.35
6369,573.12,28.06,27.87,42.71,1008.36
6370,573.21,28.05,27.87,42.73,1008.35
6371,573.30,28.07,27.86,42.73,1008.34
6372,573.39,28.07,27.87,42.72,1008.33
6373,573.48,28.08,27.86,42.73,1008.34
6374,573.57,28.10,27.87,42.74,1008.34
6375,573.66,28.10,27.85,42.76,1008.33
6376,573.75,28.09,27.84,42.77,1008.33
6377,573.84,28.08,27.86,42.76,1008.33
6378,573.93,28.08,27.86,42.75,1008.33
6379,574.02,28.09,27.85,42.75,1008.34
6380,574.11,28.09,27.87,42.77,1008.34
6381,574.20,28.09,27.87,42.79,1008.35
6382,574.29,28.09,27.85,42.81,1008.36
6383,574.38,28.10,27.85,42.78,1008.37
6384,574.47,28.11,27.87,42.81,1008.38
6385,574.56,28.09,27.86,42.81,1008.39
6386,574.65,28.11,27.86,42.81,1008.39
6387,574.74,28.10,27.84,42.79,1008.39
6388,574.83,28.09,27.84,42.76,1008.40
6389,574.92,28.08,27.84,42.77,1008.40
6390,575.01,28.09,27.83,42.77,1008.41
6391,575.10,28.10,27.83,42.76,1008.41
6392,575.19,28.12,27.82,42.72,1008.41
6393,575.28,28.12,27.82,42.72,1008.41
6394,575.37,28.12,27.81,42.72,1008.42
6395,575.46,28.12,27.80,42.73,1008.41
6396,575.55,28.11,27.84,42.71,1008.42
6397,575.64,28.11,27.83,42.71,1008.44
6398,575.73,28.11,27.80,42.71,1008.44
6399,575.82,28.12,27.81,42.71,1008.44
6400,575.91,28.11,27.79,42.71,1008.44
6401,576.00,28.11,27.80,42.72,1008.45
6402,576.09,28.12,27.79,42.74,1008.45
6403,576.18,28.12,27.80,42.77,1008.44
6404,576.27,28.13,27.80,42.76,1008.44
6405,576.36,28.14,27.79,42.77,1008.45
6406,576.45,28.14,27.75,42.77,1008.44
6407,576.54,28.15,27.76,42.78,1008.43
6408,576.63,28.15,27.75,42.78,1008.42
6409,576.72,28.14,27.76,42.78,1008.41
6410,576.81,28.13,27.76,42.78,1008.41
6411,576.90,28.12,27.76,42.78,1008.39
6412,576.99,28.11,27.76,42.80,1008.38
6413,577.08,28.12,27.77,42.81,1008.37
6414,577.17,28.10,27.78,42.80,1008.37
6415,577.26,28.11,27.78,42.79,1008.36
6416,577.35,28.10,27.78,42.76,1008.35
6417,577.44,28.09,27.76,42.76,1008.36
6418,577.53,28.09,27.76,42.76,1008.36
6419,577.62,28.09,27.76,42.76,1008.34
6420,577.71,28.09,27.77,42.76,1008.35
6421,577.80,28.08,27.78,42.75,1008.35
6422,577.89,28.09,27.77,42.73,1008.36
6423,577.98,28.07,27.77,42.74,1008.35
6424,578.07,28.06,27.77,42.74,1008.35
6425,578.16,28.05,27.76,42.74,1008.33
6426,578.25,28.04,27.76,42.72,1008.32
6427,578.34,28.05,27.76,42.72,1008.30
6428,578.43,28.05,27.74,42.73,1008.32
6429,578.52,28.06,27.74,42.71,1008.31
6430,578.61,28.06,27.77,42.72,1008.30
6431,578.70,28.06,27.77,42.73,1008.29
6432,578.79,28.06,27.75,42.71,1008.28
6433,578.88,28.05,27.76,42.71,1008.27
6434,578.97,28.05,27.76,42.71,1008.27
6435,579.06,28.06,27.75,42.70,1008.29
6436,579.15,28.06,27.76,42.71,1008.29
6437,579.24,28.06,27.76,42.73,1008.30
6438,579.33,28.05,27.76,42.71,1008.31
6439,579.42,28.05,27.75,42.73,1008.31
6440,579.51,28.05,27.77,42.74,1008.32
6441,579.60,28.05,27.77,42.80,1008.33
6442,579.69,28.04,27.80,42.80,1008.33
6443,579.78,28.04,27.77,42.79,1008.34
6444,579.87,28.03,27.78,42.77,1008.36
6445,579.96,28.01,27.80,42.77,1008.36
6446,580.05,28.01,27.79,42.79,1008.37
6447,580.14,28.01,27.80,42.77,1008.38
6448,580.23,28.01,27.81,42.76,1008.38
6449,580.32,28.01,27.81,42.74,1008.38
6450,580.41,28.01,27.83,42.73,1008.38
6451,580.50,28.01,27.83,42.71,1008.38
6452,580.59,28.01,27.83,42.72,1008.41
6453,580.68,28.01,27.83,42.73,1008.41
6454,580.77,28.01,27.85,42.75,1008.41
6455,580.86,28.01,27.87,42.78,1008.43
6456,580.95,28.01,27.86,42.79,1008.42
6457,581.04,28.03,27.84,42.80,1008.43
6458,581.13,28.04,27.84,42.82,1008.44
6459,581.22,28.05,27.85,42.83,1008.44
6460,581.31,28.07,27.86,42.85,1008.43
6461,581.40,28.06,27.86,42.84,1008.44
6462,581.49,28.07,27.85,42.83,1008.44
6463,581.58,28.05,27.87,42.80,1008.43
6464,581.67,28.05,27.86,42.83,1008.42
6465,581.76,28.05,27.86,42.81,1008.42
6466,581.85,28.04,27.84,42.82,1008.42
6467,581.94,28.06,27.84,42.82,1008.41
6468,582.03,28.06,27.84,42.82,1008.41
6469,582.12,28.06,27.84,42.80,1008.41
6470,582.21,28.07,27.80,42.80,1008.41
6471,582.30,28.09,27.82,42.81,1008.39
6472,582.39,28.09,27.82,42.81,1008.37
6473,582.48,28.09,27.81,42.82,1008.38
6474,582.57,28.11,27.82,42.82,1008.38
6475,582.66,28.11,27.83,42.84,1008.37
6476,582.75,28.10,27.84,42.87,1008.38
6477,582.84,28.10,27.82,42.85,1008.38
6478,582.93,28.10,27.82,42.88,1008.38
6479,583.02,28.11,27.84,42.88,1008.36
6480,583.11,28.10,27.84,42.87,1008.36
6481,583.20,28.12,27.84,42.88,1008.34
6482,583.29,28.13,27.85,42.87,1008.35
6483,583.38,28.13,27.84,42.89,1008.34
6484,583.47,28.14,27.85,42.87,1008.33
6485,583.56,28.14,27.85,42.85,1008.33
6486,583.65,28.17,27.86,42.85,1008.33
6487,583.74,28.17,27.84,42.85,1008.33
6488,583.83,28.16,27.83,42.85,1008.32
6489,583.92,28.16,27.81,42.87,1008.32
6490,584.01,28.17,27.81,42.87,1008.31
6491,584.10,28.18,27.79,42.86,1008.31
6492,584.19,28.17,27.77,42.87,1008.31
6493,584.28,28.18,27.78,42.85,1008.32
6494,584.37,28.17,27.79,42.83,1008.32
6495,584.46,28.16,27.78,42.84,1008.32
6496,584.55,28.16,27.78,42.85,1008.32
6497,584.64,28.14,27.77,42.83,1008.32
6498,584.73,28.16,27.77,42.84,1008.32
6499,584.82,28.17,27.79,42.82,1008.33
6500,584.91,28.18,27.78,42.82,1008.32
6501,585.00,28.18,27.78,42.83,1008.33
6502,585.09,28.17,27.75,42.84,1008.35
6503,585.18,28.17,27.72,42.83,1008.36
6504,585.27,28.17,27.72,42.82,1008.37
6505,585.36,28.19,27.72,42.82,1008.36
6506,585.45,28.18,27.72,42.83,1008.38
6507,585.54,28.18,27.69,42.83,1008.38
6508,585.63,28.16,27.68,42.82,1008.39
6509,585.72,28.16,27.70,42.81,1008.40
6510,585.81,28.17,27.71,42.82,1008.39
6511,585.90,28.17,27.73,42.82,1008.40
6512,585.99,28.16,27.71,42.79,1008.40
6513,586.08,28.16,27.71,42.79,1008.40
6514,586.17,28.16,27.69,42.78,1008.41
6515,586.26,28.14,27.69,42.80,1008.41
6516,586.35,28.14,27.70,42.80,1008.42
6517,586.44,28.15,27.71,42.80,1008.42
6518,586.53,28.14,27.70,42.79,1008.41
6519,586.62,28.14,27.72,42.77,1008.40
6520,586.71,28.12,27.73,42.79,1008.41
6521,586.80,28.13,27.73,42.78,1008.41
6522,586.89,28.12,27.75,42.76,1008.41
6523,586.98,28.12,27.77,42.74,1008.40
6524,587.07,28.11,27.77,42.74,1008.41
6525,587.16,28.11,27.79,42.78,1008.42
6526,587.25,28.12,27.79,42.79,1008.42
6527,587.34,28.12,27.80,42.79,1008.42
6528,587.43,28.10,27.82,42.78,1008.41
6529,587.52,28.06,27.81,42.79,1008.40
6530,587.61,28.07,27.82,42.78,1008.39
6531,587.70,28.37,27.82,42.79,1008.40
6532,587.79,28.18,27.81,42.78,1008.38
6533,587.88,28.06,27.81,42.81,1008.36
6534,587.97,28.05,27.81,42.80,1008.36
6535,588.06,28.04,27.83,42.79,1008.35
6536,588.15,28.03,27.82,42.77,1008.37
6537,588.24,28.02,27.85,42.77,1008.37
6538,588.33,28.01,27.84,42.77,1008.36
6539,588.42,28.01,27.84,42.78,1008.35
6540,588.51,28.01,27.84,42.75,1008.35
6541,588.60,28.01,27.84,42.75,1008.34
6542,588.69,28.01,27.83,42.73,1008.35
6543,588.78,28.01,27.82,42.73,1008.35
6544,588.87,28.01,27.82,42.74,1008.33
6545,588.96,28.01,27.83,42.74,1008.32
6546,589.05,28.01,27.83,42.73,1008.32
6547,589.14,28.01,27.82,42.72,1008.32
6548,589.23,28.01,27.82,42.70,1008.31
6549,589.32,28.02,27.83,42.69,1008.31
6550,589.41,28.03,27.83,42.69,1008.31
6551,589.50,28.02,27.81,42.69,1008.31
6552,589.59,28.03,27.80,42.67,1008.31
6553,589.68,28.04,27.79,42.69,1008.32
6554,589.77,28.04,27.77,42.67,1008.32
6555,589.86,28.05,27.77,42.66,1008.30
6556,589.95,28.04,27.75,42.65,1008.30
6557,590.04,28.05,27.71,42.68,1008.30
6558,590.13,28.06,27.73,42.70,1008.31
6559,590.22,28.04,27.73,42.71,1008.31
6560,590.31,28.05,27.72,42.72,1008.32
6561,590.40,28.07,27.72,42.72,1008.34
6562,590.49,28.07,27.74,42.72,1008.35
6563,590.58,28.07,27.72,42.71,1008.36
6564,590.67,28.08,27.73,42.68,1008.37
6565,590.76,28.08,27.73,42.69,1008.37
6566,590.85,28.09,27.73,42.69,1008.38
6567,590.94,28.08,27.77,42.72,1008.37
6568,591.03,28.09,27.80,42.73,1008.37
6569,591.12,28.09,27.81,42.72,1008.38
6570,591.21,28.10,27.80,42.73,1008.39
6571,591.30,28.10,27.82,42.72,1008.39
6572,591.39,28.10,27.83,42.73,1008.39
6573,591.48,28.12,27.84,42.75,1008.39
6574,591.57,28.11,27.83,42.74,1008.40
6575,591.66,28.10,27.86,42.74,1008.41
6576,591.75,28.10,27.86,42.74,1008.41
6577,591.84,28.11,27.86,42.78,1008.40
6578,591.93,28.10,27.85,42.77,1008.40
6579,592.02,28.10,27.83,42.77,1008.40
6580,592.11,28.10,27.84,42.75,1008.39
6581,592.20,28.11,27.82,42.75,1008.41
6582,592.29,28.11,27.81,42.76,1008.40
6583,592.38,28.11,27.82,42.78,1008.40
6584,592.47,28.10,27.81,42.78,1008.41
6585,592.56,28.10,27.81,42.78,1008.39
6586,592.65,28.10,27.80,42.77,1008.39
6587,592.74,28.11,27.80,42.76,1008.38
6588,592.83,28.12,27.78,42.78,1008.38
6589,592.92,28.13,27.78,42.82,1008.38
6590,593.01,28.15,27.78,42.82,1008.38
6591,593.10,28.14,27.78,42.84,1008.36
6592,593.19,28.14,27.79,42.84,1008.35
6593,593.28,28.13,27.78,42.84,1008.35
6594,593.37,28.13,27.78,42.83,1008.34
6595,593.46,28.12,27.75,42.81,1008.34
6596,593.55,28.13,27.74,42.80,1008.32
6597,593.64,28.14,27.72,42.78,1008.32
6598,593.73,28.13,27.73,42.79,1008.29
6599,593.82,28.10,27.71,42.81,1008.30
6600,593.91,28.12,27.71,42.81,1008.31
6601,594.00,28.14,27.72,42.84,1008.30
6602,594.09,28.13,27.73,42.85,1008.29
6603,594.18,28.13,27.72,42.84,1008.28
6604,594.27,28.13,27.71,42.85,1008.27
6605,594.36,28.13,27.71,42.86,1008.27
6606,594.45,28.13,27.73,42.87,1008.28
6607,594.54,28.11,27.74,42.86,1008.27
6608,594.63,28.11,27.77,42.88,1008.27
6609,594.72,28.11,27.77,42.87,1008.27
6610,594.81,28.10,27.75,42.86,1008.27
6611,594.90,28.11,27.76,42.81,1008.27
6612,594.99,28.10,27.78,42.82,1008.27
6613,595.08,28.11,27.77,42.83,1008.28
6614,595.17,28.10,27.77,42.82,1008.28
6615,595.26,28.08,27.78,42.80,1008.28
6616,595.35,28.07,27.79,42.82,1008.30
6617,595.44,28.07,27.78,42.85,1008.31
6618,595.53,28.07,27.79,42.86,1008.31
6619,595.62,28.06,27.78,42.88,1008.31
6620,595.71,28.06,27.80,42.86,1008.33
6621,595.80,28.06,27.79,42.89,1008.33
6622,595.89,28.05,27.79,42.90,1008.33
6623,595.98,28.06,27.78,42.91,1008.34
6624,596.07,28.06,27.79,42.90,1008.35
6625,596.16,28.05,27.80,42.88,1008.37
6626,596.25,28.06,27.78,42.88,1008.39
6627,596.34,28.05,27.78,42.86,1008.39
6628,596.43,28.06,27.80,42.83,1008.39
6629,596.52,28.06,27.81,42.81,1008.41
6630,596.61,28.07,27.79,42.82,1008.42
6631,596.70,28.06,27.79,42.83,1008.41
6632,596.79,28.04,27.80,42.81,1008.42
6633,596.88,28.04,27.79,42.81,1008.42
6634,596.97,28.03,27.80,42.79,1008.41
6635,597.06,28.04,27.81,42.77,1008.40
6636,597.15,28.04,27.83,42.78,1008.41
6637,597.24,28.03,27.82,42.79,1008.41
6638,597.33,28.04,27.82,42.78,1008.39
6639,597.42,28.03,27.82,42.73,1008.38
6640,597.51,28.05,27.83,42.76,1008.38
6641,597.60,28.05,27.85,42.76,1008.39
6642,597.69,28.05,27.83,42.76,1008.39
6643,597.78,28.04,27.83,42.75,1008.37
6644,597.87,28.05,27.83,42.75,1008.39
6645,597.96,28.04,27.84,42.76,1008.38
6646,598.05,28.02,27.86,42.76,1008.37
6647,598.14,28.03,27.86,42.78,1008.37
6648,598.23,28.03,27.86,42.79,1008.37
6649,598.32,28.04,27.87,42.81,1008.36
6650,598.41,28.03,27.84,42.82,1008.35
6651,598.50,28.04,27.83,42.82,1008.35
6652,598.59,28.05,27.83,42.83,1008.35
6653,598.68,28.06,27.84,42.83,1008.34
6654,598.77,28.05,27.84,42.83,1008.32
6655,598.86,28.04,27.84,42.84,1008.32
6656,598.95,28.04,27.83,42.83,1008.31
6657,599.04,28.04,27.83,42.86,1008.32
6658,599.13,28.04,27.81,42.85,1008.30
6659,599.22,28.04,27.83,42.83,1008.31
6660,599.31,28.06,27.82,42.83,1008.30
6661,599.40,28.05,27.81,42.82,1008.29
6662,599.49,28.07,27.81,42.82,1008.29
6663,599.58,28.07,27.81,42.80,1008.29
6664,599.67,28.06,27.81,42.81,1008.29
6665,599.76,28.05,27.78,42.80,1008.30
6666,599.85,28.05,27.77,42.82,1008.28
6667,599.94,28.07,27.78,42.82,1008.30
