Index,Relative Time (s),PT100 (degC),BME280 T (degC),Humidity (%),Pressure (hPa)
1,0.00,45.00,43.90,42.65,1008.86
2,0.09,44.99,43.69,42.66,1008.86
3,0.18,44.98,43.67,42.66,1008.87
4,0.27,44.96,43.64,42.67,1008.86
5,0.36,44.94,43.63,42.70,1008.86
6,0.45,44.93,43.62,42.71,1008.86
7,0.54,44.91,43.60,42.73,1008.86
8,0.63,44.89,43.58,42.75,1008.86
9,0.72,44.87,43.56,42.77,1008.86
10,0.81,44.85,43.55,42.76,1008.86
11,0.90,44.84,43.54,42.77,1008.86
12,0.99,44.82,43.51,42.78,1008.86
13,1.08,44.81,43.50,42.79,1008.86
14,1.17,44.79,43.49,42.79,1008.86
15,1.26,44.77,43.47,42.79,1008.87
16,1.35,44.75,43.46,42.80,1008.87
17,1.44,44.73,43.44,42.81,1008.87
18,1.53,44.72,43.43,42.82,1008.87
19,1.62,44.70,43.41,42.82,1008.87
20,1.71,44.68,43.39,42.84,1008.87
21,1.80,44.66,43.37,42.86,1008.87
22,1.89,44.65,43.36,42.84,1008.87
23,1.98,44.63,43.35,42.86,1008.87
24,2.07,44.61,43.33,42.86,1008.87
25,2.16,44.59,43.31,42.87,1008.87
26,2.25,44.57,43.29,42.90,1008.87
27,2.34,44.55,43.27,42.92,1008.87
28,2.43,44.54,43.25,42.94,1008.87
29,2.52,44.52,43.24,42.95,1008.87
30,2.61,44.50,43.22,42.97,1008.87
31,2.70,44.48,43.20,42.97,1008.87
32,2.79,44.46,43.18,42.98,1008.87
33,2.88,44.44,43.17,42.99,1008.87
34,2.97,44.42,43.15,43.00,1008.87
35,3.06,44.40,43.14,43.00,1008.87
36,3.15,44.38,43.12,43.00,1008.87
37,3.24,44.37,43.11,43.02,1008.87
38,3.33,44.36,43.09,43.01,1008.87
39,3.42,44.34,43.07,43.02,1008.88
40,3.51,44.32,43.05,43.04,1008.88
41,3.60,44.31,43.04,43.04,1008.88
42,3.69,44.30,43.02,43.06,1008.88
43,3.78,44.28,43.01,43.07,1008.88
44,3.87,44.26,42.99,43.08,1008.88
45,3.96,44.25,42.97,43.09,1008.88
46,4.05,44.23,42.96,43.09,1008.88
47,4.14,44.21,42.94,43.09,1008.88
48,4.23,44.20,42.92,43.11,1008.88
49,4.32,44.18,42.90,43.12,1008.87
50,4.41,44.17,42.89,43.13,1008.87
51,4.50,44.15,42.88,43.15,1008.87
52,4.59,44.13,42.86,43.17,1008.87
53,4.68,44.11,42.85,43.18,1008.87
54,4.77,44.10,42.84,43.18,1008.87
55,4.86,44.08,42.83,43.19,1008.87
56,4.95,44.07,42.81,43.20,1008.87
57,5.04,44.05,42.79,43.20,1008.87
58,5.13,44.04,42.77,43.22,1008.87
59,5.22,44.02,42.77,43.23,1008.86
60,5.31,44.00,42.75,43.24,1008.86
61,5.40,43.98,42.74,43.24,1008.86
62,5.49,43.96,42.72,43.26,1008.86
63,5.58,43.95,42.70,43.27,1008.86
64,5.67,43.93,42.68,43.30,1008.86
65,5.76,43.91,42.68,43.30,1008.86
66,5.85,43.90,42.66,43.30,1008.86
67,5.94,43.89,42.64,43.31,1008.86
68,6.03,43.87,42.63,43.34,1008.86
69,6.12,43.86,42.61,43.36,1008.86
70,6.21,43.85,42.59,43.37,1008.86
71,6.30,43.83,42.57,43.39,1008.86
72,6.39,43.81,42.55,43.40,1008.86
73,6.48,43.79,42.53,43.43,1008.86
74,6.57,43.78,42.52,43.45,1008.86
75,6.66,43.76,42.50,43.43,1008.86
76,6.75,43.75,42.49,43.44,1008.86
77,6.84,43.73,42.48,43.46,1008.86
78,6.93,43.72,42.47,43.49,1008.86
79,7.02,43.71,42.45,43.50,1008.86
80,7.11,43.70,42.43,43.49,1008.86
81,7.20,43.68,42.43,43.54,1008.85
82,7.29,43.67,42.41,43.55,1008.86
83,7.38,43.66,42.39,43.56,1008.85
84,7.47,43.65,42.37,43.55,1008.86
85,7.56,43.64,42.36,43.54,1008.85
86,7.65,43.63,42.35,43.54,1008.85
87,7.74,43.62,42.34,43.55,1008.86
88,7.83,43.60,42.32,43.55,1008.86
89,7.92,43.59,42.31,43.55,1008.86
90,8.01,43.58,42.29,43.55,1008.86
91,8.10,43.56,42.28,43.57,1008.86
92,8.19,43.55,42.27,43.56,1008.86
93,8.28,43.53,42.25,43.57,1008.86
94,8.37,43.52,42.23,43.58,1008.86
95,8.46,43.49,42.21,43.62,1008.86
96,8.55,43.47,42.19,43.63,1008.86
97,8.64,43.46,42.17,43.65,1008.86
98,8.73,43.44,42.16,43.68,1008.86
99,8.82,43.42,42.15,43.69,1008.86
100,8.91,43.40,42.14,43.68,1008.86
101,9.00,43.38,42.12,43.67,1008.87
102,9.09,43.36,42.10,43.68,1008.87
103,9.18,43.35,42.08,43.69,1008.87
104,9.27,43.33,42.07,43.71,1008.88
105,9.36,43.31,42.05,43.72,1008.88
106,9.45,43.28,42.05,43.74,1008.88
107,9.54,43.27,42.03,43.72,1008.88
108,9.63,43.25,42.02,43.74,1008.88
109,9.72,43.24,42.01,43.76,1008.88
110,9.81,43.22,41.99,43.77,1008.88
111,9.90,43.21,41.98,43.79,1008.88
112,9.99,43.19,41.96,43.82,1008.88
113,10.08,43.18,41.95,43.82,1008.88
114,10.17,43.17,41.93,43.84,1008.88
115,10.26,43.15,41.92,43.86,1008.88
116,10.35,43.13,41.91,43.86,1008.88
117,10.44,43.12,41.90,43.87,1008.88
118,10.53,43.10,41.89,43.85,1008.88
119,10.62,43.08,41.87,43.89,1008.88
120,10.71,43.07,41.86,43.90,1008.88
121,10.80,43.05,41.85,43.89,1008.88
122,10.89,43.04,41.83,43.89,1008.88
123,10.98,43.02,41.82,43.90,1008.88
124,11.07,43.01,41.80,43.93,1008.87
125,11.16,42.99,41.79,43.94,1008.87
126,11.25,42.97,41.78,43.95,1008.87
127,11.34,42.96,41.77,43.95,1008.87
128,11.43,42.95,41.75,43.97,1008.87
129,11.52,42.94,41.74,43.98,1008.87
130,11.61,42.92,41.73,44.00,1008.86
131,11.70,42.90,41.72,44.00,1008.86
132,11.79,42.88,41.70,44.01,1008.86
133,11.88,42.86,41.69,44.00,1008.86
134,11.97,42.84,41.68,44.00,1008.86
135,12.06,42.82,41.66,44.02,1008.86
136,12.15,42.80,41.64,44.04,1008.86
137,12.24,42.78,41.63,44.04,1008.86
138,12.33,42.77,41.61,44.06,1008.86
139,12.42,42.75,41.59,44.07,1008.86
140,12.51,42.74,41.57,44.07,1008.86
141,12.60,42.71,41.56,44.09,1008.86
142,12.69,42.71,41.54,44.09,1008.86
143,12.78,42.70,41.53,44.11,1008.85
144,12.87,42.68,41.52,44.13,1008.85
145,12.96,42.67,41.51,44.15,1008.86
146,13.05,42.65,41.49,44.14,1008.86
147,13.14,42.64,41.47,44.15,1008.85
148,13.23,42.63,41.45,44.16,1008.85
149,13.32,42.62,41.43,44.17,1008.85
150,13.41,42.61,41.42,44.18,1008.85
151,13.50,42.60,41.40,44.19,1008.85
152,13.59,42.58,41.39,44.19,1008.86
153,13.68,42.57,41.37,44.20,1008.86
154,13.77,42.55,41.36,44.19,1008.86
155,13.86,42.55,41.34,44.21,1008.86
156,13.95,42.53,41.33,44.23,1008.86
157,14.04,42.51,41.32,44.24,1008.86
158,14.13,42.50,41.30,44.28,1008.86
159,14.22,42.48,41.28,44.29,1008.87
160,14.31,42.47,41.27,44.31,1008.87
161,14.40,42.46,41.25,44.30,1008.87
162,14.49,42.44,41.23,44.34,1008.87
163,14.58,42.43,41.22,44.34,1008.87
164,14.67,42.41,41.21,44.37,1008.88
165,14.76,42.39,41.20,44.39,1008.88
166,14.85,42.38,41.19,44.40,1008.88
167,14.94,42.36,41.17,44.43,1008.88
168,15.03,42.35,41.17,44.42,1008.88
169,15.12,42.33,41.16,44.44,1008.88
170,15.21,42.32,41.14,44.47,1008.89
171,15.30,42.30,41.13,44.48,1008.89
172,15.39,42.28,41.13,44.48,1008.88
173,15.48,42.27,41.11,44.48,1008.89
174,15.57,42.26,41.09,44.49,1008.89
175,15.66,42.24,41.08,44.50,1008.89
176,15.75,42.23,41.06,44.50,1008.88
177,15.84,42.22,41.05,44.50,1008.89
178,15.93,42.21,41.04,44.51,1008.89
179,16.02,42.18,41.03,44.53,1008.88
180,16.11,42.17,41.01,44.53,1008.88
181,16.20,42.16,41.00,44.55,1008.89
182,16.29,42.14,40.99,44.53,1008.88
183,16.38,42.12,40.98,44.53,1008.88
184,16.47,42.10,40.96,44.53,1008.88
185,16.56,42.09,40.94,44.54,1008.88
186,16.65,42.06,40.93,44.56,1008.88
187,16.74,42.05,40.91,44.54,1008.88
188,16.83,42.03,40.89,44.54,1008.88
189,16.92,42.02,40.88,44.54,1008.88
190,17.01,42.01,40.87,44.53,1008.88
191,17.10,42.00,40.86,44.52,1008.88
192,17.19,41.99,40.85,44.53,1008.88
193,17.28,41.97,40.84,44.53,1008.87
194,17.37,41.96,40.82,44.54,1008.88
195,17.46,41.94,40.81,44.55,1008.88
196,17.55,41.93,40.79,44.56,1008.87
197,17.64,41.92,40.77,44.57,1008.87
198,17.73,41.90,40.76,44.57,1008.87
199,17.82,41.89,40.75,44.59,1008.87
200,17.91,41.88,40.74,44.60,1008.87
201,18.00,41.87,40.73,44.62,1008.87
202,18.09,41.86,40.71,44.63,1008.87
203,18.18,41.84,40.69,44.64,1008.87
204,18.27,41.83,40.68,44.65,1008.87
205,18.36,41.81,40.67,44.66,1008.87
206,18.45,41.79,40.65,44.66,1008.86
207,18.54,41.77,40.64,44.68,1008.86
208,18.63,41.75,40.63,44.69,1008.86
209,18.72,41.74,40.62,44.69,1008.86
210,18.81,41.73,40.61,44.69,1008.86
211,18.90,41.71,40.60,44.69,1008.86
212,18.99,41.70,40.58,44.68,1008.86
213,19.08,41.68,40.57,44.69,1008.86
214,19.17,41.67,40.55,44.70,1008.86
215,19.26,41.66,40.54,44.70,1008.86
216,19.35,41.65,40.52,44.69,1008.86
217,19.44,41.64,40.51,44.71,1008.86
218,19.53,41.62,40.49,44.71,1008.86
219,19.62,41.61,40.48,44.74,1008.86
220,19.71,41.60,40.47,44.75,1008.86
221,19.80,41.58,40.46,44.75,1008.86
222,19.89,41.57,40.45,44.76,1008.86
223,19.98,41.56,40.44,44.78,1008.86
224,20.07,41.54,40.42,44.80,1008.86
225,20.16,41.52,40.41,44.79,1008.86
226,20.25,41.51,40.40,44.80,1008.87
227,20.34,41.50,40.39,44.79,1008.87
228,20.43,41.49,40.37,44.79,1008.87
229,20.52,41.48,40.36,44.81,1008.87
230,20.61,41.47,40.34,44.82,1008.87
231,20.70,41.45,40.33,44.82,1008.87
232,20.79,41.44,40.31,44.81,1008.87
233,20.88,41.42,40.29,44.81,1008.87
234,20.97,41.41,40.28,44.82,1008.87
235,21.06,41.40,40.27,44.82,1008.87
236,21.15,41.45,40.25,44.82,1008.87
237,21.24,41.37,40.24,44.82,1008.88
238,21.33,41.37,40.23,44.83,1008.88
239,21.42,41.34,40.21,44.82,1008.88
240,21.51,41.33,40.20,44.81,1008.87
241,21.60,41.32,40.18,44.82,1008.87
242,21.69,41.30,40.17,44.85,1008.87
243,21.78,41.29,40.16,44.85,1008.88
244,21.87,41.27,40.14,44.86,1008.88
245,21.96,41.26,40.13,44.87,1008.88
246,22.05,41.24,40.13,44.86,1008.88
247,22.14,41.23,40.11,44.84,1008.88
248,22.23,41.22,40.10,44.85,1008.88
249,22.32,41.21,40.09,44.88,1008.88
250,22.41,41.20,40.08,44.86,1008.88
251,22.50,41.18,40.07,44.89,1008.88
252,22.59,41.17,40.06,44.90,1008.88
253,22.68,41.15,40.04,44.92,1008.88
254,22.77,41.14,40.03,44.93,1008.88
255,22.86,41.13,40.02,44.94,1008.88
256,22.95,41.11,40.02,44.94,1008.88
257,23.04,41.11,40.01,44.96,1008.88
258,23.13,41.10,40.00,44.95,1008.88
259,23.22,41.08,39.98,44.96,1008.88
260,23.31,41.07,39.97,44.95,1008.88
261,23.40,41.06,39.95,44.96,1008.88
262,23.49,41.04,39.93,44.96,1008.88
263,23.58,41.03,39.91,44.99,1008.88
264,23.67,41.01,39.90,44.99,1008.88
265,23.76,41.00,39.90,45.00,1008.88
266,23.85,41.00,39.87,45.01,1008.88
267,23.94,40.98,39.87,45.01,1008.88
268,24.03,40.96,39.86,45.01,1008.88
269,24.12,40.95,39.84,45.03,1008.88
270,24.21,41.01,39.83,45.05,1008.88
271,24.30,40.91,39.82,45.05,1008.88
272,24.39,40.90,39.81,45.03,1008.88
273,24.48,40.89,39.79,45.04,1008.88
274,24.57,40.88,39.78,45.03,1008.88
275,24.66,40.87,39.77,45.03,1008.88
276,24.75,40.86,39.76,45.04,1008.88
277,24.84,40.84,39.75,45.07,1008.88
278,24.93,40.82,39.74,45.07,1008.88
279,25.02,40.82,39.72,45.09,1008.88
280,25.11,40.80,39.71,45.09,1008.88
281,25.20,40.79,39.70,45.09,1008.88
282,25.29,40.78,39.68,45.10,1008.88
283,25.38,40.77,39.66,45.10,1008.88
284,25.47,40.75,39.65,45.11,1008.88
285,25.56,40.73,39.64,45.13,1008.88
286,25.65,40.72,39.62,45.14,1008.88
287,25.74,40.72,39.61,45.14,1008.88
288,25.83,40.70,39.59,45.16,1008.88
289,25.92,40.69,39.58,45.19,1008.88
290,26.01,40.67,39.57,45.21,1008.88
291,26.10,40.66,39.56,45.23,1008.88
292,26.19,40.64,39.54,45.23,1008.88
293,26.28,40.63,39.53,45.21,1008.88
294,26.37,40.62,39.52,45.22,1008.88
295,26.46,40.60,39.50,45.23,1008.88
296,26.55,40.58,39.49,45.25,1008.88
297,26.64,40.57,39.48,45.23,1008.88
298,26.73,40.56,39.47,45.25,1008.88
299,26.82,40.55,39.45,45.28,1008.88
300,26.91,40.53,39.44,45.29,1008.87
301,27.00,40.52,39.43,45.29,1008.87
302,27.09,40.50,39.41,45.30,1008.87
303,27.18,40.48,39.41,45.29,1008.87
304,27.27,40.47,39.39,45.29,1008.87
305,27.36,40.46,39.39,45.30,1008.87
306,27.45,40.44,39.37,45.30,1008.87
307,27.54,40.43,39.35,45.29,1008.87
308,27.63,40.41,39.34,45.29,1008.87
309,27.72,40.40,39.33,45.30,1008.87
310,27.81,40.38,39.31,45.30,1008.87
311,27.90,40.37,39.30,45.31,1008.87
312,27.99,40.35,39.29,45.30,1008.87
313,28.08,40.34,39.28,45.31,1008.87
314,28.17,40.33,39.27,45.32,1008.87
315,28.26,40.32,39.26,45.31,1008.87
316,28.35,40.31,39.25,45.33,1008.87
317,28.44,40.30,39.24,45.34,1008.87
318,28.53,40.29,39.23,45.37,1008.87
319,28.62,40.28,39.21,45.39,1008.87
320,28.71,40.27,39.19,45.38,1008.87
321,28.80,40.26,39.18,45.41,1008.87
322,28.89,40.25,39.17,45.43,1008.87
323,28.98,40.23,39.15,45.43,1008.87
324,29.07,40.21,39.14,45.43,1008.87
325,29.16,40.20,39.12,45.44,1008.87
326,29.25,40.19,39.11,45.45,1008.87
327,29.34,40.18,39.10,45.46,1008.87
328,29.43,40.17,39.09,45.49,1008.87
329,29.52,40.16,39.08,45.51,1008.87
330,29.61,40.15,39.07,45.52,1008.87
331,29.70,40.14,39.05,45.54,1008.87
332,29.79,40.12,39.04,45.54,1008.87
333,29.88,40.11,39.04,45.54,1008.87
334,29.97,40.09,39.04,45.55,1008.87
335,30.06,40.08,39.02,45.57,1008.87
336,30.15,40.07,39.01,45.58,1008.87
337,30.24,40.05,39.00,45.57,1008.87
338,30.33,40.03,38.98,45.59,1008.88
339,30.42,40.02,38.97,45.61,1008.87
340,30.51,40.01,38.96,45.60,1008.88
341,30.60,39.99,38.95,45.59,1008.87
342,30.69,39.98,38.94,45.59,1008.88
343,30.78,39.98,38.93,45.60,1008.88
344,30.87,39.96,38.91,45.61,1008.88
345,30.96,39.95,38.90,45.62,1008.88
346,31.05,39.94,38.89,45.63,1008.88
347,31.14,39.92,38.88,45.62,1008.88
348,31.23,39.91,38.87,45.63,1008.88
349,31.32,39.91,38.85,45.65,1008.88
350,31.41,39.90,38.84,45.66,1008.87
351,31.50,39.89,38.84,45.65,1008.87
352,31.59,39.88,38.82,45.66,1008.87
353,31.68,39.87,38.81,45.66,1008.87
354,31.77,39.86,38.79,45.67,1008.87
355,31.86,39.85,38.79,45.67,1008.87
356,31.95,39.84,38.77,45.66,1008.87
357,32.04,39.83,38.76,45.68,1008.87
358,32.13,39.82,38.75,45.69,1008.87
359,32.22,39.81,38.73,45.70,1008.87
360,32.31,39.79,38.72,45.70,1008.87
361,32.40,39.77,38.71,45.70,1008.87
362,32.49,39.76,38.70,45.71,1008.87
363,32.58,39.75,38.69,45.72,1008.87
364,32.67,39.74,38.68,45.73,1008.87
365,32.76,39.72,38.67,45.73,1008.87
366,32.85,39.72,38.66,45.72,1008.87
367,32.94,39.70,38.64,45.73,1008.87
368,33.03,39.69,38.63,45.73,1008.87
369,33.12,39.68,38.62,45.73,1008.87
370,33.21,39.66,38.60,45.73,1008.86
371,33.30,39.65,38.59,45.73,1008.86
372,33.39,39.64,38.58,45.72,1008.87
373,33.48,39.63,38.57,45.73,1008.87
374,33.57,39.61,38.56,45.73,1008.86
375,33.66,39.61,38.55,45.75,1008.86
376,33.75,39.59,38.53,45.75,1008.86
377,33.84,39.58,38.52,45.76,1008.86
378,33.93,39.57,38.51,45.77,1008.86
379,34.02,39.56,38.50,45.77,1008.86
380,34.11,39.55,38.49,45.76,1008.87
381,34.20,39.54,38.48,45.79,1008.87
382,34.29,39.52,38.47,45.77,1008.86
383,34.38,39.51,38.45,45.78,1008.86
384,34.47,39.50,38.44,45.75,1008.86
385,34.56,39.48,38.43,45.77,1008.86
386,34.65,39.47,38.42,45.78,1008.86
387,34.74,39.46,38.41,45.80,1008.87
388,34.83,39.45,38.40,45.80,1008.86
389,34.92,39.44,38.39,45.82,1008.86
390,35.01,39.43,38.37,45.82,1008.86
391,35.10,39.42,38.36,45.82,1008.86
392,35.19,39.41,38.35,45.84,1008.86
393,35.28,39.39,38.33,45.84,1008.86
394,35.37,39.38,38.32,45.86,1008.86
395,35.46,39.37,38.31,45.83,1008.86
396,35.55,39.36,38.30,45.84,1008.86
397,35.64,39.35,38.29,45.87,1008.87
398,35.73,39.34,38.28,45.89,1008.86
399,35.82,39.33,38.27,45.91,1008.86
400,35.91,39.32,38.26,45.91,1008.87
401,36.00,39.31,38.25,45.93,1008.86
402,36.09,39.30,38.24,45.93,1008.87
403,36.18,39.29,38.22,45.93,1008.87
404,36.27,39.28,38.22,45.93,1008.87
405,36.36,39.26,38.22,45.95,1008.87
406,36.45,39.25,38.20,45.95,1008.87
407,36.54,39.24,38.19,45.95,1008.87
408,36.63,39.23,38.18,45.95,1008.87
409,36.72,39.21,38.17,45.96,1008.87
410,36.81,39.20,38.15,45.95,1008.87
411,36.90,39.19,38.15,45.95,1008.87
412,36.99,39.17,38.13,45.97,1008.87
413,37.08,39.15,38.13,45.98,1008.87
414,37.17,39.14,38.12,45.98,1008.87
415,37.26,39.12,38.11,45.98,1008.87
416,37.35,39.10,38.10,45.99,1008.87
417,37.44,39.09,38.09,46.00,1008.87
418,37.53,39.08,38.08,46.00,1008.87
419,37.62,39.08,38.07,46.01,1008.87
420,37.71,39.07,38.05,46.00,1008.87
421,37.80,39.05,38.04,46.02,1008.87
422,37.89,39.03,38.04,46.02,1008.87
423,37.98,39.02,38.03,46.05,1008.87
424,38.07,39.01,38.01,46.04,1008.87
425,38.16,39.00,38.00,46.05,1008.87
426,38.25,38.99,37.99,46.06,1008.87
427,38.34,38.98,37.98,46.07,1008.87
428,38.43,38.96,37.97,46.07,1008.87
429,38.52,38.96,37.96,46.09,1008.87
430,38.61,38.94,37.95,46.10,1008.86
431,38.70,38.93,37.94,46.11,1008.86
432,38.79,38.92,37.93,46.12,1008.86
433,38.88,38.91,37.92,46.11,1008.86
434,38.97,38.90,37.91,46.09,1008.86
435,39.06,38.89,37.90,46.11,1008.86
436,39.15,38.89,37.89,46.10,1008.86
437,39.24,38.88,37.88,46.11,1008.86
438,39.33,38.87,37.88,46.12,1008.86
439,39.42,38.86,37.86,46.12,1008.86
440,39.51,38.85,37.85,46.13,1008.86
441,39.60,38.84,37.84,46.13,1008.86
442,39.69,38.83,37.84,46.13,1008.86
443,39.78,38.82,37.83,46.12,1008.86
444,39.87,38.81,37.82,46.13,1008.86
445,39.96,38.80,37.81,46.14,1008.86
446,40.05,38.79,37.80,46.13,1008.86
447,40.14,38.78,37.79,46.12,1008.86
448,40.23,38.76,37.78,46.14,1008.86
449,40.32,38.75,37.77,46.13,1008.86
450,40.41,38.75,37.76,46.15,1008.86
451,40.50,38.73,37.75,46.16,1008.86
452,40.59,38.72,37.74,46.19,1008.86
453,40.68,38.71,37.72,46.17,1008.86
454,40.77,38.70,37.71,46.18,1008.86
455,40.86,38.69,37.69,46.18,1008.86
456,40.95,38.68,37.68,46.17,1008.86
457,41.04,38.66,37.67,46.17,1008.86
458,41.13,38.65,37.66,46.16,1008.86
459,41.22,38.64,37.65,46.18,1008.86
460,41.31,38.63,37.63,46.16,1008.86
461,41.40,38.62,37.62,46.16,1008.86
462,41.49,38.61,37.61,46.19,1008.86
463,41.58,38.60,37.59,46.21,1008.86
464,41.67,38.58,37.58,46.21,1008.86
465,41.76,38.57,37.57,46.22,1008.86
466,41.85,38.56,37.56,46.23,1008.86
467,41.94,38.55,37.55,46.24,1008.86
468,42.03,38.54,37.54,46.24,1008.86
469,42.12,38.52,37.53,46.25,1008.86
470,42.21,38.51,37.53,46.24,1008.86
471,42.30,38.50,37.51,46.23,1008.86
472,42.39,38.48,37.51,46.21,1008.86
473,42.48,38.47,37.50,46.22,1008.86
474,42.57,38.46,37.48,46.23,1008.86
475,42.66,38.45,37.47,46.23,1008.86
476,42.75,38.44,37.46,46.24,1008.86
477,42.84,38.43,37.44,46.24,1008.86
478,42.93,38.41,37.42,46.24,1008.87
479,43.02,38.40,37.42,46.25,1008.87
480,43.11,38.39,37.41,46.24,1008.87
481,43.20,38.38,37.40,46.25,1008.87
482,43.29,38.36,37.38,46.26,1008.87
483,43.38,38.35,37.37,46.25,1008.86
484,43.47,38.35,37.35,46.27,1008.86
485,43.56,38.33,37.34,46.29,1008.86
486,43.65,38.32,37.33,46.29,1008.86
487,43.74,38.31,37.32,46.29,1008.86
488,43.83,38.30,37.31,46.29,1008.86
489,43.92,38.29,37.30,46.28,1008.86
490,44.01,38.28,37.29,46.30,1008.86
491,44.10,38.27,37.28,46.32,1008.86
492,44.19,38.27,37.28,46.32,1008.87
493,44.28,38.25,37.27,46.32,1008.87
494,44.37,38.24,37.26,46.33,1008.87
495,44.46,38.23,37.26,46.34,1008.87
496,44.55,38.22,37.25,46.33,1008.87
497,44.64,38.21,37.24,46.31,1008.87
498,44.73,38.20,37.22,46.33,1008.87
499,44.82,38.18,37.21,46.34,1008.87
500,44.91,38.18,37.21,46.34,1008.87
501,45.00,38.17,37.19,46.37,1008.87
502,45.09,38.16,37.19,46.38,1008.87
503,45.18,38.16,37.18,46.38,1008.87
504,45.27,38.14,37.17,46.38,1008.87
505,45.36,38.13,37.15,46.39,1008.87
506,45.45,38.11,37.14,46.40,1008.87
507,45.54,38.11,37.14,46.41,1008.87
508,45.63,38.10,37.13,46.44,1008.87
509,45.72,38.08,37.13,46.43,1008.87
510,45.81,38.07,37.12,46.45,1008.87
511,45.90,38.06,37.01,46.47,1008.87
512,45.99,38.05,37.05,46.47,1008.87
513,46.08,38.04,37.08,46.47,1008.87
514,46.17,38.04,37.07,46.49,1008.87
515,46.26,38.03,37.06,46.48,1008.87
516,46.35,38.02,37.05,46.48,1008.87
517,46.44,38.00,37.03,46.47,1008.87
518,46.53,37.99,37.03,46.46,1008.87
519,46.62,37.98,37.02,46.45,1008.87
520,46.71,37.98,37.01,46.46,1008.87
521,46.80,37.97,37.00,46.45,1008.87
522,46.89,37.97,36.99,46.47,1008.87
523,46.98,37.95,36.99,46.49,1008.87
524,47.07,37.94,36.98,46.51,1008.87
525,47.16,37.93,36.97,46.50,1008.87
526,47.25,37.93,36.96,46.50,1008.87
527,47.34,37.92,36.95,46.51,1008.87
528,47.43,37.91,36.94,46.50,1008.87
529,47.52,37.90,36.93,46.51,1008.87
530,47.61,37.88,36.92,46.52,1008.87
531,47.70,37.87,36.91,46.52,1008.87
532,47.79,37.86,36.89,46.51,1008.87
533,47.88,37.85,36.89,46.52,1008.87
534,47.97,37.83,36.88,46.54,1008.87
535,48.06,37.82,36.87,46.55,1008.87
536,48.15,37.81,36.86,46.55,1008.87
537,48.24,37.80,36.85,46.57,1008.87
538,48.33,37.79,36.84,46.57,1008.87
539,48.42,37.78,36.83,46.58,1008.87
540,48.51,37.76,36.83,46.60,1008.87
541,48.60,37.76,36.82,46.62,1008.87
542,48.69,37.75,36.80,46.64,1008.87
543,48.78,37.73,36.79,46.63,1008.87
544,48.87,37.72,36.78,46.64,1008.87
545,48.96,37.71,36.77,46.62,1008.87
546,49.05,37.70,36.76,46.61,1008.88
547,49.14,37.69,36.75,46.62,1008.88
548,49.23,37.68,36.74,46.61,1008.88
549,49.32,37.67,36.72,46.61,1008.88
550,49.41,37.67,36.71,46.60,1008.88
551,49.50,37.66,36.70,46.61,1008.88
552,49.59,37.65,36.69,46.61,1008.88
553,49.68,37.64,36.68,46.65,1008.88
554,49.77,37.63,36.66,46.64,1008.88
555,49.86,37.62,36.65,46.65,1008.88
556,49.95,37.61,36.64,46.64,1008.88
557,50.04,37.60,36.63,46.63,1008.88
558,50.13,37.59,36.63,46.63,1008.88
559,50.22,37.57,36.62,46.63,1008.88
560,50.31,37.57,36.61,46.66,1008.88
561,50.40,37.55,36.59,46.66,1008.88
562,50.49,37.54,36.59,46.67,1008.88
563,50.58,37.53,36.58,46.68,1008.88
564,50.67,37.52,36.57,46.68,1008.88
565,50.76,37.50,36.56,46.69,1008.88
566,50.85,37.50,36.55,46.71,1008.88
567,50.94,37.49,36.54,46.71,1008.88
568,51.03,37.48,36.53,46.72,1008.88
569,51.12,37.47,36.52,46.71,1008.88
570,51.21,37.46,36.51,46.71,1008.88
571,51.30,37.45,36.50,46.72,1008.88
572,51.39,37.43,36.49,46.74,1008.88
573,51.48,37.43,36.49,46.76,1008.88
574,51.57,37.41,36.48,46.78,1008.88
575,51.66,37.40,36.47,46.76,1008.88
576,51.75,37.39,36.45,46.77,1008.88
577,51.84,37.38,36.44,46.77,1008.88
578,51.93,37.37,36.44,46.78,1008.88
579,52.02,37.36,36.42,46.79,1008.88
580,52.11,37.35,36.42,46.81,1008.88
581,52.20,37.35,36.41,46.83,1008.88
582,52.29,37.33,36.40,46.82,1008.88
583,52.38,37.32,36.39,46.83,1008.88
584,52.47,37.31,36.38,46.84,1008.88
585,52.56,37.30,36.37,46.84,1008.88
586,52.65,37.29,36.36,46.83,1008.88
587,52.74,37.28,36.35,46.82,1008.88
588,52.83,37.27,36.34,46.83,1008.87
589,52.92,37.26,36.34,46.84,1008.87
590,53.01,37.25,36.33,46.83,1008.88
591,53.10,37.23,36.32,46.83,1008.88
592,53.19,37.22,36.31,46.84,1008.88
593,53.28,37.22,36.30,46.88,1008.88
594,53.37,37.21,36.29,46.88,1008.87
595,53.46,37.19,36.27,46.89,1008.87
596,53.55,37.18,36.26,46.91,1008.87
597,53.64,37.17,36.25,46.90,1008.87
598,53.73,37.15,36.24,46.91,1008.88
599,53.82,37.15,36.23,46.90,1008.88
600,53.91,37.15,36.22,46.90,1008.88
601,54.00,37.14,36.21,46.91,1008.88
602,54.09,37.12,36.21,46.90,1008.88
603,54.18,37.11,36.20,46.90,1008.88
604,54.27,37.10,36.20,46.91,1008.88
605,54.36,37.09,36.19,46.91,1008.88
606,54.45,37.09,36.18,46.92,1008.88
607,54.54,37.08,36.18,46.91,1008.88
608,54.63,37.07,36.17,46.92,1008.88
609,54.72,37.06,36.16,46.93,1008.88
610,54.81,37.05,36.16,46.93,1008.88
611,54.90,37.04,36.14,46.95,1008.88
612,54.99,37.03,36.14,46.97,1008.88
613,55.08,37.02,36.12,46.97,1008.88
614,55.17,37.02,36.11,47.00,1008.88
615,55.26,37.01,36.10,47.01,1008.88
616,55.35,37.00,36.09,47.02,1008.88
617,55.44,36.99,36.08,47.02,1008.89
618,55.53,36.98,36.07,47.02,1008.89
619,55.62,36.97,36.06,47.01,1008.89
620,55.71,36.97,36.05,47.02,1008.89
621,55.80,37.03,36.04,47.02,1008.89
622,55.89,36.98,36.03,47.01,1008.89
623,55.98,36.94,36.02,47.01,1008.89
624,56.07,36.93,36.02,46.98,1008.89
625,56.16,36.93,36.01,47.00,1008.89
626,56.25,36.92,36.00,46.99,1008.88
627,56.34,36.91,36.00,46.99,1008.89
628,56.43,36.90,35.99,47.00,1008.89
629,56.52,36.89,35.98,47.01,1008.89
630,56.61,36.88,35.97,47.00,1008.89
631,56.70,36.87,35.97,47.02,1008.89
632,56.79,36.86,35.95,47.03,1008.89
633,56.88,36.84,35.95,47.05,1008.89
634,56.97,36.83,35.94,47.07,1008.89
635,57.06,36.82,35.93,47.09,1008.89
636,57.15,36.82,35.92,47.10,1008.89
637,57.24,36.81,35.91,47.09,1008.89
638,57.33,36.80,35.90,47.07,1008.89
639,57.42,36.79,35.90,47.08,1008.89
640,57.51,36.78,35.88,47.07,1008.89
641,57.60,36.77,35.87,47.07,1008.89
642,57.69,36.76,35.86,47.09,1008.89
643,57.78,36.74,35.84,47.08,1008.89
644,57.87,36.73,35.82,47.08,1008.89
645,57.96,36.72,35.82,47.09,1008.89
646,58.05,36.71,35.81,47.09,1008.89
647,58.14,36.71,35.80,47.10,1008.89
648,58.23,36.70,35.79,47.09,1008.89
649,58.32,36.69,35.79,47.09,1008.88
650,58.41,36.68,35.79,47.09,1008.88
651,58.50,36.67,35.78,47.09,1008.88
652,58.59,36.67,35.77,47.11,1008.88
653,58.68,36.66,35.75,47.12,1008.88
654,58.77,36.65,35.74,47.13,1008.88
655,58.86,36.64,35.74,47.14,1008.88
656,58.95,36.64,35.73,47.14,1008.88
657,59.04,36.63,35.73,47.15,1008.88
658,59.13,36.62,35.72,47.16,1008.88
659,59.22,36.61,35.71,47.18,1008.88
660,59.31,36.60,35.71,47.18,1008.87
661,59.40,36.59,35.70,47.17,1008.87
662,59.49,36.58,35.69,47.18,1008.87
663,59.58,36.57,35.68,47.19,1008.87
664,59.67,36.56,35.67,47.20,1008.87
665,59.76,36.54,35.66,47.21,1008.87
666,59.85,36.54,35.65,47.22,1008.87
667,59.94,36.53,35.64,47.24,1008.87
668,60.03,36.52,35.63,47.25,1008.87
669,60.12,36.51,35.62,47.23,1008.87
670,60.21,36.50,35.61,47.23,1008.87
671,60.30,36.49,35.60,47.21,1008.87
672,60.39,36.49,35.59,47.23,1008.87
673,60.48,36.47,35.59,47.24,1008.87
674,60.57,36.46,35.58,47.25,1008.87
675,60.66,36.45,35.57,47.25,1008.86
676,60.75,36.44,35.49,47.26,1008.86
677,60.84,36.43,35.55,47.26,1008.86
678,60.93,36.42,35.54,47.27,1008.87
679,61.02,36.41,35.54,47.29,1008.87
680,61.11,36.40,35.53,47.30,1008.87
681,61.20,36.40,35.51,47.29,1008.87
682,61.29,36.39,35.51,47.27,1008.87
683,61.38,36.38,35.50,47.30,1008.87
684,61.47,36.37,35.50,47.30,1008.87
685,61.56,36.35,35.48,47.32,1008.87
686,61.65,36.35,35.48,47.31,1008.87
687,61.74,36.34,35.47,47.32,1008.87
688,61.83,36.33,35.46,47.33,1008.87
689,61.92,36.33,35.45,47.35,1008.87
690,62.01,36.32,35.44,47.35,1008.87
691,62.10,36.31,35.43,47.38,1008.87
692,62.19,36.30,35.43,47.38,1008.87
693,62.28,36.29,35.42,47.39,1008.87
694,62.37,36.28,35.42,47.38,1008.87
695,62.46,36.27,35.41,47.39,1008.87
696,62.55,36.26,35.41,47.37,1008.87
697,62.64,36.26,35.40,47.38,1008.87
698,62.73,36.25,35.38,47.39,1008.87
699,62.82,36.24,35.38,47.38,1008.87
700,62.91,36.24,35.37,47.39,1008.87
701,63.00,36.23,35.36,47.39,1008.87
702,63.09,36.22,35.35,47.40,1008.86
703,63.18,36.21,35.34,47.42,1008.86
704,63.27,36.20,35.33,47.42,1008.86
705,63.36,36.20,35.32,47.42,1008.86
706,63.45,36.19,35.31,47.41,1008.87
707,63.54,36.18,35.30,47.41,1008.87
708,63.63,36.17,35.29,47.41,1008.87
709,63.72,36.16,35.29,47.42,1008.87
710,63.81,36.15,35.28,47.44,1008.87
711,63.90,36.14,35.27,47.44,1008.87
712,63.99,36.14,35.26,47.43,1008.86
713,64.08,36.13,35.25,47.44,1008.86
714,64.17,36.12,35.24,47.44,1008.86
715,64.26,36.11,35.23,47.45,1008.87
716,64.35,36.10,35.22,47.45,1008.87
717,64.44,36.09,35.22,47.46,1008.87
718,64.53,36.08,35.21,47.46,1008.87
719,64.62,36.07,35.21,47.45,1008.87
720,64.71,36.06,35.20,47.45,1008.87
721,64.80,36.05,35.19,47.46,1008.87
722,64.89,36.04,35.18,47.47,1008.87
723,64.98,36.04,35.17,47.48,1008.87
724,65.07,36.03,35.17,47.47,1008.87
725,65.16,36.02,35.16,47.46,1008.87
726,65.25,36.01,35.15,47.46,1008.87
727,65.34,35.99,35.14,47.49,1008.87
728,65.43,35.99,35.13,47.49,1008.86
729,65.52,35.98,35.12,47.48,1008.86
730,65.61,35.97,35.11,47.50,1008.86
731,65.70,35.96,35.10,47.50,1008.87
732,65.79,35.95,35.09,47.51,1008.87
733,65.88,35.94,35.08,47.51,1008.87
734,65.97,35.93,35.06,47.51,1008.87
735,66.06,35.93,35.06,47.49,1008.87
736,66.15,35.91,35.05,47.51,1008.87
737,66.24,35.90,35.04,47.51,1008.87
738,66.33,35.89,35.03,47.50,1008.87
739,66.42,35.88,35.03,47.52,1008.87
740,66.51,35.87,35.02,47.51,1008.87
741,66.60,35.86,35.01,47.50,1008.87
742,66.69,35.85,35.00,47.50,1008.87
743,66.78,35.84,35.00,47.50,1008.87
744,66.87,35.83,34.99,47.47,1008.86
745,66.96,35.82,34.98,47.48,1008.86
746,67.05,35.81,34.97,47.47,1008.86
747,67.14,35.80,34.96,47.46,1008.86
748,67.23,35.79,34.95,47.45,1008.86
749,67.32,35.78,34.95,47.46,1008.86
750,67.41,35.78,34.94,47.46,1008.86
751,67.50,35.77,34.93,47.45,1008.86
752,67.59,35.76,34.93,47.46,1008.86
753,67.68,35.76,34.92,47.45,1008.86
754,67.77,35.75,34.91,47.43,1008.86
755,67.86,35.74,34.90,47.43,1008.86
756,67.95,35.73,34.89,47.45,1008.85
757,68.04,35.72,34.88,47.44,1008.85
758,68.13,35.71,34.88,47.46,1008.85
759,68.22,35.70,34.88,47.47,1008.85
760,68.31,35.70,34.87,47.49,1008.85
761,68.40,35.69,34.86,47.49,1008.85
762,68.49,35.68,34.85,47.50,1008.85
763,68.58,35.67,34.83,47.51,1008.84
764,68.67,35.66,34.83,47.51,1008.85
765,68.76,35.65,34.83,47.54,1008.84
766,68.85,35.64,34.81,47.53,1008.84
767,68.94,35.64,34.80,47.55,1008.84
768,69.03,35.63,34.80,47.56,1008.84
769,69.12,35.62,34.79,47.58,1008.84
770,69.21,35.62,34.78,47.59,1008.84
771,69.30,35.61,34.77,47.59,1008.84
772,69.39,35.60,34.77,47.60,1008.85
773,69.48,35.60,34.77,47.59,1008.85
774,69.57,35.59,34.76,47.59,1008.85
775,69.66,35.58,34.75,47.59,1008.85
776,69.75,35.57,34.74,47.59,1008.85
777,69.84,35.56,34.74,47.58,1008.85
778,69.93,35.55,34.73,47.58,1008.85
779,70.02,35.55,34.72,47.58,1008.85
780,70.11,35.54,34.72,47.59,1008.85
781,70.20,35.53,34.71,47.59,1008.85
782,70.29,35.52,34.70,47.58,1008.85
783,70.38,35.51,34.69,47.58,1008.85
784,70.47,35.50,34.69,47.57,1008.85
785,70.56,35.49,34.68,47.56,1008.85
786,70.65,35.49,34.67,47.57,1008.85
787,70.74,35.48,34.66,47.58,1008.86
788,70.83,35.47,34.66,47.56,1008.86
789,70.92,35.46,34.65,47.56,1008.86
790,71.01,35.45,34.65,47.57,1008.86
791,71.10,35.51,34.63,47.58,1008.86
792,71.19,35.47,34.62,47.57,1008.86
793,71.28,35.43,34.62,47.57,1008.86
794,71.37,35.43,34.61,47.59,1008.86
795,71.46,35.42,34.60,47.60,1008.86
796,71.55,35.42,34.59,47.58,1008.86
797,71.64,35.41,34.58,47.59,1008.87
798,71.73,35.40,34.57,47.60,1008.87
799,71.82,35.40,34.57,47.61,1008.87
800,71.91,35.39,34.56,47.61,1008.87
801,72.00,35.38,34.55,47.62,1008.87
802,72.09,35.37,34.54,47.65,1008.88
803,72.18,35.36,34.54,47.66,1008.88
804,72.27,35.36,34.53,47.67,1008.87
805,72.36,35.35,34.52,47.68,1008.87
806,72.45,35.33,34.51,47.70,1008.87
807,72.54,35.32,34.50,47.70,1008.88
808,72.63,35.32,34.50,47.72,1008.88
809,72.72,35.32,34.49,47.70,1008.87
810,72.81,35.31,34.48,47.70,1008.87
811,72.90,35.30,34.48,47.69,1008.87
812,72.99,35.30,34.48,47.68,1008.87
813,73.08,35.29,34.47,47.67,1008.87
814,73.17,35.28,34.46,47.65,1008.87
815,73.26,35.27,34.46,47.68,1008.87
816,73.35,35.26,34.44,47.68,1008.87
817,73.44,35.26,34.43,47.68,1008.86
818,73.53,35.25,34.43,47.68,1008.86
819,73.62,35.24,34.42,47.67,1008.86
820,73.71,35.23,34.41,47.67,1008.86
821,73.80,35.23,34.40,47.66,1008.86
822,73.89,35.22,34.39,47.66,1008.86
823,73.98,35.21,34.38,47.67,1008.86
824,74.07,35.20,34.37,47.68,1008.85
825,74.16,35.19,34.36,47.65,1008.85
826,74.25,35.18,34.35,47.66,1008.85
827,74.34,35.17,34.34,47.64,1008.85
828,74.43,35.17,34.33,47.63,1008.85
829,74.52,35.15,34.33,47.64,1008.85
830,74.61,35.14,34.33,47.65,1008.85
831,74.70,35.14,34.32,47.68,1008.84
832,74.79,35.13,34.32,47.68,1008.84
833,74.88,35.12,34.31,47.71,1008.84
834,74.97,35.11,34.31,47.72,1008.84
835,75.06,35.10,34.31,47.71,1008.84
836,75.15,35.09,34.29,47.70,1008.84
837,75.24,35.09,34.29,47.69,1008.84
838,75.33,35.08,34.27,47.70,1008.84
839,75.42,35.07,34.27,47.71,1008.85
840,75.51,35.06,34.26,47.71,1008.85
841,75.60,35.05,34.25,47.70,1008.85
842,75.69,35.04,34.24,47.69,1008.85
843,75.78,35.04,34.23,47.69,1008.85
844,75.87,35.03,34.23,47.70,1008.85
845,75.96,35.02,34.22,47.69,1008.85
846,76.05,35.01,34.21,47.69,1008.85
847,76.14,35.00,34.20,47.68,1008.86
848,76.23,34.99,34.19,47.70,1008.86
849,76.32,34.97,34.18,47.72,1008.86
850,76.41,34.97,34.17,47.72,1008.86
851,76.50,34.97,34.17,47.72,1008.86
852,76.59,34.96,34.16,47.73,1008.86
853,76.68,34.95,34.15,47.72,1008.86
854,76.77,34.95,34.14,47.73,1008.86
855,76.86,34.94,34.13,47.74,1008.86
856,76.95,34.93,34.13,47.76,1008.86
857,77.04,34.92,34.12,47.75,1008.86
858,77.13,34.91,34.11,47.74,1008.86
859,77.22,34.91,34.11,47.75,1008.86
860,77.31,34.90,34.10,47.73,1008.87
861,77.40,34.89,34.10,47.73,1008.87
862,77.49,34.88,34.09,47.74,1008.87
863,77.58,34.88,34.09,47.74,1008.87
864,77.67,34.87,34.08,47.72,1008.87
865,77.76,34.87,34.07,47.73,1008.88
866,77.85,34.86,34.07,47.73,1008.88
867,77.94,34.85,34.06,47.73,1008.88
868,78.03,34.84,34.05,47.75,1008.88
869,78.12,34.84,34.04,47.75,1008.88
870,78.21,34.83,34.04,47.73,1008.88
871,78.30,34.82,34.04,47.74,1008.88
872,78.39,34.81,34.04,47.74,1008.88
873,78.48,34.81,34.02,47.73,1008.88
874,78.57,34.80,34.02,47.73,1008.88
875,78.66,34.79,34.01,47.72,1008.88
876,78.75,34.78,34.01,47.70,1008.88
877,78.84,34.77,34.00,47.71,1008.88
878,78.93,34.76,34.00,47.70,1008.88
879,79.02,34.75,33.99,47.70,1008.88
880,79.11,34.74,33.99,47.70,1008.88
881,79.20,34.73,33.99,47.70,1008.88
882,79.29,34.72,33.97,47.70,1008.88
883,79.38,34.71,33.97,47.71,1008.88
884,79.47,34.71,33.95,47.71,1008.88
885,79.56,34.70,33.94,47.72,1008.88
886,79.65,34.70,33.93,47.71,1008.88
887,79.74,34.69,33.93,47.72,1008.88
888,79.83,34.68,33.92,47.73,1008.88
889,79.92,34.67,33.91,47.72,1008.87
890,80.01,34.67,33.92,47.73,1008.87
891,80.10,34.66,33.91,47.73,1008.87
892,80.19,34.65,33.90,47.72,1008.87
893,80.28,34.64,33.89,47.73,1008.87
894,80.37,34.64,33.89,47.71,1008.87
895,80.46,34.63,33.88,47.70,1008.86
896,80.55,34.62,33.87,47.71,1008.87
897,80.64,34.62,33.87,47.71,1008.86
898,80.73,34.62,33.86,47.71,1008.86
899,80.82,34.61,33.85,47.73,1008.86
900,80.91,34.60,33.84,47.74,1008.86
901,81.00,34.60,33.83,47.75,1008.87
902,81.09,34.59,33.83,47.74,1008.87
903,81.18,34.59,33.82,47.74,1008.87
904,81.27,34.58,33.81,47.75,1008.87
905,81.36,34.58,33.81,47.75,1008.87
906,81.45,34.58,33.81,47.74,1008.87
907,81.54,34.56,33.81,47.74,1008.87
908,81.63,34.56,33.80,47.75,1008.87
909,81.72,34.55,33.79,47.76,1008.87
910,81.81,34.54,33.78,47.77,1008.87
911,81.90,34.53,33.77,47.77,1008.87
912,81.99,34.53,33.76,47.77,1008.87
913,82.08,34.51,33.76,47.77,1008.87
914,82.17,34.51,33.75,47.76,1008.87
915,82.26,34.50,33.74,47.75,1008.87
916,82.35,34.49,33.73,47.74,1008.87
917,82.44,34.49,33.72,47.74,1008.87
918,82.53,34.48,33.71,47.76,1008.88
919,82.62,34.48,33.71,47.76,1008.88
920,82.71,34.47,33.70,47.77,1008.88
921,82.80,34.46,33.69,47.78,1008.88
922,82.89,34.46,33.69,47.76,1008.88
923,82.98,34.45,33.68,47.76,1008.88
924,83.07,34.45,33.68,47.75,1008.88
925,83.16,34.44,33.66,47.76,1008.88
926,83.25,34.43,33.65,47.74,1008.88
927,83.34,34.42,33.66,47.75,1008.88
928,83.43,34.42,33.66,47.78,1008.89
929,83.52,34.41,33.65,47.78,1008.89
930,83.61,34.40,33.64,47.77,1008.88
931,83.70,34.40,33.63,47.77,1008.88
932,83.79,34.40,33.62,47.78,1008.88
933,83.88,34.40,33.61,47.80,1008.88
934,83.97,34.39,33.61,47.79,1008.88
935,84.06,34.39,33.59,47.79,1008.89
936,84.15,34.39,33.59,47.79,1008.89
937,84.24,34.38,33.59,47.80,1008.89
938,84.33,34.37,33.59,47.83,1008.89
939,84.42,34.36,33.58,47.82,1008.89
940,84.51,34.36,33.57,47.81,1008.89
941,84.60,34.24,33.57,47.81,1008.89
942,84.69,34.35,33.55,47.82,1008.89
943,84.78,34.33,33.55,47.81,1008.89
944,84.87,34.32,33.54,47.82,1008.89
945,84.96,34.31,33.53,47.80,1008.89
946,85.05,34.31,33.53,47.81,1008.89
947,85.14,34.30,33.52,47.82,1008.89
948,85.23,34.30,33.51,47.83,1008.89
949,85.32,34.29,33.51,47.84,1008.89
950,85.41,34.28,33.51,47.84,1008.89
951,85.50,34.27,33.49,47.80,1008.89
952,85.59,34.27,33.49,47.81,1008.89
953,85.68,34.26,33.49,47.83,1008.89
954,85.77,34.25,33.47,47.81,1008.89
955,85.86,34.24,33.46,47.82,1008.89
956,85.95,34.24,33.46,47.81,1008.89
957,86.04,34.23,33.45,47.80,1008.89
958,86.13,34.22,33.44,47.80,1008.89
959,86.22,34.22,33.43,47.81,1008.89
960,86.31,34.21,33.43,47.82,1008.89
961,86.40,34.21,33.42,47.79,1008.89
962,86.49,34.20,33.41,47.80,1008.89
963,86.58,34.19,33.41,47.79,1008.89
964,86.67,34.18,33.40,47.80,1008.89
965,86.76,34.18,33.39,47.78,1008.89
966,86.85,34.17,33.38,47.79,1008.89
967,86.94,34.16,33.37,47.78,1008.88
968,87.03,34.15,33.37,47.77,1008.88
969,87.12,34.15,33.36,47.79,1008.89
970,87.21,34.15,33.35,47.78,1008.89
971,87.30,34.14,33.34,47.79,1008.92
972,87.39,34.13,33.34,47.78,1008.89
973,87.48,34.12,33.33,47.78,1008.89
974,87.57,34.12,33.33,47.77,1008.89
975,87.66,34.11,33.32,47.75,1008.89
976,87.75,34.10,33.31,47.75,1008.89
977,87.84,34.09,33.30,47.77,1008.88
978,87.93,34.09,33.29,47.78,1008.89
979,88.02,34.08,33.29,47.76,1008.88
980,88.11,34.07,33.29,47.79,1008.89
981,88.20,34.07,33.27,47.79,1008.89
982,88.29,34.06,33.27,47.79,1008.89
983,88.38,34.05,33.26,47.79,1008.89
984,88.47,34.04,33.25,47.79,1008.89
985,88.56,34.02,33.25,47.78,1008.89
986,88.65,34.02,33.24,47.80,1008.89
987,88.74,34.01,33.24,47.79,1008.89
988,88.83,34.00,33.23,47.80,1008.89
989,88.92,33.99,33.23,47.78,1008.89
990,89.01,33.98,33.22,47.78,1008.89
991,89.10,33.97,33.21,47.78,1008.89
992,89.19,33.96,33.21,47.79,1008.89
993,89.28,33.96,33.20,47.79,1008.89
994,89.37,33.95,33.20,47.80,1008.89
995,89.46,33.94,33.19,47.80,1008.89
996,89.55,33.92,33.18,47.79,1008.89
997,89.64,33.90,33.18,47.79,1008.89
998,89.73,33.89,33.17,47.79,1008.88
999,89.82,33.88,33.16,47.78,1008.88
1000,89.91,33.87,33.16,47.79,1008.88
1001,90.00,33.86,33.16,47.81,1008.88
1002,90.09,33.86,33.14,47.80,1008.88
1003,90.18,33.87,33.14,47.79,1008.88
1004,90.27,33.86,33.13,47.80,1008.88
1005,90.36,33.86,33.12,47.77,1008.88
1006,90.45,33.85,33.11,47.78,1008.88
1007,90.54,33.85,33.11,47.78,1008.88
1008,90.63,33.85,33.10,47.78,1008.88
1009,90.72,33.84,33.10,47.79,1008.88
1010,90.81,33.83,33.09,47.78,1008.88
1011,90.90,33.82,33.09,47.78,1008.88
1012,90.99,33.82,33.08,47.78,1008.88
1013,91.08,33.81,33.07,47.78,1008.88
1014,91.17,33.81,33.07,47.79,1008.88
1015,91.26,33.80,33.06,47.76,1008.88
1016,91.35,33.80,33.05,47.77,1008.88
1017,91.44,33.79,33.05,47.79,1008.88
1018,91.53,33.78,33.04,47.79,1008.88
1019,91.62,33.78,33.03,47.79,1008.87
1020,91.71,33.77,33.03,47.79,1008.88
1021,91.80,33.76,33.02,47.78,1008.88
1022,91.89,33.75,33.02,47.75,1008.88
1023,91.98,33.74,33.00,47.76,1008.88
1024,92.07,33.73,33.01,47.78,1008.88
1025,92.16,33.72,33.01,47.78,1008.88
1026,92.25,33.72,33.00,47.79,1008.88
1027,92.34,33.71,33.00,47.80,1008.88
1028,92.43,33.70,32.99,47.78,1008.88
1029,92.52,33.69,32.99,47.78,1008.88
1030,92.61,33.69,32.98,47.77,1008.87
1031,92.70,33.68,32.97,47.77,1008.88
1032,92.79,33.67,32.96,47.77,1008.87
1033,92.88,33.67,32.96,47.78,1008.87
1034,92.97,33.67,32.96,47.76,1008.88
1035,93.06,33.66,32.95,47.75,1008.88
1036,93.15,33.66,32.94,47.76,1008.88
1037,93.24,33.65,32.93,47.78,1008.87
1038,93.33,33.64,32.93,47.76,1008.87
1039,93.42,33.64,32.93,47.77,1008.88
1040,93.51,33.62,32.93,47.79,1008.88
1041,93.60,33.62,32.91,47.80,1008.88
1042,93.69,33.61,32.91,47.81,1008.88
1043,93.78,33.60,32.90,47.81,1008.88
1044,93.87,33.59,32.90,47.82,1008.87
1045,93.96,33.59,32.90,47.81,1008.87
1046,94.05,33.58,32.89,47.82,1008.87
1047,94.14,33.58,32.88,47.82,1008.87
1048,94.23,33.57,32.87,47.81,1008.87
1049,94.32,33.57,32.87,47.81,1008.87
1050,94.41,33.56,32.88,47.81,1008.87
1051,94.50,33.55,32.87,47.82,1008.87
1052,94.59,33.55,32.86,47.83,1008.87
1053,94.68,33.55,32.86,47.83,1008.87
1054,94.77,33.54,32.85,47.84,1008.87
1055,94.86,33.54,32.84,47.83,1008.87
1056,94.95,33.53,32.84,47.83,1008.87
1057,95.04,33.53,32.83,47.83,1008.87
1058,95.13,33.52,32.82,47.83,1008.87
1059,95.22,33.52,32.81,47.83,1008.87
1060,95.31,33.51,32.81,47.81,1008.87
1061,95.40,33.50,32.81,47.81,1008.87
1062,95.49,33.50,32.81,47.81,1008.87
1063,95.58,33.49,32.79,47.81,1008.87
1064,95.67,33.48,32.78,47.80,1008.87
1065,95.76,33.48,32.77,47.80,1008.87
1066,95.85,33.47,32.77,47.80,1008.87
1067,95.94,33.46,32.76,47.81,1008.87
1068,96.03,33.45,32.77,47.81,1008.87
1069,96.12,33.44,32.76,47.84,1008.87
1070,96.21,33.44,32.76,47.85,1008.86
1071,96.30,33.43,32.76,47.82,1008.87
1072,96.39,33.43,32.75,47.82,1008.87
1073,96.48,33.42,32.74,47.83,1008.87
1074,96.57,33.42,32.73,47.84,1008.87
1075,96.66,33.41,32.72,47.84,1008.87
1076,96.75,33.41,32.71,47.86,1008.87
1077,96.84,33.41,32.70,47.87,1008.86
1078,96.93,33.39,32.69,47.87,1008.86
1079,97.02,33.39,32.69,47.89,1008.86
1080,97.11,33.38,32.68,47.89,1008.86
1081,97.20,33.38,32.68,47.89,1008.86
1082,97.29,33.38,32.67,47.87,1008.86
1083,97.38,33.37,32.68,47.87,1008.86
1084,97.47,33.36,32.67,47.87,1008.86
1085,97.56,33.36,32.67,47.87,1008.86
1086,97.65,33.35,32.66,47.87,1008.86
1087,97.74,33.35,32.65,47.88,1008.86
1088,97.83,33.34,32.64,47.89,1008.86
1089,97.92,33.33,32.64,47.88,1008.86
1090,98.01,33.33,32.63,47.89,1008.86
1091,98.10,33.32,32.63,47.89,1008.86
1092,98.19,33.32,32.62,47.90,1008.86
1093,98.28,33.31,32.61,47.88,1008.86
1094,98.37,33.31,32.60,47.90,1008.86
1095,98.46,33.30,32.61,47.90,1008.86
1096,98.55,33.30,32.60,47.91,1008.86
1097,98.64,33.29,32.59,47.92,1008.86
1098,98.73,33.28,32.58,47.91,1008.86
1099,98.82,33.28,32.58,47.90,1008.86
1100,98.91,33.27,32.56,47.88,1008.86
1101,99.00,33.26,32.55,47.89,1008.86
1102,99.09,33.25,32.55,47.90,1008.86
1103,99.18,33.25,32.55,47.88,1008.86
1104,99.27,33.24,32.55,47.88,1008.86
1105,99.36,33.23,32.54,47.87,1008.86
1106,99.45,33.22,32.53,47.84,1008.86
1107,99.54,33.21,32.53,47.84,1008.85
1108,99.63,33.21,32.52,47.84,1008.85
1109,99.72,33.20,32.51,47.84,1008.85
1110,99.81,33.20,32.50,47.83,1008.85
1111,99.90,33.20,32.50,47.83,1008.85
1112,99.99,33.18,32.49,47.83,1008.85
1113,100.08,33.17,32.49,47.83,1008.85
1114,100.17,33.17,32.48,47.83,1008.85
1115,100.26,33.18,32.47,47.84,1008.85
1116,100.35,33.17,32.47,47.82,1008.85
1117,100.44,33.17,32.48,47.81,1008.85
1118,100.53,33.16,32.47,47.80,1008.85
1119,100.62,33.16,32.46,47.80,1008.85
1120,100.71,33.16,32.46,47.80,1008.85
1121,100.80,33.14,32.46,47.82,1008.85
1122,100.89,33.13,32.45,47.80,1008.85
1123,100.98,33.12,32.45,47.79,1008.85
1124,101.07,33.11,32.45,47.80,1008.85
1125,101.16,33.10,32.44,47.80,1008.85
1126,101.25,33.10,32.44,47.78,1008.85
1127,101.34,33.09,32.43,47.78,1008.85
1128,101.43,33.08,32.42,47.77,1008.85
1129,101.52,33.08,32.41,47.77,1008.85
1130,101.61,33.08,32.41,47.79,1008.85
1131,101.70,33.07,32.40,47.78,1008.85
1132,101.79,33.07,32.40,47.78,1008.85
1133,101.88,33.07,32.39,47.77,1008.85
1134,101.97,33.06,32.38,47.78,1008.85
1135,102.06,33.05,32.38,47.77,1008.85
1136,102.15,33.05,32.37,47.78,1008.85
1137,102.24,33.04,32.36,47.78,1008.85
1138,102.33,33.03,32.36,47.79,1008.85
1139,102.42,33.02,32.36,47.79,1008.85
1140,102.51,33.02,32.35,47.78,1008.85
1141,102.60,33.02,32.35,47.80,1008.85
1142,102.69,33.01,32.34,47.79,1008.86
1143,102.78,33.01,32.34,47.78,1008.86
1144,102.87,33.01,32.34,47.80,1008.86
1145,102.96,33.01,32.33,47.80,1008.86
1146,103.05,33.00,32.33,47.80,1008.86
1147,103.14,32.99,32.32,47.81,1008.86
1148,103.23,32.99,32.32,47.82,1008.86
1149,103.32,32.98,32.32,47.82,1008.86
1150,103.41,32.98,32.31,47.81,1008.86
1151,103.50,32.97,32.30,47.81,1008.86
1152,103.59,32.97,32.30,47.82,1008.86
1153,103.68,32.96,32.29,47.80,1008.86
1154,103.77,32.95,32.29,47.80,1008.86
1155,103.86,32.95,32.28,47.81,1008.86
1156,103.95,32.95,32.27,47.82,1008.86
1157,104.04,32.95,32.27,47.82,1008.86
1158,104.13,32.95,32.26,47.83,1008.86
1159,104.22,32.94,32.26,47.84,1008.86
1160,104.31,32.93,32.25,47.84,1008.86
1161,104.40,32.93,32.24,47.88,1008.86
1162,104.49,32.92,32.24,47.87,1008.86
1163,104.58,32.91,32.23,47.87,1008.86
1164,104.67,32.91,32.23,47.86,1008.86
1165,104.76,32.90,32.22,47.85,1008.86
1166,104.85,32.89,32.21,47.86,1008.86
1167,104.94,32.88,32.20,47.87,1008.86
1168,105.03,32.87,32.19,47.86,1008.86
1169,105.12,32.86,32.18,47.86,1008.87
1170,105.21,32.86,32.18,47.85,1008.86
1171,105.30,32.86,32.18,47.85,1008.86
1172,105.39,32.85,32.17,47.86,1008.86
1173,105.48,32.84,32.16,47.86,1008.86
1174,105.57,32.83,32.16,47.86,1008.86
1175,105.66,32.82,32.16,47.86,1008.86
1176,105.75,32.82,32.16,47.85,1008.86
1177,105.84,32.81,32.15,47.84,1008.86
1178,105.93,32.80,32.15,47.85,1008.86
1179,106.02,32.80,32.15,47.84,1008.86
1180,106.11,32.79,32.14,47.83,1008.86
1181,106.20,32.79,32.13,47.84,1008.86
1182,106.29,32.79,32.12,47.85,1008.86
1183,106.38,32.79,32.11,47.84,1008.86
1184,106.47,32.78,32.11,47.81,1008.86
1185,106.56,32.77,32.11,47.81,1008.86
1186,106.65,32.76,32.11,47.81,1008.86
1187,106.74,32.77,32.10,47.81,1008.86
1188,106.83,32.76,32.09,47.81,1008.86
1189,106.92,32.75,32.09,47.81,1008.86
1190,107.01,32.75,32.09,47.83,1008.86
1191,107.10,32.74,32.09,47.85,1008.86
1192,107.19,32.73,32.08,47.85,1008.86
1193,107.28,32.72,32.07,47.85,1008.86
1194,107.37,32.72,32.07,47.85,1008.86
1195,107.46,32.71,32.07,47.85,1008.86
1196,107.55,32.71,32.06,47.84,1008.86
1197,107.64,32.71,32.05,47.84,1008.86
1198,107.73,32.70,32.05,47.86,1008.86
1199,107.82,32.70,32.05,47.86,1008.86
1200,107.91,32.69,32.04,47.87,1008.86
1201,108.00,32.68,32.03,47.88,1008.86
1202,108.09,32.68,32.03,47.88,1008.86
1203,108.18,32.67,32.01,47.88,1008.86
1204,108.27,32.67,32.01,47.86,1008.86
1205,108.36,32.66,32.01,47.86,1008.86
1206,108.45,32.65,32.00,47.85,1008.86
1207,108.54,32.64,31.99,47.84,1008.87
1208,108.63,32.64,31.99,47.84,1008.87
1209,108.72,32.63,31.99,47.84,1008.87
1210,108.81,32.63,31.98,47.86,1008.88
1211,108.90,32.62,31.98,47.86,1008.88
1212,108.99,32.62,31.98,47.86,1008.88
1213,109.08,32.62,31.96,47.85,1008.88
1214,109.17,32.61,31.96,47.85,1008.88
1215,109.26,32.61,31.95,47.82,1008.88
1216,109.35,32.60,31.95,47.83,1008.88
1217,109.44,32.59,31.94,47.83,1008.87
1218,109.53,32.59,31.93,47.83,1008.87
1219,109.62,32.59,31.92,47.83,1008.87
1220,109.71,32.58,31.92,47.84,1008.87
1221,109.80,32.57,31.91,47.84,1008.86
1222,109.89,32.56,31.90,47.85,1008.86
1223,109.98,32.55,31.90,47.86,1008.86
1224,110.07,32.55,31.90,47.87,1008.86
1225,110.16,32.54,31.90,47.88,1008.87
1226,110.25,32.53,31.90,47.87,1008.87
1227,110.34,32.52,31.89,47.86,1008.89
1228,110.43,32.51,31.89,47.85,1008.86
1229,110.52,32.50,31.89,47.86,1008.86
1230,110.61,32.49,31.89,47.85,1008.86
1231,110.70,32.48,31.87,47.86,1008.87
1232,110.79,32.47,31.86,47.86,1008.87
1233,110.88,32.46,31.86,47.87,1008.87
1234,110.97,32.45,31.86,47.87,1008.87
1235,111.06,32.44,31.86,47.87,1008.87
1236,111.15,32.44,31.85,47.87,1008.87
1237,111.24,32.43,31.85,47.85,1008.87
1238,111.33,32.44,31.85,47.86,1008.87
1239,111.42,32.44,31.84,47.87,1008.87
1240,111.51,32.43,31.83,47.86,1008.88
1241,111.60,32.43,31.83,47.86,1008.88
1242,111.69,32.43,31.82,47.83,1008.88
1243,111.78,32.43,31.81,47.82,1008.88
1244,111.87,32.43,31.80,47.81,1008.88
1245,111.96,32.43,31.80,47.81,1008.88
1246,112.05,32.43,31.79,47.81,1008.88
1247,112.14,32.42,31.78,47.82,1008.88
1248,112.23,32.42,31.78,47.80,1008.88
1249,112.32,32.42,31.78,47.82,1008.88
1250,112.41,32.41,31.77,47.82,1008.89
1251,112.50,32.40,31.77,47.81,1008.89
1252,112.59,32.39,31.76,47.79,1008.89
1253,112.68,32.40,31.75,47.78,1008.89
1254,112.77,32.40,31.74,47.78,1008.89
1255,112.86,32.39,31.74,47.77,1008.89
1256,112.95,32.39,31.74,47.79,1008.88
1257,113.04,32.39,31.74,47.77,1008.88
1258,113.13,32.38,31.73,47.75,1008.88
1259,113.22,32.37,31.72,47.76,1008.88
1260,113.31,32.37,31.71,47.77,1008.88
1261,113.40,32.36,31.71,47.75,1008.88
1262,113.49,32.36,31.70,47.74,1008.88
1263,113.58,32.36,31.70,47.73,1008.88
1264,113.67,32.35,31.70,47.72,1008.88
1265,113.76,32.35,31.70,47.71,1008.88
1266,113.85,32.34,31.69,47.73,1008.88
1267,113.94,32.33,31.69,47.74,1008.88
1268,114.03,32.33,31.68,47.76,1008.88
1269,114.12,32.32,31.68,47.79,1008.88
1270,114.21,32.32,31.67,47.77,1008.88
1271,114.30,32.31,31.67,47.75,1008.88
1272,114.39,32.30,31.66,47.76,1008.88
1273,114.48,32.30,31.65,47.78,1008.88
1274,114.57,32.29,31.64,47.76,1008.88
1275,114.66,32.29,31.65,47.76,1008.88
1276,114.75,32.28,31.64,47.74,1008.88
1277,114.84,32.27,31.64,47.75,1008.88
1278,114.93,32.27,31.64,47.74,1008.88
1279,115.02,32.27,31.62,47.76,1008.88
1280,115.11,32.26,31.61,47.75,1008.88
1281,115.20,32.26,31.61,47.77,1008.88
1282,115.29,32.25,31.60,47.76,1008.88
1283,115.38,32.24,31.60,47.76,1008.88
1284,115.47,32.25,31.60,47.75,1008.88
1285,115.56,32.24,31.59,47.74,1008.88
1286,115.65,32.24,31.58,47.76,1008.88
1287,115.74,32.24,31.58,47.76,1008.88
1288,115.83,32.23,31.57,47.76,1008.88
1289,115.92,32.23,31.57,47.75,1008.88
1290,116.01,32.22,31.57,47.75,1008.88
1291,116.10,32.21,31.57,47.75,1008.88
1292,116.19,32.21,31.56,47.74,1008.88
1293,116.28,32.20,31.57,47.74,1008.88
1294,116.37,32.20,31.56,47.72,1008.88
1295,116.46,32.19,31.56,47.71,1008.88
1296,116.55,32.19,31.56,47.71,1008.88
1297,116.64,32.18,31.55,47.73,1008.88
1298,116.73,32.18,31.55,47.74,1008.88
1299,116.82,32.18,31.55,47.73,1008.88
1300,116.91,32.17,31.54,47.75,1008.88
1301,117.00,32.17,31.55,47.75,1008.88
1302,117.09,32.17,31.54,47.75,1008.88
1303,117.18,32.16,31.54,47.75,1008.89
1304,117.27,32.16,31.53,47.74,1008.88
1305,117.36,32.15,31.52,47.74,1008.88
1306,117.45,32.15,31.52,47.77,1008.89
1307,117.54,32.14,31.52,47.77,1008.89
1308,117.63,32.13,31.51,47.80,1008.89
1309,117.72,32.12,31.51,47.80,1008.89
1310,117.81,32.12,31.51,47.78,1008.89
1311,117.90,32.12,31.50,47.77,1008.89
1312,117.99,32.11,31.50,47.80,1008.89
1313,118.08,32.11,31.49,47.79,1008.89
1314,118.17,32.10,31.49,47.81,1008.89
1315,118.26,32.10,31.48,47.80,1008.89
1316,118.35,32.09,31.47,47.82,1008.89
1317,118.44,32.08,31.47,47.80,1008.89
1318,118.53,32.07,31.46,47.80,1008.90
1319,118.62,32.07,31.45,47.80,1008.90
1320,118.71,32.07,31.45,47.80,1008.90
1321,118.80,32.07,31.45,47.82,1008.89
1322,118.89,32.06,31.44,47.82,1008.89
1323,118.98,32.06,31.44,47.83,1008.89
1324,119.07,32.05,31.45,47.82,1008.89
1325,119.16,32.05,31.44,47.82,1008.89
1326,119.25,32.05,31.44,47.83,1008.89
1327,119.34,32.04,31.43,47.83,1008.89
1328,119.43,32.03,31.43,47.82,1008.89
1329,119.52,32.03,31.42,47.83,1008.89
1330,119.61,32.03,31.41,47.82,1008.89
1331,119.70,32.03,31.41,47.81,1008.89
1332,119.79,32.02,31.41,47.83,1008.89
1333,119.88,32.02,31.40,47.83,1008.90
1334,119.97,32.01,31.39,47.83,1008.90
1335,120.06,32.01,31.39,47.84,1008.90
1336,120.15,32.01,31.39,47.84,1008.90
1337,120.24,32.00,31.38,47.83,1008.90
1338,120.33,31.99,31.37,47.83,1008.90
1339,120.42,31.99,31.37,47.82,1008.90
1340,120.51,31.98,31.37,47.82,1008.90
1341,120.60,31.98,31.36,47.81,1008.90
1342,120.69,31.98,31.36,47.81,1008.89
1343,120.78,31.97,31.35,47.82,1008.89
1344,120.87,31.96,31.34,47.84,1008.89
1345,120.96,31.95,31.34,47.84,1008.88
1346,121.05,31.96,31.33,47.84,1008.88
1347,121.14,31.95,31.32,47.86,1008.88
1348,121.23,31.94,31.32,47.85,1008.88
1349,121.32,31.94,31.32,47.85,1008.88
1350,121.41,31.93,31.31,47.84,1008.88
1351,121.50,31.93,31.31,47.85,1008.88
1352,121.59,31.93,31.31,47.85,1008.88
1353,121.68,31.93,31.30,47.85,1008.88
1354,121.77,31.91,31.29,47.86,1008.88
1355,121.86,31.91,31.28,47.86,1008.88
1356,121.95,31.91,31.27,47.88,1008.87
1357,122.04,31.90,31.27,47.88,1008.87
1358,122.13,31.90,31.26,47.88,1008.87
1359,122.22,31.90,31.26,47.89,1008.87
1360,122.31,31.89,31.26,47.91,1008.87
1361,122.40,31.89,31.25,47.90,1008.87
1362,122.49,31.88,31.25,47.91,1008.87
1363,122.58,31.88,31.25,47.92,1008.88
1364,122.67,31.87,31.25,47.93,1008.88
1365,122.76,31.87,31.25,47.94,1008.88
1366,122.85,31.86,31.24,47.95,1008.88
1367,122.94,31.85,31.24,47.94,1008.87
1368,123.03,31.84,31.24,47.95,1008.88
1369,123.12,31.84,31.23,47.95,1008.87
1370,123.21,31.83,31.22,47.97,1008.88
1371,123.30,31.82,31.21,47.96,1008.88
1372,123.39,31.81,31.21,47.97,1008.88
1373,123.48,31.81,31.20,47.98,1008.88
1374,123.57,31.81,31.20,47.97,1008.88
1375,123.66,31.80,31.20,47.95,1008.88
1376,123.75,31.79,31.19,47.96,1008.88
1377,123.84,31.79,31.19,47.97,1008.87
1378,123.93,31.78,31.18,47.97,1008.88
1379,124.02,31.78,31.18,47.97,1008.88
1380,124.11,31.77,31.18,47.97,1008.88
1381,124.20,31.77,31.17,47.98,1008.88
1382,124.29,31.76,31.17,47.98,1008.88
1383,124.38,31.76,31.17,47.97,1008.88
1384,124.47,31.76,31.17,47.95,1008.88
1385,124.56,31.75,31.16,47.94,1008.87
1386,124.65,31.75,31.16,47.95,1008.88
1387,124.74,31.75,31.16,47.92,1008.87
1388,124.83,31.74,31.15,47.95,1008.87
1389,124.92,31.73,31.15,47.96,1008.87
1390,125.01,31.73,31.15,47.97,1008.87
1391,125.10,31.72,31.14,47.95,1008.87
1392,125.19,31.72,31.13,47.94,1008.87
1393,125.28,31.72,31.13,47.95,1008.87
1394,125.37,31.72,31.12,47.95,1008.87
1395,125.46,31.70,31.12,47.94,1008.86
1396,125.55,31.70,31.12,47.93,1008.86
1397,125.64,31.69,31.12,47.93,1008.86
1398,125.73,31.69,31.12,47.92,1008.86
1399,125.82,31.68,31.11,47.93,1008.85
1400,125.91,31.68,31.11,47.93,1008.85
1401,126.00,31.67,31.11,47.94,1008.85
1402,126.09,31.67,31.10,47.94,1008.84
1403,126.18,31.66,31.10,47.92,1008.84
1404,126.27,31.66,31.09,47.90,1008.84
1405,126.36,31.65,31.09,47.89,1008.84
1406,126.45,31.65,31.08,47.90,1008.83
1407,126.54,31.64,31.08,47.92,1008.83
1408,126.63,31.63,31.07,47.93,1008.84
1409,126.72,31.62,31.07,47.92,1008.83
1410,126.81,31.62,31.06,47.93,1008.83
1411,126.90,31.62,31.06,47.93,1008.84
1412,126.99,31.61,31.05,47.92,1008.84
1413,127.08,31.61,31.05,47.92,1008.84
1414,127.17,31.60,31.04,47.93,1008.84
1415,127.26,31.60,31.04,47.92,1008.85
1416,127.35,31.60,31.04,47.91,1008.85
1417,127.44,31.59,31.03,47.94,1008.86
1418,127.53,31.59,31.03,47.93,1008.86
1419,127.62,31.58,31.03,47.91,1008.86
1420,127.71,31.57,31.02,47.91,1008.86
1421,127.80,31.58,31.02,47.91,1008.87
1422,127.89,31.57,31.01,47.91,1008.87
1423,127.98,31.57,31.00,47.91,1008.87
1424,128.07,31.56,30.99,47.92,1008.87
1425,128.16,31.55,30.99,47.92,1008.87
1426,128.25,31.55,30.98,47.94,1008.87
1427,128.34,31.55,30.98,47.95,1008.87
1428,128.43,31.55,30.98,47.94,1008.87
1429,128.52,31.55,30.98,47.94,1008.87
1430,128.61,31.54,30.97,47.93,1008.87
1431,128.70,31.54,30.97,47.95,1008.87
1432,128.79,31.54,30.96,47.95,1008.87
1433,128.88,31.54,30.96,47.96,1008.87
1434,128.97,31.54,30.96,47.97,1008.87
1435,129.06,31.53,30.95,47.97,1008.87
1436,129.15,31.53,30.95,47.97,1008.87
1437,129.24,31.52,30.95,47.99,1008.87
1438,129.33,31.52,30.95,48.00,1008.87
1439,129.42,31.51,30.94,47.99,1008.87
1440,129.51,31.50,30.94,47.98,1008.87
1441,129.60,31.50,30.93,47.98,1008.87
1442,129.69,31.50,30.92,47.98,1008.87
1443,129.78,31.49,30.91,47.96,1008.87
1444,129.87,31.49,30.91,47.96,1008.86
1445,129.96,31.48,30.91,47.95,1008.86
1446,130.05,31.47,30.90,47.95,1008.86
1447,130.14,31.47,30.90,47.94,1008.86
1448,130.23,31.47,30.90,47.93,1008.86
1449,130.32,31.46,30.89,47.94,1008.86
1450,130.41,31.46,30.88,47.93,1008.86
1451,130.50,31.45,30.88,47.92,1008.86
1452,130.59,31.45,30.88,47.91,1008.86
1453,130.68,31.44,30.87,47.89,1008.86
1454,130.77,31.44,30.87,47.91,1008.86
1455,130.86,31.44,30.87,47.91,1008.86
1456,130.95,31.43,30.86,47.91,1008.85
1457,131.04,31.44,30.86,47.92,1008.85
1458,131.13,31.43,30.86,47.90,1008.85
1459,131.22,31.42,30.86,47.91,1008.85
1460,131.31,31.42,30.86,47.91,1008.85
1461,131.40,31.41,30.86,47.91,1008.85
1462,131.49,31.40,30.85,47.92,1008.85
1463,131.58,31.40,30.85,47.93,1008.85
1464,131.67,31.40,30.84,47.91,1008.85
1465,131.76,31.39,30.84,47.93,1008.85
1466,131.85,31.38,30.82,47.92,1008.85
1467,131.94,31.38,30.82,47.90,1008.85
1468,132.03,31.37,30.82,47.88,1008.85
1469,132.12,31.37,30.82,47.88,1008.85
1470,132.21,31.37,30.81,47.90,1008.85
1471,132.30,31.37,30.81,47.89,1008.85
1472,132.39,31.36,30.81,47.91,1008.85
1473,132.48,31.35,30.80,47.92,1008.85
1474,132.57,31.35,30.80,47.91,1008.85
1475,132.66,31.34,30.79,47.91,1008.85
1476,132.75,31.34,30.79,47.91,1008.85
1477,132.84,31.34,30.79,47.91,1008.85
1478,132.93,31.34,30.78,47.91,1008.85
1479,133.02,31.33,30.77,47.92,1008.85
1480,133.11,31.33,30.77,47.92,1008.85
1481,133.20,31.33,30.77,47.93,1008.85
1482,133.29,31.32,30.76,47.91,1008.86
1483,133.38,31.32,30.76,47.90,1008.86
1484,133.47,31.31,30.75,47.92,1008.86
1485,133.56,31.31,30.75,47.92,1008.86
1486,133.65,31.30,30.75,47.92,1008.86
1487,133.74,31.30,30.75,47.92,1008.86
1488,133.83,31.29,30.75,47.93,1008.86
1489,133.92,31.29,30.75,47.92,1008.87
1490,134.01,31.28,30.74,47.93,1008.87
1491,134.10,31.29,30.73,47.94,1008.87
1492,134.19,31.28,30.73,47.95,1008.87
1493,134.28,31.28,30.73,47.93,1008.87
1494,134.37,31.27,30.72,47.93,1008.87
1495,134.46,31.27,30.72,47.93,1008.87
1496,134.55,31.27,30.72,47.92,1008.87
1497,134.64,31.26,30.72,47.92,1008.87
1498,134.73,31.26,30.71,47.91,1008.87
1499,134.82,31.25,30.71,47.91,1008.88
1500,134.91,31.24,30.71,47.90,1008.88
1501,135.00,31.24,30.69,47.91,1008.88
1502,135.09,31.23,30.69,47.91,1008.88
1503,135.18,31.23,30.68,47.90,1008.88
1504,135.27,31.23,30.67,47.89,1008.88
1505,135.36,31.23,30.68,47.88,1008.88
1506,135.45,31.23,30.67,47.89,1008.87
1507,135.54,31.22,30.67,47.87,1008.87
1508,135.63,31.22,30.67,47.89,1008.87
1509,135.72,31.22,30.67,47.90,1008.87
1510,135.81,31.22,30.66,47.91,1008.87
1511,135.90,31.16,30.66,47.91,1008.87
1512,135.99,31.18,30.65,47.91,1008.87
1513,136.08,31.20,30.65,47.93,1008.87
1514,136.17,31.19,30.65,47.95,1008.87
1515,136.26,31.19,30.65,47.94,1008.87
1516,136.35,31.19,30.64,47.96,1008.87
1517,136.44,31.18,30.64,47.94,1008.87
1518,136.53,31.18,30.63,47.95,1008.87
1519,136.62,31.18,30.63,47.95,1008.86
1520,136.71,31.17,30.62,47.95,1008.86
1521,136.80,31.17,30.61,47.96,1008.86
1522,136.89,31.16,30.60,47.95,1008.86
1523,136.98,31.16,30.59,47.93,1008.85
1524,137.07,31.15,30.59,47.93,1008.86
1525,137.16,31.15,30.58,47.91,1008.85
1526,137.25,31.15,30.57,47.92,1008.85
1527,137.34,31.14,30.56,47.92,1008.85
1528,137.43,31.14,30.56,47.91,1008.85
1529,137.52,31.14,30.55,47.91,1008.85
1530,137.61,31.13,30.54,47.91,1008.85
1531,137.70,31.12,30.54,47.92,1008.85
1532,137.79,31.12,30.53,47.95,1008.85
1533,137.88,31.11,30.53,47.94,1008.85
1534,137.97,31.11,30.53,47.93,1008.85
1535,138.06,31.11,30.53,47.96,1008.85
1536,138.15,31.10,30.53,47.95,1008.85
1537,138.24,31.10,30.53,47.95,1008.85
1538,138.33,31.10,30.53,47.94,1008.85
1539,138.42,31.09,30.53,47.93,1008.85
1540,138.51,31.09,30.53,47.95,1008.85
1541,138.60,31.09,30.53,47.96,1008.85
1542,138.69,31.08,30.53,47.96,1008.86
1543,138.78,31.07,30.53,47.97,1008.86
1544,138.87,31.07,30.52,47.96,1008.86
1545,138.96,31.06,30.53,47.95,1008.86
1546,139.05,31.05,30.52,47.95,1008.86
1547,139.14,31.05,30.52,47.95,1008.86
1548,139.23,31.04,30.52,47.96,1008.86
1549,139.32,31.04,30.52,47.97,1008.86
1550,139.41,31.03,30.51,47.97,1008.86
1551,139.50,31.03,30.51,47.98,1008.86
1552,139.59,31.02,30.51,47.97,1008.87
1553,139.68,31.02,30.51,47.97,1008.87
1554,139.77,31.02,30.50,47.96,1008.87
1555,139.86,31.01,30.49,47.95,1008.87
1556,139.95,31.01,30.49,47.97,1008.87
1557,140.04,31.01,30.49,47.96,1008.87
1558,140.13,31.00,30.48,47.97,1008.87
1559,140.22,31.00,30.47,47.97,1008.87
1560,140.31,30.99,30.47,47.95,1008.87
1561,140.40,30.99,30.47,47.96,1008.87
1562,140.49,30.99,30.47,47.97,1008.87
1563,140.58,30.99,30.47,47.98,1008.88
1564,140.67,30.98,30.46,47.98,1008.87
1565,140.76,30.97,30.46,47.98,1008.88
1566,140.85,30.97,30.46,47.98,1008.88
1567,140.94,30.97,30.46,47.98,1008.88
1568,141.03,30.96,30.45,47.97,1008.88
1569,141.12,30.96,30.45,47.98,1008.88
1570,141.21,30.96,30.45,47.97,1008.88
1571,141.30,30.96,30.44,47.96,1008.88
1572,141.39,30.95,30.45,47.95,1008.88
1573,141.48,30.94,30.45,47.97,1008.88
1574,141.57,30.94,30.44,47.96,1008.88
1575,141.66,30.94,30.44,47.96,1008.88
1576,141.75,30.94,30.44,47.93,1008.88
1577,141.84,30.94,30.42,47.95,1008.88
1578,141.93,30.93,30.42,47.94,1008.88
1579,142.02,30.93,30.42,47.93,1008.88
1580,142.11,30.92,30.41,47.94,1008.87
1581,142.20,30.92,30.41,47.94,1008.87
1582,142.29,30.92,30.41,47.94,1008.87
1583,142.38,30.91,30.41,47.94,1008.87
1584,142.47,30.90,30.40,47.94,1008.88
1585,142.56,30.90,30.40,47.94,1008.88
1586,142.65,30.90,30.40,47.94,1008.88
1587,142.74,30.90,30.40,47.93,1008.88
1588,142.83,30.89,30.39,47.95,1008.88
1589,142.92,30.89,30.38,47.96,1008.88
1590,143.01,30.89,30.38,47.95,1008.88
1591,143.10,30.89,30.37,47.96,1008.88
1592,143.19,30.88,30.38,47.94,1008.88
1593,143.28,30.88,30.37,47.94,1008.88
1594,143.37,30.88,30.38,47.95,1008.88
1595,143.46,30.87,30.37,47.94,1008.88
1596,143.55,30.87,30.37,47.93,1008.88
1597,143.64,30.86,30.37,47.90,1008.88
1598,143.73,30.86,30.36,47.91,1008.88
1599,143.82,30.86,30.35,47.92,1008.88
1600,143.91,30.86,30.35,47.91,1008.88
1601,144.00,30.85,30.34,47.92,1008.88
1602,144.09,30.84,30.35,47.92,1008.88
1603,144.18,30.83,30.34,47.92,1008.88
1604,144.27,30.83,30.33,47.93,1008.88
1605,144.36,30.83,30.33,47.91,1008.87
1606,144.45,30.83,30.33,47.91,1008.88
1607,144.54,30.82,30.32,47.92,1008.88
1608,144.63,30.82,30.32,47.93,1008.88
1609,144.72,30.82,30.31,47.91,1008.88
1610,144.81,30.82,30.31,47.91,1008.88
1611,144.90,30.82,30.30,47.90,1008.88
1612,144.99,30.81,30.30,47.89,1008.88
1613,145.08,30.80,30.28,47.88,1008.88
1614,145.17,30.80,30.28,47.88,1008.88
1615,145.26,30.80,30.28,47.89,1008.88
1616,145.35,30.80,30.28,47.90,1008.88
1617,145.44,30.80,30.27,47.91,1008.88
1618,145.53,30.79,30.27,47.90,1008.88
1619,145.62,30.79,30.27,47.90,1008.88
1620,145.71,30.78,30.26,47.89,1008.88
1621,145.80,30.78,30.26,47.89,1008.88
1622,145.89,30.77,30.26,47.88,1008.88
1623,145.98,30.76,30.24,47.88,1008.88
1624,146.07,30.76,30.24,47.89,1008.88
1625,146.16,30.75,30.24,47.87,1008.88
1626,146.25,30.75,30.24,47.87,1008.88
1627,146.34,30.75,30.23,47.88,1008.88
1628,146.43,30.74,30.23,47.88,1008.87
1629,146.52,30.75,30.23,47.87,1008.88
1630,146.61,30.75,30.22,47.88,1008.88
1631,146.70,30.74,30.22,47.88,1008.88
1632,146.79,30.74,30.22,47.90,1008.88
1633,146.88,30.74,30.21,47.91,1008.88
1634,146.97,30.73,30.21,47.90,1008.88
1635,147.06,30.74,30.20,47.92,1008.88
1636,147.15,30.74,30.21,47.94,1008.88
1637,147.24,30.74,30.20,47.95,1008.88
1638,147.33,30.73,30.19,47.94,1008.88
1639,147.42,30.73,30.18,47.93,1008.88
1640,147.51,30.72,30.17,47.93,1008.88
1641,147.60,30.71,30.17,47.91,1008.88
1642,147.69,30.70,30.17,47.90,1008.88
1643,147.78,30.69,30.16,47.92,1008.87
1644,147.87,30.69,30.16,47.91,1008.87
1645,147.96,30.68,30.17,47.91,1008.87
1646,148.05,30.68,30.16,47.90,1008.87
1647,148.14,30.68,30.16,47.92,1008.88
1648,148.23,30.68,30.16,47.93,1008.87
1649,148.32,30.68,30.17,47.93,1008.88
1650,148.41,30.67,30.16,47.94,1008.88
1651,148.50,30.66,30.15,47.95,1008.88
1652,148.59,30.66,30.15,47.92,1008.88
1653,148.68,30.65,30.15,47.92,1008.88
1654,148.77,30.66,30.15,47.92,1008.87
1655,148.86,30.65,30.14,47.95,1008.87
1656,148.95,30.65,30.14,47.95,1008.88
1657,149.04,30.64,30.14,47.95,1008.88
1658,149.13,30.64,30.14,47.94,1008.88
1659,149.22,30.64,30.12,47.95,1008.88
1660,149.31,30.64,30.12,47.94,1008.88
1661,149.40,30.63,30.12,47.95,1008.88
1662,149.49,30.62,30.12,47.94,1008.88
1663,149.58,30.62,30.11,47.95,1008.88
1664,149.67,30.61,30.11,47.94,1008.88
1665,149.76,30.61,30.10,47.95,1008.88
1666,149.85,30.60,30.11,47.94,1008.88
1667,149.94,30.60,30.10,47.94,1008.88
1668,150.03,30.59,30.10,47.96,1008.88
1669,150.12,30.59,30.10,47.94,1008.88
1670,150.21,30.59,30.10,47.96,1008.88
1671,150.30,30.58,30.10,47.97,1008.88
1672,150.39,30.58,30.09,47.96,1008.88
1673,150.48,30.58,30.09,47.97,1008.88
1674,150.57,30.58,30.09,47.97,1008.89
1675,150.66,30.57,30.08,47.96,1008.89
1676,150.75,30.57,30.08,47.94,1008.89
1677,150.84,30.56,30.07,47.94,1008.89
1678,150.93,30.56,30.07,47.94,1008.89
1679,151.02,30.56,30.06,47.94,1008.89
1680,151.11,30.55,30.06,47.93,1008.89
1681,151.20,30.54,30.05,47.93,1008.89
1682,151.29,30.54,30.05,47.95,1008.89
1683,151.38,30.53,30.04,47.93,1008.89
1684,151.47,30.53,30.05,47.92,1008.89
1685,151.56,30.52,30.05,47.94,1008.89
1686,151.65,30.52,30.05,47.93,1008.89
1687,151.74,30.52,30.04,47.93,1008.89
1688,151.83,30.52,30.04,47.94,1008.89
1689,151.92,30.52,30.04,47.94,1008.89
1690,152.01,30.51,30.04,47.93,1008.89
1691,152.10,30.51,30.03,47.93,1008.89
1692,152.19,30.51,30.02,47.93,1008.89
1693,152.28,30.50,30.02,47.94,1008.88
1694,152.37,30.49,30.01,47.93,1008.88
1695,152.46,30.49,30.01,47.92,1008.88
1696,152.55,30.49,30.01,47.91,1008.88
1697,152.64,30.49,30.00,47.88,1008.88
1698,152.73,30.48,30.00,47.88,1008.87
1699,152.82,30.48,30.00,47.88,1008.87
1700,152.91,30.47,30.00,47.89,1008.87
1701,153.00,30.47,30.00,47.89,1008.87
1702,153.09,30.47,29.99,47.91,1008.87
1703,153.18,30.47,29.99,47.91,1008.87
1704,153.27,30.47,29.99,47.91,1008.87
1705,153.36,30.47,29.98,47.90,1008.87
1706,153.45,30.46,29.98,47.89,1008.87
1707,153.54,30.46,29.98,47.89,1008.87
1708,153.63,30.45,29.98,47.90,1008.87
1709,153.72,30.45,29.97,47.91,1008.87
1710,153.81,30.44,29.96,47.91,1008.87
1711,153.90,30.44,29.95,47.90,1008.87
1712,153.99,30.44,29.95,47.91,1008.87
1713,154.08,30.44,29.95,47.90,1008.87
1714,154.17,30.44,29.95,47.90,1008.86
1715,154.26,30.43,29.95,47.89,1008.86
1716,154.35,30.44,29.95,47.89,1008.86
1717,154.44,30.43,29.94,47.90,1008.87
1718,154.53,30.43,29.93,47.90,1008.87
1719,154.62,30.43,29.93,47.89,1008.87
1720,154.71,30.42,29.92,47.89,1008.87
1721,154.80,30.42,29.92,47.86,1008.87
1722,154.89,30.41,29.92,47.86,1008.87
1723,154.98,30.41,29.92,47.85,1008.87
1724,155.07,30.41,29.92,47.86,1008.87
1725,155.16,30.40,29.92,47.86,1008.87
1726,155.25,30.40,29.91,47.87,1008.87
1727,155.34,30.40,29.91,47.85,1008.87
1728,155.43,30.40,29.91,47.87,1008.87
1729,155.52,30.39,29.91,47.86,1008.87
1730,155.61,30.40,29.90,47.87,1008.87
1731,155.70,30.39,29.90,47.88,1008.87
1732,155.79,30.39,29.90,47.86,1008.87
1733,155.88,30.39,29.89,47.87,1008.87
1734,155.97,30.39,29.89,47.86,1008.87
1735,156.06,30.39,29.89,47.85,1008.87
1736,156.15,30.39,29.90,47.86,1008.87
1737,156.24,30.38,29.89,47.85,1008.87
1738,156.33,30.38,29.88,47.85,1008.87
1739,156.42,30.37,29.88,47.85,1008.87
1740,156.51,30.37,29.88,47.85,1008.87
1741,156.60,30.37,29.88,47.86,1008.87
1742,156.69,30.37,29.88,47.85,1008.87
1743,156.78,30.37,29.88,47.87,1008.87
1744,156.87,30.36,29.87,47.88,1008.87
1745,156.96,30.36,29.87,47.89,1008.87
1746,157.05,30.36,29.86,47.87,1008.87
1747,157.14,30.35,29.86,47.88,1008.88
1748,157.23,30.35,29.86,47.89,1008.88
1749,157.32,30.35,29.85,47.90,1008.88
1750,157.41,30.35,29.86,47.89,1008.88
1751,157.50,30.35,29.85,47.88,1008.88
1752,157.59,30.35,29.85,47.88,1008.88
1753,157.68,30.34,29.84,47.88,1008.88
1754,157.77,30.34,29.83,47.88,1008.88
1755,157.86,30.34,29.83,47.85,1008.88
1756,157.95,30.33,29.82,47.86,1008.88
1757,158.04,30.32,29.82,47.85,1008.88
1758,158.13,30.32,29.82,47.86,1008.88
1759,158.22,30.32,29.83,47.84,1008.87
1760,158.31,30.31,29.83,47.83,1008.87
1761,158.40,30.31,29.83,47.81,1008.87
1762,158.49,30.31,29.83,47.83,1008.87
1763,158.58,30.30,29.82,47.83,1008.87
1764,158.67,30.30,29.81,47.83,1008.87
1765,158.76,30.30,29.81,47.83,1008.87
1766,158.85,30.29,29.81,47.84,1008.87
1767,158.94,30.29,29.80,47.83,1008.87
1768,159.03,30.29,29.80,47.83,1008.87
1769,159.12,30.29,29.80,47.84,1008.87
1770,159.21,30.28,29.79,47.85,1008.87
1771,159.30,30.28,29.79,47.85,1008.87
1772,159.39,30.28,29.78,47.82,1008.87
1773,159.48,30.27,29.77,47.84,1008.87
1774,159.57,30.27,29.77,47.84,1008.87
1775,159.66,30.27,29.77,47.84,1008.87
1776,159.75,30.26,29.77,47.85,1008.87
1777,159.84,30.26,29.76,47.84,1008.87
1778,159.93,30.25,29.75,47.84,1008.87
1779,160.02,30.25,29.75,47.86,1008.87
1780,160.11,30.25,29.75,47.86,1008.87
1781,160.20,30.25,29.75,47.86,1008.86
1782,160.29,30.24,29.75,47.89,1008.86
1783,160.38,30.24,29.74,47.91,1008.86
1784,160.47,30.24,29.73,47.94,1008.87
1785,160.56,30.24,29.73,47.94,1008.87
1786,160.65,30.23,29.74,47.95,1008.86
1787,160.74,30.23,29.73,47.92,1008.86
1788,160.83,30.22,29.73,47.93,1008.86
1789,160.92,30.22,29.73,47.94,1008.86
1790,161.01,30.22,29.72,47.94,1008.86
1791,161.10,30.22,29.72,47.94,1008.86
1792,161.19,30.21,29.72,47.92,1008.86
1793,161.28,30.20,29.72,47.91,1008.86
1794,161.37,30.20,29.72,47.91,1008.86
1795,161.46,30.20,29.71,47.91,1008.86
1796,161.55,30.20,29.71,47.92,1008.86
1797,161.64,30.19,29.71,47.95,1008.86
1798,161.73,30.19,29.70,47.95,1008.86
1799,161.82,30.19,29.70,47.93,1008.86
1800,161.91,30.19,29.69,47.94,1008.86
1801,162.00,30.19,29.69,47.95,1008.86
1802,162.09,30.19,29.69,47.98,1008.86
1803,162.18,30.18,29.69,47.97,1008.86
1804,162.27,30.18,29.69,47.96,1008.86
1805,162.36,30.17,29.69,47.95,1008.86
1806,162.45,30.17,29.68,47.95,1008.86
1807,162.54,30.16,29.68,47.95,1008.86
1808,162.63,30.16,29.68,47.93,1008.86
1809,162.72,30.16,29.67,47.94,1008.86
1810,162.81,30.15,29.68,47.96,1008.86
1811,162.90,30.15,29.68,47.96,1008.86
1812,162.99,30.14,29.67,47.97,1008.86
1813,163.08,30.14,29.68,47.97,1008.86
1814,163.17,30.14,29.68,47.94,1008.86
1815,163.26,30.13,29.66,47.94,1008.86
1816,163.35,30.13,29.66,47.94,1008.86
1817,163.44,30.13,29.65,47.96,1008.86
1818,163.53,30.13,29.64,47.96,1008.86
1819,163.62,30.12,29.65,47.95,1008.86
1820,163.71,30.12,29.64,47.94,1008.86
1821,163.80,30.11,29.64,47.95,1008.86
1822,163.89,30.11,29.64,47.95,1008.86
1823,163.98,30.11,29.63,47.93,1008.86
1824,164.07,30.10,29.63,47.92,1008.86
1825,164.16,30.10,29.63,47.93,1008.86
1826,164.25,30.09,29.64,47.94,1008.86
1827,164.34,30.08,29.63,47.94,1008.86
1828,164.43,30.08,29.63,47.92,1008.86
1829,164.52,30.07,29.63,47.92,1008.86
1830,164.61,30.07,29.63,47.93,1008.87
1831,164.70,30.07,29.63,47.94,1008.87
1832,164.79,30.06,29.64,47.93,1008.87
1833,164.88,30.06,29.63,47.93,1008.87
1834,164.97,30.06,29.63,47.94,1008.87
1835,165.06,30.05,29.62,47.93,1008.87
1836,165.15,30.05,29.62,47.92,1008.87
1837,165.24,30.05,29.62,47.91,1008.87
1838,165.33,30.05,29.62,47.94,1008.87
1839,165.42,30.05,29.61,47.92,1008.87
1840,165.51,30.05,29.61,47.91,1008.87
1841,165.60,30.04,29.62,47.91,1008.87
1842,165.69,30.04,29.61,47.91,1008.87
1843,165.78,30.03,29.60,47.92,1008.87
1844,165.87,30.03,29.60,47.92,1008.87
1845,165.96,30.03,29.60,47.92,1008.87
1846,166.05,30.03,29.59,47.91,1008.87
1847,166.14,30.03,29.59,47.90,1008.87
1848,166.23,30.02,29.59,47.91,1008.87
1849,166.32,30.02,29.59,47.93,1008.87
1850,166.41,30.02,29.58,47.93,1008.87
1851,166.50,30.01,29.58,47.92,1008.87
1852,166.59,30.01,29.58,47.91,1008.87
1853,166.68,30.01,29.58,47.91,1008.87
1854,166.77,30.01,29.57,47.90,1008.87
1855,166.86,30.01,29.58,47.89,1008.87
1856,166.95,29.99,29.57,47.89,1008.86
1857,167.04,29.99,29.57,47.89,1008.86
1858,167.13,29.99,29.56,47.90,1008.86
1859,167.22,29.99,29.56,47.89,1008.87
1860,167.31,29.98,29.56,47.87,1008.86
1861,167.40,29.98,29.56,47.89,1008.86
1862,167.49,29.99,29.56,47.89,1008.86
1863,167.58,29.98,29.55,47.87,1008.86
1864,167.67,29.99,29.54,47.87,1008.86
1865,167.76,29.98,29.54,47.88,1008.86
1866,167.85,29.98,29.53,47.88,1008.86
1867,167.94,29.98,29.53,47.86,1008.86
1868,168.03,29.98,29.52,47.85,1008.86
1869,168.12,29.97,29.52,47.83,1008.86
1870,168.21,29.96,29.51,47.81,1008.86
1871,168.30,29.96,29.51,47.82,1008.86
1872,168.39,29.96,29.51,47.81,1008.86
1873,168.48,29.95,29.50,47.81,1008.86
1874,168.57,29.94,29.50,47.80,1008.86
1875,168.66,29.94,29.49,47.80,1008.86
1876,168.75,29.94,29.49,47.80,1008.86
1877,168.84,29.94,29.49,47.80,1008.86
1878,168.93,29.93,29.49,47.80,1008.86
1879,169.02,29.93,29.49,47.81,1008.86
1880,169.11,29.93,29.49,47.82,1008.86
1881,169.20,29.92,29.49,47.82,1008.86
1882,169.29,29.92,29.48,47.81,1008.86
1883,169.38,29.92,29.47,47.82,1008.86
1884,169.47,29.92,29.47,47.84,1008.86
1885,169.56,29.92,29.47,47.85,1008.86
1886,169.65,29.92,29.46,47.84,1008.86
1887,169.74,29.92,29.46,47.82,1008.86
1888,169.83,29.91,29.46,47.82,1008.86
1889,169.92,29.91,29.45,47.83,1008.86
1890,170.01,29.91,29.45,47.83,1008.87
1891,170.10,29.91,29.44,47.82,1008.87
1892,170.19,29.91,29.44,47.84,1008.87
1893,170.28,29.90,29.44,47.84,1008.87
1894,170.37,29.90,29.44,47.84,1008.86
1895,170.46,29.89,29.43,47.84,1008.87
1896,170.55,29.89,29.42,47.85,1008.86
1897,170.64,29.88,29.42,47.85,1008.87
1898,170.73,29.89,29.42,47.85,1008.87
1899,170.82,29.88,29.42,47.84,1008.87
1900,170.91,29.89,29.42,47.82,1008.87
1901,171.00,29.89,29.42,47.82,1008.87
1902,171.09,29.88,29.42,47.82,1008.87
1903,171.18,29.88,29.42,47.83,1008.87
1904,171.27,29.88,29.41,47.83,1008.87
1905,171.36,29.88,29.41,47.81,1008.87
1906,171.45,29.88,29.41,47.81,1008.87
1907,171.54,29.87,29.41,47.81,1008.87
1908,171.63,29.87,29.41,47.80,1008.87
1909,171.72,29.86,29.40,47.78,1008.87
1910,171.81,29.86,29.41,47.79,1008.87
1911,171.90,29.86,29.41,47.78,1008.87
1912,171.99,29.86,29.40,47.79,1008.87
1913,172.08,29.86,29.40,47.79,1008.87
1914,172.17,29.86,29.40,47.80,1008.87
1915,172.26,29.85,29.40,47.80,1008.87
1916,172.35,29.84,29.41,47.81,1008.87
1917,172.44,29.84,29.41,47.79,1008.88
1918,172.53,29.84,29.40,47.80,1008.88
1919,172.62,29.84,29.40,47.80,1008.88
1920,172.71,29.84,29.40,47.81,1008.87
1921,172.80,29.83,29.40,47.81,1008.87
1922,172.89,29.83,29.39,47.79,1008.87
1923,172.98,29.83,29.39,47.78,1008.87
1924,173.07,29.83,29.39,47.77,1008.87
1925,173.16,29.82,29.38,47.77,1008.87
1926,173.25,29.82,29.38,47.79,1008.87
1927,173.34,29.82,29.37,47.79,1008.87
1928,173.43,29.81,29.37,47.78,1008.87
1929,173.52,29.80,29.36,47.78,1008.87
1930,173.61,29.81,29.36,47.77,1008.87
1931,173.70,29.81,29.36,47.76,1008.87
1932,173.79,29.80,29.36,47.76,1008.87
1933,173.88,29.80,29.35,47.75,1008.87
1934,173.97,29.80,29.35,47.75,1008.87
1935,174.06,29.79,29.34,47.75,1008.87
1936,174.15,29.79,29.34,47.76,1008.87
1937,174.24,29.78,29.34,47.77,1008.87
1938,174.33,29.78,29.34,47.75,1008.87
1939,174.42,29.78,29.33,47.73,1008.87
1940,174.51,29.78,29.33,47.74,1008.87
1941,174.60,29.78,29.33,47.74,1008.87
1942,174.69,29.78,29.33,47.73,1008.87
1943,174.78,29.77,29.32,47.74,1008.87
1944,174.87,29.77,29.32,47.74,1008.87
1945,174.96,29.77,29.32,47.73,1008.87
1946,175.05,29.77,29.31,47.72,1008.87
1947,175.14,29.77,29.32,47.71,1008.87
1948,175.23,29.76,29.31,47.70,1008.87
1949,175.32,29.76,29.31,47.71,1008.87
1950,175.41,29.76,29.30,47.70,1008.87
1951,175.50,29.76,29.30,47.70,1008.87
1952,175.59,29.75,29.30,47.70,1008.87
1953,175.68,29.75,29.30,47.71,1008.87
1954,175.77,29.74,29.30,47.71,1008.87
1955,175.86,29.74,29.30,47.72,1008.87
1956,175.95,29.73,29.30,47.71,1008.88
1957,176.04,29.73,29.30,47.72,1008.88
1958,176.13,29.72,29.30,47.73,1008.88
1959,176.22,29.72,29.29,47.72,1008.88
1960,176.31,29.72,29.30,47.71,1008.88
1961,176.40,29.71,29.29,47.70,1008.87
1962,176.49,29.71,29.29,47.70,1008.88
1963,176.58,29.71,29.29,47.69,1008.87
1964,176.67,29.71,29.29,47.69,1008.87
1965,176.76,29.71,29.29,47.68,1008.87
1966,176.85,29.71,29.29,47.70,1008.87
1967,176.94,29.71,29.28,47.69,1008.87
1968,177.03,29.71,29.27,47.68,1008.87
1969,177.12,29.70,29.27,47.69,1008.87
1970,177.21,29.70,29.27,47.70,1008.87
1971,177.30,29.69,29.27,47.71,1008.87
1972,177.39,29.69,29.26,47.69,1008.87
1973,177.48,29.69,29.27,47.67,1008.87
1974,177.57,29.69,29.26,47.64,1008.87
1975,177.66,29.69,29.26,47.64,1008.87
1976,177.75,29.69,29.26,47.63,1008.87
1977,177.84,29.68,29.27,47.63,1008.87
1978,177.93,29.68,29.26,47.64,1008.87
1979,178.02,29.68,29.27,47.66,1008.87
1980,178.11,29.67,29.26,47.67,1008.87
1981,178.20,29.67,29.26,47.69,1008.87
1982,178.29,29.67,29.26,47.70,1008.87
1983,178.38,29.66,29.25,47.71,1008.87
1984,178.47,29.66,29.25,47.69,1008.87
1985,178.56,29.66,29.25,47.69,1008.87
1986,178.65,29.65,29.24,47.68,1008.87
1987,178.74,29.66,29.24,47.68,1008.87
1988,178.83,29.65,29.24,47.70,1008.87
1989,178.92,29.64,29.24,47.68,1008.87
1990,179.01,29.63,29.24,47.68,1008.87
1991,179.10,29.63,29.23,47.68,1008.87
1992,179.19,29.62,29.23,47.69,1008.87
1993,179.28,29.62,29.23,47.70,1008.87
1994,179.37,29.62,29.23,47.71,1008.87
1995,179.46,29.62,29.23,47.70,1008.88
1996,179.55,29.62,29.22,47.69,1008.88
1997,179.64,29.62,29.22,47.69,1008.87
1998,179.73,29.62,29.22,47.67,1008.88
1999,179.82,29.62,29.22,47.69,1008.88
2000,179.91,29.62,29.21,47.70,1008.88
2001,180.00,29.61,29.20,47.67,1008.88
2002,180.09,29.61,29.20,47.67,1008.88
2003,180.18,29.61,29.20,47.69,1008.88
2004,180.27,29.60,29.20,47.69,1008.88
2005,180.36,29.61,29.18,47.70,1008.88
2006,180.45,29.61,29.19,47.70,1008.88
2007,180.54,29.60,29.19,47.71,1008.88
2008,180.63,29.60,29.19,47.69,1008.88
2009,180.72,29.60,29.18,47.66,1008.88
2010,180.81,29.60,29.18,47.67,1008.88
2011,180.90,29.60,29.18,47.67,1008.88
2012,180.99,29.58,29.18,47.67,1008.88
2013,181.08,29.58,29.18,47.66,1008.88
2014,181.17,29.58,29.17,47.66,1008.88
2015,181.26,29.57,29.17,47.63,1008.88
2016,181.35,29.58,29.16,47.61,1008.88
2017,181.44,29.57,29.16,47.62,1008.87
2018,181.53,29.57,29.15,47.61,1008.87
2019,181.62,29.57,29.15,47.61,1008.88
2020,181.71,29.57,29.14,47.59,1008.88
2021,181.80,29.56,29.14,47.59,1008.88
2022,181.89,29.56,29.14,47.61,1008.88
2023,181.98,29.56,29.13,47.60,1008.88
2024,182.07,29.56,29.14,47.60,1008.87
2025,182.16,29.56,29.14,47.61,1008.87
2026,182.25,29.56,29.14,47.60,1008.87
2027,182.34,29.55,29.13,47.59,1008.87
2028,182.43,29.55,29.13,47.58,1008.87
2029,182.52,29.55,29.13,47.58,1008.87
2030,182.61,29.55,29.12,47.55,1008.87
2031,182.70,29.55,29.13,47.56,1008.87
2032,182.79,29.55,29.13,47.54,1008.87
2033,182.88,29.54,29.13,47.56,1008.86
2034,182.97,29.53,29.12,47.55,1008.86
2035,183.06,29.53,29.12,47.57,1008.86
2036,183.15,29.52,29.12,47.55,1008.86
2037,183.24,29.52,29.11,47.55,1008.86
2038,183.33,29.51,29.11,47.55,1008.87
2039,183.42,29.51,29.11,47.56,1008.87
2040,183.51,29.51,29.10,47.57,1008.87
2041,183.60,29.51,29.10,47.58,1008.87
2042,183.69,29.51,29.10,47.58,1008.87
2043,183.78,29.51,29.10,47.58,1008.87
2044,183.87,29.51,29.10,47.59,1008.87
2045,183.96,29.51,29.09,47.59,1008.87
2046,184.05,29.50,29.09,47.58,1008.87
2047,184.14,29.51,29.08,47.57,1008.87
2048,184.23,29.51,29.07,47.57,1008.87
2049,184.32,29.50,29.07,47.58,1008.88
2050,184.41,29.50,29.08,47.59,1008.88
2051,184.50,29.50,29.07,47.58,1008.88
2052,184.59,29.49,29.07,47.59,1008.88
2053,184.68,29.49,29.06,47.58,1008.88
2054,184.77,29.49,29.05,47.58,1008.88
2055,184.86,29.48,29.05,47.59,1008.88
2056,184.95,29.48,29.05,47.59,1008.88
2057,185.04,29.48,29.06,47.58,1008.88
2058,185.13,29.47,29.06,47.57,1008.88
2059,185.22,29.47,29.06,47.56,1008.88
2060,185.31,29.46,29.05,47.56,1008.88
2061,185.40,29.46,29.05,47.56,1008.88
2062,185.49,29.46,29.05,47.55,1008.88
2063,185.58,29.46,29.05,47.54,1008.88
2064,185.67,29.45,29.05,47.53,1008.88
2065,185.76,29.45,29.05,47.52,1008.88
2066,185.85,29.45,29.04,47.52,1008.88
2067,185.94,29.46,29.04,47.52,1008.88
2068,186.03,29.46,29.04,47.49,1008.88
2069,186.12,29.45,29.04,47.50,1008.88
2070,186.21,29.45,29.04,47.49,1008.88
2071,186.30,29.45,29.03,47.48,1008.88
2072,186.39,29.45,29.03,47.50,1008.88
2073,186.48,29.45,29.03,47.51,1008.88
2074,186.57,29.45,29.03,47.51,1008.87
2075,186.66,29.45,29.03,47.50,1008.87
2076,186.75,29.44,29.02,47.51,1008.87
2077,186.84,29.44,29.02,47.51,1008.87
2078,186.93,29.44,29.02,47.48,1008.87
2079,187.02,29.44,29.02,47.48,1008.88
2080,187.11,29.44,29.02,47.47,1008.87
2081,187.20,29.44,29.03,47.47,1008.87
2082,187.29,29.43,29.02,47.47,1008.87
2083,187.38,29.43,29.02,47.47,1008.87
2084,187.47,29.43,29.01,47.48,1008.87
2085,187.56,29.43,29.02,47.48,1008.87
2086,187.65,29.43,29.02,47.49,1008.87
2087,187.74,29.43,29.02,47.50,1008.87
2088,187.83,29.42,29.02,47.48,1008.87
2089,187.92,29.42,29.02,47.48,1008.86
2090,188.01,29.42,29.01,47.48,1008.86
2091,188.10,29.42,29.01,47.48,1008.86
2092,188.19,29.42,29.02,47.50,1008.86
2093,188.28,29.42,29.01,47.53,1008.86
2094,188.37,29.42,29.01,47.52,1008.86
2095,188.46,29.42,29.01,47.51,1008.86
2096,188.55,29.42,29.01,47.51,1008.86
2097,188.64,29.42,29.00,47.49,1008.86
2098,188.73,29.41,29.00,47.50,1008.86
2099,188.82,29.41,29.00,47.51,1008.86
2100,188.91,29.40,29.00,47.50,1008.86
2101,189.00,29.41,29.00,47.50,1008.86
2102,189.09,29.34,29.00,47.50,1008.87
2103,189.18,29.39,28.99,47.50,1008.87
2104,189.27,29.38,28.99,47.50,1008.87
2105,189.36,29.38,28.99,47.49,1008.87
2106,189.45,29.38,28.99,47.49,1008.87
2107,189.54,29.37,28.99,47.50,1008.87
2108,189.63,29.36,28.99,47.49,1008.87
2109,189.72,29.36,28.99,47.49,1008.87
2110,189.81,29.35,28.99,47.48,1008.87
2111,189.90,29.34,28.99,47.48,1008.87
2112,189.99,29.32,28.99,47.47,1008.87
2113,190.08,29.32,28.98,47.49,1008.88
2114,190.17,29.31,28.97,47.50,1008.88
2115,190.26,29.30,28.97,47.50,1008.88
2116,190.35,29.30,28.97,47.50,1008.88
2117,190.44,29.30,28.96,47.52,1008.88
2118,190.53,29.30,28.97,47.52,1008.88
2119,190.62,29.30,28.97,47.52,1008.88
2120,190.71,29.30,28.96,47.51,1008.88
2121,190.80,29.30,28.96,47.50,1008.88
2122,190.89,29.30,28.95,47.51,1008.88
2123,190.98,29.31,28.95,47.50,1008.88
2124,191.07,29.31,28.95,47.50,1008.89
2125,191.16,29.31,28.94,47.50,1008.89
2126,191.25,29.31,28.94,47.49,1008.89
2127,191.34,29.32,28.93,47.48,1008.89
2128,191.43,29.32,28.93,47.47,1008.89
2129,191.52,29.31,28.93,47.46,1008.89
2130,191.61,29.31,28.93,47.47,1008.89
2131,191.70,29.31,28.92,47.47,1008.88
2132,191.79,29.31,28.92,47.46,1008.88
2133,191.88,29.31,28.92,47.47,1008.88
2134,191.97,29.30,28.91,47.47,1008.88
2135,192.06,29.30,28.92,47.49,1008.88
2136,192.15,29.30,28.91,47.48,1008.88
2137,192.24,29.29,28.91,47.48,1008.88
2138,192.33,29.29,28.91,47.49,1008.88
2139,192.42,29.29,28.91,47.49,1008.87
2140,192.51,29.29,28.91,47.47,1008.87
2141,192.60,29.29,28.91,47.47,1008.87
2142,192.69,29.28,28.91,47.49,1008.87
2143,192.78,29.28,28.91,47.45,1008.87
2144,192.87,29.27,28.91,47.45,1008.87
2145,192.96,29.27,28.90,47.44,1008.87
2146,193.05,29.26,28.90,47.45,1008.87
2147,193.14,29.26,28.89,47.47,1008.86
2148,193.23,29.26,28.89,47.47,1008.86
2149,193.32,29.26,28.89,47.46,1008.86
2150,193.41,29.26,28.89,47.47,1008.86
2151,193.50,29.26,28.89,47.47,1008.86
2152,193.59,29.26,28.89,47.44,1008.86
2153,193.68,29.26,28.89,47.44,1008.86
2154,193.77,29.25,28.88,47.44,1008.86
2155,193.86,29.25,28.88,47.42,1008.86
2156,193.95,29.25,28.88,47.42,1008.86
2157,194.04,29.24,28.87,47.42,1008.86
2158,194.13,29.24,28.87,47.43,1008.85
2159,194.22,29.24,28.86,47.42,1008.86
2160,194.31,29.25,28.87,47.42,1008.86
2161,194.40,29.25,28.86,47.43,1008.86
2162,194.49,29.25,28.86,47.43,1008.85
2163,194.58,29.24,28.86,47.41,1008.85
2164,194.67,29.25,28.85,47.39,1008.85
2165,194.76,29.24,28.86,47.37,1008.86
2166,194.85,29.24,28.85,47.38,1008.86
2167,194.94,29.24,28.85,47.36,1008.86
2168,195.03,29.23,28.84,47.34,1008.86
2169,195.12,29.23,28.84,47.35,1008.86
2170,195.21,29.23,28.84,47.36,1008.86
2171,195.30,29.23,28.83,47.34,1008.86
2172,195.39,29.23,28.84,47.35,1008.86
2173,195.48,29.23,28.83,47.35,1008.86
2174,195.57,29.23,28.83,47.37,1008.86
2175,195.66,29.23,28.82,47.36,1008.87
2176,195.75,29.23,28.82,47.36,1008.87
2177,195.84,29.23,28.82,47.36,1008.87
2178,195.93,29.23,28.81,47.37,1008.87
2179,196.02,29.23,28.82,47.37,1008.87
2180,196.11,29.23,28.82,47.38,1008.87
2181,196.20,29.22,28.82,47.36,1008.88
2182,196.29,29.22,28.82,47.37,1008.88
2183,196.38,29.22,28.82,47.37,1008.88
2184,196.47,29.21,28.82,47.36,1008.88
2185,196.56,29.21,28.82,47.36,1008.88
2186,196.65,29.20,28.82,47.36,1008.88
2187,196.74,29.20,28.81,47.35,1008.88
2188,196.83,29.20,28.81,47.36,1008.88
2189,196.92,29.20,28.81,47.37,1008.88
2190,197.01,29.20,28.81,47.39,1008.89
2191,197.10,29.20,28.81,47.39,1008.89
2192,197.19,29.20,28.81,47.38,1008.89
2193,197.28,29.19,28.81,47.39,1008.89
2194,197.37,29.19,28.81,47.38,1008.89
2195,197.46,29.18,28.81,47.38,1008.89
2196,197.55,29.18,28.81,47.37,1008.89
2197,197.64,29.18,28.80,47.38,1008.89
2198,197.73,29.18,28.80,47.38,1008.89
2199,197.82,29.18,28.79,47.36,1008.89
2200,197.91,29.18,28.79,47.37,1008.89
2201,198.00,29.18,28.79,47.36,1008.89
2202,198.09,29.17,28.79,47.38,1008.88
2203,198.18,29.17,28.78,47.38,1008.88
2204,198.27,29.17,28.79,47.38,1008.88
2205,198.36,29.17,28.79,47.37,1008.88
2206,198.45,29.18,28.78,47.36,1008.88
2207,198.54,29.17,28.78,47.36,1008.88
2208,198.63,29.17,28.78,47.34,1008.88
2209,198.72,29.17,28.78,47.33,1008.88
2210,198.81,29.16,28.77,47.33,1008.88
2211,198.90,29.16,28.77,47.36,1008.87
2212,198.99,29.15,28.77,47.35,1008.87
2213,199.08,29.15,28.77,47.36,1008.87
2214,199.17,29.15,28.78,47.37,1008.87
2215,199.26,29.15,28.77,47.36,1008.87
2216,199.35,29.15,28.78,47.38,1008.86
2217,199.44,29.14,28.77,47.38,1008.87
2218,199.53,29.14,28.77,47.38,1008.87
2219,199.62,29.14,28.77,47.40,1008.86
2220,199.71,29.14,28.77,47.39,1008.86
2221,199.80,29.13,28.77,47.38,1008.86
2222,199.89,29.13,28.76,47.41,1008.86
2223,199.98,29.13,28.76,47.39,1008.86
2224,200.07,29.13,28.76,47.39,1008.86
2225,200.16,29.12,28.76,47.39,1008.85
2226,200.25,29.12,28.76,47.38,1008.85
2227,200.34,29.12,28.76,47.26,1008.85
2228,200.43,29.12,28.75,47.37,1008.85
2229,200.52,29.11,28.75,47.37,1008.85
2230,200.61,29.11,28.75,47.37,1008.85
2231,200.70,29.11,28.75,47.37,1008.85
2232,200.79,29.10,28.74,47.38,1008.86
2233,200.88,29.10,28.73,47.38,1008.86
2234,200.97,29.10,28.73,47.38,1008.86
2235,201.06,29.10,28.73,47.39,1008.86
2236,201.15,29.09,28.73,47.38,1008.86
2237,201.24,29.09,28.72,47.38,1008.86
2238,201.33,29.09,28.72,47.39,1008.86
2239,201.42,29.08,28.73,47.40,1008.86
2240,201.51,29.07,28.73,47.42,1008.86
2241,201.60,29.07,28.72,47.43,1008.86
2242,201.69,29.06,28.71,47.42,1008.86
2243,201.78,29.06,28.72,47.43,1008.86
2244,201.87,29.06,28.72,47.44,1008.86
2245,201.96,29.06,28.72,47.44,1008.86
2246,202.05,29.06,28.72,47.44,1008.87
2247,202.14,29.06,28.72,47.46,1008.86
2248,202.23,29.06,28.72,47.46,1008.87
2249,202.32,29.06,28.71,47.45,1008.87
2250,202.41,29.05,28.72,47.44,1008.87
2251,202.50,29.05,28.72,47.46,1008.87
2252,202.59,29.05,28.71,47.50,1008.87
2253,202.68,29.05,28.71,47.50,1008.87
2254,202.77,29.05,28.70,47.49,1008.87
2255,202.86,29.05,28.70,47.48,1008.87
2256,202.95,29.05,28.70,47.45,1008.88
2257,203.04,29.05,28.69,47.44,1008.88
2258,203.13,29.05,28.69,47.44,1008.88
2259,203.22,29.04,28.69,47.43,1008.88
2260,203.31,29.03,28.69,47.40,1008.88
2261,203.40,29.03,28.69,47.40,1008.88
2262,203.49,29.03,28.69,47.42,1008.88
2263,203.58,29.03,28.69,47.42,1008.88
2264,203.67,29.02,28.69,47.40,1008.88
2265,203.76,29.02,28.69,47.41,1008.88
2266,203.85,29.02,28.68,47.40,1008.88
2267,203.94,29.02,28.68,47.39,1008.88
2268,204.03,29.02,28.68,47.37,1008.88
2269,204.12,29.02,28.68,47.37,1008.88
2270,204.21,29.02,28.68,47.38,1008.88
2271,204.30,29.02,28.67,47.37,1008.88
2272,204.39,29.01,28.67,47.36,1008.88
2273,204.48,29.01,28.67,47.36,1008.88
2274,204.57,29.01,28.67,47.36,1008.88
2275,204.66,29.01,28.67,47.36,1008.88
2276,204.75,29.01,28.66,47.37,1008.88
2277,204.84,29.01,28.66,47.36,1008.88
2278,204.93,29.01,28.66,47.36,1008.88
2279,205.02,29.01,28.66,47.35,1008.87
2280,205.11,29.01,28.67,47.33,1008.87
2281,205.20,29.00,28.66,47.31,1008.87
2282,205.29,29.01,28.67,47.30,1008.87
2283,205.38,29.01,28.66,47.30,1008.87
2284,205.47,29.01,28.65,47.30,1008.87
2285,205.56,29.01,28.65,47.29,1008.87
2286,205.65,29.01,28.65,47.31,1008.87
2287,205.74,29.01,28.64,47.31,1008.87
2288,205.83,29.01,28.65,47.30,1008.86
2289,205.92,29.01,28.63,47.30,1008.86
2290,206.01,29.01,28.63,47.30,1008.86
2291,206.10,29.00,28.63,47.31,1008.86
2292,206.19,29.00,28.63,47.31,1008.86
2293,206.28,29.00,28.64,47.30,1008.86
2294,206.37,29.00,28.64,47.30,1008.86
2295,206.46,29.00,28.63,47.30,1008.86
2296,206.55,29.00,28.62,47.29,1008.86
2297,206.64,29.00,28.62,47.29,1008.86
2298,206.73,28.99,28.62,47.27,1008.86
2299,206.82,28.99,28.62,47.26,1008.86
2300,206.91,28.98,28.62,47.25,1008.86
2301,207.00,28.98,28.62,47.25,1008.86
2302,207.09,28.97,28.62,47.26,1008.86
2303,207.18,28.97,28.62,47.27,1008.86
2304,207.27,28.96,28.61,47.27,1008.87
2305,207.36,28.96,28.61,47.26,1008.86
2306,207.45,28.96,28.61,47.26,1008.87
2307,207.54,28.95,28.61,47.26,1008.87
2308,207.63,28.94,28.61,47.28,1008.87
2309,207.72,28.95,28.60,47.30,1008.87
2310,207.81,28.95,28.60,47.27,1008.87
2311,207.90,28.95,28.60,47.27,1008.87
2312,207.99,28.94,28.60,47.27,1008.87
2313,208.08,28.94,28.59,47.28,1008.87
2314,208.17,28.93,28.58,47.28,1008.87
2315,208.26,28.92,28.59,47.26,1008.87
2316,208.35,28.92,28.58,47.25,1008.87
2317,208.44,28.92,28.59,47.25,1008.87
2318,208.53,28.92,28.59,47.24,1008.87
2319,208.62,28.92,28.58,47.24,1008.87
2320,208.71,28.91,28.59,47.24,1008.87
2321,208.80,28.91,28.59,47.24,1008.87
2322,208.89,28.91,28.59,47.25,1008.87
2323,208.98,28.91,28.58,47.23,1008.87
2324,209.07,28.91,28.58,47.23,1008.87
2325,209.16,28.91,28.58,47.22,1008.87
2326,209.25,28.90,28.57,47.25,1008.86
2327,209.34,28.90,28.56,47.24,1008.86
2328,209.43,28.90,28.52,47.26,1008.86
2329,209.52,28.91,28.57,47.25,1008.86
2330,209.61,28.91,28.57,47.25,1008.87
2331,209.70,28.90,28.58,47.24,1008.86
2332,209.79,28.90,28.58,47.25,1008.86
2333,209.88,28.90,28.58,47.25,1008.86
2334,209.97,28.90,28.59,47.26,1008.86
2335,210.06,28.89,28.58,47.26,1008.86
2336,210.15,28.89,28.58,47.25,1008.87
2337,210.24,28.88,28.58,47.26,1008.87
2338,210.33,28.88,28.57,47.26,1008.87
2339,210.42,28.88,28.58,47.27,1008.87
2340,210.51,28.88,28.58,47.25,1008.87
2341,210.60,28.88,28.58,47.24,1008.87
2342,210.69,28.89,28.58,47.23,1008.87
2343,210.78,28.89,28.58,47.21,1008.87
2344,210.87,28.88,28.59,47.21,1008.87
2345,210.96,28.88,28.59,47.21,1008.87
2346,211.05,28.88,28.59,47.20,1008.87
2347,211.14,28.88,28.59,47.19,1008.87
2348,211.23,28.88,28.59,47.17,1008.87
2349,211.32,28.88,28.59,47.17,1008.87
2350,211.41,28.88,28.58,47.17,1008.87
2351,211.50,28.88,28.58,47.20,1008.87
2352,211.59,28.88,28.58,47.20,1008.87
2353,211.68,28.88,28.59,47.20,1008.87
2354,211.77,28.88,28.60,47.20,1008.87
2355,211.86,28.88,28.59,47.21,1008.87
2356,211.95,28.88,28.59,47.22,1008.87
2357,212.04,28.88,28.58,47.21,1008.88
2358,212.13,28.89,28.58,47.20,1008.88
2359,212.22,28.89,28.57,47.20,1008.88
2360,212.31,28.88,28.57,47.21,1008.88
2361,212.40,28.88,28.57,47.20,1008.87
2362,212.49,28.88,28.56,47.21,1008.88
2363,212.58,28.88,28.55,47.20,1008.88
2364,212.67,28.89,28.54,47.18,1008.88
2365,212.76,28.88,28.54,47.19,1008.88
2366,212.85,28.88,28.54,47.19,1008.88
2367,212.94,28.87,28.53,47.19,1008.88
2368,213.03,28.87,28.53,47.19,1008.88
2369,213.12,28.86,28.53,47.19,1008.88
2370,213.21,28.86,28.53,47.17,1008.88
2371,213.30,28.86,28.53,47.17,1008.88
2372,213.39,28.86,28.53,47.17,1008.88
2373,213.48,28.85,28.54,47.19,1008.88
2374,213.57,28.85,28.54,47.18,1008.88
2375,213.66,28.85,28.54,47.18,1008.89
2376,213.75,28.84,28.54,47.18,1008.89
2377,213.84,28.84,28.53,47.18,1008.89
2378,213.93,28.84,28.53,47.16,1008.89
2379,214.02,28.84,28.52,47.16,1008.90
2380,214.11,28.83,28.52,47.14,1008.90
2381,214.20,28.83,28.51,47.14,1008.90
2382,214.29,28.82,28.51,47.14,1008.90
2383,214.38,28.81,28.51,47.16,1008.90
2384,214.47,28.82,28.51,47.16,1008.90
2385,214.56,28.82,28.50,47.17,1008.90
2386,214.65,28.82,28.51,47.18,1008.90
2387,214.74,28.81,28.50,47.17,1008.89
2388,214.83,28.81,28.49,47.18,1008.89
2389,214.92,28.81,28.49,47.18,1008.89
2390,215.01,28.81,28.49,47.19,1008.89
2391,215.10,28.81,28.48,47.20,1008.89
2392,215.19,28.81,28.47,47.20,1008.88
2393,215.28,28.81,28.47,47.20,1008.88
2394,215.37,28.80,28.48,47.19,1008.88
2395,215.46,28.80,28.47,47.19,1008.88
2396,215.55,28.79,28.46,47.18,1008.88
2397,215.64,28.80,28.46,47.19,1008.88
2398,215.73,28.79,28.45,47.21,1008.87
2399,215.82,28.79,28.44,47.19,1008.87
2400,215.91,28.79,28.44,47.19,1008.87
2401,216.00,28.79,28.43,47.18,1008.87
2402,216.09,28.79,28.42,47.18,1008.87
2403,216.18,28.79,28.42,47.16,1008.87
2404,216.27,28.79,28.42,47.15,1008.87
2405,216.36,28.79,28.41,47.15,1008.87
2406,216.45,28.79,28.40,47.16,1008.86
2407,216.54,28.79,28.40,47.15,1008.86
2408,216.63,28.79,28.40,47.16,1008.86
2409,216.72,28.79,28.39,47.16,1008.86
2410,216.81,28.79,28.38,47.15,1008.86
2411,216.90,28.78,28.38,47.15,1008.86
2412,216.99,28.78,28.37,47.14,1008.86
2413,217.08,28.77,28.37,47.16,1008.86
2414,217.17,28.77,28.37,47.17,1008.87
2415,217.26,28.76,28.37,47.18,1008.87
2416,217.35,28.76,28.37,47.17,1008.87
2417,217.44,28.77,28.37,47.16,1008.87
2418,217.53,28.77,28.37,47.17,1008.87
2419,217.62,28.77,28.37,47.17,1008.87
2420,217.71,28.77,28.37,47.16,1008.87
2421,217.80,28.77,28.36,47.18,1008.87
2422,217.89,28.77,28.36,47.17,1008.87
2423,217.98,28.77,28.37,47.15,1008.88
2424,218.07,28.76,28.37,47.16,1008.88
2425,218.16,28.76,28.37,47.15,1008.88
2426,218.25,28.76,28.38,47.14,1008.88
2427,218.34,28.77,28.38,47.16,1008.88
2428,218.43,28.77,28.37,47.14,1008.88
2429,218.52,28.77,28.37,47.17,1008.88
2430,218.61,28.77,28.38,47.17,1008.88
2431,218.70,28.77,28.38,47.17,1008.88
2432,218.79,28.76,28.37,47.18,1008.88
2433,218.88,28.76,28.37,47.18,1008.88
2434,218.97,28.75,28.37,47.19,1008.88
2435,219.06,28.75,28.37,47.16,1008.88
2436,219.15,28.75,28.37,47.15,1008.88
2437,219.24,28.74,28.37,47.12,1008.89
2438,219.33,28.74,28.37,47.13,1008.88
2439,219.42,28.74,28.37,47.12,1008.88
2440,219.51,28.74,28.36,47.11,1008.88
2441,219.60,28.75,28.36,47.09,1008.88
2442,219.69,28.74,28.36,47.10,1008.88
2443,219.78,28.73,28.36,47.09,1008.88
2444,219.87,28.74,28.37,47.07,1008.88
2445,219.96,28.74,28.37,47.08,1008.88
2446,220.05,28.74,28.38,47.09,1008.88
2447,220.14,28.73,28.38,47.09,1008.89
2448,220.23,28.73,28.38,47.08,1008.88
2449,220.32,28.73,28.38,47.10,1008.88
2450,220.41,28.73,28.39,47.10,1008.88
2451,220.50,28.74,28.39,47.10,1008.88
2452,220.59,28.73,28.38,47.13,1008.88
2453,220.68,28.73,28.38,47.12,1008.88
2454,220.77,28.73,28.38,47.13,1008.88
2455,220.86,28.73,28.37,47.11,1008.88
2456,220.95,28.73,28.36,47.09,1008.88
2457,221.04,28.73,28.37,47.09,1008.88
2458,221.13,28.72,28.36,47.10,1008.88
2459,221.22,28.72,28.37,47.08,1008.88
2460,221.31,28.72,28.37,47.08,1008.88
2461,221.40,28.72,28.36,47.05,1008.88
2462,221.49,28.71,28.36,47.08,1008.88
2463,221.58,28.71,28.36,47.07,1008.88
2464,221.67,28.71,28.35,47.06,1008.88
2465,221.76,28.71,28.36,47.06,1008.88
2466,221.85,28.70,28.36,47.07,1008.88
2467,221.94,28.70,28.35,47.05,1008.88
2468,222.03,28.70,28.36,47.05,1008.88
2469,222.12,28.69,28.36,47.06,1008.88
2470,222.21,28.68,28.36,47.06,1008.88
2471,222.30,28.68,28.36,47.07,1008.88
2472,222.39,28.68,28.36,47.06,1008.88
2473,222.48,28.68,28.37,47.05,1008.88
2474,222.57,28.68,28.36,47.05,1008.88
2475,222.66,28.67,28.36,47.05,1008.88
2476,222.75,28.67,28.36,47.05,1008.88
2477,222.84,28.67,28.36,47.06,1008.88
2478,222.93,28.67,28.36,47.05,1008.87
2479,223.02,28.67,28.35,47.05,1008.88
2480,223.11,28.67,28.36,47.04,1008.87
2481,223.20,28.67,28.36,47.07,1008.87
2482,223.29,28.66,28.35,47.08,1008.88
2483,223.38,28.66,28.35,47.06,1008.87
2484,223.47,28.65,28.35,47.05,1008.87
2485,223.56,28.66,28.34,47.07,1008.87
2486,223.65,28.66,28.34,47.05,1008.88
2487,223.74,28.66,28.35,47.06,1008.88
2488,223.83,28.66,28.35,47.05,1008.87
2489,223.92,28.66,28.34,47.05,1008.88
2490,224.01,28.65,28.33,47.06,1008.87
2491,224.10,28.65,28.33,47.08,1008.87
2492,224.19,28.64,28.33,47.08,1008.87
2493,224.28,28.64,28.33,47.09,1008.87
2494,224.37,28.64,28.33,47.06,1008.87
2495,224.46,28.64,28.33,47.06,1008.87
2496,224.55,28.64,28.34,47.06,1008.87
2497,224.64,28.63,28.33,47.05,1008.87
2498,224.73,28.63,28.33,47.06,1008.88
2499,224.82,28.64,28.33,47.05,1008.88
2500,224.91,28.64,28.33,47.03,1008.88
2501,225.00,28.64,28.33,47.03,1008.88
2502,225.09,28.64,28.33,47.02,1008.88
2503,225.18,28.64,28.33,46.99,1008.88
2504,225.27,28.64,28.32,47.00,1008.88
2505,225.36,28.63,28.33,46.99,1008.88
2506,225.45,28.63,28.32,47.01,1008.88
2507,225.54,28.63,28.33,47.00,1008.88
2508,225.63,28.63,28.32,47.00,1008.88
2509,225.72,28.62,28.31,47.02,1008.88
2510,225.81,28.62,28.32,47.02,1008.88
2511,225.90,28.63,28.31,47.02,1008.88
2512,225.99,28.63,28.31,47.01,1008.88
2513,226.08,28.63,28.31,47.00,1008.88
2514,226.17,28.63,28.31,47.00,1008.88
2515,226.26,28.63,28.31,47.01,1008.88
2516,226.35,28.63,28.30,47.02,1008.88
2517,226.44,28.63,28.30,47.04,1008.88
2518,226.53,28.63,28.30,47.03,1008.88
2519,226.62,28.63,28.30,47.04,1008.88
2520,226.71,28.62,28.30,47.04,1008.88
2521,226.80,28.62,28.29,47.03,1008.88
2522,226.89,28.62,28.29,47.03,1008.88
2523,226.98,28.62,28.30,47.04,1008.88
2524,227.07,28.62,28.23,47.04,1008.88
2525,227.16,28.61,28.30,47.03,1008.88
2526,227.25,28.61,28.30,47.03,1008.88
2527,227.34,28.62,28.30,47.04,1008.88
2528,227.43,28.62,28.30,47.04,1008.88
2529,227.52,28.62,28.30,47.03,1008.88
2530,227.61,28.62,28.30,47.04,1008.88
2531,227.70,28.61,28.30,47.04,1008.88
2532,227.79,28.61,28.30,47.03,1008.88
2533,227.88,28.61,28.29,47.02,1008.88
2534,227.97,28.60,28.29,47.04,1008.88
2535,228.06,28.60,28.28,47.04,1008.88
2536,228.15,28.59,28.28,47.04,1008.88
2537,228.24,28.59,28.28,47.03,1008.88
2538,228.33,28.59,28.28,47.02,1008.88
2539,228.42,28.58,28.29,47.03,1008.88
2540,228.51,28.58,28.29,47.05,1008.88
2541,228.60,28.58,28.29,47.04,1008.88
2542,228.69,28.58,28.29,47.05,1008.88
2543,228.78,28.59,28.28,47.04,1008.87
2544,228.87,28.58,28.28,47.05,1008.87
2545,228.96,28.58,28.27,47.06,1008.87
2546,229.05,28.58,28.26,47.04,1008.87
2547,229.14,28.58,28.27,47.02,1008.87
2548,229.23,28.58,28.26,47.02,1008.87
2549,229.32,28.58,28.26,47.02,1008.87
2550,229.41,28.58,28.26,47.03,1008.87
2551,229.50,28.57,28.26,47.04,1008.87
2552,229.59,28.57,28.25,47.04,1008.87
2553,229.68,28.57,28.24,47.05,1008.87
2554,229.77,28.58,28.25,47.05,1008.87
2555,229.86,28.58,28.25,47.06,1008.87
2556,229.95,28.58,28.25,47.07,1008.87
2557,230.04,28.57,28.25,47.07,1008.87
2558,230.13,28.57,28.25,47.06,1008.87
2559,230.22,28.57,28.25,47.06,1008.87
2560,230.31,28.56,28.25,47.06,1008.87
2561,230.40,28.56,28.25,47.06,1008.87
2562,230.49,28.56,28.24,47.04,1008.87
2563,230.58,28.56,28.23,47.05,1008.87
2564,230.67,28.56,28.23,47.02,1008.87
2565,230.76,28.56,28.23,47.02,1008.87
2566,230.85,28.55,28.22,47.00,1008.87
2567,230.94,28.55,28.21,47.01,1008.87
2568,231.03,28.55,28.22,47.02,1008.87
2569,231.12,28.54,28.21,47.02,1008.87
2570,231.21,28.55,28.21,47.03,1008.86
2571,231.30,28.55,28.21,47.01,1008.86
2572,231.39,28.55,28.21,47.01,1008.86
2573,231.48,28.55,28.21,47.00,1008.86
2574,231.57,28.55,28.22,47.00,1008.86
2575,231.66,28.55,28.21,46.99,1008.86
2576,231.75,28.55,28.21,46.98,1008.86
2577,231.84,28.54,28.21,46.98,1008.86
2578,231.93,28.54,28.21,46.97,1008.86
2579,232.02,28.54,28.21,46.96,1008.86
2580,232.11,28.55,28.22,46.95,1008.86
2581,232.20,28.55,28.22,46.92,1008.86
2582,232.29,28.55,28.22,46.93,1008.86
2583,232.38,28.54,28.22,46.92,1008.86
2584,232.47,28.55,28.22,46.91,1008.86
2585,232.56,28.54,28.21,46.90,1008.86
2586,232.65,28.54,28.21,46.89,1008.86
2587,232.74,28.54,28.22,46.88,1008.86
2588,232.83,28.53,28.21,46.87,1008.86
2589,232.92,28.54,28.22,46.88,1008.86
2590,233.01,28.54,28.21,46.88,1008.86
2591,233.10,28.53,28.21,46.87,1008.86
2592,233.19,28.54,28.21,46.86,1008.86
2593,233.28,28.53,28.20,46.85,1008.86
2594,233.37,28.54,28.20,46.86,1008.86
2595,233.46,28.54,28.21,46.87,1008.86
2596,233.55,28.54,28.21,46.88,1008.86
2597,233.64,28.54,28.20,46.88,1008.86
2598,233.73,28.53,28.21,46.87,1008.86
2599,233.82,28.53,28.21,46.85,1008.86
2600,233.91,28.52,28.21,46.85,1008.86
2601,234.00,28.52,28.20,46.85,1008.86
2602,234.09,28.52,28.20,46.85,1008.86
2603,234.18,28.52,28.21,46.85,1008.86
2604,234.27,28.52,28.21,46.83,1008.86
2605,234.36,28.51,28.21,46.85,1008.87
2606,234.45,28.51,28.21,46.85,1008.87
2607,234.54,28.51,28.20,46.85,1008.87
2608,234.63,28.51,28.21,46.84,1008.86
2609,234.72,28.50,28.21,46.84,1008.87
2610,234.81,28.50,28.21,46.83,1008.86
2611,234.90,28.50,28.21,46.83,1008.86
2612,234.99,28.49,28.21,46.82,1008.86
2613,235.08,28.49,28.21,46.82,1008.86
2614,235.17,28.49,28.21,46.83,1008.86
2615,235.26,28.49,28.22,46.85,1008.86
2616,235.35,28.49,28.21,46.84,1008.86
2617,235.44,28.49,28.21,46.83,1008.86
2618,235.53,28.49,28.20,46.83,1008.86
2619,235.62,28.49,28.20,46.84,1008.86
2620,235.71,28.48,28.20,46.83,1008.86
2621,235.80,28.48,28.20,46.82,1008.86
2622,235.89,28.48,28.21,46.83,1008.86
2623,235.98,28.47,28.21,46.82,1008.85
2624,236.07,28.47,28.21,46.81,1008.85
2625,236.16,28.47,28.21,46.83,1008.86
2626,236.25,28.47,28.21,46.81,1008.86
2627,236.34,28.47,28.21,46.82,1008.86
2628,236.43,28.47,28.20,46.81,1008.86
2629,236.52,28.47,28.20,46.81,1008.86
2630,236.61,28.47,28.20,46.82,1008.86
2631,236.70,28.47,28.19,46.81,1008.86
2632,236.79,28.46,28.19,46.79,1008.86
2633,236.88,28.47,28.18,46.80,1008.86
2634,236.97,28.46,28.18,46.83,1008.86
2635,237.06,28.47,28.18,46.83,1008.86
2636,237.15,28.47,28.18,46.82,1008.86
2637,237.24,28.47,28.19,46.81,1008.86
2638,237.33,28.47,28.19,46.81,1008.86
2639,237.42,28.47,28.18,46.81,1008.86
2640,237.51,28.47,28.18,46.79,1008.86
2641,237.60,28.46,28.18,46.79,1008.86
2642,237.69,28.45,28.18,46.79,1008.86
2643,237.78,28.45,28.18,46.80,1008.86
2644,237.87,28.45,28.17,46.79,1008.86
2645,237.96,28.45,28.18,46.81,1008.86
2646,238.05,28.45,28.17,46.80,1008.86
2647,238.14,28.44,28.16,46.81,1008.86
2648,238.23,28.44,28.16,46.83,1008.86
2649,238.32,28.45,28.16,46.84,1008.86
2650,238.41,28.45,28.15,46.84,1008.86
2651,238.50,28.45,28.15,46.83,1008.86
2652,238.59,28.44,28.15,46.83,1008.86
2653,238.68,28.45,28.14,46.81,1008.86
2654,238.77,28.44,28.14,46.83,1008.86
2655,238.86,28.44,28.14,46.83,1008.86
2656,238.95,28.44,28.13,46.82,1008.86
2657,239.04,28.43,28.13,46.81,1008.86
2658,239.13,28.43,28.13,46.82,1008.86
2659,239.22,28.43,28.12,46.82,1008.86
2660,239.31,28.42,28.12,46.82,1008.86
2661,239.40,28.42,28.12,46.81,1008.86
2662,239.49,28.42,28.12,46.81,1008.86
2663,239.58,28.42,28.12,46.80,1008.86
2664,239.67,28.43,28.12,46.83,1008.86
2665,239.76,28.43,28.12,46.82,1008.86
2666,239.85,28.43,28.12,46.82,1008.86
2667,239.94,28.42,28.12,46.83,1008.86
2668,240.03,28.42,28.11,46.83,1008.86
2669,240.12,28.42,28.11,46.83,1008.86
2670,240.21,28.42,28.11,46.83,1008.86
2671,240.30,28.41,28.11,46.83,1008.86
2672,240.39,28.40,28.11,46.85,1008.86
2673,240.48,28.41,28.11,46.86,1008.86
2674,240.57,28.40,28.10,46.86,1008.86
2675,240.66,28.40,28.10,46.86,1008.86
2676,240.75,28.40,28.10,46.84,1008.86
2677,240.84,28.40,28.10,46.82,1008.86
2678,240.93,28.40,28.10,46.81,1008.86
2679,241.02,28.40,28.10,46.80,1008.86
2680,241.11,28.40,28.09,46.80,1008.86
2681,241.20,28.40,28.10,46.81,1008.86
2682,241.29,28.41,28.10,46.80,1008.86
2683,241.38,28.40,28.11,46.80,1008.86
2684,241.47,28.40,28.11,46.79,1008.86
2685,241.56,28.40,28.10,46.78,1008.86
2686,241.65,28.39,28.10,46.79,1008.86
2687,241.74,28.40,28.10,46.79,1008.86
2688,241.83,28.39,28.10,46.79,1008.86
2689,241.92,28.40,28.10,46.77,1008.86
2690,242.01,28.39,28.09,46.76,1008.86
2691,242.10,28.39,28.09,46.75,1008.86
2692,242.19,28.38,28.09,46.75,1008.86
2693,242.28,28.38,28.09,46.73,1008.86
2694,242.37,28.38,28.09,46.73,1008.86
2695,242.46,28.38,28.09,46.73,1008.86
2696,242.55,28.39,28.10,46.76,1008.86
2697,242.64,28.38,28.09,46.75,1008.87
2698,242.73,28.38,28.08,46.76,1008.87
2699,242.82,28.38,28.08,46.76,1008.87
2700,242.91,28.38,28.08,46.76,1008.87
2701,243.00,28.38,28.08,46.76,1008.87
2702,243.09,28.38,28.08,46.77,1008.87
2703,243.18,28.38,28.07,46.77,1008.87
2704,243.27,28.38,28.08,46.76,1008.87
2705,243.36,28.38,28.08,46.78,1008.87
2706,243.45,28.39,28.07,46.77,1008.87
2707,243.54,28.38,28.07,46.75,1008.86
2708,243.63,28.38,28.07,46.74,1008.86
2709,243.72,28.38,28.07,46.72,1008.87
2710,243.81,28.38,28.08,46.71,1008.86
2711,243.90,28.38,28.07,46.71,1008.86
2712,243.99,28.38,28.08,46.71,1008.87
2713,244.08,28.38,28.07,46.71,1008.87
2714,244.17,28.38,28.07,46.73,1008.87
2715,244.26,28.37,28.07,46.73,1008.86
2716,244.35,28.38,28.07,46.76,1008.86
2717,244.44,28.38,28.07,46.74,1008.86
2718,244.53,28.38,28.08,46.73,1008.86
2719,244.62,28.38,28.08,46.72,1008.86
2720,244.71,28.38,28.08,46.73,1008.87
2721,244.80,28.38,28.08,46.75,1008.87
2722,244.89,28.37,28.08,46.76,1008.87
2723,244.98,28.37,28.08,46.77,1008.87
2724,245.07,28.36,28.07,46.75,1008.87
2725,245.16,28.36,28.07,46.75,1008.87
2726,245.25,28.35,28.07,46.75,1008.87
2727,245.34,28.36,28.07,46.77,1008.87
2728,245.43,28.36,28.06,46.79,1008.87
2729,245.52,28.35,28.06,46.79,1008.87
2730,245.61,28.35,28.06,46.79,1008.87
2731,245.70,28.35,28.05,46.77,1008.87
2732,245.79,28.35,28.06,46.77,1008.87
2733,245.88,28.34,28.05,46.78,1008.87
2734,245.97,28.35,28.05,46.78,1008.87
2735,246.06,28.35,28.05,46.78,1008.87
2736,246.15,28.35,28.05,46.79,1008.87
2737,246.24,28.36,28.05,46.79,1008.87
2738,246.33,28.36,28.05,46.78,1008.87
2739,246.42,28.36,28.05,46.76,1008.87
2740,246.51,28.36,28.05,46.76,1008.87
2741,246.60,28.35,28.04,46.75,1008.87
2742,246.69,28.35,28.05,46.74,1008.87
2743,246.78,28.35,28.05,46.75,1008.88
2744,246.87,28.35,28.04,46.75,1008.88
2745,246.96,28.36,28.05,46.76,1008.88
2746,247.05,28.35,28.05,46.76,1008.88
2747,247.14,28.35,28.04,46.78,1008.88
2748,247.23,28.35,28.05,46.78,1008.88
2749,247.32,28.34,28.04,46.78,1008.88
2750,247.41,28.34,28.05,46.78,1008.88
2751,247.50,28.34,28.04,46.76,1008.88
2752,247.59,28.34,28.03,46.75,1008.88
2753,247.68,28.34,28.03,46.77,1008.88
2754,247.77,28.34,28.03,46.78,1008.88
2755,247.86,28.34,28.04,46.75,1008.88
2756,247.95,28.34,28.03,46.76,1008.88
2757,248.04,28.34,28.04,46.75,1008.88
2758,248.13,28.34,28.03,46.75,1008.88
2759,248.22,28.33,28.03,46.75,1008.88
2760,248.31,28.34,28.03,46.76,1008.88
2761,248.40,28.33,28.02,46.77,1008.88
2762,248.49,28.33,28.02,46.76,1008.87
2763,248.58,28.33,28.02,46.76,1008.88
2764,248.67,28.33,28.02,46.76,1008.88
2765,248.76,28.33,28.02,46.76,1008.87
2766,248.85,28.32,28.01,46.75,1008.87
2767,248.94,28.32,28.01,46.74,1008.87
2768,249.03,28.31,28.01,46.72,1008.87
2769,249.12,28.31,28.01,46.72,1008.87
2770,249.21,28.32,28.01,46.72,1008.87
2771,249.30,28.31,28.01,46.72,1008.86
2772,249.39,28.31,28.01,46.72,1008.86
2773,249.48,28.31,28.01,46.72,1008.86
2774,249.57,28.30,28.02,46.72,1008.86
2775,249.66,28.30,28.01,46.73,1008.86
2776,249.75,28.30,28.01,46.74,1008.86
2777,249.84,28.30,28.01,46.75,1008.86
2778,249.93,28.29,28.02,46.74,1008.86
2779,250.02,28.29,28.01,46.74,1008.87
2780,250.11,28.28,28.01,46.74,1008.87
2781,250.20,28.28,28.01,46.75,1008.87
2782,250.29,28.28,28.01,46.75,1008.87
2783,250.38,28.27,28.01,46.76,1008.86
2784,250.47,28.27,28.01,46.76,1008.87
2785,250.56,28.26,28.01,46.75,1008.86
2786,250.65,28.26,28.01,46.76,1008.87
2787,250.74,28.26,28.01,46.76,1008.86
2788,250.83,28.26,28.01,46.74,1008.87
2789,250.92,28.25,28.01,46.74,1008.87
2790,251.01,28.25,28.01,46.74,1008.87
2791,251.10,28.25,28.01,46.75,1008.87
2792,251.19,28.25,28.00,46.73,1008.87
2793,251.28,28.24,28.00,46.74,1008.87
2794,251.37,28.24,28.00,46.73,1008.87
2795,251.46,28.24,28.00,46.73,1008.87
2796,251.55,28.23,28.00,46.75,1008.87
2797,251.64,28.23,28.01,46.75,1008.87
2798,251.73,28.22,28.01,46.75,1008.88
2799,251.82,28.22,28.02,46.75,1008.88
2800,251.91,28.22,28.02,46.74,1008.88
2801,252.00,28.22,28.02,46.75,1008.88
2802,252.09,28.22,28.02,46.76,1008.88
2803,252.18,28.22,28.02,46.76,1008.88
2804,252.27,28.22,28.02,46.75,1008.89
2805,252.36,28.22,28.03,46.76,1008.89
2806,252.45,28.22,28.03,46.76,1008.89
2807,252.54,28.22,28.03,46.76,1008.89
2808,252.63,28.22,28.03,46.76,1008.89
2809,252.72,28.23,28.04,46.76,1008.89
2810,252.81,28.23,28.04,46.74,1008.89
2811,252.90,28.23,28.04,46.75,1008.89
2812,252.99,28.23,28.04,46.76,1008.89
2813,253.08,28.24,28.04,46.75,1008.90
2814,253.17,28.24,28.03,46.73,1008.90
2815,253.26,28.24,28.03,46.74,1008.90
2816,253.35,28.24,28.03,46.74,1008.90
2817,253.44,28.25,28.02,46.73,1008.90
2818,253.53,28.24,28.02,46.72,1008.90
2819,253.62,28.25,28.00,46.72,1008.90
2820,253.71,28.25,28.00,46.71,1008.90
2821,253.80,28.25,28.00,46.72,1008.90
2822,253.89,28.25,27.99,46.72,1008.90
2823,253.98,28.25,27.99,46.70,1008.90
2824,254.07,28.25,27.99,46.72,1008.90
2825,254.16,28.26,27.98,46.73,1008.90
2826,254.25,28.26,27.98,46.74,1008.90
2827,254.34,28.26,27.98,46.75,1008.89
2828,254.43,28.26,27.97,46.73,1008.89
2829,254.52,28.25,27.97,46.72,1008.89
2830,254.61,28.26,27.97,46.71,1008.89
2831,254.70,28.26,27.97,46.70,1008.89
2832,254.79,28.26,27.96,46.69,1008.89
2833,254.88,28.25,27.95,46.70,1008.89
2834,254.97,28.25,27.96,46.71,1008.89
2835,255.06,28.25,27.96,46.69,1008.89
2836,255.15,28.25,27.96,46.47,1008.89
2837,255.24,28.25,27.96,46.61,1008.89
2838,255.33,28.25,27.96,46.70,1008.88
2839,255.42,28.25,27.96,46.70,1008.88
2840,255.51,28.24,27.95,46.68,1008.88
2841,255.60,28.24,27.95,46.71,1008.87
2842,255.69,28.24,27.95,46.72,1008.87
2843,255.78,28.24,27.94,46.70,1008.87
2844,255.87,28.24,27.95,46.69,1008.87
2845,255.96,28.23,27.94,46.69,1008.87
2846,256.05,28.23,27.94,46.67,1008.87
2847,256.14,28.23,27.94,46.69,1008.87
2848,256.23,28.24,27.94,46.68,1008.87
2849,256.32,28.24,27.95,46.66,1008.87
2850,256.41,28.24,27.95,46.65,1008.87
2851,256.50,28.24,27.95,46.67,1008.87
2852,256.59,28.23,27.95,46.67,1008.87
2853,256.68,28.24,27.96,46.67,1008.87
2854,256.77,28.23,27.96,46.68,1008.87
2855,256.86,28.23,27.96,46.68,1008.87
2856,256.95,28.23,27.95,46.68,1008.87
2857,257.04,28.23,27.95,46.69,1008.86
2858,257.13,28.23,27.95,46.69,1008.86
2859,257.22,28.23,27.95,46.69,1008.86
2860,257.31,28.23,27.95,46.69,1008.86
2861,257.40,28.22,27.94,46.69,1008.86
2862,257.49,28.22,27.94,46.70,1008.87
2863,257.58,28.22,27.94,46.67,1008.87
2864,257.67,28.22,27.94,46.67,1008.87
2865,257.76,28.22,27.95,46.66,1008.87
2866,257.85,28.22,27.94,46.64,1008.87
2867,257.94,28.22,27.94,46.63,1008.87
2868,258.03,28.22,27.94,46.65,1008.87
2869,258.12,28.22,27.94,46.65,1008.87
2870,258.21,28.23,27.94,46.65,1008.88
2871,258.30,28.22,27.94,46.66,1008.88
2872,258.39,28.22,27.95,46.66,1008.88
2873,258.48,28.21,27.95,46.66,1008.88
2874,258.57,28.21,27.94,46.68,1008.88
2875,258.66,28.21,27.94,46.68,1008.88
2876,258.75,28.21,27.94,46.69,1008.88
2877,258.84,28.21,27.94,46.70,1008.88
2878,258.93,28.21,27.95,46.69,1008.88
2879,259.02,28.21,27.95,46.69,1008.88
2880,259.11,28.21,27.95,46.65,1008.88
2881,259.20,28.22,27.95,46.67,1008.89
2882,259.29,28.22,27.95,46.69,1008.89
2883,259.38,28.22,27.95,46.69,1008.89
2884,259.47,28.22,27.95,46.69,1008.89
2885,259.56,28.22,27.95,46.68,1008.89
2886,259.65,28.22,27.96,46.69,1008.89
2887,259.74,28.22,27.96,46.69,1008.89
2888,259.83,28.21,27.95,46.70,1008.89
2889,259.92,28.21,27.95,46.70,1008.89
2890,260.01,28.21,27.94,46.70,1008.89
2891,260.10,28.21,27.94,46.71,1008.89
2892,260.19,28.21,27.95,46.71,1008.89
2893,260.28,28.21,27.95,46.71,1008.89
2894,260.37,28.21,27.94,46.73,1008.89
2895,260.46,28.21,27.94,46.73,1008.89
2896,260.55,28.20,27.94,46.73,1008.88
2897,260.64,28.20,27.94,46.75,1008.88
2898,260.73,28.21,27.94,46.74,1008.88
2899,260.82,28.21,27.93,46.75,1008.88
2900,260.91,28.21,27.93,46.75,1008.88
2901,261.00,28.20,27.93,46.75,1008.88
2902,261.09,28.20,27.92,46.76,1008.88
2903,261.18,28.20,27.93,46.74,1008.88
2904,261.27,28.20,27.93,46.74,1008.88
2905,261.36,28.20,27.93,46.71,1008.87
2906,261.45,28.20,27.93,46.72,1008.87
2907,261.54,28.20,27.94,46.73,1008.87
2908,261.63,28.20,27.93,46.76,1008.87
2909,261.72,28.20,27.93,46.74,1008.87
2910,261.81,28.19,27.94,46.74,1008.87
2911,261.90,28.20,27.93,46.75,1008.86
2912,261.99,28.19,27.93,46.73,1008.84
2913,262.08,28.19,27.93,46.73,1008.85
2914,262.17,28.18,27.93,46.71,1008.85
2915,262.26,28.18,27.93,46.70,1008.86
2916,262.35,28.17,27.92,46.69,1008.86
2917,262.44,28.17,27.92,46.69,1008.86
2918,262.53,28.17,27.92,46.66,1008.86
2919,262.62,28.18,27.92,46.68,1008.86
2920,262.71,28.17,27.91,46.69,1008.86
2921,262.80,28.17,27.92,46.68,1008.85
2922,262.89,28.16,27.91,46.68,1008.85
2923,262.98,28.16,27.91,46.69,1008.85
2924,263.07,28.16,27.90,46.70,1008.85
2925,263.16,28.16,27.90,46.71,1008.85
2926,263.25,28.16,27.90,46.70,1008.85
2927,263.34,28.16,27.90,46.69,1008.85
2928,263.43,28.15,27.89,46.69,1008.85
2929,263.52,28.15,27.90,46.72,1008.85
2930,263.61,28.15,27.90,46.72,1008.85
2931,263.70,28.15,27.89,46.73,1008.86
2932,263.79,28.15,27.89,46.73,1008.86
2933,263.88,28.15,27.88,46.73,1008.86
2934,263.97,28.15,27.88,46.72,1008.86
2935,264.06,28.15,27.88,46.61,1008.86
2936,264.15,28.15,27.89,46.72,1008.86
2937,264.24,28.14,27.89,46.70,1008.86
2938,264.33,28.14,27.89,46.72,1008.86
2939,264.42,28.14,27.89,46.73,1008.87
2940,264.51,28.14,27.89,46.73,1008.86
2941,264.60,28.13,27.89,46.75,1008.86
2942,264.69,28.13,27.88,46.75,1008.86
2943,264.78,28.13,27.88,46.73,1008.86
2944,264.87,28.13,27.88,46.73,1008.87
2945,264.96,28.13,27.88,46.71,1008.87
2946,265.05,28.13,27.88,46.71,1008.87
2947,265.14,28.13,27.88,46.69,1008.87
2948,265.23,28.12,27.89,46.68,1008.87
2949,265.32,28.12,27.89,46.69,1008.87
2950,265.41,28.12,27.88,46.68,1008.87
2951,265.50,28.13,27.89,46.68,1008.87
2952,265.59,28.12,27.88,46.69,1008.87
2953,265.68,28.12,27.89,46.70,1008.87
2954,265.77,28.12,27.89,46.72,1008.87
2955,265.86,28.12,27.87,46.73,1008.87
2956,265.95,28.11,27.87,46.72,1008.87
2957,266.04,28.11,27.87,46.72,1008.87
2958,266.13,28.11,27.88,46.71,1008.87
2959,266.22,28.11,27.88,46.69,1008.87
2960,266.31,28.11,27.88,46.69,1008.87
2961,266.40,28.11,27.88,46.68,1008.87
2962,266.49,28.12,27.88,46.68,1008.87
2963,266.58,28.12,27.88,46.66,1008.87
2964,266.67,28.11,27.87,46.67,1008.86
2965,266.76,28.12,27.87,46.68,1008.86
2966,266.85,28.12,27.88,46.68,1008.86
2967,266.94,28.12,27.89,46.68,1008.86
2968,267.03,28.11,27.88,46.70,1008.86
2969,267.12,28.11,27.87,46.69,1008.86
2970,267.21,28.11,27.87,46.70,1008.86
2971,267.30,28.11,27.87,46.69,1008.86
2972,267.39,28.12,27.86,46.68,1008.86
2973,267.48,28.12,27.87,46.67,1008.86
2974,267.57,28.12,27.86,46.66,1008.86
2975,267.66,28.11,27.86,46.65,1008.86
2976,267.75,28.11,27.86,46.66,1008.86
2977,267.84,28.11,27.86,46.65,1008.86
2978,267.93,28.11,27.86,46.65,1008.86
2979,268.02,28.11,27.86,46.65,1008.86
2980,268.11,28.11,27.86,46.66,1008.86
2981,268.20,28.11,27.87,46.65,1008.86
2982,268.29,28.11,27.87,46.63,1008.86
2983,268.38,28.11,27.87,46.64,1008.85
2984,268.47,28.11,27.86,46.63,1008.85
2985,268.56,28.11,27.86,46.62,1008.85
2986,268.65,28.11,27.86,46.61,1008.85
2987,268.74,28.11,27.86,46.61,1008.85
2988,268.83,28.11,27.86,46.63,1008.85
2989,268.92,28.12,27.86,46.63,1008.85
2990,269.01,28.11,27.86,46.63,1008.85
2991,269.10,28.11,27.86,46.65,1008.85
2992,269.19,28.12,27.86,46.67,1008.85
2993,269.28,28.11,27.85,46.66,1008.85
2994,269.37,28.12,27.85,46.64,1008.86
2995,269.46,28.12,27.84,46.64,1008.86
2996,269.55,28.12,27.84,46.63,1008.86
2997,269.64,28.12,27.84,46.64,1008.86
2998,269.73,28.12,27.84,46.64,1008.86
2999,269.82,28.12,27.85,46.64,1008.86
3000,269.91,28.12,27.84,46.64,1008.86
3001,270.00,28.12,27.85,46.63,1008.86
3002,270.09,28.12,27.85,46.61,1008.86
3003,270.18,28.12,27.85,46.59,1008.86
3004,270.27,28.12,27.86,46.57,1008.86
3005,270.36,28.11,27.85,46.57,1008.86
3006,270.45,28.11,27.85,46.57,1008.86
3007,270.54,28.11,27.85,46.57,1008.86
3008,270.63,28.11,27.85,46.59,1008.86
3009,270.72,28.10,27.84,46.59,1008.85
3010,270.81,28.10,27.84,46.59,1008.86
3011,270.90,28.10,27.83,46.59,1008.86
3012,270.99,28.10,27.84,46.58,1008.86
3013,271.08,28.09,27.84,46.57,1008.86
3014,271.17,28.09,27.84,46.56,1008.86
3015,271.26,28.09,27.84,46.57,1008.86
3016,271.35,28.09,27.83,46.56,1008.86
3017,271.44,28.09,27.83,46.53,1008.86
3018,271.53,28.09,27.83,46.52,1008.86
3019,271.62,28.09,27.84,46.52,1008.86
3020,271.71,28.09,27.84,46.52,1008.86
3021,271.80,28.09,27.84,46.53,1008.86
3022,271.89,28.09,27.85,46.54,1008.86
3023,271.98,28.09,27.85,46.53,1008.86
3024,272.07,28.09,27.84,46.51,1008.86
3025,272.16,28.08,27.84,46.52,1008.86
3026,272.25,28.08,27.84,46.51,1008.86
3027,272.34,28.08,27.85,46.53,1008.86
3028,272.43,28.08,27.84,46.54,1008.86
3029,272.52,28.07,27.84,46.54,1008.86
3030,272.61,28.07,27.83,46.54,1008.86
3031,272.70,28.07,27.83,46.56,1008.86
3032,272.79,28.07,27.84,46.54,1008.86
3033,272.88,28.07,27.83,46.55,1008.86
3034,272.97,28.06,27.83,46.56,1008.86
3035,273.06,28.06,27.83,46.55,1008.86
3036,273.15,28.06,27.83,46.54,1008.86
3037,273.24,28.06,27.83,46.55,1008.86
3038,273.33,28.07,27.83,46.57,1008.86
3039,273.42,28.06,27.83,46.57,1008.86
3040,273.51,28.06,27.83,46.58,1008.86
3041,273.60,28.05,27.83,46.59,1008.86
3042,273.69,28.05,27.83,46.61,1008.86
3043,273.78,28.06,27.82,46.60,1008.86
3044,273.87,28.06,27.82,46.61,1008.86
3045,273.96,28.06,27.83,46.60,1008.86
3046,274.05,28.06,27.83,46.62,1008.86
3047,274.14,28.06,27.83,46.63,1008.87
3048,274.23,28.06,27.83,46.63,1008.87
3049,274.32,28.06,27.82,46.61,1008.87
3050,274.41,28.06,27.83,46.62,1008.87
3051,274.50,28.05,27.83,46.61,1008.87
3052,274.59,28.05,27.82,46.61,1008.87
3053,274.68,28.05,27.83,46.59,1008.87
3054,274.77,28.05,27.82,46.57,1008.87
3055,274.86,28.05,27.82,46.56,1008.87
3056,274.95,28.05,27.82,46.56,1008.87
3057,275.04,28.05,27.82,46.57,1008.87
3058,275.13,28.05,27.82,46.58,1008.87
3059,275.22,28.05,27.82,46.58,1008.87
3060,275.31,28.05,27.81,46.58,1008.87
3061,275.40,28.05,27.80,46.57,1008.83
3062,275.49,28.05,27.80,46.57,1008.86
3063,275.58,28.04,27.80,46.57,1008.87
3064,275.67,28.03,27.79,46.57,1008.87
3065,275.76,28.03,27.80,46.57,1008.87
3066,275.85,28.04,27.80,46.57,1008.87
3067,275.94,28.04,27.79,46.56,1008.87
3068,276.03,28.04,27.79,46.56,1008.87
3069,276.12,28.04,27.80,46.54,1008.87
3070,276.21,28.03,27.80,46.53,1008.87
3071,276.30,28.03,27.80,46.53,1008.88
3072,276.39,28.03,27.79,46.55,1008.88
3073,276.48,28.03,27.79,46.55,1008.87
3074,276.57,28.04,27.79,46.56,1008.88
3075,276.66,28.03,27.80,46.57,1008.88
3076,276.75,28.03,27.80,46.55,1008.88
3077,276.84,28.02,27.80,46.56,1008.88
3078,276.93,28.02,27.80,46.56,1008.87
3079,277.02,28.01,27.80,46.55,1008.87
3080,277.11,28.02,27.81,46.55,1008.87
3081,277.20,28.02,27.81,46.55,1008.87
3082,277.29,28.02,27.80,46.55,1008.87
3083,277.38,28.02,27.80,46.54,1008.87
3084,277.47,28.02,27.80,46.56,1008.87
3085,277.56,28.02,27.80,46.55,1008.87
3086,277.65,28.02,27.80,46.55,1008.87
3087,277.74,28.02,27.80,46.53,1008.87
3088,277.83,28.02,27.80,46.53,1008.87
3089,277.92,28.03,27.80,46.54,1008.87
3090,278.01,28.02,27.79,46.54,1008.87
3091,278.10,28.03,27.80,46.54,1008.87
3092,278.19,28.03,27.80,46.53,1008.87
3093,278.28,28.02,27.80,46.53,1008.87
3094,278.37,28.02,27.79,46.54,1008.87
3095,278.46,28.03,27.78,46.53,1008.87
3096,278.55,28.02,27.78,46.54,1008.87
3097,278.64,28.02,27.78,46.56,1008.87
3098,278.73,28.02,27.78,46.57,1008.87
3099,278.82,28.02,27.79,46.56,1008.87
3100,278.91,28.03,27.78,46.54,1008.87
3101,279.00,28.02,27.78,46.54,1008.87
3102,279.09,28.03,27.78,46.53,1008.87
3103,279.18,28.03,27.78,46.54,1008.87
3104,279.27,28.02,27.78,46.55,1008.87
3105,279.36,28.02,27.79,46.56,1008.87
3106,279.45,28.02,27.79,46.56,1008.87
3107,279.54,28.02,27.79,46.58,1008.87
3108,279.63,28.03,27.79,46.60,1008.89
3109,279.72,28.02,27.78,46.61,1008.87
3110,279.81,28.02,27.78,46.61,1008.88
3111,279.90,28.02,27.78,46.58,1008.88
3112,279.99,28.02,27.78,46.58,1008.88
3113,280.08,28.01,27.78,46.57,1008.88
3114,280.17,28.01,27.78,46.59,1008.88
3115,280.26,28.01,27.77,46.59,1008.88
3116,280.35,28.01,27.77,46.58,1008.88
3117,280.44,28.00,27.78,46.58,1008.88
3118,280.53,28.00,27.77,46.58,1008.88
3119,280.62,28.00,27.78,46.56,1008.88
3120,280.71,28.00,27.78,46.57,1008.88
3121,280.80,28.00,27.78,46.55,1008.88
3122,280.89,28.00,27.77,46.55,1008.88
3123,280.98,28.00,27.78,46.55,1008.88
3124,281.07,28.00,27.78,46.53,1008.88
3125,281.16,28.00,27.79,46.54,1008.88
3126,281.25,28.00,27.79,46.53,1008.88
3127,281.34,27.99,27.79,46.54,1008.88
3128,281.43,27.99,27.79,46.53,1008.88
3129,281.52,27.99,27.79,46.55,1008.87
3130,281.61,27.99,27.79,46.53,1008.87
3131,281.70,27.99,27.79,46.54,1008.88
3132,281.79,27.99,27.79,46.55,1008.88
3133,281.88,27.99,27.78,46.53,1008.88
3134,281.97,27.99,27.79,46.52,1008.88
3135,282.06,27.98,27.78,46.53,1008.89
3136,282.15,27.98,27.78,46.53,1008.89
3137,282.24,27.98,27.77,46.52,1008.89
3138,282.33,27.98,27.78,46.51,1008.89
3139,282.42,27.98,27.81,46.49,1008.89
3140,282.51,27.98,27.80,46.49,1008.89
3141,282.60,27.98,27.78,46.50,1008.88
3142,282.69,27.98,27.78,46.52,1008.88
3143,282.78,27.98,27.77,46.51,1008.89
3144,282.87,27.98,27.78,46.52,1008.89
3145,282.96,27.98,27.78,46.50,1008.89
3146,283.05,27.97,27.78,46.49,1008.89
3147,283.14,27.97,27.78,46.50,1008.88
3148,283.23,27.98,27.78,46.49,1008.88
3149,283.32,27.97,27.77,46.50,1008.88
3150,283.41,27.97,27.77,46.49,1008.88
3151,283.50,27.97,27.77,46.50,1008.89
3152,283.59,27.97,27.78,46.51,1008.89
3153,283.68,27.97,27.78,46.50,1008.89
3154,283.77,27.97,27.78,46.50,1008.89
3155,283.86,27.97,27.78,46.50,1008.89
3156,283.95,27.97,27.78,46.49,1008.89
3157,284.04,27.98,27.78,46.49,1008.89
3158,284.13,27.98,27.78,46.49,1008.89
3159,284.22,27.98,27.78,46.48,1008.89
3160,284.31,27.97,27.78,46.47,1008.89
3161,284.40,27.97,27.78,46.47,1008.89
3162,284.49,27.98,27.78,46.46,1008.89
3163,284.58,27.97,27.77,46.48,1008.89
3164,284.67,27.98,27.77,46.48,1008.89
3165,284.76,27.98,27.78,46.45,1008.89
3166,284.85,27.97,27.78,46.47,1008.89
3167,284.94,27.97,27.78,46.46,1008.89
3168,285.03,27.97,27.78,46.47,1008.89
3169,285.12,27.97,27.77,46.48,1008.88
3170,285.21,27.97,27.78,46.48,1008.88
3171,285.30,27.97,27.77,46.47,1008.88
3172,285.39,27.97,27.77,46.47,1008.88
3173,285.48,27.97,27.77,46.48,1008.88
3174,285.57,27.97,27.77,46.48,1008.88
3175,285.66,27.97,27.77,46.48,1008.88
3176,285.75,27.98,27.76,46.46,1008.88
3177,285.84,27.98,27.76,46.47,1008.88
3178,285.93,27.98,27.76,46.48,1008.88
3179,286.02,27.98,27.76,46.48,1008.88
3180,286.11,27.97,27.76,46.48,1008.88
3181,286.20,27.97,27.76,46.46,1008.88
3182,286.29,27.97,27.77,46.46,1008.88
3183,286.38,27.97,27.77,46.43,1008.88
3184,286.47,27.97,27.77,46.43,1008.88
3185,286.56,27.97,27.77,46.42,1008.88
3186,286.65,27.97,27.76,46.42,1008.88
3187,286.74,27.97,27.76,46.42,1008.88
3188,286.83,27.97,27.76,46.43,1008.88
3189,286.92,27.97,27.76,46.42,1008.88
3190,287.01,27.97,27.76,46.43,1008.88
3191,287.10,27.97,27.76,46.45,1008.88
3192,287.19,27.96,27.76,46.47,1008.88
3193,287.28,27.96,27.75,46.47,1008.88
3194,287.37,27.96,27.75,46.44,1008.88
3195,287.46,27.96,27.74,46.43,1008.88
3196,287.55,27.96,27.73,46.43,1008.88
3197,287.64,27.95,27.72,46.43,1008.88
3198,287.73,27.95,27.73,46.46,1008.88
3199,287.82,27.94,27.73,46.44,1008.88
3200,287.91,27.94,27.73,46.47,1008.87
3201,288.00,27.94,27.73,46.46,1008.87
3202,288.09,27.94,27.77,46.45,1008.88
3203,288.18,27.94,27.71,46.44,1008.87
3204,288.27,27.94,27.71,46.45,1008.87
3205,288.36,27.94,27.71,46.45,1008.87
3206,288.45,27.94,27.70,46.45,1008.87
3207,288.54,27.94,27.70,46.43,1008.87
3208,288.63,27.95,27.70,46.42,1008.87
3209,288.72,27.94,27.70,46.43,1008.87
3210,288.81,27.94,27.70,46.45,1008.87
3211,288.90,27.94,27.70,46.45,1008.87
3212,288.99,27.93,27.71,46.42,1008.87
3213,289.08,27.93,27.71,46.42,1008.87
3214,289.17,27.93,27.71,46.42,1008.87
3215,289.26,27.93,27.71,46.42,1008.87
3216,289.35,27.92,27.71,46.41,1008.87
3217,289.44,27.93,27.71,46.42,1008.87
3218,289.53,27.93,27.71,46.42,1008.87
3219,289.62,27.93,27.71,46.42,1008.87
3220,289.71,27.93,27.71,46.41,1008.87
3221,289.80,27.93,27.71,46.40,1008.87
3222,289.89,27.93,27.70,46.39,1008.87
3223,289.98,27.93,27.70,46.38,1008.88
3224,290.07,27.93,27.70,46.37,1008.87
3225,290.16,27.93,27.70,46.39,1008.87
3226,290.25,27.93,27.71,46.41,1008.88
3227,290.34,27.93,27.71,46.41,1008.88
3228,290.43,27.92,27.71,46.41,1008.88
3229,290.52,27.92,27.71,46.39,1008.88
3230,290.61,27.92,27.72,46.37,1008.88
3231,290.70,27.92,27.72,46.37,1008.88
3232,290.79,27.92,27.71,46.37,1008.88
3233,290.88,27.92,27.71,46.36,1008.88
3234,290.97,27.92,27.71,46.37,1008.88
3235,291.06,27.92,27.71,46.36,1008.88
3236,291.15,27.91,27.71,46.38,1008.88
3237,291.24,27.91,27.71,46.38,1008.88
3238,291.33,27.91,27.70,46.36,1008.88
3239,291.42,27.91,27.70,46.36,1008.88
3240,291.51,27.91,27.70,46.35,1008.88
3241,291.60,27.91,27.70,46.34,1008.88
3242,291.69,27.91,27.70,46.33,1008.88
3243,291.78,27.91,27.70,46.34,1008.88
3244,291.87,27.92,27.71,46.35,1008.88
3245,291.96,27.93,27.70,46.36,1008.88
3246,292.05,27.93,27.70,46.34,1008.88
3247,292.14,27.93,27.71,46.36,1008.87
3248,292.23,27.93,27.71,46.35,1008.87
3249,292.32,27.93,27.71,46.34,1008.87
3250,292.41,27.93,27.71,46.31,1008.87
3251,292.50,27.92,27.71,46.31,1008.87
3252,292.59,27.92,27.70,46.31,1008.87
3253,292.68,27.93,27.71,46.30,1008.87
3254,292.77,27.93,27.70,46.29,1008.87
3255,292.86,27.92,27.70,46.29,1008.87
3256,292.95,27.93,27.70,46.31,1008.87
3257,293.04,27.92,27.70,46.29,1008.87
3258,293.13,27.92,27.70,46.28,1008.87
3259,293.22,27.92,27.70,46.27,1008.87
3260,293.31,27.91,27.70,46.28,1008.87
3261,293.40,27.91,27.70,46.29,1008.87
3262,293.49,27.91,27.70,46.29,1008.87
3263,293.58,27.91,27.70,46.27,1008.87
3264,293.67,27.90,27.70,46.26,1008.86
3265,293.76,27.90,27.70,46.26,1008.86
3266,293.85,27.91,27.69,46.25,1008.87
3267,293.94,27.90,27.69,46.28,1008.86
3268,294.03,27.90,27.69,46.29,1008.87
3269,294.12,27.90,27.69,46.27,1008.86
3270,294.21,27.90,27.69,46.28,1008.86
3271,294.30,27.90,27.70,46.28,1008.86
3272,294.39,27.90,27.69,46.27,1008.86
3273,294.48,27.90,27.69,46.29,1008.86
3274,294.57,27.91,27.69,46.31,1008.86
3275,294.66,27.90,27.69,46.31,1008.86
3276,294.75,27.90,27.69,46.33,1008.86
3277,294.84,27.90,27.70,46.34,1008.86
3278,294.93,27.90,27.69,46.32,1008.86
3279,295.02,27.90,27.69,46.30,1008.86
3280,295.11,27.90,27.69,46.30,1008.86
3281,295.20,27.90,27.68,46.28,1008.86
3282,295.29,27.90,27.68,46.29,1008.86
3283,295.38,27.90,27.68,46.26,1008.86
3284,295.47,27.90,27.67,46.29,1008.86
3285,295.56,27.89,27.68,46.28,1008.86
3286,295.65,27.89,27.67,46.28,1008.86
3287,295.74,27.89,27.68,46.27,1008.86
3288,295.83,27.89,27.68,46.26,1008.86
3289,295.92,27.89,27.68,46.26,1008.86
3290,296.01,27.89,27.68,46.26,1008.87
3291,296.10,27.89,27.67,46.25,1008.86
3292,296.19,27.89,27.68,46.25,1008.86
3293,296.28,27.90,27.67,46.23,1008.86
3294,296.37,27.90,27.68,46.24,1008.86
3295,296.46,27.90,27.68,46.23,1008.86
3296,296.55,27.90,27.68,46.24,1008.86
3297,296.64,27.90,27.68,46.23,1008.86
3298,296.73,27.90,27.67,46.22,1008.86
3299,296.82,27.90,27.68,46.22,1008.86
3300,296.91,27.90,27.67,46.22,1008.86
3301,297.00,27.91,27.67,46.20,1008.86
3302,297.09,27.90,27.68,46.19,1008.86
3303,297.18,27.90,27.68,46.20,1008.86
3304,297.27,27.90,27.67,46.22,1008.86
3305,297.36,27.90,27.68,46.21,1008.87
3306,297.45,27.90,27.69,46.23,1008.86
3307,297.54,27.90,27.68,46.24,1008.86
3308,297.63,27.90,27.68,46.24,1008.86
3309,297.72,27.89,27.68,46.25,1008.86
3310,297.81,27.89,27.68,46.26,1008.86
3311,297.90,27.89,27.67,46.26,1008.86
3312,297.99,27.89,27.67,46.25,1008.86
3313,298.08,27.89,27.67,46.25,1008.86
3314,298.17,27.89,27.67,46.26,1008.86
3315,298.26,27.89,27.66,46.26,1008.86
3316,298.35,27.89,27.66,46.25,1008.86
3317,298.44,27.89,27.66,46.23,1008.86
3318,298.53,27.89,27.66,46.23,1008.86
3319,298.62,27.89,27.67,46.23,1008.86
3320,298.71,27.89,27.67,46.23,1008.86
3321,298.80,27.89,27.66,46.23,1008.86
3322,298.89,27.89,27.67,46.24,1008.86
3323,298.98,27.89,27.68,46.24,1008.86
3324,299.07,27.88,27.67,46.25,1008.86
3325,299.16,27.88,27.67,46.22,1008.86
3326,299.25,27.88,27.68,46.23,1008.86
3327,299.34,27.89,27.68,46.25,1008.86
3328,299.43,27.89,27.68,46.23,1008.87
3329,299.52,27.89,27.67,46.24,1008.87
3330,299.61,27.89,27.67,46.24,1008.87
3331,299.70,27.89,27.67,46.24,1008.86
3332,299.79,27.90,27.67,46.25,1008.87
3333,299.88,27.89,27.67,46.27,1008.86
3334,299.97,27.90,27.67,46.27,1008.86
3335,300.06,27.90,27.68,46.28,1008.86
3336,300.15,27.89,27.68,46.26,1008.86
3337,300.24,27.89,27.67,46.25,1008.86
3338,300.33,27.89,27.67,46.26,1008.86
3339,300.42,27.90,27.67,46.25,1008.86
3340,300.51,27.89,27.67,46.25,1008.86
3341,300.60,27.90,27.67,46.24,1008.86
3342,300.69,27.90,27.66,46.22,1008.86
3343,300.78,27.90,27.65,46.20,1008.86
3344,300.87,27.90,27.66,46.18,1008.86
3345,300.96,27.89,27.66,46.20,1008.86
3346,301.05,27.89,27.66,46.19,1008.86
3347,301.14,27.89,27.65,46.18,1008.86
3348,301.23,27.89,27.65,46.19,1008.86
3349,301.32,27.89,27.65,46.20,1008.86
3350,301.41,27.89,27.65,46.21,1008.86
3351,301.50,27.89,27.66,46.20,1008.86
3352,301.59,27.89,27.65,46.21,1008.86
3353,301.68,27.89,27.65,46.22,1008.86
3354,301.77,27.90,27.64,46.21,1008.86
3355,301.86,27.89,27.64,46.19,1008.86
3356,301.95,27.89,27.64,46.19,1008.86
3357,302.04,27.89,27.64,46.19,1008.86
3358,302.13,27.89,27.64,46.19,1008.86
3359,302.22,27.89,27.64,46.17,1008.86
3360,302.31,27.89,27.64,46.15,1008.86
3361,302.40,27.89,27.64,46.14,1008.86
3362,302.49,27.89,27.64,46.13,1008.86
3363,302.58,27.89,27.64,46.14,1008.86
3364,302.67,27.89,27.63,46.14,1008.86
3365,302.76,27.90,27.63,46.13,1008.87
3366,302.85,27.90,27.62,46.27,1008.86
3367,302.94,27.90,27.62,46.14,1008.86
3368,303.03,27.89,27.62,46.15,1008.86
3369,303.12,27.89,27.62,46.15,1008.86
3370,303.21,27.89,27.62,46.12,1008.86
3371,303.30,27.89,27.62,46.10,1008.86
3372,303.39,27.89,27.63,46.10,1008.86
3373,303.48,27.89,27.63,46.10,1008.86
3374,303.57,27.89,27.63,46.10,1008.86
3375,303.66,27.88,27.63,46.10,1008.86
3376,303.75,27.88,27.62,46.09,1008.86
3377,303.84,27.88,27.62,46.09,1008.86
3378,303.93,27.88,27.62,46.09,1008.86
3379,304.02,27.87,27.62,46.11,1008.86
3380,304.11,27.86,27.62,46.12,1008.86
3381,304.20,27.86,27.62,46.16,1008.86
3382,304.29,27.86,27.62,46.16,1008.86
3383,304.38,27.87,27.62,46.16,1008.86
3384,304.47,27.86,27.61,46.15,1008.86
3385,304.56,27.86,27.62,46.15,1008.86
3386,304.65,27.86,27.61,46.15,1008.86
3387,304.74,27.86,27.61,46.15,1008.86
3388,304.83,27.86,27.62,46.15,1008.86
3389,304.92,27.86,27.62,46.12,1008.86
3390,305.01,27.86,27.63,46.11,1008.86
3391,305.10,27.86,27.63,46.11,1008.86
3392,305.19,27.86,27.62,46.10,1008.87
3393,305.28,27.86,27.63,46.25,1008.87
3394,305.37,27.86,27.63,46.18,1008.87
3395,305.46,27.86,27.63,46.11,1008.87
3396,305.55,27.85,27.63,46.12,1008.87
3397,305.64,27.86,27.63,46.12,1008.87
3398,305.73,27.85,27.63,46.09,1008.86
3399,305.82,27.84,27.64,46.09,1008.87
3400,305.91,27.84,27.63,46.09,1008.87
3401,306.00,27.85,27.64,46.10,1008.87
3402,306.09,27.85,27.63,46.07,1008.87
3403,306.18,27.84,27.63,46.07,1008.87
3404,306.27,27.84,27.64,46.06,1008.87
3405,306.36,27.83,27.64,46.05,1008.87
3406,306.45,27.83,27.64,46.03,1008.87
3407,306.54,27.83,27.65,46.02,1008.87
3408,306.63,27.83,27.64,46.02,1008.87
3409,306.72,27.82,27.64,46.01,1008.87
3410,306.81,27.83,27.64,46.03,1008.87
3411,306.90,27.82,27.64,46.03,1008.87
3412,306.99,27.83,27.64,46.05,1008.87
3413,307.08,27.83,27.64,46.04,1008.87
3414,307.17,27.83,27.64,46.03,1008.87
3415,307.26,27.83,27.65,46.01,1008.87
3416,307.35,27.83,27.65,46.02,1008.87
3417,307.44,27.83,27.65,46.03,1008.87
3418,307.53,27.83,27.65,46.03,1008.87
3419,307.62,27.83,27.65,46.03,1008.87
3420,307.71,27.83,27.65,46.04,1008.87
3421,307.80,27.83,27.65,46.04,1008.87
3422,307.89,27.82,27.64,46.04,1008.87
3423,307.98,27.83,27.64,46.04,1008.87
3424,308.07,27.83,27.63,46.01,1008.88
3425,308.16,27.83,27.64,46.01,1008.88
3426,308.25,27.83,27.65,46.01,1008.88
3427,308.34,27.84,27.64,46.01,1008.88
3428,308.43,27.84,27.64,46.01,1008.89
3429,308.52,27.84,27.64,46.03,1008.89
3430,308.61,27.84,27.64,46.03,1008.89
3431,308.70,27.84,27.63,46.03,1008.89
3432,308.79,27.84,27.63,46.00,1008.90
3433,308.88,27.83,27.62,46.01,1008.90
3434,308.97,27.83,27.62,46.00,1008.90
3435,309.06,27.83,27.62,45.99,1008.90
3436,309.15,27.83,27.62,45.99,1008.90
3437,309.24,27.84,27.62,46.01,1008.90
3438,309.33,27.84,27.62,46.03,1008.89
3439,309.42,27.84,27.62,46.06,1008.89
3440,309.51,27.84,27.61,46.06,1008.89
3441,309.60,27.83,27.61,46.05,1008.89
3442,309.69,27.83,27.62,46.05,1008.89
3443,309.78,27.83,27.61,46.05,1008.89
3444,309.87,27.83,27.61,46.07,1008.89
3445,309.96,27.83,27.61,46.07,1008.89
3446,310.05,27.82,27.61,46.06,1008.88
3447,310.14,27.82,27.62,46.05,1008.88
3448,310.23,27.82,27.61,46.04,1008.88
3449,310.32,27.82,27.61,46.05,1008.88
3450,310.41,27.83,27.61,46.05,1008.88
3451,310.50,27.82,27.61,46.06,1008.87
3452,310.59,27.82,27.61,46.05,1008.87
3453,310.68,27.83,27.60,46.07,1008.88
3454,310.77,27.82,27.60,46.08,1008.88
3455,310.86,27.83,27.60,46.10,1008.88
3456,310.95,27.83,27.59,46.09,1008.88
3457,311.04,27.84,27.59,46.07,1008.88
3458,311.13,27.83,27.59,46.07,1008.88
3459,311.22,27.83,27.59,46.07,1008.88
3460,311.31,27.83,27.59,46.08,1008.88
3461,311.40,27.82,27.59,46.07,1008.88
3462,311.49,27.82,27.58,46.06,1008.88
3463,311.58,27.82,27.58,46.06,1008.88
3464,311.67,27.82,27.58,46.06,1008.88
3465,311.76,27.82,27.59,46.07,1008.88
3466,311.85,27.81,27.58,46.07,1008.88
3467,311.94,27.81,27.58,46.07,1008.88
3468,312.03,27.81,27.58,46.08,1008.88
3469,312.12,27.81,27.58,46.08,1008.88
3470,312.21,27.81,27.57,46.07,1008.88
3471,312.30,27.80,27.57,46.08,1008.88
3472,312.39,27.80,27.58,46.08,1008.88
3473,312.48,27.80,27.58,46.08,1008.88
3474,312.57,27.81,27.58,46.09,1008.88
3475,312.66,27.81,27.58,46.11,1008.88
3476,312.75,27.80,27.58,46.13,1008.88
3477,312.84,27.80,27.58,46.12,1008.88
3478,312.93,27.80,27.58,46.12,1008.88
3479,313.02,27.81,27.58,46.11,1008.88
3480,313.11,27.81,27.58,46.12,1008.88
3481,313.20,27.81,27.59,46.12,1008.87
3482,313.29,27.81,27.59,46.12,1008.87
3483,313.38,27.81,27.59,46.12,1008.87
3484,313.47,27.81,27.58,46.12,1008.87
3485,313.56,27.82,27.59,46.10,1008.87
3486,313.65,27.82,27.58,46.10,1008.87
3487,313.74,27.82,27.58,46.10,1008.87
3488,313.83,27.82,27.57,46.10,1008.87
3489,313.92,27.82,27.57,46.08,1008.87
3490,314.01,27.82,27.57,46.07,1008.87
3491,314.10,27.82,27.57,46.08,1008.87
3492,314.19,27.81,27.56,46.08,1008.88
3493,314.28,27.81,27.57,46.06,1008.88
3494,314.37,27.81,27.57,46.05,1008.88
3495,314.46,27.82,27.57,46.05,1008.88
3496,314.55,27.81,27.57,46.05,1008.88
3497,314.64,27.80,27.57,46.04,1008.88
3498,314.73,27.80,27.56,46.05,1008.88
3499,314.82,27.81,27.57,46.05,1008.88
3500,314.91,27.79,27.58,46.05,1008.88
3501,315.00,27.79,27.57,46.05,1008.88
3502,315.09,27.79,27.57,46.03,1008.88
3503,315.18,27.79,27.58,46.03,1008.88
3504,315.27,27.79,27.58,46.03,1008.88
3505,315.36,27.80,27.58,46.03,1008.88
3506,315.45,27.79,27.59,46.01,1008.88
3507,315.54,27.80,27.58,46.00,1008.88
3508,315.63,27.80,27.58,46.00,1008.89
3509,315.72,27.80,27.59,46.00,1008.89
3510,315.81,27.80,27.58,46.01,1008.89
3511,315.90,27.80,27.59,46.00,1008.89
3512,315.99,27.80,27.59,45.98,1008.89
3513,316.08,27.80,27.59,46.00,1008.89
3514,316.17,27.80,27.58,46.00,1008.89
3515,316.26,27.79,27.59,45.99,1008.89
3516,316.35,27.79,27.59,45.97,1008.89
3517,316.44,27.79,27.60,45.98,1008.89
3518,316.53,27.79,27.59,45.98,1008.89
3519,316.62,27.79,27.59,45.99,1008.88
3520,316.71,27.79,27.59,46.11,1008.88
3521,316.80,27.79,27.60,46.01,1008.88
3522,316.89,27.79,27.60,45.94,1008.89
3523,316.98,27.79,27.59,45.96,1008.89
3524,317.07,27.79,27.59,45.98,1008.88
3525,317.16,27.80,27.59,45.97,1008.88
3526,317.25,27.80,27.59,45.99,1008.88
3527,317.34,27.80,27.60,45.99,1008.88
3528,317.43,27.79,27.59,45.99,1008.88
3529,317.52,27.79,27.59,45.99,1008.88
3530,317.61,27.79,27.58,45.97,1008.88
3531,317.70,27.79,27.59,45.98,1008.88
3532,317.79,27.79,27.58,45.99,1008.88
3533,317.88,27.79,27.57,45.98,1008.88
3534,317.97,27.79,27.58,45.98,1008.87
3535,318.06,27.79,27.58,45.97,1008.88
3536,318.15,27.79,27.58,45.96,1008.87
3537,318.24,27.80,27.58,45.96,1008.87
3538,318.33,27.80,27.58,45.96,1008.87
3539,318.42,27.80,27.58,45.97,1008.87
3540,318.51,27.80,27.58,45.99,1008.87
3541,318.60,27.79,27.58,45.99,1008.87
3542,318.69,27.79,27.58,45.99,1008.87
3543,318.78,27.79,27.58,45.99,1008.87
3544,318.87,27.79,27.58,45.99,1008.86
3545,318.96,27.79,27.58,45.99,1008.86
3546,319.05,27.79,27.58,45.97,1008.86
3547,319.14,27.78,27.58,45.97,1008.86
3548,319.23,27.77,27.58,45.97,1008.86
3549,319.32,27.76,27.59,45.97,1008.86
3550,319.41,27.76,27.60,45.97,1008.86
3551,319.50,27.76,27.61,45.97,1008.86
3552,319.59,27.76,27.61,45.96,1008.86
3553,319.68,27.76,27.61,45.97,1008.86
3554,319.77,27.75,27.61,45.96,1008.87
3555,319.86,27.75,27.61,45.95,1008.86
3556,319.95,27.76,27.61,45.96,1008.87
3557,320.04,27.76,27.61,45.97,1008.87
3558,320.13,27.77,27.62,46.00,1008.87
3559,320.22,27.78,27.62,46.00,1008.87
3560,320.31,27.77,27.62,46.00,1008.87
3561,320.40,27.78,27.62,46.01,1008.88
3562,320.49,27.77,27.62,46.01,1008.88
3563,320.58,27.77,27.62,46.01,1008.88
3564,320.67,27.78,27.61,46.03,1008.88
3565,320.76,27.77,27.61,46.02,1008.88
3566,320.85,27.76,27.60,46.02,1008.88
3567,320.94,27.76,27.60,46.02,1008.88
3568,321.03,27.76,27.59,46.03,1008.88
3569,321.12,27.76,27.59,46.02,1008.88
3570,321.21,27.76,27.58,46.02,1008.88
3571,321.30,27.75,27.58,46.00,1008.88
3572,321.39,27.76,27.59,45.98,1008.88
3573,321.48,27.76,27.58,45.98,1008.88
3574,321.57,27.76,27.58,45.98,1008.88
3575,321.66,27.76,27.57,45.97,1008.88
3576,321.75,27.76,27.57,45.98,1008.89
3577,321.84,27.75,27.57,45.96,1008.89
3578,321.93,27.75,27.58,45.95,1008.89
3579,322.02,27.75,27.58,45.94,1008.89
3580,322.11,27.75,27.57,45.94,1008.89
3581,322.20,27.75,27.57,45.94,1008.89
3582,322.29,27.75,27.56,45.93,1008.89
3583,322.38,27.76,27.56,45.94,1008.89
3584,322.47,27.76,27.56,45.95,1008.89
3585,322.56,27.76,27.56,45.95,1008.89
3586,322.65,27.76,27.56,45.95,1008.88
3587,322.74,27.76,27.56,45.95,1008.88
3588,322.83,27.76,27.55,45.94,1008.88
3589,322.92,27.75,27.55,45.95,1008.88
3590,323.01,27.75,27.55,45.97,1008.88
3591,323.10,27.75,27.56,45.98,1008.87
3592,323.19,27.75,27.56,45.98,1008.87
3593,323.28,27.75,27.56,45.97,1008.87
3594,323.37,27.75,27.56,45.97,1008.87
3595,323.46,27.76,27.55,45.95,1008.87
3596,323.55,27.76,27.55,45.95,1008.87
3597,323.64,27.75,27.55,45.96,1008.87
3598,323.73,27.75,27.55,45.95,1008.87
3599,323.82,27.75,27.56,45.96,1008.87
3600,323.91,27.75,27.55,45.97,1008.87
3601,324.00,27.75,27.55,45.97,1008.87
3602,324.09,27.74,27.55,45.96,1008.87
3603,324.18,27.74,27.54,45.95,1008.87
3604,324.27,27.74,27.54,45.96,1008.87
3605,324.36,27.75,27.54,45.94,1008.86
3606,324.45,27.74,27.54,45.93,1008.86
3607,324.54,27.74,27.54,45.94,1008.86
3608,324.63,27.74,27.54,45.93,1008.86
3609,324.72,27.75,27.53,45.94,1008.86
3610,324.81,27.74,27.53,45.93,1008.86
3611,324.90,27.74,27.53,45.93,1008.86
3612,324.99,27.75,27.53,45.93,1008.86
3613,325.08,27.75,27.52,45.94,1008.86
3614,325.17,27.75,27.52,45.94,1008.86
3615,325.26,27.75,27.52,45.93,1008.86
3616,325.35,27.75,27.53,45.92,1008.86
3617,325.44,27.74,27.53,45.91,1008.86
3618,325.53,27.74,27.53,45.90,1008.86
3619,325.62,27.74,27.53,45.90,1008.86
3620,325.71,27.74,27.53,45.91,1008.86
3621,325.80,27.74,27.53,45.91,1008.86
3622,325.89,27.74,27.52,45.90,1008.86
3623,325.98,27.74,27.53,45.89,1008.86
3624,326.07,27.73,27.53,45.87,1008.86
3625,326.16,27.73,27.53,45.87,1008.86
3626,326.25,27.73,27.54,45.87,1008.86
3627,326.34,27.73,27.53,45.86,1008.86
3628,326.43,27.73,27.53,45.88,1008.86
3629,326.52,27.74,27.54,45.89,1008.86
3630,326.61,27.74,27.53,45.89,1008.86
3631,326.70,27.74,27.53,45.90,1008.86
3632,326.79,27.74,27.53,45.92,1008.87
3633,326.88,27.75,27.53,45.92,1008.87
3634,326.97,27.74,27.53,45.92,1008.87
3635,327.06,27.74,27.53,45.92,1008.87
3636,327.15,27.74,27.53,45.92,1008.87
3637,327.24,27.74,27.52,45.90,1008.87
3638,327.33,27.74,27.53,45.90,1008.87
3639,327.42,27.74,27.53,45.89,1008.87
3640,327.51,27.74,27.53,45.91,1008.87
3641,327.60,27.74,27.53,45.93,1008.87
3642,327.69,27.74,27.52,45.90,1008.87
3643,327.78,27.74,27.52,45.93,1008.87
3644,327.87,27.74,27.53,45.92,1008.87
3645,327.96,27.75,27.53,45.91,1008.87
3646,328.05,27.74,27.53,45.91,1008.87
3647,328.14,27.75,27.53,45.92,1008.87
3648,328.23,27.75,27.53,45.94,1008.87
3649,328.32,27.75,27.53,45.94,1008.87
3650,328.41,27.75,27.53,45.95,1008.87
3651,328.50,27.75,27.54,45.93,1008.87
3652,328.59,27.75,27.53,45.93,1008.87
3653,328.68,27.75,27.54,45.93,1008.86
3654,328.77,27.74,27.54,45.93,1008.86
3655,328.86,27.74,27.54,45.93,1008.86
3656,328.95,27.75,27.54,45.93,1008.86
3657,329.04,27.75,27.53,45.92,1008.86
3658,329.13,27.74,27.54,45.93,1008.86
3659,329.22,27.74,27.53,45.92,1008.86
3660,329.31,27.75,27.53,45.91,1008.86
3661,329.40,27.75,27.54,45.90,1008.86
3662,329.49,27.75,27.54,45.91,1008.86
3663,329.58,27.75,27.53,45.91,1008.86
3664,329.67,27.75,27.54,45.92,1008.86
3665,329.76,27.75,27.54,45.92,1008.86
3666,329.85,27.75,27.54,45.94,1008.86
3667,329.94,27.75,27.54,45.94,1008.86
3668,330.03,27.75,27.54,45.94,1008.86
3669,330.12,27.81,27.54,45.95,1008.86
3670,330.21,27.77,27.54,45.95,1008.86
3671,330.30,27.75,27.54,45.97,1008.86
3672,330.39,27.75,27.54,45.97,1008.86
3673,330.48,27.75,27.53,45.96,1008.86
3674,330.57,27.75,27.53,45.95,1008.86
3675,330.66,27.75,27.54,45.94,1008.86
3676,330.75,27.75,27.54,45.95,1008.86
3677,330.84,27.75,27.54,45.95,1008.86
3678,330.93,27.75,27.54,45.95,1008.86
3679,331.02,27.74,27.54,45.95,1008.86
3680,331.11,27.74,27.54,45.96,1008.86
3681,331.20,27.74,27.55,45.97,1008.86
3682,331.29,27.73,27.54,45.97,1008.86
3683,331.38,27.73,27.55,45.96,1008.86
3684,331.47,27.73,27.54,45.96,1008.86
3685,331.56,27.72,27.55,45.95,1008.86
3686,331.65,27.72,27.55,45.98,1008.86
3687,331.74,27.72,27.55,45.98,1008.86
3688,331.83,27.72,27.54,45.98,1008.86
3689,331.92,27.72,27.54,45.97,1008.86
3690,332.01,27.72,27.54,45.95,1008.86
3691,332.10,27.72,27.54,45.93,1008.86
3692,332.19,27.72,27.53,45.95,1008.87
3693,332.28,27.73,27.53,45.95,1008.86
3694,332.37,27.72,27.53,45.92,1008.86
3695,332.46,27.72,27.53,45.92,1008.86
3696,332.55,27.72,27.53,45.91,1008.86
3697,332.64,27.72,27.53,45.91,1008.86
3698,332.73,27.72,27.53,45.91,1008.86
3699,332.82,27.72,27.53,45.90,1008.87
3700,332.91,27.73,27.53,45.87,1008.87
3701,333.00,27.72,27.53,45.87,1008.87
3702,333.09,27.73,27.53,45.86,1008.87
3703,333.18,27.73,27.53,45.85,1008.87
3704,333.27,27.73,27.54,45.87,1008.87
3705,333.36,27.73,27.53,45.86,1008.87
3706,333.45,27.73,27.53,45.87,1008.88
3707,333.54,27.73,27.53,45.86,1008.88
3708,333.63,27.73,27.52,45.87,1008.88
3709,333.72,27.72,27.52,45.86,1008.87
3710,333.81,27.72,27.52,45.84,1008.87
3711,333.90,27.72,27.51,45.84,1008.87
3712,333.99,27.73,27.51,45.85,1008.87
3713,334.08,27.73,27.51,45.86,1008.87
3714,334.17,27.73,27.50,45.86,1008.87
3715,334.26,27.73,27.50,45.86,1008.87
3716,334.35,27.73,27.49,45.88,1008.86
3717,334.44,27.73,27.49,45.90,1008.87
3718,334.53,27.73,27.49,45.89,1008.86
3719,334.62,27.73,27.49,45.92,1008.86
3720,334.71,27.73,27.49,45.92,1008.86
3721,334.80,27.73,27.49,45.92,1008.86
3722,334.89,27.73,27.49,45.92,1008.86
3723,334.98,27.73,27.50,45.93,1008.86
3724,335.07,27.73,27.50,45.91,1008.86
3725,335.16,27.72,27.50,45.88,1008.86
3726,335.25,27.72,27.50,45.87,1008.86
3727,335.34,27.73,27.49,45.88,1008.86
3728,335.43,27.73,27.48,45.87,1008.86
3729,335.52,27.73,27.49,45.85,1008.86
3730,335.61,27.73,27.49,45.86,1008.86
3731,335.70,27.73,27.49,45.86,1008.86
3732,335.79,27.73,27.49,45.84,1008.86
3733,335.88,27.73,27.48,45.84,1008.86
3734,335.97,27.73,27.48,45.83,1008.86
3735,336.06,27.73,27.48,45.83,1008.86
3736,336.15,27.73,27.48,45.82,1008.86
3737,336.24,27.72,27.48,45.82,1008.86
3738,336.33,27.73,27.48,45.83,1008.86
3739,336.42,27.72,27.48,45.82,1008.86
3740,336.51,27.73,27.48,45.82,1008.86
3741,336.60,27.73,27.48,45.81,1008.86
3742,336.69,27.73,27.47,45.80,1008.86
3743,336.78,27.73,27.48,45.81,1008.86
3744,336.87,27.73,27.48,45.83,1008.86
3745,336.96,27.73,27.48,45.82,1008.86
3746,337.05,27.73,27.48,45.82,1008.86
3747,337.14,27.73,27.49,45.81,1008.86
3748,337.23,27.72,27.49,45.83,1008.87
3749,337.32,27.72,27.49,45.82,1008.87
3750,337.41,27.72,27.50,45.82,1008.87
3751,337.50,27.72,27.49,45.83,1008.87
3752,337.59,27.72,27.49,45.83,1008.87
3753,337.68,27.72,27.49,45.84,1008.87
3754,337.77,27.71,27.49,45.85,1008.87
3755,337.86,27.71,27.49,45.86,1008.87
3756,337.95,27.71,27.49,45.86,1008.87
3757,338.04,27.72,27.48,45.87,1008.87
3758,338.13,27.72,27.48,45.88,1008.88
3759,338.22,27.72,27.49,45.85,1008.88
3760,338.31,27.72,27.48,45.84,1008.88
3761,338.40,27.71,27.48,45.85,1008.88
3762,338.49,27.71,27.48,45.85,1008.88
3763,338.58,27.71,27.49,45.88,1008.88
3764,338.67,27.71,27.49,45.88,1008.88
3765,338.76,27.72,27.49,45.88,1008.88
3766,338.85,27.71,27.49,45.85,1008.88
3767,338.94,27.72,27.49,45.84,1008.88
3768,339.03,27.72,27.49,45.83,1008.88
3769,339.12,27.71,27.49,45.82,1008.88
3770,339.21,27.71,27.50,45.81,1008.88
3771,339.30,27.71,27.50,45.81,1008.88
3772,339.39,27.71,27.50,45.80,1008.88
3773,339.48,27.71,27.49,45.80,1008.88
3774,339.57,27.71,27.50,45.79,1008.88
3775,339.66,27.71,27.50,45.80,1008.88
3776,339.75,27.71,27.50,45.81,1008.87
3777,339.84,27.71,27.50,45.80,1008.87
3778,339.93,27.71,27.50,45.80,1008.87
3779,340.02,27.71,27.50,45.81,1008.87
3780,340.11,27.71,27.50,45.80,1008.87
3781,340.20,27.71,27.50,45.80,1008.87
3782,340.29,27.71,27.49,45.80,1008.87
3783,340.38,27.71,27.49,45.79,1008.87
3784,340.47,27.71,27.49,45.80,1008.87
3785,340.56,27.71,27.50,45.80,1008.87
3786,340.65,27.71,27.49,45.81,1008.87
3787,340.74,27.71,27.49,45.82,1008.88
3788,340.83,27.71,27.49,45.82,1008.87
3789,340.92,27.71,27.49,45.83,1008.88
3790,341.01,27.71,27.49,45.82,1008.87
3791,341.10,27.71,27.49,45.82,1008.87
3792,341.19,27.71,27.49,45.82,1008.87
3793,341.28,27.71,27.49,45.82,1008.87
3794,341.37,27.71,27.49,45.81,1008.87
3795,341.46,27.71,27.50,45.81,1008.87
3796,341.55,27.71,27.50,45.81,1008.87
3797,341.64,27.71,27.50,45.80,1008.87
3798,341.73,27.71,27.51,45.80,1008.87
3799,341.82,27.71,27.51,45.80,1008.87
3800,341.91,27.71,27.51,45.80,1008.87
3801,342.00,27.71,27.50,45.78,1008.87
3802,342.09,27.71,27.50,45.78,1008.87
3803,342.18,27.71,27.50,45.79,1008.87
3804,342.27,27.71,27.50,45.80,1008.87
3805,342.36,27.71,27.49,45.81,1008.87
3806,342.45,27.71,27.49,45.80,1008.87
3807,342.54,27.71,27.49,45.79,1008.87
3808,342.63,27.71,27.49,45.80,1008.87
3809,342.72,27.71,27.48,45.78,1008.87
3810,342.81,27.71,27.48,45.78,1008.87
3811,342.90,27.71,27.48,45.78,1008.87
3812,342.99,27.71,27.48,45.79,1008.87
3813,343.08,27.71,27.48,45.79,1008.87
3814,343.17,27.71,27.48,45.80,1008.87
3815,343.26,27.71,27.48,45.80,1008.87
3816,343.35,27.72,27.48,45.81,1008.87
3817,343.44,27.72,27.48,45.81,1008.87
3818,343.53,27.72,27.48,45.81,1008.87
3819,343.62,27.72,27.47,45.80,1008.87
3820,343.71,27.73,27.48,45.80,1008.87
3821,343.80,27.73,27.48,45.80,1008.87
3822,343.89,27.73,27.49,45.80,1008.87
3823,343.98,27.73,27.49,45.80,1008.87
3824,344.07,27.73,27.49,45.80,1008.87
3825,344.16,27.73,27.49,45.80,1008.87
3826,344.25,27.72,27.49,45.79,1008.87
3827,344.34,27.73,27.49,45.79,1008.87
3828,344.43,27.73,27.49,45.77,1008.87
3829,344.52,27.72,27.49,45.77,1008.88
3830,344.61,27.73,27.49,45.77,1008.88
3831,344.70,27.73,27.49,45.74,1008.88
3832,344.79,27.73,27.49,45.77,1008.88
3833,344.88,27.72,27.49,45.77,1008.88
3834,344.97,27.72,27.48,45.78,1008.87
3835,345.06,27.72,27.49,45.76,1008.88
3836,345.15,27.72,27.48,45.73,1008.88
3837,345.24,27.72,27.48,45.74,1008.88
3838,345.33,27.72,27.48,45.75,1008.88
3839,345.42,27.72,27.47,45.75,1008.88
3840,345.51,27.72,27.47,45.75,1008.88
3841,345.60,27.72,27.48,45.75,1008.88
3842,345.69,27.72,27.47,45.73,1008.88
3843,345.78,27.72,27.47,45.74,1008.88
3844,345.87,27.72,27.48,45.73,1008.88
3845,345.96,27.71,27.48,45.75,1008.88
3846,346.05,27.71,27.48,45.74,1008.88
3847,346.14,27.71,27.48,45.75,1008.88
3848,346.23,27.71,27.49,45.75,1008.88
3849,346.32,27.71,27.48,45.76,1008.88
3850,346.41,27.71,27.49,45.75,1008.88
3851,346.50,27.71,27.48,45.76,1008.88
3852,346.59,27.71,27.48,45.77,1008.89
3853,346.68,27.71,27.49,45.78,1008.89
3854,346.77,27.71,27.49,45.77,1008.88
3855,346.86,27.71,27.49,45.77,1008.88
3856,346.95,27.71,27.49,45.75,1008.88
3857,347.04,27.71,27.48,45.76,1008.88
3858,347.13,27.71,27.48,45.75,1008.88
3859,347.22,27.71,27.47,45.74,1008.88
3860,347.31,27.71,27.47,45.74,1008.89
3861,347.40,27.71,27.47,45.75,1008.89
3862,347.49,27.71,27.47,45.73,1008.90
3863,347.58,27.71,27.48,45.73,1008.88
3864,347.67,27.71,27.48,45.72,1008.89
3865,347.76,27.71,27.47,45.74,1008.88
3866,347.85,27.71,27.47,45.76,1008.88
3867,347.94,27.71,27.47,45.74,1008.88
3868,348.03,27.71,27.48,45.72,1008.88
3869,348.12,27.71,27.48,45.71,1008.88
3870,348.21,27.71,27.48,45.70,1008.88
3871,348.30,27.71,27.48,45.69,1008.87
3872,348.39,27.71,27.48,45.68,1008.88
3873,348.48,27.71,27.48,45.67,1008.88
3874,348.57,27.71,27.47,45.67,1008.88
3875,348.66,27.71,27.47,45.66,1008.87
3876,348.75,27.71,27.47,45.67,1008.87
3877,348.84,27.71,27.46,45.66,1008.87
3878,348.93,27.71,27.46,45.65,1008.87
3879,349.02,27.71,27.45,45.65,1008.87
3880,349.11,27.71,27.45,45.64,1008.87
3881,349.20,27.71,27.45,45.66,1008.87
3882,349.29,27.71,27.46,45.65,1008.87
3883,349.38,27.71,27.46,45.65,1008.87
3884,349.47,27.71,27.45,45.65,1008.87
3885,349.56,27.71,27.45,45.66,1008.87
3886,349.65,27.71,27.45,45.64,1008.87
3887,349.74,27.71,27.44,45.65,1008.87
3888,349.83,27.71,27.44,45.67,1008.87
3889,349.92,27.71,27.44,45.68,1008.87
3890,350.01,27.71,27.45,45.68,1008.87
3891,350.10,27.71,27.44,45.68,1008.87
3892,350.19,27.71,27.44,45.69,1008.87
3893,350.28,27.71,27.44,45.70,1008.87
3894,350.37,27.71,27.44,45.71,1008.87
3895,350.46,27.71,27.44,45.71,1008.87
3896,350.55,27.71,27.45,45.71,1008.87
3897,350.64,27.71,27.45,45.70,1008.87
3898,350.73,27.71,27.45,45.70,1008.87
3899,350.82,27.71,27.45,45.69,1008.87
3900,350.91,27.71,27.45,45.68,1008.87
3901,351.00,27.71,27.45,45.68,1008.87
3902,351.09,27.71,27.44,45.66,1008.87
3903,351.18,27.71,27.45,45.66,1008.87
3904,351.27,27.71,27.45,45.67,1008.87
3905,351.36,27.71,27.45,45.66,1008.87
3906,351.45,27.71,27.45,45.66,1008.87
3907,351.54,27.71,27.45,45.65,1008.87
3908,351.63,27.71,27.45,45.65,1008.87
3909,351.72,27.71,27.46,45.66,1008.87
3910,351.81,27.71,27.46,45.65,1008.87
3911,351.90,27.71,27.46,45.68,1008.87
3912,351.99,27.71,27.46,45.68,1008.87
3913,352.08,27.71,27.46,45.69,1008.87
3914,352.17,27.71,27.46,45.69,1008.87
3915,352.26,27.71,27.47,45.69,1008.87
3916,352.35,27.71,27.47,45.70,1008.87
3917,352.44,27.71,27.47,45.67,1008.87
3918,352.53,27.71,27.47,45.66,1008.88
3919,352.62,27.71,27.49,45.66,1008.88
3920,352.71,27.71,27.48,45.66,1008.88
3921,352.80,27.71,27.47,45.68,1008.87
3922,352.89,27.71,27.47,45.69,1008.88
3923,352.98,27.71,27.47,45.69,1008.88
3924,353.07,27.71,27.47,45.69,1008.88
3925,353.16,27.71,27.48,45.69,1008.88
3926,353.25,27.71,27.48,45.69,1008.88
3927,353.34,27.71,27.48,45.69,1008.88
3928,353.43,27.71,27.48,45.69,1008.88
3929,353.52,27.71,27.48,45.68,1008.88
3930,353.61,27.71,27.48,45.67,1008.88
3931,353.70,27.71,27.48,45.67,1008.88
3932,353.79,27.71,27.48,45.65,1008.88
3933,353.88,27.71,27.48,45.67,1008.88
3934,353.97,27.71,27.48,45.66,1008.88
3935,354.06,27.71,27.48,45.66,1008.88
3936,354.15,27.71,27.47,45.68,1008.88
3937,354.24,27.71,27.48,45.68,1008.88
3938,354.33,27.71,27.47,45.67,1008.88
3939,354.42,27.71,27.47,45.65,1008.88
3940,354.51,27.71,27.48,45.63,1008.88
3941,354.60,27.71,27.48,45.66,1008.88
3942,354.69,27.71,27.48,45.64,1008.88
3943,354.78,27.71,27.48,45.63,1008.88
3944,354.87,27.71,27.47,45.63,1008.88
3945,354.96,27.71,27.47,45.63,1008.88
3946,355.05,27.71,27.47,45.64,1008.87
3947,355.14,27.71,27.47,45.63,1008.87
3948,355.23,27.71,27.47,45.65,1008.87
3949,355.32,27.71,27.47,45.64,1008.87
3950,355.41,27.71,27.46,45.63,1008.87
3951,355.50,27.71,27.46,45.62,1008.87
3952,355.59,27.71,27.47,45.61,1008.87
3953,355.68,27.71,27.46,45.60,1008.87
3954,355.77,27.71,27.46,45.60,1008.86
3955,355.86,27.71,27.46,45.62,1008.87
3956,355.95,27.71,27.46,45.63,1008.87
3957,356.04,27.71,27.46,45.63,1008.87
3958,356.13,27.71,27.45,45.63,1008.87
3959,356.22,27.71,27.45,45.63,1008.87
3960,356.31,27.71,27.46,45.63,1008.86
3961,356.40,27.71,27.46,45.63,1008.87
3962,356.49,27.71,27.45,45.64,1008.87
3963,356.58,27.71,27.46,45.65,1008.87
3964,356.67,27.71,27.47,45.65,1008.87
3965,356.76,27.71,27.47,45.64,1008.87
3966,356.85,27.71,27.47,45.63,1008.87
3967,356.94,27.71,27.47,45.62,1008.87
3968,357.03,27.71,27.46,45.64,1008.87
3969,357.12,27.71,27.46,45.63,1008.86
3970,357.21,27.71,27.46,45.63,1008.86
3971,357.30,27.71,27.46,45.62,1008.86
3972,357.39,27.71,27.46,45.61,1008.86
3973,357.48,27.71,27.46,45.62,1008.86
3974,357.57,27.72,27.45,45.62,1008.87
3975,357.66,27.72,27.45,45.62,1008.86
3976,357.75,27.72,27.44,45.64,1008.86
3977,357.84,27.72,27.45,45.66,1008.87
3978,357.93,27.72,27.46,45.67,1008.87
3979,358.02,27.72,27.46,45.66,1008.87
3980,358.11,27.72,27.45,45.67,1008.87
3981,358.20,27.72,27.45,45.67,1008.87
3982,358.29,27.72,27.46,45.67,1008.87
3983,358.38,27.72,27.45,45.69,1008.87
3984,358.47,27.72,27.45,45.67,1008.87
3985,358.56,27.72,27.44,45.69,1008.87
3986,358.65,27.72,27.44,45.70,1008.87
3987,358.74,27.72,27.43,45.70,1008.87
3988,358.83,27.72,27.44,45.70,1008.87
3989,358.92,27.72,27.44,45.69,1008.87
3990,359.01,27.72,27.45,45.68,1008.87
3991,359.10,27.72,27.45,45.67,1008.87
3992,359.19,27.72,27.44,45.64,1008.87
3993,359.28,27.72,27.44,45.62,1008.87
3994,359.37,27.72,27.43,45.62,1008.87
3995,359.46,27.72,27.44,45.61,1008.87
3996,359.55,27.72,27.43,45.59,1008.86
3997,359.64,27.72,27.43,45.59,1008.86
3998,359.73,27.72,27.43,45.58,1008.86
3999,359.82,27.72,27.43,45.61,1008.87
4000,359.91,27.72,27.43,45.59,1008.87
4001,360.00,27.72,27.43,45.59,1008.87
4002,360.09,27.72,27.42,45.58,1008.87
4003,360.18,27.72,27.42,45.58,1008.87
4004,360.27,27.72,27.42,45.58,1008.87
4005,360.36,27.72,27.42,45.54,1008.87
4006,360.45,27.72,27.42,45.53,1008.87
4007,360.54,27.72,27.43,45.54,1008.87
4008,360.63,27.72,27.43,45.54,1008.87
4009,360.72,27.72,27.43,45.54,1008.87
4010,360.81,27.72,27.43,45.52,1008.87
4011,360.90,27.72,27.43,45.51,1008.87
4012,360.99,27.72,27.43,45.54,1008.87
4013,361.08,27.72,27.43,45.53,1008.87
4014,361.17,27.72,27.43,45.52,1008.87
4015,361.26,27.72,27.42,45.53,1008.87
4016,361.35,27.72,27.43,45.52,1008.87
4017,361.44,27.72,27.43,45.51,1008.87
4018,361.53,27.72,27.43,45.51,1008.87
4019,361.62,27.72,27.43,45.49,1008.87
4020,361.71,27.72,27.43,45.49,1008.87
4021,361.80,27.72,27.43,45.49,1008.87
4022,361.89,27.72,27.44,45.48,1008.87
4023,361.98,27.72,27.45,45.47,1008.87
4024,362.07,27.72,27.45,45.48,1008.87
4025,362.16,27.72,27.45,45.48,1008.87
4026,362.25,27.72,27.45,45.45,1008.87
4027,362.34,27.72,27.45,45.45,1008.87
4028,362.43,27.72,27.45,45.44,1008.87
4029,362.52,27.72,27.46,45.45,1008.87
4030,362.61,27.72,27.46,45.44,1008.87
4031,362.70,27.72,27.45,45.42,1008.87
4032,362.79,27.72,27.45,45.41,1008.87
4033,362.88,27.72,27.44,45.41,1008.87
4034,362.97,27.72,27.45,45.38,1008.87
4035,363.06,27.72,27.45,45.39,1008.87
4036,363.15,27.72,27.46,45.39,1008.87
4037,363.24,27.72,27.46,45.39,1008.87
4038,363.33,27.72,27.45,45.40,1008.87
4039,363.42,27.72,27.45,45.40,1008.87
4040,363.51,27.72,27.45,45.38,1008.87
4041,363.60,27.72,27.45,45.41,1008.86
4042,363.69,27.72,27.45,45.42,1008.87
4043,363.78,27.72,27.45,45.43,1008.87
4044,363.87,27.72,27.46,45.41,1008.87
4045,363.96,27.72,27.45,45.44,1008.87
4046,364.05,27.72,27.45,45.45,1008.87
4047,364.14,27.72,27.45,45.46,1008.86
4048,364.23,27.72,27.45,45.47,1008.87
4049,364.32,27.72,27.45,45.48,1008.86
4050,364.41,27.72,27.45,45.48,1008.86
4051,364.50,27.72,27.45,45.48,1008.86
4052,364.59,27.72,27.44,45.48,1008.87
4053,364.68,27.72,27.44,45.46,1008.87
4054,364.77,27.72,27.44,45.48,1008.87
4055,364.86,27.72,27.44,45.47,1008.87
4056,364.95,27.72,27.44,45.47,1008.87
4057,365.04,27.72,27.44,45.48,1008.86
4058,365.13,27.72,27.44,45.48,1008.86
4059,365.22,27.72,27.44,45.48,1008.86
4060,365.31,27.72,27.44,45.50,1008.86
4061,365.40,27.72,27.44,45.49,1008.86
4062,365.49,27.72,27.44,45.50,1008.86
4063,365.58,27.72,27.43,45.49,1008.86
4064,365.67,27.72,27.43,45.47,1008.86
4065,365.76,27.72,27.43,45.49,1008.86
4066,365.85,27.72,27.43,45.49,1008.87
4067,365.94,27.72,27.43,45.48,1008.86
4068,366.03,27.72,27.44,45.48,1008.87
4069,366.12,27.72,27.43,45.50,1008.87
4070,366.21,27.72,27.44,45.51,1008.87
4071,366.30,27.72,27.43,45.52,1008.87
4072,366.39,27.72,27.44,45.52,1008.87
4073,366.48,27.72,27.43,45.50,1008.87
4074,366.57,27.72,27.44,45.49,1008.87
4075,366.66,27.72,27.43,45.51,1008.87
4076,366.75,27.72,27.44,45.51,1008.87
4077,366.84,27.72,27.44,45.50,1008.87
4078,366.93,27.72,27.44,45.47,1008.87
4079,367.02,27.72,27.43,45.48,1008.87
4080,367.11,27.72,27.44,45.49,1008.87
4081,367.20,27.72,27.43,45.50,1008.87
4082,367.29,27.72,27.43,45.50,1008.87
4083,367.38,27.72,27.43,45.50,1008.87
4084,367.47,27.72,27.43,45.51,1008.87
4085,367.56,27.72,27.43,45.51,1008.87
4086,367.65,27.72,27.43,45.53,1008.87
4087,367.74,27.72,27.43,45.54,1008.87
4088,367.83,27.72,27.43,45.52,1008.87
4089,367.92,27.72,27.43,45.51,1008.87
4090,368.01,27.72,27.43,45.50,1008.87
4091,368.10,27.72,27.43,45.49,1008.87
4092,368.19,27.72,27.44,45.50,1008.87
4093,368.28,27.72,27.44,45.48,1008.87
4094,368.37,27.72,27.44,45.47,1008.87
4095,368.46,27.72,27.43,45.47,1008.87
4096,368.55,27.72,27.43,45.47,1008.87
4097,368.64,27.72,27.43,45.48,1008.87
4098,368.73,27.72,27.44,45.47,1008.87
4099,368.82,27.72,27.44,45.46,1008.87
4100,368.91,27.72,27.45,45.45,1008.87
4101,369.00,27.72,27.45,45.45,1008.87
4102,369.09,27.72,27.45,45.44,1008.87
4103,369.18,27.72,27.46,45.43,1008.86
4104,369.27,27.72,27.45,45.43,1008.87
4105,369.36,27.72,27.45,45.44,1008.87
4106,369.45,27.72,27.45,45.42,1008.87
4107,369.54,27.72,27.45,45.42,1008.86
4108,369.63,27.72,27.44,45.42,1008.86
4109,369.72,27.72,27.44,45.43,1008.86
4110,369.81,27.72,27.43,45.43,1008.86
4111,369.90,27.72,27.43,45.45,1008.86
4112,369.99,27.72,27.43,45.44,1008.87
4113,370.08,27.72,27.43,45.45,1008.87
4114,370.17,27.72,27.44,45.45,1008.87
4115,370.26,27.72,27.44,45.46,1008.86
4116,370.35,27.72,27.43,45.45,1008.86
4117,370.44,27.72,27.43,45.45,1008.86
4118,370.53,27.72,27.42,45.48,1008.86
4119,370.62,27.72,27.43,45.49,1008.86
4120,370.71,27.72,27.43,45.50,1008.87
4121,370.80,27.72,27.42,45.51,1008.86
4122,370.89,27.72,27.43,45.52,1008.87
4123,370.98,27.72,27.42,45.53,1008.87
4124,371.07,27.72,27.42,45.53,1008.87
4125,371.16,27.72,27.42,45.54,1008.87
4126,371.25,27.72,27.42,45.53,1008.87
4127,371.34,27.72,27.42,45.51,1008.87
4128,371.43,27.72,27.42,45.51,1008.87
4129,371.52,27.72,27.43,45.52,1008.87
4130,371.61,27.72,27.43,45.52,1008.87
4131,371.70,27.72,27.43,45.51,1008.87
4132,371.79,27.72,27.42,45.51,1008.87
4133,371.88,27.72,27.42,45.50,1008.87
4134,371.97,27.72,27.43,45.51,1008.87
4135,372.06,27.72,27.43,45.50,1008.87
4136,372.15,27.72,27.42,45.51,1008.87
4137,372.24,27.72,27.42,45.52,1008.87
4138,372.33,27.72,27.42,45.52,1008.87
4139,372.42,27.72,27.42,45.54,1008.87
4140,372.51,27.72,27.42,45.56,1008.88
4141,372.60,27.72,27.42,45.56,1008.87
4142,372.69,27.72,27.42,45.55,1008.87
4143,372.78,27.72,27.42,45.53,1008.87
4144,372.87,27.72,27.42,45.50,1008.87
4145,372.96,27.72,27.42,45.51,1008.87
4146,373.05,27.72,27.42,45.49,1008.87
4147,373.14,27.72,27.41,45.48,1008.87
4148,373.23,27.72,27.42,45.46,1008.88
4149,373.32,27.72,27.42,45.46,1008.88
4150,373.41,27.72,27.42,45.44,1008.88
4151,373.50,27.72,27.41,45.41,1008.88
4152,373.59,27.72,27.40,45.41,1008.88
4153,373.68,27.72,27.40,45.40,1008.88
4154,373.77,27.72,27.40,45.39,1008.88
4155,373.86,27.72,27.40,45.37,1008.87
4156,373.95,27.72,27.41,45.35,1008.87
4157,374.04,27.72,27.41,45.35,1008.87
4158,374.13,27.72,27.41,45.35,1008.87
4159,374.22,27.72,27.41,45.33,1008.87
4160,374.31,27.72,27.41,45.33,1008.87
4161,374.40,27.72,27.40,45.32,1008.87
4162,374.49,27.72,27.40,45.35,1008.87
4163,374.58,27.72,27.41,45.34,1008.87
4164,374.67,27.72,27.41,45.32,1008.87
4165,374.76,27.72,27.41,45.29,1008.87
4166,374.85,27.72,27.41,45.30,1008.87
4167,374.94,27.72,27.41,45.29,1008.86
4168,375.03,27.72,27.41,45.30,1008.86
4169,375.12,27.72,27.42,45.30,1008.86
4170,375.21,27.72,27.42,45.30,1008.87
4171,375.30,27.72,27.42,45.31,1008.87
4172,375.39,27.72,27.42,45.31,1008.87
4173,375.48,27.72,27.42,45.30,1008.87
4174,375.57,27.72,27.42,45.31,1008.87
4175,375.66,27.72,27.43,45.29,1008.86
4176,375.75,27.72,27.42,45.28,1008.86
4177,375.84,27.72,27.43,45.28,1008.86
4178,375.93,27.72,27.43,45.28,1008.86
4179,376.02,27.72,27.44,45.28,1008.86
4180,376.11,27.72,27.42,45.29,1008.86
4181,376.20,27.72,27.42,45.27,1008.86
4182,376.29,27.72,27.43,45.27,1008.86
4183,376.38,27.72,27.43,45.27,1008.86
4184,376.47,27.72,27.43,45.27,1008.86
4185,376.56,27.72,27.43,45.29,1008.86
4186,376.65,27.72,27.43,45.31,1008.86
4187,376.74,27.72,27.43,45.30,1008.86
4188,376.83,27.72,27.43,45.30,1008.86
4189,376.92,27.72,27.43,45.29,1008.86
4190,377.01,27.72,27.44,45.29,1008.87
4191,377.10,27.72,27.44,45.28,1008.87
4192,377.19,27.72,27.44,45.29,1008.86
4193,377.28,27.72,27.44,45.30,1008.87
4194,377.37,27.72,27.45,45.28,1008.87
4195,377.46,27.72,27.44,45.27,1008.87
4196,377.55,27.72,27.44,45.25,1008.87
4197,377.64,27.72,27.44,45.22,1008.87
4198,377.73,27.72,27.45,45.21,1008.87
4199,377.82,27.72,27.45,45.21,1008.87
4200,377.91,27.72,27.45,45.21,1008.87
4201,378.00,27.72,27.44,45.21,1008.88
4202,378.09,27.72,27.45,45.21,1008.88
4203,378.18,27.72,27.44,45.21,1008.88
4204,378.27,27.72,27.44,45.22,1008.88
4205,378.36,27.72,27.43,45.24,1008.88
4206,378.45,27.72,27.43,45.23,1008.88
4207,378.54,27.72,27.43,45.20,1008.88
4208,378.63,27.72,27.42,45.20,1008.88
4209,378.72,27.72,27.42,45.20,1008.88
4210,378.81,27.72,27.42,45.18,1008.88
4211,378.90,27.72,27.42,45.18,1008.88
4212,378.99,27.72,27.42,45.17,1008.88
4213,379.08,27.72,27.42,45.17,1008.88
4214,379.17,27.72,27.41,45.18,1008.88
4215,379.26,27.72,27.42,45.19,1008.88
4216,379.35,27.72,27.41,45.21,1008.88
4217,379.44,27.72,27.41,45.25,1008.88
4218,379.53,27.72,27.40,45.25,1008.88
4219,379.62,27.72,27.40,45.25,1008.88
4220,379.71,27.72,27.41,45.26,1008.89
4221,379.80,27.72,27.41,45.26,1008.89
4222,379.89,27.72,27.42,45.27,1008.89
4223,379.98,27.72,27.41,45.27,1008.89
4224,380.07,27.72,27.42,45.27,1008.89
4225,380.16,27.72,27.42,45.28,1008.89
4226,380.25,27.72,27.42,45.27,1008.89
4227,380.34,27.72,27.42,45.27,1008.89
4228,380.43,27.72,27.42,45.27,1008.89
4229,380.52,27.72,27.42,45.26,1008.89
4230,380.61,27.72,27.41,45.27,1008.89
4231,380.70,27.72,27.41,45.28,1008.88
4232,380.79,27.72,27.42,45.29,1008.88
4233,380.88,27.72,27.41,45.29,1008.88
4234,380.97,27.72,27.41,45.30,1008.88
4235,381.06,27.72,27.41,45.29,1008.87
4236,381.15,27.72,27.41,45.29,1008.87
4237,381.24,27.72,27.40,45.28,1008.87
4238,381.33,27.72,27.41,45.28,1008.87
4239,381.42,27.72,27.41,45.31,1008.86
4240,381.51,27.72,27.41,45.31,1008.86
4241,381.60,27.72,27.41,45.33,1008.86
4242,381.69,27.72,27.41,45.34,1008.86
4243,381.78,27.72,27.41,45.34,1008.86
4244,381.87,27.72,27.41,45.34,1008.86
4245,381.96,27.72,27.42,45.32,1008.86
4246,382.05,27.73,27.42,45.32,1008.86
4247,382.14,27.73,27.42,45.31,1008.86
4248,382.23,27.73,27.42,45.33,1008.86
4249,382.32,27.73,27.42,45.33,1008.86
4250,382.41,27.72,27.42,45.32,1008.86
4251,382.50,27.72,27.43,45.30,1008.86
4252,382.59,27.72,27.42,45.30,1008.87
4253,382.68,27.72,27.42,45.32,1008.86
4254,382.77,27.72,27.43,45.31,1008.87
4255,382.86,27.72,27.43,45.31,1008.87
4256,382.95,27.72,27.44,45.32,1008.87
4257,383.04,27.72,27.44,45.33,1008.86
4258,383.13,27.72,27.44,45.33,1008.87
4259,383.22,27.72,27.44,45.33,1008.87
4260,383.31,27.72,27.45,45.33,1008.87
4261,383.40,27.72,27.45,45.31,1008.87
4262,383.49,27.72,27.45,45.31,1008.87
4263,383.58,27.72,27.45,45.30,1008.87
4264,383.67,27.72,27.45,45.31,1008.87
4265,383.76,27.72,27.45,45.32,1008.87
4266,383.85,27.72,27.45,45.32,1008.87
4267,383.94,27.72,27.46,45.32,1008.87
4268,384.03,27.72,27.46,45.31,1008.88
4269,384.12,27.72,27.45,45.29,1008.88
4270,384.21,27.72,27.45,45.29,1008.88
4271,384.30,27.72,27.45,45.28,1008.88
4272,384.39,27.72,27.44,45.29,1008.88
4273,384.48,27.72,27.45,45.28,1008.88
4274,384.57,27.72,27.45,45.28,1008.88
4275,384.66,27.72,27.45,45.26,1008.88
4276,384.75,27.72,27.44,45.26,1008.88
4277,384.84,27.72,27.44,45.26,1008.88
4278,384.93,27.72,27.43,45.26,1008.88
4279,385.02,27.72,27.44,45.26,1008.88
4280,385.11,27.72,27.43,45.26,1008.88
4281,385.20,27.72,27.43,45.27,1008.88
4282,385.29,27.72,27.43,45.27,1008.88
4283,385.38,27.72,27.42,45.27,1008.88
4284,385.47,27.72,27.42,45.28,1008.88
4285,385.56,27.72,27.41,45.28,1008.89
4286,385.65,27.72,27.41,45.28,1008.88
4287,385.74,27.72,27.40,45.26,1008.88
4288,385.83,27.72,27.40,45.26,1008.88
4289,385.92,27.72,27.39,45.27,1008.89
4290,386.01,27.72,27.40,45.26,1008.88
4291,386.10,27.72,27.41,45.26,1008.88
4292,386.19,27.72,27.41,45.25,1008.88
4293,386.28,27.72,27.41,45.26,1008.88
4294,386.37,27.72,27.41,45.25,1008.88
4295,386.46,27.72,27.41,45.28,1008.88
4296,386.55,27.72,27.41,45.28,1008.88
4297,386.64,27.72,27.41,45.27,1008.88
4298,386.73,27.72,27.41,45.29,1008.88
4299,386.82,27.72,27.41,45.28,1008.88
4300,386.91,27.72,27.41,45.28,1008.88
4301,387.00,27.72,27.42,45.28,1008.88
4302,387.09,27.72,27.41,45.30,1008.87
4303,387.18,27.72,27.41,45.30,1008.87
4304,387.27,27.72,27.42,45.31,1008.87
4305,387.36,27.72,27.42,45.29,1008.87
4306,387.45,27.72,27.41,45.27,1008.87
4307,387.54,27.72,27.41,45.28,1008.87
4308,387.63,27.72,27.42,45.28,1008.87
4309,387.72,27.72,27.41,45.28,1008.87
4310,387.81,27.72,27.42,45.28,1008.87
4311,387.90,27.72,27.42,45.29,1008.87
4312,387.99,27.72,27.42,45.28,1008.87
4313,388.08,27.72,27.42,45.28,1008.87
4314,388.17,27.72,27.42,45.26,1008.87
4315,388.26,27.72,27.41,45.25,1008.87
4316,388.35,27.72,27.41,45.25,1008.87
4317,388.44,27.72,27.42,45.26,1008.87
4318,388.53,27.72,27.41,45.26,1008.87
4319,388.62,27.72,27.41,45.27,1008.87
4320,388.71,27.72,27.41,45.28,1008.87
4321,388.80,27.72,27.41,45.28,1008.87
4322,388.89,27.72,27.41,45.29,1008.87
4323,388.98,27.72,27.42,45.29,1008.87
4324,389.07,27.72,27.41,45.28,1008.88
4325,389.16,27.72,27.42,45.28,1008.87
4326,389.25,27.72,27.42,45.29,1008.87
4327,389.34,27.72,27.42,45.28,1008.87
4328,389.43,27.72,27.41,45.27,1008.87
4329,389.52,27.72,27.41,45.27,1008.87
4330,389.61,27.72,27.41,45.27,1008.87
4331,389.70,27.72,27.41,45.29,1008.87
4332,389.79,27.72,27.41,45.29,1008.87
4333,389.88,27.72,27.41,45.28,1008.87
4334,389.97,27.72,27.41,45.29,1008.87
4335,390.06,27.72,27.41,45.28,1008.87
4336,390.15,27.72,27.41,45.28,1008.87
4337,390.24,27.72,27.40,45.29,1008.87
4338,390.33,27.72,27.40,45.30,1008.87
4339,390.42,27.72,27.41,45.31,1008.87
4340,390.51,27.72,27.41,45.34,1008.87
4341,390.60,27.72,27.40,45.32,1008.87
4342,390.69,27.72,27.39,45.35,1008.87
4343,390.78,27.72,27.39,45.33,1008.87
4344,390.87,27.72,27.40,45.32,1008.87
4345,390.96,27.72,27.40,45.32,1008.87
4346,391.05,27.72,27.40,45.32,1008.87
4347,391.14,27.72,27.40,45.32,1008.87
4348,391.23,27.72,27.40,45.32,1008.87
4349,391.32,27.72,27.40,45.33,1008.87
4350,391.41,27.72,27.40,45.31,1008.87
4351,391.50,27.72,27.40,45.30,1008.87
4352,391.59,27.72,27.41,45.28,1008.87
4353,391.68,27.72,27.41,45.28,1008.87
4354,391.77,27.72,27.41,45.26,1008.87
4355,391.86,27.72,27.42,45.26,1008.87
4356,391.95,27.72,27.42,45.26,1008.87
4357,392.04,27.72,27.42,45.24,1008.87
4358,392.13,27.72,27.42,45.24,1008.87
4359,392.22,27.72,27.42,45.25,1008.87
4360,392.31,27.72,27.42,45.25,1008.87
4361,392.40,27.72,27.42,45.25,1008.87
4362,392.49,27.72,27.42,45.22,1008.87
4363,392.58,27.72,27.41,45.21,1008.87
4364,392.67,27.72,27.42,45.19,1008.87
4365,392.76,27.72,27.42,45.22,1008.87
4366,392.85,27.72,27.42,45.22,1008.87
4367,392.94,27.72,27.42,45.23,1008.87
4368,393.03,27.72,27.42,45.24,1008.87
4369,393.12,27.72,27.42,45.23,1008.87
4370,393.21,27.72,27.42,45.24,1008.88
4371,393.30,27.72,27.41,45.24,1008.88
4372,393.39,27.72,27.41,45.26,1008.88
4373,393.48,27.72,27.41,45.26,1008.88
4374,393.57,27.72,27.41,45.27,1008.88
4375,393.66,27.72,27.42,45.30,1008.88
4376,393.75,27.72,27.42,45.32,1008.88
4377,393.84,27.72,27.42,45.30,1008.88
4378,393.93,27.72,27.41,45.29,1008.88
4379,394.02,27.72,27.41,45.27,1008.88
4380,394.11,27.72,27.42,45.25,1008.88
4381,394.20,27.72,27.41,45.26,1008.88
4382,394.29,27.72,27.42,45.25,1008.88
4383,394.38,27.72,27.43,45.26,1008.88
4384,394.47,27.72,27.42,45.25,1008.88
4385,394.56,27.72,27.43,45.26,1008.89
4386,394.65,27.72,27.43,45.24,1008.89
4387,394.74,27.72,27.42,45.25,1008.89
4388,394.83,27.72,27.34,45.27,1008.89
4389,394.92,27.72,27.42,45.27,1008.89
4390,395.01,27.72,27.42,45.27,1008.89
4391,395.10,27.72,27.41,45.29,1008.89
4392,395.19,27.72,27.42,45.28,1008.89
4393,395.28,27.72,27.42,45.31,1008.88
4394,395.37,27.72,27.41,45.32,1008.88
4395,395.46,27.72,27.41,45.31,1008.88
4396,395.55,27.72,27.41,45.30,1008.88
4397,395.64,27.72,27.40,45.29,1008.88
4398,395.73,27.72,27.39,45.28,1008.88
4399,395.82,27.72,27.38,45.27,1008.88
4400,395.91,27.72,27.39,45.29,1008.87
4401,396.00,27.72,27.39,45.29,1008.87
4402,396.09,27.72,27.38,45.30,1008.88
4403,396.18,27.72,27.39,45.30,1008.88
4404,396.27,27.72,27.39,45.29,1008.88
4405,396.36,27.72,27.39,45.29,1008.88
4406,396.45,27.72,27.39,45.28,1008.87
4407,396.54,27.72,27.39,45.27,1008.87
4408,396.63,27.72,27.40,45.26,1008.87
4409,396.72,27.72,27.39,45.24,1008.87
4410,396.81,27.72,27.39,45.24,1008.87
4411,396.90,27.72,27.39,45.24,1008.87
4412,396.99,27.72,27.39,45.25,1008.87
4413,397.08,27.72,27.39,45.25,1008.87
4414,397.17,27.72,27.39,45.24,1008.87
4415,397.26,27.72,27.39,45.25,1008.86
4416,397.35,27.72,27.39,45.25,1008.86
4417,397.44,27.72,27.39,45.26,1008.86
4418,397.53,27.72,27.39,45.27,1008.86
4419,397.62,27.72,27.39,45.28,1008.86
4420,397.71,27.72,27.39,45.28,1008.86
4421,397.80,27.72,27.39,45.26,1008.86
4422,397.89,27.72,27.39,45.27,1008.86
4423,397.98,27.72,27.39,45.27,1008.86
4424,398.07,27.72,27.39,45.26,1008.86
4425,398.16,27.72,27.38,45.27,1008.86
4426,398.25,27.72,27.39,45.25,1008.86
4427,398.34,27.72,27.38,45.27,1008.86
4428,398.43,27.72,27.38,45.28,1008.86
4429,398.52,27.72,27.38,45.27,1008.86
4430,398.61,27.72,27.39,45.26,1008.86
4431,398.70,27.72,27.39,45.27,1008.86
4432,398.79,27.72,27.40,45.27,1008.86
4433,398.88,27.72,27.40,45.27,1008.86
4434,398.97,27.72,27.40,45.29,1008.87
4435,399.06,27.72,27.41,45.29,1008.87
4436,399.15,27.72,27.40,45.29,1008.87
4437,399.24,27.72,27.41,45.30,1008.87
4438,399.33,27.72,27.41,45.29,1008.87
4439,399.42,27.72,27.41,45.31,1008.87
4440,399.51,27.72,27.41,45.34,1008.87
4441,399.60,27.72,27.41,45.35,1008.87
4442,399.69,27.72,27.41,45.35,1008.87
4443,399.78,27.72,27.41,45.33,1008.87
4444,399.87,27.72,27.41,45.33,1008.87
4445,399.96,27.72,27.41,45.33,1008.88
4446,400.05,27.72,27.41,45.34,1008.88
4447,400.14,27.72,27.41,45.34,1008.88
4448,400.23,27.72,27.41,45.35,1008.88
4449,400.32,27.72,27.41,45.37,1008.88
4450,400.41,27.72,27.41,45.38,1008.88
4451,400.50,27.72,27.42,45.37,1008.88
4452,400.59,27.72,27.42,45.36,1008.88
4453,400.68,27.72,27.42,45.38,1008.88
4454,400.77,27.72,27.42,45.37,1008.88
4455,400.86,27.72,27.41,45.36,1008.88
4456,400.95,27.72,27.41,45.37,1008.88
4457,401.04,27.72,27.41,45.37,1008.88
4458,401.13,27.72,27.41,45.36,1008.88
4459,401.22,27.72,27.40,45.35,1008.88
4460,401.31,27.72,27.40,45.36,1008.88
4461,401.40,27.72,27.40,45.35,1008.88
4462,401.49,27.72,27.40,45.35,1008.88
4463,401.58,27.72,27.41,45.35,1008.88
4464,401.67,27.72,27.41,45.35,1008.88
4465,401.76,27.72,27.41,45.36,1008.87
4466,401.85,27.72,27.41,45.36,1008.87
4467,401.94,27.72,27.40,45.36,1008.87
4468,402.03,27.72,27.40,45.36,1008.87
4469,402.12,27.72,27.40,45.35,1008.87
4470,402.21,27.72,27.40,45.38,1008.87
4471,402.30,27.72,27.40,45.38,1008.87
4472,402.39,27.72,27.40,45.38,1008.87
4473,402.48,27.72,27.40,45.39,1008.87
4474,402.57,27.72,27.41,45.39,1008.87
4475,402.66,27.72,27.41,45.41,1008.87
4476,402.75,27.72,27.41,45.40,1008.87
4477,402.84,27.72,27.42,45.38,1008.87
4478,402.93,27.72,27.42,45.36,1008.87
4479,403.02,27.72,27.42,45.36,1008.86
4480,403.11,27.72,27.41,45.36,1008.86
4481,403.20,27.72,27.41,45.38,1008.86
4482,403.29,27.72,27.41,45.39,1008.86
4483,403.38,27.72,27.42,45.39,1008.86
4484,403.47,27.72,27.41,45.40,1008.86
4485,403.56,27.72,27.42,45.41,1008.85
4486,403.65,27.72,27.41,45.42,1008.85
4487,403.74,27.72,27.41,45.43,1008.86
4488,403.83,27.72,27.42,45.44,1008.86
4489,403.92,27.72,27.42,45.43,1008.86
4490,404.01,27.72,27.42,45.41,1008.85
4491,404.10,27.72,27.41,45.40,1008.86
4492,404.19,27.72,27.42,45.41,1008.86
4493,404.28,27.72,27.41,45.39,1008.86
4494,404.37,27.72,27.41,45.39,1008.85
4495,404.46,27.72,27.41,45.38,1008.85
4496,404.55,27.72,27.42,45.38,1008.85
4497,404.64,27.72,27.41,45.39,1008.85
4498,404.73,27.72,27.41,45.41,1008.85
4499,404.82,27.72,27.41,45.41,1008.85
4500,404.91,27.72,27.41,45.40,1008.85
4501,405.00,27.72,27.41,45.43,1008.85
4502,405.09,27.72,27.41,45.42,1008.86
4503,405.18,27.72,27.41,45.43,1008.86
4504,405.27,27.72,27.41,45.42,1008.86
4505,405.36,27.72,27.41,45.40,1008.86
4506,405.45,27.72,27.41,45.39,1008.86
4507,405.54,27.72,27.40,45.40,1008.86
4508,405.63,27.72,27.40,45.39,1008.86
4509,405.72,27.72,27.39,45.39,1008.86
4510,405.81,27.72,27.39,45.39,1008.86
4511,405.90,27.72,27.39,45.41,1008.86
4512,405.99,27.72,27.38,45.41,1008.86
4513,406.08,27.72,27.39,45.41,1008.87
4514,406.17,27.72,27.39,45.41,1008.86
4515,406.26,27.72,27.38,45.39,1008.86
4516,406.35,27.72,27.38,45.40,1008.86
4517,406.44,27.72,27.38,45.42,1008.86
4518,406.53,27.72,27.38,45.40,1008.86
4519,406.62,27.72,27.38,45.39,1008.86
4520,406.71,27.72,27.38,45.37,1008.86
4521,406.80,27.72,27.38,45.38,1008.87
4522,406.89,27.72,27.38,45.38,1008.86
4523,406.98,27.72,27.38,45.39,1008.86
4524,407.07,27.72,27.38,45.37,1008.86
4525,407.16,27.72,27.38,45.37,1008.86
4526,407.25,27.72,27.38,45.36,1008.86
4527,407.34,27.72,27.38,45.35,1008.87
4528,407.43,27.72,27.37,45.35,1008.86
4529,407.52,27.72,27.38,45.35,1008.86
4530,407.61,27.72,27.38,45.35,1008.86
4531,407.70,27.72,27.38,45.34,1008.87
4532,407.79,27.72,27.38,45.35,1008.87
4533,407.88,27.72,27.38,45.36,1008.87
4534,407.97,27.72,27.38,45.35,1008.87
4535,408.06,27.72,27.39,45.34,1008.87
4536,408.15,27.72,27.38,45.34,1008.87
4537,408.24,27.72,27.38,45.34,1008.87
4538,408.33,27.72,27.37,45.36,1008.87
4539,408.42,27.72,27.38,45.34,1008.87
4540,408.51,27.72,27.39,45.34,1008.87
4541,408.60,27.72,27.39,45.35,1008.87
4542,408.69,27.72,27.39,45.34,1008.87
4543,408.78,27.72,27.39,45.32,1008.88
4544,408.87,27.72,27.39,45.32,1008.87
4545,408.96,27.72,27.39,45.33,1008.87
4546,409.05,27.72,27.39,45.32,1008.87
4547,409.14,27.72,27.39,45.31,1008.87
4548,409.23,27.72,27.38,45.28,1008.87
4549,409.32,27.72,27.38,45.27,1008.87
4550,409.41,27.72,27.39,45.26,1008.87
4551,409.50,27.72,27.39,45.27,1008.87
4552,409.59,27.72,27.39,45.25,1008.87
4553,409.68,27.72,27.40,45.25,1008.87
4554,409.77,27.72,27.39,45.24,1008.87
4555,409.86,27.72,27.39,45.24,1008.87
4556,409.95,27.72,27.39,45.24,1008.87
4557,410.04,27.72,27.39,45.24,1008.87
4558,410.13,27.72,27.39,45.24,1008.87
4559,410.22,27.72,27.39,45.25,1008.87
4560,410.31,27.72,27.38,45.25,1008.87
4561,410.40,27.72,27.39,45.26,1008.87
4562,410.49,27.72,27.39,45.25,1008.87
4563,410.58,27.72,27.38,45.25,1008.87
4564,410.67,27.72,27.39,45.26,1008.86
4565,410.76,27.72,27.39,45.28,1008.86
4566,410.85,27.72,27.39,45.28,1008.86
4567,410.94,27.72,27.39,45.27,1008.86
4568,411.03,27.72,27.38,45.29,1008.86
4569,411.12,27.72,27.38,45.28,1008.86
4570,411.21,27.72,27.38,45.28,1008.87
4571,411.30,27.72,27.39,45.29,1008.86
4572,411.39,27.72,27.39,45.27,1008.86
4573,411.48,27.72,27.40,45.28,1008.86
4574,411.57,27.72,27.40,45.28,1008.86
4575,411.66,27.72,27.40,45.30,1008.86
4576,411.75,27.72,27.41,45.30,1008.86
4577,411.84,27.72,27.41,45.30,1008.86
4578,411.93,27.72,27.40,45.30,1008.86
4579,412.02,27.72,27.41,45.31,1008.86
4580,412.11,27.72,27.41,45.32,1008.86
4581,412.20,27.72,27.41,45.32,1008.86
4582,412.29,27.72,27.42,45.32,1008.86
4583,412.38,27.72,27.42,45.31,1008.86
4584,412.47,27.72,27.42,45.30,1008.86
4585,412.56,27.72,27.43,45.31,1008.86
4586,412.65,27.72,27.42,45.30,1008.86
4587,412.74,27.72,27.42,45.31,1008.87
4588,412.83,27.72,27.42,45.31,1008.87
4589,412.92,27.72,27.42,45.32,1008.87
4590,413.01,27.72,27.42,45.32,1008.87
4591,413.10,27.72,27.41,45.32,1008.87
4592,413.19,27.72,27.42,45.33,1008.87
4593,413.28,27.72,27.42,45.34,1008.87
4594,413.37,27.72,27.42,45.32,1008.87
4595,413.46,27.72,27.42,45.33,1008.87
4596,413.55,27.72,27.41,45.34,1008.87
4597,413.64,27.72,27.41,45.33,1008.87
4598,413.73,27.72,27.41,45.34,1008.88
4599,413.82,27.72,27.41,45.33,1008.88
4600,413.91,27.72,27.40,45.34,1008.88
4601,414.00,27.72,27.40,45.32,1008.88
4602,414.09,27.72,27.40,45.30,1008.88
4603,414.18,27.72,27.40,45.29,1008.88
4604,414.27,27.72,27.40,45.30,1008.88
4605,414.36,27.72,27.40,45.27,1008.88
4606,414.45,27.72,27.40,45.27,1008.88
4607,414.54,27.72,27.40,45.27,1008.88
4608,414.63,27.72,27.40,45.26,1008.88
4609,414.72,27.72,27.40,45.25,1008.88
4610,414.81,27.73,27.40,45.24,1008.88
4611,414.90,27.73,27.40,45.22,1008.88
4612,414.99,27.73,27.40,45.21,1008.88
4613,415.08,27.73,27.40,45.20,1008.88
4614,415.17,27.73,27.40,45.17,1008.88
4615,415.26,27.73,27.40,45.17,1008.88
4616,415.35,27.73,27.39,45.15,1008.88
4617,415.44,27.73,27.40,45.12,1008.88
4618,415.53,27.73,27.40,45.12,1008.88
4619,415.62,27.73,27.40,45.12,1008.88
4620,415.71,27.73,27.40,45.12,1008.88
4621,415.80,27.73,27.40,45.12,1008.89
4622,415.89,27.73,27.41,45.10,1008.88
4623,415.98,27.73,27.41,45.11,1008.88
4624,416.07,27.73,27.40,45.12,1008.88
4625,416.16,27.73,27.40,45.12,1008.88
4626,416.25,27.73,27.41,45.12,1008.88
4627,416.34,27.73,27.41,45.13,1008.88
4628,416.43,27.73,27.42,45.15,1008.88
4629,416.52,27.73,27.42,45.16,1008.88
4630,416.61,27.73,27.42,45.18,1008.88
4631,416.70,27.73,27.42,45.17,1008.88
4632,416.79,27.73,27.43,45.18,1008.88
4633,416.88,27.73,27.42,45.20,1008.88
4634,416.97,27.73,27.41,45.21,1008.88
4635,417.06,27.73,27.42,45.22,1008.87
4636,417.15,27.73,27.42,45.22,1008.87
4637,417.24,27.73,27.42,45.24,1008.87
4638,417.33,27.73,27.42,45.24,1008.87
4639,417.42,27.73,27.42,45.24,1008.87
4640,417.51,27.73,27.42,45.23,1008.87
4641,417.60,27.73,27.42,45.22,1008.87
4642,417.69,27.73,27.42,45.22,1008.87
4643,417.78,27.73,27.42,45.21,1008.87
4644,417.87,27.73,27.42,45.22,1008.87
4645,417.96,27.73,27.42,45.23,1008.87
4646,418.05,27.73,27.41,45.24,1008.87
4647,418.14,27.73,27.42,45.22,1008.87
4648,418.23,27.73,27.42,45.22,1008.87
4649,418.32,27.73,27.43,45.22,1008.87
4650,418.41,27.73,27.42,45.24,1008.87
4651,418.50,27.73,27.42,45.22,1008.87
4652,418.59,27.73,27.42,45.23,1008.87
4653,418.68,27.73,27.41,45.22,1008.87
4654,418.77,27.73,27.41,45.22,1008.87
4655,418.86,27.73,27.41,45.23,1008.87
4656,418.95,27.73,27.40,45.23,1008.87
4657,419.04,27.73,27.40,45.22,1008.87
4658,419.13,27.73,27.41,45.21,1008.87
4659,419.22,27.73,27.40,45.18,1008.87
4660,419.31,27.73,27.39,45.18,1008.87
4661,419.40,27.73,27.38,45.15,1008.87
4662,419.49,27.73,27.38,45.14,1008.87
4663,419.58,27.73,27.39,45.14,1008.87
4664,419.67,27.73,27.39,45.13,1008.87
4665,419.76,27.73,27.40,45.16,1008.87
4666,419.85,27.73,27.39,45.17,1008.88
4667,419.94,27.73,27.40,45.16,1008.88
4668,420.03,27.73,27.40,45.17,1008.88
4669,420.12,27.73,27.40,45.15,1008.88
4670,420.21,27.73,27.40,45.15,1008.88
4671,420.30,27.73,27.41,45.14,1008.88
4672,420.39,27.73,27.41,45.16,1008.88
4673,420.48,27.73,27.41,45.17,1008.88
4674,420.57,27.73,27.40,45.14,1008.88
4675,420.66,27.73,27.40,45.14,1008.88
4676,420.75,27.73,27.39,45.12,1008.88
4677,420.84,27.73,27.39,45.15,1008.88
4678,420.93,27.73,27.39,45.17,1008.88
4679,421.02,27.73,27.39,45.15,1008.88
4680,421.11,27.73,27.39,45.14,1008.88
4681,421.20,27.73,27.39,45.14,1008.88
4682,421.29,27.73,27.39,45.13,1008.88
4683,421.38,27.73,27.40,45.13,1008.88
4684,421.47,27.73,27.40,45.15,1008.88
4685,421.56,27.73,27.40,45.14,1008.88
4686,421.65,27.73,27.41,45.17,1008.88
4687,421.74,27.73,27.41,45.17,1008.88
4688,421.83,27.73,27.41,45.19,1008.88
4689,421.92,27.73,27.41,45.17,1008.88
4690,422.01,27.73,27.41,45.18,1008.88
4691,422.10,27.73,27.41,45.19,1008.88
4692,422.19,27.73,27.41,45.18,1008.88
4693,422.28,27.73,27.41,45.17,1008.88
4694,422.37,27.73,27.41,45.16,1008.88
4695,422.46,27.73,27.41,45.15,1008.88
4696,422.55,27.73,27.41,45.13,1008.88
4697,422.64,27.73,27.41,45.14,1008.88
4698,422.73,27.73,27.41,45.12,1008.88
4699,422.82,27.73,27.41,45.12,1008.88
4700,422.91,27.73,27.42,45.13,1008.88
4701,423.00,27.73,27.42,45.15,1008.88
4702,423.09,27.73,27.41,45.15,1008.88
4703,423.18,27.73,27.41,45.13,1008.88
4704,423.27,27.73,27.42,45.13,1008.88
4705,423.36,27.73,27.41,45.13,1008.88
4706,423.45,27.73,27.41,45.13,1008.88
4707,423.54,27.73,27.41,45.14,1008.88
4708,423.63,27.73,27.41,45.16,1008.88
4709,423.72,27.73,27.41,45.16,1008.88
4710,423.81,27.73,27.40,45.16,1008.88
4711,423.90,27.73,27.40,45.16,1008.88
4712,423.99,27.73,27.40,45.14,1008.88
4713,424.08,27.73,27.40,45.15,1008.88
4714,424.17,27.73,27.40,45.12,1008.88
4715,424.26,27.73,27.40,45.12,1008.88
4716,424.35,27.73,27.40,45.12,1008.88
4717,424.44,27.73,27.40,45.13,1008.88
4718,424.53,27.73,27.40,45.13,1008.88
4719,424.62,27.73,27.40,45.13,1008.88
4720,424.71,27.73,27.41,45.14,1008.88
4721,424.80,27.73,27.41,45.16,1008.88
4722,424.89,27.73,27.41,45.18,1008.88
4723,424.98,27.73,27.41,45.19,1008.87
4724,425.07,27.73,27.41,45.17,1008.87
4725,425.16,27.73,27.42,45.18,1008.87
4726,425.25,27.73,27.41,45.18,1008.88
4727,425.34,27.73,27.42,45.17,1008.87
4728,425.43,27.73,27.43,45.14,1008.87
4729,425.52,27.73,27.43,45.14,1008.87
4730,425.61,27.73,27.43,45.13,1008.87
4731,425.70,27.73,27.43,45.14,1008.87
4732,425.79,27.73,27.42,45.15,1008.87
4733,425.88,27.73,27.42,45.18,1008.87
4734,425.97,27.73,27.42,45.18,1008.87
4735,426.06,27.73,27.41,45.18,1008.88
4736,426.15,27.73,27.42,45.19,1008.88
4737,426.24,27.73,27.42,45.20,1008.87
4738,426.33,27.73,27.42,45.19,1008.87
4739,426.42,27.73,27.42,45.21,1008.87
4740,426.51,27.73,27.42,45.20,1008.87
4741,426.60,27.73,27.42,45.21,1008.87
4742,426.69,27.73,27.42,45.20,1008.87
4743,426.78,27.73,27.41,45.16,1008.88
4744,426.87,27.73,27.41,45.17,1008.88
4745,426.96,27.73,27.40,45.16,1008.88
4746,427.05,27.73,27.41,45.17,1008.88
4747,427.14,27.73,27.42,45.17,1008.87
4748,427.23,27.73,27.43,45.18,1008.87
4749,427.32,27.73,27.43,45.17,1008.87
4750,427.41,27.73,27.42,45.17,1008.87
4751,427.50,27.73,27.42,45.17,1008.87
4752,427.59,27.73,27.42,45.16,1008.87
4753,427.68,27.73,27.42,45.13,1008.87
4754,427.77,27.73,27.41,45.12,1008.87
4755,427.86,27.73,27.41,45.14,1008.87
4756,427.95,27.73,27.41,45.14,1008.87
4757,428.04,27.73,27.42,45.10,1008.87
4758,428.13,27.73,27.41,45.10,1008.87
4759,428.22,27.73,27.42,45.08,1008.87
4760,428.31,27.73,27.41,45.06,1008.86
4761,428.40,27.73,27.41,45.07,1008.86
4762,428.49,27.73,27.41,45.07,1008.86
4763,428.58,27.73,27.41,45.06,1008.85
4764,428.67,27.73,27.41,45.04,1008.85
4765,428.76,27.73,27.42,45.04,1008.85
4766,428.85,27.73,27.41,45.04,1008.85
4767,428.94,27.73,27.41,45.02,1008.84
4768,429.03,27.73,27.41,45.01,1008.85
4769,429.12,27.73,27.41,45.01,1008.85
4770,429.21,27.73,27.41,45.00,1008.85
4771,429.30,27.73,27.41,45.01,1008.85
4772,429.39,27.73,27.41,45.01,1008.85
4773,429.48,27.73,27.41,45.01,1008.86
4774,429.57,27.73,27.41,45.02,1008.86
4775,429.66,27.73,27.41,45.03,1008.86
4776,429.75,27.73,27.41,45.02,1008.87
4777,429.84,27.73,27.40,45.04,1008.87
4778,429.93,27.73,27.40,45.04,1008.87
4779,430.02,27.73,27.39,45.03,1008.87
4780,430.11,27.73,27.39,45.02,1008.87
4781,430.20,27.73,27.40,45.02,1008.87
4782,430.29,27.73,27.39,45.01,1008.88
4783,430.38,27.73,27.40,45.02,1008.88
4784,430.47,27.73,27.40,45.01,1008.88
4785,430.56,27.73,27.41,45.00,1008.88
4786,430.65,27.73,27.41,44.98,1008.88
4787,430.74,27.73,27.40,44.98,1008.88
4788,430.83,27.73,27.40,44.98,1008.87
4789,430.92,27.73,27.40,44.99,1008.88
4790,431.01,27.73,27.41,44.96,1008.88
4791,431.10,27.73,27.41,44.96,1008.88
4792,431.19,27.73,27.40,44.97,1008.88
4793,431.28,27.73,27.40,44.96,1008.88
4794,431.37,27.73,27.40,44.95,1008.88
4795,431.46,27.73,27.39,44.94,1008.88
4796,431.55,27.73,27.40,44.95,1008.87
4797,431.64,27.73,27.39,44.94,1008.87
4798,431.73,27.73,27.39,44.93,1008.87
4799,431.82,27.73,27.40,44.94,1008.87
4800,431.91,27.73,27.39,44.93,1008.87
4801,432.00,27.73,27.39,44.94,1008.87
4802,432.09,27.73,27.40,44.96,1008.87
4803,432.18,27.73,27.39,44.95,1008.87
4804,432.27,27.73,27.39,45.10,1008.87
4805,432.36,27.73,27.40,45.00,1008.86
4806,432.45,27.73,27.40,44.94,1008.86
4807,432.54,27.73,27.40,44.97,1008.86
4808,432.63,27.73,27.40,44.98,1008.86
4809,432.72,27.73,27.40,44.99,1008.86
4810,432.81,27.73,27.41,44.99,1008.86
4811,432.90,27.73,27.40,44.96,1008.86
4812,432.99,27.73,27.40,44.97,1008.86
4813,433.08,27.73,27.40,44.97,1008.86
4814,433.17,27.73,27.40,44.98,1008.86
4815,433.26,27.73,27.40,44.98,1008.86
4816,433.35,27.73,27.40,45.00,1008.86
4817,433.44,27.73,27.40,44.99,1008.86
4818,433.53,27.73,27.41,44.98,1008.86
4819,433.62,27.73,27.41,44.96,1008.86
4820,433.71,27.73,27.41,44.97,1008.86
4821,433.80,27.73,27.41,44.96,1008.86
4822,433.89,27.73,27.40,44.97,1008.87
4823,433.98,27.73,27.40,44.93,1008.87
4824,434.07,27.73,27.41,44.94,1008.87
4825,434.16,27.73,27.41,44.94,1008.87
4826,434.25,27.73,27.40,44.91,1008.87
4827,434.34,27.73,27.40,44.92,1008.87
4828,434.43,27.73,27.40,44.91,1008.87
4829,434.52,27.73,27.40,44.91,1008.87
4830,434.61,27.73,27.40,44.91,1008.87
4831,434.70,27.73,27.40,44.89,1008.87
4832,434.79,27.73,27.40,44.90,1008.87
4833,434.88,27.73,27.40,44.90,1008.87
4834,434.97,27.73,27.40,44.91,1008.87
4835,435.06,27.73,27.39,44.92,1008.87
4836,435.15,27.73,27.40,44.93,1008.87
4837,435.24,27.73,27.40,44.93,1008.87
4838,435.33,27.73,27.40,44.92,1008.87
4839,435.42,27.73,27.41,44.93,1008.87
4840,435.51,27.73,27.42,44.94,1008.87
4841,435.60,27.73,27.42,44.94,1008.87
4842,435.69,27.73,27.42,44.94,1008.86
4843,435.78,27.73,27.42,44.94,1008.87
4844,435.87,27.73,27.42,44.93,1008.87
4845,435.96,27.73,27.43,44.93,1008.87
4846,436.05,27.73,27.43,44.91,1008.87
4847,436.14,27.73,27.43,44.92,1008.87
4848,436.23,27.73,27.43,44.91,1008.87
4849,436.32,27.73,27.43,44.87,1008.87
4850,436.41,27.73,27.43,44.88,1008.86
4851,436.50,27.73,27.43,44.87,1008.87
4852,436.59,27.73,27.43,44.87,1008.86
4853,436.68,27.73,27.43,44.85,1008.86
4854,436.77,27.73,27.43,44.84,1008.86
4855,436.86,27.73,27.42,44.85,1008.86
4856,436.95,27.73,27.42,44.85,1008.86
4857,437.04,27.73,27.41,44.85,1008.86
4858,437.13,27.73,27.41,44.86,1008.86
4859,437.22,27.73,27.41,44.87,1008.86
4860,437.31,27.73,27.39,44.87,1008.86
4861,437.40,27.73,27.39,44.88,1008.85
4862,437.49,27.73,27.38,44.87,1008.85
4863,437.58,27.73,27.38,44.88,1008.85
4864,437.67,27.73,27.38,44.90,1008.85
4865,437.76,27.73,27.40,44.89,1008.85
4866,437.85,27.73,27.40,44.88,1008.85
4867,437.94,27.73,27.41,44.88,1008.85
4868,438.03,27.73,27.41,44.87,1008.85
4869,438.12,27.73,27.42,44.87,1008.85
4870,438.21,27.73,27.42,44.87,1008.85
4871,438.30,27.73,27.42,44.88,1008.85
4872,438.39,27.73,27.42,44.87,1008.85
4873,438.48,27.73,27.43,44.88,1008.85
4874,438.57,27.73,27.42,44.88,1008.85
4875,438.66,27.73,27.42,44.86,1008.85
4876,438.75,27.73,27.42,44.86,1008.85
4877,438.84,27.73,27.40,44.85,1008.85
4878,438.93,27.73,27.40,44.85,1008.85
4879,439.02,27.73,27.41,44.85,1008.85
4880,439.11,27.73,27.40,44.86,1008.85
4881,439.20,27.73,27.41,44.87,1008.86
4882,439.29,27.73,27.40,44.86,1008.86
4883,439.38,27.73,27.41,44.88,1008.86
4884,439.47,27.73,27.40,44.88,1008.86
4885,439.56,27.73,27.40,44.89,1008.86
4886,439.65,27.73,27.40,44.86,1008.86
4887,439.74,27.73,27.40,44.86,1008.86
4888,439.83,27.73,27.40,44.84,1008.86
4889,439.92,27.73,27.40,44.84,1008.87
4890,440.01,27.73,27.41,44.86,1008.87
4891,440.10,27.73,27.41,44.86,1008.86
4892,440.19,27.73,27.41,44.86,1008.87
4893,440.28,27.73,27.41,44.85,1008.87
4894,440.37,27.73,27.41,44.85,1008.87
4895,440.46,27.73,27.40,44.83,1008.87
4896,440.55,27.73,27.40,44.86,1008.87
4897,440.64,27.73,27.41,44.85,1008.87
4898,440.73,27.73,27.40,44.84,1008.88
4899,440.82,27.73,27.41,44.85,1008.87
4900,440.91,27.73,27.40,44.83,1008.88
4901,441.00,27.73,27.40,44.84,1008.88
4902,441.09,27.73,27.40,44.83,1008.88
4903,441.18,27.73,27.40,44.84,1008.88
4904,441.27,27.73,27.40,44.83,1008.88
4905,441.36,27.73,27.41,44.83,1008.88
4906,441.45,27.73,27.41,44.84,1008.88
4907,441.54,27.73,27.40,44.86,1008.88
4908,441.63,27.73,27.41,44.86,1008.88
4909,441.72,27.73,27.41,44.85,1008.88
4910,441.81,27.73,27.41,44.83,1008.88
4911,441.90,27.73,27.41,44.81,1008.88
4912,441.99,27.73,27.41,44.79,1008.88
4913,442.08,27.73,27.41,44.79,1008.88
4914,442.17,27.73,27.41,44.80,1008.88
4915,442.26,27.73,27.42,44.81,1008.88
4916,442.35,27.73,27.42,44.81,1008.88
4917,442.44,27.73,27.42,44.81,1008.88
4918,442.53,27.73,27.42,44.80,1008.88
4919,442.62,27.73,27.41,44.82,1008.87
4920,442.71,27.73,27.42,44.83,1008.87
4921,442.80,27.73,27.42,44.83,1008.87
4922,442.89,27.73,27.42,44.82,1008.87
4923,442.98,27.73,27.42,44.83,1008.87
4924,443.07,27.73,27.41,44.84,1008.86
4925,443.16,27.73,27.41,44.83,1008.86
4926,443.25,27.73,27.41,44.83,1008.86
4927,443.34,27.73,27.42,44.83,1008.86
4928,443.43,27.73,27.42,44.81,1008.86
4929,443.52,27.73,27.42,44.81,1008.86
4930,443.61,27.73,27.42,44.79,1008.86
4931,443.70,27.73,27.42,44.78,1008.86
4932,443.79,27.73,27.42,44.79,1008.86
4933,443.88,27.73,27.42,44.79,1008.86
4934,443.97,27.73,27.43,44.78,1008.86
4935,444.06,27.73,27.42,44.77,1008.86
4936,444.15,27.73,27.42,44.77,1008.86
4937,444.24,27.73,27.42,44.77,1008.86
4938,444.33,27.73,27.42,44.78,1008.86
4939,444.42,27.73,27.43,44.78,1008.86
4940,444.51,27.73,27.42,44.79,1008.86
4941,444.60,27.73,27.43,44.80,1008.86
4942,444.69,27.73,27.42,44.80,1008.86
4943,444.78,27.73,27.42,44.79,1008.86
4944,444.87,27.73,27.42,44.81,1008.86
4945,444.96,27.73,27.41,44.82,1008.86
4946,445.05,27.73,27.41,44.82,1008.86
4947,445.14,27.73,27.42,44.83,1008.86
4948,445.23,27.73,27.41,44.83,1008.86
4949,445.32,27.73,27.41,44.84,1008.86
4950,445.41,27.73,27.41,44.82,1008.86
4951,445.50,27.73,27.42,44.79,1008.87
4952,445.59,27.73,27.41,44.79,1008.87
4953,445.68,27.73,27.41,44.78,1008.87
4954,445.77,27.73,27.41,44.77,1008.87
4955,445.86,27.73,27.40,44.77,1008.87
4956,445.95,27.73,27.41,44.78,1008.87
4957,446.04,27.73,27.40,44.79,1008.87
4958,446.13,27.73,27.39,44.78,1008.88
4959,446.22,27.73,27.39,44.76,1008.88
4960,446.31,27.73,27.39,44.76,1008.88
4961,446.40,27.73,27.39,44.77,1008.88
4962,446.49,27.73,27.39,44.75,1008.88
4963,446.58,27.73,27.39,44.72,1008.88
4964,446.67,27.73,27.39,44.74,1008.88
4965,446.76,27.73,27.39,44.73,1008.89
4966,446.85,27.73,27.40,44.72,1008.89
4967,446.94,27.73,27.40,44.71,1008.89
4968,447.03,27.73,27.40,44.71,1008.89
4969,447.12,27.73,27.40,44.71,1008.89
4970,447.21,27.73,27.40,44.75,1008.89
4971,447.30,27.73,27.40,44.74,1008.89
4972,447.39,27.73,27.39,44.73,1008.89
4973,447.48,27.73,27.40,44.74,1008.89
4974,447.57,27.73,27.41,44.74,1008.89
4975,447.66,27.73,27.41,44.74,1008.89
4976,447.75,27.73,27.41,44.74,1008.89
4977,447.84,27.73,27.42,44.74,1008.89
4978,447.93,27.73,27.41,44.74,1008.89
4979,448.02,27.73,27.41,44.75,1008.89
4980,448.11,27.73,27.41,44.75,1008.89
4981,448.20,27.73,27.41,44.75,1008.89
4982,448.29,27.73,27.41,44.77,1008.89
4983,448.38,27.73,27.43,44.76,1008.89
4984,448.47,27.73,27.43,44.73,1008.89
4985,448.56,27.73,27.43,44.74,1008.88
4986,448.65,27.73,27.43,44.74,1008.88
4987,448.74,27.73,27.43,44.71,1008.88
4988,448.83,27.73,27.44,44.72,1008.88
4989,448.92,27.73,27.44,44.72,1008.88
4990,449.01,27.73,27.43,44.71,1008.88
4991,449.10,27.73,27.43,44.71,1008.88
4992,449.19,27.73,27.43,44.72,1008.88
4993,449.28,27.73,27.44,44.73,1008.88
4994,449.37,27.73,27.44,44.73,1008.88
4995,449.46,27.73,27.43,44.73,1008.88
4996,449.55,27.73,27.43,44.74,1008.88
4997,449.64,27.73,27.43,44.72,1008.88
4998,449.73,27.73,27.43,44.71,1008.88
4999,449.82,27.73,27.43,44.71,1008.88
5000,449.91,27.73,27.43,44.70,1008.88
5001,450.00,27.73,27.43,44.71,1008.87
5002,450.09,27.73,27.43,44.72,1008.88
5003,450.18,27.73,27.43,44.71,1008.88
5004,450.27,27.73,27.43,44.72,1008.88
5005,450.36,27.73,27.43,44.73,1008.88
5006,450.45,27.73,27.43,44.73,1008.88
5007,450.54,27.73,27.43,44.73,1008.88
5008,450.63,27.73,27.42,44.73,1008.88
5009,450.72,27.73,27.42,44.72,1008.88
5010,450.81,27.73,27.42,44.70,1008.88
5011,450.90,27.73,27.42,44.70,1008.88
5012,450.99,27.73,27.43,44.69,1008.88
5013,451.08,27.73,27.43,44.68,1008.88
5014,451.17,27.73,27.43,44.70,1008.88
5015,451.26,27.73,27.43,44.71,1008.88
5016,451.35,27.73,27.43,44.71,1008.88
5017,451.44,27.73,27.43,44.71,1008.88
5018,451.53,27.73,27.42,44.70,1008.88
5019,451.62,27.73,27.42,44.71,1008.88
5020,451.71,27.73,27.42,44.69,1008.88
5021,451.80,27.73,27.42,44.67,1008.88
5022,451.89,27.73,27.42,44.69,1008.88
5023,451.98,27.73,27.42,44.68,1008.88
5024,452.07,27.73,27.41,44.68,1008.88
5025,452.16,27.73,27.41,44.66,1008.88
5026,452.25,27.73,27.41,44.63,1008.88
5027,452.34,27.73,27.41,44.62,1008.88
5028,452.43,27.73,27.41,44.63,1008.88
5029,452.52,27.73,27.41,44.62,1008.88
5030,452.61,27.73,27.41,44.63,1008.88
5031,452.70,27.73,27.42,44.64,1008.89
5032,452.79,27.73,27.41,44.64,1008.89
5033,452.88,27.73,27.40,44.64,1008.88
5034,452.97,27.73,27.41,44.63,1008.89
5035,453.06,27.73,27.42,44.62,1008.89
5036,453.15,27.73,27.42,44.63,1008.89
5037,453.24,27.73,27.42,44.63,1008.89
5038,453.33,27.73,27.41,44.63,1008.89
5039,453.42,27.73,27.41,44.63,1008.89
5040,453.51,27.73,27.41,44.62,1008.89
5041,453.60,27.73,27.41,44.60,1008.89
5042,453.69,27.73,27.41,44.60,1008.89
5043,453.78,27.73,27.41,44.61,1008.89
5044,453.87,27.73,27.41,44.62,1008.88
5045,453.96,27.73,27.41,44.60,1008.89
5046,454.05,27.73,27.41,44.59,1008.89
5047,454.14,27.73,27.41,44.57,1008.89
5048,454.23,27.73,27.41,44.58,1008.89
5049,454.32,27.73,27.41,44.57,1008.89
5050,454.41,27.73,27.41,44.58,1008.89
5051,454.50,27.73,27.40,44.60,1008.89
5052,454.59,27.73,27.40,44.60,1008.88
5053,454.68,27.73,27.40,44.60,1008.88
5054,454.77,27.73,27.40,44.60,1008.88
5055,454.86,27.73,27.41,44.61,1008.88
5056,454.95,27.73,27.40,44.61,1008.88
5057,455.04,27.73,27.41,44.61,1008.88
5058,455.13,27.73,27.41,44.62,1008.88
5059,455.22,27.73,27.40,44.64,1008.88
5060,455.31,27.73,27.40,44.65,1008.88
5061,455.40,27.73,27.40,44.64,1008.88
5062,455.49,27.73,27.41,44.64,1008.88
5063,455.58,27.73,27.40,44.64,1008.88
5064,455.67,27.73,27.40,44.62,1008.88
5065,455.76,27.73,27.39,44.63,1008.88
5066,455.85,27.73,27.40,44.63,1008.88
5067,455.94,27.73,27.40,44.63,1008.88
5068,456.03,27.73,27.40,44.62,1008.88
5069,456.12,27.73,27.41,44.62,1008.88
5070,456.21,27.73,27.40,44.59,1008.88
5071,456.30,27.73,27.40,44.59,1008.88
5072,456.39,27.73,27.40,44.58,1008.88
5073,456.48,27.73,27.40,44.60,1008.88
5074,456.57,27.73,27.40,44.61,1008.88
5075,456.66,27.73,27.40,44.60,1008.88
5076,456.75,27.73,27.41,44.60,1008.88
5077,456.84,27.73,27.40,44.61,1008.88
5078,456.93,27.73,27.41,44.59,1008.88
5079,457.02,27.73,27.41,44.61,1008.88
5080,457.11,27.73,27.41,44.63,1008.88
5081,457.20,27.73,27.41,44.62,1008.88
5082,457.29,27.73,27.41,44.63,1008.88
5083,457.38,27.73,27.42,44.62,1008.88
5084,457.47,27.73,27.42,44.63,1008.88
5085,457.56,27.73,27.42,44.61,1008.88
5086,457.65,27.73,27.42,44.61,1008.88
5087,457.74,27.73,27.42,44.63,1008.88
5088,457.83,27.73,27.43,44.63,1008.88
5089,457.92,27.73,27.43,44.63,1008.88
5090,458.01,27.73,27.43,44.62,1008.88
5091,458.10,27.73,27.43,44.64,1008.88
5092,458.19,27.73,27.43,44.64,1008.88
5093,458.28,27.73,27.44,44.63,1008.88
5094,458.37,27.73,27.43,44.63,1008.88
5095,458.46,27.73,27.44,44.62,1008.88
5096,458.55,27.73,27.44,44.62,1008.88
5097,458.64,27.73,27.44,44.60,1008.88
5098,458.73,27.73,27.43,44.60,1008.88
5099,458.82,27.73,27.43,44.60,1008.87
5100,458.91,27.73,27.43,44.60,1008.87
5101,459.00,27.73,27.42,44.59,1008.87
5102,459.09,27.73,27.42,44.58,1008.87
5103,459.18,27.73,27.42,44.58,1008.87
5104,459.27,27.73,27.43,44.59,1008.87
5105,459.36,27.73,27.44,44.60,1008.86
5106,459.45,27.73,27.44,44.61,1008.86
5107,459.54,27.73,27.43,44.61,1008.86
5108,459.63,27.73,27.43,44.64,1008.86
5109,459.72,27.73,27.43,44.64,1008.86
5110,459.81,27.73,27.42,44.65,1008.87
5111,459.90,27.73,27.42,44.65,1008.86
5112,459.99,27.73,27.43,44.66,1008.86
5113,460.08,27.73,27.42,44.65,1008.86
5114,460.17,27.73,27.42,44.66,1008.86
5115,460.26,27.73,27.42,44.66,1008.86
5116,460.35,27.73,27.42,44.66,1008.86
5117,460.44,27.73,27.42,44.67,1008.86
5118,460.53,27.73,27.42,44.66,1008.86
5119,460.62,27.73,27.42,44.67,1008.86
5120,460.71,27.73,27.41,44.65,1008.86
5121,460.80,27.73,27.42,44.65,1008.86
5122,460.89,27.73,27.42,44.62,1008.86
5123,460.98,27.73,27.41,44.63,1008.86
5124,461.07,27.73,27.41,44.62,1008.86
5125,461.16,27.73,27.42,44.61,1008.86
5126,461.25,27.73,27.42,44.60,1008.86
5127,461.34,27.73,27.42,44.59,1008.86
5128,461.43,27.73,27.42,44.61,1008.86
5129,461.52,27.73,27.41,44.62,1008.86
5130,461.61,27.73,27.41,44.61,1008.86
5131,461.70,27.73,27.41,44.62,1008.87
5132,461.79,27.73,27.41,44.62,1008.87
5133,461.88,27.73,27.40,44.62,1008.87
5134,461.97,27.73,27.40,44.60,1008.87
5135,462.06,27.73,27.41,44.61,1008.87
5136,462.15,27.73,27.41,44.61,1008.87
5137,462.24,27.73,27.41,44.59,1008.87
5138,462.33,27.73,27.41,44.61,1008.87
5139,462.42,27.73,27.41,44.61,1008.87
5140,462.51,27.73,27.41,44.62,1008.87
5141,462.60,27.73,27.40,44.62,1008.87
5142,462.69,27.73,27.41,44.62,1008.87
5143,462.78,27.73,27.41,44.62,1008.87
5144,462.87,27.73,27.40,44.61,1008.87
5145,462.96,27.73,27.40,44.63,1008.87
5146,463.05,27.73,27.40,44.62,1008.87
5147,463.14,27.73,27.40,44.63,1008.86
5148,463.23,27.73,27.40,44.61,1008.87
5149,463.32,27.73,27.41,44.65,1008.87
5150,463.41,27.73,27.41,44.64,1008.87
5151,463.50,27.73,27.41,44.64,1008.87
5152,463.59,27.73,27.41,44.65,1008.86
5153,463.68,27.73,27.41,44.65,1008.86
5154,463.77,27.73,27.41,44.63,1008.87
5155,463.86,27.73,27.41,44.62,1008.87
5156,463.95,27.73,27.42,44.64,1008.87
5157,464.04,27.73,27.42,44.63,1008.87
5158,464.13,27.73,27.42,44.64,1008.87
5159,464.22,27.73,27.42,44.64,1008.87
5160,464.31,27.73,27.41,44.63,1008.87
5161,464.40,27.73,27.41,44.63,1008.87
5162,464.49,27.73,27.42,44.62,1008.87
5163,464.58,27.73,27.42,44.62,1008.87
5164,464.67,27.73,27.42,44.63,1008.87
5165,464.76,27.73,27.42,44.65,1008.87
5166,464.85,27.73,27.42,44.65,1008.87
5167,464.94,27.73,27.42,44.65,1008.86
5168,465.03,27.73,27.42,44.63,1008.86
5169,465.12,27.73,27.43,44.61,1008.86
5170,465.21,27.73,27.43,44.63,1008.86
5171,465.30,27.73,27.43,44.63,1008.86
5172,465.39,27.73,27.42,44.64,1008.86
5173,465.48,27.73,27.42,44.64,1008.86
5174,465.57,27.73,27.42,44.63,1008.86
5175,465.66,27.73,27.41,44.63,1008.86
5176,465.75,27.73,27.41,44.63,1008.86
5177,465.84,27.73,27.42,44.64,1008.86
5178,465.93,27.74,27.42,44.65,1008.86
5179,466.02,27.73,27.42,44.68,1008.86
5180,466.11,27.73,27.42,44.69,1008.86
5181,466.20,27.73,27.41,44.68,1008.85
5182,466.29,27.73,27.41,44.68,1008.85
5183,466.38,27.73,27.41,44.70,1008.85
5184,466.47,27.73,27.42,44.69,1008.85
5185,466.56,27.73,27.42,44.70,1008.85
5186,466.65,27.73,27.42,44.71,1008.85
5187,466.74,27.73,27.42,44.72,1008.85
5188,466.83,27.73,27.43,44.72,1008.85
5189,466.92,27.73,27.43,44.75,1008.85
5190,467.01,27.73,27.43,44.74,1008.85
5191,467.10,27.73,27.42,44.74,1008.85
5192,467.19,27.73,27.42,44.72,1008.85
5193,467.28,27.73,27.42,44.72,1008.86
5194,467.37,27.73,27.42,44.71,1008.86
5195,467.46,27.73,27.42,44.69,1008.86
5196,467.55,27.73,27.42,44.68,1008.86
5197,467.64,27.73,27.42,44.68,1008.86
5198,467.73,27.73,27.42,44.67,1008.86
5199,467.82,27.73,27.43,44.68,1008.86
5200,467.91,27.73,27.42,44.67,1008.86
5201,468.00,27.73,27.42,44.66,1008.86
5202,468.09,27.73,27.43,44.67,1008.86
5203,468.18,27.73,27.42,44.65,1008.86
5204,468.27,27.73,27.42,44.65,1008.86
5205,468.36,27.73,27.42,44.63,1008.86
5206,468.45,27.73,27.42,44.62,1008.86
5207,468.54,27.73,27.42,44.62,1008.86
5208,468.63,27.73,27.42,44.63,1008.86
5209,468.72,27.73,27.42,44.64,1008.86
5210,468.81,27.73,27.42,44.64,1008.86
5211,468.90,27.73,27.42,44.65,1008.86
5212,468.99,27.73,27.42,44.66,1008.86
5213,469.08,27.73,27.42,44.64,1008.86
5214,469.17,27.73,27.42,44.65,1008.86
5215,469.26,27.73,27.41,44.66,1008.86
5216,469.35,27.74,27.42,44.66,1008.86
5217,469.44,27.74,27.42,44.65,1008.86
5218,469.53,27.74,27.43,44.62,1008.86
5219,469.62,27.74,27.42,44.63,1008.86
5220,469.71,27.74,27.42,44.63,1008.86
5221,469.80,27.74,27.42,44.62,1008.86
5222,469.89,27.74,27.42,44.63,1008.86
5223,469.98,27.74,27.43,44.63,1008.86
5224,470.07,27.74,27.43,44.65,1008.86
5225,470.16,27.74,27.43,44.63,1008.86
5226,470.25,27.74,27.44,44.65,1008.86
5227,470.34,27.74,27.44,44.65,1008.86
5228,470.43,27.74,27.44,44.67,1008.86
5229,470.52,27.74,27.43,44.69,1008.86
5230,470.61,27.74,27.44,44.70,1008.86
5231,470.70,27.74,27.44,44.69,1008.86
5232,470.79,27.74,27.44,44.69,1008.86
5233,470.88,27.74,27.43,44.70,1008.86
5234,470.97,27.74,27.43,44.69,1008.86
5235,471.06,27.74,27.43,44.69,1008.86
5236,471.15,27.74,27.43,44.69,1008.87
5237,471.24,27.74,27.43,44.71,1008.87
5238,471.33,27.74,27.43,44.72,1008.87
5239,471.42,27.74,27.44,44.72,1008.87
5240,471.51,27.74,27.43,44.72,1008.87
5241,471.60,27.74,27.43,44.71,1008.86
5242,471.69,27.74,27.43,44.70,1008.87
5243,471.78,27.74,27.43,44.71,1008.87
5244,471.87,27.74,27.43,44.69,1008.87
5245,471.96,27.74,27.43,44.70,1008.87
5246,472.05,27.74,27.44,44.67,1008.87
5247,472.14,27.74,27.44,44.65,1008.87
5248,472.23,27.74,27.44,44.66,1008.87
5249,472.32,27.74,27.44,44.64,1008.87
5250,472.41,27.74,27.44,44.63,1008.87
5251,472.50,27.74,27.45,44.63,1008.87
5252,472.59,27.74,27.45,44.62,1008.87
5253,472.68,27.74,27.45,44.62,1008.87
5254,472.77,27.74,27.44,44.62,1008.87
5255,472.86,27.74,27.44,44.62,1008.87
5256,472.95,27.74,27.44,44.60,1008.87
5257,473.04,27.74,27.44,44.58,1008.87
5258,473.13,27.74,27.44,44.59,1008.86
5259,473.22,27.74,27.44,44.58,1008.87
5260,473.31,27.74,27.44,44.60,1008.86
5261,473.40,27.74,27.44,44.60,1008.86
5262,473.49,27.74,27.44,44.59,1008.87
5263,473.58,27.74,27.44,44.59,1008.87
5264,473.67,27.74,27.45,44.60,1008.87
5265,473.76,27.74,27.44,44.60,1008.87
5266,473.85,27.74,27.44,44.60,1008.87
5267,473.94,27.74,27.44,44.60,1008.87
5268,474.03,27.74,27.43,44.59,1008.87
5269,474.12,27.74,27.43,44.58,1008.87
5270,474.21,27.74,27.44,44.58,1008.87
5271,474.30,27.74,27.43,44.59,1008.87
5272,474.39,27.74,27.42,44.58,1008.87
5273,474.48,27.74,27.42,44.60,1008.87
5274,474.57,27.74,27.42,44.58,1008.87
5275,474.66,27.74,27.42,44.57,1008.87
5276,474.75,27.74,27.42,44.58,1008.87
5277,474.84,27.74,27.42,44.60,1008.87
5278,474.93,27.74,27.42,44.62,1008.87
5279,475.02,27.74,27.43,44.62,1008.87
5280,475.11,27.74,27.43,44.63,1008.87
5281,475.20,27.74,27.43,44.63,1008.87
5282,475.29,27.74,27.43,44.64,1008.87
5283,475.38,27.74,27.43,44.65,1008.87
5284,475.47,27.74,27.42,44.65,1008.87
5285,475.56,27.74,27.42,44.65,1008.87
5286,475.65,27.74,27.42,44.63,1008.87
5287,475.74,27.74,27.43,44.62,1008.87
5288,475.83,27.74,27.42,44.64,1008.87
5289,475.92,27.74,27.42,44.66,1008.87
5290,476.01,27.74,27.41,44.66,1008.87
5291,476.10,27.74,27.42,44.65,1008.87
5292,476.19,27.74,27.41,44.66,1008.88
5293,476.28,27.74,27.41,44.65,1008.88
5294,476.37,27.74,27.41,44.66,1008.88
5295,476.46,27.74,27.42,44.67,1008.88
5296,476.55,27.74,27.41,44.67,1008.88
5297,476.64,27.74,27.41,44.67,1008.87
5298,476.73,27.74,27.41,44.67,1008.88
5299,476.82,27.74,27.41,44.67,1008.88
5300,476.91,27.74,27.41,44.66,1008.88
5301,477.00,27.74,27.41,44.65,1008.88
5302,477.09,27.74,27.41,44.65,1008.88
5303,477.18,27.74,27.41,44.65,1008.88
5304,477.27,27.74,27.41,44.62,1008.88
5305,477.36,27.74,27.41,44.61,1008.88
5306,477.45,27.74,27.42,44.61,1008.88
5307,477.54,27.74,27.41,44.59,1008.88
5308,477.63,27.74,27.40,44.58,1008.88
5309,477.72,27.74,27.40,44.57,1008.88
5310,477.81,27.74,27.40,44.57,1008.88
5311,477.90,27.74,27.40,44.57,1008.88
5312,477.99,27.74,27.40,44.59,1008.88
5313,478.08,27.74,27.40,44.59,1008.88
5314,478.17,27.74,27.40,44.59,1008.88
5315,478.26,27.74,27.40,44.58,1008.88
5316,478.35,27.74,27.40,44.57,1008.88
5317,478.44,27.74,27.41,44.58,1008.88
5318,478.53,27.74,27.41,44.60,1008.88
5319,478.62,27.74,27.40,44.58,1008.88
5320,478.71,27.74,27.40,44.59,1008.88
5321,478.80,27.74,27.40,44.60,1008.88
5322,478.89,27.74,27.40,44.59,1008.88
5323,478.98,27.74,27.40,44.59,1008.88
5324,479.07,27.74,27.39,44.60,1008.88
5325,479.16,27.74,27.39,44.58,1008.88
5326,479.25,27.74,27.39,44.56,1008.88
5327,479.34,27.74,27.40,44.56,1008.88
5328,479.43,27.74,27.40,44.57,1008.89
5329,479.52,27.74,27.40,44.59,1008.88
5330,479.61,27.74,27.40,44.61,1008.88
5331,479.70,27.74,27.41,44.60,1008.88
5332,479.79,27.74,27.40,44.59,1008.88
5333,479.88,27.74,27.41,44.61,1008.88
5334,479.97,27.74,27.40,44.60,1008.88
5335,480.06,27.74,27.40,44.61,1008.88
5336,480.15,27.74,27.41,44.60,1008.88
5337,480.24,27.74,27.41,44.60,1008.88
5338,480.33,27.74,27.41,44.61,1008.88
5339,480.42,27.74,27.40,44.60,1008.88
5340,480.51,27.74,27.40,44.60,1008.88
5341,480.60,27.74,27.41,44.61,1008.88
5342,480.69,27.74,27.42,44.62,1008.88
5343,480.78,27.74,27.42,44.65,1008.88
5344,480.87,27.74,27.42,44.64,1008.88
5345,480.96,27.74,27.42,44.65,1008.88
5346,481.05,27.74,27.42,44.64,1008.88
5347,481.14,27.74,27.43,44.64,1008.88
5348,481.23,27.74,27.43,44.66,1008.88
5349,481.32,27.74,27.44,44.66,1008.88
5350,481.41,27.74,27.44,44.66,1008.88
5351,481.50,27.74,27.44,44.64,1008.88
5352,481.59,27.74,27.44,44.63,1008.88
5353,481.68,27.74,27.44,44.63,1008.88
5354,481.77,27.74,27.45,44.61,1008.88
5355,481.86,27.74,27.45,44.61,1008.88
5356,481.95,27.74,27.45,44.61,1008.88
5357,482.04,27.74,27.45,44.59,1008.88
5358,482.13,27.74,27.45,44.59,1008.88
5359,482.22,27.74,27.45,44.56,1008.88
5360,482.31,27.74,27.45,44.57,1008.88
5361,482.40,27.74,27.45,44.57,1008.88
5362,482.49,27.74,27.45,44.59,1008.88
5363,482.58,27.74,27.45,44.63,1008.88
5364,482.67,27.74,27.45,44.63,1008.88
5365,482.76,27.74,27.45,44.66,1008.88
5366,482.85,27.74,27.45,44.65,1008.88
5367,482.94,27.74,27.45,44.66,1008.88
5368,483.03,27.74,27.45,44.67,1008.88
5369,483.12,27.74,27.46,44.66,1008.88
5370,483.21,27.74,27.46,44.68,1008.88
5371,483.30,27.74,27.46,44.68,1008.88
5372,483.39,27.74,27.46,44.68,1008.88
5373,483.48,27.74,27.46,44.68,1008.88
5374,483.57,27.74,27.46,44.67,1008.88
5375,483.66,27.74,27.46,44.68,1008.88
5376,483.75,27.74,27.46,44.67,1008.88
5377,483.84,27.74,27.46,44.67,1008.88
5378,483.93,27.74,27.46,44.68,1008.88
5379,484.02,27.74,27.46,44.65,1008.88
5380,484.11,27.74,27.46,44.64,1008.88
5381,484.20,27.74,27.45,44.62,1008.88
5382,484.29,27.74,27.45,44.61,1008.88
5383,484.38,27.74,27.45,44.61,1008.88
5384,484.47,27.74,27.45,44.60,1008.88
5385,484.56,27.74,27.45,44.61,1008.88
5386,484.65,27.74,27.45,44.61,1008.88
5387,484.74,27.74,27.45,44.62,1008.88
5388,484.83,27.74,27.45,44.61,1008.88
5389,484.92,27.74,27.44,44.61,1008.88
5390,485.01,27.74,27.44,44.62,1008.88
5391,485.10,27.74,27.45,44.63,1008.88
5392,485.19,27.74,27.45,44.65,1008.88
5393,485.28,27.74,27.44,44.65,1008.88
5394,485.37,27.74,27.44,44.64,1008.88
5395,485.46,27.74,27.44,44.64,1008.88
5396,485.55,27.74,27.44,44.63,1008.88
5397,485.64,27.74,27.44,44.64,1008.88
5398,485.73,27.74,27.44,44.65,1008.88
5399,485.82,27.74,27.44,44.65,1008.88
5400,485.91,27.74,27.44,44.66,1008.88
5401,486.00,27.74,27.44,44.65,1008.88
5402,486.09,27.74,27.44,44.68,1008.88
5403,486.18,27.74,27.44,44.69,1008.88
5404,486.27,27.74,27.45,44.69,1008.88
5405,486.36,27.74,27.44,44.70,1008.87
5406,486.45,27.74,27.45,44.68,1008.88
5407,486.54,27.74,27.46,44.68,1008.88
5408,486.63,27.74,27.46,44.65,1008.88
5409,486.72,27.74,27.47,44.65,1008.88
5410,486.81,27.74,27.48,44.68,1008.88
5411,486.90,27.74,27.48,44.68,1008.88
5412,486.99,27.74,27.49,44.68,1008.88
5413,487.08,27.74,27.49,44.71,1008.88
5414,487.17,27.74,27.48,44.71,1008.88
5415,487.26,27.74,27.47,44.71,1008.88
5416,487.35,27.74,27.47,44.70,1008.88
5417,487.44,27.74,27.47,44.69,1008.88
5418,487.53,27.74,27.46,44.70,1008.88
5419,487.62,27.74,27.46,44.70,1008.88
5420,487.71,27.74,27.45,44.72,1008.88
5421,487.80,27.74,27.45,44.71,1008.88
5422,487.89,27.74,27.45,44.72,1008.88
5423,487.98,27.74,27.44,44.72,1008.88
5424,488.07,27.74,27.44,44.73,1008.87
5425,488.16,27.74,27.44,44.71,1008.87
5426,488.25,27.74,27.44,44.71,1008.88
5427,488.34,27.74,27.43,44.71,1008.87
5428,488.43,27.74,27.43,44.70,1008.87
5429,488.52,27.74,27.43,44.69,1008.87
5430,488.61,27.74,27.42,44.68,1008.88
5431,488.70,27.74,27.42,44.69,1008.87
5432,488.79,27.74,27.42,44.71,1008.87
5433,488.88,27.74,27.42,44.71,1008.87
5434,488.97,27.74,27.41,44.70,1008.87
5435,489.06,27.74,27.41,44.69,1008.87
5436,489.15,27.74,27.40,44.69,1008.87
5437,489.24,27.74,27.40,44.70,1008.87
5438,489.33,27.74,27.40,44.69,1008.88
5439,489.42,27.74,27.40,44.66,1008.88
5440,489.51,27.74,27.39,44.65,1008.87
5441,489.60,27.74,27.38,44.64,1008.88
5442,489.69,27.74,27.38,44.63,1008.87
5443,489.78,27.74,27.38,44.65,1008.87
5444,489.87,27.74,27.36,44.64,1008.87
5445,489.96,27.74,27.37,44.66,1008.87
5446,490.05,27.74,27.37,44.65,1008.87
5447,490.14,27.74,27.36,44.65,1008.87
5448,490.23,27.74,27.37,44.64,1008.87
5449,490.32,27.74,27.38,44.63,1008.87
5450,490.41,27.74,27.38,44.61,1008.87
5451,490.50,27.74,27.38,44.62,1008.87
5452,490.59,27.74,27.38,44.61,1008.87
5453,490.68,27.74,27.39,44.60,1008.87
5454,490.77,27.74,27.39,44.60,1008.87
5455,490.86,27.74,27.40,44.61,1008.87
5456,490.95,27.74,27.40,44.60,1008.87
5457,491.04,27.74,27.40,44.58,1008.87
5458,491.13,27.74,27.40,44.58,1008.87
5459,491.22,27.74,27.40,44.59,1008.87
5460,491.31,27.74,27.41,44.60,1008.87
5461,491.40,27.74,27.41,44.59,1008.87
5462,491.49,27.74,27.41,44.58,1008.87
5463,491.58,27.74,27.42,44.58,1008.87
5464,491.67,27.74,27.42,44.57,1008.87
5465,491.76,27.74,27.43,44.59,1008.87
5466,491.85,27.74,27.43,44.58,1008.87
5467,491.94,27.74,27.43,44.58,1008.86
5468,492.03,27.74,27.44,44.60,1008.87
5469,492.12,27.74,27.44,44.60,1008.87
5470,492.21,27.74,27.44,44.62,1008.87
5471,492.30,27.74,27.45,44.63,1008.87
5472,492.39,27.74,27.44,44.65,1008.86
5473,492.48,27.74,27.45,44.67,1008.86
5474,492.57,27.74,27.44,44.68,1008.86
5475,492.66,27.74,27.45,44.69,1008.86
5476,492.75,27.74,27.45,44.71,1008.86
5477,492.84,27.74,27.45,44.71,1008.86
5478,492.93,27.74,27.45,44.71,1008.86
5479,493.02,27.74,27.45,44.69,1008.86
5480,493.11,27.74,27.44,44.68,1008.86
5481,493.20,27.74,27.44,44.67,1008.87
5482,493.29,27.74,27.44,44.65,1008.86
5483,493.38,27.74,27.44,44.64,1008.87
5484,493.47,27.74,27.44,44.66,1008.87
5485,493.56,27.74,27.44,44.67,1008.87
5486,493.65,27.74,27.44,44.68,1008.86
5487,493.74,27.74,27.44,44.68,1008.86
5488,493.83,27.74,27.44,44.69,1008.86
5489,493.92,27.74,27.44,44.67,1008.86
5490,494.01,27.74,27.45,44.67,1008.86
5491,494.10,27.74,27.45,44.64,1008.86
5492,494.19,27.74,27.45,44.64,1008.86
5493,494.28,27.74,27.45,44.63,1008.86
5494,494.37,27.74,27.45,44.65,1008.86
5495,494.46,27.74,27.45,44.64,1008.86
5496,494.55,27.74,27.46,44.65,1008.86
5497,494.64,27.74,27.45,44.65,1008.86
5498,494.73,27.74,27.46,44.65,1008.86
5499,494.82,27.74,27.46,44.64,1008.86
5500,494.91,27.74,27.46,44.63,1008.86
5501,495.00,27.74,27.46,44.61,1008.86
5502,495.09,27.74,27.46,44.63,1008.86
5503,495.18,27.74,27.46,44.62,1008.86
5504,495.27,27.74,27.46,44.62,1008.86
5505,495.36,27.74,27.46,44.60,1008.86
5506,495.45,27.74,27.46,44.60,1008.86
5507,495.54,27.74,27.46,44.62,1008.86
5508,495.63,27.74,27.47,44.63,1008.86
5509,495.72,27.74,27.46,44.63,1008.86
5510,495.81,27.74,27.47,44.64,1008.86
5511,495.90,27.74,27.47,44.66,1008.86
5512,495.99,27.74,27.47,44.65,1008.86
5513,496.08,27.74,27.48,44.64,1008.86
5514,496.17,27.74,27.47,44.64,1008.86
5515,496.26,27.74,27.48,44.64,1008.86
5516,496.35,27.74,27.47,44.67,1008.86
5517,496.44,27.74,27.47,44.67,1008.86
5518,496.53,27.74,27.47,44.65,1008.86
5519,496.62,27.74,27.38,44.61,1008.86
5520,496.71,27.74,27.47,44.60,1008.87
5521,496.80,27.74,27.45,44.60,1008.87
5522,496.89,27.74,27.47,44.57,1008.87
5523,496.98,27.74,27.47,44.56,1008.87
5524,497.07,27.74,27.47,44.57,1008.87
5525,497.16,27.74,27.47,44.59,1008.87
5526,497.25,27.74,27.47,44.60,1008.87
5527,497.34,27.74,27.47,44.60,1008.87
5528,497.43,27.74,27.47,44.62,1008.87
5529,497.52,27.74,27.47,44.63,1008.87
5530,497.61,27.74,27.47,44.62,1008.87
5531,497.70,27.74,27.47,44.62,1008.87
5532,497.79,27.74,27.46,44.60,1008.87
5533,497.88,27.74,27.47,44.61,1008.87
5534,497.97,27.74,27.46,44.61,1008.87
5535,498.06,27.74,27.46,44.61,1008.87
5536,498.15,27.74,27.46,44.58,1008.87
5537,498.24,27.74,27.46,44.56,1008.87
5538,498.33,27.74,27.45,44.57,1008.86
5539,498.42,27.74,27.45,44.57,1008.86
5540,498.51,27.74,27.45,44.58,1008.86
5541,498.60,27.74,27.45,44.59,1008.86
5542,498.69,27.74,27.45,44.60,1008.86
5543,498.78,27.74,27.45,44.63,1008.86
5544,498.87,27.74,27.44,44.60,1008.86
5545,498.96,27.74,27.44,44.59,1008.86
5546,499.05,27.74,27.44,44.60,1008.87
5547,499.14,27.74,27.45,44.60,1008.86
5548,499.23,27.74,27.44,44.60,1008.86
5549,499.32,27.74,27.44,44.57,1008.86
5550,499.41,27.74,27.44,44.59,1008.86
5551,499.50,27.74,27.44,44.58,1008.86
5552,499.59,27.74,27.44,44.58,1008.86
5553,499.68,27.74,27.44,44.57,1008.86
5554,499.77,27.74,27.44,44.58,1008.86
5555,499.86,27.74,27.44,44.57,1008.86
5556,499.95,27.74,27.44,44.57,1008.86
5557,500.04,27.74,27.44,44.56,1008.86
5558,500.13,27.74,27.44,44.56,1008.85
5559,500.22,27.74,27.44,44.55,1008.85
5560,500.31,27.74,27.45,44.54,1008.85
5561,500.40,27.74,27.45,44.53,1008.85
5562,500.49,27.74,27.51,44.52,1008.85
5563,500.58,27.74,27.45,44.52,1008.85
5564,500.67,27.74,27.45,44.53,1008.85
5565,500.76,27.74,27.44,44.52,1008.85
5566,500.85,27.74,27.44,44.52,1008.85
5567,500.94,27.74,27.43,44.53,1008.85
5568,501.03,27.74,27.43,44.51,1008.85
5569,501.12,27.74,27.43,44.52,1008.86
5570,501.21,27.74,27.44,44.52,1008.85
5571,501.30,27.74,27.44,44.52,1008.85
5572,501.39,27.74,27.44,44.51,1008.86
5573,501.48,27.74,27.44,44.52,1008.86
5574,501.57,27.74,27.43,44.51,1008.86
5575,501.66,27.74,27.43,44.53,1008.86
5576,501.75,27.74,27.44,44.52,1008.86
5577,501.84,27.74,27.45,44.51,1008.86
5578,501.93,27.74,27.44,44.51,1008.86
5579,502.02,27.74,27.44,44.51,1008.86
5580,502.11,27.74,27.44,44.51,1008.86
5581,502.20,27.74,27.45,44.49,1008.86
5582,502.29,27.74,27.44,44.50,1008.87
5583,502.38,27.74,27.45,44.48,1008.87
5584,502.47,27.74,27.46,44.50,1008.87
5585,502.56,27.74,27.46,44.49,1008.87
5586,502.65,27.74,27.46,44.49,1008.87
5587,502.74,27.74,27.45,44.49,1008.87
5588,502.83,27.74,27.45,44.50,1008.87
5589,502.92,27.74,27.45,44.51,1008.87
5590,503.01,27.74,27.46,44.50,1008.87
5591,503.10,27.74,27.45,44.50,1008.87
5592,503.19,27.74,27.46,44.49,1008.87
5593,503.28,27.74,27.46,44.49,1008.87
5594,503.37,27.74,27.46,44.49,1008.88
5595,503.46,27.74,27.47,44.50,1008.88
5596,503.55,27.74,27.46,44.50,1008.88
5597,503.64,27.74,27.46,44.48,1008.88
5598,503.73,27.74,27.47,44.48,1008.88
5599,503.82,27.74,27.47,44.50,1008.88
5600,503.91,27.74,27.47,44.48,1008.88
5601,504.00,27.74,27.47,44.47,1008.88
5602,504.09,27.74,27.46,44.46,1008.88
5603,504.18,27.74,27.46,44.47,1008.88
5604,504.27,27.74,27.47,44.50,1008.88
5605,504.36,27.74,27.47,44.49,1008.88
5606,504.45,27.74,27.47,44.46,1008.88
5607,504.54,27.74,27.48,44.47,1008.88
5608,504.63,27.74,27.48,44.48,1008.88
5609,504.72,27.74,27.47,44.46,1008.88
5610,504.81,27.74,27.48,44.45,1008.88
5611,504.90,27.74,27.48,44.44,1008.88
5612,504.99,27.74,27.48,44.45,1008.88
5613,505.08,27.74,27.48,44.47,1008.87
5614,505.17,27.74,27.48,44.47,1008.87
5615,505.26,27.74,27.48,44.47,1008.87
5616,505.35,27.74,27.48,44.48,1008.87
5617,505.44,27.74,27.49,44.47,1008.87
5618,505.53,27.74,27.48,44.45,1008.87
5619,505.62,27.74,27.48,44.45,1008.87
5620,505.71,27.74,27.48,44.45,1008.87
5621,505.80,27.74,27.48,44.47,1008.87
5622,505.89,27.74,27.48,44.47,1008.87
5623,505.98,27.74,27.55,44.48,1008.87
5624,506.07,27.74,27.52,44.47,1008.87
5625,506.16,27.74,27.50,44.50,1008.87
5626,506.25,27.74,27.48,44.51,1008.87
5627,506.34,27.74,27.48,44.50,1008.87
5628,506.43,27.74,27.47,44.49,1008.87
5629,506.52,27.74,27.48,44.50,1008.87
5630,506.61,27.74,27.49,44.50,1008.87
5631,506.70,27.74,27.49,44.50,1008.87
5632,506.79,27.74,27.48,44.50,1008.87
5633,506.88,27.74,27.48,44.50,1008.86
5634,506.97,27.74,27.49,44.50,1008.86
5635,507.06,27.74,27.50,44.50,1008.87
5636,507.15,27.74,27.50,44.50,1008.87
5637,507.24,27.74,27.49,44.50,1008.87
5638,507.33,27.74,27.49,44.51,1008.87
5639,507.42,27.74,27.49,44.50,1008.87
5640,507.51,27.74,27.48,44.50,1008.87
5641,507.60,27.74,27.48,44.49,1008.87
5642,507.69,27.74,27.49,44.48,1008.87
5643,507.78,27.74,27.49,44.49,1008.87
5644,507.87,27.74,27.48,44.51,1008.87
5645,507.96,27.74,27.49,44.51,1008.87
5646,508.05,27.74,27.49,44.49,1008.88
5647,508.14,27.74,27.49,44.51,1008.87
5648,508.23,27.74,27.48,44.51,1008.88
5649,508.32,27.74,27.48,44.51,1008.88
5650,508.41,27.74,27.48,44.51,1008.88
5651,508.50,27.74,27.48,44.51,1008.88
5652,508.59,27.74,27.48,44.49,1008.88
5653,508.68,27.74,27.48,44.50,1008.88
5654,508.77,27.74,27.47,44.50,1008.88
5655,508.86,27.74,27.48,44.51,1008.88
5656,508.95,27.74,27.47,44.52,1008.88
5657,509.04,27.74,27.47,44.52,1008.88
5658,509.13,27.74,27.47,44.53,1008.88
5659,509.22,27.74,27.47,44.53,1008.88
5660,509.31,27.74,27.47,44.52,1008.89
5661,509.40,27.74,27.48,44.50,1008.89
5662,509.49,27.74,27.48,44.49,1008.89
5663,509.58,27.74,27.48,44.50,1008.89
5664,509.67,27.74,27.48,44.50,1008.89
5665,509.76,27.74,27.47,44.50,1008.88
5666,509.85,27.74,27.47,44.51,1008.88
5667,509.94,27.74,27.47,44.51,1008.88
5668,510.03,27.74,27.48,44.50,1008.88
5669,510.12,27.74,27.47,44.50,1008.88
5670,510.21,27.74,27.47,44.49,1008.88
5671,510.30,27.74,27.47,44.50,1008.89
5672,510.39,27.74,27.47,44.52,1008.88
5673,510.48,27.74,27.47,44.52,1008.88
5674,510.57,27.74,27.46,44.53,1008.88
5675,510.66,27.74,27.47,44.53,1008.88
5676,510.75,27.74,27.47,44.54,1008.88
5677,510.84,27.74,27.47,44.53,1008.88
5678,510.93,27.74,27.47,44.52,1008.88
5679,511.02,27.74,27.47,44.51,1008.88
5680,511.11,27.74,27.46,44.50,1008.88
5681,511.20,27.74,27.46,44.50,1008.88
5682,511.29,27.74,27.46,44.49,1008.88
5683,511.38,27.74,27.46,44.50,1008.88
5684,511.47,27.74,27.46,44.49,1008.88
5685,511.56,27.74,27.47,44.51,1008.87
5686,511.65,27.74,27.45,44.51,1008.87
5687,511.74,27.74,27.45,44.48,1008.87
5688,511.83,27.74,27.46,44.49,1008.87
5689,511.92,27.74,27.45,44.49,1008.87
5690,512.01,27.74,27.46,44.49,1008.87
5691,512.10,27.74,27.45,44.50,1008.87
5692,512.19,27.74,27.45,44.49,1008.87
5693,512.28,27.74,27.45,44.50,1008.87
5694,512.37,27.74,27.45,44.50,1008.87
5695,512.46,27.74,27.45,44.51,1008.87
5696,512.55,27.74,27.46,44.50,1008.87
5697,512.64,27.74,27.46,44.49,1008.87
5698,512.73,27.74,27.46,44.50,1008.87
5699,512.82,27.74,27.46,44.50,1008.87
5700,512.91,27.74,27.46,44.48,1008.87
5701,513.00,27.74,27.45,44.49,1008.87
5702,513.09,27.74,27.44,44.47,1008.87
5703,513.18,27.74,27.44,44.47,1008.87
5704,513.27,27.74,27.45,44.48,1008.87
5705,513.36,27.74,27.45,44.47,1008.87
5706,513.45,27.74,27.45,44.48,1008.87
5707,513.54,27.74,27.46,44.47,1008.87
5708,513.63,27.74,27.47,44.48,1008.87
5709,513.72,27.74,27.47,44.48,1008.88
5710,513.81,27.74,27.46,44.48,1008.88
5711,513.90,27.74,27.46,44.49,1008.88
5712,513.99,27.74,27.46,44.48,1008.88
5713,514.08,27.74,27.46,44.45,1008.88
5714,514.17,27.74,27.48,44.46,1008.88
5715,514.26,27.74,27.48,44.46,1008.88
5716,514.35,27.74,27.48,44.46,1008.88
5717,514.44,27.74,27.48,44.47,1008.88
5718,514.53,27.74,27.47,44.47,1008.88
5719,514.62,27.74,27.48,44.46,1008.88
5720,514.71,27.74,27.47,44.46,1008.88
5721,514.80,27.74,27.46,44.47,1008.88
5722,514.89,27.74,27.46,44.48,1008.88
5723,514.98,27.74,27.47,44.45,1008.88
5724,515.07,27.74,27.47,44.44,1008.88
5725,515.16,27.74,27.47,44.44,1008.88
5726,515.25,27.74,27.47,44.44,1008.88
5727,515.34,27.74,27.47,44.45,1008.88
5728,515.43,27.74,27.47,44.47,1008.88
5729,515.52,27.74,27.48,44.47,1008.88
5730,515.61,27.74,27.48,44.49,1008.88
5731,515.70,27.74,27.48,44.48,1008.88
5732,515.79,27.74,27.48,44.47,1008.88
5733,515.88,27.74,27.48,44.49,1008.88
5734,515.97,27.74,27.48,44.49,1008.88
5735,516.06,27.74,27.48,44.49,1008.88
5736,516.15,27.74,27.48,44.48,1008.88
5737,516.24,27.74,27.47,44.48,1008.87
5738,516.33,27.74,27.48,44.47,1008.88
5739,516.42,27.74,27.48,44.46,1008.87
5740,516.51,27.74,27.48,44.46,1008.87
5741,516.60,27.74,27.49,44.47,1008.87
5742,516.69,27.74,27.50,44.49,1008.87
5743,516.78,27.74,27.50,44.48,1008.87
5744,516.87,27.74,27.50,44.47,1008.87
5745,516.96,27.74,27.50,44.45,1008.86
5746,517.05,27.74,27.51,44.46,1008.86
5747,517.14,27.74,27.51,44.45,1008.86
5748,517.23,27.74,27.52,44.45,1008.86
5749,517.32,27.74,27.52,44.44,1008.86
5750,517.41,27.74,27.52,44.44,1008.86
5751,517.50,27.74,27.52,44.44,1008.86
5752,517.59,27.74,27.52,44.41,1008.86
5753,517.68,27.74,27.52,44.42,1008.86
5754,517.77,27.74,27.51,44.42,1008.86
5755,517.86,27.74,27.51,44.42,1008.86
5756,517.95,27.74,27.52,44.43,1008.86
5757,518.04,27.74,27.53,44.43,1008.86
5758,518.13,27.74,27.52,44.44,1008.86
5759,518.22,27.74,27.52,44.45,1008.86
5760,518.31,27.74,27.52,44.44,1008.86
5761,518.40,27.74,27.51,44.42,1008.86
5762,518.49,27.74,27.52,44.42,1008.86
5763,518.58,27.74,27.52,44.43,1008.87
5764,518.67,27.74,27.52,44.42,1008.87
5765,518.76,27.74,27.51,44.42,1008.87
5766,518.85,27.74,27.51,44.42,1008.87
5767,518.94,27.74,27.51,44.41,1008.87
5768,519.03,27.74,27.51,44.44,1008.87
5769,519.12,27.74,27.51,44.43,1008.87
5770,519.21,27.74,27.51,44.41,1008.87
5771,519.30,27.74,27.50,44.40,1008.87
5772,519.39,27.74,27.50,44.39,1008.87
5773,519.48,27.74,27.50,44.39,1008.88
5774,519.57,27.74,27.50,44.40,1008.88
5775,519.66,27.74,27.51,44.41,1008.88
5776,519.75,27.74,27.51,44.38,1008.88
5777,519.84,27.74,27.50,44.38,1008.88
5778,519.93,27.74,27.50,44.36,1008.88
5779,520.02,27.74,27.50,44.38,1008.88
5780,520.11,27.74,27.49,44.35,1008.88
5781,520.20,27.74,27.49,44.34,1008.88
5782,520.29,27.74,27.49,44.33,1008.88
5783,520.38,27.74,27.50,44.33,1008.88
5784,520.47,27.74,27.50,44.32,1008.87
5785,520.56,27.74,27.50,44.30,1008.87
5786,520.65,27.74,27.49,44.30,1008.87
5787,520.74,27.74,27.49,44.29,1008.87
5788,520.83,27.74,27.49,44.27,1008.87
5789,520.92,27.74,27.49,44.28,1008.87
5790,521.01,27.74,27.49,44.28,1008.87
5791,521.10,27.74,27.49,44.28,1008.87
5792,521.19,27.74,27.49,44.29,1008.87
5793,521.28,27.74,27.49,44.31,1008.87
5794,521.37,27.74,27.48,44.30,1008.87
5795,521.46,27.74,27.48,44.30,1008.87
5796,521.55,27.74,27.48,44.28,1008.88
5797,521.64,27.74,27.48,44.29,1008.87
5798,521.73,27.74,27.48,44.31,1008.87
5799,521.82,27.74,27.49,44.32,1008.87
5800,521.91,27.74,27.48,44.33,1008.87
5801,522.00,27.74,27.48,44.32,1008.87
5802,522.09,27.74,27.49,44.33,1008.87
5803,522.18,27.74,27.49,44.34,1008.87
5804,522.27,27.74,27.49,44.33,1008.87
5805,522.36,27.74,27.49,44.35,1008.87
5806,522.45,27.74,27.49,44.35,1008.87
5807,522.54,27.74,27.49,44.35,1008.86
5808,522.63,27.74,27.48,44.35,1008.86
5809,522.72,27.74,27.48,44.35,1008.87
5810,522.81,27.74,27.48,44.35,1008.87
5811,522.90,27.74,27.48,44.35,1008.86
5812,522.99,27.74,27.48,44.35,1008.87
5813,523.08,27.74,27.49,44.35,1008.86
5814,523.17,27.74,27.49,44.34,1008.86
5815,523.26,27.74,27.49,44.34,1008.86
5816,523.35,27.74,27.49,44.33,1008.86
5817,523.44,27.74,27.49,44.34,1008.86
5818,523.53,27.74,27.48,44.34,1008.86
5819,523.62,27.74,27.48,44.32,1008.86
5820,523.71,27.74,27.48,44.33,1008.86
5821,523.80,27.74,27.48,44.34,1008.86
5822,523.89,27.74,27.47,44.35,1008.86
5823,523.98,27.74,27.47,44.37,1008.86
5824,524.07,27.74,27.48,44.36,1008.86
5825,524.16,27.74,27.48,44.36,1008.86
5826,524.25,27.74,27.49,44.35,1008.86
5827,524.34,27.74,27.48,44.35,1008.86
5828,524.43,27.74,27.48,44.37,1008.86
5829,524.52,27.74,27.48,44.36,1008.86
5830,524.61,27.74,27.48,44.37,1008.86
5831,524.70,27.74,27.48,44.36,1008.86
5832,524.79,27.74,27.48,44.38,1008.86
5833,524.88,27.74,27.47,44.37,1008.86
5834,524.97,27.74,27.47,44.38,1008.86
5835,525.06,27.74,27.47,44.36,1008.86
5836,525.15,27.74,27.48,44.38,1008.86
5837,525.24,27.74,27.48,44.39,1008.86
5838,525.33,27.74,27.47,44.40,1008.87
5839,525.42,27.74,27.48,44.38,1008.87
5840,525.51,27.74,27.48,44.39,1008.87
5841,525.60,27.74,27.48,44.37,1008.87
5842,525.69,27.74,27.47,44.38,1008.87
5843,525.78,27.74,27.47,44.36,1008.87
5844,525.87,27.74,27.47,44.34,1008.87
5845,525.96,27.74,27.46,44.37,1008.87
5846,526.05,27.74,27.46,44.37,1008.87
5847,526.14,27.74,27.46,44.37,1008.87
5848,526.23,27.74,27.46,44.39,1008.87
5849,526.32,27.74,27.47,44.40,1008.87
5850,526.41,27.74,27.47,44.38,1008.87
5851,526.50,27.74,27.47,44.39,1008.87
5852,526.59,27.74,27.46,44.39,1008.87
5853,526.68,27.74,27.47,44.38,1008.87
5854,526.77,27.74,27.46,44.37,1008.87
5855,526.86,27.74,27.46,44.34,1008.87
5856,526.95,27.74,27.47,44.34,1008.87
5857,527.04,27.74,27.48,44.36,1008.87
5858,527.13,27.74,27.48,44.37,1008.87
5859,527.22,27.74,27.48,44.38,1008.87
5860,527.31,27.74,27.48,44.36,1008.87
5861,527.40,27.74,27.48,44.35,1008.87
5862,527.49,27.74,27.48,44.34,1008.87
5863,527.58,27.74,27.48,44.32,1008.87
5864,527.67,27.74,27.49,44.32,1008.87
5865,527.76,27.74,27.49,44.34,1008.87
5866,527.85,27.74,27.49,44.34,1008.87
5867,527.94,27.74,27.49,44.34,1008.87
5868,528.03,27.74,27.49,44.33,1008.87
5869,528.12,27.74,27.49,44.31,1008.87
5870,528.21,27.74,27.50,44.31,1008.87
5871,528.30,27.74,27.50,44.30,1008.88
5872,528.39,27.74,27.50,44.28,1008.87
5873,528.48,27.74,27.51,44.29,1008.87
5874,528.57,27.74,27.50,44.28,1008.87
5875,528.66,27.74,27.50,44.27,1008.87
5876,528.75,27.74,27.50,44.25,1008.87
5877,528.84,27.74,27.49,44.24,1008.87
5878,528.93,27.74,27.49,44.26,1008.87
5879,529.02,27.74,27.49,44.26,1008.87
5880,529.11,27.74,27.49,44.28,1008.87
5881,529.20,27.74,27.49,44.27,1008.87
5882,529.29,27.74,27.49,44.28,1008.87
5883,529.38,27.74,27.49,44.26,1008.87
5884,529.47,27.74,27.49,44.26,1008.87
5885,529.56,27.74,27.48,44.27,1008.87
5886,529.65,27.74,27.48,44.27,1008.86
5887,529.74,27.74,27.48,44.27,1008.86
5888,529.83,27.74,27.48,44.27,1008.86
5889,529.92,27.74,27.48,44.24,1008.86
5890,530.01,27.74,27.48,44.26,1008.86
5891,530.10,27.74,27.48,44.25,1008.86
5892,530.19,27.74,27.48,44.25,1008.86
5893,530.28,27.74,27.48,44.26,1008.86
5894,530.37,27.74,27.49,44.25,1008.86
5895,530.46,27.74,27.49,44.24,1008.86
5896,530.55,27.74,27.50,44.25,1008.86
5897,530.64,27.74,27.50,44.24,1008.86
5898,530.73,27.74,27.51,44.24,1008.86
5899,530.82,27.74,27.51,44.25,1008.86
5900,530.91,27.74,27.51,44.23,1008.86
5901,531.00,27.74,27.50,44.23,1008.86
5902,531.09,27.74,27.50,44.22,1008.86
5903,531.18,27.74,27.49,44.25,1008.86
5904,531.27,27.74,27.50,44.25,1008.86
5905,531.36,27.74,27.49,44.24,1008.86
5906,531.45,27.74,27.50,44.25,1008.86
5907,531.54,27.74,27.50,44.24,1008.86
5908,531.63,27.74,27.50,44.24,1008.86
5909,531.72,27.74,27.51,44.24,1008.86
5910,531.81,27.74,27.51,44.22,1008.86
5911,531.90,27.74,27.51,44.21,1008.86
5912,531.99,27.74,27.50,44.23,1008.86
5913,532.08,27.74,27.50,44.22,1008.86
5914,532.17,27.74,27.50,44.24,1008.87
5915,532.26,27.74,27.50,44.22,1008.86
5916,532.35,27.74,27.49,44.21,1008.87
5917,532.44,27.74,27.49,44.21,1008.87
5918,532.53,27.74,27.49,44.20,1008.86
5919,532.62,27.74,27.49,44.20,1008.86
5920,532.71,27.74,27.49,44.19,1008.86
5921,532.80,27.74,27.49,44.19,1008.85
5922,532.89,27.74,27.49,44.19,1008.85
5923,532.98,27.74,27.48,44.20,1008.85
5924,533.07,27.74,27.48,44.19,1008.85
5925,533.16,27.74,27.48,44.17,1008.85
5926,533.25,27.74,27.48,44.16,1008.85
5927,533.34,27.74,27.48,44.17,1008.86
5928,533.43,27.74,27.48,44.17,1008.86
5929,533.52,27.74,27.48,44.17,1008.87
5930,533.61,27.74,27.48,44.18,1008.87
5931,533.70,27.74,27.48,44.16,1008.87
5932,533.79,27.74,27.48,44.19,1008.88
5933,533.88,27.74,27.48,44.19,1008.87
5934,533.97,27.74,27.49,44.18,1008.88
5935,534.06,27.74,27.48,44.18,1008.87
5936,534.15,27.74,27.48,44.18,1008.87
5937,534.24,27.74,27.49,44.18,1008.87
5938,534.33,27.74,27.48,44.18,1008.88
5939,534.42,27.74,27.47,44.20,1008.88
5940,534.51,27.74,27.47,44.20,1008.88
5941,534.60,27.74,27.47,44.18,1008.88
5942,534.69,27.74,27.47,44.17,1008.88
5943,534.78,27.74,27.47,44.17,1008.88
5944,534.87,27.74,27.47,44.17,1008.88
5945,534.96,27.74,27.48,44.18,1008.88
5946,535.05,27.74,27.48,44.19,1008.88
5947,535.14,27.74,27.48,44.19,1008.88
5948,535.23,27.74,27.48,44.21,1008.88
5949,535.32,27.74,27.48,44.22,1008.88
5950,535.41,27.74,27.48,44.24,1008.88
5951,535.50,27.74,27.49,44.25,1008.88
5952,535.59,27.74,27.48,44.23,1008.88
5953,535.68,27.74,27.49,44.22,1008.88
5954,535.77,27.74,27.48,44.24,1008.87
5955,535.86,27.74,27.48,44.23,1008.87
5956,535.95,27.74,27.49,44.25,1008.87
5957,536.04,27.74,27.49,44.24,1008.87
5958,536.13,27.74,27.48,44.25,1008.87
5959,536.22,27.74,27.48,44.27,1008.87
5960,536.31,27.74,27.49,44.27,1008.87
5961,536.40,27.74,27.48,44.27,1008.87
5962,536.49,27.74,27.49,44.26,1008.87
5963,536.58,27.74,27.49,44.26,1008.87
5964,536.67,27.74,27.49,44.26,1008.87
5965,536.76,27.74,27.48,44.25,1008.87
5966,536.85,27.74,27.48,44.23,1008.86
5967,536.94,27.74,27.48,44.24,1008.86
5968,537.03,27.74,27.48,44.22,1008.86
5969,537.12,27.74,27.48,44.22,1008.86
5970,537.21,27.74,27.48,44.21,1008.86
5971,537.30,27.74,27.48,44.21,1008.86
5972,537.39,27.74,27.47,44.22,1008.86
5973,537.48,27.74,27.48,44.22,1008.86
5974,537.57,27.74,27.48,44.21,1008.86
5975,537.66,27.74,27.49,44.21,1008.86
5976,537.75,27.74,27.49,44.21,1008.86
5977,537.84,27.74,27.49,44.22,1008.86
5978,537.93,27.74,27.48,44.22,1008.86
5979,538.02,27.74,27.49,44.23,1008.86
5980,538.11,27.74,27.48,44.24,1008.86
5981,538.20,27.74,27.49,44.22,1008.87
5982,538.29,27.74,27.49,44.22,1008.87
5983,538.38,27.74,27.49,44.21,1008.87
5984,538.47,27.74,27.49,44.20,1008.87
5985,538.56,27.74,27.49,44.23,1008.87
5986,538.65,27.74,27.49,44.24,1008.87
5987,538.74,27.74,27.49,44.23,1008.87
5988,538.83,27.74,27.49,44.21,1008.87
5989,538.92,27.74,27.50,44.23,1008.87
5990,539.01,27.74,27.49,44.24,1008.87
5991,539.10,27.74,27.48,44.25,1008.87
5992,539.19,27.74,27.49,44.24,1008.87
5993,539.28,27.74,27.48,44.25,1008.87
5994,539.37,27.74,27.47,44.23,1008.87
5995,539.46,27.74,27.47,44.23,1008.87
5996,539.55,27.74,27.47,44.24,1008.87
5997,539.64,27.74,27.47,44.25,1008.87
5998,539.73,27.74,27.47,44.25,1008.87
5999,539.82,27.74,27.48,44.24,1008.87
6000,539.91,27.74,27.47,44.23,1008.87
6001,540.00,27.74,27.48,44.22,1008.87
6002,540.09,27.74,27.49,44.24,1008.87
6003,540.18,27.74,27.49,44.23,1008.87
6004,540.27,27.74,27.49,44.24,1008.87
6005,540.36,27.74,27.49,44.25,1008.88
6006,540.45,27.74,27.49,44.24,1008.88
6007,540.54,27.74,27.49,44.22,1008.88
6008,540.63,27.74,27.49,44.23,1008.88
6009,540.72,27.74,27.48,44.21,1008.88
6010,540.81,27.74,27.49,44.21,1008.88
6011,540.90,27.74,27.49,44.20,1008.88
6012,540.99,27.74,27.49,44.21,1008.88
6013,541.08,27.74,27.48,44.20,1008.88
6014,541.17,27.74,27.48,44.20,1008.88
6015,541.26,27.74,27.48,44.18,1008.88
6016,541.35,27.74,27.48,44.19,1008.88
6017,541.44,27.74,27.48,44.18,1008.88
6018,541.53,27.74,27.48,44.19,1008.88
6019,541.62,27.74,27.49,44.19,1008.88
6020,541.71,27.73,27.49,44.19,1008.88
6021,541.80,27.73,27.48,44.18,1008.88
6022,541.89,27.73,27.49,44.18,1008.88
6023,541.98,27.73,27.49,44.17,1008.88
6024,542.07,27.73,27.48,44.19,1008.88
6025,542.16,27.73,27.49,44.17,1008.88
6026,542.25,27.73,27.49,44.18,1008.88
6027,542.34,27.73,27.49,44.18,1008.88
6028,542.43,27.73,27.48,44.19,1008.88
6029,542.52,27.73,27.49,44.20,1008.88
6030,542.61,27.73,27.50,44.21,1008.88
6031,542.70,27.73,27.50,44.21,1008.87
6032,542.79,27.73,27.50,44.22,1008.87
6033,542.88,27.73,27.51,44.22,1008.87
6034,542.97,27.73,27.51,44.22,1008.87
6035,543.06,27.73,27.51,44.23,1008.87
6036,543.15,27.73,27.51,44.24,1008.87
6037,543.24,27.73,27.51,44.26,1008.87
6038,543.33,27.73,27.51,44.23,1008.87
6039,543.42,27.73,27.51,44.25,1008.87
6040,543.51,27.73,27.51,44.25,1008.87
6041,543.60,27.73,27.51,44.23,1008.87
6042,543.69,27.73,27.50,44.23,1008.87
6043,543.78,27.73,27.50,44.23,1008.87
6044,543.87,27.73,27.51,44.21,1008.87
6045,543.96,27.73,27.51,44.21,1008.87
6046,544.05,27.73,27.51,44.22,1008.87
6047,544.14,27.73,27.51,44.20,1008.87
6048,544.23,27.73,27.50,44.20,1008.86
6049,544.32,27.73,27.51,44.21,1008.87
6050,544.41,27.73,27.51,44.20,1008.86
6051,544.50,27.73,27.51,44.20,1008.87
6052,544.59,27.73,27.51,44.20,1008.87
6053,544.68,27.73,27.51,44.17,1008.87
6054,544.77,27.73,27.52,44.18,1008.87
6055,544.86,27.73,27.52,44.20,1008.87
6056,544.95,27.73,27.52,44.20,1008.87
6057,545.04,27.73,27.53,44.19,1008.87
6058,545.13,27.73,27.52,44.20,1008.87
6059,545.22,27.73,27.52,44.23,1008.87
6060,545.31,27.73,27.52,44.23,1008.87
6061,545.40,27.73,27.52,44.23,1008.87
6062,545.49,27.73,27.51,44.23,1008.87
6063,545.58,27.73,27.51,44.24,1008.87
6064,545.67,27.73,27.51,44.25,1008.87
6065,545.76,27.73,27.50,44.25,1008.87
6066,545.85,27.73,27.50,44.24,1008.87
6067,545.94,27.73,27.50,44.22,1008.87
6068,546.03,27.73,27.50,44.21,1008.87
6069,546.12,27.73,27.49,44.22,1008.87
6070,546.21,27.73,27.49,44.22,1008.87
6071,546.30,27.73,27.50,44.22,1008.87
6072,546.39,27.73,27.50,44.20,1008.87
6073,546.48,27.73,27.50,44.21,1008.87
6074,546.57,27.73,27.51,44.19,1008.87
6075,546.66,27.73,27.51,44.18,1008.87
6076,546.75,27.73,27.51,44.19,1008.87
6077,546.84,27.73,27.51,44.20,1008.87
6078,546.93,27.73,27.50,44.19,1008.87
6079,547.02,27.73,27.50,44.20,1008.87
6080,547.11,27.73,27.50,44.21,1008.87
6081,547.20,27.73,27.50,44.24,1008.87
6082,547.29,27.73,27.49,44.24,1008.87
6083,547.38,27.73,27.54,44.25,1008.87
6084,547.47,27.73,27.49,44.24,1008.87
6085,547.56,27.73,27.41,44.24,1008.87
6086,547.65,27.73,27.46,44.24,1008.87
6087,547.74,27.73,27.49,44.21,1008.87
6088,547.83,27.73,27.50,44.20,1008.87
6089,547.92,27.73,27.49,44.21,1008.87
6090,548.01,27.73,27.50,44.19,1008.87
6091,548.10,27.73,27.50,44.21,1008.87
6092,548.19,27.73,27.50,44.21,1008.87
6093,548.28,27.73,27.50,44.22,1008.87
6094,548.37,27.73,27.50,44.23,1008.87
6095,548.46,27.73,27.50,44.23,1008.87
6096,548.55,27.73,27.49,44.23,1008.87
6097,548.64,27.73,27.49,44.22,1008.87
6098,548.73,27.73,27.49,44.22,1008.87
6099,548.82,27.73,27.49,44.22,1008.87
6100,548.91,27.73,27.49,44.21,1008.87
6101,549.00,27.73,27.49,44.20,1008.87
6102,549.09,27.73,27.49,44.19,1008.87
6103,549.18,27.73,27.50,44.20,1008.87
6104,549.27,27.73,27.50,44.21,1008.87
6105,549.36,27.73,27.50,44.20,1008.87
6106,549.45,27.73,27.51,44.21,1008.87
6107,549.54,27.73,27.50,44.20,1008.87
6108,549.63,27.73,27.51,44.20,1008.87
6109,549.72,27.73,27.50,44.20,1008.87
6110,549.81,27.73,27.51,44.19,1008.87
6111,549.90,27.73,27.52,44.19,1008.87
6112,549.99,27.73,27.52,44.20,1008.87
6113,550.08,27.73,27.52,44.20,1008.87
6114,550.17,27.73,27.52,44.20,1008.87
6115,550.26,27.73,27.51,44.21,1008.87
6116,550.35,27.73,27.52,44.20,1008.87
6117,550.44,27.73,27.51,44.21,1008.87
6118,550.53,27.73,27.50,44.22,1008.87
6119,550.62,27.73,27.51,44.22,1008.87
6120,550.71,27.73,27.50,44.22,1008.87
6121,550.80,27.73,27.51,44.22,1008.87
6122,550.89,27.73,27.51,44.21,1008.87
6123,550.98,27.73,27.51,44.19,1008.87
6124,551.07,27.73,27.52,44.18,1008.87
6125,551.16,27.73,27.52,44.18,1008.87
6126,551.25,27.73,27.46,44.18,1008.87
6127,551.34,27.73,27.49,44.18,1008.87
6128,551.43,27.73,27.51,44.17,1008.87
6129,551.52,27.73,27.51,44.18,1008.87
6130,551.61,27.73,27.51,44.20,1008.87
6131,551.70,27.73,27.51,44.22,1008.87
6132,551.79,27.73,27.52,44.21,1008.86
6133,551.88,27.73,27.52,44.19,1008.86
6134,551.97,27.73,27.52,44.18,1008.86
6135,552.06,27.73,27.53,44.18,1008.86
6136,552.15,27.73,27.52,44.18,1008.86
6137,552.24,27.73,27.51,44.16,1008.86
6138,552.33,27.73,27.51,44.18,1008.86
6139,552.42,27.73,27.52,44.19,1008.86
6140,552.51,27.73,27.52,44.19,1008.86
6141,552.60,27.73,27.52,44.20,1008.86
6142,552.69,27.73,27.52,44.21,1008.86
6143,552.78,27.73,27.52,44.20,1008.86
6144,552.87,27.73,27.52,44.21,1008.86
6145,552.96,27.73,27.53,44.20,1008.86
6146,553.05,27.73,27.53,44.22,1008.86
6147,553.14,27.73,27.53,44.22,1008.87
6148,553.23,27.73,27.52,44.23,1008.87
6149,553.32,27.73,27.52,44.24,1008.87
6150,553.41,27.73,27.52,44.24,1008.87
6151,553.50,27.73,27.52,44.22,1008.87
6152,553.59,27.73,27.52,44.21,1008.87
6153,553.68,27.73,27.52,44.21,1008.87
6154,553.77,27.73,27.52,44.21,1008.87
6155,553.86,27.73,27.52,44.22,1008.87
6156,553.95,27.73,27.52,44.23,1008.87
6157,554.04,27.73,27.52,44.22,1008.87
6158,554.13,27.73,27.52,44.22,1008.87
6159,554.22,27.73,27.52,44.22,1008.87
6160,554.31,27.73,27.52,44.22,1008.87
6161,554.40,27.73,27.52,44.21,1008.87
6162,554.49,27.73,27.52,44.19,1008.87
6163,554.58,27.73,27.52,44.21,1008.87
6164,554.67,27.73,27.52,44.22,1008.87
6165,554.76,27.73,27.52,44.22,1008.87
6166,554.85,27.73,27.52,44.24,1008.87
6167,554.94,27.73,27.52,44.23,1008.87
6168,555.03,27.73,27.52,44.25,1008.87
6169,555.12,27.73,27.52,44.26,1008.87
6170,555.21,27.73,27.52,44.27,1008.88
6171,555.30,27.73,27.51,44.27,1008.88
6172,555.39,27.73,27.51,44.29,1008.87
6173,555.48,27.73,27.52,44.27,1008.87
6174,555.57,27.73,27.52,44.28,1008.87
6175,555.66,27.73,27.51,44.27,1008.87
6176,555.75,27.73,27.51,44.27,1008.87
6177,555.84,27.73,27.51,44.27,1008.87
6178,555.93,27.73,27.51,44.27,1008.87
6179,556.02,27.73,27.51,44.26,1008.87
6180,556.11,27.73,27.50,44.24,1008.87
6181,556.20,27.73,27.50,44.24,1008.87
6182,556.29,27.73,27.51,44.20,1008.87
6183,556.38,27.73,27.51,44.19,1008.87
6184,556.47,27.73,27.51,44.17,1008.87
6185,556.56,27.74,27.51,44.16,1008.87
6186,556.65,27.73,27.51,44.16,1008.87
6187,556.74,27.73,27.51,44.15,1008.87
6188,556.83,27.73,27.51,44.15,1008.87
6189,556.92,27.73,27.51,44.15,1008.87
6190,557.01,27.73,27.50,44.13,1008.87
6191,557.10,27.74,27.50,44.12,1008.87
6192,557.19,27.74,27.50,44.11,1008.87
6193,557.28,27.74,27.50,44.11,1008.87
6194,557.37,27.74,27.50,44.10,1008.87
6195,557.46,27.74,27.50,44.08,1008.87
6196,557.55,27.74,27.50,44.09,1008.87
6197,557.64,27.74,27.50,44.10,1008.86
6198,557.73,27.74,27.49,44.10,1008.86
6199,557.82,27.74,27.49,44.10,1008.86
6200,557.91,27.74,27.50,44.11,1008.86
6201,558.00,27.74,27.49,44.10,1008.86
6202,558.09,27.74,27.50,44.09,1008.86
6203,558.18,27.74,27.50,44.09,1008.86
6204,558.27,27.74,27.51,44.11,1008.86
6205,558.36,27.74,27.50,44.09,1008.87
6206,558.45,27.74,27.50,44.10,1008.87
6207,558.54,27.74,27.50,44.11,1008.87
6208,558.63,27.74,27.50,44.10,1008.87
6209,558.72,27.74,27.51,44.10,1008.87
6210,558.81,27.74,27.50,44.09,1008.87
6211,558.90,27.74,27.50,44.10,1008.87
6212,558.99,27.74,27.50,44.11,1008.87
6213,559.08,27.74,27.51,44.10,1008.87
6214,559.17,27.74,27.50,44.14,1008.87
6215,559.26,27.74,27.50,44.13,1008.87
6216,559.35,27.74,27.50,44.15,1008.87
6217,559.44,27.74,27.51,44.15,1008.87
6218,559.53,27.73,27.51,44.13,1008.87
6219,559.62,27.73,27.51,44.12,1008.87
6220,559.71,27.73,27.51,44.14,1008.87
6221,559.80,27.73,27.51,44.13,1008.87
6222,559.89,27.73,27.51,44.15,1008.87
6223,559.98,27.73,27.51,44.13,1008.87
6224,560.07,27.73,27.51,44.12,1008.87
6225,560.16,27.73,27.51,44.10,1008.88
6226,560.25,27.74,27.51,44.11,1008.88
6227,560.34,27.73,27.51,44.09,1008.88
6228,560.43,27.74,27.51,44.06,1008.88
6229,560.52,27.74,27.51,44.08,1008.88
6230,560.61,27.73,27.51,44.09,1008.88
6231,560.70,27.73,27.51,44.10,1008.88
6232,560.79,27.74,27.51,44.11,1008.88
6233,560.88,27.73,27.51,44.11,1008.88
6234,560.97,27.74,27.51,44.11,1008.88
6235,561.06,27.73,27.51,44.09,1008.88
6236,561.15,27.73,27.51,44.09,1008.88
6237,561.24,27.73,27.51,44.06,1008.88
6238,561.33,27.73,27.51,44.09,1008.88
6239,561.42,27.74,27.51,44.11,1008.88
6240,561.51,27.73,27.51,44.10,1008.87
6241,561.60,27.73,27.50,44.08,1008.87
6242,561.69,27.73,27.51,44.08,1008.87
6243,561.78,27.73,27.51,44.07,1008.87
6244,561.87,27.73,27.50,44.07,1008.87
6245,561.96,27.73,27.50,44.09,1008.87
6246,562.05,27.73,27.49,44.09,1008.87
6247,562.14,27.73,27.50,44.10,1008.87
6248,562.23,27.73,27.51,44.11,1008.87
6249,562.32,27.73,27.51,44.11,1008.87
6250,562.41,27.73,27.51,44.00,1008.87
6251,562.50,27.73,27.51,44.14,1008.87
6252,562.59,27.73,27.51,44.11,1008.86
6253,562.68,27.73,27.51,44.11,1008.87
6254,562.77,27.73,27.51,44.11,1008.87
6255,562.86,27.73,27.51,44.13,1008.87
6256,562.95,27.73,27.51,44.14,1008.87
6257,563.04,27.73,27.52,44.13,1008.87
6258,563.13,27.73,27.52,44.13,1008.87
6259,563.22,27.73,27.52,44.12,1008.87
6260,563.31,27.73,27.52,44.11,1008.87
6261,563.40,27.73,27.52,44.10,1008.86
6262,563.49,27.73,27.52,44.09,1008.86
6263,563.58,27.73,27.52,44.09,1008.86
6264,563.67,27.73,27.52,44.09,1008.86
6265,563.76,27.73,27.51,44.10,1008.86
6266,563.85,27.73,27.52,44.11,1008.86
6267,563.94,27.73,27.52,44.10,1008.86
6268,564.03,27.73,27.52,44.10,1008.86
6269,564.12,27.73,27.52,44.08,1008.86
6270,564.21,27.73,27.52,44.07,1008.86
6271,564.30,27.73,27.52,44.07,1008.86
6272,564.39,27.73,27.52,44.09,1008.86
6273,564.48,27.73,27.51,44.11,1008.86
6274,564.57,27.73,27.51,44.10,1008.86
6275,564.66,27.73,27.51,44.10,1008.86
6276,564.75,27.73,27.50,44.09,1008.86
6277,564.84,27.73,27.50,44.11,1008.86
6278,564.93,27.73,27.51,44.12,1008.87
6279,565.02,27.73,27.51,44.11,1008.87
6280,565.11,27.73,27.50,44.10,1008.87
6281,565.20,27.73,27.50,44.10,1008.87
6282,565.29,27.73,27.50,44.08,1008.87
6283,565.38,27.73,27.50,44.08,1008.87
6284,565.47,27.73,27.50,44.06,1008.87
6285,565.56,27.73,27.50,44.07,1008.87
6286,565.65,27.73,27.50,44.09,1008.87
6287,565.74,27.73,27.51,44.09,1008.87
6288,565.83,27.73,27.51,44.12,1008.87
6289,565.92,27.73,27.52,44.11,1008.87
6290,566.01,27.73,27.52,44.12,1008.87
6291,566.10,27.73,27.51,44.12,1008.87
6292,566.19,27.73,27.51,44.13,1008.87
6293,566.28,27.73,27.52,44.13,1008.87
6294,566.37,27.73,27.51,44.13,1008.87
6295,566.46,27.73,27.52,44.14,1008.88
6296,566.55,27.73,27.53,44.13,1008.88
6297,566.64,27.73,27.53,44.14,1008.88
6298,566.73,27.73,27.52,44.16,1008.88
6299,566.82,27.73,27.52,44.17,1008.88
6300,566.91,27.73,27.53,44.17,1008.88
6301,567.00,27.73,27.52,44.17,1008.88
6302,567.09,27.73,27.53,44.19,1008.88
6303,567.18,27.73,27.53,44.20,1008.87
6304,567.27,27.73,27.52,44.20,1008.88
6305,567.36,27.73,27.52,44.19,1008.88
6306,567.45,27.73,27.53,44.16,1008.87
6307,567.54,27.73,27.53,44.16,1008.87
6308,567.63,27.73,27.52,44.18,1008.87
6309,567.72,27.73,27.53,44.16,1008.87
6310,567.81,27.73,27.53,44.14,1008.87
6311,567.90,27.73,27.53,44.13,1008.87
6312,567.99,27.73,27.53,44.15,1008.87
6313,568.08,27.73,27.53,44.15,1008.87
6314,568.17,27.73,27.54,44.14,1008.87
6315,568.26,27.73,27.53,44.16,1008.87
6316,568.35,27.73,27.54,44.17,1008.87
6317,568.44,27.73,27.53,44.16,1008.87
6318,568.53,27.73,27.54,44.15,1008.86
6319,568.62,27.73,27.53,44.15,1008.86
6320,568.71,27.73,27.54,44.15,1008.86
6321,568.80,27.73,27.54,44.14,1008.86
6322,568.89,27.73,27.54,44.14,1008.86
6323,568.98,27.73,27.54,44.12,1008.86
6324,569.07,27.73,27.54,44.12,1008.86
6325,569.16,27.73,27.54,44.14,1008.86
6326,569.25,27.73,27.54,44.13,1008.86
6327,569.34,27.73,27.54,44.15,1008.85
6328,569.43,27.73,27.54,44.14,1008.85
6329,569.52,27.73,27.54,44.13,1008.86
6330,569.61,27.73,27.53,44.14,1008.86
6331,569.70,27.73,27.53,44.14,1008.86
6332,569.79,27.73,27.53,44.13,1008.86
6333,569.88,27.73,27.53,44.14,1008.86
6334,569.97,27.73,27.52,44.15,1008.86
6335,570.06,27.73,27.52,44.13,1008.86
6336,570.15,27.73,27.52,44.14,1008.86
6337,570.24,27.73,27.52,44.17,1008.86
6338,570.33,27.73,27.52,44.16,1008.86
6339,570.42,27.73,27.52,44.17,1008.86
6340,570.51,27.73,27.51,44.17,1008.86
6341,570.60,27.73,27.51,44.17,1008.86
6342,570.69,27.74,27.52,44.16,1008.87
6343,570.78,27.74,27.52,44.18,1008.87
6344,570.87,27.74,27.52,44.16,1008.86
6345,570.96,27.74,27.52,44.15,1008.86
6346,571.05,27.73,27.51,44.13,1008.87
6347,571.14,27.73,27.52,44.14,1008.87
6348,571.23,27.73,27.51,44.13,1008.87
6349,571.32,27.73,27.51,44.13,1008.87
6350,571.41,27.73,27.51,44.13,1008.87
6351,571.50,27.73,27.51,44.14,1008.87
6352,571.59,27.73,27.51,44.12,1008.87
6353,571.68,27.73,27.52,44.13,1008.87
6354,571.77,27.74,27.51,44.11,1008.87
6355,571.86,27.73,27.51,44.11,1008.87
6356,571.95,27.73,27.51,44.10,1008.87
6357,572.04,27.73,27.51,44.12,1008.87
6358,572.13,27.73,27.51,44.12,1008.87
6359,572.22,27.73,27.51,44.12,1008.87
6360,572.31,27.73,27.51,44.09,1008.87
6361,572.40,27.73,27.51,44.09,1008.87
6362,572.49,27.73,27.51,44.10,1008.87
6363,572.58,27.73,27.51,44.09,1008.87
6364,572.67,27.73,27.51,44.07,1008.87
6365,572.76,27.73,27.51,44.06,1008.87
6366,572.85,27.73,27.51,44.05,1008.87
6367,572.94,27.73,27.51,44.05,1008.87
6368,573.03,27.73,27.51,44.07,1008.87
6369,573.12,27.73,27.51,44.07,1008.87
6370,573.21,27.73,27.51,44.06,1008.87
6371,573.30,27.73,27.51,44.06,1008.87
6372,573.39,27.73,27.51,44.07,1008.87
6373,573.48,27.73,27.52,44.08,1008.87
6374,573.57,27.73,27.51,44.08,1008.87
6375,573.66,27.73,27.51,44.09,1008.87
6376,573.75,27.73,27.51,44.08,1008.86
6377,573.84,27.73,27.52,44.06,1008.86
6378,573.93,27.74,27.51,44.05,1008.86
6379,574.02,27.73,27.51,44.05,1008.86
6380,574.11,27.73,27.52,44.04,1008.86
6381,574.20,27.73,27.51,44.05,1008.86
6382,574.29,27.73,27.51,44.07,1008.86
6383,574.38,27.73,27.51,44.07,1008.86
6384,574.47,27.73,27.51,44.07,1008.86
6385,574.56,27.73,27.51,44.07,1008.86
6386,574.65,27.73,27.52,44.04,1008.86
6387,574.74,27.73,27.53,44.04,1008.86
6388,574.83,27.73,27.52,44.02,1008.86
6389,574.92,27.73,27.52,44.04,1008.86
6390,575.01,27.73,27.53,44.05,1008.86
6391,575.10,27.73,27.54,44.05,1008.86
6392,575.19,27.73,27.54,44.05,1008.86
6393,575.28,27.73,27.54,44.04,1008.86
6394,575.37,27.74,27.54,44.07,1008.86
6395,575.46,27.74,27.53,44.07,1008.86
6396,575.55,27.74,27.54,44.08,1008.86
6397,575.64,27.74,27.54,44.10,1008.86
6398,575.73,27.74,27.54,44.08,1008.86
6399,575.82,27.74,27.55,44.07,1008.87
6400,575.91,27.75,27.55,44.07,1008.86
6401,576.00,27.74,27.55,44.08,1008.87
6402,576.09,27.74,27.55,44.06,1008.87
6403,576.18,27.74,27.55,44.07,1008.87
6404,576.27,27.74,27.55,44.06,1008.87
6405,576.36,27.74,27.54,44.05,1008.87
6406,576.45,27.74,27.55,44.03,1008.87
6407,576.54,27.74,27.55,44.02,1008.87
6408,576.63,27.74,27.55,44.04,1008.87
6409,576.72,27.73,27.56,44.03,1008.87
6410,576.81,27.73,27.56,44.02,1008.87
6411,576.90,27.73,27.56,44.01,1008.87
6412,576.99,27.73,27.56,44.00,1008.87
6413,577.08,27.73,27.56,43.99,1008.87
6414,577.17,27.73,27.56,43.98,1008.87
6415,577.26,27.73,27.56,43.96,1008.87
6416,577.35,27.73,27.56,43.98,1008.87
6417,577.44,27.73,27.56,43.99,1008.87
6418,577.53,27.73,27.56,43.98,1008.87
6419,577.62,27.73,27.57,44.00,1008.87
6420,577.71,27.73,27.57,44.00,1008.87
6421,577.80,27.73,27.55,44.02,1008.87
6422,577.89,27.73,27.55,44.02,1008.87
6423,577.98,27.73,27.55,44.02,1008.87
6424,578.07,27.73,27.54,44.03,1008.87
6425,578.16,27.73,27.54,44.05,1008.87
6426,578.25,27.73,27.55,44.04,1008.87
6427,578.34,27.73,27.55,44.03,1008.87
6428,578.43,27.74,27.54,44.03,1008.87
6429,578.52,27.74,27.54,44.03,1008.86
6430,578.61,27.74,27.55,44.01,1008.86
6431,578.70,27.74,27.55,44.01,1008.86
6432,578.79,27.74,27.55,44.02,1008.86
6433,578.88,27.74,27.55,44.00,1008.86
6434,578.97,27.74,27.55,44.01,1008.86
6435,579.06,27.74,27.55,44.02,1008.86
6436,579.15,27.74,27.55,44.01,1008.86
6437,579.24,27.74,27.54,44.01,1008.86
6438,579.33,27.74,27.55,44.03,1008.86
6439,579.42,27.73,27.54,44.03,1008.86
6440,579.51,27.73,27.54,44.03,1008.85
6441,579.60,27.73,27.54,44.01,1008.85
6442,579.69,27.74,27.54,44.03,1008.85
6443,579.78,27.74,27.54,44.01,1008.85
6444,579.87,27.74,27.53,44.01,1008.85
6445,579.96,27.74,27.53,44.00,1008.85
6446,580.05,27.74,27.53,43.98,1008.86
6447,580.14,27.73,27.52,43.98,1008.86
6448,580.23,27.73,27.53,44.00,1008.86
6449,580.32,27.73,27.53,43.98,1008.86
6450,580.41,27.73,27.53,43.98,1008.86
6451,580.50,27.73,27.52,43.97,1008.86
6452,580.59,27.74,27.52,43.98,1008.86
6453,580.68,27.73,27.52,44.00,1008.86
6454,580.77,27.74,27.52,44.00,1008.86
6455,580.86,27.74,27.52,44.00,1008.86
6456,580.95,27.74,27.51,43.98,1008.86
6457,581.04,27.73,27.52,43.98,1008.87
6458,581.13,27.73,27.51,43.99,1008.87
6459,581.22,27.73,27.52,43.99,1008.87
6460,581.31,27.73,27.52,43.98,1008.87
6461,581.40,27.73,27.51,43.99,1008.87
6462,581.49,27.73,27.51,43.97,1008.87
6463,581.58,27.73,27.52,44.00,1008.87
6464,581.67,27.73,27.52,44.01,1008.87
6465,581.76,27.73,27.52,44.00,1008.87
6466,581.85,27.73,27.52,44.02,1008.87
6467,581.94,27.73,27.52,44.03,1008.88
6468,582.03,27.73,27.53,44.03,1008.88
6469,582.12,27.74,27.53,44.04,1008.88
6470,582.21,27.74,27.53,44.05,1008.88
6471,582.30,27.74,27.54,44.06,1008.88
6472,582.39,27.74,27.54,44.07,1008.88
6473,582.48,27.74,27.54,44.06,1008.88
6474,582.57,27.74,27.54,44.07,1008.88
6475,582.66,27.73,27.53,44.06,1008.88
6476,582.75,27.73,27.53,44.05,1008.89
6477,582.84,27.73,27.53,44.06,1008.89
6478,582.93,27.73,27.53,44.06,1008.88
6479,583.02,27.73,27.53,44.07,1008.88
6480,583.11,27.73,27.54,44.07,1008.88
6481,583.20,27.73,27.54,44.09,1008.89
6482,583.29,27.73,27.54,44.09,1008.88
6483,583.38,27.73,27.53,44.08,1008.88
6484,583.47,27.73,27.53,44.08,1008.88
6485,583.56,27.74,27.54,44.09,1008.88
6486,583.65,27.74,27.54,44.08,1008.88
6487,583.74,27.74,27.54,44.08,1008.88
6488,583.83,27.74,27.54,44.07,1008.88
6489,583.92,27.74,27.54,44.07,1008.88
6490,584.01,27.74,27.54,44.07,1008.88
6491,584.10,27.74,27.54,44.06,1008.88
6492,584.19,27.74,27.53,44.06,1008.87
6493,584.28,27.74,27.54,44.08,1008.87
6494,584.37,27.74,27.54,44.07,1008.87
6495,584.46,27.74,27.54,44.06,1008.87
6496,584.55,27.74,27.53,44.04,1008.87
6497,584.64,27.75,27.53,44.04,1008.87
6498,584.73,27.75,27.54,44.05,1008.87
6499,584.82,27.75,27.54,44.04,1008.87
6500,584.91,27.75,27.54,44.04,1008.86
6501,585.00,27.74,27.53,44.03,1008.86
6502,585.09,27.74,27.53,44.03,1008.86
6503,585.18,27.74,27.53,44.02,1008.86
6504,585.27,27.74,27.54,44.01,1008.86
6505,585.36,27.74,27.54,43.99,1008.86
6506,585.45,27.74,27.54,44.00,1008.86
6507,585.54,27.74,27.54,43.99,1008.86
6508,585.63,27.74,27.54,43.99,1008.86
6509,585.72,27.74,27.54,43.99,1008.86
6510,585.81,27.74,27.54,43.97,1008.86
6511,585.90,27.73,27.54,43.96,1008.86
6512,585.99,27.74,27.53,43.96,1008.86
6513,586.08,27.74,27.53,43.96,1008.86
6514,586.17,27.74,27.53,43.94,1008.86
6515,586.26,27.74,27.53,43.92,1008.86
6516,586.35,27.74,27.54,43.91,1008.86
6517,586.44,27.73,27.53,43.87,1008.86
6518,586.53,27.74,27.54,43.87,1008.86
6519,586.62,27.74,27.54,43.85,1008.86
6520,586.71,27.74,27.53,43.84,1008.86
6521,586.80,27.74,27.54,43.86,1008.86
6522,586.89,27.74,27.53,43.87,1008.87
6523,586.98,27.73,27.53,43.87,1008.87
6524,587.07,27.74,27.53,43.87,1008.87
6525,587.16,27.74,27.54,43.87,1008.86
6526,587.25,27.74,27.53,43.88,1008.87
6527,587.34,27.73,27.53,43.88,1008.87
6528,587.43,27.73,27.53,43.88,1008.87
6529,587.52,27.73,27.53,43.88,1008.87
6530,587.61,27.73,27.53,43.87,1008.87
6531,587.70,27.73,27.54,43.86,1008.87
6532,587.79,27.73,27.54,43.87,1008.87
6533,587.88,27.73,27.54,43.88,1008.87
6534,587.97,27.73,27.54,43.88,1008.88
6535,588.06,27.73,27.54,43.89,1008.88
6536,588.15,27.73,27.54,43.89,1008.88
6537,588.24,27.73,27.54,43.88,1008.88
6538,588.33,27.73,27.54,43.89,1008.88
6539,588.42,27.73,27.54,43.90,1008.88
6540,588.51,27.73,27.54,43.91,1008.88
6541,588.60,27.73,27.54,43.91,1008.88
6542,588.69,27.73,27.54,43.93,1008.88
6543,588.78,27.73,27.54,43.92,1008.89
6544,588.87,27.73,27.54,43.93,1008.89
6545,588.96,27.73,27.55,43.92,1008.89
6546,589.05,27.73,27.54,43.94,1008.89
6547,589.14,27.73,27.55,43.96,1008.89
6548,589.23,27.73,27.55,43.95,1008.89
6549,589.32,27.73,27.56,43.96,1008.89
6550,589.41,27.73,27.56,43.96,1008.89
6551,589.50,27.73,27.55,43.97,1008.89
6552,589.59,27.73,27.55,43.98,1008.89
6553,589.68,27.73,27.55,43.99,1008.89
6554,589.77,27.73,27.55,44.00,1008.89
6555,589.86,27.73,27.56,44.02,1008.88
6556,589.95,27.73,27.56,44.02,1008.88
6557,590.04,27.73,27.56,44.03,1008.88
6558,590.13,27.73,27.55,44.04,1008.88
6559,590.22,27.73,27.56,44.04,1008.88
6560,590.31,27.73,27.55,44.02,1008.88
6561,590.40,27.73,27.55,44.01,1008.88
6562,590.49,27.73,27.55,44.01,1008.88
6563,590.58,27.73,27.56,44.00,1008.88
6564,590.67,27.73,27.56,44.00,1008.88
6565,590.76,27.73,27.56,44.01,1008.88
6566,590.85,27.73,27.56,44.00,1008.88
6567,590.94,27.73,27.56,44.01,1008.88
6568,591.03,27.73,27.56,44.01,1008.88
6569,591.12,27.73,27.56,44.02,1008.88
6570,591.21,27.73,27.56,44.01,1008.88
6571,591.30,27.73,27.57,43.99,1008.87
6572,591.39,27.73,27.57,44.00,1008.87
6573,591.48,27.73,27.58,44.01,1008.87
6574,591.57,27.73,27.57,44.00,1008.87
6575,591.66,27.73,27.57,43.99,1008.87
6576,591.75,27.73,27.57,43.99,1008.87
6577,591.84,27.73,27.57,43.98,1008.87
6578,591.93,27.73,27.57,43.98,1008.87
6579,592.02,27.73,27.58,43.98,1008.87
6580,592.11,27.73,27.58,43.95,1008.87
6581,592.20,27.73,27.58,43.96,1008.87
6582,592.29,27.73,27.58,43.94,1008.87
6583,592.38,27.73,27.58,43.94,1008.87
6584,592.47,27.73,27.58,43.92,1008.87
6585,592.56,27.73,27.57,43.91,1008.87
6586,592.65,27.73,27.58,43.91,1008.87
6587,592.74,27.73,27.59,43.93,1008.87
6588,592.83,27.73,27.58,43.93,1008.87
6589,592.92,27.73,27.57,43.91,1008.87
6590,593.01,27.73,27.57,43.90,1008.87
6591,593.10,27.73,27.57,43.89,1008.87
6592,593.19,27.73,27.57,43.91,1008.86
6593,593.28,27.73,27.57,43.90,1008.86
6594,593.37,27.73,27.57,43.92,1008.87
6595,593.46,27.73,27.57,43.91,1008.87
6596,593.55,27.73,27.57,43.92,1008.86
6597,593.64,27.73,27.57,43.94,1008.86
6598,593.73,27.73,27.57,43.95,1008.86
6599,593.82,27.73,27.57,43.95,1008.86
6600,593.91,27.73,27.56,43.96,1008.87
6601,594.00,27.73,27.56,43.97,1008.87
6602,594.09,27.73,27.56,43.97,1008.87
6603,594.18,27.73,27.56,43.97,1008.87
6604,594.27,27.73,27.56,43.96,1008.87
6605,594.36,27.73,27.55,43.95,1008.87
6606,594.45,27.73,27.55,43.95,1008.87
6607,594.54,27.73,27.55,43.95,1008.87
6608,594.63,27.73,27.55,43.95,1008.87
6609,594.72,27.73,27.55,43.97,1008.87
6610,594.81,27.73,27.55,43.97,1008.87
6611,594.90,27.73,27.55,43.96,1008.87
6612,594.99,27.73,27.55,43.99,1008.87
6613,595.08,27.73,27.55,43.99,1008.87
6614,595.17,27.73,27.55,43.99,1008.87
6615,595.26,27.73,27.55,43.97,1008.87
6616,595.35,27.73,27.54,43.96,1008.88
6617,595.44,27.73,27.54,43.97,1008.88
6618,595.53,27.73,27.54,43.96,1008.88
6619,595.62,27.73,27.54,43.96,1008.88
6620,595.71,27.73,27.55,43.96,1008.88
6621,595.80,27.73,27.55,43.94,1008.88
6622,595.89,27.73,27.55,43.95,1008.87
6623,595.98,27.73,27.55,43.94,1008.87
6624,596.07,27.73,27.55,43.94,1008.87
6625,596.16,27.74,27.55,43.94,1008.88
6626,596.25,27.73,27.55,43.92,1008.88
6627,596.34,27.73,27.56,43.93,1008.88
6628,596.43,27.73,27.56,43.95,1008.88
6629,596.52,27.73,27.56,43.96,1008.88
6630,596.61,27.73,27.56,43.97,1008.88
6631,596.70,27.73,27.56,43.97,1008.88
6632,596.79,27.73,27.56,43.98,1008.88
6633,596.88,27.73,27.56,43.97,1008.88
6634,596.97,27.73,27.56,43.95,1008.88
6635,597.06,27.73,27.55,43.94,1008.88
6636,597.15,27.73,27.55,43.96,1008.88
6637,597.24,27.73,27.55,43.95,1008.88
6638,597.33,27.73,27.55,43.94,1008.88
6639,597.42,27.72,27.55,43.94,1008.88
6640,597.51,27.72,27.54,43.94,1008.88
6641,597.60,27.72,27.55,43.93,1008.88
6642,597.69,27.72,27.55,43.94,1008.88
6643,597.78,27.73,27.55,43.93,1008.88
6644,597.87,27.73,27.55,43.94,1008.88
6645,597.96,27.73,27.55,43.95,1008.87
6646,598.05,27.73,27.54,43.95,1008.87
6647,598.14,27.73,27.54,43.96,1008.87
6648,598.23,27.73,27.54,43.94,1008.87
6649,598.32,27.73,27.54,43.94,1008.87
6650,598.41,27.73,27.55,43.93,1008.87
6651,598.50,27.73,27.55,43.93,1008.87
6652,598.59,27.73,27.55,43.92,1008.87
6653,598.68,27.73,27.55,43.93,1008.87
6654,598.77,27.73,27.55,43.92,1008.87
6655,598.86,27.73,27.55,43.90,1008.87
6656,598.95,27.72,27.55,43.92,1008.87
6657,599.04,27.73,27.55,43.89,1008.87
6658,599.13,27.73,27.56,43.88,1008.87
6659,599.22,27.73,27.56,43.87,1008.86
6660,599.31,27.73,27.56,43.87,1008.86
6661,599.40,27.73,27.56,43.88,1008.86
6662,599.49,27.73,27.56,43.88,1008.86
6663,599.58,27.73,27.56,43.88,1008.86
6664,599.67,27.73,27.56,43.88,1008.86
6665,599.76,27.74,27.56,43.89,1008.86
6666,599.85,27.73,27.56,43.88,1008.86
6667,599.94,27.73,27.55,43.88,1008.86
