Index,Relative Time (s),PT100 (degC),BME280 T (degC),Humidity (%),Pressure (hPa)
1,0.00,45.00,43.59,42.55,1008.76
2,0.09,44.95,43.38,42.59,1008.76
3,0.18,44.94,43.36,42.60,1008.75
4,0.27,44.91,43.34,42.62,1008.75
5,0.36,44.88,43.32,42.63,1008.75
6,0.45,44.86,43.29,42.63,1008.74
7,0.54,44.83,43.28,42.65,1008.75
8,0.63,44.80,43.26,42.66,1008.74
9,0.72,44.77,43.23,42.67,1008.74
10,0.81,44.75,43.20,42.67,1008.74
11,0.90,44.72,43.18,42.69,1008.74
12,0.99,44.70,43.16,42.69,1008.74
13,1.08,44.68,43.12,42.70,1008.74
14,1.17,44.66,43.10,42.72,1008.74
15,1.26,44.63,43.08,42.74,1008.74
16,1.35,44.60,43.05,42.75,1008.74
17,1.44,44.57,43.03,42.78,1008.74
18,1.53,44.55,43.00,42.77,1008.74
19,1.62,44.53,42.98,42.78,1008.74
20,1.71,44.50,42.96,42.79,1008.74
21,1.80,44.47,42.94,42.79,1008.74
22,1.89,44.45,42.91,42.82,1008.75
23,1.98,44.43,42.88,42.82,1008.75
24,2.07,44.41,42.87,42.84,1008.75
25,2.16,44.39,42.84,42.87,1008.75
26,2.25,44.36,42.81,42.89,1008.75
27,2.34,44.33,42.79,42.91,1008.76
28,2.43,44.30,42.77,42.93,1008.76
29,2.52,44.27,42.75,42.96,1008.76
30,2.61,44.25,42.72,42.96,1008.76
31,2.70,44.23,42.69,42.98,1008.76
32,2.79,44.20,42.67,43.01,1008.76
33,2.88,44.18,42.65,43.01,1008.76
34,2.97,44.15,42.62,43.02,1008.76
35,3.06,44.13,42.58,43.05,1008.76
36,3.15,44.10,42.56,43.05,1008.76
37,3.24,44.08,42.54,43.07,1008.76
38,3.33,44.06,42.52,43.09,1008.76
39,3.42,44.04,42.49,43.11,1008.76
40,3.51,44.02,42.47,43.13,1008.76
41,3.60,43.99,42.45,43.15,1008.75
42,3.69,43.97,42.43,43.16,1008.75
43,3.78,43.94,42.40,43.18,1008.75
44,3.87,43.92,42.37,43.20,1008.75
45,3.96,43.90,42.35,43.22,1008.75
46,4.05,43.87,42.33,43.21,1008.75
47,4.14,43.85,42.29,43.21,1008.75
48,4.23,43.83,42.28,43.22,1008.76
49,4.32,43.81,42.26,43.23,1008.76
50,4.41,43.78,42.22,43.21,1008.76
51,4.50,43.75,42.21,43.22,1008.75
52,4.59,43.73,42.18,43.22,1008.75
53,4.68,43.71,42.16,43.21,1008.75
54,4.77,43.69,42.13,43.22,1008.75
55,4.86,43.65,42.11,43.25,1008.74
56,4.95,43.63,42.08,43.28,1008.75
57,5.04,43.61,42.06,43.28,1008.74
58,5.13,43.59,42.04,43.29,1008.73
59,5.22,43.57,42.00,43.31,1008.74
60,5.31,43.55,41.98,43.31,1008.73
61,5.40,43.53,41.97,43.31,1008.74
62,5.49,43.51,41.95,43.33,1008.74
63,5.58,43.49,41.93,43.35,1008.74
64,5.67,43.47,41.91,43.35,1008.75
65,5.76,43.45,41.88,43.35,1008.75
66,5.85,43.42,41.86,43.37,1008.74
67,5.94,43.39,41.84,43.37,1008.74
68,6.03,43.38,41.81,43.38,1008.74
69,6.12,43.35,41.80,43.37,1008.74
70,6.21,43.33,41.77,43.38,1008.74
71,6.30,43.30,41.75,43.40,1008.73
72,6.39,43.27,41.72,43.40,1008.74
73,6.48,43.24,41.70,43.42,1008.74
74,6.57,43.21,41.68,43.43,1008.74
75,6.66,43.18,41.66,43.45,1008.75
76,6.75,43.16,41.64,43.46,1008.75
77,6.84,43.13,41.62,43.48,1008.75
78,6.93,43.11,41.59,43.48,1008.75
79,7.02,43.09,41.57,43.49,1008.75
80,7.11,43.05,41.55,43.51,1008.75
81,7.20,43.03,41.53,43.52,1008.75
82,7.29,43.02,41.51,43.55,1008.75
83,7.38,43.00,41.49,43.56,1008.73
84,7.47,42.98,41.47,43.54,1008.74
85,7.56,42.95,41.45,43.55,1008.76
86,7.65,42.93,41.44,43.53,1008.76
87,7.74,42.90,41.42,43.55,1008.76
88,7.83,42.87,41.40,43.57,1008.76
89,7.92,42.85,41.37,43.57,1008.76
90,8.01,42.83,41.34,43.60,1008.76
91,8.10,42.80,41.32,43.60,1008.76
92,8.19,42.77,41.29,43.62,1008.76
93,8.28,42.74,41.27,43.63,1008.76
94,8.37,42.72,41.24,43.63,1008.76
95,8.46,42.69,41.22,43.65,1008.76
96,8.55,42.68,41.20,43.64,1008.76
97,8.64,42.65,41.18,43.65,1008.75
98,8.73,42.63,41.16,43.68,1008.75
99,8.82,42.61,41.15,43.68,1008.75
100,8.91,42.58,41.13,43.69,1008.75
101,9.00,42.55,41.11,43.70,1008.75
102,9.09,42.53,41.08,43.73,1008.75
103,9.18,42.51,41.07,43.74,1008.75
104,9.27,42.49,41.04,43.76,1008.75
105,9.36,42.47,41.02,43.76,1008.75
106,9.45,42.44,41.00,43.74,1008.75
107,9.54,42.42,40.97,43.77,1008.75
108,9.63,42.40,40.95,43.80,1008.75
109,9.72,42.37,40.93,43.81,1008.75
110,9.81,42.35,40.91,43.82,1008.76
111,9.90,42.33,40.90,43.83,1008.76
112,9.99,42.31,40.87,43.84,1008.76
113,10.08,42.29,40.86,43.85,1008.75
114,10.17,42.26,40.84,43.87,1008.75
115,10.26,42.24,40.82,43.88,1008.75
116,10.35,42.22,40.80,43.89,1008.75
117,10.44,42.20,40.77,43.89,1008.75
118,10.53,42.18,40.75,43.90,1008.75
119,10.62,42.15,40.73,43.91,1008.75
120,10.71,42.13,40.71,43.91,1008.76
121,10.80,42.10,40.69,43.92,1008.76
122,10.89,42.09,40.68,43.93,1008.76
123,10.98,42.06,40.65,43.94,1008.76
124,11.07,42.04,40.63,43.96,1008.76
125,11.16,42.02,40.61,43.97,1008.77
126,11.25,42.01,40.59,43.98,1008.77
127,11.34,41.99,40.58,43.98,1008.77
128,11.43,41.97,40.56,44.01,1008.77
129,11.52,41.94,40.54,44.00,1008.77
130,11.61,41.92,40.52,44.00,1008.77
131,11.70,41.90,40.50,44.02,1008.78
132,11.79,41.88,40.48,44.01,1008.78
133,11.88,41.86,40.46,44.02,1008.78
134,11.97,41.84,40.44,44.01,1008.78
135,12.06,41.83,40.42,44.03,1008.78
136,12.15,41.80,40.40,44.04,1008.78
137,12.24,41.77,40.38,44.04,1008.78
138,12.33,41.75,40.36,44.06,1008.78
139,12.42,41.73,40.34,44.05,1008.78
140,12.51,41.70,40.32,44.05,1008.78
141,12.60,41.69,40.31,44.06,1008.78
142,12.69,41.67,40.28,44.07,1008.77
143,12.78,41.65,40.26,44.08,1008.77
144,12.87,41.63,40.24,44.09,1008.77
145,12.96,41.61,40.22,44.11,1008.77
146,13.05,41.59,40.21,44.13,1008.77
147,13.14,41.57,40.19,44.14,1008.77
148,13.23,41.55,40.17,44.13,1008.77
149,13.32,41.53,40.16,44.15,1008.77
150,13.41,41.52,40.14,44.17,1008.76
151,13.50,41.50,40.11,44.17,1008.76
152,13.59,41.49,40.09,44.19,1008.76
153,13.68,41.47,40.08,44.20,1008.76
154,13.77,41.44,40.04,44.22,1008.76
155,13.86,41.43,40.01,44.20,1008.75
156,13.95,41.41,39.99,44.23,1008.75
157,14.04,41.40,39.97,44.21,1008.75
158,14.13,41.38,39.96,44.22,1008.76
159,14.22,41.36,39.94,44.26,1008.75
160,14.31,41.34,39.92,44.28,1008.75
161,14.40,41.32,39.90,44.28,1008.75
162,14.49,41.30,39.89,44.30,1008.75
163,14.58,41.28,39.86,44.29,1008.75
164,14.67,41.26,39.84,44.30,1008.76
165,14.76,41.24,39.82,44.32,1008.76
166,14.85,41.22,39.79,44.36,1008.76
167,14.94,41.21,39.78,44.38,1008.76
168,15.03,41.18,39.76,44.39,1008.77
169,15.12,41.16,39.74,44.39,1008.77
170,15.21,41.14,39.72,44.40,1008.77
171,15.30,41.12,39.70,44.41,1008.77
172,15.39,41.11,39.68,44.42,1008.77
173,15.48,41.09,39.67,44.44,1008.78
174,15.57,41.07,39.65,44.46,1008.77
175,15.66,41.05,39.63,44.45,1008.77
176,15.75,41.03,39.61,44.46,1008.78
177,15.84,41.01,39.61,44.47,1008.78
178,15.93,40.99,39.58,44.47,1008.78
179,16.02,40.97,39.57,44.44,1008.78
180,16.11,40.96,39.55,44.45,1008.77
181,16.20,40.93,39.53,44.44,1008.77
182,16.29,40.91,39.50,44.46,1008.77
183,16.38,40.89,39.49,44.45,1008.77
184,16.47,40.88,39.46,44.43,1008.77
185,16.56,40.86,39.43,44.44,1008.77
186,16.65,40.84,39.42,44.47,1008.77
187,16.74,40.83,39.41,44.47,1008.77
188,16.83,40.81,39.39,44.50,1008.77
189,16.92,40.79,39.37,44.49,1008.77
190,17.01,40.77,39.35,44.47,1008.77
191,17.10,40.75,39.33,44.49,1008.77
192,17.19,40.73,39.32,44.48,1008.77
193,17.28,40.71,39.29,44.49,1008.77
194,17.37,40.70,39.27,44.50,1008.77
195,17.46,40.67,39.25,44.50,1008.77
196,17.55,40.65,39.23,44.50,1008.78
197,17.64,40.62,39.22,44.51,1008.77
198,17.73,40.60,39.20,44.54,1008.77
199,17.82,40.58,39.19,44.57,1008.77
200,17.91,40.56,39.18,44.57,1008.78
201,18.00,40.54,39.15,44.57,1008.78
202,18.09,40.51,39.13,44.58,1008.78
203,18.18,40.50,39.10,44.60,1008.78
204,18.27,40.48,39.09,44.63,1008.78
205,18.36,40.46,39.08,44.65,1008.78
206,18.45,40.44,39.06,44.66,1008.78
207,18.54,40.42,39.05,44.68,1008.79
208,18.63,40.40,39.03,44.70,1008.79
209,18.72,40.37,39.01,44.70,1008.79
210,18.81,40.34,38.99,44.70,1008.79
211,18.90,40.33,38.98,44.71,1008.78
212,18.99,40.31,38.96,44.74,1008.79
213,19.08,40.29,38.95,44.78,1008.79
214,19.17,40.28,38.93,44.79,1008.79
215,19.26,40.26,38.91,44.80,1008.79
216,19.35,40.24,38.88,44.80,1008.79
217,19.44,40.23,38.86,44.82,1008.79
218,19.53,40.21,38.84,44.85,1008.79
219,19.62,40.19,38.83,44.85,1008.79
220,19.71,40.16,38.81,44.85,1008.79
221,19.80,40.14,38.80,44.85,1008.79
222,19.89,40.12,38.78,44.85,1008.78
223,19.98,40.10,38.76,44.88,1008.78
224,20.07,40.08,38.75,44.88,1008.78
225,20.16,40.07,38.74,44.87,1008.78
226,20.25,40.05,38.72,44.88,1008.78
227,20.34,40.02,38.71,44.90,1008.78
228,20.43,40.00,38.69,44.92,1008.78
229,20.52,39.98,38.67,44.92,1008.78
230,20.61,39.96,38.66,44.95,1008.78
231,20.70,39.95,38.64,44.94,1008.78
232,20.79,39.93,38.62,44.97,1008.78
233,20.88,39.90,38.61,44.97,1008.77
234,20.97,39.88,38.60,44.98,1008.77
235,21.06,39.86,38.58,45.01,1008.77
236,21.15,39.84,38.55,45.03,1008.77
237,21.24,39.82,38.54,45.04,1008.77
238,21.33,39.80,38.51,45.05,1008.76
239,21.42,39.79,38.50,45.06,1008.76
240,21.51,39.78,38.49,45.04,1008.76
241,21.60,39.76,38.46,45.04,1008.76
242,21.69,39.74,38.45,45.04,1008.75
243,21.78,39.72,38.43,45.05,1008.75
244,21.87,39.70,38.40,45.06,1008.75
245,21.96,39.67,38.39,45.08,1008.75
246,22.05,39.65,38.37,45.07,1008.75
247,22.14,39.64,38.36,45.08,1008.75
248,22.23,39.62,38.34,45.11,1008.75
249,22.32,39.61,38.33,45.12,1008.75
250,22.41,39.59,38.32,45.13,1008.75
251,22.50,39.57,38.29,45.13,1008.75
252,22.59,39.55,38.28,45.14,1008.75
253,22.68,39.53,38.25,45.13,1008.75
254,22.77,39.51,38.25,45.13,1008.75
255,22.86,39.50,38.23,45.15,1008.75
256,22.95,39.48,38.22,45.15,1008.76
257,23.04,39.46,38.21,45.17,1008.76
258,23.13,39.44,38.20,45.17,1008.76
259,23.22,39.41,38.17,45.19,1008.76
260,23.31,39.40,38.16,45.20,1008.76
261,23.40,39.38,38.14,45.24,1008.76
262,23.49,39.36,38.12,45.24,1008.76
263,23.58,39.35,38.11,45.25,1008.76
264,23.67,39.33,38.08,45.24,1008.77
265,23.76,39.32,38.05,45.24,1008.76
266,23.85,39.29,38.02,45.23,1008.76
267,23.94,39.28,38.01,45.26,1008.76
268,24.03,39.26,37.99,45.26,1008.76
269,24.12,39.25,37.96,45.27,1008.77
270,24.21,39.23,37.94,45.28,1008.76
271,24.30,39.22,37.93,45.30,1008.77
272,24.39,39.20,37.92,45.29,1008.77
273,24.48,39.19,37.90,45.29,1008.77
274,24.57,39.17,37.88,45.31,1008.77
275,24.66,39.15,37.86,45.34,1008.77
276,24.75,39.14,37.84,45.35,1008.77
277,24.84,39.12,37.83,45.34,1008.77
278,24.93,39.10,37.80,45.37,1008.77
279,25.02,39.07,37.78,45.37,1008.77
280,25.11,39.06,37.78,45.39,1008.77
281,25.20,39.05,37.77,45.37,1008.78
282,25.29,39.03,37.75,45.39,1008.78
283,25.38,39.01,37.73,45.39,1008.77
284,25.47,38.99,37.71,45.39,1008.77
285,25.56,38.97,37.69,45.38,1008.77
286,25.65,38.96,37.67,45.41,1008.77
287,25.74,38.95,37.66,45.41,1008.76
288,25.83,38.94,37.64,45.43,1008.76
289,25.92,38.92,37.62,45.42,1008.76
290,26.01,38.90,37.60,45.44,1008.76
291,26.10,38.89,37.59,45.45,1008.76
292,26.19,38.86,37.57,45.46,1008.76
293,26.28,38.85,37.56,45.47,1008.76
294,26.37,38.83,37.54,45.49,1008.76
295,26.46,38.82,37.54,45.49,1008.76
296,26.55,38.81,37.53,45.51,1008.76
297,26.64,38.79,37.51,45.51,1008.75
298,26.73,38.77,37.49,45.51,1008.76
299,26.82,38.74,37.48,45.52,1008.76
300,26.91,38.73,37.47,45.52,1008.76
301,27.00,38.71,37.45,45.53,1008.76
302,27.09,38.69,37.42,45.54,1008.76
303,27.18,38.67,37.41,45.55,1008.76
304,27.27,38.65,37.39,45.57,1008.76
305,27.36,38.63,37.36,45.56,1008.76
306,27.45,38.62,37.35,45.57,1008.75
307,27.54,38.60,37.34,45.59,1008.76
308,27.63,38.59,37.33,45.61,1008.76
309,27.72,38.57,37.31,45.61,1008.76
310,27.81,38.56,37.30,45.60,1008.76
311,27.90,38.54,37.28,45.62,1008.76
312,27.99,38.53,37.27,45.60,1008.76
313,28.08,38.51,37.25,45.60,1008.76
314,28.17,38.49,37.23,45.59,1008.76
315,28.26,38.47,37.21,45.62,1008.76
316,28.35,38.45,37.21,45.62,1008.76
317,28.44,38.44,37.20,45.62,1008.76
318,28.53,38.43,37.19,45.65,1008.76
319,28.62,38.41,37.18,45.64,1008.76
320,28.71,38.39,37.16,45.65,1008.75
321,28.80,38.37,37.14,45.66,1008.75
322,28.89,38.35,37.12,45.66,1008.75
323,28.98,38.33,37.11,45.66,1008.75
324,29.07,38.32,37.09,45.65,1008.75
325,29.16,38.31,37.07,45.68,1008.74
326,29.25,38.29,37.05,45.67,1008.74
327,29.34,38.27,37.03,45.68,1008.74
328,29.43,38.26,37.02,45.70,1008.74
329,29.52,38.23,37.01,45.71,1008.74
330,29.61,38.21,37.00,45.72,1008.74
331,29.70,38.19,36.99,45.71,1008.73
332,29.79,38.18,36.98,45.71,1008.73
333,29.88,38.17,36.96,45.71,1008.73
334,29.97,38.15,36.94,45.73,1008.73
335,30.06,38.13,36.93,45.74,1008.73
336,30.15,38.12,36.92,45.75,1008.73
337,30.24,38.10,36.90,45.75,1008.73
338,30.33,38.08,36.88,45.77,1008.73
339,30.42,38.08,36.87,45.77,1008.73
340,30.51,38.06,36.85,45.77,1008.72
341,30.60,38.04,36.84,45.79,1008.73
342,30.69,38.02,36.83,45.79,1008.73
343,30.78,38.01,36.81,45.78,1008.73
344,30.87,38.00,36.79,45.79,1008.73
345,30.96,37.98,36.77,45.80,1008.73
346,31.05,37.97,36.76,45.81,1008.73
347,31.14,37.96,36.75,45.81,1008.74
348,31.23,37.95,36.74,45.81,1008.74
349,31.32,37.95,36.73,45.83,1008.74
350,31.41,37.93,36.71,45.85,1008.74
351,31.50,37.92,36.70,45.87,1008.75
352,31.59,37.90,36.68,45.86,1008.74
353,31.68,37.89,36.66,45.86,1008.75
354,31.77,37.87,36.65,45.85,1008.75
355,31.86,37.86,36.63,45.84,1008.75
356,31.95,37.84,36.61,45.85,1008.76
357,32.04,37.82,36.60,45.85,1008.76
358,32.13,37.79,36.59,45.86,1008.76
359,32.22,37.77,36.57,45.88,1008.77
360,32.31,37.76,36.56,45.87,1008.76
361,32.40,37.73,36.55,45.84,1008.77
362,32.49,37.72,36.53,45.86,1008.77
363,32.58,37.70,36.52,45.87,1008.76
364,32.67,37.69,36.52,45.87,1008.76
365,32.76,37.67,36.51,45.89,1008.77
366,32.85,37.65,36.49,45.89,1008.77
367,32.94,37.63,36.47,45.89,1008.77
368,33.03,37.61,36.46,45.91,1008.77
369,33.12,37.59,36.43,45.92,1008.77
370,33.21,37.57,36.42,45.92,1008.77
371,33.30,37.56,36.41,45.94,1008.77
372,33.39,37.54,36.40,45.94,1008.77
373,33.48,37.53,36.38,45.94,1008.77
374,33.57,37.51,36.36,45.97,1008.76
375,33.66,37.50,36.34,45.97,1008.76
376,33.75,37.48,36.32,45.98,1008.76
377,33.84,37.46,36.31,45.97,1008.77
378,33.93,37.45,36.30,45.97,1008.77
379,34.02,37.43,36.29,45.99,1008.77
380,34.11,37.41,36.28,45.98,1008.77
381,34.20,37.40,36.27,46.00,1008.77
382,34.29,37.39,36.25,46.02,1008.77
383,34.38,37.38,36.24,46.01,1008.76
384,34.47,37.36,36.22,46.04,1008.76
385,34.56,37.34,36.21,46.05,1008.77
386,34.65,37.33,36.20,46.05,1008.76
387,34.74,37.31,36.18,46.05,1008.76
388,34.83,37.28,36.18,46.06,1008.76
389,34.92,37.27,36.16,46.08,1008.76
390,35.01,37.26,36.14,46.07,1008.76
391,35.10,37.24,36.12,46.08,1008.76
392,35.19,37.23,36.11,46.10,1008.76
393,35.28,37.21,36.09,46.13,1008.76
394,35.37,37.21,36.07,46.13,1008.76
395,35.46,37.19,36.07,46.11,1008.76
396,35.55,37.18,36.05,46.11,1008.77
397,35.64,37.17,36.05,46.11,1008.77
398,35.73,37.15,36.05,46.11,1008.77
399,35.82,37.15,36.03,46.10,1008.77
400,35.91,37.14,36.03,46.11,1008.77
401,36.00,37.13,36.01,46.11,1008.77
402,36.09,37.11,36.00,46.11,1008.77
403,36.18,37.10,35.97,46.14,1008.77
404,36.27,37.07,35.96,46.13,1008.77
405,36.36,37.06,35.95,46.15,1008.76
406,36.45,37.04,35.93,46.15,1008.77
407,36.54,37.03,35.91,46.15,1008.77
408,36.63,37.01,35.90,46.15,1008.77
409,36.72,37.01,35.89,46.15,1008.77
410,36.81,36.99,35.88,46.15,1008.77
411,36.90,36.97,35.87,46.16,1008.77
412,36.99,36.96,35.86,46.18,1008.76
413,37.08,36.95,35.85,46.19,1008.76
414,37.17,36.93,35.83,46.21,1008.76
415,37.26,36.92,35.81,46.19,1008.76
416,37.35,36.90,35.79,46.20,1008.76
417,37.44,36.90,35.78,46.22,1008.76
418,37.53,36.88,35.77,46.23,1008.76
419,37.62,36.87,35.75,46.24,1008.75
420,37.71,36.86,35.73,46.23,1008.75
421,37.80,36.85,35.72,46.24,1008.75
422,37.89,36.84,35.72,46.23,1008.75
423,37.98,36.82,35.71,46.25,1008.75
424,38.07,36.82,35.69,46.25,1008.75
425,38.16,36.80,35.67,46.24,1008.75
426,38.25,36.78,35.66,46.25,1008.75
427,38.34,36.77,35.65,46.25,1008.76
428,38.43,36.75,35.65,46.28,1008.75
429,38.52,36.74,35.64,46.28,1008.75
430,38.61,36.72,35.63,46.28,1008.75
431,38.70,36.70,35.61,46.29,1008.75
432,38.79,36.69,35.59,46.28,1008.75
433,38.88,36.67,35.58,46.26,1008.75
434,38.97,36.66,35.56,46.27,1008.75
435,39.06,36.65,35.54,46.28,1008.75
436,39.15,36.65,35.53,46.28,1008.76
437,39.24,36.64,35.52,46.28,1008.76
438,39.33,36.62,35.51,46.30,1008.76
439,39.42,36.61,35.50,46.31,1008.77
440,39.51,36.60,35.49,46.34,1008.77
441,39.60,36.58,35.48,46.34,1008.77
442,39.69,36.56,35.46,46.33,1008.78
443,39.78,36.55,35.46,46.34,1008.78
444,39.87,36.53,35.43,46.33,1008.78
445,39.96,36.51,35.41,46.32,1008.78
446,40.05,36.50,35.40,46.34,1008.78
447,40.14,36.48,35.40,46.35,1008.78
448,40.23,36.46,35.39,46.36,1008.78
449,40.32,36.45,35.37,46.36,1008.78
450,40.41,36.43,35.37,46.34,1008.78
451,40.50,36.41,35.35,46.33,1008.78
452,40.59,36.40,35.34,46.35,1008.79
453,40.68,36.38,35.32,46.35,1008.79
454,40.77,36.37,35.31,46.37,1008.79
455,40.86,36.36,35.30,46.37,1008.79
456,40.95,36.34,35.29,46.36,1008.80
457,41.04,36.33,35.28,46.37,1008.79
458,41.13,36.32,35.26,46.37,1008.79
459,41.22,36.31,35.24,46.38,1008.79
460,41.31,36.29,35.24,46.37,1008.79
461,41.40,36.28,35.22,46.35,1008.79
462,41.49,36.27,35.20,46.39,1008.78
463,41.58,36.26,35.19,46.41,1008.78
464,41.67,36.24,35.18,46.43,1008.78
465,41.76,36.23,35.16,46.45,1008.78
466,41.85,36.22,35.16,46.46,1008.78
467,41.94,36.20,35.14,46.47,1008.77
468,42.03,36.19,35.13,46.46,1008.78
469,42.12,36.18,35.12,46.46,1008.77
470,42.21,36.17,35.11,46.48,1008.77
471,42.30,36.15,35.09,46.50,1008.77
472,42.39,36.15,35.07,46.51,1008.77
473,42.48,36.13,35.05,46.53,1008.77
474,42.57,36.12,35.02,46.52,1008.77
475,42.66,36.10,35.01,46.53,1008.77
476,42.75,36.09,34.99,46.53,1008.77
477,42.84,36.08,34.98,46.55,1008.77
478,42.93,36.06,34.97,46.57,1008.76
479,43.02,36.05,34.96,46.61,1008.76
480,43.11,36.03,34.94,46.60,1008.76
481,43.20,36.02,34.93,46.62,1008.76
482,43.29,36.01,34.93,46.65,1008.75
483,43.38,36.00,34.92,46.67,1008.75
484,43.47,35.99,34.91,46.67,1008.75
485,43.56,35.97,34.90,46.70,1008.75
486,43.65,35.95,34.89,46.69,1008.75
487,43.74,35.95,34.88,46.69,1008.75
488,43.83,35.93,34.87,46.68,1008.75
489,43.92,35.92,34.86,46.70,1008.76
490,44.01,35.91,34.85,46.70,1008.76
491,44.10,35.89,34.84,46.72,1008.76
492,44.19,35.87,34.83,46.73,1008.77
493,44.28,35.86,34.82,46.72,1008.77
494,44.37,35.85,34.82,46.70,1008.77
495,44.46,35.83,34.80,46.69,1008.77
496,44.55,35.82,34.79,46.70,1008.77
497,44.64,35.82,34.77,46.70,1008.78
498,44.73,35.80,34.75,46.70,1008.77
499,44.82,35.80,34.74,46.68,1008.77
500,44.91,35.78,34.72,46.68,1008.77
501,45.00,35.76,34.71,46.68,1008.77
502,45.09,35.74,34.70,46.70,1008.77
503,45.18,35.73,34.69,46.70,1008.77
504,45.27,35.71,34.68,46.68,1008.77
505,45.36,35.71,34.66,46.70,1008.77
506,45.45,35.70,34.65,46.71,1008.77
507,45.54,35.68,34.64,46.69,1008.77
508,45.63,35.67,34.63,46.71,1008.77
509,45.72,35.66,34.61,46.72,1008.77
510,45.81,35.65,34.60,46.71,1008.77
511,45.90,35.63,34.59,46.72,1008.77
512,45.99,35.63,34.58,46.71,1008.76
513,46.08,35.62,34.58,46.72,1008.76
514,46.17,35.60,34.57,46.70,1008.76
515,46.26,35.58,34.56,46.71,1008.76
516,46.35,35.57,34.55,46.72,1008.76
517,46.44,35.55,34.54,46.74,1008.76
518,46.53,35.54,34.52,46.72,1008.76
519,46.62,35.53,34.50,46.72,1008.76
520,46.71,35.52,34.49,46.74,1008.76
521,46.80,35.50,34.49,46.75,1008.76
522,46.89,35.50,34.47,46.76,1008.75
523,46.98,35.49,34.46,46.75,1008.75
524,47.07,35.48,34.46,46.77,1008.76
525,47.16,35.46,34.45,46.78,1008.76
526,47.25,35.44,34.44,46.80,1008.76
527,47.34,35.44,34.43,46.82,1008.76
528,47.43,35.42,34.41,46.83,1008.77
529,47.52,35.41,34.39,46.81,1008.76
530,47.61,35.40,34.38,46.82,1008.76
531,47.70,35.38,34.36,46.81,1008.77
532,47.79,35.37,34.35,46.81,1008.77
533,47.88,35.35,34.33,46.81,1008.77
534,47.97,35.34,34.33,46.82,1008.77
535,48.06,35.32,34.32,46.84,1008.77
536,48.15,35.30,34.31,46.84,1008.77
537,48.24,35.29,34.31,46.85,1008.77
538,48.33,35.28,34.30,46.86,1008.78
539,48.42,35.27,34.28,46.86,1008.78
540,48.51,35.26,34.27,46.88,1008.78
541,48.60,35.25,34.26,46.87,1008.77
542,48.69,35.24,34.25,46.86,1008.78
543,48.78,35.22,34.24,46.88,1008.78
544,48.87,35.21,34.23,46.88,1008.79
545,48.96,35.18,34.23,46.90,1008.78
546,49.05,35.17,34.21,46.90,1008.78
547,49.14,35.16,34.20,46.90,1008.78
548,49.23,35.15,34.19,46.91,1008.78
549,49.32,35.13,34.18,46.92,1008.78
550,49.41,35.12,34.17,46.92,1008.78
551,49.50,35.10,34.16,46.92,1008.78
552,49.59,35.09,34.14,46.94,1008.78
553,49.68,35.08,34.13,46.92,1008.78
554,49.77,35.07,34.12,46.93,1008.78
555,49.86,35.05,34.11,46.93,1008.78
556,49.95,35.04,34.10,46.95,1008.78
557,50.04,35.04,34.09,46.96,1008.78
558,50.13,35.03,34.09,46.94,1008.78
559,50.22,35.02,34.08,46.94,1008.78
560,50.31,35.00,34.08,46.93,1008.77
561,50.40,34.98,34.06,46.93,1008.77
562,50.49,34.98,34.04,46.91,1008.77
563,50.58,34.97,34.03,46.94,1008.76
564,50.67,34.97,34.02,46.94,1008.76
565,50.76,34.96,34.01,46.95,1008.75
566,50.85,34.95,33.99,46.96,1008.75
567,50.94,34.93,33.99,46.97,1008.75
568,51.03,34.92,33.99,46.99,1008.75
569,51.12,34.90,33.98,46.98,1008.75
570,51.21,34.90,33.97,46.98,1008.75
571,51.30,34.89,33.97,46.98,1008.75
572,51.39,34.88,33.94,46.97,1008.75
573,51.48,34.87,33.93,46.97,1008.75
574,51.57,34.86,33.93,46.98,1008.75
575,51.66,34.85,33.91,46.97,1008.75
576,51.75,34.84,33.90,46.97,1008.75
577,51.84,34.83,33.89,46.98,1008.75
578,51.93,34.83,33.88,46.98,1008.76
579,52.02,34.82,33.86,46.99,1008.76
580,52.11,34.81,33.86,46.99,1008.75
581,52.20,34.79,33.85,46.99,1008.76
582,52.29,34.77,33.84,46.99,1008.76
583,52.38,34.77,33.83,46.99,1008.75
584,52.47,34.76,33.81,46.99,1008.75
585,52.56,34.75,33.80,46.99,1008.76
586,52.65,34.74,33.79,47.02,1008.76
587,52.74,34.74,33.78,47.01,1008.76
588,52.83,34.73,33.76,47.04,1008.75
589,52.92,34.71,33.75,47.04,1008.75
590,53.01,34.70,33.74,47.03,1008.75
591,53.10,34.69,33.73,47.05,1008.75
592,53.19,34.68,33.72,47.05,1008.75
593,53.28,34.67,33.72,47.04,1008.75
594,53.37,34.66,33.70,47.05,1008.75
595,53.46,34.65,33.70,47.05,1008.76
596,53.55,34.63,33.69,47.05,1008.76
597,53.64,34.63,33.67,47.08,1008.76
598,53.73,34.61,33.66,47.08,1008.75
599,53.82,34.60,33.65,47.07,1008.76
600,53.91,34.59,33.64,47.08,1008.75
601,54.00,34.59,33.63,47.09,1008.75
602,54.09,34.58,33.61,47.09,1008.75
603,54.18,34.56,33.59,47.08,1008.75
604,54.27,34.56,33.59,47.10,1008.75
605,54.36,34.54,33.57,47.13,1008.75
606,54.45,34.52,33.56,47.12,1008.75
607,54.54,34.51,33.55,47.13,1008.74
608,54.63,34.50,33.53,47.14,1008.74
609,54.72,34.49,33.52,47.14,1008.74
610,54.81,34.49,33.50,47.15,1008.74
611,54.90,34.48,33.49,47.16,1008.75
612,54.99,34.46,33.48,47.16,1008.75
613,55.08,34.45,33.48,47.16,1008.75
614,55.17,34.44,33.45,47.16,1008.75
615,55.26,34.43,33.45,47.18,1008.75
616,55.35,34.42,33.44,47.17,1008.75
617,55.44,34.41,33.43,47.17,1008.76
618,55.53,34.39,33.42,47.19,1008.76
619,55.62,34.39,33.41,47.18,1008.77
620,55.71,34.37,33.40,47.17,1008.76
621,55.80,34.35,33.39,47.17,1008.76
622,55.89,34.35,33.38,47.18,1008.76
623,55.98,34.33,33.37,47.21,1008.77
624,56.07,34.32,33.35,47.23,1008.77
625,56.16,34.32,33.35,47.24,1008.77
626,56.25,34.21,33.34,47.27,1008.77
627,56.34,34.29,33.33,47.27,1008.77
628,56.43,34.29,33.32,47.28,1008.77
629,56.52,34.27,33.31,47.29,1008.78
630,56.61,34.26,33.30,47.31,1008.78
631,56.70,34.25,33.29,47.31,1008.78
632,56.79,34.24,33.28,47.31,1008.78
633,56.88,34.22,33.27,47.31,1008.78
634,56.97,34.21,33.27,47.33,1008.78
635,57.06,34.20,33.26,47.33,1008.78
636,57.15,34.19,33.24,47.32,1008.78
637,57.24,34.17,33.24,47.32,1008.78
638,57.33,34.16,33.24,47.32,1008.78
639,57.42,34.15,33.23,47.31,1008.78
640,57.51,34.14,33.23,47.31,1008.78
641,57.60,34.13,33.22,47.31,1008.78
642,57.69,34.12,33.21,47.30,1008.78
643,57.78,34.11,33.20,47.29,1008.78
644,57.87,34.10,33.19,47.29,1008.77
645,57.96,34.08,33.20,47.29,1008.77
646,58.05,34.07,33.19,47.29,1008.77
647,58.14,34.05,33.26,47.30,1008.77
648,58.23,34.05,33.20,47.30,1008.77
649,58.32,34.03,33.16,47.32,1008.77
650,58.41,34.03,33.15,47.32,1008.77
651,58.50,34.01,33.14,47.33,1008.76
652,58.59,34.00,33.13,47.32,1008.76
653,58.68,33.99,33.12,47.30,1008.76
654,58.77,33.98,33.11,47.29,1008.75
655,58.86,33.97,33.10,47.28,1008.75
656,58.95,33.96,33.09,47.28,1008.75
657,59.04,33.96,33.09,47.26,1008.75
658,59.13,33.95,33.07,47.27,1008.75
659,59.22,33.94,33.06,47.27,1008.75
660,59.31,33.93,33.06,47.28,1008.74
661,59.40,33.93,33.04,47.28,1008.74
662,59.49,33.91,33.04,47.27,1008.74
663,59.58,33.90,33.03,47.27,1008.74
664,59.67,33.90,33.01,47.27,1008.74
665,59.76,33.89,33.00,47.29,1008.74
666,59.85,33.88,32.99,47.29,1008.73
667,59.94,33.87,32.99,47.31,1008.73
668,60.03,33.86,32.98,47.32,1008.73
669,60.12,33.85,32.98,47.32,1008.73
670,60.21,33.84,32.97,47.34,1008.74
671,60.30,33.83,32.96,47.34,1008.73
672,60.39,33.81,32.96,47.35,1008.74
673,60.48,33.81,32.95,47.34,1008.74
674,60.57,33.80,32.95,47.34,1008.74
675,60.66,33.79,32.93,47.34,1008.74
676,60.75,33.78,32.92,47.31,1008.74
677,60.84,33.78,32.92,47.33,1008.74
678,60.93,33.77,32.91,47.34,1008.74
679,61.02,33.76,32.90,47.31,1008.74
680,61.11,33.75,32.88,47.29,1008.75
681,61.20,33.75,32.87,47.29,1008.74
682,61.29,33.74,32.85,47.29,1008.74
683,61.38,33.73,32.84,47.27,1008.75
684,61.47,33.72,32.82,47.27,1008.75
685,61.56,33.72,32.81,47.28,1008.75
686,61.65,33.70,32.80,47.29,1008.76
687,61.74,33.69,32.79,47.29,1008.75
688,61.83,33.68,32.79,47.27,1008.75
689,61.92,33.66,32.78,47.27,1008.76
690,62.01,33.65,32.78,47.27,1008.76
691,62.10,33.65,32.77,47.29,1008.76
692,62.19,33.64,32.77,47.29,1008.76
693,62.28,33.62,32.76,47.30,1008.77
694,62.37,33.62,32.76,47.31,1008.77
695,62.46,33.62,32.75,47.29,1008.77
696,62.55,33.61,32.74,47.29,1008.77
697,62.64,33.60,32.72,47.29,1008.77
698,62.73,33.59,32.71,47.28,1008.76
699,62.82,33.59,32.70,47.28,1008.76
700,62.91,33.58,32.67,47.28,1008.76
701,63.00,33.57,32.66,47.27,1008.77
702,63.09,33.57,32.64,47.28,1008.76
703,63.18,33.57,32.63,47.30,1008.77
704,63.27,33.56,32.63,47.30,1008.76
705,63.36,33.54,32.62,47.31,1008.77
706,63.45,33.54,32.61,47.31,1008.77
707,63.54,33.53,32.61,47.31,1008.77
708,63.63,33.52,32.59,47.32,1008.78
709,63.72,33.51,32.59,47.33,1008.78
710,63.81,33.51,32.57,47.35,1008.78
711,63.90,33.50,32.56,47.36,1008.78
712,63.99,33.49,32.54,47.37,1008.78
713,64.08,33.48,32.53,47.37,1008.79
714,64.17,33.46,32.52,47.38,1008.79
715,64.26,33.46,32.51,47.39,1008.79
716,64.35,33.45,32.50,47.38,1008.79
717,64.44,33.44,32.51,47.38,1008.78
718,64.53,33.43,32.50,47.38,1008.79
719,64.62,33.42,32.49,47.38,1008.79
720,64.71,33.42,32.49,47.39,1008.78
721,64.80,33.40,32.47,47.41,1008.78
722,64.89,33.39,32.47,47.42,1008.78
723,64.98,33.38,32.45,47.43,1008.78
724,65.07,33.37,32.44,47.43,1008.78
725,65.16,33.36,32.44,47.42,1008.77
726,65.25,33.35,32.42,47.43,1008.77
727,65.34,33.33,32.41,47.42,1008.77
728,65.43,33.32,32.41,47.43,1008.77
729,65.52,33.31,32.41,47.43,1008.76
730,65.61,33.29,32.40,47.43,1008.76
731,65.70,33.28,32.39,47.43,1008.76
732,65.79,33.27,32.39,47.43,1008.76
733,65.88,33.26,32.38,47.44,1008.76
734,65.97,33.25,32.37,47.46,1008.76
735,66.06,33.25,32.36,47.43,1008.75
736,66.15,33.23,32.35,47.43,1008.76
737,66.24,33.22,32.34,47.42,1008.76
738,66.33,33.21,32.33,47.41,1008.76
739,66.42,33.20,32.32,47.43,1008.75
740,66.51,33.19,32.31,47.43,1008.75
741,66.60,33.18,32.30,47.44,1008.75
742,66.69,33.16,32.30,47.46,1008.75
743,66.78,33.15,32.29,47.46,1008.75
744,66.87,33.14,32.29,47.47,1008.75
745,66.96,33.13,32.29,47.47,1008.75
746,67.05,33.12,32.28,47.45,1008.75
747,67.14,33.12,32.27,47.45,1008.74
748,67.23,33.11,32.25,47.43,1008.74
749,67.32,33.10,32.23,47.47,1008.74
750,67.41,33.10,32.23,47.47,1008.74
751,67.50,33.08,32.22,47.47,1008.74
752,67.59,33.07,32.22,47.49,1008.74
753,67.68,33.06,32.22,47.50,1008.74
754,67.77,33.05,32.21,47.51,1008.74
755,67.86,33.05,32.19,47.51,1008.74
756,67.95,33.04,32.19,47.51,1008.74
757,68.04,33.03,32.18,47.54,1008.75
758,68.13,33.02,32.18,47.53,1008.74
759,68.22,33.01,32.18,47.52,1008.74
760,68.31,33.00,32.17,47.52,1008.74
761,68.40,32.98,32.16,47.53,1008.74
762,68.49,32.97,32.16,47.54,1008.74
763,68.58,32.96,32.16,47.54,1008.74
764,68.67,32.94,32.15,47.55,1008.74
765,68.76,32.94,32.14,47.54,1008.74
766,68.85,32.93,32.13,47.55,1008.74
767,68.94,32.92,32.12,47.56,1008.74
768,69.03,32.92,32.10,47.54,1008.74
769,69.12,32.91,32.10,47.56,1008.74
770,69.21,32.90,32.09,47.57,1008.75
771,69.30,32.89,32.08,47.58,1008.75
772,69.39,32.87,32.08,47.57,1008.75
773,69.48,32.86,32.08,47.57,1008.76
774,69.57,32.86,32.07,47.59,1008.76
775,69.66,32.86,32.06,47.59,1008.76
776,69.75,32.84,32.06,47.61,1008.76
777,69.84,32.83,32.04,47.63,1008.76
778,69.93,32.81,32.03,47.62,1008.77
779,70.02,32.81,32.02,47.64,1008.77
780,70.11,32.80,32.02,47.64,1008.77
781,70.20,32.80,32.01,47.66,1008.77
782,70.29,32.78,32.01,47.65,1008.77
783,70.38,32.77,32.00,47.65,1008.77
784,70.47,32.76,32.00,47.67,1008.77
785,70.56,32.75,31.99,47.66,1008.77
786,70.65,32.75,31.98,47.68,1008.77
787,70.74,32.74,31.96,47.67,1008.76
788,70.83,32.74,31.96,47.66,1008.76
789,70.92,32.73,31.95,47.66,1008.76
790,71.01,32.72,31.94,47.67,1008.76
791,71.10,32.71,31.94,47.67,1008.76
792,71.19,32.71,31.92,47.67,1008.77
793,71.28,32.70,31.92,47.68,1008.76
794,71.37,32.70,31.91,47.68,1008.76
795,71.46,32.69,31.91,47.67,1008.77
796,71.55,32.68,31.90,47.68,1008.77
797,71.64,32.67,31.89,47.66,1008.77
798,71.73,32.66,31.89,47.67,1008.77
799,71.82,32.65,31.88,47.68,1008.77
800,71.91,32.65,31.87,47.69,1008.77
801,72.00,32.64,31.85,47.69,1008.77
802,72.09,32.64,31.84,47.69,1008.77
803,72.18,32.63,31.83,47.69,1008.76
804,72.27,32.62,31.83,47.68,1008.76
805,72.36,32.61,31.82,47.70,1008.77
806,72.45,32.60,31.81,47.70,1008.77
807,72.54,32.60,31.80,47.70,1008.77
808,72.63,32.58,31.80,47.70,1008.77
809,72.72,32.57,31.80,47.69,1008.77
810,72.81,32.56,31.79,47.69,1008.77
811,72.90,32.55,31.78,47.69,1008.77
812,72.99,32.55,31.78,47.70,1008.77
813,73.08,32.54,31.78,47.70,1008.77
814,73.17,32.53,31.77,47.70,1008.77
815,73.26,32.52,31.77,47.71,1008.77
816,73.35,32.52,31.75,47.70,1008.77
817,73.44,32.52,31.74,47.71,1008.77
818,73.53,32.52,31.74,47.70,1008.77
819,73.62,32.51,31.73,47.70,1008.77
820,73.71,32.50,31.72,47.70,1008.77
821,73.80,32.49,31.71,47.71,1008.77
822,73.89,32.48,31.69,47.71,1008.77
823,73.98,32.47,31.68,47.72,1008.77
824,74.07,32.46,31.68,47.71,1008.77
825,74.16,32.45,31.66,47.69,1008.77
826,74.25,32.44,31.65,47.69,1008.77
827,74.34,32.44,31.64,47.68,1008.77
828,74.43,32.44,31.64,47.68,1008.77
829,74.52,32.43,31.63,47.69,1008.76
830,74.61,32.43,31.62,47.67,1008.76
831,74.70,32.42,31.61,47.67,1008.76
832,74.79,32.42,31.61,47.67,1008.76
833,74.88,32.41,31.60,47.66,1008.76
834,74.97,32.40,31.59,47.66,1008.76
835,75.06,32.39,31.59,47.65,1008.76
836,75.15,32.38,31.58,47.64,1008.75
837,75.24,32.38,31.57,47.63,1008.75
838,75.33,32.37,31.55,47.64,1008.75
839,75.42,32.37,31.55,47.62,1008.75
840,75.51,32.36,31.54,47.60,1008.75
841,75.60,32.36,31.53,47.61,1008.75
842,75.69,32.35,31.52,47.60,1008.75
843,75.78,32.33,31.52,47.58,1008.75
844,75.87,32.33,31.50,47.57,1008.75
845,75.96,32.31,31.50,47.58,1008.75
846,76.05,32.30,31.50,47.58,1008.75
847,76.14,32.29,31.49,47.59,1008.76
848,76.23,32.28,31.49,47.57,1008.76
849,76.32,32.28,31.49,47.56,1008.76
850,76.41,32.27,31.48,47.55,1008.76
851,76.50,32.27,31.47,47.53,1008.76
852,76.59,32.26,31.46,47.52,1008.76
853,76.68,32.26,31.45,47.52,1008.76
854,76.77,32.25,31.44,47.52,1008.76
855,76.86,32.24,31.44,47.51,1008.76
856,76.95,32.23,31.43,47.53,1008.77
857,77.04,32.22,31.43,47.53,1008.77
858,77.13,32.21,31.41,47.55,1008.77
859,77.22,32.21,31.41,47.55,1008.78
860,77.31,32.19,31.40,47.55,1008.78
861,77.40,32.18,31.39,47.54,1008.78
862,77.49,32.17,31.38,47.56,1008.78
863,77.58,32.16,31.37,47.57,1008.78
864,77.67,32.16,31.37,47.57,1008.78
865,77.76,32.14,31.36,47.57,1008.78
866,77.85,32.13,31.36,47.57,1008.78
867,77.94,32.12,31.36,47.57,1008.78
868,78.03,32.12,31.36,47.61,1008.79
869,78.12,32.11,31.35,47.60,1008.78
870,78.21,32.10,31.35,47.61,1008.78
871,78.30,32.09,31.34,47.63,1008.78
872,78.39,32.08,31.34,47.63,1008.78
873,78.48,32.07,31.33,47.64,1008.78
874,78.57,32.07,31.31,47.62,1008.78
875,78.66,32.06,31.31,47.62,1008.78
876,78.75,32.05,31.30,47.61,1008.78
877,78.84,32.04,31.29,47.61,1008.78
878,78.93,32.03,31.28,47.60,1008.77
879,79.02,32.03,31.28,47.61,1008.78
880,79.11,32.02,31.28,47.61,1008.78
881,79.20,32.01,31.27,47.58,1008.78
882,79.29,32.01,31.27,47.58,1008.78
883,79.38,32.00,31.25,47.58,1008.78
884,79.47,31.99,31.24,47.57,1008.78
885,79.56,31.99,31.24,47.58,1008.78
886,79.65,31.98,31.22,47.58,1008.78
887,79.74,31.97,31.21,47.58,1008.78
888,79.83,31.97,31.21,47.59,1008.78
889,79.92,31.96,31.20,47.60,1008.78
890,80.01,31.95,31.20,47.59,1008.78
891,80.10,31.95,31.20,47.58,1008.78
892,80.19,31.93,31.19,47.59,1008.78
893,80.28,31.93,31.18,47.59,1008.78
894,80.37,31.93,31.18,47.59,1008.78
895,80.46,31.92,31.18,47.60,1008.78
896,80.55,31.90,31.17,47.60,1008.77
897,80.64,31.90,31.16,47.60,1008.78
898,80.73,31.90,31.16,47.61,1008.77
899,80.82,31.89,31.16,47.61,1008.77
900,80.91,31.88,31.15,47.62,1008.77
901,81.00,31.87,31.14,47.62,1008.78
902,81.09,31.86,31.14,47.63,1008.78
903,81.18,31.85,31.14,47.63,1008.78
904,81.27,31.84,31.14,47.63,1008.78
905,81.36,31.84,31.14,47.64,1008.78
906,81.45,31.83,31.13,47.64,1008.78
907,81.54,31.83,31.12,47.63,1008.78
908,81.63,31.82,31.11,47.62,1008.78
909,81.72,31.82,31.10,47.62,1008.77
910,81.81,31.82,31.10,47.64,1008.78
911,81.90,31.82,31.09,47.64,1008.78
912,81.99,31.82,31.08,47.64,1008.77
913,82.08,31.81,31.08,47.62,1008.77
914,82.17,31.80,31.08,47.62,1008.77
915,82.26,31.79,31.07,47.61,1008.77
916,82.35,31.79,31.06,47.59,1008.77
917,82.44,31.79,31.06,47.60,1008.77
918,82.53,31.78,31.06,47.60,1008.76
919,82.62,31.78,31.05,47.61,1008.76
920,82.71,31.78,31.04,47.60,1008.77
921,82.80,31.77,31.04,47.62,1008.77
922,82.89,31.77,31.03,47.62,1008.76
923,82.98,31.77,31.03,47.61,1008.76
924,83.07,31.77,31.03,47.60,1008.76
925,83.16,31.76,31.01,47.61,1008.76
926,83.25,31.76,31.01,47.62,1008.76
927,83.34,31.74,31.00,47.61,1008.76
928,83.43,31.74,31.00,47.60,1008.76
929,83.52,31.74,30.98,47.59,1008.76
930,83.61,31.72,30.98,47.58,1008.76
931,83.70,31.71,30.97,47.56,1008.76
932,83.79,31.70,30.97,47.57,1008.76
933,83.88,31.69,30.97,47.56,1008.76
934,83.97,31.68,30.96,47.55,1008.76
935,84.06,31.67,30.95,47.54,1008.76
936,84.15,31.66,30.94,47.54,1008.76
937,84.24,31.65,30.94,47.52,1008.76
938,84.33,31.65,30.92,47.51,1008.76
939,84.42,31.64,30.91,47.52,1008.75
940,84.51,31.62,30.90,47.51,1008.76
941,84.60,31.62,30.89,47.50,1008.75
942,84.69,31.61,30.88,47.51,1008.76
943,84.78,31.61,30.87,47.51,1008.76
944,84.87,31.60,30.87,47.52,1008.76
945,84.96,31.59,30.87,47.54,1008.76
946,85.05,31.59,30.86,47.54,1008.76
947,85.14,31.58,30.86,47.53,1008.76
948,85.23,31.57,30.86,47.51,1008.77
949,85.32,31.56,30.84,47.52,1008.77
950,85.41,31.56,30.83,47.51,1008.77
951,85.50,31.56,30.84,47.52,1008.77
952,85.59,31.55,30.82,47.52,1008.77
953,85.68,31.54,30.81,47.51,1008.76
954,85.77,31.54,30.81,47.50,1008.76
955,85.86,31.53,30.79,47.50,1008.76
956,85.95,31.52,30.79,47.51,1008.77
957,86.04,31.52,30.78,47.54,1008.77
958,86.13,31.52,30.78,47.54,1008.76
959,86.22,31.51,30.77,47.55,1008.77
960,86.31,31.51,30.77,47.57,1008.77
961,86.40,31.50,30.76,47.56,1008.77
962,86.49,31.49,30.75,47.55,1008.77
963,86.58,31.48,30.75,47.55,1008.77
964,86.67,31.47,30.75,47.54,1008.77
965,86.76,31.46,30.73,47.55,1008.77
966,86.85,31.46,30.72,47.56,1008.76
967,86.94,31.46,30.71,47.52,1008.76
968,87.03,31.45,30.70,47.50,1008.76
969,87.12,31.45,30.70,47.51,1008.76
970,87.21,31.44,30.70,47.52,1008.76
971,87.30,31.44,30.70,47.49,1008.76
972,87.39,31.43,30.69,47.50,1008.75
973,87.48,31.42,30.69,47.49,1008.75
974,87.57,31.41,30.69,47.49,1008.75
975,87.66,31.40,30.69,47.49,1008.75
976,87.75,31.40,30.68,47.49,1008.75
977,87.84,31.39,30.67,47.49,1008.74
978,87.93,31.38,30.66,47.49,1008.74
979,88.02,31.38,30.64,47.49,1008.74
980,88.11,31.37,30.53,47.51,1008.74
981,88.20,31.36,30.59,47.52,1008.74
982,88.29,31.35,30.62,47.51,1008.74
983,88.38,31.35,30.62,47.49,1008.74
984,88.47,31.34,30.62,47.48,1008.74
985,88.56,31.32,30.61,47.47,1008.74
986,88.65,31.31,30.61,47.47,1008.74
987,88.74,31.30,30.60,47.49,1008.74
988,88.83,31.30,30.60,47.48,1008.74
989,88.92,31.28,30.59,47.47,1008.74
990,89.01,31.27,30.59,47.46,1008.74
991,89.10,31.26,30.58,47.46,1008.74
992,89.19,31.25,30.57,47.46,1008.74
993,89.28,31.25,30.56,47.47,1008.74
994,89.37,31.24,30.56,47.47,1008.74
995,89.46,31.23,30.55,47.47,1008.74
996,89.55,31.23,30.55,47.46,1008.74
997,89.64,31.22,30.54,47.46,1008.74
998,89.73,31.23,30.55,47.33,1008.75
999,89.82,31.21,30.53,47.46,1008.74
1000,89.91,31.20,30.53,47.45,1008.75
1001,90.00,31.19,30.53,47.46,1008.75
1002,90.09,31.17,30.53,47.46,1008.75
1003,90.18,31.17,30.53,47.47,1008.75
1004,90.27,31.17,30.52,47.47,1008.75
1005,90.36,31.17,30.51,47.49,1008.75
1006,90.45,31.17,30.50,47.49,1008.76
1007,90.54,31.16,30.50,47.49,1008.76
1008,90.63,31.16,30.49,47.51,1008.76
1009,90.72,31.15,30.48,47.50,1008.76
1010,90.81,31.15,30.47,47.51,1008.76
1011,90.90,31.14,30.47,47.50,1008.76
1012,90.99,31.13,30.45,47.51,1008.76
1013,91.08,31.13,30.45,47.51,1008.76
1014,91.17,31.13,30.44,47.52,1008.76
1015,91.26,31.12,30.44,47.55,1008.75
1016,91.35,31.12,30.43,47.55,1008.75
1017,91.44,31.11,30.43,47.56,1008.75
1018,91.53,31.11,30.43,47.56,1008.75
1019,91.62,31.10,30.43,47.58,1008.75
1020,91.71,31.10,30.44,47.58,1008.75
1021,91.80,31.09,30.42,47.59,1008.74
1022,91.89,31.08,30.42,47.59,1008.74
1023,91.98,31.08,30.41,47.59,1008.74
1024,92.07,31.07,30.41,47.59,1008.74
1025,92.16,31.06,30.40,47.59,1008.74
1026,92.25,31.05,30.39,47.58,1008.74
1027,92.34,31.05,30.38,47.59,1008.74
1028,92.43,31.04,30.38,47.59,1008.74
1029,92.52,31.03,30.38,47.58,1008.74
1030,92.61,31.02,30.38,47.58,1008.75
1031,92.70,31.02,30.38,47.57,1008.75
1032,92.79,31.01,30.36,47.58,1008.75
1033,92.88,31.00,30.37,47.56,1008.75
1034,92.97,31.00,30.36,47.57,1008.75
1035,93.06,30.99,30.36,47.56,1008.75
1036,93.15,30.99,30.35,47.56,1008.75
1037,93.24,30.98,30.35,47.57,1008.75
1038,93.33,30.98,30.34,47.57,1008.75
1039,93.42,30.98,30.34,47.54,1008.75
1040,93.51,30.98,30.34,47.53,1008.76
1041,93.60,30.97,30.32,47.55,1008.77
1042,93.69,30.96,30.30,47.54,1008.77
1043,93.78,30.95,30.31,47.54,1008.77
1044,93.87,30.95,30.31,47.54,1008.76
1045,93.96,30.95,30.31,47.55,1008.76
1046,94.05,30.94,30.30,47.54,1008.77
1047,94.14,30.94,30.29,47.55,1008.77
1048,94.23,30.93,30.28,47.56,1008.76
1049,94.32,30.92,30.28,47.57,1008.77
1050,94.41,30.91,30.28,47.57,1008.76
1051,94.50,30.90,30.28,47.58,1008.76
1052,94.59,30.90,30.27,47.58,1008.76
1053,94.68,30.89,30.26,47.56,1008.76
1054,94.77,30.89,30.25,47.56,1008.76
1055,94.86,30.88,30.25,47.53,1008.76
1056,94.95,30.88,30.23,47.54,1008.76
1057,95.04,30.88,30.23,47.54,1008.76
1058,95.13,30.87,30.23,47.54,1008.76
1059,95.22,30.87,30.21,47.55,1008.76
1060,95.31,30.87,30.22,47.57,1008.76
1061,95.40,30.86,30.20,47.59,1008.76
1062,95.49,30.85,30.21,47.60,1008.75
1063,95.58,30.85,30.20,47.60,1008.75
1064,95.67,30.85,30.20,47.58,1008.75
1065,95.76,30.83,30.19,47.60,1008.75
1066,95.85,30.82,30.19,47.59,1008.75
1067,95.94,30.82,30.18,47.59,1008.75
1068,96.03,30.82,30.17,47.59,1008.75
1069,96.12,30.82,30.16,47.60,1008.75
1070,96.21,30.81,30.15,47.60,1008.75
1071,96.30,30.81,30.15,47.60,1008.74
1072,96.39,30.80,30.14,47.59,1008.74
1073,96.48,30.80,30.14,47.58,1008.74
1074,96.57,30.78,30.14,47.60,1008.74
1075,96.66,30.78,30.13,47.61,1008.74
1076,96.75,30.77,30.12,47.61,1008.74
1077,96.84,30.77,30.12,47.61,1008.74
1078,96.93,30.77,30.11,47.62,1008.75
1079,97.02,30.76,30.11,47.62,1008.74
1080,97.11,30.77,30.12,47.62,1008.74
1081,97.20,30.75,30.12,47.61,1008.75
1082,97.29,30.74,30.11,47.59,1008.75
1083,97.38,30.74,30.11,47.57,1008.75
1084,97.47,30.73,30.09,47.57,1008.75
1085,97.56,30.72,30.08,47.58,1008.76
1086,97.65,30.72,30.08,47.60,1008.75
1087,97.74,30.71,30.08,47.59,1008.76
1088,97.83,30.71,30.07,47.59,1008.76
1089,97.92,30.71,30.07,47.58,1008.76
1090,98.01,30.70,30.06,47.55,1008.76
1091,98.10,30.70,30.05,47.56,1008.76
1092,98.19,30.69,30.04,47.57,1008.76
1093,98.28,30.69,30.04,47.57,1008.76
1094,98.37,30.67,30.03,47.57,1008.76
1095,98.46,30.67,30.03,47.56,1008.77
1096,98.55,30.67,30.02,47.56,1008.76
1097,98.64,30.66,30.02,47.56,1008.76
1098,98.73,30.66,30.01,47.55,1008.77
1099,98.82,30.65,29.99,47.53,1008.77
1100,98.91,30.64,29.99,47.52,1008.78
1101,99.00,30.64,29.99,47.50,1008.78
1102,99.09,30.63,29.99,47.49,1008.78
1103,99.18,30.63,29.99,47.48,1008.78
1104,99.27,30.63,29.98,47.46,1008.78
1105,99.36,30.62,29.98,47.46,1008.78
1106,99.45,30.61,29.98,47.46,1008.78
1107,99.54,30.61,29.98,47.45,1008.78
1108,99.63,30.62,29.97,47.44,1008.78
1109,99.72,30.60,29.95,47.46,1008.78
1110,99.81,30.60,29.96,47.44,1008.78
1111,99.90,30.59,29.96,47.45,1008.77
1112,99.99,30.58,29.95,47.46,1008.77
1113,100.08,30.57,29.95,47.44,1008.77
1114,100.17,30.56,29.94,47.45,1008.77
1115,100.26,30.56,29.94,47.45,1008.77
1116,100.35,30.55,29.94,47.44,1008.77
1117,100.44,30.55,29.94,47.45,1008.77
1118,100.53,30.54,29.93,47.44,1008.77
1119,100.62,30.54,29.92,47.44,1008.77
1120,100.71,30.53,29.92,47.45,1008.77
1121,100.80,30.53,29.92,47.44,1008.76
1122,100.89,30.52,29.91,47.44,1008.76
1123,100.98,30.52,29.91,47.47,1008.76
1124,101.07,30.51,29.91,47.50,1008.76
1125,101.16,30.51,29.91,47.51,1008.76
1126,101.25,30.49,29.91,47.52,1008.76
1127,101.34,30.49,29.90,47.50,1008.76
1128,101.43,30.49,29.90,47.51,1008.76
1129,101.52,30.49,29.88,47.53,1008.76
1130,101.61,30.49,29.88,47.53,1008.76
1131,101.70,30.49,29.88,47.53,1008.77
1132,101.79,30.48,29.88,47.55,1008.76
1133,101.88,30.47,29.87,47.57,1008.77
1134,101.97,30.46,29.86,47.57,1008.77
1135,102.06,30.46,29.85,47.55,1008.77
1136,102.15,30.45,29.85,47.56,1008.78
1137,102.24,30.44,29.85,47.55,1008.78
1138,102.33,30.44,29.84,47.57,1008.78
1139,102.42,30.43,29.84,47.57,1008.78
1140,102.51,30.42,29.83,47.57,1008.78
1141,102.60,30.42,29.83,47.58,1008.78
1142,102.69,30.42,29.83,47.59,1008.78
1143,102.78,30.40,29.81,47.59,1008.78
1144,102.87,30.40,29.81,47.61,1008.78
1145,102.96,30.40,29.81,47.61,1008.79
1146,103.05,30.39,29.81,47.60,1008.78
1147,103.14,30.38,29.80,47.61,1008.79
1148,103.23,30.37,29.80,47.63,1008.78
1149,103.32,30.36,29.80,47.63,1008.78
1150,103.41,30.35,29.78,47.65,1008.78
1151,103.50,30.34,29.77,47.67,1008.78
1152,103.59,30.34,29.77,47.67,1008.78
1153,103.68,30.33,29.77,47.66,1008.78
1154,103.77,30.33,29.77,47.67,1008.78
1155,103.86,30.32,29.76,47.66,1008.77
1156,103.95,30.31,29.75,47.65,1008.77
1157,104.04,30.31,29.74,47.64,1008.77
1158,104.13,30.30,29.74,47.64,1008.77
1159,104.22,30.30,29.75,47.65,1008.76
1160,104.31,30.30,29.74,47.65,1008.77
1161,104.40,30.29,29.73,47.62,1008.77
1162,104.49,30.27,29.74,47.62,1008.76
1163,104.58,30.27,29.75,47.60,1008.76
1164,104.67,30.26,29.73,47.61,1008.76
1165,104.76,30.25,29.73,47.62,1008.76
1166,104.85,30.24,29.73,47.63,1008.76
1167,104.94,30.24,29.72,47.63,1008.76
1168,105.03,30.24,29.71,47.62,1008.76
1169,105.12,30.23,29.71,47.61,1008.76
1170,105.21,30.22,29.70,47.61,1008.76
1171,105.30,30.21,29.70,47.60,1008.76
1172,105.39,30.21,29.69,47.60,1008.76
1173,105.48,30.21,29.69,47.59,1008.76
1174,105.57,30.20,29.68,47.59,1008.76
1175,105.66,30.20,29.67,47.61,1008.77
1176,105.75,30.20,29.67,47.73,1008.77
1177,105.84,30.19,29.66,47.62,1008.77
1178,105.93,30.19,29.65,47.61,1008.77
1179,106.02,30.19,29.65,47.61,1008.77
1180,106.11,30.19,29.64,47.60,1008.77
1181,106.20,30.19,29.64,47.59,1008.77
1182,106.29,30.18,29.65,47.59,1008.77
1183,106.38,30.18,29.64,47.59,1008.77
1184,106.47,30.18,29.64,47.59,1008.78
1185,106.56,30.17,29.63,47.59,1008.78
1186,106.65,30.17,29.62,47.58,1008.78
1187,106.74,30.17,29.61,47.57,1008.78
1188,106.83,30.17,29.60,47.56,1008.78
1189,106.92,30.17,29.60,47.57,1008.78
1190,107.01,30.16,29.59,47.59,1008.78
1191,107.10,30.15,29.59,47.59,1008.78
1192,107.19,30.15,29.58,47.61,1008.77
1193,107.28,30.15,29.57,47.60,1008.78
1194,107.37,30.14,29.56,47.63,1008.78
1195,107.46,30.13,29.55,47.64,1008.78
1196,107.55,30.13,29.54,47.65,1008.77
1197,107.64,30.13,29.54,47.64,1008.77
1198,107.73,30.13,29.55,47.66,1008.77
1199,107.82,30.13,29.55,47.67,1008.77
1200,107.91,30.13,29.55,47.68,1008.77
1201,108.00,30.13,29.55,47.67,1008.77
1202,108.09,30.13,29.54,47.67,1008.77
1203,108.18,30.12,29.54,47.67,1008.77
1204,108.27,30.12,29.53,47.67,1008.77
1205,108.36,30.12,29.52,47.67,1008.76
1206,108.45,30.12,29.52,47.66,1008.76
1207,108.54,30.11,29.52,47.67,1008.76
1208,108.63,30.11,29.52,47.65,1008.76
1209,108.72,30.11,29.51,47.64,1008.76
1210,108.81,30.11,29.50,47.64,1008.76
1211,108.90,30.10,29.51,47.65,1008.76
1212,108.99,30.09,29.51,47.68,1008.76
1213,109.08,30.09,29.52,47.69,1008.76
1214,109.17,30.08,29.51,47.71,1008.76
1215,109.26,30.08,29.50,47.68,1008.75
1216,109.35,30.07,29.50,47.69,1008.75
1217,109.44,30.07,29.49,47.68,1008.75
1218,109.53,30.06,29.49,47.68,1008.75
1219,109.62,30.05,29.48,47.68,1008.75
1220,109.71,30.05,29.47,47.68,1008.75
1221,109.80,30.04,29.48,47.66,1008.75
1222,109.89,30.04,29.47,47.66,1008.75
1223,109.98,30.03,29.47,47.65,1008.75
1224,110.07,30.03,29.46,47.65,1008.75
1225,110.16,30.03,29.46,47.63,1008.76
1226,110.25,30.03,29.45,47.63,1008.76
1227,110.34,30.03,29.44,47.62,1008.76
1228,110.43,30.02,29.44,47.64,1008.76
1229,110.52,30.02,29.44,47.66,1008.76
1230,110.61,30.02,29.43,47.66,1008.76
1231,110.70,30.01,29.43,47.65,1008.77
1232,110.79,30.00,29.43,47.66,1008.76
1233,110.88,30.00,29.42,47.66,1008.76
1234,110.97,30.00,29.41,47.67,1008.76
1235,111.06,29.99,29.41,47.66,1008.76
1236,111.15,29.99,29.41,47.65,1008.76
1237,111.24,29.99,29.41,47.65,1008.77
1238,111.33,29.97,29.41,47.66,1008.76
1239,111.42,29.97,29.41,47.65,1008.77
1240,111.51,29.96,29.40,47.64,1008.77
1241,111.60,29.96,29.41,47.64,1008.77
1242,111.69,29.96,29.41,47.63,1008.77
1243,111.78,29.95,29.40,47.62,1008.77
1244,111.87,29.94,29.41,47.62,1008.77
1245,111.96,29.93,29.40,47.63,1008.77
1246,112.05,29.93,29.40,47.65,1008.77
1247,112.14,29.93,29.39,47.64,1008.77
1248,112.23,29.92,29.38,47.66,1008.77
1249,112.32,29.91,29.37,47.66,1008.77
1250,112.41,29.90,29.37,47.67,1008.77
1251,112.50,29.90,29.36,47.68,1008.77
1252,112.59,29.89,29.36,47.67,1008.76
1253,112.68,29.89,29.35,47.69,1008.76
1254,112.77,29.88,29.34,47.70,1008.76
1255,112.86,29.88,29.34,47.70,1008.76
1256,112.95,29.87,29.33,47.70,1008.75
1257,113.04,29.87,29.33,47.72,1008.75
1258,113.13,29.87,29.33,47.71,1008.75
1259,113.22,29.86,29.33,47.70,1008.76
1260,113.31,29.86,29.32,47.69,1008.76
1261,113.40,29.86,29.32,47.70,1008.76
1262,113.49,29.86,29.31,47.72,1008.76
1263,113.58,29.85,29.31,47.72,1008.76
1264,113.67,29.86,29.30,47.73,1008.76
1265,113.76,29.86,29.30,47.71,1008.76
1266,113.85,29.85,29.30,47.70,1008.76
1267,113.94,29.84,29.30,47.71,1008.76
1268,114.03,29.84,29.29,47.73,1008.75
1269,114.12,29.83,29.29,47.72,1008.75
1270,114.21,29.83,29.29,47.73,1008.75
1271,114.30,29.83,29.28,47.73,1008.75
1272,114.39,29.83,29.28,47.73,1008.75
1273,114.48,29.83,29.28,47.75,1008.75
1274,114.57,29.83,29.27,47.77,1008.75
1275,114.66,29.82,29.26,47.78,1008.75
1276,114.75,29.77,29.26,47.77,1008.76
1277,114.84,29.79,29.25,47.76,1008.76
1278,114.93,29.80,29.24,47.75,1008.76
1279,115.02,29.80,29.23,47.75,1008.76
1280,115.11,29.80,29.22,47.75,1008.76
1281,115.20,29.79,29.21,47.76,1008.76
1282,115.29,29.79,29.20,47.77,1008.76
1283,115.38,29.79,29.19,47.78,1008.76
1284,115.47,29.78,29.18,47.79,1008.76
1285,115.56,29.78,29.18,47.79,1008.76
1286,115.65,29.78,29.18,47.81,1008.77
1287,115.74,29.77,29.18,47.80,1008.77
1288,115.83,29.77,29.18,47.82,1008.76
1289,115.92,29.77,29.18,47.82,1008.76
1290,116.01,29.76,29.19,47.81,1008.76
1291,116.10,29.76,29.20,47.81,1008.76
1292,116.19,29.76,29.19,47.84,1008.76
1293,116.28,29.75,29.20,47.84,1008.76
1294,116.37,29.75,29.19,47.83,1008.76
1295,116.46,29.74,29.20,47.83,1008.76
1296,116.55,29.74,29.20,47.84,1008.76
1297,116.64,29.75,29.19,47.83,1008.76
1298,116.73,29.75,29.18,47.81,1008.76
1299,116.82,29.74,29.18,47.81,1008.75
1300,116.91,29.73,29.18,47.81,1008.76
1301,117.00,29.73,29.17,47.79,1008.75
1302,117.09,29.72,29.16,47.79,1008.76
1303,117.18,29.72,29.17,47.80,1008.75
1304,117.27,29.72,29.17,47.81,1008.75
1305,117.36,29.71,29.16,47.81,1008.75
1306,117.45,29.71,29.17,47.78,1008.75
1307,117.54,29.70,29.17,47.76,1008.75
1308,117.63,29.69,29.17,47.74,1008.75
1309,117.72,29.68,29.17,47.75,1008.75
1310,117.81,29.68,29.17,47.73,1008.72
1311,117.90,29.67,29.16,47.73,1008.74
1312,117.99,29.67,29.16,47.74,1008.76
1313,118.08,29.67,29.16,47.73,1008.76
1314,118.17,29.67,29.15,47.74,1008.76
1315,118.26,29.67,29.15,47.73,1008.76
1316,118.35,29.66,29.15,47.75,1008.76
1317,118.44,29.66,29.14,47.75,1008.76
1318,118.53,29.66,29.13,47.73,1008.76
1319,118.62,29.66,29.14,47.74,1008.76
1320,118.71,29.65,29.13,47.75,1008.76
1321,118.80,29.64,29.13,47.73,1008.76
1322,118.89,29.64,29.12,47.75,1008.76
1323,118.98,29.63,29.12,47.74,1008.76
1324,119.07,29.62,29.11,47.75,1008.76
1325,119.16,29.62,29.11,47.74,1008.76
1326,119.25,29.62,29.10,47.76,1008.76
1327,119.34,29.61,29.11,47.77,1008.76
1328,119.43,29.61,29.10,47.76,1008.76
1329,119.52,29.60,29.09,47.76,1008.76
1330,119.61,29.60,29.09,47.77,1008.76
1331,119.70,29.60,29.08,47.78,1008.76
1332,119.79,29.59,29.07,47.77,1008.76
1333,119.88,29.58,29.07,47.78,1008.76
1334,119.97,29.57,29.07,47.76,1008.76
1335,120.06,29.58,29.07,47.75,1008.76
1336,120.15,29.57,29.06,47.76,1008.76
1337,120.24,29.57,29.06,47.74,1008.75
1338,120.33,29.56,29.05,47.73,1008.75
1339,120.42,29.56,29.04,47.74,1008.76
1340,120.51,29.55,29.03,47.73,1008.76
1341,120.60,29.55,29.03,47.73,1008.76
1342,120.69,29.54,29.02,47.72,1008.76
1343,120.78,29.54,29.02,47.71,1008.76
1344,120.87,29.54,29.02,47.72,1008.75
1345,120.96,29.53,29.02,47.72,1008.76
1346,121.05,29.53,29.02,47.71,1008.76
1347,121.14,29.53,29.02,47.72,1008.76
1348,121.23,29.52,29.00,47.72,1008.75
1349,121.32,29.51,28.99,47.72,1008.75
1350,121.41,29.52,28.99,47.74,1008.76
1351,121.50,29.51,28.99,47.74,1008.76
1352,121.59,29.51,28.99,47.72,1008.76
1353,121.68,29.51,28.99,47.73,1008.76
1354,121.77,29.50,28.98,47.72,1008.76
1355,121.86,29.50,28.97,47.75,1008.76
1356,121.95,29.49,28.97,47.76,1008.76
1357,122.04,29.49,28.97,47.76,1008.76
1358,122.13,29.49,28.97,47.77,1008.76
1359,122.22,29.48,28.97,47.77,1008.76
1360,122.31,29.47,28.98,47.78,1008.77
1361,122.40,29.47,28.98,47.77,1008.77
1362,122.49,29.47,28.97,47.77,1008.77
1363,122.58,29.46,28.96,47.76,1008.77
1364,122.67,29.45,28.96,47.78,1008.78
1365,122.76,29.45,28.96,47.78,1008.78
1366,122.85,29.44,28.96,47.77,1008.78
1367,122.94,29.43,28.96,47.77,1008.78
1368,123.03,29.44,28.96,47.78,1008.78
1369,123.12,29.43,28.89,47.77,1008.78
1370,123.21,29.44,28.92,47.77,1008.78
1371,123.30,29.44,28.94,47.77,1008.78
1372,123.39,29.44,28.93,47.77,1008.78
1373,123.48,29.44,28.93,47.78,1008.77
1374,123.57,29.44,28.93,47.77,1008.77
1375,123.66,29.43,28.92,47.76,1008.77
1376,123.75,29.42,28.92,47.74,1008.77
1377,123.84,29.42,28.92,47.75,1008.77
1378,123.93,29.41,28.91,47.74,1008.77
1379,124.02,29.41,28.91,47.74,1008.77
1380,124.11,29.40,28.92,47.74,1008.77
1381,124.20,29.40,28.91,47.73,1008.76
1382,124.29,29.40,28.91,47.73,1008.76
1383,124.38,29.40,28.91,47.72,1008.76
1384,124.47,29.39,28.90,47.74,1008.76
1385,124.56,29.38,28.89,47.74,1008.75
1386,124.65,29.38,28.88,47.74,1008.75
1387,124.74,29.38,28.88,47.74,1008.75
1388,124.83,29.38,28.87,47.73,1008.75
1389,124.92,29.37,28.87,47.73,1008.75
1390,125.01,29.37,28.86,47.71,1008.75
1391,125.10,29.36,28.87,47.72,1008.75
1392,125.19,29.35,28.87,47.72,1008.76
1393,125.28,29.35,28.86,47.72,1008.75
1394,125.37,29.36,28.86,47.71,1008.75
1395,125.46,29.36,28.85,47.71,1008.75
1396,125.55,29.35,28.85,47.71,1008.74
1397,125.64,29.36,28.85,47.70,1008.74
1398,125.73,29.35,28.85,47.72,1008.74
1399,125.82,29.35,28.85,47.71,1008.74
1400,125.91,29.36,28.85,47.71,1008.74
1401,126.00,29.36,28.84,47.70,1008.74
1402,126.09,29.35,28.83,47.70,1008.74
1403,126.18,29.35,28.83,47.72,1008.74
1404,126.27,29.35,28.83,47.72,1008.75
1405,126.36,29.34,28.83,47.73,1008.75
1406,126.45,29.33,28.83,47.74,1008.75
1407,126.54,29.33,28.83,47.72,1008.75
1408,126.63,29.32,28.82,47.73,1008.75
1409,126.72,29.32,28.82,47.72,1008.75
1410,126.81,29.32,28.82,47.71,1008.75
1411,126.90,29.30,28.82,47.73,1008.75
1412,126.99,29.30,28.82,47.71,1008.75
1413,127.08,29.29,28.82,47.70,1008.75
1414,127.17,29.29,28.81,47.71,1008.75
1415,127.26,29.30,28.81,47.69,1008.75
1416,127.35,29.29,28.81,47.69,1008.76
1417,127.44,29.28,28.81,47.71,1008.76
1418,127.53,29.28,28.81,47.71,1008.76
1419,127.62,29.27,28.80,47.71,1008.76
1420,127.71,29.27,28.81,47.72,1008.76
1421,127.80,29.27,28.81,47.71,1008.77
1422,127.89,29.27,28.79,47.71,1008.76
1423,127.98,29.27,28.79,47.71,1008.77
1424,128.07,29.27,28.79,47.72,1008.77
1425,128.16,29.26,28.78,47.71,1008.77
1426,128.25,29.25,28.78,47.70,1008.77
1427,128.34,29.24,28.77,47.69,1008.77
1428,128.43,29.24,28.78,47.70,1008.77
1429,128.52,29.23,28.78,47.71,1008.77
1430,128.61,29.22,28.77,47.72,1008.77
1431,128.70,29.22,28.77,47.72,1008.77
1432,128.79,29.22,28.79,47.71,1008.77
1433,128.88,29.22,28.78,47.72,1008.77
1434,128.97,29.21,28.78,47.70,1008.77
1435,129.06,29.26,28.78,47.71,1008.77
1436,129.15,29.22,28.77,47.72,1008.77
1437,129.24,29.19,28.76,47.71,1008.77
1438,129.33,29.19,28.77,47.71,1008.76
1439,129.42,29.18,28.77,47.71,1008.76
1440,129.51,29.18,28.76,47.72,1008.75
1441,129.60,29.17,28.76,47.73,1008.75
1442,129.69,29.17,28.75,47.73,1008.75
1443,129.78,29.18,28.75,47.73,1008.75
1444,129.87,29.18,28.74,47.72,1008.75
1445,129.96,29.17,28.73,47.73,1008.75
1446,130.05,29.17,28.74,47.73,1008.76
1447,130.14,29.17,28.74,47.74,1008.76
1448,130.23,29.17,28.72,47.75,1008.76
1449,130.32,29.17,28.71,47.77,1008.75
1450,130.41,29.17,28.71,47.77,1008.76
1451,130.50,29.17,28.71,47.79,1008.75
1452,130.59,29.17,28.70,47.79,1008.75
1453,130.68,29.16,28.70,47.78,1008.75
1454,130.77,29.16,28.71,47.80,1008.75
1455,130.86,29.16,28.71,47.83,1008.75
1456,130.95,29.15,28.71,47.81,1008.75
1457,131.04,29.15,28.71,47.81,1008.76
1458,131.13,29.15,28.70,47.80,1008.75
1459,131.22,29.14,28.69,47.79,1008.76
1460,131.31,29.14,28.68,47.82,1008.76
1461,131.40,29.13,28.68,47.79,1008.76
1462,131.49,29.13,28.68,47.80,1008.76
1463,131.58,29.13,28.66,47.81,1008.76
1464,131.67,29.11,28.66,47.81,1008.77
1465,131.76,29.12,28.66,47.79,1008.76
1466,131.85,29.11,28.66,47.78,1008.76
1467,131.94,29.10,28.66,47.78,1008.76
1468,132.03,29.10,28.66,47.76,1008.76
1469,132.12,29.10,28.65,47.75,1008.75
1470,132.21,29.09,28.65,47.74,1008.76
1471,132.30,29.09,28.65,47.73,1008.76
1472,132.39,29.09,28.65,47.73,1008.77
1473,132.48,29.08,28.64,47.74,1008.76
1474,132.57,29.08,28.64,47.74,1008.76
1475,132.66,29.08,28.63,47.74,1008.76
1476,132.75,29.08,28.64,47.74,1008.75
1477,132.84,29.07,28.64,47.73,1008.75
1478,132.93,29.06,28.63,47.73,1008.75
1479,133.02,29.06,28.61,47.71,1008.75
1480,133.11,29.05,28.62,47.73,1008.75
1481,133.20,29.04,28.61,47.72,1008.75
1482,133.29,29.04,28.61,47.72,1008.75
1483,133.38,29.03,28.60,47.73,1008.75
1484,133.47,29.03,28.61,47.72,1008.75
1485,133.56,29.02,28.60,47.72,1008.75
1486,133.65,29.02,28.59,47.73,1008.75
1487,133.74,29.03,28.59,47.72,1008.75
1488,133.83,29.03,28.58,47.71,1008.75
1489,133.92,29.03,28.58,47.72,1008.75
1490,134.01,29.02,28.57,47.72,1008.75
1491,134.10,29.01,28.57,47.71,1008.75
1492,134.19,29.01,28.57,47.73,1008.75
1493,134.28,29.01,28.57,47.71,1008.75
1494,134.37,29.01,28.56,47.72,1008.75
1495,134.46,29.01,28.56,47.72,1008.75
1496,134.55,29.01,28.57,47.73,1008.75
1497,134.64,29.01,28.57,47.72,1008.75
1498,134.73,29.01,28.56,47.72,1008.75
1499,134.82,29.00,28.55,47.73,1008.76
1500,134.91,29.01,28.55,47.74,1008.76
1501,135.00,29.00,28.55,47.75,1008.76
1502,135.09,29.01,28.55,47.75,1008.76
1503,135.18,29.00,28.54,47.74,1008.77
1504,135.27,28.99,28.55,47.74,1008.76
1505,135.36,28.99,28.55,47.73,1008.76
1506,135.45,28.99,28.55,47.74,1008.76
1507,135.54,28.99,28.55,47.73,1008.77
1508,135.63,28.99,28.55,47.72,1008.76
1509,135.72,28.99,28.55,47.73,1008.77
1510,135.81,28.98,28.55,47.72,1008.77
1511,135.90,28.98,28.55,47.72,1008.77
1512,135.99,28.98,28.55,47.71,1008.77
1513,136.08,28.98,28.54,47.70,1008.77
1514,136.17,28.98,28.54,47.70,1008.77
1515,136.26,28.97,28.54,47.69,1008.77
1516,136.35,28.97,28.54,47.69,1008.77
1517,136.44,28.96,28.54,47.69,1008.77
1518,136.53,28.96,28.54,47.68,1008.77
1519,136.62,28.97,28.53,47.69,1008.77
1520,136.71,28.97,28.53,47.69,1008.77
1521,136.80,28.97,28.52,47.68,1008.77
1522,136.89,28.97,28.53,47.69,1008.77
1523,136.98,28.97,28.52,47.69,1008.77
1524,137.07,28.96,28.51,47.69,1008.77
1525,137.16,28.95,28.52,47.70,1008.77
1526,137.25,28.95,28.52,47.70,1008.77
1527,137.34,28.96,28.52,47.71,1008.77
1528,137.43,28.95,28.53,47.72,1008.77
1529,137.52,28.95,28.53,47.72,1008.77
1530,137.61,28.95,28.52,47.73,1008.77
1531,137.70,28.95,28.52,47.73,1008.77
1532,137.79,28.94,28.52,47.72,1008.77
1533,137.88,28.94,28.52,47.73,1008.77
1534,137.97,28.93,28.51,47.75,1008.77
1535,138.06,28.93,28.51,47.75,1008.76
1536,138.15,28.93,28.51,47.76,1008.77
1537,138.24,28.93,28.51,47.74,1008.77
1538,138.33,28.92,28.50,47.74,1008.77
1539,138.42,28.92,28.49,47.74,1008.76
1540,138.51,28.91,28.49,47.74,1008.76
1541,138.60,28.91,28.49,47.75,1008.76
1542,138.69,28.92,28.48,47.73,1008.76
1543,138.78,28.91,28.48,47.74,1008.77
1544,138.87,28.91,28.49,47.73,1008.77
1545,138.96,28.90,28.47,47.72,1008.77
1546,139.05,28.90,28.48,47.69,1008.77
1547,139.14,28.91,28.47,47.66,1008.77
1548,139.23,28.90,28.46,47.68,1008.77
1549,139.32,28.89,28.46,47.68,1008.77
1550,139.41,28.89,28.45,47.68,1008.77
1551,139.50,28.89,28.46,47.68,1008.77
1552,139.59,28.89,28.45,47.67,1008.77
1553,139.68,28.88,28.45,47.69,1008.77
1554,139.77,28.88,28.45,47.69,1008.77
1555,139.86,28.88,28.45,47.69,1008.77
1556,139.95,28.88,28.45,47.69,1008.77
1557,140.04,28.87,28.45,47.68,1008.77
1558,140.13,28.87,28.45,47.68,1008.76
1559,140.22,28.87,28.45,47.69,1008.76
1560,140.31,28.87,28.44,47.68,1008.76
1561,140.40,28.87,28.44,47.67,1008.76
1562,140.49,28.86,28.44,47.66,1008.76
1563,140.58,28.86,28.44,47.68,1008.76
1564,140.67,28.85,28.44,47.70,1008.76
1565,140.76,28.85,28.43,47.72,1008.76
1566,140.85,28.84,28.43,47.73,1008.76
1567,140.94,28.84,28.43,47.72,1008.76
1568,141.03,28.84,28.42,47.73,1008.76
1569,141.12,28.83,28.42,47.75,1008.76
1570,141.21,28.82,28.43,47.75,1008.76
1571,141.30,28.83,28.43,47.75,1008.76
1572,141.39,28.82,28.41,47.74,1008.76
1573,141.48,28.82,28.41,47.75,1008.76
1574,141.57,28.82,28.40,47.77,1008.77
1575,141.66,28.81,28.40,47.78,1008.77
1576,141.75,28.81,28.40,47.78,1008.76
1577,141.84,28.80,28.40,47.77,1008.76
1578,141.93,28.79,28.40,47.76,1008.76
1579,142.02,28.79,28.39,47.77,1008.77
1580,142.11,28.79,28.39,47.74,1008.77
1581,142.20,28.79,28.38,47.74,1008.77
1582,142.29,28.78,28.38,47.74,1008.77
1583,142.38,28.78,28.38,47.74,1008.77
1584,142.47,28.78,28.38,47.73,1008.77
1585,142.56,28.77,28.38,47.73,1008.77
1586,142.65,28.77,28.37,47.74,1008.77
1587,142.74,28.76,28.36,47.74,1008.77
1588,142.83,28.76,28.37,47.74,1008.77
1589,142.92,28.75,28.37,47.75,1008.78
1590,143.01,28.75,28.37,47.77,1008.78
1591,143.10,28.76,28.37,47.77,1008.78
1592,143.19,28.75,28.38,47.79,1008.78
1593,143.28,28.75,28.37,47.79,1008.78
1594,143.37,28.75,28.36,47.78,1008.78
1595,143.46,28.75,28.37,47.79,1008.79
1596,143.55,28.75,28.36,47.78,1008.79
1597,143.64,28.75,28.35,47.78,1008.79
1598,143.73,28.74,28.35,47.76,1008.79
1599,143.82,28.74,28.34,47.75,1008.80
1600,143.91,28.74,28.33,47.75,1008.79
1601,144.00,28.73,28.32,47.75,1008.80
1602,144.09,28.74,28.32,47.79,1008.80
1603,144.18,28.73,28.32,47.79,1008.80
1604,144.27,28.73,28.31,47.79,1008.80
1605,144.36,28.74,28.31,47.78,1008.79
1606,144.45,28.73,28.32,47.77,1008.79
1607,144.54,28.72,28.31,47.78,1008.79
1608,144.63,28.72,28.31,47.78,1008.79
1609,144.72,28.72,28.30,47.78,1008.79
1610,144.81,28.71,28.30,47.76,1008.79
1611,144.90,28.70,28.30,47.75,1008.78
1612,144.99,28.71,28.29,47.74,1008.78
1613,145.08,28.71,28.30,47.77,1008.78
1614,145.17,28.70,28.31,47.75,1008.78
1615,145.26,28.70,28.30,47.73,1008.77
1616,145.35,28.70,28.30,47.75,1008.78
1617,145.44,28.71,28.30,47.75,1008.77
1618,145.53,28.71,28.30,47.75,1008.77
1619,145.62,28.71,28.30,47.74,1008.77
1620,145.71,28.70,28.30,47.75,1008.77
1621,145.80,28.70,28.30,47.74,1008.77
1622,145.89,28.70,28.31,47.73,1008.77
1623,145.98,28.69,28.31,47.71,1008.77
1624,146.07,28.69,28.32,47.69,1008.77
1625,146.16,28.69,28.30,47.68,1008.77
1626,146.25,28.69,28.31,47.68,1008.76
1627,146.34,28.69,28.30,47.69,1008.77
1628,146.43,28.69,28.30,47.67,1008.77
1629,146.52,28.68,28.30,47.68,1008.77
1630,146.61,28.68,28.30,47.67,1008.77
1631,146.70,28.68,28.29,47.65,1008.76
1632,146.79,28.68,28.29,47.65,1008.76
1633,146.88,28.68,28.30,47.67,1008.76
1634,146.97,28.68,28.30,47.67,1008.76
1635,147.06,28.68,28.30,47.69,1008.75
1636,147.15,28.69,28.29,47.69,1008.76
1637,147.24,28.68,28.29,47.68,1008.76
1638,147.33,28.68,28.29,47.69,1008.76
1639,147.42,28.68,28.30,47.70,1008.76
1640,147.51,28.68,28.30,47.71,1008.77
1641,147.60,28.68,28.28,47.70,1008.77
1642,147.69,28.67,28.29,47.68,1008.78
1643,147.78,28.67,28.28,47.68,1008.78
1644,147.87,28.67,28.28,47.66,1008.78
1645,147.96,28.67,28.28,47.65,1008.78
1646,148.05,28.67,28.28,47.66,1008.78
1647,148.14,28.66,28.28,47.65,1008.78
1648,148.23,28.66,28.28,47.65,1008.78
1649,148.32,28.66,28.27,47.66,1008.78
1650,148.41,28.66,28.26,47.66,1008.78
1651,148.50,28.66,28.27,47.64,1008.78
1652,148.59,28.65,28.27,47.65,1008.78
1653,148.68,28.65,28.27,47.64,1008.77
1654,148.77,28.64,28.27,47.63,1008.77
1655,148.86,28.64,28.28,47.64,1008.77
1656,148.95,28.64,28.27,47.63,1008.77
1657,149.04,28.64,28.27,47.62,1008.77
1658,149.13,28.64,28.26,47.63,1008.76
1659,149.22,28.63,28.26,47.65,1008.76
1660,149.31,28.63,28.25,47.64,1008.76
1661,149.40,28.63,28.25,47.64,1008.76
1662,149.49,28.63,28.26,47.66,1008.76
1663,149.58,28.62,28.25,47.67,1008.76
1664,149.67,28.62,28.24,47.66,1008.76
1665,149.76,28.62,28.24,47.65,1008.75
1666,149.85,28.61,28.24,47.63,1008.75
1667,149.94,28.61,28.23,47.62,1008.75
1668,150.03,28.60,28.23,47.61,1008.75
1669,150.12,28.60,28.24,47.60,1008.75
1670,150.21,28.60,28.24,47.59,1008.75
1671,150.30,28.60,28.24,47.58,1008.75
1672,150.39,28.60,28.23,47.58,1008.75
1673,150.48,28.59,28.23,47.58,1008.75
1674,150.57,28.59,28.23,47.58,1008.75
1675,150.66,28.59,28.23,47.57,1008.75
1676,150.75,28.60,28.23,47.57,1008.75
1677,150.84,28.60,28.22,47.58,1008.75
1678,150.93,28.59,28.22,47.56,1008.75
1679,151.02,28.60,28.21,47.55,1008.76
1680,151.11,28.60,28.21,47.55,1008.76
1681,151.20,28.59,28.21,47.56,1008.76
1682,151.29,28.59,28.22,47.57,1008.76
1683,151.38,28.59,28.21,47.56,1008.76
1684,151.47,28.60,28.20,47.57,1008.76
1685,151.56,28.59,28.19,47.57,1008.76
1686,151.65,28.58,28.19,47.57,1008.76
1687,151.74,28.58,28.19,47.59,1008.76
1688,151.83,28.58,28.19,47.58,1008.77
1689,151.92,28.58,28.17,47.57,1008.77
1690,152.01,28.57,28.17,47.57,1008.77
1691,152.10,28.57,28.17,47.59,1008.77
1692,152.19,28.57,28.17,47.57,1008.77
1693,152.28,28.56,28.17,47.55,1008.77
1694,152.37,28.56,28.16,47.55,1008.77
1695,152.46,28.55,28.15,47.54,1008.77
1696,152.55,28.55,28.15,47.54,1008.77
1697,152.64,28.54,28.14,47.54,1008.77
1698,152.73,28.54,28.14,47.51,1008.77
1699,152.82,28.54,28.13,47.50,1008.76
1700,152.91,28.54,28.13,47.49,1008.76
1701,153.00,28.54,28.12,47.49,1008.76
1702,153.09,28.53,28.12,47.49,1008.75
1703,153.18,28.53,28.12,47.48,1008.75
1704,153.27,28.52,28.11,47.50,1008.75
1705,153.36,28.52,28.12,47.48,1008.75
1706,153.45,28.51,28.12,47.47,1008.75
1707,153.54,28.51,28.12,47.47,1008.75
1708,153.63,28.51,28.11,47.47,1008.74
1709,153.72,28.51,28.11,47.47,1008.74
1710,153.81,28.50,28.10,47.45,1008.74
1711,153.90,28.50,28.10,47.46,1008.74
1712,153.99,28.50,28.10,47.45,1008.74
1713,154.08,28.50,28.11,47.43,1008.74
1714,154.17,28.50,28.11,47.44,1008.73
1715,154.26,28.49,28.10,47.42,1008.73
1716,154.35,28.49,28.10,47.42,1008.74
1717,154.44,28.49,28.10,47.43,1008.74
1718,154.53,28.48,28.10,47.44,1008.74
1719,154.62,28.49,28.11,47.42,1008.73
1720,154.71,28.49,28.11,47.43,1008.73
1721,154.80,28.48,28.11,47.44,1008.73
1722,154.89,28.48,28.11,47.44,1008.73
1723,154.98,28.48,28.11,47.43,1008.73
1724,155.07,28.47,28.10,47.43,1008.74
1725,155.16,28.47,28.10,47.42,1008.74
1726,155.25,28.46,28.10,47.41,1008.73
1727,155.34,28.46,28.10,47.40,1008.74
1728,155.43,28.45,28.10,47.39,1008.73
1729,155.52,28.45,28.10,47.40,1008.74
1730,155.61,28.45,28.09,47.40,1008.74
1731,155.70,28.45,28.09,47.40,1008.74
1732,155.79,28.45,28.10,47.40,1008.74
1733,155.88,28.45,28.09,47.38,1008.75
1734,155.97,28.45,28.09,47.37,1008.75
1735,156.06,28.45,28.09,47.36,1008.75
1736,156.15,28.45,28.09,47.38,1008.75
1737,156.24,28.45,28.09,47.38,1008.74
1738,156.33,28.44,28.08,47.37,1008.75
1739,156.42,28.45,28.08,47.37,1008.75
1740,156.51,28.45,28.08,47.36,1008.75
1741,156.60,28.45,28.08,47.35,1008.75
1742,156.69,28.44,28.08,47.35,1008.75
1743,156.78,28.44,28.08,47.35,1008.75
1744,156.87,28.44,28.08,47.35,1008.75
1745,156.96,28.45,28.08,47.37,1008.76
1746,157.05,28.44,28.06,47.39,1008.76
1747,157.14,28.44,28.06,47.39,1008.76
1748,157.23,28.44,28.06,47.37,1008.76
1749,157.32,28.44,28.06,47.38,1008.76
1750,157.41,28.44,28.05,47.39,1008.77
1751,157.50,28.44,28.05,47.39,1008.77
1752,157.59,28.44,28.05,47.38,1008.77
1753,157.68,28.44,28.05,47.41,1008.77
1754,157.77,28.43,28.05,47.40,1008.76
1755,157.86,28.43,28.05,47.42,1008.77
1756,157.95,28.42,28.05,47.42,1008.77
1757,158.04,28.42,28.05,47.40,1008.77
1758,158.13,28.42,28.05,47.40,1008.77
1759,158.22,28.41,28.05,47.40,1008.76
1760,158.31,28.41,28.04,47.40,1008.76
1761,158.40,28.42,28.05,47.40,1008.76
1762,158.49,28.42,28.05,47.40,1008.76
1763,158.58,28.43,28.04,47.38,1008.77
1764,158.67,28.43,28.05,47.38,1008.77
1765,158.76,28.42,28.05,47.39,1008.77
1766,158.85,28.41,28.05,47.40,1008.77
1767,158.94,28.41,28.05,47.41,1008.77
1768,159.03,28.41,28.05,47.40,1008.76
1769,159.12,28.41,28.05,47.43,1008.77
1770,159.21,28.41,28.05,47.43,1008.76
1771,159.30,28.41,28.05,47.44,1008.76
1772,159.39,28.40,28.05,47.43,1008.76
1773,159.48,28.40,28.06,47.43,1008.76
1774,159.57,28.40,28.05,47.43,1008.76
1775,159.66,28.41,28.06,47.44,1008.76
1776,159.75,28.41,28.05,47.42,1008.76
1777,159.84,28.40,28.05,47.42,1008.76
1778,159.93,28.40,28.05,47.42,1008.77
1779,160.02,28.40,28.05,47.41,1008.77
1780,160.11,28.40,28.05,47.39,1008.77
1781,160.20,28.40,28.04,47.39,1008.78
1782,160.29,28.40,28.03,47.37,1008.78
1783,160.38,28.39,28.03,47.36,1008.78
1784,160.47,28.39,28.04,47.37,1008.78
1785,160.56,28.38,28.04,47.37,1008.78
1786,160.65,28.38,28.03,47.34,1008.78
1787,160.74,28.38,28.02,47.35,1008.78
1788,160.83,28.38,28.03,47.32,1008.78
1789,160.92,28.37,28.02,47.33,1008.78
1790,161.01,28.36,28.02,47.31,1008.78
1791,161.10,28.35,28.01,47.33,1008.78
1792,161.19,28.35,28.01,47.34,1008.78
1793,161.28,28.34,28.00,47.33,1008.78
1794,161.37,28.34,28.00,47.34,1008.77
1795,161.46,28.34,28.00,47.34,1008.77
1796,161.55,28.33,28.00,47.36,1008.77
1797,161.64,28.32,28.00,47.36,1008.76
1798,161.73,28.32,28.01,47.36,1008.76
1799,161.82,28.32,28.00,47.36,1008.76
1800,161.91,28.32,28.00,47.35,1008.76
1801,162.00,28.31,28.00,47.35,1008.76
1802,162.09,28.32,28.00,47.35,1008.76
1803,162.18,28.31,27.99,47.35,1008.76
1804,162.27,28.31,27.98,47.35,1008.75
1805,162.36,28.31,27.98,47.35,1008.76
1806,162.45,28.31,27.97,47.35,1008.76
1807,162.54,28.32,27.97,47.34,1008.76
1808,162.63,28.31,27.97,47.33,1008.76
1809,162.72,28.31,27.96,47.35,1008.76
1810,162.81,28.31,27.95,47.35,1008.76
1811,162.90,28.31,27.95,47.33,1008.76
1812,162.99,28.30,27.95,47.35,1008.75
1813,163.08,28.30,27.95,47.36,1008.75
1814,163.17,28.31,27.94,47.34,1008.75
1815,163.26,28.30,27.94,47.35,1008.75
1816,163.35,28.29,27.94,47.35,1008.76
1817,163.44,28.29,27.94,47.34,1008.76
1818,163.53,28.29,27.94,47.34,1008.76
1819,163.62,28.29,27.93,47.34,1008.76
1820,163.71,28.29,27.93,47.33,1008.76
1821,163.80,28.29,27.92,47.33,1008.76
1822,163.89,28.28,27.92,47.32,1008.76
1823,163.98,28.28,27.93,47.33,1008.76
1824,164.07,28.28,27.92,47.33,1008.77
1825,164.16,28.28,27.92,47.34,1008.77
1826,164.25,28.28,27.92,47.33,1008.77
1827,164.34,28.27,27.93,47.34,1008.77
1828,164.43,28.27,27.94,47.33,1008.77
1829,164.52,28.27,27.93,47.31,1008.78
1830,164.61,28.27,27.93,47.33,1008.78
1831,164.70,28.27,27.92,47.32,1008.78
1832,164.79,28.27,27.92,47.32,1008.78
1833,164.88,28.26,27.92,47.31,1008.78
1834,164.97,28.26,27.92,47.30,1008.78
1835,165.06,28.25,27.92,47.32,1008.78
1836,165.15,28.24,27.92,47.30,1008.78
1837,165.24,28.24,27.92,47.31,1008.78
1838,165.33,28.24,27.92,47.32,1008.77
1839,165.42,28.24,27.92,47.30,1008.78
1840,165.51,28.23,27.92,47.29,1008.78
1841,165.60,28.23,27.92,47.29,1008.78
1842,165.69,28.22,27.92,47.28,1008.78
1843,165.78,28.22,27.92,47.27,1008.78
1844,165.87,28.21,27.93,47.27,1008.78
1845,165.96,28.21,27.92,47.27,1008.78
1846,166.05,28.22,27.93,47.29,1008.78
1847,166.14,28.22,27.92,47.30,1008.78
1848,166.23,28.22,27.91,47.29,1008.78
1849,166.32,28.21,27.90,47.28,1008.78
1850,166.41,28.21,27.91,47.29,1008.78
1851,166.50,28.21,27.89,47.31,1008.78
1852,166.59,28.21,27.89,47.30,1008.78
1853,166.68,28.21,27.89,47.30,1008.77
1854,166.77,28.20,27.90,47.29,1008.77
1855,166.86,28.20,27.89,47.30,1008.77
1856,166.95,28.20,27.89,47.28,1008.77
1857,167.04,28.21,27.88,47.30,1008.77
1858,167.13,28.20,27.88,47.28,1008.78
1859,167.22,28.21,27.88,47.29,1008.78
1860,167.31,28.20,27.88,47.29,1008.78
1861,167.40,28.20,27.89,47.29,1008.79
1862,167.49,28.20,27.89,47.29,1008.79
1863,167.58,28.19,27.88,47.29,1008.78
1864,167.67,28.19,27.88,47.29,1008.78
1865,167.76,28.20,27.87,47.28,1008.78
1866,167.85,28.20,27.87,47.24,1008.78
1867,167.94,28.20,27.87,47.22,1008.78
1868,168.03,28.20,27.88,47.23,1008.78
1869,168.12,28.20,27.89,47.26,1008.78
1870,168.21,28.20,27.89,47.23,1008.78
1871,168.30,28.21,27.89,47.25,1008.78
1872,168.39,28.22,27.89,47.26,1008.78
1873,168.48,28.22,27.89,47.24,1008.78
1874,168.57,28.22,27.90,47.24,1008.78
1875,168.66,28.22,27.89,47.23,1008.78
1876,168.75,28.23,27.89,47.22,1008.78
1877,168.84,28.22,27.90,47.22,1008.78
1878,168.93,28.22,27.89,47.22,1008.78
1879,169.02,28.22,27.89,47.21,1008.78
1880,169.11,28.22,27.89,47.23,1008.78
1881,169.20,28.22,27.89,47.21,1008.78
1882,169.29,28.22,27.90,47.19,1008.78
1883,169.38,28.23,27.89,47.19,1008.78
1884,169.47,28.22,27.89,47.19,1008.78
1885,169.56,28.22,27.89,47.21,1008.78
1886,169.65,28.22,27.90,47.22,1008.77
1887,169.74,28.22,27.91,47.22,1008.77
1888,169.83,28.23,27.91,47.22,1008.77
1889,169.92,28.22,27.91,47.20,1008.77
1890,170.01,28.22,27.91,47.20,1008.77
1891,170.10,28.21,27.91,47.19,1008.77
1892,170.19,28.20,27.91,47.20,1008.77
1893,170.28,28.20,27.90,47.22,1008.76
1894,170.37,28.20,27.90,47.22,1008.75
1895,170.46,28.20,27.90,47.23,1008.75
1896,170.55,28.20,27.90,47.23,1008.75
1897,170.64,28.19,27.90,47.23,1008.75
1898,170.73,28.19,27.90,47.21,1008.75
1899,170.82,28.18,27.90,47.20,1008.75
1900,170.91,28.19,27.91,47.20,1008.75
1901,171.00,28.19,27.91,47.18,1008.76
1902,171.09,28.19,27.91,47.18,1008.76
1903,171.18,28.19,27.91,47.18,1008.77
1904,171.27,28.18,27.91,47.18,1008.77
1905,171.36,28.18,27.91,47.17,1008.76
1906,171.45,28.18,27.90,47.18,1008.77
1907,171.54,28.18,27.89,47.19,1008.77
1908,171.63,28.18,27.89,47.18,1008.77
1909,171.72,28.17,27.88,47.17,1008.77
1910,171.81,28.17,27.87,47.17,1008.77
1911,171.90,28.17,27.87,47.17,1008.76
1912,171.99,28.17,27.87,47.17,1008.76
1913,172.08,28.16,27.87,47.18,1008.77
1914,172.17,28.16,27.87,47.17,1008.77
1915,172.26,28.15,27.88,47.16,1008.77
1916,172.35,28.16,27.87,47.14,1008.76
1917,172.44,28.15,27.87,47.14,1008.77
1918,172.53,28.14,27.87,47.14,1008.77
1919,172.62,28.14,27.87,47.13,1008.77
1920,172.71,28.14,27.86,47.14,1008.77
1921,172.80,28.14,27.86,47.11,1008.77
1922,172.89,28.14,27.86,47.13,1008.77
1923,172.98,28.14,27.85,47.11,1008.77
1924,173.07,28.14,27.85,47.12,1008.78
1925,173.16,28.14,27.85,47.12,1008.78
1926,173.25,28.13,27.84,47.11,1008.78
1927,173.34,28.13,27.84,47.11,1008.78
1928,173.43,28.13,27.83,47.12,1008.78
1929,173.52,28.13,27.83,47.12,1008.78
1930,173.61,28.12,27.82,47.11,1008.78
1931,173.70,28.11,27.82,47.11,1008.77
1932,173.79,28.12,27.82,47.13,1008.77
1933,173.88,28.13,27.81,47.12,1008.78
1934,173.97,28.12,27.82,47.13,1008.78
1935,174.06,28.11,27.81,47.10,1008.77
1936,174.15,28.10,27.81,47.11,1008.77
1937,174.24,28.10,27.81,47.12,1008.77
1938,174.33,28.09,27.81,47.11,1008.77
1939,174.42,28.09,27.81,47.11,1008.77
1940,174.51,28.08,27.81,47.10,1008.77
1941,174.60,28.08,27.81,47.10,1008.76
1942,174.69,28.08,27.81,47.09,1008.76
1943,174.78,28.08,27.81,47.10,1008.76
1944,174.87,28.08,27.80,47.10,1008.76
1945,174.96,28.08,27.79,47.11,1008.76
1946,175.05,28.07,27.78,47.09,1008.76
1947,175.14,28.07,27.78,47.10,1008.76
1948,175.23,28.07,27.79,47.09,1008.75
1949,175.32,28.08,27.79,47.08,1008.75
1950,175.41,28.09,27.79,47.07,1008.76
1951,175.50,28.08,27.78,47.07,1008.76
1952,175.59,28.08,27.77,47.06,1008.76
1953,175.68,28.07,27.77,47.05,1008.76
1954,175.77,28.07,27.78,47.04,1008.76
1955,175.86,28.06,27.78,47.03,1008.76
1956,175.95,28.07,27.78,47.04,1008.76
1957,176.04,28.06,27.78,47.04,1008.76
1958,176.13,28.06,27.77,47.04,1008.76
1959,176.22,28.06,27.76,47.05,1008.76
1960,176.31,28.06,27.77,47.05,1008.75
1961,176.40,28.05,27.76,47.06,1008.75
1962,176.49,28.05,27.76,47.07,1008.75
1963,176.58,28.05,27.76,47.07,1008.75
1964,176.67,28.05,27.75,47.05,1008.75
1965,176.76,28.04,27.74,47.04,1008.75
1966,176.85,28.04,27.74,47.05,1008.75
1967,176.94,28.05,27.74,47.06,1008.75
1968,177.03,28.05,27.75,47.07,1008.75
1969,177.12,28.06,27.74,47.07,1008.75
1970,177.21,28.05,27.75,47.07,1008.76
1971,177.30,28.05,27.74,47.09,1008.76
1972,177.39,28.05,27.74,47.07,1008.76
1973,177.48,28.05,27.75,47.07,1008.76
1974,177.57,28.04,27.75,47.08,1008.76
1975,177.66,28.04,27.76,47.06,1008.76
1976,177.75,28.04,27.76,47.08,1008.76
1977,177.84,28.04,27.76,47.07,1008.76
1978,177.93,28.04,27.76,47.08,1008.77
1979,178.02,28.04,27.76,47.09,1008.77
1980,178.11,28.04,27.76,47.09,1008.76
1981,178.20,28.03,27.77,47.09,1008.76
1982,178.29,28.03,27.77,47.08,1008.77
1983,178.38,28.03,27.77,47.08,1008.76
1984,178.47,28.03,27.78,47.09,1008.76
1985,178.56,28.03,27.78,47.09,1008.76
1986,178.65,28.03,27.79,47.08,1008.76
1987,178.74,28.03,27.78,47.08,1008.75
1988,178.83,28.03,27.77,47.08,1008.76
1989,178.92,28.03,27.76,47.07,1008.75
1990,179.01,28.03,27.76,47.04,1008.75
1991,179.10,28.03,27.76,47.03,1008.75
1992,179.19,28.02,27.76,47.02,1008.75
1993,179.28,28.02,27.75,47.01,1008.75
1994,179.37,28.02,27.76,47.00,1008.76
1995,179.46,28.03,27.76,47.00,1008.75
1996,179.55,28.03,27.75,46.99,1008.76
1997,179.64,28.03,27.76,46.98,1008.76
1998,179.73,28.04,27.76,46.99,1008.76
1999,179.82,28.04,27.77,46.98,1008.76
2000,179.91,28.04,27.77,47.00,1008.76
2001,180.00,28.04,27.78,46.99,1008.76
2002,180.09,28.04,27.77,46.99,1008.75
2003,180.18,28.04,27.77,46.99,1008.76
2004,180.27,28.05,27.77,46.97,1008.76
2005,180.36,28.05,27.76,46.98,1008.76
2006,180.45,28.05,27.77,47.00,1008.76
2007,180.54,28.06,27.76,46.99,1008.76
2008,180.63,28.06,27.77,46.99,1008.76
2009,180.72,28.06,27.77,46.98,1008.76
2010,180.81,28.07,27.77,46.97,1008.77
2011,180.90,28.06,27.77,46.96,1008.77
2012,180.99,28.07,27.76,46.95,1008.77
2013,181.08,28.07,27.77,46.96,1008.77
2014,181.17,28.06,27.77,46.95,1008.77
2015,181.26,28.05,27.77,46.95,1008.77
2016,181.35,28.04,27.77,46.95,1008.77
2017,181.44,28.04,27.77,46.96,1008.77
2018,181.53,28.03,27.77,46.96,1008.76
2019,181.62,28.03,27.78,46.98,1008.76
2020,181.71,28.03,27.77,47.00,1008.76
2021,181.80,28.02,27.78,47.01,1008.77
2022,181.89,28.01,27.77,46.92,1008.77
2023,181.98,28.02,27.78,47.02,1008.77
2024,182.07,28.02,27.78,47.01,1008.77
2025,182.16,28.02,27.78,46.99,1008.77
2026,182.25,28.02,27.78,46.98,1008.77
2027,182.34,28.01,27.77,46.95,1008.77
2028,182.43,28.01,27.76,46.97,1008.77
2029,182.52,28.01,27.75,46.97,1008.77
2030,182.61,28.02,27.74,47.01,1008.77
2031,182.70,28.02,27.73,47.01,1008.78
2032,182.79,28.01,27.73,47.02,1008.78
2033,182.88,28.01,27.72,47.00,1008.78
2034,182.97,28.01,27.70,47.00,1008.78
2035,183.06,28.00,27.69,47.01,1008.78
2036,183.15,28.00,27.69,47.01,1008.78
2037,183.24,28.00,27.69,47.01,1008.78
2038,183.33,27.99,27.69,47.00,1008.78
2039,183.42,27.99,27.68,47.00,1008.78
2040,183.51,27.99,27.69,47.01,1008.77
2041,183.60,27.99,27.68,47.02,1008.76
2042,183.69,27.99,27.68,47.00,1008.76
2043,183.78,27.99,27.68,47.00,1008.76
2044,183.87,27.99,27.69,47.01,1008.76
2045,183.96,27.99,27.69,46.99,1008.76
2046,184.05,28.00,27.69,46.99,1008.75
2047,184.14,27.99,27.69,47.00,1008.76
2048,184.23,27.99,27.68,46.99,1008.76
2049,184.32,27.98,27.70,46.99,1008.76
2050,184.41,27.98,27.70,47.02,1008.76
2051,184.50,27.97,27.70,47.02,1008.76
2052,184.59,27.97,27.68,47.02,1008.76
2053,184.68,27.97,27.67,47.01,1008.77
2054,184.77,27.96,27.68,47.02,1008.77
2055,184.86,27.97,27.67,47.02,1008.77
2056,184.95,27.96,27.67,47.02,1008.77
2057,185.04,27.96,27.68,47.00,1008.77
2058,185.13,27.96,27.68,46.98,1008.77
2059,185.22,27.97,27.67,46.97,1008.77
2060,185.31,27.97,27.67,46.96,1008.77
2061,185.40,27.97,27.66,46.98,1008.77
2062,185.49,27.96,27.66,46.98,1008.77
2063,185.58,27.96,27.66,46.98,1008.77
2064,185.67,27.96,27.67,46.97,1008.78
2065,185.76,27.95,27.68,46.97,1008.77
2066,185.85,27.94,27.67,46.99,1008.77
2067,185.94,27.94,27.67,47.00,1008.77
2068,186.03,27.94,27.68,47.01,1008.77
2069,186.12,27.95,27.67,47.01,1008.77
2070,186.21,27.94,27.66,47.02,1008.77
2071,186.30,27.94,27.65,47.02,1008.77
2072,186.39,27.94,27.65,47.02,1008.76
2073,186.48,27.93,27.66,47.03,1008.76
2074,186.57,27.93,27.66,47.04,1008.76
2075,186.66,27.93,27.66,47.03,1008.76
2076,186.75,27.93,27.66,47.04,1008.75
2077,186.84,27.94,27.66,47.04,1008.75
2078,186.93,27.94,27.65,47.05,1008.75
2079,187.02,27.93,27.65,47.04,1008.75
2080,187.11,27.92,27.65,47.04,1008.75
2081,187.20,27.92,27.65,47.03,1008.75
2082,187.29,27.92,27.65,47.04,1008.75
2083,187.38,27.92,27.65,47.03,1008.75
2084,187.47,27.92,27.65,47.03,1008.75
2085,187.56,27.92,27.64,47.01,1008.75
2086,187.65,27.92,27.64,47.03,1008.76
2087,187.74,27.92,27.65,47.04,1008.76
2088,187.83,27.91,27.65,47.04,1008.76
2089,187.92,27.92,27.65,47.04,1008.76
2090,188.01,27.91,27.65,47.02,1008.76
2091,188.10,27.92,27.65,47.02,1008.76
2092,188.19,27.91,27.64,47.00,1008.76
2093,188.28,27.91,27.65,46.99,1008.76
2094,188.37,27.92,27.65,46.98,1008.76
2095,188.46,27.92,27.64,46.97,1008.76
2096,188.55,27.92,27.64,46.98,1008.77
2097,188.64,27.92,27.63,46.98,1008.77
2098,188.73,27.92,27.63,46.98,1008.76
2099,188.82,27.91,27.64,46.96,1008.77
2100,188.91,27.91,27.64,46.94,1008.77
2101,189.00,27.91,27.64,46.95,1008.77
2102,189.09,27.91,27.64,46.93,1008.77
2103,189.18,27.91,27.64,46.96,1008.78
2104,189.27,27.91,27.64,46.96,1008.78
2105,189.36,27.90,27.64,46.95,1008.77
2106,189.45,27.90,27.64,46.94,1008.77
2107,189.54,27.89,27.65,46.95,1008.77
2108,189.63,27.89,27.65,46.96,1008.77
2109,189.72,27.89,27.66,46.96,1008.77
2110,189.81,27.89,27.66,46.95,1008.77
2111,189.90,27.89,27.66,46.95,1008.77
2112,189.99,27.90,27.66,46.96,1008.77
2113,190.08,27.90,27.66,46.97,1008.77
2114,190.17,27.90,27.65,46.97,1008.77
2115,190.26,27.90,27.66,46.96,1008.77
2116,190.35,27.90,27.66,46.96,1008.76
2117,190.44,27.91,27.67,46.97,1008.76
2118,190.53,27.90,27.67,46.96,1008.76
2119,190.62,27.90,27.67,46.96,1008.76
2120,190.71,27.90,27.66,46.95,1008.76
2121,190.80,27.91,27.66,46.95,1008.76
2122,190.89,27.91,27.66,46.96,1008.76
2123,190.98,27.91,27.66,46.96,1008.76
2124,191.07,27.91,27.66,46.97,1008.76
2125,191.16,27.92,27.66,46.97,1008.75
2126,191.25,27.91,27.66,46.99,1008.75
2127,191.34,27.91,27.66,47.00,1008.75
2128,191.43,27.91,27.66,47.02,1008.75
2129,191.52,27.91,27.65,47.02,1008.75
2130,191.61,27.91,27.64,47.05,1008.75
2131,191.70,27.90,27.64,47.05,1008.75
2132,191.79,27.91,27.64,47.06,1008.75
2133,191.88,27.90,27.63,47.05,1008.75
2134,191.97,27.90,27.63,47.06,1008.75
2135,192.06,27.89,27.63,47.04,1008.75
2136,192.15,27.90,27.64,47.04,1008.75
2137,192.24,27.89,27.63,47.01,1008.76
2138,192.33,27.89,27.64,47.00,1008.76
2139,192.42,27.88,27.63,47.01,1008.76
2140,192.51,27.89,27.63,47.02,1008.76
2141,192.60,27.89,27.63,47.02,1008.76
2142,192.69,27.89,27.63,47.03,1008.76
2143,192.78,27.89,27.63,47.02,1008.75
2144,192.87,27.88,27.63,47.02,1008.75
2145,192.96,27.87,27.64,47.03,1008.76
2146,193.05,27.88,27.64,47.02,1008.76
2147,193.14,27.88,27.65,47.01,1008.77
2148,193.23,27.88,27.64,46.99,1008.77
2149,193.32,27.88,27.64,46.99,1008.77
2150,193.41,27.87,27.64,46.99,1008.77
2151,193.50,27.87,27.64,46.97,1008.77
2152,193.59,27.86,27.63,46.96,1008.77
2153,193.68,27.86,27.63,46.96,1008.77
2154,193.77,27.86,27.63,46.94,1008.78
2155,193.86,27.86,27.62,46.94,1008.78
2156,193.95,27.86,27.62,46.94,1008.78
2157,194.04,27.87,27.62,46.95,1008.78
2158,194.13,27.86,27.62,46.97,1008.78
2159,194.22,27.86,27.62,46.96,1008.78
2160,194.31,27.86,27.62,46.97,1008.77
2161,194.40,27.85,27.62,46.98,1008.77
2162,194.49,27.87,27.61,46.98,1008.77
2163,194.58,27.86,27.60,46.99,1008.77
2164,194.67,27.86,27.60,46.99,1008.77
2165,194.76,27.86,27.59,46.98,1008.77
2166,194.85,27.86,27.60,46.97,1008.77
2167,194.94,27.86,27.60,46.97,1008.77
2168,195.03,27.85,27.58,46.99,1008.77
2169,195.12,27.86,27.58,46.98,1008.77
2170,195.21,27.86,27.58,46.99,1008.77
2171,195.30,27.86,27.57,46.98,1008.77
2172,195.39,27.85,27.57,46.99,1008.77
2173,195.48,27.85,27.55,46.98,1008.77
2174,195.57,27.85,27.56,46.97,1008.76
2175,195.66,27.85,27.55,46.98,1008.76
2176,195.75,27.84,27.55,46.96,1008.76
2177,195.84,27.85,27.56,46.95,1008.76
2178,195.93,27.84,27.56,46.96,1008.76
2179,196.02,27.84,27.56,46.96,1008.75
2180,196.11,27.83,27.56,46.98,1008.76
2181,196.20,27.83,27.56,46.98,1008.76
2182,196.29,27.83,27.55,46.95,1008.76
2183,196.38,27.83,27.55,46.96,1008.76
2184,196.47,27.83,27.54,46.96,1008.75
2185,196.56,27.83,27.53,46.97,1008.76
2186,196.65,27.83,27.54,46.97,1008.76
2187,196.74,27.83,27.53,46.97,1008.76
2188,196.83,27.83,27.55,46.97,1008.76
2189,196.92,27.83,27.54,46.95,1008.76
2190,197.01,27.83,27.54,46.96,1008.76
2191,197.10,27.83,27.54,46.97,1008.77
2192,197.19,27.83,27.54,46.97,1008.77
2193,197.28,27.82,27.53,46.99,1008.77
2194,197.37,27.82,27.52,46.99,1008.77
2195,197.46,27.82,27.52,47.00,1008.77
2196,197.55,27.82,27.52,46.99,1008.77
2197,197.64,27.81,27.51,46.98,1008.77
2198,197.73,27.81,27.51,46.99,1008.77
2199,197.82,27.80,27.51,47.01,1008.77
2200,197.91,27.80,27.51,47.00,1008.77
2201,198.00,27.81,27.51,47.01,1008.77
2202,198.09,27.81,27.51,47.01,1008.77
2203,198.18,27.81,27.52,46.99,1008.77
2204,198.27,27.81,27.52,46.98,1008.77
2205,198.36,27.80,27.52,46.97,1008.76
2206,198.45,27.80,27.52,46.99,1008.76
2207,198.54,27.80,27.52,46.97,1008.76
2208,198.63,27.80,27.54,46.96,1008.77
2209,198.72,27.79,27.54,46.95,1008.77
2210,198.81,27.80,27.54,46.96,1008.76
2211,198.90,27.80,27.54,46.93,1008.76
2212,198.99,27.80,27.54,46.94,1008.76
2213,199.08,27.80,27.55,46.96,1008.76
2214,199.17,27.81,27.55,46.96,1008.76
2215,199.26,27.81,27.55,46.97,1008.76
2216,199.35,27.81,27.54,46.97,1008.76
2217,199.44,27.81,27.54,46.95,1008.76
2218,199.53,27.81,27.55,46.96,1008.76
2219,199.62,27.80,27.55,46.97,1008.75
2220,199.71,27.81,27.54,46.95,1008.75
2221,199.80,27.80,27.54,46.96,1008.75
2222,199.89,27.80,27.55,46.95,1008.75
2223,199.98,27.80,27.55,46.95,1008.76
2224,200.07,27.80,27.55,46.97,1008.76
2225,200.16,27.80,27.54,46.98,1008.76
2226,200.25,27.80,27.54,46.98,1008.77
2227,200.34,27.80,27.54,46.97,1008.77
2228,200.43,27.81,27.54,46.97,1008.77
2229,200.52,27.81,27.54,46.96,1008.77
2230,200.61,27.81,27.55,46.95,1008.77
2231,200.70,27.81,27.54,46.93,1008.77
2232,200.79,27.81,27.54,46.94,1008.78
2233,200.88,27.82,27.55,46.93,1008.77
2234,200.97,27.81,27.54,46.93,1008.77
2235,201.06,27.81,27.54,46.93,1008.77
2236,201.15,27.82,27.53,46.93,1008.78
2237,201.24,27.82,27.53,46.94,1008.78
2238,201.33,27.82,27.53,46.93,1008.78
2239,201.42,27.81,27.53,46.92,1008.78
2240,201.51,27.82,27.53,46.93,1008.79
2241,201.60,27.82,27.54,46.93,1008.79
2242,201.69,27.82,27.54,46.93,1008.79
2243,201.78,27.82,27.53,46.92,1008.79
2244,201.87,27.82,27.54,46.93,1008.79
2245,201.96,27.82,27.54,46.93,1008.80
2246,202.05,27.82,27.54,46.92,1008.80
2247,202.14,27.83,27.54,46.92,1008.80
2248,202.23,27.83,27.53,46.92,1008.79
2249,202.32,27.83,27.53,46.93,1008.79
2250,202.41,27.83,27.54,46.93,1008.79
2251,202.50,27.81,27.54,46.93,1008.79
2252,202.59,27.81,27.54,46.94,1008.79
2253,202.68,27.81,27.55,46.95,1008.79
2254,202.77,27.81,27.54,46.96,1008.79
2255,202.86,27.80,27.54,46.96,1008.78
2256,202.95,27.81,27.54,46.97,1008.78
2257,203.04,27.81,27.54,46.98,1008.78
2258,203.13,27.81,27.54,46.96,1008.78
2259,203.22,27.81,27.54,46.95,1008.78
2260,203.31,27.81,27.55,46.96,1008.78
2261,203.40,27.81,27.54,46.96,1008.77
2262,203.49,27.82,27.54,46.96,1008.78
2263,203.58,27.82,27.53,46.95,1008.77
2264,203.67,27.82,27.53,46.96,1008.77
2265,203.76,27.82,27.52,46.96,1008.77
2266,203.85,27.81,27.51,46.95,1008.77
2267,203.94,27.82,27.52,46.96,1008.77
2268,204.03,27.81,27.51,46.96,1008.76
2269,204.12,27.81,27.51,46.94,1008.77
2270,204.21,27.81,27.50,46.94,1008.77
2271,204.30,27.80,27.50,46.95,1008.76
2272,204.39,27.81,27.50,46.96,1008.76
2273,204.48,27.81,27.50,46.98,1008.76
2274,204.57,27.81,27.50,47.00,1008.76
2275,204.66,27.81,27.50,46.99,1008.76
2276,204.75,27.80,27.51,46.99,1008.77
2277,204.84,27.81,27.51,46.96,1008.77
2278,204.93,27.80,27.51,46.96,1008.77
2279,205.02,27.80,27.50,46.97,1008.77
2280,205.11,27.80,27.50,46.97,1008.77
2281,205.20,27.80,27.49,46.96,1008.77
2282,205.29,27.80,27.49,46.95,1008.77
2283,205.38,27.80,27.50,46.95,1008.77
2284,205.47,27.80,27.49,46.95,1008.77
2285,205.56,27.80,27.50,46.95,1008.77
2286,205.65,27.80,27.49,46.96,1008.77
2287,205.74,27.79,27.48,46.95,1008.77
2288,205.83,27.79,27.48,46.95,1008.77
2289,205.92,27.79,27.48,46.94,1008.77
2290,206.01,27.79,27.47,46.94,1008.77
2291,206.10,27.79,27.46,46.95,1008.77
2292,206.19,27.79,27.45,46.96,1008.77
2293,206.28,27.79,27.45,46.98,1008.77
2294,206.37,27.79,27.45,46.98,1008.77
2295,206.46,27.79,27.45,46.99,1008.77
2296,206.55,27.79,27.46,46.97,1008.77
2297,206.64,27.79,27.45,46.95,1008.77
2298,206.73,27.79,27.45,46.97,1008.77
2299,206.82,27.79,27.44,46.98,1008.77
2300,206.91,27.79,27.43,46.97,1008.77
2301,207.00,27.79,27.43,46.96,1008.76
2302,207.09,27.79,27.43,46.96,1008.76
2303,207.18,27.79,27.41,46.95,1008.76
2304,207.27,27.79,27.41,46.93,1008.77
2305,207.36,27.79,27.41,46.93,1008.77
2306,207.45,27.79,27.42,46.92,1008.77
2307,207.54,27.79,27.42,46.90,1008.77
2308,207.63,27.79,27.42,46.89,1008.76
2309,207.72,27.79,27.41,46.89,1008.77
2310,207.81,27.79,27.41,46.90,1008.77
2311,207.90,27.79,27.41,46.90,1008.77
2312,207.99,27.79,27.41,46.91,1008.76
2313,208.08,27.79,27.41,46.91,1008.76
2314,208.17,27.79,27.42,46.90,1008.76
2315,208.26,27.79,27.42,46.93,1008.76
2316,208.35,27.79,27.41,46.92,1008.76
2317,208.44,27.79,27.42,46.92,1008.76
2318,208.53,27.79,27.42,46.93,1008.76
2319,208.62,27.79,27.43,46.93,1008.76
2320,208.71,27.79,27.43,46.93,1008.76
2321,208.80,27.79,27.43,46.93,1008.76
2322,208.89,27.79,27.43,46.94,1008.76
2323,208.98,27.79,27.44,46.97,1008.76
2324,209.07,27.79,27.44,46.95,1008.77
2325,209.16,27.79,27.44,46.93,1008.76
2326,209.25,27.79,27.45,46.93,1008.77
2327,209.34,27.79,27.44,46.93,1008.77
2328,209.43,27.79,27.45,46.93,1008.77
2329,209.52,27.79,27.45,46.91,1008.77
2330,209.61,27.79,27.46,46.91,1008.77
2331,209.70,27.79,27.47,46.89,1008.77
2332,209.79,27.79,27.47,46.89,1008.77
2333,209.88,27.79,27.46,46.89,1008.77
2334,209.97,27.79,27.47,46.90,1008.77
2335,210.06,27.79,27.48,46.89,1008.77
2336,210.15,27.79,27.48,46.89,1008.77
2337,210.24,27.79,27.48,46.89,1008.77
2338,210.33,27.79,27.48,46.88,1008.77
2339,210.42,27.79,27.49,46.87,1008.77
2340,210.51,27.79,27.49,46.86,1008.77
2341,210.60,27.79,27.49,46.87,1008.77
2342,210.69,27.79,27.49,46.86,1008.77
2343,210.78,27.79,27.49,46.85,1008.77
2344,210.87,27.79,27.49,46.84,1008.77
2345,210.96,27.79,27.49,46.85,1008.77
2346,211.05,27.79,27.49,46.87,1008.77
2347,211.14,27.79,27.48,46.87,1008.76
2348,211.23,27.79,27.47,46.87,1008.76
2349,211.32,27.79,27.47,46.87,1008.76
2350,211.41,27.79,27.47,46.86,1008.76
2351,211.50,27.79,27.46,46.87,1008.76
2352,211.59,27.79,27.47,46.86,1008.76
2353,211.68,27.79,27.46,46.88,1008.76
2354,211.77,27.79,27.46,46.89,1008.76
2355,211.86,27.79,27.45,46.87,1008.76
2356,211.95,27.79,27.46,46.88,1008.76
2357,212.04,27.79,27.46,46.88,1008.75
2358,212.13,27.79,27.47,46.87,1008.75
2359,212.22,27.79,27.47,46.85,1008.75
2360,212.31,27.79,27.48,46.84,1008.75
2361,212.40,27.79,27.47,46.82,1008.75
2362,212.49,27.79,27.47,46.84,1008.75
2363,212.58,27.79,27.47,46.86,1008.75
2364,212.67,27.79,27.47,46.88,1008.75
2365,212.76,27.79,27.47,46.87,1008.75
2366,212.85,27.79,27.47,46.87,1008.75
2367,212.94,27.79,27.47,46.85,1008.75
2368,213.03,27.79,27.46,46.85,1008.75
2369,213.12,27.79,27.46,46.85,1008.75
2370,213.21,27.79,27.47,46.86,1008.75
2371,213.30,27.79,27.47,46.86,1008.75
2372,213.39,27.79,27.47,46.87,1008.75
2373,213.48,27.79,27.47,46.88,1008.75
2374,213.57,27.79,27.46,46.89,1008.75
2375,213.66,27.79,27.46,46.88,1008.75
2376,213.75,27.79,27.46,46.86,1008.74
2377,213.84,27.79,27.47,46.88,1008.75
2378,213.93,27.79,27.47,46.88,1008.74
2379,214.02,27.79,27.46,46.88,1008.75
2380,214.11,27.79,27.45,46.89,1008.74
2381,214.20,27.79,27.46,46.88,1008.74
2382,214.29,27.79,27.45,46.86,1008.74
2383,214.38,27.79,27.45,46.84,1008.74
2384,214.47,27.79,27.46,46.86,1008.75
2385,214.56,27.79,27.46,46.87,1008.75
2386,214.65,27.79,27.45,46.89,1008.75
2387,214.74,27.79,27.46,46.91,1008.75
2388,214.83,27.79,27.46,46.92,1008.75
2389,214.92,27.79,27.45,46.91,1008.75
2390,215.01,27.79,27.45,46.91,1008.75
2391,215.10,27.79,27.45,46.92,1008.75
2392,215.19,27.79,27.45,46.94,1008.75
2393,215.28,27.79,27.45,46.94,1008.74
2394,215.37,27.79,27.45,46.92,1008.74
2395,215.46,27.79,27.45,46.91,1008.74
2396,215.55,27.79,27.45,46.91,1008.74
2397,215.64,27.79,27.44,46.92,1008.75
2398,215.73,27.79,27.44,46.93,1008.75
2399,215.82,27.79,27.44,46.95,1008.75
2400,215.91,27.79,27.43,46.95,1008.75
2401,216.00,27.79,27.43,46.96,1008.76
2402,216.09,27.79,27.43,46.95,1008.75
2403,216.18,27.79,27.43,46.98,1008.75
2404,216.27,27.79,27.43,46.98,1008.75
2405,216.36,27.79,27.42,47.00,1008.75
2406,216.45,27.79,27.41,46.99,1008.75
2407,216.54,27.79,27.42,46.99,1008.75
2408,216.63,27.79,27.42,46.99,1008.75
2409,216.72,27.79,27.43,46.97,1008.75
2410,216.81,27.79,27.42,46.98,1008.75
2411,216.90,27.79,27.41,46.97,1008.76
2412,216.99,27.79,27.41,46.98,1008.75
2413,217.08,27.79,27.41,46.99,1008.76
2414,217.17,27.79,27.42,47.00,1008.76
2415,217.26,27.79,27.42,47.00,1008.76
2416,217.35,27.79,27.41,47.00,1008.76
2417,217.44,27.79,27.41,47.00,1008.76
2418,217.53,27.79,27.41,47.04,1008.76
2419,217.62,27.79,27.40,47.02,1008.76
2420,217.71,27.79,27.40,47.01,1008.76
2421,217.80,27.79,27.40,46.99,1008.76
2422,217.89,27.79,27.40,46.97,1008.77
2423,217.98,27.79,27.40,46.96,1008.77
2424,218.07,27.79,27.40,46.97,1008.76
2425,218.16,27.79,27.39,46.96,1008.76
2426,218.25,27.79,27.39,46.96,1008.77
2427,218.34,27.79,27.40,46.95,1008.77
2428,218.43,27.79,27.40,46.94,1008.76
2429,218.52,27.79,27.41,46.92,1008.76
2430,218.61,27.79,27.40,46.93,1008.77
2431,218.70,27.79,27.40,46.93,1008.77
2432,218.79,27.79,27.39,46.92,1008.76
2433,218.88,27.79,27.39,46.93,1008.76
2434,218.97,27.79,27.38,46.91,1008.76
2435,219.06,27.79,27.38,46.91,1008.76
2436,219.15,27.79,27.38,46.89,1008.76
2437,219.24,27.79,27.38,46.88,1008.76
2438,219.33,27.79,27.38,46.86,1008.76
2439,219.42,27.79,27.38,46.86,1008.76
2440,219.51,27.79,27.38,46.85,1008.76
2441,219.60,27.79,27.38,46.83,1008.75
2442,219.69,27.79,27.38,46.82,1008.75
2443,219.78,27.79,27.38,46.82,1008.75
2444,219.87,27.79,27.38,46.82,1008.75
2445,219.96,27.79,27.39,46.82,1008.74
2446,220.05,27.79,27.38,46.83,1008.74
2447,220.14,27.79,27.38,46.82,1008.74
2448,220.23,27.79,27.39,46.82,1008.74
2449,220.32,27.79,27.39,46.82,1008.74
2450,220.41,27.79,27.39,46.82,1008.74
2451,220.50,27.79,27.38,46.83,1008.74
2452,220.59,27.79,27.38,46.82,1008.74
2453,220.68,27.79,27.39,46.82,1008.74
2454,220.77,27.79,27.38,46.80,1008.74
2455,220.86,27.79,27.37,46.79,1008.74
2456,220.95,27.79,27.37,46.78,1008.74
2457,221.04,27.79,27.37,46.77,1008.74
2458,221.13,27.79,27.38,46.79,1008.74
2459,221.22,27.79,27.37,46.77,1008.73
2460,221.31,27.79,27.37,46.77,1008.74
2461,221.40,27.79,27.38,46.77,1008.74
2462,221.49,27.79,27.38,46.78,1008.74
2463,221.58,27.79,27.39,46.75,1008.74
2464,221.67,27.79,27.39,46.74,1008.75
2465,221.76,27.79,27.39,46.75,1008.75
2466,221.85,27.79,27.39,46.74,1008.75
2467,221.94,27.79,27.40,46.74,1008.75
2468,222.03,27.79,27.40,46.74,1008.76
2469,222.12,27.79,27.40,46.75,1008.76
2470,222.21,27.79,27.40,46.77,1008.76
2471,222.30,27.79,27.40,46.78,1008.77
2472,222.39,27.79,27.41,46.77,1008.77
2473,222.48,27.79,27.41,46.77,1008.77
2474,222.57,27.79,27.41,46.79,1008.77
2475,222.66,27.79,27.42,46.78,1008.77
2476,222.75,27.79,27.41,46.76,1008.78
2477,222.84,27.79,27.41,46.77,1008.78
2478,222.93,27.79,27.41,46.76,1008.78
2479,223.02,27.79,27.42,46.75,1008.78
2480,223.11,27.79,27.41,46.75,1008.78
2481,223.20,27.79,27.42,46.73,1008.78
2482,223.29,27.79,27.41,46.73,1008.78
2483,223.38,27.79,27.41,46.72,1008.78
2484,223.47,27.79,27.40,46.71,1008.78
2485,223.56,27.79,27.40,46.71,1008.78
2486,223.65,27.79,27.40,46.70,1008.78
2487,223.74,27.79,27.40,46.71,1008.78
2488,223.83,27.79,27.40,46.70,1008.78
2489,223.92,27.79,27.40,46.71,1008.78
2490,224.01,27.79,27.40,46.71,1008.78
2491,224.10,27.79,27.39,46.69,1008.77
2492,224.19,27.79,27.39,46.68,1008.77
2493,224.28,27.79,27.39,46.68,1008.77
2494,224.37,27.79,27.39,46.66,1008.77
2495,224.46,27.79,27.40,46.67,1008.77
2496,224.55,27.79,27.39,46.70,1008.77
2497,224.64,27.79,27.39,46.72,1008.77
2498,224.73,27.79,27.39,46.73,1008.77
2499,224.82,27.79,27.38,46.72,1008.77
2500,224.91,27.79,27.38,46.72,1008.76
2501,225.00,27.79,27.38,46.72,1008.76
2502,225.09,27.79,27.39,46.73,1008.76
2503,225.18,27.79,27.39,46.74,1008.76
2504,225.27,27.79,27.39,46.74,1008.76
2505,225.36,27.79,27.39,46.75,1008.76
2506,225.45,27.79,27.39,46.74,1008.77
2507,225.54,27.79,27.39,46.74,1008.77
2508,225.63,27.79,27.38,46.73,1008.76
2509,225.72,27.79,27.38,46.73,1008.77
2510,225.81,27.79,27.38,46.74,1008.77
2511,225.90,27.79,27.37,46.73,1008.77
2512,225.99,27.79,27.37,46.74,1008.77
2513,226.08,27.79,27.37,46.75,1008.77
2514,226.17,27.79,27.37,46.77,1008.77
2515,226.26,27.79,27.37,46.80,1008.77
2516,226.35,27.78,27.37,46.79,1008.77
2517,226.44,27.78,27.37,46.83,1008.77
2518,226.53,27.78,27.36,46.84,1008.77
2519,226.62,27.78,27.36,46.84,1008.77
2520,226.71,27.78,27.37,46.85,1008.77
2521,226.80,27.78,27.37,46.82,1008.72
2522,226.89,27.78,27.36,46.82,1008.77
2523,226.98,27.78,27.36,46.82,1008.77
2524,227.07,27.78,27.36,46.81,1008.77
2525,227.16,27.78,27.36,46.79,1008.77
2526,227.25,27.78,27.37,46.78,1008.77
2527,227.34,27.78,27.37,46.80,1008.77
2528,227.43,27.78,27.37,46.80,1008.77
2529,227.52,27.78,27.37,46.80,1008.76
2530,227.61,27.78,27.37,46.81,1008.76
2531,227.70,27.78,27.37,46.79,1008.76
2532,227.79,27.78,27.35,46.79,1008.75
2533,227.88,27.78,27.36,46.79,1008.75
2534,227.97,27.78,27.36,46.81,1008.75
2535,228.06,27.78,27.36,46.81,1008.75
2536,228.15,27.78,27.36,46.83,1008.75
2537,228.24,27.78,27.36,46.83,1008.74
2538,228.33,27.78,27.36,46.82,1008.75
2539,228.42,27.78,27.36,46.82,1008.74
2540,228.51,27.78,27.35,46.80,1008.74
2541,228.60,27.78,27.36,46.81,1008.74
2542,228.69,27.78,27.36,46.79,1008.74
2543,228.78,27.78,27.36,46.78,1008.74
2544,228.87,27.78,27.36,46.78,1008.74
2545,228.96,27.78,27.36,46.76,1008.74
2546,229.05,27.78,27.36,46.75,1008.74
2547,229.14,27.78,27.36,46.76,1008.74
2548,229.23,27.78,27.36,46.76,1008.74
2549,229.32,27.78,27.36,46.75,1008.74
2550,229.41,27.78,27.36,46.73,1008.74
2551,229.50,27.78,27.36,46.74,1008.74
2552,229.59,27.78,27.36,46.75,1008.75
2553,229.68,27.78,27.37,46.76,1008.75
2554,229.77,27.78,27.37,46.72,1008.76
2555,229.86,27.78,27.37,46.72,1008.76
2556,229.95,27.78,27.36,46.69,1008.76
2557,230.04,27.78,27.36,46.68,1008.76
2558,230.13,27.78,27.36,46.67,1008.77
2559,230.22,27.78,27.36,46.65,1008.77
2560,230.31,27.78,27.36,46.64,1008.77
2561,230.40,27.78,27.37,46.62,1008.77
2562,230.49,27.78,27.37,46.61,1008.77
2563,230.58,27.78,27.36,46.62,1008.78
2564,230.67,27.78,27.36,46.62,1008.78
2565,230.76,27.78,27.36,46.62,1008.78
2566,230.85,27.78,27.37,46.61,1008.78
2567,230.94,27.78,27.36,46.60,1008.78
2568,231.03,27.78,27.36,46.60,1008.78
2569,231.12,27.78,27.35,46.60,1008.78
2570,231.21,27.78,27.36,46.61,1008.78
2571,231.30,27.78,27.36,46.60,1008.79
2572,231.39,27.78,27.36,46.59,1008.78
2573,231.48,27.78,27.36,46.60,1008.78
2574,231.57,27.78,27.36,46.60,1008.78
2575,231.66,27.78,27.35,46.60,1008.78
2576,231.75,27.78,27.35,46.60,1008.79
2577,231.84,27.78,27.35,46.61,1008.74
2578,231.93,27.78,27.35,46.62,1008.78
2579,232.02,27.78,27.35,46.62,1008.77
2580,232.11,27.78,27.36,46.59,1008.78
2581,232.20,27.78,27.36,46.59,1008.78
2582,232.29,27.78,27.36,46.59,1008.77
2583,232.38,27.78,27.36,46.58,1008.77
2584,232.47,27.78,27.35,46.58,1008.77
2585,232.56,27.78,27.35,46.57,1008.77
2586,232.65,27.78,27.35,46.58,1008.76
2587,232.74,27.78,27.35,46.57,1008.77
2588,232.83,27.78,27.36,46.58,1008.76
2589,232.92,27.78,27.36,46.58,1008.76
2590,233.01,27.78,27.35,46.58,1008.76
2591,233.10,27.78,27.35,46.58,1008.76
2592,233.19,27.78,27.36,46.60,1008.76
2593,233.28,27.78,27.36,46.59,1008.76
2594,233.37,27.78,27.36,46.59,1008.76
2595,233.46,27.78,27.35,46.58,1008.77
2596,233.55,27.78,27.36,46.60,1008.76
2597,233.64,27.78,27.36,46.58,1008.77
2598,233.73,27.78,27.37,46.58,1008.77
2599,233.82,27.78,27.37,46.59,1008.77
2600,233.91,27.78,27.37,46.60,1008.77
2601,234.00,27.78,27.36,46.60,1008.77
2602,234.09,27.78,27.36,46.57,1008.77
2603,234.18,27.78,27.36,46.59,1008.77
2604,234.27,27.78,27.37,46.61,1008.77
2605,234.36,27.78,27.36,46.61,1008.77
2606,234.45,27.78,27.35,46.62,1008.77
2607,234.54,27.78,27.35,46.60,1008.77
2608,234.63,27.78,27.35,46.60,1008.77
2609,234.72,27.78,27.34,46.62,1008.77
2610,234.81,27.78,27.34,46.63,1008.77
2611,234.90,27.78,27.34,46.63,1008.77
2612,234.99,27.78,27.34,46.63,1008.77
2613,235.08,27.78,27.35,46.62,1008.77
2614,235.17,27.78,27.35,46.60,1008.77
2615,235.26,27.78,27.35,46.60,1008.77
2616,235.35,27.78,27.35,46.62,1008.77
2617,235.44,27.78,27.34,46.62,1008.77
2618,235.53,27.78,27.35,46.62,1008.76
2619,235.62,27.78,27.34,46.63,1008.77
2620,235.71,27.78,27.34,46.64,1008.77
2621,235.80,27.78,27.34,46.65,1008.76
2622,235.89,27.78,27.33,46.64,1008.76
2623,235.98,27.78,27.33,46.64,1008.76
2624,236.07,27.78,27.32,46.64,1008.75
2625,236.16,27.78,27.32,46.63,1008.75
2626,236.25,27.78,27.32,46.62,1008.75
2627,236.34,27.78,27.33,46.61,1008.75
2628,236.43,27.78,27.33,46.59,1008.75
2629,236.52,27.78,27.33,46.59,1008.74
2630,236.61,27.78,27.33,46.61,1008.74
2631,236.70,27.78,27.33,46.58,1008.74
2632,236.79,27.78,27.32,46.57,1008.74
2633,236.88,27.78,27.32,46.59,1008.74
2634,236.97,27.78,27.31,46.59,1008.74
2635,237.06,27.78,27.32,46.61,1008.74
2636,237.15,27.78,27.33,46.61,1008.74
2637,237.24,27.78,27.33,46.60,1008.74
2638,237.33,27.78,27.33,46.59,1008.74
2639,237.42,27.78,27.33,46.61,1008.74
2640,237.51,27.78,27.34,46.59,1008.74
2641,237.60,27.78,27.34,46.58,1008.75
2642,237.69,27.78,27.34,46.58,1008.75
2643,237.78,27.78,27.35,46.57,1008.75
2644,237.87,27.78,27.35,46.58,1008.75
2645,237.96,27.78,27.35,46.59,1008.75
2646,238.05,27.78,27.35,46.56,1008.75
2647,238.14,27.78,27.35,46.56,1008.76
2648,238.23,27.78,27.34,46.58,1008.76
2649,238.32,27.78,27.34,46.57,1008.76
2650,238.41,27.82,27.34,46.56,1008.76
2651,238.50,27.78,27.35,46.54,1008.76
2652,238.59,27.78,27.35,46.53,1008.76
2653,238.68,27.78,27.35,46.55,1008.77
2654,238.77,27.78,27.34,46.56,1008.77
2655,238.86,27.78,27.34,46.56,1008.76
2656,238.95,27.78,27.35,46.56,1008.77
2657,239.04,27.78,27.34,46.55,1008.77
2658,239.13,27.78,27.34,46.54,1008.77
2659,239.22,27.78,27.35,46.53,1008.77
2660,239.31,27.78,27.34,46.55,1008.78
2661,239.40,27.78,27.35,46.55,1008.78
2662,239.49,27.78,27.36,46.54,1008.78
2663,239.58,27.78,27.35,46.54,1008.77
2664,239.67,27.78,27.35,46.54,1008.77
2665,239.76,27.78,27.35,46.53,1008.77
2666,239.85,27.78,27.35,46.53,1008.77
2667,239.94,27.78,27.35,46.52,1008.77
2668,240.03,27.78,27.35,46.51,1008.76
2669,240.12,27.78,27.35,46.51,1008.76
2670,240.21,27.78,27.35,46.51,1008.76
2671,240.30,27.78,27.34,46.50,1008.76
2672,240.39,27.78,27.34,46.49,1008.76
2673,240.48,27.78,27.33,46.49,1008.76
2674,240.57,27.78,27.33,46.51,1008.76
2675,240.66,27.78,27.33,46.51,1008.76
2676,240.75,27.78,27.33,46.51,1008.76
2677,240.84,27.78,27.33,46.54,1008.75
2678,240.93,27.78,27.32,46.52,1008.75
2679,241.02,27.78,27.32,46.52,1008.75
2680,241.11,27.78,27.31,46.49,1008.75
2681,241.20,27.78,27.32,46.50,1008.75
2682,241.29,27.78,27.31,46.47,1008.76
2683,241.38,27.78,27.31,46.45,1008.75
2684,241.47,27.78,27.31,46.46,1008.75
2685,241.56,27.78,27.30,46.47,1008.75
2686,241.65,27.78,27.30,46.47,1008.75
2687,241.74,27.78,27.30,46.47,1008.75
2688,241.83,27.78,27.31,46.48,1008.75
2689,241.92,27.78,27.31,46.46,1008.75
2690,242.01,27.78,27.31,46.48,1008.75
2691,242.10,27.78,27.32,46.49,1008.75
2692,242.19,27.78,27.33,46.49,1008.75
2693,242.28,27.78,27.33,46.50,1008.76
2694,242.37,27.78,27.33,46.49,1008.76
2695,242.46,27.78,27.32,46.50,1008.76
2696,242.55,27.78,27.32,46.49,1008.76
2697,242.64,27.78,27.31,46.48,1008.76
2698,242.73,27.78,27.31,46.48,1008.75
2699,242.82,27.78,27.31,46.48,1008.76
2700,242.91,27.78,27.31,46.46,1008.76
2701,243.00,27.78,27.31,46.45,1008.75
2702,243.09,27.78,27.31,46.45,1008.75
2703,243.18,27.78,27.31,46.44,1008.75
2704,243.27,27.78,27.30,46.43,1008.75
2705,243.36,27.78,27.30,46.43,1008.75
2706,243.45,27.78,27.30,46.43,1008.75
2707,243.54,27.78,27.30,46.45,1008.75
2708,243.63,27.78,27.30,46.44,1008.75
2709,243.72,27.78,27.30,46.45,1008.75
2710,243.81,27.78,27.29,46.45,1008.75
2711,243.90,27.78,27.29,46.44,1008.76
2712,243.99,27.78,27.30,46.43,1008.76
2713,244.08,27.78,27.30,46.42,1008.76
2714,244.17,27.78,27.30,46.41,1008.76
2715,244.26,27.78,27.31,46.41,1008.75
2716,244.35,27.78,27.31,46.42,1008.75
2717,244.44,27.78,27.31,46.40,1008.75
2718,244.53,27.78,27.32,46.38,1008.75
2719,244.62,27.78,27.32,46.38,1008.75
2720,244.71,27.78,27.33,46.39,1008.75
2721,244.80,27.78,27.32,46.37,1008.75
2722,244.89,27.78,27.32,46.37,1008.76
2723,244.98,27.78,27.32,46.36,1008.76
2724,245.07,27.78,27.32,46.37,1008.76
2725,245.16,27.78,27.32,46.35,1008.76
2726,245.25,27.78,27.32,46.35,1008.76
2727,245.34,27.78,27.31,46.35,1008.76
2728,245.43,27.78,27.30,46.36,1008.76
2729,245.52,27.78,27.31,46.37,1008.76
2730,245.61,27.78,27.31,46.35,1008.76
2731,245.70,27.78,27.31,46.35,1008.76
2732,245.79,27.78,27.31,46.37,1008.76
2733,245.88,27.78,27.31,46.38,1008.76
2734,245.97,27.78,27.30,46.36,1008.76
2735,246.06,27.78,27.30,46.37,1008.76
2736,246.15,27.78,27.30,46.38,1008.76
2737,246.24,27.78,27.30,46.39,1008.76
2738,246.33,27.78,27.30,46.40,1008.77
2739,246.42,27.78,27.30,46.38,1008.77
2740,246.51,27.78,27.31,46.37,1008.77
2741,246.60,27.78,27.31,46.38,1008.77
2742,246.69,27.78,27.31,46.37,1008.77
2743,246.78,27.78,27.30,46.37,1008.78
2744,246.87,27.78,27.30,46.39,1008.78
2745,246.96,27.78,27.30,46.39,1008.79
2746,247.05,27.78,27.29,46.40,1008.78
2747,247.14,27.78,27.30,46.40,1008.79
2748,247.23,27.78,27.30,46.41,1008.79
2749,247.32,27.78,27.30,46.42,1008.79
2750,247.41,27.78,27.30,46.41,1008.79
2751,247.50,27.78,27.29,46.39,1008.79
2752,247.59,27.78,27.29,46.40,1008.79
2753,247.68,27.78,27.29,46.39,1008.79
2754,247.77,27.78,27.29,46.37,1008.79
2755,247.86,27.78,27.29,46.37,1008.78
2756,247.95,27.78,27.29,46.35,1008.78
2757,248.04,27.78,27.29,46.34,1008.78
2758,248.13,27.78,27.29,46.32,1008.78
2759,248.22,27.78,27.28,46.32,1008.78
2760,248.31,27.78,27.29,46.12,1008.77
2761,248.40,27.78,27.29,46.23,1008.77
2762,248.49,27.78,27.28,46.31,1008.77
2763,248.58,27.78,27.29,46.32,1008.77
2764,248.67,27.78,27.28,46.30,1008.77
2765,248.76,27.78,27.27,46.29,1008.77
2766,248.85,27.78,27.28,46.26,1008.76
2767,248.94,27.78,27.27,46.25,1008.76
2768,249.03,27.78,27.27,46.23,1008.76
2769,249.12,27.78,27.26,46.23,1008.76
2770,249.21,27.78,27.27,46.22,1008.76
2771,249.30,27.78,27.26,46.22,1008.76
2772,249.39,27.78,27.25,46.20,1008.76
2773,249.48,27.78,27.26,46.17,1008.76
2774,249.57,27.78,27.27,46.19,1008.76
2775,249.66,27.78,27.27,46.19,1008.75
2776,249.75,27.78,27.28,46.19,1008.75
2777,249.84,27.78,27.28,46.19,1008.75
2778,249.93,27.78,27.29,46.18,1008.75
2779,250.02,27.78,27.29,46.18,1008.75
2780,250.11,27.78,27.29,46.15,1008.75
2781,250.20,27.78,27.29,46.14,1008.75
2782,250.29,27.78,27.30,46.14,1008.76
2783,250.38,27.78,27.30,46.13,1008.76
2784,250.47,27.78,27.30,46.10,1008.76
2785,250.56,27.78,27.29,46.11,1008.75
2786,250.65,27.78,27.29,46.13,1008.75
2787,250.74,27.78,27.29,46.13,1008.76
2788,250.83,27.78,27.29,46.12,1008.76
2789,250.92,27.78,27.29,46.11,1008.76
2790,251.01,27.78,27.30,46.10,1008.76
2791,251.10,27.78,27.30,46.09,1008.76
2792,251.19,27.78,27.30,46.09,1008.77
2793,251.28,27.78,27.30,46.08,1008.76
2794,251.37,27.78,27.29,46.06,1008.76
2795,251.46,27.78,27.29,46.07,1008.76
2796,251.55,27.78,27.29,46.08,1008.77
2797,251.64,27.78,27.29,46.08,1008.77
2798,251.73,27.78,27.29,46.06,1008.77
2799,251.82,27.78,27.28,46.05,1008.77
2800,251.91,27.78,27.28,46.04,1008.77
2801,252.00,27.78,27.28,46.05,1008.77
2802,252.09,27.78,27.28,46.06,1008.77
2803,252.18,27.78,27.28,46.07,1008.77
2804,252.27,27.78,27.27,46.07,1008.77
2805,252.36,27.78,27.27,46.07,1008.77
2806,252.45,27.78,27.28,46.06,1008.77
2807,252.54,27.78,27.29,46.07,1008.77
2808,252.63,27.78,27.28,46.06,1008.77
2809,252.72,27.78,27.28,46.05,1008.77
2810,252.81,27.78,27.29,46.05,1008.77
2811,252.90,27.78,27.29,46.06,1008.77
2812,252.99,27.78,27.29,46.04,1008.76
2813,253.08,27.78,27.29,46.04,1008.76
2814,253.17,27.78,27.30,46.05,1008.76
2815,253.26,27.78,27.30,46.04,1008.76
2816,253.35,27.78,27.29,46.04,1008.76
2817,253.44,27.78,27.28,46.05,1008.75
2818,253.53,27.78,27.29,46.06,1008.75
2819,253.62,27.78,27.29,46.09,1008.75
2820,253.71,27.78,27.28,46.09,1008.75
2821,253.80,27.78,27.29,46.08,1008.75
2822,253.89,27.78,27.28,46.08,1008.75
2823,253.98,27.78,27.29,46.07,1008.75
2824,254.07,27.78,27.29,46.08,1008.75
2825,254.16,27.78,27.29,46.07,1008.75
2826,254.25,27.78,27.29,46.08,1008.76
2827,254.34,27.78,27.29,46.08,1008.76
2828,254.43,27.78,27.28,46.08,1008.76
2829,254.52,27.78,27.29,46.10,1008.76
2830,254.61,27.78,27.29,46.10,1008.77
2831,254.70,27.78,27.29,46.10,1008.77
2832,254.79,27.79,27.29,46.10,1008.78
2833,254.88,27.79,27.29,46.10,1008.77
2834,254.97,27.79,27.28,46.08,1008.77
2835,255.06,27.79,27.29,46.07,1008.77
2836,255.15,27.79,27.28,46.08,1008.77
2837,255.24,27.79,27.29,46.08,1008.77
2838,255.33,27.79,27.29,46.11,1008.77
2839,255.42,27.79,27.30,46.13,1008.77
2840,255.51,27.79,27.30,46.15,1008.78
2841,255.60,27.79,27.29,46.15,1008.78
2842,255.69,27.79,27.30,46.14,1008.78
2843,255.78,27.79,27.29,46.15,1008.78
2844,255.87,27.79,27.30,46.15,1008.78
2845,255.96,27.79,27.30,46.14,1008.79
2846,256.05,27.79,27.30,46.13,1008.79
2847,256.14,27.79,27.29,46.15,1008.80
2848,256.23,27.79,27.30,46.11,1008.80
2849,256.32,27.79,27.30,46.12,1008.79
2850,256.41,27.79,27.30,46.12,1008.80
2851,256.50,27.79,27.30,46.12,1008.79
2852,256.59,27.79,27.30,46.10,1008.78
2853,256.68,27.79,27.31,46.12,1008.78
2854,256.77,27.79,27.30,46.10,1008.77
2855,256.86,27.79,27.31,46.09,1008.76
2856,256.95,27.79,27.31,46.10,1008.76
2857,257.04,27.79,27.31,46.11,1008.76
2858,257.13,27.79,27.30,46.10,1008.76
2859,257.22,27.79,27.29,46.10,1008.75
2860,257.31,27.79,27.29,46.10,1008.75
2861,257.40,27.79,27.29,46.08,1008.75
2862,257.49,27.79,27.30,46.08,1008.75
2863,257.58,27.79,27.29,46.07,1008.75
2864,257.67,27.79,27.29,46.04,1008.75
2865,257.76,27.79,27.29,46.06,1008.74
2866,257.85,27.79,27.28,46.06,1008.74
2867,257.94,27.79,27.28,46.07,1008.74
2868,258.03,27.79,27.28,46.06,1008.74
2869,258.12,27.79,27.29,46.07,1008.74
2870,258.21,27.79,27.29,46.05,1008.74
2871,258.30,27.79,27.29,46.04,1008.74
2872,258.39,27.79,27.29,46.04,1008.74
2873,258.48,27.79,27.29,46.04,1008.74
2874,258.57,27.79,27.30,46.03,1008.74
2875,258.66,27.79,27.30,46.03,1008.74
2876,258.75,27.79,27.29,46.04,1008.75
2877,258.84,27.79,27.29,46.05,1008.75
2878,258.93,27.79,27.29,46.08,1008.75
2879,259.02,27.79,27.30,46.08,1008.75
2880,259.11,27.79,27.30,46.09,1008.75
2881,259.20,27.79,27.32,46.10,1008.75
2882,259.29,27.79,27.32,46.09,1008.75
2883,259.38,27.79,27.32,46.09,1008.76
2884,259.47,27.79,27.32,46.08,1008.76
2885,259.56,27.79,27.31,46.09,1008.76
2886,259.65,27.79,27.32,46.07,1008.76
2887,259.74,27.79,27.32,46.07,1008.76
2888,259.83,27.79,27.32,46.06,1008.76
2889,259.92,27.79,27.32,46.05,1008.76
2890,260.01,27.79,27.32,46.03,1008.76
2891,260.10,27.79,27.31,46.02,1008.76
2892,260.19,27.79,27.30,46.01,1008.76
2893,260.28,27.79,27.30,46.01,1008.77
2894,260.37,27.79,27.30,46.02,1008.77
2895,260.46,27.79,27.31,46.00,1008.76
2896,260.55,27.79,27.31,45.99,1008.76
2897,260.64,27.79,27.31,46.01,1008.77
2898,260.73,27.79,27.30,46.00,1008.76
2899,260.82,27.79,27.31,45.99,1008.77
2900,260.91,27.79,27.30,45.97,1008.77
2901,261.00,27.79,27.29,46.00,1008.77
2902,261.09,27.79,27.29,45.97,1008.77
2903,261.18,27.79,27.29,45.99,1008.77
2904,261.27,27.79,27.30,45.99,1008.77
2905,261.36,27.79,27.29,45.99,1008.77
2906,261.45,27.79,27.29,45.99,1008.76
2907,261.54,27.79,27.29,45.99,1008.76
2908,261.63,27.79,27.28,45.99,1008.76
2909,261.72,27.79,27.29,45.99,1008.76
2910,261.81,27.79,27.28,45.98,1008.76
2911,261.90,27.79,27.28,45.97,1008.76
2912,261.99,27.79,27.28,45.96,1008.77
2913,262.08,27.79,27.27,45.95,1008.77
2914,262.17,27.79,27.28,45.95,1008.76
2915,262.26,27.79,27.28,45.95,1008.77
2916,262.35,27.79,27.28,45.94,1008.77
2917,262.44,27.79,27.28,45.92,1008.77
2918,262.53,27.79,27.28,45.92,1008.77
2919,262.62,27.79,27.27,45.92,1008.76
2920,262.71,27.79,27.26,45.93,1008.77
2921,262.80,27.79,27.26,45.93,1008.77
2922,262.89,27.79,27.27,45.95,1008.77
2923,262.98,27.79,27.27,45.95,1008.77
2924,263.07,27.79,27.27,45.97,1008.77
2925,263.16,27.79,27.27,45.97,1008.77
2926,263.25,27.79,27.27,45.95,1008.78
2927,263.34,27.79,27.28,45.94,1008.77
2928,263.43,27.79,27.28,45.96,1008.77
2929,263.52,27.79,27.28,45.95,1008.77
2930,263.61,27.79,27.28,45.96,1008.77
2931,263.70,27.79,27.27,45.96,1008.77
2932,263.79,27.79,27.27,45.98,1008.77
2933,263.88,27.79,27.28,46.01,1008.77
2934,263.97,27.79,27.28,46.02,1008.77
2935,264.06,27.79,27.28,46.03,1008.78
2936,264.15,27.79,27.27,46.03,1008.77
2937,264.24,27.79,27.27,46.05,1008.78
2938,264.33,27.79,27.29,46.03,1008.78
2939,264.42,27.79,27.28,45.99,1008.78
2940,264.51,27.79,27.29,46.01,1008.78
2941,264.60,27.79,27.28,45.99,1008.78
2942,264.69,27.79,27.29,46.00,1008.77
2943,264.78,27.79,27.29,46.02,1008.77
2944,264.87,27.79,27.29,46.03,1008.77
2945,264.96,27.79,27.29,46.03,1008.77
2946,265.05,27.79,27.29,46.04,1008.77
2947,265.14,27.79,27.28,46.02,1008.77
2948,265.23,27.79,27.28,46.02,1008.77
2949,265.32,27.79,27.29,46.03,1008.76
2950,265.41,27.79,27.28,46.03,1008.76
2951,265.50,27.79,27.28,46.05,1008.76
2952,265.59,27.79,27.29,46.05,1008.76
2953,265.68,27.79,27.29,46.05,1008.75
2954,265.77,27.79,27.29,46.05,1008.75
2955,265.86,27.79,27.28,46.05,1008.75
2956,265.95,27.79,27.28,46.05,1008.75
2957,266.04,27.79,27.28,46.05,1008.75
2958,266.13,27.79,27.28,46.05,1008.75
2959,266.22,27.79,27.28,46.05,1008.75
2960,266.31,27.79,27.28,46.04,1008.75
2961,266.40,27.79,27.29,46.03,1008.75
2962,266.49,27.79,27.29,46.04,1008.75
2963,266.58,27.79,27.29,46.01,1008.75
2964,266.67,27.79,27.30,46.01,1008.75
2965,266.76,27.79,27.29,46.00,1008.75
2966,266.85,27.79,27.29,46.00,1008.76
2967,266.94,27.79,27.30,46.01,1008.76
2968,267.03,27.79,27.30,45.99,1008.76
2969,267.12,27.79,27.30,45.99,1008.76
2970,267.21,27.79,27.29,46.00,1008.76
2971,267.30,27.79,27.28,46.01,1008.76
2972,267.39,27.79,27.28,46.02,1008.76
2973,267.48,27.79,27.28,46.00,1008.76
2974,267.57,27.79,27.29,46.00,1008.77
2975,267.66,27.79,27.29,46.01,1008.77
2976,267.75,27.79,27.29,46.01,1008.77
2977,267.84,27.79,27.28,46.01,1008.77
2978,267.93,27.79,27.28,46.01,1008.78
2979,268.02,27.79,27.28,46.01,1008.78
2980,268.11,27.79,27.28,45.98,1008.78
2981,268.20,27.79,27.29,45.96,1008.79
2982,268.29,27.79,27.29,45.98,1008.79
2983,268.38,27.79,27.29,45.97,1008.79
2984,268.47,27.79,27.30,45.95,1008.78
2985,268.56,27.79,27.30,45.95,1008.78
2986,268.65,27.79,27.31,45.96,1008.78
2987,268.74,27.79,27.30,45.96,1008.78
2988,268.83,27.79,27.29,45.96,1008.78
2989,268.92,27.79,27.30,45.96,1008.78
2990,269.01,27.79,27.31,45.96,1008.78
2991,269.10,27.79,27.31,45.96,1008.78
2992,269.19,27.79,27.30,45.98,1008.77
2993,269.28,27.79,27.30,45.99,1008.77
2994,269.37,27.79,27.29,45.98,1008.77
2995,269.46,27.79,27.28,45.98,1008.76
2996,269.55,27.79,27.29,45.99,1008.77
2997,269.64,27.79,27.28,45.99,1008.76
2998,269.73,27.79,27.29,45.98,1008.76
2999,269.82,27.79,27.28,45.97,1008.76
3000,269.91,27.79,27.28,45.98,1008.76
3001,270.00,27.79,27.29,45.98,1008.76
3002,270.09,27.79,27.29,46.00,1008.75
3003,270.18,27.79,27.29,46.00,1008.75
3004,270.27,27.79,27.30,46.01,1008.76
3005,270.36,27.79,27.29,46.02,1008.75
3006,270.45,27.79,27.29,46.00,1008.76
3007,270.54,27.79,27.28,46.00,1008.75
3008,270.63,27.79,27.28,45.99,1008.76
3009,270.72,27.79,27.29,45.99,1008.76
3010,270.81,27.79,27.28,45.97,1008.76
3011,270.90,27.79,27.27,45.97,1008.76
3012,270.99,27.79,27.28,45.98,1008.76
3013,271.08,27.79,27.28,46.00,1008.76
3014,271.17,27.79,27.27,45.99,1008.76
3015,271.26,27.79,27.27,45.97,1008.77
3016,271.35,27.79,27.27,45.96,1008.77
3017,271.44,27.79,27.28,45.98,1008.77
3018,271.53,27.79,27.27,45.97,1008.76
3019,271.62,27.79,27.27,45.96,1008.77
3020,271.71,27.79,27.27,45.96,1008.76
3021,271.80,27.79,27.26,45.96,1008.76
3022,271.89,27.79,27.26,45.96,1008.77
3023,271.98,27.79,27.26,45.95,1008.77
3024,272.07,27.79,27.26,45.95,1008.77
3025,272.16,27.79,27.26,45.95,1008.77
3026,272.25,27.79,27.26,45.94,1008.77
3027,272.34,27.79,27.26,45.95,1008.77
3028,272.43,27.79,27.26,45.99,1008.77
3029,272.52,27.79,27.26,45.99,1008.77
3030,272.61,27.79,27.25,45.97,1008.77
3031,272.70,27.79,27.26,45.97,1008.77
3032,272.79,27.79,27.26,45.99,1008.77
3033,272.88,27.79,27.25,45.99,1008.77
3034,272.97,27.79,27.25,46.00,1008.77
3035,273.06,27.79,27.25,45.99,1008.77
3036,273.15,27.79,27.25,45.97,1008.77
3037,273.24,27.79,27.26,45.96,1008.77
3038,273.33,27.79,27.26,45.96,1008.76
3039,273.42,27.79,27.26,45.96,1008.77
3040,273.51,27.79,27.26,45.96,1008.77
3041,273.60,27.79,27.26,45.96,1008.77
3042,273.69,27.79,27.26,45.97,1008.76
3043,273.78,27.79,27.26,45.99,1008.76
3044,273.87,27.79,27.25,45.97,1008.76
3045,273.96,27.79,27.25,45.95,1008.76
3046,274.05,27.79,27.25,45.96,1008.76
3047,274.14,27.79,27.25,45.96,1008.75
3048,274.23,27.79,27.25,45.99,1008.76
3049,274.32,27.79,27.27,45.98,1008.75
3050,274.41,27.79,27.27,45.99,1008.75
3051,274.50,27.79,27.26,45.99,1008.75
3052,274.59,27.79,27.26,45.99,1008.75
3053,274.68,27.79,27.26,45.97,1008.75
3054,274.77,27.79,27.27,45.97,1008.75
3055,274.86,27.79,27.26,45.96,1008.75
3056,274.95,27.79,27.26,45.95,1008.75
3057,275.04,27.79,27.26,45.93,1008.74
3058,275.13,27.79,27.25,45.92,1008.74
3059,275.22,27.79,27.26,45.95,1008.74
3060,275.31,27.79,27.26,45.95,1008.75
3061,275.40,27.79,27.26,45.95,1008.75
3062,275.49,27.79,27.25,45.96,1008.75
3063,275.58,27.79,27.25,45.98,1008.75
3064,275.67,27.79,27.26,45.97,1008.75
3065,275.76,27.79,27.25,45.97,1008.76
3066,275.85,27.79,27.26,45.98,1008.76
3067,275.94,27.79,27.26,45.97,1008.76
3068,276.03,27.79,27.25,45.99,1008.76
3069,276.12,27.79,27.25,45.99,1008.76
3070,276.21,27.79,27.25,45.99,1008.77
3071,276.30,27.79,27.25,45.99,1008.76
3072,276.39,27.79,27.24,46.00,1008.76
3073,276.48,27.79,27.24,46.00,1008.76
3074,276.57,27.79,27.23,46.01,1008.77
3075,276.66,27.79,27.23,46.02,1008.77
3076,276.75,27.79,27.23,46.03,1008.76
3077,276.84,27.79,27.24,46.03,1008.76
3078,276.93,27.79,27.24,46.04,1008.76
3079,277.02,27.79,27.25,46.03,1008.77
3080,277.11,27.79,27.24,46.01,1008.77
3081,277.20,27.79,27.25,46.01,1008.77
3082,277.29,27.79,27.24,46.02,1008.77
3083,277.38,27.79,27.25,46.01,1008.76
3084,277.47,27.79,27.26,46.01,1008.76
3085,277.56,27.79,27.26,46.02,1008.76
3086,277.65,27.79,27.26,46.01,1008.75
3087,277.74,27.79,27.26,46.02,1008.75
3088,277.83,27.79,27.26,46.01,1008.75
3089,277.92,27.79,27.27,45.99,1008.75
3090,278.01,27.79,27.27,45.97,1008.75
3091,278.10,27.79,27.27,45.97,1008.74
3092,278.19,27.79,27.27,45.97,1008.74
3093,278.28,27.79,27.29,45.95,1008.75
3094,278.37,27.79,27.28,45.96,1008.75
3095,278.46,27.79,27.28,45.96,1008.75
3096,278.55,27.79,27.28,45.94,1008.75
3097,278.64,27.79,27.28,45.95,1008.75
3098,278.73,27.79,27.28,45.95,1008.74
3099,278.82,27.79,27.28,45.94,1008.74
3100,278.91,27.79,27.29,45.94,1008.74
3101,279.00,27.79,27.29,45.94,1008.74
3102,279.09,27.79,27.30,45.93,1008.74
3103,279.18,27.79,27.30,45.94,1008.74
3104,279.27,27.79,27.29,45.93,1008.74
3105,279.36,27.79,27.29,45.92,1008.75
3106,279.45,27.79,27.30,45.92,1008.75
3107,279.54,27.79,27.29,45.90,1008.75
3108,279.63,27.79,27.30,45.91,1008.76
3109,279.72,27.79,27.30,45.93,1008.76
3110,279.81,27.79,27.30,45.93,1008.75
3111,279.90,27.79,27.31,45.96,1008.75
3112,279.99,27.79,27.30,45.95,1008.75
3113,280.08,27.79,27.30,45.94,1008.75
3114,280.17,27.79,27.30,45.94,1008.75
3115,280.26,27.79,27.30,45.95,1008.75
3116,280.35,27.79,27.30,45.96,1008.75
3117,280.44,27.79,27.30,45.96,1008.76
3118,280.53,27.79,27.31,45.98,1008.76
3119,280.62,27.79,27.30,46.00,1008.76
3120,280.71,27.79,27.30,46.00,1008.76
3121,280.80,27.79,27.29,46.02,1008.76
3122,280.89,27.79,27.29,46.00,1008.76
3123,280.98,27.79,27.29,46.00,1008.76
3124,281.07,27.79,27.29,45.99,1008.76
3125,281.16,27.79,27.29,45.98,1008.76
3126,281.25,27.79,27.29,45.97,1008.76
3127,281.34,27.79,27.30,45.99,1008.76
3128,281.43,27.79,27.30,45.96,1008.76
3129,281.52,27.79,27.29,45.96,1008.75
3130,281.61,27.79,27.28,45.97,1008.75
3131,281.70,27.79,27.28,45.97,1008.75
3132,281.79,27.79,27.27,45.98,1008.75
3133,281.88,27.79,27.27,46.00,1008.76
3134,281.97,27.79,27.27,45.99,1008.75
3135,282.06,27.79,27.27,46.00,1008.76
3136,282.15,27.79,27.27,46.00,1008.76
3137,282.24,27.79,27.27,45.98,1008.75
3138,282.33,27.79,27.26,45.99,1008.75
3139,282.42,27.79,27.26,46.00,1008.75
3140,282.51,27.79,27.26,46.02,1008.75
3141,282.60,27.79,27.27,46.01,1008.76
3142,282.69,27.79,27.26,46.02,1008.76
3143,282.78,27.79,27.26,46.01,1008.76
3144,282.87,27.79,27.26,46.01,1008.76
3145,282.96,27.79,27.25,46.02,1008.76
3146,283.05,27.79,27.26,46.01,1008.76
3147,283.14,27.79,27.25,46.03,1008.76
3148,283.23,27.79,27.25,46.02,1008.76
3149,283.32,27.79,27.25,46.01,1008.77
3150,283.41,27.79,27.24,46.01,1008.77
3151,283.50,27.79,27.25,46.00,1008.76
3152,283.59,27.79,27.25,45.97,1008.76
3153,283.68,27.79,27.25,45.97,1008.76
3154,283.77,27.79,27.25,45.95,1008.77
3155,283.86,27.79,27.25,45.94,1008.77
3156,283.95,27.79,27.25,45.96,1008.77
3157,284.04,27.79,27.26,45.98,1008.77
3158,284.13,27.79,27.26,45.97,1008.77
3159,284.22,27.79,27.27,45.96,1008.77
3160,284.31,27.79,27.27,45.95,1008.77
3161,284.40,27.79,27.27,45.96,1008.77
3162,284.49,27.79,27.26,45.96,1008.77
3163,284.58,27.79,27.26,45.94,1008.77
3164,284.67,27.79,27.25,45.96,1008.77
3165,284.76,27.79,27.25,45.95,1008.77
3166,284.85,27.79,27.25,45.96,1008.77
3167,284.94,27.79,27.25,45.95,1008.78
3168,285.03,27.79,27.25,45.96,1008.77
3169,285.12,27.79,27.25,45.94,1008.77
3170,285.21,27.79,27.25,45.93,1008.77
3171,285.30,27.79,27.25,45.92,1008.77
3172,285.39,27.79,27.25,45.91,1008.77
3173,285.48,27.79,27.25,45.91,1008.77
3174,285.57,27.79,27.25,45.91,1008.77
3175,285.66,27.79,27.25,45.92,1008.77
3176,285.75,27.79,27.25,45.92,1008.77
3177,285.84,27.79,27.25,45.93,1008.77
3178,285.93,27.79,27.26,45.93,1008.76
3179,286.02,27.79,27.25,45.92,1008.76
3180,286.11,27.79,27.26,45.92,1008.76
3181,286.20,27.79,27.26,45.92,1008.76
3182,286.29,27.79,27.25,45.92,1008.75
3183,286.38,27.79,27.26,45.91,1008.75
3184,286.47,27.79,27.26,45.90,1008.74
3185,286.56,27.79,27.26,45.90,1008.74
3186,286.65,27.79,27.26,45.90,1008.75
3187,286.74,27.79,27.25,45.90,1008.75
3188,286.83,27.79,27.25,45.89,1008.74
3189,286.92,27.79,27.25,45.89,1008.74
3190,287.01,27.79,27.26,45.90,1008.75
3191,287.10,27.79,27.26,45.89,1008.75
3192,287.19,27.79,27.27,45.90,1008.75
3193,287.28,27.79,27.26,45.91,1008.75
3194,287.37,27.79,27.26,45.90,1008.75
3195,287.46,27.79,27.26,45.89,1008.76
3196,287.55,27.79,27.26,45.89,1008.76
3197,287.64,27.79,27.26,45.89,1008.76
3198,287.73,27.79,27.27,45.87,1008.76
3199,287.82,27.79,27.27,45.87,1008.76
3200,287.91,27.79,27.28,45.87,1008.77
3201,288.00,27.79,27.27,45.89,1008.77
3202,288.09,27.79,27.27,45.90,1008.77
3203,288.18,27.79,27.27,45.89,1008.78
3204,288.27,27.79,27.27,45.89,1008.78
3205,288.36,27.79,27.26,45.89,1008.78
3206,288.45,27.79,27.26,45.91,1008.79
3207,288.54,27.79,27.26,45.93,1008.79
3208,288.63,27.79,27.27,45.92,1008.79
3209,288.72,27.79,27.28,45.93,1008.79
3210,288.81,27.79,27.27,45.94,1008.79
3211,288.90,27.79,27.27,45.95,1008.79
3212,288.99,27.79,27.28,45.95,1008.79
3213,289.08,27.79,27.28,45.94,1008.79
3214,289.17,27.79,27.28,45.95,1008.79
3215,289.26,27.79,27.28,45.93,1008.79
3216,289.35,27.79,27.28,45.92,1008.78
3217,289.44,27.79,27.28,45.93,1008.78
3218,289.53,27.79,27.29,45.92,1008.78
3219,289.62,27.79,27.28,45.90,1008.78
3220,289.71,27.79,27.29,45.89,1008.78
3221,289.80,27.79,27.29,45.91,1008.79
3222,289.89,27.79,27.30,45.90,1008.79
3223,289.98,27.79,27.29,45.91,1008.78
3224,290.07,27.79,27.28,45.92,1008.78
3225,290.16,27.79,27.28,45.91,1008.78
3226,290.25,27.79,27.28,45.90,1008.78
3227,290.34,27.79,27.29,45.90,1008.78
3228,290.43,27.79,27.29,45.90,1008.78
3229,290.52,27.79,27.30,45.90,1008.78
3230,290.61,27.79,27.31,45.89,1008.78
3231,290.70,27.79,27.31,45.90,1008.77
3232,290.79,27.79,27.31,45.92,1008.77
3233,290.88,27.79,27.31,45.92,1008.77
3234,290.97,27.79,27.31,45.92,1008.77
3235,291.06,27.79,27.30,45.94,1008.77
3236,291.15,27.79,27.30,45.93,1008.77
3237,291.24,27.79,27.31,45.93,1008.77
3238,291.33,27.79,27.31,45.93,1008.77
3239,291.42,27.79,27.31,45.93,1008.77
3240,291.51,27.79,27.31,45.92,1008.77
3241,291.60,27.79,27.31,45.91,1008.77
3242,291.69,27.79,27.31,45.93,1008.77
3243,291.78,27.79,27.31,45.92,1008.77
3244,291.87,27.79,27.31,45.92,1008.77
3245,291.96,27.79,27.30,45.92,1008.78
3246,292.05,27.79,27.29,45.92,1008.78
3247,292.14,27.79,27.28,45.94,1008.78
3248,292.23,27.79,27.28,45.92,1008.78
3249,292.32,27.79,27.29,45.95,1008.78
3250,292.41,27.79,27.28,45.93,1008.78
3251,292.50,27.79,27.29,45.92,1008.78
3252,292.59,27.79,27.29,45.90,1008.78
3253,292.68,27.79,27.29,45.90,1008.77
3254,292.77,27.79,27.30,45.90,1008.77
3255,292.86,27.79,27.29,45.90,1008.77
3256,292.95,27.79,27.28,45.90,1008.77
3257,293.04,27.79,27.29,45.91,1008.77
3258,293.13,27.79,27.28,45.88,1008.77
3259,293.22,27.79,27.29,45.86,1008.77
3260,293.31,27.79,27.28,45.86,1008.77
3261,293.40,27.79,27.28,45.84,1008.76
3262,293.49,27.79,27.28,45.86,1008.76
3263,293.58,27.79,27.28,45.87,1008.77
3264,293.67,27.79,27.28,45.86,1008.76
3265,293.76,27.79,27.27,45.87,1008.77
3266,293.85,27.79,27.27,45.89,1008.77
3267,293.94,27.79,27.27,45.90,1008.77
3268,294.03,27.79,27.27,45.88,1008.77
3269,294.12,27.79,27.27,45.87,1008.76
3270,294.21,27.79,27.26,45.88,1008.76
3271,294.30,27.79,27.26,45.86,1008.76
3272,294.39,27.79,27.26,45.86,1008.76
3273,294.48,27.79,27.25,45.85,1008.76
3274,294.57,27.79,27.26,45.85,1008.76
3275,294.66,27.79,27.26,45.85,1008.76
3276,294.75,27.79,27.26,45.83,1008.76
3277,294.84,27.79,27.26,45.83,1008.76
3278,294.93,27.79,27.25,45.83,1008.76
3279,295.02,27.79,27.24,45.84,1008.76
3280,295.11,27.79,27.25,45.84,1008.76
3281,295.20,27.79,27.25,45.82,1008.76
3282,295.29,27.79,27.25,45.84,1008.76
3283,295.38,27.79,27.26,45.84,1008.76
3284,295.47,27.79,27.25,45.82,1008.76
3285,295.56,27.79,27.26,45.82,1008.76
3286,295.65,27.79,27.25,45.84,1008.77
3287,295.74,27.79,27.25,45.84,1008.77
3288,295.83,27.79,27.25,45.84,1008.76
3289,295.92,27.79,27.24,45.82,1008.77
3290,296.01,27.79,27.24,45.83,1008.78
3291,296.10,27.79,27.24,45.85,1008.78
3292,296.19,27.79,27.25,45.84,1008.78
3293,296.28,27.79,27.25,45.84,1008.78
3294,296.37,27.79,27.26,45.85,1008.78
3295,296.46,27.79,27.26,45.86,1008.78
3296,296.55,27.79,27.27,45.85,1008.78
3297,296.64,27.79,27.26,45.85,1008.78
3298,296.73,27.79,27.26,45.85,1008.78
3299,296.82,27.79,27.25,45.85,1008.77
3300,296.91,27.79,27.26,45.85,1008.77
3301,297.00,27.79,27.26,45.86,1008.77
3302,297.09,27.79,27.26,45.85,1008.77
3303,297.18,27.79,27.20,45.82,1008.77
3304,297.27,27.79,27.25,45.81,1008.77
3305,297.36,27.79,27.26,45.83,1008.77
3306,297.45,27.79,27.26,45.83,1008.77
3307,297.54,27.79,27.26,45.81,1008.77
3308,297.63,27.79,27.26,45.82,1008.77
3309,297.72,27.79,27.25,45.82,1008.77
3310,297.81,27.79,27.25,45.82,1008.77
3311,297.90,27.79,27.25,45.81,1008.76
3312,297.99,27.79,27.25,45.79,1008.76
3313,298.08,27.79,27.25,45.82,1008.76
3314,298.17,27.79,27.25,45.83,1008.76
3315,298.26,27.79,27.25,45.84,1008.76
3316,298.35,27.79,27.26,45.84,1008.76
3317,298.44,27.79,27.25,45.84,1008.76
3318,298.53,27.79,27.26,45.84,1008.76
3319,298.62,27.79,27.27,45.84,1008.76
3320,298.71,27.79,27.27,45.84,1008.75
3321,298.80,27.79,27.27,45.84,1008.75
3322,298.89,27.79,27.27,45.84,1008.75
3323,298.98,27.79,27.28,45.84,1008.75
3324,299.07,27.79,27.28,45.82,1008.75
3325,299.16,27.79,27.27,45.83,1008.75
3326,299.25,27.79,27.28,46.03,1008.75
3327,299.34,27.79,27.27,45.90,1008.75
3328,299.43,27.79,27.28,45.81,1008.75
3329,299.52,27.79,27.28,45.82,1008.75
3330,299.61,27.79,27.28,45.83,1008.75
3331,299.70,27.79,27.28,45.83,1008.75
3332,299.79,27.79,27.28,45.81,1008.75
3333,299.88,27.79,27.28,45.81,1008.75
3334,299.97,27.79,27.28,45.80,1008.75
3335,300.06,27.79,27.28,45.82,1008.75
3336,300.15,27.79,27.27,45.80,1008.75
3337,300.24,27.79,27.28,45.79,1008.75
3338,300.33,27.79,27.29,45.77,1008.75
3339,300.42,27.79,27.29,45.79,1008.75
3340,300.51,27.79,27.29,45.79,1008.75
3341,300.60,27.79,27.29,45.78,1008.76
3342,300.69,27.79,27.29,45.80,1008.76
3343,300.78,27.79,27.29,45.81,1008.76
3344,300.87,27.79,27.30,45.83,1008.75
3345,300.96,27.79,27.30,45.81,1008.75
3346,301.05,27.79,27.29,45.81,1008.76
3347,301.14,27.79,27.30,45.79,1008.76
3348,301.23,27.79,27.31,45.80,1008.76
3349,301.32,27.79,27.30,45.79,1008.76
3350,301.41,27.79,27.30,45.79,1008.75
3351,301.50,27.79,27.30,45.78,1008.76
3352,301.59,27.79,27.30,45.77,1008.76
3353,301.68,27.79,27.30,45.77,1008.76
3354,301.77,27.79,27.30,45.80,1008.76
3355,301.86,27.79,27.31,45.80,1008.76
3356,301.95,27.79,27.30,45.81,1008.75
3357,302.04,27.79,27.30,45.80,1008.75
3358,302.13,27.79,27.31,45.81,1008.75
3359,302.22,27.79,27.31,45.81,1008.75
3360,302.31,27.79,27.30,45.80,1008.75
3361,302.40,27.79,27.30,45.82,1008.75
3362,302.49,27.79,27.29,45.79,1008.75
3363,302.58,27.79,27.29,45.79,1008.75
3364,302.67,27.79,27.29,45.77,1008.75
3365,302.76,27.79,27.29,45.77,1008.74
3366,302.85,27.79,27.29,45.76,1008.74
3367,302.94,27.79,27.29,45.74,1008.74
3368,303.03,27.79,27.29,45.75,1008.74
3369,303.12,27.79,27.30,45.76,1008.74
3370,303.21,27.79,27.29,45.77,1008.74
3371,303.30,27.79,27.29,45.78,1008.75
3372,303.39,27.79,27.29,45.79,1008.75
3373,303.48,27.79,27.29,45.79,1008.75
3374,303.57,27.79,27.29,45.79,1008.75
3375,303.66,27.79,27.29,45.81,1008.75
3376,303.75,27.79,27.29,45.80,1008.75
3377,303.84,27.79,27.28,45.82,1008.75
3378,303.93,27.79,27.28,45.83,1008.74
3379,304.02,27.79,27.27,45.84,1008.75
3380,304.11,27.79,27.28,45.81,1008.75
3381,304.20,27.79,27.27,45.81,1008.75
3382,304.29,27.79,27.26,45.81,1008.76
3383,304.38,27.79,27.26,45.79,1008.76
3384,304.47,27.79,27.26,45.78,1008.76
3385,304.56,27.79,27.26,45.78,1008.76
3386,304.65,27.79,27.27,45.80,1008.76
3387,304.74,27.79,27.27,45.82,1008.76
3388,304.83,27.79,27.25,45.80,1008.76
3389,304.92,27.79,27.26,45.78,1008.77
3390,305.01,27.79,27.25,45.78,1008.77
3391,305.10,27.79,27.25,45.78,1008.77
3392,305.19,27.79,27.26,45.78,1008.77
3393,305.28,27.79,27.26,45.78,1008.78
3394,305.37,27.79,27.27,45.78,1008.78
3395,305.46,27.79,27.27,45.78,1008.77
3396,305.55,27.79,27.27,45.80,1008.77
3397,305.64,27.79,27.27,45.82,1008.77
3398,305.73,27.79,27.27,45.82,1008.77
3399,305.82,27.79,27.27,45.81,1008.77
3400,305.91,27.79,27.27,45.78,1008.77
3401,306.00,27.79,27.28,45.80,1008.77
3402,306.09,27.79,27.27,45.79,1008.77
3403,306.18,27.79,27.27,45.79,1008.77
3404,306.27,27.79,27.28,45.76,1008.77
3405,306.36,27.79,27.29,45.77,1008.77
3406,306.45,27.79,27.29,45.76,1008.77
3407,306.54,27.79,27.29,45.77,1008.77
3408,306.63,27.79,27.29,45.77,1008.77
3409,306.72,27.79,27.29,45.76,1008.77
3410,306.81,27.79,27.30,45.76,1008.77
3411,306.90,27.79,27.29,45.77,1008.77
3412,306.99,27.79,27.29,45.76,1008.76
3413,307.08,27.79,27.28,45.76,1008.76
3414,307.17,27.79,27.28,45.77,1008.76
3415,307.26,27.79,27.28,45.77,1008.76
3416,307.35,27.79,27.28,45.77,1008.76
3417,307.44,27.79,27.28,45.77,1008.75
3418,307.53,27.79,27.28,45.77,1008.75
3419,307.62,27.79,27.29,45.76,1008.76
3420,307.71,27.79,27.29,45.76,1008.76
3421,307.80,27.79,27.29,45.76,1008.76
3422,307.89,27.79,27.29,45.76,1008.75
3423,307.98,27.79,27.28,45.78,1008.75
3424,308.07,27.79,27.28,45.74,1008.75
3425,308.16,27.79,27.29,45.74,1008.75
3426,308.25,27.79,27.29,45.74,1008.75
3427,308.34,27.79,27.29,45.74,1008.75
3428,308.43,27.79,27.28,45.73,1008.75
3429,308.52,27.79,27.28,45.73,1008.76
3430,308.61,27.79,27.28,45.72,1008.76
3431,308.70,27.79,27.28,45.72,1008.76
3432,308.79,27.79,27.28,45.73,1008.77
3433,308.88,27.79,27.29,45.72,1008.77
3434,308.97,27.79,27.30,45.72,1008.77
3435,309.06,27.79,27.30,45.70,1008.77
3436,309.15,27.79,27.30,45.71,1008.77
3437,309.24,27.79,27.29,45.71,1008.77
3438,309.33,27.79,27.30,45.72,1008.78
3439,309.42,27.79,27.29,45.72,1008.77
3440,309.51,27.79,27.29,45.73,1008.78
3441,309.60,27.79,27.29,45.72,1008.77
3442,309.69,27.79,27.29,45.71,1008.77
3443,309.78,27.79,27.29,45.72,1008.77
3444,309.87,27.79,27.29,45.71,1008.78
3445,309.96,27.79,27.29,45.72,1008.78
3446,310.05,27.79,27.29,45.73,1008.78
3447,310.14,27.79,27.29,45.72,1008.78
3448,310.23,27.79,27.30,45.72,1008.78
3449,310.32,27.80,27.29,45.72,1008.77
3450,310.41,27.80,27.29,45.71,1008.78
3451,310.50,27.80,27.30,45.71,1008.77
3452,310.59,27.80,27.30,45.72,1008.77
3453,310.68,27.80,27.30,45.70,1008.77
3454,310.77,27.80,27.30,45.70,1008.78
3455,310.86,27.80,27.30,45.68,1008.78
3456,310.95,27.80,27.29,45.69,1008.78
3457,311.04,27.80,27.29,45.70,1008.78
3458,311.13,27.80,27.29,45.70,1008.77
3459,311.22,27.80,27.29,45.70,1008.77
3460,311.31,27.80,27.29,45.72,1008.78
3461,311.40,27.80,27.29,45.71,1008.77
3462,311.49,27.80,27.29,45.70,1008.77
3463,311.58,27.80,27.30,45.70,1008.77
3464,311.67,27.80,27.30,45.70,1008.77
3465,311.76,27.80,27.30,45.70,1008.77
3466,311.85,27.80,27.31,45.70,1008.77
3467,311.94,27.80,27.31,45.70,1008.77
3468,312.03,27.80,27.31,45.71,1008.77
3469,312.12,27.80,27.32,45.71,1008.76
3470,312.21,27.80,27.31,45.68,1008.76
3471,312.30,27.80,27.31,45.69,1008.76
3472,312.39,27.80,27.31,45.69,1008.77
3473,312.48,27.80,27.31,45.68,1008.77
3474,312.57,27.80,27.31,45.67,1008.77
3475,312.66,27.80,27.31,45.66,1008.77
3476,312.75,27.80,27.31,45.65,1008.77
3477,312.84,27.80,27.31,45.63,1008.77
3478,312.93,27.80,27.31,45.63,1008.77
3479,313.02,27.80,27.31,45.63,1008.77
3480,313.11,27.80,27.30,45.62,1008.77
3481,313.20,27.80,27.30,45.63,1008.77
3482,313.29,27.80,27.28,45.64,1008.78
3483,313.38,27.80,27.28,45.64,1008.78
3484,313.47,27.80,27.27,45.65,1008.78
3485,313.56,27.80,27.27,45.66,1008.78
3486,313.65,27.80,27.28,45.65,1008.78
3487,313.74,27.80,27.28,45.65,1008.78
3488,313.83,27.80,27.28,45.65,1008.78
3489,313.92,27.80,27.27,45.63,1008.78
3490,314.01,27.80,27.27,45.61,1008.77
3491,314.10,27.80,27.27,45.60,1008.77
3492,314.19,27.80,27.27,45.60,1008.76
3493,314.28,27.80,27.28,45.61,1008.77
3494,314.37,27.80,27.28,45.60,1008.76
3495,314.46,27.80,27.28,45.59,1008.76
3496,314.55,27.80,27.28,45.60,1008.76
3497,314.64,27.80,27.27,45.62,1008.76
3498,314.73,27.80,27.29,45.63,1008.75
3499,314.82,27.80,27.29,45.64,1008.75
3500,314.91,27.80,27.28,45.64,1008.75
3501,315.00,27.80,27.29,45.64,1008.75
3502,315.09,27.80,27.29,45.64,1008.74
3503,315.18,27.80,27.29,45.63,1008.74
3504,315.27,27.80,27.28,45.63,1008.74
3505,315.36,27.80,27.27,45.62,1008.75
3506,315.45,27.80,27.27,45.62,1008.74
3507,315.54,27.80,27.27,45.62,1008.74
3508,315.63,27.80,27.28,45.62,1008.74
3509,315.72,27.80,27.28,45.62,1008.74
3510,315.81,27.82,27.29,45.59,1008.74
3511,315.90,27.80,27.29,45.59,1008.74
3512,315.99,27.80,27.30,45.60,1008.74
3513,316.08,27.80,27.30,45.61,1008.74
3514,316.17,27.80,27.30,45.61,1008.74
3515,316.26,27.80,27.29,45.62,1008.74
3516,316.35,27.80,27.30,45.61,1008.74
3517,316.44,27.80,27.30,45.60,1008.74
3518,316.53,27.80,27.29,45.60,1008.74
3519,316.62,27.80,27.29,45.62,1008.74
3520,316.71,27.80,27.29,45.61,1008.74
3521,316.80,27.80,27.30,45.62,1008.75
3522,316.89,27.80,27.30,45.63,1008.75
3523,316.98,27.80,27.30,45.62,1008.75
3524,317.07,27.80,27.30,45.63,1008.76
3525,317.16,27.80,27.29,45.64,1008.77
3526,317.25,27.80,27.29,45.64,1008.77
3527,317.34,27.80,27.30,45.64,1008.77
3528,317.43,27.80,27.30,45.63,1008.78
3529,317.52,27.80,27.29,45.62,1008.77
3530,317.61,27.80,27.30,45.63,1008.77
3531,317.70,27.80,27.29,45.64,1008.78
3532,317.79,27.80,27.29,45.63,1008.78
3533,317.88,27.80,27.29,45.63,1008.78
3534,317.97,27.80,27.28,45.65,1008.78
3535,318.06,27.80,27.29,45.67,1008.78
3536,318.15,27.80,27.29,45.67,1008.78
3537,318.24,27.80,27.29,45.67,1008.78
3538,318.33,27.80,27.29,45.67,1008.78
3539,318.42,27.80,27.29,45.67,1008.78
3540,318.51,27.80,27.29,45.68,1008.77
3541,318.60,27.80,27.29,45.70,1008.77
3542,318.69,27.80,27.30,45.71,1008.78
3543,318.78,27.80,27.30,45.72,1008.78
3544,318.87,27.80,27.30,45.72,1008.78
3545,318.96,27.80,27.30,45.72,1008.78
3546,319.05,27.80,27.30,45.72,1008.78
3547,319.14,27.80,27.31,45.69,1008.77
3548,319.23,27.80,27.30,45.69,1008.77
3549,319.32,27.80,27.30,45.70,1008.77
3550,319.41,27.80,27.31,45.69,1008.77
3551,319.50,27.80,27.32,45.68,1008.77
3552,319.59,27.80,27.31,45.67,1008.77
3553,319.68,27.80,27.31,45.68,1008.77
3554,319.77,27.80,27.31,45.68,1008.77
3555,319.86,27.80,27.31,45.68,1008.77
3556,319.95,27.80,27.31,45.66,1008.77
3557,320.04,27.80,27.30,45.69,1008.77
3558,320.13,27.80,27.30,45.67,1008.76
3559,320.22,27.80,27.30,45.67,1008.76
3560,320.31,27.80,27.30,45.67,1008.77
3561,320.40,27.80,27.31,45.66,1008.76
3562,320.49,27.80,27.32,45.65,1008.76
3563,320.58,27.80,27.32,45.65,1008.76
3564,320.67,27.80,27.32,45.66,1008.76
3565,320.76,27.80,27.32,45.64,1008.76
3566,320.85,27.80,27.31,45.63,1008.76
3567,320.94,27.80,27.31,45.64,1008.76
3568,321.03,27.80,27.31,45.63,1008.77
3569,321.12,27.80,27.31,45.61,1008.77
3570,321.21,27.80,27.31,45.62,1008.77
3571,321.30,27.80,27.31,45.62,1008.77
3572,321.39,27.80,27.32,45.62,1008.77
3573,321.48,27.80,27.31,45.60,1008.77
3574,321.57,27.80,27.32,45.58,1008.77
3575,321.66,27.80,27.32,45.59,1008.77
3576,321.75,27.80,27.31,45.60,1008.77
3577,321.84,27.80,27.31,45.59,1008.77
3578,321.93,27.80,27.32,45.58,1008.76
3579,322.02,27.80,27.31,45.59,1008.76
3580,322.11,27.80,27.32,45.59,1008.76
3581,322.20,27.80,27.32,45.58,1008.76
3582,322.29,27.80,27.32,45.58,1008.76
3583,322.38,27.80,27.33,45.59,1008.76
3584,322.47,27.80,27.33,45.58,1008.76
3585,322.56,27.80,27.32,45.60,1008.76
3586,322.65,27.80,27.32,45.59,1008.76
3587,322.74,27.80,27.32,45.60,1008.76
3588,322.83,27.80,27.32,45.59,1008.76
3589,322.92,27.80,27.31,45.60,1008.76
3590,323.01,27.80,27.31,45.58,1008.76
3591,323.10,27.80,27.32,45.58,1008.75
3592,323.19,27.80,27.32,45.57,1008.75
3593,323.28,27.80,27.33,45.57,1008.75
3594,323.37,27.80,27.33,45.58,1008.74
3595,323.46,27.80,27.31,45.58,1008.74
3596,323.55,27.80,27.32,45.60,1008.74
3597,323.64,27.80,27.32,45.59,1008.74
3598,323.73,27.80,27.33,45.59,1008.74
3599,323.82,27.80,27.33,45.63,1008.74
3600,323.91,27.80,27.32,45.62,1008.74
3601,324.00,27.80,27.32,45.61,1008.75
3602,324.09,27.80,27.32,45.61,1008.75
3603,324.18,27.80,27.32,45.63,1008.75
3604,324.27,27.80,27.32,45.63,1008.75
3605,324.36,27.80,27.31,45.62,1008.75
3606,324.45,27.80,27.32,45.64,1008.75
3607,324.54,27.80,27.33,45.63,1008.75
3608,324.63,27.80,27.32,45.60,1008.76
3609,324.72,27.80,27.33,45.59,1008.76
3610,324.81,27.80,27.32,45.60,1008.76
3611,324.90,27.80,27.32,45.58,1008.76
3612,324.99,27.80,27.32,45.58,1008.76
3613,325.08,27.80,27.32,45.57,1008.76
3614,325.17,27.80,27.31,45.59,1008.76
3615,325.26,27.80,27.31,45.59,1008.76
3616,325.35,27.80,27.31,45.58,1008.76
3617,325.44,27.80,27.31,45.58,1008.76
3618,325.53,27.80,27.30,45.59,1008.77
3619,325.62,27.80,27.31,45.58,1008.77
3620,325.71,27.80,27.31,45.56,1008.78
3621,325.80,27.80,27.31,45.56,1008.77
3622,325.89,27.80,27.31,45.56,1008.78
3623,325.98,27.80,27.30,45.59,1008.78
3624,326.07,27.80,27.30,45.57,1008.78
3625,326.16,27.80,27.30,45.56,1008.78
3626,326.25,27.80,27.30,45.56,1008.78
3627,326.34,27.80,27.30,45.56,1008.78
3628,326.43,27.80,27.32,45.55,1008.78
3629,326.52,27.80,27.31,45.56,1008.78
3630,326.61,27.80,27.31,45.56,1008.78
3631,326.70,27.80,27.30,45.55,1008.79
3632,326.79,27.80,27.31,45.55,1008.80
3633,326.88,27.80,27.31,45.53,1008.80
3634,326.97,27.80,27.32,45.56,1008.79
3635,327.06,27.80,27.31,45.57,1008.79
3636,327.15,27.80,27.31,45.57,1008.78
3637,327.24,27.80,27.31,45.57,1008.78
3638,327.33,27.80,27.30,45.57,1008.78
3639,327.42,27.80,27.30,45.55,1008.78
3640,327.51,27.80,27.31,45.53,1008.78
3641,327.60,27.80,27.31,45.54,1008.78
3642,327.69,27.80,27.30,45.53,1008.78
3643,327.78,27.80,27.30,45.52,1008.78
3644,327.87,27.80,27.29,45.52,1008.77
3645,327.96,27.80,27.29,45.52,1008.77
3646,328.05,27.80,27.30,45.53,1008.77
3647,328.14,27.80,27.29,45.55,1008.77
3648,328.23,27.80,27.29,45.54,1008.77
3649,328.32,27.80,27.30,45.52,1008.78
3650,328.41,27.80,27.30,45.52,1008.78
3651,328.50,27.80,27.31,45.53,1008.78
3652,328.59,27.80,27.30,45.52,1008.78
3653,328.68,27.80,27.31,45.53,1008.77
3654,328.77,27.80,27.31,45.52,1008.77
3655,328.86,27.80,27.32,45.51,1008.77
3656,328.95,27.80,27.32,45.51,1008.78
3657,329.04,27.80,27.32,45.51,1008.77
3658,329.13,27.80,27.32,45.51,1008.77
3659,329.22,27.80,27.32,45.51,1008.77
3660,329.31,27.80,27.33,45.52,1008.78
3661,329.40,27.80,27.33,45.52,1008.78
3662,329.49,27.80,27.33,45.51,1008.78
3663,329.58,27.80,27.33,45.50,1008.77
3664,329.67,27.80,27.34,45.50,1008.77
3665,329.76,27.80,27.33,45.51,1008.77
3666,329.85,27.80,27.33,45.51,1008.77
3667,329.94,27.80,27.33,45.52,1008.77
3668,330.03,27.80,27.33,45.53,1008.77
3669,330.12,27.80,27.34,45.53,1008.76
3670,330.21,27.80,27.35,45.51,1008.77
3671,330.30,27.80,27.34,45.53,1008.77
3672,330.39,27.80,27.34,45.53,1008.77
3673,330.48,27.80,27.34,45.54,1008.76
3674,330.57,27.80,27.35,45.54,1008.76
3675,330.66,27.80,27.36,45.53,1008.76
3676,330.75,27.80,27.35,45.52,1008.76
3677,330.84,27.80,27.35,45.51,1008.76
3678,330.93,27.80,27.35,45.50,1008.75
3679,331.02,27.80,27.35,45.51,1008.75
3680,331.11,27.80,27.34,45.51,1008.75
3681,331.20,27.80,27.34,45.50,1008.75
3682,331.29,27.80,27.35,45.49,1008.75
3683,331.38,27.80,27.35,45.48,1008.76
3684,331.47,27.80,27.34,45.47,1008.76
3685,331.56,27.80,27.35,45.44,1008.75
3686,331.65,27.80,27.34,45.43,1008.75
3687,331.74,27.80,27.34,45.43,1008.75
3688,331.83,27.80,27.34,45.43,1008.75
3689,331.92,27.80,27.34,45.41,1008.75
3690,332.01,27.80,27.34,45.42,1008.74
3691,332.10,27.80,27.34,45.42,1008.75
3692,332.19,27.80,27.34,45.44,1008.75
3693,332.28,27.80,27.33,45.43,1008.75
3694,332.37,27.80,27.33,45.43,1008.75
3695,332.46,27.80,27.33,45.44,1008.75
3696,332.55,27.80,27.33,45.43,1008.75
3697,332.64,27.80,27.33,45.44,1008.76
3698,332.73,27.80,27.32,45.44,1008.76
3699,332.82,27.80,27.32,45.44,1008.76
3700,332.91,27.80,27.33,45.45,1008.76
3701,333.00,27.80,27.33,45.47,1008.76
3702,333.09,27.80,27.33,45.44,1008.77
3703,333.18,27.80,27.34,45.44,1008.77
3704,333.27,27.80,27.34,45.43,1008.78
3705,333.36,27.80,27.35,45.42,1008.78
3706,333.45,27.80,27.34,45.41,1008.78
3707,333.54,27.80,27.35,45.41,1008.78
3708,333.63,27.80,27.35,45.40,1008.78
3709,333.72,27.80,27.35,45.41,1008.79
3710,333.81,27.80,27.35,45.42,1008.79
3711,333.90,27.80,27.35,45.43,1008.79
3712,333.99,27.80,27.34,45.44,1008.79
3713,334.08,27.80,27.33,45.42,1008.79
3714,334.17,27.80,27.33,45.41,1008.79
3715,334.26,27.80,27.33,45.41,1008.79
3716,334.35,27.80,27.33,45.43,1008.79
3717,334.44,27.80,27.33,45.42,1008.79
3718,334.53,27.80,27.33,45.44,1008.79
3719,334.62,27.80,27.33,45.44,1008.78
3720,334.71,27.80,27.33,45.43,1008.78
3721,334.80,27.80,27.34,45.43,1008.78
3722,334.89,27.80,27.33,45.43,1008.78
3723,334.98,27.80,27.33,45.42,1008.78
3724,335.07,27.80,27.32,45.42,1008.78
3725,335.16,27.80,27.32,45.41,1008.78
3726,335.25,27.80,27.32,45.42,1008.78
3727,335.34,27.80,27.33,45.44,1008.78
3728,335.43,27.80,27.33,45.45,1008.78
3729,335.52,27.80,27.33,45.45,1008.78
3730,335.61,27.80,27.32,45.45,1008.77
3731,335.70,27.80,27.33,45.44,1008.77
3732,335.79,27.80,27.33,45.42,1008.77
3733,335.88,27.80,27.33,45.42,1008.77
3734,335.97,27.80,27.33,45.42,1008.76
3735,336.06,27.80,27.32,45.43,1008.76
3736,336.15,27.80,27.32,45.45,1008.76
3737,336.24,27.80,27.32,45.45,1008.76
3738,336.33,27.80,27.33,45.45,1008.76
3739,336.42,27.80,27.33,45.44,1008.76
3740,336.51,27.80,27.33,45.47,1008.75
3741,336.60,27.80,27.33,45.48,1008.75
3742,336.69,27.80,27.33,45.49,1008.75
3743,336.78,27.80,27.33,45.47,1008.75
3744,336.87,27.80,27.33,45.48,1008.75
3745,336.96,27.80,27.34,45.49,1008.75
3746,337.05,27.80,27.34,45.49,1008.75
3747,337.14,27.80,27.33,45.47,1008.75
3748,337.23,27.80,27.34,45.45,1008.75
3749,337.32,27.80,27.34,45.44,1008.74
3750,337.41,27.80,27.33,45.43,1008.75
3751,337.50,27.80,27.33,45.45,1008.75
3752,337.59,27.80,27.32,45.43,1008.75
3753,337.68,27.80,27.26,45.42,1008.75
3754,337.77,27.80,27.30,45.42,1008.75
3755,337.86,27.80,27.33,45.43,1008.75
3756,337.95,27.80,27.33,45.43,1008.75
3757,338.04,27.80,27.33,45.42,1008.75
3758,338.13,27.80,27.33,45.39,1008.75
3759,338.22,27.80,27.33,45.39,1008.75
3760,338.31,27.80,27.33,45.38,1008.75
3761,338.40,27.80,27.33,45.38,1008.75
3762,338.49,27.80,27.33,45.36,1008.75
3763,338.58,27.80,27.33,45.36,1008.75
3764,338.67,27.80,27.32,45.35,1008.75
3765,338.76,27.80,27.33,45.38,1008.74
3766,338.85,27.80,27.33,45.38,1008.74
3767,338.94,27.80,27.33,45.37,1008.74
3768,339.03,27.80,27.33,45.36,1008.74
3769,339.12,27.80,27.34,45.35,1008.74
3770,339.21,27.80,27.34,45.34,1008.74
3771,339.30,27.80,27.33,45.34,1008.74
3772,339.39,27.80,27.34,45.34,1008.74
3773,339.48,27.80,27.35,45.32,1008.74
3774,339.57,27.80,27.36,45.34,1008.74
3775,339.66,27.80,27.36,45.32,1008.74
3776,339.75,27.80,27.35,45.30,1008.74
3777,339.84,27.80,27.35,45.28,1008.74
3778,339.93,27.80,27.35,45.26,1008.74
3779,340.02,27.80,27.35,45.28,1008.74
3780,340.11,27.80,27.35,45.28,1008.74
3781,340.20,27.80,27.36,45.28,1008.74
3782,340.29,27.80,27.36,45.29,1008.74
3783,340.38,27.80,27.35,45.30,1008.74
3784,340.47,27.80,27.35,45.29,1008.75
3785,340.56,27.80,27.36,45.29,1008.74
3786,340.65,27.80,27.35,45.29,1008.74
3787,340.74,27.80,27.35,45.27,1008.74
3788,340.83,27.80,27.35,45.25,1008.74
3789,340.92,27.80,27.36,45.24,1008.74
3790,341.01,27.80,27.35,45.25,1008.75
3791,341.10,27.80,27.34,45.27,1008.75
3792,341.19,27.80,27.35,45.28,1008.75
3793,341.28,27.80,27.35,45.28,1008.75
3794,341.37,27.80,27.35,45.28,1008.76
3795,341.46,27.80,27.35,45.27,1008.76
3796,341.55,27.80,27.35,45.29,1008.76
3797,341.64,27.80,27.34,45.29,1008.76
3798,341.73,27.80,27.34,45.29,1008.76
3799,341.82,27.80,27.34,45.27,1008.76
3800,341.91,27.80,27.34,45.28,1008.76
3801,342.00,27.80,27.35,45.28,1008.76
3802,342.09,27.80,27.35,45.28,1008.76
3803,342.18,27.80,27.35,45.27,1008.76
3804,342.27,27.80,27.35,45.28,1008.76
3805,342.36,27.80,27.34,45.29,1008.76
3806,342.45,27.80,27.34,45.31,1008.76
3807,342.54,27.80,27.33,45.33,1008.76
3808,342.63,27.80,27.34,45.32,1008.76
3809,342.72,27.80,27.34,45.33,1008.77
3810,342.81,27.80,27.34,45.31,1008.77
3811,342.90,27.80,27.35,45.32,1008.77
3812,342.99,27.80,27.34,45.32,1008.77
3813,343.08,27.80,27.34,45.31,1008.77
3814,343.17,27.80,27.33,45.31,1008.77
3815,343.26,27.80,27.33,45.30,1008.77
3816,343.35,27.80,27.33,45.30,1008.77
3817,343.44,27.80,27.34,45.31,1008.76
3818,343.53,27.80,27.35,45.31,1008.76
3819,343.62,27.80,27.35,45.29,1008.76
3820,343.71,27.80,27.35,45.29,1008.76
3821,343.80,27.80,27.34,45.30,1008.76
3822,343.89,27.80,27.35,45.31,1008.76
3823,343.98,27.80,27.34,45.31,1008.76
3824,344.07,27.80,27.35,45.29,1008.76
3825,344.16,27.80,27.35,45.31,1008.75
3826,344.25,27.80,27.35,45.31,1008.76
3827,344.34,27.80,27.35,45.29,1008.75
3828,344.43,27.80,27.34,45.29,1008.75
3829,344.52,27.80,27.33,45.31,1008.75
3830,344.61,27.80,27.34,45.29,1008.75
3831,344.70,27.80,27.33,45.29,1008.75
3832,344.79,27.80,27.33,45.28,1008.75
3833,344.88,27.80,27.33,45.28,1008.75
3834,344.97,27.80,27.32,45.27,1008.75
3835,345.06,27.80,27.32,45.26,1008.75
3836,345.15,27.80,27.32,45.26,1008.75
3837,345.24,27.80,27.32,45.26,1008.75
3838,345.33,27.80,27.33,45.26,1008.75
3839,345.42,27.80,27.33,45.26,1008.75
3840,345.51,27.80,27.33,45.25,1008.75
3841,345.60,27.80,27.33,45.28,1008.75
3842,345.69,27.80,27.33,45.29,1008.75
3843,345.78,27.80,27.34,45.30,1008.75
3844,345.87,27.80,27.33,45.32,1008.75
3845,345.96,27.80,27.33,45.32,1008.75
3846,346.05,27.80,27.33,45.35,1008.75
3847,346.14,27.80,27.34,45.36,1008.76
3848,346.23,27.80,27.32,45.37,1008.76
3849,346.32,27.80,27.32,45.38,1008.76
3850,346.41,27.80,27.33,45.39,1008.76
3851,346.50,27.80,27.33,45.40,1008.76
3852,346.59,27.80,27.34,45.38,1008.76
3853,346.68,27.80,27.34,45.37,1008.76
3854,346.77,27.80,27.35,45.36,1008.76
3855,346.86,27.80,27.36,45.38,1008.76
3856,346.95,27.80,27.36,45.37,1008.76
3857,347.04,27.80,27.36,45.38,1008.76
3858,347.13,27.80,27.37,45.37,1008.76
3859,347.22,27.80,27.37,45.36,1008.76
3860,347.31,27.80,27.36,45.34,1008.76
3861,347.40,27.80,27.36,45.35,1008.76
3862,347.49,27.80,27.35,45.35,1008.76
3863,347.58,27.80,27.35,45.36,1008.76
3864,347.67,27.80,27.35,45.36,1008.76
3865,347.76,27.80,27.35,45.38,1008.76
3866,347.85,27.80,27.36,45.36,1008.76
3867,347.94,27.80,27.36,45.36,1008.76
3868,348.03,27.80,27.36,45.35,1008.76
3869,348.12,27.81,27.36,45.37,1008.76
3870,348.21,27.81,27.36,45.37,1008.76
3871,348.30,27.81,27.36,45.36,1008.76
3872,348.39,27.81,27.36,45.37,1008.76
3873,348.48,27.81,27.36,45.34,1008.76
3874,348.57,27.81,27.36,45.35,1008.75
3875,348.66,27.81,27.38,45.33,1008.75
3876,348.75,27.81,27.38,45.32,1008.76
3877,348.84,27.81,27.37,45.32,1008.76
3878,348.93,27.81,27.37,45.33,1008.76
3879,349.02,27.81,27.37,45.32,1008.76
3880,349.11,27.81,27.37,45.33,1008.76
3881,349.20,27.81,27.37,45.33,1008.76
3882,349.29,27.81,27.36,45.33,1008.76
3883,349.38,27.81,27.36,45.31,1008.76
3884,349.47,27.81,27.35,45.32,1008.77
3885,349.56,27.81,27.35,45.30,1008.77
3886,349.65,27.81,27.36,45.31,1008.77
3887,349.74,27.81,27.37,45.31,1008.78
3888,349.83,27.81,27.37,45.29,1008.78
3889,349.92,27.81,27.36,45.27,1008.78
3890,350.01,27.81,27.36,45.28,1008.78
3891,350.10,27.81,27.36,45.26,1008.78
3892,350.19,27.81,27.45,45.26,1008.79
3893,350.28,27.81,27.37,45.27,1008.79
3894,350.37,27.81,27.37,45.28,1008.79
3895,350.46,27.81,27.37,45.27,1008.79
3896,350.55,27.81,27.37,45.25,1008.79
3897,350.64,27.81,27.36,45.25,1008.79
3898,350.73,27.81,27.35,45.25,1008.79
3899,350.82,27.81,27.36,45.25,1008.80
3900,350.91,27.81,27.36,45.25,1008.79
3901,351.00,27.81,27.36,45.24,1008.80
3902,351.09,27.81,27.36,45.24,1008.79
3903,351.18,27.81,27.37,45.24,1008.79
3904,351.27,27.81,27.37,45.24,1008.79
3905,351.36,27.81,27.37,45.25,1008.79
3906,351.45,27.81,27.37,45.28,1008.79
3907,351.54,27.81,27.37,45.25,1008.79
3908,351.63,27.81,27.36,45.26,1008.79
3909,351.72,27.81,27.36,45.28,1008.79
3910,351.81,27.81,27.36,45.28,1008.79
3911,351.90,27.81,27.37,45.25,1008.78
3912,351.99,27.81,27.38,45.25,1008.78
3913,352.08,27.81,27.37,45.26,1008.78
3914,352.17,27.81,27.37,45.29,1008.78
3915,352.26,27.81,27.37,45.29,1008.77
3916,352.35,27.81,27.37,45.29,1008.77
3917,352.44,27.81,27.37,45.27,1008.76
3918,352.53,27.81,27.38,45.28,1008.76
3919,352.62,27.81,27.37,45.26,1008.76
3920,352.71,27.81,27.37,45.23,1008.76
3921,352.80,27.81,27.37,45.24,1008.75
3922,352.89,27.81,27.37,45.26,1008.75
3923,352.98,27.81,27.36,45.27,1008.75
3924,353.07,27.81,27.36,45.27,1008.75
3925,353.16,27.81,27.35,45.26,1008.75
3926,353.25,27.81,27.35,45.28,1008.75
3927,353.34,27.81,27.35,45.26,1008.75
3928,353.43,27.81,27.36,45.26,1008.75
3929,353.52,27.81,27.35,45.25,1008.75
3930,353.61,27.81,27.35,45.26,1008.75
3931,353.70,27.81,27.35,45.26,1008.75
3932,353.79,27.81,27.35,45.27,1008.75
3933,353.88,27.81,27.35,45.27,1008.75
3934,353.97,27.81,27.36,45.28,1008.75
3935,354.06,27.81,27.35,45.29,1008.75
3936,354.15,27.81,27.36,45.28,1008.75
3937,354.24,27.81,27.34,45.27,1008.75
3938,354.33,27.81,27.35,45.27,1008.75
3939,354.42,27.81,27.35,45.28,1008.75
3940,354.51,27.81,27.35,45.27,1008.76
3941,354.60,27.81,27.35,45.28,1008.76
3942,354.69,27.81,27.36,45.28,1008.76
3943,354.78,27.81,27.36,45.29,1008.76
3944,354.87,27.81,27.35,45.28,1008.77
3945,354.96,27.81,27.35,45.27,1008.77
3946,355.05,27.81,27.36,45.25,1008.77
3947,355.14,27.81,27.36,45.25,1008.77
3948,355.23,27.81,27.36,45.25,1008.77
3949,355.32,27.81,27.35,45.25,1008.78
3950,355.41,27.81,27.35,45.26,1008.77
3951,355.50,27.81,27.34,45.26,1008.77
3952,355.59,27.81,27.34,45.24,1008.77
3953,355.68,27.81,27.35,45.24,1008.77
3954,355.77,27.81,27.36,45.24,1008.77
3955,355.86,27.81,27.35,45.22,1008.77
3956,355.95,27.81,27.35,45.23,1008.77
3957,356.04,27.81,27.43,45.24,1008.77
3958,356.13,27.81,27.35,45.23,1008.77
3959,356.22,27.81,27.35,45.25,1008.78
3960,356.31,27.81,27.35,45.24,1008.78
3961,356.40,27.81,27.36,45.23,1008.78
3962,356.49,27.81,27.35,45.22,1008.78
3963,356.58,27.81,27.35,45.20,1008.78
3964,356.67,27.81,27.36,45.21,1008.77
3965,356.76,27.81,27.36,45.20,1008.77
3966,356.85,27.81,27.35,45.20,1008.77
3967,356.94,27.81,27.35,45.19,1008.77
3968,357.03,27.81,27.35,45.19,1008.77
3969,357.12,27.81,27.35,45.18,1008.77
3970,357.21,27.81,27.35,45.18,1008.77
3971,357.30,27.81,27.36,45.19,1008.77
3972,357.39,27.81,27.37,45.19,1008.77
3973,357.48,27.81,27.37,45.19,1008.77
3974,357.57,27.81,27.37,45.16,1008.77
3975,357.66,27.81,27.38,45.18,1008.77
3976,357.75,27.81,27.38,45.19,1008.77
3977,357.84,27.81,27.38,45.17,1008.77
3978,357.93,27.81,27.38,45.17,1008.77
3979,358.02,27.81,27.38,45.15,1008.77
3980,358.11,27.81,27.37,45.15,1008.77
3981,358.20,27.81,27.38,45.15,1008.76
3982,358.29,27.81,27.37,45.16,1008.77
3983,358.38,27.81,27.36,45.17,1008.77
3984,358.47,27.81,27.37,45.16,1008.77
3985,358.56,27.81,27.37,45.15,1008.77
3986,358.65,27.81,27.36,45.16,1008.77
3987,358.74,27.81,27.36,45.16,1008.77
3988,358.83,27.81,27.37,45.17,1008.77
3989,358.92,27.81,27.37,45.18,1008.77
3990,359.01,27.81,27.38,45.19,1008.77
3991,359.10,27.81,27.37,45.21,1008.77
3992,359.19,27.81,27.37,45.21,1008.76
3993,359.28,27.81,27.37,45.19,1008.76
3994,359.37,27.81,27.37,45.16,1008.77
3995,359.46,27.81,27.37,45.15,1008.76
3996,359.55,27.81,27.37,45.17,1008.76
3997,359.64,27.81,27.37,45.16,1008.76
3998,359.73,27.81,27.38,45.17,1008.76
3999,359.82,27.81,27.38,45.16,1008.76
4000,359.91,27.81,27.38,45.18,1008.75
4001,360.00,27.81,27.39,45.17,1008.75
4002,360.09,27.81,27.40,45.18,1008.75
4003,360.18,27.81,27.40,45.19,1008.75
4004,360.27,27.81,27.40,45.17,1008.75
4005,360.36,27.81,27.40,45.15,1008.75
4006,360.45,27.81,27.41,45.16,1008.75
4007,360.54,27.81,27.40,45.15,1008.75
4008,360.63,27.81,27.39,45.13,1008.75
4009,360.72,27.81,27.39,45.15,1008.75
4010,360.81,27.81,27.39,45.14,1008.75
4011,360.90,27.81,27.39,45.15,1008.75
4012,360.99,27.81,27.39,45.14,1008.74
4013,361.08,27.81,27.39,45.15,1008.74
4014,361.17,27.81,27.38,45.15,1008.74
4015,361.26,27.81,27.38,45.16,1008.74
4016,361.35,27.81,27.39,45.16,1008.74
4017,361.44,27.81,27.38,45.16,1008.74
4018,361.53,27.81,27.38,45.16,1008.74
4019,361.62,27.81,27.38,45.13,1008.74
4020,361.71,27.81,27.38,45.15,1008.74
4021,361.80,27.81,27.38,45.15,1008.74
4022,361.89,27.81,27.39,45.13,1008.74
4023,361.98,27.81,27.40,45.13,1008.74
4024,362.07,27.81,27.40,45.14,1008.74
4025,362.16,27.81,27.40,45.15,1008.75
4026,362.25,27.81,27.40,45.14,1008.75
4027,362.34,27.81,27.39,45.15,1008.75
4028,362.43,27.81,27.39,45.15,1008.75
4029,362.52,27.81,27.40,45.17,1008.75
4030,362.61,27.81,27.40,45.15,1008.75
4031,362.70,27.81,27.39,45.15,1008.75
4032,362.79,27.81,27.39,45.14,1008.75
4033,362.88,27.81,27.38,45.13,1008.76
4034,362.97,27.81,27.39,45.13,1008.76
4035,363.06,27.81,27.39,45.12,1008.76
4036,363.15,27.81,27.39,45.12,1008.76
4037,363.24,27.81,27.39,45.10,1008.77
4038,363.33,27.81,27.39,45.11,1008.77
4039,363.42,27.81,27.39,45.11,1008.76
4040,363.51,27.81,27.39,45.09,1008.76
4041,363.60,27.81,27.40,45.11,1008.77
4042,363.69,27.81,27.40,45.09,1008.76
4043,363.78,27.81,27.40,45.09,1008.76
4044,363.87,27.81,27.41,45.11,1008.76
4045,363.96,27.81,27.40,45.12,1008.76
4046,364.05,27.81,27.39,45.12,1008.75
4047,364.14,27.81,27.39,45.11,1008.75
4048,364.23,27.81,27.38,45.12,1008.75
4049,364.32,27.81,27.39,45.14,1008.76
4050,364.41,27.81,27.38,45.16,1008.76
4051,364.50,27.81,27.38,45.16,1008.75
4052,364.59,27.81,27.39,45.15,1008.75
4053,364.68,27.81,27.39,45.14,1008.75
4054,364.77,27.81,27.39,45.16,1008.75
4055,364.86,27.81,27.39,45.16,1008.75
4056,364.95,27.81,27.39,45.17,1008.75
4057,365.04,27.81,27.39,45.15,1008.75
4058,365.13,27.81,27.39,45.15,1008.75
4059,365.22,27.81,27.38,45.14,1008.75
4060,365.31,27.81,27.39,45.14,1008.75
4061,365.40,27.81,27.39,45.13,1008.75
4062,365.49,27.81,27.39,45.12,1008.75
4063,365.58,27.81,27.39,45.12,1008.75
4064,365.67,27.81,27.40,45.12,1008.76
4065,365.76,27.81,27.40,45.10,1008.76
4066,365.85,27.81,27.40,45.10,1008.76
4067,365.94,27.81,27.40,45.09,1008.76
4068,366.03,27.81,27.39,45.08,1008.76
4069,366.12,27.81,27.38,45.08,1008.76
4070,366.21,27.81,27.38,45.07,1008.75
4071,366.30,27.81,27.38,45.07,1008.76
4072,366.39,27.81,27.37,45.07,1008.76
4073,366.48,27.81,27.37,45.09,1008.76
4074,366.57,27.81,27.37,45.08,1008.76
4075,366.66,27.81,27.37,45.08,1008.76
4076,366.75,27.81,27.37,45.06,1008.76
4077,366.84,27.81,27.36,45.06,1008.76
4078,366.93,27.81,27.36,45.07,1008.77
4079,367.02,27.81,27.36,45.08,1008.77
4080,367.11,27.81,27.37,45.08,1008.77
4081,367.20,27.81,27.37,45.09,1008.77
4082,367.29,27.81,27.38,45.07,1008.77
4083,367.38,27.81,27.39,45.05,1008.77
4084,367.47,27.81,27.38,45.06,1008.77
4085,367.56,27.81,27.38,45.08,1008.77
4086,367.65,27.81,27.38,45.08,1008.77
4087,367.74,27.81,27.38,45.07,1008.76
4088,367.83,27.81,27.38,45.08,1008.76
4089,367.92,27.81,27.39,45.08,1008.76
4090,368.01,27.81,27.39,45.09,1008.76
4091,368.10,27.81,27.39,45.09,1008.76
4092,368.19,27.81,27.40,45.08,1008.76
4093,368.28,27.81,27.41,45.07,1008.76
4094,368.37,27.81,27.41,45.06,1008.76
4095,368.46,27.81,27.42,45.05,1008.76
4096,368.55,27.81,27.42,45.05,1008.75
4097,368.64,27.81,27.42,45.05,1008.75
4098,368.73,27.81,27.42,45.05,1008.75
4099,368.82,27.81,27.42,45.03,1008.75
4100,368.91,27.81,27.42,45.02,1008.74
4101,369.00,27.81,27.42,45.00,1008.75
4102,369.09,27.81,27.41,45.00,1008.75
4103,369.18,27.81,27.41,45.00,1008.75
4104,369.27,27.81,27.41,44.99,1008.75
4105,369.36,27.81,27.41,45.01,1008.75
4106,369.45,27.81,27.41,45.03,1008.74
4107,369.54,27.81,27.40,45.02,1008.74
4108,369.63,27.81,27.41,45.02,1008.75
4109,369.72,27.81,27.41,45.00,1008.75
4110,369.81,27.81,27.42,45.00,1008.76
4111,369.90,27.81,27.42,45.00,1008.75
4112,369.99,27.81,27.41,45.01,1008.75
4113,370.08,27.81,27.42,45.01,1008.75
4114,370.17,27.81,27.42,45.02,1008.75
4115,370.26,27.81,27.42,45.03,1008.75
4116,370.35,27.81,27.42,45.03,1008.76
4117,370.44,27.81,27.42,45.02,1008.76
4118,370.53,27.81,27.41,45.03,1008.76
4119,370.62,27.81,27.41,45.05,1008.76
4120,370.71,27.81,27.41,45.04,1008.76
4121,370.80,27.81,27.42,45.04,1008.76
4122,370.89,27.81,27.41,45.03,1008.76
4123,370.98,27.81,27.42,45.05,1008.77
4124,371.07,27.81,27.42,45.05,1008.77
4125,371.16,27.81,27.42,45.05,1008.77
4126,371.25,27.81,27.42,45.05,1008.77
4127,371.34,27.81,27.43,45.04,1008.77
4128,371.43,27.81,27.43,45.03,1008.77
4129,371.52,27.81,27.43,45.03,1008.77
4130,371.61,27.81,27.43,45.02,1008.78
4131,371.70,27.81,27.42,45.01,1008.78
4132,371.79,27.81,27.42,45.01,1008.78
4133,371.88,27.81,27.41,45.02,1008.78
4134,371.97,27.81,27.42,45.03,1008.78
4135,372.06,27.81,27.42,45.01,1008.78
4136,372.15,27.81,27.41,45.01,1008.78
4137,372.24,27.81,27.42,45.01,1008.78
4138,372.33,27.81,27.41,45.00,1008.77
4139,372.42,27.81,27.41,45.01,1008.78
4140,372.51,27.81,27.41,45.01,1008.77
4141,372.60,27.81,27.40,45.03,1008.77
4142,372.69,27.81,27.41,45.01,1008.77
4143,372.78,27.81,27.42,44.99,1008.77
4144,372.87,27.81,27.41,44.99,1008.77
4145,372.96,27.81,27.43,44.99,1008.77
4146,373.05,27.81,27.43,44.99,1008.77
4147,373.14,27.81,27.42,45.01,1008.77
4148,373.23,27.81,27.43,45.01,1008.77
4149,373.32,27.81,27.43,45.02,1008.78
4150,373.41,27.81,27.42,45.02,1008.77
4151,373.50,27.81,27.41,45.02,1008.77
4152,373.59,27.81,27.40,45.03,1008.77
4153,373.68,27.81,27.40,45.03,1008.77
4154,373.77,27.81,27.40,45.02,1008.77
4155,373.86,27.81,27.40,45.02,1008.77
4156,373.95,27.81,27.40,45.01,1008.77
4157,374.04,27.81,27.40,45.01,1008.77
4158,374.13,27.81,27.40,44.99,1008.77
4159,374.22,27.81,27.40,45.00,1008.77
4160,374.31,27.81,27.40,45.00,1008.77
4161,374.40,27.81,27.40,44.98,1008.77
4162,374.49,27.81,27.40,44.99,1008.77
4163,374.58,27.81,27.40,44.99,1008.76
4164,374.67,27.81,27.39,44.97,1008.77
4165,374.76,27.81,27.39,44.96,1008.77
4166,374.85,27.81,27.39,44.95,1008.77
4167,374.94,27.81,27.39,44.96,1008.77
4168,375.03,27.81,27.38,44.97,1008.77
4169,375.12,27.81,27.38,44.97,1008.77
4170,375.21,27.81,27.38,44.97,1008.82
4171,375.30,27.81,27.38,44.96,1008.80
4172,375.39,27.81,27.37,44.95,1008.79
4173,375.48,27.81,27.37,44.94,1008.78
4174,375.57,27.81,27.37,44.96,1008.78
4175,375.66,27.81,27.37,44.96,1008.78
4176,375.75,27.81,27.38,44.97,1008.79
4177,375.84,27.81,27.39,44.99,1008.79
4178,375.93,27.81,27.40,44.97,1008.79
4179,376.02,27.81,27.40,44.99,1008.78
4180,376.11,27.81,27.40,44.98,1008.78
4181,376.20,27.81,27.41,44.97,1008.78
4182,376.29,27.81,27.40,44.97,1008.78
4183,376.38,27.81,27.40,44.97,1008.78
4184,376.47,27.81,27.40,44.96,1008.78
4185,376.56,27.81,27.41,44.94,1008.77
4186,376.65,27.81,27.40,44.94,1008.77
4187,376.74,27.81,27.41,44.95,1008.78
4188,376.83,27.81,27.41,44.95,1008.78
4189,376.92,27.81,27.40,44.94,1008.77
4190,377.01,27.81,27.40,44.95,1008.77
4191,377.10,27.81,27.40,44.96,1008.77
4192,377.19,27.81,27.40,44.97,1008.76
4193,377.28,27.81,27.40,44.96,1008.76
4194,377.37,27.81,27.40,44.95,1008.76
4195,377.46,27.81,27.40,44.96,1008.76
4196,377.55,27.81,27.41,44.97,1008.76
4197,377.64,27.81,27.42,44.98,1008.76
4198,377.73,27.81,27.42,44.99,1008.76
4199,377.82,27.81,27.42,45.01,1008.77
4200,377.91,27.81,27.42,44.99,1008.76
4201,378.00,27.81,27.42,45.00,1008.77
4202,378.09,27.81,27.42,45.01,1008.76
4203,378.18,27.81,27.42,45.01,1008.76
4204,378.27,27.81,27.42,45.02,1008.77
4205,378.36,27.81,27.42,45.00,1008.76
4206,378.45,27.81,27.43,45.00,1008.77
4207,378.54,27.81,27.43,45.00,1008.77
4208,378.63,27.81,27.43,44.97,1008.77
4209,378.72,27.81,27.43,44.97,1008.77
4210,378.81,27.81,27.43,44.97,1008.77
4211,378.90,27.81,27.43,44.97,1008.77
4212,378.99,27.81,27.43,44.96,1008.78
4213,379.08,27.81,27.43,44.97,1008.78
4214,379.17,27.81,27.43,44.97,1008.78
4215,379.26,27.81,27.43,44.98,1008.78
4216,379.35,27.81,27.43,44.96,1008.78
4217,379.44,27.81,27.43,44.95,1008.78
4218,379.53,27.81,27.43,44.94,1008.78
4219,379.62,27.81,27.42,44.96,1008.78
4220,379.71,27.81,27.43,44.98,1008.78
4221,379.80,27.81,27.43,44.97,1008.78
4222,379.89,27.81,27.43,44.98,1008.78
4223,379.98,27.81,27.43,44.98,1008.78
4224,380.07,27.81,27.43,44.99,1008.78
4225,380.16,27.81,27.43,44.99,1008.77
4226,380.25,27.81,27.43,45.00,1008.77
4227,380.34,27.81,27.44,45.01,1008.77
4228,380.43,27.81,27.43,45.01,1008.77
4229,380.52,27.81,27.44,45.00,1008.77
4230,380.61,27.81,27.44,45.01,1008.77
4231,380.70,27.81,27.44,45.04,1008.77
4232,380.79,27.81,27.45,45.04,1008.76
4233,380.88,27.81,27.45,45.01,1008.76
4234,380.97,27.81,27.46,45.00,1008.76
4235,381.06,27.81,27.46,45.02,1008.76
4236,381.15,27.84,27.46,45.01,1008.75
4237,381.24,27.81,27.46,44.99,1008.75
4238,381.33,27.81,27.46,44.98,1008.75
4239,381.42,27.81,27.46,45.01,1008.75
4240,381.51,27.81,27.46,45.01,1008.76
4241,381.60,27.81,27.46,45.00,1008.76
4242,381.69,27.81,27.45,44.98,1008.75
4243,381.78,27.81,27.45,44.98,1008.75
4244,381.87,27.81,27.44,44.99,1008.75
4245,381.96,27.81,27.44,44.98,1008.75
4246,382.05,27.81,27.44,44.98,1008.76
4247,382.14,27.81,27.44,44.97,1008.76
4248,382.23,27.81,27.43,44.98,1008.75
4249,382.32,27.81,27.43,44.93,1008.76
4250,382.41,27.81,27.43,44.96,1008.75
4251,382.50,27.81,27.44,44.96,1008.76
4252,382.59,27.81,27.43,44.96,1008.76
4253,382.68,27.81,27.43,44.96,1008.76
4254,382.77,27.81,27.43,44.94,1008.76
4255,382.86,27.81,27.43,44.96,1008.76
4256,382.95,27.81,27.44,44.95,1008.76
4257,383.04,27.81,27.44,44.96,1008.75
4258,383.13,27.81,27.44,44.98,1008.75
4259,383.22,27.81,27.43,44.99,1008.76
4260,383.31,27.81,27.44,45.00,1008.76
4261,383.40,27.81,27.44,45.00,1008.75
4262,383.49,27.81,27.44,44.99,1008.76
4263,383.58,27.81,27.44,44.99,1008.76
4264,383.67,27.81,27.44,45.00,1008.77
4265,383.76,27.81,27.44,44.98,1008.76
4266,383.85,27.81,27.43,44.99,1008.76
4267,383.94,27.81,27.44,44.98,1008.76
4268,384.03,27.81,27.44,44.98,1008.77
4269,384.12,27.81,27.45,44.99,1008.76
4270,384.21,27.81,27.45,44.98,1008.77
4271,384.30,27.81,27.44,44.98,1008.77
4272,384.39,27.81,27.44,44.99,1008.77
4273,384.48,27.81,27.43,45.00,1008.77
4274,384.57,27.81,27.43,45.01,1008.76
4275,384.66,27.81,27.44,45.03,1008.76
4276,384.75,27.81,27.44,45.03,1008.76
4277,384.84,27.81,27.43,45.04,1008.76
4278,384.93,27.81,27.43,45.05,1008.76
4279,385.02,27.81,27.43,45.04,1008.76
4280,385.11,27.81,27.44,45.04,1008.76
4281,385.20,27.81,27.44,45.05,1008.76
4282,385.29,27.81,27.44,45.04,1008.76
4283,385.38,27.81,27.44,45.03,1008.76
4284,385.47,27.81,27.44,45.03,1008.76
4285,385.56,27.81,27.44,45.03,1008.76
4286,385.65,27.81,27.43,45.03,1008.76
4287,385.74,27.81,27.43,45.01,1008.75
4288,385.83,27.81,27.43,44.99,1008.75
4289,385.92,27.81,27.42,44.99,1008.75
4290,386.01,27.81,27.42,44.98,1008.75
4291,386.10,27.81,27.41,44.98,1008.74
4292,386.19,27.81,27.41,44.99,1008.75
4293,386.28,27.81,27.42,45.02,1008.75
4294,386.37,27.81,27.42,45.02,1008.74
4295,386.46,27.81,27.41,45.02,1008.74
4296,386.55,27.81,27.41,45.02,1008.75
4297,386.64,27.81,27.41,45.01,1008.75
4298,386.73,27.81,27.41,45.02,1008.75
4299,386.82,27.81,27.43,45.03,1008.75
4300,386.91,27.81,27.42,45.02,1008.75
4301,387.00,27.81,27.43,45.02,1008.75
4302,387.09,27.81,27.43,45.00,1008.75
4303,387.18,27.81,27.43,45.00,1008.75
4304,387.27,27.81,27.43,45.00,1008.75
4305,387.36,27.81,27.44,44.99,1008.75
4306,387.45,27.81,27.44,44.98,1008.75
4307,387.54,27.81,27.44,44.97,1008.75
4308,387.63,27.81,27.43,44.98,1008.76
4309,387.72,27.81,27.43,44.98,1008.76
4310,387.81,27.81,27.44,44.99,1008.76
4311,387.90,27.81,27.43,45.00,1008.76
4312,387.99,27.81,27.43,44.99,1008.76
4313,388.08,27.81,27.44,44.98,1008.76
4314,388.17,27.81,27.44,44.99,1008.76
4315,388.26,27.81,27.44,44.99,1008.76
4316,388.35,27.81,27.44,44.98,1008.77
4317,388.44,27.81,27.44,44.97,1008.77
4318,388.53,27.81,27.44,44.99,1008.77
4319,388.62,27.81,27.44,44.97,1008.77
4320,388.71,27.81,27.44,44.97,1008.77
4321,388.80,27.81,27.44,44.97,1008.77
4322,388.89,27.81,27.44,44.95,1008.77
4323,388.98,27.81,27.44,44.93,1008.78
4324,389.07,27.81,27.45,44.93,1008.78
4325,389.16,27.81,27.44,44.93,1008.77
4326,389.25,27.81,27.45,44.92,1008.77
4327,389.34,27.81,27.45,45.08,1008.77
4328,389.43,27.81,27.44,44.98,1008.77
4329,389.52,27.81,27.44,44.94,1008.76
4330,389.61,27.81,27.44,44.92,1008.77
4331,389.70,27.81,27.44,44.90,1008.76
4332,389.79,27.81,27.44,44.90,1008.76
4333,389.88,27.81,27.44,44.90,1008.76
4334,389.97,27.81,27.45,44.88,1008.77
4335,390.06,27.81,27.44,44.90,1008.76
4336,390.15,27.81,27.45,44.90,1008.76
4337,390.24,27.81,27.44,44.92,1008.76
4338,390.33,27.81,27.44,44.93,1008.76
4339,390.42,27.81,27.44,44.92,1008.76
4340,390.51,27.81,27.44,44.91,1008.76
4341,390.60,27.81,27.45,44.90,1008.76
4342,390.69,27.81,27.45,44.89,1008.76
4343,390.78,27.81,27.46,44.89,1008.76
4344,390.87,27.81,27.46,44.87,1008.76
4345,390.96,27.81,27.45,44.86,1008.77
4346,391.05,27.81,27.45,44.86,1008.77
4347,391.14,27.81,27.45,44.87,1008.77
4348,391.23,27.81,27.45,44.89,1008.78
4349,391.32,27.81,27.45,44.87,1008.78
4350,391.41,27.81,27.45,44.86,1008.78
4351,391.50,27.81,27.45,44.86,1008.78
4352,391.59,27.81,27.45,44.86,1008.78
4353,391.68,27.81,27.45,44.86,1008.78
4354,391.77,27.81,27.44,44.86,1008.78
4355,391.86,27.81,27.45,44.86,1008.79
4356,391.95,27.81,27.46,44.87,1008.79
4357,392.04,27.81,27.46,44.87,1008.78
4358,392.13,27.81,27.45,44.90,1008.78
4359,392.22,27.81,27.45,44.93,1008.78
4360,392.31,27.81,27.46,44.92,1008.78
4361,392.40,27.81,27.46,44.92,1008.78
4362,392.49,27.81,27.47,44.92,1008.77
4363,392.58,27.81,27.48,44.93,1008.77
4364,392.67,27.81,27.47,44.94,1008.78
4365,392.76,27.81,27.46,44.96,1008.77
4366,392.85,27.81,27.45,44.95,1008.77
4367,392.94,27.81,27.45,44.97,1008.77
4368,393.03,27.81,27.46,44.97,1008.77
4369,393.12,27.81,27.46,44.97,1008.77
4370,393.21,27.81,27.46,44.97,1008.77
4371,393.30,27.81,27.47,44.98,1008.76
4372,393.39,27.81,27.46,44.98,1008.76
4373,393.48,27.81,27.46,44.97,1008.76
4374,393.57,27.81,27.46,44.95,1008.76
4375,393.66,27.81,27.46,44.95,1008.76
4376,393.75,27.81,27.46,44.95,1008.76
4377,393.84,27.81,27.46,44.95,1008.76
4378,393.93,27.81,27.46,44.94,1008.76
4379,394.02,27.81,27.46,44.95,1008.76
4380,394.11,27.81,27.45,44.94,1008.76
4381,394.20,27.81,27.44,44.93,1008.76
4382,394.29,27.81,27.44,44.93,1008.75
4383,394.38,27.81,27.45,44.92,1008.75
4384,394.47,27.81,27.44,44.92,1008.75
4385,394.56,27.81,27.45,44.91,1008.75
4386,394.65,27.81,27.45,44.89,1008.75
4387,394.74,27.81,27.46,44.88,1008.75
4388,394.83,27.81,27.45,44.89,1008.75
4389,394.92,27.81,27.46,44.88,1008.76
4390,395.01,27.81,27.45,44.88,1008.76
4391,395.10,27.81,27.45,44.88,1008.76
4392,395.19,27.81,27.45,44.87,1008.76
4393,395.28,27.81,27.44,44.88,1008.77
4394,395.37,27.81,27.43,44.90,1008.77
4395,395.46,27.81,27.43,44.90,1008.77
4396,395.55,27.81,27.43,44.91,1008.77
4397,395.64,27.81,27.42,44.92,1008.77
4398,395.73,27.81,27.42,44.91,1008.77
4399,395.82,27.81,27.43,44.92,1008.78
4400,395.91,27.81,27.41,44.91,1008.77
4401,396.00,27.81,27.41,44.91,1008.77
4402,396.09,27.81,27.41,44.91,1008.77
4403,396.18,27.81,27.41,44.93,1008.77
4404,396.27,27.81,27.42,44.91,1008.77
4405,396.36,27.81,27.42,44.93,1008.77
4406,396.45,27.81,27.42,44.93,1008.77
4407,396.54,27.81,27.43,44.93,1008.77
4408,396.63,27.81,27.43,44.94,1008.76
4409,396.72,27.81,27.42,44.93,1008.76
4410,396.81,27.81,27.42,44.92,1008.76
4411,396.90,27.81,27.42,44.93,1008.77
4412,396.99,27.81,27.43,44.93,1008.77
4413,397.08,27.81,27.42,44.93,1008.77
4414,397.17,27.81,27.41,44.93,1008.77
4415,397.26,27.81,27.41,44.90,1008.77
4416,397.35,27.81,27.41,44.90,1008.76
4417,397.44,27.81,27.42,44.90,1008.76
4418,397.53,27.81,27.42,44.88,1008.76
4419,397.62,27.81,27.43,44.89,1008.76
4420,397.71,27.81,27.44,44.90,1008.76
4421,397.80,27.81,27.44,44.91,1008.77
4422,397.89,27.81,27.44,44.89,1008.77
4423,397.98,27.81,27.44,44.89,1008.77
4424,398.07,27.81,27.45,44.88,1008.77
4425,398.16,27.81,27.44,44.88,1008.77
4426,398.25,27.81,27.44,44.88,1008.77
4427,398.34,27.81,27.44,44.89,1008.77
4428,398.43,27.81,27.45,44.92,1008.77
4429,398.52,27.81,27.45,44.90,1008.77
4430,398.61,27.81,27.46,44.88,1008.77
4431,398.70,27.81,27.46,44.89,1008.77
4432,398.79,27.81,27.47,44.89,1008.76
4433,398.88,27.81,27.46,44.88,1008.77
4434,398.97,27.81,27.46,44.90,1008.76
4435,399.06,27.81,27.46,44.90,1008.76
4436,399.15,27.81,27.47,44.90,1008.76
4437,399.24,27.81,27.47,44.91,1008.77
4438,399.33,27.81,27.48,44.89,1008.77
4439,399.42,27.81,27.48,44.91,1008.77
4440,399.51,27.81,27.47,44.91,1008.77
4441,399.60,27.81,27.46,44.92,1008.77
4442,399.69,27.81,27.46,44.91,1008.78
4443,399.78,27.81,27.47,44.89,1008.77
4444,399.87,27.81,27.48,44.87,1008.77
4445,399.96,27.81,27.48,44.87,1008.78
4446,400.05,27.81,27.49,44.87,1008.77
4447,400.14,27.81,27.54,44.86,1008.77
4448,400.23,27.81,27.50,44.88,1008.77
4449,400.32,27.81,27.51,44.89,1008.78
4450,400.41,27.81,27.51,44.87,1008.78
4451,400.50,27.81,27.51,44.85,1008.78
4452,400.59,27.81,27.51,44.86,1008.78
4453,400.68,27.81,27.51,44.85,1008.77
4454,400.77,27.81,27.51,44.84,1008.78
4455,400.86,27.81,27.51,44.84,1008.77
4456,400.95,27.81,27.51,44.83,1008.77
4457,401.04,27.81,27.52,44.82,1008.77
4458,401.13,27.81,27.53,44.83,1008.77
4459,401.22,27.81,27.52,44.82,1008.77
4460,401.31,27.81,27.52,44.84,1008.77
4461,401.40,27.81,27.53,44.82,1008.77
4462,401.49,27.81,27.53,44.84,1008.76
4463,401.58,27.81,27.53,44.86,1008.76
4464,401.67,27.81,27.53,44.86,1008.75
4465,401.76,27.81,27.54,44.83,1008.75
4466,401.85,27.81,27.53,44.82,1008.75
4467,401.94,27.81,27.53,44.82,1008.75
4468,402.03,27.81,27.52,44.83,1008.75
4469,402.12,27.81,27.52,44.83,1008.75
4470,402.21,27.81,27.51,44.83,1008.75
4471,402.30,27.81,27.51,44.81,1008.75
4472,402.39,27.81,27.51,44.82,1008.75
4473,402.48,27.81,27.52,44.83,1008.74
4474,402.57,27.81,27.51,44.84,1008.74
4475,402.66,27.81,27.50,44.85,1008.74
4476,402.75,27.81,27.50,44.85,1008.73
4477,402.84,27.81,27.50,44.86,1008.74
4478,402.93,27.81,27.48,44.85,1008.73
4479,403.02,27.81,27.48,44.86,1008.74
4480,403.11,27.81,27.48,44.87,1008.74
4481,403.20,27.81,27.48,44.88,1008.74
4482,403.29,27.81,27.48,44.89,1008.74
4483,403.38,27.81,27.47,44.89,1008.74
4484,403.47,27.81,27.47,44.89,1008.74
4485,403.56,27.81,27.47,44.89,1008.74
4486,403.65,27.81,27.47,44.89,1008.74
4487,403.74,27.81,27.47,44.91,1008.74
4488,403.83,27.81,27.47,44.91,1008.74
4489,403.92,27.81,27.47,44.89,1008.75
4490,404.01,27.81,27.48,44.89,1008.74
4491,404.10,27.81,27.47,44.92,1008.74
4492,404.19,27.81,27.47,44.93,1008.74
4493,404.28,27.81,27.46,44.94,1008.75
4494,404.37,27.81,27.46,44.95,1008.74
4495,404.46,27.81,27.46,44.94,1008.74
4496,404.55,27.81,27.47,44.93,1008.75
4497,404.64,27.81,27.47,44.93,1008.75
4498,404.73,27.81,27.48,44.91,1008.75
4499,404.82,27.81,27.47,44.92,1008.75
4500,404.91,27.81,27.46,44.92,1008.75
4501,405.00,27.81,27.45,44.90,1008.75
4502,405.09,27.81,27.46,44.90,1008.75
4503,405.18,27.81,27.47,44.90,1008.75
4504,405.27,27.81,27.48,44.90,1008.75
4505,405.36,27.81,27.48,44.89,1008.75
4506,405.45,27.81,27.47,44.88,1008.75
4507,405.54,27.81,27.46,44.87,1008.75
4508,405.63,27.81,27.45,44.86,1008.75
4509,405.72,27.81,27.46,44.87,1008.75
4510,405.81,27.81,27.46,44.87,1008.75
4511,405.90,27.81,27.45,44.89,1008.76
4512,405.99,27.81,27.45,44.88,1008.76
4513,406.08,27.81,27.45,44.87,1008.75
4514,406.17,27.81,27.44,44.85,1008.76
4515,406.26,27.81,27.45,44.83,1008.75
4516,406.35,27.81,27.45,44.83,1008.76
4517,406.44,27.81,27.45,44.83,1008.76
4518,406.53,27.81,27.45,44.82,1008.76
4519,406.62,27.81,27.45,44.81,1008.76
4520,406.71,27.81,27.45,44.81,1008.76
4521,406.80,27.81,27.45,44.80,1008.76
4522,406.89,27.81,27.45,44.80,1008.75
4523,406.98,27.81,27.46,44.79,1008.76
4524,407.07,27.81,27.46,44.78,1008.76
4525,407.16,27.81,27.47,44.77,1008.76
4526,407.25,27.81,27.47,44.79,1008.77
4527,407.34,27.81,27.47,44.79,1008.77
4528,407.43,27.81,27.46,44.80,1008.77
4529,407.52,27.81,27.46,44.80,1008.77
4530,407.61,27.81,27.47,44.81,1008.78
4531,407.70,27.81,27.47,44.81,1008.78
4532,407.79,27.81,27.48,44.82,1008.78
4533,407.88,27.81,27.48,44.82,1008.79
4534,407.97,27.81,27.47,44.83,1008.79
4535,408.06,27.81,27.47,44.84,1008.79
4536,408.15,27.81,27.47,44.86,1008.79
4537,408.24,27.81,27.48,44.85,1008.80
4538,408.33,27.81,27.49,44.85,1008.80
4539,408.42,27.81,27.49,44.84,1008.80
4540,408.51,27.81,27.49,44.86,1008.80
4541,408.60,27.81,27.50,44.87,1008.80
4542,408.69,27.81,27.49,44.88,1008.80
4543,408.78,27.81,27.49,44.91,1008.79
4544,408.87,27.81,27.50,44.91,1008.79
4545,408.96,27.81,27.49,44.91,1008.78
4546,409.05,27.81,27.50,44.92,1008.78
4547,409.14,27.81,27.49,44.93,1008.77
4548,409.23,27.81,27.49,44.95,1008.77
4549,409.32,27.81,27.49,44.94,1008.77
4550,409.41,27.81,27.49,44.96,1008.77
4551,409.50,27.81,27.49,44.96,1008.77
4552,409.59,27.81,27.50,44.95,1008.76
4553,409.68,27.81,27.50,44.96,1008.76
4554,409.77,27.81,27.50,44.94,1008.76
4555,409.86,27.81,27.49,44.93,1008.75
4556,409.95,27.81,27.49,44.93,1008.75
4557,410.04,27.81,27.49,44.92,1008.75
4558,410.13,27.81,27.49,44.93,1008.75
4559,410.22,27.81,27.48,44.92,1008.75
4560,410.31,27.81,27.49,44.91,1008.74
4561,410.40,27.81,27.49,44.89,1008.74
4562,410.49,27.81,27.49,44.90,1008.74
4563,410.58,27.81,27.49,44.88,1008.74
4564,410.67,27.81,27.49,44.89,1008.74
4565,410.76,27.81,27.49,44.89,1008.75
4566,410.85,27.81,27.49,44.90,1008.75
4567,410.94,27.81,27.49,44.88,1008.74
4568,411.03,27.81,27.48,44.88,1008.74
4569,411.12,27.81,27.49,44.88,1008.74
4570,411.21,27.81,27.49,44.88,1008.74
4571,411.30,27.81,27.49,44.88,1008.74
4572,411.39,27.81,27.49,44.90,1008.74
4573,411.48,27.81,27.49,44.88,1008.75
4574,411.57,27.81,27.48,44.88,1008.75
4575,411.66,27.81,27.48,44.88,1008.75
4576,411.75,27.81,27.48,44.86,1008.75
4577,411.84,27.81,27.47,44.86,1008.76
4578,411.93,27.81,27.48,44.84,1008.76
4579,412.02,27.81,27.48,44.82,1008.76
4580,412.11,27.81,27.48,44.82,1008.76
4581,412.20,27.81,27.48,44.83,1008.77
4582,412.29,27.81,27.48,44.83,1008.77
4583,412.38,27.81,27.48,44.84,1008.77
4584,412.47,27.81,27.48,44.83,1008.77
4585,412.56,27.81,27.47,44.81,1008.77
4586,412.65,27.81,27.48,44.82,1008.77
4587,412.74,27.81,27.48,44.80,1008.77
4588,412.83,27.81,27.49,44.78,1008.78
4589,412.92,27.81,27.50,44.79,1008.77
4590,413.01,27.81,27.50,44.78,1008.77
4591,413.10,27.81,27.50,44.79,1008.78
4592,413.19,27.81,27.51,44.80,1008.78
4593,413.28,27.81,27.50,44.81,1008.78
4594,413.37,27.81,27.50,44.81,1008.78
4595,413.46,27.81,27.50,44.80,1008.78
4596,413.55,27.81,27.49,44.79,1008.78
4597,413.64,27.81,27.50,44.78,1008.78
4598,413.73,27.81,27.50,44.78,1008.78
4599,413.82,27.81,27.50,44.80,1008.78
4600,413.91,27.81,27.50,44.81,1008.78
4601,414.00,27.81,27.50,44.82,1008.78
4602,414.09,27.81,27.50,44.84,1008.78
4603,414.18,27.81,27.51,44.83,1008.78
4604,414.27,27.81,27.51,44.83,1008.77
4605,414.36,27.81,27.51,44.83,1008.77
4606,414.45,27.81,27.50,44.84,1008.77
4607,414.54,27.81,27.50,44.84,1008.77
4608,414.63,27.81,27.50,44.84,1008.77
4609,414.72,27.81,27.50,44.84,1008.77
4610,414.81,27.81,27.50,44.84,1008.76
4611,414.90,27.81,27.50,44.85,1008.77
4612,414.99,27.81,27.49,44.85,1008.77
4613,415.08,27.81,27.49,44.83,1008.76
4614,415.17,27.81,27.49,44.82,1008.77
4615,415.26,27.81,27.48,44.82,1008.77
4616,415.35,27.81,27.49,44.81,1008.77
4617,415.44,27.81,27.49,44.80,1008.76
4618,415.53,27.81,27.49,44.79,1008.77
4619,415.62,27.81,27.49,44.80,1008.77
4620,415.71,27.81,27.49,44.81,1008.77
4621,415.80,27.81,27.49,44.79,1008.77
4622,415.89,27.81,27.50,44.81,1008.77
4623,415.98,27.81,27.50,44.80,1008.77
4624,416.07,27.81,27.50,44.79,1008.77
4625,416.16,27.81,27.50,44.79,1008.78
4626,416.25,27.81,27.50,44.80,1008.78
4627,416.34,27.81,27.49,44.82,1008.78
4628,416.43,27.81,27.49,44.81,1008.78
4629,416.52,27.81,27.48,44.80,1008.78
4630,416.61,27.81,27.48,44.82,1008.78
4631,416.70,27.81,27.48,44.82,1008.77
4632,416.79,27.81,27.38,44.80,1008.77
4633,416.88,27.81,27.49,44.81,1008.77
4634,416.97,27.81,27.47,44.78,1008.77
4635,417.06,27.81,27.48,44.80,1008.77
4636,417.15,27.81,27.48,44.80,1008.77
4637,417.24,27.81,27.48,44.82,1008.77
4638,417.33,27.81,27.49,44.81,1008.77
4639,417.42,27.81,27.49,44.82,1008.77
4640,417.51,27.81,27.48,44.83,1008.76
4641,417.60,27.81,27.48,44.81,1008.76
4642,417.69,27.81,27.48,44.81,1008.76
4643,417.78,27.81,27.50,44.81,1008.76
4644,417.87,27.81,27.49,44.81,1008.75
4645,417.96,27.81,27.49,44.83,1008.75
4646,418.05,27.81,27.49,44.82,1008.75
4647,418.14,27.81,27.49,44.82,1008.75
4648,418.23,27.81,27.49,44.82,1008.75
4649,418.32,27.81,27.49,44.79,1008.74
4650,418.41,27.81,27.49,44.79,1008.75
4651,418.50,27.81,27.49,44.78,1008.75
4652,418.59,27.81,27.49,44.77,1008.75
4653,418.68,27.81,27.49,44.78,1008.75
4654,418.77,27.81,27.49,44.77,1008.75
4655,418.86,27.81,27.50,44.79,1008.74
4656,418.95,27.81,27.50,44.82,1008.74
4657,419.04,27.81,27.50,44.83,1008.74
4658,419.13,27.81,27.50,44.80,1008.75
4659,419.22,27.81,27.50,44.82,1008.74
4660,419.31,27.81,27.50,44.82,1008.74
4661,419.40,27.81,27.50,44.82,1008.75
4662,419.49,27.81,27.50,44.82,1008.75
4663,419.58,27.81,27.50,44.80,1008.75
4664,419.67,27.81,27.50,44.80,1008.75
4665,419.76,27.81,27.50,44.80,1008.75
4666,419.85,27.81,27.50,44.82,1008.75
4667,419.94,27.81,27.50,44.83,1008.75
4668,420.03,27.81,27.50,44.82,1008.75
4669,420.12,27.81,27.51,44.82,1008.76
4670,420.21,27.81,27.50,44.84,1008.76
4671,420.30,27.81,27.49,44.82,1008.76
4672,420.39,27.81,27.50,44.82,1008.76
4673,420.48,27.81,27.49,44.79,1008.77
4674,420.57,27.81,27.50,44.80,1008.77
4675,420.66,27.81,27.50,44.80,1008.77
4676,420.75,27.81,27.49,44.80,1008.77
4677,420.84,27.81,27.49,44.79,1008.77
4678,420.93,27.81,27.49,44.78,1008.77
4679,421.02,27.81,27.49,44.78,1008.77
4680,421.11,27.81,27.50,44.77,1008.77
4681,421.20,27.81,27.50,44.77,1008.78
4682,421.29,27.81,27.49,44.76,1008.79
4683,421.38,27.81,27.49,44.75,1008.78
4684,421.47,27.81,27.48,44.75,1008.78
4685,421.56,27.81,27.48,44.74,1008.78
4686,421.65,27.81,27.47,44.73,1008.78
4687,421.74,27.81,27.48,44.73,1008.78
4688,421.83,27.81,27.47,44.72,1008.78
4689,421.92,27.81,27.48,44.73,1008.78
4690,422.01,27.81,27.49,44.73,1008.78
4691,422.10,27.81,27.49,44.73,1008.78
4692,422.19,27.81,27.49,44.74,1008.78
4693,422.28,27.81,27.49,44.73,1008.78
4694,422.37,27.81,27.49,44.73,1008.78
4695,422.46,27.81,27.49,44.71,1008.78
4696,422.55,27.81,27.48,44.67,1008.78
4697,422.64,27.81,27.48,44.66,1008.78
4698,422.73,27.81,27.48,44.66,1008.78
4699,422.82,27.81,27.49,44.65,1008.78
4700,422.91,27.81,27.47,44.64,1008.78
4701,423.00,27.81,27.49,44.63,1008.78
4702,423.09,27.81,27.49,44.63,1008.77
4703,423.18,27.81,27.48,44.64,1008.77
4704,423.27,27.81,27.49,44.64,1008.77
4705,423.36,27.81,27.49,44.65,1008.77
4706,423.45,27.81,27.49,44.66,1008.77
4707,423.54,27.81,27.49,44.67,1008.77
4708,423.63,27.81,27.49,44.69,1008.77
4709,423.72,27.81,27.50,44.69,1008.76
4710,423.81,27.81,27.50,44.69,1008.77
4711,423.90,27.81,27.51,44.70,1008.76
4712,423.99,27.81,27.50,44.69,1008.76
4713,424.08,27.81,27.50,44.70,1008.76
4714,424.17,27.81,27.50,44.68,1008.77
4715,424.26,27.81,27.50,44.69,1008.76
4716,424.35,27.81,27.49,44.70,1008.76
4717,424.44,27.81,27.49,44.70,1008.76
4718,424.53,27.81,27.49,44.69,1008.76
4719,424.62,27.81,27.49,44.70,1008.76
4720,424.71,27.81,27.50,44.70,1008.75
4721,424.80,27.81,27.50,44.69,1008.75
4722,424.89,27.81,27.49,44.68,1008.75
4723,424.98,27.81,27.49,44.69,1008.75
4724,425.07,27.81,27.49,44.71,1008.75
4725,425.16,27.81,27.50,44.72,1008.74
4726,425.25,27.81,27.50,44.73,1008.74
4727,425.34,27.81,27.50,44.74,1008.74
4728,425.43,27.81,27.50,44.74,1008.74
4729,425.52,27.81,27.51,44.73,1008.74
4730,425.61,27.81,27.51,44.75,1008.74
4731,425.70,27.81,27.52,44.74,1008.74
4732,425.79,27.81,27.53,44.76,1008.74
4733,425.88,27.81,27.53,44.75,1008.74
4734,425.97,27.81,27.53,44.74,1008.73
4735,426.06,27.81,27.53,44.76,1008.73
4736,426.15,27.81,27.54,44.75,1008.73
4737,426.24,27.81,27.54,44.75,1008.74
4738,426.33,27.81,27.54,44.76,1008.73
4739,426.42,27.81,27.54,44.77,1008.73
4740,426.51,27.81,27.54,44.76,1008.73
4741,426.60,27.81,27.54,44.74,1008.72
4742,426.69,27.81,27.54,44.76,1008.73
4743,426.78,27.81,27.53,44.76,1008.72
4744,426.87,27.81,27.53,44.76,1008.73
4745,426.96,27.81,27.54,44.75,1008.73
4746,427.05,27.81,27.53,44.74,1008.73
4747,427.14,27.81,27.53,44.74,1008.73
4748,427.23,27.81,27.53,44.71,1008.73
4749,427.32,27.81,27.54,44.72,1008.73
4750,427.41,27.81,27.54,44.73,1008.73
4751,427.50,27.81,27.54,44.73,1008.74
4752,427.59,27.81,27.53,44.74,1008.74
4753,427.68,27.81,27.53,44.75,1008.74
4754,427.77,27.81,27.54,44.75,1008.75
4755,427.86,27.81,27.53,44.75,1008.75
4756,427.95,27.81,27.52,44.77,1008.75
4757,428.04,27.81,27.53,44.77,1008.75
4758,428.13,27.81,27.53,44.77,1008.75
4759,428.22,27.81,27.53,44.77,1008.75
4760,428.31,27.81,27.53,44.78,1008.76
4761,428.40,27.81,27.53,44.76,1008.76
4762,428.49,27.81,27.53,44.75,1008.76
4763,428.58,27.81,27.52,44.75,1008.77
4764,428.67,27.81,27.52,44.76,1008.77
4765,428.76,27.81,27.52,44.77,1008.77
4766,428.85,27.81,27.52,44.76,1008.77
4767,428.94,27.81,27.52,44.75,1008.78
4768,429.03,27.81,27.52,44.75,1008.78
4769,429.12,27.81,27.52,44.73,1008.78
4770,429.21,27.81,27.53,44.73,1008.78
4771,429.30,27.81,27.52,44.72,1008.78
4772,429.39,27.81,27.53,44.71,1008.78
4773,429.48,27.81,27.52,44.73,1008.78
4774,429.57,27.81,27.51,44.71,1008.78
4775,429.66,27.81,27.51,44.71,1008.78
4776,429.75,27.81,27.51,44.71,1008.78
4777,429.84,27.81,27.51,44.70,1008.78
4778,429.93,27.81,27.52,44.67,1008.78
4779,430.02,27.81,27.52,44.68,1008.78
4780,430.11,27.81,27.52,44.68,1008.78
4781,430.20,27.81,27.51,44.68,1008.78
4782,430.29,27.81,27.51,44.70,1008.77
4783,430.38,27.81,27.51,44.70,1008.77
4784,430.47,27.81,27.51,44.69,1008.77
4785,430.56,27.81,27.51,44.69,1008.77
4786,430.65,27.81,27.52,44.68,1008.76
4787,430.74,27.81,27.52,44.70,1008.77
4788,430.83,27.81,27.53,44.71,1008.77
4789,430.92,27.81,27.54,44.70,1008.77
4790,431.01,27.81,27.53,44.71,1008.77
4791,431.10,27.81,27.53,44.72,1008.76
4792,431.19,27.81,27.53,44.72,1008.76
4793,431.28,27.81,27.52,44.72,1008.76
4794,431.37,27.81,27.52,44.71,1008.76
4795,431.46,27.81,27.53,44.74,1008.76
4796,431.55,27.81,27.52,44.75,1008.76
4797,431.64,27.81,27.53,44.73,1008.76
4798,431.73,27.81,27.53,44.70,1008.76
4799,431.82,27.81,27.53,44.71,1008.76
4800,431.91,27.81,27.52,44.70,1008.75
4801,432.00,27.81,27.52,44.71,1008.75
4802,432.09,27.81,27.51,44.70,1008.75
4803,432.18,27.81,27.51,44.70,1008.76
4804,432.27,27.81,27.51,44.70,1008.76
4805,432.36,27.81,27.51,44.68,1008.76
4806,432.45,27.81,27.52,44.69,1008.76
4807,432.54,27.81,27.51,44.71,1008.76
4808,432.63,27.81,27.51,44.71,1008.75
4809,432.72,27.81,27.51,44.70,1008.75
4810,432.81,27.81,27.51,44.68,1008.75
4811,432.90,27.81,27.50,44.69,1008.76
4812,432.99,27.81,27.51,44.70,1008.76
4813,433.08,27.81,27.51,44.72,1008.76
4814,433.17,27.81,27.52,44.71,1008.76
4815,433.26,27.81,27.52,44.71,1008.77
4816,433.35,27.81,27.53,44.71,1008.77
4817,433.44,27.81,27.53,44.73,1008.76
4818,433.53,27.81,27.52,44.73,1008.76
4819,433.62,27.81,27.52,44.74,1008.76
4820,433.71,27.81,27.52,44.72,1008.76
4821,433.80,27.81,27.52,44.73,1008.76
4822,433.89,27.81,27.52,44.72,1008.76
4823,433.98,27.81,27.52,44.72,1008.76
4824,434.07,27.81,27.51,44.71,1008.76
4825,434.16,27.81,27.52,44.71,1008.76
4826,434.25,27.81,27.52,44.69,1008.76
4827,434.34,27.81,27.51,44.68,1008.75
4828,434.43,27.81,27.51,44.67,1008.75
4829,434.52,27.81,27.51,44.66,1008.76
4830,434.61,27.81,27.51,44.67,1008.76
4831,434.70,27.81,27.51,44.66,1008.76
4832,434.79,27.81,27.51,44.66,1008.76
4833,434.88,27.81,27.51,44.67,1008.75
4834,434.97,27.81,27.52,44.65,1008.75
4835,435.06,27.81,27.51,44.66,1008.75
4836,435.15,27.81,27.51,44.62,1008.76
4837,435.24,27.81,27.50,44.64,1008.76
4838,435.33,27.81,27.50,44.64,1008.76
4839,435.42,27.81,27.50,44.62,1008.76
4840,435.51,27.81,27.50,44.64,1008.76
4841,435.60,27.81,27.50,44.62,1008.76
4842,435.69,27.81,27.50,44.59,1008.76
4843,435.78,27.81,27.51,44.61,1008.76
4844,435.87,27.81,27.50,44.59,1008.76
4845,435.96,27.81,27.50,44.61,1008.77
4846,436.05,27.81,27.49,44.61,1008.77
4847,436.14,27.81,27.50,44.61,1008.77
4848,436.23,27.81,27.51,44.58,1008.77
4849,436.32,27.81,27.51,44.58,1008.77
4850,436.41,27.81,27.52,44.59,1008.77
4851,436.50,27.81,27.53,44.57,1008.78
4852,436.59,27.81,27.53,44.57,1008.79
4853,436.68,27.81,27.53,44.58,1008.78
4854,436.77,27.81,27.53,44.59,1008.79
4855,436.86,27.81,27.52,44.58,1008.79
4856,436.95,27.81,27.52,44.57,1008.79
4857,437.04,27.81,27.52,44.56,1008.79
4858,437.13,27.81,27.52,44.58,1008.79
4859,437.22,27.82,27.53,44.60,1008.79
4860,437.31,27.83,27.54,44.62,1008.79
4861,437.40,27.83,27.54,44.62,1008.79
4862,437.49,27.83,27.55,44.63,1008.79
4863,437.58,27.83,27.55,44.65,1008.79
4864,437.67,27.84,27.56,44.67,1008.79
4865,437.76,27.84,27.55,44.69,1008.79
4866,437.85,27.84,27.56,44.68,1008.79
4867,437.94,27.85,27.56,44.68,1008.79
4868,438.03,27.85,27.56,44.69,1008.79
4869,438.12,27.85,27.56,44.66,1008.78
4870,438.21,27.85,27.56,44.66,1008.78
4871,438.30,27.85,27.56,44.64,1008.79
4872,438.39,27.85,27.56,44.63,1008.79
4873,438.48,27.85,27.55,44.62,1008.78
4874,438.57,27.85,27.55,44.62,1008.78
4875,438.66,27.85,27.55,44.62,1008.79
4876,438.75,27.85,27.55,44.60,1008.78
4877,438.84,27.85,27.55,44.60,1008.78
4878,438.93,27.85,27.55,44.59,1008.77
4879,439.02,27.84,27.54,44.59,1008.78
4880,439.11,27.85,27.54,44.57,1008.77
4881,439.20,27.84,27.53,44.57,1008.77
4882,439.29,27.84,27.52,44.59,1008.77
4883,439.38,27.84,27.52,44.58,1008.77
4884,439.47,27.84,27.52,44.58,1008.77
4885,439.56,27.84,27.51,44.59,1008.77
4886,439.65,27.84,27.52,44.59,1008.77
4887,439.74,27.84,27.52,44.59,1008.76
4888,439.83,27.84,27.53,44.61,1008.76
4889,439.92,27.83,27.53,44.60,1008.76
4890,440.01,27.83,27.52,44.61,1008.76
4891,440.10,27.83,27.53,44.60,1008.76
4892,440.19,27.83,27.53,44.61,1008.76
4893,440.28,27.83,27.54,44.63,1008.76
4894,440.37,27.82,27.54,44.62,1008.76
4895,440.46,27.82,27.53,44.62,1008.75
4896,440.55,27.82,27.53,44.61,1008.75
4897,440.64,27.82,27.54,44.62,1008.75
4898,440.73,27.81,27.54,44.62,1008.75
4899,440.82,27.81,27.54,44.62,1008.75
4900,440.91,27.81,27.53,44.60,1008.75
4901,441.00,27.81,27.52,44.61,1008.75
4902,441.09,27.81,27.52,44.62,1008.75
4903,441.18,27.81,27.53,44.63,1008.76
4904,441.27,27.81,27.52,44.62,1008.76
4905,441.36,27.81,27.53,44.63,1008.76
4906,441.45,27.81,27.54,44.63,1008.76
4907,441.54,27.81,27.54,44.64,1008.75
4908,441.63,27.81,27.54,44.65,1008.75
4909,441.72,27.81,27.54,44.63,1008.75
4910,441.81,27.81,27.53,44.62,1008.75
4911,441.90,27.81,27.54,44.64,1008.75
4912,441.99,27.81,27.54,44.65,1008.76
4913,442.08,27.81,27.55,44.63,1008.75
4914,442.17,27.81,27.54,44.63,1008.76
4915,442.26,27.81,27.55,44.62,1008.75
4916,442.35,27.81,27.54,44.60,1008.76
4917,442.44,27.81,27.53,44.61,1008.76
4918,442.53,27.81,27.53,44.61,1008.76
4919,442.62,27.81,27.53,44.62,1008.76
4920,442.71,27.81,27.53,44.61,1008.75
4921,442.80,27.81,27.53,44.62,1008.75
4922,442.89,27.81,27.52,44.62,1008.75
4923,442.98,27.81,27.52,44.63,1008.75
4924,443.07,27.81,27.51,44.64,1008.75
4925,443.16,27.81,27.52,44.61,1008.75
4926,443.25,27.81,27.53,44.58,1008.75
4927,443.34,27.81,27.53,44.59,1008.75
4928,443.43,27.81,27.53,44.57,1008.75
4929,443.52,27.81,27.53,44.58,1008.76
4930,443.61,27.81,27.54,44.57,1008.76
4931,443.70,27.81,27.54,44.56,1008.76
4932,443.79,27.81,27.54,44.57,1008.76
4933,443.88,27.81,27.53,44.55,1008.76
4934,443.97,27.81,27.53,44.56,1008.77
4935,444.06,27.81,27.53,44.57,1008.77
4936,444.15,27.81,27.53,44.54,1008.77
4937,444.24,27.81,27.53,44.54,1008.78
4938,444.33,27.81,27.53,44.54,1008.78
4939,444.42,27.81,27.52,44.55,1008.78
4940,444.51,27.89,27.53,44.55,1008.78
4941,444.60,27.81,27.53,44.55,1008.78
4942,444.69,27.81,27.53,44.55,1008.78
4943,444.78,27.81,27.53,44.55,1008.79
4944,444.87,27.81,27.53,44.52,1008.79
4945,444.96,27.81,27.53,44.52,1008.79
4946,445.05,27.81,27.53,44.51,1008.79
4947,445.14,27.81,27.53,44.50,1008.79
4948,445.23,27.81,27.53,44.50,1008.79
4949,445.32,27.81,27.53,44.48,1008.79
4950,445.41,27.81,27.53,44.47,1008.79
4951,445.50,27.81,27.53,44.45,1008.79
4952,445.59,27.81,27.53,44.45,1008.79
4953,445.68,27.81,27.53,44.45,1008.79
4954,445.77,27.81,27.53,44.44,1008.78
4955,445.86,27.81,27.53,44.46,1008.78
4956,445.95,27.81,27.53,44.46,1008.78
4957,446.04,27.81,27.54,44.45,1008.78
4958,446.13,27.81,27.54,44.47,1008.78
4959,446.22,27.81,27.55,44.46,1008.78
4960,446.31,27.81,27.55,44.48,1008.78
4961,446.40,27.81,27.56,44.45,1008.77
4962,446.49,27.81,27.57,44.45,1008.77
4963,446.58,27.81,27.56,44.41,1008.77
4964,446.67,27.81,27.56,44.41,1008.77
4965,446.76,27.81,27.57,44.42,1008.76
4966,446.85,27.81,27.56,44.43,1008.76
4967,446.94,27.81,27.56,44.45,1008.76
4968,447.03,27.81,27.56,44.46,1008.76
4969,447.12,27.81,27.56,44.46,1008.76
4970,447.21,27.81,27.57,44.48,1008.76
4971,447.30,27.81,27.58,44.51,1008.75
4972,447.39,27.81,27.59,44.51,1008.75
4973,447.48,27.81,27.59,44.52,1008.75
4974,447.57,27.81,27.59,44.52,1008.75
4975,447.66,27.81,27.59,44.51,1008.75
4976,447.75,27.81,27.59,44.50,1008.75
4977,447.84,27.81,27.58,44.48,1008.74
4978,447.93,27.81,27.58,44.46,1008.75
4979,448.02,27.81,27.57,44.47,1008.74
4980,448.11,27.81,27.57,44.44,1008.74
4981,448.20,27.81,27.57,44.43,1008.74
4982,448.29,27.81,27.56,44.42,1008.74
4983,448.38,27.81,27.57,44.42,1008.73
4984,448.47,27.81,27.58,44.42,1008.73
4985,448.56,27.81,27.58,44.41,1008.73
4986,448.65,27.81,27.59,44.39,1008.74
4987,448.74,27.81,27.59,44.38,1008.74
4988,448.83,27.81,27.60,44.37,1008.73
4989,448.92,27.81,27.60,44.38,1008.74
4990,449.01,27.81,27.59,44.37,1008.74
4991,449.10,27.81,27.59,44.35,1008.74
4992,449.19,27.81,27.58,44.34,1008.74
4993,449.28,27.81,27.58,44.32,1008.75
4994,449.37,27.81,27.57,44.31,1008.75
4995,449.46,27.81,27.56,44.32,1008.75
4996,449.55,27.81,27.56,44.33,1008.75
4997,449.64,27.81,27.57,44.31,1008.76
4998,449.73,27.81,27.57,44.30,1008.75
4999,449.82,27.81,27.58,44.31,1008.75
5000,449.91,27.81,27.58,44.32,1008.75
5001,450.00,27.81,27.57,44.33,1008.75
5002,450.09,27.81,27.57,44.34,1008.75
5003,450.18,27.81,27.57,44.33,1008.76
5004,450.27,27.81,27.57,44.31,1008.76
5005,450.36,27.81,27.56,44.31,1008.76
5006,450.45,27.81,27.56,44.30,1008.76
5007,450.54,27.81,27.56,44.29,1008.76
5008,450.63,27.81,27.56,44.30,1008.75
5009,450.72,27.81,27.56,44.31,1008.75
5010,450.81,27.81,27.55,44.32,1008.76
5011,450.90,27.81,27.56,44.32,1008.76
5012,450.99,27.81,27.56,44.33,1008.76
5013,451.08,27.81,27.56,44.32,1008.76
5014,451.17,27.81,27.57,44.33,1008.76
5015,451.26,27.81,27.57,44.34,1008.76
5016,451.35,27.81,27.59,44.34,1008.76
5017,451.44,27.81,27.59,44.34,1008.76
5018,451.53,27.81,27.60,44.33,1008.76
5019,451.62,27.81,27.59,44.32,1008.76
5020,451.71,27.81,27.59,44.33,1008.76
5021,451.80,27.81,27.59,44.31,1008.76
5022,451.89,27.81,27.58,44.33,1008.75
5023,451.98,27.81,27.59,44.34,1008.75
5024,452.07,27.81,27.59,44.33,1008.75
5025,452.16,27.81,27.58,44.33,1008.76
5026,452.25,27.81,27.59,44.35,1008.75
5027,452.34,27.81,27.58,44.36,1008.76
5028,452.43,27.81,27.58,44.36,1008.76
5029,452.52,27.81,27.57,44.34,1008.76
5030,452.61,27.81,27.57,44.34,1008.76
5031,452.70,27.81,27.56,44.34,1008.76
5032,452.79,27.81,27.56,44.34,1008.76
5033,452.88,27.81,27.55,44.34,1008.76
5034,452.97,27.81,27.55,44.32,1008.76
5035,453.06,27.81,27.55,44.33,1008.76
5036,453.15,27.81,27.56,44.34,1008.76
5037,453.24,27.81,27.55,44.31,1008.76
5038,453.33,27.81,27.54,44.32,1008.76
5039,453.42,27.81,27.55,44.34,1008.76
5040,453.51,27.81,27.55,44.36,1008.77
5041,453.60,27.81,27.56,44.38,1008.77
5042,453.69,27.81,27.57,44.36,1008.77
5043,453.78,27.81,27.57,44.36,1008.77
5044,453.87,27.81,27.57,44.36,1008.77
5045,453.96,27.81,27.56,44.35,1008.77
5046,454.05,27.81,27.56,44.34,1008.77
5047,454.14,27.81,27.56,44.33,1008.77
5048,454.23,27.81,27.56,44.33,1008.77
5049,454.32,27.81,27.55,44.34,1008.77
5050,454.41,27.81,27.56,44.33,1008.77
5051,454.50,27.81,27.56,44.33,1008.77
5052,454.59,27.81,27.56,44.32,1008.77
5053,454.68,27.81,27.55,44.34,1008.77
5054,454.77,27.81,27.55,44.35,1008.76
5055,454.86,27.81,27.54,44.37,1008.76
5056,454.95,27.81,27.54,44.37,1008.76
5057,455.04,27.81,27.54,44.35,1008.76
5058,455.13,27.81,27.54,44.33,1008.77
5059,455.22,27.81,27.54,44.33,1008.77
5060,455.31,27.81,27.54,44.33,1008.76
5061,455.40,27.81,27.54,44.32,1008.76
5062,455.49,27.81,27.53,44.32,1008.76
5063,455.58,27.81,27.53,44.31,1008.76
5064,455.67,27.81,27.54,44.31,1008.76
5065,455.76,27.81,27.54,44.29,1008.76
5066,455.85,27.81,27.54,44.30,1008.75
5067,455.94,27.81,27.55,44.30,1008.76
5068,456.03,27.81,27.55,44.32,1008.76
5069,456.12,27.81,27.55,44.31,1008.76
5070,456.21,27.81,27.54,44.31,1008.75
5071,456.30,27.81,27.55,44.31,1008.75
5072,456.39,27.81,27.55,44.31,1008.75
5073,456.48,27.81,27.54,44.32,1008.75
5074,456.57,27.81,27.55,44.33,1008.76
5075,456.66,27.81,27.55,44.31,1008.75
5076,456.75,27.81,27.54,44.32,1008.75
5077,456.84,27.81,27.55,44.32,1008.75
5078,456.93,27.81,27.56,44.34,1008.75
5079,457.02,27.81,27.55,44.35,1008.75
5080,457.11,27.81,27.55,44.34,1008.75
5081,457.20,27.81,27.54,44.33,1008.75
5082,457.29,27.81,27.55,44.32,1008.76
5083,457.38,27.81,27.55,44.33,1008.76
5084,457.47,27.81,27.56,44.35,1008.76
5085,457.56,27.81,27.56,44.36,1008.76
5086,457.65,27.81,27.57,44.36,1008.76
5087,457.74,27.81,27.58,44.37,1008.77
5088,457.83,27.81,27.57,44.36,1008.76
5089,457.92,27.81,27.58,44.36,1008.77
5090,458.01,27.81,27.57,44.35,1008.77
5091,458.10,27.81,27.58,44.35,1008.77
5092,458.19,27.81,27.59,44.36,1008.77
5093,458.28,27.81,27.59,44.37,1008.77
5094,458.37,27.81,27.59,44.37,1008.77
5095,458.46,27.81,27.59,44.38,1008.77
5096,458.55,27.81,27.60,44.38,1008.77
5097,458.64,27.81,27.64,44.35,1008.77
5098,458.73,27.81,27.63,44.36,1008.77
5099,458.82,27.81,27.59,44.35,1008.76
5100,458.91,27.80,27.60,44.37,1008.76
5101,459.00,27.80,27.60,44.35,1008.76
5102,459.09,27.80,27.61,44.36,1008.76
5103,459.18,27.80,27.60,44.36,1008.75
5104,459.27,27.80,27.60,44.34,1008.75
5105,459.36,27.80,27.60,44.34,1008.75
5106,459.45,27.80,27.60,44.35,1008.76
5107,459.54,27.80,27.59,44.35,1008.76
5108,459.63,27.80,27.59,44.33,1008.75
5109,459.72,27.80,27.59,44.34,1008.76
5110,459.81,27.80,27.60,44.35,1008.76
5111,459.90,27.80,27.60,44.36,1008.77
5112,459.99,27.80,27.60,44.36,1008.77
5113,460.08,27.80,27.59,44.34,1008.77
5114,460.17,27.80,27.59,44.35,1008.77
5115,460.26,27.80,27.60,44.34,1008.77
5116,460.35,27.80,27.60,44.33,1008.77
5117,460.44,27.80,27.59,44.37,1008.77
5118,460.53,27.80,27.60,44.37,1008.78
5119,460.62,27.80,27.60,44.35,1008.78
5120,460.71,27.80,27.60,44.35,1008.78
5121,460.80,27.80,27.58,44.36,1008.78
5122,460.89,27.80,27.59,44.35,1008.78
5123,460.98,27.80,27.59,44.34,1008.78
5124,461.07,27.80,27.59,44.35,1008.78
5125,461.16,27.80,27.59,44.33,1008.78
5126,461.25,27.80,27.59,44.34,1008.78
5127,461.34,27.80,27.58,44.33,1008.78
5128,461.43,27.80,27.58,44.31,1008.78
5129,461.52,27.80,27.58,44.30,1008.78
5130,461.61,27.80,27.58,44.29,1008.79
5131,461.70,27.80,27.58,44.30,1008.78
5132,461.79,27.80,27.57,44.30,1008.79
5133,461.88,27.80,27.57,44.30,1008.78
5134,461.97,27.80,27.57,44.28,1008.78
5135,462.06,27.80,27.57,44.27,1008.78
5136,462.15,27.80,27.58,44.27,1008.78
5137,462.24,27.80,27.58,44.27,1008.78
5138,462.33,27.80,27.59,44.27,1008.78
5139,462.42,27.80,27.58,44.25,1008.78
5140,462.51,27.80,27.57,44.22,1008.77
5141,462.60,27.80,27.56,44.22,1008.78
5142,462.69,27.80,27.57,44.20,1008.78
5143,462.78,27.80,27.57,44.17,1008.77
5144,462.87,27.80,27.56,44.16,1008.78
5145,462.96,27.80,27.56,44.15,1008.77
5146,463.05,27.80,27.57,44.14,1008.77
5147,463.14,27.80,27.56,44.11,1008.77
5148,463.23,27.80,27.56,44.10,1008.77
5149,463.32,27.80,27.56,44.09,1008.76
5150,463.41,27.80,27.56,44.09,1008.76
5151,463.50,27.81,27.56,44.09,1008.76
5152,463.59,27.80,27.56,44.10,1008.76
5153,463.68,27.80,27.56,44.12,1008.75
5154,463.77,27.80,27.56,44.13,1008.75
5155,463.86,27.80,27.55,44.13,1008.75
5156,463.95,27.81,27.56,44.16,1008.74
5157,464.04,27.81,27.56,44.17,1008.75
5158,464.13,27.81,27.57,44.18,1008.75
5159,464.22,27.81,27.56,44.20,1008.75
5160,464.31,27.81,27.57,44.20,1008.74
5161,464.40,27.81,27.57,44.21,1008.74
5162,464.49,27.81,27.56,44.24,1008.74
5163,464.58,27.81,27.55,44.25,1008.74
5164,464.67,27.81,27.55,44.24,1008.74
5165,464.76,27.81,27.54,44.25,1008.74
5166,464.85,27.81,27.54,44.26,1008.74
5167,464.94,27.80,27.54,44.26,1008.75
5168,465.03,27.81,27.55,44.27,1008.75
5169,465.12,27.81,27.54,44.27,1008.75
5170,465.21,27.81,27.55,44.28,1008.76
5171,465.30,27.81,27.55,44.29,1008.76
5172,465.39,27.81,27.56,44.28,1008.75
5173,465.48,27.81,27.56,44.28,1008.75
5174,465.57,27.81,27.56,44.25,1008.75
5175,465.66,27.81,27.56,44.25,1008.76
5176,465.75,27.81,27.56,44.26,1008.76
5177,465.84,27.81,27.56,44.26,1008.77
5178,465.93,27.81,27.56,44.27,1008.77
5179,466.02,27.81,27.56,44.27,1008.77
5180,466.11,27.81,27.56,44.28,1008.77
5181,466.20,27.81,27.55,44.27,1008.77
5182,466.29,27.81,27.56,44.28,1008.77
5183,466.38,27.81,27.57,44.29,1008.77
5184,466.47,27.81,27.56,44.30,1008.76
5185,466.56,27.81,27.56,44.29,1008.76
5186,466.65,27.81,27.56,44.30,1008.77
5187,466.74,27.81,27.56,44.30,1008.77
5188,466.83,27.81,27.57,44.31,1008.77
5189,466.92,27.82,27.57,44.29,1008.77
5190,467.01,27.82,27.56,44.31,1008.77
5191,467.10,27.82,27.56,44.30,1008.77
5192,467.19,27.82,27.56,44.30,1008.77
5193,467.28,27.82,27.56,44.31,1008.78
5194,467.37,27.81,27.56,44.32,1008.77
5195,467.46,27.81,27.57,44.31,1008.77
5196,467.55,27.81,27.57,44.31,1008.77
5197,467.64,27.81,27.57,44.32,1008.77
5198,467.73,27.81,27.58,44.32,1008.77
5199,467.82,27.81,27.58,44.32,1008.77
5200,467.91,27.80,27.58,44.32,1008.77
5201,468.00,27.80,27.58,44.34,1008.77
5202,468.09,27.80,27.58,44.35,1008.77
5203,468.18,27.80,27.58,44.33,1008.77
5204,468.27,27.81,27.58,44.33,1008.77
5205,468.36,27.81,27.58,44.34,1008.77
5206,468.45,27.80,27.58,44.37,1008.77
5207,468.54,27.80,27.59,44.36,1008.76
5208,468.63,27.80,27.58,44.37,1008.76
5209,468.72,27.80,27.59,44.39,1008.77
5210,468.81,27.80,27.58,44.38,1008.77
5211,468.90,27.80,27.59,44.38,1008.77
5212,468.99,27.80,27.60,44.38,1008.77
5213,469.08,27.80,27.60,44.41,1008.76
5214,469.17,27.80,27.60,44.40,1008.76
5215,469.26,27.80,27.60,44.41,1008.76
5216,469.35,27.80,27.61,44.40,1008.75
5217,469.44,27.80,27.61,44.40,1008.75
5218,469.53,27.80,27.61,44.39,1008.75
5219,469.62,27.80,27.61,44.40,1008.75
5220,469.71,27.80,27.62,44.42,1008.75
5221,469.80,27.80,27.62,44.42,1008.75
5222,469.89,27.80,27.62,44.41,1008.75
5223,469.98,27.80,27.62,44.40,1008.76
5224,470.07,27.81,27.62,44.39,1008.76
5225,470.16,27.81,27.62,44.38,1008.76
5226,470.25,27.80,27.63,44.37,1008.77
5227,470.34,27.81,27.62,44.36,1008.77
5228,470.43,27.81,27.61,44.34,1008.76
5229,470.52,27.81,27.60,44.35,1008.76
5230,470.61,27.81,27.59,44.36,1008.76
5231,470.70,27.81,27.60,44.36,1008.76
5232,470.79,27.81,27.60,44.34,1008.76
5233,470.88,27.82,27.61,44.36,1008.76
5234,470.97,27.82,27.61,44.38,1008.76
5235,471.06,27.81,27.60,44.38,1008.76
5236,471.15,27.81,27.60,44.38,1008.76
5237,471.24,27.81,27.60,44.39,1008.75
5238,471.33,27.81,27.60,44.38,1008.75
5239,471.42,27.81,27.60,44.39,1008.75
5240,471.51,27.81,27.60,44.40,1008.75
5241,471.60,27.81,27.59,44.40,1008.75
5242,471.69,27.81,27.59,44.42,1008.74
5243,471.78,27.81,27.59,44.42,1008.74
5244,471.87,27.82,27.60,44.43,1008.74
5245,471.96,27.81,27.60,44.41,1008.74
5246,472.05,27.81,27.60,44.40,1008.74
5247,472.14,27.81,27.60,44.40,1008.75
5248,472.23,27.80,27.60,44.41,1008.74
5249,472.32,27.81,27.59,44.42,1008.74
5250,472.41,27.81,27.59,44.40,1008.74
5251,472.50,27.80,27.59,44.38,1008.74
5252,472.59,27.81,27.59,44.39,1008.75
5253,472.68,27.81,27.59,44.39,1008.74
5254,472.77,27.80,27.59,44.37,1008.75
5255,472.86,27.80,27.59,44.38,1008.75
5256,472.95,27.80,27.60,44.39,1008.75
5257,473.04,27.80,27.59,44.39,1008.75
5258,473.13,27.80,27.58,44.39,1008.75
5259,473.22,27.80,27.58,44.39,1008.75
5260,473.31,27.80,27.58,44.38,1008.75
5261,473.40,27.80,27.57,44.38,1008.75
5262,473.49,27.80,27.57,44.37,1008.75
5263,473.58,27.80,27.57,44.36,1008.75
5264,473.67,27.80,27.57,44.36,1008.76
5265,473.76,27.81,27.58,44.38,1008.76
5266,473.85,27.81,27.57,44.37,1008.76
5267,473.94,27.81,27.58,44.36,1008.76
5268,474.03,27.81,27.57,44.35,1008.76
5269,474.12,27.81,27.57,44.35,1008.76
5270,474.21,27.81,27.57,44.36,1008.76
5271,474.30,27.81,27.57,44.35,1008.76
5272,474.39,27.80,27.57,44.35,1008.76
5273,474.48,27.80,27.56,44.34,1008.77
5274,474.57,27.80,27.57,44.36,1008.76
5275,474.66,27.80,27.57,44.37,1008.77
5276,474.75,27.81,27.57,44.37,1008.77
5277,474.84,27.81,27.56,44.36,1008.77
5278,474.93,27.81,27.56,44.36,1008.77
5279,475.02,27.81,27.55,44.36,1008.77
5280,475.11,27.81,27.55,44.37,1008.77
5281,475.20,27.81,27.56,44.40,1008.78
5282,475.29,27.82,27.56,44.41,1008.77
5283,475.38,27.81,27.56,44.41,1008.78
5284,475.47,27.81,27.56,44.40,1008.78
5285,475.56,27.81,27.56,44.37,1008.78
5286,475.65,27.81,27.56,44.38,1008.77
5287,475.74,27.81,27.56,44.38,1008.77
5288,475.83,27.82,27.56,44.38,1008.77
5289,475.92,27.82,27.57,44.38,1008.77
5290,476.01,27.83,27.58,44.36,1008.76
5291,476.10,27.83,27.58,44.37,1008.77
5292,476.19,27.83,27.59,44.37,1008.77
5293,476.28,27.83,27.59,44.36,1008.77
5294,476.37,27.83,27.59,44.36,1008.77
5295,476.46,27.82,27.59,44.34,1008.76
5296,476.55,27.82,27.59,44.34,1008.76
5297,476.64,27.82,27.59,44.34,1008.76
5298,476.73,27.83,27.58,44.35,1008.76
5299,476.82,27.83,27.60,44.36,1008.76
5300,476.91,27.83,27.67,44.36,1008.76
5301,477.00,27.82,27.60,44.36,1008.76
5302,477.09,27.82,27.60,44.35,1008.77
5303,477.18,27.82,27.59,44.34,1008.77
5304,477.27,27.83,27.59,44.33,1008.76
5305,477.36,27.83,27.58,44.33,1008.77
5306,477.45,27.83,27.59,44.33,1008.77
5307,477.54,27.83,27.59,44.32,1008.77
5308,477.63,27.83,27.60,44.31,1008.77
5309,477.72,27.83,27.61,44.33,1008.76
5310,477.81,27.83,27.60,44.33,1008.77
5311,477.90,27.83,27.59,44.31,1008.77
5312,477.99,27.82,27.59,44.32,1008.77
5313,478.08,27.83,27.60,44.29,1008.77
5314,478.17,27.83,27.59,44.28,1008.77
5315,478.26,27.82,27.60,44.28,1008.77
5316,478.35,27.82,27.59,44.28,1008.77
5317,478.44,27.82,27.59,44.28,1008.78
5318,478.53,27.82,27.60,44.29,1008.78
5319,478.62,27.82,27.60,44.29,1008.79
5320,478.71,27.82,27.61,44.29,1008.79
5321,478.80,27.82,27.62,44.31,1008.79
5322,478.89,27.82,27.62,44.32,1008.79
5323,478.98,27.82,27.62,44.30,1008.78
5324,479.07,27.82,27.62,44.30,1008.78
5325,479.16,27.82,27.63,44.32,1008.78
5326,479.25,27.82,27.63,44.31,1008.78
5327,479.34,27.82,27.63,44.31,1008.78
5328,479.43,27.82,27.63,44.31,1008.78
5329,479.52,27.82,27.64,44.33,1008.78
5330,479.61,27.82,27.64,44.32,1008.78
5331,479.70,27.82,27.63,44.31,1008.77
5332,479.79,27.82,27.63,44.31,1008.78
5333,479.88,27.82,27.62,44.31,1008.77
5334,479.97,27.82,27.62,44.32,1008.77
5335,480.06,27.82,27.62,44.32,1008.76
5336,480.15,27.81,27.61,44.33,1008.76
5337,480.24,27.82,27.61,44.33,1008.76
5338,480.33,27.82,27.61,44.33,1008.76
5339,480.42,27.82,27.62,44.32,1008.76
5340,480.51,27.82,27.63,44.33,1008.76
5341,480.60,27.82,27.63,44.33,1008.76
5342,480.69,27.82,27.62,44.31,1008.76
5343,480.78,27.82,27.61,44.32,1008.76
5344,480.87,27.81,27.61,44.29,1008.76
5345,480.96,27.82,27.62,44.30,1008.76
5346,481.05,27.82,27.63,44.29,1008.75
5347,481.14,27.81,27.62,44.28,1008.75
5348,481.23,27.81,27.62,44.29,1008.75
5349,481.32,27.81,27.61,44.29,1008.75
5350,481.41,27.82,27.61,44.26,1008.76
5351,481.50,27.81,27.61,44.27,1008.76
5352,481.59,27.82,27.61,44.27,1008.75
5353,481.68,27.80,27.61,44.28,1008.75
5354,481.77,27.81,27.61,44.29,1008.75
5355,481.86,27.81,27.61,44.29,1008.75
5356,481.95,27.81,27.60,44.28,1008.76
5357,482.04,27.81,27.60,44.30,1008.76
5358,482.13,27.81,27.60,44.30,1008.76
5359,482.22,27.81,27.60,44.31,1008.76
5360,482.31,27.81,27.60,44.32,1008.76
5361,482.40,27.81,27.60,44.32,1008.76
5362,482.49,27.81,27.60,44.31,1008.77
5363,482.58,27.81,27.60,44.32,1008.77
5364,482.67,27.81,27.60,44.32,1008.77
5365,482.76,27.81,27.60,44.33,1008.76
5366,482.85,27.81,27.60,44.34,1008.76
5367,482.94,27.82,27.61,44.35,1008.76
5368,483.03,27.82,27.60,44.35,1008.76
5369,483.12,27.81,27.59,44.36,1008.76
5370,483.21,27.81,27.59,44.34,1008.76
5371,483.30,27.81,27.60,44.35,1008.76
5372,483.39,27.81,27.60,44.35,1008.75
5373,483.48,27.81,27.59,44.36,1008.75
5374,483.57,27.81,27.60,44.36,1008.75
5375,483.66,27.81,27.60,44.36,1008.75
5376,483.75,27.81,27.60,44.35,1008.76
5377,483.84,27.81,27.60,44.35,1008.76
5378,483.93,27.81,27.59,44.34,1008.76
5379,484.02,27.81,27.58,44.37,1008.76
5380,484.11,27.81,27.59,44.35,1008.76
5381,484.20,27.81,27.58,44.34,1008.76
5382,484.29,27.81,27.58,44.33,1008.75
5383,484.38,27.80,27.57,44.35,1008.75
5384,484.47,27.80,27.58,44.33,1008.75
5385,484.56,27.80,27.57,44.34,1008.75
5386,484.65,27.80,27.58,44.32,1008.76
5387,484.74,27.80,27.59,44.33,1008.76
5388,484.83,27.80,27.59,44.31,1008.76
5389,484.92,27.80,27.59,44.30,1008.76
5390,485.01,27.80,27.59,44.31,1008.76
5391,485.10,27.80,27.58,44.33,1008.76
5392,485.19,27.80,27.59,44.32,1008.76
5393,485.28,27.80,27.58,44.31,1008.76
5394,485.37,27.80,27.58,44.32,1008.76
5395,485.46,27.80,27.57,44.33,1008.75
5396,485.55,27.80,27.58,44.33,1008.76
5397,485.64,27.80,27.58,44.33,1008.76
5398,485.73,27.80,27.57,44.31,1008.76
5399,485.82,27.80,27.57,44.31,1008.76
5400,485.91,27.81,27.57,44.32,1008.76
5401,486.00,27.81,27.57,44.31,1008.77
5402,486.09,27.81,27.58,44.33,1008.76
5403,486.18,27.81,27.57,44.32,1008.77
5404,486.27,27.82,27.57,44.32,1008.77
5405,486.36,27.81,27.58,44.31,1008.77
5406,486.45,27.81,27.59,44.31,1008.77
5407,486.54,27.82,27.59,44.33,1008.77
5408,486.63,27.82,27.59,44.31,1008.77
5409,486.72,27.81,27.60,44.30,1008.77
5410,486.81,27.81,27.59,44.31,1008.77
5411,486.90,27.82,27.59,44.32,1008.76
5412,486.99,27.81,27.59,44.33,1008.77
5413,487.08,27.81,27.59,44.34,1008.77
5414,487.17,27.81,27.59,44.36,1008.77
5415,487.26,27.81,27.58,44.35,1008.77
5416,487.35,27.81,27.58,44.37,1008.77
5417,487.44,27.81,27.58,44.35,1008.77
5418,487.53,27.81,27.58,44.37,1008.77
5419,487.62,27.82,27.58,44.38,1008.77
5420,487.71,27.82,27.59,44.38,1008.77
5421,487.80,27.82,27.59,44.39,1008.77
5422,487.89,27.82,27.59,44.39,1008.76
5423,487.98,27.83,27.59,44.41,1008.76
5424,488.07,27.83,27.59,44.41,1008.77
5425,488.16,27.83,27.59,44.42,1008.77
5426,488.25,27.83,27.60,44.43,1008.77
5427,488.34,27.84,27.59,44.44,1008.77
5428,488.43,27.83,27.59,44.44,1008.76
5429,488.52,27.83,27.59,44.46,1008.76
5430,488.61,27.83,27.58,44.45,1008.76
5431,488.70,27.82,27.58,44.46,1008.76
5432,488.79,27.82,27.58,44.47,1008.76
5433,488.88,27.82,27.58,44.48,1008.76
5434,488.97,27.82,27.57,44.47,1008.76
5435,489.06,27.82,27.57,44.47,1008.76
5436,489.15,27.82,27.58,44.47,1008.76
5437,489.24,27.83,27.58,44.46,1008.76
5438,489.33,27.83,27.57,44.45,1008.76
5439,489.42,27.84,27.57,44.45,1008.75
5440,489.51,27.83,27.57,44.46,1008.75
5441,489.60,27.83,27.57,44.47,1008.75
5442,489.69,27.84,27.57,44.47,1008.75
5443,489.78,27.84,27.57,44.45,1008.75
5444,489.87,27.84,27.58,44.44,1008.75
5445,489.96,27.84,27.59,44.43,1008.75
5446,490.05,27.84,27.58,44.42,1008.75
5447,490.14,27.84,27.58,44.40,1008.74
5448,490.23,27.85,27.57,44.39,1008.74
5449,490.32,27.84,27.57,44.42,1008.75
5450,490.41,27.85,27.58,44.43,1008.75
5451,490.50,27.85,27.59,44.44,1008.75
5452,490.59,27.85,27.59,44.44,1008.75
5453,490.68,27.85,27.60,44.44,1008.75
5454,490.77,27.85,27.60,44.42,1008.75
5455,490.86,27.85,27.61,44.40,1008.76
5456,490.95,27.85,27.61,44.39,1008.76
5457,491.04,27.85,27.61,44.38,1008.75
5458,491.13,27.85,27.61,44.39,1008.76
5459,491.22,27.85,27.61,44.40,1008.76
5460,491.31,27.86,27.62,44.40,1008.76
5461,491.40,27.85,27.63,44.39,1008.76
5462,491.49,27.84,27.63,44.37,1008.76
5463,491.58,27.85,27.63,44.38,1008.76
5464,491.67,27.84,27.62,44.36,1008.76
5465,491.76,27.85,27.62,44.36,1008.76
5466,491.85,27.84,27.62,44.35,1008.76
5467,491.94,27.83,27.62,44.35,1008.77
5468,492.03,27.83,27.63,44.35,1008.76
5469,492.12,27.82,27.63,44.35,1008.76
5470,492.21,27.82,27.64,44.34,1008.76
5471,492.30,27.82,27.64,44.34,1008.75
5472,492.39,27.81,27.63,44.34,1008.75
5473,492.48,27.81,27.63,44.33,1008.76
5474,492.57,27.80,27.63,44.34,1008.75
5475,492.66,27.81,27.63,44.35,1008.76
5476,492.75,27.81,27.64,44.36,1008.75
5477,492.84,27.81,27.64,44.35,1008.76
5478,492.93,27.81,27.63,44.36,1008.76
5479,493.02,27.81,27.63,44.35,1008.76
5480,493.11,27.81,27.64,44.36,1008.75
5481,493.20,27.81,27.64,44.36,1008.75
5482,493.29,27.81,27.63,44.34,1008.75
5483,493.38,27.81,27.63,44.33,1008.75
5484,493.47,27.81,27.62,44.33,1008.76
5485,493.56,27.81,27.63,44.33,1008.76
5486,493.65,27.81,27.64,44.33,1008.76
5487,493.74,27.80,27.63,44.36,1008.76
5488,493.83,27.81,27.63,44.33,1008.76
5489,493.92,27.81,27.62,44.32,1008.76
5490,494.01,27.81,27.62,44.33,1008.76
5491,494.10,27.82,27.62,44.32,1008.76
5492,494.19,27.82,27.62,44.33,1008.76
5493,494.28,27.81,27.62,44.34,1008.76
5494,494.37,27.82,27.62,44.32,1008.76
5495,494.46,27.82,27.61,44.32,1008.76
5496,494.55,27.82,27.61,44.33,1008.76
5497,494.64,27.83,27.61,44.31,1008.76
5498,494.73,27.82,27.61,44.31,1008.76
5499,494.82,27.82,27.60,44.30,1008.76
5500,494.91,27.81,27.59,44.30,1008.76
5501,495.00,27.82,27.60,44.31,1008.76
5502,495.09,27.81,27.59,44.33,1008.77
5503,495.18,27.81,27.59,44.33,1008.77
5504,495.27,27.82,27.59,44.33,1008.77
5505,495.36,27.81,27.58,44.33,1008.77
5506,495.45,27.81,27.58,44.31,1008.78
5507,495.54,27.81,27.58,44.34,1008.77
5508,495.63,27.81,27.58,44.33,1008.77
5509,495.72,27.81,27.57,44.33,1008.77
5510,495.81,27.81,27.57,44.33,1008.77
5511,495.90,27.81,27.58,44.34,1008.76
5512,495.99,27.81,27.58,44.33,1008.77
5513,496.08,27.82,27.59,44.32,1008.77
5514,496.17,27.82,27.59,44.33,1008.77
5515,496.26,27.82,27.59,44.34,1008.76
5516,496.35,27.82,27.60,44.34,1008.76
5517,496.44,27.82,27.60,44.33,1008.76
5518,496.53,27.81,27.60,44.34,1008.76
5519,496.62,27.81,27.60,44.33,1008.75
5520,496.71,27.81,27.60,44.33,1008.76
5521,496.80,27.81,27.60,44.31,1008.75
5522,496.89,27.81,27.61,44.31,1008.75
5523,496.98,27.82,27.60,44.32,1008.75
5524,497.07,27.82,27.60,44.31,1008.75
5525,497.16,27.82,27.60,44.32,1008.74
5526,497.25,27.82,27.60,44.32,1008.74
5527,497.34,27.82,27.60,44.31,1008.74
5528,497.43,27.82,27.59,44.32,1008.74
5529,497.52,27.82,27.58,44.32,1008.74
5530,497.61,27.82,27.58,44.33,1008.74
5531,497.70,27.83,27.58,44.33,1008.74
5532,497.79,27.82,27.58,44.33,1008.74
5533,497.88,27.82,27.58,44.31,1008.74
5534,497.97,27.83,27.58,44.32,1008.74
5535,498.06,27.82,27.58,44.32,1008.75
5536,498.15,27.82,27.59,44.32,1008.74
5537,498.24,27.82,27.60,44.32,1008.75
5538,498.33,27.82,27.59,44.31,1008.75
5539,498.42,27.82,27.59,44.32,1008.75
5540,498.51,27.81,27.60,44.33,1008.76
5541,498.60,27.82,27.61,44.33,1008.76
5542,498.69,27.82,27.61,44.33,1008.76
5543,498.78,27.82,27.61,44.31,1008.76
5544,498.87,27.81,27.61,44.29,1008.76
5545,498.96,27.81,27.61,44.31,1008.76
5546,499.05,27.81,27.61,44.29,1008.76
5547,499.14,27.82,27.62,44.30,1008.77
5548,499.23,27.82,27.62,44.32,1008.77
5549,499.32,27.82,27.63,44.33,1008.77
5550,499.41,27.82,27.63,44.33,1008.77
5551,499.50,27.82,27.63,44.35,1008.77
5552,499.59,27.83,27.63,44.36,1008.77
5553,499.68,27.82,27.64,44.37,1008.77
5554,499.77,27.82,27.65,44.39,1008.77
5555,499.86,27.82,27.64,44.40,1008.77
5556,499.95,27.81,27.65,44.39,1008.77
5557,500.04,27.81,27.64,44.37,1008.77
5558,500.13,27.81,27.65,44.38,1008.77
5559,500.22,27.82,27.65,44.37,1008.77
5560,500.31,27.81,27.66,44.37,1008.77
5561,500.40,27.82,27.65,44.37,1008.77
5562,500.49,27.82,27.66,44.36,1008.77
5563,500.58,27.83,27.66,44.36,1008.77
5564,500.67,27.83,27.66,44.35,1008.77
5565,500.76,27.83,27.66,44.33,1008.77
5566,500.85,27.83,27.65,44.32,1008.77
5567,500.94,27.84,27.66,44.32,1008.77
5568,501.03,27.83,27.66,44.33,1008.77
5569,501.12,27.83,27.66,44.34,1008.77
5570,501.21,27.83,27.65,44.35,1008.77
5571,501.30,27.82,27.65,44.33,1008.77
5572,501.39,27.82,27.64,44.32,1008.77
5573,501.48,27.83,27.65,44.32,1008.77
5574,501.57,27.82,27.65,44.32,1008.77
5575,501.66,27.82,27.66,44.30,1008.77
5576,501.75,27.82,27.65,44.29,1008.76
5577,501.84,27.82,27.65,44.29,1008.77
5578,501.93,27.82,27.65,44.27,1008.77
5579,502.02,27.82,27.65,44.29,1008.77
5580,502.11,27.82,27.64,44.30,1008.76
5581,502.20,27.82,27.64,44.28,1008.76
5582,502.29,27.83,27.64,44.28,1008.77
5583,502.38,27.83,27.65,44.27,1008.76
5584,502.47,27.84,27.65,44.27,1008.76
5585,502.56,27.84,27.65,44.26,1008.77
5586,502.65,27.83,27.66,44.26,1008.76
5587,502.74,27.83,27.66,44.27,1008.77
5588,502.83,27.83,27.65,44.28,1008.77
5589,502.92,27.83,27.64,44.27,1008.77
5590,503.01,27.84,27.64,44.28,1008.76
5591,503.10,27.83,27.64,44.29,1008.77
5592,503.19,27.83,27.64,44.28,1008.77
5593,503.28,27.83,27.64,44.29,1008.77
5594,503.37,27.82,27.64,44.28,1008.77
5595,503.46,27.83,27.64,44.27,1008.76
5596,503.55,27.82,27.63,44.26,1008.76
5597,503.64,27.82,27.63,44.25,1008.76
5598,503.73,27.82,27.63,44.25,1008.76
5599,503.82,27.82,27.62,44.23,1008.76
5600,503.91,27.82,27.62,44.23,1008.76
5601,504.00,27.82,27.62,44.23,1008.76
5602,504.09,27.82,27.61,44.24,1008.76
5603,504.18,27.82,27.62,44.22,1008.76
5604,504.27,27.82,27.61,44.20,1008.75
5605,504.36,27.82,27.61,44.19,1008.76
5606,504.45,27.82,27.60,44.16,1008.75
5607,504.54,27.82,27.61,44.14,1008.75
5608,504.63,27.81,27.61,44.14,1008.75
5609,504.72,27.81,27.61,44.12,1008.75
5610,504.81,27.82,27.61,44.09,1008.75
5611,504.90,27.82,27.61,44.07,1008.75
5612,504.99,27.82,27.61,44.08,1008.75
5613,505.08,27.82,27.62,44.06,1008.75
5614,505.17,27.82,27.62,44.05,1008.75
5615,505.26,27.82,27.63,44.06,1008.75
5616,505.35,27.82,27.63,44.04,1008.74
5617,505.44,27.81,27.62,44.06,1008.74
5618,505.53,27.81,27.62,44.07,1008.74
5619,505.62,27.82,27.62,44.09,1008.74
5620,505.71,27.82,27.60,44.10,1008.74
5621,505.80,27.82,27.60,44.10,1008.74
5622,505.89,27.82,27.59,44.10,1008.74
5623,505.98,27.81,27.60,44.11,1008.74
5624,506.07,27.82,27.61,44.09,1008.73
5625,506.16,27.82,27.60,44.10,1008.73
5626,506.25,27.81,27.60,44.11,1008.73
5627,506.34,27.82,27.60,44.12,1008.73
5628,506.43,27.82,27.60,44.15,1008.73
5629,506.52,27.82,27.60,44.14,1008.73
5630,506.61,27.82,27.60,44.14,1008.74
5631,506.70,27.82,27.60,44.13,1008.74
5632,506.79,27.82,27.60,44.13,1008.75
5633,506.88,27.81,27.60,44.11,1008.75
5634,506.97,27.81,27.60,44.12,1008.75
5635,507.06,27.81,27.61,44.12,1008.76
5636,507.15,27.82,27.60,44.15,1008.76
5637,507.24,27.82,27.61,44.16,1008.76
5638,507.33,27.82,27.61,44.17,1008.76
5639,507.42,27.82,27.61,44.19,1008.76
5640,507.51,27.82,27.60,44.20,1008.76
5641,507.60,27.82,27.61,44.19,1008.77
5642,507.69,27.81,27.60,44.19,1008.77
5643,507.78,27.81,27.60,44.19,1008.77
5644,507.87,27.81,27.61,44.19,1008.77
5645,507.96,27.82,27.61,44.18,1008.77
5646,508.05,27.81,27.61,44.18,1008.77
5647,508.14,27.81,27.62,44.19,1008.77
5648,508.23,27.81,27.62,44.17,1008.77
5649,508.32,27.81,27.63,44.17,1008.77
5650,508.41,27.81,27.62,44.17,1008.77
5651,508.50,27.81,27.62,44.18,1008.77
5652,508.59,27.82,27.62,44.20,1008.76
5653,508.68,27.82,27.62,44.21,1008.76
5654,508.77,27.83,27.64,44.21,1008.76
5655,508.86,27.82,27.65,44.22,1008.76
5656,508.95,27.83,27.64,44.24,1008.76
5657,509.04,27.83,27.64,44.23,1008.76
5658,509.13,27.83,27.63,44.24,1008.76
5659,509.22,27.83,27.63,44.24,1008.76
5660,509.31,27.83,27.63,44.25,1008.76
5661,509.40,27.82,27.63,44.26,1008.76
5662,509.49,27.83,27.63,44.24,1008.76
5663,509.58,27.83,27.61,44.23,1008.77
5664,509.67,27.84,27.60,44.22,1008.77
5665,509.76,27.84,27.60,44.21,1008.76
5666,509.85,27.84,27.60,44.20,1008.76
5667,509.94,27.84,27.60,44.21,1008.76
5668,510.03,27.84,27.60,44.22,1008.76
5669,510.12,27.84,27.60,44.21,1008.76
5670,510.21,27.84,27.60,44.21,1008.76
5671,510.30,27.84,27.61,44.22,1008.76
5672,510.39,27.84,27.61,44.21,1008.77
5673,510.48,27.84,27.62,44.22,1008.77
5674,510.57,27.84,27.62,44.24,1008.76
5675,510.66,27.85,27.63,44.26,1008.76
5676,510.75,27.84,27.63,44.25,1008.77
5677,510.84,27.84,27.63,44.25,1008.77
5678,510.93,27.84,27.63,44.25,1008.76
5679,511.02,27.84,27.63,44.26,1008.77
5680,511.11,27.84,27.64,44.25,1008.77
5681,511.20,27.84,27.64,44.25,1008.77
5682,511.29,27.84,27.64,44.26,1008.77
5683,511.38,27.84,27.65,44.24,1008.77
5684,511.47,27.84,27.65,44.23,1008.77
5685,511.56,27.84,27.65,44.24,1008.76
5686,511.65,27.85,27.66,44.25,1008.76
5687,511.74,27.85,27.66,44.26,1008.76
5688,511.83,27.85,27.65,44.25,1008.76
5689,511.92,27.86,27.66,44.27,1008.76
5690,512.01,27.86,27.66,44.29,1008.76
5691,512.10,27.86,27.66,44.29,1008.76
5692,512.19,27.86,27.66,44.27,1008.76
5693,512.28,27.86,27.67,44.26,1008.76
5694,512.37,27.86,27.68,44.26,1008.76
5695,512.46,27.85,27.67,44.24,1008.76
5696,512.55,27.85,27.67,44.23,1008.76
5697,512.64,27.86,27.67,44.22,1008.76
5698,512.73,27.86,27.67,44.22,1008.75
5699,512.82,27.86,27.66,44.20,1008.75
5700,512.91,27.86,27.66,44.20,1008.75
5701,513.00,27.85,27.66,44.19,1008.74
5702,513.09,27.85,27.66,44.20,1008.73
5703,513.18,27.85,27.65,44.17,1008.73
5704,513.27,27.86,27.65,44.16,1008.73
5705,513.36,27.86,27.65,44.16,1008.72
5706,513.45,27.85,27.65,44.16,1008.72
5707,513.54,27.85,27.64,44.18,1008.72
5708,513.63,27.85,27.64,44.19,1008.72
5709,513.72,27.84,27.64,44.17,1008.73
5710,513.81,27.84,27.64,44.14,1008.73
5711,513.90,27.84,27.64,44.13,1008.73
5712,513.99,27.84,27.64,44.13,1008.73
5713,514.08,27.85,27.63,44.12,1008.73
5714,514.17,27.84,27.63,44.11,1008.74
5715,514.26,27.84,27.63,44.12,1008.73
5716,514.35,27.85,27.62,44.11,1008.74
5717,514.44,27.84,27.61,44.10,1008.74
5718,514.53,27.84,27.62,44.11,1008.74
5719,514.62,27.84,27.62,44.11,1008.75
5720,514.71,27.84,27.61,44.12,1008.75
5721,514.80,27.84,27.62,44.10,1008.75
5722,514.89,27.83,27.63,44.09,1008.75
5723,514.98,27.83,27.62,44.09,1008.75
5724,515.07,27.84,27.62,44.10,1008.76
5725,515.16,27.84,27.62,44.12,1008.76
5726,515.25,27.84,27.63,44.12,1008.76
5727,515.34,27.84,27.63,44.12,1008.76
5728,515.43,27.84,27.63,44.12,1008.76
5729,515.52,27.83,27.63,44.12,1008.76
5730,515.61,27.83,27.63,44.12,1008.77
5731,515.70,27.83,27.63,44.14,1008.77
5732,515.79,27.83,27.62,44.14,1008.78
5733,515.88,27.82,27.62,44.13,1008.78
5734,515.97,27.83,27.62,44.13,1008.78
5735,516.06,27.83,27.62,44.14,1008.78
5736,516.15,27.83,27.61,44.14,1008.78
5737,516.24,27.83,27.61,44.12,1008.78
5738,516.33,27.83,27.60,44.12,1008.78
5739,516.42,27.83,27.61,44.12,1008.78
5740,516.51,27.83,27.60,44.12,1008.79
5741,516.60,27.83,27.60,44.12,1008.79
5742,516.69,27.83,27.60,44.12,1008.78
5743,516.78,27.83,27.60,44.13,1008.78
5744,516.87,27.83,27.59,44.15,1008.78
5745,516.96,27.83,27.59,44.14,1008.78
5746,517.05,27.83,27.60,44.13,1008.78
5747,517.14,27.83,27.60,44.13,1008.78
5748,517.23,27.83,27.60,44.10,1008.78
5749,517.32,27.83,27.61,44.10,1008.78
5750,517.41,27.84,27.60,44.12,1008.78
5751,517.50,27.83,27.60,44.12,1008.78
5752,517.59,27.83,27.59,44.14,1008.78
5753,517.68,27.82,27.59,44.11,1008.78
5754,517.77,27.82,27.59,44.13,1008.78
5755,517.86,27.82,27.60,44.12,1008.78
5756,517.95,27.83,27.60,44.13,1008.78
5757,518.04,27.83,27.61,44.12,1008.77
5758,518.13,27.83,27.61,44.12,1008.77
5759,518.22,27.83,27.61,44.09,1008.78
5760,518.31,27.83,27.61,44.09,1008.78
5761,518.40,27.84,27.61,44.08,1008.77
5762,518.49,27.84,27.61,44.09,1008.77
5763,518.58,27.83,27.61,44.09,1008.77
5764,518.67,27.83,27.60,44.09,1008.77
5765,518.76,27.83,27.61,44.09,1008.77
5766,518.85,27.83,27.62,44.09,1008.77
5767,518.94,27.83,27.62,44.09,1008.77
5768,519.03,27.83,27.61,44.09,1008.76
5769,519.12,27.83,27.61,44.08,1008.77
5770,519.21,27.83,27.61,44.06,1008.77
5771,519.30,27.83,27.61,44.04,1008.77
5772,519.39,27.83,27.61,44.05,1008.77
5773,519.48,27.83,27.60,44.04,1008.77
5774,519.57,27.83,27.61,44.06,1008.77
5775,519.66,27.83,27.60,44.06,1008.77
5776,519.75,27.83,27.60,44.05,1008.77
5777,519.84,27.83,27.60,44.06,1008.76
5778,519.93,27.83,27.60,44.04,1008.77
5779,520.02,27.84,27.60,44.04,1008.76
5780,520.11,27.83,27.61,44.02,1008.76
5781,520.20,27.83,27.60,44.04,1008.76
5782,520.29,27.84,27.60,44.05,1008.76
5783,520.38,27.84,27.60,44.04,1008.76
5784,520.47,27.85,27.60,44.06,1008.76
5785,520.56,27.85,27.60,44.08,1008.76
5786,520.65,27.85,27.60,44.09,1008.75
5787,520.74,27.85,27.60,44.09,1008.75
5788,520.83,27.85,27.60,44.09,1008.75
5789,520.92,27.85,27.61,44.08,1008.75
5790,521.01,27.86,27.61,44.08,1008.75
5791,521.10,27.85,27.61,44.06,1008.76
5792,521.19,27.84,27.61,44.04,1008.75
5793,521.28,27.84,27.61,44.06,1008.75
5794,521.37,27.84,27.61,44.06,1008.75
5795,521.46,27.85,27.61,44.07,1008.75
5796,521.55,27.85,27.61,44.07,1008.75
5797,521.64,27.84,27.61,44.07,1008.75
5798,521.73,27.84,27.62,44.06,1008.75
5799,521.82,27.84,27.61,44.06,1008.75
5800,521.91,27.84,27.61,44.04,1008.75
5801,522.00,27.84,27.61,44.04,1008.75
5802,522.09,27.84,27.62,44.03,1008.75
5803,522.18,27.84,27.62,44.05,1008.76
5804,522.27,27.85,27.62,44.05,1008.76
5805,522.36,27.85,27.62,44.07,1008.76
5806,522.45,27.85,27.63,44.05,1008.77
5807,522.54,27.85,27.63,44.06,1008.76
5808,522.63,27.84,27.63,44.06,1008.76
5809,522.72,27.85,27.64,44.08,1008.76
5810,522.81,27.86,27.64,44.08,1008.76
5811,522.90,27.86,27.64,44.08,1008.76
5812,522.99,27.86,27.64,44.07,1008.76
5813,523.08,27.85,27.64,44.08,1008.77
5814,523.17,27.86,27.64,44.07,1008.77
5815,523.26,27.86,27.64,44.07,1008.77
5816,523.35,27.85,27.65,44.07,1008.78
5817,523.44,27.85,27.66,44.07,1008.78
5818,523.53,27.86,27.67,44.06,1008.78
5819,523.62,27.85,27.66,44.09,1008.77
5820,523.71,27.84,27.66,44.10,1008.78
5821,523.80,27.84,27.65,44.11,1008.78
5822,523.89,27.85,27.65,44.11,1008.78
5823,523.98,27.85,27.66,44.08,1008.78
5824,524.07,27.84,27.67,44.10,1008.79
5825,524.16,27.85,27.67,44.09,1008.79
5826,524.25,27.84,27.67,44.08,1008.79
5827,524.34,27.84,27.68,44.08,1008.79
5828,524.43,27.84,27.68,44.07,1008.79
5829,524.52,27.84,27.68,44.09,1008.79
5830,524.61,27.84,27.68,44.07,1008.79
5831,524.70,27.84,27.68,44.07,1008.79
5832,524.79,27.84,27.67,44.06,1008.79
5833,524.88,27.84,27.67,44.06,1008.79
5834,524.97,27.84,27.67,44.07,1008.79
5835,525.06,27.84,27.66,44.07,1008.79
5836,525.15,27.84,27.66,44.06,1008.79
5837,525.24,27.85,27.66,44.04,1008.78
5838,525.33,27.85,27.65,44.03,1008.78
5839,525.42,27.84,27.64,44.04,1008.78
5840,525.51,27.84,27.64,44.06,1008.78
5841,525.60,27.84,27.64,44.06,1008.78
5842,525.69,27.84,27.64,44.07,1008.78
5843,525.78,27.84,27.63,44.07,1008.78
5844,525.87,27.84,27.63,44.06,1008.78
5845,525.96,27.83,27.62,44.06,1008.77
5846,526.05,27.83,27.64,44.05,1008.77
5847,526.14,27.83,27.64,44.04,1008.77
5848,526.23,27.83,27.63,44.04,1008.77
5849,526.32,27.82,27.63,44.06,1008.77
5850,526.41,27.82,27.63,44.05,1008.77
5851,526.50,27.82,27.63,44.04,1008.77
5852,526.59,27.82,27.64,44.05,1008.77
5853,526.68,27.82,27.63,44.04,1008.77
5854,526.77,27.82,27.63,44.03,1008.77
5855,526.86,27.83,27.62,44.02,1008.77
5856,526.95,27.83,27.61,44.01,1008.76
5857,527.04,27.83,27.62,44.01,1008.76
5858,527.13,27.83,27.61,44.01,1008.76
5859,527.22,27.82,27.61,43.99,1008.76
5860,527.31,27.83,27.61,44.00,1008.76
5861,527.40,27.84,27.61,44.00,1008.76
5862,527.49,27.84,27.62,43.98,1008.75
5863,527.58,27.83,27.63,43.97,1008.75
5864,527.67,27.84,27.62,43.98,1008.75
5865,527.76,27.83,27.63,43.99,1008.76
5866,527.85,27.83,27.62,44.00,1008.76
5867,527.94,27.83,27.62,44.03,1008.75
5868,528.03,27.83,27.63,44.03,1008.76
5869,528.12,27.84,27.63,44.04,1008.76
5870,528.21,27.84,27.64,44.03,1008.76
5871,528.30,27.85,27.63,44.03,1008.76
5872,528.39,27.85,27.63,44.03,1008.76
5873,528.48,27.85,27.63,44.03,1008.76
5874,528.57,27.85,27.62,44.03,1008.75
5875,528.66,27.85,27.63,44.03,1008.75
5876,528.75,27.85,27.63,44.04,1008.75
5877,528.84,27.86,27.61,44.03,1008.75
5878,528.93,27.85,27.62,44.04,1008.75
5879,529.02,27.85,27.61,44.05,1008.75
5880,529.11,27.86,27.61,44.05,1008.75
5881,529.20,27.84,27.62,44.04,1008.75
5882,529.29,27.85,27.62,44.05,1008.75
5883,529.38,27.85,27.62,44.03,1008.75
5884,529.47,27.85,27.61,44.04,1008.75
5885,529.56,27.85,27.62,44.05,1008.74
5886,529.65,27.85,27.63,44.06,1008.74
5887,529.74,27.85,27.63,44.06,1008.74
5888,529.83,27.85,27.64,44.06,1008.74
5889,529.92,27.85,27.63,44.07,1008.74
5890,530.01,27.85,27.64,44.07,1008.74
5891,530.10,27.85,27.64,44.07,1008.74
5892,530.19,27.86,27.65,44.08,1008.74
5893,530.28,27.85,27.63,44.07,1008.74
5894,530.37,27.85,27.64,44.07,1008.74
5895,530.46,27.85,27.64,44.07,1008.74
5896,530.55,27.86,27.63,44.09,1008.74
5897,530.64,27.86,27.64,44.08,1008.74
5898,530.73,27.87,27.64,44.08,1008.75
5899,530.82,27.87,27.63,44.07,1008.75
5900,530.91,27.87,27.63,44.08,1008.75
5901,531.00,27.87,27.63,44.09,1008.76
5902,531.09,27.87,27.64,44.08,1008.76
5903,531.18,27.87,27.64,44.10,1008.76
5904,531.27,27.87,27.65,44.10,1008.76
5905,531.36,27.87,27.64,44.09,1008.77
5906,531.45,27.86,27.65,44.07,1008.77
5907,531.54,27.87,27.65,44.04,1008.77
5908,531.63,27.87,27.65,44.05,1008.77
5909,531.72,27.88,27.65,44.05,1008.77
5910,531.81,27.88,27.65,44.05,1008.77
5911,531.90,27.88,27.66,44.04,1008.77
5912,531.99,27.88,27.65,44.04,1008.77
5913,532.08,27.88,27.65,44.06,1008.77
5914,532.17,27.88,27.65,44.06,1008.77
5915,532.26,27.88,27.66,44.07,1008.78
5916,532.35,27.88,27.65,44.07,1008.78
5917,532.44,27.88,27.65,44.07,1008.78
5918,532.53,27.88,27.66,44.05,1008.78
5919,532.62,27.87,27.66,44.03,1008.78
5920,532.71,27.87,27.65,44.02,1008.78
5921,532.80,27.87,27.66,44.03,1008.78
5922,532.89,27.88,27.67,44.01,1008.78
5923,532.98,27.88,27.67,43.99,1008.79
5924,533.07,27.88,27.67,43.99,1008.78
5925,533.16,27.88,27.66,43.98,1008.78
5926,533.25,27.88,27.66,43.99,1008.78
5927,533.34,27.88,27.66,43.98,1008.78
5928,533.43,27.87,27.66,43.99,1008.78
5929,533.52,27.87,27.67,43.98,1008.77
5930,533.61,27.88,27.66,43.98,1008.78
5931,533.70,27.87,27.65,43.98,1008.77
5932,533.79,27.87,27.65,43.98,1008.77
5933,533.88,27.87,27.65,43.99,1008.77
5934,533.97,27.87,27.65,43.98,1008.77
5935,534.06,27.88,27.65,43.98,1008.76
5936,534.15,27.88,27.66,43.97,1008.76
5937,534.24,27.88,27.66,43.95,1008.76
5938,534.33,27.87,27.66,43.95,1008.76
5939,534.42,27.88,27.65,43.93,1008.76
5940,534.51,27.88,27.64,43.92,1008.76
5941,534.60,27.87,27.64,43.94,1008.75
5942,534.69,27.87,27.65,43.92,1008.75
5943,534.78,27.86,27.65,43.92,1008.75
5944,534.87,27.85,27.64,43.91,1008.75
5945,534.96,27.84,27.65,43.93,1008.75
5946,535.05,27.83,27.65,43.93,1008.75
5947,535.14,27.84,27.65,43.96,1008.75
5948,535.23,27.84,27.66,43.99,1008.75
5949,535.32,27.83,27.66,43.99,1008.74
5950,535.41,27.83,27.66,43.98,1008.75
5951,535.50,27.83,27.66,43.98,1008.74
5952,535.59,27.83,27.66,43.97,1008.75
5953,535.68,27.84,27.66,43.98,1008.75
5954,535.77,27.83,27.67,43.98,1008.75
5955,535.86,27.83,27.67,43.97,1008.75
5956,535.95,27.83,27.68,43.98,1008.75
5957,536.04,27.83,27.67,43.99,1008.74
5958,536.13,27.83,27.67,43.97,1008.74
5959,536.22,27.84,27.68,43.98,1008.74
5960,536.31,27.85,27.67,43.98,1008.74
5961,536.40,27.86,27.67,43.97,1008.75
5962,536.49,27.86,27.66,43.96,1008.75
5963,536.58,27.87,27.66,43.97,1008.75
5964,536.67,27.87,27.65,43.96,1008.75
5965,536.76,27.87,27.65,43.93,1008.75
5966,536.85,27.87,27.65,43.92,1008.75
5967,536.94,27.87,27.65,43.94,1008.74
5968,537.03,27.87,27.64,43.95,1008.75
5969,537.12,27.88,27.63,43.95,1008.74
5970,537.21,27.88,27.64,43.95,1008.74
5971,537.30,27.88,27.63,43.96,1008.75
5972,537.39,27.89,27.64,43.95,1008.75
5973,537.48,27.89,27.64,43.97,1008.75
5974,537.57,27.89,27.64,43.98,1008.75
5975,537.66,27.90,27.64,43.96,1008.75
5976,537.75,27.90,27.64,43.96,1008.75
5977,537.84,27.90,27.64,43.95,1008.75
5978,537.93,27.90,27.64,43.95,1008.76
5979,538.02,27.90,27.64,43.95,1008.76
5980,538.11,27.89,27.63,43.95,1008.76
5981,538.20,27.89,27.63,43.96,1008.76
5982,538.29,27.89,27.63,43.96,1008.76
5983,538.38,27.88,27.64,43.97,1008.76
5984,538.47,27.88,27.65,43.96,1008.76
5985,538.56,27.87,27.66,43.96,1008.76
5986,538.65,27.86,27.65,43.95,1008.76
5987,538.74,27.87,27.66,43.94,1008.76
5988,538.83,27.86,27.65,43.95,1008.77
5989,538.92,27.86,27.66,43.93,1008.77
5990,539.01,27.86,27.66,43.95,1008.76
5991,539.10,27.86,27.65,43.94,1008.77
5992,539.19,27.87,27.65,43.96,1008.77
5993,539.28,27.87,27.65,43.94,1008.78
5994,539.37,27.86,27.65,43.95,1008.78
5995,539.46,27.86,27.65,43.96,1008.78
5996,539.55,27.86,27.65,43.97,1008.79
5997,539.64,27.86,27.66,43.96,1008.79
5998,539.73,27.86,27.66,43.95,1008.79
5999,539.82,27.86,27.66,43.96,1008.79
6000,539.91,27.86,27.66,43.93,1008.80
6001,540.00,27.86,27.66,43.94,1008.80
6002,540.09,27.86,27.66,43.96,1008.80
6003,540.18,27.87,27.65,43.95,1008.80
6004,540.27,27.87,27.64,43.96,1008.80
6005,540.36,27.87,27.65,43.98,1008.80
6006,540.45,27.88,27.65,43.97,1008.80
6007,540.54,27.88,27.65,43.97,1008.80
6008,540.63,27.87,27.64,43.96,1008.79
6009,540.72,27.87,27.64,43.96,1008.79
6010,540.81,27.87,27.64,43.96,1008.79
6011,540.90,27.87,27.64,43.95,1008.79
6012,540.99,27.87,27.64,43.95,1008.79
6013,541.08,27.87,27.65,43.94,1008.79
6014,541.17,27.87,27.65,43.95,1008.79
6015,541.26,27.87,27.66,43.95,1008.79
6016,541.35,27.87,27.66,43.95,1008.78
6017,541.44,27.87,27.67,43.94,1008.78
6018,541.53,27.87,27.66,43.94,1008.78
6019,541.62,27.87,27.66,43.94,1008.77
6020,541.71,27.88,27.67,43.94,1008.77
6021,541.80,27.88,27.66,43.95,1008.77
6022,541.89,27.88,27.67,43.94,1008.77
6023,541.98,27.88,27.66,43.94,1008.77
6024,542.07,27.88,27.66,43.95,1008.76
6025,542.16,27.88,27.67,43.95,1008.76
6026,542.25,27.88,27.66,43.95,1008.75
6027,542.34,27.89,27.66,43.96,1008.74
6028,542.43,27.89,27.65,43.93,1008.74
6029,542.52,27.88,27.65,43.93,1008.74
6030,542.61,27.88,27.65,43.92,1008.73
6031,542.70,27.88,27.65,43.92,1008.73
6032,542.79,27.89,27.65,43.91,1008.73
6033,542.88,27.89,27.65,43.90,1008.72
6034,542.97,27.89,27.65,43.90,1008.72
6035,543.06,27.89,27.65,43.91,1008.72
6036,543.15,27.89,27.65,43.92,1008.71
6037,543.24,27.89,27.65,43.94,1008.71
6038,543.33,27.89,27.65,43.93,1008.71
6039,543.42,27.89,27.66,43.94,1008.71
6040,543.51,27.89,27.66,43.93,1008.71
6041,543.60,27.89,27.66,43.93,1008.71
6042,543.69,27.89,27.66,43.94,1008.72
6043,543.78,27.89,27.68,43.94,1008.72
6044,543.87,27.89,27.68,43.93,1008.72
6045,543.96,27.89,27.67,43.93,1008.72
6046,544.05,27.89,27.68,43.93,1008.72
6047,544.14,27.88,27.67,43.92,1008.73
6048,544.23,27.87,27.67,43.90,1008.74
6049,544.32,27.87,27.67,43.90,1008.74
6050,544.41,27.87,27.68,43.90,1008.75
6051,544.50,27.87,27.67,43.90,1008.75
6052,544.59,27.87,27.67,43.89,1008.76
6053,544.68,27.87,27.68,43.90,1008.76
6054,544.77,27.87,27.67,43.87,1008.76
6055,544.86,27.87,27.68,43.90,1008.76
6056,544.95,27.87,27.68,43.91,1008.76
6057,545.04,27.88,27.68,43.90,1008.76
6058,545.13,27.87,27.69,43.90,1008.76
6059,545.22,27.88,27.68,43.89,1008.77
6060,545.31,27.88,27.68,43.91,1008.76
6061,545.40,27.87,27.68,43.91,1008.77
6062,545.49,27.86,27.67,43.90,1008.77
6063,545.58,27.86,27.67,43.91,1008.77
6064,545.67,27.98,27.67,43.92,1008.77
6065,545.76,27.91,27.66,43.90,1008.77
6066,545.85,27.87,27.67,43.90,1008.77
6067,545.94,27.87,27.66,43.90,1008.77
6068,546.03,27.86,27.66,43.92,1008.77
6069,546.12,27.86,27.66,43.93,1008.76
6070,546.21,27.86,27.66,43.94,1008.77
6071,546.30,27.86,27.66,43.93,1008.77
6072,546.39,27.86,27.66,43.91,1008.77
6073,546.48,27.85,27.67,43.92,1008.76
6074,546.57,27.85,27.67,43.93,1008.77
6075,546.66,27.85,27.67,43.94,1008.76
6076,546.75,27.85,27.67,43.96,1008.76
6077,546.84,27.84,27.67,43.95,1008.77
6078,546.93,27.85,27.67,43.96,1008.76
6079,547.02,27.86,27.66,43.93,1008.77
6080,547.11,27.85,27.66,43.92,1008.77
6081,547.20,27.85,27.66,43.91,1008.77
6082,547.29,27.85,27.66,43.91,1008.77
6083,547.38,27.85,27.66,43.93,1008.77
6084,547.47,27.84,27.67,43.92,1008.77
6085,547.56,27.84,27.67,43.91,1008.77
6086,547.65,27.84,27.68,43.91,1008.77
6087,547.74,27.83,27.68,43.92,1008.77
6088,547.83,27.83,27.68,43.94,1008.77
6089,547.92,27.84,27.68,43.95,1008.77
6090,548.01,27.84,27.68,43.94,1008.77
6091,548.10,27.85,27.67,43.93,1008.77
6092,548.19,27.85,27.66,43.95,1008.77
6093,548.28,27.85,27.65,43.96,1008.77
6094,548.37,27.85,27.65,43.95,1008.77
6095,548.46,27.85,27.65,43.96,1008.78
6096,548.55,27.84,27.66,43.95,1008.78
6097,548.64,27.83,27.65,43.95,1008.78
6098,548.73,27.83,27.65,43.96,1008.78
6099,548.82,27.83,27.66,43.96,1008.78
6100,548.91,27.83,27.65,43.94,1008.78
6101,549.00,27.83,27.65,43.91,1008.78
6102,549.09,27.82,27.65,43.91,1008.78
6103,549.18,27.82,27.65,43.92,1008.78
6104,549.27,27.82,27.66,43.88,1008.78
6105,549.36,27.81,27.66,43.89,1008.78
6106,549.45,27.81,27.67,43.88,1008.77
6107,549.54,27.81,27.66,43.85,1008.77
6108,549.63,27.82,27.67,43.84,1008.77
6109,549.72,27.83,27.66,43.84,1008.77
6110,549.81,27.83,27.66,43.84,1008.77
6111,549.90,27.83,27.67,43.82,1008.76
6112,549.99,27.83,27.66,43.83,1008.76
6113,550.08,27.84,27.66,43.84,1008.76
6114,550.17,27.84,27.67,43.83,1008.76
6115,550.26,27.85,27.67,43.84,1008.76
6116,550.35,27.84,27.67,43.83,1008.76
6117,550.44,27.84,27.67,43.82,1008.75
6118,550.53,27.84,27.67,43.84,1008.75
6119,550.62,27.84,27.68,43.86,1008.76
6120,550.71,27.84,27.71,43.86,1008.76
6121,550.80,27.84,27.72,43.87,1008.76
6122,550.89,27.84,27.68,43.87,1008.75
6123,550.98,27.85,27.68,43.86,1008.75
6124,551.07,27.86,27.67,43.86,1008.75
6125,551.16,27.87,27.67,43.86,1008.75
6126,551.25,27.87,27.67,43.87,1008.74
6127,551.34,27.88,27.67,43.86,1008.74
6128,551.43,27.88,27.68,43.86,1008.75
6129,551.52,27.88,27.68,43.88,1008.75
6130,551.61,27.88,27.67,43.85,1008.75
6131,551.70,27.88,27.66,43.86,1008.75
6132,551.79,27.88,27.66,43.86,1008.74
6133,551.88,27.89,27.66,43.87,1008.75
6134,551.97,27.89,27.65,43.87,1008.75
6135,552.06,27.88,27.64,43.85,1008.75
6136,552.15,27.88,27.64,43.84,1008.75
6137,552.24,27.88,27.64,43.84,1008.75
6138,552.33,27.87,27.65,43.87,1008.75
6139,552.42,27.87,27.65,43.88,1008.75
6140,552.51,27.87,27.64,43.88,1008.75
6141,552.60,27.87,27.65,43.88,1008.75
6142,552.69,27.88,27.66,43.88,1008.75
6143,552.78,27.88,27.66,43.87,1008.75
6144,552.87,27.88,27.66,43.88,1008.75
6145,552.96,27.88,27.67,43.87,1008.76
6146,553.05,27.88,27.67,43.86,1008.76
6147,553.14,27.88,27.67,43.87,1008.76
6148,553.23,27.88,27.67,43.86,1008.77
6149,553.32,27.89,27.67,43.88,1008.76
6150,553.41,27.88,27.67,43.86,1008.76
6151,553.50,27.88,27.67,43.86,1008.75
6152,553.59,27.88,27.67,43.86,1008.74
6153,553.68,27.88,27.67,43.88,1008.74
6154,553.77,27.88,27.67,43.86,1008.74
6155,553.86,27.87,27.67,43.87,1008.76
6156,553.95,27.87,27.67,43.86,1008.77
6157,554.04,27.87,27.66,43.87,1008.77
6158,554.13,27.88,27.67,43.87,1008.77
6159,554.22,27.87,27.67,43.89,1008.77
6160,554.31,27.87,27.67,43.90,1008.77
6161,554.40,27.87,27.68,43.88,1008.76
6162,554.49,27.87,27.68,43.89,1008.77
6163,554.58,27.87,27.67,43.89,1008.76
6164,554.67,27.87,27.67,43.87,1008.76
6165,554.76,27.87,27.67,43.88,1008.77
6166,554.85,27.88,27.66,43.89,1008.77
6167,554.94,27.88,27.66,43.89,1008.77
6168,555.03,27.99,27.66,43.87,1008.77
6169,555.12,27.88,27.67,43.88,1008.77
6170,555.21,27.88,27.68,43.87,1008.78
6171,555.30,27.87,27.68,43.85,1008.77
6172,555.39,27.87,27.68,43.88,1008.78
6173,555.48,27.87,27.68,43.87,1008.77
6174,555.57,27.87,27.67,43.87,1008.77
6175,555.66,27.86,27.66,43.88,1008.77
6176,555.75,27.87,27.66,43.89,1008.77
6177,555.84,27.87,27.66,43.88,1008.77
6178,555.93,27.87,27.66,43.90,1008.78
6179,556.02,27.87,27.66,43.92,1008.78
6180,556.11,27.87,27.67,43.92,1008.78
6181,556.20,27.87,27.66,43.92,1008.78
6182,556.29,27.86,27.67,43.93,1008.78
6183,556.38,27.86,27.66,43.92,1008.77
6184,556.47,27.86,27.66,43.92,1008.78
6185,556.56,27.86,27.66,43.91,1008.78
6186,556.65,27.86,27.67,43.92,1008.78
6187,556.74,27.86,27.67,43.94,1008.78
6188,556.83,27.86,27.67,43.95,1008.78
6189,556.92,27.86,27.67,43.95,1008.78
6190,557.01,27.86,27.67,43.94,1008.78
6191,557.10,27.86,27.67,43.93,1008.78
6192,557.19,27.86,27.66,43.94,1008.78
6193,557.28,27.86,27.67,43.92,1008.78
6194,557.37,27.86,27.67,43.94,1008.77
6195,557.46,27.86,27.67,43.93,1008.77
6196,557.55,27.86,27.67,43.94,1008.77
6197,557.64,27.86,27.67,43.93,1008.77
6198,557.73,27.85,27.67,43.91,1008.77
6199,557.82,27.86,27.67,43.92,1008.76
6200,557.91,27.86,27.68,43.91,1008.76
6201,558.00,27.86,27.68,43.91,1008.75
6202,558.09,27.87,27.69,43.91,1008.76
6203,558.18,27.88,27.69,43.92,1008.76
6204,558.27,27.88,27.69,43.91,1008.76
6205,558.36,27.88,27.69,43.90,1008.75
6206,558.45,27.87,27.68,43.91,1008.76
6207,558.54,27.88,27.68,43.92,1008.76
6208,558.63,27.88,27.68,43.92,1008.76
6209,558.72,27.88,27.68,43.91,1008.75
6210,558.81,27.88,27.69,43.92,1008.75
6211,558.90,27.88,27.70,43.93,1008.75
6212,558.99,27.88,27.69,43.94,1008.74
6213,559.08,27.88,27.70,43.96,1008.75
6214,559.17,27.88,27.70,43.94,1008.74
6215,559.26,27.87,27.70,43.94,1008.74
6216,559.35,27.88,27.69,43.93,1008.74
6217,559.44,27.87,27.70,43.91,1008.74
6218,559.53,27.87,27.69,43.91,1008.75
6219,559.62,27.87,27.69,43.91,1008.74
6220,559.71,27.88,27.69,43.92,1008.74
6221,559.80,27.88,27.70,43.91,1008.74
6222,559.89,27.88,27.69,43.92,1008.74
6223,559.98,27.88,27.69,43.91,1008.74
6224,560.07,27.88,27.68,43.90,1008.75
6225,560.16,27.88,27.68,43.91,1008.75
6226,560.25,27.88,27.68,43.89,1008.75
6227,560.34,27.88,27.68,43.90,1008.76
6228,560.43,27.88,27.68,43.89,1008.76
6229,560.52,27.88,27.67,43.90,1008.76
6230,560.61,27.89,27.68,43.90,1008.76
6231,560.70,27.89,27.68,43.93,1008.76
6232,560.79,27.89,27.68,43.93,1008.76
6233,560.88,27.89,27.68,43.93,1008.77
6234,560.97,27.89,27.68,43.93,1008.77
6235,561.06,27.90,27.69,43.96,1008.77
6236,561.15,27.90,27.68,43.96,1008.78
6237,561.24,27.90,27.67,43.97,1008.78
6238,561.33,27.90,27.67,43.96,1008.78
6239,561.42,27.90,27.67,43.97,1008.78
6240,561.51,27.90,27.66,43.97,1008.78
6241,561.60,27.90,27.67,43.97,1008.78
6242,561.69,27.90,27.67,43.96,1008.78
6243,561.78,27.91,27.67,43.95,1008.78
6244,561.87,27.90,27.67,43.95,1008.78
6245,561.96,27.91,27.67,43.95,1008.78
6246,562.05,27.92,27.67,43.95,1008.78
6247,562.14,27.92,27.67,43.94,1008.78
6248,562.23,27.92,27.67,43.92,1008.78
6249,562.32,27.93,27.67,43.94,1008.78
6250,562.41,27.92,27.67,43.93,1008.78
6251,562.50,27.92,27.67,43.93,1008.78
6252,562.59,27.92,27.67,43.93,1008.78
6253,562.68,27.92,27.68,43.93,1008.78
6254,562.77,27.92,27.67,43.93,1008.78
6255,562.86,27.92,27.67,43.95,1008.78
6256,562.95,27.92,27.68,43.95,1008.77
6257,563.04,27.92,27.68,43.94,1008.78
6258,563.13,27.91,27.66,43.94,1008.78
6259,563.22,27.91,27.66,43.95,1008.78
6260,563.31,27.92,27.66,43.95,1008.77
6261,563.40,27.91,27.66,43.95,1008.77
6262,563.49,27.91,27.66,43.94,1008.77
6263,563.58,27.91,27.65,43.93,1008.77
6264,563.67,27.91,27.65,43.93,1008.77
6265,563.76,27.91,27.65,43.92,1008.76
6266,563.85,27.91,27.64,43.93,1008.76
6267,563.94,27.91,27.63,43.92,1008.76
6268,564.03,27.91,27.63,43.93,1008.76
6269,564.12,27.91,27.63,43.93,1008.77
6270,564.21,27.91,27.62,43.95,1008.77
6271,564.30,27.91,27.62,43.95,1008.77
6272,564.39,27.91,27.61,43.95,1008.77
6273,564.48,27.91,27.59,43.93,1008.78
6274,564.57,27.91,27.59,43.91,1008.78
6275,564.66,27.91,27.59,43.93,1008.78
6276,564.75,27.91,27.59,43.91,1008.77
6277,564.84,27.91,27.61,43.92,1008.78
6278,564.93,27.90,27.62,43.92,1008.78
6279,565.02,27.90,27.62,43.92,1008.78
6280,565.11,27.90,27.63,43.91,1008.78
6281,565.20,27.90,27.65,43.89,1008.78
6282,565.29,27.90,27.65,43.89,1008.78
6283,565.38,27.90,27.66,43.88,1008.78
6284,565.47,27.89,27.66,43.86,1008.78
6285,565.56,27.89,27.67,43.85,1008.78
6286,565.65,27.89,27.67,43.83,1008.78
6287,565.74,27.89,27.67,43.81,1008.78
6288,565.83,27.89,27.66,43.82,1008.78
6289,565.92,27.89,27.66,43.83,1008.77
6290,566.01,27.89,27.67,43.85,1008.78
6291,566.10,27.88,27.67,43.85,1008.77
6292,566.19,27.88,27.66,43.86,1008.77
6293,566.28,27.87,27.66,43.87,1008.77
6294,566.37,27.87,27.66,43.85,1008.77
6295,566.46,27.87,27.67,43.85,1008.76
6296,566.55,27.87,27.67,43.86,1008.76
6297,566.64,27.88,27.67,43.86,1008.76
6298,566.73,27.88,27.69,43.86,1008.76
6299,566.82,27.88,27.69,43.87,1008.76
6300,566.91,27.88,27.68,43.86,1008.75
6301,567.00,27.88,27.68,43.89,1008.75
6302,567.09,27.88,27.69,43.88,1008.75
6303,567.18,27.88,27.68,43.87,1008.75
6304,567.27,27.88,27.69,43.85,1008.75
6305,567.36,27.88,27.69,43.87,1008.75
6306,567.45,27.88,27.68,43.86,1008.75
6307,567.54,27.87,27.68,43.86,1008.75
6308,567.63,27.87,27.68,43.87,1008.75
6309,567.72,27.87,27.68,43.87,1008.75
6310,567.81,27.87,27.68,43.86,1008.75
6311,567.90,27.87,27.68,43.87,1008.74
6312,567.99,27.87,27.68,43.88,1008.74
6313,568.08,27.87,27.69,43.89,1008.74
6314,568.17,27.87,27.69,43.88,1008.74
6315,568.26,27.87,27.70,43.88,1008.74
6316,568.35,27.87,27.70,43.87,1008.74
6317,568.44,27.87,27.71,43.86,1008.74
6318,568.53,27.87,27.72,43.87,1008.74
6319,568.62,27.86,27.72,43.88,1008.74
6320,568.71,27.86,27.72,43.88,1008.74
6321,568.80,27.86,27.72,43.89,1008.74
6322,568.89,27.86,27.72,43.91,1008.75
6323,568.98,27.86,27.71,43.91,1008.75
6324,569.07,27.86,27.71,43.92,1008.75
6325,569.16,27.86,27.71,43.91,1008.75
6326,569.25,27.86,27.72,43.91,1008.75
6327,569.34,27.86,27.71,43.92,1008.76
6328,569.43,27.87,27.71,43.91,1008.75
6329,569.52,27.87,27.71,43.93,1008.76
6330,569.61,27.87,27.71,43.91,1008.76
6331,569.70,27.88,27.71,43.90,1008.76
6332,569.79,27.89,27.71,43.91,1008.76
6333,569.88,27.88,27.71,43.90,1008.76
6334,569.97,27.88,27.71,43.89,1008.77
6335,570.06,27.89,27.71,43.88,1008.77
6336,570.15,27.89,27.71,43.87,1008.77
6337,570.24,27.88,27.70,43.86,1008.77
6338,570.33,27.89,27.71,43.87,1008.77
6339,570.42,27.89,27.70,43.88,1008.77
6340,570.51,27.89,27.70,43.88,1008.76
6341,570.60,27.89,27.71,43.88,1008.76
6342,570.69,27.89,27.70,43.88,1008.76
6343,570.78,27.89,27.72,43.89,1008.76
6344,570.87,27.89,27.71,43.90,1008.76
6345,570.96,27.89,27.72,43.92,1008.76
6346,571.05,27.89,27.71,43.92,1008.76
6347,571.14,27.89,27.71,43.92,1008.76
6348,571.23,27.89,27.71,43.91,1008.76
6349,571.32,27.90,27.70,43.93,1008.76
6350,571.41,27.90,27.70,43.90,1008.76
6351,571.50,27.91,27.71,43.91,1008.76
6352,571.59,27.91,27.70,43.94,1008.76
6353,571.68,27.91,27.71,43.93,1008.76
6354,571.77,27.90,27.71,43.93,1008.76
6355,571.86,27.90,27.71,43.92,1008.76
6356,571.95,27.90,27.71,43.92,1008.76
6357,572.04,27.89,27.71,43.92,1008.75
6358,572.13,27.89,27.70,43.92,1008.75
6359,572.22,27.89,27.71,43.93,1008.76
6360,572.31,27.89,27.71,43.93,1008.76
6361,572.40,27.89,27.71,43.89,1008.76
6362,572.49,27.89,27.71,43.90,1008.76
6363,572.58,27.89,27.71,43.90,1008.76
6364,572.67,27.89,27.72,43.92,1008.76
6365,572.76,27.89,27.71,43.92,1008.76
6366,572.85,27.90,27.72,43.91,1008.76
6367,572.94,27.90,27.72,43.91,1008.76
6368,573.03,27.91,27.72,43.93,1008.76
6369,573.12,27.91,27.72,43.92,1008.76
6370,573.21,27.91,27.73,43.90,1008.76
6371,573.30,27.90,27.73,43.91,1008.76
6372,573.39,27.91,27.72,43.91,1008.76
6373,573.48,27.91,27.72,43.92,1008.76
6374,573.57,27.91,27.72,43.91,1008.76
6375,573.66,27.91,27.73,43.89,1008.75
6376,573.75,27.91,27.73,43.89,1008.75
6377,573.84,27.91,27.72,43.88,1008.76
6378,573.93,27.91,27.72,43.86,1008.76
6379,574.02,27.92,27.72,43.83,1008.76
6380,574.11,27.92,27.72,43.83,1008.76
6381,574.20,27.92,27.71,43.83,1008.76
6382,574.29,27.92,27.71,43.83,1008.76
6383,574.38,27.93,27.71,43.86,1008.76
6384,574.47,27.93,27.71,43.87,1008.76
6385,574.56,27.93,27.70,43.88,1008.76
6386,574.65,27.93,27.70,43.87,1008.75
6387,574.74,27.93,27.70,43.87,1008.76
6388,574.83,27.93,27.71,43.87,1008.76
6389,574.92,27.92,27.69,43.86,1008.75
6390,575.01,27.93,27.69,43.87,1008.75
6391,575.10,27.92,27.69,43.85,1008.75
6392,575.19,27.92,27.68,43.86,1008.75
6393,575.28,27.92,27.67,43.85,1008.75
6394,575.37,27.92,27.67,43.85,1008.75
6395,575.46,27.91,27.67,43.86,1008.75
6396,575.55,27.91,27.67,43.87,1008.75
6397,575.64,27.91,27.66,43.84,1008.75
6398,575.73,27.90,27.66,43.83,1008.75
6399,575.82,27.90,27.67,43.83,1008.75
6400,575.91,27.90,27.68,43.82,1008.75
6401,576.00,27.89,27.69,43.83,1008.75
6402,576.09,27.89,27.68,43.84,1008.75
6403,576.18,27.89,27.69,43.84,1008.75
6404,576.27,27.90,27.69,43.84,1008.75
6405,576.36,27.90,27.70,43.86,1008.75
6406,576.45,27.90,27.69,43.85,1008.75
6407,576.54,27.90,27.70,43.86,1008.75
6408,576.63,27.90,27.69,43.87,1008.76
6409,576.72,27.89,27.70,43.86,1008.76
6410,576.81,27.89,27.69,43.88,1008.77
6411,576.90,27.89,27.70,43.86,1008.76
6412,576.99,27.89,27.70,43.85,1008.76
6413,577.08,27.89,27.70,43.85,1008.76
6414,577.17,27.89,27.70,43.84,1008.76
6415,577.26,27.89,27.70,43.85,1008.76
6416,577.35,27.89,27.71,43.81,1008.76
6417,577.44,27.89,27.71,43.81,1008.76
6418,577.53,27.88,27.71,43.80,1008.77
6419,577.62,27.87,27.70,43.79,1008.77
6420,577.71,27.88,27.70,43.79,1008.77
6421,577.80,27.87,27.70,43.78,1008.77
6422,577.89,27.87,27.69,43.78,1008.78
6423,577.98,27.87,27.68,43.81,1008.78
6424,578.07,27.86,27.69,43.82,1008.78
6425,578.16,27.87,27.70,43.81,1008.78
6426,578.25,27.87,27.70,43.82,1008.78
6427,578.34,27.86,27.69,43.79,1008.78
6428,578.43,27.87,27.70,43.78,1008.78
6429,578.52,27.87,27.71,43.79,1008.78
6430,578.61,27.87,27.71,43.78,1008.78
6431,578.70,27.87,27.71,43.77,1008.78
6432,578.79,27.87,27.72,43.82,1008.78
6433,578.88,27.88,27.71,43.83,1008.78
6434,578.97,27.87,27.71,43.82,1008.78
6435,579.06,27.87,27.71,43.83,1008.78
6436,579.15,27.87,27.71,43.84,1008.78
6437,579.24,27.88,27.71,43.85,1008.78
6438,579.33,27.88,27.72,43.86,1008.78
6439,579.42,27.88,27.72,43.87,1008.78
6440,579.51,27.89,27.71,43.87,1008.78
6441,579.60,27.89,27.71,43.88,1008.77
6442,579.69,27.89,27.71,43.88,1008.77
6443,579.78,27.90,27.71,43.90,1008.77
6444,579.87,27.89,27.71,43.90,1008.77
6445,579.96,27.90,27.72,43.90,1008.76
6446,580.05,27.90,27.71,43.89,1008.76
6447,580.14,27.90,27.72,43.88,1008.76
6448,580.23,27.91,27.71,43.88,1008.76
6449,580.32,27.91,27.72,43.88,1008.76
6450,580.41,27.91,27.72,43.86,1008.76
6451,580.50,27.92,27.72,43.87,1008.76
6452,580.59,27.91,27.73,43.89,1008.76
6453,580.68,27.92,27.72,43.91,1008.76
6454,580.77,27.92,27.72,43.92,1008.76
6455,580.86,27.92,27.72,43.92,1008.76
6456,580.95,27.92,27.72,43.93,1008.77
6457,581.04,27.93,27.71,43.89,1008.76
6458,581.13,27.93,27.72,43.89,1008.77
6459,581.22,27.93,27.71,43.89,1008.76
6460,581.31,27.94,27.70,43.90,1008.76
6461,581.40,27.95,27.70,43.90,1008.77
6462,581.49,27.96,27.70,43.89,1008.77
6463,581.58,27.96,27.70,43.90,1008.77
6464,581.67,27.96,27.69,43.91,1008.77
6465,581.76,27.96,27.69,43.92,1008.77
6466,581.85,27.96,27.69,43.91,1008.77
6467,581.94,27.96,27.69,43.88,1008.78
6468,582.03,27.96,27.69,43.87,1008.78
6469,582.12,27.96,27.70,43.88,1008.78
6470,582.21,27.96,27.69,43.87,1008.78
6471,582.30,27.97,27.69,43.89,1008.78
6472,582.39,27.96,27.70,43.89,1008.79
6473,582.48,27.96,27.70,43.89,1008.79
6474,582.57,27.95,27.70,43.89,1008.78
6475,582.66,27.95,27.70,43.87,1008.78
6476,582.75,27.95,27.70,43.88,1008.78
6477,582.84,27.95,27.70,43.88,1008.78
6478,582.93,27.94,27.70,43.85,1008.77
6479,583.02,27.94,27.70,43.83,1008.78
6480,583.11,27.94,27.69,43.82,1008.77
6481,583.20,27.94,27.68,43.83,1008.78
6482,583.29,27.95,27.69,43.83,1008.77
6483,583.38,27.94,27.69,43.81,1008.77
6484,583.47,27.94,27.70,43.78,1008.77
6485,583.56,27.94,27.70,43.81,1008.76
6486,583.65,27.94,27.69,43.80,1008.76
6487,583.74,27.93,27.70,43.80,1008.76
6488,583.83,27.93,27.69,43.81,1008.76
6489,583.92,27.94,27.68,43.80,1008.75
6490,584.01,27.94,27.68,43.81,1008.75
6491,584.10,27.93,27.68,43.80,1008.75
6492,584.19,27.92,27.68,43.79,1008.75
6493,584.28,27.94,27.67,43.80,1008.75
6494,584.37,27.94,27.67,43.80,1008.75
6495,584.46,27.94,27.67,43.79,1008.75
6496,584.55,27.94,27.67,43.78,1008.75
6497,584.64,27.95,27.67,43.78,1008.76
6498,584.73,27.94,27.67,43.78,1008.76
6499,584.82,27.95,27.67,43.78,1008.75
6500,584.91,27.94,27.68,43.78,1008.75
6501,585.00,27.94,27.69,43.78,1008.76
6502,585.09,27.94,27.68,43.80,1008.75
6503,585.18,27.94,27.68,43.82,1008.76
6504,585.27,27.94,27.70,43.81,1008.75
6505,585.36,27.93,27.69,43.80,1008.76
6506,585.45,27.93,27.70,43.81,1008.76
6507,585.54,27.93,27.71,43.81,1008.76
6508,585.63,27.93,27.70,43.81,1008.76
6509,585.72,27.93,27.70,43.81,1008.77
6510,585.81,27.93,27.69,43.81,1008.77
6511,585.90,27.92,27.70,43.79,1008.77
6512,585.99,27.92,27.70,43.78,1008.78
6513,586.08,27.92,27.70,43.79,1008.78
6514,586.17,27.92,27.70,43.78,1008.78
6515,586.26,27.92,27.70,43.77,1008.78
6516,586.35,27.92,27.70,43.76,1008.78
6517,586.44,27.92,27.70,43.76,1008.75
6518,586.53,27.92,27.69,43.77,1008.78
6519,586.62,27.93,27.70,43.75,1008.78
6520,586.71,27.93,27.69,43.76,1008.78
6521,586.80,27.93,27.69,43.76,1008.77
6522,586.89,27.93,27.69,43.76,1008.77
6523,586.98,27.92,27.68,43.75,1008.78
6524,587.07,27.92,27.69,43.76,1008.78
6525,587.16,27.92,27.68,43.80,1008.78
6526,587.25,27.91,27.69,43.82,1008.77
6527,587.34,27.90,27.69,43.82,1008.77
6528,587.43,27.90,27.69,43.79,1008.77
6529,587.52,27.90,27.68,43.80,1008.77
6530,587.61,27.90,27.68,43.80,1008.76
6531,587.70,27.90,27.69,43.81,1008.76
6532,587.79,27.90,27.70,43.82,1008.76
6533,587.88,27.89,27.70,43.82,1008.76
6534,587.97,27.90,27.71,43.81,1008.76
6535,588.06,27.90,27.71,43.81,1008.76
6536,588.15,27.90,27.70,43.81,1008.76
6537,588.24,27.89,27.70,43.82,1008.76
6538,588.33,27.89,27.71,43.82,1008.76
6539,588.42,27.89,27.70,43.83,1008.77
6540,588.51,27.89,27.71,43.83,1008.77
6541,588.60,27.89,27.71,43.84,1008.77
6542,588.69,27.89,27.71,43.86,1008.77
6543,588.78,27.89,27.72,43.87,1008.77
6544,588.87,27.89,27.71,43.86,1008.77
6545,588.96,27.89,27.71,43.85,1008.77
6546,589.05,27.88,27.71,43.84,1008.77
6547,589.14,27.89,27.70,43.82,1008.77
6548,589.23,27.89,27.70,43.82,1008.77
6549,589.32,27.89,27.69,43.82,1008.77
6550,589.41,27.89,27.70,43.80,1008.77
6551,589.50,27.89,27.70,43.81,1008.77
6552,589.59,27.89,27.70,43.80,1008.77
6553,589.68,27.89,27.71,43.80,1008.78
6554,589.77,27.90,27.71,43.82,1008.77
6555,589.86,27.90,27.71,43.82,1008.77
6556,589.95,27.91,27.72,43.81,1008.77
6557,590.04,27.90,27.72,43.81,1008.77
6558,590.13,27.91,27.73,43.81,1008.77
6559,590.22,27.90,27.72,43.79,1008.77
6560,590.31,27.90,27.72,43.78,1008.77
6561,590.40,27.90,27.72,43.77,1008.78
6562,590.49,27.90,27.72,43.78,1008.77
6563,590.58,27.91,27.72,43.79,1008.77
6564,590.67,27.90,27.72,43.80,1008.76
6565,590.76,27.89,27.72,43.81,1008.76
6566,590.85,27.90,27.71,43.81,1008.76
6567,590.94,27.90,27.71,43.83,1008.76
6568,591.03,27.89,27.71,43.82,1008.76
6569,591.12,27.89,27.70,43.82,1008.75
6570,591.21,27.90,27.70,43.83,1008.75
6571,591.30,27.90,27.70,43.83,1008.75
6572,591.39,27.89,27.70,43.83,1008.75
6573,591.48,27.89,27.71,43.83,1008.75
6574,591.57,27.90,27.70,43.83,1008.75
6575,591.66,27.89,27.70,43.83,1008.75
6576,591.75,27.89,27.70,43.81,1008.75
6577,591.84,27.89,27.70,43.81,1008.75
6578,591.93,27.89,27.70,43.80,1008.75
6579,592.02,27.89,27.69,43.79,1008.75
6580,592.11,27.89,27.69,43.79,1008.75
6581,592.20,27.89,27.69,43.79,1008.75
6582,592.29,27.88,27.70,43.78,1008.74
6583,592.38,27.89,27.71,43.78,1008.74
6584,592.47,27.89,27.70,43.78,1008.74
6585,592.56,27.89,27.69,43.78,1008.74
6586,592.65,27.90,27.69,43.79,1008.74
6587,592.74,27.91,27.68,43.80,1008.74
6588,592.83,27.91,27.67,43.80,1008.74
6589,592.92,27.91,27.67,43.81,1008.74
6590,593.01,27.91,27.68,43.80,1008.75
6591,593.10,27.92,27.68,43.80,1008.75
6592,593.19,27.92,27.67,43.79,1008.75
6593,593.28,27.91,27.67,43.79,1008.75
6594,593.37,27.92,27.68,43.79,1008.75
6595,593.46,27.92,27.68,43.77,1008.74
6596,593.55,27.91,27.68,43.76,1008.74
6597,593.64,27.91,27.68,43.74,1008.75
6598,593.73,27.91,27.68,43.74,1008.75
6599,593.82,27.91,27.68,43.75,1008.75
6600,593.91,27.92,27.69,43.76,1008.75
6601,594.00,27.92,27.68,43.77,1008.76
6602,594.09,27.92,27.68,43.76,1008.76
6603,594.18,27.93,27.68,43.75,1008.77
6604,594.27,27.93,27.69,43.75,1008.77
6605,594.36,27.93,27.69,43.77,1008.77
6606,594.45,27.93,27.68,43.78,1008.77
6607,594.54,27.92,27.68,43.78,1008.77
6608,594.63,27.93,27.67,43.79,1008.77
6609,594.72,27.92,27.68,43.78,1008.77
6610,594.81,27.93,27.69,43.78,1008.77
6611,594.90,27.93,27.69,43.77,1008.77
6612,594.99,27.94,27.68,43.77,1008.77
6613,595.08,27.93,27.69,43.78,1008.77
6614,595.17,27.93,27.69,43.77,1008.77
6615,595.26,27.93,27.70,43.77,1008.77
6616,595.35,27.93,27.69,43.76,1008.77
6617,595.44,27.93,27.69,43.75,1008.77
6618,595.53,27.92,27.69,43.73,1008.77
6619,595.62,27.92,27.69,43.72,1008.77
6620,595.71,27.92,27.68,43.74,1008.77
6621,595.80,27.91,27.68,43.75,1008.77
6622,595.89,27.92,27.69,43.74,1008.77
6623,595.98,27.91,27.70,43.75,1008.77
6624,596.07,27.91,27.69,43.75,1008.77
6625,596.16,27.91,27.68,43.75,1008.77
6626,596.25,27.91,27.68,43.75,1008.77
6627,596.34,27.92,27.68,43.74,1008.77
6628,596.43,27.91,27.68,43.73,1008.77
6629,596.52,27.91,27.68,43.72,1008.77
6630,596.61,27.91,27.68,43.75,1008.77
6631,596.70,27.92,27.69,43.76,1008.77
6632,596.79,27.92,27.70,43.76,1008.77
6633,596.88,27.92,27.70,43.77,1008.76
6634,596.97,27.92,27.70,43.78,1008.76
6635,597.06,27.92,27.71,43.78,1008.76
6636,597.15,27.92,27.71,43.77,1008.76
6637,597.24,27.91,27.70,43.77,1008.76
6638,597.33,27.92,27.69,43.76,1008.76
6639,597.42,27.91,27.69,43.76,1008.76
6640,597.51,27.91,27.69,43.76,1008.76
6641,597.60,27.91,27.68,43.78,1008.76
6642,597.69,27.90,27.68,43.78,1008.76
6643,597.78,27.90,27.69,43.78,1008.76
6644,597.87,27.90,27.69,43.79,1008.76
6645,597.96,27.91,27.69,43.77,1008.76
6646,598.05,27.91,27.69,43.76,1008.76
6647,598.14,27.91,27.69,43.77,1008.77
6648,598.23,27.91,27.69,43.77,1008.77
6649,598.32,27.91,27.69,43.74,1008.77
6650,598.41,27.90,27.69,43.75,1008.77
6651,598.50,27.91,27.69,43.76,1008.77
6652,598.59,27.91,27.70,43.75,1008.77
6653,598.68,27.91,27.69,43.76,1008.77
6654,598.77,27.91,27.70,43.77,1008.77
6655,598.86,27.91,27.71,43.78,1008.77
6656,598.95,27.91,27.71,43.80,1008.77
6657,599.04,27.92,27.71,43.79,1008.77
6658,599.13,27.91,27.71,43.78,1008.77
6659,599.22,27.91,27.71,43.77,1008.76
6660,599.31,27.91,27.69,43.75,1008.76
6661,599.40,27.91,27.70,43.73,1008.75
6662,599.49,27.91,27.71,43.70,1008.75
6663,599.58,27.91,27.70,43.69,1008.76
6664,599.67,27.91,27.70,43.68,1008.75
6665,599.76,27.91,27.70,43.69,1008.76
6666,599.85,27.90,27.70,43.68,1008.76
6667,599.94,27.90,27.71,43.67,1008.76
