Index,Relative Time (s),PT100 (degC),BME280 T (degC),Humidity (%),Pressure (hPa)
1,0.00,45.00,43.70,42.98,1008.88
2,0.09,44.98,43.49,42.98,1008.88
3,0.18,44.97,43.47,42.98,1008.88
4,0.27,44.96,43.47,43.01,1008.88
5,0.36,44.95,43.45,43.01,1008.88
6,0.45,44.93,43.44,43.02,1008.88
7,0.54,44.92,43.43,43.03,1008.88
8,0.63,44.91,43.42,43.05,1008.88
9,0.72,44.90,43.40,43.07,1008.87
10,0.81,44.88,43.40,43.08,1008.87
11,0.90,44.87,43.38,43.08,1008.87
12,0.99,44.86,43.37,43.11,1008.88
13,1.08,44.84,43.36,43.15,1008.87
14,1.17,44.83,43.34,43.17,1008.87
15,1.26,44.82,43.34,43.18,1008.87
16,1.35,44.80,43.32,43.19,1008.88
17,1.44,44.79,43.31,43.19,1008.88
18,1.53,44.78,43.30,43.20,1008.88
19,1.62,44.76,43.29,43.20,1008.88
20,1.71,44.75,43.28,43.20,1008.88
21,1.80,44.74,43.26,43.20,1008.88
22,1.89,44.72,43.26,43.20,1008.88
23,1.98,44.71,43.25,43.22,1008.88
24,2.07,44.70,43.23,43.22,1008.88
25,2.16,44.69,43.22,43.20,1008.88
26,2.25,44.68,43.22,43.20,1008.88
27,2.34,44.66,43.21,43.20,1008.88
28,2.43,44.66,43.19,43.22,1008.89
29,2.52,44.64,43.18,43.22,1008.89
30,2.61,44.62,43.17,43.22,1008.89
31,2.70,44.61,43.16,43.24,1008.89
32,2.79,44.60,43.14,43.23,1008.89
33,2.88,44.59,43.13,43.24,1008.89
34,2.97,44.57,43.12,43.24,1008.89
35,3.06,44.57,43.11,43.23,1008.89
36,3.15,44.55,43.09,43.24,1008.89
37,3.24,44.54,43.08,43.24,1008.89
38,3.33,44.53,43.07,43.25,1008.89
39,3.42,44.52,43.06,43.27,1008.89
40,3.51,44.51,43.05,43.25,1008.89
41,3.60,44.50,43.04,43.26,1008.89
42,3.69,44.49,43.03,43.27,1008.89
43,3.78,44.48,43.01,43.26,1008.89
44,3.87,44.46,43.01,43.28,1008.89
45,3.96,44.45,43.00,43.30,1008.89
46,4.05,44.44,42.98,43.31,1008.89
47,4.14,44.42,42.97,43.29,1008.89
48,4.23,44.41,42.96,43.29,1008.89
49,4.32,44.40,42.95,43.30,1008.89
50,4.41,44.39,42.94,43.29,1008.89
51,4.50,44.37,42.93,43.29,1008.89
52,4.59,44.36,42.91,43.30,1008.89
53,4.68,44.35,42.90,43.31,1008.89
54,4.77,44.34,42.89,43.31,1008.89
55,4.86,44.33,42.88,43.31,1008.89
56,4.95,44.32,42.86,43.33,1008.89
57,5.04,44.30,42.85,43.33,1008.89
58,5.13,44.29,42.83,43.32,1008.89
59,5.22,44.28,42.82,43.31,1008.88
60,5.31,44.27,42.80,43.32,1008.88
61,5.40,44.26,42.79,43.34,1008.88
62,5.49,44.24,42.77,43.33,1008.88
63,5.58,44.24,42.76,43.33,1008.88
64,5.67,44.22,42.75,43.34,1008.88
65,5.76,44.21,42.74,43.36,1008.88
66,5.85,44.20,42.73,43.37,1008.88
67,5.94,44.18,42.73,43.37,1008.88
68,6.03,44.17,42.72,43.36,1008.88
69,6.12,44.16,42.70,43.37,1008.88
70,6.21,44.15,42.69,43.39,1008.88
71,6.30,44.14,42.69,43.41,1008.88
72,6.39,44.13,42.67,43.43,1008.88
73,6.48,44.12,42.67,43.43,1008.88
74,6.57,44.11,42.65,43.44,1008.88
75,6.66,44.09,42.64,43.44,1008.88
76,6.75,44.08,42.62,43.44,1008.88
77,6.84,44.07,42.61,43.44,1008.88
78,6.93,44.06,42.60,43.44,1008.88
79,7.02,44.04,42.59,43.44,1008.89
80,7.11,44.03,42.57,43.43,1008.89
81,7.20,44.01,42.57,43.45,1008.89
82,7.29,44.00,42.56,43.46,1008.89
83,7.38,43.99,42.55,43.47,1008.89
84,7.47,43.98,42.53,43.46,1008.89
85,7.56,43.97,42.51,43.46,1008.89
86,7.65,43.95,42.50,43.48,1008.89
87,7.74,43.93,42.49,43.47,1008.89
88,7.83,43.92,42.47,43.47,1008.88
89,7.92,43.91,42.46,43.48,1008.89
90,8.01,43.90,42.45,43.48,1008.89
91,8.10,43.88,42.45,43.47,1008.89
92,8.19,43.87,42.43,43.47,1008.89
93,8.28,43.86,42.42,43.48,1008.89
94,8.37,43.85,42.42,43.49,1008.89
95,8.46,43.84,42.40,43.51,1008.89
96,8.55,43.82,42.39,43.52,1008.89
97,8.64,43.81,42.37,43.54,1008.89
98,8.73,43.80,42.36,43.54,1008.89
99,8.82,43.79,42.35,43.55,1008.89
100,8.91,43.78,42.34,43.57,1008.89
101,9.00,43.77,42.32,43.59,1008.89
102,9.09,43.75,42.30,43.58,1008.89
103,9.18,43.74,42.29,43.59,1008.89
104,9.27,43.73,42.29,43.60,1008.88
105,9.36,43.72,42.28,43.59,1008.88
106,9.45,43.71,42.27,43.60,1008.88
107,9.54,43.69,42.27,43.60,1008.88
108,9.63,43.68,42.26,43.60,1008.88
109,9.72,43.67,42.25,43.61,1008.88
110,9.81,43.65,42.24,43.61,1008.88
111,9.90,43.64,42.23,43.62,1008.88
112,9.99,43.62,42.22,43.64,1008.88
113,10.08,43.61,42.21,43.64,1008.88
114,10.17,43.60,42.20,43.65,1008.88
115,10.26,43.59,42.18,43.65,1008.88
116,10.35,43.58,42.18,43.65,1008.88
117,10.44,43.56,42.16,43.66,1008.88
118,10.53,43.55,42.16,43.64,1008.88
119,10.62,43.54,42.15,43.66,1008.88
120,10.71,43.53,42.14,43.65,1008.88
121,10.80,43.52,42.13,43.67,1008.89
122,10.89,43.51,42.11,43.67,1008.89
123,10.98,43.50,42.11,43.68,1008.89
124,11.07,43.49,42.10,43.71,1008.89
125,11.16,43.48,42.07,43.72,1008.89
126,11.25,43.47,42.06,43.74,1008.89
127,11.34,43.46,42.05,43.72,1008.89
128,11.43,43.45,42.04,43.71,1008.89
129,11.52,43.43,42.03,43.70,1008.89
130,11.61,43.41,42.02,43.71,1008.89
131,11.70,43.40,42.01,43.73,1008.89
132,11.79,43.40,41.99,43.73,1008.89
133,11.88,43.39,41.98,43.75,1008.89
134,11.97,43.38,41.98,43.76,1008.89
135,12.06,43.37,41.97,43.77,1008.89
136,12.15,43.36,41.97,43.77,1008.89
137,12.24,43.35,41.96,43.75,1008.89
138,12.33,43.33,41.95,43.78,1008.89
139,12.42,43.32,41.93,43.77,1008.89
140,12.51,43.30,41.92,43.79,1008.89
141,12.60,43.29,41.91,43.78,1008.89
142,12.69,43.28,41.90,43.79,1008.90
143,12.78,43.27,41.89,43.82,1008.90
144,12.87,43.26,41.88,43.81,1008.89
145,12.96,43.25,41.87,43.84,1008.90
146,13.05,43.25,41.86,43.81,1008.89
147,13.14,43.23,41.85,43.82,1008.89
148,13.23,43.22,41.83,43.81,1008.89
149,13.32,43.21,41.82,43.85,1008.89
150,13.41,43.20,41.81,43.94,1008.89
151,13.50,43.19,41.80,43.86,1008.89
152,13.59,43.17,41.79,43.88,1008.89
153,13.68,43.16,41.79,43.89,1008.89
154,13.77,43.15,41.78,43.91,1008.89
155,13.86,43.14,41.77,43.89,1008.89
156,13.95,43.13,41.76,43.88,1008.89
157,14.04,43.12,41.75,43.89,1008.88
158,14.13,43.11,41.74,43.89,1008.88
159,14.22,43.10,41.73,43.92,1008.88
160,14.31,43.09,41.72,43.92,1008.88
161,14.40,43.07,41.71,43.92,1008.88
162,14.49,43.07,41.70,43.91,1008.88
163,14.58,43.06,41.68,43.90,1008.88
164,14.67,43.04,41.67,43.89,1008.88
165,14.76,43.03,41.66,43.90,1008.88
166,14.85,43.02,41.65,43.91,1008.88
167,14.94,43.02,41.64,43.92,1008.88
168,15.03,43.01,41.63,43.92,1008.88
169,15.12,43.00,41.62,43.94,1008.88
170,15.21,42.98,41.61,43.96,1008.88
171,15.30,42.97,41.60,43.99,1008.88
172,15.39,42.96,41.60,44.00,1008.88
173,15.48,42.95,41.58,44.01,1008.88
174,15.57,42.93,41.57,44.00,1008.88
175,15.66,42.92,41.56,44.01,1008.88
176,15.75,42.90,41.55,44.03,1008.88
177,15.84,42.90,41.54,44.04,1008.88
178,15.93,42.88,41.53,44.02,1008.88
179,16.02,42.88,41.51,44.06,1008.87
180,16.11,42.86,41.50,44.07,1008.88
181,16.20,42.86,41.49,44.09,1008.88
182,16.29,42.84,41.48,44.08,1008.88
183,16.38,42.83,41.46,44.08,1008.88
184,16.47,42.82,41.45,44.08,1008.88
185,16.56,42.81,41.44,44.10,1008.88
186,16.65,42.80,41.43,44.10,1008.89
187,16.74,42.79,41.42,44.12,1008.89
188,16.83,42.78,41.40,44.13,1008.89
189,16.92,42.78,41.39,44.13,1008.89
190,17.01,42.77,41.39,44.10,1008.89
191,17.10,42.75,41.38,44.11,1008.89
192,17.19,42.74,41.36,44.11,1008.89
193,17.28,42.73,41.36,44.12,1008.89
194,17.37,42.72,41.35,44.13,1008.89
195,17.46,42.71,41.34,44.13,1008.89
196,17.55,42.69,41.33,44.14,1008.89
197,17.64,42.68,41.32,44.16,1008.90
198,17.73,42.67,41.30,44.16,1008.89
199,17.82,42.66,41.30,44.18,1008.89
200,17.91,42.66,41.28,44.20,1008.90
201,18.00,42.64,41.27,44.19,1008.90
202,18.09,42.63,41.26,44.19,1008.90
203,18.18,42.62,41.26,44.20,1008.90
204,18.27,42.61,41.25,44.21,1008.89
205,18.36,42.60,41.24,44.22,1008.90
206,18.45,42.59,41.23,44.19,1008.90
207,18.54,42.58,41.23,44.19,1008.90
208,18.63,42.57,41.22,44.21,1008.89
209,18.72,42.56,41.21,44.19,1008.89
210,18.81,42.55,41.20,44.19,1008.89
211,18.90,42.54,41.19,44.20,1008.89
212,18.99,42.54,41.18,44.20,1008.89
213,19.08,42.53,41.17,44.18,1008.89
214,19.17,42.51,41.15,44.20,1008.89
215,19.26,42.50,41.14,44.20,1008.89
216,19.35,42.49,41.13,44.20,1008.89
217,19.44,42.47,41.11,44.20,1008.89
218,19.53,42.46,41.10,44.20,1008.89
219,19.62,42.45,41.08,44.21,1008.89
220,19.71,42.43,41.07,44.23,1008.89
221,19.80,42.43,41.06,44.25,1008.89
222,19.89,42.42,41.05,44.27,1008.89
223,19.98,42.41,41.04,44.26,1008.89
224,20.07,42.40,41.03,44.24,1008.89
225,20.16,42.39,41.02,44.25,1008.89
226,20.25,42.38,41.01,44.23,1008.89
227,20.34,42.37,41.00,44.23,1008.89
228,20.43,42.36,40.99,44.21,1008.89
229,20.52,42.35,40.99,44.22,1008.89
230,20.61,42.34,40.98,44.24,1008.89
231,20.70,42.33,40.97,44.25,1008.89
232,20.79,42.32,40.96,44.24,1008.89
233,20.88,42.32,40.96,44.25,1008.89
234,20.97,42.31,40.94,44.24,1008.89
235,21.06,42.30,40.94,44.23,1008.89
236,21.15,42.29,40.93,44.24,1008.89
237,21.24,42.28,40.92,44.25,1008.89
238,21.33,42.26,40.91,44.25,1008.89
239,21.42,42.25,40.91,44.24,1008.89
240,21.51,42.24,40.90,44.25,1008.89
241,21.60,42.22,40.89,44.24,1008.89
242,21.69,42.22,40.87,44.25,1008.89
243,21.78,42.21,40.86,44.26,1008.89
244,21.87,42.20,40.85,44.26,1008.90
245,21.96,42.19,40.84,44.27,1008.89
246,22.05,42.17,40.84,44.27,1008.90
247,22.14,42.16,40.83,44.28,1008.90
248,22.23,42.15,40.82,44.28,1008.90
249,22.32,42.14,40.82,44.28,1008.90
250,22.41,42.13,40.81,44.27,1008.90
251,22.50,42.12,40.80,44.27,1008.90
252,22.59,42.12,40.79,44.28,1008.89
253,22.68,42.11,40.77,44.27,1008.89
254,22.77,42.10,40.76,44.27,1008.89
255,22.86,42.09,40.75,44.27,1008.89
256,22.95,42.07,40.74,44.26,1008.89
257,23.04,42.06,40.73,44.27,1008.89
258,23.13,42.04,40.72,44.28,1008.89
259,23.22,42.03,40.70,44.27,1008.89
260,23.31,42.02,40.69,44.29,1008.89
261,23.40,42.00,40.69,44.29,1008.89
262,23.49,41.99,40.67,44.31,1008.89
263,23.58,41.98,40.67,44.32,1008.89
264,23.67,41.97,40.66,44.32,1008.89
265,23.76,41.96,40.64,44.32,1008.89
266,23.85,41.95,40.63,44.30,1008.89
267,23.94,41.94,40.62,44.33,1008.88
268,24.03,41.93,40.61,44.33,1008.89
269,24.12,41.91,40.60,44.35,1008.88
270,24.21,41.91,40.59,44.36,1008.88
271,24.30,41.90,40.58,44.37,1008.88
272,24.39,41.89,40.58,44.38,1008.88
273,24.48,41.87,40.57,44.38,1008.88
274,24.57,41.86,40.56,44.41,1008.88
275,24.66,41.85,40.55,44.42,1008.88
276,24.75,41.84,40.53,44.42,1008.88
277,24.84,41.83,40.52,44.44,1008.88
278,24.93,41.83,40.51,44.44,1008.88
279,25.02,41.82,40.50,44.44,1008.88
280,25.11,41.80,40.49,44.44,1008.88
281,25.20,41.79,40.48,44.44,1008.88
282,25.29,41.77,40.47,44.43,1008.88
283,25.38,41.77,40.46,44.45,1008.88
284,25.47,41.76,40.44,44.47,1008.88
285,25.56,41.74,40.43,44.46,1008.88
286,25.65,41.74,40.42,44.45,1008.88
287,25.74,41.73,40.41,44.45,1008.88
288,25.83,41.72,40.41,44.47,1008.88
289,25.92,41.71,40.40,44.47,1008.88
290,26.01,41.69,40.39,44.47,1008.88
291,26.10,41.68,40.38,44.46,1008.88
292,26.19,41.67,40.38,44.48,1008.88
293,26.28,41.66,40.36,44.48,1008.89
294,26.37,41.64,40.35,44.49,1008.89
295,26.46,41.63,40.35,44.48,1008.89
296,26.55,41.62,40.34,44.48,1008.89
297,26.64,41.62,40.33,44.48,1008.89
298,26.73,41.61,40.32,44.50,1008.89
299,26.82,41.60,40.30,44.52,1008.89
300,26.91,41.59,40.29,44.53,1008.88
301,27.00,41.58,40.29,44.50,1008.88
302,27.09,41.57,40.28,44.52,1008.88
303,27.18,41.56,40.27,44.52,1008.88
304,27.27,41.56,40.26,44.51,1008.88
305,27.36,41.55,40.25,44.52,1008.88
306,27.45,41.54,40.24,44.52,1008.89
307,27.54,41.53,40.23,44.53,1008.89
308,27.63,41.52,40.22,44.54,1008.89
309,27.72,41.51,40.21,44.54,1008.89
310,27.81,41.50,40.20,44.54,1008.89
311,27.90,41.49,40.19,44.54,1008.89
312,27.99,41.47,40.18,44.55,1008.89
313,28.08,41.46,40.17,44.53,1008.88
314,28.17,41.45,40.16,44.52,1008.88
315,28.26,41.44,40.15,44.51,1008.88
316,28.35,41.43,40.14,44.51,1008.88
317,28.44,41.42,40.13,44.49,1008.88
318,28.53,41.42,40.12,44.48,1008.88
319,28.62,41.40,40.11,44.47,1008.88
320,28.71,41.39,40.10,44.47,1008.88
321,28.80,41.37,40.09,44.46,1008.88
322,28.89,41.37,40.08,44.47,1008.88
323,28.98,41.36,40.07,44.48,1008.87
324,29.07,41.34,40.06,44.50,1008.88
325,29.16,41.34,40.05,44.51,1008.88
326,29.25,41.32,40.04,44.50,1008.88
327,29.34,41.32,40.03,44.49,1008.88
328,29.43,41.30,40.02,44.50,1008.88
329,29.52,41.30,40.01,44.49,1008.87
330,29.61,41.28,39.99,44.50,1008.87
331,29.70,41.27,39.98,44.52,1008.87
332,29.79,41.26,39.97,44.51,1008.87
333,29.88,41.25,39.97,44.50,1008.87
334,29.97,41.25,39.97,44.49,1008.87
335,30.06,41.24,39.97,44.52,1008.87
336,30.15,41.23,39.96,44.51,1008.87
337,30.24,41.22,39.95,44.54,1008.87
338,30.33,41.21,39.94,44.57,1008.87
339,30.42,41.20,39.93,44.58,1008.87
340,30.51,41.19,39.92,44.60,1008.87
341,30.60,41.18,39.91,44.62,1008.87
342,30.69,41.17,39.90,44.64,1008.87
343,30.78,41.16,39.89,44.66,1008.87
344,30.87,41.15,39.88,44.67,1008.87
345,30.96,41.14,39.87,44.70,1008.87
346,31.05,41.13,39.86,44.69,1008.87
347,31.14,41.12,39.86,44.69,1008.87
348,31.23,41.11,39.85,44.70,1008.87
349,31.32,41.10,39.84,44.70,1008.88
350,31.41,41.10,39.84,44.71,1008.88
351,31.50,41.09,39.83,44.69,1008.88
352,31.59,41.08,39.81,44.69,1008.88
353,31.68,41.07,39.80,44.71,1008.88
354,31.77,41.06,39.79,44.72,1008.88
355,31.86,41.05,39.79,44.73,1008.88
356,31.95,41.04,39.78,44.73,1008.89
357,32.04,41.03,39.77,44.73,1008.88
358,32.13,41.01,39.76,44.74,1008.89
359,32.22,40.99,39.76,44.74,1008.89
360,32.31,40.99,39.75,44.73,1008.89
361,32.40,40.98,39.74,44.75,1008.88
362,32.49,40.97,39.74,44.74,1008.88
363,32.58,40.96,39.73,44.76,1008.89
364,32.67,40.94,39.72,44.77,1008.89
365,32.76,40.94,39.71,44.75,1008.89
366,32.85,40.93,39.70,44.73,1008.89
367,32.94,40.92,39.69,44.74,1008.89
368,33.03,40.91,39.68,44.75,1008.89
369,33.12,40.90,39.68,44.74,1008.89
370,33.21,40.90,39.67,44.72,1008.89
371,33.30,40.89,39.66,44.73,1008.89
372,33.39,40.88,39.65,44.73,1008.89
373,33.48,40.87,39.64,44.73,1008.89
374,33.57,40.86,39.63,44.72,1008.89
375,33.66,40.85,39.61,44.74,1008.89
376,33.75,40.84,39.61,44.73,1008.89
377,33.84,40.83,39.59,44.74,1008.89
378,33.93,40.82,39.53,44.75,1008.89
379,34.02,40.81,39.58,44.77,1008.88
380,34.11,40.81,39.57,44.76,1008.89
381,34.20,40.80,39.56,44.76,1008.88
382,34.29,40.79,39.55,44.75,1008.88
383,34.38,40.79,39.54,44.76,1008.88
384,34.47,40.78,39.53,44.79,1008.88
385,34.56,40.77,39.53,44.78,1008.88
386,34.65,40.76,39.52,44.76,1008.88
387,34.74,40.75,39.51,44.75,1008.88
388,34.83,40.74,39.49,44.75,1008.88
389,34.92,40.73,39.48,44.77,1008.88
390,35.01,40.72,39.47,44.76,1008.88
391,35.10,40.70,39.47,44.75,1008.88
392,35.19,40.69,39.46,44.76,1008.88
393,35.28,40.68,39.46,44.78,1008.88
394,35.37,40.68,39.45,44.79,1008.89
395,35.46,40.67,39.43,44.78,1008.89
396,35.55,40.66,39.43,44.78,1008.89
397,35.64,40.66,39.41,44.78,1008.88
398,35.73,40.65,39.40,44.77,1008.88
399,35.82,40.64,39.39,44.77,1008.88
400,35.91,40.63,39.38,44.76,1008.88
401,36.00,40.63,39.37,44.75,1008.88
402,36.09,40.61,39.36,44.75,1008.89
403,36.18,40.60,39.36,44.75,1008.89
404,36.27,40.59,39.35,44.75,1008.89
405,36.36,40.58,39.34,44.76,1008.88
406,36.45,40.57,39.33,44.76,1008.88
407,36.54,40.56,39.33,44.76,1008.88
408,36.63,40.55,39.32,44.76,1008.89
409,36.72,40.55,39.32,44.78,1008.89
410,36.81,40.54,39.31,44.77,1008.89
411,36.90,40.52,39.30,44.78,1008.89
412,36.99,40.52,39.29,44.77,1008.89
413,37.08,40.51,39.28,44.77,1008.89
414,37.17,40.50,39.27,44.76,1008.89
415,37.26,40.49,39.25,44.75,1008.89
416,37.35,40.48,39.24,44.75,1008.89
417,37.44,40.47,39.23,44.74,1008.89
418,37.53,40.46,39.22,44.75,1008.89
419,37.62,40.45,39.21,44.75,1008.89
420,37.71,40.44,39.21,44.76,1008.89
421,37.80,40.43,39.20,44.76,1008.89
422,37.89,40.42,39.19,44.74,1008.89
423,37.98,40.40,39.18,44.75,1008.89
424,38.07,40.40,39.17,44.76,1008.89
425,38.16,40.39,39.16,44.76,1008.89
426,38.25,40.38,39.15,44.76,1008.89
427,38.34,40.38,39.14,44.75,1008.89
428,38.43,40.36,39.13,44.74,1008.89
429,38.52,40.36,39.12,44.75,1008.89
430,38.61,40.35,39.11,44.76,1008.89
431,38.70,40.34,39.11,44.76,1008.89
432,38.79,40.33,39.10,44.77,1008.89
433,38.88,40.32,39.09,44.76,1008.89
434,38.97,40.32,39.08,44.79,1008.89
435,39.06,40.31,39.07,44.77,1008.89
436,39.15,40.30,39.06,44.77,1008.89
437,39.24,40.30,39.05,44.79,1008.89
438,39.33,40.28,39.05,44.79,1008.89
439,39.42,40.27,39.05,44.79,1008.89
440,39.51,40.26,39.04,44.78,1008.89
441,39.60,40.25,39.03,44.78,1008.89
442,39.69,40.24,39.02,44.79,1008.89
443,39.78,40.23,39.01,44.79,1008.89
444,39.87,40.22,39.00,44.79,1008.89
445,39.96,40.21,39.00,44.79,1008.89
446,40.05,40.19,39.00,44.77,1008.89
447,40.14,40.19,38.99,44.79,1008.89
448,40.23,40.18,38.98,44.80,1008.89
449,40.32,40.17,38.97,44.79,1008.89
450,40.41,40.15,38.96,44.80,1008.89
451,40.50,40.14,38.95,44.80,1008.89
452,40.59,40.14,38.94,44.81,1008.89
453,40.68,40.13,38.94,44.81,1008.89
454,40.77,40.12,38.92,44.79,1008.89
455,40.86,40.11,38.92,44.79,1008.89
456,40.95,40.10,38.91,44.80,1008.89
457,41.04,40.10,38.90,44.79,1008.89
458,41.13,40.09,38.89,44.78,1008.89
459,41.22,40.08,38.88,44.77,1008.89
460,41.31,40.08,38.87,44.78,1008.89
461,41.40,40.07,38.86,44.76,1008.89
462,41.49,40.07,38.85,44.75,1008.90
463,41.58,40.06,38.84,44.76,1008.89
464,41.67,40.05,38.83,44.77,1008.89
465,41.76,40.05,38.83,44.78,1008.89
466,41.85,40.04,38.82,44.80,1008.89
467,41.94,40.03,38.81,44.79,1008.90
468,42.03,40.02,38.80,44.78,1008.89
469,42.12,40.01,38.79,44.78,1008.89
470,42.21,40.01,38.78,44.78,1008.89
471,42.30,39.99,38.77,44.80,1008.89
472,42.39,39.98,38.77,44.81,1008.89
473,42.48,39.97,38.76,44.81,1008.89
474,42.57,39.96,38.74,44.81,1008.89
475,42.66,39.94,38.73,44.80,1008.89
476,42.75,39.94,38.71,44.80,1008.89
477,42.84,39.93,38.71,44.79,1008.89
478,42.93,39.91,38.70,44.80,1008.89
479,43.02,39.91,38.70,44.79,1008.89
480,43.11,39.91,38.69,44.79,1008.89
481,43.20,39.90,38.69,44.81,1008.89
482,43.29,39.89,38.67,44.80,1008.88
483,43.38,39.89,38.67,44.81,1008.88
484,43.47,39.88,38.67,44.80,1008.89
485,43.56,39.87,38.66,44.81,1008.89
486,43.65,39.87,38.65,44.81,1008.88
487,43.74,39.86,38.63,44.82,1008.89
488,43.83,39.84,38.61,44.82,1008.89
489,43.92,39.83,38.61,44.82,1008.88
490,44.01,39.82,38.61,44.82,1008.88
491,44.10,39.82,38.61,44.83,1008.88
492,44.19,39.81,38.60,44.84,1008.88
493,44.28,39.80,38.58,44.87,1008.88
494,44.37,39.79,38.57,44.87,1008.88
495,44.46,39.78,38.57,44.87,1008.88
496,44.55,39.76,38.56,44.87,1008.88
497,44.64,39.76,38.55,44.88,1008.88
498,44.73,39.74,38.55,44.89,1008.88
499,44.82,39.73,38.54,44.91,1008.88
500,44.91,39.73,38.54,44.90,1008.88
501,45.00,39.72,38.53,44.90,1008.88
502,45.09,39.70,38.52,44.90,1008.89
503,45.18,39.70,38.51,44.91,1008.88
504,45.27,39.69,38.51,44.91,1008.88
505,45.36,39.69,38.50,44.92,1008.88
506,45.45,39.67,38.49,44.91,1008.89
507,45.54,39.66,38.47,44.91,1008.89
508,45.63,39.65,38.46,44.91,1008.88
509,45.72,39.63,38.44,44.92,1008.89
510,45.81,39.63,38.43,44.95,1008.89
511,45.90,39.61,38.42,44.95,1008.89
512,45.99,39.60,38.41,44.95,1008.89
513,46.08,39.60,38.40,44.96,1008.89
514,46.17,39.59,38.39,44.96,1008.89
515,46.26,39.58,38.37,44.96,1008.89
516,46.35,39.58,38.35,44.95,1008.89
517,46.44,39.57,38.34,44.97,1008.89
518,46.53,39.55,38.33,44.96,1008.89
519,46.62,39.55,38.32,44.95,1008.89
520,46.71,39.54,38.30,44.96,1008.89
521,46.80,39.53,38.28,44.95,1008.90
522,46.89,39.53,38.28,44.93,1008.90
523,46.98,39.52,38.26,44.91,1008.90
524,47.07,39.51,38.26,44.93,1008.90
525,47.16,39.50,38.26,44.91,1008.90
526,47.25,39.48,38.26,44.92,1008.90
527,47.34,39.47,38.26,44.89,1008.90
528,47.43,39.47,38.26,44.88,1008.90
529,47.52,39.46,38.26,44.89,1008.89
530,47.61,39.45,38.26,44.89,1008.89
531,47.70,39.44,38.26,44.86,1008.89
532,47.79,39.43,38.25,44.88,1008.89
533,47.88,39.43,38.25,44.87,1008.89
534,47.97,39.42,38.24,44.88,1008.89
535,48.06,39.41,38.24,44.87,1008.89
536,48.15,39.40,38.23,44.87,1008.89
537,48.24,39.39,38.22,44.87,1008.89
538,48.33,39.38,38.20,44.88,1008.88
539,48.42,39.37,38.20,44.88,1008.88
540,48.51,39.36,38.19,44.88,1008.88
541,48.60,39.35,38.18,44.88,1008.88
542,48.69,39.35,38.18,44.87,1008.88
543,48.78,39.34,38.18,44.87,1008.88
544,48.87,39.34,38.17,44.89,1008.88
545,48.96,39.33,38.16,44.90,1008.88
546,49.05,39.32,38.15,44.90,1008.88
547,49.14,39.31,38.14,44.90,1008.88
548,49.23,39.30,38.14,44.91,1008.88
549,49.32,39.29,38.13,44.91,1008.88
550,49.41,39.28,38.12,44.90,1008.88
551,49.50,39.27,38.11,44.89,1008.88
552,49.59,39.27,38.11,44.88,1008.88
553,49.68,39.25,38.10,44.88,1008.88
554,49.77,39.25,38.10,44.88,1008.88
555,49.86,39.24,38.09,44.89,1008.88
556,49.95,39.23,38.09,44.88,1008.88
557,50.04,39.22,38.07,44.89,1008.88
558,50.13,39.21,38.07,44.90,1008.88
559,50.22,39.20,38.06,44.73,1008.88
560,50.31,39.20,38.05,44.86,1008.88
561,50.40,39.18,38.05,44.91,1008.88
562,50.49,39.18,38.04,44.95,1008.88
563,50.58,39.16,38.02,44.95,1008.88
564,50.67,39.15,38.01,44.96,1008.88
565,50.76,39.15,38.01,44.95,1008.88
566,50.85,39.14,38.00,44.95,1008.88
567,50.94,39.13,38.00,44.96,1008.88
568,51.03,39.12,37.99,44.99,1008.89
569,51.12,39.11,37.99,45.01,1008.89
570,51.21,39.10,37.98,45.02,1008.89
571,51.30,39.09,37.97,45.02,1008.89
572,51.39,39.08,37.96,45.02,1008.89
573,51.48,39.07,37.96,44.98,1008.89
574,51.57,39.07,37.95,44.99,1008.89
575,51.66,39.06,37.94,45.01,1008.89
576,51.75,39.05,37.94,45.03,1008.90
577,51.84,39.04,37.93,45.04,1008.90
578,51.93,39.03,37.93,45.03,1008.90
579,52.02,39.03,37.93,45.04,1008.90
580,52.11,39.03,37.92,45.03,1008.90
581,52.20,39.02,37.91,45.05,1008.90
582,52.29,39.00,37.91,45.03,1008.90
583,52.38,39.00,37.90,45.05,1008.90
584,52.47,38.99,37.89,45.06,1008.90
585,52.56,38.98,37.89,45.05,1008.90
586,52.65,38.98,37.88,45.04,1008.90
587,52.74,38.97,37.88,45.06,1008.90
588,52.83,38.96,37.86,45.08,1008.90
589,52.92,38.95,37.85,45.07,1008.90
590,53.01,38.94,37.84,45.06,1008.89
591,53.10,38.93,37.83,45.06,1008.90
592,53.19,38.91,37.82,45.07,1008.89
593,53.28,38.90,37.81,45.06,1008.89
594,53.37,38.89,37.80,45.07,1008.89
595,53.46,38.88,37.78,45.08,1008.89
596,53.55,38.88,37.77,45.06,1008.89
597,53.64,38.87,37.76,45.05,1008.89
598,53.73,38.87,37.75,45.05,1008.89
599,53.82,38.86,37.75,45.03,1008.89
600,53.91,38.85,37.74,45.02,1008.89
601,54.00,38.84,37.73,45.04,1008.89
602,54.09,38.83,37.72,45.03,1008.89
603,54.18,38.82,37.72,45.02,1008.89
604,54.27,38.82,37.70,45.02,1008.89
605,54.36,38.81,37.70,45.00,1008.89
606,54.45,38.81,37.69,45.01,1008.88
607,54.54,38.80,37.68,45.00,1008.88
608,54.63,38.79,37.68,44.99,1008.88
609,54.72,38.78,37.67,44.98,1008.88
610,54.81,38.77,37.67,44.96,1008.88
611,54.90,38.77,37.66,44.95,1008.88
612,54.99,38.76,37.66,44.95,1008.88
613,55.08,38.76,37.66,44.95,1008.88
614,55.17,38.75,37.65,44.95,1008.88
615,55.26,38.74,37.65,44.96,1008.89
616,55.35,38.73,37.63,44.95,1008.88
617,55.44,38.72,37.62,44.94,1008.88
618,55.53,38.71,37.60,44.95,1008.88
619,55.62,38.71,37.59,44.96,1008.88
620,55.71,38.71,37.59,44.96,1008.88
621,55.80,38.70,37.59,44.97,1008.88
622,55.89,38.69,37.58,44.95,1008.89
623,55.98,38.68,37.58,44.93,1008.89
624,56.07,38.68,37.57,44.94,1008.89
625,56.16,38.67,37.56,44.94,1008.89
626,56.25,38.66,37.56,44.94,1008.89
627,56.34,38.65,37.55,44.94,1008.89
628,56.43,38.64,37.54,44.95,1008.89
629,56.52,38.63,37.53,44.94,1008.89
630,56.61,38.62,37.51,44.94,1008.89
631,56.70,38.61,37.51,44.94,1008.89
632,56.79,38.61,37.50,44.94,1008.89
633,56.88,38.60,37.50,44.95,1008.89
634,56.97,38.60,37.49,44.97,1008.89
635,57.06,38.58,37.48,45.00,1008.89
636,57.15,38.57,37.47,45.02,1008.89
637,57.24,38.56,37.46,45.01,1008.89
638,57.33,38.56,37.46,45.01,1008.89
639,57.42,38.55,37.46,45.03,1008.90
640,57.51,38.54,37.45,45.05,1008.90
641,57.60,38.54,37.44,45.04,1008.90
642,57.69,38.53,37.43,45.06,1008.90
643,57.78,38.52,37.42,45.04,1008.90
644,57.87,38.52,37.41,45.05,1008.90
645,57.96,38.52,37.41,45.06,1008.90
646,58.05,38.51,37.41,45.07,1008.90
647,58.14,38.50,37.40,45.05,1008.90
648,58.23,38.49,37.40,45.06,1008.89
649,58.32,38.48,37.39,45.05,1008.90
650,58.41,38.47,37.38,45.08,1008.89
651,58.50,38.47,37.38,45.08,1008.89
652,58.59,38.46,37.37,45.10,1008.89
653,58.68,38.45,37.36,45.11,1008.89
654,58.77,38.44,37.35,45.10,1008.89
655,58.86,38.43,37.35,45.11,1008.89
656,58.95,38.42,37.33,45.11,1008.89
657,59.04,38.41,37.32,45.12,1008.89
658,59.13,38.40,37.32,45.13,1008.89
659,59.22,38.40,37.32,45.13,1008.89
660,59.31,38.38,37.31,45.11,1008.89
661,59.40,38.38,37.31,45.12,1008.89
662,59.49,38.37,37.30,45.14,1008.89
663,59.58,38.37,37.29,45.12,1008.89
664,59.67,38.36,37.28,45.13,1008.89
665,59.76,38.35,37.27,45.14,1008.89
666,59.85,38.33,37.26,45.13,1008.89
667,59.94,38.32,37.26,45.11,1008.89
668,60.03,38.31,37.25,45.11,1008.88
669,60.12,38.31,37.25,45.12,1008.88
670,60.21,38.30,37.25,45.11,1008.88
671,60.30,38.28,37.24,45.10,1008.88
672,60.39,38.27,37.23,45.14,1008.88
673,60.48,38.26,37.23,45.15,1008.88
674,60.57,38.25,37.22,45.15,1008.88
675,60.66,38.25,37.22,45.15,1008.88
676,60.75,38.25,37.21,45.16,1008.89
677,60.84,38.24,37.20,45.16,1008.88
678,60.93,38.23,37.19,45.18,1008.88
679,61.02,38.23,37.18,45.19,1008.88
680,61.11,38.22,37.18,45.19,1008.88
681,61.20,38.21,37.17,45.19,1008.88
682,61.29,38.20,37.17,45.19,1008.88
683,61.38,38.20,37.15,45.18,1008.89
684,61.47,38.19,37.15,45.19,1008.88
685,61.56,38.19,37.14,45.21,1008.88
686,61.65,38.18,37.13,45.21,1008.88
687,61.74,38.17,37.13,45.22,1008.88
688,61.83,38.17,37.11,45.23,1008.88
689,61.92,38.16,37.10,45.23,1008.88
690,62.01,38.15,37.10,45.24,1008.88
691,62.10,38.14,37.09,45.24,1008.88
692,62.19,38.14,37.08,45.24,1008.88
693,62.28,38.14,37.08,45.23,1008.88
694,62.37,38.13,37.07,45.22,1008.88
695,62.46,38.12,37.06,45.23,1008.88
696,62.55,38.11,37.05,45.23,1008.88
697,62.64,38.11,37.04,45.24,1008.88
698,62.73,38.10,37.03,45.23,1008.88
699,62.82,38.08,37.03,45.20,1008.88
700,62.91,38.07,37.01,45.19,1008.88
701,63.00,38.06,37.00,45.20,1008.87
702,63.09,38.05,37.00,45.22,1008.87
703,63.18,38.05,36.99,45.21,1008.88
704,63.27,38.04,36.98,45.21,1008.87
705,63.36,38.03,36.97,45.20,1008.87
706,63.45,38.03,36.97,45.19,1008.88
707,63.54,38.02,36.96,45.18,1008.88
708,63.63,38.01,36.96,45.18,1008.88
709,63.72,38.01,36.95,45.18,1008.88
710,63.81,38.00,36.94,45.19,1008.87
711,63.90,37.99,36.94,45.19,1008.87
712,63.99,37.98,36.94,45.18,1008.87
713,64.08,37.97,36.93,45.19,1008.88
714,64.17,37.97,36.92,45.18,1008.88
715,64.26,37.96,36.92,45.19,1008.88
716,64.35,37.96,36.91,45.21,1008.88
717,64.44,37.95,36.91,45.20,1008.87
718,64.53,37.95,36.89,45.20,1008.88
719,64.62,37.94,36.89,45.19,1008.88
720,64.71,37.94,36.88,45.19,1008.88
721,64.80,37.92,36.87,45.18,1008.88
722,64.89,37.91,36.85,45.17,1008.88
723,64.98,37.90,36.85,45.18,1008.88
724,65.07,37.90,36.84,45.14,1008.88
725,65.16,37.88,36.84,45.14,1008.88
726,65.25,37.87,36.83,45.13,1008.88
727,65.34,37.87,36.83,45.15,1008.88
728,65.43,37.86,36.75,45.15,1008.88
729,65.52,37.86,36.82,45.15,1008.88
730,65.61,37.86,36.81,45.15,1008.88
731,65.70,37.85,36.80,45.17,1008.88
732,65.79,37.84,36.79,45.16,1008.88
733,65.88,37.83,36.78,45.17,1008.88
734,65.97,37.82,36.78,45.19,1008.88
735,66.06,37.81,36.78,45.19,1008.88
736,66.15,37.80,36.77,45.19,1008.88
737,66.24,37.79,36.76,45.18,1008.88
738,66.33,37.79,36.75,45.18,1008.88
739,66.42,37.78,36.74,45.19,1008.88
740,66.51,37.77,36.73,45.20,1008.88
741,66.60,37.76,36.73,45.21,1008.88
742,66.69,37.76,36.73,45.20,1008.88
743,66.78,37.75,36.71,45.17,1008.88
744,66.87,37.74,36.70,45.18,1008.88
745,66.96,37.74,36.70,45.18,1008.88
746,67.05,37.74,36.69,45.18,1008.88
747,67.14,37.73,36.68,45.18,1008.88
748,67.23,37.72,36.67,45.19,1008.88
749,67.32,37.72,36.66,45.20,1008.88
750,67.41,37.71,36.66,45.20,1008.88
751,67.50,37.70,36.65,45.20,1008.88
752,67.59,37.70,36.65,45.20,1008.88
753,67.68,37.69,36.64,45.20,1008.88
754,67.77,37.68,36.63,45.20,1008.88
755,67.86,37.67,36.63,45.21,1008.87
756,67.95,37.66,36.62,45.22,1008.87
757,68.04,37.66,36.62,45.23,1008.87
758,68.13,37.65,36.62,45.22,1008.87
759,68.22,37.64,36.60,45.22,1008.87
760,68.31,37.63,36.60,45.21,1008.87
761,68.40,37.62,36.60,45.21,1008.87
762,68.49,37.62,36.59,45.22,1008.87
763,68.58,37.61,36.59,45.23,1008.87
764,68.67,37.60,36.58,45.23,1008.87
765,68.76,37.59,36.58,45.24,1008.87
766,68.85,37.59,36.58,45.24,1008.87
767,68.94,37.58,36.58,45.25,1008.87
768,69.03,37.58,36.58,45.26,1008.87
769,69.12,37.58,36.58,45.28,1008.87
770,69.21,37.57,36.58,45.30,1008.87
771,69.30,37.57,36.58,45.31,1008.87
772,69.39,37.56,36.58,45.31,1008.87
773,69.48,37.55,36.57,45.31,1008.87
774,69.57,37.54,36.56,45.28,1008.87
775,69.66,37.53,36.55,45.28,1008.87
776,69.75,37.53,36.55,45.28,1008.88
777,69.84,37.52,36.54,45.29,1008.88
778,69.93,37.51,36.54,45.30,1008.88
779,70.02,37.50,36.53,45.31,1008.88
780,70.11,37.49,36.52,45.34,1008.88
781,70.20,37.49,36.52,45.34,1008.88
782,70.29,37.48,36.51,45.34,1008.88
783,70.38,37.48,36.51,45.33,1008.89
784,70.47,37.48,36.50,45.33,1008.89
785,70.56,37.47,36.48,45.33,1008.89
786,70.65,37.46,36.47,45.32,1008.89
787,70.74,37.46,36.46,45.31,1008.89
788,70.83,37.45,36.45,45.31,1008.89
789,70.92,37.44,36.45,45.31,1008.90
790,71.01,37.43,36.44,45.30,1008.90
791,71.10,37.43,36.43,45.31,1008.90
792,71.19,37.42,36.42,45.30,1008.90
793,71.28,37.41,36.40,45.30,1008.90
794,71.37,37.41,36.39,45.31,1008.90
795,71.46,37.40,36.38,45.32,1008.90
796,71.55,37.39,36.38,45.33,1008.90
797,71.64,37.38,36.36,45.33,1008.90
798,71.73,37.37,36.35,45.33,1008.91
799,71.82,37.36,36.34,45.33,1008.90
800,71.91,37.35,36.33,45.34,1008.91
801,72.00,37.35,36.32,45.34,1008.90
802,72.09,37.34,36.31,45.35,1008.90
803,72.18,37.34,36.30,45.37,1008.90
804,72.27,37.33,36.29,45.38,1008.90
805,72.36,37.32,36.29,45.37,1008.90
806,72.45,37.31,36.28,45.36,1008.90
807,72.54,37.30,36.28,45.35,1008.90
808,72.63,37.30,36.28,45.35,1008.90
809,72.72,37.29,36.27,45.34,1008.90
810,72.81,37.29,36.27,45.33,1008.90
811,72.90,37.28,36.26,45.34,1008.90
812,72.99,37.27,36.25,45.34,1008.90
813,73.08,37.26,36.24,45.34,1008.90
814,73.17,37.25,36.24,45.33,1008.90
815,73.26,37.25,36.22,45.32,1008.90
816,73.35,37.24,36.22,45.33,1008.89
817,73.44,37.24,36.21,45.33,1008.90
818,73.53,37.23,36.21,45.33,1008.89
819,73.62,37.22,36.20,45.32,1008.90
820,73.71,37.22,36.20,45.33,1008.90
821,73.80,37.21,36.19,45.32,1008.89
822,73.89,37.20,36.18,45.32,1008.89
823,73.98,37.19,36.18,45.29,1008.89
824,74.07,37.19,36.17,45.31,1008.89
825,74.16,37.18,36.16,45.31,1008.89
826,74.25,37.17,36.15,45.33,1008.89
827,74.34,37.16,36.14,45.33,1008.89
828,74.43,37.15,36.12,45.33,1008.89
829,74.52,37.15,36.12,45.34,1008.89
830,74.61,37.14,36.11,45.34,1008.89
831,74.70,37.14,36.11,45.36,1008.89
832,74.79,37.13,36.15,45.38,1008.89
833,74.88,37.12,36.09,45.39,1008.89
834,74.97,37.11,36.09,45.40,1008.89
835,75.06,37.11,36.09,45.41,1008.89
836,75.15,37.10,36.08,45.42,1008.89
837,75.24,37.09,36.07,45.41,1008.89
838,75.33,37.09,36.06,45.42,1008.89
839,75.42,37.09,36.07,45.41,1008.89
840,75.51,37.08,36.06,45.40,1008.89
841,75.60,37.07,36.06,45.39,1008.89
842,75.69,37.06,36.05,45.41,1008.90
843,75.78,37.05,36.04,45.43,1008.90
844,75.87,37.04,36.03,45.43,1008.90
845,75.96,37.03,36.03,45.44,1008.90
846,76.05,37.02,36.02,45.45,1008.90
847,76.14,37.02,36.01,45.44,1008.89
848,76.23,37.01,36.01,45.44,1008.90
849,76.32,37.00,36.00,45.44,1008.90
850,76.41,37.00,36.00,45.43,1008.90
851,76.50,36.99,36.00,45.41,1008.90
852,76.59,36.98,35.98,45.42,1008.90
853,76.68,36.97,35.98,45.42,1008.90
854,76.77,36.97,35.96,45.40,1008.90
855,76.86,36.97,35.96,45.40,1008.90
856,76.95,36.96,35.95,45.40,1008.90
857,77.04,36.95,35.95,45.40,1008.90
858,77.13,36.95,35.94,45.40,1008.90
859,77.22,36.94,35.93,45.40,1008.90
860,77.31,36.93,35.93,45.39,1008.90
861,77.40,36.93,35.92,45.38,1008.90
862,77.49,36.92,35.91,45.42,1008.90
863,77.58,36.92,35.91,45.41,1008.90
864,77.67,36.92,35.90,45.41,1008.90
865,77.76,36.91,35.90,45.41,1008.90
866,77.85,36.90,35.89,45.40,1008.90
867,77.94,36.89,35.88,45.42,1008.90
868,78.03,36.88,35.88,45.42,1008.90
869,78.12,36.88,35.87,45.42,1008.90
870,78.21,36.87,35.87,45.43,1008.90
871,78.30,36.86,35.85,45.42,1008.90
872,78.39,36.86,35.85,45.42,1008.90
873,78.48,36.85,35.84,45.42,1008.90
874,78.57,36.84,35.83,45.43,1008.90
875,78.66,36.83,35.83,45.45,1008.90
876,78.75,36.83,35.81,45.43,1008.90
877,78.84,36.82,35.81,45.45,1008.90
878,78.93,36.82,35.80,45.46,1008.90
879,79.02,36.81,35.80,45.44,1008.90
880,79.11,36.80,35.80,45.45,1008.89
881,79.20,36.80,35.79,45.44,1008.90
882,79.29,36.79,35.80,45.44,1008.90
883,79.38,36.78,35.80,45.46,1008.90
884,79.47,36.77,35.78,45.44,1008.90
885,79.56,36.76,35.79,45.45,1008.91
886,79.65,36.76,35.79,45.47,1008.91
887,79.74,36.75,35.78,45.46,1008.92
888,79.83,36.75,35.77,45.44,1008.92
889,79.92,36.74,35.77,45.42,1008.92
890,80.01,36.74,35.76,45.42,1008.92
891,80.10,36.73,35.76,45.42,1008.92
892,80.19,36.72,35.75,45.40,1008.92
893,80.28,36.72,35.75,45.41,1008.92
894,80.37,36.71,35.75,45.41,1008.92
895,80.46,36.71,35.74,45.41,1008.91
896,80.55,36.70,35.73,45.40,1008.91
897,80.64,36.69,35.73,45.41,1008.91
898,80.73,36.69,35.72,45.41,1008.91
899,80.82,36.68,35.72,45.40,1008.91
900,80.91,36.68,35.71,45.42,1008.91
901,81.00,36.67,35.70,45.45,1008.91
902,81.09,36.67,35.69,45.45,1008.91
903,81.18,36.66,35.69,45.46,1008.91
904,81.27,36.65,35.68,45.45,1008.91
905,81.36,36.64,35.68,45.69,1008.91
906,81.45,36.64,35.68,45.55,1008.90
907,81.54,36.63,35.67,45.50,1008.90
908,81.63,36.63,35.67,45.45,1008.90
909,81.72,36.62,35.66,45.45,1008.90
910,81.81,36.61,35.66,45.46,1008.89
911,81.90,36.61,35.66,45.46,1008.89
912,81.99,36.61,35.65,45.46,1008.89
913,82.08,36.60,35.65,45.46,1008.89
914,82.17,36.59,35.64,45.47,1008.89
915,82.26,36.59,35.63,45.45,1008.89
916,82.35,36.58,35.63,45.45,1008.89
917,82.44,36.58,35.62,45.46,1008.89
918,82.53,36.57,35.61,45.46,1008.89
919,82.62,36.57,35.60,45.45,1008.89
920,82.71,36.56,35.60,45.48,1008.89
921,82.80,36.56,35.58,45.49,1008.89
922,82.89,36.56,35.57,45.51,1008.88
923,82.98,36.55,35.57,45.49,1008.88
924,83.07,36.54,35.57,45.51,1008.88
925,83.16,36.53,35.57,45.50,1008.88
926,83.25,36.52,35.57,45.51,1008.88
927,83.34,36.51,35.56,45.51,1008.88
928,83.43,36.51,35.55,45.49,1008.88
929,83.52,36.50,35.54,45.49,1008.88
930,83.61,36.50,35.54,45.48,1008.88
931,83.70,36.49,35.53,45.49,1008.88
932,83.79,36.49,35.52,45.49,1008.88
933,83.88,36.48,35.52,45.48,1008.88
934,83.97,36.47,35.52,45.47,1008.88
935,84.06,36.47,35.51,45.46,1008.88
936,84.15,36.46,35.50,45.45,1008.88
937,84.24,36.45,35.49,45.43,1008.88
938,84.33,36.45,35.49,45.44,1008.88
939,84.42,36.44,35.49,45.43,1008.88
940,84.51,36.43,35.49,45.43,1008.88
941,84.60,36.42,35.48,45.43,1008.88
942,84.69,36.42,35.47,45.45,1008.88
943,84.78,36.41,35.47,45.45,1008.89
944,84.87,36.41,35.46,45.45,1008.89
945,84.96,36.40,35.46,45.47,1008.89
946,85.05,36.39,35.46,45.47,1008.88
947,85.14,36.38,35.45,45.46,1008.88
948,85.23,36.38,35.45,45.47,1008.88
949,85.32,36.36,35.43,45.49,1008.88
950,85.41,36.36,35.43,45.48,1008.88
951,85.50,36.35,35.43,45.49,1008.88
952,85.59,36.34,35.42,45.48,1008.88
953,85.68,36.34,35.41,45.46,1008.88
954,85.77,36.34,35.40,45.47,1008.88
955,85.86,36.33,35.39,45.47,1008.88
956,85.95,36.33,35.39,45.48,1008.88
957,86.04,36.32,35.38,45.49,1008.88
958,86.13,36.32,35.38,45.48,1008.88
959,86.22,36.31,35.37,45.48,1008.88
960,86.31,36.30,35.36,45.51,1008.88
961,86.40,36.29,35.35,45.52,1008.88
962,86.49,36.29,35.35,45.52,1008.87
963,86.58,36.28,35.34,45.53,1008.87
964,86.67,36.27,35.34,45.52,1008.87
965,86.76,36.27,35.33,45.53,1008.87
966,86.85,36.26,35.32,45.54,1008.87
967,86.94,36.26,35.32,45.55,1008.87
968,87.03,36.26,35.31,45.57,1008.87
969,87.12,36.25,35.30,45.56,1008.87
970,87.21,36.25,35.30,45.56,1008.87
971,87.30,36.24,35.31,45.56,1008.87
972,87.39,36.23,35.30,45.55,1008.87
973,87.48,36.23,35.29,45.55,1008.82
974,87.57,36.22,35.29,45.54,1008.86
975,87.66,36.22,35.28,45.54,1008.86
976,87.75,36.22,35.27,45.55,1008.86
977,87.84,36.21,35.27,45.56,1008.86
978,87.93,36.20,35.27,45.56,1008.86
979,88.02,36.19,35.26,45.56,1008.86
980,88.11,36.19,35.25,45.57,1008.86
981,88.20,36.18,35.23,45.56,1008.86
982,88.29,36.17,35.23,45.56,1008.86
983,88.38,36.16,35.22,45.57,1008.86
984,88.47,36.15,35.21,45.57,1008.86
985,88.56,36.15,35.21,45.58,1008.86
986,88.65,36.14,35.20,45.57,1008.86
987,88.74,36.13,35.20,45.58,1008.86
988,88.83,36.12,35.19,45.59,1008.86
989,88.92,36.12,35.18,45.57,1008.86
990,89.01,36.11,35.18,45.55,1008.86
991,89.10,36.10,35.17,45.55,1008.86
992,89.19,36.10,35.16,45.54,1008.86
993,89.28,36.09,35.15,45.54,1008.86
994,89.37,36.08,35.15,45.55,1008.86
995,89.46,36.07,35.15,45.54,1008.86
996,89.55,36.07,35.14,45.53,1008.87
997,89.64,36.06,35.15,45.55,1008.87
998,89.73,36.04,35.15,45.56,1008.87
999,89.82,36.04,35.14,45.55,1008.87
1000,89.91,36.03,35.13,45.56,1008.87
1001,90.00,36.02,35.12,45.56,1008.87
1002,90.09,36.01,35.12,45.56,1008.87
1003,90.18,36.01,35.11,45.54,1008.87
1004,90.27,36.01,35.10,45.55,1008.87
1005,90.36,36.00,35.10,45.54,1008.87
1006,90.45,36.00,35.11,45.56,1008.87
1007,90.54,35.99,35.10,45.55,1008.87
1008,90.63,35.99,35.09,45.56,1008.87
1009,90.72,35.98,35.08,45.55,1008.87
1010,90.81,35.98,35.08,45.55,1008.87
1011,90.90,35.97,35.08,45.53,1008.88
1012,90.99,35.97,35.08,45.53,1008.87
1013,91.08,35.96,35.07,45.54,1008.88
1014,91.17,35.95,35.06,45.54,1008.88
1015,91.26,35.94,35.06,45.54,1008.88
1016,91.35,35.94,35.06,45.55,1008.88
1017,91.44,35.94,35.05,45.55,1008.88
1018,91.53,35.93,35.04,45.55,1008.88
1019,91.62,35.93,35.02,45.54,1008.88
1020,91.71,35.92,35.02,45.54,1008.88
1021,91.80,35.92,35.01,45.55,1008.88
1022,91.89,35.91,35.01,45.54,1008.88
1023,91.98,35.90,34.99,45.57,1008.88
1024,92.07,35.90,34.99,45.57,1008.88
1025,92.16,35.89,34.98,45.59,1008.88
1026,92.25,35.88,34.97,45.61,1008.88
1027,92.34,35.87,34.96,45.61,1008.88
1028,92.43,35.86,34.95,45.60,1008.88
1029,92.52,35.86,34.94,45.60,1008.88
1030,92.61,35.86,34.93,45.61,1008.88
1031,92.70,35.85,34.93,45.63,1008.88
1032,92.79,35.85,34.93,45.64,1008.88
1033,92.88,35.84,34.93,45.61,1008.88
1034,92.97,35.84,34.92,45.60,1008.88
1035,93.06,35.84,34.92,45.63,1008.88
1036,93.15,35.83,34.91,45.64,1008.88
1037,93.24,35.83,34.91,45.62,1008.88
1038,93.33,35.83,34.90,45.60,1008.88
1039,93.42,35.82,34.89,45.62,1008.88
1040,93.51,35.82,34.89,45.62,1008.88
1041,93.60,35.81,34.89,45.62,1008.88
1042,93.69,35.81,34.88,45.61,1008.88
1043,93.78,35.80,34.88,45.62,1008.88
1044,93.87,35.80,34.88,45.62,1008.88
1045,93.96,35.79,34.88,45.65,1008.88
1046,94.05,35.78,34.87,45.64,1008.88
1047,94.14,35.78,34.86,45.62,1008.88
1048,94.23,35.77,34.86,45.61,1008.88
1049,94.32,35.77,34.85,45.60,1008.88
1050,94.41,35.76,34.84,45.59,1008.88
1051,94.50,35.76,34.84,45.59,1008.88
1052,94.59,35.75,34.83,45.60,1008.89
1053,94.68,35.75,34.83,45.59,1008.89
1054,94.77,35.74,34.82,45.56,1008.89
1055,94.86,35.73,34.81,45.55,1008.89
1056,94.95,35.72,34.81,45.53,1008.89
1057,95.04,35.71,34.81,45.52,1008.89
1058,95.13,35.71,34.81,45.52,1008.89
1059,95.22,35.70,34.80,45.52,1008.89
1060,95.31,35.70,34.80,45.54,1008.89
1061,95.40,35.70,34.80,45.53,1008.89
1062,95.49,35.69,34.80,45.53,1008.89
1063,95.58,35.68,34.79,45.52,1008.89
1064,95.67,35.68,34.78,45.52,1008.90
1065,95.76,35.67,34.78,45.50,1008.89
1066,95.85,35.66,34.77,45.52,1008.89
1067,95.94,35.66,34.77,45.51,1008.90
1068,96.03,35.65,34.77,45.50,1008.90
1069,96.12,35.65,34.77,45.51,1008.90
1070,96.21,35.65,34.76,45.52,1008.90
1071,96.30,35.65,34.74,45.51,1008.90
1072,96.39,35.64,34.74,45.51,1008.90
1073,96.48,35.64,34.73,45.51,1008.90
1074,96.57,35.64,34.72,45.52,1008.90
1075,96.66,35.63,34.72,45.51,1008.90
1076,96.75,35.62,34.72,45.50,1008.90
1077,96.84,35.62,34.72,45.50,1008.90
1078,96.93,35.61,34.72,45.51,1008.90
1079,97.02,35.61,34.71,45.49,1008.90
1080,97.11,35.60,34.70,45.50,1008.90
1081,97.20,35.61,34.70,45.49,1008.90
1082,97.29,35.60,34.69,45.50,1008.90
1083,97.38,35.60,34.69,45.50,1008.89
1084,97.47,35.59,34.69,45.50,1008.90
1085,97.56,35.59,34.68,45.49,1008.90
1086,97.65,35.58,34.67,45.52,1008.90
1087,97.74,35.58,34.67,45.50,1008.90
1088,97.83,35.57,34.66,45.50,1008.89
1089,97.92,35.57,34.66,45.49,1008.90
1090,98.01,35.57,34.65,45.51,1008.89
1091,98.10,35.56,34.64,45.53,1008.89
1092,98.19,35.56,34.64,45.51,1008.89
1093,98.28,35.55,34.63,45.52,1008.89
1094,98.37,35.55,34.62,45.51,1008.89
1095,98.46,35.54,34.62,45.49,1008.89
1096,98.55,35.54,34.61,45.48,1008.89
1097,98.64,35.53,34.60,45.47,1008.89
1098,98.73,35.53,34.60,45.49,1008.89
1099,98.82,35.52,34.59,45.48,1008.90
1100,98.91,35.52,34.58,45.50,1008.90
1101,99.00,35.51,34.58,45.51,1008.89
1102,99.09,35.51,34.58,45.51,1008.89
1103,99.18,35.50,34.58,45.50,1008.89
1104,99.27,35.49,34.57,45.52,1008.90
1105,99.36,35.48,34.57,45.51,1008.90
1106,99.45,35.47,34.56,45.53,1008.90
1107,99.54,35.46,34.56,45.52,1008.90
1108,99.63,35.46,34.56,45.53,1008.90
1109,99.72,35.45,34.56,45.53,1008.90
1110,99.81,35.45,34.55,45.51,1008.90
1111,99.90,35.44,34.55,45.53,1008.90
1112,99.99,35.43,34.54,45.53,1008.90
1113,100.08,35.43,34.54,45.54,1008.90
1114,100.17,35.42,34.53,45.53,1008.90
1115,100.26,35.41,34.53,45.53,1008.90
1116,100.35,35.40,34.53,45.55,1008.90
1117,100.44,35.40,34.52,45.56,1008.90
1118,100.53,35.40,34.52,45.56,1008.91
1119,100.62,35.39,34.51,45.55,1008.91
1120,100.71,35.38,34.50,45.55,1008.91
1121,100.80,35.37,34.49,45.55,1008.91
1122,100.89,35.37,34.49,45.54,1008.91
1123,100.98,35.37,34.49,45.53,1008.91
1124,101.07,35.36,34.48,45.52,1008.91
1125,101.16,35.35,34.48,45.54,1008.90
1126,101.25,35.34,34.47,45.55,1008.91
1127,101.34,35.34,34.47,45.55,1008.91
1128,101.43,35.33,34.46,45.56,1008.91
1129,101.52,35.33,34.46,45.55,1008.91
1130,101.61,35.32,34.45,45.54,1008.90
1131,101.70,35.32,34.44,45.53,1008.90
1132,101.79,35.31,34.44,45.52,1008.90
1133,101.88,35.30,34.42,45.52,1008.90
1134,101.97,35.30,34.41,45.50,1008.90
1135,102.06,35.30,34.41,45.51,1008.90
1136,102.15,35.29,34.40,45.51,1008.90
1137,102.24,35.28,34.39,45.51,1008.90
1138,102.33,35.27,34.39,45.50,1008.90
1139,102.42,35.26,34.38,45.50,1008.90
1140,102.51,35.26,34.38,45.49,1008.90
1141,102.60,35.25,34.37,45.48,1008.90
1142,102.69,35.25,34.36,45.49,1008.89
1143,102.78,35.24,34.36,45.50,1008.89
1144,102.87,35.23,34.35,45.49,1008.89
1145,102.96,35.23,34.35,45.48,1008.89
1146,103.05,35.23,34.35,45.50,1008.89
1147,103.14,35.22,34.35,45.50,1008.89
1148,103.23,35.21,34.35,45.49,1008.89
1149,103.32,35.20,34.34,45.47,1008.89
1150,103.41,35.20,34.33,45.48,1008.89
1151,103.50,35.20,34.33,45.48,1008.89
1152,103.59,35.20,34.32,45.48,1008.89
1153,103.68,35.20,34.31,45.48,1008.89
1154,103.77,35.19,34.30,45.48,1008.89
1155,103.86,35.18,34.30,45.47,1008.88
1156,103.95,35.18,34.30,45.48,1008.88
1157,104.04,35.17,34.29,45.49,1008.88
1158,104.13,35.16,34.28,45.50,1008.88
1159,104.22,35.15,34.28,45.50,1008.88
1160,104.31,35.14,34.28,45.53,1008.88
1161,104.40,35.13,34.28,45.52,1008.88
1162,104.49,35.12,34.28,45.49,1008.88
1163,104.58,35.11,34.26,45.52,1008.88
1164,104.67,35.10,34.26,45.51,1008.88
1165,104.76,35.09,34.25,45.51,1008.88
1166,104.85,35.09,34.25,45.50,1008.88
1167,104.94,35.08,34.24,45.51,1008.88
1168,105.03,35.08,34.24,45.52,1008.89
1169,105.12,35.07,34.22,45.52,1008.89
1170,105.21,35.07,34.22,45.53,1008.89
1171,105.30,35.07,34.21,45.51,1008.89
1172,105.39,35.06,34.21,45.52,1008.89
1173,105.48,35.06,34.21,45.51,1008.89
1174,105.57,35.05,34.21,45.52,1008.89
1175,105.66,35.04,34.20,45.52,1008.89
1176,105.75,35.04,34.20,45.53,1008.89
1177,105.84,35.04,34.20,45.53,1008.89
1178,105.93,35.03,34.20,45.54,1008.90
1179,106.02,35.03,34.19,45.55,1008.90
1180,106.11,35.03,34.18,45.56,1008.90
1181,106.20,35.02,34.18,45.57,1008.89
1182,106.29,35.01,34.17,45.57,1008.90
1183,106.38,35.01,34.17,45.57,1008.90
1184,106.47,35.01,34.17,45.58,1008.90
1185,106.56,35.00,34.16,45.58,1008.89
1186,106.65,34.99,34.15,45.58,1008.89
1187,106.74,34.98,34.15,45.58,1008.89
1188,106.83,34.98,34.15,45.60,1008.89
1189,106.92,34.98,34.14,45.60,1008.89
1190,107.01,34.97,34.13,45.60,1008.89
1191,107.10,34.97,34.12,45.60,1008.88
1192,107.19,34.96,34.12,45.61,1008.89
1193,107.28,34.96,34.12,45.59,1008.88
1194,107.37,34.95,34.12,45.58,1008.88
1195,107.46,34.94,34.11,45.58,1008.88
1196,107.55,35.03,34.12,45.56,1008.88
1197,107.64,34.98,34.11,45.55,1008.88
1198,107.73,34.93,34.10,45.55,1008.88
1199,107.82,34.93,34.10,45.56,1008.88
1200,107.91,34.94,34.09,45.56,1008.88
1201,108.00,34.93,34.08,45.55,1008.88
1202,108.09,34.93,34.07,45.54,1008.88
1203,108.18,34.92,34.07,45.52,1008.88
1204,108.27,34.91,34.07,45.54,1008.88
1205,108.36,34.91,34.07,45.53,1008.88
1206,108.45,34.89,34.07,45.52,1008.88
1207,108.54,34.89,34.07,45.53,1008.88
1208,108.63,34.88,34.06,45.54,1008.88
1209,108.72,34.87,34.05,45.56,1008.88
1210,108.81,34.87,34.04,45.56,1008.88
1211,108.90,34.86,34.03,45.54,1008.87
1212,108.99,34.85,34.03,45.52,1008.87
1213,109.08,34.84,34.02,45.51,1008.87
1214,109.17,34.84,34.01,45.50,1008.87
1215,109.26,34.83,34.02,45.52,1008.87
1216,109.35,34.82,34.01,45.53,1008.87
1217,109.44,34.82,34.00,45.53,1008.87
1218,109.53,34.82,33.99,45.52,1008.87
1219,109.62,34.81,33.99,45.53,1008.87
1220,109.71,34.80,33.99,45.53,1008.87
1221,109.80,34.80,33.98,45.54,1008.87
1222,109.89,34.79,33.98,45.52,1008.87
1223,109.98,34.78,33.97,45.52,1008.87
1224,110.07,34.77,33.97,45.51,1008.87
1225,110.16,34.76,33.96,45.51,1008.87
1226,110.25,34.76,33.95,45.49,1008.87
1227,110.34,34.76,33.96,45.49,1008.87
1228,110.43,34.76,33.95,45.49,1008.87
1229,110.52,34.75,33.95,45.48,1008.87
1230,110.61,34.75,33.94,45.47,1008.87
1231,110.70,34.74,33.93,45.47,1008.87
1232,110.79,34.74,33.92,45.46,1008.87
1233,110.88,34.74,33.92,45.45,1008.87
1234,110.97,34.73,33.92,45.44,1008.87
1235,111.06,34.72,33.92,45.43,1008.87
1236,111.15,34.72,33.91,45.45,1008.87
1237,111.24,34.71,33.91,45.43,1008.87
1238,111.33,34.71,33.90,45.41,1008.87
1239,111.42,34.70,33.88,45.42,1008.87
1240,111.51,34.70,33.88,45.44,1008.87
1241,111.60,34.70,33.88,45.44,1008.87
1242,111.69,34.70,33.87,45.42,1008.87
1243,111.78,34.70,33.87,45.41,1008.87
1244,111.87,34.70,33.86,45.41,1008.87
1245,111.96,34.70,33.86,45.42,1008.88
1246,112.05,34.70,33.86,45.40,1008.88
1247,112.14,34.69,33.85,45.41,1008.88
1248,112.23,34.68,33.85,45.39,1008.88
1249,112.32,34.68,33.85,45.38,1008.88
1250,112.41,34.67,33.85,45.37,1008.88
1251,112.50,34.67,33.85,45.36,1008.88
1252,112.59,34.67,33.85,45.37,1008.88
1253,112.68,34.67,33.84,45.38,1008.88
1254,112.77,34.66,33.84,45.38,1008.88
1255,112.86,34.65,33.83,45.40,1008.88
1256,112.95,34.65,33.82,45.40,1008.88
1257,113.04,34.65,33.82,45.41,1008.88
1258,113.13,34.64,33.81,45.41,1008.88
1259,113.22,34.64,33.81,45.40,1008.88
1260,113.31,34.64,33.80,45.40,1008.88
1261,113.40,34.63,33.79,45.41,1008.88
1262,113.49,34.63,33.79,45.42,1008.88
1263,113.58,34.62,33.78,45.44,1008.88
1264,113.67,34.62,33.78,45.43,1008.88
1265,113.76,34.61,33.77,45.43,1008.88
1266,113.85,34.60,33.77,45.42,1008.88
1267,113.94,34.60,33.77,45.44,1008.88
1268,114.03,34.59,33.77,45.45,1008.88
1269,114.12,34.58,33.77,45.43,1008.88
1270,114.21,34.58,33.76,45.45,1008.88
1271,114.30,34.58,33.76,45.44,1008.88
1272,114.39,34.57,33.75,45.46,1008.88
1273,114.48,34.56,33.74,45.44,1008.88
1274,114.57,34.55,33.74,45.45,1008.88
1275,114.66,34.55,33.74,45.43,1008.88
1276,114.75,34.54,33.73,45.41,1008.88
1277,114.84,34.53,33.73,45.42,1008.89
1278,114.93,34.53,33.72,45.42,1008.89
1279,115.02,34.53,33.73,45.43,1008.89
1280,115.11,34.52,33.73,45.44,1008.89
1281,115.20,34.52,33.73,45.45,1008.89
1282,115.29,34.52,33.71,45.46,1008.89
1283,115.38,34.52,33.70,45.45,1008.89
1284,115.47,34.51,33.69,45.45,1008.88
1285,115.56,34.51,33.69,45.46,1008.88
1286,115.65,34.50,33.68,45.46,1008.88
1287,115.74,34.50,33.68,45.48,1008.88
1288,115.83,34.50,33.68,45.48,1008.88
1289,115.92,34.49,33.67,45.47,1008.88
1290,116.01,34.49,33.67,45.47,1008.88
1291,116.10,34.48,33.66,45.46,1008.88
1292,116.19,34.48,33.66,45.46,1008.88
1293,116.28,34.48,33.66,45.47,1008.87
1294,116.37,34.48,33.65,45.48,1008.87
1295,116.46,34.48,33.64,45.49,1008.87
1296,116.55,34.47,33.64,45.48,1008.87
1297,116.64,34.47,33.63,45.47,1008.87
1298,116.73,34.48,33.63,45.47,1008.87
1299,116.82,34.47,33.62,45.47,1008.87
1300,116.91,34.47,33.63,45.48,1008.87
1301,117.00,34.47,33.63,45.48,1008.87
1302,117.09,34.46,33.62,45.46,1008.87
1303,117.18,34.46,33.61,45.47,1008.87
1304,117.27,34.46,33.61,45.46,1008.87
1305,117.36,34.45,33.60,45.47,1008.87
1306,117.45,34.44,33.59,45.46,1008.87
1307,117.54,34.43,33.58,45.45,1008.87
1308,117.63,34.43,33.58,45.43,1008.87
1309,117.72,34.42,33.58,45.44,1008.87
1310,117.81,34.41,33.57,45.42,1008.87
1311,117.90,34.41,33.57,45.42,1008.87
1312,117.99,34.40,33.57,45.42,1008.87
1313,118.08,34.39,33.57,45.43,1008.87
1314,118.17,34.38,33.56,45.42,1008.87
1315,118.26,34.38,33.55,45.42,1008.87
1316,118.35,34.37,33.55,45.40,1008.87
1317,118.44,34.36,33.54,45.41,1008.88
1318,118.53,34.35,33.54,45.40,1008.88
1319,118.62,34.34,33.53,45.38,1008.88
1320,118.71,34.34,33.53,45.39,1008.88
1321,118.80,34.33,33.52,45.41,1008.88
1322,118.89,34.32,33.52,45.39,1008.88
1323,118.98,34.32,33.52,45.41,1008.88
1324,119.07,34.31,33.51,45.40,1008.89
1325,119.16,34.31,33.52,45.40,1008.89
1326,119.25,34.30,33.52,45.42,1008.89
1327,119.34,34.30,33.51,45.41,1008.89
1328,119.43,34.29,33.50,45.40,1008.89
1329,119.52,34.29,33.50,45.39,1008.89
1330,119.61,34.29,33.49,45.38,1008.89
1331,119.70,34.28,33.49,45.39,1008.89
1332,119.79,34.28,33.48,45.40,1008.89
1333,119.88,34.27,33.48,45.39,1008.89
1334,119.97,34.26,33.47,45.39,1008.89
1335,120.06,34.26,33.47,45.41,1008.89
1336,120.15,34.25,33.46,45.39,1008.89
1337,120.24,34.25,33.46,45.37,1008.89
1338,120.33,34.25,33.45,45.37,1008.89
1339,120.42,34.23,33.45,45.36,1008.89
1340,120.51,34.23,33.44,45.38,1008.90
1341,120.60,34.22,33.44,45.38,1008.90
1342,120.69,34.22,33.44,45.39,1008.90
1343,120.78,34.21,33.43,45.38,1008.90
1344,120.87,34.21,33.43,45.38,1008.90
1345,120.96,34.20,33.42,45.39,1008.91
1346,121.05,34.20,33.42,45.39,1008.91
1347,121.14,34.19,33.41,45.38,1008.91
1348,121.23,34.19,33.41,45.38,1008.91
1349,121.32,34.19,33.40,45.37,1008.91
1350,121.41,34.19,33.41,45.36,1008.91
1351,121.50,34.19,33.40,45.36,1008.91
1352,121.59,34.19,33.40,45.34,1008.90
1353,121.68,34.18,33.40,45.34,1008.90
1354,121.77,34.18,33.40,45.34,1008.90
1355,121.86,34.17,33.39,45.33,1008.90
1356,121.95,34.17,33.38,45.32,1008.90
1357,122.04,34.17,33.38,45.32,1008.89
1358,122.13,34.16,33.38,45.31,1008.89
1359,122.22,34.15,33.37,45.32,1008.89
1360,122.31,34.14,33.37,45.30,1008.89
1361,122.40,34.14,33.36,45.29,1008.89
1362,122.49,34.13,33.36,45.30,1008.89
1363,122.58,34.13,33.36,45.30,1008.89
1364,122.67,34.13,33.35,45.31,1008.89
1365,122.76,34.12,33.35,45.30,1008.89
1366,122.85,34.12,33.36,45.30,1008.89
1367,122.94,34.11,33.36,45.30,1008.88
1368,123.03,34.11,33.34,45.29,1008.88
1369,123.12,34.11,33.34,45.30,1008.88
1370,123.21,34.10,33.35,45.29,1008.88
1371,123.30,34.10,33.34,45.30,1008.88
1372,123.39,34.10,33.33,45.29,1008.88
1373,123.48,34.09,33.33,45.29,1008.88
1374,123.57,34.09,33.32,45.29,1008.88
1375,123.66,34.08,33.31,45.29,1008.88
1376,123.75,34.08,33.31,45.29,1008.88
1377,123.84,34.07,33.30,45.28,1008.88
1378,123.93,34.07,33.30,45.31,1008.88
1379,124.02,34.07,33.30,45.30,1008.88
1380,124.11,34.06,33.29,45.30,1008.88
1381,124.20,34.06,33.28,45.32,1008.88
1382,124.29,34.05,33.27,45.32,1008.88
1383,124.38,34.04,33.27,45.31,1008.88
1384,124.47,34.03,33.27,45.31,1008.88
1385,124.56,34.03,33.26,45.30,1008.88
1386,124.65,34.03,33.25,45.29,1008.88
1387,124.74,34.03,33.24,45.29,1008.88
1388,124.83,34.03,33.24,45.28,1008.89
1389,124.92,34.02,33.24,45.27,1008.89
1390,125.01,34.02,33.24,45.26,1008.89
1391,125.10,34.01,33.23,45.26,1008.89
1392,125.19,34.01,33.23,45.24,1008.89
1393,125.28,34.01,33.22,45.24,1008.89
1394,125.37,34.00,33.21,45.25,1008.89
1395,125.46,34.00,33.21,45.27,1008.89
1396,125.55,34.00,33.20,45.27,1008.89
1397,125.64,33.99,33.21,45.24,1008.89
1398,125.73,33.99,33.21,45.22,1008.89
1399,125.82,33.98,33.20,45.22,1008.89
1400,125.91,33.98,33.20,45.23,1008.89
1401,126.00,33.97,33.20,45.21,1008.89
1402,126.09,33.97,33.19,45.21,1008.90
1403,126.18,34.01,33.18,45.22,1008.90
1404,126.27,33.96,33.17,45.23,1008.90
1405,126.36,33.97,33.17,45.23,1008.90
1406,126.45,33.95,33.16,45.23,1008.90
1407,126.54,33.95,33.16,45.22,1008.90
1408,126.63,33.95,33.15,45.23,1008.89
1409,126.72,33.95,33.14,45.22,1008.90
1410,126.81,33.95,33.14,45.21,1008.90
1411,126.90,33.94,33.13,45.20,1008.90
1412,126.99,33.93,33.12,45.19,1008.89
1413,127.08,33.93,33.12,45.18,1008.90
1414,127.17,33.93,33.11,45.19,1008.89
1415,127.26,33.92,33.12,45.19,1008.89
1416,127.35,33.92,33.12,45.19,1008.89
1417,127.44,33.91,33.12,45.19,1008.89
1418,127.53,33.90,33.12,45.18,1008.89
1419,127.62,33.89,33.11,45.18,1008.89
1420,127.71,33.89,33.11,45.17,1008.89
1421,127.80,33.88,33.12,45.15,1008.89
1422,127.89,33.88,33.11,45.17,1008.89
1423,127.98,33.87,33.10,45.14,1008.89
1424,128.07,33.87,33.10,45.16,1008.89
1425,128.16,33.86,33.09,45.14,1008.89
1426,128.25,33.85,33.19,45.14,1008.88
1427,128.34,33.84,33.13,45.16,1008.88
1428,128.43,33.84,33.08,45.17,1008.88
1429,128.52,33.83,33.07,45.18,1008.88
1430,128.61,33.83,33.07,45.21,1008.88
1431,128.70,33.82,33.07,45.22,1008.88
1432,128.79,33.82,33.06,45.22,1008.88
1433,128.88,33.82,33.06,45.23,1008.88
1434,128.97,33.81,33.04,45.24,1008.88
1435,129.06,33.81,33.04,45.23,1008.88
1436,129.15,33.80,33.05,45.22,1008.88
1437,129.24,33.79,33.04,45.22,1008.88
1438,129.33,33.79,33.03,45.22,1008.88
1439,129.42,33.79,33.03,45.22,1008.88
1440,129.51,33.78,33.03,45.22,1008.88
1441,129.60,33.78,33.02,45.21,1008.88
1442,129.69,33.77,33.02,45.20,1008.88
1443,129.78,33.77,33.01,45.22,1008.88
1444,129.87,33.77,33.02,45.22,1008.88
1445,129.96,33.76,33.02,45.21,1008.87
1446,130.05,33.77,33.01,45.20,1008.88
1447,130.14,33.76,33.02,45.18,1008.88
1448,130.23,33.75,33.01,45.17,1008.88
1449,130.32,33.75,33.00,45.17,1008.88
1450,130.41,33.75,32.99,45.16,1008.88
1451,130.50,33.74,32.99,45.15,1008.88
1452,130.59,33.74,32.99,45.17,1008.88
1453,130.68,33.73,32.99,45.17,1008.88
1454,130.77,33.73,32.98,45.17,1008.87
1455,130.86,33.72,32.98,45.18,1008.88
1456,130.95,33.72,32.98,45.17,1008.88
1457,131.04,33.71,32.98,45.18,1008.88
1458,131.13,33.70,32.97,45.19,1008.88
1459,131.22,33.69,32.97,45.19,1008.88
1460,131.31,33.69,32.96,45.19,1008.88
1461,131.40,33.69,32.95,45.19,1008.88
1462,131.49,33.68,32.95,45.19,1008.88
1463,131.58,33.67,32.94,45.20,1008.88
1464,131.67,33.67,32.93,45.19,1008.88
1465,131.76,33.66,32.93,45.17,1008.88
1466,131.85,33.66,32.92,45.16,1008.88
1467,131.94,33.65,32.92,45.16,1008.88
1468,132.03,33.65,32.92,45.16,1008.88
1469,132.12,33.65,32.92,45.15,1008.88
1470,132.21,33.64,32.92,45.17,1008.88
1471,132.30,33.64,32.92,45.17,1008.88
1472,132.39,33.63,32.92,45.16,1008.88
1473,132.48,33.62,32.91,45.16,1008.88
1474,132.57,33.62,32.91,45.18,1008.88
1475,132.66,33.62,32.92,45.19,1008.88
1476,132.75,33.61,32.90,45.18,1008.89
1477,132.84,33.61,32.89,45.18,1008.89
1478,132.93,33.60,32.89,45.16,1008.89
1479,133.02,33.59,32.88,45.17,1008.89
1480,133.11,33.59,32.88,45.16,1008.89
1481,133.20,33.59,32.87,45.16,1008.89
1482,133.29,33.58,32.87,45.19,1008.89
1483,133.38,33.58,32.86,45.19,1008.89
1484,133.47,33.57,32.86,45.18,1008.89
1485,133.56,33.56,32.86,45.18,1008.89
1486,133.65,33.55,32.86,45.18,1008.89
1487,133.74,33.55,32.85,45.20,1008.89
1488,133.83,33.54,32.85,45.18,1008.89
1489,133.92,33.53,32.84,45.17,1008.89
1490,134.01,33.53,32.83,45.18,1008.89
1491,134.10,33.53,32.83,45.19,1008.89
1492,134.19,33.53,32.82,45.19,1008.89
1493,134.28,33.53,32.82,45.19,1008.89
1494,134.37,33.53,32.81,45.16,1008.90
1495,134.46,33.52,32.80,45.17,1008.89
1496,134.55,33.51,32.81,45.33,1008.89
1497,134.64,33.50,32.81,45.21,1008.90
1498,134.73,33.50,32.80,45.15,1008.90
1499,134.82,33.50,32.80,45.11,1008.89
1500,134.91,33.49,32.80,45.11,1008.90
1501,135.00,33.49,32.79,45.10,1008.89
1502,135.09,33.49,32.79,45.10,1008.90
1503,135.18,33.49,32.79,45.08,1008.90
1504,135.27,33.49,32.79,45.08,1008.90
1505,135.36,33.50,32.78,45.07,1008.89
1506,135.45,33.49,32.76,45.06,1008.89
1507,135.54,33.49,32.76,45.06,1008.89
1508,135.63,33.48,32.75,45.08,1008.89
1509,135.72,33.47,32.75,45.09,1008.89
1510,135.81,33.46,32.74,45.10,1008.89
1511,135.90,33.46,32.74,45.12,1008.89
1512,135.99,33.47,32.74,45.10,1008.89
1513,136.08,33.46,32.74,45.10,1008.89
1514,136.17,33.46,32.74,45.11,1008.89
1515,136.26,33.46,32.73,45.11,1008.88
1516,136.35,33.46,32.72,45.11,1008.88
1517,136.44,33.46,32.72,45.11,1008.88
1518,136.53,33.45,32.72,45.11,1008.88
1519,136.62,33.45,32.71,45.09,1008.88
1520,136.71,33.45,32.71,45.09,1008.88
1521,136.80,33.44,32.70,45.08,1008.88
1522,136.89,33.44,32.71,45.08,1008.88
1523,136.98,33.44,32.71,45.07,1008.88
1524,137.07,33.44,32.71,45.04,1008.88
1525,137.16,33.43,32.70,45.05,1008.88
1526,137.25,33.43,32.70,45.08,1008.88
1527,137.34,33.43,32.69,45.09,1008.88
1528,137.43,33.42,32.68,45.10,1008.88
1529,137.52,33.42,32.68,45.11,1008.88
1530,137.61,33.42,32.67,45.10,1008.88
1531,137.70,33.41,32.68,45.10,1008.88
1532,137.79,33.40,32.67,45.10,1008.88
1533,137.88,33.40,32.66,45.11,1008.88
1534,137.97,33.40,32.66,45.11,1008.88
1535,138.06,33.40,32.66,45.11,1008.88
1536,138.15,33.40,32.66,45.10,1008.88
1537,138.24,33.39,32.65,45.09,1008.88
1538,138.33,33.40,32.65,45.10,1008.88
1539,138.42,33.39,32.65,45.11,1008.88
1540,138.51,33.39,32.65,45.11,1008.88
1541,138.60,33.39,32.64,45.11,1008.89
1542,138.69,33.38,32.63,45.11,1008.89
1543,138.78,33.38,32.63,45.11,1008.89
1544,138.87,33.37,32.63,45.10,1008.89
1545,138.96,33.37,32.63,45.12,1008.89
1546,139.05,33.37,32.62,45.12,1008.89
1547,139.14,33.36,32.61,45.10,1008.89
1548,139.23,33.35,32.61,45.12,1008.89
1549,139.32,33.34,32.61,45.13,1008.89
1550,139.41,33.34,32.61,45.15,1008.89
1551,139.50,33.34,32.60,45.16,1008.90
1552,139.59,33.34,32.60,45.16,1008.89
1553,139.68,33.33,32.59,45.15,1008.90
1554,139.77,33.33,32.58,45.17,1008.90
1555,139.86,33.32,32.58,45.19,1008.90
1556,139.95,33.32,32.58,45.19,1008.90
1557,140.04,33.32,32.58,45.20,1008.90
1558,140.13,33.31,32.58,45.20,1008.90
1559,140.22,33.31,32.57,45.20,1008.90
1560,140.31,33.30,32.56,45.19,1008.89
1561,140.40,33.30,32.56,45.20,1008.90
1562,140.49,33.30,32.56,45.20,1008.90
1563,140.58,33.29,32.56,45.21,1008.89
1564,140.67,33.29,32.56,45.22,1008.89
1565,140.76,33.29,32.56,45.21,1008.89
1566,140.85,33.28,32.56,45.21,1008.89
1567,140.94,33.28,32.55,45.21,1008.89
1568,141.03,33.27,32.54,45.19,1008.89
1569,141.12,33.27,32.53,45.20,1008.89
1570,141.21,33.26,32.53,45.19,1008.89
1571,141.30,33.26,32.53,45.20,1008.89
1572,141.39,33.26,32.52,45.19,1008.89
1573,141.48,33.25,32.52,45.19,1008.89
1574,141.57,33.24,32.51,45.19,1008.89
1575,141.66,33.24,32.51,45.19,1008.89
1576,141.75,33.24,32.50,45.18,1008.88
1577,141.84,33.23,32.50,45.18,1008.88
1578,141.93,33.23,32.50,45.19,1008.88
1579,142.02,33.22,32.50,45.18,1008.88
1580,142.11,33.22,32.49,45.17,1008.88
1581,142.20,33.22,32.48,45.18,1008.88
1582,142.29,33.22,32.48,45.17,1008.88
1583,142.38,33.22,32.48,45.19,1008.88
1584,142.47,33.22,32.47,45.17,1008.88
1585,142.56,33.21,32.47,45.17,1008.88
1586,142.65,33.21,32.47,45.17,1008.87
1587,142.74,33.20,32.47,45.17,1008.88
1588,142.83,33.20,32.47,45.18,1008.88
1589,142.92,33.19,32.46,45.17,1008.88
1590,143.01,33.19,32.45,45.16,1008.88
1591,143.10,33.19,32.44,45.15,1008.88
1592,143.19,33.18,32.44,45.13,1008.88
1593,143.28,33.18,32.44,45.14,1008.88
1594,143.37,33.17,32.44,45.14,1008.88
1595,143.46,33.17,32.44,45.13,1008.88
1596,143.55,33.16,32.44,45.12,1008.88
1597,143.64,33.15,32.43,45.13,1008.88
1598,143.73,33.15,32.43,45.12,1008.88
1599,143.82,33.15,32.42,45.12,1008.88
1600,143.91,33.15,32.42,45.13,1008.88
1601,144.00,33.14,32.42,45.13,1008.88
1602,144.09,33.14,32.41,45.15,1008.88
1603,144.18,33.13,32.41,45.13,1008.89
1604,144.27,33.13,32.41,45.14,1008.89
1605,144.36,33.13,32.41,45.13,1008.89
1606,144.45,33.12,32.41,45.13,1008.89
1607,144.54,33.12,32.40,45.13,1008.89
1608,144.63,33.11,32.40,45.14,1008.88
1609,144.72,33.11,32.39,45.14,1008.88
1610,144.81,33.11,32.39,45.14,1008.89
1611,144.90,33.10,32.38,45.15,1008.88
1612,144.99,33.09,32.38,45.15,1008.89
1613,145.08,33.09,32.37,45.14,1008.89
1614,145.17,33.08,32.37,45.14,1008.88
1615,145.26,33.07,32.36,45.11,1008.89
1616,145.35,33.07,32.35,45.11,1008.88
1617,145.44,33.06,32.36,45.08,1008.88
1618,145.53,33.06,32.35,45.08,1008.88
1619,145.62,33.06,32.34,45.07,1008.88
1620,145.71,33.05,32.33,45.07,1008.88
1621,145.80,33.05,32.33,45.08,1008.88
1622,145.89,33.04,32.33,45.06,1008.88
1623,145.98,33.04,32.33,45.05,1008.88
1624,146.07,33.03,32.33,45.06,1008.88
1625,146.16,33.03,32.32,45.07,1008.88
1626,146.25,33.02,32.33,45.08,1008.88
1627,146.34,33.02,32.33,45.08,1008.88
1628,146.43,33.02,32.32,45.09,1008.88
1629,146.52,33.02,32.32,45.08,1008.88
1630,146.61,33.01,32.32,45.10,1008.88
1631,146.70,33.01,32.31,45.09,1008.88
1632,146.79,33.00,32.30,45.09,1008.88
1633,146.88,32.99,32.30,45.08,1008.88
1634,146.97,32.99,32.30,45.09,1008.88
1635,147.06,32.99,32.30,45.07,1008.88
1636,147.15,32.98,32.29,45.06,1008.88
1637,147.24,32.97,32.28,45.06,1008.88
1638,147.33,32.97,32.28,45.07,1008.88
1639,147.42,32.96,32.28,45.07,1008.88
1640,147.51,32.96,32.28,45.09,1008.88
1641,147.60,32.95,32.27,45.07,1008.88
1642,147.69,32.95,32.26,45.06,1008.88
1643,147.78,32.95,32.26,45.07,1008.88
1644,147.87,32.95,32.27,45.07,1008.88
1645,147.96,32.94,32.26,45.07,1008.88
1646,148.05,32.95,32.26,45.06,1008.88
1647,148.14,32.94,32.25,45.05,1008.88
1648,148.23,32.94,32.25,45.05,1008.88
1649,148.32,32.93,32.24,45.06,1008.88
1650,148.41,32.94,32.25,45.06,1008.88
1651,148.50,32.93,32.25,45.07,1008.88
1652,148.59,32.93,32.24,45.08,1008.88
1653,148.68,32.92,32.24,45.08,1008.88
1654,148.77,32.92,32.24,45.09,1008.88
1655,148.86,32.92,32.24,45.10,1008.88
1656,148.95,32.91,32.24,45.09,1008.88
1657,149.04,32.91,32.23,45.08,1008.88
1658,149.13,32.91,32.23,45.11,1008.88
1659,149.22,32.91,32.23,45.09,1008.88
1660,149.31,32.91,32.23,45.10,1008.88
1661,149.40,32.90,32.22,45.11,1008.88
1662,149.49,32.90,32.23,45.11,1008.88
1663,149.58,32.90,32.22,45.10,1008.88
1664,149.67,32.90,32.22,45.11,1008.88
1665,149.76,32.89,32.22,45.10,1008.88
1666,149.85,32.89,32.22,45.08,1008.88
1667,149.94,32.89,32.21,45.09,1008.88
1668,150.03,32.89,32.21,45.08,1008.88
1669,150.12,32.88,32.20,45.06,1008.88
1670,150.21,32.87,32.20,45.07,1008.88
1671,150.30,32.87,32.20,45.08,1008.88
1672,150.39,32.87,32.20,45.09,1008.88
1673,150.48,32.86,32.19,45.08,1008.88
1674,150.57,32.86,32.19,45.07,1008.88
1675,150.66,32.86,32.19,45.08,1008.88
1676,150.75,32.86,32.19,45.08,1008.88
1677,150.84,32.86,32.19,45.08,1008.88
1678,150.93,32.86,32.18,45.06,1008.88
1679,151.02,32.86,32.18,45.05,1008.88
1680,151.11,32.85,32.17,45.03,1008.88
1681,151.20,32.85,32.17,45.05,1008.88
1682,151.29,32.85,32.16,45.06,1008.88
1683,151.38,32.85,32.16,45.04,1008.88
1684,151.47,32.84,32.16,45.07,1008.88
1685,151.56,32.83,32.15,45.07,1008.88
1686,151.65,32.82,32.15,45.07,1008.88
1687,151.74,32.82,32.13,45.09,1008.88
1688,151.83,32.82,32.13,45.07,1008.88
1689,151.92,32.81,32.13,45.06,1008.88
1690,152.01,32.81,32.13,45.07,1008.88
1691,152.10,32.80,32.13,45.04,1008.88
1692,152.19,32.80,32.12,45.02,1008.88
1693,152.28,32.80,32.12,45.02,1008.88
1694,152.37,32.79,32.11,45.03,1008.88
1695,152.46,32.78,32.11,45.02,1008.88
1696,152.55,32.78,32.10,45.01,1008.88
1697,152.64,32.78,32.10,45.01,1008.88
1698,152.73,32.77,32.10,45.01,1008.88
1699,152.82,32.77,32.09,45.02,1008.88
1700,152.91,32.77,32.09,45.04,1008.88
1701,153.00,32.77,32.08,45.03,1008.88
1702,153.09,32.76,32.08,45.02,1008.88
1703,153.18,32.75,32.07,45.01,1008.88
1704,153.27,32.74,32.06,45.02,1008.88
1705,153.36,32.82,32.05,45.02,1008.88
1706,153.45,32.72,32.05,45.00,1008.88
1707,153.54,32.71,32.05,45.03,1008.88
1708,153.63,32.70,32.05,45.02,1008.88
1709,153.72,32.69,32.04,45.01,1008.88
1710,153.81,32.68,32.04,45.00,1008.88
1711,153.90,32.68,32.03,44.99,1008.88
1712,153.99,32.68,32.03,44.99,1008.88
1713,154.08,32.67,32.02,45.01,1008.89
1714,154.17,32.67,32.01,45.03,1008.88
1715,154.26,32.67,32.01,45.03,1008.88
1716,154.35,32.68,32.01,45.04,1008.88
1717,154.44,32.68,32.01,45.05,1008.88
1718,154.53,32.60,32.01,45.04,1008.88
1719,154.62,32.66,32.00,45.03,1008.89
1720,154.71,32.69,32.00,45.05,1008.88
1721,154.80,32.69,31.99,45.05,1008.88
1722,154.89,32.69,31.99,45.06,1008.88
1723,154.98,32.69,31.99,45.06,1008.88
1724,155.07,32.68,31.98,45.07,1008.89
1725,155.16,32.68,31.98,45.07,1008.89
1726,155.25,32.67,31.98,45.07,1008.89
1727,155.34,32.68,31.98,45.09,1008.89
1728,155.43,32.67,31.98,45.09,1008.88
1729,155.52,32.67,31.98,45.08,1008.88
1730,155.61,32.67,31.98,45.06,1008.88
1731,155.70,32.67,31.98,45.08,1008.88
1732,155.79,32.66,31.98,45.09,1008.88
1733,155.88,32.66,31.98,45.08,1008.88
1734,155.97,32.65,31.98,45.08,1008.88
1735,156.06,32.65,31.97,45.07,1008.88
1736,156.15,32.65,31.96,45.06,1008.88
1737,156.24,32.64,31.96,45.06,1008.89
1738,156.33,32.64,31.95,45.06,1008.89
1739,156.42,32.64,31.94,45.05,1008.89
1740,156.51,32.63,31.94,45.05,1008.89
1741,156.60,32.63,31.94,45.05,1008.89
1742,156.69,32.62,31.94,45.06,1008.89
1743,156.78,32.61,31.94,45.05,1008.89
1744,156.87,32.61,31.93,45.06,1008.89
1745,156.96,32.60,31.93,45.07,1008.89
1746,157.05,32.61,31.92,45.04,1008.89
1747,157.14,32.60,31.92,45.04,1008.89
1748,157.23,32.59,31.93,45.04,1008.89
1749,157.32,32.59,31.92,45.03,1008.89
1750,157.41,32.59,31.92,45.01,1008.89
1751,157.50,32.59,31.92,45.01,1008.90
1752,157.59,32.59,31.92,45.01,1008.89
1753,157.68,32.58,31.91,45.02,1008.89
1754,157.77,32.58,31.91,45.02,1008.89
1755,157.86,32.58,31.91,45.02,1008.89
1756,157.95,32.58,31.89,45.02,1008.89
1757,158.04,32.57,31.89,45.02,1008.89
1758,158.13,32.56,31.89,45.03,1008.90
1759,158.22,32.56,31.88,45.03,1008.90
1760,158.31,32.56,31.88,45.02,1008.90
1761,158.40,32.55,31.88,45.05,1008.89
1762,158.49,32.55,31.87,45.05,1008.89
1763,158.58,32.55,31.87,45.07,1008.89
1764,158.67,32.54,31.87,45.06,1008.89
1765,158.76,32.54,31.86,45.05,1008.90
1766,158.85,32.53,31.86,45.05,1008.90
1767,158.94,32.53,31.86,45.05,1008.90
1768,159.03,32.53,31.86,45.05,1008.90
1769,159.12,32.52,31.86,45.06,1008.90
1770,159.21,32.52,31.86,45.07,1008.90
1771,159.30,32.52,31.87,45.07,1008.90
1772,159.39,32.51,31.86,45.08,1008.89
1773,159.48,32.51,31.87,45.09,1008.89
1774,159.57,32.50,31.87,45.09,1008.89
1775,159.66,32.50,31.86,45.07,1008.89
1776,159.75,32.50,31.86,45.06,1008.89
1777,159.84,32.50,31.86,45.07,1008.89
1778,159.93,32.49,31.85,45.06,1008.89
1779,160.02,32.49,31.85,45.04,1008.89
1780,160.11,32.49,31.84,45.02,1008.89
1781,160.20,32.49,31.83,45.02,1008.89
1782,160.29,32.48,31.84,45.01,1008.89
1783,160.38,32.48,31.84,45.02,1008.89
1784,160.47,32.47,31.83,45.04,1008.89
1785,160.56,32.46,31.83,45.03,1008.89
1786,160.65,32.46,31.83,45.04,1008.89
1787,160.74,32.45,31.83,45.05,1008.89
1788,160.83,32.45,31.76,45.04,1008.89
1789,160.92,32.45,31.82,45.03,1008.89
1790,161.01,32.45,31.82,45.01,1008.89
1791,161.10,32.44,31.81,45.03,1008.89
1792,161.19,32.44,31.82,45.03,1008.89
1793,161.28,32.43,31.81,45.04,1008.89
1794,161.37,32.43,31.80,45.07,1008.89
1795,161.46,32.42,31.81,45.07,1008.89
1796,161.55,32.42,31.80,45.04,1008.89
1797,161.64,32.42,31.80,45.06,1008.89
1798,161.73,32.41,31.80,45.07,1008.89
1799,161.82,32.41,31.80,45.08,1008.89
1800,161.91,32.41,31.80,45.09,1008.89
1801,162.00,32.41,31.79,45.07,1008.89
1802,162.09,32.39,31.78,45.08,1008.89
1803,162.18,32.39,31.77,45.08,1008.89
1804,162.27,32.39,31.77,45.07,1008.89
1805,162.36,32.39,31.77,45.08,1008.89
1806,162.45,32.38,31.77,45.08,1008.89
1807,162.54,32.38,31.77,45.07,1008.89
1808,162.63,32.38,31.77,45.08,1008.89
1809,162.72,32.38,31.76,45.09,1008.90
1810,162.81,32.38,31.75,45.09,1008.90
1811,162.90,32.37,31.75,45.10,1008.90
1812,162.99,32.37,31.74,45.10,1008.90
1813,163.08,32.37,31.74,45.10,1008.90
1814,163.17,32.37,31.74,45.10,1008.90
1815,163.26,32.37,31.73,45.10,1008.90
1816,163.35,32.37,31.73,45.10,1008.90
1817,163.44,32.36,31.73,45.10,1008.90
1818,163.53,32.36,31.73,45.08,1008.90
1819,163.62,32.35,31.73,45.08,1008.90
1820,163.71,32.35,31.73,45.10,1008.90
1821,163.80,32.34,31.73,45.09,1008.89
1822,163.89,32.34,31.73,45.10,1008.90
1823,163.98,32.34,31.73,45.08,1008.90
1824,164.07,32.34,31.73,45.07,1008.90
1825,164.16,32.33,31.73,45.10,1008.90
1826,164.25,32.33,31.73,45.07,1008.90
1827,164.34,32.33,31.72,45.08,1008.90
1828,164.43,32.33,31.72,45.09,1008.90
1829,164.52,32.33,31.72,45.10,1008.90
1830,164.61,32.32,31.71,45.10,1008.90
1831,164.70,32.32,31.72,45.09,1008.89
1832,164.79,32.31,31.72,45.06,1008.89
1833,164.88,32.31,31.72,45.07,1008.89
1834,164.97,32.30,31.70,45.10,1008.90
1835,165.06,32.30,31.70,45.12,1008.89
1836,165.15,32.30,31.70,45.12,1008.90
1837,165.24,32.30,31.69,45.13,1008.89
1838,165.33,32.29,31.69,45.15,1008.89
1839,165.42,32.28,31.70,45.15,1008.89
1840,165.51,32.28,31.68,45.15,1008.89
1841,165.60,32.27,31.68,45.14,1008.89
1842,165.69,32.27,31.67,45.12,1008.89
1843,165.78,32.27,31.66,45.14,1008.89
1844,165.87,32.27,31.65,45.14,1008.89
1845,165.96,32.27,31.65,45.16,1008.89
1846,166.05,32.27,31.64,45.18,1008.89
1847,166.14,32.27,31.64,45.18,1008.89
1848,166.23,32.27,31.63,45.17,1008.89
1849,166.32,32.26,31.63,45.17,1008.89
1850,166.41,32.26,31.62,45.18,1008.89
1851,166.50,32.26,31.61,45.17,1008.89
1852,166.59,32.25,31.61,45.15,1008.88
1853,166.68,32.25,31.61,45.15,1008.88
1854,166.77,32.25,31.61,45.16,1008.88
1855,166.86,32.24,31.60,45.16,1008.88
1856,166.95,32.24,31.60,45.15,1008.88
1857,167.04,32.24,31.60,45.17,1008.88
1858,167.13,32.23,31.59,45.17,1008.88
1859,167.22,32.23,31.60,45.16,1008.88
1860,167.31,32.23,31.59,45.15,1008.88
1861,167.40,32.22,31.58,45.17,1008.88
1862,167.49,32.21,31.58,45.16,1008.89
1863,167.58,32.21,31.58,45.17,1008.88
1864,167.67,32.20,31.58,45.17,1008.89
1865,167.76,32.20,31.58,45.18,1008.89
1866,167.85,32.20,31.57,45.19,1008.89
1867,167.94,32.20,31.58,45.18,1008.88
1868,168.03,32.16,31.58,45.20,1008.88
1869,168.12,32.20,31.57,45.21,1008.88
1870,168.21,32.19,31.57,45.21,1008.88
1871,168.30,32.19,31.56,45.20,1008.88
1872,168.39,32.19,31.56,45.18,1008.89
1873,168.48,32.19,31.57,45.18,1008.89
1874,168.57,32.19,31.57,45.18,1008.89
1875,168.66,32.19,31.56,45.17,1008.89
1876,168.75,32.18,31.56,45.17,1008.89
1877,168.84,32.18,31.56,45.17,1008.89
1878,168.93,32.18,31.54,45.15,1008.89
1879,169.02,32.17,31.54,45.17,1008.88
1880,169.11,32.17,31.53,45.16,1008.88
1881,169.20,32.17,31.54,45.17,1008.89
1882,169.29,32.16,31.52,45.17,1008.89
1883,169.38,32.16,31.52,45.16,1008.89
1884,169.47,32.16,31.52,45.17,1008.89
1885,169.56,32.15,31.52,45.17,1008.89
1886,169.65,32.15,31.51,45.14,1008.89
1887,169.74,32.15,31.51,45.15,1008.89
1888,169.83,32.15,31.51,45.15,1008.89
1889,169.92,32.15,31.51,45.02,1008.89
1890,170.01,32.15,31.51,45.09,1008.88
1891,170.10,32.14,31.50,45.16,1008.88
1892,170.19,32.13,31.49,45.16,1008.89
1893,170.28,32.13,31.49,45.17,1008.88
1894,170.37,32.13,31.49,45.16,1008.88
1895,170.46,32.12,31.48,45.14,1008.88
1896,170.55,32.12,31.48,45.16,1008.89
1897,170.64,32.11,31.48,45.15,1008.89
1898,170.73,32.11,31.47,45.13,1008.89
1899,170.82,32.11,31.46,45.12,1008.89
1900,170.91,32.11,31.46,45.10,1008.89
1901,171.00,32.10,31.45,45.10,1008.88
1902,171.09,32.10,31.45,45.09,1008.88
1903,171.18,32.10,31.45,45.09,1008.89
1904,171.27,32.09,31.45,45.10,1008.89
1905,171.36,32.09,31.44,45.12,1008.89
1906,171.45,32.08,31.44,45.15,1008.89
1907,171.54,32.08,31.44,45.15,1008.89
1908,171.63,32.09,31.43,45.15,1008.88
1909,171.72,32.09,31.43,45.15,1008.88
1910,171.81,32.09,31.43,45.14,1008.88
1911,171.90,32.08,31.42,45.13,1008.88
1912,171.99,32.08,31.41,45.13,1008.88
1913,172.08,32.08,31.41,45.12,1008.88
1914,172.17,32.08,31.41,45.10,1008.88
1915,172.26,32.07,31.42,45.13,1008.88
1916,172.35,32.06,31.42,45.11,1008.88
1917,172.44,32.05,31.42,45.12,1008.88
1918,172.53,32.05,31.41,45.11,1008.88
1919,172.62,32.04,31.41,45.11,1008.88
1920,172.71,32.04,31.40,45.13,1008.88
1921,172.80,32.05,31.40,45.12,1008.88
1922,172.89,32.03,31.40,45.10,1008.88
1923,172.98,32.03,31.40,45.11,1008.88
1924,173.07,32.02,31.40,45.11,1008.88
1925,173.16,32.02,31.40,45.10,1008.88
1926,173.25,32.01,31.39,45.10,1008.88
1927,173.34,32.01,31.38,45.10,1008.88
1928,173.43,32.00,31.38,45.10,1008.88
1929,173.52,32.00,31.38,45.11,1008.88
1930,173.61,32.00,31.38,45.11,1008.88
1931,173.70,32.00,31.38,45.09,1008.88
1932,173.79,32.00,31.38,45.09,1008.87
1933,173.88,31.99,31.38,45.09,1008.87
1934,173.97,31.98,31.37,45.08,1008.87
1935,174.06,31.98,31.37,45.07,1008.88
1936,174.15,31.97,31.37,45.07,1008.88
1937,174.24,31.98,31.36,45.06,1008.88
1938,174.33,31.97,31.36,45.08,1008.88
1939,174.42,31.97,31.36,45.07,1008.88
1940,174.51,31.96,31.36,45.05,1008.88
1941,174.60,31.95,31.36,45.06,1008.88
1942,174.69,31.95,31.36,45.06,1008.88
1943,174.78,31.95,31.35,45.08,1008.88
1944,174.87,31.96,31.34,45.10,1008.88
1945,174.96,31.95,31.34,45.12,1008.88
1946,175.05,31.95,31.34,45.14,1008.88
1947,175.14,31.95,31.33,45.15,1008.88
1948,175.23,31.94,31.33,45.16,1008.88
1949,175.32,31.94,31.33,45.15,1008.88
1950,175.41,31.93,31.33,45.14,1008.88
1951,175.50,31.94,31.32,45.17,1008.88
1952,175.59,31.93,31.32,45.16,1008.88
1953,175.68,31.92,31.31,45.16,1008.88
1954,175.77,31.92,31.31,45.16,1008.88
1955,175.86,31.92,31.32,45.16,1008.88
1956,175.95,31.92,31.32,45.18,1008.88
1957,176.04,31.92,31.32,45.18,1008.89
1958,176.13,31.91,31.32,45.19,1008.88
1959,176.22,31.91,31.32,45.19,1008.89
1960,176.31,31.91,31.32,45.18,1008.89
1961,176.40,31.90,31.32,45.17,1008.89
1962,176.49,31.90,31.32,45.16,1008.89
1963,176.58,31.90,31.31,45.14,1008.89
1964,176.67,31.89,31.31,45.13,1008.89
1965,176.76,31.89,31.30,45.14,1008.89
1966,176.85,31.89,31.29,45.13,1008.89
1967,176.94,31.89,31.29,45.12,1008.89
1968,177.03,31.89,31.29,45.11,1008.89
1969,177.12,31.88,31.28,45.13,1008.89
1970,177.21,31.88,31.28,45.13,1008.89
1971,177.30,31.89,31.28,45.13,1008.89
1972,177.39,31.88,31.27,45.14,1008.89
1973,177.48,31.88,31.27,45.13,1008.89
1974,177.57,31.87,31.27,45.15,1008.89
1975,177.66,31.87,31.27,45.15,1008.89
1976,177.75,31.86,31.27,45.15,1008.89
1977,177.84,31.86,31.28,45.15,1008.89
1978,177.93,31.85,31.28,45.16,1008.89
1979,178.02,31.85,31.27,45.16,1008.89
1980,178.11,31.84,31.27,45.15,1008.89
1981,178.20,31.85,31.27,45.14,1008.89
1982,178.29,31.84,31.27,45.15,1008.89
1983,178.38,31.84,31.26,45.13,1008.88
1984,178.47,31.85,31.26,45.13,1008.88
1985,178.56,31.85,31.26,45.13,1008.88
1986,178.65,31.85,31.26,45.12,1008.88
1987,178.74,31.84,31.25,45.09,1008.88
1988,178.83,31.83,31.25,45.11,1008.86
1989,178.92,31.83,31.24,45.12,1008.88
1990,179.01,31.83,31.24,45.11,1008.88
1991,179.10,31.83,31.24,45.11,1008.88
1992,179.19,31.82,31.24,45.10,1008.88
1993,179.28,31.81,31.24,45.09,1008.88
1994,179.37,31.81,31.24,45.09,1008.88
1995,179.46,31.80,31.23,45.09,1008.88
1996,179.55,31.81,31.23,45.07,1008.88
1997,179.64,31.80,31.23,45.07,1008.88
1998,179.73,31.80,31.22,45.07,1008.88
1999,179.82,31.80,31.22,45.07,1008.88
2000,179.91,31.80,31.21,45.05,1008.88
2001,180.00,31.79,31.22,45.06,1008.88
2002,180.09,31.78,31.21,45.07,1008.88
2003,180.18,31.77,31.21,45.07,1008.88
2004,180.27,31.77,31.20,45.06,1008.88
2005,180.36,31.77,31.20,45.05,1008.88
2006,180.45,31.77,31.19,45.06,1008.88
2007,180.54,31.77,31.18,45.06,1008.88
2008,180.63,31.77,31.18,45.04,1008.88
2009,180.72,31.77,31.17,45.03,1008.88
2010,180.81,31.76,31.16,45.02,1008.88
2011,180.90,31.77,31.16,45.03,1008.88
2012,180.99,31.77,31.16,45.01,1008.88
2013,181.08,31.76,31.15,45.00,1008.88
2014,181.17,31.76,31.15,45.00,1008.88
2015,181.26,31.76,31.15,45.00,1008.88
2016,181.35,31.75,31.15,44.98,1008.88
2017,181.44,31.75,31.15,45.00,1008.88
2018,181.53,31.75,31.14,45.01,1008.88
2019,181.62,31.74,31.13,45.03,1008.88
2020,181.71,31.74,31.13,45.02,1008.88
2021,181.80,31.74,31.13,45.02,1008.88
2022,181.89,31.74,31.13,45.04,1008.88
2023,181.98,31.74,31.13,45.06,1008.88
2024,182.07,31.74,31.13,45.07,1008.88
2025,182.16,31.75,31.12,45.05,1008.88
2026,182.25,31.74,31.12,45.07,1008.88
2027,182.34,31.73,31.12,45.08,1008.88
2028,182.43,31.73,31.12,45.09,1008.88
2029,182.52,31.73,31.11,45.09,1008.88
2030,182.61,31.72,31.11,45.08,1008.88
2031,182.70,31.72,31.10,45.05,1008.88
2032,182.79,31.73,31.10,45.04,1008.88
2033,182.88,31.72,31.11,45.05,1008.88
2034,182.97,31.72,31.11,45.04,1008.88
2035,183.06,31.71,31.11,45.04,1008.88
2036,183.15,31.71,31.10,45.03,1008.88
2037,183.24,31.71,31.10,45.03,1008.89
2038,183.33,31.70,31.09,45.03,1008.88
2039,183.42,31.70,31.09,45.03,1008.88
2040,183.51,31.69,31.08,45.04,1008.88
2041,183.60,31.69,31.08,45.02,1008.88
2042,183.69,31.70,31.08,45.02,1008.89
2043,183.78,31.69,31.08,45.02,1008.89
2044,183.87,31.68,31.08,45.03,1008.89
2045,183.96,31.68,31.07,45.02,1008.89
2046,184.05,31.68,31.07,45.01,1008.89
2047,184.14,31.68,31.06,45.02,1008.89
2048,184.23,31.68,31.06,45.01,1008.88
2049,184.32,31.68,31.06,45.00,1008.88
2050,184.41,31.68,31.06,45.01,1008.88
2051,184.50,31.66,31.07,45.00,1008.88
2052,184.59,31.66,31.06,45.00,1008.88
2053,184.68,31.66,31.06,45.01,1008.88
2054,184.77,31.66,31.05,45.00,1008.88
2055,184.86,31.66,31.05,44.98,1008.88
2056,184.95,31.66,31.05,45.00,1008.88
2057,185.04,31.65,31.05,45.00,1008.88
2058,185.13,31.65,31.04,45.01,1008.88
2059,185.22,31.64,31.04,45.02,1008.88
2060,185.31,31.64,31.03,45.00,1008.88
2061,185.40,31.63,31.03,45.00,1008.88
2062,185.49,31.63,31.03,45.00,1008.88
2063,185.58,31.63,31.03,44.99,1008.88
2064,185.67,31.63,31.02,45.01,1008.88
2065,185.76,31.63,31.02,45.03,1008.88
2066,185.85,31.63,31.02,45.04,1008.88
2067,185.94,31.62,31.02,45.02,1008.88
2068,186.03,31.62,31.02,45.02,1008.88
2069,186.12,31.62,31.02,45.01,1008.88
2070,186.21,31.62,31.02,45.00,1008.88
2071,186.30,31.62,31.02,45.00,1008.88
2072,186.39,31.61,31.01,44.99,1008.88
2073,186.48,31.61,31.00,44.99,1008.88
2074,186.57,31.60,31.00,44.99,1008.89
2075,186.66,31.60,31.01,44.97,1008.89
2076,186.75,31.60,31.01,44.98,1008.89
2077,186.84,31.60,31.01,44.98,1008.89
2078,186.93,31.59,31.01,44.98,1008.89
2079,187.02,31.59,31.00,44.98,1008.89
2080,187.11,31.59,31.01,44.99,1008.89
2081,187.20,31.59,31.01,44.99,1008.88
2082,187.29,31.59,31.00,44.99,1008.88
2083,187.38,31.58,31.00,45.00,1008.89
2084,187.47,31.57,30.99,44.98,1008.89
2085,187.56,31.57,30.99,44.98,1008.88
2086,187.65,31.57,30.99,44.98,1008.89
2087,187.74,31.57,30.99,44.99,1008.88
2088,187.83,31.57,30.99,44.97,1008.88
2089,187.92,31.56,30.98,44.96,1008.88
2090,188.01,31.62,30.99,44.97,1008.88
2091,188.10,31.58,30.98,44.98,1008.88
2092,188.19,31.55,30.98,44.96,1008.88
2093,188.28,31.55,30.99,44.96,1008.88
2094,188.37,31.55,30.98,44.94,1008.88
2095,188.46,31.54,30.98,44.95,1008.88
2096,188.55,31.54,30.98,44.97,1008.89
2097,188.64,31.54,30.98,44.97,1008.89
2098,188.73,31.54,30.97,44.95,1008.89
2099,188.82,31.54,30.97,44.93,1008.89
2100,188.91,31.53,30.97,44.92,1008.89
2101,189.00,31.53,30.96,44.92,1008.89
2102,189.09,31.52,30.97,44.92,1008.89
2103,189.18,31.52,30.96,44.91,1008.89
2104,189.27,31.51,30.96,44.91,1008.89
2105,189.36,31.51,30.96,44.89,1008.89
2106,189.45,31.51,30.96,44.87,1008.89
2107,189.54,31.50,30.95,44.88,1008.89
2108,189.63,31.50,30.96,44.87,1008.88
2109,189.72,31.49,30.95,44.87,1008.88
2110,189.81,31.49,30.95,44.89,1008.88
2111,189.90,31.48,30.94,44.89,1008.88
2112,189.99,31.48,30.94,44.89,1008.89
2113,190.08,31.47,30.93,44.88,1008.89
2114,190.17,31.47,30.93,44.88,1008.89
2115,190.26,31.46,30.93,44.89,1008.89
2116,190.35,31.46,30.92,44.90,1008.89
2117,190.44,31.46,30.92,44.90,1008.89
2118,190.53,31.47,30.92,44.88,1008.89
2119,190.62,31.46,30.92,44.89,1008.89
2120,190.71,31.45,30.91,44.88,1008.89
2121,190.80,31.45,30.90,44.88,1008.89
2122,190.89,31.44,30.90,44.87,1008.89
2123,190.98,31.45,30.89,44.85,1008.89
2124,191.07,31.45,30.89,44.82,1008.89
2125,191.16,31.44,30.89,44.83,1008.89
2126,191.25,31.44,30.88,44.84,1008.89
2127,191.34,31.43,30.88,44.83,1008.89
2128,191.43,31.43,30.87,44.82,1008.89
2129,191.52,31.43,30.86,44.81,1008.90
2130,191.61,31.42,30.86,44.82,1008.90
2131,191.70,31.42,30.85,44.81,1008.90
2132,191.79,31.41,30.84,44.80,1008.90
2133,191.88,31.40,30.85,44.80,1008.90
2134,191.97,31.40,30.85,44.82,1008.90
2135,192.06,31.40,30.84,44.80,1008.89
2136,192.15,31.39,30.84,44.81,1008.90
2137,192.24,31.39,30.84,44.82,1008.90
2138,192.33,31.39,30.83,44.82,1008.90
2139,192.42,31.38,30.83,44.83,1008.90
2140,192.51,31.37,30.83,44.83,1008.90
2141,192.60,31.37,30.82,44.83,1008.90
2142,192.69,31.37,30.81,44.82,1008.90
2143,192.78,31.36,30.82,44.84,1008.90
2144,192.87,31.36,30.82,44.84,1008.90
2145,192.96,31.36,30.82,44.86,1008.90
2146,193.05,31.36,30.82,44.87,1008.90
2147,193.14,31.35,30.81,44.89,1008.90
2148,193.23,31.35,30.81,44.89,1008.90
2149,193.32,31.35,30.81,44.90,1008.90
2150,193.41,31.34,30.81,44.90,1008.90
2151,193.50,31.34,30.81,44.91,1008.90
2152,193.59,31.34,30.81,44.91,1008.90
2153,193.68,31.34,30.81,44.92,1008.90
2154,193.77,31.34,30.81,44.93,1008.90
2155,193.86,31.34,30.81,44.93,1008.90
2156,193.95,31.34,30.81,44.93,1008.90
2157,194.04,31.34,30.82,44.93,1008.90
2158,194.13,31.34,30.81,44.92,1008.90
2159,194.22,31.34,30.82,44.91,1008.90
2160,194.31,31.34,30.81,44.89,1008.89
2161,194.40,31.34,30.81,44.87,1008.89
2162,194.49,31.34,30.81,44.89,1008.89
2163,194.58,31.35,30.81,44.90,1008.89
2164,194.67,31.35,30.81,44.90,1008.89
2165,194.76,31.35,30.81,44.91,1008.89
2166,194.85,31.34,30.81,44.88,1008.89
2167,194.94,31.35,30.81,44.89,1008.89
2168,195.03,31.34,30.80,44.88,1008.89
2169,195.12,31.34,30.79,44.87,1008.89
2170,195.21,31.33,30.79,44.86,1008.89
2171,195.30,31.33,30.80,44.84,1008.89
2172,195.39,31.33,30.79,44.84,1008.89
2173,195.48,31.33,30.79,44.84,1008.88
2174,195.57,31.33,30.79,44.85,1008.88
2175,195.66,31.33,30.79,44.85,1008.88
2176,195.75,31.32,30.79,44.86,1008.88
2177,195.84,31.33,30.78,44.87,1008.88
2178,195.93,31.32,30.78,44.86,1008.88
2179,196.02,31.32,30.78,44.85,1008.88
2180,196.11,31.32,30.78,44.84,1008.89
2181,196.20,31.32,30.77,44.84,1008.89
2182,196.29,31.32,30.77,44.85,1008.89
2183,196.38,31.32,30.76,44.84,1008.89
2184,196.47,31.32,30.76,44.85,1008.89
2185,196.56,31.31,30.76,44.83,1008.89
2186,196.65,31.31,30.76,44.83,1008.89
2187,196.74,31.31,30.76,44.83,1008.89
2188,196.83,31.31,30.75,44.84,1008.89
2189,196.92,31.31,30.75,44.84,1008.89
2190,197.01,31.31,30.74,44.82,1008.89
2191,197.10,31.30,30.74,44.83,1008.89
2192,197.19,31.31,30.75,44.84,1008.89
2193,197.28,31.30,30.74,44.85,1008.89
2194,197.37,31.30,30.73,44.86,1008.89
2195,197.46,31.29,30.72,44.86,1008.89
2196,197.55,31.30,30.73,44.86,1008.89
2197,197.64,31.29,30.73,44.84,1008.89
2198,197.73,31.28,30.72,44.84,1008.89
2199,197.82,31.28,30.72,44.83,1008.89
2200,197.91,31.28,30.72,44.83,1008.89
2201,198.00,31.28,30.72,44.80,1008.89
2202,198.09,31.28,30.71,44.80,1008.89
2203,198.18,31.27,30.71,44.81,1008.89
2204,198.27,31.27,30.71,44.79,1008.89
2205,198.36,31.26,30.71,44.76,1008.89
2206,198.45,31.26,30.71,44.76,1008.89
2207,198.54,31.26,30.71,44.78,1008.89
2208,198.63,31.26,30.71,44.76,1008.89
2209,198.72,31.26,30.71,44.76,1008.89
2210,198.81,31.25,30.80,44.75,1008.89
2211,198.90,31.25,30.70,44.75,1008.89
2212,198.99,31.25,30.69,44.76,1008.89
2213,199.08,31.24,30.69,44.75,1008.89
2214,199.17,31.24,30.68,44.75,1008.89
2215,199.26,31.23,30.68,44.77,1008.89
2216,199.35,31.23,30.67,44.76,1008.89
2217,199.44,31.22,30.67,44.76,1008.89
2218,199.53,31.22,30.67,44.77,1008.89
2219,199.62,31.22,30.66,44.78,1008.89
2220,199.71,31.22,30.65,44.78,1008.89
2221,199.80,31.22,30.64,44.78,1008.89
2222,199.89,31.22,30.64,44.79,1008.89
2223,199.98,31.22,30.64,44.77,1008.89
2224,200.07,31.21,30.64,44.80,1008.89
2225,200.16,31.21,30.64,44.79,1008.89
2226,200.25,31.21,30.64,44.77,1008.89
2227,200.34,31.21,30.64,44.77,1008.89
2228,200.43,31.20,30.64,44.77,1008.89
2229,200.52,31.20,30.64,44.77,1008.89
2230,200.61,31.20,30.63,44.77,1008.89
2231,200.70,31.20,30.64,44.77,1008.89
2232,200.79,31.20,30.64,44.77,1008.89
2233,200.88,31.20,30.64,44.78,1008.89
2234,200.97,31.20,30.65,44.79,1008.89
2235,201.06,31.20,30.65,44.80,1008.89
2236,201.15,31.19,30.64,44.80,1008.89
2237,201.24,31.18,30.64,44.80,1008.89
2238,201.33,31.18,30.64,44.79,1008.89
2239,201.42,31.18,30.62,44.79,1008.89
2240,201.51,31.18,30.62,44.79,1008.89
2241,201.60,31.17,30.62,44.79,1008.88
2242,201.69,31.17,30.62,44.76,1008.88
2243,201.78,31.17,30.61,44.75,1008.88
2244,201.87,31.17,30.61,44.76,1008.88
2245,201.96,31.16,30.59,44.76,1008.88
2246,202.05,31.17,30.60,44.76,1008.88
2247,202.14,31.16,30.59,44.75,1008.88
2248,202.23,31.16,30.59,44.78,1008.87
2249,202.32,31.15,30.59,44.77,1008.87
2250,202.41,31.15,30.58,44.78,1008.88
2251,202.50,31.15,30.58,44.77,1008.87
2252,202.59,31.14,30.58,44.76,1008.87
2253,202.68,31.14,30.58,44.78,1008.87
2254,202.77,31.13,30.59,44.78,1008.87
2255,202.86,31.13,30.59,44.80,1008.87
2256,202.95,31.13,30.59,44.81,1008.87
2257,203.04,31.13,30.59,44.81,1008.87
2258,203.13,31.12,30.58,44.82,1008.87
2259,203.22,31.12,30.58,44.80,1008.87
2260,203.31,31.12,30.57,44.81,1008.86
2261,203.40,31.12,30.57,44.81,1008.87
2262,203.49,31.12,30.56,44.81,1008.87
2263,203.58,31.12,30.56,44.81,1008.87
2264,203.67,31.11,30.56,44.81,1008.86
2265,203.76,31.10,30.56,44.83,1008.86
2266,203.85,31.11,30.56,44.85,1008.86
2267,203.94,31.10,30.55,44.82,1008.86
2268,204.03,31.10,30.55,44.82,1008.86
2269,204.12,31.10,30.55,44.82,1008.87
2270,204.21,31.09,30.55,44.82,1008.86
2271,204.30,31.09,30.56,44.82,1008.86
2272,204.39,31.09,30.56,44.82,1008.87
2273,204.48,31.09,30.55,44.80,1008.87
2274,204.57,31.09,30.56,44.80,1008.86
2275,204.66,31.09,30.55,44.79,1008.86
2276,204.75,31.09,30.55,44.78,1008.86
2277,204.84,31.08,30.56,44.78,1008.86
2278,204.93,31.08,30.55,44.78,1008.86
2279,205.02,31.07,30.55,44.76,1008.86
2280,205.11,31.07,30.55,44.75,1008.87
2281,205.20,31.07,30.55,44.75,1008.87
2282,205.29,31.07,30.55,44.75,1008.87
2283,205.38,31.07,30.55,44.76,1008.87
2284,205.47,31.07,30.54,44.76,1008.87
2285,205.56,31.07,30.54,44.77,1008.87
2286,205.65,31.07,30.54,44.78,1008.87
2287,205.74,31.06,30.54,44.78,1008.87
2288,205.83,31.05,30.54,44.78,1008.87
2289,205.92,31.05,30.53,44.78,1008.88
2290,206.01,31.04,30.53,44.76,1008.88
2291,206.10,31.04,30.53,44.77,1008.88
2292,206.19,31.04,30.52,44.75,1008.88
2293,206.28,31.03,30.51,44.75,1008.88
2294,206.37,31.03,30.51,44.76,1008.88
2295,206.46,31.03,30.51,44.77,1008.88
2296,206.55,31.03,30.51,44.77,1008.88
2297,206.64,31.03,30.51,44.76,1008.88
2298,206.73,31.03,30.51,44.74,1008.88
2299,206.82,31.03,30.51,44.75,1008.88
2300,206.91,31.02,30.51,44.74,1008.88
2301,207.00,31.02,30.51,44.74,1008.88
2302,207.09,31.01,30.51,44.75,1008.88
2303,207.18,31.01,30.50,44.75,1008.88
2304,207.27,31.01,30.51,44.75,1008.88
2305,207.36,31.01,30.50,44.75,1008.88
2306,207.45,31.01,30.49,44.75,1008.88
2307,207.54,31.01,30.49,44.72,1008.88
2308,207.63,31.00,30.49,44.71,1008.88
2309,207.72,31.00,30.48,44.72,1008.88
2310,207.81,31.00,30.48,44.72,1008.88
2311,207.90,31.00,30.48,44.72,1008.88
2312,207.99,31.00,30.48,44.74,1008.88
2313,208.08,31.00,30.48,44.73,1008.88
2314,208.17,30.99,30.48,44.73,1008.88
2315,208.26,30.99,30.48,44.74,1008.88
2316,208.35,30.98,30.47,44.75,1008.88
2317,208.44,30.98,30.47,44.76,1008.88
2318,208.53,30.97,30.47,44.77,1008.88
2319,208.62,30.97,30.47,44.76,1008.88
2320,208.71,30.98,30.46,44.77,1008.87
2321,208.80,30.97,30.46,44.77,1008.87
2322,208.89,30.97,30.46,44.79,1008.87
2323,208.98,30.97,30.45,44.79,1008.87
2324,209.07,30.96,30.44,44.78,1008.87
2325,209.16,30.96,30.44,44.77,1008.87
2326,209.25,30.96,30.44,44.78,1008.87
2327,209.34,30.95,30.43,44.78,1008.87
2328,209.43,30.95,30.43,44.79,1008.87
2329,209.52,30.94,30.42,44.77,1008.87
2330,209.61,30.94,30.42,44.76,1008.87
2331,209.70,30.94,30.42,44.75,1008.87
2332,209.79,30.94,30.41,44.76,1008.87
2333,209.88,30.94,30.41,44.74,1008.87
2334,209.97,30.94,30.41,44.74,1008.87
2335,210.06,30.94,30.41,44.74,1008.87
2336,210.15,30.93,30.41,44.74,1008.87
2337,210.24,30.94,30.41,44.76,1008.87
2338,210.33,30.94,30.40,44.74,1008.87
2339,210.42,30.94,30.40,44.73,1008.87
2340,210.51,30.94,30.39,44.74,1008.87
2341,210.60,30.95,30.39,44.76,1008.87
2342,210.69,30.96,30.40,44.79,1008.88
2343,210.78,30.97,30.40,44.78,1008.88
2344,210.87,30.97,30.39,44.79,1008.88
2345,210.96,30.97,30.39,44.77,1008.88
2346,211.05,30.97,30.39,44.76,1008.88
2347,211.14,30.98,30.39,44.78,1008.88
2348,211.23,30.97,30.39,44.78,1008.88
2349,211.32,30.97,30.38,44.79,1008.88
2350,211.41,30.96,30.38,44.77,1008.88
2351,211.50,30.95,30.38,44.77,1008.88
2352,211.59,30.95,30.38,44.77,1008.88
2353,211.68,30.93,30.37,44.76,1008.88
2354,211.77,30.93,30.37,44.77,1008.88
2355,211.86,30.92,30.38,44.77,1008.89
2356,211.95,30.92,30.37,44.76,1008.89
2357,212.04,30.91,30.37,44.75,1008.89
2358,212.13,30.91,30.37,44.77,1008.89
2359,212.22,30.91,30.36,44.77,1008.89
2360,212.31,30.90,30.36,44.76,1008.89
2361,212.40,30.90,30.35,44.77,1008.89
2362,212.49,30.90,30.36,44.78,1008.90
2363,212.58,30.90,30.35,44.77,1008.90
2364,212.67,30.89,30.35,44.77,1008.90
2365,212.76,30.89,30.33,44.77,1008.90
2366,212.85,30.89,30.33,44.77,1008.90
2367,212.94,30.88,30.33,44.78,1008.90
2368,213.03,30.88,30.33,44.78,1008.90
2369,213.12,30.88,30.32,44.78,1008.91
2370,213.21,30.87,30.33,44.78,1008.90
2371,213.30,30.87,30.33,44.76,1008.91
2372,213.39,30.87,30.33,44.76,1008.91
2373,213.48,30.87,30.33,44.76,1008.91
2374,213.57,30.87,30.33,44.77,1008.90
2375,213.66,30.87,30.33,44.76,1008.90
2376,213.75,30.87,30.32,44.76,1008.90
2377,213.84,30.86,30.32,44.77,1008.90
2378,213.93,30.86,30.31,44.78,1008.90
2379,214.02,30.86,30.30,44.78,1008.90
2380,214.11,30.85,30.30,44.78,1008.90
2381,214.20,30.85,30.29,44.79,1008.91
2382,214.29,30.86,30.29,44.78,1008.91
2383,214.38,30.85,30.29,44.77,1008.90
2384,214.47,30.85,30.28,44.78,1008.90
2385,214.56,30.84,30.27,44.78,1008.90
2386,214.65,30.84,30.27,44.77,1008.91
2387,214.74,30.85,30.27,44.75,1008.91
2388,214.83,30.84,30.27,44.76,1008.91
2389,214.92,30.85,30.28,44.77,1008.90
2390,215.01,30.85,30.29,44.77,1008.90
2391,215.10,30.85,30.30,44.76,1008.90
2392,215.19,30.85,30.31,44.78,1008.90
2393,215.28,30.85,30.30,44.79,1008.90
2394,215.37,30.85,30.31,44.78,1008.90
2395,215.46,30.85,30.31,44.78,1008.90
2396,215.55,30.84,30.31,44.78,1008.90
2397,215.64,30.84,30.32,44.76,1008.90
2398,215.73,30.84,30.32,44.73,1008.90
2399,215.82,30.84,30.31,44.75,1008.90
2400,215.91,30.83,30.31,44.75,1008.90
2401,216.00,30.83,30.31,44.76,1008.90
2402,216.09,30.83,30.31,44.76,1008.90
2403,216.18,30.83,30.31,44.75,1008.90
2404,216.27,30.82,30.31,44.75,1008.90
2405,216.36,30.82,30.30,44.76,1008.90
2406,216.45,30.81,30.29,44.75,1008.90
2407,216.54,30.81,30.29,44.75,1008.89
2408,216.63,30.81,30.28,44.76,1008.90
2409,216.72,30.81,30.28,44.76,1008.89
2410,216.81,30.81,30.27,44.54,1008.89
2411,216.90,30.80,30.27,44.74,1008.89
2412,216.99,30.81,30.27,44.68,1008.89
2413,217.08,30.80,30.26,44.72,1008.89
2414,217.17,30.81,30.26,44.71,1008.89
2415,217.26,30.81,30.26,44.70,1008.89
2416,217.35,30.81,30.26,44.70,1008.89
2417,217.44,30.81,30.25,44.69,1008.91
2418,217.53,30.81,30.24,44.69,1008.90
2419,217.62,30.82,30.24,44.68,1008.89
2420,217.71,30.82,30.24,44.69,1008.89
2421,217.80,30.82,30.24,44.69,1008.89
2422,217.89,30.82,30.24,44.69,1008.90
2423,217.98,30.82,30.24,44.68,1008.90
2424,218.07,30.82,30.24,44.70,1008.90
2425,218.16,30.82,30.23,44.67,1008.89
2426,218.25,30.81,30.23,44.66,1008.89
2427,218.34,30.81,30.22,44.66,1008.90
2428,218.43,30.80,30.22,44.67,1008.90
2429,218.52,30.80,30.22,44.66,1008.90
2430,218.61,30.80,30.23,44.66,1008.90
2431,218.70,30.79,30.22,44.68,1008.90
2432,218.79,30.79,30.22,44.67,1008.90
2433,218.88,30.78,30.22,44.68,1008.90
2434,218.97,30.78,30.21,44.68,1008.90
2435,219.06,30.78,30.23,44.68,1008.90
2436,219.15,30.78,30.22,44.69,1008.90
2437,219.24,30.77,30.21,44.68,1008.90
2438,219.33,30.77,30.21,44.66,1008.90
2439,219.42,30.76,30.21,44.65,1008.90
2440,219.51,30.76,30.21,44.66,1008.90
2441,219.60,30.76,30.20,44.67,1008.90
2442,219.69,30.75,30.19,44.67,1008.90
2443,219.78,30.75,30.20,44.67,1008.90
2444,219.87,30.74,30.20,44.66,1008.90
2445,219.96,30.74,30.20,44.67,1008.91
2446,220.05,30.74,30.19,44.66,1008.91
2447,220.14,30.73,30.19,44.66,1008.91
2448,220.23,30.72,30.18,44.66,1008.91
2449,220.32,30.72,30.18,44.66,1008.91
2450,220.41,30.71,30.18,44.65,1008.91
2451,220.50,30.71,30.17,44.64,1008.91
2452,220.59,30.71,30.17,44.63,1008.91
2453,220.68,30.70,30.17,44.63,1008.91
2454,220.77,30.70,30.17,44.62,1008.91
2455,220.86,30.70,30.16,44.61,1008.91
2456,220.95,30.70,30.17,44.62,1008.91
2457,221.04,30.69,30.17,44.62,1008.91
2458,221.13,30.69,30.17,44.61,1008.91
2459,221.22,30.68,30.17,44.60,1008.90
2460,221.31,30.68,30.17,44.59,1008.90
2461,221.40,30.68,30.17,44.59,1008.90
2462,221.49,30.68,30.17,44.59,1008.90
2463,221.58,30.68,30.16,44.61,1008.90
2464,221.67,30.68,30.16,44.61,1008.90
2465,221.76,30.68,30.17,44.64,1008.90
2466,221.85,30.67,30.16,44.63,1008.90
2467,221.94,30.67,30.15,44.61,1008.90
2468,222.03,30.67,30.15,44.60,1008.89
2469,222.12,30.66,30.16,44.62,1008.89
2470,222.21,30.65,30.16,44.60,1008.89
2471,222.30,30.65,30.16,44.61,1008.89
2472,222.39,30.65,30.15,44.61,1008.89
2473,222.48,30.64,30.15,44.59,1008.89
2474,222.57,30.64,30.14,44.59,1008.88
2475,222.66,30.65,30.14,44.59,1008.88
2476,222.75,30.65,30.14,44.58,1008.88
2477,222.84,30.65,30.15,44.60,1008.88
2478,222.93,30.65,30.15,44.61,1008.88
2479,223.02,30.65,30.16,44.62,1008.87
2480,223.11,30.65,30.16,44.63,1008.87
2481,223.20,30.65,30.16,44.63,1008.87
2482,223.29,30.65,30.16,44.64,1008.87
2483,223.38,30.65,30.17,44.62,1008.87
2484,223.47,30.64,30.16,44.62,1008.87
2485,223.56,30.64,30.16,44.62,1008.87
2486,223.65,30.64,30.14,44.63,1008.87
2487,223.74,30.63,30.14,44.60,1008.87
2488,223.83,30.63,30.14,44.61,1008.87
2489,223.92,30.63,30.14,44.61,1008.87
2490,224.01,30.63,30.13,44.62,1008.87
2491,224.10,30.62,30.14,44.61,1008.87
2492,224.19,30.62,30.14,44.61,1008.87
2493,224.28,30.62,30.13,44.61,1008.87
2494,224.37,30.62,30.13,44.63,1008.87
2495,224.46,30.62,30.13,44.64,1008.87
2496,224.55,30.62,30.13,44.65,1008.87
2497,224.64,30.62,30.13,44.65,1008.87
2498,224.73,30.62,30.12,44.65,1008.87
2499,224.82,30.61,30.12,44.65,1008.88
2500,224.91,30.61,30.12,44.63,1008.88
2501,225.00,30.61,30.11,44.65,1008.88
2502,225.09,30.61,30.12,44.65,1008.88
2503,225.18,30.61,30.12,44.66,1008.88
2504,225.27,30.61,30.11,44.65,1008.88
2505,225.36,30.60,30.11,44.66,1008.88
2506,225.45,30.60,30.11,44.67,1008.88
2507,225.54,30.60,30.10,44.67,1008.87
2508,225.63,30.60,30.11,44.67,1008.88
2509,225.72,30.59,30.10,44.67,1008.88
2510,225.81,30.59,30.10,44.68,1008.88
2511,225.90,30.59,30.10,44.69,1008.88
2512,225.99,30.59,30.10,44.68,1008.88
2513,226.08,30.58,30.10,44.67,1008.88
2514,226.17,30.58,30.10,44.68,1008.89
2515,226.26,30.57,30.09,44.68,1008.89
2516,226.35,30.57,30.09,44.68,1008.89
2517,226.44,30.58,30.08,44.67,1008.89
2518,226.53,30.57,30.08,44.68,1008.89
2519,226.62,30.57,30.08,44.68,1008.89
2520,226.71,30.56,30.07,44.69,1008.89
2521,226.80,30.56,30.08,44.67,1008.89
2522,226.89,30.56,30.08,44.67,1008.89
2523,226.98,30.56,30.07,44.67,1008.89
2524,227.07,30.56,30.08,44.67,1008.89
2525,227.16,30.56,30.08,44.69,1008.89
2526,227.25,30.56,30.08,44.68,1008.88
2527,227.34,30.56,30.08,44.69,1008.89
2528,227.43,30.55,30.08,44.68,1008.88
2529,227.52,30.56,30.07,44.68,1008.89
2530,227.61,30.55,30.07,44.68,1008.88
2531,227.70,30.56,30.07,44.68,1008.88
2532,227.79,30.56,30.06,44.69,1008.88
2533,227.88,30.55,30.06,44.66,1008.88
2534,227.97,30.55,30.06,44.66,1008.88
2535,228.06,30.54,30.06,44.67,1008.88
2536,228.15,30.54,30.05,44.65,1008.88
2537,228.24,30.55,30.04,44.65,1008.87
2538,228.33,30.54,30.04,44.66,1008.87
2539,228.42,30.55,30.04,44.65,1008.87
2540,228.51,30.54,30.03,44.65,1008.87
2541,228.60,30.54,30.03,44.66,1008.87
2542,228.69,30.53,30.02,44.66,1008.87
2543,228.78,30.54,30.01,44.66,1008.87
2544,228.87,30.53,30.01,44.66,1008.87
2545,228.96,30.53,30.01,44.66,1008.87
2546,229.05,30.53,30.00,44.66,1008.86
2547,229.14,30.52,30.00,44.66,1008.86
2548,229.23,30.52,30.00,44.63,1008.86
2549,229.32,30.51,30.00,44.64,1008.86
2550,229.41,30.51,30.00,44.64,1008.86
2551,229.50,30.50,30.00,44.65,1008.86
2552,229.59,30.50,30.00,44.65,1008.86
2553,229.68,30.51,30.00,44.65,1008.86
2554,229.77,30.51,30.00,44.65,1008.86
2555,229.86,30.51,30.01,44.64,1008.86
2556,229.95,30.51,30.01,44.64,1008.86
2557,230.04,30.51,30.01,44.64,1008.86
2558,230.13,30.51,30.01,44.64,1008.86
2559,230.22,30.51,29.99,44.64,1008.86
2560,230.31,30.51,29.98,44.63,1008.86
2561,230.40,30.51,29.98,44.64,1008.86
2562,230.49,30.51,29.97,44.63,1008.86
2563,230.58,30.50,29.97,44.62,1008.86
2564,230.67,30.49,29.97,44.61,1008.87
2565,230.76,30.49,29.97,44.59,1008.87
2566,230.85,30.49,29.97,44.58,1008.87
2567,230.94,30.49,29.97,44.57,1008.87
2568,231.03,30.49,29.97,44.57,1008.87
2569,231.12,30.49,29.97,44.56,1008.87
2570,231.21,30.49,29.98,44.58,1008.87
2571,231.30,30.49,29.98,44.58,1008.87
2572,231.39,30.49,29.97,44.59,1008.87
2573,231.48,30.49,29.97,44.57,1008.87
2574,231.57,30.48,29.97,44.58,1008.88
2575,231.66,30.48,29.97,44.60,1008.88
2576,231.75,30.48,29.96,44.58,1008.87
2577,231.84,30.48,29.97,44.59,1008.87
2578,231.93,30.48,29.97,44.59,1008.87
2579,232.02,30.47,29.96,44.58,1008.87
2580,232.11,30.46,29.96,44.58,1008.87
2581,232.20,30.46,29.95,44.58,1008.87
2582,232.29,30.45,29.96,44.59,1008.87
2583,232.38,30.46,29.95,44.57,1008.87
2584,232.47,30.45,29.95,44.57,1008.87
2585,232.56,30.46,29.95,44.59,1008.87
2586,232.65,30.46,29.95,44.58,1008.88
2587,232.74,30.46,29.95,44.59,1008.88
2588,232.83,30.46,29.94,44.58,1008.88
2589,232.92,30.46,29.94,44.59,1008.88
2590,233.01,30.45,29.94,44.60,1008.88
2591,233.10,30.45,29.94,44.59,1008.88
2592,233.19,30.45,29.94,44.59,1008.88
2593,233.28,30.44,29.94,44.58,1008.88
2594,233.37,30.44,29.94,44.57,1008.88
2595,233.46,30.43,29.94,44.58,1008.88
2596,233.55,30.43,29.95,44.57,1008.89
2597,233.64,30.43,29.95,44.58,1008.89
2598,233.73,30.42,29.95,44.56,1008.89
2599,233.82,30.42,29.95,44.55,1008.89
2600,233.91,30.42,29.94,44.55,1008.89
2601,234.00,30.41,29.94,44.55,1008.89
2602,234.09,30.41,29.93,44.56,1008.89
2603,234.18,30.41,29.93,44.56,1008.89
2604,234.27,30.41,29.93,44.56,1008.89
2605,234.36,30.40,29.92,44.56,1008.89
2606,234.45,30.40,29.92,44.55,1008.89
2607,234.54,30.40,29.93,44.56,1008.89
2608,234.63,30.41,29.93,44.54,1008.89
2609,234.72,30.41,29.92,44.53,1008.89
2610,234.81,30.41,29.92,44.51,1008.89
2611,234.90,30.40,29.92,44.50,1008.89
2612,234.99,30.40,29.92,44.49,1008.89
2613,235.08,30.39,29.92,44.49,1008.89
2614,235.17,30.40,29.92,44.46,1008.89
2615,235.26,30.39,29.92,44.46,1008.89
2616,235.35,30.39,29.91,44.46,1008.89
2617,235.44,30.39,29.91,44.46,1008.89
2618,235.53,30.38,29.90,44.46,1008.89
2619,235.62,30.38,29.90,44.49,1008.89
2620,235.71,30.38,29.90,44.48,1008.89
2621,235.80,30.38,29.90,44.48,1008.89
2622,235.89,30.38,29.90,44.47,1008.89
2623,235.98,30.37,29.90,44.47,1008.89
2624,236.07,30.37,29.90,44.47,1008.89
2625,236.16,30.37,29.90,44.48,1008.89
2626,236.25,30.36,29.90,44.49,1008.89
2627,236.34,30.36,29.90,44.50,1008.89
2628,236.43,30.36,29.90,44.49,1008.89
2629,236.52,30.36,29.90,44.48,1008.89
2630,236.61,30.35,29.90,44.47,1008.89
2631,236.70,30.35,29.90,44.44,1008.89
2632,236.79,30.35,29.90,44.45,1008.89
2633,236.88,30.35,29.91,44.46,1008.89
2634,236.97,30.35,29.90,44.47,1008.89
2635,237.06,30.35,29.90,44.46,1008.89
2636,237.15,30.35,29.90,44.47,1008.89
2637,237.24,30.35,29.90,44.47,1008.89
2638,237.33,30.35,29.89,44.46,1008.89
2639,237.42,30.34,29.88,44.47,1008.89
2640,237.51,30.34,29.87,44.47,1008.89
2641,237.60,30.34,29.87,44.50,1008.88
2642,237.69,30.34,29.87,44.49,1008.89
2643,237.78,30.34,29.86,44.50,1008.88
2644,237.87,30.33,29.86,44.50,1008.88
2645,237.96,30.33,29.85,44.49,1008.88
2646,238.05,30.33,29.85,44.50,1008.88
2647,238.14,30.32,29.85,44.51,1008.88
2648,238.23,30.32,29.85,44.51,1008.89
2649,238.32,30.32,29.85,44.50,1008.89
2650,238.41,30.32,29.85,44.50,1008.89
2651,238.50,30.32,29.85,44.49,1008.89
2652,238.59,30.31,29.84,44.52,1008.89
2653,238.68,30.31,29.85,44.52,1008.89
2654,238.77,30.31,29.85,44.53,1008.89
2655,238.86,30.31,29.86,44.55,1008.89
2656,238.95,30.31,29.85,44.55,1008.89
2657,239.04,30.30,29.85,44.56,1008.89
2658,239.13,30.30,29.84,44.57,1008.89
2659,239.22,30.30,29.85,44.57,1008.89
2660,239.31,30.29,29.85,44.57,1008.89
2661,239.40,30.29,29.84,44.58,1008.89
2662,239.49,30.29,29.83,44.55,1008.90
2663,239.58,30.29,29.83,44.55,1008.90
2664,239.67,30.29,29.83,44.55,1008.90
2665,239.76,30.29,29.83,44.57,1008.90
2666,239.85,30.29,29.83,44.58,1008.90
2667,239.94,30.29,29.83,44.59,1008.90
2668,240.03,30.29,29.82,44.58,1008.90
2669,240.12,30.28,29.82,44.58,1008.90
2670,240.21,30.28,29.82,44.60,1008.90
2671,240.30,30.28,29.82,44.59,1008.90
2672,240.39,30.28,29.82,44.59,1008.90
2673,240.48,30.28,29.82,44.61,1008.90
2674,240.57,30.28,29.82,44.63,1008.91
2675,240.66,30.27,29.82,44.63,1008.91
2676,240.75,30.28,29.82,44.63,1008.91
2677,240.84,30.28,29.81,44.64,1008.91
2678,240.93,30.28,29.80,44.62,1008.91
2679,241.02,30.28,29.80,44.62,1008.91
2680,241.11,30.29,29.80,44.61,1008.91
2681,241.20,30.29,29.80,44.61,1008.91
2682,241.29,30.28,29.80,44.59,1008.90
2683,241.38,30.28,29.79,44.57,1008.90
2684,241.47,30.28,29.79,44.56,1008.90
2685,241.56,30.27,29.79,44.58,1008.90
2686,241.65,30.27,29.80,44.58,1008.90
2687,241.74,30.27,29.80,44.60,1008.90
2688,241.83,30.27,29.81,44.60,1008.90
2689,241.92,30.27,29.80,44.61,1008.90
2690,242.01,30.27,29.80,44.62,1008.90
2691,242.10,30.28,29.80,44.62,1008.90
2692,242.19,30.28,29.79,44.60,1008.90
2693,242.28,30.28,29.80,44.61,1008.90
2694,242.37,30.27,29.79,44.60,1008.90
2695,242.46,30.27,29.79,44.60,1008.90
2696,242.55,30.27,29.79,44.61,1008.90
2697,242.64,30.27,29.79,44.58,1008.90
2698,242.73,30.27,29.79,44.56,1008.89
2699,242.82,30.27,29.80,44.57,1008.89
2700,242.91,30.26,29.80,44.58,1008.89
2701,243.00,30.26,29.79,44.58,1008.89
2702,243.09,30.25,29.77,44.56,1008.89
2703,243.18,30.25,29.77,44.53,1008.89
2704,243.27,30.25,29.78,44.54,1008.89
2705,243.36,30.24,29.77,44.53,1008.89
2706,243.45,30.24,29.78,44.53,1008.89
2707,243.54,30.24,29.77,44.52,1008.89
2708,243.63,30.23,29.77,44.53,1008.89
2709,243.72,30.22,29.78,44.54,1008.89
2710,243.81,30.22,29.77,44.56,1008.89
2711,243.90,30.23,29.76,44.55,1008.88
2712,243.99,30.22,29.77,44.57,1008.89
2713,244.08,30.22,29.77,44.58,1008.89
2714,244.17,30.23,29.77,44.58,1008.89
2715,244.26,30.23,29.77,44.59,1008.89
2716,244.35,30.23,29.77,44.57,1008.89
2717,244.44,30.22,29.77,44.58,1008.88
2718,244.53,30.22,29.76,44.58,1008.88
2719,244.62,30.21,29.75,44.57,1008.88
2720,244.71,30.21,29.75,44.55,1008.89
2721,244.80,30.21,29.74,44.53,1008.89
2722,244.89,30.20,29.73,44.52,1008.89
2723,244.98,30.20,29.73,44.51,1008.89
2724,245.07,30.20,29.73,44.52,1008.89
2725,245.16,30.19,29.73,44.50,1008.89
2726,245.25,30.19,29.73,44.48,1008.89
2727,245.34,30.19,29.72,44.46,1008.89
2728,245.43,30.19,29.72,44.46,1008.88
2729,245.52,30.19,29.73,44.46,1008.88
2730,245.61,30.19,29.73,44.45,1008.88
2731,245.70,30.19,29.73,44.45,1008.88
2732,245.79,30.19,29.73,44.45,1008.88
2733,245.88,30.19,29.73,44.44,1008.89
2734,245.97,30.19,29.73,44.46,1008.89
2735,246.06,30.19,29.73,44.46,1008.88
2736,246.15,30.18,29.72,44.46,1008.89
2737,246.24,30.18,29.72,44.46,1008.89
2738,246.33,30.18,29.72,44.47,1008.89
2739,246.42,30.17,29.71,44.46,1008.88
2740,246.51,30.17,29.70,44.46,1008.88
2741,246.60,30.17,29.70,44.47,1008.89
2742,246.69,30.16,29.70,44.50,1008.89
2743,246.78,30.16,29.69,44.51,1008.88
2744,246.87,30.15,29.70,44.52,1008.88
2745,246.96,30.15,29.70,44.52,1008.88
2746,247.05,30.16,29.70,44.54,1008.89
2747,247.14,30.15,29.70,44.55,1008.88
2748,247.23,30.15,29.70,44.55,1008.88
2749,247.32,30.14,29.70,44.53,1008.88
2750,247.41,30.14,29.70,44.52,1008.88
2751,247.50,30.14,29.70,44.51,1008.88
2752,247.59,30.13,29.69,44.50,1008.88
2753,247.68,30.12,29.69,44.51,1008.88
2754,247.77,30.12,29.69,44.50,1008.88
2755,247.86,30.11,29.69,44.50,1008.88
2756,247.95,30.10,29.68,44.49,1008.88
2757,248.04,30.09,29.69,44.50,1008.88
2758,248.13,30.09,29.68,44.50,1008.88
2759,248.22,30.08,29.67,44.50,1008.89
2760,248.31,30.07,29.67,44.50,1008.89
2761,248.40,30.07,29.68,44.49,1008.88
2762,248.49,30.07,29.68,44.49,1008.89
2763,248.58,30.06,29.68,44.51,1008.89
2764,248.67,30.06,29.67,44.50,1008.88
2765,248.76,30.06,29.67,44.52,1008.88
2766,248.85,30.06,29.67,44.51,1008.88
2767,248.94,30.06,29.68,44.53,1008.88
2768,249.03,30.06,29.68,44.52,1008.88
2769,249.12,30.05,29.67,44.50,1008.89
2770,249.21,30.05,29.67,44.50,1008.89
2771,249.30,30.05,29.67,44.49,1008.89
2772,249.39,30.05,29.67,44.51,1008.89
2773,249.48,30.06,29.67,44.51,1008.89
2774,249.57,30.06,29.67,44.51,1008.89
2775,249.66,30.06,29.66,44.51,1008.89
2776,249.75,30.06,29.66,44.52,1008.89
2777,249.84,30.07,29.66,44.51,1008.89
2778,249.93,30.07,29.65,44.50,1008.89
2779,250.02,30.07,29.65,44.50,1008.89
2780,250.11,30.07,29.65,44.48,1008.89
2781,250.20,30.07,29.65,44.47,1008.89
2782,250.29,30.08,29.65,44.48,1008.89
2783,250.38,30.08,29.65,44.48,1008.89
2784,250.47,30.14,29.64,44.47,1008.89
2785,250.56,30.11,29.65,44.49,1008.89
2786,250.65,30.08,29.65,44.48,1008.89
2787,250.74,30.09,29.64,44.48,1008.88
2788,250.83,30.08,29.63,44.47,1008.88
2789,250.92,30.08,29.63,44.47,1008.88
2790,251.01,30.08,29.64,44.44,1008.88
2791,251.10,30.08,29.64,44.45,1008.88
2792,251.19,30.08,29.63,44.45,1008.88
2793,251.28,30.07,29.64,44.47,1008.88
2794,251.37,30.07,29.64,44.47,1008.88
2795,251.46,30.07,29.64,44.48,1008.88
2796,251.55,30.07,29.63,44.49,1008.88
2797,251.64,30.07,29.64,44.48,1008.88
2798,251.73,30.07,29.64,44.50,1008.88
2799,251.82,30.07,29.65,44.50,1008.88
2800,251.91,30.07,29.65,44.52,1008.87
2801,252.00,30.07,29.64,44.53,1008.88
2802,252.09,30.07,29.63,44.52,1008.87
2803,252.18,30.06,29.63,44.52,1008.87
2804,252.27,30.06,29.62,44.51,1008.88
2805,252.36,30.06,29.63,44.50,1008.87
2806,252.45,30.06,29.63,44.50,1008.87
2807,252.54,30.06,29.62,44.51,1008.87
2808,252.63,30.07,29.62,44.51,1008.87
2809,252.72,30.07,29.62,44.51,1008.87
2810,252.81,30.06,29.61,44.50,1008.87
2811,252.90,30.06,29.61,44.52,1008.87
2812,252.99,30.07,29.61,44.53,1008.87
2813,253.08,30.06,29.61,44.54,1008.87
2814,253.17,30.06,29.61,44.52,1008.87
2815,253.26,30.06,29.60,44.52,1008.87
2816,253.35,30.06,29.60,44.51,1008.87
2817,253.44,30.05,29.60,44.51,1008.87
2818,253.53,30.05,29.59,44.52,1008.87
2819,253.62,30.05,29.59,44.52,1008.87
2820,253.71,30.04,29.59,44.52,1008.87
2821,253.80,30.04,29.59,44.53,1008.88
2822,253.89,30.04,29.59,44.52,1008.88
2823,253.98,30.04,29.58,44.52,1008.88
2824,254.07,30.04,29.59,44.51,1008.88
2825,254.16,30.04,29.58,44.52,1008.88
2826,254.25,30.03,29.58,44.53,1008.88
2827,254.34,30.04,29.58,44.52,1008.88
2828,254.43,30.04,29.58,44.51,1008.88
2829,254.52,30.04,29.58,44.53,1008.89
2830,254.61,30.03,29.57,44.52,1008.88
2831,254.70,30.03,29.57,44.52,1008.89
2832,254.79,30.04,29.56,44.50,1008.89
2833,254.88,30.04,29.56,44.49,1008.89
2834,254.97,30.04,29.56,44.51,1008.89
2835,255.06,30.04,29.56,44.52,1008.89
2836,255.15,30.03,29.56,44.51,1008.89
2837,255.24,30.03,29.56,44.48,1008.90
2838,255.33,30.03,29.55,44.49,1008.90
2839,255.42,30.03,29.55,44.49,1008.90
2840,255.51,29.99,29.56,44.49,1008.90
2841,255.60,30.03,29.55,44.50,1008.90
2842,255.69,30.04,29.55,44.50,1008.90
2843,255.78,30.04,29.55,44.48,1008.90
2844,255.87,30.04,29.54,44.47,1008.90
2845,255.96,30.04,29.54,44.46,1008.90
2846,256.05,30.04,29.54,44.46,1008.90
2847,256.14,30.04,29.54,44.46,1008.90
2848,256.23,30.03,29.54,44.45,1008.90
2849,256.32,30.02,29.53,44.45,1008.90
2850,256.41,30.02,29.53,44.43,1008.90
2851,256.50,30.02,29.54,44.41,1008.90
2852,256.59,30.02,29.54,44.41,1008.90
2853,256.68,30.02,29.53,44.41,1008.89
2854,256.77,30.01,29.54,44.40,1008.89
2855,256.86,30.01,29.53,44.39,1008.89
2856,256.95,30.01,29.53,44.37,1008.89
2857,257.04,30.01,29.54,44.39,1008.89
2858,257.13,30.00,29.54,44.37,1008.89
2859,257.22,30.00,29.54,44.37,1008.89
2860,257.31,30.00,29.54,44.39,1008.89
2861,257.40,30.00,29.54,44.40,1008.89
2862,257.49,30.00,29.54,44.38,1008.89
2863,257.58,29.99,29.55,44.40,1008.89
2864,257.67,29.99,29.55,44.41,1008.89
2865,257.76,29.99,29.56,44.40,1008.89
2866,257.85,29.99,29.55,44.40,1008.89
2867,257.94,29.99,29.55,44.41,1008.88
2868,258.03,29.98,29.55,44.40,1008.89
2869,258.12,29.99,29.55,44.39,1008.88
2870,258.21,29.98,29.54,44.40,1008.88
2871,258.30,29.98,29.55,44.40,1008.88
2872,258.39,29.97,29.54,44.40,1008.88
2873,258.48,29.97,29.54,44.41,1008.88
2874,258.57,29.97,29.54,44.41,1008.88
2875,258.66,29.97,29.53,44.40,1008.88
2876,258.75,29.96,29.52,44.39,1008.88
2877,258.84,29.96,29.52,44.38,1008.88
2878,258.93,29.96,29.52,44.38,1008.88
2879,259.02,29.95,29.53,44.39,1008.88
2880,259.11,29.95,29.52,44.39,1008.88
2881,259.20,29.95,29.52,44.37,1008.88
2882,259.29,29.94,29.52,44.37,1008.88
2883,259.38,29.94,29.52,44.37,1008.88
2884,259.47,29.94,29.51,44.34,1008.88
2885,259.56,29.94,29.52,44.35,1008.88
2886,259.65,29.94,29.51,44.33,1008.88
2887,259.74,29.93,29.51,44.32,1008.89
2888,259.83,29.93,29.52,44.32,1008.89
2889,259.92,29.93,29.51,44.32,1008.89
2890,260.01,29.92,29.50,44.32,1008.89
2891,260.10,29.93,29.51,44.33,1008.89
2892,260.19,29.93,29.51,44.33,1008.89
2893,260.28,29.93,29.50,44.32,1008.89
2894,260.37,29.93,29.51,44.32,1008.89
2895,260.46,29.93,29.50,44.31,1008.89
2896,260.55,29.93,29.51,44.29,1008.89
2897,260.64,29.93,29.51,44.30,1008.89
2898,260.73,29.93,29.51,44.28,1008.89
2899,260.82,29.93,29.51,44.28,1008.89
2900,260.91,29.92,29.51,44.28,1008.89
2901,261.00,29.92,29.50,44.27,1008.89
2902,261.09,29.92,29.50,44.28,1008.90
2903,261.18,29.92,29.50,44.27,1008.90
2904,261.27,29.92,29.50,44.26,1008.89
2905,261.36,29.91,29.50,44.26,1008.89
2906,261.45,29.91,29.49,44.28,1008.89
2907,261.54,29.91,29.49,44.28,1008.89
2908,261.63,29.91,29.49,44.25,1008.89
2909,261.72,29.91,29.49,44.25,1008.89
2910,261.81,29.91,29.48,44.26,1008.89
2911,261.90,29.91,29.47,44.25,1008.89
2912,261.99,29.90,29.47,44.26,1008.89
2913,262.08,29.90,29.47,44.25,1008.89
2914,262.17,29.90,29.46,44.27,1008.89
2915,262.26,29.90,29.46,44.26,1008.89
2916,262.35,29.89,29.46,44.26,1008.89
2917,262.44,29.89,29.47,44.27,1008.89
2918,262.53,29.89,29.47,44.27,1008.89
2919,262.62,29.88,29.46,44.28,1008.89
2920,262.71,29.88,29.46,44.28,1008.89
2921,262.80,29.88,29.46,44.26,1008.89
2922,262.89,29.88,29.46,44.27,1008.89
2923,262.98,29.88,29.46,44.28,1008.89
2924,263.07,29.87,29.46,44.28,1008.89
2925,263.16,29.88,29.45,44.28,1008.89
2926,263.25,29.87,29.46,44.26,1008.89
2927,263.34,29.88,29.45,44.25,1008.89
2928,263.43,29.88,29.45,44.25,1008.89
2929,263.52,29.87,29.45,44.25,1008.89
2930,263.61,29.86,29.44,44.23,1008.89
2931,263.70,29.86,29.45,44.24,1008.88
2932,263.79,29.86,29.44,44.22,1008.88
2933,263.88,29.86,29.44,44.21,1008.89
2934,263.97,29.85,29.44,44.21,1008.89
2935,264.06,29.85,29.44,44.21,1008.89
2936,264.15,29.85,29.43,44.19,1008.89
2937,264.24,29.85,29.43,44.20,1008.89
2938,264.33,29.85,29.42,44.21,1008.89
2939,264.42,29.84,29.43,44.22,1008.89
2940,264.51,29.84,29.43,44.22,1008.89
2941,264.60,29.83,29.43,44.22,1008.89
2942,264.69,29.83,29.43,44.20,1008.89
2943,264.78,29.84,29.43,44.21,1008.89
2944,264.87,29.84,29.44,44.23,1008.89
2945,264.96,29.84,29.43,44.25,1008.88
2946,265.05,29.84,29.43,44.25,1008.88
2947,265.14,29.84,29.43,44.24,1008.88
2948,265.23,29.84,29.43,44.26,1008.88
2949,265.32,29.84,29.43,44.27,1008.88
2950,265.41,29.84,29.42,44.26,1008.88
2951,265.50,29.84,29.43,44.27,1008.88
2952,265.59,29.83,29.43,44.28,1008.88
2953,265.68,29.83,29.42,44.28,1008.88
2954,265.77,29.83,29.42,44.27,1008.88
2955,265.86,29.83,29.41,44.28,1008.88
2956,265.95,29.83,29.42,44.28,1008.87
2957,266.04,29.83,29.42,44.28,1008.87
2958,266.13,29.83,29.42,44.29,1008.87
2959,266.22,29.83,29.42,44.27,1008.87
2960,266.31,29.83,29.42,44.28,1008.87
2961,266.40,29.83,29.42,44.26,1008.87
2962,266.49,29.83,29.41,44.24,1008.87
2963,266.58,29.82,29.41,44.24,1008.87
2964,266.67,29.82,29.41,44.26,1008.87
2965,266.76,29.82,29.41,44.28,1008.87
2966,266.85,29.83,29.41,44.28,1008.87
2967,266.94,29.82,29.41,44.27,1008.87
2968,267.03,29.82,29.41,44.29,1008.87
2969,267.12,29.83,29.41,44.27,1008.87
2970,267.21,29.82,29.40,44.25,1008.87
2971,267.30,29.82,29.40,44.24,1008.87
2972,267.39,29.82,29.40,44.24,1008.87
2973,267.48,29.82,29.40,44.23,1008.87
2974,267.57,29.82,29.40,44.23,1008.87
2975,267.66,29.82,29.40,44.24,1008.87
2976,267.75,29.81,29.40,44.23,1008.87
2977,267.84,29.81,29.40,44.21,1008.87
2978,267.93,29.80,29.40,44.21,1008.87
2979,268.02,29.80,29.40,44.22,1008.87
2980,268.11,29.81,29.40,44.20,1008.87
2981,268.20,29.80,29.40,44.22,1008.87
2982,268.29,29.80,29.40,44.23,1008.88
2983,268.38,29.80,29.41,44.20,1008.88
2984,268.47,29.80,29.40,44.20,1008.88
2985,268.56,29.80,29.40,44.21,1008.88
2986,268.65,29.80,29.39,44.22,1008.88
2987,268.74,29.80,29.39,44.23,1008.88
2988,268.83,29.80,29.38,44.23,1008.88
2989,268.92,29.79,29.38,44.24,1008.88
2990,269.01,29.79,29.38,44.24,1008.88
2991,269.10,29.79,29.38,44.23,1008.88
2992,269.19,29.79,29.38,44.21,1008.88
2993,269.28,29.78,29.38,44.21,1008.89
2994,269.37,29.78,29.37,44.22,1008.89
2995,269.46,29.78,29.36,44.23,1008.89
2996,269.55,29.78,29.36,44.23,1008.89
2997,269.64,29.79,29.36,44.22,1008.89
2998,269.73,29.79,29.36,44.23,1008.89
2999,269.82,29.79,29.37,44.22,1008.89
3000,269.91,29.79,29.37,44.24,1008.89
3001,270.00,29.79,29.36,44.24,1008.89
3002,270.09,29.79,29.36,44.23,1008.89
3003,270.18,29.79,29.36,44.25,1008.89
3004,270.27,29.79,29.36,44.25,1008.89
3005,270.36,29.78,29.35,44.26,1008.89
3006,270.45,29.78,29.35,44.26,1008.89
3007,270.54,29.77,29.35,44.27,1008.89
3008,270.63,29.76,29.35,44.28,1008.89
3009,270.72,29.75,29.35,44.29,1008.89
3010,270.81,29.75,29.35,44.29,1008.89
3011,270.90,29.76,29.36,44.28,1008.89
3012,270.99,29.76,29.35,44.28,1008.89
3013,271.08,29.76,29.35,44.28,1008.89
3014,271.17,29.76,29.35,44.29,1008.89
3015,271.26,29.75,29.35,44.31,1008.88
3016,271.35,29.76,29.35,44.30,1008.88
3017,271.44,29.75,29.35,44.31,1008.88
3018,271.53,29.75,29.36,44.31,1008.88
3019,271.62,29.76,29.35,44.31,1008.88
3020,271.71,29.76,29.35,44.32,1008.88
3021,271.80,29.76,29.35,44.31,1008.88
3022,271.89,29.76,29.35,44.32,1008.88
3023,271.98,29.76,29.34,44.33,1008.87
3024,272.07,29.76,29.34,44.32,1008.87
3025,272.16,29.76,29.33,44.30,1008.87
3026,272.25,29.77,29.33,44.30,1008.87
3027,272.34,29.76,29.33,44.29,1008.87
3028,272.43,29.77,29.33,44.28,1008.87
3029,272.52,29.76,29.32,44.27,1008.87
3030,272.61,29.75,29.32,44.26,1008.87
3031,272.70,29.76,29.33,44.28,1008.87
3032,272.79,29.75,29.33,44.26,1008.87
3033,272.88,29.75,29.32,44.27,1008.88
3034,272.97,29.75,29.32,44.27,1008.88
3035,273.06,29.75,29.32,44.26,1008.87
3036,273.15,29.75,29.32,44.24,1008.87
3037,273.24,29.74,29.32,44.28,1008.88
3038,273.33,29.74,29.32,44.28,1008.88
3039,273.42,29.74,29.32,44.30,1008.88
3040,273.51,29.74,29.32,44.28,1008.88
3041,273.60,29.73,29.32,44.29,1008.88
3042,273.69,29.73,29.31,44.31,1008.88
3043,273.78,29.72,29.31,44.29,1008.88
3044,273.87,29.72,29.30,44.28,1008.88
3045,273.96,29.71,29.31,44.28,1008.88
3046,274.05,29.71,29.31,44.25,1008.88
3047,274.14,29.71,29.30,44.24,1008.88
3048,274.23,29.71,29.30,44.24,1008.88
3049,274.32,29.72,29.30,44.24,1008.89
3050,274.41,29.71,29.30,44.24,1008.89
3051,274.50,29.72,29.29,44.23,1008.89
3052,274.59,29.72,29.30,44.22,1008.89
3053,274.68,29.71,29.30,44.23,1008.89
3054,274.77,29.71,29.30,44.23,1008.90
3055,274.86,29.70,29.30,44.22,1008.90
3056,274.95,29.70,29.30,44.21,1008.90
3057,275.04,29.70,29.30,44.20,1008.90
3058,275.13,29.70,29.31,44.20,1008.90
3059,275.22,29.70,29.31,44.19,1008.91
3060,275.31,29.70,29.30,44.19,1008.91
3061,275.40,29.70,29.30,44.18,1008.91
3062,275.49,29.70,29.30,44.19,1008.91
3063,275.58,29.71,29.30,44.20,1008.91
3064,275.67,29.71,29.30,44.20,1008.91
3065,275.76,29.71,29.30,44.18,1008.91
3066,275.85,29.71,29.30,44.20,1008.91
3067,275.94,29.70,29.30,44.21,1008.91
3068,276.03,29.69,29.29,44.20,1008.91
3069,276.12,29.70,29.28,44.21,1008.90
3070,276.21,29.69,29.28,44.20,1008.90
3071,276.30,29.69,29.27,44.20,1008.90
3072,276.39,29.69,29.28,44.20,1008.90
3073,276.48,29.68,29.28,44.21,1008.90
3074,276.57,29.68,29.28,44.20,1008.90
3075,276.66,29.68,29.28,44.20,1008.90
3076,276.75,29.68,29.27,44.21,1008.90
3077,276.84,29.68,29.28,44.22,1008.90
3078,276.93,29.68,29.29,44.22,1008.90
3079,277.02,29.67,29.28,44.23,1008.90
3080,277.11,29.67,29.29,44.24,1008.90
3081,277.20,29.67,29.29,44.24,1008.89
3082,277.29,29.67,29.29,44.23,1008.89
3083,277.38,29.66,29.29,44.23,1008.89
3084,277.47,29.66,29.29,44.22,1008.89
3085,277.56,29.66,29.29,44.24,1008.89
3086,277.65,29.66,29.29,44.24,1008.89
3087,277.74,29.66,29.29,44.24,1008.89
3088,277.83,29.66,29.29,44.24,1008.89
3089,277.92,29.66,29.29,44.23,1008.89
3090,278.01,29.67,29.28,44.23,1008.89
3091,278.10,29.67,29.28,44.21,1008.89
3092,278.19,29.67,29.27,44.20,1008.89
3093,278.28,29.66,29.28,44.22,1008.89
3094,278.37,29.66,29.27,44.21,1008.89
3095,278.46,29.66,29.26,44.20,1008.89
3096,278.55,29.66,29.26,44.18,1008.89
3097,278.64,29.66,29.26,44.17,1008.89
3098,278.73,29.66,29.26,44.16,1008.89
3099,278.82,29.65,29.26,44.14,1008.89
3100,278.91,29.65,29.27,44.15,1008.89
3101,279.00,29.65,29.26,44.12,1008.89
3102,279.09,29.64,29.25,44.12,1008.89
3103,279.18,29.64,29.25,44.11,1008.90
3104,279.27,29.64,29.25,44.12,1008.90
3105,279.36,29.64,29.25,44.13,1008.90
3106,279.45,29.63,29.25,44.12,1008.90
3107,279.54,29.64,29.25,44.10,1008.90
3108,279.63,29.63,29.25,44.10,1008.90
3109,279.72,29.63,29.24,44.09,1008.90
3110,279.81,29.63,29.25,44.09,1008.89
3111,279.90,29.64,29.25,44.10,1008.89
3112,279.99,29.64,29.25,44.10,1008.89
3113,280.08,29.64,29.24,44.10,1008.89
3114,280.17,29.64,29.24,44.09,1008.90
3115,280.26,29.64,29.24,44.09,1008.89
3116,280.35,29.64,29.23,44.06,1008.89
3117,280.44,29.64,29.23,44.06,1008.90
3118,280.53,29.63,29.23,44.07,1008.90
3119,280.62,29.63,29.23,44.09,1008.90
3120,280.71,29.63,29.23,44.11,1008.89
3121,280.80,29.63,29.22,44.13,1008.89
3122,280.89,29.63,29.22,44.14,1008.89
3123,280.98,29.63,29.23,44.13,1008.89
3124,281.07,29.62,29.23,44.14,1008.90
3125,281.16,29.62,29.22,44.15,1008.89
3126,281.25,29.62,29.22,44.15,1008.89
3127,281.34,29.63,29.21,44.14,1008.89
3128,281.43,29.62,29.21,44.13,1008.89
3129,281.52,29.62,29.21,44.13,1008.89
3130,281.61,29.62,29.21,44.13,1008.89
3131,281.70,29.61,29.21,44.11,1008.89
3132,281.79,29.61,29.20,44.10,1008.89
3133,281.88,29.60,29.20,44.09,1008.89
3134,281.97,29.60,29.20,44.08,1008.89
3135,282.06,29.61,29.19,44.07,1008.89
3136,282.15,29.61,29.20,44.04,1008.89
3137,282.24,29.61,29.20,44.03,1008.89
3138,282.33,29.61,29.20,44.03,1008.89
3139,282.42,29.61,29.19,44.04,1008.89
3140,282.51,29.61,29.19,44.03,1008.89
3141,282.60,29.60,29.18,44.04,1008.89
3142,282.69,29.60,29.18,44.03,1008.89
3143,282.78,29.60,29.18,44.04,1008.89
3144,282.87,29.61,29.18,44.05,1008.89
3145,282.96,29.61,29.18,44.05,1008.89
3146,283.05,29.61,29.18,44.05,1008.89
3147,283.14,29.60,29.18,44.05,1008.89
3148,283.23,29.60,29.18,44.07,1008.89
3149,283.32,29.60,29.17,44.07,1008.89
3150,283.41,29.60,29.16,44.08,1008.89
3151,283.50,29.60,29.16,44.07,1008.89
3152,283.59,29.61,29.16,44.07,1008.89
3153,283.68,29.61,29.16,44.08,1008.89
3154,283.77,29.61,29.17,44.10,1008.89
3155,283.86,29.61,29.17,44.10,1008.89
3156,283.95,29.61,29.17,44.09,1008.89
3157,284.04,29.61,29.17,44.09,1008.89
3158,284.13,29.61,29.18,44.10,1008.89
3159,284.22,29.61,29.18,44.11,1008.89
3160,284.31,29.60,29.18,44.12,1008.89
3161,284.40,29.59,29.18,44.11,1008.89
3162,284.49,29.59,29.18,44.10,1008.90
3163,284.58,29.59,29.18,44.09,1008.90
3164,284.67,29.59,29.18,44.10,1008.90
3165,284.76,29.59,29.18,44.11,1008.90
3166,284.85,29.58,29.18,44.11,1008.90
3167,284.94,29.57,29.17,44.10,1008.90
3168,285.03,29.57,29.18,44.10,1008.90
3169,285.12,29.57,29.18,44.12,1008.90
3170,285.21,29.57,29.17,44.14,1008.89
3171,285.30,29.57,29.16,44.13,1008.89
3172,285.39,29.57,29.16,44.11,1008.89
3173,285.48,29.57,29.15,44.12,1008.89
3174,285.57,29.56,29.15,44.09,1008.89
3175,285.66,29.56,29.15,44.09,1008.89
3176,285.75,29.57,29.15,44.09,1008.89
3177,285.84,29.57,29.14,44.08,1008.89
3178,285.93,29.57,29.14,44.10,1008.89
3179,286.02,29.56,29.14,44.10,1008.89
3180,286.11,29.57,29.13,44.09,1008.89
3181,286.20,29.57,29.13,44.09,1008.89
3182,286.29,29.57,29.14,44.07,1008.88
3183,286.38,29.56,29.13,44.08,1008.88
3184,286.47,29.56,29.13,44.06,1008.88
3185,286.56,29.56,29.13,44.07,1008.88
3186,286.65,29.56,29.13,44.08,1008.88
3187,286.74,29.56,29.14,44.07,1008.87
3188,286.83,29.55,29.14,44.07,1008.87
3189,286.92,29.55,29.15,44.08,1008.87
3190,287.01,29.55,29.15,44.09,1008.87
3191,287.10,29.55,29.15,44.08,1008.87
3192,287.19,29.55,29.15,44.08,1008.87
3193,287.28,29.54,29.14,44.08,1008.87
3194,287.37,29.54,29.14,44.08,1008.87
3195,287.46,29.54,29.14,44.10,1008.87
3196,287.55,29.54,29.15,44.11,1008.87
3197,287.64,29.54,29.14,44.11,1008.87
3198,287.73,29.54,29.15,44.11,1008.87
3199,287.82,29.54,29.15,44.12,1008.87
3200,287.91,29.53,29.14,44.13,1008.87
3201,288.00,29.53,29.14,44.12,1008.87
3202,288.09,29.53,29.14,44.12,1008.87
3203,288.18,29.53,29.14,44.10,1008.87
3204,288.27,29.53,29.14,44.10,1008.87
3205,288.36,29.53,29.14,44.12,1008.87
3206,288.45,29.52,29.14,44.13,1008.87
3207,288.54,29.52,29.13,44.13,1008.87
3208,288.63,29.52,29.12,44.12,1008.87
3209,288.72,29.52,29.12,44.11,1008.87
3210,288.81,29.52,29.12,44.13,1008.87
3211,288.90,29.52,29.12,44.13,1008.87
3212,288.99,29.52,29.12,44.13,1008.88
3213,289.08,29.52,29.12,44.14,1008.88
3214,289.17,29.52,29.12,44.14,1008.88
3215,289.26,29.52,29.12,44.14,1008.88
3216,289.35,29.52,29.12,44.14,1008.88
3217,289.44,29.52,29.12,44.13,1008.88
3218,289.53,29.51,29.12,44.13,1008.87
3219,289.62,29.52,29.11,44.12,1008.87
3220,289.71,29.51,29.10,44.12,1008.87
3221,289.80,29.51,29.10,44.12,1008.88
3222,289.89,29.51,29.10,44.13,1008.88
3223,289.98,29.50,29.10,44.13,1008.88
3224,290.07,29.50,29.10,44.12,1008.88
3225,290.16,29.51,29.09,44.13,1008.88
3226,290.25,29.50,29.09,44.14,1008.88
3227,290.34,29.50,29.09,44.13,1008.88
3228,290.43,29.50,29.09,44.13,1008.88
3229,290.52,29.50,29.09,44.12,1008.88
3230,290.61,29.49,29.09,44.11,1008.88
3231,290.70,29.49,29.09,44.12,1008.88
3232,290.79,29.48,29.08,44.13,1008.88
3233,290.88,29.49,29.08,44.14,1008.88
3234,290.97,29.48,29.09,44.13,1008.88
3235,291.06,29.48,29.09,44.15,1008.88
3236,291.15,29.48,29.09,44.11,1008.88
3237,291.24,29.48,29.08,44.10,1008.88
3238,291.33,29.48,29.08,44.11,1008.88
3239,291.42,29.48,29.08,44.13,1008.88
3240,291.51,29.48,29.09,44.14,1008.88
3241,291.60,29.48,29.09,44.15,1008.88
3242,291.69,29.48,29.09,44.15,1008.88
3243,291.78,29.48,29.09,44.15,1008.88
3244,291.87,29.49,29.08,44.14,1008.88
3245,291.96,29.49,29.08,44.12,1008.88
3246,292.05,29.49,29.08,44.12,1008.88
3247,292.14,29.48,29.09,44.13,1008.88
3248,292.23,29.48,29.09,44.13,1008.88
3249,292.32,29.48,29.09,44.13,1008.88
3250,292.41,29.48,29.09,44.15,1008.88
3251,292.50,29.48,29.08,44.14,1008.87
3252,292.59,29.47,29.08,44.15,1008.88
3253,292.68,29.47,29.08,44.14,1008.88
3254,292.77,29.47,29.08,44.13,1008.88
3255,292.86,29.47,29.08,44.14,1008.87
3256,292.95,29.47,29.08,44.14,1008.87
3257,293.04,29.48,29.08,44.14,1008.88
3258,293.13,29.47,29.08,44.15,1008.88
3259,293.22,29.47,29.08,44.14,1008.88
3260,293.31,29.47,29.07,44.14,1008.88
3261,293.40,29.47,29.07,44.14,1008.88
3262,293.49,29.47,29.07,44.12,1008.88
3263,293.58,29.46,29.07,44.12,1008.88
3264,293.67,29.46,29.06,44.12,1008.89
3265,293.76,29.46,29.06,44.11,1008.89
3266,293.85,29.47,29.06,44.12,1008.89
3267,293.94,29.47,29.06,44.12,1008.89
3268,294.03,29.47,29.05,44.12,1008.89
3269,294.12,29.47,29.06,44.11,1008.89
3270,294.21,29.48,29.06,44.11,1008.89
3271,294.30,29.48,29.06,44.09,1008.89
3272,294.39,29.48,29.07,44.09,1008.89
3273,294.48,29.49,29.06,44.10,1008.89
3274,294.57,29.49,29.06,44.11,1008.89
3275,294.66,29.49,29.06,44.10,1008.89
3276,294.75,29.49,29.06,44.11,1008.89
3277,294.84,29.49,29.06,44.11,1008.89
3278,294.93,29.49,29.06,44.13,1008.89
3279,295.02,29.49,29.05,44.12,1008.89
3280,295.11,29.49,29.05,44.12,1008.89
3281,295.20,29.49,29.05,44.13,1008.89
3282,295.29,29.48,29.05,44.11,1008.88
3283,295.38,29.48,29.05,44.10,1008.88
3284,295.47,29.48,29.05,44.09,1008.88
3285,295.56,29.48,29.05,44.09,1008.88
3286,295.65,29.48,29.05,44.10,1008.88
3287,295.74,29.48,29.05,44.10,1008.88
3288,295.83,29.48,29.05,44.10,1008.88
3289,295.92,29.48,29.05,44.08,1008.88
3290,296.01,29.48,29.04,44.07,1008.88
3291,296.10,29.48,29.04,44.06,1008.88
3292,296.19,29.48,29.04,44.06,1008.88
3293,296.28,29.47,29.04,44.07,1008.88
3294,296.37,29.46,29.04,44.08,1008.88
3295,296.46,29.46,29.04,44.06,1008.88
3296,296.55,29.45,29.05,44.08,1008.88
3297,296.64,29.44,29.05,44.09,1008.87
3298,296.73,29.44,29.04,44.08,1008.88
3299,296.82,29.44,29.04,44.09,1008.88
3300,296.91,29.44,29.04,44.09,1008.87
3301,297.00,29.44,29.04,44.09,1008.88
3302,297.09,29.44,29.04,44.10,1008.88
3303,297.18,29.43,29.04,44.11,1008.88
3304,297.27,29.43,29.04,44.08,1008.88
3305,297.36,29.42,29.04,44.08,1008.88
3306,297.45,29.42,29.04,44.07,1008.88
3307,297.54,29.42,29.04,44.07,1008.88
3308,297.63,29.42,29.04,44.07,1008.88
3309,297.72,29.42,29.05,44.07,1008.88
3310,297.81,29.41,29.05,44.08,1008.88
3311,297.90,29.41,29.05,44.07,1008.88
3312,297.99,29.41,29.05,44.07,1008.88
3313,298.08,29.41,29.05,44.07,1008.88
3314,298.17,29.42,29.05,44.07,1008.88
3315,298.26,29.42,29.04,44.08,1008.89
3316,298.35,29.42,29.03,44.08,1008.89
3317,298.44,29.42,29.02,44.07,1008.89
3318,298.53,29.41,29.02,44.05,1008.89
3319,298.62,29.41,29.02,44.06,1008.89
3320,298.71,29.41,29.01,44.05,1008.89
3321,298.80,29.40,29.02,44.05,1008.89
3322,298.89,29.40,29.02,44.05,1008.89
3323,298.98,29.39,29.02,44.03,1008.89
3324,299.07,29.39,29.02,44.02,1008.89
3325,299.16,29.39,29.02,44.01,1008.90
3326,299.25,29.39,29.01,44.02,1008.90
3327,299.34,29.39,29.01,44.05,1008.90
3328,299.43,29.38,29.00,44.06,1008.90
3329,299.52,29.38,29.00,44.06,1008.90
3330,299.61,29.38,29.00,44.06,1008.90
3331,299.70,29.39,29.00,44.04,1008.90
3332,299.79,29.38,29.00,44.03,1008.90
3333,299.88,29.38,29.00,44.03,1008.90
3334,299.97,29.37,29.00,44.02,1008.90
3335,300.06,29.37,29.00,44.04,1008.90
3336,300.15,29.37,28.99,44.01,1008.90
3337,300.24,29.38,29.00,44.01,1008.90
3338,300.33,29.37,29.00,44.03,1008.90
3339,300.42,29.37,29.00,44.04,1008.90
3340,300.51,29.37,29.00,44.03,1008.89
3341,300.60,29.37,29.00,44.02,1008.89
3342,300.69,29.37,29.00,44.01,1008.89
3343,300.78,29.37,28.99,44.02,1008.89
3344,300.87,29.37,28.99,44.01,1008.89
3345,300.96,29.36,28.99,44.00,1008.89
3346,301.05,29.36,28.98,44.02,1008.89
3347,301.14,29.36,28.98,44.02,1008.89
3348,301.23,29.37,28.98,44.02,1008.89
3349,301.32,29.37,28.97,44.02,1008.89
3350,301.41,29.37,28.97,44.04,1008.88
3351,301.50,29.36,28.97,44.07,1008.89
3352,301.59,29.36,28.97,44.05,1008.89
3353,301.68,29.36,28.98,44.05,1008.88
3354,301.77,29.36,28.97,44.05,1008.88
3355,301.86,29.36,28.97,44.05,1008.88
3356,301.95,29.36,28.97,44.05,1008.88
3357,302.04,29.36,28.96,44.02,1008.88
3358,302.13,29.36,28.97,44.00,1008.88
3359,302.22,29.35,28.96,43.99,1008.88
3360,302.31,29.36,28.96,43.97,1008.88
3361,302.40,29.36,28.96,43.93,1008.88
3362,302.49,29.36,28.96,43.93,1008.88
3363,302.58,29.36,28.96,43.92,1008.88
3364,302.67,29.36,28.96,43.91,1008.88
3365,302.76,29.36,28.96,43.89,1008.88
3366,302.85,29.36,28.96,43.90,1008.88
3367,302.94,29.35,28.96,43.90,1008.88
3368,303.03,29.35,28.96,43.90,1008.88
3369,303.12,29.35,28.96,43.91,1008.88
3370,303.21,29.34,28.96,43.92,1008.88
3371,303.30,29.34,28.96,43.93,1008.88
3372,303.39,29.34,28.97,43.96,1008.88
3373,303.48,29.35,28.97,43.95,1008.88
3374,303.57,29.35,28.97,43.96,1008.89
3375,303.66,29.34,28.98,43.97,1008.93
3376,303.75,29.34,28.97,43.98,1008.91
3377,303.84,29.35,28.97,44.00,1008.89
3378,303.93,29.34,28.97,44.01,1008.89
3379,304.02,29.34,28.98,44.05,1008.89
3380,304.11,29.34,28.98,44.08,1008.89
3381,304.20,29.34,28.97,44.09,1008.89
3382,304.29,29.34,28.97,44.09,1008.89
3383,304.38,29.34,28.97,44.11,1008.89
3384,304.47,29.34,28.97,44.13,1008.90
3385,304.56,29.34,28.96,44.15,1008.89
3386,304.65,29.33,28.95,44.16,1008.89
3387,304.74,29.33,28.96,44.17,1008.90
3388,304.83,29.33,28.95,44.17,1008.89
3389,304.92,29.33,28.95,44.18,1008.90
3390,305.01,29.33,28.95,44.17,1008.89
3391,305.10,29.33,28.95,44.20,1008.90
3392,305.19,29.32,28.95,44.20,1008.90
3393,305.28,29.33,28.95,44.18,1008.90
3394,305.37,29.32,28.96,44.18,1008.90
3395,305.46,29.32,28.96,44.17,1008.90
3396,305.55,29.32,28.96,44.18,1008.90
3397,305.64,29.32,28.95,44.16,1008.90
3398,305.73,29.32,28.96,44.15,1008.90
3399,305.82,29.32,28.96,44.14,1008.90
3400,305.91,29.32,28.95,44.14,1008.90
3401,306.00,29.31,28.96,44.13,1008.90
3402,306.09,29.31,28.96,44.13,1008.90
3403,306.18,29.31,28.96,44.13,1008.90
3404,306.27,29.32,28.96,44.14,1008.90
3405,306.36,29.32,28.96,44.15,1008.90
3406,306.45,29.32,28.95,44.13,1008.90
3407,306.54,29.32,28.95,44.12,1008.90
3408,306.63,29.31,28.95,44.13,1008.90
3409,306.72,29.31,28.94,44.12,1008.90
3410,306.81,29.31,28.94,44.12,1008.90
3411,306.90,29.31,28.95,44.13,1008.89
3412,306.99,29.31,28.94,44.11,1008.89
3413,307.08,29.31,28.94,44.09,1008.89
3414,307.17,29.31,28.93,44.09,1008.89
3415,307.26,29.31,28.94,44.07,1008.89
3416,307.35,29.31,28.94,44.09,1008.89
3417,307.44,29.31,28.94,44.09,1008.89
3418,307.53,29.31,28.93,44.08,1008.89
3419,307.62,29.31,28.92,44.07,1008.89
3420,307.71,29.31,28.92,44.07,1008.89
3421,307.80,29.31,28.92,44.07,1008.89
3422,307.89,29.31,28.92,44.08,1008.89
3423,307.98,29.31,28.92,44.08,1008.89
3424,308.07,29.30,28.92,44.06,1008.89
3425,308.16,29.30,28.92,44.06,1008.89
3426,308.25,29.30,28.92,44.06,1008.89
3427,308.34,29.29,28.92,44.05,1008.89
3428,308.43,29.30,28.92,44.04,1008.89
3429,308.52,29.30,28.91,44.06,1008.89
3430,308.61,29.30,28.91,44.07,1008.89
3431,308.70,29.30,28.91,44.06,1008.89
3432,308.79,29.30,28.92,44.06,1008.89
3433,308.88,29.29,28.91,44.04,1008.89
3434,308.97,29.29,28.91,44.06,1008.89
3435,309.06,29.29,28.91,44.07,1008.89
3436,309.15,29.28,28.91,44.08,1008.89
3437,309.24,29.28,28.91,44.10,1008.89
3438,309.33,29.28,28.91,44.10,1008.89
3439,309.42,29.27,28.90,44.10,1008.89
3440,309.51,29.27,28.91,44.11,1008.89
3441,309.60,29.28,28.91,44.10,1008.89
3442,309.69,29.28,28.90,44.10,1008.89
3443,309.78,29.28,28.91,44.09,1008.89
3444,309.87,29.28,28.90,44.10,1008.89
3445,309.96,29.27,28.90,44.12,1008.89
3446,310.05,29.28,28.90,44.10,1008.89
3447,310.14,29.28,28.90,44.11,1008.89
3448,310.23,29.28,28.90,44.12,1008.88
3449,310.32,29.28,28.90,44.13,1008.89
3450,310.41,29.28,28.90,44.14,1008.89
3451,310.50,29.27,28.90,44.13,1008.89
3452,310.59,29.27,28.90,44.12,1008.89
3453,310.68,29.27,28.90,44.14,1008.89
3454,310.77,29.27,28.90,44.15,1008.89
3455,310.86,29.26,28.91,44.14,1008.89
3456,310.95,29.27,28.89,44.13,1008.89
3457,311.04,29.26,28.89,44.14,1008.89
3458,311.13,29.26,28.89,44.13,1008.89
3459,311.22,29.26,28.90,44.11,1008.89
3460,311.31,29.25,28.90,44.10,1008.89
3461,311.40,29.25,28.89,44.11,1008.89
3462,311.49,29.25,28.90,44.08,1008.89
3463,311.58,29.25,28.90,44.10,1008.89
3464,311.67,29.25,28.90,44.11,1008.89
3465,311.76,29.25,28.90,44.10,1008.89
3466,311.85,29.25,28.89,44.09,1008.89
3467,311.94,29.24,28.88,44.09,1008.89
3468,312.03,29.25,28.87,44.10,1008.89
3469,312.12,29.24,28.88,44.07,1008.89
3470,312.21,29.24,28.88,44.08,1008.89
3471,312.30,29.23,28.89,44.09,1008.89
3472,312.39,29.23,28.89,44.06,1008.89
3473,312.48,29.23,28.89,44.03,1008.89
3474,312.57,29.23,28.89,44.02,1008.89
3475,312.66,29.23,28.89,44.02,1008.89
3476,312.75,29.23,28.89,44.02,1008.89
3477,312.84,29.23,28.89,44.00,1008.89
3478,312.93,29.22,28.90,43.99,1008.89
3479,313.02,29.22,28.89,43.98,1008.89
3480,313.11,29.32,28.89,43.98,1008.89
3481,313.20,29.26,28.89,43.98,1008.89
3482,313.29,29.22,28.89,43.98,1008.89
3483,313.38,29.22,28.90,44.00,1008.89
3484,313.47,29.22,28.89,44.00,1008.89
3485,313.56,29.21,28.88,44.01,1008.89
3486,313.65,29.21,28.87,43.99,1008.89
3487,313.74,29.21,28.87,44.01,1008.89
3488,313.83,29.20,28.87,44.02,1008.89
3489,313.92,29.20,28.87,44.01,1008.89
3490,314.01,29.20,28.87,44.01,1008.89
3491,314.10,29.19,28.87,44.00,1008.89
3492,314.19,29.20,28.87,43.99,1008.89
3493,314.28,29.19,28.88,44.00,1008.89
3494,314.37,29.20,28.88,44.02,1008.89
3495,314.46,29.20,28.88,44.02,1008.89
3496,314.55,29.19,28.88,44.03,1008.89
3497,314.64,29.20,28.88,44.04,1008.89
3498,314.73,29.19,28.87,44.07,1008.89
3499,314.82,29.19,28.87,44.07,1008.89
3500,314.91,29.20,28.87,44.09,1008.89
3501,315.00,29.20,28.87,44.09,1008.89
3502,315.09,29.20,28.88,44.11,1008.89
3503,315.18,29.21,28.88,44.11,1008.88
3504,315.27,29.21,28.88,44.14,1008.88
3505,315.36,29.21,28.88,44.15,1008.88
3506,315.45,29.21,28.88,44.16,1008.88
3507,315.54,29.22,28.87,44.16,1008.88
3508,315.63,29.22,28.87,44.17,1008.88
3509,315.72,29.21,28.86,44.16,1008.88
3510,315.81,29.21,28.86,44.16,1008.88
3511,315.90,29.20,28.87,44.17,1008.87
3512,315.99,29.20,28.86,44.19,1008.87
3513,316.08,29.19,28.86,44.19,1008.87
3514,316.17,29.19,28.86,44.19,1008.87
3515,316.26,29.19,28.86,44.19,1008.87
3516,316.35,29.19,28.85,44.19,1008.87
3517,316.44,29.19,28.85,44.19,1008.87
3518,316.53,29.18,28.85,44.18,1008.87
3519,316.62,29.18,28.85,44.20,1008.87
3520,316.71,29.18,28.85,44.20,1008.87
3521,316.80,29.17,28.85,44.21,1008.87
3522,316.89,29.18,28.85,44.21,1008.87
3523,316.98,29.18,28.85,44.22,1008.87
3524,317.07,29.18,28.85,44.24,1008.87
3525,317.16,29.18,28.85,44.23,1008.87
3526,317.25,29.17,28.84,44.24,1008.87
3527,317.34,29.18,28.85,44.24,1008.87
3528,317.43,29.17,28.85,44.23,1008.87
3529,317.52,29.17,28.84,44.24,1008.87
3530,317.61,29.17,28.84,44.24,1008.87
3531,317.70,29.17,28.84,44.23,1008.87
3532,317.79,29.16,28.84,44.20,1008.87
3533,317.88,29.17,28.84,44.21,1008.88
3534,317.97,29.17,28.84,44.21,1008.88
3535,318.06,29.17,28.84,44.22,1008.88
3536,318.15,29.17,28.84,44.23,1008.88
3537,318.24,29.17,28.84,44.22,1008.89
3538,318.33,29.16,28.83,44.24,1008.89
3539,318.42,29.16,28.83,44.23,1008.89
3540,318.51,29.16,28.82,44.23,1008.89
3541,318.60,29.15,28.81,44.23,1008.89
3542,318.69,29.15,28.81,44.22,1008.90
3543,318.78,29.15,28.81,44.22,1008.90
3544,318.87,29.15,28.81,44.22,1008.90
3545,318.96,29.15,28.81,44.20,1008.90
3546,319.05,29.14,28.81,44.19,1008.90
3547,319.14,29.16,28.81,44.18,1008.90
3548,319.23,29.16,28.80,44.18,1008.90
3549,319.32,29.16,28.80,44.18,1008.90
3550,319.41,29.17,28.80,44.16,1008.89
3551,319.50,29.17,28.80,44.15,1008.89
3552,319.59,29.17,28.80,44.14,1008.89
3553,319.68,29.17,28.80,44.12,1008.89
3554,319.77,29.17,28.80,44.12,1008.90
3555,319.86,29.17,28.80,44.13,1008.90
3556,319.95,29.17,28.79,44.13,1008.89
3557,320.04,29.17,28.80,44.13,1008.89
3558,320.13,29.17,28.80,44.14,1008.89
3559,320.22,29.17,28.81,44.14,1008.89
3560,320.31,29.17,28.81,44.12,1008.89
3561,320.40,29.17,28.80,44.12,1008.89
3562,320.49,29.17,28.81,44.10,1008.89
3563,320.58,29.17,28.80,44.11,1008.89
3564,320.67,29.17,28.80,44.11,1008.89
3565,320.76,29.16,28.79,44.10,1008.89
3566,320.85,29.17,28.79,44.11,1008.88
3567,320.94,29.16,28.79,44.10,1008.88
3568,321.03,29.16,28.79,44.11,1008.88
3569,321.12,29.15,28.78,44.11,1008.88
3570,321.21,29.15,28.78,44.10,1008.88
3571,321.30,29.15,28.78,44.11,1008.88
3572,321.39,29.15,28.78,44.12,1008.88
3573,321.48,29.14,28.78,44.11,1008.87
3574,321.57,29.15,28.78,44.10,1008.87
3575,321.66,29.14,28.77,44.10,1008.87
3576,321.75,29.14,28.78,44.12,1008.87
3577,321.84,29.14,28.77,44.14,1008.87
3578,321.93,29.15,28.77,44.12,1008.87
3579,322.02,29.15,28.78,44.12,1008.87
3580,322.11,29.14,28.79,44.11,1008.87
3581,322.20,29.14,28.79,44.11,1008.87
3582,322.29,29.14,28.79,44.07,1008.87
3583,322.38,29.13,28.79,44.06,1008.87
3584,322.47,29.13,28.79,44.07,1008.87
3585,322.56,29.14,28.79,44.07,1008.87
3586,322.65,29.14,28.80,44.06,1008.87
3587,322.74,29.13,28.79,44.07,1008.87
3588,322.83,29.13,28.79,44.07,1008.87
3589,322.92,29.13,28.79,44.09,1008.87
3590,323.01,29.13,28.78,44.09,1008.87
3591,323.10,29.13,28.79,44.10,1008.87
3592,323.19,29.13,28.79,44.09,1008.87
3593,323.28,29.13,28.78,44.12,1008.87
3594,323.37,29.12,28.79,44.10,1008.87
3595,323.46,29.12,28.79,44.10,1008.87
3596,323.55,29.12,28.78,44.10,1008.87
3597,323.64,29.12,28.78,44.11,1008.87
3598,323.73,29.13,28.78,44.12,1008.87
3599,323.82,29.13,28.79,44.12,1008.88
3600,323.91,29.12,28.79,44.14,1008.88
3601,324.00,29.12,28.78,44.13,1008.88
3602,324.09,29.12,28.78,44.11,1008.88
3603,324.18,29.11,28.78,44.12,1008.88
3604,324.27,29.12,28.77,44.14,1008.88
3605,324.36,29.12,28.77,44.12,1008.88
3606,324.45,29.11,28.77,44.11,1008.88
3607,324.54,29.11,28.77,44.13,1008.88
3608,324.63,29.11,28.77,44.13,1008.88
3609,324.72,29.11,28.77,44.13,1008.88
3610,324.81,29.11,28.77,44.12,1008.88
3611,324.90,29.11,28.78,44.13,1008.88
3612,324.99,29.11,28.78,44.12,1008.88
3613,325.08,29.11,28.78,44.11,1008.88
3614,325.17,29.11,28.78,44.11,1008.88
3615,325.26,29.11,28.79,44.11,1008.84
3616,325.35,29.11,28.78,44.11,1008.88
3617,325.44,29.11,28.78,44.09,1008.88
3618,325.53,29.11,28.77,44.10,1008.88
3619,325.62,29.11,28.77,44.12,1008.88
3620,325.71,29.11,28.77,44.13,1008.88
3621,325.80,29.11,28.78,44.13,1008.88
3622,325.89,29.11,28.78,44.12,1008.88
3623,325.98,29.11,28.77,44.09,1008.88
3624,326.07,29.11,28.77,44.09,1008.88
3625,326.16,29.11,28.77,44.10,1008.88
3626,326.25,29.11,28.77,44.10,1008.88
3627,326.34,29.11,28.76,44.10,1008.88
3628,326.43,29.11,28.77,44.09,1008.88
3629,326.52,29.11,28.77,44.07,1008.88
3630,326.61,29.10,28.77,44.08,1008.88
3631,326.70,29.11,28.77,44.08,1008.88
3632,326.79,29.11,28.76,44.08,1008.88
3633,326.88,29.10,28.76,44.08,1008.88
3634,326.97,29.11,28.75,44.08,1008.88
3635,327.06,29.11,28.76,44.08,1008.88
3636,327.15,29.10,28.75,44.08,1008.88
3637,327.24,29.11,28.75,44.06,1008.88
3638,327.33,29.10,28.76,44.07,1008.88
3639,327.42,29.10,28.74,44.08,1008.88
3640,327.51,29.10,28.75,44.07,1008.89
3641,327.60,29.10,28.75,44.09,1008.89
3642,327.69,29.10,28.74,44.10,1008.89
3643,327.78,29.10,28.74,44.10,1008.89
3644,327.87,29.10,28.74,44.11,1008.89
3645,327.96,29.09,28.73,44.13,1008.89
3646,328.05,29.09,28.73,44.13,1008.89
3647,328.14,29.09,28.73,44.14,1008.89
3648,328.23,29.08,28.73,44.15,1008.89
3649,328.32,29.07,28.73,44.14,1008.89
3650,328.41,29.08,28.73,44.16,1008.90
3651,328.50,29.08,28.73,44.16,1008.89
3652,328.59,29.07,28.72,44.13,1008.90
3653,328.68,29.06,28.72,44.12,1008.90
3654,328.77,29.05,28.71,44.11,1008.89
3655,328.86,29.05,28.72,44.13,1008.90
3656,328.95,29.05,28.72,44.12,1008.90
3657,329.04,29.05,28.72,44.12,1008.89
3658,329.13,29.05,28.72,44.11,1008.89
3659,329.22,29.06,28.72,44.11,1008.89
3660,329.31,29.06,28.72,44.13,1008.89
3661,329.40,29.07,28.72,44.12,1008.89
3662,329.49,29.07,28.72,44.11,1008.89
3663,329.58,29.07,28.72,44.11,1008.89
3664,329.67,29.07,28.72,44.11,1008.89
3665,329.76,29.07,28.72,44.09,1008.89
3666,329.85,29.06,28.72,44.10,1008.89
3667,329.94,29.05,28.72,44.11,1008.89
3668,330.03,29.04,28.72,44.11,1008.89
3669,330.12,29.05,28.72,44.10,1008.89
3670,330.21,29.05,28.71,44.09,1008.89
3671,330.30,29.05,28.71,44.09,1008.89
3672,330.39,29.04,28.71,44.09,1008.89
3673,330.48,29.04,28.71,44.09,1008.89
3674,330.57,29.04,28.70,44.09,1008.89
3675,330.66,29.03,28.71,44.09,1008.89
3676,330.75,29.04,28.71,44.08,1008.89
3677,330.84,29.04,28.71,44.08,1008.89
3678,330.93,29.04,28.70,44.08,1008.88
3679,331.02,29.03,28.69,44.07,1008.88
3680,331.11,29.03,28.70,44.05,1008.88
3681,331.20,29.03,28.70,44.04,1008.88
3682,331.29,29.04,28.70,44.04,1008.89
3683,331.38,29.03,28.70,44.03,1008.89
3684,331.47,29.03,28.70,44.05,1008.89
3685,331.56,29.02,28.70,44.04,1008.89
3686,331.65,29.03,28.70,44.04,1008.89
3687,331.74,29.02,28.70,44.02,1008.89
3688,331.83,29.01,28.70,44.02,1008.89
3689,331.92,29.01,28.69,44.02,1008.89
3690,332.01,29.01,28.70,44.03,1008.89
3691,332.10,29.00,28.70,44.00,1008.89
3692,332.19,29.00,28.70,44.02,1008.89
3693,332.28,29.00,28.70,44.01,1008.89
3694,332.37,29.00,28.70,43.99,1008.90
3695,332.46,28.99,28.70,44.00,1008.90
3696,332.55,28.98,28.70,43.98,1008.90
3697,332.64,28.98,28.69,43.97,1008.90
3698,332.73,28.97,28.69,43.98,1008.90
3699,332.82,28.97,28.70,43.97,1008.90
3700,332.91,28.96,28.71,43.95,1008.90
3701,333.00,28.96,28.71,43.94,1008.90
3702,333.09,28.96,28.71,43.97,1008.90
3703,333.18,28.97,28.71,43.97,1008.90
3704,333.27,28.96,28.71,43.96,1008.91
3705,333.36,28.96,28.70,43.96,1008.90
3706,333.45,28.96,28.69,43.94,1008.90
3707,333.54,28.96,28.70,43.93,1008.90
3708,333.63,28.96,28.69,43.93,1008.90
3709,333.72,28.96,28.69,43.95,1008.90
3710,333.81,28.97,28.68,43.95,1008.91
3711,333.90,28.97,28.69,43.96,1008.91
3712,333.99,28.97,28.76,43.97,1008.91
3713,334.08,28.97,28.68,43.97,1008.91
3714,334.17,28.97,28.69,43.97,1008.91
3715,334.26,28.85,28.65,43.98,1008.91
3716,334.35,28.92,28.69,44.00,1008.91
3717,334.44,28.98,28.69,44.01,1008.91
3718,334.53,28.98,28.70,43.99,1008.91
3719,334.62,28.98,28.70,43.99,1008.91
3720,334.71,28.98,28.70,44.01,1008.90
3721,334.80,28.98,28.70,43.99,1008.90
3722,334.89,28.99,28.70,43.99,1008.90
3723,334.98,28.99,28.70,43.99,1008.90
3724,335.07,28.99,28.69,43.97,1008.90
3725,335.16,29.00,28.69,43.98,1008.90
3726,335.25,29.00,28.69,43.97,1008.90
3727,335.34,29.00,28.69,43.97,1008.90
3728,335.43,29.01,28.70,43.97,1008.90
3729,335.52,29.01,28.69,43.96,1008.89
3730,335.61,29.01,28.69,43.96,1008.89
3731,335.70,29.01,28.69,43.97,1008.89
3732,335.79,29.01,28.69,43.98,1008.89
3733,335.88,29.01,28.69,43.97,1008.89
3734,335.97,29.01,28.68,43.98,1008.89
3735,336.06,29.02,28.68,43.98,1008.89
3736,336.15,29.02,28.68,43.97,1008.89
3737,336.24,29.02,28.67,43.97,1008.89
3738,336.33,29.02,28.67,43.97,1008.89
3739,336.42,29.02,28.66,43.99,1008.89
3740,336.51,29.03,28.66,44.02,1008.89
3741,336.60,29.03,28.66,44.04,1008.89
3742,336.69,29.03,28.66,44.04,1008.89
3743,336.78,29.03,28.66,44.05,1008.89
3744,336.87,29.03,28.66,44.04,1008.89
3745,336.96,29.02,28.66,44.03,1008.89
3746,337.05,29.02,28.66,44.03,1008.89
3747,337.14,29.03,28.66,44.04,1008.89
3748,337.23,29.02,28.65,44.04,1008.89
3749,337.32,29.02,28.65,44.03,1008.88
3750,337.41,29.03,28.64,44.02,1008.88
3751,337.50,29.03,28.64,44.03,1008.89
3752,337.59,29.03,28.65,44.03,1008.89
3753,337.68,29.03,28.65,44.02,1008.89
3754,337.77,29.04,28.65,44.02,1008.89
3755,337.86,29.04,28.66,44.01,1008.89
3756,337.95,29.04,28.66,43.99,1008.89
3757,338.04,29.04,28.66,43.99,1008.89
3758,338.13,29.03,28.66,43.97,1008.89
3759,338.22,29.03,28.65,43.97,1008.89
3760,338.31,29.03,28.65,43.98,1008.89
3761,338.40,29.02,28.65,43.95,1008.89
3762,338.49,29.02,28.64,43.95,1008.89
3763,338.58,29.02,28.64,43.96,1008.89
3764,338.67,29.02,28.64,43.96,1008.89
3765,338.76,29.01,28.63,43.97,1008.89
3766,338.85,29.01,28.64,43.95,1008.89
3767,338.94,29.01,28.64,43.94,1008.89
3768,339.03,29.01,28.65,43.96,1008.89
3769,339.12,29.01,28.65,43.96,1008.89
3770,339.21,29.01,28.64,43.97,1008.89
3771,339.30,29.00,28.64,43.98,1008.89
3772,339.39,29.00,28.64,43.98,1008.89
3773,339.48,29.00,28.64,43.98,1008.89
3774,339.57,28.99,28.64,43.98,1008.89
3775,339.66,28.99,28.64,43.96,1008.89
3776,339.75,28.98,28.64,43.96,1008.89
3777,339.84,28.98,28.64,43.95,1008.89
3778,339.93,28.98,28.63,43.95,1008.89
3779,340.02,28.98,28.63,43.97,1008.89
3780,340.11,28.98,28.63,43.94,1008.89
3781,340.20,28.98,28.63,43.94,1008.89
3782,340.29,28.98,28.63,43.94,1008.89
3783,340.38,28.98,28.63,43.94,1008.89
3784,340.47,28.97,28.62,43.94,1008.89
3785,340.56,28.97,28.62,43.95,1008.89
3786,340.65,28.96,28.62,43.95,1008.89
3787,340.74,28.96,28.62,43.96,1008.88
3788,340.83,28.96,28.62,43.95,1008.88
3789,340.92,28.96,28.63,43.96,1008.88
3790,341.01,28.96,28.63,43.96,1008.89
3791,341.10,28.96,28.64,43.95,1008.89
3792,341.19,28.96,28.64,43.96,1008.88
3793,341.28,28.96,28.64,43.95,1008.88
3794,341.37,28.96,28.64,43.95,1008.88
3795,341.46,28.96,28.64,43.94,1008.88
3796,341.55,28.96,28.64,43.95,1008.88
3797,341.64,28.96,28.64,43.95,1008.88
3798,341.73,28.96,28.63,43.96,1008.88
3799,341.82,28.95,28.63,43.95,1008.88
3800,341.91,28.96,28.63,43.95,1008.88
3801,342.00,28.96,28.63,43.95,1008.88
3802,342.09,28.96,28.63,43.95,1008.88
3803,342.18,28.95,28.63,43.96,1008.88
3804,342.27,28.95,28.63,43.92,1008.88
3805,342.36,28.96,28.63,43.91,1008.88
3806,342.45,28.96,28.64,43.92,1008.88
3807,342.54,28.96,28.64,43.91,1008.88
3808,342.63,28.96,28.65,43.92,1008.88
3809,342.72,28.95,28.64,43.91,1008.89
3810,342.81,28.95,28.65,43.93,1008.89
3811,342.90,28.96,28.64,43.93,1008.88
3812,342.99,28.95,28.65,43.94,1008.89
3813,343.08,28.96,28.64,43.93,1008.89
3814,343.17,28.95,28.64,43.93,1008.89
3815,343.26,28.95,28.64,43.93,1008.89
3816,343.35,28.95,28.64,43.92,1008.88
3817,343.44,28.95,28.64,43.93,1008.88
3818,343.53,28.94,28.64,43.94,1008.88
3819,343.62,28.94,28.64,43.93,1008.88
3820,343.71,28.94,28.63,43.92,1008.87
3821,343.80,28.93,28.63,43.94,1008.87
3822,343.89,28.93,28.63,43.94,1008.87
3823,343.98,28.93,28.64,43.94,1008.87
3824,344.07,28.93,28.64,43.93,1008.87
3825,344.16,28.93,28.64,43.93,1008.87
3826,344.25,28.93,28.64,43.92,1008.87
3827,344.34,28.93,28.64,43.93,1008.87
3828,344.43,28.93,28.64,43.92,1008.87
3829,344.52,28.93,28.64,43.93,1008.87
3830,344.61,28.93,28.63,43.93,1008.87
3831,344.70,28.93,28.63,43.93,1008.86
3832,344.79,28.93,28.64,43.94,1008.86
3833,344.88,28.94,28.53,43.95,1008.86
3834,344.97,28.94,28.59,43.95,1008.86
3835,345.06,28.94,28.63,43.95,1008.86
3836,345.15,28.94,28.62,43.95,1008.86
3837,345.24,28.93,28.63,43.95,1008.86
3838,345.33,28.93,28.62,43.95,1008.86
3839,345.42,28.94,28.61,43.96,1008.86
3840,345.51,28.94,28.62,43.94,1008.86
3841,345.60,28.94,28.61,43.93,1008.85
3842,345.69,28.93,28.61,43.94,1008.85
3843,345.78,28.93,28.61,43.92,1008.85
3844,345.87,28.94,28.61,43.94,1008.85
3845,345.96,28.93,28.61,43.93,1008.85
3846,346.05,28.94,28.61,43.92,1008.85
3847,346.14,28.94,28.61,43.91,1008.85
3848,346.23,28.94,28.61,43.90,1008.85
3849,346.32,28.93,28.62,43.89,1008.85
3850,346.41,28.94,28.61,43.90,1008.85
3851,346.50,28.94,28.61,43.90,1008.86
3852,346.59,28.94,28.60,43.92,1008.86
3853,346.68,28.94,28.61,43.89,1008.86
3854,346.77,28.94,28.60,43.89,1008.86
3855,346.86,28.93,28.60,43.89,1008.86
3856,346.95,28.92,28.60,43.90,1008.86
3857,347.04,28.92,28.60,43.89,1008.86
3858,347.13,28.92,28.60,43.90,1008.87
3859,347.22,28.92,28.60,43.90,1008.87
3860,347.31,28.92,28.61,43.89,1008.87
3861,347.40,28.92,28.60,43.88,1008.87
3862,347.49,28.92,28.59,43.86,1008.87
3863,347.58,28.93,28.59,43.86,1008.88
3864,347.67,28.93,28.58,43.86,1008.88
3865,347.76,28.92,28.59,43.86,1008.88
3866,347.85,28.92,28.59,43.87,1008.88
3867,347.94,28.93,28.58,43.87,1008.89
3868,348.03,28.92,28.58,43.88,1008.89
3869,348.12,28.92,28.58,43.88,1008.89
3870,348.21,28.92,28.59,43.88,1008.89
3871,348.30,28.92,28.59,43.86,1008.89
3872,348.39,28.92,28.59,43.87,1008.89
3873,348.48,28.93,28.59,43.85,1008.89
3874,348.57,28.92,28.59,43.81,1008.89
3875,348.66,28.92,28.59,43.80,1008.89
3876,348.75,28.91,28.58,43.81,1008.89
3877,348.84,28.91,28.59,43.82,1008.89
3878,348.93,28.91,28.59,43.81,1008.89
3879,349.02,28.91,28.59,43.82,1008.89
3880,349.11,28.92,28.59,43.83,1008.88
3881,349.20,28.92,28.59,43.83,1008.88
3882,349.29,28.92,28.59,43.83,1008.88
3883,349.38,28.92,28.59,43.82,1008.89
3884,349.47,28.92,28.59,43.82,1008.88
3885,349.56,28.92,28.59,43.82,1008.89
3886,349.65,28.92,28.59,43.83,1008.89
3887,349.74,28.93,28.59,43.83,1008.89
3888,349.83,28.93,28.59,43.85,1008.88
3889,349.92,28.92,28.59,43.84,1008.88
3890,350.01,28.92,28.59,43.85,1008.88
3891,350.10,28.92,28.59,43.85,1008.88
3892,350.19,28.92,28.59,43.86,1008.88
3893,350.28,28.92,28.59,43.85,1008.88
3894,350.37,28.92,28.58,43.85,1008.88
3895,350.46,28.91,28.59,43.85,1008.88
3896,350.55,28.92,28.59,43.85,1008.88
3897,350.64,28.91,28.60,43.85,1008.88
3898,350.73,28.91,28.60,43.86,1008.88
3899,350.82,28.91,28.59,43.85,1008.88
3900,350.91,28.92,28.60,43.84,1008.88
3901,351.00,28.92,28.59,43.85,1008.88
3902,351.09,28.92,28.59,43.87,1008.88
3903,351.18,28.92,28.59,43.85,1008.88
3904,351.27,28.91,28.59,43.86,1008.88
3905,351.36,28.91,28.59,43.86,1008.88
3906,351.45,28.91,28.59,43.88,1008.88
3907,351.54,28.91,28.60,43.86,1008.88
3908,351.63,28.91,28.60,43.85,1008.87
3909,351.72,28.90,28.60,43.84,1008.87
3910,351.81,28.90,28.59,43.85,1008.87
3911,351.90,28.90,28.59,43.86,1008.87
3912,351.99,28.90,28.59,43.87,1008.87
3913,352.08,28.90,28.59,43.87,1008.87
3914,352.17,28.89,28.58,43.87,1008.87
3915,352.26,28.89,28.57,43.85,1008.87
3916,352.35,28.89,28.58,43.85,1008.88
3917,352.44,28.89,28.58,43.85,1008.88
3918,352.53,28.88,28.58,43.85,1008.88
3919,352.62,28.87,28.58,43.84,1008.88
3920,352.71,28.87,28.58,43.82,1008.88
3921,352.80,28.87,28.57,43.83,1008.88
3922,352.89,28.87,28.57,43.84,1008.88
3923,352.98,28.87,28.57,43.84,1008.88
3924,353.07,28.87,28.57,43.83,1008.88
3925,353.16,28.87,28.57,43.83,1008.88
3926,353.25,28.87,28.56,43.82,1008.89
3927,353.34,28.88,28.56,43.81,1008.89
3928,353.43,28.87,28.56,43.80,1008.89
3929,353.52,28.87,28.55,43.79,1008.89
3930,353.61,28.87,28.55,43.81,1008.89
3931,353.70,28.87,28.55,43.81,1008.89
3932,353.79,28.87,28.55,43.83,1008.89
3933,353.88,28.87,28.55,43.83,1008.90
3934,353.97,28.88,28.55,43.81,1008.90
3935,354.06,28.87,28.55,43.80,1008.90
3936,354.15,28.87,28.55,43.82,1008.90
3937,354.24,28.87,28.55,43.81,1008.90
3938,354.33,28.87,28.55,43.80,1008.90
3939,354.42,28.87,28.55,43.81,1008.90
3940,354.51,28.87,28.55,43.82,1008.90
3941,354.60,28.87,28.55,43.83,1008.90
3942,354.69,28.88,28.55,43.84,1008.90
3943,354.78,28.88,28.55,43.81,1008.90
3944,354.87,28.87,28.55,43.79,1008.90
3945,354.96,28.87,28.55,43.80,1008.90
3946,355.05,28.87,28.54,43.80,1008.90
3947,355.14,28.88,28.54,43.81,1008.90
3948,355.23,28.87,28.53,43.82,1008.90
3949,355.32,28.87,28.54,43.82,1008.91
3950,355.41,28.87,28.54,43.84,1008.91
3951,355.50,28.87,28.54,43.83,1008.91
3952,355.59,28.87,28.53,43.82,1008.91
3953,355.68,28.88,28.53,43.81,1008.91
3954,355.77,28.87,28.54,43.83,1008.91
3955,355.86,28.87,28.53,43.81,1008.91
3956,355.95,28.86,28.54,43.81,1008.91
3957,356.04,28.86,28.53,43.82,1008.91
3958,356.13,28.86,28.53,43.83,1008.90
3959,356.22,28.87,28.54,43.83,1008.90
3960,356.31,28.86,28.53,43.85,1008.90
3961,356.40,28.86,28.53,43.83,1008.90
3962,356.49,28.86,28.54,43.83,1008.90
3963,356.58,28.85,28.53,43.81,1008.90
3964,356.67,28.85,28.54,43.81,1008.90
3965,356.76,28.85,28.54,43.82,1008.90
3966,356.85,28.85,28.53,43.81,1008.90
3967,356.94,28.84,28.53,43.80,1008.90
3968,357.03,28.84,28.53,43.82,1008.90
3969,357.12,28.84,28.53,43.81,1008.90
3970,357.21,28.85,28.53,43.81,1008.90
3971,357.30,28.84,28.52,43.84,1008.90
3972,357.39,28.84,28.52,43.85,1008.90
3973,357.48,28.84,28.52,43.84,1008.90
3974,357.57,28.83,28.52,43.82,1008.90
3975,357.66,28.83,28.52,43.84,1008.90
3976,357.75,28.83,28.52,43.82,1008.90
3977,357.84,28.83,28.52,43.83,1008.90
3978,357.93,28.83,28.52,43.83,1008.89
3979,358.02,28.84,28.52,43.84,1008.89
3980,358.11,28.84,28.53,43.85,1008.90
3981,358.20,28.84,28.53,43.84,1008.90
3982,358.29,28.84,28.53,43.83,1008.90
3983,358.38,28.84,28.53,43.83,1008.90
3984,358.47,28.83,28.53,43.83,1008.89
3985,358.56,28.83,28.53,43.83,1008.89
3986,358.65,28.83,28.53,43.82,1008.89
3987,358.74,28.83,28.53,43.81,1008.89
3988,358.83,28.83,28.53,43.81,1008.89
3989,358.92,28.83,28.53,43.80,1008.89
3990,359.01,28.83,28.53,43.80,1008.89
3991,359.10,28.84,28.53,43.80,1008.89
3992,359.19,28.83,28.53,43.79,1008.89
3993,359.28,28.83,28.52,43.78,1008.89
3994,359.37,28.83,28.53,43.78,1008.89
3995,359.46,28.83,28.53,43.75,1008.89
3996,359.55,28.83,28.53,43.75,1008.89
3997,359.64,28.83,28.52,43.75,1008.89
3998,359.73,28.82,28.52,43.75,1008.89
3999,359.82,28.83,28.52,43.76,1008.89
4000,359.91,28.83,28.51,43.77,1008.89
4001,360.00,28.82,28.51,43.77,1008.89
4002,360.09,28.82,28.51,43.79,1008.89
4003,360.18,28.82,28.51,43.79,1008.89
4004,360.27,28.82,28.51,43.78,1008.89
4005,360.36,28.82,28.51,43.79,1008.89
4006,360.45,28.82,28.50,43.77,1008.89
4007,360.54,28.82,28.50,43.77,1008.89
4008,360.63,28.82,28.50,43.76,1008.89
4009,360.72,28.82,28.50,43.76,1008.89
4010,360.81,28.82,28.50,43.75,1008.89
4011,360.90,28.82,28.50,43.74,1008.89
4012,360.99,28.83,28.50,43.75,1008.89
4013,361.08,28.83,28.51,43.73,1008.89
4014,361.17,28.83,28.51,43.74,1008.89
4015,361.26,28.83,28.51,43.72,1008.89
4016,361.35,28.84,28.51,43.73,1008.89
4017,361.44,28.83,28.51,43.74,1008.89
4018,361.53,28.83,28.52,43.74,1008.89
4019,361.62,28.83,28.51,43.74,1008.89
4020,361.71,28.83,28.51,43.74,1008.90
4021,361.80,28.83,28.51,43.73,1008.90
4022,361.89,28.83,28.51,43.85,1008.90
4023,361.98,28.83,28.52,43.79,1008.90
4024,362.07,28.83,28.52,43.74,1008.90
4025,362.16,28.83,28.52,43.72,1008.90
4026,362.25,28.83,28.51,43.71,1008.90
4027,362.34,28.83,28.51,43.71,1008.90
4028,362.43,28.84,28.51,43.69,1008.90
4029,362.52,28.84,28.51,43.70,1008.90
4030,362.61,28.83,28.51,43.70,1008.90
4031,362.70,28.83,28.51,43.69,1008.90
4032,362.79,28.83,28.51,43.69,1008.90
4033,362.88,28.83,28.51,43.71,1008.90
4034,362.97,28.83,28.51,43.72,1008.90
4035,363.06,28.83,28.50,43.73,1008.90
4036,363.15,28.83,28.49,43.73,1008.90
4037,363.24,28.83,28.50,43.73,1008.90
4038,363.33,28.83,28.50,43.74,1008.90
4039,363.42,28.83,28.50,43.72,1008.90
4040,363.51,28.82,28.49,43.70,1008.90
4041,363.60,28.83,28.49,43.70,1008.90
4042,363.69,28.83,28.49,43.70,1008.89
4043,363.78,28.83,28.49,43.70,1008.89
4044,363.87,28.82,28.49,43.70,1008.89
4045,363.96,28.83,28.48,43.69,1008.89
4046,364.05,28.83,28.48,43.70,1008.89
4047,364.14,28.83,28.48,43.72,1008.88
4048,364.23,28.84,28.49,43.73,1008.88
4049,364.32,28.84,28.49,43.72,1008.88
4050,364.41,28.83,28.49,43.72,1008.88
4051,364.50,28.83,28.48,43.70,1008.88
4052,364.59,28.83,28.48,43.69,1008.88
4053,364.68,28.83,28.48,43.70,1008.87
4054,364.77,28.83,28.47,43.68,1008.87
4055,364.86,28.83,28.47,43.67,1008.87
4056,364.95,28.83,28.47,43.68,1008.87
4057,365.04,28.83,28.47,43.68,1008.87
4058,365.13,28.83,28.47,43.66,1008.87
4059,365.22,28.83,28.47,43.66,1008.87
4060,365.31,28.83,28.47,43.65,1008.87
4061,365.40,28.82,28.47,43.66,1008.86
4062,365.49,28.81,28.48,43.66,1008.87
4063,365.58,28.82,28.48,43.65,1008.86
4064,365.67,28.82,28.47,43.66,1008.87
4065,365.76,28.82,28.47,43.66,1008.86
4066,365.85,28.82,28.48,43.68,1008.86
4067,365.94,28.82,28.47,43.67,1008.86
4068,366.03,28.82,28.48,43.67,1008.87
4069,366.12,28.83,28.48,43.67,1008.87
4070,366.21,28.82,28.48,43.67,1008.87
4071,366.30,28.82,28.47,43.66,1008.87
4072,366.39,28.82,28.47,43.68,1008.87
4073,366.48,28.82,28.48,43.68,1008.87
4074,366.57,28.82,28.47,43.66,1008.87
4075,366.66,28.82,28.47,43.64,1008.87
4076,366.75,28.81,28.47,43.65,1008.87
4077,366.84,28.81,28.47,43.63,1008.87
4078,366.93,28.80,28.47,43.63,1008.87
4079,367.02,28.80,28.48,43.60,1008.88
4080,367.11,28.80,28.47,43.62,1008.88
4081,367.20,28.80,28.47,43.62,1008.88
4082,367.29,28.80,28.48,43.63,1008.88
4083,367.38,28.79,28.48,43.63,1008.88
4084,367.47,28.79,28.47,43.63,1008.88
4085,367.56,28.79,28.47,43.63,1008.88
4086,367.65,28.78,28.46,43.65,1008.89
4087,367.74,28.78,28.46,43.67,1008.89
4088,367.83,28.78,28.46,43.68,1008.89
4089,367.92,28.77,28.46,43.68,1008.89
4090,368.01,28.77,28.46,43.68,1008.89
4091,368.10,28.77,28.47,43.69,1008.89
4092,368.19,28.78,28.46,43.70,1008.89
4093,368.28,28.78,28.47,43.70,1008.89
4094,368.37,28.77,28.47,43.70,1008.89
4095,368.46,28.77,28.47,43.68,1008.89
4096,368.55,28.77,28.46,43.69,1008.89
4097,368.64,28.77,28.46,43.69,1008.89
4098,368.73,28.77,28.46,43.69,1008.89
4099,368.82,28.76,28.46,43.69,1008.89
4100,368.91,28.76,28.46,43.69,1008.89
4101,369.00,28.76,28.46,43.67,1008.89
4102,369.09,28.76,28.46,43.67,1008.89
4103,369.18,28.76,28.46,43.68,1008.89
4104,369.27,28.76,28.46,43.66,1008.89
4105,369.36,28.75,28.46,43.66,1008.89
4106,369.45,28.75,28.46,43.67,1008.89
4107,369.54,28.74,28.46,43.67,1008.89
4108,369.63,28.75,28.46,43.67,1008.89
4109,369.72,28.75,28.47,43.67,1008.89
4110,369.81,28.74,28.47,43.67,1008.89
4111,369.90,28.74,28.47,43.67,1008.88
4112,369.99,28.74,28.47,43.67,1008.88
4113,370.08,28.75,28.46,43.67,1008.88
4114,370.17,28.75,28.46,43.66,1008.88
4115,370.26,28.75,28.46,43.66,1008.88
4116,370.35,28.74,28.46,43.65,1008.88
4117,370.44,28.75,28.46,43.67,1008.88
4118,370.53,28.75,28.45,43.68,1008.88
4119,370.62,28.74,28.45,43.69,1008.88
4120,370.71,28.75,28.45,43.67,1008.88
4121,370.80,28.76,28.45,43.68,1008.88
4122,370.89,28.75,28.45,43.68,1008.88
4123,370.98,28.76,28.44,43.67,1008.88
4124,371.07,28.76,28.44,43.68,1008.88
4125,371.16,28.76,28.45,43.69,1008.88
4126,371.25,28.76,28.45,43.70,1008.88
4127,371.34,28.76,28.46,43.71,1008.88
4128,371.43,28.75,28.45,43.72,1008.88
4129,371.52,28.75,28.46,43.73,1008.87
4130,371.61,28.75,28.46,43.71,1008.87
4131,371.70,28.75,28.46,43.71,1008.87
4132,371.79,28.76,28.45,43.71,1008.87
4133,371.88,28.76,28.45,43.69,1008.88
4134,371.97,28.76,28.45,43.69,1008.88
4135,372.06,28.76,28.44,43.68,1008.87
4136,372.15,28.76,28.44,43.70,1008.87
4137,372.24,28.76,28.45,43.72,1008.87
4138,372.33,28.76,28.45,43.72,1008.87
4139,372.42,28.76,28.45,43.72,1008.87
4140,372.51,28.77,28.44,43.70,1008.87
4141,372.60,28.77,28.44,43.71,1008.87
4142,372.69,28.78,28.45,43.71,1008.87
4143,372.78,28.78,28.45,43.73,1008.87
4144,372.87,28.78,28.45,43.74,1008.87
4145,372.96,28.78,28.45,43.75,1008.87
4146,373.05,28.79,28.45,43.75,1008.88
4147,373.14,28.79,28.44,43.75,1008.88
4148,373.23,28.80,28.44,43.76,1008.88
4149,373.32,28.80,28.45,43.76,1008.88
4150,373.41,28.80,28.44,43.75,1008.88
4151,373.50,28.81,28.44,43.73,1008.88
4152,373.59,28.81,28.45,43.73,1008.88
4153,373.68,28.81,28.45,43.72,1008.89
4154,373.77,28.81,28.45,43.72,1008.89
4155,373.86,28.80,28.45,43.71,1008.89
4156,373.95,28.79,28.44,43.71,1008.89
4157,374.04,28.80,28.44,43.73,1008.89
4158,374.13,28.80,28.44,43.72,1008.89
4159,374.22,28.80,28.43,43.71,1008.89
4160,374.31,28.80,28.42,43.70,1008.89
4161,374.40,28.79,28.43,43.70,1008.89
4162,374.49,28.79,28.42,43.70,1008.89
4163,374.58,28.79,28.42,43.70,1008.89
4164,374.67,28.78,28.42,43.70,1008.89
4165,374.76,28.78,28.42,43.70,1008.89
4166,374.85,28.77,28.42,43.70,1008.89
4167,374.94,28.78,28.42,43.71,1008.89
4168,375.03,28.78,28.42,43.71,1008.89
4169,375.12,28.77,28.42,43.73,1008.89
4170,375.21,28.77,28.43,43.73,1008.89
4171,375.30,28.77,28.43,43.75,1008.90
4172,375.39,28.77,28.43,43.74,1008.89
4173,375.48,28.76,28.43,43.74,1008.89
4174,375.57,28.75,28.42,43.73,1008.89
4175,375.66,28.75,28.42,43.74,1008.89
4176,375.75,28.75,28.42,43.72,1008.89
4177,375.84,28.75,28.42,43.74,1008.89
4178,375.93,28.75,28.41,43.75,1008.89
4179,376.02,28.75,28.41,43.75,1008.90
4180,376.11,28.74,28.41,43.72,1008.89
4181,376.20,28.74,28.40,43.74,1008.89
4182,376.29,28.75,28.40,43.72,1008.89
4183,376.38,28.75,28.40,43.71,1008.90
4184,376.47,28.75,28.40,43.70,1008.90
4185,376.56,28.75,28.40,43.70,1008.89
4186,376.65,28.75,28.40,43.71,1008.89
4187,376.74,28.75,28.40,43.70,1008.89
4188,376.83,28.74,28.40,43.72,1008.89
4189,376.92,28.75,28.40,43.71,1008.89
4190,377.01,28.74,28.40,43.70,1008.89
4191,377.10,28.73,28.41,43.71,1008.89
4192,377.19,28.73,28.41,43.71,1008.89
4193,377.28,28.73,28.41,43.71,1008.89
4194,377.37,28.73,28.42,43.72,1008.89
4195,377.46,28.73,28.42,43.72,1008.89
4196,377.55,28.73,28.41,43.73,1008.89
4197,377.64,28.73,28.42,43.74,1008.89
4198,377.73,28.73,28.42,43.71,1008.89
4199,377.82,28.73,28.41,43.72,1008.89
4200,377.91,28.73,28.42,43.72,1008.89
4201,378.00,28.73,28.41,43.72,1008.89
4202,378.09,28.73,28.41,43.72,1008.89
4203,378.18,28.73,28.41,43.73,1008.92
4204,378.27,28.72,28.41,43.72,1008.89
4205,378.36,28.72,28.40,43.71,1008.89
4206,378.45,28.72,28.40,43.73,1008.89
4207,378.54,28.72,28.41,43.73,1008.89
4208,378.63,28.72,28.41,43.70,1008.89
4209,378.72,28.71,28.41,43.70,1008.89
4210,378.81,28.71,28.43,43.68,1008.89
4211,378.90,28.71,28.42,43.69,1008.89
4212,378.99,28.72,28.41,43.68,1008.92
4213,379.08,28.72,28.41,43.68,1008.89
4214,379.17,28.71,28.40,43.70,1008.89
4215,379.26,28.71,28.40,43.69,1008.89
4216,379.35,28.71,28.40,43.70,1008.88
4217,379.44,28.71,28.40,43.69,1008.88
4218,379.53,28.72,28.41,43.70,1008.88
4219,379.62,28.71,28.41,43.68,1008.88
4220,379.71,28.71,28.40,43.68,1008.88
4221,379.80,28.71,28.40,43.68,1008.88
4222,379.89,28.71,28.40,43.70,1008.88
4223,379.98,28.71,28.40,43.71,1008.88
4224,380.07,28.71,28.40,43.70,1008.88
4225,380.16,28.71,28.40,43.70,1008.88
4226,380.25,28.71,28.39,43.71,1008.88
4227,380.34,28.71,28.38,43.69,1008.88
4228,380.43,28.71,28.38,43.70,1008.88
4229,380.52,28.71,28.37,43.72,1008.88
4230,380.61,28.71,28.38,43.72,1008.88
4231,380.70,28.71,28.38,43.73,1008.88
4232,380.79,28.71,28.37,43.73,1008.88
4233,380.88,28.71,28.37,43.71,1008.88
4234,380.97,28.71,28.36,43.72,1008.88
4235,381.06,28.70,28.36,43.71,1008.89
4236,381.15,28.70,28.37,43.70,1008.89
4237,381.24,28.70,28.36,43.72,1008.89
4238,381.33,28.70,28.36,43.72,1008.89
4239,381.42,28.70,28.35,43.72,1008.89
4240,381.51,28.69,28.35,43.70,1008.89
4241,381.60,28.69,28.35,43.71,1008.89
4242,381.69,28.68,28.36,43.70,1008.89
4243,381.78,28.68,28.35,43.70,1008.89
4244,381.87,28.69,28.35,43.68,1008.89
4245,381.96,28.68,28.34,43.68,1008.89
4246,382.05,28.68,28.34,43.68,1008.89
4247,382.14,28.68,28.34,43.68,1008.89
4248,382.23,28.68,28.35,43.67,1008.89
4249,382.32,28.68,28.35,43.68,1008.89
4250,382.41,28.68,28.36,43.68,1008.89
4251,382.50,28.68,28.36,43.68,1008.89
4252,382.59,28.67,28.35,43.68,1008.89
4253,382.68,28.67,28.35,43.67,1008.89
4254,382.77,28.67,28.34,43.69,1008.89
4255,382.86,28.68,28.35,43.73,1008.89
4256,382.95,28.68,28.36,43.74,1008.89
4257,383.04,28.68,28.35,43.76,1008.89
4258,383.13,28.67,28.35,43.75,1008.89
4259,383.22,28.67,28.35,43.75,1008.89
4260,383.31,28.67,28.35,43.76,1008.89
4261,383.40,28.67,28.35,43.77,1008.89
4262,383.49,28.67,28.35,43.77,1008.89
4263,383.58,28.67,28.35,43.76,1008.89
4264,383.67,28.67,28.35,43.75,1008.89
4265,383.76,28.67,28.36,43.75,1008.89
4266,383.85,28.67,28.35,43.75,1008.89
4267,383.94,28.67,28.37,43.76,1008.89
4268,384.03,28.67,28.36,43.77,1008.89
4269,384.12,28.67,28.37,43.76,1008.89
4270,384.21,28.67,28.36,43.75,1008.89
4271,384.30,28.67,28.37,43.77,1008.89
4272,384.39,28.68,28.37,43.77,1008.89
4273,384.48,28.67,28.37,43.77,1008.89
4274,384.57,28.68,28.37,43.76,1008.88
4275,384.66,28.67,28.38,43.76,1008.88
4276,384.75,28.67,28.37,43.77,1008.88
4277,384.84,28.67,28.38,43.76,1008.88
4278,384.93,28.66,28.38,43.76,1008.85
4279,385.02,28.67,28.38,43.77,1008.88
4280,385.11,28.67,28.38,43.76,1008.88
4281,385.20,28.68,28.38,43.75,1008.88
4282,385.29,28.67,28.38,43.76,1008.88
4283,385.38,28.68,28.39,43.76,1008.88
4284,385.47,28.67,28.38,43.77,1008.88
4285,385.56,28.68,28.38,43.78,1008.88
4286,385.65,28.68,28.38,43.78,1008.88
4287,385.74,28.68,28.39,43.78,1008.88
4288,385.83,28.67,28.39,43.78,1008.88
4289,385.92,28.67,28.38,43.80,1008.88
4290,386.01,28.68,28.39,43.79,1008.88
4291,386.10,28.67,28.38,43.78,1008.87
4292,386.19,28.67,28.38,43.78,1008.87
4293,386.28,28.67,28.37,43.79,1008.88
4294,386.37,28.67,28.37,43.78,1008.88
4295,386.46,28.67,28.37,43.79,1008.88
4296,386.55,28.67,28.37,43.79,1008.88
4297,386.64,28.66,28.37,43.79,1008.88
4298,386.73,28.66,28.36,43.79,1008.88
4299,386.82,28.66,28.36,43.76,1008.88
4300,386.91,28.66,28.37,43.77,1008.88
4301,387.00,28.66,28.36,43.77,1008.88
4302,387.09,28.66,28.36,43.77,1008.88
4303,387.18,28.66,28.36,43.75,1008.88
4304,387.27,28.66,28.36,43.74,1008.88
4305,387.36,28.65,28.36,43.74,1008.88
4306,387.45,28.66,28.36,43.75,1008.88
4307,387.54,28.66,28.36,43.75,1008.88
4308,387.63,28.66,28.36,43.75,1008.89
4309,387.72,28.66,28.37,43.76,1008.88
4310,387.81,28.67,28.37,43.76,1008.88
4311,387.90,28.66,28.37,43.75,1008.89
4312,387.99,28.66,28.38,43.74,1008.89
4313,388.08,28.66,28.38,43.74,1008.88
4314,388.17,28.66,28.38,43.74,1008.88
4315,388.26,28.66,28.38,43.74,1008.88
4316,388.35,28.66,28.38,43.73,1008.88
4317,388.44,28.67,28.38,43.72,1008.88
4318,388.53,28.67,28.37,43.72,1008.88
4319,388.62,28.67,28.36,43.73,1008.88
4320,388.71,28.66,28.36,43.72,1008.88
4321,388.80,28.66,28.36,43.72,1008.88
4322,388.89,28.67,28.37,43.72,1008.88
4323,388.98,28.67,28.37,43.73,1008.88
4324,389.07,28.66,28.36,43.74,1008.88
4325,389.16,28.66,28.36,43.75,1008.88
4326,389.25,28.66,28.36,43.75,1008.88
4327,389.34,28.66,28.35,43.75,1008.88
4328,389.43,28.66,28.35,43.74,1008.89
4329,389.52,28.66,28.35,43.74,1008.89
4330,389.61,28.66,28.35,43.74,1008.89
4331,389.70,28.66,28.35,43.73,1008.88
4332,389.79,28.66,28.35,43.73,1008.89
4333,389.88,28.66,28.35,43.72,1008.88
4334,389.97,28.66,28.36,43.74,1008.88
4335,390.06,28.66,28.35,43.76,1008.88
4336,390.15,28.66,28.34,43.77,1008.88
4337,390.24,28.66,28.33,43.77,1008.88
4338,390.33,28.66,28.42,43.77,1008.88
4339,390.42,28.66,28.37,43.76,1008.88
4340,390.51,28.65,28.34,43.75,1008.88
4341,390.60,28.65,28.35,43.73,1008.88
4342,390.69,28.65,28.28,43.74,1008.88
4343,390.78,28.65,28.36,43.76,1008.88
4344,390.87,28.64,28.34,43.76,1008.88
4345,390.96,28.65,28.36,43.76,1008.89
4346,391.05,28.64,28.35,43.75,1008.88
4347,391.14,28.64,28.35,43.76,1008.88
4348,391.23,28.64,28.36,43.77,1008.89
4349,391.32,28.64,28.37,43.78,1008.89
4350,391.41,28.65,28.37,43.79,1008.89
4351,391.50,28.65,28.36,43.79,1008.89
4352,391.59,28.65,28.36,43.79,1008.89
4353,391.68,28.65,28.36,43.78,1008.89
4354,391.77,28.65,28.36,43.78,1008.89
4355,391.86,28.65,28.35,43.77,1008.89
4356,391.95,28.65,28.35,43.77,1008.90
4357,392.04,28.65,28.35,43.77,1008.90
4358,392.13,28.65,28.35,43.77,1008.90
4359,392.22,28.65,28.36,43.77,1008.90
4360,392.31,28.65,28.36,43.78,1008.90
4361,392.40,28.65,28.36,43.78,1008.90
4362,392.49,28.65,28.36,43.79,1008.89
4363,392.58,28.65,28.36,43.77,1008.89
4364,392.67,28.65,28.36,43.78,1008.89
4365,392.76,28.64,28.36,43.78,1008.90
4366,392.85,28.64,28.35,43.78,1008.90
4367,392.94,28.64,28.35,43.79,1008.89
4368,393.03,28.65,28.35,43.77,1008.89
4369,393.12,28.65,28.33,43.78,1008.89
4370,393.21,28.65,28.34,43.78,1008.89
4371,393.30,28.64,28.34,43.77,1008.89
4372,393.39,28.64,28.34,43.77,1008.89
4373,393.48,28.64,28.34,43.77,1008.89
4374,393.57,28.64,28.33,43.77,1008.89
4375,393.66,28.64,28.33,43.78,1008.89
4376,393.75,28.63,28.33,43.77,1008.89
4377,393.84,28.63,28.33,43.78,1008.89
4378,393.93,28.63,28.33,43.80,1008.89
4379,394.02,28.63,28.33,43.79,1008.89
4380,394.11,28.63,28.32,43.80,1008.89
4381,394.20,28.62,28.32,43.81,1008.89
4382,394.29,28.62,28.32,43.81,1008.89
4383,394.38,28.62,28.33,43.80,1008.89
4384,394.47,28.61,28.33,43.82,1008.89
4385,394.56,28.61,28.32,43.81,1008.89
4386,394.65,28.60,28.33,43.81,1008.89
4387,394.74,28.61,28.33,43.80,1008.89
4388,394.83,28.61,28.33,43.82,1008.89
4389,394.92,28.61,28.33,43.81,1008.89
4390,395.01,28.61,28.32,43.79,1008.88
4391,395.10,28.61,28.32,43.78,1008.88
4392,395.19,28.61,28.32,43.78,1008.88
4393,395.28,28.61,28.32,43.78,1008.88
4394,395.37,28.61,28.32,43.77,1008.88
4395,395.46,28.61,28.32,43.76,1008.88
4396,395.55,28.61,28.31,43.77,1008.88
4397,395.64,28.61,28.31,43.78,1008.89
4398,395.73,28.60,28.31,43.77,1008.88
4399,395.82,28.61,28.31,43.76,1008.88
4400,395.91,28.61,28.30,43.76,1008.89
4401,396.00,28.61,28.30,43.76,1008.89
4402,396.09,28.61,28.30,43.76,1008.89
4403,396.18,28.61,28.30,43.73,1008.89
4404,396.27,28.61,28.30,43.73,1008.89
4405,396.36,28.61,28.30,43.71,1008.89
4406,396.45,28.60,28.29,43.70,1008.89
4407,396.54,28.60,28.30,43.71,1008.89
4408,396.63,28.60,28.30,43.70,1008.89
4409,396.72,28.60,28.30,43.71,1008.90
4410,396.81,28.60,28.30,43.73,1008.90
4411,396.90,28.60,28.30,43.73,1008.90
4412,396.99,28.60,28.30,43.73,1008.90
4413,397.08,28.61,28.29,43.75,1008.90
4414,397.17,28.61,28.29,43.75,1008.90
4415,397.26,28.61,28.29,43.75,1008.90
4416,397.35,28.61,28.29,43.74,1008.91
4417,397.44,28.61,28.29,43.73,1008.91
4418,397.53,28.61,28.29,43.74,1008.91
4419,397.62,28.60,28.29,43.74,1008.91
4420,397.71,28.60,28.28,43.74,1008.91
4421,397.80,28.60,28.28,43.77,1008.91
4422,397.89,28.60,28.29,43.77,1008.91
4423,397.98,28.60,28.30,43.78,1008.91
4424,398.07,28.60,28.29,43.79,1008.91
4425,398.16,28.59,28.30,43.78,1008.90
4426,398.25,28.60,28.29,43.78,1008.91
4427,398.34,28.60,28.29,43.77,1008.90
4428,398.43,28.59,28.29,43.78,1008.90
4429,398.52,28.59,28.29,43.79,1008.90
4430,398.61,28.59,28.29,43.79,1008.90
4431,398.70,28.59,28.30,43.80,1008.90
4432,398.79,28.59,28.30,43.80,1008.90
4433,398.88,28.59,28.31,43.81,1008.90
4434,398.97,28.59,28.31,43.82,1008.90
4435,399.06,28.59,28.31,43.82,1008.90
4436,399.15,28.58,28.30,43.82,1008.90
4437,399.24,28.59,28.30,43.83,1008.90
4438,399.33,28.59,28.31,43.81,1008.90
4439,399.42,28.59,28.31,43.81,1008.90
4440,399.51,28.59,28.31,43.80,1008.90
4441,399.60,28.59,28.31,43.80,1008.89
4442,399.69,28.59,28.31,43.78,1008.89
4443,399.78,28.59,28.31,43.78,1008.89
4444,399.87,28.60,28.30,43.77,1008.89
4445,399.96,28.60,28.30,43.75,1008.89
4446,400.05,28.60,28.31,43.77,1008.89
4447,400.14,28.61,28.31,43.78,1008.89
4448,400.23,28.60,28.32,43.78,1008.89
4449,400.32,28.61,28.32,43.79,1008.89
4450,400.41,28.61,28.32,43.79,1008.89
4451,400.50,28.61,28.31,43.78,1008.89
4452,400.59,28.61,28.31,43.79,1008.89
4453,400.68,28.61,28.30,43.79,1008.89
4454,400.77,28.62,28.31,43.79,1008.88
4455,400.86,28.62,28.30,43.79,1008.88
4456,400.95,28.62,28.30,43.80,1008.88
4457,401.04,28.63,28.29,43.78,1008.88
4458,401.13,28.63,28.30,43.78,1008.88
4459,401.22,28.63,28.29,43.78,1008.88
4460,401.31,28.62,28.29,43.77,1008.88
4461,401.40,28.62,28.29,43.76,1008.88
4462,401.49,28.62,28.29,43.76,1008.88
4463,401.58,28.62,28.29,43.76,1008.88
4464,401.67,28.62,28.30,43.76,1008.88
4465,401.76,28.62,28.30,43.76,1008.88
4466,401.85,28.61,28.30,43.76,1008.88
4467,401.94,28.61,28.30,43.77,1008.88
4468,402.03,28.61,28.30,43.76,1008.88
4469,402.12,28.61,28.30,43.75,1008.88
4470,402.21,28.60,28.31,43.74,1008.88
4471,402.30,28.60,28.31,43.75,1008.88
4472,402.39,28.59,28.31,43.74,1008.88
4473,402.48,28.59,28.31,43.75,1008.88
4474,402.57,28.59,28.31,43.74,1008.88
4475,402.66,28.59,28.31,43.72,1008.88
4476,402.75,28.59,28.30,43.71,1008.88
4477,402.84,28.59,28.31,43.72,1008.88
4478,402.93,28.59,28.30,43.72,1008.88
4479,403.02,28.59,28.30,43.72,1008.88
4480,403.11,28.59,28.30,43.72,1008.88
4481,403.20,28.59,28.31,43.72,1008.88
4482,403.29,28.59,28.30,43.73,1008.88
4483,403.38,28.59,28.30,43.74,1008.88
4484,403.47,28.58,28.29,43.72,1008.88
4485,403.56,28.59,28.29,43.71,1008.88
4486,403.65,28.58,28.29,43.72,1008.88
4487,403.74,28.58,28.28,43.73,1008.88
4488,403.83,28.58,28.28,43.73,1008.88
4489,403.92,28.59,28.28,43.73,1008.88
4490,404.01,28.59,28.28,43.71,1008.88
4491,404.10,28.60,28.28,43.72,1008.89
4492,404.19,28.59,28.28,43.74,1008.88
4493,404.28,28.59,28.28,43.73,1008.88
4494,404.37,28.59,28.27,43.74,1008.88
4495,404.46,28.59,28.27,43.74,1008.88
4496,404.55,28.59,28.28,43.74,1008.88
4497,404.64,28.59,28.28,43.76,1008.88
4498,404.73,28.59,28.28,43.76,1008.88
4499,404.82,28.59,28.27,43.75,1008.88
4500,404.91,28.58,28.27,43.73,1008.88
4501,405.00,28.58,28.27,43.76,1008.88
4502,405.09,28.58,28.27,43.75,1008.88
4503,405.18,28.58,28.27,43.76,1008.88
4504,405.27,28.58,28.27,43.75,1008.88
4505,405.36,28.58,28.27,43.75,1008.88
4506,405.45,28.58,28.27,43.74,1008.88
4507,405.54,28.58,28.28,43.73,1008.88
4508,405.63,28.58,28.27,43.72,1008.88
4509,405.72,28.58,28.27,43.73,1008.88
4510,405.81,28.58,28.27,43.72,1008.88
4511,405.90,28.58,28.27,43.71,1008.88
4512,405.99,28.58,28.27,43.71,1008.88
4513,406.08,28.57,28.27,43.72,1008.88
4514,406.17,28.57,28.27,43.72,1008.88
4515,406.26,28.56,28.27,43.73,1008.87
4516,406.35,28.56,28.27,43.74,1008.87
4517,406.44,28.56,28.26,43.75,1008.87
4518,406.53,28.56,28.26,43.74,1008.87
4519,406.62,28.57,28.26,43.73,1008.87
4520,406.71,28.57,28.26,43.73,1008.87
4521,406.80,28.56,28.26,43.72,1008.87
4522,406.89,28.57,28.26,43.72,1008.87
4523,406.98,28.57,28.26,43.73,1008.87
4524,407.07,28.56,28.26,43.73,1008.87
4525,407.16,28.56,28.26,43.73,1008.87
4526,407.25,28.56,28.25,43.72,1008.87
4527,407.34,28.56,28.26,43.70,1008.87
4528,407.43,28.56,28.25,43.69,1008.87
4529,407.52,28.55,28.25,43.69,1008.87
4530,407.61,28.55,28.25,43.70,1008.87
4531,407.70,28.55,28.25,43.69,1008.87
4532,407.79,28.54,28.24,43.69,1008.87
4533,407.88,28.54,28.25,43.70,1008.87
4534,407.97,28.54,28.25,43.69,1008.87
4535,408.06,28.54,28.25,43.70,1008.87
4536,408.15,28.54,28.25,43.71,1008.86
4537,408.24,28.54,28.24,43.73,1008.86
4538,408.33,28.54,28.24,43.73,1008.86
4539,408.42,28.54,28.23,43.73,1008.87
4540,408.51,28.54,28.23,43.74,1008.87
4541,408.60,28.54,28.23,43.73,1008.86
4542,408.69,28.54,28.23,43.74,1008.86
4543,408.78,28.54,28.23,43.75,1008.87
4544,408.87,28.54,28.24,43.73,1008.87
4545,408.96,28.55,28.24,43.72,1008.87
4546,409.05,28.55,28.24,43.73,1008.87
4547,409.14,28.55,28.24,43.75,1008.87
4548,409.23,28.55,28.24,43.76,1008.87
4549,409.32,28.55,28.24,43.75,1008.87
4550,409.41,28.55,28.25,43.75,1008.87
4551,409.50,28.55,28.26,43.75,1008.87
4552,409.59,28.54,28.26,43.75,1008.87
4553,409.68,28.54,28.26,43.75,1008.87
4554,409.77,28.54,28.27,43.75,1008.87
4555,409.86,28.54,28.27,43.76,1008.87
4556,409.95,28.54,28.27,43.77,1008.87
4557,410.04,28.53,28.27,43.75,1008.87
4558,410.13,28.53,28.27,43.76,1008.87
4559,410.22,28.53,28.27,43.75,1008.87
4560,410.31,28.54,28.27,43.72,1008.88
4561,410.40,28.53,28.28,43.74,1008.88
4562,410.49,28.53,28.28,43.74,1008.88
4563,410.58,28.53,28.28,43.72,1008.88
4564,410.67,28.53,28.28,43.69,1008.88
4565,410.76,28.53,28.28,43.70,1008.88
4566,410.85,28.53,28.28,43.71,1008.88
4567,410.94,28.54,28.28,43.70,1008.88
4568,411.03,28.53,28.29,43.70,1008.88
4569,411.12,28.53,28.28,43.70,1008.88
4570,411.21,28.52,28.28,43.69,1008.88
4571,411.30,28.53,28.28,43.72,1008.88
4572,411.39,28.52,28.28,43.71,1008.88
4573,411.48,28.52,28.28,43.71,1008.88
4574,411.57,28.52,28.20,43.70,1008.89
4575,411.66,28.52,28.25,43.70,1008.89
4576,411.75,28.53,28.27,43.70,1008.89
4577,411.84,28.52,28.27,43.69,1008.89
4578,411.93,28.52,28.26,43.71,1008.89
4579,412.02,28.51,28.26,43.72,1008.89
4580,412.11,28.52,28.26,43.72,1008.89
4581,412.20,28.52,28.26,43.70,1008.89
4582,412.29,28.52,28.27,43.70,1008.89
4583,412.38,28.52,28.26,43.70,1008.89
4584,412.47,28.52,28.27,43.70,1008.89
4585,412.56,28.52,28.27,43.72,1008.89
4586,412.65,28.52,28.26,43.73,1008.89
4587,412.74,28.52,28.26,43.73,1008.89
4588,412.83,28.52,28.25,43.73,1008.88
4589,412.92,28.52,28.25,43.72,1008.89
4590,413.01,28.52,28.25,43.72,1008.89
4591,413.10,28.52,28.25,43.73,1008.89
4592,413.19,28.52,28.25,43.72,1008.89
4593,413.28,28.53,28.25,43.72,1008.89
4594,413.37,28.53,28.25,43.73,1008.89
4595,413.46,28.53,28.25,43.72,1008.89
4596,413.55,28.52,28.25,43.72,1008.89
4597,413.64,28.52,28.25,43.73,1008.89
4598,413.73,28.52,28.25,43.72,1008.89
4599,413.82,28.46,28.25,43.74,1008.89
4600,413.91,28.50,28.25,43.73,1008.89
4601,414.00,28.52,28.25,43.74,1008.89
4602,414.09,28.52,28.25,43.75,1008.89
4603,414.18,28.53,28.24,43.74,1008.89
4604,414.27,28.53,28.25,43.75,1008.89
4605,414.36,28.53,28.25,43.73,1008.88
4606,414.45,28.53,28.24,43.71,1008.88
4607,414.54,28.53,28.23,43.72,1008.88
4608,414.63,28.53,28.23,43.72,1008.88
4609,414.72,28.53,28.23,43.72,1008.88
4610,414.81,28.53,28.22,43.71,1008.88
4611,414.90,28.53,28.22,43.70,1008.88
4612,414.99,28.54,28.22,43.72,1008.88
4613,415.08,28.53,28.21,43.71,1008.88
4614,415.17,28.53,28.21,43.72,1008.88
4615,415.26,28.53,28.20,43.73,1008.88
4616,415.35,28.53,28.21,43.72,1008.88
4617,415.44,28.53,28.21,43.73,1008.88
4618,415.53,28.53,28.21,43.71,1008.89
4619,415.62,28.53,28.21,43.72,1008.89
4620,415.71,28.52,28.21,43.71,1008.89
4621,415.80,28.52,28.20,43.71,1008.89
4622,415.89,28.52,28.19,43.71,1008.89
4623,415.98,28.52,28.19,43.70,1008.89
4624,416.07,28.52,28.19,43.70,1008.90
4625,416.16,28.51,28.19,43.70,1008.89
4626,416.25,28.52,28.19,43.67,1008.90
4627,416.34,28.51,28.19,43.67,1008.90
4628,416.43,28.51,28.19,43.66,1008.90
4629,416.52,28.51,28.19,43.66,1008.90
4630,416.61,28.51,28.18,43.69,1008.90
4631,416.70,28.51,28.18,43.68,1008.90
4632,416.79,28.51,28.18,43.68,1008.90
4633,416.88,28.51,28.18,43.67,1008.90
4634,416.97,28.51,28.18,43.68,1008.90
4635,417.06,28.52,28.18,43.69,1008.90
4636,417.15,28.52,28.17,43.70,1008.90
4637,417.24,28.52,28.18,43.70,1008.90
4638,417.33,28.52,28.18,43.70,1008.90
4639,417.42,28.52,28.19,43.71,1008.90
4640,417.51,28.52,28.19,43.70,1008.90
4641,417.60,28.51,28.19,43.68,1008.90
4642,417.69,28.51,28.19,43.68,1008.90
4643,417.78,28.51,28.19,43.67,1008.90
4644,417.87,28.52,28.20,43.67,1008.90
4645,417.96,28.51,28.20,43.68,1008.90
4646,418.05,28.52,28.20,43.69,1008.90
4647,418.14,28.51,28.21,43.67,1008.90
4648,418.23,28.51,28.21,43.68,1008.90
4649,418.32,28.51,28.21,43.66,1008.90
4650,418.41,28.51,28.22,43.67,1008.90
4651,418.50,28.51,28.21,43.68,1008.90
4652,418.59,28.51,28.21,43.66,1008.90
4653,418.68,28.51,28.22,43.64,1008.90
4654,418.77,28.51,28.22,43.63,1008.90
4655,418.86,28.51,28.23,43.61,1008.90
4656,418.95,28.51,28.23,43.63,1008.90
4657,419.04,28.52,28.23,43.66,1008.90
4658,419.13,28.51,28.23,43.67,1008.89
4659,419.22,28.52,28.23,43.66,1008.89
4660,419.31,28.51,28.22,43.67,1008.89
4661,419.40,28.51,28.23,43.67,1008.89
4662,419.49,28.51,28.23,43.66,1008.89
4663,419.58,28.51,28.23,43.67,1008.89
4664,419.67,28.51,28.23,43.67,1008.89
4665,419.76,28.50,28.22,43.67,1008.89
4666,419.85,28.50,28.22,43.67,1008.89
4667,419.94,28.50,28.22,43.67,1008.89
4668,420.03,28.50,28.21,43.65,1008.89
4669,420.12,28.50,28.21,43.66,1008.89
4670,420.21,28.50,28.21,43.65,1008.88
4671,420.30,28.50,28.21,43.62,1008.88
4672,420.39,28.50,28.22,43.62,1008.88
4673,420.48,28.50,28.22,43.62,1008.88
4674,420.57,28.50,28.22,43.62,1008.87
4675,420.66,28.50,28.22,43.62,1008.87
4676,420.75,28.49,28.22,43.62,1008.87
4677,420.84,28.49,28.22,43.62,1008.87
4678,420.93,28.49,28.23,43.63,1008.87
4679,421.02,28.49,28.23,43.61,1008.87
4680,421.11,28.49,28.22,43.62,1008.87
4681,421.20,28.48,28.23,43.62,1008.87
4682,421.29,28.48,28.23,43.62,1008.87
4683,421.38,28.48,28.22,43.61,1008.87
4684,421.47,28.48,28.22,43.62,1008.88
4685,421.56,28.48,28.21,43.62,1008.88
4686,421.65,28.48,28.21,43.60,1008.88
4687,421.74,28.48,28.22,43.60,1008.89
4688,421.83,28.47,28.21,43.60,1008.89
4689,421.92,28.48,28.22,43.59,1008.89
4690,422.01,28.48,28.21,43.59,1008.89
4691,422.10,28.48,28.22,43.59,1008.89
4692,422.19,28.48,28.22,43.59,1008.89
4693,422.28,28.48,28.22,43.60,1008.89
4694,422.37,28.48,28.22,43.60,1008.90
4695,422.46,28.48,28.22,43.62,1008.90
4696,422.55,28.48,28.22,43.60,1008.90
4697,422.64,28.47,28.23,43.59,1008.90
4698,422.73,28.47,28.22,43.61,1008.90
4699,422.82,28.47,28.22,43.60,1008.90
4700,422.91,28.47,28.22,43.61,1008.90
4701,423.00,28.46,28.22,43.63,1008.90
4702,423.09,28.47,28.22,43.63,1008.90
4703,423.18,28.47,28.21,43.64,1008.90
4704,423.27,28.47,28.20,43.64,1008.90
4705,423.36,28.47,28.20,43.62,1008.90
4706,423.45,28.47,28.20,43.62,1008.90
4707,423.54,28.47,28.20,43.61,1008.90
4708,423.63,28.47,28.21,43.62,1008.90
4709,423.72,28.47,28.21,43.63,1008.90
4710,423.81,28.47,28.20,43.64,1008.90
4711,423.90,28.47,28.21,43.64,1008.89
4712,423.99,28.47,28.21,43.61,1008.89
4713,424.08,28.47,28.21,43.61,1008.89
4714,424.17,28.47,28.21,43.62,1008.89
4715,424.26,28.47,28.20,43.63,1008.90
4716,424.35,28.47,28.20,43.61,1008.89
4717,424.44,28.47,28.20,43.60,1008.89
4718,424.53,28.47,28.20,43.61,1008.89
4719,424.62,28.46,28.21,43.62,1008.89
4720,424.71,28.46,28.21,43.62,1008.89
4721,424.80,28.46,28.21,43.62,1008.89
4722,424.89,28.46,28.22,43.63,1008.89
4723,424.98,28.46,28.22,43.62,1008.89
4724,425.07,28.46,28.22,43.63,1008.89
4725,425.16,28.47,28.21,43.63,1008.89
4726,425.25,28.47,28.22,43.64,1008.89
4727,425.34,28.46,28.21,43.65,1008.89
4728,425.43,28.46,28.21,43.64,1008.89
4729,425.52,28.46,28.20,43.62,1008.89
4730,425.61,28.46,28.20,43.63,1008.89
4731,425.70,28.46,28.20,43.62,1008.89
4732,425.79,28.46,28.21,43.64,1008.88
4733,425.88,28.46,28.21,43.63,1008.88
4734,425.97,28.46,28.21,43.62,1008.88
4735,426.06,28.46,28.21,43.63,1008.88
4736,426.15,28.46,28.20,43.62,1008.89
4737,426.24,28.46,28.21,43.62,1008.88
4738,426.33,28.46,28.21,43.62,1008.88
4739,426.42,28.47,28.21,43.62,1008.88
4740,426.51,28.46,28.20,43.62,1008.88
4741,426.60,28.46,28.20,43.64,1008.89
4742,426.69,28.47,28.21,43.63,1008.89
4743,426.78,28.46,28.21,43.62,1008.89
4744,426.87,28.47,28.21,43.61,1008.89
4745,426.96,28.46,28.21,43.61,1008.88
4746,427.05,28.46,28.21,43.61,1008.88
4747,427.14,28.47,28.21,43.61,1008.88
4748,427.23,28.47,28.20,43.60,1008.88
4749,427.32,28.47,28.21,43.59,1008.88
4750,427.41,28.47,28.21,43.58,1008.88
4751,427.50,28.46,28.21,43.57,1008.88
4752,427.59,28.46,28.21,43.58,1008.88
4753,427.68,28.46,28.21,43.57,1008.88
4754,427.77,28.47,28.21,43.58,1008.87
4755,427.86,28.47,28.20,43.59,1008.87
4756,427.95,28.47,28.20,43.60,1008.87
4757,428.04,28.47,28.20,43.61,1008.86
4758,428.13,28.46,28.20,43.61,1008.86
4759,428.22,28.46,28.19,43.60,1008.86
4760,428.31,28.45,28.20,43.58,1008.86
4761,428.40,28.45,28.20,43.57,1008.86
4762,428.49,28.46,28.19,43.56,1008.87
4763,428.58,28.46,28.19,43.56,1008.87
4764,428.67,28.45,28.18,43.57,1008.87
4765,428.76,28.45,28.19,43.56,1008.88
4766,428.85,28.45,28.19,43.56,1008.88
4767,428.94,28.45,28.19,43.56,1008.88
4768,429.03,28.45,28.19,43.55,1008.88
4769,429.12,28.46,28.20,43.57,1008.88
4770,429.21,28.46,28.20,43.57,1008.88
4771,429.30,28.46,28.19,43.57,1008.88
4772,429.39,28.46,28.20,43.55,1008.88
4773,429.48,28.45,28.20,43.55,1008.88
4774,429.57,28.46,28.20,43.55,1008.88
4775,429.66,28.46,28.20,43.55,1008.88
4776,429.75,28.45,28.20,43.53,1008.88
4777,429.84,28.45,28.19,43.54,1008.88
4778,429.93,28.45,28.19,43.52,1008.88
4779,430.02,28.45,28.19,43.52,1008.88
4780,430.11,28.45,28.20,43.52,1008.88
4781,430.20,28.45,28.20,43.51,1008.88
4782,430.29,28.45,28.20,43.50,1008.88
4783,430.38,28.45,28.19,43.53,1008.88
4784,430.47,28.45,28.19,43.53,1008.88
4785,430.56,28.44,28.18,43.53,1008.88
4786,430.65,28.45,28.18,43.54,1008.88
4787,430.74,28.45,28.17,43.54,1008.88
4788,430.83,28.45,28.16,43.53,1008.88
4789,430.92,28.45,28.15,43.51,1008.88
4790,431.01,28.45,28.15,43.51,1008.88
4791,431.10,28.45,28.14,43.52,1008.88
4792,431.19,28.45,28.13,43.52,1008.88
4793,431.28,28.45,28.13,43.51,1008.88
4794,431.37,28.45,28.13,43.51,1008.88
4795,431.46,28.45,28.13,43.50,1008.88
4796,431.55,28.45,28.12,43.51,1008.88
4797,431.64,28.45,28.12,43.53,1008.88
4798,431.73,28.45,28.12,43.51,1008.88
4799,431.82,28.45,28.12,43.50,1008.88
4800,431.91,28.45,28.11,43.52,1008.88
4801,432.00,28.45,28.11,43.50,1008.88
4802,432.09,28.44,28.11,43.49,1008.88
4803,432.18,28.45,28.10,43.50,1008.88
4804,432.27,28.45,28.10,43.53,1008.88
4805,432.36,28.45,28.10,43.53,1008.88
4806,432.45,28.45,28.10,43.53,1008.88
4807,432.54,28.45,28.10,43.53,1008.88
4808,432.63,28.44,28.10,43.56,1008.88
4809,432.72,28.44,28.11,43.55,1008.88
4810,432.81,28.44,28.11,43.54,1008.88
4811,432.90,28.45,28.10,43.52,1008.88
4812,432.99,28.44,28.11,43.52,1008.88
4813,433.08,28.45,28.11,43.54,1008.88
4814,433.17,28.45,28.11,43.54,1008.88
4815,433.26,28.45,28.11,43.56,1008.88
4816,433.35,28.45,28.10,43.56,1008.88
4817,433.44,28.44,28.10,43.57,1008.88
4818,433.53,28.44,28.10,43.56,1008.88
4819,433.62,28.44,28.10,43.56,1008.88
4820,433.71,28.44,28.10,43.56,1008.88
4821,433.80,28.44,28.09,43.57,1008.88
4822,433.89,28.44,28.08,43.57,1008.88
4823,433.98,28.44,28.09,43.58,1008.88
4824,434.07,28.43,28.09,43.57,1008.88
4825,434.16,28.43,28.09,43.56,1008.88
4826,434.25,28.43,28.09,43.55,1008.88
4827,434.34,28.43,28.09,43.55,1008.88
4828,434.43,28.43,28.10,43.53,1008.88
4829,434.52,28.44,28.11,43.53,1008.88
4830,434.61,28.44,28.11,43.53,1008.88
4831,434.70,28.43,28.11,43.54,1008.88
4832,434.79,28.43,28.12,43.54,1008.88
4833,434.88,28.43,28.12,43.53,1008.88
4834,434.97,28.43,28.13,43.53,1008.88
4835,435.06,28.43,28.14,43.54,1008.88
4836,435.15,28.43,28.15,43.54,1008.88
4837,435.24,28.43,28.14,43.56,1008.88
4838,435.33,28.43,28.14,43.56,1008.88
4839,435.42,28.43,28.15,43.57,1008.88
4840,435.51,28.43,28.15,43.56,1008.88
4841,435.60,28.43,28.15,43.54,1008.89
4842,435.69,28.42,28.14,43.54,1008.89
4843,435.78,28.42,28.14,43.54,1008.89
4844,435.87,28.43,28.14,43.54,1008.89
4845,435.96,28.42,28.14,43.54,1008.89
4846,436.05,28.43,28.15,43.55,1008.89
4847,436.14,28.43,28.14,43.55,1008.89
4848,436.23,28.43,28.14,43.57,1008.89
4849,436.32,28.43,28.15,43.55,1008.89
4850,436.41,28.43,28.15,43.55,1008.89
4851,436.50,28.43,28.15,43.56,1008.89
4852,436.59,28.42,28.15,43.57,1008.89
4853,436.68,28.43,28.15,43.56,1008.89
4854,436.77,28.43,28.16,43.56,1008.89
4855,436.86,28.43,28.16,43.57,1008.89
4856,436.95,28.43,28.17,43.56,1008.88
4857,437.04,28.43,28.16,43.55,1008.88
4858,437.13,28.42,28.17,43.56,1008.89
4859,437.22,28.42,28.17,43.57,1008.89
4860,437.31,28.42,28.17,43.57,1008.89
4861,437.40,28.42,28.17,43.55,1008.89
4862,437.49,28.42,28.17,43.55,1008.89
4863,437.58,28.42,28.16,43.55,1008.89
4864,437.67,28.42,28.16,43.55,1008.89
4865,437.76,28.42,28.17,43.54,1008.89
4866,437.85,28.42,28.17,43.55,1008.88
4867,437.94,28.42,28.17,43.55,1008.88
4868,438.03,28.42,28.16,43.56,1008.88
4869,438.12,28.42,28.16,43.57,1008.88
4870,438.21,28.41,28.16,43.57,1008.88
4871,438.30,28.41,28.16,43.58,1008.88
4872,438.39,28.41,28.16,43.59,1008.88
4873,438.48,28.42,28.17,43.59,1008.88
4874,438.57,28.42,28.17,43.57,1008.88
4875,438.66,28.42,28.16,43.56,1008.88
4876,438.75,28.42,28.16,43.59,1008.88
4877,438.84,28.43,28.15,43.60,1008.88
4878,438.93,28.43,28.16,43.59,1008.88
4879,439.02,28.43,28.16,43.58,1008.88
4880,439.11,28.43,28.15,43.56,1008.88
4881,439.20,28.43,28.16,43.56,1008.88
4882,439.29,28.43,28.16,43.57,1008.88
4883,439.38,28.42,28.15,43.58,1008.88
4884,439.47,28.42,28.15,43.59,1008.88
4885,439.56,28.42,28.16,43.59,1008.87
4886,439.65,28.42,28.16,43.58,1008.87
4887,439.74,28.42,28.16,43.59,1008.87
4888,439.83,28.42,28.16,43.60,1008.87
4889,439.92,28.42,28.16,43.59,1008.87
4890,440.01,28.42,28.16,43.59,1008.87
4891,440.10,28.41,28.15,43.61,1008.87
4892,440.19,28.41,28.15,43.61,1008.87
4893,440.28,28.41,28.15,43.62,1008.88
4894,440.37,28.41,28.15,43.61,1008.88
4895,440.46,28.41,28.15,43.62,1008.89
4896,440.55,28.41,28.15,43.62,1008.89
4897,440.64,28.41,28.15,43.62,1008.89
4898,440.73,28.41,28.15,43.61,1008.89
4899,440.82,28.41,28.16,43.61,1008.89
4900,440.91,28.42,28.16,43.60,1008.89
4901,441.00,28.41,28.16,43.59,1008.89
4902,441.09,28.42,28.16,43.60,1008.89
4903,441.18,28.41,28.16,43.59,1008.89
4904,441.27,28.42,28.16,43.58,1008.89
4905,441.36,28.42,28.16,43.56,1008.89
4906,441.45,28.42,28.16,43.56,1008.89
4907,441.54,28.41,28.17,43.57,1008.89
4908,441.63,28.41,28.16,43.55,1008.89
4909,441.72,28.47,28.16,43.55,1008.89
4910,441.81,28.41,28.16,43.55,1008.89
4911,441.90,28.41,28.16,43.54,1008.89
4912,441.99,28.41,28.16,43.54,1008.89
4913,442.08,28.42,28.16,43.53,1008.89
4914,442.17,28.42,28.16,43.55,1008.89
4915,442.26,28.42,28.16,43.55,1008.89
4916,442.35,28.42,28.16,43.54,1008.89
4917,442.44,28.42,28.16,43.52,1008.89
4918,442.53,28.42,28.16,43.52,1008.89
4919,442.62,28.42,28.16,43.52,1008.90
4920,442.71,28.41,28.16,43.51,1008.90
4921,442.80,28.41,28.15,43.52,1008.89
4922,442.89,28.41,28.15,43.52,1008.89
4923,442.98,28.41,28.15,43.51,1008.89
4924,443.07,28.41,28.14,43.51,1008.89
4925,443.16,28.41,28.14,43.51,1008.89
4926,443.25,28.41,28.14,43.50,1008.89
4927,443.34,28.41,28.15,43.51,1008.89
4928,443.43,28.41,28.15,43.49,1008.89
4929,443.52,28.41,28.14,43.48,1008.89
4930,443.61,28.41,28.15,43.47,1008.90
4931,443.70,28.40,28.14,43.47,1008.89
4932,443.79,28.40,28.13,43.46,1008.89
4933,443.88,28.40,28.14,43.46,1008.89
4934,443.97,28.40,28.14,43.47,1008.89
4935,444.06,28.40,28.14,43.47,1008.89
4936,444.15,28.40,28.14,43.45,1008.89
4937,444.24,28.40,28.15,43.48,1008.89
4938,444.33,28.40,28.15,43.47,1008.88
4939,444.42,28.39,28.15,43.49,1008.88
4940,444.51,28.39,28.14,43.50,1008.89
4941,444.60,28.39,28.15,43.51,1008.89
4942,444.69,28.39,28.14,43.50,1008.89
4943,444.78,28.39,28.14,43.50,1008.89
4944,444.87,28.39,28.14,43.51,1008.89
4945,444.96,28.39,28.13,43.50,1008.89
4946,445.05,28.39,28.13,43.49,1008.88
4947,445.14,28.38,28.13,43.52,1008.88
4948,445.23,28.38,28.12,43.51,1008.88
4949,445.32,28.38,28.12,43.51,1008.88
4950,445.41,28.38,28.12,43.53,1008.88
4951,445.50,28.38,28.12,43.52,1008.88
4952,445.59,28.38,28.12,43.52,1008.88
4953,445.68,28.38,28.11,43.53,1008.88
4954,445.77,28.37,28.12,43.54,1008.88
4955,445.86,28.37,28.11,43.53,1008.88
4956,445.95,28.37,28.12,43.54,1008.88
4957,446.04,28.38,28.12,43.55,1008.88
4958,446.13,28.37,28.13,43.55,1008.88
4959,446.22,28.37,28.12,43.57,1008.88
4960,446.31,28.37,28.12,43.58,1008.88
4961,446.40,28.37,28.12,43.60,1008.88
4962,446.49,28.37,28.12,43.59,1008.88
4963,446.58,28.38,28.13,43.59,1008.88
4964,446.67,28.39,28.13,43.62,1008.89
4965,446.76,28.39,28.13,43.63,1008.89
4966,446.85,28.39,28.13,43.63,1008.89
4967,446.94,28.38,28.13,43.66,1008.89
4968,447.03,28.38,28.13,43.66,1008.89
4969,447.12,28.38,28.13,43.65,1008.89
4970,447.21,28.38,28.13,43.67,1008.89
4971,447.30,28.38,28.13,43.68,1008.89
4972,447.39,28.38,28.12,43.66,1008.89
4973,447.48,28.38,28.13,43.68,1008.89
4974,447.57,28.37,28.13,43.69,1008.89
4975,447.66,28.37,28.14,43.65,1008.89
4976,447.75,28.36,28.14,43.64,1008.90
4977,447.84,28.35,28.14,43.64,1008.90
4978,447.93,28.34,28.14,43.65,1008.90
4979,448.02,28.34,28.14,43.65,1008.90
4980,448.11,28.34,28.13,43.66,1008.90
4981,448.20,28.33,28.12,43.66,1008.90
4982,448.29,28.32,28.12,43.65,1008.90
4983,448.38,28.32,28.12,43.65,1008.90
4984,448.47,28.33,28.12,43.64,1008.89
4985,448.56,28.33,28.13,43.63,1008.89
4986,448.65,28.35,28.13,43.64,1008.89
4987,448.74,28.36,28.13,43.63,1008.89
4988,448.83,28.37,28.14,43.64,1008.89
4989,448.92,28.38,28.13,43.65,1008.90
4990,449.01,28.38,28.14,43.67,1008.90
4991,449.10,28.38,28.13,43.67,1008.90
4992,449.19,28.38,28.14,43.67,1008.90
4993,449.28,28.39,28.13,43.66,1008.90
4994,449.37,28.39,28.13,43.66,1008.90
4995,449.46,28.39,28.14,43.66,1008.90
4996,449.55,28.39,28.14,43.67,1008.90
4997,449.64,28.40,28.14,43.65,1008.90
4998,449.73,28.40,28.14,43.64,1008.90
4999,449.82,28.39,28.14,43.63,1008.89
5000,449.91,28.39,28.13,43.65,1008.89
5001,450.00,28.40,28.13,43.64,1008.89
5002,450.09,28.41,28.13,43.63,1008.89
5003,450.18,28.41,28.14,43.65,1008.89
5004,450.27,28.41,28.13,43.64,1008.89
5005,450.36,28.42,28.13,43.62,1008.89
5006,450.45,28.42,28.13,43.63,1008.89
5007,450.54,28.42,28.13,43.62,1008.89
5008,450.63,28.43,28.13,43.64,1008.89
5009,450.72,28.44,28.13,43.62,1008.89
5010,450.81,28.44,28.14,43.61,1008.89
5011,450.90,28.44,28.13,43.60,1008.89
5012,450.99,28.44,28.13,43.60,1008.89
5013,451.08,28.44,28.13,43.58,1008.89
5014,451.17,28.44,28.13,43.59,1008.89
5015,451.26,28.44,28.13,43.57,1008.89
5016,451.35,28.44,28.13,43.56,1008.89
5017,451.44,28.43,28.13,43.57,1008.89
5018,451.53,28.43,28.13,43.58,1008.89
5019,451.62,28.43,28.13,43.57,1008.89
5020,451.71,28.43,28.13,43.56,1008.89
5021,451.80,28.43,28.13,43.57,1008.89
5022,451.89,28.43,28.12,43.54,1008.89
5023,451.98,28.42,28.13,43.54,1008.89
5024,452.07,28.42,28.13,43.56,1008.89
5025,452.16,28.41,28.13,43.55,1008.89
5026,452.25,28.41,28.12,43.52,1008.89
5027,452.34,28.40,28.13,43.52,1008.89
5028,452.43,28.40,28.13,43.50,1008.89
5029,452.52,28.39,28.12,43.52,1008.89
5030,452.61,28.38,28.11,43.52,1008.89
5031,452.70,28.39,28.11,43.52,1008.89
5032,452.79,28.38,28.11,43.51,1008.89
5033,452.88,28.38,28.11,43.51,1008.89
5034,452.97,28.38,28.02,43.53,1008.89
5035,453.06,28.37,28.07,43.53,1008.89
5036,453.15,28.37,28.08,43.53,1008.89
5037,453.24,28.37,28.10,43.53,1008.89
5038,453.33,28.37,28.10,43.52,1008.89
5039,453.42,28.37,28.10,43.52,1008.89
5040,453.51,28.37,28.10,43.51,1008.89
5041,453.60,28.37,28.10,43.50,1008.89
5042,453.69,28.37,28.10,43.50,1008.89
5043,453.78,28.38,28.10,43.49,1008.90
5044,453.87,28.38,28.11,43.50,1008.89
5045,453.96,28.37,28.11,43.51,1008.90
5046,454.05,28.37,28.10,43.51,1008.90
5047,454.14,28.37,28.11,43.49,1008.90
5048,454.23,28.36,28.11,43.48,1008.90
5049,454.32,28.37,28.11,43.46,1008.90
5050,454.41,28.36,28.11,43.44,1008.90
5051,454.50,28.36,28.11,43.45,1008.90
5052,454.59,28.36,28.11,43.46,1008.90
5053,454.68,28.36,28.11,43.47,1008.91
5054,454.77,28.36,28.11,43.46,1008.90
5055,454.86,28.36,28.11,43.45,1008.90
5056,454.95,28.36,28.11,43.47,1008.90
5057,455.04,28.36,28.12,43.47,1008.90
5058,455.13,28.36,28.11,43.48,1008.90
5059,455.22,28.36,28.11,43.45,1008.90
5060,455.31,28.36,28.11,43.45,1008.90
5061,455.40,28.36,28.11,43.44,1008.89
5062,455.49,28.36,28.11,43.46,1008.89
5063,455.58,28.35,28.11,43.47,1008.89
5064,455.67,28.36,28.12,43.49,1008.89
5065,455.76,28.36,28.11,43.49,1008.89
5066,455.85,28.36,28.11,43.49,1008.89
5067,455.94,28.36,28.11,43.47,1008.89
5068,456.03,28.35,28.11,43.48,1008.89
5069,456.12,28.35,28.11,43.49,1008.89
5070,456.21,28.35,28.11,43.48,1008.89
5071,456.30,28.35,28.10,43.49,1008.89
5072,456.39,28.35,28.11,43.51,1008.89
5073,456.48,28.35,28.11,43.50,1008.89
5074,456.57,28.36,28.11,43.49,1008.89
5075,456.66,28.35,28.11,43.50,1008.89
5076,456.75,28.36,28.10,43.49,1008.88
5077,456.84,28.35,28.10,43.47,1008.89
5078,456.93,28.36,28.10,43.50,1008.88
5079,457.02,28.35,28.10,43.48,1008.88
5080,457.11,28.35,28.10,43.48,1008.88
5081,457.20,28.36,28.11,43.48,1008.88
5082,457.29,28.36,28.11,43.49,1008.88
5083,457.38,28.35,28.11,43.50,1008.88
5084,457.47,28.35,28.11,43.50,1008.88
5085,457.56,28.35,28.10,43.50,1008.88
5086,457.65,28.35,28.09,43.51,1008.88
5087,457.74,28.36,28.09,43.50,1008.88
5088,457.83,28.35,28.09,43.49,1008.88
5089,457.92,28.35,28.10,43.48,1008.88
5090,458.01,28.35,28.09,43.48,1008.88
5091,458.10,28.35,28.09,43.50,1008.88
5092,458.19,28.36,28.09,43.52,1008.88
5093,458.28,28.36,28.09,43.51,1008.88
5094,458.37,28.36,28.09,43.52,1008.88
5095,458.46,28.36,28.09,43.52,1008.88
5096,458.55,28.36,28.09,43.48,1008.88
5097,458.64,28.36,28.09,43.47,1008.88
5098,458.73,28.35,28.09,43.46,1008.88
5099,458.82,28.35,28.09,43.46,1008.88
5100,458.91,28.35,28.09,43.46,1008.88
5101,459.00,28.35,28.09,43.45,1008.88
5102,459.09,28.35,28.09,43.43,1008.88
5103,459.18,28.35,28.09,43.43,1008.88
5104,459.27,28.35,28.09,43.44,1008.88
5105,459.36,28.35,28.09,43.47,1008.88
5106,459.45,28.35,28.09,43.50,1008.88
5107,459.54,28.35,28.09,43.50,1008.88
5108,459.63,28.35,28.09,43.49,1008.88
5109,459.72,28.35,28.08,43.49,1008.88
5110,459.81,28.35,28.09,43.48,1008.88
5111,459.90,28.35,28.09,43.49,1008.88
5112,459.99,28.35,28.08,43.50,1008.88
5113,460.08,28.35,28.08,43.51,1008.88
5114,460.17,28.35,28.08,43.50,1008.88
5115,460.26,28.35,28.08,43.49,1008.88
5116,460.35,28.34,28.08,43.51,1008.88
5117,460.44,28.35,28.08,43.54,1008.88
5118,460.53,28.34,28.08,43.55,1008.87
5119,460.62,28.34,28.08,43.54,1008.88
5120,460.71,28.34,28.09,43.54,1008.88
5121,460.80,28.35,28.08,43.54,1008.88
5122,460.89,28.34,28.08,43.53,1008.88
5123,460.98,28.34,28.08,43.54,1008.88
5124,461.07,28.35,28.08,43.54,1008.88
5125,461.16,28.35,28.08,43.55,1008.88
5126,461.25,28.34,28.08,43.55,1008.88
5127,461.34,28.33,28.08,43.56,1008.88
5128,461.43,28.33,28.08,43.58,1008.88
5129,461.52,28.33,28.08,43.57,1008.88
5130,461.61,28.32,28.08,43.57,1008.88
5131,461.70,28.32,28.07,43.56,1008.88
5132,461.79,28.32,28.08,43.54,1008.88
5133,461.88,28.32,28.07,43.51,1008.88
5134,461.97,28.32,28.07,43.48,1008.88
5135,462.06,28.32,28.07,43.49,1008.88
5136,462.15,28.33,28.08,43.48,1008.88
5137,462.24,28.33,28.07,43.50,1008.88
5138,462.33,28.33,28.08,43.50,1008.88
5139,462.42,28.33,28.08,43.49,1008.88
5140,462.51,28.34,28.07,43.50,1008.88
5141,462.60,28.33,28.08,43.50,1008.88
5142,462.69,28.33,28.08,43.48,1008.88
5143,462.78,28.33,28.07,43.49,1008.88
5144,462.87,28.34,28.07,43.50,1008.88
5145,462.96,28.33,28.07,43.50,1008.88
5146,463.05,28.34,28.06,43.49,1008.88
5147,463.14,28.33,28.07,43.47,1008.87
5148,463.23,28.34,28.08,43.46,1008.87
5149,463.32,28.34,28.08,43.47,1008.87
5150,463.41,28.34,28.08,43.47,1008.87
5151,463.50,28.33,28.07,43.46,1008.87
5152,463.59,28.33,28.08,43.46,1008.87
5153,463.68,28.33,28.09,43.45,1008.87
5154,463.77,28.34,28.09,43.46,1008.87
5155,463.86,28.33,28.08,43.46,1008.87
5156,463.95,28.33,28.08,43.45,1008.87
5157,464.04,28.33,28.08,43.47,1008.87
5158,464.13,28.33,28.07,43.49,1008.87
5159,464.22,28.34,28.07,43.49,1008.87
5160,464.31,28.34,28.07,43.48,1008.87
5161,464.40,28.34,28.06,43.47,1008.87
5162,464.49,28.34,28.07,43.46,1008.87
5163,464.58,28.34,28.07,43.47,1008.87
5164,464.67,28.34,28.07,43.47,1008.87
5165,464.76,28.34,28.08,43.47,1008.87
5166,464.85,28.33,28.08,43.49,1008.87
5167,464.94,28.34,28.08,43.49,1008.87
5168,465.03,28.35,28.08,43.49,1008.87
5169,465.12,28.35,28.08,43.48,1008.87
5170,465.21,28.34,28.08,43.48,1008.87
5171,465.30,28.35,28.09,43.48,1008.87
5172,465.39,28.35,28.09,43.48,1008.87
5173,465.48,28.34,28.10,43.49,1008.87
5174,465.57,28.34,28.11,43.49,1008.87
5175,465.66,28.35,28.11,43.50,1008.87
5176,465.75,28.34,28.11,43.51,1008.87
5177,465.84,28.34,28.12,43.52,1008.87
5178,465.93,28.34,28.12,43.52,1008.88
5179,466.02,28.34,28.12,43.53,1008.88
5180,466.11,28.34,28.13,43.53,1008.87
5181,466.20,28.34,28.13,43.53,1008.87
5182,466.29,28.34,28.13,43.51,1008.88
5183,466.38,28.33,28.13,43.53,1008.88
5184,466.47,28.33,28.14,43.53,1008.88
5185,466.56,28.33,28.14,43.52,1008.88
5186,466.65,28.33,28.13,43.49,1008.88
5187,466.74,28.33,28.14,43.48,1008.88
5188,466.83,28.32,28.14,43.46,1008.88
5189,466.92,28.33,28.14,43.46,1008.88
5190,467.01,28.32,28.14,43.45,1008.88
5191,467.10,28.32,28.14,43.45,1008.88
5192,467.19,28.32,28.14,43.44,1008.88
5193,467.28,28.32,28.14,43.46,1008.88
5194,467.37,28.32,28.15,43.48,1008.88
5195,467.46,28.32,28.14,43.49,1008.88
5196,467.55,28.32,28.14,43.50,1008.88
5197,467.64,28.32,28.14,43.49,1008.88
5198,467.73,28.32,28.14,43.49,1008.88
5199,467.82,28.32,28.14,43.48,1008.88
5200,467.91,28.32,28.14,43.48,1008.88
5201,468.00,28.32,28.14,43.48,1008.88
5202,468.09,28.32,28.14,43.48,1008.88
5203,468.18,28.32,28.14,43.48,1008.88
5204,468.27,28.33,28.14,43.50,1008.89
5205,468.36,28.32,28.13,43.51,1008.89
5206,468.45,28.33,28.12,43.51,1008.89
5207,468.54,28.33,28.13,43.51,1008.89
5208,468.63,28.33,28.13,43.50,1008.89
5209,468.72,28.33,28.13,43.50,1008.89
5210,468.81,28.33,28.13,43.50,1008.89
5211,468.90,28.33,28.13,43.48,1008.89
5212,468.99,28.33,28.12,43.51,1008.89
5213,469.08,28.33,28.12,43.51,1008.89
5214,469.17,28.33,28.11,43.53,1008.89
5215,469.26,28.33,28.10,43.52,1008.89
5216,469.35,28.33,28.10,43.53,1008.89
5217,469.44,28.33,28.10,43.54,1008.89
5218,469.53,28.33,28.10,43.55,1008.89
5219,469.62,28.32,28.09,43.56,1008.89
5220,469.71,28.32,28.09,43.58,1008.89
5221,469.80,28.32,28.09,43.56,1008.89
5222,469.89,28.32,28.09,43.56,1008.89
5223,469.98,28.32,28.09,43.55,1008.89
5224,470.07,28.32,28.08,43.56,1008.89
5225,470.16,28.32,28.08,43.56,1008.89
5226,470.25,28.32,28.09,43.54,1008.89
5227,470.34,28.32,28.08,43.54,1008.89
5228,470.43,28.32,28.07,43.52,1008.89
5229,470.52,28.32,28.07,43.52,1008.89
5230,470.61,28.32,28.07,43.51,1008.89
5231,470.70,28.32,28.07,43.52,1008.89
5232,470.79,28.32,28.06,43.50,1008.89
5233,470.88,28.32,28.06,43.50,1008.89
5234,470.97,28.31,28.06,43.48,1008.89
5235,471.06,28.31,28.06,43.49,1008.89
5236,471.15,28.31,28.06,43.49,1008.89
5237,471.24,28.31,28.06,43.49,1008.89
5238,471.33,28.31,28.06,43.47,1008.89
5239,471.42,28.31,28.05,43.47,1008.89
5240,471.51,28.31,28.05,43.48,1008.89
5241,471.60,28.30,28.05,43.49,1008.89
5242,471.69,28.30,28.06,43.49,1008.89
5243,471.78,28.30,28.05,43.49,1008.89
5244,471.87,28.30,28.05,43.49,1008.89
5245,471.96,28.31,28.05,43.49,1008.89
5246,472.05,28.31,28.05,43.47,1008.89
5247,472.14,28.31,28.05,43.47,1008.89
5248,472.23,28.31,28.05,43.46,1008.89
5249,472.32,28.31,28.05,43.47,1008.89
5250,472.41,28.31,28.05,43.45,1008.89
5251,472.50,28.31,28.05,43.45,1008.89
5252,472.59,28.31,28.05,43.43,1008.90
5253,472.68,28.31,28.05,43.43,1008.89
5254,472.77,28.31,28.06,43.41,1008.89
5255,472.86,28.31,28.06,43.40,1008.90
5256,472.95,28.30,28.06,43.42,1008.90
5257,473.04,28.30,28.07,43.40,1008.90
5258,473.13,28.30,28.07,43.40,1008.90
5259,473.22,28.30,28.07,43.41,1008.90
5260,473.31,28.30,28.07,43.41,1008.90
5261,473.40,28.30,28.07,43.43,1008.90
5262,473.49,28.30,28.06,43.44,1008.90
5263,473.58,28.30,28.06,43.44,1008.90
5264,473.67,28.30,28.05,43.45,1008.90
5265,473.76,28.30,28.06,43.46,1008.90
5266,473.85,28.30,28.06,43.44,1008.90
5267,473.94,28.30,28.06,43.44,1008.91
5268,474.03,28.31,28.06,43.43,1008.91
5269,474.12,28.31,28.06,43.43,1008.90
5270,474.21,28.30,28.06,43.43,1008.90
5271,474.30,28.31,28.06,43.42,1008.90
5272,474.39,28.30,28.06,43.42,1008.90
5273,474.48,28.30,28.05,43.39,1008.90
5274,474.57,28.30,28.05,43.38,1008.90
5275,474.66,28.29,28.06,43.39,1008.90
5276,474.75,28.30,28.06,43.37,1008.90
5277,474.84,28.30,28.07,43.36,1008.90
5278,474.93,28.30,28.07,43.35,1008.90
5279,475.02,28.31,28.06,43.37,1008.90
5280,475.11,28.31,28.06,43.37,1008.90
5281,475.20,28.31,28.06,43.38,1008.90
5282,475.29,28.31,28.06,43.40,1008.90
5283,475.38,28.31,28.05,43.41,1008.90
5284,475.47,28.31,28.06,43.42,1008.90
5285,475.56,28.31,28.06,43.43,1008.90
5286,475.65,28.31,28.05,43.43,1008.90
5287,475.74,28.31,28.05,43.42,1008.90
5288,475.83,28.31,28.06,43.43,1008.90
5289,475.92,28.32,28.06,43.42,1008.90
5290,476.01,28.31,28.06,43.41,1008.90
5291,476.10,28.31,28.06,43.43,1008.90
5292,476.19,28.31,28.06,43.46,1008.90
5293,476.28,28.31,28.06,43.47,1008.90
5294,476.37,28.31,28.06,43.47,1008.90
5295,476.46,28.31,28.06,43.44,1008.90
5296,476.55,28.31,28.06,43.45,1008.90
5297,476.64,28.31,28.05,43.44,1008.90
5298,476.73,28.31,28.06,43.41,1008.90
5299,476.82,28.31,28.06,43.43,1008.90
5300,476.91,28.31,28.06,43.44,1008.90
5301,477.00,28.31,28.06,43.43,1008.90
5302,477.09,28.31,28.06,43.43,1008.90
5303,477.18,28.31,28.07,43.42,1008.90
5304,477.27,28.31,28.07,43.43,1008.90
5305,477.36,28.31,28.06,43.43,1008.90
5306,477.45,28.31,28.06,43.43,1008.90
5307,477.54,28.31,28.05,43.44,1008.90
5308,477.63,28.31,28.05,43.43,1008.90
5309,477.72,28.32,28.05,43.47,1008.90
5310,477.81,28.31,28.05,43.46,1008.90
5311,477.90,28.32,28.05,43.45,1008.90
5312,477.99,28.32,28.05,43.47,1008.89
5313,478.08,28.31,28.05,43.47,1008.89
5314,478.17,28.31,28.05,43.47,1008.89
5315,478.26,28.31,28.05,43.46,1008.89
5316,478.35,28.31,28.06,43.46,1008.89
5317,478.44,28.31,28.06,43.45,1008.89
5318,478.53,28.31,28.06,43.45,1008.89
5319,478.62,28.30,28.05,43.45,1008.89
5320,478.71,28.31,28.05,43.45,1008.89
5321,478.80,28.31,28.06,43.44,1008.89
5322,478.89,28.31,28.06,43.44,1008.89
5323,478.98,28.31,28.05,43.45,1008.89
5324,479.07,28.31,28.05,43.42,1008.89
5325,479.16,28.31,28.05,43.42,1008.89
5326,479.25,28.31,28.05,43.43,1008.89
5327,479.34,28.31,28.05,43.43,1008.88
5328,479.43,28.31,28.05,43.43,1008.88
5329,479.52,28.30,28.05,43.43,1008.88
5330,479.61,28.30,28.04,43.42,1008.88
5331,479.70,28.30,28.04,43.40,1008.88
5332,479.79,28.30,28.04,43.41,1008.88
5333,479.88,28.30,28.04,43.42,1008.88
5334,479.97,28.31,28.05,43.40,1008.88
5335,480.06,28.31,28.05,43.40,1008.88
5336,480.15,28.31,28.05,43.39,1008.88
5337,480.24,28.31,28.05,43.38,1008.88
5338,480.33,28.31,28.05,43.36,1008.88
5339,480.42,28.31,28.04,43.39,1008.88
5340,480.51,28.31,28.04,43.38,1008.88
5341,480.60,28.30,28.05,43.38,1008.88
5342,480.69,28.30,28.04,43.40,1008.88
5343,480.78,28.30,28.04,43.40,1008.88
5344,480.87,28.30,28.04,43.38,1008.88
5345,480.96,28.30,28.04,43.38,1008.88
5346,481.05,28.30,28.04,43.39,1008.88
5347,481.14,28.30,28.04,43.37,1008.88
5348,481.23,28.30,28.04,43.38,1008.88
5349,481.32,28.29,28.04,43.38,1008.88
5350,481.41,28.29,28.05,43.38,1008.88
5351,481.50,28.29,28.05,43.38,1008.88
5352,481.59,28.29,28.05,43.37,1008.88
5353,481.68,28.30,28.05,43.36,1008.88
5354,481.77,28.29,28.05,43.36,1008.88
5355,481.86,28.29,28.05,43.33,1008.88
5356,481.95,28.29,28.05,43.32,1008.88
5357,482.04,28.29,28.05,43.31,1008.88
5358,482.13,28.29,28.05,43.31,1008.88
5359,482.22,28.29,28.06,43.31,1008.88
5360,482.31,28.28,28.06,43.33,1008.88
5361,482.40,28.28,28.05,43.32,1008.88
5362,482.49,28.28,28.05,43.32,1008.88
5363,482.58,28.28,28.04,43.33,1008.88
5364,482.67,28.27,28.04,43.33,1008.88
5365,482.76,28.27,28.05,43.36,1008.88
5366,482.85,28.27,28.04,43.36,1008.88
5367,482.94,28.27,28.04,43.38,1008.88
5368,483.03,28.27,28.04,43.39,1008.89
5369,483.12,28.27,28.05,43.40,1008.89
5370,483.21,28.27,28.04,43.41,1008.89
5371,483.30,28.27,28.05,43.40,1008.88
5372,483.39,28.26,28.05,43.41,1008.88
5373,483.48,28.27,28.05,43.42,1008.88
5374,483.57,28.27,28.05,43.43,1008.88
5375,483.66,28.27,28.06,43.41,1008.88
5376,483.75,28.27,28.06,43.41,1008.88
5377,483.84,28.27,28.05,43.41,1008.88
5378,483.93,28.27,28.05,43.40,1008.88
5379,484.02,28.27,28.05,43.40,1008.88
5380,484.11,28.28,28.05,43.39,1008.88
5381,484.20,28.27,28.05,43.37,1008.88
5382,484.29,28.28,28.04,43.36,1008.88
5383,484.38,28.27,28.04,43.37,1008.88
5384,484.47,28.28,28.03,43.36,1008.88
5385,484.56,28.28,28.02,43.37,1008.88
5386,484.65,28.27,28.03,43.36,1008.88
5387,484.74,28.28,28.03,43.39,1008.88
5388,484.83,28.27,28.03,43.39,1008.88
5389,484.92,28.27,28.04,43.36,1008.88
5390,485.01,28.27,28.03,43.36,1008.88
5391,485.10,28.28,28.03,43.36,1008.88
5392,485.19,28.28,28.02,43.36,1008.88
5393,485.28,28.28,28.02,43.36,1008.88
5394,485.37,28.27,28.03,43.34,1008.88
5395,485.46,28.27,28.02,43.35,1008.88
5396,485.55,28.27,28.02,43.35,1008.87
5397,485.64,28.27,28.03,43.36,1008.88
5398,485.73,28.27,28.04,43.36,1008.87
5399,485.82,28.26,28.03,43.35,1008.88
5400,485.91,28.27,28.03,43.35,1008.87
5401,486.00,28.27,28.03,43.34,1008.87
5402,486.09,28.27,28.02,43.36,1008.87
5403,486.18,28.27,28.03,43.39,1008.87
5404,486.27,28.27,28.02,43.38,1008.87
5405,486.36,28.27,28.02,43.41,1008.87
5406,486.45,28.27,28.02,43.41,1008.87
5407,486.54,28.27,28.03,43.41,1008.87
5408,486.63,28.27,28.03,43.40,1008.87
5409,486.72,28.27,28.03,43.39,1008.87
5410,486.81,28.27,28.02,43.41,1008.87
5411,486.90,28.28,28.03,43.41,1008.87
5412,486.99,28.28,28.02,43.42,1008.87
5413,487.08,28.28,28.02,43.41,1008.87
5414,487.17,28.28,28.02,43.41,1008.87
5415,487.26,28.28,28.08,43.41,1008.87
5416,487.35,28.28,28.03,43.41,1008.88
5417,487.44,28.28,28.04,43.43,1008.88
5418,487.53,28.28,28.01,43.43,1008.88
5419,487.62,28.28,28.02,43.43,1008.88
5420,487.71,28.28,28.02,43.41,1008.88
5421,487.80,28.28,28.02,43.40,1008.88
5422,487.89,28.28,28.03,43.41,1008.88
5423,487.98,28.28,28.03,43.40,1008.88
5424,488.07,28.28,28.03,43.41,1008.88
5425,488.16,28.28,28.03,43.41,1008.88
5426,488.25,28.28,28.03,43.42,1008.88
5427,488.34,28.28,28.03,43.41,1008.88
5428,488.43,28.28,28.03,43.39,1008.88
5429,488.52,28.28,28.03,43.37,1008.88
5430,488.61,28.27,28.03,43.36,1008.88
5431,488.70,28.28,28.03,43.36,1008.88
5432,488.79,28.28,28.04,43.36,1008.88
5433,488.88,28.28,28.04,43.37,1008.88
5434,488.97,28.27,28.04,43.38,1008.88
5435,489.06,28.27,28.03,43.36,1008.88
5436,489.15,28.27,28.03,43.37,1008.88
5437,489.24,28.27,28.03,43.37,1008.88
5438,489.33,28.27,28.02,43.37,1008.88
5439,489.42,28.27,28.02,43.37,1008.88
5440,489.51,28.27,28.01,43.36,1008.88
5441,489.60,28.27,28.02,43.37,1008.88
5442,489.69,28.27,28.02,43.37,1008.88
5443,489.78,28.27,28.01,43.36,1008.88
5444,489.87,28.27,28.01,43.37,1008.88
5445,489.96,28.27,28.01,43.39,1008.89
5446,490.05,28.27,28.01,43.39,1008.89
5447,490.14,28.27,28.01,43.39,1008.88
5448,490.23,28.27,28.01,43.39,1008.89
5449,490.32,28.27,28.01,43.41,1008.89
5450,490.41,28.26,28.01,43.41,1008.89
5451,490.50,28.26,28.01,43.41,1008.89
5452,490.59,28.26,28.00,43.42,1008.89
5453,490.68,28.26,28.01,43.43,1008.89
5454,490.77,28.26,28.01,43.42,1008.89
5455,490.86,28.26,28.01,43.42,1008.89
5456,490.95,28.26,28.01,43.43,1008.89
5457,491.04,28.26,28.02,43.42,1008.89
5458,491.13,28.26,28.02,43.43,1008.89
5459,491.22,28.26,28.01,43.42,1008.89
5460,491.31,28.26,28.01,43.40,1008.89
5461,491.40,28.26,28.01,43.40,1008.89
5462,491.49,28.26,28.01,43.41,1008.89
5463,491.58,28.26,28.00,43.40,1008.89
5464,491.67,28.26,28.01,43.39,1008.89
5465,491.76,28.26,28.02,43.39,1008.90
5466,491.85,28.26,28.02,43.38,1008.90
5467,491.94,28.26,28.02,43.36,1008.90
5468,492.03,28.26,28.02,43.34,1008.90
5469,492.12,28.26,28.02,43.35,1008.90
5470,492.21,28.26,28.02,43.33,1008.90
5471,492.30,28.26,28.02,43.31,1008.90
5472,492.39,28.26,28.02,43.30,1008.89
5473,492.48,28.26,28.02,43.31,1008.89
5474,492.57,28.27,28.01,43.29,1008.89
5475,492.66,28.27,28.02,43.30,1008.89
5476,492.75,28.27,28.02,43.30,1008.89
5477,492.84,28.27,28.02,43.32,1008.89
5478,492.93,28.27,28.02,43.32,1008.89
5479,493.02,28.27,28.01,43.32,1008.90
5480,493.11,28.27,28.02,43.34,1008.90
5481,493.20,28.27,28.02,43.33,1008.89
5482,493.29,28.27,28.02,43.31,1008.89
5483,493.38,28.27,28.02,43.31,1008.89
5484,493.47,28.26,28.02,43.30,1008.89
5485,493.56,28.26,28.02,43.29,1008.89
5486,493.65,28.26,28.02,43.27,1008.89
5487,493.74,28.26,28.03,43.27,1008.89
5488,493.83,28.25,28.03,43.26,1008.89
5489,493.92,28.25,28.03,43.27,1008.89
5490,494.01,28.25,28.03,43.28,1008.89
5491,494.10,28.25,28.04,43.30,1008.89
5492,494.19,28.25,28.04,43.29,1008.89
5493,494.28,28.24,28.04,43.31,1008.89
5494,494.37,28.24,28.04,43.32,1008.89
5495,494.46,28.24,28.04,43.33,1008.89
5496,494.55,28.24,28.03,43.34,1008.89
5497,494.64,28.25,28.04,43.34,1008.89
5498,494.73,28.25,28.04,43.33,1008.89
5499,494.82,28.26,28.03,43.33,1008.88
5500,494.91,28.27,28.03,43.30,1008.88
5501,495.00,28.26,28.02,43.30,1008.89
5502,495.09,28.26,28.02,43.29,1008.88
5503,495.18,28.26,28.02,43.27,1008.89
5504,495.27,28.26,28.02,43.28,1008.89
5505,495.36,28.26,28.02,43.28,1008.88
5506,495.45,28.25,28.01,43.27,1008.89
5507,495.54,28.25,28.00,43.27,1008.89
5508,495.63,28.25,28.00,43.26,1008.89
5509,495.72,28.25,28.00,43.26,1008.89
5510,495.81,28.25,28.00,43.26,1008.89
5511,495.90,28.26,28.00,43.25,1008.89
5512,495.99,28.26,28.00,43.23,1008.89
5513,496.08,28.26,28.00,43.24,1008.89
5514,496.17,28.26,28.01,43.24,1008.89
5515,496.26,28.26,28.00,43.26,1008.89
5516,496.35,28.26,28.00,43.27,1008.89
5517,496.44,28.26,28.00,43.27,1008.89
5518,496.53,28.25,28.00,43.29,1008.89
5519,496.62,28.25,28.00,43.31,1008.89
5520,496.71,28.25,28.01,43.32,1008.89
5521,496.80,28.26,28.01,43.34,1008.89
5522,496.89,28.26,28.01,43.33,1008.89
5523,496.98,28.25,28.01,43.34,1008.89
5524,497.07,28.26,28.01,43.35,1008.89
5525,497.16,28.26,28.01,43.35,1008.89
5526,497.25,28.26,28.01,43.35,1008.89
5527,497.34,28.26,28.01,43.34,1008.89
5528,497.43,28.26,28.01,43.34,1008.89
5529,497.52,28.25,27.99,43.34,1008.89
5530,497.61,28.25,28.00,43.34,1008.89
5531,497.70,28.24,28.00,43.36,1008.89
5532,497.79,28.25,28.01,43.38,1008.89
5533,497.88,28.25,28.01,43.38,1008.90
5534,497.97,28.24,28.01,43.39,1008.90
5535,498.06,28.24,28.01,43.39,1008.90
5536,498.15,28.24,28.01,43.41,1008.89
5537,498.24,28.24,28.01,43.42,1008.90
5538,498.33,28.25,28.01,43.42,1008.90
5539,498.42,28.25,28.00,43.43,1008.90
5540,498.51,28.25,28.00,43.44,1008.89
5541,498.60,28.25,28.00,43.46,1008.89
5542,498.69,28.26,27.99,43.46,1008.89
5543,498.78,28.25,27.99,43.47,1008.89
5544,498.87,28.25,27.99,43.49,1008.89
5545,498.96,28.25,28.00,43.49,1008.89
5546,499.05,28.25,28.00,43.50,1008.89
5547,499.14,28.25,28.01,43.51,1008.89
5548,499.23,28.26,28.00,43.50,1008.89
5549,499.32,28.25,28.00,43.51,1008.89
5550,499.41,28.25,28.00,43.53,1008.89
5551,499.50,28.25,28.00,43.54,1008.88
5552,499.59,28.25,27.99,43.55,1008.88
5553,499.68,28.25,28.01,43.54,1008.88
5554,499.77,28.25,28.00,43.55,1008.88
5555,499.86,28.25,28.00,43.57,1008.88
5556,499.95,28.24,28.00,43.59,1008.88
5557,500.04,28.25,28.00,43.58,1008.88
5558,500.13,28.25,28.00,43.59,1008.88
5559,500.22,28.25,28.00,43.60,1008.88
5560,500.31,28.24,28.00,43.60,1008.88
5561,500.40,28.24,28.00,43.59,1008.88
5562,500.49,28.24,28.00,43.61,1008.88
5563,500.58,28.24,28.00,43.60,1008.88
5564,500.67,28.24,28.00,43.59,1008.88
5565,500.76,28.23,28.01,43.59,1008.87
5566,500.85,28.23,28.00,43.60,1008.87
5567,500.94,28.23,28.00,43.60,1008.87
5568,501.03,28.23,28.00,43.59,1008.87
5569,501.12,28.23,28.00,43.61,1008.86
5570,501.21,28.23,28.00,43.61,1008.86
5571,501.30,28.23,28.00,43.59,1008.85
5572,501.39,28.23,28.00,43.58,1008.85
5573,501.48,28.23,27.99,43.56,1008.86
5574,501.57,28.23,28.00,43.54,1008.86
5575,501.66,28.23,28.00,43.53,1008.87
5576,501.75,28.23,27.99,43.54,1008.87
5577,501.84,28.22,27.99,43.53,1008.87
5578,501.93,28.22,27.99,43.54,1008.88
5579,502.02,28.22,27.99,43.54,1008.88
5580,502.11,28.23,27.99,43.54,1008.88
5581,502.20,28.23,28.00,43.53,1008.88
5582,502.29,28.22,28.00,43.52,1008.88
5583,502.38,28.22,28.00,43.51,1008.88
5584,502.47,28.22,28.00,43.51,1008.88
5585,502.56,28.22,28.00,43.51,1008.88
5586,502.65,28.22,27.99,43.53,1008.89
5587,502.74,28.22,27.99,43.53,1008.89
5588,502.83,28.22,27.99,43.54,1008.89
5589,502.92,28.23,27.99,43.53,1008.89
5590,503.01,28.23,27.98,43.52,1008.88
5591,503.10,28.23,27.98,43.51,1008.88
5592,503.19,28.24,27.97,43.51,1008.88
5593,503.28,28.24,27.97,43.49,1008.88
5594,503.37,28.24,27.97,43.48,1008.89
5595,503.46,28.24,27.97,43.48,1008.89
5596,503.55,28.24,27.96,43.46,1008.89
5597,503.64,28.24,27.96,43.45,1008.89
5598,503.73,28.24,27.97,43.45,1008.89
5599,503.82,28.24,27.97,43.42,1008.89
5600,503.91,28.24,27.97,43.43,1008.89
5601,504.00,28.24,27.97,43.42,1008.89
5602,504.09,28.25,27.96,43.40,1008.89
5603,504.18,28.24,27.96,43.41,1008.89
5604,504.27,28.24,27.96,43.41,1008.89
5605,504.36,28.24,27.97,43.41,1008.89
5606,504.45,28.24,27.97,43.40,1008.89
5607,504.54,28.24,27.97,43.38,1008.88
5608,504.63,28.24,27.97,43.37,1008.89
5609,504.72,28.24,27.97,43.37,1008.88
5610,504.81,28.24,27.96,43.36,1008.88
5611,504.90,28.24,27.97,43.37,1008.88
5612,504.99,28.24,27.97,43.35,1008.88
5613,505.08,28.24,27.98,43.33,1008.88
5614,505.17,28.24,27.98,43.33,1008.88
5615,505.26,28.24,27.98,43.31,1008.88
5616,505.35,28.23,27.98,43.31,1008.88
5617,505.44,28.23,27.98,43.28,1008.88
5618,505.53,28.23,27.98,43.29,1008.88
5619,505.62,28.23,27.99,43.28,1008.88
5620,505.71,28.23,27.99,43.28,1008.88
5621,505.80,28.23,27.99,43.28,1008.87
5622,505.89,28.23,27.98,43.28,1008.88
5623,505.98,28.22,27.98,43.26,1008.88
5624,506.07,28.22,27.98,43.28,1008.88
5625,506.16,28.22,27.98,43.28,1008.88
5626,506.25,28.22,27.99,43.26,1008.88
5627,506.34,28.22,27.99,43.27,1008.88
5628,506.43,28.22,27.99,43.28,1008.88
5629,506.52,28.22,27.99,43.27,1008.88
5630,506.61,28.22,27.99,43.27,1008.87
5631,506.70,28.22,27.98,43.27,1008.87
5632,506.79,28.22,27.98,43.26,1008.87
5633,506.88,28.23,27.98,43.26,1008.87
5634,506.97,28.22,27.98,43.25,1008.88
5635,507.06,28.22,27.97,43.25,1008.88
5636,507.15,28.22,27.97,43.23,1008.88
5637,507.24,28.22,27.96,43.21,1008.88
5638,507.33,28.22,27.97,43.21,1008.88
5639,507.42,28.22,27.98,43.24,1008.88
5640,507.51,28.22,27.98,43.24,1008.88
5641,507.60,28.22,27.98,43.26,1008.88
5642,507.69,28.22,27.98,43.25,1008.88
5643,507.78,28.23,27.97,43.25,1008.88
5644,507.87,28.23,27.98,43.25,1008.88
5645,507.96,28.23,27.97,43.26,1008.88
5646,508.05,28.23,27.97,43.25,1008.88
5647,508.14,28.23,27.97,43.25,1008.88
5648,508.23,28.23,27.97,43.26,1008.88
5649,508.32,28.23,27.98,43.27,1008.88
5650,508.41,28.23,27.98,43.26,1008.89
5651,508.50,28.24,27.98,43.26,1008.89
5652,508.59,28.24,27.98,43.25,1008.89
5653,508.68,28.24,27.98,43.23,1008.89
5654,508.77,28.24,27.98,43.24,1008.89
5655,508.86,28.23,27.98,43.24,1008.89
5656,508.95,28.23,27.98,43.24,1008.89
5657,509.04,28.24,27.98,43.21,1008.89
5658,509.13,28.24,27.98,43.21,1008.89
5659,509.22,28.23,27.98,43.24,1008.89
5660,509.31,28.23,27.98,43.25,1008.89
5661,509.40,28.23,27.98,43.24,1008.89
5662,509.49,28.23,27.98,43.25,1008.89
5663,509.58,28.23,27.99,43.25,1008.89
5664,509.67,28.23,27.99,43.27,1008.89
5665,509.76,28.23,27.99,43.29,1008.89
5666,509.85,28.23,27.99,43.28,1008.90
5667,509.94,28.22,28.00,43.28,1008.89
5668,510.03,28.22,28.00,43.26,1008.89
5669,510.12,28.22,28.00,43.27,1008.89
5670,510.21,28.21,28.00,43.26,1008.89
5671,510.30,28.21,27.99,43.27,1008.89
5672,510.39,28.22,28.00,43.28,1008.89
5673,510.48,28.23,28.00,43.30,1008.89
5674,510.57,28.23,28.00,43.30,1008.89
5675,510.66,28.22,28.00,43.31,1008.89
5676,510.75,28.22,28.00,43.32,1008.89
5677,510.84,28.22,28.00,43.33,1008.89
5678,510.93,28.22,28.00,43.34,1008.89
5679,511.02,28.22,28.00,43.35,1008.89
5680,511.11,28.22,28.00,43.34,1008.89
5681,511.20,28.22,28.00,43.34,1008.90
5682,511.29,28.21,28.00,43.34,1008.89
5683,511.38,28.21,28.00,43.34,1008.89
5684,511.47,28.21,28.00,43.33,1008.90
5685,511.56,28.20,27.99,43.33,1008.89
5686,511.65,28.20,27.99,43.33,1008.89
5687,511.74,28.21,28.00,43.31,1008.89
5688,511.83,28.21,28.00,43.30,1008.89
5689,511.92,28.20,28.01,43.29,1008.89
5690,512.01,28.20,28.01,43.31,1008.89
5691,512.10,28.20,28.00,43.32,1008.89
5692,512.19,28.21,28.00,43.32,1008.89
5693,512.28,28.20,28.01,43.32,1008.89
5694,512.37,28.21,28.00,43.29,1008.89
5695,512.46,28.20,28.01,43.29,1008.90
5696,512.55,28.20,28.01,43.28,1008.90
5697,512.64,28.20,28.00,43.27,1008.90
5698,512.73,28.20,28.00,43.28,1008.89
5699,512.82,28.20,27.99,43.29,1008.89
5700,512.91,28.20,27.99,43.30,1008.89
5701,513.00,28.19,27.99,43.31,1008.89
5702,513.09,28.20,27.99,43.32,1008.89
5703,513.18,28.20,27.98,43.35,1008.89
5704,513.27,28.20,27.99,43.35,1008.89
5705,513.36,28.20,27.99,43.35,1008.89
5706,513.45,28.20,27.99,43.34,1008.90
5707,513.54,28.21,27.98,43.35,1008.90
5708,513.63,28.21,27.97,43.34,1008.89
5709,513.72,28.21,27.97,43.33,1008.89
5710,513.81,28.20,27.98,43.31,1008.89
5711,513.90,28.21,27.98,43.32,1008.89
5712,513.99,28.21,27.98,43.31,1008.89
5713,514.08,28.21,27.99,43.32,1008.89
5714,514.17,28.21,27.99,43.31,1008.89
5715,514.26,28.20,27.98,43.31,1008.89
5716,514.35,28.20,27.98,43.30,1008.89
5717,514.44,28.20,27.98,43.29,1008.89
5718,514.53,28.20,27.98,43.31,1008.89
5719,514.62,28.20,27.97,43.31,1008.89
5720,514.71,28.20,27.97,43.32,1008.89
5721,514.80,28.20,27.97,43.33,1008.89
5722,514.89,28.20,27.97,43.33,1008.89
5723,514.98,28.20,27.97,43.33,1008.89
5724,515.07,28.20,27.97,43.34,1008.89
5725,515.16,28.21,27.97,43.36,1008.89
5726,515.25,28.21,27.97,43.34,1008.89
5727,515.34,28.21,27.97,43.36,1008.89
5728,515.43,28.20,27.96,43.36,1008.90
5729,515.52,28.20,27.95,43.38,1008.90
5730,515.61,28.21,27.95,43.36,1008.90
5731,515.70,28.21,27.96,43.36,1008.90
5732,515.79,28.21,27.96,43.37,1008.89
5733,515.88,28.21,27.96,43.36,1008.90
5734,515.97,28.21,27.96,43.35,1008.90
5735,516.06,28.21,27.96,43.35,1008.90
5736,516.15,28.21,27.96,43.35,1008.90
5737,516.24,28.22,27.96,43.36,1008.90
5738,516.33,28.21,27.96,43.37,1008.90
5739,516.42,28.21,27.97,43.36,1008.90
5740,516.51,28.21,27.97,43.36,1008.90
5741,516.60,28.21,27.97,43.39,1008.90
5742,516.69,28.21,27.98,43.39,1008.90
5743,516.78,28.21,27.98,43.38,1008.90
5744,516.87,28.21,27.98,43.40,1008.90
5745,516.96,28.21,27.99,43.41,1008.90
5746,517.05,28.21,27.98,43.42,1008.90
5747,517.14,28.21,27.98,43.40,1008.90
5748,517.23,28.22,27.98,43.39,1008.90
5749,517.32,28.21,27.98,43.39,1008.90
5750,517.41,28.21,27.97,43.39,1008.90
5751,517.50,28.21,27.97,43.39,1008.90
5752,517.59,28.21,27.96,43.41,1008.90
5753,517.68,28.21,27.96,43.44,1008.90
5754,517.77,28.20,27.96,43.46,1008.90
5755,517.86,28.21,27.97,43.48,1008.89
5756,517.95,28.20,27.96,43.48,1008.89
5757,518.04,28.20,27.96,43.48,1008.89
5758,518.13,28.20,27.97,43.48,1008.89
5759,518.22,28.21,27.97,43.46,1008.89
5760,518.31,28.21,27.97,43.47,1008.89
5761,518.40,28.21,27.97,43.46,1008.89
5762,518.49,28.20,27.97,43.46,1008.89
5763,518.58,28.20,27.97,43.46,1008.89
5764,518.67,28.19,27.98,43.43,1008.89
5765,518.76,28.20,27.98,43.43,1008.88
5766,518.85,28.19,27.98,43.43,1008.88
5767,518.94,28.19,27.98,43.40,1008.88
5768,519.03,28.20,27.99,43.40,1008.88
5769,519.12,28.20,27.98,43.37,1008.88
5770,519.21,28.20,27.98,43.36,1008.88
5771,519.30,28.20,27.99,43.33,1008.88
5772,519.39,28.20,27.99,43.34,1008.88
5773,519.48,28.20,27.99,43.33,1008.88
5774,519.57,28.20,27.99,43.32,1008.88
5775,519.66,28.21,27.99,43.33,1008.88
5776,519.75,28.21,27.99,43.34,1008.88
5777,519.84,28.20,27.99,43.34,1008.88
5778,519.93,28.21,27.99,43.33,1008.88
5779,520.02,28.20,27.99,43.34,1008.88
5780,520.11,28.20,27.99,43.35,1008.87
5781,520.20,28.21,28.00,43.35,1008.87
5782,520.29,28.21,28.00,43.37,1008.87
5783,520.38,28.20,27.99,43.37,1008.87
5784,520.47,28.19,27.99,43.37,1008.87
5785,520.56,28.20,27.99,43.34,1008.87
5786,520.65,28.21,28.00,43.35,1008.88
5787,520.74,28.21,28.00,43.35,1008.87
5788,520.83,28.21,28.00,43.36,1008.87
5789,520.92,28.21,27.99,43.36,1008.87
5790,521.01,28.21,27.98,43.35,1008.88
5791,521.10,28.21,27.99,43.36,1008.88
5792,521.19,28.21,27.98,43.35,1008.88
5793,521.28,28.21,27.98,43.36,1008.88
5794,521.37,28.21,27.98,43.36,1008.88
5795,521.46,28.21,27.99,43.37,1008.88
5796,521.55,28.21,27.99,43.36,1008.88
5797,521.64,28.21,27.98,43.36,1008.88
5798,521.73,28.22,27.98,43.35,1008.88
5799,521.82,28.22,27.98,43.36,1008.88
5800,521.91,28.23,27.97,43.37,1008.88
5801,522.00,28.23,27.97,43.36,1008.88
5802,522.09,28.23,27.97,43.37,1008.88
5803,522.18,28.24,27.97,43.37,1008.88
5804,522.27,28.24,27.98,43.36,1008.88
5805,522.36,28.24,27.98,43.35,1008.88
5806,522.45,28.25,27.98,43.33,1008.89
5807,522.54,28.25,27.98,43.36,1008.88
5808,522.63,28.25,27.99,43.35,1008.88
5809,522.72,28.24,27.98,43.34,1008.88
5810,522.81,28.24,27.98,43.35,1008.88
5811,522.90,28.24,27.98,43.35,1008.88
5812,522.99,28.24,27.97,43.35,1008.88
5813,523.08,28.24,27.96,43.36,1008.88
5814,523.17,28.23,27.96,43.34,1008.88
5815,523.26,28.22,27.97,43.35,1008.88
5816,523.35,28.21,27.96,43.36,1008.88
5817,523.44,28.21,27.95,43.35,1008.88
5818,523.53,28.20,27.95,43.33,1008.88
5819,523.62,28.20,27.95,43.32,1008.88
5820,523.71,28.20,27.95,43.33,1008.88
5821,523.80,28.20,27.95,43.33,1008.88
5822,523.89,28.20,27.94,43.30,1008.88
5823,523.98,28.20,27.94,43.31,1008.88
5824,524.07,28.19,27.94,43.31,1008.88
5825,524.16,28.19,27.95,43.32,1008.88
5826,524.25,28.19,27.95,43.33,1008.88
5827,524.34,28.19,27.95,43.32,1008.88
5828,524.43,28.19,27.95,43.32,1008.88
5829,524.52,28.19,27.94,43.29,1008.87
5830,524.61,28.20,27.94,43.30,1008.87
5831,524.70,28.20,27.94,43.29,1008.87
5832,524.79,28.19,27.95,43.30,1008.87
5833,524.88,28.19,27.96,43.29,1008.87
5834,524.97,28.19,27.96,43.27,1008.87
5835,525.06,28.18,27.96,43.26,1008.87
5836,525.15,28.18,27.95,43.27,1008.87
5837,525.24,28.18,27.95,43.28,1008.87
5838,525.33,28.18,27.95,43.28,1008.86
5839,525.42,28.18,27.95,43.30,1008.86
5840,525.51,28.18,27.96,43.28,1008.87
5841,525.60,28.18,27.97,43.29,1008.87
5842,525.69,28.18,27.97,43.31,1008.87
5843,525.78,28.17,27.98,43.31,1008.87
5844,525.87,28.17,27.97,43.33,1008.86
5845,525.96,28.16,27.96,43.35,1008.86
5846,526.05,28.17,27.96,43.36,1008.86
5847,526.14,28.16,27.96,43.36,1008.86
5848,526.23,28.16,27.95,43.34,1008.86
5849,526.32,28.16,27.96,43.34,1008.86
5850,526.41,28.17,27.95,43.34,1008.87
5851,526.50,28.17,27.95,43.33,1008.87
5852,526.59,28.17,27.96,43.34,1008.86
5853,526.68,28.17,27.97,43.35,1008.87
5854,526.77,28.18,27.97,43.35,1008.87
5855,526.86,28.17,27.96,43.36,1008.87
5856,526.95,28.18,27.97,43.35,1008.87
5857,527.04,28.18,27.96,43.38,1008.87
5858,527.13,28.17,27.95,43.38,1008.87
5859,527.22,28.17,27.96,43.39,1008.87
5860,527.31,28.17,27.94,43.37,1008.87
5861,527.40,28.17,27.95,43.37,1008.87
5862,527.49,28.17,27.96,43.39,1008.87
5863,527.58,28.16,27.96,43.39,1008.87
5864,527.67,28.16,27.97,43.39,1008.87
5865,527.76,28.16,27.97,43.40,1008.88
5866,527.85,28.16,27.97,43.39,1008.88
5867,527.94,28.16,27.97,43.39,1008.88
5868,528.03,28.15,27.98,43.39,1008.88
5869,528.12,28.16,27.98,43.39,1008.88
5870,528.21,28.15,27.98,43.39,1008.88
5871,528.30,28.15,27.97,43.38,1008.88
5872,528.39,28.15,27.97,43.38,1008.88
5873,528.48,28.15,27.97,43.38,1008.88
5874,528.57,28.15,27.97,43.38,1008.88
5875,528.66,28.15,27.97,43.37,1008.88
5876,528.75,28.15,27.97,43.37,1008.88
5877,528.84,28.16,27.97,43.37,1008.89
5878,528.93,28.16,27.97,43.37,1008.88
5879,529.02,28.16,27.96,43.39,1008.88
5880,529.11,28.17,27.96,43.39,1008.88
5881,529.20,28.18,27.97,43.39,1008.89
5882,529.29,28.18,27.97,43.37,1008.88
5883,529.38,28.18,27.97,43.37,1008.88
5884,529.47,28.18,27.97,43.37,1008.88
5885,529.56,28.18,27.98,43.37,1008.88
5886,529.65,28.17,27.97,43.37,1008.88
5887,529.74,28.17,27.97,43.38,1008.88
5888,529.83,28.18,27.97,43.40,1008.88
5889,529.92,28.18,27.97,43.39,1008.88
5890,530.01,28.18,27.97,43.38,1008.88
5891,530.10,28.18,27.97,43.40,1008.88
5892,530.19,28.17,27.97,43.40,1008.88
5893,530.28,28.18,27.97,43.40,1008.88
5894,530.37,28.18,27.97,43.42,1008.88
5895,530.46,28.18,27.97,43.43,1008.88
5896,530.55,28.19,27.98,43.44,1008.88
5897,530.64,28.19,27.98,43.43,1008.88
5898,530.73,28.19,27.99,43.43,1008.88
5899,530.82,28.19,27.98,43.42,1008.88
5900,530.91,28.18,27.98,43.42,1008.88
5901,531.00,28.18,27.98,43.43,1008.88
5902,531.09,28.18,27.98,43.42,1008.88
5903,531.18,28.18,27.98,43.41,1008.88
5904,531.27,28.18,27.97,43.41,1008.88
5905,531.36,28.18,27.97,43.41,1008.88
5906,531.45,28.18,27.97,43.42,1008.88
5907,531.54,28.18,27.96,43.41,1008.89
5908,531.63,28.18,27.96,43.41,1008.89
5909,531.72,28.19,27.96,43.39,1008.89
5910,531.81,28.19,27.95,43.40,1008.89
5911,531.90,28.19,27.95,43.37,1008.89
5912,531.99,28.19,27.95,43.39,1008.89
5913,532.08,28.19,27.95,43.38,1008.89
5914,532.17,28.19,27.93,43.38,1008.89
5915,532.26,28.19,27.93,43.38,1008.90
5916,532.35,28.19,27.92,43.36,1008.89
5917,532.44,28.20,27.92,43.35,1008.89
5918,532.53,28.19,27.92,43.35,1008.89
5919,532.62,28.19,27.91,43.34,1008.89
5920,532.71,28.19,27.91,43.36,1008.90
5921,532.80,28.19,27.90,43.34,1008.90
5922,532.89,28.19,27.90,43.34,1008.90
5923,532.98,28.19,27.90,43.34,1008.90
5924,533.07,28.19,27.89,43.34,1008.90
5925,533.16,28.19,27.89,43.34,1008.90
5926,533.25,28.19,27.90,43.35,1008.90
5927,533.34,28.19,27.90,43.35,1008.90
5928,533.43,28.19,27.90,43.34,1008.90
5929,533.52,28.19,27.89,43.35,1008.89
5930,533.61,28.19,27.90,43.36,1008.89
5931,533.70,28.19,27.91,43.38,1008.89
5932,533.79,28.18,27.91,43.39,1008.89
5933,533.88,28.18,27.91,43.39,1008.89
5934,533.97,28.18,27.91,43.37,1008.89
5935,534.06,28.18,27.91,43.39,1008.89
5936,534.15,28.19,27.92,43.39,1008.89
5937,534.24,28.19,27.92,43.40,1008.89
5938,534.33,28.19,27.92,43.41,1008.89
5939,534.42,28.19,27.92,43.40,1008.89
5940,534.51,28.19,27.92,43.41,1008.89
5941,534.60,28.19,27.93,43.40,1008.89
5942,534.69,28.19,27.93,43.40,1008.89
5943,534.78,28.19,27.93,43.40,1008.90
5944,534.87,28.18,27.93,43.41,1008.90
5945,534.96,28.18,27.93,43.42,1008.90
5946,535.05,28.17,27.93,43.42,1008.90
5947,535.14,28.17,27.92,43.43,1008.90
5948,535.23,28.17,27.93,43.43,1008.90
5949,535.32,28.17,27.93,43.44,1008.90
5950,535.41,28.17,27.93,43.44,1008.90
5951,535.50,28.17,27.93,43.43,1008.90
5952,535.59,28.17,27.93,43.42,1008.90
5953,535.68,28.17,27.93,43.43,1008.90
5954,535.77,28.17,27.93,43.44,1008.90
5955,535.86,28.17,27.93,43.44,1008.90
5956,535.95,28.17,27.93,43.45,1008.90
5957,536.04,28.17,27.93,43.43,1008.91
5958,536.13,28.18,27.94,43.43,1008.91
5959,536.22,28.18,27.93,43.43,1008.90
5960,536.31,28.18,27.93,43.43,1008.90
5961,536.40,28.18,27.93,43.44,1008.90
5962,536.49,28.18,27.93,43.42,1008.90
5963,536.58,28.17,27.93,43.43,1008.90
5964,536.67,28.17,27.94,43.41,1008.90
5965,536.76,28.17,27.93,43.43,1008.90
5966,536.85,28.18,27.93,43.42,1008.90
5967,536.94,28.18,27.94,43.41,1008.90
5968,537.03,28.19,27.95,43.42,1008.90
5969,537.12,28.18,27.95,43.42,1008.89
5970,537.21,28.19,27.94,43.41,1008.89
5971,537.30,28.19,27.94,43.42,1008.88
5972,537.39,28.19,27.95,43.41,1008.88
5973,537.48,28.19,27.95,43.43,1008.88
5974,537.57,28.19,27.95,43.43,1008.89
5975,537.66,28.19,27.95,43.43,1008.89
5976,537.75,28.19,27.95,43.66,1008.89
5977,537.84,28.18,27.95,43.43,1008.90
5978,537.93,28.18,27.95,43.43,1008.90
5979,538.02,28.18,27.95,43.43,1008.90
5980,538.11,28.18,27.95,43.42,1008.90
5981,538.20,28.18,27.96,43.43,1008.90
5982,538.29,28.18,27.96,43.44,1008.90
5983,538.38,28.18,27.97,43.46,1008.90
5984,538.47,28.17,27.96,43.47,1008.90
5985,538.56,28.18,27.97,43.46,1008.90
5986,538.65,28.18,27.97,43.45,1008.89
5987,538.74,28.17,27.96,43.45,1008.89
5988,538.83,28.18,27.96,43.45,1008.90
5989,538.92,28.18,27.96,43.46,1008.89
5990,539.01,28.17,27.96,43.44,1008.89
5991,539.10,28.18,27.95,43.42,1008.89
5992,539.19,28.17,27.95,43.41,1008.89
5993,539.28,28.17,27.95,43.37,1008.89
5994,539.37,28.17,27.95,43.37,1008.89
5995,539.46,28.17,27.95,43.37,1008.89
5996,539.55,28.16,27.95,43.37,1008.89
5997,539.64,28.16,27.95,43.35,1008.89
5998,539.73,28.16,27.95,43.36,1008.89
5999,539.82,28.17,27.95,43.38,1008.89
6000,539.91,28.16,27.95,43.38,1008.89
6001,540.00,28.16,27.95,43.39,1008.89
6002,540.09,28.16,27.95,43.41,1008.88
6003,540.18,28.16,27.95,43.41,1008.89
6004,540.27,28.16,27.95,43.40,1008.89
6005,540.36,28.16,27.95,43.39,1008.89
6006,540.45,28.15,27.95,43.40,1008.89
6007,540.54,28.15,27.94,43.41,1008.89
6008,540.63,28.15,27.95,43.41,1008.89
6009,540.72,28.15,27.95,43.40,1008.89
6010,540.81,28.15,27.94,43.39,1008.89
6011,540.90,28.15,27.94,43.38,1008.89
6012,540.99,28.15,27.94,43.39,1008.89
6013,541.08,28.16,27.94,43.40,1008.89
6014,541.17,28.16,27.95,43.41,1008.90
6015,541.26,28.16,27.94,43.41,1008.90
6016,541.35,28.17,27.94,43.41,1008.90
6017,541.44,28.17,27.95,43.42,1008.90
6018,541.53,28.17,27.95,43.40,1008.90
6019,541.62,28.17,27.95,43.41,1008.90
6020,541.71,28.17,27.95,43.42,1008.90
6021,541.80,28.17,27.94,43.43,1008.90
6022,541.89,28.17,27.94,43.43,1008.90
6023,541.98,28.17,27.93,43.42,1008.90
6024,542.07,28.17,27.93,43.42,1008.90
6025,542.16,28.17,27.93,43.42,1008.90
6026,542.25,28.17,27.94,43.41,1008.90
6027,542.34,28.17,27.93,43.42,1008.90
6028,542.43,28.17,27.92,43.40,1008.89
6029,542.52,28.16,27.92,43.39,1008.89
6030,542.61,28.16,27.92,43.38,1008.90
6031,542.70,28.16,27.93,43.37,1008.89
6032,542.79,28.15,27.93,43.39,1008.89
6033,542.88,28.15,27.93,43.39,1008.89
6034,542.97,28.15,27.93,43.36,1008.89
6035,543.06,28.15,27.94,43.38,1008.89
6036,543.15,28.14,27.94,43.40,1008.89
6037,543.24,28.15,27.93,43.40,1008.89
6038,543.33,28.15,27.92,43.41,1008.89
6039,543.42,28.15,27.92,43.40,1008.89
6040,543.51,28.15,27.92,43.42,1008.89
6041,543.60,28.15,27.92,43.41,1008.89
6042,543.69,28.15,27.91,43.41,1008.88
6043,543.78,28.16,27.91,43.41,1008.89
6044,543.87,28.16,27.91,43.41,1008.88
6045,543.96,28.16,27.91,43.41,1008.88
6046,544.05,28.16,27.91,43.39,1008.88
6047,544.14,28.15,27.91,43.39,1008.88
6048,544.23,28.16,27.90,43.38,1008.88
6049,544.32,28.15,27.90,43.39,1008.88
6050,544.41,28.15,27.90,43.37,1008.87
6051,544.50,28.15,27.90,43.40,1008.87
6052,544.59,28.16,27.90,43.41,1008.87
6053,544.68,28.15,27.90,43.41,1008.87
6054,544.77,28.15,27.90,43.41,1008.87
6055,544.86,28.15,27.90,43.41,1008.87
6056,544.95,28.15,27.91,43.41,1008.87
6057,545.04,28.15,27.91,43.44,1008.87
6058,545.13,28.15,27.91,43.42,1008.87
6059,545.22,28.14,27.91,43.43,1008.87
6060,545.31,28.15,27.92,43.42,1008.87
6061,545.40,28.15,27.92,43.41,1008.87
6062,545.49,28.15,27.92,43.41,1008.87
6063,545.58,28.15,27.92,43.39,1008.87
6064,545.67,28.15,27.92,43.38,1008.87
6065,545.76,28.16,27.92,43.37,1008.87
6066,545.85,28.15,27.92,43.37,1008.87
6067,545.94,28.15,27.93,43.38,1008.87
6068,546.03,28.15,27.93,43.37,1008.87
6069,546.12,28.15,27.93,43.39,1008.87
6070,546.21,28.15,27.93,43.39,1008.87
6071,546.30,28.15,27.93,43.36,1008.87
6072,546.39,28.15,27.93,43.39,1008.87
6073,546.48,28.15,27.94,43.39,1008.87
6074,546.57,28.15,27.94,43.41,1008.87
6075,546.66,28.15,27.94,43.41,1008.87
6076,546.75,28.15,27.94,43.42,1008.87
6077,546.84,28.15,27.94,43.42,1008.87
6078,546.93,28.16,27.94,43.41,1008.88
6079,547.02,28.16,27.94,43.41,1008.88
6080,547.11,28.15,27.93,43.41,1008.88
6081,547.20,28.15,27.94,43.40,1008.88
6082,547.29,28.15,27.94,43.39,1008.88
6083,547.38,28.15,27.94,43.39,1008.88
6084,547.47,28.15,27.95,43.40,1008.88
6085,547.56,28.16,27.95,43.41,1008.88
6086,547.65,28.16,27.96,43.40,1008.88
6087,547.74,28.16,27.96,43.42,1008.88
6088,547.83,28.16,27.95,43.42,1008.88
6089,547.92,28.16,27.95,43.42,1008.88
6090,548.01,28.16,27.95,43.40,1008.88
6091,548.10,28.16,27.95,43.39,1008.88
6092,548.19,28.15,27.95,43.39,1008.88
6093,548.28,28.15,27.96,43.37,1008.88
6094,548.37,28.16,27.96,43.37,1008.88
6095,548.46,28.16,27.96,43.38,1008.88
6096,548.55,28.15,27.96,43.38,1008.88
6097,548.64,28.15,27.97,43.38,1008.88
6098,548.73,28.15,27.97,43.36,1008.88
6099,548.82,28.15,27.97,43.35,1008.88
6100,548.91,28.15,27.97,43.34,1008.88
6101,549.00,28.16,27.97,43.33,1008.87
6102,549.09,28.15,27.96,43.35,1008.87
6103,549.18,28.15,27.97,43.35,1008.87
6104,549.27,28.16,27.97,43.35,1008.87
6105,549.36,28.15,27.97,43.36,1008.87
6106,549.45,28.15,27.97,43.36,1008.87
6107,549.54,28.15,27.96,43.34,1008.87
6108,549.63,28.16,27.96,43.35,1008.87
6109,549.72,28.16,27.96,43.35,1008.87
6110,549.81,28.15,27.95,43.36,1008.88
6111,549.90,28.15,27.95,43.35,1008.88
6112,549.99,28.15,27.95,43.36,1008.88
6113,550.08,28.15,27.95,43.35,1008.88
6114,550.17,28.15,27.94,43.35,1008.88
6115,550.26,28.14,27.94,43.35,1008.87
6116,550.35,28.15,27.94,43.37,1008.87
6117,550.44,28.14,27.94,43.38,1008.87
6118,550.53,28.14,27.94,43.40,1008.87
6119,550.62,28.14,27.95,43.39,1008.87
6120,550.71,28.14,27.94,43.36,1008.87
6121,550.80,28.14,27.93,43.36,1008.88
6122,550.89,28.14,27.94,43.35,1008.88
6123,550.98,28.14,27.93,43.36,1008.88
6124,551.07,28.14,27.94,43.36,1008.88
6125,551.16,28.14,27.94,43.37,1008.88
6126,551.25,28.14,27.94,43.37,1008.88
6127,551.34,28.14,27.94,43.38,1008.88
6128,551.43,28.14,27.93,43.37,1008.88
6129,551.52,28.15,27.93,43.38,1008.88
6130,551.61,28.15,27.92,43.40,1008.88
6131,551.70,28.15,27.92,43.38,1008.88
6132,551.79,28.15,27.91,43.38,1008.89
6133,551.88,28.14,27.91,43.37,1008.89
6134,551.97,28.15,27.91,43.35,1008.89
6135,552.06,28.15,27.91,43.36,1008.89
6136,552.15,28.14,27.91,43.37,1008.88
6137,552.24,28.14,27.91,43.36,1008.89
6138,552.33,28.15,27.91,43.36,1008.89
6139,552.42,28.15,27.91,43.36,1008.89
6140,552.51,28.15,27.90,43.36,1008.88
6141,552.60,28.15,27.91,43.36,1008.88
6142,552.69,28.15,27.90,43.36,1008.88
6143,552.78,28.14,27.91,43.36,1008.88
6144,552.87,28.14,27.90,43.35,1008.88
6145,552.96,28.15,27.90,43.36,1008.88
6146,553.05,28.14,27.90,43.39,1008.88
6147,553.14,28.14,27.90,43.40,1008.88
6148,553.23,28.15,27.90,43.42,1008.88
6149,553.32,28.15,27.90,43.44,1008.88
6150,553.41,28.15,27.90,43.46,1008.88
6151,553.50,28.14,27.90,43.45,1008.88
6152,553.59,28.14,27.89,43.46,1008.88
6153,553.68,28.14,27.89,43.45,1008.88
6154,553.77,28.14,27.89,43.45,1008.88
6155,553.86,28.14,27.90,43.48,1008.88
6156,553.95,28.14,27.91,43.48,1008.88
6157,554.04,28.14,27.91,43.47,1008.88
6158,554.13,28.14,27.91,43.47,1008.88
6159,554.22,28.14,27.91,43.47,1008.88
6160,554.31,28.15,27.91,43.45,1008.88
6161,554.40,28.15,27.90,43.45,1008.88
6162,554.49,28.15,27.90,43.48,1008.88
6163,554.58,28.15,27.90,43.47,1008.87
6164,554.67,28.15,27.90,43.46,1008.87
6165,554.76,28.15,27.90,43.46,1008.88
6166,554.85,28.15,27.90,43.45,1008.88
6167,554.94,28.14,27.90,43.44,1008.88
6168,555.03,28.14,27.90,43.45,1008.88
6169,555.12,28.14,27.90,43.46,1008.88
6170,555.21,28.14,27.90,43.48,1008.88
6171,555.30,28.14,27.91,43.47,1008.88
6172,555.39,28.13,27.90,43.46,1008.88
6173,555.48,28.13,27.91,43.46,1008.88
6174,555.57,28.13,27.91,43.47,1008.89
6175,555.66,28.13,27.91,43.48,1008.89
6176,555.75,28.13,27.91,43.49,1008.89
6177,555.84,28.13,27.91,43.48,1008.89
6178,555.93,28.13,27.91,43.47,1008.89
6179,556.02,28.13,27.91,43.48,1008.89
6180,556.11,28.13,27.91,43.49,1008.89
6181,556.20,28.14,27.91,43.47,1008.89
6182,556.29,28.14,27.91,43.47,1008.89
6183,556.38,28.14,27.91,43.44,1008.89
6184,556.47,28.14,27.92,43.45,1008.89
6185,556.56,28.14,27.93,43.45,1008.89
6186,556.65,28.14,27.93,43.46,1008.89
6187,556.74,28.14,27.93,43.44,1008.89
6188,556.83,28.14,27.93,43.44,1008.89
6189,556.92,28.13,27.93,43.43,1008.89
6190,557.01,28.14,27.93,43.43,1008.89
6191,557.10,28.14,27.94,43.42,1008.89
6192,557.19,28.14,27.94,43.43,1008.89
6193,557.28,28.14,27.95,43.43,1008.89
6194,557.37,28.14,27.95,43.42,1008.89
6195,557.46,28.14,27.95,43.42,1008.89
6196,557.55,28.13,27.95,43.41,1008.89
6197,557.64,28.13,27.95,43.43,1008.89
6198,557.73,28.13,27.95,43.44,1008.89
6199,557.82,28.14,27.96,43.44,1008.90
6200,557.91,28.13,27.96,43.43,1008.90
6201,558.00,28.14,27.94,43.43,1008.89
6202,558.09,28.14,27.94,43.43,1008.89
6203,558.18,28.15,27.94,43.42,1008.89
6204,558.27,28.15,27.94,43.43,1008.89
6205,558.36,28.15,27.94,43.42,1008.89
6206,558.45,28.14,27.94,43.43,1008.89
6207,558.54,28.15,27.94,43.43,1008.89
6208,558.63,28.14,27.94,43.44,1008.89
6209,558.72,28.14,27.94,43.43,1008.89
6210,558.81,28.14,27.94,43.43,1008.89
6211,558.90,28.14,27.93,43.43,1008.89
6212,558.99,28.14,27.93,43.43,1008.89
6213,559.08,28.13,27.93,43.43,1008.89
6214,559.17,28.13,27.93,43.45,1008.89
6215,559.26,28.13,27.93,43.44,1008.89
6216,559.35,28.13,27.93,43.42,1008.89
6217,559.44,28.13,27.92,43.40,1008.89
6218,559.53,28.14,27.92,43.40,1008.89
6219,559.62,28.14,27.92,43.39,1008.89
6220,559.71,28.14,27.91,43.41,1008.89
6221,559.80,28.14,27.91,43.40,1008.89
6222,559.89,28.14,27.91,43.40,1008.89
6223,559.98,28.15,27.91,43.40,1008.89
6224,560.07,28.15,27.91,43.41,1008.89
6225,560.16,28.14,27.91,43.43,1008.89
6226,560.25,28.14,27.90,43.44,1008.89
6227,560.34,28.14,27.90,43.45,1008.89
6228,560.43,28.14,27.90,43.44,1008.89
6229,560.52,28.14,27.90,43.43,1008.89
6230,560.61,28.14,27.91,43.42,1008.89
6231,560.70,28.14,27.90,43.43,1008.89
6232,560.79,28.14,27.90,43.43,1008.89
6233,560.88,28.14,27.90,43.41,1008.89
6234,560.97,28.13,27.90,43.41,1008.89
6235,561.06,28.13,27.90,43.40,1008.89
6236,561.15,28.14,27.91,43.40,1008.89
6237,561.24,28.14,27.91,43.40,1008.89
6238,561.33,28.14,27.90,43.38,1008.89
6239,561.42,28.14,27.90,43.39,1008.89
6240,561.51,28.14,27.90,43.40,1008.89
6241,561.60,28.14,27.91,43.41,1008.90
6242,561.69,28.14,27.91,43.42,1008.90
6243,561.78,28.14,27.91,43.40,1008.89
6244,561.87,28.14,27.91,43.43,1008.90
6245,561.96,28.15,27.91,43.43,1008.90
6246,562.05,28.14,27.91,43.42,1008.90
6247,562.14,28.15,27.91,43.41,1008.90
6248,562.23,28.15,27.90,43.40,1008.90
6249,562.32,28.14,27.90,43.39,1008.90
6250,562.41,28.14,27.91,43.39,1008.90
6251,562.50,28.14,27.90,43.36,1008.90
6252,562.59,28.14,27.90,43.35,1008.90
6253,562.68,28.14,27.90,43.35,1008.90
6254,562.77,28.14,27.90,43.34,1008.90
6255,562.86,28.14,27.90,43.36,1008.89
6256,562.95,28.13,27.90,43.36,1008.89
6257,563.04,28.13,27.90,43.36,1008.89
6258,563.13,28.13,27.90,43.36,1008.89
6259,563.22,28.13,27.90,43.36,1008.90
6260,563.31,28.13,27.90,43.36,1008.90
6261,563.40,28.13,27.90,43.37,1008.90
6262,563.49,28.13,27.90,43.37,1008.90
6263,563.58,28.13,27.90,43.39,1008.91
6264,563.67,28.13,27.90,43.37,1008.91
6265,563.76,28.13,27.90,43.38,1008.91
6266,563.85,28.13,27.91,43.40,1008.91
6267,563.94,28.13,27.91,43.39,1008.91
6268,564.03,28.13,27.91,43.38,1008.91
6269,564.12,28.13,27.91,43.38,1008.91
6270,564.21,28.13,27.91,43.37,1008.91
6271,564.30,28.14,27.90,43.40,1008.91
6272,564.39,28.14,27.91,43.39,1008.91
6273,564.48,28.14,27.91,43.40,1008.91
6274,564.57,28.14,27.90,43.40,1008.91
6275,564.66,28.14,27.90,43.39,1008.91
6276,564.75,28.14,27.91,43.38,1008.91
6277,564.84,28.13,27.91,43.36,1008.90
6278,564.93,28.13,27.91,43.36,1008.90
6279,565.02,28.14,27.91,43.36,1008.90
6280,565.11,28.13,27.91,43.36,1008.90
6281,565.20,28.13,27.92,43.36,1008.90
6282,565.29,28.13,27.91,43.38,1008.90
6283,565.38,28.12,27.92,43.37,1008.90
6284,565.47,28.12,27.92,43.36,1008.90
6285,565.56,28.12,27.91,43.36,1008.90
6286,565.65,28.12,27.91,43.35,1008.89
6287,565.74,28.12,27.91,43.33,1008.90
6288,565.83,28.13,27.91,43.33,1008.90
6289,565.92,28.13,27.91,43.33,1008.90
6290,566.01,28.12,27.90,43.33,1008.90
6291,566.10,28.12,27.90,43.33,1008.90
6292,566.19,28.12,27.90,43.34,1008.90
6293,566.28,28.11,27.90,43.36,1008.89
6294,566.37,28.11,27.90,43.35,1008.89
6295,566.46,28.11,27.90,43.35,1008.89
6296,566.55,28.11,27.90,43.36,1008.89
6297,566.64,28.11,27.90,43.36,1008.89
6298,566.73,28.11,27.89,43.36,1008.89
6299,566.82,28.11,27.89,43.37,1008.90
6300,566.91,28.12,27.90,43.37,1008.90
6301,567.00,28.12,27.90,43.36,1008.90
6302,567.09,28.12,27.90,43.37,1008.89
6303,567.18,28.12,27.90,43.36,1008.89
6304,567.27,28.12,27.90,43.36,1008.89
6305,567.36,28.12,27.90,43.35,1008.89
6306,567.45,28.12,27.90,43.34,1008.89
6307,567.54,28.12,27.90,43.33,1008.89
6308,567.63,28.12,27.90,43.35,1008.89
6309,567.72,28.12,27.91,43.34,1008.89
6310,567.81,28.12,27.90,43.34,1008.88
6311,567.90,28.12,27.90,43.32,1008.88
6312,567.99,28.12,27.89,43.33,1008.88
6313,568.08,28.11,27.89,43.31,1008.88
6314,568.17,28.11,27.90,43.32,1008.88
6315,568.26,28.11,27.90,43.33,1008.88
6316,568.35,28.11,27.90,43.29,1008.88
6317,568.44,28.11,27.90,43.31,1008.88
6318,568.53,28.11,27.90,43.29,1008.88
6319,568.62,28.11,27.90,43.29,1008.88
6320,568.71,28.11,27.90,43.30,1008.88
6321,568.80,28.11,27.89,43.30,1008.88
6322,568.89,28.12,27.89,43.32,1008.88
6323,568.98,28.12,27.89,43.32,1008.88
6324,569.07,28.12,27.89,43.32,1008.88
6325,569.16,28.12,27.89,43.29,1008.88
6326,569.25,28.12,27.89,43.30,1008.88
6327,569.34,28.12,27.89,43.30,1008.88
6328,569.43,28.12,27.89,43.28,1008.88
6329,569.52,28.12,27.89,43.26,1008.88
6330,569.61,28.12,27.88,43.27,1008.88
6331,569.70,28.12,27.88,43.26,1008.88
6332,569.79,28.11,27.89,43.28,1008.88
6333,569.88,28.10,27.88,43.27,1008.88
6334,569.97,28.10,27.88,43.26,1008.88
6335,570.06,28.10,27.88,43.26,1008.88
6336,570.15,28.10,27.89,43.26,1008.88
6337,570.24,28.11,27.88,43.24,1008.89
6338,570.33,28.11,27.88,43.23,1008.89
6339,570.42,28.11,27.88,43.25,1008.89
6340,570.51,28.11,27.87,43.25,1008.89
6341,570.60,28.10,27.88,43.26,1008.89
6342,570.69,28.10,27.87,43.28,1008.89
6343,570.78,28.10,27.88,43.29,1008.89
6344,570.87,28.10,27.87,43.30,1008.89
6345,570.96,28.10,27.87,43.30,1008.89
6346,571.05,28.10,27.87,43.29,1008.90
6347,571.14,28.10,27.86,43.32,1008.90
6348,571.23,28.09,27.86,43.34,1008.90
6349,571.32,28.10,27.87,43.34,1008.89
6350,571.41,28.10,27.87,43.34,1008.89
6351,571.50,28.11,27.87,43.34,1008.89
6352,571.59,28.11,27.88,43.34,1008.89
6353,571.68,28.11,27.87,43.33,1008.89
6354,571.77,28.12,27.88,43.31,1008.89
6355,571.86,28.11,27.88,43.31,1008.90
6356,571.95,28.11,27.88,43.31,1008.90
6357,572.04,28.11,27.89,43.32,1008.90
6358,572.13,28.11,27.89,43.31,1008.90
6359,572.22,28.12,27.88,43.32,1008.89
6360,572.31,28.12,27.88,43.33,1008.89
6361,572.40,28.12,27.88,43.30,1008.89
6362,572.49,28.11,27.88,43.31,1008.89
6363,572.58,28.12,27.89,43.30,1008.89
6364,572.67,28.12,27.90,43.34,1008.89
6365,572.76,28.12,27.90,43.34,1008.89
6366,572.85,28.12,27.91,43.35,1008.89
6367,572.94,28.11,27.90,43.34,1008.88
6368,573.03,28.11,27.90,43.36,1008.88
6369,573.12,28.11,27.90,43.36,1008.88
6370,573.21,28.12,27.90,43.36,1008.88
6371,573.30,28.12,27.90,43.38,1008.88
6372,573.39,28.12,27.91,43.38,1008.87
6373,573.48,28.12,27.90,43.38,1008.88
6374,573.57,28.13,27.90,43.39,1008.88
6375,573.66,28.13,27.90,43.38,1008.87
6376,573.75,28.13,27.90,43.38,1008.87
6377,573.84,28.13,27.91,43.38,1008.87
6378,573.93,28.13,27.91,43.41,1008.87
6379,574.02,28.13,27.91,43.41,1008.87
6380,574.11,28.13,27.90,43.40,1008.87
6381,574.20,28.12,27.91,43.39,1008.87
6382,574.29,28.12,27.91,43.39,1008.87
6383,574.38,28.12,27.91,43.36,1008.87
6384,574.47,28.12,27.90,43.34,1008.87
6385,574.56,28.12,27.90,43.33,1008.87
6386,574.65,28.12,27.90,43.33,1008.87
6387,574.74,28.12,27.90,43.32,1008.87
6388,574.83,28.12,27.90,43.32,1008.87
6389,574.92,28.11,27.90,43.32,1008.87
6390,575.01,28.11,27.91,43.32,1008.87
6391,575.10,28.12,27.91,43.31,1008.87
6392,575.19,28.12,27.90,43.31,1008.87
6393,575.28,28.11,27.90,43.30,1008.87
6394,575.37,28.11,27.91,43.30,1008.87
6395,575.46,28.12,27.90,43.29,1008.87
6396,575.55,28.12,27.90,43.31,1008.87
6397,575.64,28.12,27.91,43.28,1008.88
6398,575.73,28.13,27.91,43.28,1008.88
6399,575.82,28.13,27.91,43.26,1008.88
6400,575.91,28.13,27.92,43.26,1008.88
6401,576.00,28.13,27.91,43.27,1008.88
6402,576.09,28.13,27.92,43.28,1008.88
6403,576.18,28.13,27.92,43.29,1008.88
6404,576.27,28.13,27.91,43.30,1008.89
6405,576.36,28.13,27.91,43.31,1008.89
6406,576.45,28.12,27.91,43.31,1008.89
6407,576.54,28.12,27.91,43.31,1008.89
6408,576.63,28.12,27.91,43.30,1008.89
6409,576.72,28.13,27.91,43.29,1008.89
6410,576.81,28.13,27.92,43.28,1008.89
6411,576.90,28.13,27.91,43.29,1008.89
6412,576.99,28.12,27.91,43.28,1008.89
6413,577.08,28.12,27.92,43.27,1008.89
6414,577.17,28.12,27.92,43.28,1008.89
6415,577.26,28.12,27.92,43.29,1008.89
6416,577.35,28.11,27.92,43.30,1008.89
6417,577.44,28.11,27.92,43.30,1008.89
6418,577.53,28.11,27.92,43.30,1008.89
6419,577.62,28.10,27.91,43.31,1008.89
6420,577.71,28.10,27.91,43.31,1008.89
6421,577.80,28.10,27.91,43.31,1008.89
6422,577.89,28.11,27.91,43.30,1008.89
6423,577.98,28.11,27.91,43.30,1008.89
6424,578.07,28.10,27.90,43.31,1008.89
6425,578.16,28.10,27.90,43.31,1008.89
6426,578.25,28.11,27.91,43.31,1008.89
6427,578.34,28.11,27.90,43.29,1008.89
6428,578.43,28.10,27.90,43.27,1008.88
6429,578.52,28.11,27.90,43.28,1008.88
6430,578.61,28.11,27.91,43.28,1008.88
6431,578.70,28.10,27.91,43.24,1008.88
6432,578.79,28.11,27.90,43.23,1008.88
6433,578.88,28.11,27.90,43.24,1008.88
6434,578.97,28.11,27.91,43.24,1008.88
6435,579.06,28.11,27.91,43.27,1008.88
6436,579.15,28.10,27.90,43.24,1008.87
6437,579.24,28.10,27.90,43.26,1008.88
6438,579.33,28.10,27.91,43.29,1008.88
6439,579.42,28.11,27.91,43.30,1008.87
6440,579.51,28.10,27.91,43.30,1008.87
6441,579.60,28.10,27.91,43.30,1008.87
6442,579.69,28.10,27.90,43.30,1008.87
6443,579.78,28.10,27.90,43.30,1008.87
6444,579.87,28.11,27.90,43.31,1008.87
6445,579.96,28.10,27.90,43.33,1008.87
6446,580.05,28.10,27.90,43.33,1008.87
6447,580.14,28.11,27.90,43.32,1008.87
6448,580.23,28.11,27.90,43.32,1008.87
6449,580.32,28.10,27.90,43.31,1008.87
6450,580.41,28.11,27.89,43.28,1008.87
6451,580.50,28.10,27.89,43.29,1008.87
6452,580.59,28.10,27.90,43.27,1008.87
6453,580.68,28.10,27.89,43.26,1008.87
6454,580.77,28.10,27.89,43.27,1008.87
6455,580.86,28.10,27.90,43.27,1008.87
6456,580.95,28.11,27.90,43.27,1008.87
6457,581.04,28.11,27.91,43.28,1008.88
6458,581.13,28.11,27.91,43.28,1008.88
6459,581.22,28.11,27.91,43.27,1008.88
6460,581.31,28.12,27.90,43.29,1008.88
6461,581.40,28.12,27.91,43.29,1008.88
6462,581.49,28.12,27.90,43.30,1008.88
6463,581.58,28.12,27.90,43.29,1008.88
6464,581.67,28.12,27.90,43.30,1008.88
6465,581.76,28.11,27.90,43.30,1008.88
6466,581.85,28.11,27.89,43.30,1008.88
6467,581.94,28.11,27.88,43.32,1008.88
6468,582.03,28.11,27.88,43.31,1008.88
6469,582.12,28.11,27.88,43.30,1008.88
6470,582.21,28.11,27.89,43.29,1008.88
6471,582.30,28.12,27.89,43.27,1008.88
6472,582.39,28.12,27.89,43.27,1008.88
6473,582.48,28.12,27.89,43.26,1008.88
6474,582.57,28.12,27.90,43.26,1008.88
6475,582.66,28.11,27.90,43.27,1008.88
6476,582.75,28.11,27.89,43.25,1008.88
6477,582.84,28.11,27.89,43.24,1008.88
6478,582.93,28.11,27.89,43.26,1008.88
6479,583.02,28.11,27.89,43.26,1008.88
6480,583.11,28.11,27.89,43.29,1008.88
6481,583.20,28.10,27.89,43.28,1008.88
6482,583.29,28.10,27.89,43.30,1008.88
6483,583.38,28.10,27.90,43.31,1008.88
6484,583.47,28.11,27.90,43.30,1008.88
6485,583.56,28.11,27.89,43.30,1008.88
6486,583.65,28.11,27.89,43.29,1008.88
6487,583.74,28.11,27.90,43.28,1008.88
6488,583.83,28.11,27.90,43.26,1008.88
6489,583.92,28.11,27.89,43.26,1008.88
6490,584.01,28.11,27.89,43.24,1008.88
6491,584.10,28.11,27.90,43.23,1008.88
6492,584.19,28.12,27.89,43.21,1008.88
6493,584.28,28.12,27.89,43.21,1008.88
6494,584.37,28.12,27.89,43.20,1008.88
6495,584.46,28.12,27.89,43.21,1008.89
6496,584.55,28.12,27.90,43.22,1008.88
6497,584.64,28.12,27.90,43.23,1008.89
6498,584.73,28.11,27.90,43.23,1008.89
6499,584.82,28.12,27.89,43.23,1008.89
6500,584.91,28.12,27.90,43.26,1008.89
6501,585.00,28.12,27.91,43.26,1008.89
6502,585.09,28.12,27.91,43.24,1008.89
6503,585.18,28.12,27.92,43.23,1008.89
6504,585.27,28.12,27.91,43.22,1008.89
6505,585.36,28.12,27.92,43.22,1008.93
6506,585.45,28.11,27.91,43.23,1008.89
6507,585.54,28.11,27.91,43.21,1008.89
6508,585.63,28.11,27.91,43.20,1008.89
6509,585.72,28.11,27.92,43.20,1008.89
6510,585.81,28.11,27.92,43.21,1008.89
6511,585.90,28.11,27.91,43.20,1008.89
6512,585.99,28.11,27.91,43.21,1008.89
6513,586.08,28.11,27.91,43.22,1008.89
6514,586.17,28.11,27.91,43.22,1008.89
6515,586.26,28.10,27.91,43.22,1008.89
6516,586.35,28.10,27.92,43.21,1008.89
6517,586.44,28.10,27.92,43.20,1008.89
6518,586.53,28.10,27.92,43.21,1008.89
6519,586.62,28.10,27.92,43.20,1008.89
6520,586.71,28.10,27.92,43.20,1008.89
6521,586.80,28.10,27.92,43.20,1008.89
6522,586.89,28.10,27.92,43.19,1008.89
6523,586.98,28.10,27.91,43.18,1008.89
6524,587.07,28.10,27.91,43.19,1008.89
6525,587.16,28.10,27.90,43.20,1008.89
6526,587.25,28.10,27.90,43.20,1008.89
6527,587.34,28.10,27.90,43.19,1008.89
6528,587.43,28.09,27.90,43.19,1008.89
6529,587.52,28.09,27.89,43.20,1008.89
6530,587.61,28.09,27.88,43.19,1008.89
6531,587.70,28.09,27.94,43.18,1008.89
6532,587.79,28.09,27.89,43.19,1008.89
6533,587.88,28.08,27.89,43.20,1008.89
6534,587.97,28.08,27.89,43.19,1008.89
6535,588.06,28.07,27.90,43.19,1008.89
6536,588.15,28.07,27.89,43.17,1008.89
6537,588.24,28.08,27.89,43.17,1008.88
6538,588.33,28.08,27.89,43.18,1008.88
6539,588.42,28.08,27.89,43.17,1008.88
6540,588.51,28.09,27.88,43.16,1008.88
6541,588.60,28.09,27.88,43.16,1008.88
6542,588.69,28.09,27.88,43.17,1008.89
6543,588.78,28.10,27.88,43.18,1008.88
6544,588.87,28.10,27.88,43.18,1008.88
6545,588.96,28.09,27.87,43.18,1008.89
6546,589.05,28.10,27.87,43.18,1008.89
6547,589.14,28.10,27.87,43.17,1008.89
6548,589.23,28.11,27.87,43.18,1008.89
6549,589.32,28.10,27.88,43.18,1008.89
6550,589.41,28.10,27.88,43.18,1008.89
6551,589.50,28.10,27.87,43.17,1008.89
6552,589.59,28.10,27.87,43.16,1008.89
6553,589.68,28.11,27.87,43.17,1008.89
6554,589.77,28.10,27.88,43.18,1008.89
6555,589.86,28.10,27.88,43.18,1008.90
6556,589.95,28.10,27.88,43.16,1008.90
6557,590.04,28.10,27.88,43.15,1008.90
6558,590.13,28.11,27.89,43.16,1008.90
6559,590.22,28.11,27.88,43.14,1008.90
6560,590.31,28.11,27.88,43.14,1008.90
6561,590.40,28.10,27.89,43.14,1008.90
6562,590.49,28.10,27.89,43.16,1008.91
6563,590.58,28.10,27.88,43.16,1008.91
6564,590.67,28.10,27.88,43.17,1008.91
6565,590.76,28.10,27.88,43.17,1008.91
6566,590.85,28.10,27.88,43.18,1008.91
6567,590.94,28.10,27.87,43.17,1008.91
6568,591.03,28.10,27.87,43.20,1008.91
6569,591.12,28.10,27.88,43.21,1008.91
6570,591.21,28.10,27.88,43.20,1008.91
6571,591.30,28.09,27.87,43.21,1008.91
6572,591.39,28.09,27.87,43.19,1008.91
6573,591.48,28.09,27.87,43.19,1008.91
6574,591.57,28.09,27.88,43.21,1008.91
6575,591.66,28.08,27.88,43.25,1008.91
6576,591.75,28.08,27.88,43.24,1008.91
6577,591.84,28.09,27.87,43.23,1008.91
6578,591.93,28.09,27.87,43.23,1008.90
6579,592.02,28.09,27.88,43.23,1008.90
6580,592.11,28.09,27.87,43.26,1008.90
6581,592.20,28.09,27.87,43.26,1008.90
6582,592.29,28.08,27.87,43.25,1008.90
6583,592.38,28.08,27.88,43.26,1008.90
6584,592.47,28.08,27.88,43.25,1008.90
6585,592.56,28.09,27.88,43.25,1008.90
6586,592.65,28.08,27.88,43.25,1008.90
6587,592.74,28.09,27.88,43.24,1008.90
6588,592.83,28.08,27.88,43.24,1008.90
6589,592.92,28.08,27.88,43.25,1008.90
6590,593.01,28.08,27.89,43.25,1008.89
6591,593.10,28.08,27.90,43.27,1008.89
6592,593.19,28.08,27.91,43.26,1008.89
6593,593.28,28.08,27.90,43.24,1008.89
6594,593.37,28.08,27.90,43.22,1008.89
6595,593.46,28.07,27.89,43.20,1008.89
6596,593.55,28.07,27.89,43.21,1008.89
6597,593.64,28.08,27.89,43.20,1008.89
6598,593.73,28.07,27.89,43.18,1008.89
6599,593.82,28.07,27.89,43.18,1008.89
6600,593.91,28.07,27.89,43.19,1008.88
6601,594.00,28.07,27.88,43.18,1008.88
6602,594.09,28.08,27.88,43.18,1008.88
6603,594.18,28.08,27.88,43.20,1008.88
6604,594.27,28.08,27.88,43.19,1008.88
6605,594.36,28.08,27.89,43.19,1008.88
6606,594.45,28.08,27.89,43.19,1008.88
6607,594.54,28.09,27.88,43.18,1008.88
6608,594.63,28.08,27.88,43.20,1008.88
6609,594.72,28.09,27.89,43.20,1008.88
6610,594.81,28.08,27.89,43.19,1008.88
6611,594.90,28.08,27.89,43.18,1008.89
6612,594.99,28.08,27.89,43.20,1008.88
6613,595.08,28.08,27.89,43.22,1008.89
6614,595.17,28.09,27.89,43.23,1008.89
6615,595.26,28.10,27.89,43.22,1008.88
6616,595.35,28.10,27.89,43.22,1008.89
6617,595.44,28.10,27.88,43.22,1008.89
6618,595.53,28.10,27.89,43.23,1008.89
6619,595.62,28.10,27.89,43.24,1008.89
6620,595.71,28.09,27.89,43.25,1008.89
6621,595.80,28.09,27.89,43.25,1008.89
6622,595.89,28.09,27.89,43.26,1008.89
6623,595.98,28.10,27.89,43.27,1008.89
6624,596.07,28.10,27.90,43.28,1008.89
6625,596.16,28.10,27.90,43.27,1008.89
6626,596.25,28.10,27.91,43.27,1008.89
6627,596.34,28.10,27.90,43.26,1008.89
6628,596.43,28.10,27.90,43.26,1008.89
6629,596.52,28.11,27.90,43.26,1008.89
6630,596.61,28.10,27.90,43.25,1008.89
6631,596.70,28.10,27.91,43.25,1008.89
6632,596.79,28.10,27.91,43.25,1008.90
6633,596.88,28.09,27.90,43.25,1008.89
6634,596.97,28.09,27.90,43.26,1008.89
6635,597.06,28.08,27.90,43.26,1008.89
6636,597.15,28.09,27.90,43.26,1008.89
6637,597.24,28.10,27.90,43.27,1008.89
6638,597.33,28.10,27.90,43.26,1008.90
6639,597.42,28.10,27.90,43.25,1008.89
6640,597.51,28.10,27.90,43.27,1008.89
6641,597.60,28.10,27.89,43.30,1008.89
6642,597.69,28.10,27.89,43.30,1008.89
6643,597.78,28.10,27.88,43.31,1008.89
6644,597.87,28.09,27.88,43.30,1008.89
6645,597.96,28.09,27.89,43.30,1008.89
6646,598.05,28.09,27.89,43.27,1008.89
6647,598.14,28.09,27.89,43.27,1008.89
6648,598.23,28.09,27.89,43.27,1008.88
6649,598.32,28.09,27.89,43.26,1008.88
6650,598.41,28.10,27.89,43.26,1008.88
6651,598.50,28.09,27.89,43.26,1008.88
6652,598.59,28.09,27.89,43.24,1008.88
6653,598.68,28.10,27.88,43.23,1008.88
6654,598.77,28.09,27.88,43.23,1008.88
6655,598.86,28.10,27.89,43.20,1008.88
6656,598.95,28.09,27.89,43.19,1008.88
6657,599.04,28.10,27.88,43.20,1008.88
6658,599.13,28.10,27.88,43.18,1008.88
6659,599.22,28.10,27.88,43.17,1008.88
6660,599.31,28.10,27.88,43.15,1008.88
6661,599.40,28.10,27.88,43.15,1008.87
6662,599.49,28.11,27.88,43.16,1008.88
6663,599.58,28.10,27.88,43.16,1008.88
6664,599.67,28.10,27.88,43.16,1008.88
6665,599.76,28.10,27.88,43.15,1008.88
6666,599.85,28.10,27.89,43.16,1008.88
6667,599.94,28.10,27.88,43.15,1008.88
