Index,Relative Time (s),PT100 (degC),BME280 T (degC),Humidity (%),Pressure (hPa)
1,0.00,45.00,43.97,41.66,1008.86
2,0.09,44.99,43.95,41.67,1008.86
3,0.18,44.98,43.94,41.69,1008.86
4,0.27,44.98,43.92,41.67,1008.86
5,0.36,44.96,43.91,41.68,1008.85
6,0.45,44.95,43.90,41.67,1008.85
7,0.54,44.94,43.89,41.69,1008.85
8,0.63,44.93,43.88,41.69,1008.86
9,0.72,44.92,43.87,41.69,1008.85
10,0.81,44.92,43.86,41.70,1008.85
11,0.90,44.90,43.85,41.70,1008.85
12,0.99,44.89,43.84,41.69,1008.85
13,1.08,44.89,43.84,41.69,1008.86
14,1.17,44.88,43.83,41.70,1008.86
15,1.26,44.86,43.82,41.70,1008.86
16,1.35,44.84,43.81,41.71,1008.86
17,1.44,44.83,43.80,41.70,1008.86
18,1.53,44.82,43.79,41.70,1008.86
19,1.62,44.81,43.78,41.70,1008.86
20,1.71,44.80,43.77,41.71,1008.86
21,1.80,44.79,43.76,41.71,1008.86
22,1.89,44.78,43.74,41.70,1008.86
23,1.98,44.77,43.73,41.70,1008.86
24,2.07,44.76,43.72,41.71,1008.86
25,2.16,44.76,43.72,41.70,1008.86
26,2.25,44.74,43.70,41.71,1008.86
27,2.34,44.73,43.69,41.70,1008.86
28,2.43,44.71,43.68,41.70,1008.87
29,2.52,44.70,43.67,41.70,1008.87
30,2.61,44.69,43.66,41.70,1008.87
31,2.70,44.68,43.65,41.69,1008.87
32,2.79,44.68,43.64,41.69,1008.87
33,2.88,44.67,43.63,41.68,1008.87
34,2.97,44.66,43.61,41.68,1008.87
35,3.06,44.64,43.61,41.69,1008.86
36,3.15,44.63,43.60,41.69,1008.86
37,3.24,44.62,43.59,41.70,1008.86
38,3.33,44.61,43.58,41.69,1008.86
39,3.42,44.59,43.57,41.69,1008.86
40,3.51,44.58,43.56,41.70,1008.86
41,3.60,44.57,43.56,41.71,1008.86
42,3.69,44.56,43.55,41.69,1008.86
43,3.78,44.55,43.54,41.69,1008.86
44,3.87,44.54,43.54,41.69,1008.86
45,3.96,44.53,43.53,41.70,1008.86
46,4.05,44.51,43.51,41.70,1008.86
47,4.14,44.50,43.50,41.69,1008.86
48,4.23,44.50,43.49,41.70,1008.86
49,4.32,44.48,43.48,41.69,1008.86
50,4.41,44.47,43.47,41.70,1008.87
51,4.50,44.47,43.46,41.70,1008.87
52,4.59,44.46,43.44,41.70,1008.87
53,4.68,44.44,43.43,41.70,1008.87
54,4.77,44.43,43.43,41.70,1008.87
55,4.86,44.42,43.42,41.71,1008.87
56,4.95,44.41,43.41,41.70,1008.87
57,5.04,44.39,43.40,41.70,1008.87
58,5.13,44.39,43.40,41.70,1008.87
59,5.22,44.38,43.39,41.70,1008.87
60,5.31,44.37,43.38,41.71,1008.87
61,5.40,44.36,43.37,41.71,1008.87
62,5.49,44.35,43.36,41.70,1008.87
63,5.58,44.34,43.36,41.70,1008.88
64,5.67,44.33,43.35,41.72,1008.87
65,5.76,44.31,43.34,41.71,1008.88
66,5.85,44.30,43.32,41.72,1008.87
67,5.94,44.29,43.31,41.72,1008.88
68,6.03,44.28,43.30,41.73,1008.88
69,6.12,44.27,43.29,41.71,1008.88
70,6.21,44.26,43.28,41.71,1008.88
71,6.30,44.24,43.28,41.69,1008.88
72,6.39,44.23,43.26,41.69,1008.88
73,6.48,44.22,43.25,41.68,1008.88
74,6.57,44.21,43.25,41.67,1008.87
75,6.66,44.20,43.24,41.68,1008.88
76,6.75,44.19,43.22,41.66,1008.87
77,6.84,44.17,43.21,41.66,1008.87
78,6.93,44.16,43.19,41.67,1008.87
79,7.02,44.16,43.19,41.68,1008.87
80,7.11,44.15,43.18,41.68,1008.87
81,7.20,44.13,43.18,41.68,1008.87
82,7.29,44.12,43.17,41.68,1008.87
83,7.38,44.11,43.16,41.69,1008.87
84,7.47,44.10,43.15,41.71,1008.87
85,7.56,44.09,43.14,41.72,1008.87
86,7.65,44.07,43.12,41.74,1008.87
87,7.74,44.06,43.10,41.73,1008.87
88,7.83,44.05,43.10,41.74,1008.86
89,7.92,44.05,43.09,41.74,1008.86
90,8.01,44.04,43.08,41.74,1008.86
91,8.10,44.02,43.06,41.74,1008.86
92,8.19,44.01,43.05,41.76,1008.86
93,8.28,44.00,43.05,41.76,1008.86
94,8.37,43.99,43.03,41.75,1008.86
95,8.46,43.98,43.01,41.74,1008.86
96,8.55,43.97,43.00,41.75,1008.86
97,8.64,43.96,42.99,41.73,1008.86
98,8.73,43.95,42.98,41.72,1008.86
99,8.82,43.94,42.97,41.72,1008.87
100,8.91,43.94,42.96,41.71,1008.87
101,9.00,43.92,42.94,41.70,1008.87
102,9.09,43.92,42.93,41.70,1008.87
103,9.18,43.91,42.92,41.69,1008.87
104,9.27,43.90,42.91,41.69,1008.88
105,9.36,43.89,42.90,41.69,1008.88
106,9.45,43.87,42.89,41.68,1008.88
107,9.54,43.86,42.88,41.69,1008.88
108,9.63,43.85,42.87,41.69,1008.88
109,9.72,43.84,42.87,41.68,1008.88
110,9.81,43.83,42.86,41.68,1008.88
111,9.90,43.82,42.93,41.70,1008.88
112,9.99,43.82,42.86,41.70,1008.89
113,10.08,43.80,42.81,41.69,1008.89
114,10.17,43.80,42.80,41.72,1008.89
115,10.26,43.79,42.79,41.73,1008.89
116,10.35,43.78,42.79,41.72,1008.89
117,10.44,43.77,42.78,41.73,1008.89
118,10.53,43.75,42.77,41.74,1008.89
119,10.62,43.74,42.77,41.73,1008.90
120,10.71,43.73,42.75,41.74,1008.90
121,10.80,43.72,42.73,41.74,1008.90
122,10.89,43.71,42.72,41.74,1008.90
123,10.98,43.70,42.71,41.74,1008.90
124,11.07,43.69,42.70,41.73,1008.90
125,11.16,43.68,42.69,41.75,1008.90
126,11.25,43.67,42.69,41.76,1008.90
127,11.34,43.66,42.68,41.76,1008.90
128,11.43,43.65,42.67,41.77,1008.90
129,11.52,43.64,42.66,41.78,1008.90
130,11.61,43.64,42.65,41.79,1008.90
131,11.70,43.63,42.65,41.78,1008.90
132,11.79,43.62,42.64,41.79,1008.90
133,11.88,43.62,42.64,41.80,1008.90
134,11.97,43.61,42.63,41.81,1008.90
135,12.06,43.60,42.63,41.80,1008.89
136,12.15,43.59,42.62,41.79,1008.89
137,12.24,43.58,42.61,41.80,1008.89
138,12.33,43.58,42.60,41.80,1008.89
139,12.42,43.57,42.58,41.79,1008.89
140,12.51,43.56,42.58,41.79,1008.89
141,12.60,43.54,42.56,41.80,1008.89
142,12.69,43.53,42.56,41.80,1008.89
143,12.78,43.53,42.55,41.78,1008.89
144,12.87,43.51,42.55,41.79,1008.89
145,12.96,43.51,42.54,41.80,1008.89
146,13.05,43.50,42.53,41.80,1008.88
147,13.14,43.49,42.52,41.79,1008.88
148,13.23,43.48,42.51,41.77,1008.88
149,13.32,43.47,42.50,41.79,1008.88
150,13.41,43.46,42.49,41.80,1008.88
151,13.50,43.45,42.48,41.79,1008.88
152,13.59,43.45,42.48,41.79,1008.88
153,13.68,43.44,42.47,41.79,1008.88
154,13.77,43.43,42.45,41.78,1008.88
155,13.86,43.42,42.45,41.78,1008.88
156,13.95,43.41,42.45,41.79,1008.88
157,14.04,43.40,42.43,41.77,1008.88
158,14.13,43.38,42.42,41.77,1008.88
159,14.22,43.37,42.41,41.78,1008.88
160,14.31,43.37,42.40,41.78,1008.88
161,14.40,43.36,42.39,41.77,1008.88
162,14.49,43.35,42.38,41.78,1008.88
163,14.58,43.34,42.37,41.78,1008.88
164,14.67,43.33,42.36,41.77,1008.88
165,14.76,43.32,42.35,41.77,1008.88
166,14.85,43.31,42.34,41.78,1008.88
167,14.94,43.30,42.33,41.78,1008.88
168,15.03,43.29,42.32,41.78,1008.88
169,15.12,43.28,42.31,41.77,1008.88
170,15.21,43.27,42.31,41.77,1008.88
171,15.30,43.26,42.30,41.76,1008.88
172,15.39,43.25,42.29,41.76,1008.88
173,15.48,43.24,42.28,41.76,1008.88
174,15.57,43.23,42.27,41.76,1008.88
175,15.66,43.22,42.26,41.74,1008.88
176,15.75,43.21,42.25,41.76,1008.88
177,15.84,43.20,42.24,41.78,1008.88
178,15.93,43.20,42.23,41.79,1008.88
179,16.02,43.19,42.22,41.79,1008.88
180,16.11,43.18,42.21,41.80,1008.88
181,16.20,43.16,42.20,41.78,1008.88
182,16.29,43.15,42.19,41.78,1008.88
183,16.38,43.14,42.18,41.79,1008.88
184,16.47,43.12,42.17,41.79,1008.88
185,16.56,43.12,42.16,41.79,1008.88
186,16.65,43.11,42.15,41.78,1008.88
187,16.74,43.09,42.15,41.79,1008.88
188,16.83,43.08,42.13,41.79,1008.88
189,16.92,43.08,42.12,41.79,1008.88
190,17.01,43.07,42.11,41.80,1008.88
191,17.10,43.06,42.10,41.80,1008.88
192,17.19,43.05,42.09,41.82,1008.87
193,17.28,43.04,42.08,41.82,1008.88
194,17.37,43.03,42.07,41.83,1008.87
195,17.46,43.02,42.06,41.83,1008.88
196,17.55,43.01,42.05,41.82,1008.88
197,17.64,43.00,42.04,41.83,1008.88
198,17.73,42.99,42.04,41.82,1008.88
199,17.82,42.98,42.03,41.82,1008.88
200,17.91,42.97,42.02,41.83,1008.88
201,18.00,42.96,42.01,41.83,1008.88
202,18.09,42.96,42.00,41.82,1008.88
203,18.18,42.95,41.99,41.81,1008.88
204,18.27,42.94,41.99,41.82,1008.88
205,18.36,42.93,41.97,41.81,1008.88
206,18.45,42.92,41.97,41.81,1008.88
207,18.54,42.91,41.94,41.81,1008.88
208,18.63,42.90,41.93,41.80,1008.88
209,18.72,42.89,41.92,41.80,1008.88
210,18.81,42.88,41.91,41.81,1008.88
211,18.90,42.87,41.90,41.81,1008.88
212,18.99,42.86,41.89,41.80,1008.88
213,19.08,42.85,41.90,41.81,1008.88
214,19.17,42.85,41.89,41.81,1008.88
215,19.26,42.83,41.88,41.81,1008.88
216,19.35,42.82,41.87,41.81,1008.88
217,19.44,42.81,41.86,41.83,1008.88
218,19.53,42.80,41.85,41.83,1008.87
219,19.62,42.79,41.84,41.84,1008.87
220,19.71,42.78,41.83,41.85,1008.87
221,19.80,42.77,41.83,41.84,1008.87
222,19.89,42.76,41.83,41.84,1008.87
223,19.98,42.75,41.81,41.82,1008.86
224,20.07,42.74,41.81,41.83,1008.86
225,20.16,42.73,41.79,41.84,1008.86
226,20.25,42.71,41.78,41.83,1008.86
227,20.34,42.70,41.77,41.83,1008.86
228,20.43,42.69,41.76,41.84,1008.86
229,20.52,42.68,41.75,41.84,1008.86
230,20.61,42.68,41.75,41.86,1008.86
231,20.70,42.67,41.73,41.87,1008.86
232,20.79,42.66,41.72,41.87,1008.86
233,20.88,42.65,41.71,41.86,1008.86
234,20.97,42.65,41.70,41.87,1008.86
235,21.06,42.64,41.69,41.87,1008.86
236,21.15,42.63,41.68,41.87,1008.86
237,21.24,42.62,41.67,41.86,1008.86
238,21.33,42.61,41.66,41.85,1008.86
239,21.42,42.60,41.66,41.85,1008.86
240,21.51,42.59,41.65,41.86,1008.86
241,21.60,42.57,41.63,41.86,1008.86
242,21.69,42.56,41.63,41.87,1008.86
243,21.78,42.54,41.62,41.87,1008.85
244,21.87,42.54,41.61,41.87,1008.85
245,21.96,42.53,41.60,41.86,1008.85
246,22.05,42.53,41.59,41.85,1008.85
247,22.14,42.52,41.58,41.83,1008.85
248,22.23,42.52,41.58,41.83,1008.86
249,22.32,42.51,41.57,41.83,1008.86
250,22.41,42.50,41.56,41.82,1008.86
251,22.50,42.49,41.55,41.84,1008.86
252,22.59,42.48,41.55,41.84,1008.86
253,22.68,42.47,41.54,41.84,1008.86
254,22.77,42.47,41.53,41.85,1008.86
255,22.86,42.46,41.53,41.84,1008.86
256,22.95,42.45,41.52,41.84,1008.86
257,23.04,42.44,41.50,41.84,1008.86
258,23.13,42.43,41.50,41.85,1008.86
259,23.22,42.43,41.50,41.84,1008.86
260,23.31,42.41,41.48,41.85,1008.86
261,23.40,42.40,41.47,41.84,1008.86
262,23.49,42.39,41.47,41.83,1008.86
263,23.58,42.38,41.47,41.83,1008.86
264,23.67,42.36,41.46,41.83,1008.86
265,23.76,42.35,41.45,41.84,1008.86
266,23.85,42.35,41.45,41.83,1008.86
267,23.94,42.33,41.44,41.82,1008.86
268,24.03,42.33,41.43,41.83,1008.86
269,24.12,42.32,41.42,41.84,1008.86
270,24.21,42.31,41.41,41.83,1008.86
271,24.30,42.30,41.40,41.84,1008.86
272,24.39,42.29,41.39,41.84,1008.86
273,24.48,42.28,41.38,41.84,1008.86
274,24.57,42.27,41.38,41.83,1008.86
275,24.66,42.26,41.36,41.83,1008.86
276,24.75,42.25,41.35,41.83,1008.86
277,24.84,42.24,41.34,41.84,1008.86
278,24.93,42.24,41.34,41.83,1008.86
279,25.02,42.22,41.33,41.84,1008.86
280,25.11,42.21,41.32,41.84,1008.86
281,25.20,42.20,41.31,41.82,1008.86
282,25.29,42.20,41.30,41.82,1008.86
283,25.38,42.19,41.29,41.81,1008.86
284,25.47,42.18,41.28,41.82,1008.86
285,25.56,42.17,41.28,41.82,1008.86
286,25.65,42.16,41.27,41.82,1008.86
287,25.74,42.15,41.26,41.81,1008.87
288,25.83,42.14,41.24,41.83,1008.87
289,25.92,42.14,41.24,41.82,1008.87
290,26.01,42.13,41.23,41.84,1008.87
291,26.10,42.12,41.22,41.85,1008.87
292,26.19,42.12,41.21,41.85,1008.87
293,26.28,42.11,41.19,41.87,1008.87
294,26.37,42.10,41.18,41.87,1008.87
295,26.46,42.09,41.17,41.88,1008.87
296,26.55,42.08,41.17,41.87,1008.87
297,26.64,42.08,41.16,41.88,1008.87
298,26.73,42.07,41.15,41.88,1008.86
299,26.82,42.06,41.14,41.89,1008.87
300,26.91,42.05,41.13,41.89,1008.87
301,27.00,42.04,41.12,41.89,1008.87
302,27.09,42.03,41.11,41.89,1008.87
303,27.18,42.02,41.10,41.90,1008.87
304,27.27,42.01,41.09,41.89,1008.87
305,27.36,42.00,41.07,41.87,1008.87
306,27.45,42.00,41.06,41.85,1008.87
307,27.54,41.98,41.06,41.84,1008.87
308,27.63,41.97,41.05,41.83,1008.87
309,27.72,41.96,41.05,41.82,1008.87
310,27.81,41.95,41.04,41.81,1008.87
311,27.90,41.95,41.03,41.80,1008.87
312,27.99,41.94,41.03,41.80,1008.87
313,28.08,41.93,41.02,41.79,1008.87
314,28.17,41.93,41.01,41.78,1008.87
315,28.26,41.92,41.00,41.78,1008.87
316,28.35,41.91,40.99,41.78,1008.87
317,28.44,41.90,40.98,41.77,1008.87
318,28.53,41.88,40.97,41.79,1008.87
319,28.62,41.88,40.95,41.80,1008.87
320,28.71,41.87,40.94,41.81,1008.87
321,28.80,41.87,40.93,41.82,1008.87
322,28.89,41.86,40.93,41.83,1008.88
323,28.98,41.85,40.92,41.84,1008.87
324,29.07,41.84,40.91,41.85,1008.88
325,29.16,41.83,40.91,41.85,1008.88
326,29.25,41.82,40.90,41.85,1008.88
327,29.34,41.81,40.89,41.87,1008.88
328,29.43,41.80,40.88,41.87,1008.88
329,29.52,41.80,40.88,41.87,1008.88
330,29.61,41.79,40.87,41.88,1008.88
331,29.70,41.78,40.85,41.89,1008.88
332,29.79,41.77,40.84,41.89,1008.88
333,29.88,41.77,40.83,41.89,1008.88
334,29.97,41.76,40.82,41.89,1008.88
335,30.06,41.76,40.82,41.88,1008.88
336,30.15,41.75,40.81,41.87,1008.88
337,30.24,41.74,40.81,41.87,1008.88
338,30.33,41.73,40.80,41.88,1008.88
339,30.42,41.72,40.79,41.89,1008.87
340,30.51,41.70,40.78,41.89,1008.87
341,30.60,41.69,40.77,41.88,1008.87
342,30.69,41.69,40.76,41.87,1008.87
343,30.78,41.68,40.76,41.88,1008.87
344,30.87,41.66,40.75,41.88,1008.87
345,30.96,41.65,40.73,41.87,1008.87
346,31.05,41.64,40.72,41.86,1008.87
347,31.14,41.63,40.71,41.86,1008.87
348,31.23,41.63,40.70,41.84,1008.87
349,31.32,41.62,40.70,41.84,1008.87
350,31.41,41.61,40.69,41.83,1008.87
351,31.50,41.60,40.68,41.83,1008.87
352,31.59,41.59,40.67,41.83,1008.87
353,31.68,41.58,40.67,41.83,1008.87
354,31.77,41.56,40.66,41.83,1008.87
355,31.86,41.56,40.65,41.84,1008.87
356,31.95,41.55,40.64,41.84,1008.88
357,32.04,41.54,40.64,41.83,1008.87
358,32.13,41.53,40.63,41.82,1008.88
359,32.22,41.52,40.62,41.81,1008.88
360,32.31,41.52,40.62,41.80,1008.88
361,32.40,41.50,40.61,41.80,1008.88
362,32.49,41.50,40.60,41.80,1008.88
363,32.58,41.49,40.59,41.81,1008.88
364,32.67,41.48,40.58,41.81,1008.88
365,32.76,41.47,40.58,41.79,1008.88
366,32.85,41.46,40.58,41.78,1008.88
367,32.94,41.46,40.57,41.77,1008.89
368,33.03,41.45,40.57,41.76,1008.89
369,33.12,41.44,40.56,41.75,1008.89
370,33.21,41.43,40.55,41.75,1008.89
371,33.30,41.42,40.53,41.74,1008.89
372,33.39,41.41,40.52,41.74,1008.89
373,33.48,41.40,40.51,41.74,1008.89
374,33.57,41.39,40.51,41.76,1008.89
375,33.66,41.38,40.50,41.77,1008.89
376,33.75,41.37,40.49,41.78,1008.90
377,33.84,41.35,40.49,41.77,1008.90
378,33.93,41.34,40.48,41.78,1008.90
379,34.02,41.33,40.47,41.77,1008.90
380,34.11,41.32,40.46,41.76,1008.90
381,34.20,41.31,40.46,41.76,1008.90
382,34.29,41.30,40.45,41.75,1008.90
383,34.38,41.29,40.44,41.75,1008.90
384,34.47,41.29,40.43,41.74,1008.90
385,34.56,41.28,40.43,41.74,1008.90
386,34.65,41.26,40.42,41.74,1008.90
387,34.74,41.26,40.41,41.75,1008.90
388,34.83,41.25,40.40,41.74,1008.90
389,34.92,41.24,40.39,41.73,1008.90
390,35.01,41.24,40.38,41.74,1008.90
391,35.10,41.23,40.38,41.74,1008.90
392,35.19,41.22,40.37,41.73,1008.90
393,35.28,41.21,40.37,41.73,1008.90
394,35.37,41.21,40.35,41.73,1008.90
395,35.46,41.20,40.35,41.72,1008.90
396,35.55,41.19,40.33,41.73,1008.90
397,35.64,41.19,40.32,41.72,1008.90
398,35.73,41.18,40.31,41.72,1008.89
399,35.82,41.17,40.30,41.73,1008.89
400,35.91,41.17,40.30,41.71,1008.89
401,36.00,41.17,40.28,41.70,1008.89
402,36.09,41.15,40.28,41.69,1008.89
403,36.18,41.14,40.27,41.69,1008.89
404,36.27,41.13,40.26,41.70,1008.88
405,36.36,41.12,40.25,41.70,1008.88
406,36.45,41.11,40.24,41.69,1008.88
407,36.54,41.10,40.23,41.70,1008.88
408,36.63,41.10,40.22,41.69,1008.88
409,36.72,41.09,40.22,41.71,1008.88
410,36.81,41.08,40.20,41.71,1008.88
411,36.90,41.08,40.19,41.71,1008.88
412,36.99,41.08,40.18,41.70,1008.88
413,37.08,41.07,40.17,41.70,1008.88
414,37.17,41.06,40.17,41.70,1008.88
415,37.26,41.06,40.16,41.70,1008.88
416,37.35,41.05,40.14,41.71,1008.88
417,37.44,41.04,40.14,41.70,1008.87
418,37.53,41.03,40.13,41.70,1008.87
419,37.62,41.02,40.12,41.69,1008.88
420,37.71,41.01,40.12,41.70,1008.88
421,37.80,41.00,40.05,41.69,1008.88
422,37.89,40.99,40.07,41.69,1008.87
423,37.98,40.98,40.10,41.70,1008.88
424,38.07,40.97,40.09,41.70,1008.88
425,38.16,40.97,40.08,41.70,1008.87
426,38.25,40.96,40.07,41.70,1008.87
427,38.34,40.95,40.07,41.68,1008.87
428,38.43,40.94,40.06,41.69,1008.87
429,38.52,40.93,40.05,41.70,1008.87
430,38.61,40.92,40.06,41.70,1008.87
431,38.70,40.91,40.05,41.72,1008.87
432,38.79,40.90,40.03,41.73,1008.87
433,38.88,40.90,40.03,41.74,1008.87
434,38.97,40.89,40.02,41.75,1008.87
435,39.06,40.89,40.01,41.74,1008.87
436,39.15,40.88,40.00,41.75,1008.87
437,39.24,40.87,39.99,41.75,1008.87
438,39.33,40.87,39.98,41.75,1008.87
439,39.42,40.86,39.97,41.75,1008.87
440,39.51,40.85,39.97,41.76,1008.87
441,39.60,40.85,39.97,41.77,1008.86
442,39.69,40.84,39.96,41.76,1008.86
443,39.78,40.84,39.95,41.77,1008.86
444,39.87,40.82,39.95,41.76,1008.86
445,39.96,40.81,39.94,41.76,1008.86
446,40.05,40.81,39.93,41.76,1008.86
447,40.14,40.80,39.93,41.76,1008.86
448,40.23,40.80,39.92,41.77,1008.86
449,40.32,40.79,39.92,41.76,1008.86
450,40.41,40.78,39.92,41.77,1008.86
451,40.50,40.77,39.91,41.78,1008.86
452,40.59,40.77,39.90,41.78,1008.86
453,40.68,40.76,39.89,41.77,1008.86
454,40.77,40.76,39.89,41.77,1008.87
455,40.86,40.75,39.88,41.76,1008.86
456,40.95,40.75,39.87,41.78,1008.87
457,41.04,40.74,39.86,41.76,1008.87
458,41.13,40.73,39.86,41.76,1008.87
459,41.22,40.72,39.85,41.76,1008.87
460,41.31,40.72,39.84,41.76,1008.87
461,41.40,40.70,39.83,41.77,1008.87
462,41.49,40.69,39.82,41.78,1008.87
463,41.58,40.68,39.82,41.79,1008.87
464,41.67,40.67,39.81,41.78,1008.87
465,41.76,40.66,39.80,41.77,1008.87
466,41.85,40.65,39.79,41.77,1008.87
467,41.94,40.64,39.79,41.77,1008.88
468,42.03,40.64,39.78,41.77,1008.88
469,42.12,40.63,39.77,41.79,1008.88
470,42.21,40.62,39.77,41.78,1008.88
471,42.30,40.61,39.76,41.79,1008.88
472,42.39,40.60,39.75,41.78,1008.88
473,42.48,40.60,39.74,41.79,1008.88
474,42.57,40.58,39.73,41.79,1008.88
475,42.66,40.57,39.72,41.79,1008.88
476,42.75,40.56,39.72,41.79,1008.88
477,42.84,40.55,39.71,41.80,1008.88
478,42.93,40.54,39.70,41.81,1008.87
479,43.02,40.53,39.69,41.81,1008.87
480,43.11,40.53,39.68,41.82,1008.87
481,43.20,40.51,39.67,41.82,1008.87
482,43.29,40.51,39.67,41.81,1008.87
483,43.38,40.50,39.66,41.82,1008.87
484,43.47,40.49,39.65,41.81,1008.87
485,43.56,40.48,39.64,41.81,1008.86
486,43.65,40.48,39.63,41.80,1008.86
487,43.74,40.47,39.62,41.79,1008.86
488,43.83,40.46,39.61,41.80,1008.85
489,43.92,40.46,39.61,41.80,1008.85
490,44.01,40.44,39.60,41.79,1008.85
491,44.10,40.44,39.59,41.79,1008.85
492,44.19,40.43,39.59,41.80,1008.85
493,44.28,40.42,39.57,41.79,1008.85
494,44.37,40.41,39.57,41.79,1008.84
495,44.46,40.41,39.55,41.81,1008.84
496,44.55,40.40,39.54,41.82,1008.84
497,44.64,40.39,39.53,41.82,1008.84
498,44.73,40.39,39.53,41.82,1008.84
499,44.82,40.38,39.52,41.83,1008.84
500,44.91,40.37,39.50,41.82,1008.84
501,45.00,40.36,39.49,41.82,1008.84
502,45.09,40.34,39.48,41.80,1008.84
503,45.18,40.34,39.47,41.80,1008.84
504,45.27,40.33,39.46,41.79,1008.84
505,45.36,40.32,39.46,41.78,1008.84
506,45.45,40.31,39.46,41.78,1008.84
507,45.54,40.30,39.44,41.78,1008.84
508,45.63,40.30,39.44,41.78,1008.84
509,45.72,40.28,39.43,41.78,1008.85
510,45.81,40.28,39.43,41.76,1008.85
511,45.90,40.27,39.43,41.75,1008.85
512,45.99,40.26,39.42,41.76,1008.85
513,46.08,40.25,39.41,41.77,1008.85
514,46.17,40.24,39.40,41.78,1008.85
515,46.26,40.23,39.40,41.77,1008.86
516,46.35,40.22,39.39,41.75,1008.86
517,46.44,40.22,39.38,41.76,1008.86
518,46.53,40.21,39.36,41.76,1008.86
519,46.62,40.20,39.35,41.78,1008.86
520,46.71,40.20,39.34,41.78,1008.86
521,46.80,40.19,39.34,41.78,1008.87
522,46.89,40.18,39.33,41.78,1008.87
523,46.98,40.17,39.33,41.79,1008.87
524,47.07,40.17,39.32,41.79,1008.87
525,47.16,40.16,39.31,41.80,1008.87
526,47.25,40.16,39.30,41.80,1008.87
527,47.34,40.15,39.30,41.80,1008.87
528,47.43,40.15,39.29,41.79,1008.87
529,47.52,40.13,39.29,41.79,1008.87
530,47.61,40.13,39.29,41.79,1008.87
531,47.70,40.12,39.28,41.81,1008.88
532,47.79,40.11,39.26,41.81,1008.88
533,47.88,40.10,39.26,41.80,1008.87
534,47.97,40.09,39.26,41.78,1008.87
535,48.06,40.08,39.25,41.79,1008.87
536,48.15,40.07,39.24,41.78,1008.87
537,48.24,40.06,39.23,41.78,1008.87
538,48.33,40.06,39.22,41.77,1008.87
539,48.42,40.05,39.22,41.78,1008.87
540,48.51,40.04,39.21,41.80,1008.87
541,48.60,40.03,39.20,41.80,1008.87
542,48.69,40.02,39.20,41.80,1008.87
543,48.78,40.01,39.19,41.80,1008.87
544,48.87,40.00,39.19,41.81,1008.87
545,48.96,40.00,39.18,41.83,1008.87
546,49.05,39.99,39.17,41.85,1008.87
547,49.14,39.98,39.16,41.85,1008.87
548,49.23,39.97,39.16,41.86,1008.87
549,49.32,39.96,39.14,41.88,1008.87
550,49.41,39.96,39.15,41.88,1008.87
551,49.50,39.95,39.13,41.88,1008.87
552,49.59,39.94,39.13,41.90,1008.87
553,49.68,39.94,39.13,41.91,1008.88
554,49.77,39.94,39.12,41.89,1008.88
555,49.86,39.93,39.11,41.90,1008.88
556,49.95,39.92,39.10,41.89,1008.88
557,50.04,39.92,39.10,41.89,1008.88
558,50.13,39.91,39.09,41.89,1008.88
559,50.22,39.91,39.08,41.88,1008.88
560,50.31,39.90,39.07,41.88,1008.88
561,50.40,39.89,39.06,41.88,1008.88
562,50.49,39.88,39.06,41.87,1008.88
563,50.58,39.87,39.05,41.86,1008.88
564,50.67,39.87,39.05,41.85,1008.88
565,50.76,39.86,39.04,41.85,1008.88
566,50.85,39.93,39.03,41.84,1008.88
567,50.94,39.87,39.02,41.83,1008.88
568,51.03,39.85,39.02,41.82,1008.88
569,51.12,39.83,39.01,41.82,1008.88
570,51.21,39.82,39.00,41.81,1008.88
571,51.30,39.81,39.00,41.82,1008.88
572,51.39,39.81,38.99,41.79,1008.89
573,51.48,39.81,38.98,41.79,1008.89
574,51.57,39.80,38.97,41.78,1008.89
575,51.66,39.79,38.96,41.76,1008.89
576,51.75,39.78,38.96,41.78,1008.89
577,51.84,39.77,38.95,41.78,1008.89
578,51.93,39.76,38.94,41.76,1008.89
579,52.02,39.75,38.93,41.76,1008.89
580,52.11,39.75,38.92,41.75,1008.89
581,52.20,39.74,38.91,41.75,1008.89
582,52.29,39.73,38.91,41.76,1008.89
583,52.38,39.72,38.90,41.75,1008.88
584,52.47,39.72,38.90,41.75,1008.88
585,52.56,39.71,38.89,41.74,1008.89
586,52.65,39.70,38.88,41.74,1008.89
587,52.74,39.69,38.87,41.75,1008.89
588,52.83,39.69,38.87,41.74,1008.89
589,52.92,39.68,38.86,41.73,1008.88
590,53.01,39.66,38.86,41.75,1008.89
591,53.10,39.66,38.85,41.73,1008.88
592,53.19,39.65,38.83,41.74,1008.88
593,53.28,39.64,38.83,41.72,1008.88
594,53.37,39.63,38.82,41.72,1008.88
595,53.46,39.62,38.82,41.74,1008.88
596,53.55,39.62,38.81,41.73,1008.88
597,53.64,39.61,38.80,41.73,1008.88
598,53.73,39.60,38.79,41.72,1008.88
599,53.82,39.58,38.78,41.71,1008.88
600,53.91,39.58,38.78,41.72,1008.88
601,54.00,39.57,38.78,41.71,1008.88
602,54.09,39.57,38.77,41.70,1008.88
603,54.18,39.56,38.76,41.70,1008.88
604,54.27,39.56,38.75,41.71,1008.88
605,54.36,39.55,38.74,41.71,1008.88
606,54.45,39.54,38.74,41.72,1008.88
607,54.54,39.53,38.72,41.74,1008.88
608,54.63,39.53,38.72,41.75,1008.89
609,54.72,39.52,38.71,41.76,1008.89
610,54.81,39.52,38.70,41.73,1008.88
611,54.90,39.52,38.69,41.73,1008.88
612,54.99,39.51,38.68,41.73,1008.89
613,55.08,39.51,38.66,41.73,1008.89
614,55.17,39.50,38.66,41.74,1008.89
615,55.26,39.49,38.65,41.75,1008.88
616,55.35,39.48,38.64,41.75,1008.89
617,55.44,39.47,38.63,41.76,1008.89
618,55.53,39.47,38.62,41.77,1008.89
619,55.62,39.46,38.62,41.76,1008.89
620,55.71,39.46,38.62,41.74,1008.89
621,55.80,39.45,38.61,41.74,1008.89
622,55.89,39.45,38.61,41.75,1008.89
623,55.98,39.43,38.60,41.76,1008.89
624,56.07,39.42,38.59,41.77,1008.89
625,56.16,39.42,38.59,41.78,1008.89
626,56.25,39.41,38.58,41.79,1008.89
627,56.34,39.40,38.57,41.79,1008.89
628,56.43,39.39,38.57,41.77,1008.89
629,56.52,39.37,38.57,41.76,1008.89
630,56.61,39.35,38.56,41.77,1008.89
631,56.70,39.34,38.56,41.78,1008.89
632,56.79,39.31,38.56,41.76,1008.89
633,56.88,39.30,38.55,41.75,1008.89
634,56.97,39.30,38.54,41.76,1008.89
635,57.06,39.30,38.54,41.76,1008.89
636,57.15,39.30,38.54,41.77,1008.89
637,57.24,39.31,38.53,41.78,1008.89
638,57.33,39.31,38.53,41.78,1008.89
639,57.42,39.31,38.52,41.77,1008.89
640,57.51,39.31,38.51,41.79,1008.89
641,57.60,39.30,38.51,41.78,1008.89
642,57.69,39.30,38.50,41.78,1008.89
643,57.78,39.29,38.50,41.79,1008.88
644,57.87,39.29,38.50,41.81,1008.88
645,57.96,39.28,38.50,41.81,1008.89
646,58.05,39.27,38.50,41.82,1008.89
647,58.14,39.27,38.50,41.82,1008.89
648,58.23,39.26,38.50,41.81,1008.91
649,58.32,39.26,38.49,41.80,1008.89
650,58.41,39.25,38.48,41.79,1008.89
651,58.50,39.24,38.48,41.78,1008.89
652,58.59,39.23,38.48,41.78,1008.89
653,58.68,39.22,38.47,41.78,1008.90
654,58.77,39.22,38.46,41.78,1008.89
655,58.86,39.21,38.45,41.78,1008.89
656,58.95,39.20,38.45,41.78,1008.90
657,59.04,39.19,38.43,41.79,1008.89
658,59.13,39.19,38.43,41.79,1008.89
659,59.22,39.18,38.42,41.80,1008.89
660,59.31,39.17,38.40,41.81,1008.89
661,59.40,39.16,38.40,41.82,1008.89
662,59.49,39.15,38.39,41.83,1008.89
663,59.58,39.14,38.38,41.82,1008.89
664,59.67,39.13,38.36,41.82,1008.89
665,59.76,39.12,38.36,41.82,1008.89
666,59.85,39.12,38.35,41.81,1008.89
667,59.94,39.11,38.35,41.82,1008.89
668,60.03,39.10,38.33,41.81,1008.89
669,60.12,39.09,38.33,41.82,1008.89
670,60.21,39.09,38.32,41.82,1008.88
671,60.30,39.08,38.30,41.81,1008.88
672,60.39,39.07,38.29,41.80,1008.88
673,60.48,39.07,38.28,41.81,1008.88
674,60.57,39.06,38.28,41.80,1008.87
675,60.66,39.05,38.27,41.79,1008.87
676,60.75,39.04,38.26,41.78,1008.87
677,60.84,39.03,38.25,41.78,1008.87
678,60.93,39.03,38.25,41.79,1008.87
679,61.02,39.03,38.24,41.78,1008.87
680,61.11,39.02,38.24,41.79,1008.86
681,61.20,39.02,38.23,41.77,1008.86
682,61.29,39.02,38.23,41.79,1008.86
683,61.38,39.01,38.23,41.78,1008.86
684,61.47,39.00,38.22,41.76,1008.86
685,61.56,38.99,38.21,41.76,1008.86
686,61.65,38.98,38.20,41.74,1008.86
687,61.74,38.97,38.20,41.75,1008.86
688,61.83,38.96,38.19,41.75,1008.86
689,61.92,38.95,38.18,41.74,1008.86
690,62.01,38.94,38.17,41.75,1008.86
691,62.10,38.93,38.17,41.76,1008.85
692,62.19,38.93,38.16,41.76,1008.85
693,62.28,38.92,38.15,41.75,1008.85
694,62.37,38.91,38.14,41.76,1008.85
695,62.46,38.90,38.14,41.77,1008.85
696,62.55,38.89,38.13,41.76,1008.85
697,62.64,38.89,38.12,41.77,1008.85
698,62.73,38.89,38.11,41.78,1008.85
699,62.82,38.88,38.10,41.79,1008.86
700,62.91,38.87,38.10,41.79,1008.86
701,63.00,38.87,38.09,41.80,1008.86
702,63.09,38.86,38.08,41.80,1008.86
703,63.18,38.85,38.06,41.80,1008.86
704,63.27,38.84,38.06,41.81,1008.86
705,63.36,38.83,38.05,41.80,1008.86
706,63.45,38.83,38.04,41.81,1008.86
707,63.54,38.83,38.04,41.79,1008.86
708,63.63,38.82,38.04,41.81,1008.86
709,63.72,38.82,38.03,41.81,1008.86
710,63.81,38.81,38.03,41.81,1008.86
711,63.90,38.80,38.02,41.80,1008.86
712,63.99,38.80,38.02,41.81,1008.86
713,64.08,38.79,38.01,41.80,1008.86
714,64.17,38.78,38.00,41.81,1008.86
715,64.26,38.77,37.99,41.82,1008.86
716,64.35,38.77,37.99,41.81,1008.86
717,64.44,38.77,37.98,41.80,1008.86
718,64.53,38.76,37.97,41.80,1008.86
719,64.62,38.75,37.96,41.79,1008.87
720,64.71,38.74,37.95,41.80,1008.87
721,64.80,38.73,37.94,41.80,1008.87
722,64.89,38.73,37.93,41.81,1008.87
723,64.98,38.72,37.93,41.81,1008.87
724,65.07,38.71,37.92,41.80,1008.87
725,65.16,38.70,37.91,41.80,1008.87
726,65.25,38.70,37.91,41.81,1008.87
727,65.34,38.69,37.90,41.81,1008.87
728,65.43,38.68,37.89,41.81,1008.87
729,65.52,38.77,37.89,41.81,1008.87
730,65.61,38.71,37.89,41.81,1008.87
731,65.70,38.66,37.88,41.82,1008.87
732,65.79,38.66,37.88,41.84,1008.87
733,65.88,38.65,37.87,41.83,1008.87
734,65.97,38.64,37.86,41.83,1008.87
735,66.06,38.64,37.86,41.83,1008.87
736,66.15,38.63,37.85,41.84,1008.87
737,66.24,38.62,37.84,41.84,1008.87
738,66.33,38.61,37.84,41.85,1008.87
739,66.42,38.61,37.82,41.84,1008.87
740,66.51,38.60,37.81,41.84,1008.86
741,66.60,38.60,37.81,41.86,1008.86
742,66.69,38.59,37.81,41.86,1008.86
743,66.78,38.60,37.80,41.88,1008.86
744,66.87,38.59,37.80,41.87,1008.86
745,66.96,38.59,37.80,41.87,1008.86
746,67.05,38.59,37.79,41.87,1008.86
747,67.14,38.59,37.78,41.87,1008.86
748,67.23,38.57,37.77,41.87,1008.86
749,67.32,38.57,37.76,41.88,1008.86
750,67.41,38.56,37.75,41.87,1008.86
751,67.50,38.55,37.75,41.87,1008.86
752,67.59,38.54,37.74,41.87,1008.86
753,67.68,38.53,37.74,41.88,1008.86
754,67.77,38.52,37.73,41.88,1008.85
755,67.86,38.52,37.73,41.87,1008.86
756,67.95,38.51,37.72,41.87,1008.86
757,68.04,38.51,37.71,41.87,1008.86
758,68.13,38.51,37.70,41.85,1008.86
759,68.22,38.50,37.70,41.86,1008.86
760,68.31,38.49,37.70,41.86,1008.86
761,68.40,38.49,37.69,41.86,1008.85
762,68.49,38.48,37.69,41.86,1008.85
763,68.58,38.47,37.69,41.87,1008.85
764,68.67,38.46,37.68,41.87,1008.85
765,68.76,38.45,37.67,41.87,1008.85
766,68.85,38.44,37.67,41.88,1008.85
767,68.94,38.43,37.67,41.89,1008.85
768,69.03,38.42,37.65,41.90,1008.85
769,69.12,38.42,37.65,41.91,1008.85
770,69.21,38.41,37.64,41.92,1008.85
771,69.30,38.40,37.63,41.92,1008.85
772,69.39,38.40,37.62,41.91,1008.85
773,69.48,38.39,37.61,41.91,1008.85
774,69.57,38.39,37.60,41.92,1008.85
775,69.66,38.39,37.60,41.91,1008.85
776,69.75,38.39,37.59,41.91,1008.86
777,69.84,38.38,37.58,41.93,1008.86
778,69.93,38.37,37.57,41.91,1008.86
779,70.02,38.36,37.58,41.90,1008.86
780,70.11,38.36,37.57,41.91,1008.86
781,70.20,38.35,37.56,41.91,1008.87
782,70.29,38.34,37.56,41.90,1008.87
783,70.38,38.33,37.56,41.89,1008.87
784,70.47,38.32,37.55,41.90,1008.87
785,70.56,38.32,37.54,41.89,1008.87
786,70.65,38.31,37.53,41.88,1008.87
787,70.74,38.31,37.53,41.89,1008.87
788,70.83,38.30,37.53,41.89,1008.87
789,70.92,38.29,37.51,41.89,1008.87
790,71.01,38.28,37.51,41.88,1008.87
791,71.10,38.27,37.51,41.88,1008.87
792,71.19,38.27,37.50,41.87,1008.88
793,71.28,38.26,37.50,41.88,1008.88
794,71.37,38.26,37.49,41.88,1008.88
795,71.46,38.25,37.49,41.87,1008.88
796,71.55,38.24,37.48,41.88,1008.88
797,71.64,38.24,37.48,41.88,1008.88
798,71.73,38.23,37.47,41.86,1008.88
799,71.82,38.23,37.46,41.86,1008.88
800,71.91,38.22,37.45,41.86,1008.88
801,72.00,38.22,37.45,41.87,1008.88
802,72.09,38.21,37.44,41.86,1008.88
803,72.18,38.20,37.43,41.86,1008.88
804,72.27,38.20,37.43,41.87,1008.88
805,72.36,38.19,37.42,41.86,1008.88
806,72.45,38.18,37.41,41.86,1008.88
807,72.54,38.18,37.41,41.85,1008.88
808,72.63,38.18,37.40,41.86,1008.88
809,72.72,38.17,37.40,41.87,1008.88
810,72.81,38.16,37.39,41.87,1008.88
811,72.90,38.16,37.38,41.86,1008.88
812,72.99,38.15,37.38,41.87,1008.88
813,73.08,38.14,37.37,41.87,1008.88
814,73.17,38.14,37.37,41.88,1008.88
815,73.26,38.13,37.36,41.89,1008.88
816,73.35,38.11,37.36,41.90,1008.88
817,73.44,38.11,37.35,41.91,1008.88
818,73.53,38.10,37.35,41.90,1008.88
819,73.62,38.09,37.34,41.89,1008.88
820,73.71,38.09,37.33,41.89,1008.88
821,73.80,38.08,37.33,41.89,1008.88
822,73.89,38.07,37.31,41.88,1008.88
823,73.98,38.07,37.31,41.86,1008.88
824,74.07,38.06,37.30,41.86,1008.88
825,74.16,38.04,37.30,41.85,1008.88
826,74.25,38.04,37.29,41.85,1008.88
827,74.34,38.04,37.28,41.86,1008.88
828,74.43,38.02,37.27,41.87,1008.88
829,74.52,38.02,37.27,41.87,1008.88
830,74.61,38.01,37.27,41.87,1008.88
831,74.70,38.00,37.26,41.88,1008.88
832,74.79,38.00,37.25,41.89,1008.88
833,74.88,37.99,37.24,41.89,1008.88
834,74.97,37.98,37.23,41.89,1008.88
835,75.06,37.98,37.22,41.89,1008.88
836,75.15,37.98,37.22,41.90,1008.88
837,75.24,37.98,37.21,41.90,1008.88
838,75.33,37.97,37.21,41.91,1008.88
839,75.42,37.97,37.20,41.91,1008.88
840,75.51,37.97,37.19,41.93,1008.88
841,75.60,37.96,37.19,41.93,1008.88
842,75.69,37.96,37.18,41.94,1008.88
843,75.78,37.95,37.18,41.95,1008.88
844,75.87,37.94,37.17,41.95,1008.88
845,75.96,37.93,37.17,41.95,1008.88
846,76.05,37.92,37.16,41.93,1008.88
847,76.14,37.91,37.16,41.93,1008.88
848,76.23,37.91,37.15,41.92,1008.88
849,76.32,37.90,37.15,41.90,1008.88
850,76.41,37.88,37.15,41.89,1008.88
851,76.50,37.88,37.14,41.88,1008.88
852,76.59,37.87,37.12,41.88,1008.88
853,76.68,37.87,37.12,41.89,1008.88
854,76.77,37.86,37.11,41.89,1008.88
855,76.86,37.85,37.10,41.89,1008.88
856,76.95,37.85,37.10,41.88,1008.88
857,77.04,37.84,37.09,41.89,1008.88
858,77.13,37.84,37.08,41.89,1008.88
859,77.22,37.89,37.08,41.91,1008.88
860,77.31,37.82,37.08,41.91,1008.88
861,77.40,37.83,37.07,41.92,1008.88
862,77.49,37.81,37.06,41.92,1008.88
863,77.58,37.80,37.06,41.93,1008.88
864,77.67,37.80,37.05,41.93,1008.88
865,77.76,37.79,37.04,41.94,1008.88
866,77.85,37.79,37.03,41.95,1008.88
867,77.94,37.79,37.03,41.95,1008.88
868,78.03,37.78,37.03,41.95,1008.88
869,78.12,37.77,37.02,41.94,1008.88
870,78.21,37.77,37.02,41.93,1008.88
871,78.30,37.76,37.01,41.93,1008.89
872,78.39,37.75,37.01,41.93,1008.89
873,78.48,37.75,37.00,41.93,1008.89
874,78.57,37.74,36.99,41.95,1008.89
875,78.66,37.74,36.99,41.96,1008.89
876,78.75,37.73,36.99,41.95,1008.88
877,78.84,37.73,36.98,41.97,1008.88
878,78.93,37.73,36.97,41.96,1008.88
879,79.02,37.72,36.96,41.95,1008.88
880,79.11,37.72,36.96,41.94,1008.88
881,79.20,37.71,36.96,41.95,1008.89
882,79.29,37.70,36.95,41.95,1008.89
883,79.38,37.69,36.94,41.95,1008.89
884,79.47,37.68,36.94,41.95,1008.89
885,79.56,37.68,36.93,41.94,1008.89
886,79.65,37.68,36.92,41.94,1008.88
887,79.74,37.67,36.92,41.96,1008.89
888,79.83,37.66,36.91,41.96,1008.89
889,79.92,37.66,36.90,41.96,1008.89
890,80.01,37.65,36.90,41.96,1008.89
891,80.10,37.64,36.89,41.95,1008.88
892,80.19,37.63,36.89,41.97,1008.88
893,80.28,37.63,36.88,41.97,1008.88
894,80.37,37.62,36.86,41.97,1008.88
895,80.46,37.62,36.86,41.97,1008.88
896,80.55,37.61,36.86,41.97,1008.87
897,80.64,37.60,36.85,41.96,1008.87
898,80.73,37.59,36.85,41.96,1008.87
899,80.82,37.59,36.84,41.96,1008.87
900,80.91,37.59,36.83,41.98,1008.87
901,81.00,37.58,36.84,41.96,1008.87
902,81.09,37.58,36.84,41.96,1008.87
903,81.18,37.57,36.83,41.97,1008.87
904,81.27,37.57,36.82,41.97,1008.87
905,81.36,37.56,36.82,41.98,1008.87
906,81.45,37.56,36.82,41.97,1008.87
907,81.54,37.55,36.81,41.98,1008.87
908,81.63,37.55,36.79,41.98,1008.87
909,81.72,37.54,36.78,41.97,1008.87
910,81.81,37.54,36.78,41.99,1008.87
911,81.90,37.53,36.77,41.97,1008.86
912,81.99,37.52,36.76,41.98,1008.86
913,82.08,37.52,36.76,41.97,1008.86
914,82.17,37.51,36.76,41.97,1008.87
915,82.26,37.50,36.75,41.97,1008.87
916,82.35,37.49,36.74,41.99,1008.87
917,82.44,37.48,36.74,41.99,1008.87
918,82.53,37.47,36.73,42.00,1008.87
919,82.62,37.47,36.73,41.98,1008.87
920,82.71,37.46,36.72,41.99,1008.87
921,82.80,37.45,36.72,41.98,1008.87
922,82.89,37.45,36.71,41.97,1008.87
923,82.98,37.44,36.71,41.97,1008.87
924,83.07,37.44,36.70,41.96,1008.87
925,83.16,37.43,36.70,41.96,1008.87
926,83.25,37.42,36.69,41.96,1008.87
927,83.34,37.42,36.68,41.95,1008.87
928,83.43,37.41,36.67,41.95,1008.87
929,83.52,37.41,36.67,41.95,1008.87
930,83.61,37.40,36.66,41.96,1008.87
931,83.70,37.39,36.66,41.97,1008.87
932,83.79,37.39,36.66,41.96,1008.87
933,83.88,37.39,36.65,41.97,1008.87
934,83.97,37.38,36.64,41.98,1008.87
935,84.06,37.37,36.63,41.97,1008.87
936,84.15,37.37,36.63,41.96,1008.87
937,84.24,37.36,36.62,41.96,1008.86
938,84.33,37.36,36.62,41.94,1008.87
939,84.42,37.35,36.61,41.95,1008.87
940,84.51,37.35,36.61,41.94,1008.87
941,84.60,37.34,36.61,41.95,1008.87
942,84.69,37.33,36.61,41.95,1008.87
943,84.78,37.33,36.60,41.96,1008.87
944,84.87,37.32,36.59,41.96,1008.87
945,84.96,37.32,36.58,41.96,1008.87
946,85.05,37.32,36.57,41.96,1008.88
947,85.14,37.31,36.57,41.96,1008.87
948,85.23,37.30,36.55,41.97,1008.88
949,85.32,37.30,36.55,41.96,1008.88
950,85.41,37.29,36.54,41.96,1008.88
951,85.50,37.28,36.53,41.95,1008.88
952,85.59,37.28,36.53,41.94,1008.88
953,85.68,37.27,36.53,41.94,1008.87
954,85.77,37.27,36.53,41.92,1008.87
955,85.86,37.27,36.58,41.92,1008.87
956,85.95,37.26,36.52,41.92,1008.87
957,86.04,37.26,36.51,41.92,1008.86
958,86.13,37.25,36.50,41.92,1008.86
959,86.22,37.25,36.50,41.92,1008.86
960,86.31,37.24,36.49,41.92,1008.86
961,86.40,37.24,36.49,41.94,1008.86
962,86.49,37.23,36.48,41.93,1008.86
963,86.58,37.23,36.48,41.95,1008.86
964,86.67,37.22,36.47,41.95,1008.86
965,86.76,37.21,36.46,41.95,1008.86
966,86.85,37.21,36.45,41.95,1008.86
967,86.94,37.20,36.44,41.94,1008.86
968,87.03,37.19,36.43,41.94,1008.86
969,87.12,37.19,36.42,41.95,1008.86
970,87.21,37.19,36.41,41.95,1008.86
971,87.30,37.18,36.42,41.96,1008.86
972,87.39,37.17,36.41,41.95,1008.86
973,87.48,37.16,36.40,41.95,1008.86
974,87.57,37.15,36.40,41.94,1008.87
975,87.66,37.14,36.40,41.94,1008.87
976,87.75,37.13,36.39,41.93,1008.87
977,87.84,37.13,36.38,41.92,1008.87
978,87.93,37.12,36.37,41.92,1008.87
979,88.02,37.12,36.37,41.94,1008.87
980,88.11,37.11,36.37,41.92,1008.87
981,88.20,37.10,36.35,41.92,1008.87
982,88.29,37.09,36.36,41.93,1008.87
983,88.38,37.08,36.36,41.93,1008.87
984,88.47,37.08,36.35,41.94,1008.89
985,88.56,37.07,36.35,41.92,1008.87
986,88.65,37.06,36.35,41.92,1008.87
987,88.74,37.06,36.35,41.92,1008.87
988,88.83,37.05,36.35,41.93,1008.87
989,88.92,37.05,36.34,41.92,1008.87
990,89.01,37.04,36.34,41.91,1008.87
991,89.10,37.04,36.33,41.92,1008.86
992,89.19,37.03,36.33,41.92,1008.86
993,89.28,37.02,36.34,41.92,1008.86
994,89.37,37.01,36.33,41.93,1008.86
995,89.46,37.00,36.33,41.93,1008.86
996,89.55,36.99,36.32,41.92,1008.86
997,89.64,36.99,36.30,41.91,1008.86
998,89.73,36.98,36.30,41.90,1008.86
999,89.82,36.98,36.29,41.89,1008.86
1000,89.91,36.97,36.29,41.90,1008.86
1001,90.00,36.97,36.28,41.90,1008.86
1002,90.09,36.96,36.27,41.88,1008.86
1003,90.18,36.96,36.27,41.90,1008.86
1004,90.27,36.96,36.27,41.89,1008.86
1005,90.36,36.96,36.26,41.88,1008.86
1006,90.45,36.96,36.26,41.89,1008.86
1007,90.54,36.95,36.25,41.87,1008.86
1008,90.63,36.94,36.24,41.86,1008.86
1009,90.72,36.94,36.24,41.87,1008.86
1010,90.81,36.93,36.24,41.87,1008.86
1011,90.90,36.92,36.23,41.89,1008.86
1012,90.99,36.91,36.22,41.89,1008.86
1013,91.08,36.90,36.21,41.90,1008.86
1014,91.17,36.90,36.21,41.90,1008.86
1015,91.26,36.90,36.21,41.90,1008.86
1016,91.35,36.89,36.20,41.91,1008.87
1017,91.44,36.83,36.19,41.91,1008.87
1018,91.53,36.88,36.18,41.90,1008.87
1019,91.62,36.87,36.17,41.91,1008.87
1020,91.71,36.86,36.16,41.90,1008.87
1021,91.80,36.86,36.16,41.89,1008.87
1022,91.89,36.85,36.15,41.91,1008.87
1023,91.98,36.84,36.15,41.91,1008.87
1024,92.07,36.84,36.14,41.91,1008.87
1025,92.16,36.84,36.14,41.92,1008.87
1026,92.25,36.83,36.13,41.92,1008.87
1027,92.34,36.83,36.12,41.92,1008.87
1028,92.43,36.83,36.12,41.92,1008.87
1029,92.52,36.82,36.11,41.92,1008.87
1030,92.61,36.82,36.10,41.90,1008.87
1031,92.70,36.81,36.09,41.90,1008.87
1032,92.79,36.81,36.09,41.90,1008.87
1033,92.88,36.81,36.09,41.89,1008.87
1034,92.97,36.80,36.09,41.88,1008.87
1035,93.06,36.79,36.09,41.89,1008.87
1036,93.15,36.79,36.08,41.89,1008.87
1037,93.24,36.78,36.07,41.89,1008.87
1038,93.33,36.78,36.06,41.88,1008.88
1039,93.42,36.77,36.06,41.88,1008.88
1040,93.51,36.77,36.05,41.87,1008.87
1041,93.60,36.77,36.05,41.88,1008.87
1042,93.69,36.77,36.05,41.88,1008.87
1043,93.78,36.77,36.05,41.88,1008.87
1044,93.87,36.77,36.04,41.89,1008.87
1045,93.96,36.76,36.04,41.88,1008.87
1046,94.05,36.75,36.04,41.89,1008.87
1047,94.14,36.75,36.03,41.89,1008.87
1048,94.23,36.75,36.02,41.87,1008.88
1049,94.32,36.74,36.01,41.88,1008.88
1050,94.41,36.73,36.01,41.88,1008.88
1051,94.50,36.73,36.00,41.90,1008.88
1052,94.59,36.72,35.99,41.90,1008.88
1053,94.68,36.72,35.99,41.91,1008.88
1054,94.77,36.72,35.98,41.90,1008.88
1055,94.86,36.71,35.98,41.90,1008.88
1056,94.95,36.71,35.97,41.90,1008.89
1057,95.04,36.70,35.96,41.90,1008.89
1058,95.13,36.69,35.97,41.90,1008.89
1059,95.22,36.69,35.96,41.89,1008.89
1060,95.31,36.68,35.94,41.89,1008.89
1061,95.40,36.67,35.94,41.89,1008.89
1062,95.49,36.67,35.94,41.89,1008.89
1063,95.58,36.66,35.93,41.89,1008.89
1064,95.67,36.65,35.93,41.89,1008.89
1065,95.76,36.65,35.92,41.90,1008.89
1066,95.85,36.64,35.92,41.90,1008.89
1067,95.94,36.63,35.91,41.91,1008.89
1068,96.03,36.63,35.90,41.91,1008.89
1069,96.12,36.62,35.90,41.90,1008.89
1070,96.21,36.62,35.89,41.90,1008.89
1071,96.30,36.61,35.89,41.90,1008.89
1072,96.39,36.61,35.88,41.91,1008.89
1073,96.48,36.60,35.88,41.91,1008.89
1074,96.57,36.59,35.87,41.91,1008.89
1075,96.66,36.58,35.88,41.90,1008.90
1076,96.75,36.58,35.87,41.88,1008.89
1077,96.84,36.57,35.86,41.87,1008.89
1078,96.93,36.56,35.85,41.88,1008.89
1079,97.02,36.55,35.84,41.89,1008.89
1080,97.11,36.54,35.84,41.88,1008.89
1081,97.20,36.54,35.84,41.89,1008.89
1082,97.29,36.53,35.83,41.89,1008.89
1083,97.38,36.53,35.83,41.88,1008.89
1084,97.47,36.52,35.83,41.89,1008.89
1085,97.56,36.51,35.83,41.90,1008.89
1086,97.65,36.51,35.82,41.90,1008.89
1087,97.74,36.51,35.82,41.90,1008.89
1088,97.83,36.50,35.82,41.91,1008.89
1089,97.92,36.60,35.81,41.90,1008.89
1090,98.01,36.53,35.81,41.89,1008.89
1091,98.10,36.51,35.81,41.89,1008.89
1092,98.19,36.48,35.81,41.90,1008.89
1093,98.28,36.47,35.79,41.89,1008.88
1094,98.37,36.46,35.79,41.89,1008.88
1095,98.46,36.45,35.78,41.89,1008.88
1096,98.55,36.45,35.78,41.88,1008.88
1097,98.64,36.44,35.78,41.88,1008.88
1098,98.73,36.44,35.77,41.87,1008.88
1099,98.82,36.44,35.76,41.86,1008.88
1100,98.91,36.43,35.75,41.86,1008.88
1101,99.00,36.43,35.75,41.85,1008.88
1102,99.09,36.42,35.76,41.85,1008.88
1103,99.18,36.41,35.75,41.87,1008.88
1104,99.27,36.41,35.74,41.88,1008.88
1105,99.36,36.40,35.74,41.87,1008.88
1106,99.45,36.40,35.73,41.85,1008.88
1107,99.54,36.39,35.73,41.83,1008.88
1108,99.63,36.38,35.72,41.83,1008.88
1109,99.72,36.37,35.71,41.83,1008.88
1110,99.81,36.36,35.70,41.84,1008.88
1111,99.90,36.36,35.70,41.85,1008.88
1112,99.99,36.35,35.69,41.87,1008.88
1113,100.08,36.35,35.68,41.86,1008.88
1114,100.17,36.34,35.68,41.90,1008.88
1115,100.26,36.34,35.67,41.89,1008.88
1116,100.35,36.34,35.67,41.90,1008.88
1117,100.44,36.33,35.66,41.90,1008.88
1118,100.53,36.33,35.65,41.90,1008.88
1119,100.62,36.32,35.64,41.90,1008.88
1120,100.71,36.32,35.64,41.90,1008.88
1121,100.80,36.32,35.63,41.90,1008.88
1122,100.89,36.31,35.62,41.91,1008.88
1123,100.98,36.30,35.61,41.90,1008.88
1124,101.07,36.29,35.61,41.89,1008.88
1125,101.16,36.29,35.61,41.89,1008.88
1126,101.25,36.28,35.61,41.89,1008.88
1127,101.34,36.28,35.61,41.87,1008.88
1128,101.43,36.27,35.61,41.87,1008.88
1129,101.52,36.27,35.60,41.87,1008.88
1130,101.61,36.27,35.59,41.87,1008.88
1131,101.70,36.26,35.59,41.89,1008.88
1132,101.79,36.25,35.59,41.89,1008.88
1133,101.88,36.25,35.57,41.90,1008.88
1134,101.97,36.25,35.57,41.89,1008.88
1135,102.06,36.24,35.56,41.90,1008.88
1136,102.15,36.24,35.56,41.89,1008.88
1137,102.24,36.24,35.56,41.88,1008.88
1138,102.33,36.23,35.55,41.87,1008.88
1139,102.42,36.23,35.55,41.86,1008.88
1140,102.51,36.22,35.56,41.86,1008.88
1141,102.60,36.22,35.55,41.86,1008.88
1142,102.69,36.21,35.54,41.86,1008.88
1143,102.78,36.20,35.54,41.86,1008.88
1144,102.87,36.20,35.54,41.86,1008.87
1145,102.96,36.20,35.53,41.85,1008.87
1146,103.05,36.19,35.52,41.84,1008.87
1147,103.14,36.19,35.51,41.87,1008.87
1148,103.23,36.18,35.50,41.87,1008.87
1149,103.32,36.17,35.49,41.88,1008.87
1150,103.41,36.16,35.49,41.87,1008.87
1151,103.50,36.15,35.49,41.88,1008.87
1152,103.59,36.15,35.47,41.89,1008.87
1153,103.68,36.15,35.47,41.90,1008.87
1154,103.77,36.14,35.46,41.91,1008.87
1155,103.86,36.14,35.46,41.90,1008.87
1156,103.95,36.13,35.45,41.91,1008.87
1157,104.04,36.13,35.45,41.91,1008.87
1158,104.13,36.12,35.45,41.92,1008.87
1159,104.22,36.11,35.44,41.91,1008.87
1160,104.31,36.11,35.43,41.90,1008.87
1161,104.40,36.11,35.43,41.89,1008.87
1162,104.49,36.10,35.43,41.90,1008.87
1163,104.58,36.10,35.43,41.89,1008.87
1164,104.67,36.09,35.44,41.90,1008.87
1165,104.76,36.09,35.44,41.87,1008.87
1166,104.85,36.08,35.43,41.88,1008.86
1167,104.94,36.08,35.43,41.89,1008.86
1168,105.03,36.07,35.42,41.93,1008.86
1169,105.12,36.07,35.42,41.93,1008.86
1170,105.21,36.06,35.42,41.94,1008.86
1171,105.30,36.07,35.41,41.92,1008.86
1172,105.39,36.06,35.42,41.92,1008.86
1173,105.48,36.05,35.41,41.91,1008.86
1174,105.57,36.05,35.41,41.89,1008.86
1175,105.66,36.04,35.40,41.90,1008.86
1176,105.75,36.03,35.39,41.90,1008.86
1177,105.84,36.03,35.39,41.90,1008.86
1178,105.93,36.02,35.38,41.89,1008.86
1179,106.02,36.01,35.38,41.89,1008.87
1180,106.11,36.01,35.37,41.87,1008.87
1181,106.20,36.00,35.37,41.87,1008.87
1182,106.29,35.99,35.36,41.87,1008.86
1183,106.38,35.99,35.35,41.85,1008.86
1184,106.47,35.99,35.34,41.85,1008.86
1185,106.56,35.98,35.33,41.85,1008.86
1186,106.65,35.97,35.33,41.86,1008.86
1187,106.74,35.96,35.33,41.86,1008.86
1188,106.83,35.95,35.33,41.87,1008.86
1189,106.92,35.95,35.32,41.87,1008.86
1190,107.01,35.94,35.31,41.89,1008.86
1191,107.10,35.93,35.31,41.88,1008.86
1192,107.19,35.93,35.30,41.87,1008.86
1193,107.28,35.92,35.30,41.87,1008.86
1194,107.37,35.92,35.29,41.87,1008.86
1195,107.46,35.92,35.29,41.87,1008.86
1196,107.55,35.91,35.28,41.87,1008.86
1197,107.64,35.90,35.28,41.87,1008.86
1198,107.73,35.90,35.27,41.87,1008.86
1199,107.82,35.89,35.26,41.87,1008.86
1200,107.91,35.89,35.25,41.87,1008.86
1201,108.00,35.88,35.25,41.86,1008.86
1202,108.09,35.88,35.24,41.88,1008.86
1203,108.18,35.88,35.24,41.89,1008.86
1204,108.27,35.87,35.23,41.90,1008.86
1205,108.36,35.86,35.23,41.90,1008.86
1206,108.45,35.85,35.22,41.91,1008.86
1207,108.54,35.85,35.22,41.91,1008.86
1208,108.63,35.85,35.21,41.89,1008.86
1209,108.72,35.84,35.20,41.90,1008.86
1210,108.81,35.84,35.21,41.90,1008.86
1211,108.90,35.84,35.20,41.89,1008.86
1212,108.99,35.84,35.20,41.89,1008.86
1213,109.08,35.83,35.19,41.90,1008.86
1214,109.17,35.83,35.20,41.89,1008.86
1215,109.26,35.83,35.19,41.90,1008.86
1216,109.35,35.83,35.19,41.90,1008.86
1217,109.44,35.82,35.19,41.89,1008.86
1218,109.53,35.82,35.18,41.89,1008.86
1219,109.62,35.81,35.18,41.91,1008.86
1220,109.71,35.81,35.18,41.90,1008.85
1221,109.80,35.81,35.17,41.91,1008.85
1222,109.89,35.81,35.17,41.90,1008.85
1223,109.98,35.81,35.15,41.90,1008.85
1224,110.07,35.80,35.16,41.88,1008.86
1225,110.16,35.80,35.15,41.88,1008.85
1226,110.25,35.79,35.15,41.89,1008.85
1227,110.34,35.79,35.14,41.91,1008.85
1228,110.43,35.78,35.15,41.90,1008.86
1229,110.52,35.78,35.14,41.89,1008.86
1230,110.61,35.77,35.14,41.90,1008.86
1231,110.70,35.77,35.13,41.90,1008.86
1232,110.79,35.77,35.14,41.91,1008.86
1233,110.88,35.76,35.14,41.92,1008.87
1234,110.97,35.75,35.13,41.91,1008.87
1235,111.06,35.70,35.12,41.90,1008.87
1236,111.15,35.74,35.11,41.90,1008.87
1237,111.24,35.74,35.11,41.89,1008.87
1238,111.33,35.73,35.11,41.89,1008.87
1239,111.42,35.73,35.10,41.88,1008.87
1240,111.51,35.72,35.09,41.89,1008.87
1241,111.60,35.72,35.08,41.89,1008.87
1242,111.69,35.72,35.08,41.89,1008.87
1243,111.78,35.72,35.07,41.90,1008.87
1244,111.87,35.71,35.06,41.92,1008.87
1245,111.96,35.71,35.05,41.92,1008.87
1246,112.05,35.70,35.04,41.92,1008.87
1247,112.14,35.70,35.03,41.92,1008.87
1248,112.23,35.70,35.02,41.92,1008.87
1249,112.32,35.70,35.01,41.92,1008.87
1250,112.41,35.70,35.00,41.93,1008.87
1251,112.50,35.69,35.00,41.94,1008.87
1252,112.59,35.70,34.99,41.92,1008.87
1253,112.68,35.69,34.99,41.94,1008.87
1254,112.77,35.69,34.99,41.93,1008.88
1255,112.86,35.69,34.99,41.93,1008.88
1256,112.95,35.69,34.98,41.93,1008.88
1257,113.04,35.69,34.97,41.94,1008.88
1258,113.13,35.69,34.97,41.94,1008.88
1259,113.22,35.69,34.97,41.94,1008.88
1260,113.31,35.69,34.96,41.94,1008.88
1261,113.40,35.68,34.96,41.92,1008.88
1262,113.49,35.68,34.95,41.92,1008.88
1263,113.58,35.67,34.95,41.92,1008.88
1264,113.67,35.67,34.94,41.93,1008.88
1265,113.76,35.66,34.94,41.92,1008.88
1266,113.85,35.66,34.94,41.93,1008.88
1267,113.94,35.65,34.94,41.92,1008.87
1268,114.03,35.63,34.93,41.93,1008.87
1269,114.12,35.62,34.93,41.94,1008.87
1270,114.21,35.61,34.92,41.94,1008.87
1271,114.30,35.60,34.92,41.96,1008.87
1272,114.39,35.59,34.91,41.96,1008.87
1273,114.48,35.58,34.91,41.97,1008.88
1274,114.57,35.57,34.91,41.96,1008.87
1275,114.66,35.57,34.91,41.96,1008.87
1276,114.75,35.56,34.90,41.96,1008.87
1277,114.84,35.56,34.89,41.96,1008.88
1278,114.93,35.55,34.89,41.96,1008.88
1279,115.02,35.54,34.89,41.96,1008.88
1280,115.11,35.54,34.87,41.95,1008.88
1281,115.20,35.54,34.86,41.95,1008.88
1282,115.29,35.53,34.86,41.95,1008.88
1283,115.38,35.52,34.86,41.95,1008.88
1284,115.47,35.52,34.84,41.94,1008.88
1285,115.56,35.51,34.84,41.96,1008.88
1286,115.65,35.51,34.83,41.94,1008.88
1287,115.74,35.50,34.83,41.93,1008.88
1288,115.83,35.50,34.82,41.94,1008.88
1289,115.92,35.49,34.82,41.94,1008.88
1290,116.01,35.48,34.82,41.94,1008.88
1291,116.10,35.47,34.82,41.93,1008.88
1292,116.19,35.47,34.82,41.94,1008.89
1293,116.28,35.46,34.81,41.94,1008.89
1294,116.37,35.46,34.81,41.93,1008.88
1295,116.46,35.45,34.81,41.92,1008.88
1296,116.55,35.45,34.81,41.92,1008.88
1297,116.64,35.44,34.80,41.90,1008.88
1298,116.73,35.43,34.79,41.89,1008.88
1299,116.82,35.43,34.79,41.90,1008.88
1300,116.91,35.42,34.79,41.89,1008.88
1301,117.00,35.42,34.78,41.87,1008.88
1302,117.09,35.41,34.77,41.87,1008.88
1303,117.18,35.41,34.77,41.86,1008.88
1304,117.27,35.40,34.76,41.87,1008.88
1305,117.36,35.39,34.76,41.88,1008.88
1306,117.45,35.39,34.75,41.88,1008.88
1307,117.54,35.39,34.74,41.89,1008.88
1308,117.63,35.39,34.74,41.90,1008.87
1309,117.72,35.38,34.73,41.90,1008.88
1310,117.81,35.37,34.72,41.90,1008.88
1311,117.90,35.37,34.72,41.90,1008.88
1312,117.99,35.36,34.72,41.91,1008.88
1313,118.08,35.36,34.72,41.90,1008.88
1314,118.17,35.35,34.71,41.90,1008.88
1315,118.26,35.35,34.70,41.89,1008.88
1316,118.35,35.34,34.70,41.89,1008.88
1317,118.44,35.33,34.69,41.89,1008.88
1318,118.53,35.33,34.69,41.89,1008.88
1319,118.62,35.32,34.68,41.90,1008.88
1320,118.71,35.32,34.67,41.91,1008.88
1321,118.80,35.32,34.67,41.92,1008.88
1322,118.89,35.31,34.67,41.93,1008.88
1323,118.98,35.31,34.66,41.92,1008.88
1324,119.07,35.30,34.65,41.91,1008.89
1325,119.16,35.30,34.65,41.92,1008.89
1326,119.25,35.30,34.65,41.92,1008.89
1327,119.34,35.30,34.65,41.92,1008.89
1328,119.43,35.30,34.65,41.92,1008.89
1329,119.52,35.29,34.64,41.93,1008.89
1330,119.61,35.29,34.64,41.94,1008.89
1331,119.70,35.28,34.65,41.93,1008.89
1332,119.79,35.27,34.64,41.93,1008.89
1333,119.88,35.27,34.63,41.93,1008.89
1334,119.97,35.26,34.63,41.94,1008.89
1335,120.06,35.26,34.63,41.94,1008.89
1336,120.15,35.25,34.61,41.94,1008.89
1337,120.24,35.25,34.61,41.94,1008.90
1338,120.33,35.25,34.60,41.96,1008.89
1339,120.42,35.25,34.59,41.97,1008.89
1340,120.51,35.24,34.59,41.95,1008.90
1341,120.60,35.23,34.59,41.95,1008.90
1342,120.69,35.23,34.59,41.96,1008.89
1343,120.78,35.23,34.59,41.96,1008.89
1344,120.87,35.23,34.58,41.96,1008.89
1345,120.96,35.22,34.58,41.96,1008.89
1346,121.05,35.22,34.57,41.97,1008.89
1347,121.14,35.22,34.56,41.96,1008.89
1348,121.23,35.21,34.57,41.96,1008.89
1349,121.32,35.21,34.56,41.97,1008.89
1350,121.41,35.20,34.55,41.96,1008.88
1351,121.50,35.20,34.55,41.94,1008.88
1352,121.59,35.20,34.54,41.94,1008.88
1353,121.68,35.19,34.54,41.94,1008.88
1354,121.77,35.18,34.54,41.95,1008.88
1355,121.86,35.18,34.54,41.96,1008.88
1356,121.95,35.17,34.54,41.94,1008.88
1357,122.04,35.17,34.53,41.93,1008.88
1358,122.13,35.17,34.53,41.93,1008.87
1359,122.22,35.16,34.53,41.94,1008.87
1360,122.31,35.16,34.52,41.93,1008.87
1361,122.40,35.15,34.51,41.95,1008.87
1362,122.49,35.15,34.51,41.94,1008.87
1363,122.58,35.15,34.50,41.93,1008.87
1364,122.67,35.14,34.50,41.92,1008.87
1365,122.76,35.14,34.49,41.92,1008.87
1366,122.85,35.14,34.49,41.93,1008.87
1367,122.94,35.13,34.50,41.93,1008.87
1368,123.03,35.13,34.49,41.93,1008.87
1369,123.12,35.12,34.48,41.94,1008.87
1370,123.21,35.12,34.47,41.93,1008.87
1371,123.30,35.12,34.46,41.94,1008.87
1372,123.39,35.11,34.45,41.94,1008.87
1373,123.48,35.11,34.45,41.94,1008.87
1374,123.57,35.10,34.44,41.94,1008.87
1375,123.66,35.11,34.43,41.93,1008.87
1376,123.75,35.10,34.43,41.94,1008.87
1377,123.84,35.09,34.43,41.93,1008.87
1378,123.93,35.08,34.43,41.94,1008.87
1379,124.02,35.08,34.43,41.96,1008.87
1380,124.11,35.08,34.43,41.96,1008.87
1381,124.20,35.07,34.42,41.97,1008.87
1382,124.29,35.06,34.42,41.96,1008.87
1383,124.38,35.06,34.41,41.96,1008.87
1384,124.47,35.05,34.41,41.96,1008.87
1385,124.56,35.05,34.42,41.96,1008.87
1386,124.65,35.04,34.42,41.95,1008.87
1387,124.74,35.03,34.42,41.95,1008.87
1388,124.83,35.03,34.41,41.95,1008.87
1389,124.92,35.02,34.40,41.95,1008.87
1390,125.01,35.02,34.40,41.95,1008.87
1391,125.10,35.01,34.40,41.95,1008.87
1392,125.19,35.01,34.40,41.94,1008.86
1393,125.28,35.00,34.39,41.95,1008.86
1394,125.37,35.00,34.39,41.96,1008.86
1395,125.46,34.99,34.38,41.95,1008.86
1396,125.55,34.99,34.38,41.94,1008.86
1397,125.64,34.98,34.38,41.94,1008.86
1398,125.73,34.98,34.37,41.94,1008.86
1399,125.82,34.97,34.37,41.82,1008.86
1400,125.91,34.96,34.35,41.89,1008.86
1401,126.00,34.96,34.34,41.92,1008.86
1402,126.09,34.95,34.33,41.94,1008.86
1403,126.18,34.94,34.33,41.95,1008.86
1404,126.27,34.95,34.32,41.95,1008.86
1405,126.36,34.94,34.32,41.94,1008.86
1406,126.45,34.93,34.32,41.95,1008.86
1407,126.54,34.92,34.32,41.95,1008.86
1408,126.63,34.92,34.32,41.95,1008.86
1409,126.72,34.91,34.32,41.94,1008.86
1410,126.81,34.91,34.32,41.94,1008.86
1411,126.90,34.91,34.32,41.94,1008.86
1412,126.99,34.91,34.31,41.94,1008.86
1413,127.08,34.91,34.31,41.95,1008.86
1414,127.17,34.91,34.31,41.96,1008.86
1415,127.26,34.90,34.31,41.97,1008.86
1416,127.35,34.90,34.30,41.97,1008.86
1417,127.44,34.89,34.29,41.98,1008.86
1418,127.53,34.89,34.29,41.97,1008.86
1419,127.62,34.89,34.28,41.99,1008.86
1420,127.71,34.89,34.27,42.01,1008.86
1421,127.80,34.88,34.26,42.02,1008.86
1422,127.89,34.87,34.25,42.02,1008.86
1423,127.98,34.87,34.25,42.04,1008.87
1424,128.07,34.87,34.24,42.02,1008.87
1425,128.16,34.87,34.24,42.02,1008.87
1426,128.25,34.86,34.24,42.02,1008.87
1427,128.34,34.85,34.23,42.02,1008.87
1428,128.43,34.85,34.22,42.03,1008.87
1429,128.52,34.84,34.22,42.04,1008.87
1430,128.61,34.84,34.22,42.04,1008.87
1431,128.70,34.84,34.22,42.05,1008.87
1432,128.79,34.83,34.22,42.05,1008.87
1433,128.88,34.83,34.21,42.04,1008.87
1434,128.97,34.83,34.20,42.04,1008.87
1435,129.06,34.81,34.20,42.04,1008.87
1436,129.15,34.81,34.19,42.03,1008.87
1437,129.24,34.80,34.19,42.02,1008.87
1438,129.33,34.80,34.18,42.03,1008.87
1439,129.42,34.79,34.18,42.03,1008.87
1440,129.51,34.79,34.17,42.02,1008.87
1441,129.60,34.78,34.17,42.03,1008.87
1442,129.69,34.77,34.17,42.04,1008.87
1443,129.78,34.77,34.17,42.04,1008.87
1444,129.87,34.76,34.16,42.04,1008.86
1445,129.96,34.76,34.15,42.05,1008.86
1446,130.05,34.75,34.14,42.06,1008.86
1447,130.14,34.75,34.13,42.06,1008.86
1448,130.23,34.75,34.13,42.05,1008.86
1449,130.32,34.74,34.13,42.04,1008.86
1450,130.41,34.75,34.13,42.03,1008.86
1451,130.50,34.74,34.13,42.02,1008.86
1452,130.59,34.74,34.12,42.02,1008.86
1453,130.68,34.74,34.12,42.02,1008.86
1454,130.77,34.72,34.11,42.02,1008.86
1455,130.86,34.72,34.10,42.01,1008.86
1456,130.95,34.72,34.10,42.02,1008.86
1457,131.04,34.71,34.10,42.01,1008.86
1458,131.13,34.71,34.10,41.99,1008.86
1459,131.22,34.71,34.09,42.00,1008.86
1460,131.31,34.71,34.09,42.02,1008.86
1461,131.40,34.71,34.09,42.03,1008.86
1462,131.49,34.71,34.08,42.04,1008.87
1463,131.58,34.70,34.07,42.03,1008.87
1464,131.67,34.70,34.06,42.03,1008.87
1465,131.76,34.69,34.05,42.04,1008.87
1466,131.85,34.69,34.05,42.04,1008.87
1467,131.94,34.68,34.04,42.05,1008.87
1468,132.03,34.67,34.04,42.06,1008.87
1469,132.12,34.66,34.03,42.05,1008.87
1470,132.21,34.66,34.03,42.05,1008.87
1471,132.30,34.66,34.03,42.04,1008.87
1472,132.39,34.66,34.03,42.02,1008.87
1473,132.48,34.65,34.04,42.03,1008.87
1474,132.57,34.65,34.04,42.04,1008.87
1475,132.66,34.65,34.03,42.03,1008.87
1476,132.75,34.64,34.03,42.03,1008.87
1477,132.84,34.63,34.04,42.01,1008.87
1478,132.93,34.63,34.03,42.01,1008.87
1479,133.02,34.63,34.03,42.03,1008.87
1480,133.11,34.63,34.03,42.04,1008.87
1481,133.20,34.63,34.02,42.04,1008.88
1482,133.29,34.62,34.02,42.04,1008.88
1483,133.38,34.62,34.01,42.05,1008.88
1484,133.47,34.62,34.00,42.04,1008.87
1485,133.56,34.61,34.00,42.04,1008.88
1486,133.65,34.61,34.00,42.05,1008.87
1487,133.74,34.60,34.00,42.05,1008.87
1488,133.83,34.59,34.00,42.04,1008.87
1489,133.92,34.59,34.00,42.04,1008.87
1490,134.01,34.59,34.00,42.04,1008.87
1491,134.10,34.58,33.99,42.02,1008.87
1492,134.19,34.58,33.99,42.01,1008.88
1493,134.28,34.58,33.98,42.02,1008.87
1494,134.37,34.58,33.97,42.03,1008.87
1495,134.46,34.57,33.97,42.04,1008.87
1496,134.55,34.57,33.97,42.03,1008.87
1497,134.64,34.56,33.97,42.02,1008.87
1498,134.73,34.55,33.96,42.03,1008.87
1499,134.82,34.55,33.95,42.05,1008.87
1500,134.91,34.55,33.95,42.06,1008.87
1501,135.00,34.55,33.95,42.07,1008.87
1502,135.09,34.54,33.94,42.07,1008.87
1503,135.18,34.54,33.94,42.07,1008.87
1504,135.27,34.53,33.93,42.07,1008.87
1505,135.36,34.53,33.93,42.08,1008.87
1506,135.45,34.52,33.92,42.08,1008.87
1507,135.54,34.52,33.92,42.09,1008.87
1508,135.63,34.52,33.91,42.09,1008.87
1509,135.72,34.51,33.91,42.09,1008.87
1510,135.81,34.51,33.90,42.09,1008.87
1511,135.90,34.51,33.90,42.09,1008.87
1512,135.99,34.51,33.89,42.10,1008.87
1513,136.08,34.50,33.89,42.09,1008.87
1514,136.17,34.49,33.88,42.11,1008.88
1515,136.26,34.49,33.88,42.10,1008.88
1516,136.35,34.49,33.88,42.11,1008.88
1517,136.44,34.48,33.88,42.11,1008.88
1518,136.53,34.47,33.88,42.11,1008.88
1519,136.62,34.47,33.87,42.10,1008.88
1520,136.71,34.46,33.86,42.08,1008.88
1521,136.80,34.46,33.86,42.09,1008.88
1522,136.89,34.45,33.85,42.08,1008.88
1523,136.98,34.45,33.84,42.09,1008.88
1524,137.07,34.45,33.84,42.09,1008.88
1525,137.16,34.45,33.84,42.10,1008.89
1526,137.25,34.44,33.83,42.10,1008.88
1527,137.34,34.44,33.82,42.09,1008.89
1528,137.43,34.44,33.82,42.09,1008.89
1529,137.52,34.43,33.81,42.11,1008.88
1530,137.61,34.43,33.81,42.10,1008.89
1531,137.70,34.43,33.81,42.10,1008.89
1532,137.79,34.43,33.80,42.09,1008.89
1533,137.88,34.42,33.80,42.08,1008.89
1534,137.97,34.42,33.80,42.08,1008.89
1535,138.06,34.42,33.79,42.08,1008.89
1536,138.15,34.41,33.79,42.09,1008.89
1537,138.24,34.41,33.78,42.08,1008.89
1538,138.33,34.40,33.78,42.07,1008.89
1539,138.42,34.40,33.77,42.07,1008.89
1540,138.51,34.39,33.77,42.06,1008.89
1541,138.60,34.39,33.77,42.05,1008.88
1542,138.69,34.38,33.76,42.07,1008.88
1543,138.78,34.38,33.76,42.06,1008.88
1544,138.87,34.37,33.75,42.04,1008.88
1545,138.96,34.37,33.75,42.05,1008.89
1546,139.05,34.36,33.75,42.07,1008.89
1547,139.14,34.36,33.75,42.07,1008.89
1548,139.23,34.35,33.74,42.09,1008.89
1549,139.32,34.34,33.74,42.08,1008.88
1550,139.41,34.34,33.74,42.08,1008.88
1551,139.50,34.33,33.73,42.08,1008.88
1552,139.59,34.33,33.73,42.10,1008.89
1553,139.68,34.32,33.73,42.09,1008.89
1554,139.77,34.32,33.73,42.09,1008.88
1555,139.86,34.32,33.73,42.08,1008.88
1556,139.95,34.32,33.73,42.08,1008.88
1557,140.04,34.31,33.73,42.09,1008.89
1558,140.13,34.31,33.73,42.08,1008.88
1559,140.22,34.31,33.73,42.08,1008.88
1560,140.31,34.31,33.73,42.07,1008.88
1561,140.40,34.31,33.72,42.09,1008.89
1562,140.49,34.31,33.71,42.07,1008.89
1563,140.58,34.30,33.71,42.07,1008.89
1564,140.67,34.29,33.70,42.07,1008.89
1565,140.76,34.28,33.70,42.07,1008.89
1566,140.85,34.28,33.70,42.07,1008.89
1567,140.94,34.27,33.70,42.07,1008.89
1568,141.03,34.27,33.70,42.07,1008.88
1569,141.12,34.27,33.69,42.08,1008.88
1570,141.21,34.27,33.69,42.09,1008.88
1571,141.30,34.27,33.68,42.08,1008.88
1572,141.39,34.27,33.68,42.09,1008.89
1573,141.48,34.26,33.68,42.10,1008.89
1574,141.57,34.26,33.67,42.09,1008.89
1575,141.66,34.25,33.67,42.08,1008.89
1576,141.75,34.25,33.67,42.08,1008.89
1577,141.84,34.24,33.65,42.09,1008.89
1578,141.93,34.24,33.64,42.11,1008.88
1579,142.02,34.24,33.63,42.10,1008.88
1580,142.11,34.24,33.63,42.11,1008.88
1581,142.20,34.22,33.62,42.11,1008.88
1582,142.29,34.22,33.61,42.12,1008.88
1583,142.38,34.22,33.60,42.11,1008.88
1584,142.47,34.21,33.60,42.12,1008.88
1585,142.56,34.21,33.59,42.12,1008.88
1586,142.65,34.21,33.58,42.12,1008.88
1587,142.74,34.20,33.58,42.13,1008.88
1588,142.83,34.20,33.57,42.13,1008.88
1589,142.92,34.20,33.56,42.14,1008.88
1590,143.01,34.20,33.56,42.14,1008.88
1591,143.10,34.19,33.55,42.14,1008.88
1592,143.19,34.18,33.54,42.14,1008.87
1593,143.28,34.18,33.54,42.14,1008.87
1594,143.37,34.17,33.55,42.12,1008.87
1595,143.46,34.17,33.55,42.12,1008.87
1596,143.55,34.17,33.55,42.03,1008.87
1597,143.64,34.17,33.54,42.09,1008.87
1598,143.73,34.16,33.54,42.12,1008.87
1599,143.82,34.16,33.54,42.13,1008.87
1600,143.91,34.16,33.53,42.12,1008.87
1601,144.00,34.15,33.52,42.13,1008.87
1602,144.09,34.15,33.52,42.13,1008.87
1603,144.18,34.15,33.52,42.12,1008.87
1604,144.27,34.14,33.52,42.14,1008.87
1605,144.36,34.13,33.52,42.15,1008.87
1606,144.45,34.13,33.52,42.15,1008.87
1607,144.54,34.13,33.51,42.15,1008.87
1608,144.63,34.12,33.51,42.15,1008.87
1609,144.72,34.12,33.51,42.16,1008.87
1610,144.81,34.11,33.50,42.16,1008.87
1611,144.90,34.10,33.50,42.15,1008.87
1612,144.99,34.10,33.51,42.15,1008.87
1613,145.08,34.09,33.50,42.14,1008.87
1614,145.17,34.09,33.50,42.14,1008.87
1615,145.26,34.08,33.49,42.16,1008.87
1616,145.35,34.08,33.49,42.14,1008.87
1617,145.44,34.08,33.49,42.16,1008.87
1618,145.53,34.08,33.48,42.16,1008.87
1619,145.62,34.07,33.48,42.16,1008.88
1620,145.71,34.07,33.48,42.16,1008.88
1621,145.80,34.07,33.48,42.15,1008.88
1622,145.89,34.07,33.48,42.14,1008.88
1623,145.98,34.07,33.47,42.14,1008.88
1624,146.07,34.06,33.46,42.13,1008.88
1625,146.16,34.05,33.46,42.14,1008.88
1626,146.25,34.05,33.46,42.13,1008.88
1627,146.34,34.05,33.45,42.13,1008.88
1628,146.43,34.04,33.44,42.14,1008.87
1629,146.52,34.04,33.44,42.14,1008.88
1630,146.61,34.03,33.44,42.15,1008.88
1631,146.70,34.04,33.44,42.15,1008.87
1632,146.79,34.03,33.44,42.16,1008.88
1633,146.88,34.03,33.44,42.16,1008.88
1634,146.97,34.02,33.44,42.16,1008.88
1635,147.06,34.02,33.42,42.15,1008.88
1636,147.15,34.02,33.42,42.15,1008.87
1637,147.24,34.02,33.42,42.15,1008.87
1638,147.33,34.01,33.42,42.15,1008.87
1639,147.42,34.01,33.42,42.15,1008.87
1640,147.51,34.00,33.42,42.17,1008.88
1641,147.60,34.00,33.42,42.17,1008.87
1642,147.69,34.00,33.42,42.18,1008.87
1643,147.78,34.00,33.41,42.18,1008.87
1644,147.87,34.00,33.41,42.18,1008.87
1645,147.96,33.99,33.40,42.17,1008.87
1646,148.05,33.99,33.40,42.19,1008.86
1647,148.14,34.00,33.39,42.19,1008.86
1648,148.23,33.99,33.39,42.20,1008.86
1649,148.32,34.00,33.39,42.20,1008.86
1650,148.41,33.99,33.38,42.18,1008.86
1651,148.50,33.99,33.37,42.18,1008.86
1652,148.59,33.98,33.36,42.18,1008.86
1653,148.68,33.98,33.36,42.17,1008.86
1654,148.77,33.97,33.35,42.18,1008.86
1655,148.86,33.96,33.34,42.19,1008.86
1656,148.95,33.96,33.33,42.19,1008.86
1657,149.04,33.95,33.34,42.21,1008.86
1658,149.13,33.95,33.34,42.20,1008.86
1659,149.22,33.95,33.33,42.21,1008.87
1660,149.31,33.94,33.33,42.23,1008.87
1661,149.40,33.94,33.33,42.23,1008.86
1662,149.49,33.94,33.32,42.23,1008.86
1663,149.58,33.94,33.32,42.24,1008.86
1664,149.67,33.93,33.31,42.23,1008.86
1665,149.76,33.92,33.31,42.24,1008.86
1666,149.85,33.92,33.30,42.23,1008.86
1667,149.94,33.91,33.30,42.23,1008.86
1668,150.03,33.91,33.30,42.21,1008.86
1669,150.12,33.90,33.29,42.21,1008.86
1670,150.21,33.90,33.30,42.21,1008.86
1671,150.30,33.90,33.29,42.21,1008.86
1672,150.39,33.89,33.28,42.21,1008.86
1673,150.48,33.89,33.29,42.22,1008.86
1674,150.57,33.89,33.28,42.24,1008.86
1675,150.66,33.88,33.28,42.24,1008.86
1676,150.75,33.88,33.28,42.23,1008.86
1677,150.84,33.87,33.28,42.23,1008.86
1678,150.93,33.87,33.28,42.23,1008.86
1679,151.02,33.87,33.26,42.21,1008.86
1680,151.11,33.86,33.26,42.21,1008.86
1681,151.20,33.86,33.26,42.20,1008.86
1682,151.29,33.86,33.25,42.19,1008.86
1683,151.38,33.85,33.25,42.19,1008.86
1684,151.47,33.84,33.25,42.20,1008.86
1685,151.56,33.84,33.24,42.20,1008.86
1686,151.65,33.83,33.24,42.20,1008.86
1687,151.74,33.83,33.24,42.18,1008.87
1688,151.83,33.83,33.23,42.18,1008.87
1689,151.92,33.82,33.23,42.18,1008.87
1690,152.01,33.82,33.22,42.18,1008.87
1691,152.10,33.82,33.22,42.18,1008.87
1692,152.19,33.82,33.21,42.19,1008.87
1693,152.28,33.81,33.21,42.19,1008.87
1694,152.37,33.81,33.20,42.19,1008.87
1695,152.46,33.80,33.21,42.19,1008.87
1696,152.55,33.80,33.20,42.19,1008.87
1697,152.64,33.79,33.19,42.19,1008.87
1698,152.73,33.79,33.20,42.21,1008.87
1699,152.82,33.78,33.19,42.21,1008.87
1700,152.91,33.78,33.19,42.21,1008.87
1701,153.00,33.77,33.19,42.21,1008.87
1702,153.09,33.77,33.19,42.20,1008.87
1703,153.18,33.77,33.18,42.20,1008.87
1704,153.27,33.76,33.18,42.20,1008.87
1705,153.36,33.75,33.18,42.22,1008.87
1706,153.45,33.75,33.17,42.22,1008.87
1707,153.54,33.74,33.17,42.22,1008.87
1708,153.63,33.73,33.17,42.21,1008.87
1709,153.72,33.73,33.17,42.22,1008.87
1710,153.81,33.73,33.17,42.22,1008.87
1711,153.90,33.72,33.17,42.21,1008.87
1712,153.99,33.72,33.16,42.19,1008.87
1713,154.08,33.71,33.16,42.19,1008.87
1714,154.17,33.71,33.15,42.18,1008.87
1715,154.26,33.71,33.15,42.18,1008.87
1716,154.35,33.70,33.15,42.17,1008.87
1717,154.44,33.70,33.15,42.19,1008.87
1718,154.53,33.68,33.14,42.20,1008.87
1719,154.62,33.68,33.12,42.19,1008.87
1720,154.71,33.68,33.11,42.21,1008.87
1721,154.80,33.67,33.11,42.19,1008.87
1722,154.89,33.67,33.12,42.20,1008.87
1723,154.98,33.67,33.12,42.20,1008.87
1724,155.07,33.66,33.11,42.20,1008.87
1725,155.16,33.66,33.11,42.19,1008.87
1726,155.25,33.66,33.11,42.22,1008.87
1727,155.34,33.65,33.11,42.21,1008.87
1728,155.43,33.65,33.10,42.22,1008.87
1729,155.52,33.65,33.10,42.21,1008.87
1730,155.61,33.64,33.09,42.21,1008.87
1731,155.70,33.63,33.08,42.22,1008.87
1732,155.79,33.63,33.07,42.23,1008.87
1733,155.88,33.63,33.07,42.23,1008.87
1734,155.97,33.63,33.07,42.23,1008.87
1735,156.06,33.63,33.07,42.22,1008.87
1736,156.15,33.62,33.07,42.22,1008.87
1737,156.24,33.62,33.07,42.23,1008.88
1738,156.33,33.61,33.07,42.23,1008.88
1739,156.42,33.61,33.07,42.21,1008.88
1740,156.51,33.61,33.07,42.21,1008.88
1741,156.60,33.60,33.08,42.21,1008.88
1742,156.69,33.60,33.08,42.21,1008.88
1743,156.78,33.59,33.07,42.20,1008.88
1744,156.87,33.59,33.06,42.21,1008.88
1745,156.96,33.60,33.06,42.21,1008.88
1746,157.05,33.60,33.05,42.20,1008.88
1747,157.14,33.59,33.05,42.18,1008.88
1748,157.23,33.58,33.04,42.16,1008.88
1749,157.32,33.58,33.04,42.15,1008.88
1750,157.41,33.58,33.04,42.15,1008.88
1751,157.50,33.58,33.03,42.16,1008.88
1752,157.59,33.57,33.03,42.14,1008.88
1753,157.68,33.57,33.03,42.15,1008.88
1754,157.77,33.57,33.03,42.15,1008.88
1755,157.86,33.57,33.03,42.15,1008.88
1756,157.95,33.56,33.03,42.16,1008.88
1757,158.04,33.56,33.02,42.15,1008.88
1758,158.13,33.56,33.01,42.17,1008.88
1759,158.22,33.55,33.01,42.16,1008.88
1760,158.31,33.55,33.01,42.16,1008.88
1761,158.40,33.55,33.01,42.17,1008.88
1762,158.49,33.54,33.00,42.18,1008.88
1763,158.58,33.53,33.01,42.19,1008.88
1764,158.67,33.53,33.00,42.17,1008.88
1765,158.76,33.53,33.00,42.17,1008.87
1766,158.85,33.52,32.99,42.17,1008.87
1767,158.94,33.52,32.99,42.18,1008.88
1768,159.03,33.51,32.99,42.19,1008.88
1769,159.12,33.51,32.98,42.19,1008.88
1770,159.21,33.51,32.98,42.19,1008.88
1771,159.30,33.50,32.98,42.17,1008.88
1772,159.39,33.50,32.97,42.17,1008.88
1773,159.48,33.50,32.96,42.17,1008.88
1774,159.57,33.50,32.96,42.17,1008.88
1775,159.66,33.50,32.96,42.17,1008.88
1776,159.75,33.49,32.95,42.16,1008.88
1777,159.84,33.49,32.94,42.16,1008.89
1778,159.93,33.48,32.94,42.17,1008.88
1779,160.02,33.48,32.93,42.17,1008.88
1780,160.11,33.47,32.92,42.17,1008.89
1781,160.20,33.47,32.92,42.16,1008.88
1782,160.29,33.46,32.91,42.17,1008.89
1783,160.38,33.45,32.91,42.18,1008.89
1784,160.47,33.45,32.90,42.17,1008.89
1785,160.56,33.45,32.89,42.17,1008.89
1786,160.65,33.45,32.89,42.19,1008.89
1787,160.74,33.45,32.88,42.17,1008.89
1788,160.83,33.44,32.88,42.18,1008.89
1789,160.92,33.44,32.88,42.17,1008.89
1790,161.01,33.44,32.88,42.17,1008.89
1791,161.10,33.43,32.88,42.18,1008.89
1792,161.19,33.43,32.87,42.18,1008.89
1793,161.28,33.43,32.86,42.19,1008.89
1794,161.37,33.43,32.86,42.20,1008.89
1795,161.46,33.42,32.86,42.21,1008.89
1796,161.55,33.42,32.85,42.21,1008.89
1797,161.64,33.41,32.85,42.21,1008.89
1798,161.73,33.40,32.85,42.21,1008.89
1799,161.82,33.40,32.85,42.21,1008.89
1800,161.91,33.40,32.85,42.22,1008.89
1801,162.00,33.40,32.84,42.22,1008.89
1802,162.09,33.40,32.84,42.22,1008.88
1803,162.18,33.40,32.83,42.21,1008.88
1804,162.27,33.40,32.83,42.20,1008.88
1805,162.36,33.39,32.83,42.19,1008.88
1806,162.45,33.40,32.82,42.16,1008.88
1807,162.54,33.39,32.82,42.17,1008.87
1808,162.63,33.39,32.81,42.15,1008.87
1809,162.72,33.38,32.80,42.15,1008.87
1810,162.81,33.39,32.80,42.14,1008.87
1811,162.90,33.38,32.80,42.14,1008.87
1812,162.99,33.37,32.80,42.13,1008.87
1813,163.08,33.37,32.80,42.14,1008.87
1814,163.17,33.36,32.80,42.15,1008.87
1815,163.26,33.36,32.79,42.14,1008.87
1816,163.35,33.36,32.79,42.12,1008.87
1817,163.44,33.35,32.79,42.12,1008.87
1818,163.53,33.35,32.79,42.14,1008.87
1819,163.62,33.34,32.79,42.14,1008.87
1820,163.71,33.33,32.78,42.13,1008.87
1821,163.80,33.34,32.77,42.13,1008.87
1822,163.89,33.34,32.78,42.13,1008.87
1823,163.98,33.34,32.77,42.13,1008.87
1824,164.07,33.33,32.78,42.14,1008.87
1825,164.16,33.32,32.77,42.15,1008.87
1826,164.25,33.32,32.78,42.15,1008.88
1827,164.34,33.31,32.78,42.14,1008.84
1828,164.43,33.31,32.77,42.14,1008.88
1829,164.52,33.31,32.76,42.16,1008.88
1830,164.61,33.31,32.76,42.16,1008.88
1831,164.70,33.31,32.76,42.16,1008.88
1832,164.79,33.31,32.76,42.16,1008.89
1833,164.88,33.30,32.76,42.15,1008.88
1834,164.97,33.30,32.76,42.14,1008.88
1835,165.06,33.30,32.76,42.15,1008.88
1836,165.15,33.29,32.75,42.15,1008.88
1837,165.24,33.29,32.75,42.17,1008.88
1838,165.33,33.29,32.74,42.16,1008.88
1839,165.42,33.28,32.73,42.16,1008.88
1840,165.51,33.28,32.73,42.15,1008.89
1841,165.60,33.28,32.73,42.14,1008.89
1842,165.69,33.27,32.73,42.14,1008.89
1843,165.78,33.27,32.72,42.14,1008.89
1844,165.87,33.27,32.72,42.15,1008.89
1845,165.96,33.26,32.72,42.13,1008.89
1846,166.05,33.25,32.72,42.13,1008.89
1847,166.14,33.25,32.71,42.11,1008.89
1848,166.23,33.25,32.71,42.11,1008.89
1849,166.32,33.24,32.70,42.11,1008.89
1850,166.41,33.24,32.71,42.11,1008.89
1851,166.50,33.23,32.70,42.12,1008.89
1852,166.59,33.24,32.70,42.13,1008.89
1853,166.68,33.23,32.69,42.11,1008.88
1854,166.77,33.23,32.69,42.12,1008.88
1855,166.86,33.24,32.68,42.11,1008.87
1856,166.95,33.24,32.68,42.12,1008.87
1857,167.04,33.23,32.68,42.12,1008.87
1858,167.13,33.23,32.68,42.11,1008.87
1859,167.22,33.23,32.67,42.13,1008.87
1860,167.31,33.23,32.67,42.13,1008.87
1861,167.40,33.22,32.68,42.15,1008.87
1862,167.49,33.22,32.68,42.13,1008.86
1863,167.58,33.22,32.67,42.12,1008.86
1864,167.67,33.21,32.67,42.12,1008.86
1865,167.76,33.20,32.67,42.11,1008.87
1866,167.85,33.19,32.66,42.11,1008.87
1867,167.94,33.19,32.66,42.10,1008.87
1868,168.03,33.19,32.65,42.09,1008.87
1869,168.12,33.19,32.65,42.10,1008.87
1870,168.21,33.18,32.65,42.10,1008.87
1871,168.30,33.18,32.64,42.10,1008.87
1872,168.39,33.17,32.64,42.10,1008.87
1873,168.48,33.17,32.64,42.10,1008.87
1874,168.57,33.16,32.64,42.10,1008.87
1875,168.66,33.16,32.63,42.10,1008.87
1876,168.75,33.16,32.62,42.10,1008.87
1877,168.84,33.16,32.62,42.10,1008.87
1878,168.93,33.16,32.62,42.10,1008.87
1879,169.02,33.16,32.62,42.09,1008.88
1880,169.11,33.15,32.62,42.09,1008.88
1881,169.20,33.15,32.61,42.09,1008.88
1882,169.29,33.14,32.60,42.09,1008.88
1883,169.38,33.13,32.59,42.09,1008.88
1884,169.47,33.13,32.60,42.09,1008.88
1885,169.56,33.13,32.60,42.07,1008.88
1886,169.65,33.13,32.60,42.06,1008.88
1887,169.74,33.12,32.59,42.06,1008.88
1888,169.83,33.12,32.58,42.06,1008.88
1889,169.92,33.12,32.58,42.06,1008.88
1890,170.01,33.11,32.58,42.06,1008.88
1891,170.10,33.11,32.58,42.07,1008.88
1892,170.19,33.11,32.57,42.07,1008.88
1893,170.28,33.10,32.57,42.08,1008.88
1894,170.37,33.09,32.57,42.09,1008.88
1895,170.46,33.09,32.56,42.10,1008.88
1896,170.55,33.09,32.54,42.09,1008.88
1897,170.64,33.08,32.55,42.09,1008.88
1898,170.73,33.08,32.54,42.09,1008.88
1899,170.82,33.08,32.54,42.07,1008.88
1900,170.91,33.07,32.53,42.07,1008.87
1901,171.00,33.06,32.53,42.07,1008.87
1902,171.09,33.06,32.52,42.08,1008.87
1903,171.18,33.06,32.51,42.07,1008.87
1904,171.27,33.06,32.52,42.08,1008.87
1905,171.36,33.06,32.51,42.07,1008.87
1906,171.45,33.05,32.51,42.08,1008.87
1907,171.54,33.04,32.50,42.08,1008.87
1908,171.63,33.04,32.49,42.08,1008.87
1909,171.72,33.04,32.49,42.08,1008.87
1910,171.81,33.03,32.48,42.08,1008.87
1911,171.90,33.03,32.48,42.08,1008.86
1912,171.99,33.03,32.48,42.09,1008.86
1913,172.08,33.02,32.49,42.09,1008.86
1914,172.17,33.02,32.48,42.08,1008.86
1915,172.26,33.02,32.48,42.06,1008.86
1916,172.35,33.01,32.47,42.07,1008.86
1917,172.44,33.00,32.47,42.07,1008.86
1918,172.53,32.99,32.46,42.07,1008.86
1919,172.62,32.99,32.46,42.05,1008.86
1920,172.71,32.98,32.46,42.06,1008.86
1921,172.80,32.97,32.45,42.05,1008.86
1922,172.89,32.97,32.45,42.06,1008.86
1923,172.98,32.97,32.45,42.07,1008.86
1924,173.07,32.97,32.45,42.06,1008.86
1925,173.16,32.97,32.45,42.05,1008.86
1926,173.25,32.97,32.46,42.06,1008.86
1927,173.34,32.96,32.46,42.07,1008.86
1928,173.43,32.96,32.45,42.07,1008.86
1929,173.52,32.96,32.45,42.06,1008.86
1930,173.61,32.95,32.45,42.08,1008.86
1931,173.70,32.95,32.45,42.08,1008.87
1932,173.79,32.94,32.45,42.10,1008.87
1933,173.88,32.94,32.45,42.09,1008.87
1934,173.97,32.93,32.45,42.10,1008.87
1935,174.06,32.93,32.45,42.10,1008.87
1936,174.15,32.93,32.44,42.10,1008.87
1937,174.24,32.93,32.43,42.11,1008.87
1938,174.33,32.94,32.43,42.11,1008.87
1939,174.42,32.93,32.43,42.10,1008.87
1940,174.51,32.94,32.43,42.10,1008.87
1941,174.60,32.93,32.43,42.10,1008.87
1942,174.69,32.93,32.43,42.10,1008.87
1943,174.78,32.93,32.43,42.10,1008.87
1944,174.87,32.92,32.42,42.10,1008.87
1945,174.96,32.92,32.41,42.11,1008.87
1946,175.05,32.92,32.41,42.09,1008.87
1947,175.14,32.92,32.41,42.10,1008.87
1948,175.23,32.91,32.41,42.11,1008.87
1949,175.32,32.91,32.41,42.10,1008.87
1950,175.41,32.91,32.41,42.10,1008.87
1951,175.50,32.91,32.41,42.08,1008.87
1952,175.59,32.91,32.40,42.07,1008.87
1953,175.68,32.90,32.40,42.08,1008.87
1954,175.77,32.90,32.39,42.08,1008.87
1955,175.86,32.90,32.39,42.08,1008.87
1956,175.95,32.90,32.39,42.08,1008.87
1957,176.04,32.90,32.39,42.07,1008.87
1958,176.13,32.89,32.38,42.05,1008.87
1959,176.22,32.88,32.38,42.04,1008.87
1960,176.31,32.88,32.37,42.03,1008.87
1961,176.40,32.88,32.37,42.04,1008.88
1962,176.49,32.87,32.37,42.04,1008.88
1963,176.58,32.87,32.36,42.04,1008.88
1964,176.67,32.87,32.35,42.04,1008.88
1965,176.76,32.87,32.35,42.02,1008.88
1966,176.85,32.87,32.34,42.01,1008.88
1967,176.94,32.87,32.34,42.01,1008.88
1968,177.03,32.87,32.34,42.02,1008.88
1969,177.12,32.87,32.34,42.01,1008.88
1970,177.21,32.87,32.33,42.03,1008.88
1971,177.30,32.87,32.33,42.02,1008.89
1972,177.39,32.86,32.33,42.02,1008.89
1973,177.48,32.86,32.33,42.02,1008.89
1974,177.57,32.85,32.32,42.03,1008.89
1975,177.66,32.85,32.32,42.03,1008.89
1976,177.75,32.84,32.32,42.02,1008.89
1977,177.84,32.85,32.32,42.03,1008.89
1978,177.93,32.84,32.31,42.02,1008.89
1979,178.02,32.84,32.31,42.00,1008.89
1980,178.11,32.84,32.30,42.01,1008.89
1981,178.20,32.83,32.30,42.01,1008.89
1982,178.29,32.83,32.30,42.01,1008.89
1983,178.38,32.83,32.29,42.02,1008.89
1984,178.47,32.84,32.29,42.02,1008.89
1985,178.56,32.84,32.29,42.03,1008.89
1986,178.65,32.83,32.29,42.01,1008.89
1987,178.74,32.82,32.28,42.02,1008.89
1988,178.83,32.82,32.27,42.03,1008.89
1989,178.92,32.82,32.27,42.03,1008.89
1990,179.01,32.81,32.26,42.02,1008.89
1991,179.10,32.81,32.26,42.02,1008.88
1992,179.19,32.80,32.26,42.02,1008.88
1993,179.28,32.80,32.26,42.01,1008.88
1994,179.37,32.79,32.25,42.01,1008.88
1995,179.46,32.80,32.25,42.02,1008.88
1996,179.55,32.79,32.24,42.02,1008.88
1997,179.64,32.78,32.25,42.02,1008.87
1998,179.73,32.78,32.24,42.02,1008.87
1999,179.82,32.78,32.25,42.02,1008.87
2000,179.91,32.77,32.24,42.04,1008.87
2001,180.00,32.76,32.24,42.04,1008.87
2002,180.09,32.76,32.22,42.04,1008.87
2003,180.18,32.75,32.22,42.03,1008.87
2004,180.27,32.75,32.21,42.04,1008.87
2005,180.36,32.75,32.21,42.03,1008.87
2006,180.45,32.75,32.20,42.03,1008.87
2007,180.54,32.75,32.20,42.03,1008.87
2008,180.63,32.74,32.20,42.01,1008.86
2009,180.72,32.74,32.20,42.01,1008.87
2010,180.81,32.74,32.19,42.03,1008.86
2011,180.90,32.74,32.19,42.02,1008.86
2012,180.99,32.74,32.18,42.01,1008.86
2013,181.08,32.73,32.18,42.00,1008.86
2014,181.17,32.74,32.18,42.00,1008.86
2015,181.26,32.73,32.18,41.99,1008.86
2016,181.35,32.73,32.17,42.00,1008.86
2017,181.44,32.72,32.17,41.99,1008.86
2018,181.53,32.71,32.17,41.99,1008.86
2019,181.62,32.72,32.17,42.01,1008.87
2020,181.71,32.71,32.17,41.99,1008.86
2021,181.80,32.71,32.17,41.99,1008.87
2022,181.89,32.70,32.16,41.88,1008.87
2023,181.98,32.70,32.17,41.95,1008.87
2024,182.07,32.70,32.17,41.99,1008.87
2025,182.16,32.70,32.16,42.00,1008.87
2026,182.25,32.69,32.15,41.99,1008.87
2027,182.34,32.69,32.15,41.97,1008.87
2028,182.43,32.69,32.15,41.97,1008.87
2029,182.52,32.69,32.15,41.98,1008.88
2030,182.61,32.68,32.15,41.99,1008.88
2031,182.70,32.68,32.16,41.98,1008.88
2032,182.79,32.68,32.16,41.99,1008.88
2033,182.88,32.68,32.15,42.00,1008.88
2034,182.97,32.67,32.15,41.99,1008.88
2035,183.06,32.66,32.14,41.98,1008.88
2036,183.15,32.66,32.14,41.97,1008.88
2037,183.24,32.65,32.13,41.97,1008.88
2038,183.33,32.64,32.12,41.99,1008.88
2039,183.42,32.64,32.12,41.98,1008.88
2040,183.51,32.64,32.13,41.97,1008.88
2041,183.60,32.63,32.12,41.98,1008.88
2042,183.69,32.62,32.13,41.99,1008.88
2043,183.78,32.62,32.13,41.99,1008.88
2044,183.87,32.61,32.13,41.98,1008.88
2045,183.96,32.61,32.13,41.97,1008.88
2046,184.05,32.61,32.12,41.97,1008.88
2047,184.14,32.61,32.12,41.98,1008.88
2048,184.23,32.61,32.12,41.97,1008.88
2049,184.32,32.60,32.13,41.99,1008.88
2050,184.41,32.60,32.12,41.99,1008.88
2051,184.50,32.59,32.12,41.99,1008.88
2052,184.59,32.59,32.11,41.99,1008.88
2053,184.68,32.59,32.11,41.98,1008.88
2054,184.77,32.58,32.11,41.98,1008.88
2055,184.86,32.58,32.10,41.97,1008.88
2056,184.95,32.58,32.10,41.97,1008.88
2057,185.04,32.58,32.10,41.97,1008.88
2058,185.13,32.58,32.09,41.97,1008.88
2059,185.22,32.57,32.09,41.98,1008.88
2060,185.31,32.57,32.09,41.98,1008.88
2061,185.40,32.56,32.09,41.98,1008.88
2062,185.49,32.56,32.08,41.98,1008.88
2063,185.58,32.56,32.08,41.97,1008.88
2064,185.67,32.56,32.09,41.96,1008.88
2065,185.76,32.56,32.08,41.97,1008.88
2066,185.85,32.56,32.08,41.98,1008.88
2067,185.94,32.55,32.07,41.97,1008.88
2068,186.03,32.55,32.07,41.97,1008.88
2069,186.12,32.55,32.06,41.96,1008.88
2070,186.21,32.55,32.06,41.97,1008.88
2071,186.30,32.54,32.05,41.98,1008.88
2072,186.39,32.54,32.06,41.99,1008.88
2073,186.48,32.54,32.05,41.99,1008.88
2074,186.57,32.54,32.04,41.98,1008.88
2075,186.66,32.54,32.04,41.99,1008.88
2076,186.75,32.53,32.04,41.97,1008.88
2077,186.84,32.53,32.03,41.96,1008.88
2078,186.93,32.53,32.03,41.95,1008.88
2079,187.02,32.53,32.02,41.95,1008.88
2080,187.11,32.53,32.02,41.95,1008.87
2081,187.20,32.53,32.02,41.97,1008.87
2082,187.29,32.52,32.02,41.97,1008.87
2083,187.38,32.52,32.02,41.99,1008.88
2084,187.47,32.52,32.01,42.00,1008.87
2085,187.56,32.52,32.01,41.99,1008.87
2086,187.65,32.50,32.00,41.98,1008.87
2087,187.74,32.50,32.00,41.98,1008.87
2088,187.83,32.50,32.00,41.95,1008.87
2089,187.92,32.50,31.99,41.96,1008.87
2090,188.01,32.50,31.99,41.97,1008.87
2091,188.10,32.49,31.99,41.97,1008.87
2092,188.19,32.49,31.99,41.98,1008.87
2093,188.28,32.49,31.99,41.97,1008.87
2094,188.37,32.49,31.99,42.00,1008.87
2095,188.46,32.49,31.98,42.01,1008.87
2096,188.55,32.49,31.98,42.02,1008.87
2097,188.64,32.49,31.97,42.03,1008.87
2098,188.73,32.48,31.96,42.04,1008.87
2099,188.82,32.47,31.96,42.04,1008.87
2100,188.91,32.47,31.95,42.03,1008.87
2101,189.00,32.47,31.95,42.01,1008.87
2102,189.09,32.47,31.94,42.02,1008.87
2103,189.18,32.47,31.94,42.02,1008.87
2104,189.27,32.46,31.93,42.04,1008.87
2105,189.36,32.46,31.93,42.05,1008.87
2106,189.45,32.47,31.93,42.06,1008.87
2107,189.54,32.47,31.93,42.06,1008.87
2108,189.63,32.47,31.93,42.05,1008.87
2109,189.72,32.48,31.93,42.05,1008.87
2110,189.81,32.49,31.93,42.05,1008.87
2111,189.90,32.49,31.93,42.05,1008.87
2112,189.99,32.50,31.93,42.06,1008.87
2113,190.08,32.50,31.93,42.07,1008.87
2114,190.17,32.48,31.92,42.06,1008.87
2115,190.26,32.48,31.93,42.07,1008.87
2116,190.35,32.46,31.92,42.07,1008.87
2117,190.44,32.46,31.92,42.07,1008.87
2118,190.53,32.44,31.91,42.07,1008.87
2119,190.62,32.43,31.92,42.08,1008.87
2120,190.71,32.42,31.91,42.08,1008.87
2121,190.80,32.42,31.91,42.09,1008.87
2122,190.89,32.41,31.91,42.09,1008.87
2123,190.98,32.41,31.90,42.07,1008.87
2124,191.07,32.41,31.90,42.07,1008.87
2125,191.16,32.40,31.90,42.09,1008.87
2126,191.25,32.40,31.89,42.11,1008.87
2127,191.34,32.39,31.88,42.11,1008.87
2128,191.43,32.39,31.87,42.10,1008.87
2129,191.52,32.39,31.87,42.09,1008.87
2130,191.61,32.38,31.87,42.08,1008.87
2131,191.70,32.38,31.88,42.08,1008.87
2132,191.79,32.38,31.87,42.07,1008.87
2133,191.88,32.37,31.87,42.08,1008.87
2134,191.97,32.37,31.87,42.07,1008.87
2135,192.06,32.37,31.86,42.07,1008.87
2136,192.15,32.37,31.86,42.06,1008.87
2137,192.24,32.37,31.85,42.06,1008.87
2138,192.33,32.36,31.85,42.05,1008.87
2139,192.42,32.36,31.85,42.04,1008.87
2140,192.51,32.36,31.84,42.04,1008.87
2141,192.60,32.36,31.85,42.05,1008.87
2142,192.69,32.36,31.85,42.06,1008.87
2143,192.78,32.35,31.86,42.06,1008.87
2144,192.87,32.36,31.86,42.06,1008.87
2145,192.96,32.35,31.85,42.04,1008.87
2146,193.05,32.35,31.85,42.05,1008.88
2147,193.14,32.35,31.84,42.06,1008.88
2148,193.23,32.35,31.84,42.05,1008.88
2149,193.32,32.34,31.84,42.04,1008.88
2150,193.41,32.34,31.84,42.04,1008.87
2151,193.50,32.34,31.83,42.04,1008.87
2152,193.59,32.34,31.83,42.05,1008.87
2153,193.68,32.34,31.83,42.06,1008.88
2154,193.77,32.33,31.83,42.05,1008.88
2155,193.86,32.33,31.84,42.07,1008.88
2156,193.95,32.32,31.83,42.08,1008.88
2157,194.04,32.32,31.83,42.08,1008.88
2158,194.13,32.32,31.82,42.09,1008.88
2159,194.22,32.32,31.82,42.08,1008.88
2160,194.31,32.32,31.81,42.08,1008.88
2161,194.40,32.33,31.81,42.08,1008.88
2162,194.49,32.33,31.80,42.07,1008.88
2163,194.58,32.32,31.79,42.07,1008.88
2164,194.67,32.32,31.80,42.06,1008.88
2165,194.76,32.31,31.79,42.07,1008.88
2166,194.85,32.31,31.78,42.08,1008.88
2167,194.94,32.30,31.78,42.07,1008.88
2168,195.03,32.30,31.78,42.09,1008.88
2169,195.12,32.30,31.78,42.09,1008.88
2170,195.21,32.29,31.78,42.09,1008.87
2171,195.30,32.28,31.78,42.09,1008.88
2172,195.39,32.28,31.77,42.10,1008.88
2173,195.48,32.28,31.77,42.09,1008.87
2174,195.57,32.27,31.77,42.09,1008.87
2175,195.66,32.27,31.76,42.08,1008.87
2176,195.75,32.27,31.75,42.07,1008.87
2177,195.84,32.28,31.75,42.07,1008.87
2178,195.93,32.27,31.74,42.07,1008.87
2179,196.02,32.27,31.74,42.06,1008.87
2180,196.11,32.26,31.74,42.06,1008.88
2181,196.20,32.25,31.74,42.06,1008.88
2182,196.29,32.25,31.74,42.07,1008.87
2183,196.38,32.24,31.74,42.08,1008.87
2184,196.47,32.23,31.72,42.08,1008.87
2185,196.56,32.23,31.73,42.09,1008.87
2186,196.65,32.24,31.72,42.09,1008.87
2187,196.74,32.23,31.72,42.10,1008.88
2188,196.83,32.23,31.71,42.09,1008.88
2189,196.92,32.23,31.71,42.10,1008.88
2190,197.01,32.23,31.71,42.10,1008.88
2191,197.10,32.22,31.70,42.09,1008.88
2192,197.19,32.22,31.69,42.08,1008.88
2193,197.28,32.21,31.69,42.10,1008.88
2194,197.37,32.21,31.69,42.09,1008.88
2195,197.46,32.21,31.69,42.09,1008.88
2196,197.55,32.21,31.69,42.09,1008.87
2197,197.64,32.20,31.69,42.09,1008.87
2198,197.73,32.19,31.68,42.08,1008.87
2199,197.82,32.19,31.68,42.09,1008.87
2200,197.91,32.18,31.68,42.09,1008.87
2201,198.00,32.18,31.69,42.08,1008.87
2202,198.09,32.18,31.68,42.08,1008.87
2203,198.18,32.17,31.68,42.09,1008.88
2204,198.27,32.16,31.68,42.11,1008.88
2205,198.36,32.16,31.67,42.11,1008.88
2206,198.45,32.15,31.67,42.12,1008.88
2207,198.54,32.15,31.67,42.12,1008.87
2208,198.63,32.15,31.67,42.12,1008.87
2209,198.72,32.14,31.67,42.13,1008.87
2210,198.81,32.14,31.67,42.13,1008.87
2211,198.90,32.14,31.66,42.13,1008.87
2212,198.99,32.14,31.66,42.14,1008.88
2213,199.08,32.14,31.66,42.14,1008.87
2214,199.17,32.13,31.66,42.15,1008.88
2215,199.26,32.14,31.66,42.15,1008.87
2216,199.35,32.14,31.66,42.15,1008.87
2217,199.44,32.14,31.66,42.14,1008.88
2218,199.53,32.14,31.66,42.14,1008.87
2219,199.62,32.13,31.66,42.13,1008.87
2220,199.71,32.13,31.66,42.13,1008.87
2221,199.80,32.12,31.66,42.14,1008.87
2222,199.89,32.12,31.65,42.13,1008.87
2223,199.98,32.12,31.66,42.13,1008.87
2224,200.07,32.11,31.66,42.13,1008.88
2225,200.16,32.11,31.66,42.13,1008.88
2226,200.25,32.11,31.67,42.12,1008.88
2227,200.34,32.10,31.67,42.14,1008.88
2228,200.43,32.11,31.66,42.13,1008.88
2229,200.52,32.11,31.66,42.12,1008.88
2230,200.61,32.11,31.66,42.12,1008.88
2231,200.70,32.10,31.65,42.12,1008.88
2232,200.79,32.10,31.65,42.12,1008.88
2233,200.88,32.10,31.65,42.11,1008.88
2234,200.97,32.09,31.66,42.12,1008.88
2235,201.06,32.09,31.65,42.12,1008.89
2236,201.15,32.08,31.65,42.10,1008.89
2237,201.24,32.09,31.65,42.11,1008.89
2238,201.33,32.08,31.65,42.12,1008.89
2239,201.42,32.08,31.65,42.12,1008.89
2240,201.51,32.08,31.65,42.11,1008.89
2241,201.60,32.07,31.65,42.13,1008.89
2242,201.69,32.06,31.64,42.13,1008.89
2243,201.78,32.06,31.64,42.13,1008.89
2244,201.87,32.05,31.64,42.14,1008.89
2245,201.96,32.05,31.63,42.15,1008.89
2246,202.05,32.05,31.62,42.16,1008.89
2247,202.14,32.05,31.62,42.16,1008.89
2248,202.23,32.06,31.62,42.16,1008.89
2249,202.32,32.06,31.62,42.17,1008.89
2250,202.41,32.05,31.60,42.18,1008.89
2251,202.50,32.05,31.60,42.18,1008.89
2252,202.59,32.05,31.59,42.18,1008.89
2253,202.68,32.05,31.58,42.19,1008.89
2254,202.77,32.05,31.57,42.19,1008.89
2255,202.86,32.04,31.57,42.19,1008.88
2256,202.95,32.05,31.57,42.20,1008.88
2257,203.04,32.05,31.57,42.20,1008.88
2258,203.13,32.04,31.56,42.21,1008.88
2259,203.22,32.04,31.56,42.22,1008.87
2260,203.31,32.03,31.57,42.21,1008.87
2261,203.40,32.03,31.57,42.22,1008.87
2262,203.49,32.03,31.57,42.23,1008.87
2263,203.58,32.03,31.56,42.23,1008.87
2264,203.67,32.03,31.56,42.23,1008.87
2265,203.76,32.03,31.55,42.22,1008.86
2266,203.85,32.03,31.56,42.20,1008.86
2267,203.94,32.03,31.55,42.19,1008.86
2268,204.03,32.02,31.54,42.21,1008.86
2269,204.12,32.02,31.54,42.20,1008.86
2270,204.21,32.02,31.54,42.18,1008.86
2271,204.30,32.02,31.54,42.19,1008.86
2272,204.39,32.02,31.53,42.20,1008.86
2273,204.48,32.01,31.53,42.21,1008.86
2274,204.57,32.02,31.52,42.21,1008.86
2275,204.66,32.01,31.52,42.21,1008.86
2276,204.75,32.01,31.51,42.22,1008.86
2277,204.84,32.01,31.51,42.21,1008.86
2278,204.93,32.01,31.51,42.22,1008.86
2279,205.02,32.01,31.52,42.22,1008.86
2280,205.11,32.01,31.51,42.24,1008.86
2281,205.20,32.01,31.52,42.24,1008.87
2282,205.29,32.01,31.51,42.23,1008.87
2283,205.38,32.00,31.51,42.23,1008.87
2284,205.47,32.00,31.50,42.22,1008.87
2285,205.56,32.00,31.50,42.22,1008.87
2286,205.65,31.99,31.49,42.23,1008.87
2287,205.74,31.99,31.49,42.23,1008.88
2288,205.83,31.99,31.48,42.24,1008.88
2289,205.92,31.99,31.48,42.24,1008.88
2290,206.01,31.99,31.48,42.25,1008.88
2291,206.10,31.98,31.48,42.25,1008.88
2292,206.19,31.98,31.47,42.25,1008.88
2293,206.28,31.97,31.47,42.26,1008.88
2294,206.37,31.97,31.46,42.27,1008.88
2295,206.46,31.97,31.45,42.27,1008.88
2296,206.55,31.96,31.45,42.27,1008.88
2297,206.64,31.96,31.44,42.27,1008.88
2298,206.73,31.96,31.44,42.28,1008.88
2299,206.82,31.96,31.43,42.27,1008.88
2300,206.91,31.95,31.43,42.27,1008.88
2301,207.00,31.94,31.43,42.29,1008.88
2302,207.09,31.94,31.43,42.30,1008.88
2303,207.18,31.94,31.43,42.31,1008.88
2304,207.27,31.93,31.43,42.31,1008.88
2305,207.36,31.93,31.44,42.31,1008.88
2306,207.45,31.93,31.43,42.32,1008.88
2307,207.54,31.94,31.43,42.31,1008.88
2308,207.63,31.94,31.43,42.31,1008.88
2309,207.72,31.93,31.42,42.31,1008.88
2310,207.81,31.93,31.42,42.31,1008.88
2311,207.90,31.92,31.42,42.34,1008.88
2312,207.99,31.92,31.42,42.33,1008.88
2313,208.08,31.92,31.42,42.32,1008.87
2314,208.17,31.91,31.42,42.32,1008.87
2315,208.26,31.91,31.42,42.30,1008.87
2316,208.35,31.90,31.42,42.29,1008.87
2317,208.44,31.90,31.42,42.31,1008.87
2318,208.53,31.90,31.42,42.30,1008.87
2319,208.62,31.89,31.41,42.30,1008.87
2320,208.71,31.89,31.40,42.30,1008.87
2321,208.80,31.88,31.40,42.30,1008.87
2322,208.89,31.88,31.40,42.31,1008.87
2323,208.98,31.87,31.40,42.31,1008.87
2324,209.07,31.87,31.41,42.30,1008.87
2325,209.16,31.87,31.40,42.29,1008.87
2326,209.25,31.87,31.39,42.28,1008.87
2327,209.34,31.87,31.39,42.28,1008.87
2328,209.43,31.79,31.39,42.26,1008.87
2329,209.52,31.87,31.39,42.27,1008.87
2330,209.61,31.86,31.39,42.27,1008.86
2331,209.70,31.85,31.39,42.27,1008.87
2332,209.79,31.86,31.39,42.27,1008.87
2333,209.88,31.85,31.39,42.27,1008.86
2334,209.97,31.85,31.38,42.25,1008.87
2335,210.06,31.84,31.38,42.25,1008.87
2336,210.15,31.84,31.37,42.25,1008.87
2337,210.24,31.84,31.37,42.25,1008.87
2338,210.33,31.83,31.37,42.25,1008.87
2339,210.42,31.83,31.37,42.27,1008.87
2340,210.51,31.82,31.36,42.27,1008.87
2341,210.60,31.82,31.36,42.27,1008.87
2342,210.69,31.80,31.37,42.27,1008.87
2343,210.78,31.79,31.36,42.27,1008.87
2344,210.87,31.78,31.37,42.26,1008.87
2345,210.96,31.77,31.36,42.25,1008.87
2346,211.05,31.77,31.36,42.23,1008.87
2347,211.14,31.77,31.29,42.24,1008.87
2348,211.23,31.77,31.36,42.25,1008.87
2349,211.32,31.76,31.36,42.26,1008.86
2350,211.41,31.76,31.36,42.26,1008.86
2351,211.50,31.77,31.36,42.25,1008.86
2352,211.59,31.76,31.35,42.26,1008.86
2353,211.68,31.76,31.34,42.27,1008.86
2354,211.77,31.77,31.34,42.27,1008.86
2355,211.86,31.77,31.35,42.27,1008.86
2356,211.95,31.77,31.35,42.27,1008.86
2357,212.04,31.77,31.34,42.26,1008.86
2358,212.13,31.77,31.34,42.26,1008.86
2359,212.22,31.77,31.35,42.26,1008.86
2360,212.31,31.77,31.35,42.27,1008.86
2361,212.40,31.77,31.34,42.27,1008.86
2362,212.49,31.77,31.33,42.27,1008.86
2363,212.58,31.77,31.33,42.27,1008.86
2364,212.67,31.77,31.33,42.26,1008.86
2365,212.76,31.77,31.33,42.26,1008.86
2366,212.85,31.76,31.32,42.26,1008.86
2367,212.94,31.76,31.32,42.26,1008.86
2368,213.03,31.76,31.31,42.25,1008.87
2369,213.12,31.76,31.31,42.26,1008.87
2370,213.21,31.75,31.31,42.27,1008.86
2371,213.30,31.75,31.31,42.27,1008.87
2372,213.39,31.75,31.30,42.28,1008.87
2373,213.48,31.75,31.30,42.28,1008.87
2374,213.57,31.75,31.29,42.27,1008.87
2375,213.66,31.75,31.29,42.28,1008.87
2376,213.75,31.74,31.29,42.26,1008.88
2377,213.84,31.74,31.29,42.26,1008.88
2378,213.93,31.74,31.29,42.26,1008.88
2379,214.02,31.74,31.29,42.27,1008.88
2380,214.11,31.74,31.28,42.27,1008.88
2381,214.20,31.73,31.28,42.28,1008.88
2382,214.29,31.73,31.27,42.25,1008.88
2383,214.38,31.73,31.27,42.25,1008.88
2384,214.47,31.72,31.26,42.24,1008.88
2385,214.56,31.72,31.26,42.25,1008.88
2386,214.65,31.72,31.25,42.25,1008.88
2387,214.74,31.72,31.25,42.24,1008.88
2388,214.83,31.72,31.24,42.25,1008.88
2389,214.92,31.72,31.24,42.25,1008.88
2390,215.01,31.72,31.23,42.24,1008.89
2391,215.10,31.72,31.23,42.24,1008.89
2392,215.19,31.72,31.14,42.23,1008.89
2393,215.28,31.71,31.20,42.24,1008.89
2394,215.37,31.71,31.22,42.25,1008.89
2395,215.46,31.70,31.23,42.24,1008.89
2396,215.55,31.70,31.23,42.24,1008.89
2397,215.64,31.70,31.23,42.23,1008.89
2398,215.73,31.70,31.23,42.23,1008.89
2399,215.82,31.70,31.23,42.23,1008.89
2400,215.91,31.69,31.23,42.22,1008.89
2401,216.00,31.69,31.22,42.22,1008.88
2402,216.09,31.69,31.22,42.21,1008.88
2403,216.18,31.69,31.22,42.22,1008.88
2404,216.27,31.68,31.22,42.23,1008.88
2405,216.36,31.68,31.21,42.22,1008.88
2406,216.45,31.67,31.21,42.20,1008.88
2407,216.54,31.68,31.21,42.19,1008.87
2408,216.63,31.67,31.20,42.20,1008.87
2409,216.72,31.67,31.20,42.20,1008.87
2410,216.81,31.67,31.20,42.20,1008.87
2411,216.90,31.66,31.20,42.20,1008.87
2412,216.99,31.66,31.20,42.20,1008.87
2413,217.08,31.65,31.20,42.21,1008.87
2414,217.17,31.65,31.19,42.22,1008.87
2415,217.26,31.65,31.19,42.20,1008.87
2416,217.35,31.65,31.19,42.20,1008.87
2417,217.44,31.65,31.18,42.20,1008.87
2418,217.53,31.64,31.18,42.19,1008.87
2419,217.62,31.64,31.16,42.18,1008.88
2420,217.71,31.63,31.16,42.19,1008.88
2421,217.80,31.63,31.16,42.17,1008.88
2422,217.89,31.64,31.15,42.17,1008.88
2423,217.98,31.64,31.15,42.17,1008.88
2424,218.07,31.64,31.16,42.16,1008.87
2425,218.16,31.64,31.16,42.15,1008.88
2426,218.25,31.63,31.15,42.16,1008.88
2427,218.34,31.63,31.15,42.14,1008.87
2428,218.43,31.62,31.14,42.14,1008.88
2429,218.52,31.62,31.14,42.15,1008.88
2430,218.61,31.61,31.15,42.15,1008.88
2431,218.70,31.61,31.14,42.14,1008.88
2432,218.79,31.60,31.14,42.14,1008.88
2433,218.88,31.61,31.14,42.14,1008.88
2434,218.97,31.60,31.14,42.13,1008.88
2435,219.06,31.60,31.14,42.14,1008.88
2436,219.15,31.60,31.14,42.17,1008.88
2437,219.24,31.60,31.14,42.16,1008.88
2438,219.33,31.60,31.14,42.18,1008.88
2439,219.42,31.60,31.13,42.19,1008.88
2440,219.51,31.60,31.13,42.20,1008.88
2441,219.60,31.60,31.13,42.20,1008.88
2442,219.69,31.59,31.13,42.20,1008.88
2443,219.78,31.60,31.13,42.22,1008.88
2444,219.87,31.60,31.13,42.23,1008.88
2445,219.96,31.60,31.13,42.24,1008.88
2446,220.05,31.60,31.13,42.24,1008.88
2447,220.14,31.60,31.12,42.25,1008.88
2448,220.23,31.60,31.12,42.26,1008.88
2449,220.32,31.60,31.11,42.27,1008.88
2450,220.41,31.59,31.11,42.27,1008.88
2451,220.50,31.58,31.11,42.29,1008.88
2452,220.59,31.59,31.12,42.30,1008.88
2453,220.68,31.58,31.12,42.31,1008.88
2454,220.77,31.58,31.11,42.30,1008.88
2455,220.86,31.58,31.11,42.29,1008.88
2456,220.95,31.58,31.11,42.28,1008.88
2457,221.04,31.58,31.11,42.28,1008.87
2458,221.13,31.58,31.10,42.28,1008.87
2459,221.22,31.57,31.11,42.29,1008.87
2460,221.31,31.57,31.11,42.29,1008.87
2461,221.40,31.56,31.11,42.29,1008.87
2462,221.49,31.56,31.11,42.30,1008.87
2463,221.58,31.56,31.10,42.29,1008.87
2464,221.67,31.56,31.10,42.28,1008.87
2465,221.76,31.55,31.10,42.28,1008.87
2466,221.85,31.54,31.10,42.28,1008.87
2467,221.94,31.54,31.09,42.28,1008.87
2468,222.03,31.54,31.09,42.29,1008.87
2469,222.12,31.54,31.10,42.29,1008.87
2470,222.21,31.54,31.10,42.28,1008.88
2471,222.30,31.54,31.10,42.29,1008.88
2472,222.39,31.53,31.10,42.29,1008.88
2473,222.48,31.53,31.10,42.29,1008.88
2474,222.57,31.53,31.09,42.29,1008.88
2475,222.66,31.52,31.09,42.29,1008.88
2476,222.75,31.52,31.09,42.30,1008.88
2477,222.84,31.52,31.09,42.29,1008.88
2478,222.93,31.53,31.08,42.30,1008.88
2479,223.02,31.52,31.08,42.30,1008.88
2480,223.11,31.52,31.08,42.30,1008.88
2481,223.20,31.52,31.08,42.30,1008.88
2482,223.29,31.52,31.08,42.31,1008.88
2483,223.38,31.52,31.08,42.30,1008.88
2484,223.47,31.52,31.08,42.30,1008.88
2485,223.56,31.52,31.07,42.30,1008.88
2486,223.65,31.51,31.07,42.30,1008.88
2487,223.74,31.51,31.06,42.29,1008.88
2488,223.83,31.50,31.05,42.29,1008.88
2489,223.92,31.50,31.04,42.29,1008.89
2490,224.01,31.49,31.04,42.30,1008.88
2491,224.10,31.49,31.04,42.29,1008.88
2492,224.19,31.50,31.03,42.29,1008.88
2493,224.28,31.49,31.03,42.29,1008.88
2494,224.37,31.49,31.03,42.30,1008.88
2495,224.46,31.49,31.02,42.31,1008.88
2496,224.55,31.49,31.02,42.30,1008.88
2497,224.64,31.49,31.02,42.30,1008.88
2498,224.73,31.48,31.02,42.30,1008.88
2499,224.82,31.48,31.01,42.30,1008.88
2500,224.91,31.48,31.01,42.31,1008.88
2501,225.00,31.47,31.00,42.32,1008.88
2502,225.09,31.47,30.99,42.32,1008.88
2503,225.18,31.46,30.99,42.31,1008.88
2504,225.27,31.46,30.99,42.31,1008.88
2505,225.36,31.45,30.98,42.29,1008.88
2506,225.45,31.45,30.97,42.39,1008.88
2507,225.54,31.45,30.97,42.28,1008.88
2508,225.63,31.45,30.97,42.28,1008.88
2509,225.72,31.44,30.96,42.27,1008.88
2510,225.81,31.44,30.95,42.27,1008.87
2511,225.90,31.43,30.94,42.28,1008.87
2512,225.99,31.43,30.94,42.29,1008.87
2513,226.08,31.42,30.93,42.28,1008.87
2514,226.17,31.43,30.93,42.28,1008.87
2515,226.26,31.43,30.93,42.27,1008.88
2516,226.35,31.43,30.93,42.27,1008.88
2517,226.44,31.42,30.92,42.27,1008.87
2518,226.53,31.42,30.91,42.27,1008.87
2519,226.62,31.42,30.90,42.26,1008.87
2520,226.71,31.42,30.90,42.25,1008.87
2521,226.80,31.41,30.90,42.25,1008.87
2522,226.89,31.41,30.89,42.24,1008.87
2523,226.98,31.40,30.90,42.23,1008.87
2524,227.07,31.41,30.89,42.23,1008.87
2525,227.16,31.41,30.88,42.23,1008.86
2526,227.25,31.40,30.89,42.24,1008.87
2527,227.34,31.40,30.89,42.25,1008.86
2528,227.43,31.40,30.90,42.24,1008.86
2529,227.52,31.39,30.89,42.24,1008.86
2530,227.61,31.39,30.89,42.24,1008.86
2531,227.70,31.39,30.90,42.24,1008.86
2532,227.79,31.39,30.89,42.25,1008.86
2533,227.88,31.38,30.90,42.23,1008.86
2534,227.97,31.38,30.89,42.25,1008.86
2535,228.06,31.38,30.89,42.24,1008.86
2536,228.15,31.38,30.89,42.26,1008.86
2537,228.24,31.38,30.89,42.25,1008.86
2538,228.33,31.38,30.89,42.25,1008.86
2539,228.42,31.37,30.89,42.25,1008.86
2540,228.51,31.37,30.90,42.26,1008.86
2541,228.60,31.37,30.90,42.26,1008.86
2542,228.69,31.37,30.90,42.26,1008.86
2543,228.78,31.37,30.90,42.26,1008.86
2544,228.87,31.37,30.90,42.27,1008.86
2545,228.96,31.42,30.91,42.26,1008.86
2546,229.05,31.37,30.91,42.27,1008.87
2547,229.14,31.37,30.91,42.27,1008.87
2548,229.23,31.36,30.91,42.28,1008.87
2549,229.32,31.36,30.91,42.27,1008.88
2550,229.41,31.36,30.90,42.28,1008.87
2551,229.50,31.36,30.90,42.29,1008.87
2552,229.59,31.36,30.90,42.28,1008.88
2553,229.68,31.36,30.89,42.27,1008.88
2554,229.77,31.36,30.89,42.27,1008.88
2555,229.86,31.36,30.88,42.28,1008.88
2556,229.95,31.35,30.89,42.27,1008.88
2557,230.04,31.35,30.88,42.27,1008.88
2558,230.13,31.35,30.88,42.25,1008.88
2559,230.22,31.35,30.89,42.25,1008.88
2560,230.31,31.34,30.89,42.24,1008.88
2561,230.40,31.34,30.89,42.24,1008.88
2562,230.49,31.34,30.89,42.25,1008.88
2563,230.58,31.33,30.88,42.23,1008.88
2564,230.67,31.32,30.88,42.23,1008.88
2565,230.76,31.32,30.88,42.22,1008.88
2566,230.85,31.32,30.87,42.22,1008.88
2567,230.94,31.32,30.87,42.22,1008.87
2568,231.03,31.32,30.86,42.22,1008.87
2569,231.12,31.32,30.86,42.23,1008.88
2570,231.21,31.32,30.85,42.23,1008.88
2571,231.30,31.32,30.85,42.23,1008.87
2572,231.39,31.32,30.85,42.23,1008.87
2573,231.48,31.32,30.85,42.24,1008.87
2574,231.57,31.31,30.85,42.22,1008.87
2575,231.66,31.31,30.85,42.22,1008.87
2576,231.75,31.31,30.85,42.23,1008.87
2577,231.84,31.31,30.85,42.23,1008.87
2578,231.93,31.31,30.85,42.24,1008.87
2579,232.02,31.31,30.85,42.25,1008.87
2580,232.11,31.31,30.85,42.25,1008.87
2581,232.20,31.31,30.85,42.25,1008.88
2582,232.29,31.31,30.85,42.24,1008.88
2583,232.38,31.30,30.84,42.23,1008.88
2584,232.47,31.30,30.84,42.24,1008.89
2585,232.56,31.30,30.84,42.24,1008.89
2586,232.65,31.29,30.84,42.25,1008.89
2587,232.74,31.29,30.84,42.24,1008.90
2588,232.83,31.29,30.83,42.26,1008.90
2589,232.92,31.28,30.82,42.25,1008.90
2590,233.01,31.29,30.83,42.24,1008.89
2591,233.10,31.28,30.83,42.25,1008.89
2592,233.19,31.28,30.82,42.24,1008.89
2593,233.28,31.28,30.82,42.23,1008.88
2594,233.37,31.28,30.81,42.24,1008.88
2595,233.46,31.27,30.81,42.23,1008.87
2596,233.55,31.28,30.81,42.22,1008.87
2597,233.64,31.28,30.81,42.23,1008.87
2598,233.73,31.28,30.81,42.24,1008.87
2599,233.82,31.28,30.81,42.22,1008.87
2600,233.91,31.28,30.82,42.22,1008.87
2601,234.00,31.28,30.81,42.22,1008.87
2602,234.09,31.27,30.81,42.23,1008.87
2603,234.18,31.27,30.80,42.22,1008.87
2604,234.27,31.27,30.80,42.24,1008.87
2605,234.36,31.26,30.79,42.23,1008.87
2606,234.45,31.25,30.79,42.24,1008.87
2607,234.54,31.25,30.79,42.23,1008.87
2608,234.63,31.25,30.78,42.22,1008.86
2609,234.72,31.25,30.78,42.22,1008.86
2610,234.81,31.24,30.78,42.22,1008.86
2611,234.90,31.24,30.77,42.21,1008.86
2612,234.99,31.23,30.77,42.23,1008.86
2613,235.08,31.23,30.77,42.23,1008.86
2614,235.17,31.23,30.76,42.21,1008.86
2615,235.26,31.23,30.76,42.21,1008.86
2616,235.35,31.22,30.76,42.21,1008.86
2617,235.44,31.22,30.75,42.22,1008.86
2618,235.53,31.22,30.75,42.23,1008.86
2619,235.62,31.22,30.75,42.22,1008.86
2620,235.71,31.21,30.76,42.21,1008.86
2621,235.80,31.21,30.75,42.21,1008.86
2622,235.89,31.20,30.75,42.21,1008.86
2623,235.98,31.20,30.75,42.19,1008.86
2624,236.07,31.20,30.75,42.21,1008.86
2625,236.16,31.19,30.75,42.20,1008.86
2626,236.25,31.19,30.75,42.21,1008.86
2627,236.34,31.18,30.74,42.22,1008.86
2628,236.43,31.18,30.74,42.23,1008.86
2629,236.52,31.18,30.75,42.23,1008.86
2630,236.61,31.17,30.75,42.23,1008.86
2631,236.70,31.17,30.75,42.23,1008.87
2632,236.79,31.17,30.75,42.23,1008.87
2633,236.88,31.17,30.75,42.23,1008.87
2634,236.97,31.17,30.75,42.24,1008.87
2635,237.06,31.16,30.74,42.24,1008.87
2636,237.15,31.16,30.73,42.25,1008.87
2637,237.24,31.16,30.73,42.25,1008.88
2638,237.33,31.16,30.72,42.26,1008.88
2639,237.42,31.15,30.72,42.26,1008.88
2640,237.51,31.15,30.72,42.28,1008.88
2641,237.60,31.15,30.72,42.27,1008.88
2642,237.69,31.15,30.71,42.27,1008.88
2643,237.78,31.15,30.72,42.26,1008.88
2644,237.87,31.15,30.72,42.26,1008.88
2645,237.96,31.14,30.72,42.27,1008.89
2646,238.05,31.14,30.72,42.28,1008.89
2647,238.14,31.14,30.72,42.29,1008.89
2648,238.23,31.13,30.72,42.28,1008.89
2649,238.32,31.13,30.72,42.26,1008.89
2650,238.41,31.13,30.72,42.26,1008.90
2651,238.50,31.13,30.72,42.26,1008.90
2652,238.59,31.13,30.72,42.26,1008.90
2653,238.68,31.13,30.71,42.26,1008.90
2654,238.77,31.12,30.71,42.27,1008.90
2655,238.86,31.11,30.72,42.26,1008.90
2656,238.95,31.11,30.72,42.27,1008.90
2657,239.04,31.11,30.71,42.25,1008.90
2658,239.13,31.11,30.71,42.25,1008.90
2659,239.22,31.11,30.71,42.25,1008.90
2660,239.31,31.11,30.71,42.27,1008.90
2661,239.40,31.10,30.70,42.26,1008.90
2662,239.49,31.10,30.69,42.27,1008.90
2663,239.58,31.09,30.69,42.28,1008.90
2664,239.67,31.09,30.70,42.28,1008.89
2665,239.76,31.09,30.69,42.29,1008.89
2666,239.85,31.09,30.70,42.28,1008.89
2667,239.94,31.08,30.69,42.27,1008.89
2668,240.03,31.08,30.69,42.27,1008.88
2669,240.12,31.08,30.69,42.27,1008.88
2670,240.21,31.08,30.69,42.28,1008.88
2671,240.30,31.08,30.69,42.29,1008.88
2672,240.39,31.07,30.69,42.28,1008.88
2673,240.48,31.08,30.69,42.29,1008.88
2674,240.57,31.07,30.68,42.29,1008.88
2675,240.66,31.07,30.68,42.30,1008.88
2676,240.75,31.07,30.68,42.31,1008.88
2677,240.84,31.06,30.67,42.29,1008.88
2678,240.93,31.06,30.68,42.30,1008.87
2679,241.02,31.07,30.67,42.30,1008.87
2680,241.11,31.06,30.67,42.30,1008.87
2681,241.20,31.06,30.66,42.31,1008.87
2682,241.29,31.07,30.66,42.31,1008.87
2683,241.38,30.98,30.66,42.32,1008.88
2684,241.47,31.06,30.66,42.31,1008.88
2685,241.56,31.06,30.65,42.31,1008.87
2686,241.65,31.06,30.65,42.32,1008.87
2687,241.74,31.06,30.66,42.30,1008.87
2688,241.83,31.05,30.65,42.30,1008.87
2689,241.92,31.05,30.65,42.30,1008.87
2690,242.01,31.06,30.65,42.29,1008.87
2691,242.10,31.06,30.65,42.29,1008.88
2692,242.19,31.06,30.65,42.28,1008.88
2693,242.28,31.06,30.64,42.27,1008.88
2694,242.37,31.07,30.64,42.26,1008.88
2695,242.46,31.07,30.65,42.27,1008.88
2696,242.55,31.07,30.64,42.26,1008.88
2697,242.64,31.06,30.64,42.28,1008.88
2698,242.73,31.06,30.63,42.28,1008.88
2699,242.82,31.06,30.63,42.26,1008.88
2700,242.91,31.06,30.63,42.27,1008.88
2701,243.00,31.05,30.62,42.27,1008.88
2702,243.09,31.05,30.62,42.26,1008.88
2703,243.18,31.05,30.62,42.24,1008.88
2704,243.27,31.05,30.61,42.25,1008.89
2705,243.36,31.05,30.61,42.25,1008.88
2706,243.45,31.05,30.61,42.24,1008.88
2707,243.54,31.05,30.60,42.24,1008.88
2708,243.63,31.04,30.60,42.24,1008.88
2709,243.72,31.04,30.60,42.25,1008.88
2710,243.81,31.04,30.59,42.25,1008.88
2711,243.90,31.04,30.59,42.26,1008.88
2712,243.99,31.04,30.59,42.27,1008.88
2713,244.08,31.04,30.58,42.27,1008.88
2714,244.17,31.04,30.58,42.27,1008.88
2715,244.26,31.03,30.58,42.27,1008.88
2716,244.35,31.03,30.58,42.26,1008.88
2717,244.44,31.03,30.58,42.23,1008.88
2718,244.53,31.03,30.58,42.22,1008.87
2719,244.62,31.03,30.59,42.21,1008.87
2720,244.71,31.02,30.59,42.21,1008.87
2721,244.80,31.02,30.59,42.21,1008.87
2722,244.89,31.02,30.59,42.21,1008.87
2723,244.98,31.02,30.58,42.21,1008.87
2724,245.07,31.02,30.58,42.22,1008.87
2725,245.16,31.02,30.59,42.22,1008.87
2726,245.25,31.01,30.60,42.22,1008.87
2727,245.34,31.01,30.59,42.21,1008.87
2728,245.43,31.01,30.59,42.20,1008.87
2729,245.52,31.01,30.60,42.22,1008.87
2730,245.61,31.01,30.60,42.22,1008.87
2731,245.70,31.00,30.60,42.23,1008.87
2732,245.79,31.00,30.60,42.22,1008.87
2733,245.88,30.99,30.60,42.23,1008.87
2734,245.97,30.99,30.60,42.21,1008.87
2735,246.06,30.99,30.59,42.22,1008.87
2736,246.15,30.98,30.58,42.22,1008.87
2737,246.24,30.98,30.58,42.21,1008.88
2738,246.33,30.98,30.57,42.20,1008.88
2739,246.42,30.99,30.57,42.20,1008.88
2740,246.51,30.99,30.57,42.21,1008.88
2741,246.60,30.99,30.56,42.20,1008.88
2742,246.69,30.98,30.55,42.20,1008.88
2743,246.78,30.99,30.54,42.21,1008.88
2744,246.87,30.98,30.52,42.20,1008.88
2745,246.96,30.98,30.52,42.20,1008.88
2746,247.05,30.98,30.51,42.21,1008.88
2747,247.14,30.97,30.51,42.21,1008.87
2748,247.23,30.98,30.51,42.21,1008.87
2749,247.32,30.97,30.51,42.21,1008.88
2750,247.41,30.97,30.50,42.21,1008.87
2751,247.50,30.97,30.50,42.21,1008.87
2752,247.59,30.97,30.49,42.20,1008.87
2753,247.68,30.96,30.49,42.21,1008.87
2754,247.77,30.96,30.49,42.20,1008.87
2755,247.86,30.96,30.49,42.20,1008.87
2756,247.95,30.96,30.50,42.20,1008.87
2757,248.04,30.95,30.50,42.20,1008.87
2758,248.13,30.95,30.49,42.20,1008.87
2759,248.22,30.95,30.50,42.20,1008.87
2760,248.31,30.94,30.50,42.20,1008.87
2761,248.40,30.94,30.50,42.18,1008.87
2762,248.49,30.94,30.49,42.18,1008.87
2763,248.58,30.94,30.49,42.18,1008.86
2764,248.67,30.93,30.50,42.17,1008.86
2765,248.76,30.93,30.48,42.17,1008.87
2766,248.85,30.93,30.48,42.18,1008.87
2767,248.94,30.92,30.48,42.19,1008.87
2768,249.03,30.92,30.48,42.19,1008.86
2769,249.12,30.91,30.49,42.19,1008.86
2770,249.21,30.91,30.49,42.18,1008.86
2771,249.30,30.90,30.49,42.18,1008.86
2772,249.39,30.90,30.49,42.17,1008.86
2773,249.48,30.90,30.48,42.30,1008.86
2774,249.57,30.90,30.48,42.15,1008.86
2775,249.66,30.90,30.48,42.16,1008.86
2776,249.75,30.89,30.48,42.15,1008.86
2777,249.84,30.89,30.48,42.15,1008.86
2778,249.93,30.90,30.48,42.16,1008.86
2779,250.02,30.90,30.47,42.15,1008.86
2780,250.11,30.90,30.46,42.16,1008.86
2781,250.20,30.91,30.47,42.16,1008.86
2782,250.29,30.90,30.46,42.17,1008.86
2783,250.38,30.89,30.46,42.16,1008.86
2784,250.47,30.89,30.46,42.16,1008.86
2785,250.56,30.89,30.45,42.16,1008.86
2786,250.65,30.89,30.46,42.15,1008.86
2787,250.74,30.89,30.46,42.15,1008.86
2788,250.83,30.89,30.45,42.15,1008.86
2789,250.92,30.88,30.45,42.14,1008.86
2790,251.01,30.88,30.45,42.15,1008.86
2791,251.10,30.88,30.45,42.14,1008.86
2792,251.19,30.88,30.45,42.13,1008.86
2793,251.28,30.88,30.44,42.14,1008.87
2794,251.37,30.88,30.45,42.14,1008.87
2795,251.46,30.88,30.45,42.05,1008.87
2796,251.55,30.87,30.45,42.15,1008.87
2797,251.64,30.87,30.45,42.16,1008.87
2798,251.73,30.86,30.45,42.17,1008.86
2799,251.82,30.86,30.45,42.17,1008.87
2800,251.91,30.86,30.45,42.18,1008.87
2801,252.00,30.86,30.45,42.18,1008.87
2802,252.09,30.86,30.44,42.19,1008.86
2803,252.18,30.86,30.43,42.19,1008.86
2804,252.27,30.86,30.43,42.18,1008.86
2805,252.36,30.86,30.43,42.18,1008.86
2806,252.45,30.85,30.42,42.20,1008.86
2807,252.54,30.85,30.42,42.21,1008.86
2808,252.63,30.85,30.43,42.21,1008.86
2809,252.72,30.85,30.43,42.20,1008.86
2810,252.81,30.84,30.42,42.20,1008.86
2811,252.90,30.84,30.42,42.19,1008.85
2812,252.99,30.84,30.42,42.19,1008.86
2813,253.08,30.83,30.42,42.20,1008.86
2814,253.17,30.83,30.42,42.21,1008.86
2815,253.26,30.83,30.43,42.21,1008.86
2816,253.35,30.83,30.42,42.20,1008.86
2817,253.44,30.82,30.41,42.20,1008.86
2818,253.53,30.82,30.41,42.21,1008.86
2819,253.62,30.81,30.41,42.23,1008.86
2820,253.71,30.82,30.41,42.23,1008.86
2821,253.80,30.82,30.40,42.23,1008.86
2822,253.89,30.82,30.40,42.24,1008.86
2823,253.98,30.82,30.39,42.23,1008.86
2824,254.07,30.82,30.39,42.23,1008.87
2825,254.16,30.82,30.39,42.22,1008.87
2826,254.25,30.82,30.39,42.21,1008.87
2827,254.34,30.81,30.39,42.20,1008.87
2828,254.43,30.81,30.39,42.20,1008.87
2829,254.52,30.80,30.39,42.20,1008.87
2830,254.61,30.79,30.39,42.21,1008.87
2831,254.70,30.79,30.39,42.20,1008.87
2832,254.79,30.79,30.39,42.20,1008.87
2833,254.88,30.78,30.39,42.21,1008.87
2834,254.97,30.78,30.39,42.22,1008.88
2835,255.06,30.78,30.39,42.20,1008.88
2836,255.15,30.78,30.39,42.20,1008.88
2837,255.24,30.78,30.38,42.21,1008.88
2838,255.33,30.79,30.37,42.23,1008.88
2839,255.42,30.78,30.37,42.22,1008.88
2840,255.51,30.78,30.37,42.23,1008.88
2841,255.60,30.78,30.36,42.23,1008.88
2842,255.69,30.78,30.36,42.23,1008.88
2843,255.78,30.79,30.36,42.23,1008.88
2844,255.87,30.78,30.35,42.22,1008.88
2845,255.96,30.77,30.36,42.23,1008.88
2846,256.05,30.77,30.36,42.23,1008.88
2847,256.14,30.78,30.36,42.23,1008.88
2848,256.23,30.78,30.36,42.25,1008.88
2849,256.32,30.77,30.36,42.26,1008.88
2850,256.41,30.77,30.36,42.26,1008.88
2851,256.50,30.77,30.37,42.25,1008.88
2852,256.59,30.77,30.36,42.25,1008.88
2853,256.68,30.77,30.35,42.25,1008.88
2854,256.77,30.76,30.35,42.25,1008.88
2855,256.86,30.76,30.35,42.25,1008.88
2856,256.95,30.75,30.35,42.26,1008.88
2857,257.04,30.75,30.35,42.24,1008.88
2858,257.13,30.75,30.35,42.24,1008.88
2859,257.22,30.75,30.36,42.23,1008.88
2860,257.31,30.75,30.36,42.24,1008.88
2861,257.40,30.74,30.36,42.23,1008.87
2862,257.49,30.75,30.36,42.23,1008.87
2863,257.58,30.75,30.37,42.24,1008.87
2864,257.67,30.74,30.37,42.23,1008.87
2865,257.76,30.74,30.38,42.22,1008.87
2866,257.85,30.74,30.38,42.24,1008.87
2867,257.94,30.74,30.38,42.26,1008.87
2868,258.03,30.74,30.39,42.26,1008.87
2869,258.12,30.74,30.39,42.25,1008.87
2870,258.21,30.74,30.39,42.25,1008.87
2871,258.30,30.73,30.39,42.25,1008.87
2872,258.39,30.74,30.39,42.26,1008.87
2873,258.48,30.73,30.39,42.26,1008.87
2874,258.57,30.73,30.39,42.27,1008.87
2875,258.66,30.73,30.39,42.25,1008.87
2876,258.75,30.72,30.39,42.26,1008.87
2877,258.84,30.72,30.39,42.26,1008.87
2878,258.93,30.72,30.38,42.25,1008.87
2879,259.02,30.72,30.38,42.25,1008.87
2880,259.11,30.72,30.38,42.26,1008.87
2881,259.20,30.72,30.38,42.25,1008.88
2882,259.29,30.72,30.38,42.25,1008.88
2883,259.38,30.72,30.38,42.25,1008.88
2884,259.47,30.72,30.37,42.25,1008.88
2885,259.56,30.72,30.37,42.24,1008.88
2886,259.65,30.72,30.35,42.24,1008.88
2887,259.74,30.72,30.35,42.25,1008.88
2888,259.83,30.72,30.35,42.25,1008.88
2889,259.92,30.71,30.34,42.25,1008.88
2890,260.01,30.71,30.34,42.25,1008.88
2891,260.10,30.71,30.34,42.24,1008.89
2892,260.19,30.71,30.33,42.25,1008.89
2893,260.28,30.71,30.33,42.25,1008.89
2894,260.37,30.71,30.32,42.24,1008.89
2895,260.46,30.70,30.31,42.25,1008.89
2896,260.55,30.70,30.31,42.25,1008.89
2897,260.64,30.71,30.31,42.26,1008.89
2898,260.73,30.71,30.31,42.27,1008.89
2899,260.82,30.70,30.30,42.25,1008.89
2900,260.91,30.70,30.30,42.25,1008.89
2901,261.00,30.69,30.30,42.24,1008.89
2902,261.09,30.70,30.29,42.23,1008.89
2903,261.18,30.70,30.30,42.24,1008.89
2904,261.27,30.69,30.29,42.24,1008.89
2905,261.36,30.70,30.28,42.25,1008.89
2906,261.45,30.70,30.28,42.23,1008.89
2907,261.54,30.70,30.27,42.24,1008.89
2908,261.63,30.69,30.26,42.25,1008.89
2909,261.72,30.69,30.26,42.25,1008.89
2910,261.81,30.69,30.27,42.24,1008.89
2911,261.90,30.68,30.20,42.23,1008.89
2912,261.99,30.68,30.27,42.23,1008.89
2913,262.08,30.68,30.26,42.23,1008.89
2914,262.17,30.68,30.27,42.23,1008.89
2915,262.26,30.69,30.26,42.21,1008.89
2916,262.35,30.68,30.26,42.21,1008.89
2917,262.44,30.68,30.25,42.24,1008.89
2918,262.53,30.68,30.25,42.24,1008.89
2919,262.62,30.67,30.24,42.25,1008.89
2920,262.71,30.67,30.23,42.24,1008.89
2921,262.80,30.67,30.22,42.23,1008.89
2922,262.89,30.66,30.22,42.24,1008.89
2923,262.98,30.65,30.22,42.23,1008.89
2924,263.07,30.65,30.22,42.23,1008.89
2925,263.16,30.65,30.21,42.23,1008.89
2926,263.25,30.64,30.21,42.23,1008.89
2927,263.34,30.64,30.21,42.23,1008.89
2928,263.43,30.63,30.20,42.26,1008.89
2929,263.52,30.63,30.21,42.24,1008.89
2930,263.61,30.63,30.20,42.24,1008.89
2931,263.70,30.63,30.19,42.25,1008.89
2932,263.79,30.62,30.20,42.26,1008.89
2933,263.88,30.62,30.21,42.26,1008.88
2934,263.97,30.62,30.21,42.27,1008.88
2935,264.06,30.61,30.21,42.28,1008.88
2936,264.15,30.62,30.21,42.27,1008.88
2937,264.24,30.62,30.20,42.27,1008.88
2938,264.33,30.62,30.19,42.28,1008.89
2939,264.42,30.62,30.19,42.27,1008.89
2940,264.51,30.62,30.19,42.25,1008.88
2941,264.60,30.61,30.19,42.25,1008.88
2942,264.69,30.61,30.19,42.26,1008.88
2943,264.78,30.61,30.20,42.26,1008.88
2944,264.87,30.61,30.20,42.26,1008.88
2945,264.96,30.61,30.20,42.27,1008.88
2946,265.05,30.61,30.19,42.27,1008.88
2947,265.14,30.60,30.20,42.25,1008.88
2948,265.23,30.60,30.20,42.24,1008.88
2949,265.32,30.59,30.20,42.26,1008.88
2950,265.41,30.59,30.20,42.26,1008.88
2951,265.50,30.60,30.20,42.27,1008.88
2952,265.59,30.59,30.19,42.27,1008.88
2953,265.68,30.60,30.18,42.26,1008.87
2954,265.77,30.60,30.19,42.26,1008.87
2955,265.86,30.60,30.19,42.26,1008.87
2956,265.95,30.59,30.19,42.26,1008.87
2957,266.04,30.59,30.19,42.26,1008.87
2958,266.13,30.59,30.18,42.25,1008.87
2959,266.22,30.59,30.18,42.25,1008.87
2960,266.31,30.58,30.18,42.26,1008.87
2961,266.40,30.58,30.24,42.26,1008.87
2962,266.49,30.58,30.20,42.26,1008.87
2963,266.58,30.57,30.17,42.25,1008.87
2964,266.67,30.57,30.17,42.26,1008.87
2965,266.76,30.57,30.18,42.24,1008.87
2966,266.85,30.57,30.17,42.23,1008.87
2967,266.94,30.57,30.17,42.23,1008.87
2968,267.03,30.56,30.18,42.22,1008.88
2969,267.12,30.56,30.18,42.24,1008.87
2970,267.21,30.56,30.17,42.24,1008.87
2971,267.30,30.55,30.17,42.26,1008.87
2972,267.39,30.55,30.17,42.26,1008.88
2973,267.48,30.55,30.17,42.27,1008.88
2974,267.57,30.55,30.17,42.25,1008.88
2975,267.66,30.55,30.17,42.26,1008.88
2976,267.75,30.54,30.16,42.26,1008.88
2977,267.84,30.54,30.16,42.26,1008.88
2978,267.93,30.54,30.16,42.26,1008.87
2979,268.02,30.54,30.17,42.26,1008.88
2980,268.11,30.53,30.16,42.27,1008.87
2981,268.20,30.53,30.15,42.28,1008.88
2982,268.29,30.53,30.15,42.27,1008.88
2983,268.38,30.53,30.15,42.27,1008.88
2984,268.47,30.53,30.15,42.27,1008.87
2985,268.56,30.52,30.15,42.28,1008.87
2986,268.65,30.53,30.15,42.28,1008.87
2987,268.74,30.53,30.14,42.28,1008.87
2988,268.83,30.53,30.14,42.27,1008.87
2989,268.92,30.52,30.14,42.28,1008.87
2990,269.01,30.53,30.14,42.28,1008.87
2991,269.10,30.53,30.14,42.26,1008.87
2992,269.19,30.54,30.13,42.26,1008.87
2993,269.28,30.53,30.13,42.27,1008.87
2994,269.37,30.54,30.12,42.27,1008.87
2995,269.46,30.54,30.12,42.27,1008.87
2996,269.55,30.54,30.12,42.29,1008.87
2997,269.64,30.54,30.12,42.28,1008.87
2998,269.73,30.53,30.12,42.28,1008.87
2999,269.82,30.53,30.11,42.28,1008.87
3000,269.91,30.53,30.12,42.28,1008.87
3001,270.00,30.53,30.12,42.29,1008.87
3002,270.09,30.53,30.12,42.30,1008.86
3003,270.18,30.53,30.12,42.30,1008.87
3004,270.27,30.53,30.11,42.29,1008.87
3005,270.36,30.53,30.11,42.28,1008.86
3006,270.45,30.53,30.11,42.27,1008.86
3007,270.54,30.53,30.12,42.27,1008.87
3008,270.63,30.52,30.12,42.29,1008.87
3009,270.72,30.52,30.11,42.30,1008.86
3010,270.81,30.52,30.11,42.29,1008.86
3011,270.90,30.52,30.11,42.28,1008.86
3012,270.99,30.51,30.11,42.28,1008.86
3013,271.08,30.51,30.11,42.27,1008.86
3014,271.17,30.52,30.11,42.27,1008.86
3015,271.26,30.52,30.10,42.28,1008.86
3016,271.35,30.52,30.10,42.29,1008.86
3017,271.44,30.51,30.10,42.29,1008.86
3018,271.53,30.51,30.10,42.28,1008.86
3019,271.62,30.50,30.10,42.28,1008.86
3020,271.71,30.51,30.10,42.27,1008.86
3021,271.80,30.50,30.10,42.28,1008.86
3022,271.89,30.51,30.10,42.29,1008.86
3023,271.98,30.51,30.09,42.29,1008.86
3024,272.07,30.50,30.08,42.28,1008.86
3025,272.16,30.51,30.08,42.29,1008.86
3026,272.25,30.50,30.07,42.28,1008.86
3027,272.34,30.50,30.07,42.29,1008.86
3028,272.43,30.50,30.07,42.28,1008.86
3029,272.52,30.50,30.07,42.27,1008.86
3030,272.61,30.49,30.07,42.27,1008.86
3031,272.70,30.50,30.07,42.28,1008.86
3032,272.79,30.49,30.07,42.27,1008.86
3033,272.88,30.49,30.07,42.27,1008.86
3034,272.97,30.49,30.07,42.28,1008.86
3035,273.06,30.48,30.06,42.29,1008.86
3036,273.15,30.48,30.06,42.28,1008.86
3037,273.24,30.48,30.06,42.27,1008.86
3038,273.33,30.48,30.06,42.27,1008.86
3039,273.42,30.48,30.06,42.27,1008.86
3040,273.51,30.47,30.06,42.27,1008.86
3041,273.60,30.47,30.06,42.26,1008.86
3042,273.69,30.47,30.06,42.27,1008.86
3043,273.78,30.48,30.06,42.28,1008.86
3044,273.87,30.48,30.05,42.26,1008.86
3045,273.96,30.47,30.05,42.27,1008.86
3046,274.05,30.47,30.05,42.27,1008.86
3047,274.14,30.47,30.06,42.27,1008.86
3048,274.23,30.46,30.05,42.26,1008.86
3049,274.32,30.46,30.05,42.26,1008.87
3050,274.41,30.45,30.05,42.26,1008.87
3051,274.50,30.45,30.04,42.24,1008.87
3052,274.59,30.45,30.04,42.24,1008.87
3053,274.68,30.46,30.04,42.23,1008.87
3054,274.77,30.45,30.03,42.23,1008.87
3055,274.86,30.45,30.04,42.24,1008.87
3056,274.95,30.46,30.03,42.22,1008.87
3057,275.04,30.45,30.04,42.22,1008.87
3058,275.13,30.44,30.04,42.21,1008.87
3059,275.22,30.44,30.04,42.22,1008.87
3060,275.31,30.44,30.04,42.23,1008.87
3061,275.40,30.44,30.04,42.23,1008.87
3062,275.49,30.43,30.04,42.25,1008.87
3063,275.58,30.43,30.04,42.26,1008.87
3064,275.67,30.43,30.03,42.26,1008.87
3065,275.76,30.43,30.03,42.26,1008.87
3066,275.85,30.43,30.03,42.27,1008.87
3067,275.94,30.43,30.03,42.28,1008.87
3068,276.03,30.43,30.03,42.26,1008.87
3069,276.12,30.43,30.03,42.27,1008.87
3070,276.21,30.43,30.03,42.27,1008.87
3071,276.30,30.43,30.04,42.28,1008.87
3072,276.39,30.44,30.03,42.27,1008.86
3073,276.48,30.43,30.03,42.28,1008.87
3074,276.57,30.43,30.03,42.29,1008.87
3075,276.66,30.43,30.02,42.29,1008.87
3076,276.75,30.43,30.03,42.30,1008.86
3077,276.84,30.42,30.02,42.30,1008.86
3078,276.93,30.42,30.02,42.31,1008.86
3079,277.02,30.42,30.02,42.31,1008.86
3080,277.11,30.42,30.02,42.30,1008.86
3081,277.20,30.42,30.02,42.31,1008.87
3082,277.29,30.41,30.02,42.30,1008.87
3083,277.38,30.41,30.02,42.31,1008.87
3084,277.47,30.41,30.01,42.31,1008.87
3085,277.56,30.41,30.01,42.31,1008.87
3086,277.65,30.41,30.00,42.33,1008.87
3087,277.74,30.40,30.00,42.33,1008.87
3088,277.83,30.40,30.01,42.31,1008.87
3089,277.92,30.40,30.01,42.31,1008.87
3090,278.01,30.40,30.00,42.31,1008.88
3091,278.10,30.39,30.00,42.31,1008.87
3092,278.19,30.40,30.00,42.31,1008.88
3093,278.28,30.39,30.00,42.32,1008.88
3094,278.37,30.39,29.99,42.32,1008.88
3095,278.46,30.39,30.00,42.32,1008.88
3096,278.55,30.38,30.00,42.31,1008.88
3097,278.64,30.38,29.99,42.31,1008.88
3098,278.73,30.38,29.99,42.32,1008.88
3099,278.82,30.37,29.98,42.32,1008.88
3100,278.91,30.37,29.98,42.33,1008.88
3101,279.00,30.37,29.98,42.33,1008.88
3102,279.09,30.37,29.99,42.33,1008.88
3103,279.18,30.36,29.99,42.33,1008.88
3104,279.27,30.36,29.98,42.31,1008.88
3105,279.36,30.36,29.98,42.31,1008.88
3106,279.45,30.36,29.97,42.30,1008.88
3107,279.54,30.35,29.96,42.30,1008.89
3108,279.63,30.35,29.96,42.31,1008.89
3109,279.72,30.35,29.96,42.30,1008.89
3110,279.81,30.35,29.96,42.29,1008.89
3111,279.90,30.35,29.96,42.28,1008.89
3112,279.99,30.35,29.96,42.28,1008.89
3113,280.08,30.35,29.96,42.28,1008.89
3114,280.17,30.35,29.96,42.29,1008.89
3115,280.26,30.34,29.95,42.31,1008.89
3116,280.35,30.34,29.95,42.31,1008.89
3117,280.44,30.34,29.96,42.31,1008.89
3118,280.53,30.34,29.96,42.31,1008.89
3119,280.62,30.33,29.95,42.31,1008.89
3120,280.71,30.33,29.94,42.31,1008.89
3121,280.80,30.33,29.95,42.30,1008.89
3122,280.89,30.33,29.96,42.30,1008.89
3123,280.98,30.33,29.95,42.29,1008.89
3124,281.07,30.32,29.95,42.31,1008.89
3125,281.16,30.32,29.95,42.30,1008.88
3126,281.25,30.32,29.94,42.30,1008.88
3127,281.34,30.32,29.94,42.29,1008.88
3128,281.43,30.32,29.94,42.29,1008.88
3129,281.52,30.33,29.94,42.30,1008.88
3130,281.61,30.32,29.94,42.30,1008.88
3131,281.70,30.32,29.93,42.30,1008.88
3132,281.79,30.32,29.94,42.29,1008.88
3133,281.88,30.31,29.94,42.30,1008.88
3134,281.97,30.32,29.93,42.31,1008.88
3135,282.06,30.31,29.93,42.31,1008.88
3136,282.15,30.31,29.94,42.30,1008.88
3137,282.24,30.30,29.94,42.31,1008.88
3138,282.33,30.30,29.94,42.31,1008.88
3139,282.42,30.30,29.94,42.31,1008.88
3140,282.51,30.30,29.93,42.33,1008.88
3141,282.60,30.30,29.93,42.33,1008.88
3142,282.69,30.30,29.94,42.33,1008.92
3143,282.78,30.29,29.94,42.34,1008.88
3144,282.87,30.30,29.94,42.33,1008.89
3145,282.96,30.29,29.94,42.32,1008.89
3146,283.05,30.29,29.94,42.33,1008.89
3147,283.14,30.29,29.93,42.33,1008.89
3148,283.23,30.29,29.93,42.33,1008.89
3149,283.32,30.28,29.93,42.34,1008.89
3150,283.41,30.28,29.93,42.33,1008.89
3151,283.50,30.28,29.93,42.32,1008.89
3152,283.59,30.28,29.93,42.33,1008.89
3153,283.68,30.27,29.92,42.33,1008.89
3154,283.77,30.27,29.92,42.33,1008.89
3155,283.86,30.27,29.92,42.34,1008.89
3156,283.95,30.27,29.92,42.34,1008.89
3157,284.04,30.27,29.91,42.35,1008.89
3158,284.13,30.27,29.90,42.34,1008.89
3159,284.22,30.27,29.91,42.33,1008.89
3160,284.31,30.27,29.91,42.34,1008.89
3161,284.40,30.28,29.90,42.33,1008.89
3162,284.49,30.27,29.89,42.33,1008.88
3163,284.58,30.27,29.89,42.31,1008.88
3164,284.67,30.27,29.89,42.31,1008.88
3165,284.76,30.27,29.89,42.31,1008.88
3166,284.85,30.27,29.89,42.31,1008.88
3167,284.94,30.27,29.89,42.31,1008.88
3168,285.03,30.26,29.89,42.30,1008.88
3169,285.12,30.27,29.89,42.30,1008.88
3170,285.21,30.26,29.88,42.30,1008.88
3171,285.30,30.26,29.89,42.31,1008.88
3172,285.39,30.26,29.88,42.31,1008.88
3173,285.48,30.26,29.89,42.31,1008.88
3174,285.57,30.26,29.88,42.30,1008.88
3175,285.66,30.25,29.88,42.32,1008.88
3176,285.75,30.26,29.88,42.32,1008.88
3177,285.84,30.26,29.87,42.32,1008.87
3178,285.93,30.26,29.87,42.33,1008.87
3179,286.02,30.26,29.87,42.33,1008.87
3180,286.11,30.25,29.87,42.33,1008.87
3181,286.20,30.25,29.87,42.34,1008.88
3182,286.29,30.24,29.86,42.33,1008.88
3183,286.38,30.25,29.86,42.33,1008.87
3184,286.47,30.25,29.86,42.35,1008.87
3185,286.56,30.24,29.86,42.34,1008.87
3186,286.65,30.24,29.85,42.33,1008.87
3187,286.74,30.24,29.85,42.34,1008.87
3188,286.83,30.24,29.86,42.33,1008.87
3189,286.92,30.24,29.85,42.32,1008.88
3190,287.01,30.24,29.85,42.33,1008.88
3191,287.10,30.24,29.85,42.33,1008.88
3192,287.19,30.24,29.85,42.32,1008.88
3193,287.28,30.24,29.84,42.32,1008.88
3194,287.37,30.23,29.84,42.32,1008.88
3195,287.46,30.23,29.84,42.32,1008.88
3196,287.55,30.23,29.84,42.32,1008.88
3197,287.64,30.23,29.84,42.33,1008.88
3198,287.73,30.23,29.85,42.32,1008.88
3199,287.82,30.23,29.85,42.33,1008.88
3200,287.91,30.23,29.84,42.33,1008.88
3201,288.00,30.22,29.85,42.34,1008.88
3202,288.09,30.22,29.84,42.35,1008.88
3203,288.18,30.22,29.84,42.35,1008.88
3204,288.27,30.22,29.83,42.35,1008.88
3205,288.36,30.22,29.83,42.34,1008.88
3206,288.45,30.21,29.82,42.34,1008.88
3207,288.54,30.21,29.82,42.33,1008.88
3208,288.63,30.21,29.82,42.33,1008.88
3209,288.72,30.21,29.83,42.31,1008.88
3210,288.81,30.21,29.83,42.31,1008.88
3211,288.90,30.21,29.83,42.31,1008.88
3212,288.99,30.21,29.83,42.31,1008.88
3213,289.08,30.20,29.83,42.32,1008.87
3214,289.17,30.20,29.83,42.33,1008.87
3215,289.26,30.20,29.82,42.33,1008.87
3216,289.35,30.19,29.83,42.31,1008.87
3217,289.44,30.19,29.82,42.32,1008.87
3218,289.53,30.18,29.82,42.32,1008.87
3219,289.62,30.18,29.82,42.32,1008.87
3220,289.71,30.17,29.82,42.32,1008.87
3221,289.80,30.16,29.81,42.33,1008.87
3222,289.89,30.16,29.82,42.33,1008.86
3223,289.98,30.15,29.82,42.32,1008.86
3224,290.07,30.15,29.82,42.33,1008.86
3225,290.16,30.15,29.82,42.33,1008.86
3226,290.25,30.15,29.82,42.33,1008.86
3227,290.34,30.15,29.83,42.32,1008.86
3228,290.43,30.15,29.83,42.32,1008.86
3229,290.52,30.15,29.82,42.32,1008.86
3230,290.61,30.15,29.82,42.33,1008.86
3231,290.70,30.15,29.82,42.33,1008.86
3232,290.79,30.15,29.82,42.33,1008.86
3233,290.88,30.15,29.82,42.32,1008.86
3234,290.97,30.15,29.82,42.33,1008.86
3235,291.06,30.16,29.82,42.34,1008.86
3236,291.15,30.15,29.82,42.34,1008.86
3237,291.24,30.15,29.82,42.33,1008.86
3238,291.33,30.16,29.81,42.33,1008.86
3239,291.42,30.15,29.80,42.35,1008.86
3240,291.51,30.15,29.80,42.32,1008.86
3241,291.60,30.15,29.80,42.32,1008.86
3242,291.69,30.15,29.81,42.32,1008.86
3243,291.78,30.14,29.80,42.32,1008.86
3244,291.87,30.22,29.80,42.31,1008.86
3245,291.96,30.14,29.80,42.32,1008.86
3246,292.05,30.15,29.80,42.31,1008.86
3247,292.14,30.15,29.79,42.31,1008.87
3248,292.23,30.15,29.79,42.29,1008.87
3249,292.32,30.15,29.78,42.30,1008.87
3250,292.41,30.15,29.78,42.31,1008.87
3251,292.50,30.14,29.78,42.31,1008.87
3252,292.59,30.14,29.77,42.31,1008.87
3253,292.68,30.14,29.78,42.31,1008.87
3254,292.77,30.14,29.77,42.30,1008.87
3255,292.86,30.14,29.77,42.30,1008.87
3256,292.95,30.13,29.77,42.30,1008.87
3257,293.04,30.13,29.77,42.29,1008.87
3258,293.13,30.13,29.76,42.29,1008.86
3259,293.22,30.13,29.76,42.28,1008.86
3260,293.31,30.13,29.75,42.30,1008.86
3261,293.40,30.13,29.75,42.29,1008.86
3262,293.49,30.12,29.75,42.29,1008.86
3263,293.58,30.12,29.75,42.29,1008.86
3264,293.67,30.12,29.75,42.30,1008.86
3265,293.76,30.12,29.76,42.29,1008.86
3266,293.85,30.12,29.76,42.29,1008.86
3267,293.94,30.12,29.76,42.28,1008.86
3268,294.03,30.12,29.76,42.28,1008.86
3269,294.12,30.11,29.76,42.28,1008.86
3270,294.21,30.11,29.76,42.29,1008.86
3271,294.30,30.10,29.76,42.30,1008.86
3272,294.39,30.11,29.76,42.30,1008.86
3273,294.48,30.10,29.75,42.30,1008.86
3274,294.57,30.10,29.75,42.32,1008.86
3275,294.66,30.10,29.75,42.31,1008.86
3276,294.75,30.10,29.75,42.30,1008.86
3277,294.84,30.10,29.76,42.30,1008.86
3278,294.93,30.10,29.76,42.29,1008.86
3279,295.02,30.10,29.76,42.29,1008.86
3280,295.11,30.10,29.75,42.30,1008.86
3281,295.20,30.11,29.75,42.29,1008.86
3282,295.29,30.11,29.74,42.31,1008.86
3283,295.38,30.11,29.74,42.30,1008.86
3284,295.47,30.10,29.74,42.32,1008.86
3285,295.56,30.11,29.74,42.32,1008.87
3286,295.65,30.10,29.74,42.32,1008.87
3287,295.74,30.11,29.74,42.34,1008.87
3288,295.83,30.11,29.74,42.34,1008.87
3289,295.92,30.11,29.74,42.34,1008.87
3290,296.01,30.11,29.73,42.34,1008.87
3291,296.10,30.10,29.73,42.34,1008.87
3292,296.19,30.10,29.73,42.34,1008.87
3293,296.28,30.10,29.72,42.33,1008.87
3294,296.37,30.09,29.73,42.34,1008.87
3295,296.46,30.09,29.72,42.35,1008.87
3296,296.55,30.08,29.71,42.35,1008.87
3297,296.64,30.08,29.71,42.33,1008.87
3298,296.73,30.08,29.71,42.32,1008.88
3299,296.82,30.08,29.72,42.32,1008.87
3300,296.91,30.08,29.72,42.32,1008.87
3301,297.00,30.08,29.72,42.31,1008.87
3302,297.09,30.08,29.72,42.31,1008.87
3303,297.18,30.08,29.71,42.31,1008.87
3304,297.27,30.07,29.72,42.31,1008.87
3305,297.36,30.07,29.72,42.29,1008.87
3306,297.45,30.07,29.72,42.29,1008.87
3307,297.54,30.07,29.72,42.29,1008.87
3308,297.63,30.06,29.71,42.30,1008.87
3309,297.72,30.06,29.71,42.29,1008.87
3310,297.81,30.06,29.72,42.30,1008.87
3311,297.90,30.07,29.71,42.29,1008.87
3312,297.99,30.07,29.71,42.29,1008.87
3313,298.08,30.07,29.71,42.29,1008.87
3314,298.17,30.07,29.71,42.30,1008.87
3315,298.26,30.07,29.70,42.30,1008.87
3316,298.35,30.07,29.70,42.31,1008.87
3317,298.44,30.06,29.70,42.31,1008.87
3318,298.53,30.05,29.69,42.32,1008.87
3319,298.62,30.05,29.69,42.31,1008.87
3320,298.71,30.05,29.69,42.31,1008.87
3321,298.80,30.05,29.69,42.31,1008.87
3322,298.89,30.06,29.69,42.30,1008.87
3323,298.98,30.05,29.68,42.31,1008.87
3324,299.07,30.05,29.68,42.31,1008.87
3325,299.16,30.05,29.68,42.31,1008.87
3326,299.25,30.05,29.67,42.31,1008.87
3327,299.34,30.04,29.67,42.31,1008.87
3328,299.43,30.04,29.67,42.30,1008.87
3329,299.52,30.04,29.67,42.31,1008.87
3330,299.61,30.04,29.66,42.30,1008.87
3331,299.70,30.04,29.66,42.28,1008.87
3332,299.79,30.04,29.66,42.29,1008.87
3333,299.88,30.04,29.66,42.28,1008.87
3334,299.97,30.05,29.67,42.29,1008.87
3335,300.06,30.05,29.67,42.29,1008.87
3336,300.15,30.04,29.67,42.29,1008.88
3337,300.24,30.04,29.68,42.30,1008.87
3338,300.33,30.04,29.67,42.29,1008.87
3339,300.42,30.04,29.67,42.28,1008.87
3340,300.51,30.04,29.67,42.28,1008.87
3341,300.60,30.04,29.67,42.28,1008.87
3342,300.69,30.04,29.67,42.28,1008.87
3343,300.78,30.03,29.66,42.28,1008.88
3344,300.87,30.03,29.65,42.27,1008.88
3345,300.96,30.03,29.65,42.27,1008.88
3346,301.05,30.04,29.65,42.27,1008.88
3347,301.14,30.04,29.65,42.26,1008.88
3348,301.23,30.04,29.65,42.26,1008.88
3349,301.32,30.03,29.64,42.27,1008.88
3350,301.41,30.03,29.65,42.27,1008.88
3351,301.50,30.03,29.65,42.26,1008.88
3352,301.59,30.03,29.65,42.26,1008.88
3353,301.68,30.03,29.65,42.27,1008.88
3354,301.77,30.04,29.65,42.29,1008.88
3355,301.86,30.03,29.65,42.29,1008.88
3356,301.95,30.03,29.65,42.28,1008.88
3357,302.04,30.02,29.65,42.29,1008.88
3358,302.13,30.02,29.65,42.28,1008.88
3359,302.22,30.02,29.66,42.28,1008.88
3360,302.31,30.02,29.65,42.28,1008.88
3361,302.40,30.01,29.65,42.28,1008.88
3362,302.49,30.01,29.65,42.26,1008.88
3363,302.58,30.01,29.66,42.27,1008.88
3364,302.67,30.00,29.66,42.28,1008.88
3365,302.76,30.00,29.65,42.29,1008.88
3366,302.85,30.00,29.65,42.30,1008.88
3367,302.94,29.99,29.66,42.31,1008.88
3368,303.03,29.99,29.65,42.31,1008.88
3369,303.12,29.99,29.65,42.31,1008.88
3370,303.21,29.99,29.65,42.30,1008.88
3371,303.30,29.99,29.65,42.29,1008.88
3372,303.39,29.99,29.64,42.28,1008.88
3373,303.48,29.99,29.64,42.28,1008.88
3374,303.57,29.99,29.63,42.27,1008.89
3375,303.66,29.99,29.63,42.28,1008.89
3376,303.75,29.99,29.64,42.26,1008.89
3377,303.84,29.99,29.63,42.26,1008.89
3378,303.93,29.99,29.63,42.26,1008.89
3379,304.02,29.99,29.63,42.26,1008.89
3380,304.11,29.99,29.64,42.27,1008.89
3381,304.20,29.99,29.63,42.27,1008.89
3382,304.29,29.98,29.62,42.28,1008.89
3383,304.38,29.98,29.63,42.27,1008.89
3384,304.47,29.98,29.63,42.27,1008.89
3385,304.56,29.98,29.63,42.27,1008.89
3386,304.65,29.98,29.63,42.27,1008.89
3387,304.74,29.97,29.63,42.26,1008.89
3388,304.83,29.97,29.63,42.26,1008.89
3389,304.92,29.97,29.63,42.24,1008.89
3390,305.01,29.98,29.63,42.25,1008.89
3391,305.10,29.97,29.63,42.25,1008.89
3392,305.19,29.97,29.62,42.26,1008.89
3393,305.28,29.97,29.62,42.24,1008.89
3394,305.37,29.97,29.62,42.24,1008.89
3395,305.46,29.96,29.62,42.24,1008.89
3396,305.55,29.96,29.61,42.24,1008.89
3397,305.64,29.96,29.61,42.24,1008.89
3398,305.73,29.96,29.61,42.24,1008.89
3399,305.82,29.96,29.61,42.25,1008.89
3400,305.91,29.96,29.60,42.23,1008.89
3401,306.00,29.96,29.60,42.22,1008.88
3402,306.09,29.95,29.60,42.22,1008.88
3403,306.18,29.95,29.59,42.22,1008.88
3404,306.27,29.96,29.60,42.22,1008.88
3405,306.36,29.96,29.59,42.22,1008.88
3406,306.45,29.95,29.60,42.23,1008.88
3407,306.54,29.96,29.60,42.22,1008.88
3408,306.63,29.95,29.60,42.21,1008.89
3409,306.72,29.95,29.60,42.21,1008.89
3410,306.81,29.95,29.60,42.21,1008.89
3411,306.90,29.95,29.59,42.21,1008.88
3412,306.99,29.94,29.59,42.21,1008.88
3413,307.08,29.94,29.59,42.21,1008.89
3414,307.17,29.94,29.59,42.22,1008.88
3415,307.26,29.93,29.59,42.23,1008.88
3416,307.35,29.93,29.59,42.24,1008.88
3417,307.44,29.93,29.58,42.25,1008.88
3418,307.53,29.93,29.59,42.25,1008.88
3419,307.62,29.93,29.59,42.27,1008.88
3420,307.71,29.93,29.58,42.26,1008.88
3421,307.80,29.93,29.58,42.26,1008.88
3422,307.89,29.93,29.58,42.27,1008.88
3423,307.98,29.93,29.58,42.27,1008.88
3424,308.07,29.93,29.58,42.27,1008.88
3425,308.16,29.93,29.58,42.27,1008.88
3426,308.25,29.93,29.58,42.29,1008.88
3427,308.34,29.92,29.58,42.29,1008.87
3428,308.43,29.93,29.58,42.29,1008.87
3429,308.52,29.93,29.58,42.30,1008.87
3430,308.61,29.92,29.58,42.31,1008.87
3431,308.70,29.92,29.59,42.30,1008.87
3432,308.79,29.92,29.59,42.30,1008.87
3433,308.88,29.92,29.60,42.31,1008.87
3434,308.97,29.92,29.60,42.31,1008.87
3435,309.06,29.92,29.60,42.29,1008.87
3436,309.15,29.92,29.60,42.30,1008.87
3437,309.24,29.92,29.61,42.30,1008.87
3438,309.33,29.92,29.61,42.29,1008.87
3439,309.42,29.93,29.61,42.28,1008.87
3440,309.51,29.92,29.61,42.28,1008.87
3441,309.60,29.92,29.62,42.29,1008.87
3442,309.69,29.92,29.61,42.29,1008.87
3443,309.78,29.92,29.60,42.29,1008.87
3444,309.87,29.92,29.60,42.29,1008.87
3445,309.96,29.92,29.60,42.30,1008.87
3446,310.05,29.91,29.59,42.29,1008.87
3447,310.14,29.90,29.59,42.28,1008.87
3448,310.23,29.90,29.57,42.29,1008.87
3449,310.32,29.90,29.56,42.29,1008.87
3450,310.41,29.89,29.56,42.30,1008.87
3451,310.50,29.89,29.56,42.32,1008.87
3452,310.59,29.90,29.54,42.32,1008.87
3453,310.68,29.89,29.54,42.31,1008.87
3454,310.77,29.90,29.53,42.31,1008.87
3455,310.86,29.90,29.53,42.32,1008.87
3456,310.95,29.89,29.52,42.32,1008.87
3457,311.04,29.89,29.52,42.31,1008.87
3458,311.13,29.89,29.52,42.31,1008.87
3459,311.22,29.89,29.52,42.32,1008.87
3460,311.31,29.88,29.52,42.32,1008.87
3461,311.40,29.88,29.52,42.31,1008.87
3462,311.49,29.88,29.51,42.31,1008.87
3463,311.58,29.88,29.51,42.30,1008.87
3464,311.67,29.88,29.52,42.30,1008.87
3465,311.76,29.88,29.52,42.29,1008.87
3466,311.85,29.88,29.53,42.29,1008.86
3467,311.94,29.88,29.51,42.30,1008.86
3468,312.03,29.88,29.51,42.29,1008.86
3469,312.12,29.87,29.51,42.30,1008.86
3470,312.21,29.87,29.51,42.28,1008.86
3471,312.30,29.87,29.52,42.27,1008.86
3472,312.39,29.87,29.51,42.27,1008.86
3473,312.48,29.87,29.51,42.27,1008.86
3474,312.57,29.87,29.51,42.27,1008.86
3475,312.66,29.87,29.51,42.27,1008.86
3476,312.75,29.87,29.50,42.28,1008.86
3477,312.84,29.86,29.50,42.29,1008.86
3478,312.93,29.87,29.49,42.29,1008.86
3479,313.02,29.86,29.49,42.29,1008.86
3480,313.11,29.86,29.49,42.31,1008.86
3481,313.20,29.85,29.50,42.31,1008.86
3482,313.29,29.86,29.50,42.31,1008.86
3483,313.38,29.85,29.49,42.28,1008.86
3484,313.47,29.85,29.50,42.28,1008.86
3485,313.56,29.85,29.50,42.30,1008.86
3486,313.65,29.85,29.50,42.30,1008.86
3487,313.74,29.85,29.50,42.30,1008.86
3488,313.83,29.85,29.50,42.30,1008.86
3489,313.92,29.85,29.50,42.30,1008.86
3490,314.01,29.85,29.50,42.31,1008.86
3491,314.10,29.85,29.50,42.30,1008.86
3492,314.19,29.85,29.50,42.30,1008.86
3493,314.28,29.85,29.50,42.30,1008.86
3494,314.37,29.85,29.51,42.30,1008.86
3495,314.46,29.84,29.51,42.31,1008.86
3496,314.55,29.85,29.51,42.31,1008.86
3497,314.64,29.85,29.50,42.32,1008.86
3498,314.73,29.85,29.50,42.31,1008.86
3499,314.82,29.85,29.50,42.31,1008.86
3500,314.91,29.85,29.50,42.32,1008.86
3501,315.00,29.85,29.49,42.34,1008.86
3502,315.09,29.84,29.48,42.33,1008.86
3503,315.18,29.84,29.48,42.33,1008.86
3504,315.27,29.84,29.48,42.33,1008.86
3505,315.36,29.84,29.48,42.33,1008.86
3506,315.45,29.84,29.48,42.33,1008.87
3507,315.54,29.85,29.47,42.33,1008.86
3508,315.63,29.85,29.47,42.33,1008.87
3509,315.72,29.85,29.47,42.31,1008.86
3510,315.81,29.85,29.46,42.30,1008.86
3511,315.90,29.85,29.46,42.29,1008.86
3512,315.99,29.84,29.46,42.28,1008.86
3513,316.08,29.84,29.46,42.28,1008.86
3514,316.17,29.85,29.46,42.28,1008.86
3515,316.26,29.84,29.46,42.29,1008.86
3516,316.35,29.84,29.46,42.29,1008.86
3517,316.44,29.84,29.46,42.29,1008.86
3518,316.53,29.84,29.45,42.29,1008.86
3519,316.62,29.85,29.45,42.29,1008.86
3520,316.71,29.84,29.46,42.30,1008.86
3521,316.80,29.84,29.46,42.30,1008.86
3522,316.89,29.84,29.47,42.30,1008.86
3523,316.98,29.84,29.46,42.30,1008.86
3524,317.07,29.83,29.46,42.30,1008.86
3525,317.16,29.83,29.46,42.30,1008.86
3526,317.25,29.83,29.47,42.30,1008.86
3527,317.34,29.82,29.47,42.30,1008.86
3528,317.43,29.82,29.47,42.29,1008.86
3529,317.52,29.82,29.46,42.29,1008.86
3530,317.61,29.82,29.46,42.30,1008.86
3531,317.70,29.82,29.46,42.32,1008.86
3532,317.79,29.82,29.46,42.32,1008.86
3533,317.88,29.82,29.46,42.32,1008.86
3534,317.97,29.81,29.45,42.30,1008.86
3535,318.06,29.81,29.45,42.29,1008.86
3536,318.15,29.82,29.46,42.29,1008.86
3537,318.24,29.82,29.46,42.29,1008.86
3538,318.33,29.81,29.45,42.29,1008.86
3539,318.42,29.81,29.45,42.30,1008.86
3540,318.51,29.81,29.45,42.30,1008.86
3541,318.60,29.81,29.45,42.30,1008.86
3542,318.69,29.81,29.45,42.30,1008.86
3543,318.78,29.81,29.45,42.29,1008.86
3544,318.87,29.81,29.44,42.29,1008.87
3545,318.96,29.80,29.44,42.28,1008.87
3546,319.05,29.79,29.45,42.28,1008.87
3547,319.14,29.79,29.45,42.27,1008.87
3548,319.23,29.78,29.45,42.28,1008.87
3549,319.32,29.79,29.45,42.29,1008.87
3550,319.41,29.78,29.45,42.29,1008.87
3551,319.50,29.78,29.45,42.31,1008.87
3552,319.59,29.78,29.44,42.31,1008.87
3553,319.68,29.77,29.44,42.30,1008.87
3554,319.77,29.78,29.44,42.30,1008.88
3555,319.86,29.78,29.43,42.31,1008.88
3556,319.95,29.77,29.42,42.31,1008.88
3557,320.04,29.78,29.42,42.29,1008.88
3558,320.13,29.77,29.42,42.30,1008.88
3559,320.22,29.77,29.42,42.29,1008.88
3560,320.31,29.77,29.42,42.29,1008.88
3561,320.40,29.78,29.42,42.28,1008.88
3562,320.49,29.77,29.42,42.29,1008.88
3563,320.58,29.78,29.42,42.28,1008.89
3564,320.67,29.78,29.42,42.28,1008.88
3565,320.76,29.77,29.42,42.28,1008.88
3566,320.85,29.77,29.43,42.28,1008.88
3567,320.94,29.77,29.43,42.28,1008.89
3568,321.03,29.77,29.42,42.30,1008.89
3569,321.12,29.76,29.42,42.29,1008.89
3570,321.21,29.76,29.42,42.30,1008.89
3571,321.30,29.76,29.42,42.30,1008.89
3572,321.39,29.75,29.41,42.30,1008.89
3573,321.48,29.75,29.41,42.31,1008.89
3574,321.57,29.76,29.41,42.32,1008.88
3575,321.66,29.75,29.41,42.32,1008.88
3576,321.75,29.75,29.41,42.32,1008.88
3577,321.84,29.75,29.41,42.31,1008.88
3578,321.93,29.75,29.40,42.31,1008.88
3579,322.02,29.75,29.40,42.30,1008.88
3580,322.11,29.75,29.40,42.31,1008.88
3581,322.20,29.75,29.40,42.31,1008.88
3582,322.29,29.75,29.40,42.31,1008.88
3583,322.38,29.75,29.40,42.30,1008.87
3584,322.47,29.75,29.40,42.31,1008.88
3585,322.56,29.75,29.40,42.32,1008.88
3586,322.65,29.75,29.39,42.31,1008.87
3587,322.74,29.75,29.39,42.32,1008.84
3588,322.83,29.74,29.38,42.31,1008.86
3589,322.92,29.74,29.37,42.29,1008.87
3590,323.01,29.75,29.37,42.30,1008.87
3591,323.10,29.74,29.37,42.31,1008.87
3592,323.19,29.74,29.38,42.32,1008.87
3593,323.28,29.73,29.38,42.33,1008.87
3594,323.37,29.73,29.38,42.33,1008.87
3595,323.46,29.73,29.37,42.33,1008.87
3596,323.55,29.73,29.38,42.33,1008.87
3597,323.64,29.73,29.37,42.34,1008.87
3598,323.73,29.73,29.37,42.35,1008.88
3599,323.82,29.73,29.37,42.35,1008.87
3600,323.91,29.73,29.37,42.34,1008.88
3601,324.00,29.72,29.36,42.32,1008.88
3602,324.09,29.72,29.37,42.32,1008.88
3603,324.18,29.73,29.37,42.31,1008.88
3604,324.27,29.73,29.36,42.32,1008.88
3605,324.36,29.73,29.36,42.32,1008.88
3606,324.45,29.73,29.36,42.33,1008.88
3607,324.54,29.72,29.36,42.33,1008.89
3608,324.63,29.72,29.35,42.31,1008.89
3609,324.72,29.72,29.36,42.32,1008.89
3610,324.81,29.71,29.36,42.32,1008.89
3611,324.90,29.71,29.35,42.32,1008.89
3612,324.99,29.71,29.35,42.34,1008.89
3613,325.08,29.71,29.35,42.33,1008.89
3614,325.17,29.71,29.36,42.34,1008.89
3615,325.26,29.71,29.36,42.34,1008.89
3616,325.35,29.71,29.35,42.35,1008.89
3617,325.44,29.71,29.35,42.35,1008.89
3618,325.53,29.71,29.34,42.34,1008.89
3619,325.62,29.71,29.34,42.35,1008.89
3620,325.71,29.71,29.34,42.34,1008.89
3621,325.80,29.71,29.34,42.35,1008.89
3622,325.89,29.70,29.34,42.35,1008.89
3623,325.98,29.70,29.34,42.37,1008.89
3624,326.07,29.70,29.34,42.37,1008.89
3625,326.16,29.69,29.34,42.37,1008.89
3626,326.25,29.69,29.34,42.37,1008.89
3627,326.34,29.69,29.34,42.36,1008.89
3628,326.43,29.69,29.34,42.34,1008.89
3629,326.52,29.70,29.34,42.33,1008.88
3630,326.61,29.70,29.34,42.33,1008.88
3631,326.70,29.70,29.34,42.33,1008.88
3632,326.79,29.70,29.34,42.33,1008.88
3633,326.88,29.70,29.34,42.33,1008.88
3634,326.97,29.70,29.35,42.34,1008.88
3635,327.06,29.70,29.34,42.34,1008.88
3636,327.15,29.70,29.34,42.34,1008.88
3637,327.24,29.70,29.35,42.32,1008.88
3638,327.33,29.70,29.34,42.32,1008.88
3639,327.42,29.70,29.35,42.33,1008.88
3640,327.51,29.70,29.34,42.34,1008.88
3641,327.60,29.69,29.35,42.34,1008.89
3642,327.69,29.70,29.35,42.33,1008.88
3643,327.78,29.70,29.36,42.34,1008.89
3644,327.87,29.70,29.36,42.33,1008.89
3645,327.96,29.70,29.36,42.34,1008.89
3646,328.05,29.70,29.37,42.35,1008.89
3647,328.14,29.70,29.36,42.35,1008.88
3648,328.23,29.69,29.36,42.34,1008.89
3649,328.32,29.69,29.37,42.33,1008.89
3650,328.41,29.69,29.36,42.32,1008.88
3651,328.50,29.69,29.36,42.31,1008.88
3652,328.59,29.69,29.36,42.30,1008.88
3653,328.68,29.69,29.36,42.30,1008.88
3654,328.77,29.69,29.36,42.31,1008.88
3655,328.86,29.68,29.37,42.31,1008.88
3656,328.95,29.68,29.36,42.32,1008.88
3657,329.04,29.68,29.35,42.32,1008.88
3658,329.13,29.68,29.35,42.32,1008.88
3659,329.22,29.68,29.34,42.32,1008.88
3660,329.31,29.68,29.34,42.31,1008.88
3661,329.40,29.68,29.33,42.31,1008.88
3662,329.49,29.68,29.32,42.30,1008.88
3663,329.58,29.67,29.33,42.31,1008.88
3664,329.67,29.67,29.33,42.31,1008.88
3665,329.76,29.67,29.33,42.31,1008.88
3666,329.85,29.66,29.32,42.31,1008.88
3667,329.94,29.66,29.32,42.32,1008.88
3668,330.03,29.66,29.32,42.33,1008.88
3669,330.12,29.66,29.32,42.33,1008.88
3670,330.21,29.66,29.32,42.32,1008.87
3671,330.30,29.65,29.32,42.33,1008.87
3672,330.39,29.65,29.32,42.33,1008.87
3673,330.48,29.66,29.32,42.33,1008.87
3674,330.57,29.66,29.32,42.33,1008.87
3675,330.66,29.66,29.32,42.34,1008.87
3676,330.75,29.65,29.32,42.35,1008.87
3677,330.84,29.65,29.32,42.35,1008.87
3678,330.93,29.65,29.31,42.34,1008.86
3679,331.02,29.65,29.31,42.34,1008.87
3680,331.11,29.65,29.30,42.33,1008.87
3681,331.20,29.65,29.30,42.34,1008.87
3682,331.29,29.65,29.30,42.34,1008.86
3683,331.38,29.64,29.29,42.34,1008.86
3684,331.47,29.64,29.29,42.34,1008.86
3685,331.56,29.64,29.28,42.36,1008.86
3686,331.65,29.64,29.27,42.35,1008.86
3687,331.74,29.64,29.27,42.35,1008.86
3688,331.83,29.64,29.28,42.35,1008.86
3689,331.92,29.64,29.27,42.36,1008.86
3690,332.01,29.64,29.27,42.35,1008.86
3691,332.10,29.64,29.27,42.35,1008.86
3692,332.19,29.64,29.28,42.36,1008.86
3693,332.28,29.64,29.28,42.36,1008.87
3694,332.37,29.64,29.27,42.35,1008.86
3695,332.46,29.63,29.28,42.37,1008.86
3696,332.55,29.63,29.27,42.36,1008.87
3697,332.64,29.63,29.27,42.36,1008.87
3698,332.73,29.63,29.28,42.35,1008.87
3699,332.82,29.62,29.28,42.35,1008.87
3700,332.91,29.62,29.28,42.35,1008.87
3701,333.00,29.62,29.27,42.36,1008.87
3702,333.09,29.62,29.27,42.36,1008.87
3703,333.18,29.62,29.27,42.35,1008.87
3704,333.27,29.62,29.27,42.37,1008.87
3705,333.36,29.62,29.27,42.36,1008.87
3706,333.45,29.62,29.27,42.36,1008.87
3707,333.54,29.61,29.27,42.35,1008.87
3708,333.63,29.60,29.27,42.36,1008.87
3709,333.72,29.61,29.27,42.36,1008.87
3710,333.81,29.60,29.26,42.36,1008.86
3711,333.90,29.60,29.26,42.36,1008.86
3712,333.99,29.61,29.26,42.37,1008.86
3713,334.08,29.61,29.26,42.38,1008.86
3714,334.17,29.60,29.27,42.39,1008.86
3715,334.26,29.60,29.27,42.38,1008.86
3716,334.35,29.60,29.27,42.39,1008.86
3717,334.44,29.60,29.26,42.39,1008.86
3718,334.53,29.59,29.26,42.40,1008.86
3719,334.62,29.59,29.26,42.39,1008.86
3720,334.71,29.60,29.27,42.39,1008.86
3721,334.80,29.59,29.27,42.39,1008.86
3722,334.89,29.59,29.27,42.39,1008.86
3723,334.98,29.59,29.27,42.39,1008.86
3724,335.07,29.59,29.27,42.40,1008.86
3725,335.16,29.59,29.27,42.39,1008.86
3726,335.25,29.59,29.27,42.40,1008.86
3727,335.34,29.59,29.26,42.40,1008.86
3728,335.43,29.59,29.26,42.39,1008.86
3729,335.52,29.59,29.25,42.40,1008.86
3730,335.61,29.58,29.25,42.39,1008.86
3731,335.70,29.58,29.25,42.41,1008.86
3732,335.79,29.58,29.25,42.40,1008.86
3733,335.88,29.57,29.24,42.40,1008.86
3734,335.97,29.57,29.24,42.41,1008.86
3735,336.06,29.57,29.24,42.41,1008.86
3736,336.15,29.58,29.23,42.41,1008.86
3737,336.24,29.58,29.24,42.41,1008.86
3738,336.33,29.57,29.23,42.41,1008.86
3739,336.42,29.57,29.23,42.41,1008.87
3740,336.51,29.56,29.24,42.41,1008.87
3741,336.60,29.57,29.23,42.42,1008.87
3742,336.69,29.57,29.23,42.41,1008.87
3743,336.78,29.57,29.23,42.42,1008.87
3744,336.87,29.56,29.24,42.43,1008.87
3745,336.96,29.56,29.23,42.45,1008.87
3746,337.05,29.57,29.23,42.46,1008.87
3747,337.14,29.57,29.24,42.47,1008.87
3748,337.23,29.56,29.24,42.46,1008.87
3749,337.32,29.57,29.24,42.46,1008.87
3750,337.41,29.56,29.23,42.46,1008.87
3751,337.50,29.56,29.24,42.44,1008.87
3752,337.59,29.57,29.23,42.45,1008.87
3753,337.68,29.57,29.23,42.45,1008.87
3754,337.77,29.57,29.23,42.44,1008.87
3755,337.86,29.57,29.24,42.44,1008.87
3756,337.95,29.57,29.24,42.43,1008.87
3757,338.04,29.57,29.24,42.42,1008.87
3758,338.13,29.57,29.24,42.43,1008.87
3759,338.22,29.57,29.23,42.44,1008.87
3760,338.31,29.57,29.23,42.44,1008.87
3761,338.40,29.57,29.23,42.44,1008.86
3762,338.49,29.57,29.22,42.43,1008.86
3763,338.58,29.57,29.22,42.43,1008.86
3764,338.67,29.57,29.22,42.42,1008.86
3765,338.76,29.56,29.22,42.43,1008.86
3766,338.85,29.57,29.23,42.44,1008.86
3767,338.94,29.56,29.22,42.42,1008.86
3768,339.03,29.56,29.21,42.42,1008.86
3769,339.12,29.55,29.21,42.43,1008.86
3770,339.21,29.55,29.20,42.43,1008.86
3771,339.30,29.55,29.21,42.45,1008.86
3772,339.39,29.55,29.21,42.44,1008.86
3773,339.48,29.55,29.21,42.44,1008.85
3774,339.57,29.55,29.21,42.44,1008.86
3775,339.66,29.55,29.20,42.44,1008.86
3776,339.75,29.55,29.20,42.44,1008.86
3777,339.84,29.55,29.20,42.43,1008.86
3778,339.93,29.56,29.20,42.45,1008.86
3779,340.02,29.56,29.20,42.46,1008.85
3780,340.11,29.56,29.21,42.45,1008.86
3781,340.20,29.56,29.21,42.44,1008.86
3782,340.29,29.55,29.21,42.46,1008.86
3783,340.38,29.55,29.21,42.47,1008.86
3784,340.47,29.55,29.21,42.49,1008.86
3785,340.56,29.55,29.21,42.49,1008.86
3786,340.65,29.55,29.21,42.49,1008.86
3787,340.74,29.55,29.21,42.51,1008.86
3788,340.83,29.55,29.22,42.51,1008.86
3789,340.92,29.55,29.21,42.51,1008.86
3790,341.01,29.55,29.21,42.51,1008.86
3791,341.10,29.55,29.22,42.49,1008.87
3792,341.19,29.55,29.21,42.50,1008.87
3793,341.28,29.54,29.21,42.49,1008.87
3794,341.37,29.54,29.20,42.48,1008.87
3795,341.46,29.54,29.20,42.47,1008.87
3796,341.55,29.54,29.20,42.47,1008.87
3797,341.64,29.54,29.20,42.47,1008.87
3798,341.73,29.54,29.20,42.47,1008.88
3799,341.82,29.54,29.20,42.46,1008.88
3800,341.91,29.54,29.20,42.46,1008.88
3801,342.00,29.54,29.19,42.46,1008.88
3802,342.09,29.54,29.19,42.45,1008.88
3803,342.18,29.54,29.19,42.44,1008.88
3804,342.27,29.54,29.18,42.45,1008.88
3805,342.36,29.54,29.18,42.47,1008.89
3806,342.45,29.53,29.19,42.46,1008.89
3807,342.54,29.53,29.18,42.46,1008.89
3808,342.63,29.53,29.18,42.46,1008.89
3809,342.72,29.53,29.18,42.45,1008.88
3810,342.81,29.54,29.18,42.45,1008.89
3811,342.90,29.53,29.19,42.45,1008.89
3812,342.99,29.54,29.19,42.46,1008.89
3813,343.08,29.54,29.18,42.45,1008.88
3814,343.17,29.53,29.18,42.46,1008.88
3815,343.26,29.53,29.18,42.46,1008.89
3816,343.35,29.53,29.17,42.45,1008.88
3817,343.44,29.53,29.18,42.45,1008.89
3818,343.53,29.53,29.18,42.45,1008.88
3819,343.62,29.53,29.19,42.43,1008.88
3820,343.71,29.54,29.19,42.43,1008.89
3821,343.80,29.54,29.19,42.44,1008.89
3822,343.89,29.54,29.19,42.44,1008.89
3823,343.98,29.54,29.19,42.43,1008.89
3824,344.07,29.54,29.19,42.43,1008.89
3825,344.16,29.53,29.18,42.43,1008.89
3826,344.25,29.53,29.18,42.43,1008.89
3827,344.34,29.52,29.18,42.42,1008.89
3828,344.43,29.52,29.18,42.42,1008.89
3829,344.52,29.52,29.17,42.42,1008.89
3830,344.61,29.52,29.17,42.41,1008.89
3831,344.70,29.51,29.17,42.42,1008.89
3832,344.79,29.51,29.17,42.42,1008.89
3833,344.88,29.51,29.17,42.41,1008.89
3834,344.97,29.50,29.16,42.42,1008.89
3835,345.06,29.50,29.17,42.42,1008.89
3836,345.15,29.49,29.17,42.42,1008.89
3837,345.24,29.49,29.16,42.43,1008.89
3838,345.33,29.49,29.16,42.42,1008.89
3839,345.42,29.49,29.16,42.42,1008.89
3840,345.51,29.50,29.17,42.44,1008.89
3841,345.60,29.50,29.17,42.44,1008.89
3842,345.69,29.50,29.17,42.46,1008.89
3843,345.78,29.49,29.16,42.45,1008.89
3844,345.87,29.49,29.17,42.44,1008.89
3845,345.96,29.49,29.17,42.43,1008.88
3846,346.05,29.50,29.16,42.45,1008.88
3847,346.14,29.49,29.16,42.45,1008.88
3848,346.23,29.49,29.17,42.45,1008.88
3849,346.32,29.49,29.17,42.44,1008.88
3850,346.41,29.50,29.17,42.46,1008.88
3851,346.50,29.50,29.16,42.46,1008.88
3852,346.59,29.50,29.16,42.47,1008.88
3853,346.68,29.49,29.16,42.47,1008.88
3854,346.77,29.49,29.22,42.47,1008.88
3855,346.86,29.48,29.16,42.48,1008.88
3856,346.95,29.48,29.15,42.49,1008.87
3857,347.04,29.47,29.15,42.49,1008.87
3858,347.13,29.47,29.14,42.49,1008.87
3859,347.22,29.47,29.14,42.51,1008.88
3860,347.31,29.47,29.14,42.52,1008.88
3861,347.40,29.46,29.14,42.51,1008.87
3862,347.49,29.45,29.14,42.49,1008.87
3863,347.58,29.45,29.14,42.48,1008.87
3864,347.67,29.45,29.14,42.48,1008.88
3865,347.76,29.45,29.14,42.48,1008.88
3866,347.85,29.45,29.14,42.48,1008.88
3867,347.94,29.45,29.14,42.49,1008.88
3868,348.03,29.45,29.14,42.47,1008.88
3869,348.12,29.45,29.14,42.48,1008.88
3870,348.21,29.46,29.14,42.48,1008.88
3871,348.30,29.45,29.14,42.50,1008.88
3872,348.39,29.45,29.14,42.49,1008.88
3873,348.48,29.45,29.14,42.49,1008.88
3874,348.57,29.45,29.14,42.49,1008.88
3875,348.66,29.45,29.14,42.49,1008.88
3876,348.75,29.44,29.14,42.48,1008.89
3877,348.84,29.45,29.14,42.48,1008.88
3878,348.93,29.45,29.13,42.48,1008.89
3879,349.02,29.44,29.13,42.48,1008.89
3880,349.11,29.44,29.13,42.48,1008.89
3881,349.20,29.44,29.14,42.48,1008.89
3882,349.29,29.44,29.14,42.48,1008.89
3883,349.38,29.44,29.13,42.49,1008.89
3884,349.47,29.44,29.12,42.48,1008.89
3885,349.56,29.44,29.12,42.48,1008.90
3886,349.65,29.43,29.12,42.49,1008.90
3887,349.74,29.43,29.13,42.48,1008.90
3888,349.83,29.42,29.13,42.48,1008.91
3889,349.92,29.41,29.13,42.48,1008.91
3890,350.01,29.41,29.13,42.47,1008.91
3891,350.10,29.42,29.13,42.48,1008.91
3892,350.19,29.41,29.13,42.49,1008.91
3893,350.28,29.41,29.13,42.47,1008.90
3894,350.37,29.41,29.13,42.48,1008.90
3895,350.46,29.41,29.13,42.47,1008.90
3896,350.55,29.41,29.12,42.46,1008.89
3897,350.64,29.41,29.12,42.45,1008.89
3898,350.73,29.41,29.13,42.44,1008.89
3899,350.82,29.41,29.13,42.43,1008.89
3900,350.91,29.41,29.12,42.42,1008.89
3901,351.00,29.42,29.12,42.42,1008.89
3902,351.09,29.42,29.12,42.44,1008.89
3903,351.18,29.41,29.12,42.43,1008.89
3904,351.27,29.41,29.12,42.43,1008.89
3905,351.36,29.41,29.11,42.44,1008.89
3906,351.45,29.41,29.11,42.44,1008.88
3907,351.54,29.41,29.11,42.45,1008.88
3908,351.63,29.40,29.11,42.44,1008.88
3909,351.72,29.41,29.11,42.46,1008.88
3910,351.81,29.41,29.11,42.47,1008.88
3911,351.90,29.41,29.10,42.47,1008.88
3912,351.99,29.40,29.10,42.47,1008.88
3913,352.08,29.40,29.10,42.47,1008.88
3914,352.17,29.40,29.10,42.48,1008.88
3915,352.26,29.40,29.10,42.48,1008.88
3916,352.35,29.40,29.09,42.48,1008.88
3917,352.44,29.40,29.09,42.48,1008.88
3918,352.53,29.40,29.10,42.49,1008.88
3919,352.62,29.41,29.10,42.49,1008.87
3920,352.71,29.40,29.10,42.48,1008.87
3921,352.80,29.40,29.10,42.49,1008.87
3922,352.89,29.40,29.10,42.49,1008.87
3923,352.98,29.40,29.10,42.49,1008.87
3924,353.07,29.41,29.10,42.50,1008.87
3925,353.16,29.41,29.10,42.49,1008.87
3926,353.25,29.41,29.09,42.49,1008.87
3927,353.34,29.41,29.09,42.48,1008.86
3928,353.43,29.40,29.09,42.47,1008.87
3929,353.52,29.40,29.09,42.47,1008.86
3930,353.61,29.40,29.10,42.46,1008.86
3931,353.70,29.40,29.10,42.46,1008.86
3932,353.79,29.40,29.10,42.46,1008.86
3933,353.88,29.40,29.10,42.45,1008.86
3934,353.97,29.40,29.09,42.44,1008.86
3935,354.06,29.41,29.09,42.44,1008.86
3936,354.15,29.40,29.09,42.45,1008.86
3937,354.24,29.40,29.09,42.46,1008.86
3938,354.33,29.40,29.10,42.47,1008.86
3939,354.42,29.41,29.10,42.47,1008.86
3940,354.51,29.41,29.09,42.47,1008.86
3941,354.60,29.41,29.09,42.46,1008.86
3942,354.69,29.40,29.08,42.47,1008.86
3943,354.78,29.40,29.08,42.48,1008.86
3944,354.87,29.40,29.08,42.47,1008.86
3945,354.96,29.40,29.09,42.47,1008.86
3946,355.05,29.40,29.09,42.47,1008.86
3947,355.14,29.40,29.09,42.47,1008.86
3948,355.23,29.40,29.09,42.46,1008.86
3949,355.32,29.40,29.09,42.46,1008.86
3950,355.41,29.41,29.08,42.47,1008.86
3951,355.50,29.41,29.08,42.47,1008.86
3952,355.59,29.40,29.09,42.46,1008.86
3953,355.68,29.40,29.08,42.47,1008.86
3954,355.77,29.40,29.09,42.48,1008.86
3955,355.86,29.40,29.08,42.47,1008.87
3956,355.95,29.39,29.08,42.47,1008.87
3957,356.04,29.39,29.09,42.46,1008.86
3958,356.13,29.40,29.09,42.46,1008.86
3959,356.22,29.40,29.09,42.46,1008.86
3960,356.31,29.41,29.09,42.46,1008.86
3961,356.40,29.41,29.09,42.45,1008.86
3962,356.49,29.42,29.09,42.46,1008.86
3963,356.58,29.43,29.09,42.46,1008.87
3964,356.67,29.43,29.08,42.48,1008.87
3965,356.76,29.44,29.08,42.48,1008.87
3966,356.85,29.51,29.08,42.48,1008.87
3967,356.94,29.44,29.07,42.49,1008.87
3968,357.03,29.43,29.07,42.49,1008.87
3969,357.12,29.43,29.07,42.49,1008.87
3970,357.21,29.41,29.07,42.49,1008.87
3971,357.30,29.41,29.06,42.50,1008.86
3972,357.39,29.40,29.05,42.50,1008.87
3973,357.48,29.39,29.06,42.38,1008.86
3974,357.57,29.38,29.05,42.43,1008.86
3975,357.66,29.37,29.05,42.46,1008.86
3976,357.75,29.37,29.04,42.48,1008.87
3977,357.84,29.37,29.04,42.48,1008.87
3978,357.93,29.36,29.03,42.47,1008.87
3979,358.02,29.36,29.03,42.46,1008.87
3980,358.11,29.36,29.03,42.47,1008.86
3981,358.20,29.36,29.03,42.46,1008.86
3982,358.29,29.36,29.03,42.46,1008.86
3983,358.38,29.36,29.03,42.47,1008.86
3984,358.47,29.35,29.02,42.45,1008.86
3985,358.56,29.35,29.02,42.45,1008.86
3986,358.65,29.35,29.02,42.45,1008.86
3987,358.74,29.35,29.02,42.45,1008.86
3988,358.83,29.35,29.03,42.44,1008.86
3989,358.92,29.35,29.03,42.44,1008.86
3990,359.01,29.35,29.03,42.45,1008.86
3991,359.10,29.35,29.03,42.45,1008.86
3992,359.19,29.34,29.02,42.45,1008.86
3993,359.28,29.35,29.02,42.44,1008.86
3994,359.37,29.34,29.02,42.45,1008.86
3995,359.46,29.35,29.02,42.46,1008.86
3996,359.55,29.34,29.03,42.46,1008.86
3997,359.64,29.34,29.03,42.48,1008.86
3998,359.73,29.34,29.02,42.48,1008.86
3999,359.82,29.34,29.02,42.48,1008.86
4000,359.91,29.34,29.02,42.50,1008.86
4001,360.00,29.34,29.02,42.50,1008.86
4002,360.09,29.34,29.02,42.50,1008.86
4003,360.18,29.33,29.03,42.50,1008.86
4004,360.27,29.33,29.02,42.50,1008.86
4005,360.36,29.32,29.01,42.49,1008.87
4006,360.45,29.32,29.02,42.50,1008.86
4007,360.54,29.32,29.01,42.49,1008.87
4008,360.63,29.32,29.01,42.47,1008.86
4009,360.72,29.32,29.01,42.47,1008.87
4010,360.81,29.32,29.00,42.46,1008.86
4011,360.90,29.31,29.01,42.46,1008.87
4012,360.99,29.32,29.01,42.46,1008.87
4013,361.08,29.32,29.01,42.45,1008.87
4014,361.17,29.32,29.00,42.44,1008.87
4015,361.26,29.32,29.01,42.42,1008.87
4016,361.35,29.32,29.00,42.43,1008.87
4017,361.44,29.24,28.99,42.43,1008.87
4018,361.53,29.29,29.01,42.44,1008.87
4019,361.62,29.31,29.01,42.43,1008.87
4020,361.71,29.32,29.00,42.41,1008.87
4021,361.80,29.32,29.01,42.40,1008.87
4022,361.89,29.32,29.00,42.40,1008.87
4023,361.98,29.32,29.01,42.41,1008.87
4024,362.07,29.32,29.01,42.42,1008.88
4025,362.16,29.32,29.00,42.43,1008.88
4026,362.25,29.32,29.01,42.43,1008.88
4027,362.34,29.32,29.00,42.42,1008.88
4028,362.43,29.32,29.01,42.41,1008.87
4029,362.52,29.32,29.01,42.41,1008.87
4030,362.61,29.32,29.01,42.42,1008.87
4031,362.70,29.32,29.01,42.42,1008.87
4032,362.79,29.32,29.02,42.42,1008.87
4033,362.88,29.32,29.02,42.43,1008.87
4034,362.97,29.32,29.02,42.43,1008.87
4035,363.06,29.32,29.02,42.45,1008.87
4036,363.15,29.32,29.01,42.44,1008.87
4037,363.24,29.31,29.01,42.43,1008.86
4038,363.33,29.32,29.01,42.42,1008.86
4039,363.42,29.32,29.02,42.43,1008.86
4040,363.51,29.32,29.02,42.43,1008.86
4041,363.60,29.31,29.02,42.44,1008.86
4042,363.69,29.31,29.01,42.45,1008.86
4043,363.78,29.31,29.01,42.43,1008.86
4044,363.87,29.31,29.00,42.42,1008.86
4045,363.96,29.31,29.01,42.42,1008.86
4046,364.05,29.31,29.01,42.42,1008.86
4047,364.14,29.30,29.01,42.42,1008.87
4048,364.23,29.30,29.01,42.42,1008.87
4049,364.32,29.30,29.02,42.41,1008.87
4050,364.41,29.30,29.03,42.40,1008.87
4051,364.50,29.30,29.03,42.39,1008.87
4052,364.59,29.30,29.02,42.40,1008.87
4053,364.68,29.30,29.01,42.40,1008.87
4054,364.77,29.30,29.01,42.40,1008.88
4055,364.86,29.30,29.01,42.40,1008.88
4056,364.95,29.31,29.01,42.41,1008.88
4057,365.04,29.30,29.01,42.41,1008.88
4058,365.13,29.30,29.00,42.42,1008.88
4059,365.22,29.30,29.00,42.43,1008.88
4060,365.31,29.29,29.00,42.44,1008.88
4061,365.40,29.30,29.00,42.44,1008.88
4062,365.49,29.29,29.00,42.43,1008.89
4063,365.58,29.29,29.00,42.42,1008.89
4064,365.67,29.29,28.99,42.43,1008.89
4065,365.76,29.28,28.99,42.42,1008.89
4066,365.85,29.28,28.99,42.42,1008.89
4067,365.94,29.28,28.98,42.43,1008.89
4068,366.03,29.28,28.99,42.43,1008.89
4069,366.12,29.27,28.98,42.44,1008.89
4070,366.21,29.27,28.98,42.43,1008.89
4071,366.30,29.27,28.97,42.43,1008.89
4072,366.39,29.27,28.97,42.42,1008.89
4073,366.48,29.27,28.97,42.42,1008.89
4074,366.57,29.27,28.97,42.42,1008.89
4075,366.66,29.27,28.96,42.42,1008.89
4076,366.75,29.27,28.97,42.43,1008.89
4077,366.84,29.27,28.97,42.42,1008.89
4078,366.93,29.26,28.97,42.41,1008.89
4079,367.02,29.26,28.98,42.40,1008.90
4080,367.11,29.27,28.97,42.40,1008.89
4081,367.20,29.27,28.97,42.40,1008.89
4082,367.29,29.27,28.97,42.41,1008.89
4083,367.38,29.27,28.97,42.42,1008.89
4084,367.47,29.27,28.96,42.41,1008.89
4085,367.56,29.27,28.96,42.42,1008.89
4086,367.65,29.27,28.96,42.42,1008.89
4087,367.74,29.27,28.96,42.42,1008.89
4088,367.83,29.27,28.96,42.42,1008.89
4089,367.92,29.27,28.96,42.41,1008.89
4090,368.01,29.27,28.96,42.40,1008.89
4091,368.10,29.27,28.95,42.41,1008.89
4092,368.19,29.27,28.96,42.40,1008.89
4093,368.28,29.28,28.95,42.42,1008.89
4094,368.37,29.27,28.95,42.42,1008.89
4095,368.46,29.27,28.95,42.41,1008.89
4096,368.55,29.28,28.95,42.42,1008.89
4097,368.64,29.28,28.94,42.41,1008.88
4098,368.73,29.28,28.93,42.41,1008.88
4099,368.82,29.28,28.93,42.43,1008.88
4100,368.91,29.28,28.93,42.42,1008.88
4101,369.00,29.27,28.93,42.43,1008.87
4102,369.09,29.27,28.93,42.43,1008.87
4103,369.18,29.27,28.93,42.42,1008.87
4104,369.27,29.28,28.93,42.43,1008.87
4105,369.36,29.27,28.93,42.41,1008.87
4106,369.45,29.27,28.93,42.41,1008.87
4107,369.54,29.27,28.92,42.39,1008.87
4108,369.63,29.27,28.92,42.39,1008.87
4109,369.72,29.27,28.92,42.39,1008.87
4110,369.81,29.26,28.92,42.38,1008.87
4111,369.90,29.26,28.92,42.37,1008.87
4112,369.99,29.26,28.92,42.37,1008.88
4113,370.08,29.26,28.93,42.37,1008.88
4114,370.17,29.26,28.92,42.39,1008.88
4115,370.26,29.26,28.91,42.38,1008.87
4116,370.35,29.26,28.92,42.38,1008.87
4117,370.44,29.26,28.91,42.39,1008.87
4118,370.53,29.26,28.92,42.39,1008.87
4119,370.62,29.26,28.92,42.38,1008.87
4120,370.71,29.26,28.92,42.39,1008.87
4121,370.80,29.26,28.91,42.39,1008.87
4122,370.89,29.26,28.92,42.38,1008.87
4123,370.98,29.25,28.93,42.38,1008.87
4124,371.07,29.25,28.92,42.38,1008.87
4125,371.16,29.25,28.93,42.37,1008.87
4126,371.25,29.26,28.94,42.36,1008.87
4127,371.34,29.25,28.93,42.36,1008.87
4128,371.43,29.25,28.93,42.37,1008.87
4129,371.52,29.25,28.94,42.37,1008.87
4130,371.61,29.25,28.94,42.37,1008.86
4131,371.70,29.25,28.94,42.37,1008.86
4132,371.79,29.25,28.94,42.37,1008.86
4133,371.88,29.25,28.94,42.37,1008.86
4134,371.97,29.25,28.93,42.37,1008.86
4135,372.06,29.25,28.93,42.37,1008.86
4136,372.15,29.25,28.94,42.37,1008.86
4137,372.24,29.25,28.94,42.38,1008.87
4138,372.33,29.25,28.94,42.39,1008.87
4139,372.42,29.25,28.94,42.38,1008.87
4140,372.51,29.24,28.94,42.37,1008.87
4141,372.60,29.25,28.94,42.38,1008.87
4142,372.69,29.25,28.94,42.39,1008.87
4143,372.78,29.25,28.95,42.38,1008.87
4144,372.87,29.25,28.94,42.37,1008.88
4145,372.96,29.25,28.94,42.38,1008.88
4146,373.05,29.24,28.95,42.39,1008.88
4147,373.14,29.24,28.95,42.40,1008.88
4148,373.23,29.25,28.95,42.40,1008.88
4149,373.32,29.25,28.95,42.41,1008.88
4150,373.41,29.24,28.95,42.40,1008.88
4151,373.50,29.24,28.95,42.41,1008.89
4152,373.59,29.23,28.95,42.41,1008.89
4153,373.68,29.23,28.95,42.42,1008.89
4154,373.77,29.23,28.95,42.41,1008.89
4155,373.86,29.23,28.95,42.41,1008.89
4156,373.95,29.23,28.95,42.40,1008.89
4157,374.04,29.22,28.94,42.41,1008.89
4158,374.13,29.22,28.94,42.41,1008.89
4159,374.22,29.21,28.94,42.41,1008.90
4160,374.31,29.21,28.93,42.41,1008.89
4161,374.40,29.22,28.93,42.40,1008.89
4162,374.49,29.22,28.93,42.38,1008.89
4163,374.58,29.22,28.93,42.38,1008.89
4164,374.67,29.22,28.92,42.38,1008.89
4165,374.76,29.22,28.92,42.37,1008.89
4166,374.85,29.21,28.91,42.36,1008.89
4167,374.94,29.21,28.91,42.36,1008.89
4168,375.03,29.20,28.91,42.36,1008.89
4169,375.12,29.20,28.91,42.35,1008.89
4170,375.21,29.20,28.91,42.35,1008.88
4171,375.30,29.19,28.91,42.35,1008.88
4172,375.39,29.19,28.91,42.35,1008.88
4173,375.48,29.19,28.91,42.37,1008.88
4174,375.57,29.19,28.91,42.35,1008.88
4175,375.66,29.19,28.91,42.35,1008.88
4176,375.75,29.19,28.91,42.34,1008.87
4177,375.84,29.19,28.91,42.35,1008.87
4178,375.93,29.19,28.90,42.33,1008.87
4179,376.02,29.19,28.91,42.34,1008.87
4180,376.11,29.19,28.90,42.35,1008.87
4181,376.20,29.19,28.90,42.35,1008.86
4182,376.29,29.19,28.90,42.36,1008.86
4183,376.38,29.19,28.90,42.35,1008.86
4184,376.47,29.19,28.90,42.35,1008.86
4185,376.56,29.18,28.90,42.34,1008.86
4186,376.65,29.18,28.90,42.35,1008.86
4187,376.74,29.19,28.90,42.35,1008.86
4188,376.83,29.18,28.90,42.34,1008.86
4189,376.92,29.18,28.89,42.34,1008.86
4190,377.01,29.18,28.89,42.34,1008.86
4191,377.10,29.18,28.89,42.34,1008.85
4192,377.19,29.18,28.88,42.32,1008.85
4193,377.28,29.18,28.88,42.32,1008.85
4194,377.37,29.18,28.88,42.33,1008.85
4195,377.46,29.18,28.88,42.34,1008.85
4196,377.55,29.18,28.87,42.34,1008.85
4197,377.64,29.18,28.87,42.35,1008.85
4198,377.73,29.17,28.87,42.34,1008.85
4199,377.82,29.17,28.87,42.34,1008.85
4200,377.91,29.17,28.87,42.35,1008.86
4201,378.00,29.17,28.87,42.34,1008.86
4202,378.09,29.18,28.87,42.36,1008.86
4203,378.18,29.17,28.87,42.35,1008.86
4204,378.27,29.17,28.87,42.37,1008.86
4205,378.36,29.18,28.87,42.35,1008.86
4206,378.45,29.18,28.87,42.35,1008.86
4207,378.54,29.18,28.87,42.35,1008.86
4208,378.63,29.18,28.87,42.36,1008.86
4209,378.72,29.17,28.87,42.36,1008.86
4210,378.81,29.17,28.87,42.36,1008.86
4211,378.90,29.17,28.87,42.36,1008.86
4212,378.99,29.18,28.87,42.34,1008.86
4213,379.08,29.17,28.87,42.34,1008.87
4214,379.17,29.18,28.87,42.33,1008.87
4215,379.26,29.17,28.87,42.33,1008.86
4216,379.35,29.17,28.88,42.32,1008.86
4217,379.44,29.17,28.88,42.33,1008.86
4218,379.53,29.17,28.88,42.32,1008.86
4219,379.62,29.18,28.87,42.32,1008.86
4220,379.71,29.17,28.86,42.32,1008.86
4221,379.80,29.17,28.86,42.33,1008.86
4222,379.89,29.17,28.86,42.31,1008.86
4223,379.98,29.17,28.87,42.29,1008.86
4224,380.07,29.17,28.87,42.30,1008.86
4225,380.16,29.18,28.87,42.32,1008.86
4226,380.25,29.17,28.87,42.32,1008.86
4227,380.34,29.17,28.88,42.32,1008.87
4228,380.43,29.17,28.87,42.33,1008.87
4229,380.52,29.17,28.87,42.35,1008.87
4230,380.61,29.17,28.87,42.34,1008.87
4231,380.70,29.16,28.87,42.33,1008.87
4232,380.79,29.17,28.87,42.33,1008.87
4233,380.88,29.16,28.87,42.32,1008.87
4234,380.97,29.16,28.87,42.32,1008.87
4235,381.06,29.16,28.86,42.31,1008.87
4236,381.15,29.16,28.86,42.32,1008.87
4237,381.24,29.16,28.86,42.33,1008.87
4238,381.33,29.16,28.86,42.33,1008.87
4239,381.42,29.16,28.79,42.32,1008.87
4240,381.51,29.16,28.83,42.33,1008.87
4241,381.60,29.16,28.85,42.33,1008.87
4242,381.69,29.16,28.85,42.34,1008.87
4243,381.78,29.16,28.85,42.33,1008.87
4244,381.87,29.16,28.85,42.32,1008.87
4245,381.96,29.16,28.85,42.34,1008.87
4246,382.05,29.15,28.86,42.33,1008.88
4247,382.14,29.15,28.85,42.33,1008.88
4248,382.23,29.15,28.85,42.33,1008.87
4249,382.32,29.16,28.86,42.33,1008.87
4250,382.41,29.15,28.86,42.33,1008.88
4251,382.50,29.15,28.86,42.35,1008.87
4252,382.59,29.15,28.86,42.34,1008.87
4253,382.68,29.15,28.86,42.36,1008.87
4254,382.77,29.14,28.86,42.35,1008.87
4255,382.86,29.14,28.85,42.35,1008.87
4256,382.95,29.14,28.86,42.35,1008.87
4257,383.04,29.15,28.85,42.35,1008.87
4258,383.13,29.15,28.85,42.36,1008.87
4259,383.22,29.15,28.84,42.35,1008.87
4260,383.31,29.14,28.83,42.34,1008.87
4261,383.40,29.14,28.83,42.35,1008.87
4262,383.49,29.14,28.82,42.34,1008.87
4263,383.58,29.14,28.82,42.35,1008.87
4264,383.67,29.15,28.82,42.34,1008.87
4265,383.76,29.15,28.82,42.35,1008.87
4266,383.85,29.15,28.82,42.35,1008.87
4267,383.94,29.15,28.82,42.34,1008.87
4268,384.03,29.16,28.83,42.34,1008.87
4269,384.12,29.15,28.84,42.35,1008.86
4270,384.21,29.15,28.84,42.37,1008.86
4271,384.30,29.15,28.84,42.37,1008.86
4272,384.39,29.15,28.84,42.37,1008.86
4273,384.48,29.15,28.84,42.37,1008.86
4274,384.57,29.15,28.84,42.37,1008.86
4275,384.66,29.15,28.84,42.37,1008.86
4276,384.75,29.15,28.84,42.37,1008.86
4277,384.84,29.15,28.84,42.37,1008.86
4278,384.93,29.15,28.84,42.37,1008.87
4279,385.02,29.15,28.84,42.36,1008.87
4280,385.11,29.15,28.84,42.36,1008.87
4281,385.20,29.15,28.84,42.35,1008.87
4282,385.29,29.15,28.84,42.35,1008.87
4283,385.38,29.14,28.85,42.37,1008.87
4284,385.47,29.14,28.83,42.36,1008.87
4285,385.56,29.14,28.84,42.36,1008.87
4286,385.65,29.14,28.84,42.36,1008.87
4287,385.74,29.14,28.83,42.36,1008.87
4288,385.83,29.14,28.83,42.34,1008.87
4289,385.92,29.14,28.83,42.33,1008.87
4290,386.01,29.14,28.82,42.34,1008.87
4291,386.10,29.14,28.82,42.34,1008.87
4292,386.19,29.14,28.82,42.34,1008.87
4293,386.28,29.13,28.82,42.36,1008.87
4294,386.37,29.13,28.81,42.36,1008.88
4295,386.46,29.14,28.81,42.37,1008.88
4296,386.55,29.13,28.81,42.37,1008.88
4297,386.64,29.12,28.81,42.37,1008.88
4298,386.73,29.12,28.81,42.37,1008.87
4299,386.82,29.12,28.81,42.36,1008.88
4300,386.91,29.13,28.81,42.36,1008.88
4301,387.00,29.13,28.80,42.35,1008.88
4302,387.09,29.12,28.80,42.36,1008.88
4303,387.18,29.12,28.80,42.35,1008.88
4304,387.27,29.11,28.81,42.34,1008.88
4305,387.36,29.12,28.80,42.35,1008.88
4306,387.45,29.11,28.81,42.35,1008.88
4307,387.54,29.11,28.81,42.34,1008.88
4308,387.63,29.12,28.81,42.33,1008.88
4309,387.72,29.12,28.81,42.33,1008.88
4310,387.81,29.11,28.81,42.33,1008.88
4311,387.90,29.11,28.81,42.33,1008.88
4312,387.99,29.12,28.80,42.34,1008.88
4313,388.08,29.12,28.81,42.33,1008.88
4314,388.17,29.12,28.81,42.35,1008.88
4315,388.26,29.12,28.81,42.32,1008.88
4316,388.35,29.11,28.81,42.31,1008.88
4317,388.44,29.11,28.81,42.31,1008.88
4318,388.53,29.10,28.80,42.32,1008.88
4319,388.62,29.10,28.81,42.32,1008.88
4320,388.71,29.11,28.81,42.33,1008.88
4321,388.80,29.10,28.81,42.33,1008.88
4322,388.89,29.10,28.81,42.34,1008.88
4323,388.98,29.09,28.81,42.36,1008.88
4324,389.07,29.08,28.81,42.35,1008.88
4325,389.16,29.09,28.80,42.36,1008.88
4326,389.25,29.08,28.79,42.35,1008.88
4327,389.34,29.09,28.79,42.35,1008.88
4328,389.43,29.09,28.79,42.35,1008.88
4329,389.52,29.09,28.79,42.35,1008.88
4330,389.61,29.09,28.79,42.34,1008.88
4331,389.70,29.09,28.79,42.34,1008.88
4332,389.79,29.09,28.79,42.31,1008.88
4333,389.88,29.08,28.80,42.32,1008.88
4334,389.97,29.08,28.80,42.32,1008.88
4335,390.06,29.07,28.80,42.33,1008.88
4336,390.15,29.07,28.81,42.33,1008.89
4337,390.24,29.07,28.82,42.34,1008.89
4338,390.33,29.07,28.82,42.32,1008.89
4339,390.42,29.07,28.81,42.32,1008.89
4340,390.51,29.07,28.81,42.33,1008.89
4341,390.60,29.07,28.81,42.33,1008.89
4342,390.69,29.07,28.81,42.33,1008.89
4343,390.78,29.07,28.81,42.33,1008.89
4344,390.87,29.08,28.80,42.33,1008.89
4345,390.96,29.07,28.80,42.32,1008.89
4346,391.05,29.07,28.80,42.32,1008.89
4347,391.14,29.07,28.80,42.31,1008.89
4348,391.23,29.07,28.80,42.31,1008.89
4349,391.32,29.07,28.80,42.30,1008.89
4350,391.41,29.07,28.80,42.29,1008.89
4351,391.50,29.07,28.80,42.29,1008.89
4352,391.59,29.07,28.80,42.29,1008.89
4353,391.68,29.07,28.80,42.30,1008.89
4354,391.77,29.07,28.80,42.29,1008.89
4355,391.86,29.08,28.79,42.30,1008.89
4356,391.95,29.08,28.79,42.30,1008.89
4357,392.04,29.08,28.79,42.30,1008.89
4358,392.13,29.08,28.79,42.30,1008.89
4359,392.22,29.08,28.79,42.30,1008.89
4360,392.31,29.08,28.79,42.31,1008.89
4361,392.40,29.08,28.80,42.31,1008.89
4362,392.49,29.07,28.79,42.30,1008.89
4363,392.58,29.07,28.79,42.31,1008.88
4364,392.67,29.07,28.80,42.32,1008.88
4365,392.76,29.07,28.79,42.32,1008.88
4366,392.85,29.08,28.80,42.32,1008.88
4367,392.94,29.08,28.81,42.32,1008.88
4368,393.03,29.07,28.82,42.30,1008.88
4369,393.12,29.08,28.81,42.30,1008.88
4370,393.21,29.08,28.80,42.32,1008.88
4371,393.30,29.09,28.80,42.32,1008.88
4372,393.39,29.08,28.79,42.31,1008.88
4373,393.48,29.08,28.79,42.31,1008.88
4374,393.57,29.08,28.79,42.30,1008.88
4375,393.66,29.08,28.78,42.30,1008.88
4376,393.75,29.08,28.78,42.31,1008.88
4377,393.84,29.08,28.77,42.29,1008.88
4378,393.93,29.08,28.77,42.29,1008.88
4379,394.02,29.07,28.78,42.30,1008.87
4380,394.11,29.07,28.77,42.32,1008.87
4381,394.20,29.06,28.77,42.33,1008.87
4382,394.29,29.07,28.77,42.34,1008.87
4383,394.38,29.07,28.77,42.34,1008.87
4384,394.47,29.07,28.77,42.35,1008.87
4385,394.56,29.07,28.77,42.34,1008.88
4386,394.65,29.06,28.77,42.33,1008.88
4387,394.74,29.06,28.76,42.33,1008.88
4388,394.83,29.07,28.76,42.32,1008.88
4389,394.92,29.07,28.77,42.33,1008.88
4390,395.01,29.07,28.78,42.33,1008.88
4391,395.10,29.06,28.77,42.34,1008.87
4392,395.19,29.06,28.77,42.35,1008.87
4393,395.28,29.06,28.77,42.35,1008.87
4394,395.37,29.06,28.77,42.34,1008.87
4395,395.46,29.06,28.76,42.35,1008.87
4396,395.55,29.06,28.76,42.34,1008.87
4397,395.64,29.06,28.76,42.34,1008.87
4398,395.73,29.06,28.76,42.34,1008.87
4399,395.82,29.05,28.76,42.34,1008.86
4400,395.91,29.06,28.76,42.35,1008.86
4401,396.00,29.06,28.77,42.37,1008.86
4402,396.09,29.05,28.77,42.36,1008.86
4403,396.18,29.05,28.76,42.37,1008.87
4404,396.27,29.05,28.76,42.38,1008.87
4405,396.36,29.05,28.76,42.37,1008.87
4406,396.45,29.05,28.76,42.37,1008.87
4407,396.54,29.05,28.76,42.37,1008.87
4408,396.63,29.05,28.76,42.36,1008.87
4409,396.72,29.05,28.75,42.36,1008.87
4410,396.81,29.05,28.74,42.36,1008.87
4411,396.90,29.06,28.74,42.38,1008.87
4412,396.99,29.06,28.74,42.39,1008.87
4413,397.08,29.06,28.75,42.38,1008.88
4414,397.17,29.06,28.75,42.38,1008.88
4415,397.26,29.06,28.75,42.38,1008.88
4416,397.35,29.06,28.75,42.37,1008.88
4417,397.44,29.05,28.75,42.36,1008.88
4418,397.53,29.05,28.75,42.36,1008.88
4419,397.62,29.06,28.75,42.36,1008.88
4420,397.71,29.06,28.75,42.37,1008.88
4421,397.80,29.06,28.75,42.38,1008.88
4422,397.89,29.06,28.75,42.37,1008.88
4423,397.98,29.05,28.75,42.38,1008.89
4424,398.07,29.05,28.75,42.39,1008.88
4425,398.16,29.05,28.75,42.38,1008.88
4426,398.25,29.05,28.75,42.38,1008.88
4427,398.34,29.05,28.75,42.39,1008.88
4428,398.43,29.05,28.75,42.39,1008.89
4429,398.52,29.05,28.76,42.39,1008.88
4430,398.61,29.05,28.77,42.39,1008.88
4431,398.70,29.05,28.78,42.41,1008.88
4432,398.79,29.05,28.78,42.39,1008.88
4433,398.88,29.05,28.78,42.40,1008.88
4434,398.97,29.06,28.79,42.42,1008.88
4435,399.06,29.06,28.78,42.43,1008.88
4436,399.15,29.06,28.78,42.44,1008.88
4437,399.24,29.05,28.79,42.46,1008.87
4438,399.33,29.04,28.80,42.45,1008.87
4439,399.42,29.05,28.79,42.45,1008.87
4440,399.51,29.05,28.79,42.44,1008.87
4441,399.60,29.04,28.78,42.43,1008.87
4442,399.69,29.04,28.78,42.42,1008.87
4443,399.78,29.04,28.79,42.43,1008.87
4444,399.87,29.03,28.78,42.42,1008.86
4445,399.96,29.03,28.78,42.43,1008.86
4446,400.05,29.03,28.77,42.44,1008.86
4447,400.14,29.02,28.76,42.44,1008.86
4448,400.23,29.02,28.75,42.44,1008.86
4449,400.32,29.01,28.75,42.44,1008.86
4450,400.41,29.01,28.75,42.43,1008.86
4451,400.50,29.02,28.75,42.44,1008.86
4452,400.59,29.02,28.75,42.43,1008.86
4453,400.68,29.02,28.74,42.42,1008.86
4454,400.77,29.02,28.75,42.43,1008.86
4455,400.86,29.02,28.82,42.41,1008.86
4456,400.95,29.02,28.75,42.41,1008.86
4457,401.04,29.02,28.75,42.41,1008.86
4458,401.13,29.02,28.75,42.42,1008.86
4459,401.22,29.02,28.75,42.43,1008.86
4460,401.31,29.02,28.74,42.44,1008.86
4461,401.40,29.02,28.74,42.45,1008.86
4462,401.49,29.02,28.74,42.45,1008.86
4463,401.58,29.02,28.75,42.45,1008.86
4464,401.67,29.02,28.75,42.45,1008.86
4465,401.76,29.02,28.75,42.45,1008.86
4466,401.85,29.01,28.74,42.45,1008.86
4467,401.94,29.01,28.74,42.45,1008.86
4468,402.03,29.01,28.74,42.46,1008.86
4469,402.12,29.01,28.75,42.46,1008.86
4470,402.21,29.01,28.74,42.44,1008.86
4471,402.30,29.01,28.74,42.45,1008.86
4472,402.39,29.00,28.74,42.47,1008.86
4473,402.48,29.00,28.74,42.46,1008.86
4474,402.57,29.00,28.74,42.45,1008.86
4475,402.66,29.00,28.73,42.46,1008.86
4476,402.75,29.00,28.73,42.46,1008.86
4477,402.84,29.00,28.73,42.45,1008.87
4478,402.93,29.00,28.72,42.44,1008.87
4479,403.02,29.00,28.72,42.45,1008.86
4480,403.11,28.99,28.71,42.44,1008.87
4481,403.20,28.99,28.71,42.43,1008.87
4482,403.29,28.99,28.71,42.44,1008.87
4483,403.38,28.99,28.71,42.45,1008.87
4484,403.47,28.98,28.70,42.46,1008.87
4485,403.56,28.97,28.70,42.46,1008.87
4486,403.65,28.97,28.69,42.45,1008.87
4487,403.74,28.97,28.69,42.46,1008.87
4488,403.83,28.97,28.69,42.46,1008.87
4489,403.92,28.98,28.69,42.45,1008.87
4490,404.01,28.97,28.69,42.45,1008.87
4491,404.10,28.97,28.69,42.43,1008.87
4492,404.19,28.97,28.71,42.43,1008.87
4493,404.28,28.96,28.70,42.45,1008.87
4494,404.37,28.96,28.70,42.45,1008.87
4495,404.46,28.95,28.70,42.45,1008.87
4496,404.55,28.96,28.69,42.44,1008.87
4497,404.64,28.96,28.69,42.45,1008.87
4498,404.73,28.96,28.69,42.46,1008.87
4499,404.82,28.96,28.68,42.47,1008.87
4500,404.91,28.96,28.68,42.46,1008.87
4501,405.00,28.96,28.69,42.46,1008.87
4502,405.09,28.96,28.68,42.46,1008.88
4503,405.18,28.96,28.68,42.45,1008.88
4504,405.27,28.97,28.69,42.47,1008.88
4505,405.36,28.97,28.69,42.48,1008.88
4506,405.45,28.97,28.69,42.48,1008.88
4507,405.54,28.97,28.69,42.49,1008.88
4508,405.63,28.97,28.69,42.50,1008.88
4509,405.72,28.97,28.69,42.49,1008.88
4510,405.81,28.98,28.68,42.50,1008.88
4511,405.90,28.98,28.68,42.50,1008.88
4512,405.99,28.97,28.68,42.51,1008.88
4513,406.08,28.97,28.68,42.50,1008.88
4514,406.17,28.98,28.68,42.50,1008.88
4515,406.26,28.98,28.68,42.51,1008.88
4516,406.35,28.97,28.68,42.50,1008.87
4517,406.44,28.97,28.69,42.50,1008.88
4518,406.53,28.96,28.69,42.49,1008.88
4519,406.62,28.96,28.68,42.50,1008.87
4520,406.71,28.96,28.68,42.48,1008.87
4521,406.80,28.96,28.68,42.47,1008.87
4522,406.89,28.96,28.69,42.47,1008.87
4523,406.98,28.96,28.68,42.47,1008.87
4524,407.07,28.96,28.68,42.47,1008.87
4525,407.16,28.96,28.68,42.45,1008.87
4526,407.25,28.96,28.68,42.45,1008.87
4527,407.34,28.96,28.68,42.46,1008.87
4528,407.43,28.97,28.68,42.45,1008.87
4529,407.52,28.97,28.67,42.45,1008.87
4530,407.61,28.97,28.67,42.44,1008.87
4531,407.70,28.97,28.68,42.44,1008.87
4532,407.79,28.96,28.68,42.46,1008.87
4533,407.88,28.97,28.68,42.47,1008.87
4534,407.97,28.97,28.69,42.47,1008.87
4535,408.06,28.97,28.68,42.48,1008.86
4536,408.15,28.97,28.69,42.48,1008.86
4537,408.24,28.98,28.69,42.48,1008.87
4538,408.33,28.98,28.70,42.48,1008.87
4539,408.42,28.98,28.69,42.48,1008.86
4540,408.51,28.98,28.69,42.47,1008.86
4541,408.60,28.98,28.69,42.48,1008.86
4542,408.69,28.99,28.69,42.47,1008.86
4543,408.78,28.98,28.69,42.47,1008.86
4544,408.87,28.99,28.69,42.47,1008.86
4545,408.96,28.98,28.69,42.47,1008.86
4546,409.05,28.98,28.69,42.47,1008.86
4547,409.14,28.98,28.69,42.46,1008.86
4548,409.23,28.97,28.69,42.45,1008.87
4549,409.32,28.97,28.69,42.44,1008.87
4550,409.41,28.97,28.69,42.45,1008.87
4551,409.50,28.97,28.69,42.45,1008.87
4552,409.59,28.97,28.69,42.45,1008.88
4553,409.68,28.97,28.69,42.47,1008.87
4554,409.77,28.97,28.69,42.48,1008.88
4555,409.86,28.97,28.69,42.48,1008.88
4556,409.95,28.96,28.68,42.48,1008.88
4557,410.04,28.96,28.69,42.48,1008.88
4558,410.13,28.96,28.69,42.49,1008.88
4559,410.22,28.96,28.69,42.49,1008.88
4560,410.31,28.96,28.70,42.46,1008.88
4561,410.40,28.96,28.70,42.46,1008.89
4562,410.49,28.95,28.69,42.47,1008.89
4563,410.58,28.95,28.69,42.47,1008.89
4564,410.67,28.95,28.68,42.47,1008.88
4565,410.76,28.96,28.68,42.48,1008.88
4566,410.85,28.96,28.68,42.48,1008.88
4567,410.94,28.95,28.68,42.48,1008.88
4568,411.03,28.95,28.68,42.48,1008.89
4569,411.12,28.95,28.68,42.47,1008.89
4570,411.21,28.94,28.68,42.49,1008.89
4571,411.30,28.95,28.68,42.48,1008.89
4572,411.39,28.94,28.68,42.49,1008.88
4573,411.48,28.94,28.67,42.49,1008.88
4574,411.57,28.94,28.67,42.50,1008.88
4575,411.66,28.94,28.68,42.49,1008.88
4576,411.75,28.94,28.67,42.48,1008.88
4577,411.84,28.94,28.67,42.47,1008.88
4578,411.93,28.93,28.68,42.48,1008.88
4579,412.02,28.93,28.68,42.49,1008.88
4580,412.11,28.93,28.68,42.50,1008.88
4581,412.20,28.94,28.67,42.49,1008.88
4582,412.29,28.94,28.67,42.49,1008.88
4583,412.38,28.94,28.67,42.48,1008.87
4584,412.47,28.93,28.67,42.47,1008.87
4585,412.56,28.93,28.67,42.46,1008.87
4586,412.65,28.93,28.66,42.45,1008.87
4587,412.74,28.93,28.66,42.46,1008.87
4588,412.83,28.93,28.65,42.46,1008.87
4589,412.92,28.93,28.65,42.48,1008.87
4590,413.01,28.93,28.65,42.48,1008.87
4591,413.10,28.93,28.65,42.48,1008.87
4592,413.19,28.93,28.66,42.48,1008.87
4593,413.28,28.93,28.65,42.49,1008.87
4594,413.37,28.93,28.65,42.50,1008.87
4595,413.46,28.93,28.65,42.50,1008.87
4596,413.55,28.93,28.65,42.49,1008.88
4597,413.64,28.93,28.65,42.49,1008.87
4598,413.73,28.92,28.65,42.49,1008.88
4599,413.82,28.92,28.65,42.49,1008.88
4600,413.91,28.92,28.65,42.49,1008.88
4601,414.00,28.92,28.65,42.50,1008.88
4602,414.09,28.93,28.64,42.50,1008.88
4603,414.18,28.92,28.64,42.52,1008.88
4604,414.27,28.92,28.64,42.51,1008.88
4605,414.36,28.92,28.64,42.53,1008.88
4606,414.45,28.91,28.64,42.52,1008.88
4607,414.54,28.90,28.64,42.51,1008.88
4608,414.63,28.89,28.64,42.51,1008.88
4609,414.72,28.89,28.64,42.51,1008.88
4610,414.81,28.89,28.64,42.52,1008.88
4611,414.90,28.89,28.63,42.51,1008.88
4612,414.99,28.90,28.63,42.50,1008.89
4613,415.08,28.90,28.63,42.51,1008.89
4614,415.17,28.90,28.63,42.51,1008.89
4615,415.26,28.90,28.63,42.53,1008.89
4616,415.35,28.90,28.63,42.52,1008.88
4617,415.44,28.90,28.63,42.50,1008.88
4618,415.53,28.90,28.62,42.51,1008.88
4619,415.62,28.90,28.62,42.51,1008.88
4620,415.71,28.90,28.62,42.51,1008.88
4621,415.80,28.90,28.62,42.50,1008.88
4622,415.89,28.90,28.61,42.50,1008.88
4623,415.98,28.90,28.61,42.51,1008.88
4624,416.07,28.90,28.62,42.51,1008.88
4625,416.16,28.90,28.62,42.52,1008.88
4626,416.25,28.91,28.62,42.51,1008.88
4627,416.34,28.91,28.62,42.52,1008.88
4628,416.43,28.91,28.62,42.53,1008.88
4629,416.52,28.91,28.62,42.54,1008.88
4630,416.61,28.91,28.62,42.55,1008.88
4631,416.70,28.93,28.63,42.55,1008.87
4632,416.79,28.93,28.63,42.55,1008.87
4633,416.88,28.93,28.63,42.54,1008.87
4634,416.97,28.93,28.63,42.55,1008.87
4635,417.06,28.92,28.63,42.54,1008.87
4636,417.15,28.93,28.63,42.54,1008.87
4637,417.24,28.92,28.63,42.55,1008.87
4638,417.33,28.92,28.63,42.56,1008.87
4639,417.42,28.92,28.63,42.58,1008.87
4640,417.51,28.94,28.63,42.58,1008.87
4641,417.60,28.93,28.63,42.57,1008.87
4642,417.69,28.93,28.62,42.56,1008.87
4643,417.78,28.93,28.63,42.57,1008.87
4644,417.87,28.93,28.63,42.57,1008.87
4645,417.96,28.92,28.63,42.57,1008.87
4646,418.05,28.92,28.63,42.56,1008.87
4647,418.14,28.92,28.64,42.57,1008.87
4648,418.23,28.91,28.64,42.59,1008.87
4649,418.32,28.91,28.64,42.58,1008.87
4650,418.41,28.91,28.64,42.59,1008.87
4651,418.50,28.91,28.64,42.59,1008.87
4652,418.59,28.91,28.63,42.72,1008.87
4653,418.68,28.91,28.64,42.60,1008.88
4654,418.77,28.91,28.64,42.60,1008.88
4655,418.86,28.92,28.65,42.59,1008.88
4656,418.95,28.92,28.65,42.58,1008.88
4657,419.04,28.91,28.65,42.58,1008.88
4658,419.13,28.91,28.65,42.58,1008.88
4659,419.22,28.91,28.64,42.60,1008.88
4660,419.31,28.91,28.64,42.60,1008.87
4661,419.40,28.90,28.65,42.60,1008.87
4662,419.49,28.91,28.66,42.60,1008.87
4663,419.58,28.91,28.66,42.57,1008.88
4664,419.67,28.91,28.65,42.57,1008.88
4665,419.76,28.91,28.65,42.57,1008.87
4666,419.85,28.90,28.64,42.58,1008.88
4667,419.94,28.90,28.64,42.58,1008.88
4668,420.03,28.90,28.64,42.58,1008.88
4669,420.12,28.90,28.63,42.58,1008.88
4670,420.21,28.90,28.63,42.58,1008.88
4671,420.30,28.91,28.63,42.58,1008.88
4672,420.39,28.90,28.62,42.58,1008.87
4673,420.48,28.90,28.62,42.59,1008.88
4674,420.57,28.89,28.62,42.59,1008.87
4675,420.66,28.90,28.63,42.60,1008.87
4676,420.75,28.89,28.62,42.59,1008.87
4677,420.84,28.89,28.62,42.60,1008.87
4678,420.93,28.88,28.62,42.62,1008.87
4679,421.02,28.88,28.62,42.64,1008.87
4680,421.11,28.88,28.61,42.65,1008.87
4681,421.20,28.88,28.62,42.65,1008.87
4682,421.29,28.88,28.62,42.64,1008.87
4683,421.38,28.87,28.62,42.63,1008.87
4684,421.47,28.86,28.62,42.62,1008.87
4685,421.56,28.86,28.61,42.61,1008.87
4686,421.65,28.86,28.62,42.62,1008.87
4687,421.74,28.85,28.62,42.61,1008.87
4688,421.83,28.85,28.62,42.60,1008.87
4689,421.92,28.84,28.61,42.60,1008.87
4690,422.01,28.84,28.61,42.60,1008.87
4691,422.10,28.84,28.61,42.59,1008.87
4692,422.19,28.83,28.61,42.59,1008.87
4693,422.28,28.82,28.61,42.60,1008.87
4694,422.37,28.81,28.61,42.61,1008.87
4695,422.46,28.81,28.60,42.61,1008.87
4696,422.55,28.81,28.61,42.61,1008.87
4697,422.64,28.81,28.60,42.60,1008.87
4698,422.73,28.81,28.61,42.59,1008.87
4699,422.82,28.82,28.61,42.57,1008.87
4700,422.91,28.83,28.61,42.56,1008.87
4701,423.00,28.84,28.60,42.56,1008.87
4702,423.09,28.84,28.60,42.56,1008.87
4703,423.18,28.85,28.61,42.54,1008.87
4704,423.27,28.85,28.61,42.54,1008.87
4705,423.36,28.85,28.61,42.53,1008.87
4706,423.45,28.85,28.60,42.54,1008.87
4707,423.54,28.86,28.59,42.54,1008.87
4708,423.63,28.86,28.59,42.52,1008.87
4709,423.72,28.87,28.57,42.53,1008.87
4710,423.81,28.87,28.57,42.54,1008.87
4711,423.90,28.87,28.57,42.53,1008.87
4712,423.99,28.87,28.58,42.52,1008.87
4713,424.08,28.88,28.57,42.53,1008.87
4714,424.17,28.88,28.57,42.53,1008.87
4715,424.26,28.88,28.57,42.53,1008.87
4716,424.35,28.88,28.57,42.53,1008.87
4717,424.44,28.88,28.58,42.54,1008.86
4718,424.53,28.88,28.57,42.54,1008.86
4719,424.62,28.89,28.57,42.56,1008.86
4720,424.71,28.89,28.57,42.57,1008.86
4721,424.80,28.89,28.57,42.56,1008.86
4722,424.89,28.89,28.56,42.55,1008.86
4723,424.98,28.89,28.56,42.56,1008.86
4724,425.07,28.88,28.57,42.55,1008.86
4725,425.16,28.89,28.58,42.55,1008.86
4726,425.25,28.88,28.57,42.55,1008.86
4727,425.34,28.88,28.58,42.55,1008.86
4728,425.43,28.88,28.58,42.56,1008.86
4729,425.52,28.88,28.59,42.55,1008.86
4730,425.61,28.87,28.58,42.56,1008.86
4731,425.70,28.88,28.59,42.57,1008.86
4732,425.79,28.88,28.58,42.57,1008.86
4733,425.88,28.88,28.58,42.57,1008.85
4734,425.97,28.88,28.58,42.57,1008.86
4735,426.06,28.88,28.59,42.57,1008.86
4736,426.15,28.88,28.58,42.57,1008.86
4737,426.24,28.88,28.58,42.57,1008.86
4738,426.33,28.88,28.58,42.56,1008.86
4739,426.42,28.88,28.59,42.57,1008.86
4740,426.51,28.88,28.59,42.57,1008.86
4741,426.60,28.87,28.59,42.56,1008.86
4742,426.69,28.86,28.58,42.55,1008.86
4743,426.78,28.87,28.58,42.56,1008.86
4744,426.87,28.87,28.57,42.55,1008.87
4745,426.96,28.87,28.57,42.55,1008.86
4746,427.05,28.87,28.57,42.56,1008.87
4747,427.14,28.87,28.57,42.55,1008.87
4748,427.23,28.86,28.57,42.54,1008.87
4749,427.32,28.86,28.57,42.54,1008.87
4750,427.41,28.85,28.58,42.53,1008.87
4751,427.50,28.85,28.58,42.54,1008.87
4752,427.59,28.86,28.58,42.55,1008.87
4753,427.68,28.86,28.58,42.54,1008.87
4754,427.77,28.86,28.58,42.55,1008.87
4755,427.86,28.85,28.58,42.56,1008.87
4756,427.95,28.86,28.58,42.56,1008.87
4757,428.04,28.86,28.59,42.54,1008.87
4758,428.13,28.85,28.59,42.53,1008.87
4759,428.22,28.85,28.59,42.54,1008.87
4760,428.31,28.85,28.59,42.55,1008.87
4761,428.40,28.85,28.59,42.53,1008.88
4762,428.49,28.84,28.59,42.52,1008.88
4763,428.58,28.85,28.59,42.53,1008.88
4764,428.67,28.84,28.59,42.52,1008.88
4765,428.76,28.84,28.59,42.52,1008.88
4766,428.85,28.84,28.59,42.54,1008.88
4767,428.94,28.84,28.58,42.53,1008.88
4768,429.03,28.83,28.58,42.54,1008.88
4769,429.12,28.83,28.58,42.53,1008.88
4770,429.21,28.83,28.58,42.54,1008.88
4771,429.30,28.83,28.58,42.52,1008.88
4772,429.39,28.83,28.57,42.52,1008.87
4773,429.48,28.83,28.58,42.52,1008.87
4774,429.57,28.83,28.57,42.52,1008.87
4775,429.66,28.82,28.58,42.52,1008.88
4776,429.75,28.82,28.57,42.52,1008.87
4777,429.84,28.82,28.57,42.52,1008.87
4778,429.93,28.82,28.57,42.51,1008.88
4779,430.02,28.82,28.57,42.50,1008.87
4780,430.11,28.82,28.57,42.51,1008.87
4781,430.20,28.81,28.56,42.51,1008.87
4782,430.29,28.81,28.56,42.50,1008.87
4783,430.38,28.81,28.56,42.51,1008.87
4784,430.47,28.81,28.55,42.52,1008.87
4785,430.56,28.81,28.55,42.52,1008.87
4786,430.65,28.81,28.55,42.51,1008.87
4787,430.74,28.81,28.55,42.50,1008.87
4788,430.83,28.81,28.55,42.51,1008.87
4789,430.92,28.81,28.55,42.50,1008.87
4790,431.01,28.81,28.55,42.51,1008.87
4791,431.10,28.81,28.55,42.51,1008.87
4792,431.19,28.81,28.55,42.50,1008.87
4793,431.28,28.81,28.55,42.50,1008.87
4794,431.37,28.81,28.55,42.50,1008.87
4795,431.46,28.82,28.55,42.50,1008.87
4796,431.55,28.82,28.56,42.50,1008.87
4797,431.64,28.82,28.55,42.50,1008.87
4798,431.73,28.82,28.55,42.52,1008.87
4799,431.82,28.82,28.56,42.51,1008.87
4800,431.91,28.83,28.56,42.49,1008.87
4801,432.00,28.83,28.57,42.49,1008.87
4802,432.09,28.82,28.57,42.49,1008.87
4803,432.18,28.82,28.57,42.50,1008.88
4804,432.27,28.82,28.56,42.51,1008.87
4805,432.36,28.81,28.56,42.49,1008.87
4806,432.45,28.81,28.56,42.50,1008.87
4807,432.54,28.81,28.56,42.50,1008.88
4808,432.63,28.82,28.56,42.49,1008.88
4809,432.72,28.82,28.56,42.49,1008.88
4810,432.81,28.82,28.57,42.51,1008.88
4811,432.90,28.81,28.56,42.50,1008.88
4812,432.99,28.81,28.56,42.51,1008.88
4813,433.08,28.82,28.55,42.53,1008.88
4814,433.17,28.82,28.55,42.53,1008.88
4815,433.26,28.82,28.55,42.53,1008.88
4816,433.35,28.82,28.54,42.53,1008.88
4817,433.44,28.81,28.55,42.53,1008.88
4818,433.53,28.81,28.55,42.52,1008.88
4819,433.62,28.81,28.55,42.52,1008.88
4820,433.71,28.81,28.55,42.52,1008.88
4821,433.80,28.81,28.55,42.51,1008.88
4822,433.89,28.81,28.55,42.51,1008.89
4823,433.98,28.81,28.55,42.51,1008.88
4824,434.07,28.81,28.55,42.50,1008.88
4825,434.16,28.81,28.55,42.49,1008.88
4826,434.25,28.81,28.55,42.49,1008.88
4827,434.34,28.81,28.55,42.47,1008.88
4828,434.43,28.82,28.55,42.49,1008.88
4829,434.52,28.81,28.55,42.49,1008.88
4830,434.61,28.81,28.54,42.50,1008.88
4831,434.70,28.81,28.54,42.50,1008.88
4832,434.79,28.81,28.54,42.50,1008.88
4833,434.88,28.81,28.53,42.50,1008.88
4834,434.97,28.81,28.53,42.50,1008.88
4835,435.06,28.81,28.54,42.51,1008.88
4836,435.15,28.81,28.53,42.51,1008.88
4837,435.24,28.81,28.53,42.52,1008.88
4838,435.33,28.81,28.53,42.51,1008.88
4839,435.42,28.81,28.53,42.52,1008.88
4840,435.51,28.80,28.53,42.51,1008.88
4841,435.60,28.80,28.53,42.51,1008.87
4842,435.69,28.80,28.53,42.51,1008.87
4843,435.78,28.80,28.54,42.52,1008.87
4844,435.87,28.80,28.54,42.50,1008.87
4845,435.96,28.80,28.54,42.49,1008.87
4846,436.05,28.81,28.54,42.49,1008.87
4847,436.14,28.81,28.54,42.49,1008.87
4848,436.23,28.81,28.53,42.49,1008.87
4849,436.32,28.81,28.53,42.48,1008.87
4850,436.41,28.81,28.53,42.50,1008.87
4851,436.50,28.81,28.52,42.49,1008.87
4852,436.59,28.80,28.52,42.49,1008.87
4853,436.68,28.80,28.52,42.50,1008.87
4854,436.77,28.81,28.53,42.50,1008.87
4855,436.86,28.80,28.54,42.50,1008.87
4856,436.95,28.80,28.54,42.50,1008.87
4857,437.04,28.80,28.55,42.49,1008.87
4858,437.13,28.80,28.54,42.49,1008.87
4859,437.22,28.80,28.54,42.49,1008.87
4860,437.31,28.80,28.54,42.50,1008.87
4861,437.40,28.80,28.54,42.50,1008.88
4862,437.49,28.80,28.54,42.49,1008.88
4863,437.58,28.80,28.54,42.49,1008.88
4864,437.67,28.80,28.53,42.49,1008.88
4865,437.76,28.81,28.53,42.50,1008.88
4866,437.85,28.80,28.53,42.50,1008.88
4867,437.94,28.80,28.53,42.50,1008.88
4868,438.03,28.80,28.53,42.52,1008.88
4869,438.12,28.80,28.54,42.51,1008.88
4870,438.21,28.79,28.54,42.52,1008.88
4871,438.30,28.80,28.54,42.52,1008.88
4872,438.39,28.79,28.54,42.50,1008.88
4873,438.48,28.80,28.54,42.51,1008.88
4874,438.57,28.79,28.53,42.50,1008.88
4875,438.66,28.79,28.53,42.49,1008.88
4876,438.75,28.79,28.52,42.49,1008.88
4877,438.84,28.79,28.52,42.48,1008.88
4878,438.93,28.79,28.52,42.49,1008.88
4879,439.02,28.79,28.52,42.48,1008.88
4880,439.11,28.79,28.52,42.48,1008.88
4881,439.20,28.78,28.52,42.48,1008.88
4882,439.29,28.78,28.52,42.48,1008.88
4883,439.38,28.78,28.51,42.49,1008.88
4884,439.47,28.78,28.51,42.48,1008.88
4885,439.56,28.78,28.50,42.48,1008.88
4886,439.65,28.78,28.50,42.48,1008.88
4887,439.74,28.78,28.50,42.48,1008.88
4888,439.83,28.78,28.50,42.48,1008.88
4889,439.92,28.78,28.49,42.47,1008.88
4890,440.01,28.78,28.49,42.46,1008.88
4891,440.10,28.78,28.49,42.47,1008.88
4892,440.19,28.78,28.50,42.47,1008.88
4893,440.28,28.78,28.50,42.46,1008.87
4894,440.37,28.78,28.51,42.44,1008.87
4895,440.46,28.78,28.51,42.45,1008.87
4896,440.55,28.78,28.51,42.44,1008.87
4897,440.64,28.78,28.51,42.44,1008.87
4898,440.73,28.78,28.51,42.46,1008.87
4899,440.82,28.79,28.51,42.46,1008.87
4900,440.91,28.78,28.51,42.49,1008.87
4901,441.00,28.78,28.51,42.49,1008.87
4902,441.09,28.78,28.51,42.50,1008.87
4903,441.18,28.78,28.51,42.49,1008.87
4904,441.27,28.78,28.51,42.47,1008.87
4905,441.36,28.77,28.51,42.49,1008.87
4906,441.45,28.77,28.51,42.47,1008.87
4907,441.54,28.77,28.51,42.46,1008.87
4908,441.63,28.77,28.50,42.47,1008.87
4909,441.72,28.76,28.51,42.44,1008.87
4910,441.81,28.77,28.51,42.45,1008.87
4911,441.90,28.77,28.50,42.46,1008.87
4912,441.99,28.78,28.50,42.47,1008.87
4913,442.08,28.78,28.50,42.47,1008.87
4914,442.17,28.78,28.50,42.46,1008.87
4915,442.26,28.78,28.50,42.47,1008.87
4916,442.35,28.78,28.51,42.48,1008.87
4917,442.44,28.78,28.51,42.47,1008.87
4918,442.53,28.78,28.51,42.47,1008.87
4919,442.62,28.78,28.51,42.46,1008.87
4920,442.71,28.78,28.50,42.46,1008.87
4921,442.80,28.78,28.50,42.45,1008.87
4922,442.89,28.78,28.50,42.44,1008.87
4923,442.98,28.78,28.51,42.46,1008.87
4924,443.07,28.78,28.50,42.47,1008.88
4925,443.16,28.78,28.51,42.48,1008.87
4926,443.25,28.78,28.51,42.48,1008.87
4927,443.34,28.77,28.51,42.47,1008.87
4928,443.43,28.77,28.52,42.48,1008.87
4929,443.52,28.76,28.51,42.49,1008.87
4930,443.61,28.77,28.51,42.49,1008.87
4931,443.70,28.77,28.51,42.48,1008.87
4932,443.79,28.77,28.51,42.46,1008.87
4933,443.88,28.77,28.50,42.46,1008.87
4934,443.97,28.77,28.51,42.45,1008.87
4935,444.06,28.77,28.51,42.46,1008.87
4936,444.15,28.77,28.50,42.46,1008.87
4937,444.24,28.77,28.50,42.47,1008.87
4938,444.33,28.77,28.50,42.46,1008.87
4939,444.42,28.77,28.50,42.47,1008.87
4940,444.51,28.77,28.50,42.46,1008.87
4941,444.60,28.77,28.50,42.45,1008.87
4942,444.69,28.78,28.50,42.47,1008.86
4943,444.78,28.77,28.50,42.46,1008.86
4944,444.87,28.77,28.51,42.46,1008.86
4945,444.96,28.77,28.50,42.47,1008.87
4946,445.05,28.77,28.50,42.48,1008.86
4947,445.14,28.77,28.50,42.47,1008.86
4948,445.23,28.77,28.50,42.46,1008.86
4949,445.32,28.77,28.50,42.47,1008.86
4950,445.41,28.76,28.51,42.47,1008.86
4951,445.50,28.76,28.51,42.46,1008.86
4952,445.59,28.75,28.51,42.46,1008.86
4953,445.68,28.75,28.51,42.46,1008.86
4954,445.77,28.75,28.50,42.45,1008.87
4955,445.86,28.75,28.51,42.45,1008.87
4956,445.95,28.75,28.51,42.44,1008.87
4957,446.04,28.74,28.50,42.45,1008.87
4958,446.13,28.75,28.50,42.43,1008.87
4959,446.22,28.75,28.50,42.44,1008.87
4960,446.31,28.74,28.50,42.44,1008.87
4961,446.40,28.75,28.50,42.44,1008.88
4962,446.49,28.74,28.50,42.44,1008.88
4963,446.58,28.74,28.50,42.45,1008.87
4964,446.67,28.74,28.49,42.46,1008.88
4965,446.76,28.74,28.49,42.47,1008.88
4966,446.85,28.74,28.49,42.47,1008.88
4967,446.94,28.73,28.49,42.47,1008.88
4968,447.03,28.73,28.48,42.47,1008.88
4969,447.12,28.73,28.48,42.48,1008.88
4970,447.21,28.73,28.47,42.47,1008.88
4971,447.30,28.73,28.47,42.48,1008.88
4972,447.39,28.73,28.48,42.47,1008.88
4973,447.48,28.73,28.47,42.47,1008.88
4974,447.57,28.73,28.47,42.48,1008.88
4975,447.66,28.73,28.47,42.48,1008.88
4976,447.75,28.73,28.48,42.48,1008.88
4977,447.84,28.73,28.48,42.48,1008.88
4978,447.93,28.72,28.48,42.48,1008.88
4979,448.02,28.73,28.48,42.49,1008.87
4980,448.11,28.73,28.47,42.48,1008.87
4981,448.20,28.73,28.47,42.50,1008.87
4982,448.29,28.73,28.46,42.50,1008.87
4983,448.38,28.74,28.47,42.52,1008.87
4984,448.47,28.74,28.46,42.52,1008.87
4985,448.56,28.74,28.47,42.53,1008.87
4986,448.65,28.74,28.47,42.54,1008.87
4987,448.74,28.74,28.47,42.51,1008.87
4988,448.83,28.75,28.47,42.51,1008.87
4989,448.92,28.75,28.46,42.50,1008.87
4990,449.01,28.75,28.47,42.50,1008.87
4991,449.10,28.75,28.47,42.51,1008.87
4992,449.19,28.74,28.47,42.51,1008.86
4993,449.28,28.74,28.47,42.51,1008.86
4994,449.37,28.74,28.46,42.51,1008.86
4995,449.46,28.73,28.46,42.52,1008.86
4996,449.55,28.73,28.46,42.51,1008.86
4997,449.64,28.73,28.46,42.51,1008.86
4998,449.73,28.72,28.46,42.51,1008.86
4999,449.82,28.72,28.46,42.51,1008.86
5000,449.91,28.72,28.47,42.50,1008.86
5001,450.00,28.72,28.47,42.51,1008.86
5002,450.09,28.72,28.47,42.52,1008.86
5003,450.18,28.72,28.46,42.52,1008.86
5004,450.27,28.73,28.46,42.52,1008.86
5005,450.36,28.73,28.46,42.52,1008.86
5006,450.45,28.73,28.46,42.51,1008.86
5007,450.54,28.73,28.46,42.51,1008.86
5008,450.63,28.72,28.46,42.49,1008.86
5009,450.72,28.72,28.46,42.49,1008.86
5010,450.81,28.73,28.45,42.51,1008.87
5011,450.90,28.73,28.45,42.50,1008.87
5012,450.99,28.73,28.45,42.50,1008.87
5013,451.08,28.73,28.45,42.51,1008.87
5014,451.17,28.73,28.45,42.50,1008.87
5015,451.26,28.73,28.45,42.50,1008.87
5016,451.35,28.73,28.45,42.50,1008.87
5017,451.44,28.73,28.45,42.50,1008.88
5018,451.53,28.73,28.45,42.50,1008.87
5019,451.62,28.74,28.45,42.49,1008.88
5020,451.71,28.74,28.45,42.49,1008.88
5021,451.80,28.74,28.45,42.49,1008.88
5022,451.89,28.74,28.44,42.48,1008.88
5023,451.98,28.74,28.44,42.47,1008.88
5024,452.07,28.74,28.44,42.47,1008.88
5025,452.16,28.74,28.43,42.47,1008.88
5026,452.25,28.73,28.45,42.46,1008.88
5027,452.34,28.73,28.45,42.46,1008.88
5028,452.43,28.73,28.46,42.48,1008.88
5029,452.52,28.74,28.46,42.50,1008.88
5030,452.61,28.74,28.45,42.52,1008.88
5031,452.70,28.73,28.45,42.51,1008.88
5032,452.79,28.73,28.45,42.51,1008.88
5033,452.88,28.73,28.45,42.51,1008.88
5034,452.97,28.73,28.45,42.53,1008.88
5035,453.06,28.73,28.44,42.51,1008.87
5036,453.15,28.73,28.43,42.50,1008.87
5037,453.24,28.73,28.42,42.51,1008.88
5038,453.33,28.73,28.42,42.50,1008.88
5039,453.42,28.73,28.41,42.51,1008.88
5040,453.51,28.73,28.41,42.51,1008.88
5041,453.60,28.73,28.40,42.51,1008.88
5042,453.69,28.73,28.40,42.51,1008.88
5043,453.78,28.73,28.41,42.51,1008.88
5044,453.87,28.73,28.41,42.52,1008.87
5045,453.96,28.73,28.42,42.53,1008.87
5046,454.05,28.72,28.43,42.52,1008.87
5047,454.14,28.73,28.44,42.50,1008.87
5048,454.23,28.73,28.45,42.50,1008.87
5049,454.32,28.72,28.46,42.51,1008.87
5050,454.41,28.72,28.46,42.51,1008.87
5051,454.50,28.71,28.46,42.51,1008.87
5052,454.59,28.72,28.46,42.52,1008.87
5053,454.68,28.72,28.46,42.51,1008.88
5054,454.77,28.71,28.47,42.50,1008.87
5055,454.86,28.71,28.47,42.52,1008.87
5056,454.95,28.71,28.48,42.52,1008.87
5057,455.04,28.71,28.47,42.53,1008.88
5058,455.13,28.71,28.47,42.53,1008.88
5059,455.22,28.70,28.47,42.53,1008.88
5060,455.31,28.71,28.47,42.53,1008.88
5061,455.40,28.71,28.46,42.53,1008.88
5062,455.49,28.71,28.46,42.51,1008.88
5063,455.58,28.71,28.45,42.52,1008.88
5064,455.67,28.71,28.45,42.52,1008.88
5065,455.76,28.71,28.44,42.51,1008.88
5066,455.85,28.70,28.45,42.52,1008.88
5067,455.94,28.70,28.45,42.51,1008.89
5068,456.03,28.70,28.45,42.51,1008.89
5069,456.12,28.70,28.44,42.51,1008.88
5070,456.21,28.70,28.44,42.52,1008.89
5071,456.30,28.70,28.44,42.51,1008.88
5072,456.39,28.70,28.44,42.51,1008.88
5073,456.48,28.70,28.45,42.53,1008.88
5074,456.57,28.70,28.45,42.52,1008.88
5075,456.66,28.70,28.45,42.54,1008.88
5076,456.75,28.70,28.46,42.55,1008.88
5077,456.84,28.70,28.45,42.55,1008.88
5078,456.93,28.70,28.45,42.56,1008.88
5079,457.02,28.70,28.45,42.56,1008.88
5080,457.11,28.69,28.45,42.54,1008.88
5081,457.20,28.69,28.45,42.53,1008.87
5082,457.29,28.69,28.45,42.53,1008.87
5083,457.38,28.68,28.45,42.54,1008.87
5084,457.47,28.68,28.45,42.53,1008.87
5085,457.56,28.69,28.45,42.54,1008.87
5086,457.65,28.69,28.45,42.51,1008.87
5087,457.74,28.69,28.46,42.50,1008.87
5088,457.83,28.69,28.45,42.50,1008.87
5089,457.92,28.69,28.45,42.50,1008.87
5090,458.01,28.69,28.45,42.50,1008.88
5091,458.10,28.68,28.46,42.51,1008.88
5092,458.19,28.68,28.45,42.51,1008.87
5093,458.28,28.68,28.45,42.49,1008.87
5094,458.37,28.68,28.45,42.49,1008.87
5095,458.46,28.68,28.45,42.49,1008.87
5096,458.55,28.68,28.44,42.48,1008.87
5097,458.64,28.68,28.44,42.47,1008.87
5098,458.73,28.68,28.44,42.45,1008.87
5099,458.82,28.68,28.44,42.44,1008.87
5100,458.91,28.68,28.44,42.44,1008.88
5101,459.00,28.68,28.44,42.44,1008.88
5102,459.09,28.67,28.44,42.45,1008.88
5103,459.18,28.67,28.44,42.45,1008.88
5104,459.27,28.67,28.43,42.45,1008.88
5105,459.36,28.67,28.42,42.44,1008.88
5106,459.45,28.66,28.43,42.46,1008.88
5107,459.54,28.66,28.43,42.46,1008.88
5108,459.63,28.66,28.42,42.47,1008.88
5109,459.72,28.66,28.42,42.46,1008.88
5110,459.81,28.66,28.42,42.45,1008.88
5111,459.90,28.66,28.42,42.46,1008.88
5112,459.99,28.66,28.41,42.47,1008.88
5113,460.08,28.67,28.41,42.47,1008.88
5114,460.17,28.66,28.40,42.50,1008.88
5115,460.26,28.66,28.40,42.49,1008.88
5116,460.35,28.66,28.40,42.49,1008.88
5117,460.44,28.67,28.40,42.49,1008.88
5118,460.53,28.66,28.40,42.47,1008.88
5119,460.62,28.66,28.40,42.48,1008.88
5120,460.71,28.66,28.40,42.49,1008.88
5121,460.80,28.66,28.40,42.49,1008.88
5122,460.89,28.66,28.40,42.50,1008.88
5123,460.98,28.66,28.40,42.49,1008.88
5124,461.07,28.67,28.40,42.48,1008.88
5125,461.16,28.66,28.40,42.48,1008.88
5126,461.25,28.67,28.40,42.48,1008.88
5127,461.34,28.66,28.40,42.47,1008.88
5128,461.43,28.66,28.39,42.48,1008.88
5129,461.52,28.66,28.38,42.47,1008.88
5130,461.61,28.66,28.37,42.48,1008.88
5131,461.70,28.66,28.38,42.47,1008.88
5132,461.79,28.66,28.38,42.48,1008.88
5133,461.88,28.66,28.39,42.48,1008.87
5134,461.97,28.67,28.39,42.49,1008.87
5135,462.06,28.67,28.39,42.50,1008.87
5136,462.15,28.68,28.39,42.49,1008.87
5137,462.24,28.69,28.39,42.49,1008.87
5138,462.33,28.69,28.39,42.49,1008.87
5139,462.42,28.68,28.39,42.50,1008.87
5140,462.51,28.69,28.40,42.50,1008.87
5141,462.60,28.68,28.40,42.51,1008.88
5142,462.69,28.68,28.40,42.50,1008.88
5143,462.78,28.68,28.40,42.51,1008.88
5144,462.87,28.68,28.39,42.50,1008.88
5145,462.96,28.68,28.40,42.51,1008.88
5146,463.05,28.68,28.40,42.51,1008.88
5147,463.14,28.68,28.40,42.52,1008.88
5148,463.23,28.69,28.40,42.52,1008.88
5149,463.32,28.68,28.40,42.54,1008.88
5150,463.41,28.68,28.39,42.52,1008.88
5151,463.50,28.68,28.40,42.53,1008.88
5152,463.59,28.68,28.39,42.53,1008.88
5153,463.68,28.69,28.39,42.53,1008.88
5154,463.77,28.69,28.40,42.53,1008.88
5155,463.86,28.68,28.40,42.53,1008.88
5156,463.95,28.69,28.39,42.53,1008.88
5157,464.04,28.69,28.39,42.52,1008.88
5158,464.13,28.69,28.39,42.51,1008.88
5159,464.22,28.68,28.39,42.52,1008.88
5160,464.31,28.68,28.39,42.52,1008.88
5161,464.40,28.67,28.39,42.50,1008.88
5162,464.49,28.67,28.39,42.50,1008.88
5163,464.58,28.67,28.38,42.49,1008.88
5164,464.67,28.67,28.39,42.49,1008.88
5165,464.76,28.67,28.39,42.50,1008.88
5166,464.85,28.67,28.39,42.50,1008.88
5167,464.94,28.66,28.38,42.51,1008.88
5168,465.03,28.67,28.39,42.51,1008.88
5169,465.12,28.67,28.38,42.51,1008.88
5170,465.21,28.67,28.38,42.52,1008.88
5171,465.30,28.66,28.38,42.51,1008.88
5172,465.39,28.67,28.39,42.53,1008.88
5173,465.48,28.67,28.39,42.53,1008.87
5174,465.57,28.67,28.39,42.53,1008.87
5175,465.66,28.68,28.40,42.52,1008.87
5176,465.75,28.67,28.40,42.52,1008.87
5177,465.84,28.67,28.40,42.50,1008.87
5178,465.93,28.67,28.39,42.49,1008.87
5179,466.02,28.67,28.39,42.49,1008.87
5180,466.11,28.67,28.40,42.49,1008.87
5181,466.20,28.67,28.40,42.48,1008.87
5182,466.29,28.67,28.40,42.47,1008.87
5183,466.38,28.66,28.40,42.46,1008.87
5184,466.47,28.66,28.40,42.46,1008.87
5185,466.56,28.66,28.40,42.47,1008.86
5186,466.65,28.66,28.40,42.48,1008.87
5187,466.74,28.66,28.40,42.48,1008.87
5188,466.83,28.66,28.40,42.46,1008.87
5189,466.92,28.66,28.41,42.46,1008.87
5190,467.01,28.66,28.41,42.46,1008.86
5191,467.10,28.66,28.41,42.46,1008.86
5192,467.19,28.66,28.41,42.44,1008.86
5193,467.28,28.65,28.41,42.45,1008.86
5194,467.37,28.65,28.41,42.45,1008.86
5195,467.46,28.65,28.41,42.45,1008.87
5196,467.55,28.65,28.41,42.46,1008.87
5197,467.64,28.65,28.41,42.45,1008.87
5198,467.73,28.65,28.41,42.45,1008.87
5199,467.82,28.64,28.41,42.45,1008.87
5200,467.91,28.64,28.41,42.46,1008.87
5201,468.00,28.64,28.40,42.46,1008.87
5202,468.09,28.64,28.41,42.46,1008.87
5203,468.18,28.64,28.41,42.47,1008.87
5204,468.27,28.64,28.40,42.48,1008.87
5205,468.36,28.64,28.39,42.47,1008.87
5206,468.45,28.64,28.40,42.48,1008.87
5207,468.54,28.65,28.39,42.50,1008.87
5208,468.63,28.65,28.40,42.49,1008.87
5209,468.72,28.64,28.40,42.48,1008.86
5210,468.81,28.64,28.40,42.49,1008.87
5211,468.90,28.63,28.40,42.48,1008.87
5212,468.99,28.64,28.40,42.47,1008.87
5213,469.08,28.64,28.40,42.48,1008.87
5214,469.17,28.64,28.39,42.49,1008.87
5215,469.26,28.64,28.39,42.50,1008.87
5216,469.35,28.64,28.38,42.50,1008.87
5217,469.44,28.64,28.38,42.51,1008.86
5218,469.53,28.63,28.38,42.51,1008.87
5219,469.62,28.63,28.39,42.51,1008.87
5220,469.71,28.63,28.39,42.51,1008.87
5221,469.80,28.63,28.39,42.50,1008.87
5222,469.89,28.62,28.39,42.52,1008.87
5223,469.98,28.62,28.39,42.52,1008.87
5224,470.07,28.62,28.39,42.53,1008.87
5225,470.16,28.62,28.39,42.53,1008.87
5226,470.25,28.62,28.38,42.53,1008.87
5227,470.34,28.62,28.38,42.52,1008.87
5228,470.43,28.62,28.37,42.50,1008.87
5229,470.52,28.63,28.38,42.51,1008.87
5230,470.61,28.62,28.38,42.51,1008.87
5231,470.70,28.62,28.39,42.52,1008.87
5232,470.79,28.63,28.39,42.54,1008.87
5233,470.88,28.63,28.38,42.54,1008.87
5234,470.97,28.63,28.38,42.54,1008.87
5235,471.06,28.63,28.38,42.54,1008.87
5236,471.15,28.62,28.39,42.53,1008.88
5237,471.24,28.63,28.39,42.53,1008.87
5238,471.33,28.62,28.39,42.53,1008.87
5239,471.42,28.62,28.39,42.54,1008.87
5240,471.51,28.62,28.39,42.53,1008.87
5241,471.60,28.62,28.39,42.52,1008.87
5242,471.69,28.61,28.38,42.53,1008.87
5243,471.78,28.61,28.38,42.53,1008.87
5244,471.87,28.61,28.38,42.54,1008.87
5245,471.96,28.60,28.38,42.55,1008.87
5246,472.05,28.60,28.38,42.55,1008.87
5247,472.14,28.60,28.37,42.53,1008.88
5248,472.23,28.60,28.38,42.54,1008.87
5249,472.32,28.59,28.38,42.55,1008.87
5250,472.41,28.59,28.38,42.54,1008.87
5251,472.50,28.59,28.38,42.54,1008.87
5252,472.59,28.58,28.38,42.55,1008.87
5253,472.68,28.58,28.37,42.55,1008.87
5254,472.77,28.58,28.37,42.53,1008.87
5255,472.86,28.58,28.37,42.54,1008.87
5256,472.95,28.58,28.37,42.55,1008.87
5257,473.04,28.58,28.36,42.53,1008.87
5258,473.13,28.58,28.36,42.51,1008.87
5259,473.22,28.58,28.36,42.51,1008.87
5260,473.31,28.57,28.36,42.51,1008.87
5261,473.40,28.57,28.36,42.51,1008.87
5262,473.49,28.58,28.36,42.52,1008.87
5263,473.58,28.58,28.37,42.53,1008.87
5264,473.67,28.58,28.37,42.53,1008.87
5265,473.76,28.58,28.36,42.54,1008.87
5266,473.85,28.58,28.37,42.55,1008.87
5267,473.94,28.58,28.36,42.55,1008.87
5268,474.03,28.59,28.36,42.54,1008.87
5269,474.12,28.59,28.36,42.55,1008.87
5270,474.21,28.59,28.37,42.54,1008.87
5271,474.30,28.60,28.36,42.54,1008.87
5272,474.39,28.59,28.36,42.53,1008.87
5273,474.48,28.59,28.36,42.53,1008.87
5274,474.57,28.60,28.37,42.52,1008.87
5275,474.66,28.60,28.37,42.51,1008.86
5276,474.75,28.60,28.36,42.52,1008.86
5277,474.84,28.60,28.37,42.51,1008.86
5278,474.93,28.60,28.36,42.51,1008.86
5279,475.02,28.60,28.36,42.50,1008.85
5280,475.11,28.61,28.36,42.49,1008.85
5281,475.20,28.60,28.37,42.49,1008.85
5282,475.29,28.60,28.37,42.50,1008.85
5283,475.38,28.60,28.37,42.49,1008.85
5284,475.47,28.61,28.36,42.51,1008.85
5285,475.56,28.60,28.37,42.50,1008.85
5286,475.65,28.61,28.37,42.49,1008.86
5287,475.74,28.61,28.36,42.49,1008.86
5288,475.83,28.60,28.36,42.50,1008.86
5289,475.92,28.60,28.36,42.49,1008.86
5290,476.01,28.60,28.36,42.50,1008.87
5291,476.10,28.59,28.37,42.50,1008.87
5292,476.19,28.59,28.36,42.49,1008.87
5293,476.28,28.60,28.36,42.50,1008.88
5294,476.37,28.60,28.35,42.48,1008.88
5295,476.46,28.59,28.34,42.48,1008.88
5296,476.55,28.60,28.34,42.48,1008.88
5297,476.64,28.60,28.33,42.48,1008.88
5298,476.73,28.60,28.31,42.47,1008.88
5299,476.82,28.59,28.32,42.48,1008.88
5300,476.91,28.60,28.31,42.47,1008.88
5301,477.00,28.59,28.31,42.48,1008.88
5302,477.09,28.60,28.31,42.49,1008.88
5303,477.18,28.60,28.31,42.48,1008.88
5304,477.27,28.60,28.31,42.48,1008.88
5305,477.36,28.60,28.32,42.48,1008.88
5306,477.45,28.61,28.34,42.48,1008.88
5307,477.54,28.61,28.34,42.49,1008.87
5308,477.63,28.61,28.34,42.48,1008.88
5309,477.72,28.60,28.35,42.49,1008.88
5310,477.81,28.60,28.36,42.49,1008.88
5311,477.90,28.61,28.36,42.50,1008.88
5312,477.99,28.60,28.37,42.51,1008.88
5313,478.08,28.61,28.37,42.52,1008.88
5314,478.17,28.61,28.37,42.52,1008.88
5315,478.26,28.61,28.37,42.53,1008.88
5316,478.35,28.61,28.38,42.53,1008.88
5317,478.44,28.61,28.38,42.53,1008.88
5318,478.53,28.61,28.37,42.52,1008.88
5319,478.62,28.61,28.37,42.53,1008.88
5320,478.71,28.61,28.37,42.53,1008.88
5321,478.80,28.61,28.38,42.54,1008.88
5322,478.89,28.62,28.38,42.55,1008.88
5323,478.98,28.62,28.38,42.54,1008.88
5324,479.07,28.61,28.38,42.54,1008.89
5325,479.16,28.61,28.37,42.54,1008.88
5326,479.25,28.61,28.38,42.53,1008.88
5327,479.34,28.61,28.38,42.53,1008.88
5328,479.43,28.62,28.38,42.52,1008.88
5329,479.52,28.62,28.38,42.52,1008.88
5330,479.61,28.61,28.37,42.53,1008.88
5331,479.70,28.62,28.37,42.53,1008.88
5332,479.79,28.62,28.36,42.54,1008.88
5333,479.88,28.61,28.37,42.54,1008.88
5334,479.97,28.61,28.37,42.54,1008.88
5335,480.06,28.61,28.36,42.52,1008.88
5336,480.15,28.61,28.36,42.54,1008.88
5337,480.24,28.61,28.35,42.54,1008.88
5338,480.33,28.60,28.35,42.54,1008.88
5339,480.42,28.60,28.35,42.54,1008.88
5340,480.51,28.60,28.35,42.52,1008.88
5341,480.60,28.60,28.35,42.52,1008.88
5342,480.69,28.61,28.35,42.52,1008.88
5343,480.78,28.61,28.35,42.52,1008.88
5344,480.87,28.61,28.34,42.52,1008.88
5345,480.96,28.60,28.34,42.52,1008.88
5346,481.05,28.60,28.34,42.51,1008.88
5347,481.14,28.61,28.34,42.51,1008.88
5348,481.23,28.60,28.34,42.52,1008.88
5349,481.32,28.61,28.34,42.53,1008.88
5350,481.41,28.61,28.34,42.52,1008.88
5351,481.50,28.60,28.34,42.50,1008.88
5352,481.59,28.60,28.34,42.50,1008.88
5353,481.68,28.60,28.34,42.47,1008.88
5354,481.77,28.59,28.33,42.46,1008.88
5355,481.86,28.59,28.34,42.48,1008.88
5356,481.95,28.59,28.34,42.50,1008.88
5357,482.04,28.59,28.34,42.50,1008.87
5358,482.13,28.59,28.34,42.48,1008.87
5359,482.22,28.59,28.34,42.49,1008.87
5360,482.31,28.59,28.33,42.49,1008.87
5361,482.40,28.59,28.34,42.47,1008.87
5362,482.49,28.59,28.34,42.49,1008.87
5363,482.58,28.58,28.33,42.49,1008.87
5364,482.67,28.58,28.34,42.49,1008.87
5365,482.76,28.58,28.34,42.50,1008.87
5366,482.85,28.58,28.34,42.50,1008.87
5367,482.94,28.58,28.34,42.50,1008.87
5368,483.03,28.58,28.34,42.50,1008.87
5369,483.12,28.57,28.34,42.50,1008.87
5370,483.21,28.57,28.34,42.50,1008.88
5371,483.30,28.58,28.33,42.49,1008.88
5372,483.39,28.57,28.34,42.49,1008.88
5373,483.48,28.57,28.34,42.50,1008.88
5374,483.57,28.57,28.34,42.49,1008.88
5375,483.66,28.58,28.34,42.50,1008.88
5376,483.75,28.57,28.33,42.52,1008.88
5377,483.84,28.56,28.33,42.53,1008.88
5378,483.93,28.57,28.34,42.52,1008.88
5379,484.02,28.57,28.34,42.50,1008.88
5380,484.11,28.57,28.34,42.50,1008.88
5381,484.20,28.57,28.34,42.50,1008.89
5382,484.29,28.57,28.33,42.49,1008.89
5383,484.38,28.57,28.34,42.50,1008.89
5384,484.47,28.57,28.33,42.51,1008.89
5385,484.56,28.57,28.33,42.53,1008.89
5386,484.65,28.57,28.34,42.53,1008.89
5387,484.74,28.56,28.34,42.52,1008.88
5388,484.83,28.56,28.35,42.53,1008.88
5389,484.92,28.56,28.34,42.55,1008.88
5390,485.01,28.55,28.34,42.55,1008.88
5391,485.10,28.55,28.34,42.55,1008.88
5392,485.19,28.55,28.34,42.54,1008.88
5393,485.28,28.56,28.33,42.54,1008.88
5394,485.37,28.56,28.33,42.54,1008.88
5395,485.46,28.56,28.33,42.53,1008.88
5396,485.55,28.57,28.33,42.52,1008.88
5397,485.64,28.57,28.32,42.53,1008.88
5398,485.73,28.57,28.33,42.51,1008.88
5399,485.82,28.57,28.33,42.52,1008.88
5400,485.91,28.57,28.33,42.52,1008.88
5401,486.00,28.56,28.33,42.53,1008.88
5402,486.09,28.56,28.33,42.53,1008.88
5403,486.18,28.57,28.34,42.52,1008.88
5404,486.27,28.56,28.34,42.52,1008.88
5405,486.36,28.56,28.34,42.51,1008.88
5406,486.45,28.56,28.33,42.50,1008.88
5407,486.54,28.56,28.33,42.50,1008.88
5408,486.63,28.56,28.33,42.51,1008.88
5409,486.72,28.56,28.34,42.52,1008.88
5410,486.81,28.55,28.34,42.51,1008.88
5411,486.90,28.56,28.34,42.49,1008.88
5412,486.99,28.56,28.34,42.50,1008.88
5413,487.08,28.56,28.34,42.52,1008.88
5414,487.17,28.56,28.34,42.52,1008.88
5415,487.26,28.56,28.33,42.53,1008.88
5416,487.35,28.56,28.33,42.54,1008.88
5417,487.44,28.56,28.33,42.52,1008.88
5418,487.53,28.57,28.33,42.52,1008.88
5419,487.62,28.57,28.33,42.53,1008.88
5420,487.71,28.57,28.33,42.52,1008.88
5421,487.80,28.56,28.34,42.52,1008.88
5422,487.89,28.63,28.33,42.52,1008.88
5423,487.98,28.56,28.33,42.52,1008.88
5424,488.07,28.55,28.33,42.52,1008.87
5425,488.16,28.56,28.32,42.51,1008.87
5426,488.25,28.56,28.32,42.51,1008.87
5427,488.34,28.55,28.32,42.52,1008.87
5428,488.43,28.56,28.33,42.52,1008.86
5429,488.52,28.55,28.33,42.53,1008.86
5430,488.61,28.56,28.33,42.52,1008.86
5431,488.70,28.56,28.33,42.53,1008.86
5432,488.79,28.57,28.34,42.53,1008.86
5433,488.88,28.57,28.34,42.52,1008.86
5434,488.97,28.57,28.34,42.53,1008.86
5435,489.06,28.56,28.33,42.53,1008.86
5436,489.15,28.57,28.32,42.53,1008.86
5437,489.24,28.57,28.32,42.52,1008.86
5438,489.33,28.57,28.32,42.52,1008.85
5439,489.42,28.56,28.32,42.51,1008.86
5440,489.51,28.56,28.32,42.52,1008.86
5441,489.60,28.56,28.31,42.52,1008.85
5442,489.69,28.56,28.31,42.53,1008.85
5443,489.78,28.56,28.31,42.52,1008.86
5444,489.87,28.57,28.32,42.53,1008.86
5445,489.96,28.57,28.31,42.51,1008.85
5446,490.05,28.57,28.31,42.50,1008.85
5447,490.14,28.56,28.32,42.50,1008.86
5448,490.23,28.57,28.31,42.51,1008.86
5449,490.32,28.57,28.31,42.51,1008.86
5450,490.41,28.57,28.32,42.50,1008.86
5451,490.50,28.57,28.32,42.50,1008.86
5452,490.59,28.57,28.32,42.51,1008.86
5453,490.68,28.57,28.32,42.52,1008.86
5454,490.77,28.57,28.32,42.53,1008.86
5455,490.86,28.57,28.32,42.52,1008.86
5456,490.95,28.57,28.32,42.51,1008.86
5457,491.04,28.58,28.32,42.52,1008.86
5458,491.13,28.57,28.32,42.52,1008.86
5459,491.22,28.57,28.32,42.53,1008.86
5460,491.31,28.56,28.32,42.53,1008.86
5461,491.40,28.56,28.32,42.52,1008.86
5462,491.49,28.56,28.32,42.54,1008.86
5463,491.58,28.57,28.31,42.56,1008.86
5464,491.67,28.56,28.31,42.56,1008.86
5465,491.76,28.57,28.30,42.55,1008.86
5466,491.85,28.57,28.30,42.55,1008.87
5467,491.94,28.57,28.31,42.55,1008.87
5468,492.03,28.57,28.31,42.54,1008.87
5469,492.12,28.57,28.31,42.56,1008.87
5470,492.21,28.57,28.30,42.55,1008.87
5471,492.30,28.56,28.31,42.54,1008.87
5472,492.39,28.56,28.31,42.53,1008.87
5473,492.48,28.55,28.31,42.53,1008.87
5474,492.57,28.55,28.32,42.53,1008.87
5475,492.66,28.54,28.32,42.52,1008.87
5476,492.75,28.55,28.32,42.51,1008.87
5477,492.84,28.55,28.31,42.50,1008.87
5478,492.93,28.54,28.32,42.52,1008.87
5479,493.02,28.54,28.33,42.51,1008.87
5480,493.11,28.54,28.32,42.52,1008.87
5481,493.20,28.54,28.32,42.51,1008.87
5482,493.29,28.54,28.32,42.50,1008.88
5483,493.38,28.54,28.32,42.50,1008.87
5484,493.47,28.54,28.32,42.50,1008.87
5485,493.56,28.54,28.31,42.49,1008.87
5486,493.65,28.54,28.31,42.50,1008.87
5487,493.74,28.54,28.31,42.52,1008.87
5488,493.83,28.54,28.31,42.52,1008.87
5489,493.92,28.53,28.31,42.53,1008.87
5490,494.01,28.53,28.31,42.52,1008.87
5491,494.10,28.53,28.31,42.52,1008.87
5492,494.19,28.54,28.31,42.51,1008.87
5493,494.28,28.53,28.31,42.50,1008.87
5494,494.37,28.53,28.30,42.49,1008.87
5495,494.46,28.53,28.30,42.50,1008.86
5496,494.55,28.53,28.29,42.49,1008.87
5497,494.64,28.53,28.30,42.49,1008.86
5498,494.73,28.53,28.29,42.47,1008.86
5499,494.82,28.53,28.29,42.47,1008.86
5500,494.91,28.52,28.29,42.47,1008.87
5501,495.00,28.52,28.29,42.46,1008.87
5502,495.09,28.52,28.29,42.44,1008.87
5503,495.18,28.53,28.28,42.44,1008.86
5504,495.27,28.53,28.28,42.43,1008.86
5505,495.36,28.53,28.28,42.42,1008.86
5506,495.45,28.53,28.29,42.44,1008.86
5507,495.54,28.53,28.29,42.44,1008.86
5508,495.63,28.53,28.29,42.44,1008.86
5509,495.72,28.53,28.29,42.44,1008.86
5510,495.81,28.53,28.29,42.45,1008.86
5511,495.90,28.53,28.29,42.44,1008.86
5512,495.99,28.53,28.29,42.44,1008.87
5513,496.08,28.53,28.29,42.44,1008.87
5514,496.17,28.52,28.29,42.45,1008.86
5515,496.26,28.53,28.29,42.45,1008.86
5516,496.35,28.53,28.29,42.45,1008.87
5517,496.44,28.53,28.29,42.46,1008.86
5518,496.53,28.53,28.29,42.47,1008.87
5519,496.62,28.53,28.29,42.50,1008.87
5520,496.71,28.53,28.29,42.50,1008.87
5521,496.80,28.53,28.29,42.52,1008.87
5522,496.89,28.52,28.29,42.55,1008.87
5523,496.98,28.52,28.29,42.56,1008.87
5524,497.07,28.52,28.30,42.55,1008.87
5525,497.16,28.52,28.30,42.55,1008.87
5526,497.25,28.53,28.29,42.53,1008.87
5527,497.34,28.52,28.28,42.54,1008.87
5528,497.43,28.52,28.28,42.53,1008.87
5529,497.52,28.52,28.27,42.53,1008.87
5530,497.61,28.52,28.26,42.54,1008.87
5531,497.70,28.52,28.26,42.53,1008.87
5532,497.79,28.52,28.26,42.53,1008.87
5533,497.88,28.52,28.27,42.53,1008.87
5534,497.97,28.52,28.27,42.50,1008.87
5535,498.06,28.52,28.27,42.50,1008.87
5536,498.15,28.52,28.27,42.50,1008.87
5537,498.24,28.53,28.27,42.50,1008.87
5538,498.33,28.52,28.27,42.50,1008.87
5539,498.42,28.52,28.27,42.51,1008.87
5540,498.51,28.52,28.27,42.53,1008.87
5541,498.60,28.52,28.27,42.53,1008.87
5542,498.69,28.51,28.27,42.53,1008.87
5543,498.78,28.51,28.27,42.55,1008.86
5544,498.87,28.51,28.27,42.55,1008.87
5545,498.96,28.50,28.27,42.56,1008.87
5546,499.05,28.50,28.28,42.57,1008.87
5547,499.14,28.50,28.28,42.56,1008.87
5548,499.23,28.50,28.29,42.57,1008.87
5549,499.32,28.50,28.29,42.56,1008.87
5550,499.41,28.50,28.29,42.55,1008.87
5551,499.50,28.50,28.28,42.55,1008.87
5552,499.59,28.51,28.28,42.54,1008.87
5553,499.68,28.51,28.29,42.54,1008.87
5554,499.77,28.51,28.29,42.53,1008.87
5555,499.86,28.51,28.29,42.51,1008.87
5556,499.95,28.51,28.28,42.52,1008.87
5557,500.04,28.51,28.28,42.51,1008.87
5558,500.13,28.51,28.28,42.51,1008.87
5559,500.22,28.51,28.28,42.52,1008.88
5560,500.31,28.51,28.28,42.53,1008.88
5561,500.40,28.51,28.29,42.52,1008.88
5562,500.49,28.51,28.29,42.51,1008.88
5563,500.58,28.52,28.29,42.52,1008.88
5564,500.67,28.52,28.29,42.51,1008.88
5565,500.76,28.51,28.28,42.52,1008.88
5566,500.85,28.51,28.28,42.53,1008.88
5567,500.94,28.50,28.27,42.53,1008.88
5568,501.03,28.50,28.28,42.54,1008.88
5569,501.12,28.51,28.28,42.53,1008.88
5570,501.21,28.51,28.28,42.52,1008.88
5571,501.30,28.51,28.27,42.52,1008.89
5572,501.39,28.51,28.28,42.53,1008.89
5573,501.48,28.50,28.28,42.53,1008.89
5574,501.57,28.51,28.28,42.54,1008.89
5575,501.66,28.50,28.28,42.55,1008.89
5576,501.75,28.50,28.27,42.55,1008.89
5577,501.84,28.50,28.27,42.55,1008.89
5578,501.93,28.50,28.26,42.54,1008.89
5579,502.02,28.50,28.27,42.54,1008.89
5580,502.11,28.50,28.27,42.54,1008.89
5581,502.20,28.50,28.27,42.54,1008.89
5582,502.29,28.50,28.27,42.52,1008.89
5583,502.38,28.50,28.27,42.51,1008.88
5584,502.47,28.50,28.27,42.51,1008.88
5585,502.56,28.51,28.27,42.51,1008.89
5586,502.65,28.50,28.27,42.53,1008.88
5587,502.74,28.50,28.27,42.53,1008.88
5588,502.83,28.50,28.28,42.53,1008.88
5589,502.92,28.50,28.28,42.52,1008.88
5590,503.01,28.51,28.28,42.52,1008.88
5591,503.10,28.51,28.28,42.52,1008.88
5592,503.19,28.51,28.28,42.51,1008.88
5593,503.28,28.51,28.29,42.50,1008.88
5594,503.37,28.51,28.29,42.50,1008.88
5595,503.46,28.51,28.29,42.51,1008.88
5596,503.55,28.51,28.29,42.51,1008.88
5597,503.64,28.52,28.28,42.50,1008.88
5598,503.73,28.52,28.28,42.51,1008.88
5599,503.82,28.52,28.28,42.49,1008.88
5600,503.91,28.52,28.28,42.50,1008.88
5601,504.00,28.53,28.27,42.50,1008.88
5602,504.09,28.53,28.27,42.51,1008.88
5603,504.18,28.52,28.27,42.52,1008.88
5604,504.27,28.52,28.27,42.52,1008.88
5605,504.36,28.52,28.27,42.51,1008.88
5606,504.45,28.51,28.27,42.51,1008.88
5607,504.54,28.51,28.26,42.50,1008.88
5608,504.63,28.52,28.26,42.50,1008.88
5609,504.72,28.51,28.26,42.50,1008.88
5610,504.81,28.51,28.26,42.52,1008.88
5611,504.90,28.52,28.25,42.51,1008.88
5612,504.99,28.51,28.25,42.49,1008.88
5613,505.08,28.52,28.24,42.47,1008.88
5614,505.17,28.52,28.24,42.47,1008.88
5615,505.26,28.52,28.25,42.50,1008.88
5616,505.35,28.52,28.26,42.49,1008.88
5617,505.44,28.52,28.25,42.49,1008.88
5618,505.53,28.52,28.25,42.51,1008.88
5619,505.62,28.52,28.24,42.50,1008.88
5620,505.71,28.52,28.24,42.51,1008.88
5621,505.80,28.52,28.25,42.53,1008.88
5622,505.89,28.53,28.25,42.52,1008.88
5623,505.98,28.53,28.25,42.52,1008.88
5624,506.07,28.52,28.25,42.52,1008.88
5625,506.16,28.52,28.24,42.52,1008.88
5626,506.25,28.52,28.25,42.52,1008.88
5627,506.34,28.52,28.26,42.53,1008.88
5628,506.43,28.51,28.26,42.53,1008.88
5629,506.52,28.52,28.26,42.52,1008.88
5630,506.61,28.52,28.26,42.52,1008.88
5631,506.70,28.52,28.26,42.52,1008.88
5632,506.79,28.52,28.27,42.52,1008.88
5633,506.88,28.52,28.28,42.52,1008.88
5634,506.97,28.52,28.28,42.52,1008.88
5635,507.06,28.51,28.27,42.53,1008.88
5636,507.15,28.51,28.27,42.52,1008.88
5637,507.24,28.51,28.27,42.51,1008.88
5638,507.33,28.51,28.26,42.51,1008.88
5639,507.42,28.51,28.25,42.51,1008.88
5640,507.51,28.52,28.25,42.52,1008.88
5641,507.60,28.51,28.26,42.51,1008.88
5642,507.69,28.51,28.26,42.50,1008.88
5643,507.78,28.51,28.26,42.50,1008.88
5644,507.87,28.51,28.26,42.52,1008.88
5645,507.96,28.51,28.26,42.51,1008.88
5646,508.05,28.51,28.26,42.50,1008.88
5647,508.14,28.51,28.26,42.49,1008.88
5648,508.23,28.50,28.26,42.50,1008.88
5649,508.32,28.51,28.26,42.50,1008.88
5650,508.41,28.50,28.26,42.49,1008.88
5651,508.50,28.50,28.26,42.49,1008.88
5652,508.59,28.50,28.26,42.49,1008.88
5653,508.68,28.51,28.25,42.48,1008.88
5654,508.77,28.51,28.25,42.48,1008.88
5655,508.86,28.51,28.25,42.49,1008.88
5656,508.95,28.51,28.25,42.50,1008.88
5657,509.04,28.51,28.26,42.48,1008.88
5658,509.13,28.51,28.25,42.48,1008.88
5659,509.22,28.51,28.25,42.48,1008.88
5660,509.31,28.50,28.25,42.49,1008.88
5661,509.40,28.51,28.25,42.49,1008.88
5662,509.49,28.50,28.26,42.48,1008.89
5663,509.58,28.50,28.25,42.47,1008.88
5664,509.67,28.51,28.25,42.47,1008.88
5665,509.76,28.50,28.25,42.47,1008.88
5666,509.85,28.50,28.25,42.49,1008.88
5667,509.94,28.50,28.26,42.48,1008.88
5668,510.03,28.49,28.26,42.47,1008.88
5669,510.12,28.50,28.25,42.47,1008.88
5670,510.21,28.50,28.25,42.48,1008.88
5671,510.30,28.50,28.25,42.48,1008.88
5672,510.39,28.50,28.24,42.48,1008.88
5673,510.48,28.49,28.25,42.50,1008.88
5674,510.57,28.49,28.24,42.50,1008.88
5675,510.66,28.48,28.24,42.50,1008.88
5676,510.75,28.49,28.23,42.50,1008.88
5677,510.84,28.49,28.22,42.51,1008.88
5678,510.93,28.48,28.23,42.50,1008.88
5679,511.02,28.48,28.24,42.51,1008.88
5680,511.11,28.48,28.24,42.51,1008.88
5681,511.20,28.47,28.24,42.50,1008.88
5682,511.29,28.47,28.23,42.50,1008.88
5683,511.38,28.47,28.24,42.50,1008.88
5684,511.47,28.47,28.24,42.50,1008.88
5685,511.56,28.46,28.24,42.49,1008.87
5686,511.65,28.46,28.24,42.49,1008.87
5687,511.74,28.47,28.24,42.50,1008.87
5688,511.83,28.47,28.24,42.51,1008.87
5689,511.92,28.47,28.24,42.51,1008.87
5690,512.01,28.46,28.24,42.50,1008.87
5691,512.10,28.46,28.24,42.51,1008.87
5692,512.19,28.47,28.24,42.52,1008.87
5693,512.28,28.47,28.24,42.52,1008.87
5694,512.37,28.48,28.24,42.53,1008.86
5695,512.46,28.48,28.25,42.52,1008.86
5696,512.55,28.48,28.25,42.52,1008.86
5697,512.64,28.47,28.24,42.52,1008.86
5698,512.73,28.47,28.24,42.52,1008.86
5699,512.82,28.47,28.25,42.52,1008.86
5700,512.91,28.48,28.25,42.51,1008.86
5701,513.00,28.48,28.25,42.51,1008.86
5702,513.09,28.48,28.26,42.51,1008.86
5703,513.18,28.48,28.25,42.49,1008.86
5704,513.27,28.48,28.25,42.50,1008.85
5705,513.36,28.48,28.25,42.51,1008.85
5706,513.45,28.49,28.25,42.51,1008.85
5707,513.54,28.49,28.26,42.51,1008.85
5708,513.63,28.48,28.25,42.52,1008.85
5709,513.72,28.48,28.25,42.50,1008.85
5710,513.81,28.48,28.26,42.50,1008.85
5711,513.90,28.47,28.26,42.49,1008.85
5712,513.99,28.48,28.26,42.49,1008.85
5713,514.08,28.49,28.25,42.49,1008.85
5714,514.17,28.49,28.25,42.49,1008.85
5715,514.26,28.49,28.24,42.47,1008.85
5716,514.35,28.48,28.24,42.49,1008.85
5717,514.44,28.48,28.24,42.49,1008.85
5718,514.53,28.48,28.25,42.50,1008.85
5719,514.62,28.48,28.25,42.50,1008.85
5720,514.71,28.48,28.25,42.50,1008.85
5721,514.80,28.48,28.25,42.50,1008.85
5722,514.89,28.48,28.25,42.50,1008.85
5723,514.98,28.48,28.25,42.50,1008.86
5724,515.07,28.48,28.24,42.50,1008.86
5725,515.16,28.47,28.24,42.50,1008.86
5726,515.25,28.47,28.23,42.49,1008.86
5727,515.34,28.47,28.23,42.48,1008.86
5728,515.43,28.47,28.23,42.49,1008.86
5729,515.52,28.47,28.24,42.49,1008.86
5730,515.61,28.47,28.23,42.49,1008.86
5731,515.70,28.47,28.23,42.49,1008.86
5732,515.79,28.47,28.24,42.48,1008.87
5733,515.88,28.47,28.23,42.48,1008.87
5734,515.97,28.48,28.24,42.48,1008.87
5735,516.06,28.48,28.23,42.48,1008.87
5736,516.15,28.47,28.22,42.48,1008.87
5737,516.24,28.48,28.24,42.48,1008.88
5738,516.33,28.48,28.23,42.49,1008.88
5739,516.42,28.48,28.23,42.51,1008.88
5740,516.51,28.48,28.23,42.51,1008.88
5741,516.60,28.48,28.23,42.51,1008.88
5742,516.69,28.48,28.23,42.51,1008.88
5743,516.78,28.48,28.23,42.52,1008.88
5744,516.87,28.48,28.23,42.52,1008.88
5745,516.96,28.48,28.23,42.52,1008.88
5746,517.05,28.48,28.24,42.51,1008.88
5747,517.14,28.48,28.23,42.51,1008.88
5748,517.23,28.47,28.23,42.49,1008.88
5749,517.32,28.47,28.23,42.49,1008.88
5750,517.41,28.48,28.22,42.50,1008.88
5751,517.50,28.48,28.22,42.49,1008.88
5752,517.59,28.48,28.23,42.50,1008.88
5753,517.68,28.48,28.23,42.50,1008.87
5754,517.77,28.48,28.23,42.50,1008.87
5755,517.86,28.48,28.23,42.50,1008.87
5756,517.95,28.47,28.23,42.49,1008.87
5757,518.04,28.47,28.23,42.51,1008.87
5758,518.13,28.47,28.23,42.51,1008.87
5759,518.22,28.47,28.22,42.51,1008.87
5760,518.31,28.47,28.22,42.50,1008.87
5761,518.40,28.47,28.22,42.50,1008.87
5762,518.49,28.47,28.21,42.49,1008.87
5763,518.58,28.47,28.21,42.52,1008.87
5764,518.67,28.47,28.20,42.53,1008.87
5765,518.76,28.47,28.21,42.54,1008.87
5766,518.85,28.47,28.20,42.55,1008.87
5767,518.94,28.47,28.20,42.56,1008.86
5768,519.03,28.47,28.20,42.56,1008.87
5769,519.12,28.47,28.21,42.56,1008.87
5770,519.21,28.47,28.21,42.56,1008.87
5771,519.30,28.47,28.21,42.56,1008.87
5772,519.39,28.47,28.21,42.53,1008.87
5773,519.48,28.47,28.21,42.53,1008.87
5774,519.57,28.47,28.21,42.53,1008.87
5775,519.66,28.48,28.21,42.53,1008.87
5776,519.75,28.49,28.21,42.52,1008.87
5777,519.84,28.49,28.21,42.52,1008.87
5778,519.93,28.49,28.21,42.51,1008.87
5779,520.02,28.49,28.20,42.52,1008.87
5780,520.11,28.49,28.20,42.51,1008.87
5781,520.20,28.49,28.20,42.50,1008.87
5782,520.29,28.48,28.20,42.48,1008.87
5783,520.38,28.49,28.21,42.48,1008.87
5784,520.47,28.48,28.21,42.49,1008.87
5785,520.56,28.48,28.21,42.49,1008.87
5786,520.65,28.48,28.21,42.48,1008.88
5787,520.74,28.48,28.21,42.49,1008.87
5788,520.83,28.48,28.21,42.50,1008.87
5789,520.92,28.47,28.21,42.50,1008.87
5790,521.01,28.47,28.21,42.51,1008.87
5791,521.10,28.47,28.21,42.52,1008.87
5792,521.19,28.47,28.20,42.52,1008.87
5793,521.28,28.47,28.20,42.52,1008.87
5794,521.37,28.47,28.20,42.52,1008.87
5795,521.46,28.47,28.20,42.51,1008.87
5796,521.55,28.47,28.19,42.51,1008.87
5797,521.64,28.47,28.20,42.51,1008.87
5798,521.73,28.47,28.20,42.48,1008.87
5799,521.82,28.47,28.20,42.48,1008.87
5800,521.91,28.47,28.20,42.48,1008.87
5801,522.00,28.47,28.20,42.49,1008.87
5802,522.09,28.47,28.20,42.49,1008.87
5803,522.18,28.47,28.21,42.49,1008.87
5804,522.27,28.47,28.20,42.48,1008.87
5805,522.36,28.48,28.21,42.48,1008.87
5806,522.45,28.48,28.20,42.48,1008.87
5807,522.54,28.47,28.19,42.48,1008.88
5808,522.63,28.47,28.19,42.48,1008.87
5809,522.72,28.48,28.19,42.49,1008.88
5810,522.81,28.48,28.18,42.49,1008.88
5811,522.90,28.49,28.19,42.50,1008.88
5812,522.99,28.49,28.19,42.51,1008.88
5813,523.08,28.49,28.19,42.51,1008.88
5814,523.17,28.49,28.20,42.51,1008.88
5815,523.26,28.50,28.20,42.52,1008.88
5816,523.35,28.50,28.20,42.51,1008.88
5817,523.44,28.51,28.20,42.51,1008.88
5818,523.53,28.51,28.20,42.51,1008.88
5819,523.62,28.50,28.21,42.53,1008.88
5820,523.71,28.50,28.20,42.52,1008.88
5821,523.80,28.50,28.20,42.53,1008.88
5822,523.89,28.49,28.20,42.54,1008.88
5823,523.98,28.49,28.20,42.54,1008.89
5824,524.07,28.49,28.20,42.54,1008.89
5825,524.16,28.49,28.20,42.55,1008.89
5826,524.25,28.49,28.19,42.55,1008.89
5827,524.34,28.48,28.19,42.55,1008.89
5828,524.43,28.48,28.19,42.56,1008.89
5829,524.52,28.47,28.19,42.55,1008.89
5830,524.61,28.47,28.19,42.55,1008.89
5831,524.70,28.47,28.19,42.55,1008.89
5832,524.79,28.47,28.19,42.54,1008.89
5833,524.88,28.46,28.19,42.52,1008.89
5834,524.97,28.46,28.20,42.52,1008.89
5835,525.06,28.46,28.21,42.51,1008.89
5836,525.15,28.45,28.20,42.51,1008.89
5837,525.24,28.45,28.20,42.52,1008.89
5838,525.33,28.45,28.21,42.51,1008.89
5839,525.42,28.45,28.21,42.49,1008.89
5840,525.51,28.45,28.21,42.50,1008.89
5841,525.60,28.45,28.22,42.50,1008.89
5842,525.69,28.45,28.21,42.50,1008.89
5843,525.78,28.44,28.22,42.49,1008.89
5844,525.87,28.44,28.22,42.48,1008.88
5845,525.96,28.45,28.22,42.49,1008.88
5846,526.05,28.45,28.22,42.49,1008.88
5847,526.14,28.45,28.23,42.50,1008.88
5848,526.23,28.44,28.22,42.49,1008.88
5849,526.32,28.45,28.22,42.50,1008.88
5850,526.41,28.45,28.22,42.49,1008.87
5851,526.50,28.44,28.22,42.50,1008.87
5852,526.59,28.44,28.22,42.51,1008.87
5853,526.68,28.44,28.21,42.52,1008.87
5854,526.77,28.44,28.22,42.54,1008.87
5855,526.86,28.44,28.21,42.55,1008.87
5856,526.95,28.44,28.21,42.55,1008.87
5857,527.04,28.43,28.20,42.55,1008.87
5858,527.13,28.43,28.21,42.54,1008.87
5859,527.22,28.43,28.21,42.54,1008.87
5860,527.31,28.43,28.21,42.56,1008.87
5861,527.40,28.43,28.20,42.55,1008.87
5862,527.49,28.43,28.19,42.56,1008.87
5863,527.58,28.43,28.19,42.55,1008.87
5864,527.67,28.43,28.18,42.54,1008.87
5865,527.76,28.43,28.19,42.54,1008.87
5866,527.85,28.43,28.18,42.55,1008.87
5867,527.94,28.42,28.18,42.54,1008.87
5868,528.03,28.43,28.18,42.53,1008.87
5869,528.12,28.43,28.18,42.53,1008.88
5870,528.21,28.43,28.19,42.54,1008.88
5871,528.30,28.43,28.19,42.55,1008.88
5872,528.39,28.43,28.18,42.54,1008.88
5873,528.48,28.43,28.18,42.54,1008.88
5874,528.57,28.43,28.18,42.53,1008.88
5875,528.66,28.44,28.18,42.54,1008.88
5876,528.75,28.44,28.18,42.53,1008.88
5877,528.84,28.43,28.19,42.54,1008.88
5878,528.93,28.44,28.19,42.53,1008.88
5879,529.02,28.43,28.19,42.54,1008.88
5880,529.11,28.43,28.20,42.54,1008.88
5881,529.20,28.43,28.20,42.54,1008.88
5882,529.29,28.42,28.20,42.54,1008.88
5883,529.38,28.42,28.19,42.55,1008.88
5884,529.47,28.43,28.19,42.55,1008.88
5885,529.56,28.42,28.19,42.56,1008.88
5886,529.65,28.43,28.18,42.56,1008.88
5887,529.74,28.43,28.18,42.56,1008.88
5888,529.83,28.43,28.18,42.57,1008.87
5889,529.92,28.42,28.18,42.58,1008.87
5890,530.01,28.42,28.18,42.59,1008.87
5891,530.10,28.42,28.18,42.61,1008.88
5892,530.19,28.42,28.18,42.62,1008.87
5893,530.28,28.42,28.18,42.61,1008.88
5894,530.37,28.42,28.18,42.59,1008.87
5895,530.46,28.41,28.17,42.61,1008.87
5896,530.55,28.41,28.17,42.61,1008.87
5897,530.64,28.41,28.16,42.62,1008.87
5898,530.73,28.42,28.17,42.64,1008.87
5899,530.82,28.41,28.16,42.63,1008.86
5900,530.91,28.41,28.17,42.63,1008.86
5901,531.00,28.41,28.17,42.63,1008.86
5902,531.09,28.41,28.17,42.62,1008.86
5903,531.18,28.41,28.17,42.62,1008.86
5904,531.27,28.41,28.17,42.61,1008.86
5905,531.36,28.41,28.17,42.63,1008.86
5906,531.45,28.41,28.17,42.61,1008.86
5907,531.54,28.41,28.16,42.60,1008.86
5908,531.63,28.42,28.16,42.60,1008.86
5909,531.72,28.42,28.17,42.62,1008.86
5910,531.81,28.43,28.17,42.60,1008.86
5911,531.90,28.43,28.17,42.61,1008.86
5912,531.99,28.43,28.17,42.61,1008.86
5913,532.08,28.43,28.18,42.61,1008.86
5914,532.17,28.43,28.17,42.61,1008.86
5915,532.26,28.43,28.17,42.62,1008.87
5916,532.35,28.42,28.17,42.62,1008.87
5917,532.44,28.42,28.17,42.61,1008.87
5918,532.53,28.43,28.18,42.61,1008.87
5919,532.62,28.42,28.18,42.59,1008.87
5920,532.71,28.42,28.17,42.59,1008.87
5921,532.80,28.43,28.18,42.59,1008.87
5922,532.89,28.43,28.17,42.58,1008.87
5923,532.98,28.43,28.17,42.59,1008.87
5924,533.07,28.43,28.17,42.59,1008.87
5925,533.16,28.43,28.17,42.60,1008.88
5926,533.25,28.44,28.17,42.60,1008.88
5927,533.34,28.44,28.17,42.60,1008.88
5928,533.43,28.44,28.17,42.60,1008.88
5929,533.52,28.44,28.18,42.61,1008.88
5930,533.61,28.44,28.18,42.61,1008.88
5931,533.70,28.44,28.18,42.60,1008.88
5932,533.79,28.44,28.18,42.61,1008.88
5933,533.88,28.43,28.18,42.61,1008.88
5934,533.97,28.43,28.19,42.60,1008.88
5935,534.06,28.43,28.18,42.59,1008.88
5936,534.15,28.44,28.18,42.58,1008.87
5937,534.24,28.44,28.18,42.57,1008.88
5938,534.33,28.44,28.17,42.57,1008.88
5939,534.42,28.43,28.18,42.56,1008.87
5940,534.51,28.44,28.18,42.57,1008.87
5941,534.60,28.43,28.18,42.57,1008.87
5942,534.69,28.43,28.18,42.57,1008.87
5943,534.78,28.43,28.18,42.58,1008.87
5944,534.87,28.43,28.17,42.56,1008.86
5945,534.96,28.43,28.17,42.56,1008.86
5946,535.05,28.43,28.17,42.56,1008.86
5947,535.14,28.43,28.17,42.57,1008.86
5948,535.23,28.43,28.17,42.56,1008.86
5949,535.32,28.43,28.17,42.57,1008.86
5950,535.41,28.43,28.18,42.56,1008.86
5951,535.50,28.43,28.18,42.55,1008.86
5952,535.59,28.43,28.19,42.57,1008.85
5953,535.68,28.43,28.18,42.58,1008.86
5954,535.77,28.43,28.18,42.58,1008.86
5955,535.86,28.43,28.17,42.59,1008.86
5956,535.95,28.43,28.18,42.58,1008.85
5957,536.04,28.43,28.18,42.58,1008.85
5958,536.13,28.43,28.18,42.59,1008.86
5959,536.22,28.44,28.18,42.58,1008.86
5960,536.31,28.44,28.19,42.59,1008.85
5961,536.40,28.44,28.19,42.59,1008.85
5962,536.49,28.43,28.19,42.60,1008.85
5963,536.58,28.43,28.19,42.59,1008.85
5964,536.67,28.42,28.19,42.60,1008.85
5965,536.76,28.42,28.18,42.61,1008.85
5966,536.85,28.42,28.18,42.62,1008.85
5967,536.94,28.41,28.18,42.63,1008.85
5968,537.03,28.41,28.18,42.62,1008.85
5969,537.12,28.41,28.18,42.62,1008.86
5970,537.21,28.41,28.18,42.63,1008.86
5971,537.30,28.41,28.18,42.63,1008.86
5972,537.39,28.42,28.18,42.63,1008.86
5973,537.48,28.42,28.18,42.64,1008.86
5974,537.57,28.42,28.18,42.64,1008.86
5975,537.66,28.42,28.18,42.65,1008.86
5976,537.75,28.42,28.18,42.64,1008.86
5977,537.84,28.42,28.18,42.64,1008.86
5978,537.93,28.41,28.18,42.63,1008.86
5979,538.02,28.42,28.18,42.63,1008.86
5980,538.11,28.42,28.19,42.63,1008.87
5981,538.20,28.42,28.19,42.63,1008.87
5982,538.29,28.42,28.19,42.63,1008.87
5983,538.38,28.42,28.19,42.63,1008.87
5984,538.47,28.42,28.18,42.63,1008.87
5985,538.56,28.42,28.18,42.63,1008.87
5986,538.65,28.42,28.18,42.62,1008.86
5987,538.74,28.42,28.17,42.62,1008.86
5988,538.83,28.42,28.17,42.64,1008.87
5989,538.92,28.41,28.17,42.64,1008.87
5990,539.01,28.42,28.17,42.63,1008.87
5991,539.10,28.41,28.17,42.62,1008.87
5992,539.19,28.40,28.17,42.62,1008.87
5993,539.28,28.40,28.17,42.62,1008.87
5994,539.37,28.39,28.16,42.61,1008.87
5995,539.46,28.39,28.16,42.60,1008.87
5996,539.55,28.40,28.16,42.59,1008.87
5997,539.64,28.39,28.15,42.58,1008.87
5998,539.73,28.39,28.15,42.57,1008.87
5999,539.82,28.39,28.15,42.58,1008.87
6000,539.91,28.39,28.15,42.59,1008.87
6001,540.00,28.39,28.15,42.59,1008.85
6002,540.09,28.38,28.16,42.60,1008.87
6003,540.18,28.38,28.16,42.59,1008.87
6004,540.27,28.38,28.15,42.59,1008.88
6005,540.36,28.38,28.16,42.60,1008.88
6006,540.45,28.38,28.16,42.60,1008.88
6007,540.54,28.38,28.16,42.61,1008.88
6008,540.63,28.38,28.17,42.60,1008.88
6009,540.72,28.37,28.17,42.60,1008.88
6010,540.81,28.38,28.16,42.61,1008.88
6011,540.90,28.38,28.16,42.60,1008.88
6012,540.99,28.38,28.16,42.60,1008.88
6013,541.08,28.38,28.16,42.60,1008.88
6014,541.17,28.38,28.16,42.59,1008.88
6015,541.26,28.38,28.15,42.59,1008.88
6016,541.35,28.38,28.15,42.59,1008.89
6017,541.44,28.38,28.16,42.61,1008.89
6018,541.53,28.39,28.16,42.61,1008.89
6019,541.62,28.39,28.16,42.61,1008.89
6020,541.71,28.39,28.16,42.61,1008.89
6021,541.80,28.39,28.16,42.62,1008.89
6022,541.89,28.39,28.16,42.62,1008.89
6023,541.98,28.39,28.16,42.61,1008.89
6024,542.07,28.39,28.15,42.60,1008.88
6025,542.16,28.39,28.15,42.60,1008.88
6026,542.25,28.40,28.15,42.59,1008.88
6027,542.34,28.40,28.15,42.60,1008.88
6028,542.43,28.40,28.15,42.61,1008.88
6029,542.52,28.40,28.15,42.62,1008.88
6030,542.61,28.40,28.15,42.63,1008.88
6031,542.70,28.40,28.16,42.63,1008.88
6032,542.79,28.40,28.16,42.62,1008.88
6033,542.88,28.41,28.17,42.62,1008.88
6034,542.97,28.41,28.17,42.62,1008.87
6035,543.06,28.40,28.18,42.62,1008.87
6036,543.15,28.40,28.17,42.63,1008.87
6037,543.24,28.40,28.18,42.62,1008.87
6038,543.33,28.40,28.18,42.63,1008.87
6039,543.42,28.40,28.18,42.65,1008.87
6040,543.51,28.40,28.17,42.64,1008.87
6041,543.60,28.40,28.17,42.65,1008.87
6042,543.69,28.40,28.17,42.65,1008.86
6043,543.78,28.40,28.17,42.64,1008.86
6044,543.87,28.40,28.17,42.64,1008.87
6045,543.96,28.40,28.17,42.65,1008.87
6046,544.05,28.40,28.17,42.63,1008.87
6047,544.14,28.40,28.17,42.62,1008.87
6048,544.23,28.40,28.17,42.63,1008.87
6049,544.32,28.41,28.17,42.63,1008.87
6050,544.41,28.40,28.18,42.64,1008.87
6051,544.50,28.40,28.18,42.64,1008.87
6052,544.59,28.40,28.17,42.65,1008.87
6053,544.68,28.40,28.17,42.65,1008.87
6054,544.77,28.40,28.16,42.64,1008.87
6055,544.86,28.40,28.17,42.63,1008.87
6056,544.95,28.40,28.16,42.65,1008.87
6057,545.04,28.41,28.16,42.65,1008.88
6058,545.13,28.40,28.16,42.64,1008.87
6059,545.22,28.40,28.15,42.63,1008.88
6060,545.31,28.40,28.16,42.63,1008.88
6061,545.40,28.39,28.15,42.64,1008.88
6062,545.49,28.39,28.15,42.64,1008.88
6063,545.58,28.38,28.15,42.64,1008.88
6064,545.67,28.38,28.15,42.63,1008.89
6065,545.76,28.38,28.15,42.63,1008.89
6066,545.85,28.39,28.14,42.60,1008.89
6067,545.94,28.39,28.14,42.60,1008.89
6068,546.03,28.39,28.14,42.62,1008.89
6069,546.12,28.38,28.14,42.63,1008.89
6070,546.21,28.38,28.14,42.62,1008.89
6071,546.30,28.38,28.13,42.63,1008.90
6072,546.39,28.39,28.14,42.63,1008.90
6073,546.48,28.38,28.13,42.62,1008.90
6074,546.57,28.39,28.13,42.62,1008.90
6075,546.66,28.39,28.14,42.62,1008.90
6076,546.75,28.39,28.15,42.63,1008.90
6077,546.84,28.39,28.15,42.62,1008.90
6078,546.93,28.39,28.15,42.62,1008.90
6079,547.02,28.38,28.15,42.62,1008.90
6080,547.11,28.38,28.15,42.64,1008.89
6081,547.20,28.38,28.15,42.65,1008.89
6082,547.29,28.39,28.15,42.65,1008.90
6083,547.38,28.39,28.14,42.65,1008.89
6084,547.47,28.39,28.14,42.65,1008.89
6085,547.56,28.39,28.15,42.64,1008.89
6086,547.65,28.39,28.15,42.64,1008.89
6087,547.74,28.39,28.15,42.63,1008.89
6088,547.83,28.38,28.15,42.63,1008.89
6089,547.92,28.38,28.15,42.63,1008.89
6090,548.01,28.38,28.16,42.64,1008.89
6091,548.10,28.37,28.16,42.64,1008.89
6092,548.19,28.37,28.15,42.64,1008.89
6093,548.28,28.38,28.16,42.64,1008.89
6094,548.37,28.38,28.16,42.64,1008.89
6095,548.46,28.38,28.16,42.65,1008.89
6096,548.55,28.38,28.15,42.65,1008.89
6097,548.64,28.38,28.15,42.64,1008.89
6098,548.73,28.38,28.14,42.64,1008.88
6099,548.82,28.38,28.14,42.63,1008.89
6100,548.91,28.38,28.14,42.62,1008.88
6101,549.00,28.39,28.14,42.62,1008.89
6102,549.09,28.38,28.14,42.63,1008.88
6103,549.18,28.38,28.13,42.63,1008.88
6104,549.27,28.38,28.13,42.64,1008.88
6105,549.36,28.38,28.14,42.63,1008.88
6106,549.45,28.38,28.13,42.65,1008.88
6107,549.54,28.38,28.14,42.64,1008.88
6108,549.63,28.38,28.13,42.64,1008.88
6109,549.72,28.38,28.13,42.64,1008.88
6110,549.81,28.37,28.14,42.62,1008.88
6111,549.90,28.37,28.13,42.63,1008.88
6112,549.99,28.37,28.14,42.63,1008.88
6113,550.08,28.37,28.14,42.62,1008.88
6114,550.17,28.37,28.14,42.62,1008.88
6115,550.26,28.37,28.14,42.62,1008.87
6116,550.35,28.37,28.13,42.63,1008.88
6117,550.44,28.37,28.13,42.64,1008.88
6118,550.53,28.38,28.14,42.64,1008.88
6119,550.62,28.38,28.14,42.63,1008.88
6120,550.71,28.38,28.14,42.63,1008.88
6121,550.80,28.38,28.14,42.65,1008.88
6122,550.89,28.38,28.14,42.65,1008.87
6123,550.98,28.38,28.14,42.63,1008.87
6124,551.07,28.38,28.14,42.62,1008.87
6125,551.16,28.38,28.14,42.63,1008.87
6126,551.25,28.38,28.16,42.62,1008.87
6127,551.34,28.38,28.15,42.61,1008.87
6128,551.43,28.37,28.14,42.61,1008.87
6129,551.52,28.37,28.15,42.61,1008.87
6130,551.61,28.37,28.15,42.61,1008.87
6131,551.70,28.37,28.16,42.60,1008.87
6132,551.79,28.38,28.16,42.61,1008.87
6133,551.88,28.38,28.16,42.61,1008.87
6134,551.97,28.37,28.15,42.60,1008.87
6135,552.06,28.37,28.15,42.60,1008.87
6136,552.15,28.37,28.15,42.61,1008.87
6137,552.24,28.37,28.15,42.62,1008.88
6138,552.33,28.36,28.15,42.61,1008.88
6139,552.42,28.37,28.15,42.63,1008.88
6140,552.51,28.36,28.15,42.63,1008.88
6141,552.60,28.36,28.16,42.63,1008.88
6142,552.69,28.36,28.16,42.64,1008.87
6143,552.78,28.36,28.16,42.62,1008.87
6144,552.87,28.37,28.16,42.64,1008.87
6145,552.96,28.36,28.16,42.64,1008.87
6146,553.05,28.36,28.16,42.63,1008.87
6147,553.14,28.36,28.16,42.64,1008.87
6148,553.23,28.36,28.16,42.65,1008.87
6149,553.32,28.35,28.15,42.66,1008.87
6150,553.41,28.35,28.15,42.64,1008.87
6151,553.50,28.36,28.15,42.64,1008.87
6152,553.59,28.36,28.15,42.64,1008.87
6153,553.68,28.36,28.15,42.64,1008.87
6154,553.77,28.36,28.14,42.65,1008.87
6155,553.86,28.36,28.14,42.65,1008.87
6156,553.95,28.35,28.15,42.65,1008.87
6157,554.04,28.35,28.15,42.66,1008.87
6158,554.13,28.36,28.15,42.64,1008.87
6159,554.22,28.36,28.16,42.63,1008.87
6160,554.31,28.36,28.15,42.64,1008.87
6161,554.40,28.35,28.15,42.65,1008.87
6162,554.49,28.35,28.15,42.63,1008.87
6163,554.58,28.34,28.15,42.63,1008.87
6164,554.67,28.35,28.15,42.63,1008.87
6165,554.76,28.35,28.14,42.63,1008.87
6166,554.85,28.35,28.14,42.63,1008.87
6167,554.94,28.35,28.13,42.64,1008.87
6168,555.03,28.35,28.13,42.64,1008.86
6169,555.12,28.35,28.12,42.64,1008.86
6170,555.21,28.35,28.13,42.64,1008.86
6171,555.30,28.35,28.13,42.63,1008.86
6172,555.39,28.34,28.13,42.62,1008.86
6173,555.48,28.34,28.12,42.60,1008.86
6174,555.57,28.35,28.12,42.60,1008.86
6175,555.66,28.34,28.12,42.59,1008.86
6176,555.75,28.34,28.12,42.59,1008.86
6177,555.84,28.35,28.12,42.59,1008.86
6178,555.93,28.42,28.12,42.60,1008.86
6179,556.02,28.35,28.13,42.59,1008.86
6180,556.11,28.36,28.13,42.60,1008.86
6181,556.20,28.35,28.13,42.62,1008.86
6182,556.29,28.35,28.13,42.62,1008.86
6183,556.38,28.35,28.13,42.60,1008.86
6184,556.47,28.35,28.13,42.63,1008.86
6185,556.56,28.35,28.13,42.63,1008.86
6186,556.65,28.35,28.13,42.64,1008.86
6187,556.74,28.35,28.13,42.64,1008.86
6188,556.83,28.35,28.13,42.63,1008.86
6189,556.92,28.35,28.13,42.63,1008.87
6190,557.01,28.35,28.13,42.64,1008.87
6191,557.10,28.35,28.13,42.64,1008.87
6192,557.19,28.35,28.12,42.64,1008.86
6193,557.28,28.34,28.13,42.65,1008.86
6194,557.37,28.34,28.11,42.66,1008.86
6195,557.46,28.35,28.11,42.66,1008.87
6196,557.55,28.34,28.12,42.65,1008.87
6197,557.64,28.34,28.11,42.65,1008.87
6198,557.73,28.35,28.12,42.65,1008.86
6199,557.82,28.35,28.12,42.65,1008.86
6200,557.91,28.36,28.12,42.65,1008.86
6201,558.00,28.36,28.13,42.64,1008.86
6202,558.09,28.36,28.12,42.64,1008.86
6203,558.18,28.36,28.12,42.62,1008.86
6204,558.27,28.36,28.12,42.61,1008.87
6205,558.36,28.36,28.12,42.60,1008.86
6206,558.45,28.36,28.12,42.59,1008.86
6207,558.54,28.35,28.12,42.59,1008.86
6208,558.63,28.35,28.12,42.59,1008.86
6209,558.72,28.35,28.12,42.58,1008.86
6210,558.81,28.35,28.12,42.58,1008.86
6211,558.90,28.36,28.13,42.57,1008.86
6212,558.99,28.35,28.13,42.56,1008.86
6213,559.08,28.35,28.13,42.56,1008.86
6214,559.17,28.35,28.13,42.57,1008.86
6215,559.26,28.35,28.12,42.58,1008.86
6216,559.35,28.35,28.13,42.58,1008.86
6217,559.44,28.35,28.13,42.58,1008.86
6218,559.53,28.35,28.13,42.59,1008.85
6219,559.62,28.35,28.14,42.60,1008.85
6220,559.71,28.35,28.13,42.60,1008.86
6221,559.80,28.34,28.13,42.61,1008.86
6222,559.89,28.34,28.13,42.61,1008.86
6223,559.98,28.34,28.13,42.61,1008.86
6224,560.07,28.34,28.13,42.61,1008.86
6225,560.16,28.34,28.13,42.62,1008.86
6226,560.25,28.34,28.13,42.62,1008.86
6227,560.34,28.34,28.14,42.63,1008.86
6228,560.43,28.33,28.14,42.63,1008.86
6229,560.52,28.33,28.14,42.62,1008.86
6230,560.61,28.33,28.13,42.61,1008.86
6231,560.70,28.34,28.13,42.61,1008.86
6232,560.79,28.34,28.14,42.60,1008.86
6233,560.88,28.35,28.14,42.59,1008.86
6234,560.97,28.35,28.14,42.57,1008.86
6235,561.06,28.35,28.15,42.58,1008.86
6236,561.15,28.36,28.14,42.58,1008.86
6237,561.24,28.36,28.14,42.59,1008.86
6238,561.33,28.36,28.14,42.60,1008.87
6239,561.42,28.36,28.14,42.59,1008.87
6240,561.51,28.36,28.15,42.59,1008.87
6241,561.60,28.37,28.14,42.61,1008.87
6242,561.69,28.36,28.14,42.60,1008.87
6243,561.78,28.37,28.14,42.60,1008.87
6244,561.87,28.37,28.14,42.61,1008.87
6245,561.96,28.37,28.14,42.61,1008.87
6246,562.05,28.36,28.14,42.62,1008.87
6247,562.14,28.36,28.15,42.61,1008.87
6248,562.23,28.36,28.15,42.60,1008.87
6249,562.32,28.36,28.14,42.60,1008.87
6250,562.41,28.36,28.14,42.60,1008.87
6251,562.50,28.36,28.14,42.61,1008.87
6252,562.59,28.36,28.15,42.61,1008.87
6253,562.68,28.36,28.15,42.61,1008.87
6254,562.77,28.37,28.15,42.60,1008.87
6255,562.86,28.37,28.15,42.61,1008.87
6256,562.95,28.37,28.15,42.60,1008.87
6257,563.04,28.37,28.14,42.60,1008.87
6258,563.13,28.37,28.13,42.60,1008.87
6259,563.22,28.36,28.14,42.59,1008.87
6260,563.31,28.36,28.14,42.58,1008.87
6261,563.40,28.37,28.14,42.58,1008.87
6262,563.49,28.36,28.14,42.58,1008.88
6263,563.58,28.36,28.14,42.58,1008.89
6264,563.67,28.36,28.14,42.57,1008.88
6265,563.76,28.35,28.13,42.57,1008.88
6266,563.85,28.35,28.13,42.56,1008.88
6267,563.94,28.36,28.13,42.56,1008.88
6268,564.03,28.36,28.12,42.56,1008.88
6269,564.12,28.36,28.12,42.56,1008.88
6270,564.21,28.36,28.12,42.57,1008.88
6271,564.30,28.37,28.12,42.56,1008.88
6272,564.39,28.37,28.12,42.57,1008.88
6273,564.48,28.37,28.12,42.58,1008.88
6274,564.57,28.36,28.12,42.59,1008.88
6275,564.66,28.36,28.12,42.58,1008.89
6276,564.75,28.36,28.12,42.59,1008.89
6277,564.84,28.35,28.12,42.59,1008.89
6278,564.93,28.35,28.11,42.60,1008.89
6279,565.02,28.35,28.11,42.61,1008.89
6280,565.11,28.35,28.11,42.61,1008.89
6281,565.20,28.35,28.12,42.61,1008.89
6282,565.29,28.35,28.12,42.61,1008.89
6283,565.38,28.35,28.12,42.62,1008.89
6284,565.47,28.35,28.11,42.63,1008.89
6285,565.56,28.34,28.11,42.62,1008.89
6286,565.65,28.35,28.11,42.62,1008.89
6287,565.74,28.35,28.11,42.60,1008.89
6288,565.83,28.34,28.10,42.59,1008.89
6289,565.92,28.34,28.09,42.60,1008.89
6290,566.01,28.34,28.10,42.60,1008.89
6291,566.10,28.34,28.10,42.61,1008.89
6292,566.19,28.34,28.09,42.62,1008.89
6293,566.28,28.34,28.09,42.63,1008.89
6294,566.37,28.33,28.09,42.62,1008.89
6295,566.46,28.33,28.09,42.62,1008.89
6296,566.55,28.33,28.09,42.63,1008.89
6297,566.64,28.33,28.09,42.62,1008.88
6298,566.73,28.33,28.10,42.62,1008.88
6299,566.82,28.33,28.10,42.62,1008.88
6300,566.91,28.33,28.10,42.62,1008.88
6301,567.00,28.33,28.09,42.61,1008.88
6302,567.09,28.33,28.09,42.61,1008.88
6303,567.18,28.33,28.09,42.61,1008.88
6304,567.27,28.33,28.09,42.62,1008.88
6305,567.36,28.33,28.09,42.62,1008.88
6306,567.45,28.33,28.09,42.63,1008.88
6307,567.54,28.33,28.09,42.63,1008.88
6308,567.63,28.33,28.09,42.63,1008.88
6309,567.72,28.33,28.09,42.62,1008.88
6310,567.81,28.33,28.09,42.61,1008.87
6311,567.90,28.33,28.09,42.61,1008.87
6312,567.99,28.33,28.09,42.61,1008.87
6313,568.08,28.33,28.09,42.62,1008.87
6314,568.17,28.32,28.10,42.61,1008.87
6315,568.26,28.32,28.09,42.60,1008.87
6316,568.35,28.32,28.09,42.59,1008.87
6317,568.44,28.33,28.09,42.59,1008.87
6318,568.53,28.33,28.09,42.59,1008.87
6319,568.62,28.33,28.08,42.59,1008.87
6320,568.71,28.33,28.07,42.60,1008.87
6321,568.80,28.32,28.07,42.61,1008.87
6322,568.89,28.33,28.07,42.60,1008.88
6323,568.98,28.33,28.08,42.57,1008.88
6324,569.07,28.33,28.08,42.56,1008.88
6325,569.16,28.33,28.09,42.55,1008.88
6326,569.25,28.33,28.08,42.55,1008.88
6327,569.34,28.33,28.09,42.54,1008.88
6328,569.43,28.33,28.09,42.53,1008.88
6329,569.52,28.34,28.10,42.55,1008.88
6330,569.61,28.33,28.09,42.53,1008.88
6331,569.70,28.34,28.10,42.53,1008.89
6332,569.79,28.34,28.11,42.53,1008.89
6333,569.88,28.34,28.10,42.55,1008.89
6334,569.97,28.35,28.11,42.54,1008.89
6335,570.06,28.35,28.11,42.53,1008.89
6336,570.15,28.35,28.11,42.53,1008.89
6337,570.24,28.35,28.11,42.55,1008.89
6338,570.33,28.34,28.12,42.55,1008.89
6339,570.42,28.34,28.12,42.55,1008.89
6340,570.51,28.34,28.12,42.55,1008.89
6341,570.60,28.34,28.12,42.53,1008.89
6342,570.69,28.35,28.11,42.54,1008.89
6343,570.78,28.34,28.12,42.53,1008.89
6344,570.87,28.34,28.12,42.52,1008.89
6345,570.96,28.34,28.12,42.52,1008.89
6346,571.05,28.34,28.12,42.51,1008.89
6347,571.14,28.34,28.12,42.51,1008.89
6348,571.23,28.34,28.12,42.50,1008.89
6349,571.32,28.35,28.12,42.49,1008.89
6350,571.41,28.35,28.12,42.50,1008.89
6351,571.50,28.36,28.11,42.48,1008.89
6352,571.59,28.36,28.12,42.49,1008.89
6353,571.68,28.36,28.12,42.49,1008.88
6354,571.77,28.36,28.12,42.50,1008.88
6355,571.86,28.35,28.11,42.50,1008.88
6356,571.95,28.35,28.11,42.49,1008.88
6357,572.04,28.34,28.12,42.49,1008.88
6358,572.13,28.34,28.11,42.50,1008.87
6359,572.22,28.34,28.11,42.50,1008.87
6360,572.31,28.34,28.10,42.49,1008.87
6361,572.40,28.34,28.10,42.48,1008.87
6362,572.49,28.34,28.10,42.48,1008.87
6363,572.58,28.34,28.10,42.49,1008.87
6364,572.67,28.34,28.10,42.49,1008.87
6365,572.76,28.34,28.10,42.48,1008.87
6366,572.85,28.34,28.09,42.49,1008.87
6367,572.94,28.34,28.09,42.50,1008.87
6368,573.03,28.34,28.09,42.50,1008.87
6369,573.12,28.33,28.10,42.50,1008.87
6370,573.21,28.34,28.09,42.51,1008.87
6371,573.30,28.34,28.10,42.51,1008.87
6372,573.39,28.34,28.11,42.52,1008.87
6373,573.48,28.34,28.11,42.52,1008.87
6374,573.57,28.35,28.11,42.53,1008.87
6375,573.66,28.35,28.12,42.53,1008.87
6376,573.75,28.35,28.12,42.52,1008.87
6377,573.84,28.34,28.11,42.52,1008.87
6378,573.93,28.35,28.12,42.52,1008.87
6379,574.02,28.34,28.12,42.51,1008.87
6380,574.11,28.34,28.12,42.51,1008.87
6381,574.20,28.33,28.12,42.50,1008.87
6382,574.29,28.34,28.13,42.48,1008.87
6383,574.38,28.34,28.13,42.49,1008.87
6384,574.47,28.34,28.13,42.49,1008.87
6385,574.56,28.34,28.14,42.49,1008.87
6386,574.65,28.33,28.14,42.50,1008.87
6387,574.74,28.33,28.14,42.51,1008.87
6388,574.83,28.33,28.15,42.51,1008.87
6389,574.92,28.33,28.15,42.51,1008.87
6390,575.01,28.34,28.14,42.50,1008.87
6391,575.10,28.33,28.14,42.52,1008.87
6392,575.19,28.34,28.13,42.51,1008.87
6393,575.28,28.34,28.13,42.51,1008.87
6394,575.37,28.33,28.12,42.53,1008.86
6395,575.46,28.34,28.11,42.53,1008.86
6396,575.55,28.34,28.11,42.52,1008.86
6397,575.64,28.34,28.11,42.52,1008.85
6398,575.73,28.34,28.10,42.51,1008.85
6399,575.82,28.34,28.10,42.51,1008.84
6400,575.91,28.34,28.10,42.52,1008.84
6401,576.00,28.33,28.09,42.51,1008.84
6402,576.09,28.33,28.09,42.51,1008.84
6403,576.18,28.33,28.09,42.50,1008.85
6404,576.27,28.33,28.08,42.51,1008.85
6405,576.36,28.33,28.09,42.51,1008.85
6406,576.45,28.32,28.08,42.51,1008.85
6407,576.54,28.33,28.09,42.50,1008.86
6408,576.63,28.33,28.09,42.51,1008.86
6409,576.72,28.44,28.09,42.50,1008.86
6410,576.81,28.37,28.08,42.49,1008.86
6411,576.90,28.33,28.08,42.50,1008.86
6412,576.99,28.33,28.08,42.49,1008.86
6413,577.08,28.32,28.08,42.48,1008.86
6414,577.17,28.32,28.09,42.48,1008.87
6415,577.26,28.32,28.08,42.49,1008.87
6416,577.35,28.32,28.08,42.49,1008.87
6417,577.44,28.32,28.09,42.50,1008.86
6418,577.53,28.32,28.09,42.51,1008.87
6419,577.62,28.32,28.09,42.50,1008.87
6420,577.71,28.31,28.09,42.51,1008.87
6421,577.80,28.31,28.09,42.51,1008.87
6422,577.89,28.31,28.09,42.50,1008.87
6423,577.98,28.31,28.09,42.50,1008.87
6424,578.07,28.31,28.09,42.50,1008.87
6425,578.16,28.30,28.09,42.49,1008.87
6426,578.25,28.30,28.08,42.48,1008.87
6427,578.34,28.30,28.08,42.48,1008.88
6428,578.43,28.30,28.08,42.49,1008.88
6429,578.52,28.29,28.08,42.49,1008.88
6430,578.61,28.29,28.08,42.48,1008.88
6431,578.70,28.29,28.08,42.49,1008.87
6432,578.79,28.29,28.09,42.48,1008.87
6433,578.88,28.29,28.09,42.49,1008.87
6434,578.97,28.29,28.09,42.49,1008.87
6435,579.06,28.30,28.09,42.48,1008.87
6436,579.15,28.29,28.09,42.48,1008.87
6437,579.24,28.29,28.10,42.48,1008.87
6438,579.33,28.29,28.08,42.49,1008.87
6439,579.42,28.29,28.08,42.49,1008.86
6440,579.51,28.30,28.09,42.50,1008.86
6441,579.60,28.30,28.09,42.50,1008.86
6442,579.69,28.31,28.08,42.50,1008.86
6443,579.78,28.31,28.08,42.50,1008.86
6444,579.87,28.31,28.08,42.50,1008.86
6445,579.96,28.30,28.08,42.49,1008.86
6446,580.05,28.30,28.07,42.50,1008.86
6447,580.14,28.31,28.07,42.49,1008.86
6448,580.23,28.31,28.07,42.50,1008.86
6449,580.32,28.31,28.07,42.50,1008.86
6450,580.41,28.30,28.07,42.49,1008.85
6451,580.50,28.30,28.07,42.49,1008.85
6452,580.59,28.30,28.07,42.48,1008.85
6453,580.68,28.30,28.06,42.49,1008.85
6454,580.77,28.30,28.06,42.48,1008.85
6455,580.86,28.30,28.06,42.48,1008.86
6456,580.95,28.30,28.06,42.48,1008.85
6457,581.04,28.29,28.06,42.47,1008.85
6458,581.13,28.29,28.06,42.48,1008.86
6459,581.22,28.30,28.05,42.49,1008.86
6460,581.31,28.30,28.06,42.47,1008.86
6461,581.40,28.29,28.07,42.49,1008.86
6462,581.49,28.30,28.07,42.50,1008.86
6463,581.58,28.30,28.07,42.51,1008.86
6464,581.67,28.30,28.08,42.52,1008.86
6465,581.76,28.30,28.07,42.52,1008.86
6466,581.85,28.30,28.07,42.53,1008.86
6467,581.94,28.30,28.08,42.53,1008.87
6468,582.03,28.29,28.08,42.52,1008.87
6469,582.12,28.29,28.08,42.51,1008.87
6470,582.21,28.29,28.09,42.52,1008.87
6471,582.30,28.29,28.09,42.52,1008.87
6472,582.39,28.29,28.09,42.52,1008.87
6473,582.48,28.29,28.10,42.52,1008.87
6474,582.57,28.30,28.10,42.52,1008.88
6475,582.66,28.29,28.10,42.53,1008.87
6476,582.75,28.29,28.10,42.53,1008.88
6477,582.84,28.29,28.10,42.52,1008.88
6478,582.93,28.29,28.11,42.52,1008.88
6479,583.02,28.30,28.11,42.51,1008.88
6480,583.11,28.30,28.10,42.51,1008.88
6481,583.20,28.30,28.10,42.50,1008.88
6482,583.29,28.30,28.09,42.50,1008.88
6483,583.38,28.30,28.09,42.50,1008.88
6484,583.47,28.31,28.10,42.50,1008.88
6485,583.56,28.30,28.10,42.49,1008.88
6486,583.65,28.31,28.10,42.48,1008.88
6487,583.74,28.31,28.10,42.48,1008.88
6488,583.83,28.31,28.10,42.48,1008.88
6489,583.92,28.31,28.10,42.47,1008.88
6490,584.01,28.31,28.09,42.49,1008.88
6491,584.10,28.31,28.09,42.50,1008.88
6492,584.19,28.31,28.08,42.49,1008.88
6493,584.28,28.31,28.08,42.48,1008.88
6494,584.37,28.31,28.08,42.51,1008.88
6495,584.46,28.31,28.07,42.49,1008.88
6496,584.55,28.31,28.07,42.50,1008.87
6497,584.64,28.31,28.07,42.50,1008.88
6498,584.73,28.31,28.07,42.50,1008.88
6499,584.82,28.31,28.07,42.53,1008.88
6500,584.91,28.31,28.08,42.53,1008.88
6501,585.00,28.31,28.08,42.52,1008.88
6502,585.09,28.31,28.07,42.51,1008.88
6503,585.18,28.31,28.07,42.52,1008.87
6504,585.27,28.30,28.07,42.52,1008.87
6505,585.36,28.31,28.07,42.52,1008.87
6506,585.45,28.31,28.07,42.52,1008.87
6507,585.54,28.31,28.07,42.53,1008.87
6508,585.63,28.31,28.07,42.52,1008.87
6509,585.72,28.31,28.07,42.51,1008.87
6510,585.81,28.31,28.06,42.52,1008.88
6511,585.90,28.31,28.06,42.52,1008.88
6512,585.99,28.31,28.07,42.51,1008.88
6513,586.08,28.31,28.06,42.51,1008.88
6514,586.17,28.31,28.06,42.52,1008.88
6515,586.26,28.31,28.06,42.52,1008.88
6516,586.35,28.31,28.06,42.53,1008.88
6517,586.44,28.30,28.06,42.53,1008.88
6518,586.53,28.30,28.06,42.53,1008.88
6519,586.62,28.29,28.06,42.52,1008.88
6520,586.71,28.30,28.06,42.53,1008.88
6521,586.80,28.29,28.06,42.53,1008.88
6522,586.89,28.29,28.05,42.53,1008.88
6523,586.98,28.29,28.05,42.53,1008.88
6524,587.07,28.29,28.05,42.52,1008.88
6525,587.16,28.29,28.05,42.51,1008.88
6526,587.25,28.30,28.05,42.50,1008.88
6527,587.34,28.29,28.05,42.51,1008.89
6528,587.43,28.29,28.05,42.50,1008.89
6529,587.52,28.29,28.06,42.50,1008.89
6530,587.61,28.29,28.06,42.52,1008.89
6531,587.70,28.29,28.05,42.51,1008.89
6532,587.79,28.29,28.05,42.52,1008.89
6533,587.88,28.29,28.06,42.51,1008.89
6534,587.97,28.29,28.06,42.52,1008.89
6535,588.06,28.29,28.07,42.53,1008.89
6536,588.15,28.29,28.08,42.52,1008.89
6537,588.24,28.29,28.08,42.53,1008.89
6538,588.33,28.29,28.08,42.53,1008.89
6539,588.42,28.29,28.08,42.54,1008.89
6540,588.51,28.29,28.08,42.54,1008.89
6541,588.60,28.29,28.08,42.53,1008.89
6542,588.69,28.29,28.08,42.53,1008.89
6543,588.78,28.29,28.08,42.53,1008.89
6544,588.87,28.29,28.07,42.54,1008.89
6545,588.96,28.29,28.07,42.54,1008.89
6546,589.05,28.29,28.07,42.53,1008.89
6547,589.14,28.29,28.07,42.54,1008.89
6548,589.23,28.29,28.08,42.54,1008.89
6549,589.32,28.29,28.08,42.54,1008.89
6550,589.41,28.29,28.08,42.54,1008.89
6551,589.50,28.29,28.08,42.55,1008.89
6552,589.59,28.29,28.08,42.55,1008.89
6553,589.68,28.29,28.08,42.55,1008.89
6554,589.77,28.29,28.07,42.56,1008.89
6555,589.86,28.29,28.07,42.56,1008.89
6556,589.95,28.30,28.06,42.56,1008.89
6557,590.04,28.31,28.06,42.55,1008.89
6558,590.13,28.31,28.06,42.54,1008.89
6559,590.22,28.31,28.06,42.52,1008.89
6560,590.31,28.31,28.06,42.53,1008.89
6561,590.40,28.31,28.06,42.55,1008.88
6562,590.49,28.30,28.06,42.53,1008.88
6563,590.58,28.30,28.06,42.54,1008.88
6564,590.67,28.30,28.05,42.53,1008.88
6565,590.76,28.30,28.05,42.52,1008.88
6566,590.85,28.29,28.05,42.52,1008.88
6567,590.94,28.30,28.04,42.53,1008.88
6568,591.03,28.31,28.04,42.52,1008.88
6569,591.12,28.31,28.05,42.52,1008.88
6570,591.21,28.31,28.05,42.52,1008.88
6571,591.30,28.31,28.05,42.52,1008.88
6572,591.39,28.30,28.05,42.51,1008.88
6573,591.48,28.30,28.05,42.50,1008.88
6574,591.57,28.30,28.06,42.49,1008.88
6575,591.66,28.30,28.06,42.49,1008.88
6576,591.75,28.30,28.06,42.51,1008.88
6577,591.84,28.30,28.05,42.52,1008.87
6578,591.93,28.29,28.06,42.51,1008.87
6579,592.02,28.29,28.06,42.51,1008.88
6580,592.11,28.29,28.06,42.53,1008.87
6581,592.20,28.29,28.06,42.53,1008.87
6582,592.29,28.29,28.07,42.54,1008.87
6583,592.38,28.29,28.06,42.56,1008.87
6584,592.47,28.29,28.06,42.56,1008.87
6585,592.56,28.29,28.06,42.55,1008.87
6586,592.65,28.29,28.06,42.55,1008.87
6587,592.74,28.29,28.05,42.55,1008.87
6588,592.83,28.29,28.05,42.55,1008.87
6589,592.92,28.29,28.05,42.54,1008.87
6590,593.01,28.29,28.05,42.54,1008.87
6591,593.10,28.29,28.06,42.54,1008.88
6592,593.19,28.29,28.05,42.54,1008.87
6593,593.28,28.29,28.05,42.54,1008.87
6594,593.37,28.28,28.05,42.52,1008.87
6595,593.46,28.28,28.06,42.52,1008.87
6596,593.55,28.28,28.06,42.52,1008.87
6597,593.64,28.28,28.06,42.51,1008.87
6598,593.73,28.28,28.06,42.50,1008.87
6599,593.82,28.27,28.06,42.50,1008.88
6600,593.91,28.27,28.06,42.50,1008.87
6601,594.00,28.28,28.06,42.49,1008.87
6602,594.09,28.28,28.05,42.49,1008.87
6603,594.18,28.27,28.05,42.50,1008.87
6604,594.27,28.28,28.05,42.49,1008.87
6605,594.36,28.27,28.05,42.49,1008.87
6606,594.45,28.27,28.05,42.49,1008.87
6607,594.54,28.27,28.05,42.47,1008.87
6608,594.63,28.28,28.05,42.47,1008.87
6609,594.72,28.28,28.06,42.46,1008.88
6610,594.81,28.27,28.05,42.46,1008.88
6611,594.90,28.27,28.05,42.48,1008.87
6612,594.99,28.27,28.06,42.48,1008.88
6613,595.08,28.27,28.07,42.48,1008.88
6614,595.17,28.27,28.06,42.48,1008.88
6615,595.26,28.26,28.06,42.48,1008.88
6616,595.35,28.26,28.06,42.48,1008.88
6617,595.44,28.25,28.06,42.47,1008.88
6618,595.53,28.26,28.06,42.49,1008.88
6619,595.62,28.26,28.05,42.49,1008.88
6620,595.71,28.26,28.05,42.50,1008.88
6621,595.80,28.26,28.05,42.49,1008.88
6622,595.89,28.25,28.06,42.50,1008.88
6623,595.98,28.25,28.05,42.49,1008.88
6624,596.07,28.25,28.05,42.49,1008.87
6625,596.16,28.25,28.06,42.50,1008.87
6626,596.25,28.25,28.06,42.51,1008.87
6627,596.34,28.25,28.06,42.50,1008.87
6628,596.43,28.25,28.06,42.49,1008.87
6629,596.52,28.26,28.06,42.48,1008.87
6630,596.61,28.25,28.06,42.48,1008.87
6631,596.70,28.26,28.06,42.49,1008.87
6632,596.79,28.26,28.06,42.48,1008.87
6633,596.88,28.26,28.06,42.49,1008.86
6634,596.97,28.26,28.07,42.47,1008.86
6635,597.06,28.26,28.07,42.48,1008.86
6636,597.15,28.26,28.07,42.49,1008.86
6637,597.24,28.26,28.06,42.48,1008.86
6638,597.33,28.26,28.06,42.48,1008.86
6639,597.42,28.26,28.06,42.48,1008.86
6640,597.51,28.26,28.06,42.49,1008.86
6641,597.60,28.27,28.07,42.50,1008.86
6642,597.69,28.27,28.07,42.50,1008.86
6643,597.78,28.27,28.07,42.49,1008.86
6644,597.87,28.27,28.08,42.48,1008.86
6645,597.96,28.27,28.08,42.48,1008.86
6646,598.05,28.27,28.08,42.49,1008.86
6647,598.14,28.27,28.08,42.50,1008.86
6648,598.23,28.26,28.08,42.50,1008.86
6649,598.32,28.26,28.08,42.51,1008.86
6650,598.41,28.27,28.09,42.52,1008.86
6651,598.50,28.27,28.09,42.52,1008.86
6652,598.59,28.27,28.08,42.51,1008.86
6653,598.68,28.27,28.08,42.53,1008.86
6654,598.77,28.28,28.08,42.53,1008.86
6655,598.86,28.27,28.08,42.54,1008.86
6656,598.95,28.28,28.07,42.53,1008.86
6657,599.04,28.28,28.07,42.54,1008.86
6658,599.13,28.28,28.08,42.55,1008.86
6659,599.22,28.28,28.08,42.54,1008.86
6660,599.31,28.29,28.08,42.53,1008.86
6661,599.40,28.29,28.08,42.52,1008.86
6662,599.49,28.28,28.07,42.53,1008.86
6663,599.58,28.28,28.08,42.54,1008.86
6664,599.67,28.28,28.08,42.53,1008.86
6665,599.76,28.28,28.07,42.53,1008.86
6666,599.85,28.28,28.07,42.53,1008.86
6667,599.94,28.29,28.06,42.52,1008.86
