Index,Relative Time (s),PT100 (degC),BME280 T (degC),Humidity (%),Pressure (hPa)
1,0.00,45.00,43.04,43.23,1008.28
2,0.09,44.99,42.78,43.24,1008.28
3,0.18,44.97,42.73,43.23,1008.29
4,0.27,44.94,42.72,43.27,1008.30
5,0.36,44.90,42.69,43.29,1008.30
6,0.45,44.87,42.67,43.30,1008.30
7,0.54,44.86,42.65,43.31,1008.30
8,0.63,44.86,42.63,43.30,1008.30
9,0.72,44.83,42.61,43.36,1008.31
10,0.81,44.80,42.58,43.38,1008.33
11,0.90,44.77,42.56,43.39,1008.34
12,0.99,44.74,42.55,43.40,1008.33
13,1.08,44.72,42.53,43.40,1008.33
14,1.17,44.68,42.50,43.43,1008.35
15,1.26,44.67,42.47,43.44,1008.36
16,1.35,44.63,42.46,43.44,1008.37
17,1.44,44.61,42.43,43.42,1008.37
18,1.53,44.59,42.41,43.44,1008.37
19,1.62,44.56,42.38,43.45,1008.38
20,1.71,44.51,42.37,43.47,1008.38
21,1.80,44.49,42.34,43.49,1008.38
22,1.89,44.46,42.31,43.50,1008.37
23,1.98,44.43,42.28,43.50,1008.37
24,2.07,44.39,42.25,43.53,1008.36
25,2.16,44.36,42.21,43.54,1008.35
26,2.25,44.33,42.19,43.53,1008.36
27,2.34,44.31,42.17,43.52,1008.35
28,2.43,44.28,42.15,43.55,1008.35
29,2.52,44.26,42.11,43.57,1008.35
30,2.61,44.22,42.10,43.56,1008.35
31,2.70,44.19,42.07,43.56,1008.34
32,2.79,44.16,42.05,43.57,1008.34
33,2.88,44.12,42.04,43.59,1008.33
34,2.97,44.13,42.02,43.59,1008.32
35,3.06,44.09,42.01,43.57,1008.31
36,3.15,44.07,41.98,43.57,1008.31
37,3.24,44.05,41.97,43.53,1008.30
38,3.33,44.02,41.95,43.50,1008.30
39,3.42,43.98,41.93,43.51,1008.30
40,3.51,43.95,41.92,43.54,1008.31
41,3.60,43.92,41.89,43.57,1008.33
42,3.69,43.89,41.85,43.58,1008.31
43,3.78,43.86,41.83,43.59,1008.30
44,3.87,43.83,41.80,43.59,1008.31
45,3.96,43.80,41.77,43.60,1008.31
46,4.05,43.78,41.73,43.59,1008.31
47,4.14,43.74,41.72,43.57,1008.32
48,4.23,43.70,41.71,43.60,1008.31
49,4.32,43.67,41.66,43.61,1008.32
50,4.41,43.65,41.63,43.60,1008.30
51,4.50,43.62,41.61,43.59,1008.30
52,4.59,43.57,41.61,43.60,1008.30
53,4.68,43.55,41.60,43.60,1008.30
54,4.77,43.52,41.57,43.63,1008.29
55,4.86,43.48,41.55,43.65,1008.29
56,4.95,43.46,41.51,43.67,1008.29
57,5.04,43.44,41.49,43.66,1008.29
58,5.13,43.42,41.45,43.67,1008.29
59,5.22,43.40,41.43,43.68,1008.28
60,5.31,43.38,41.40,43.64,1008.30
61,5.40,43.35,41.37,43.65,1008.30
62,5.49,43.32,41.34,43.68,1008.32
63,5.58,43.30,41.30,43.65,1008.31
64,5.67,43.27,41.27,43.65,1008.32
65,5.76,43.24,41.24,43.68,1008.32
66,5.85,43.21,41.23,43.67,1008.31
67,5.94,43.19,41.19,43.70,1008.32
68,6.03,43.15,41.17,43.71,1008.33
69,6.12,43.12,41.15,43.72,1008.33
70,6.21,43.10,41.11,43.72,1008.32
71,6.30,43.09,41.09,43.72,1008.33
72,6.39,43.08,41.05,43.72,1008.33
73,6.48,43.05,41.02,43.72,1008.34
74,6.57,43.05,41.02,43.68,1008.34
75,6.66,43.00,40.97,43.66,1008.35
76,6.75,42.98,40.93,43.70,1008.35
77,6.84,42.96,40.92,43.72,1008.36
78,6.93,42.92,40.91,43.74,1008.37
79,7.02,42.89,40.87,43.73,1008.36
80,7.11,42.88,40.85,43.73,1008.36
81,7.20,42.85,40.84,43.76,1008.37
82,7.29,42.83,40.83,43.81,1008.37
83,7.38,42.80,40.79,43.78,1008.37
84,7.47,42.77,40.79,43.76,1008.36
85,7.56,42.74,40.77,43.74,1008.36
86,7.65,42.70,40.73,43.77,1008.37
87,7.74,42.67,40.69,43.74,1008.37
88,7.83,42.65,40.67,43.72,1008.38
89,7.92,42.62,40.64,43.75,1008.38
90,8.01,42.59,40.61,43.76,1008.38
91,8.10,42.56,40.59,43.74,1008.37
92,8.19,42.54,40.57,43.73,1008.36
93,8.28,42.53,40.54,43.72,1008.34
94,8.37,42.51,40.52,43.72,1008.35
95,8.46,42.49,40.51,43.72,1008.35
96,8.55,42.48,40.49,43.73,1008.33
97,8.64,42.45,40.47,43.74,1008.33
98,8.73,42.41,40.44,43.75,1008.31
99,8.82,42.41,40.41,43.74,1008.29
100,8.91,42.40,40.35,43.78,1008.29
101,9.00,42.37,40.34,43.80,1008.29
102,9.09,42.35,40.29,43.82,1008.28
103,9.18,42.33,40.27,43.85,1008.29
104,9.27,42.31,40.25,43.84,1008.28
105,9.36,42.30,40.24,43.86,1008.29
106,9.45,42.26,40.23,43.85,1008.28
107,9.54,42.22,40.21,43.85,1008.28
108,9.63,42.19,40.20,43.80,1008.28
109,9.72,42.19,40.20,43.80,1008.26
110,9.81,42.17,40.19,43.81,1008.27
111,9.90,42.15,40.18,43.83,1008.26
112,9.99,42.12,40.17,43.83,1008.25
113,10.08,42.09,40.15,43.81,1008.25
114,10.17,42.07,40.13,43.78,1008.26
115,10.26,42.05,40.10,43.80,1008.28
116,10.35,42.02,40.08,43.80,1008.28
117,10.44,42.00,40.05,43.80,1008.28
118,10.53,41.99,40.02,43.81,1008.27
119,10.62,41.97,40.03,43.77,1008.27
120,10.71,41.93,40.01,43.78,1008.29
121,10.80,41.90,40.00,43.77,1008.29
122,10.89,41.89,39.99,43.78,1008.29
123,10.98,41.87,39.99,43.77,1008.30
124,11.07,41.84,39.97,43.75,1008.31
125,11.16,41.81,39.95,43.78,1008.32
126,11.25,41.79,39.92,43.75,1008.32
127,11.34,41.79,39.92,43.75,1008.33
128,11.43,41.76,39.90,43.75,1008.34
129,11.52,41.73,39.88,43.73,1008.34
130,11.61,41.69,39.85,43.73,1008.33
131,11.70,41.69,39.83,43.77,1008.34
132,11.79,41.65,39.78,43.77,1008.34
133,11.88,41.61,39.75,43.73,1008.36
134,11.97,41.60,39.73,43.74,1008.27
135,12.06,41.59,39.72,43.76,1008.38
136,12.15,41.57,39.71,43.76,1008.39
137,12.24,41.56,39.68,43.74,1008.39
138,12.33,41.54,39.65,43.74,1008.39
139,12.42,41.51,39.62,43.74,1008.38
140,12.51,41.46,39.61,43.74,1008.37
141,12.60,41.45,39.59,43.75,1008.38
142,12.69,41.43,39.58,43.76,1008.38
143,12.78,41.41,39.58,43.78,1008.36
144,12.87,41.39,39.54,43.76,1008.35
145,12.96,41.37,39.52,43.77,1008.37
146,13.05,41.35,39.48,43.77,1008.35
147,13.14,41.30,39.44,43.79,1008.36
148,13.23,41.28,39.40,43.81,1008.35
149,13.32,41.25,39.37,43.83,1008.34
150,13.41,41.22,39.36,43.79,1008.34
151,13.50,41.20,39.34,43.78,1008.34
152,13.59,41.17,39.31,43.78,1008.32
153,13.68,41.16,39.30,43.73,1008.31
154,13.77,41.13,39.27,43.73,1008.31
155,13.86,41.11,39.25,43.72,1008.29
156,13.95,41.10,39.22,43.76,1008.29
157,14.04,41.08,39.20,43.77,1008.29
158,14.13,41.04,39.17,43.77,1008.28
159,14.22,41.02,39.15,43.73,1008.27
160,14.31,40.99,39.12,43.76,1008.26
161,14.40,40.97,39.09,43.72,1008.26
162,14.49,40.95,39.05,43.73,1008.26
163,14.58,40.93,39.02,43.78,1008.25
164,14.67,40.90,39.01,43.83,1008.26
165,14.76,40.85,39.00,43.83,1008.25
166,14.85,40.83,39.00,43.82,1008.23
167,14.94,40.82,38.98,43.81,1008.22
168,15.03,40.80,38.96,43.81,1008.21
169,15.12,40.79,38.94,43.82,1008.23
170,15.21,40.77,38.93,43.82,1008.23
171,15.30,40.73,38.92,43.83,1008.23
172,15.39,40.73,38.88,43.83,1008.22
173,15.48,40.70,38.83,43.85,1008.23
174,15.57,40.70,38.81,43.86,1008.24
175,15.66,40.69,38.80,43.82,1008.24
176,15.75,40.65,38.79,43.86,1008.24
177,15.84,40.64,38.76,43.84,1008.24
178,15.93,40.61,38.73,43.85,1008.25
179,16.02,40.58,38.73,43.88,1008.26
180,16.11,40.58,38.72,43.91,1008.27
181,16.20,40.56,38.70,43.92,1008.29
182,16.29,40.68,38.68,43.93,1008.29
183,16.38,40.51,38.68,43.93,1008.28
184,16.47,40.51,38.66,43.94,1008.31
185,16.56,40.49,38.63,43.93,1008.31
186,16.65,40.47,38.59,43.95,1008.32
187,16.74,40.46,38.60,43.96,1008.33
188,16.83,40.44,38.60,43.94,1008.34
189,16.92,40.41,38.58,43.93,1008.35
190,17.01,40.38,38.57,43.93,1008.34
191,17.10,40.36,38.56,43.99,1008.34
192,17.19,40.34,38.54,44.00,1008.34
193,17.28,40.33,38.52,44.01,1008.35
194,17.37,40.31,38.51,43.99,1008.36
195,17.46,40.31,38.48,43.97,1008.35
196,17.55,40.29,38.46,43.95,1008.35
197,17.64,40.27,38.44,43.94,1008.34
198,17.73,40.25,38.41,43.95,1008.35
199,17.82,40.21,38.38,43.97,1008.35
200,17.91,40.18,38.37,43.98,1008.35
201,18.00,40.15,38.32,43.97,1008.35
202,18.09,40.13,38.31,43.97,1008.34
203,18.18,40.13,38.29,43.99,1008.35
204,18.27,40.11,38.29,44.00,1008.36
205,18.36,40.08,38.27,44.00,1008.36
206,18.45,40.06,38.27,44.03,1008.35
207,18.54,40.03,38.25,44.04,1008.34
208,18.63,40.01,38.22,44.06,1008.34
209,18.72,40.00,38.20,44.09,1008.35
210,18.81,39.98,38.18,44.11,1008.35
211,18.90,39.97,38.19,44.09,1008.35
212,18.99,39.94,38.16,44.07,1008.35
213,19.08,39.91,38.16,44.09,1008.34
214,19.17,39.89,38.14,44.11,1008.31
215,19.26,39.88,38.13,44.15,1008.32
216,19.35,39.86,38.10,44.14,1008.31
217,19.44,39.83,38.11,44.17,1008.31
218,19.53,39.80,38.10,44.16,1008.32
219,19.62,39.77,38.06,44.18,1008.31
220,19.71,39.74,38.04,44.16,1008.29
221,19.80,39.73,38.05,44.16,1008.29
222,19.89,39.72,38.04,44.15,1008.27
223,19.98,39.71,38.03,44.15,1008.27
224,20.07,39.70,37.99,44.19,1008.26
225,20.16,39.69,37.98,44.18,1008.26
226,20.25,39.67,37.98,44.19,1008.26
227,20.34,39.66,37.95,44.21,1008.26
228,20.43,39.64,37.95,44.19,1008.25
229,20.52,39.61,37.95,44.19,1008.25
230,20.61,39.59,37.92,44.20,1008.24
231,20.70,39.55,37.90,44.19,1008.25
232,20.79,39.53,37.88,44.22,1008.24
233,20.88,39.51,37.87,44.26,1008.24
234,20.97,39.50,37.86,44.28,1008.24
235,21.06,39.46,37.85,44.26,1008.25
236,21.15,39.44,37.82,44.27,1008.25
237,21.24,39.45,37.82,44.31,1008.25
238,21.33,39.43,37.79,44.33,1008.26
239,21.42,39.42,37.77,44.32,1008.26
240,21.51,39.40,37.78,44.30,1008.26
241,21.60,39.39,37.76,44.30,1008.25
242,21.69,39.37,37.75,44.28,1008.27
243,21.78,39.34,37.75,44.32,1008.28
244,21.87,39.32,37.75,44.31,1008.29
245,21.96,39.29,37.74,44.30,1008.30
246,22.05,39.25,37.73,44.28,1008.31
247,22.14,39.24,37.72,44.30,1008.31
248,22.23,39.21,37.70,44.32,1008.31
249,22.32,39.21,37.69,44.32,1008.31
250,22.41,39.20,37.68,44.33,1008.32
251,22.50,39.20,37.65,44.36,1008.34
252,22.59,39.18,37.64,44.37,1008.33
253,22.68,39.15,37.61,44.40,1008.34
254,22.77,39.13,37.61,44.39,1008.35
255,22.86,39.11,37.59,44.38,1008.35
256,22.95,39.10,37.59,44.39,1008.36
257,23.04,39.08,37.59,44.41,1008.37
258,23.13,39.07,37.58,44.40,1008.37
259,23.22,39.03,37.57,44.40,1008.38
260,23.31,39.01,37.56,44.40,1008.38
261,23.40,38.99,37.55,44.38,1008.37
262,23.49,38.97,37.53,44.39,1008.37
263,23.58,38.95,37.52,44.42,1008.37
264,23.67,38.94,37.48,44.42,1008.37
265,23.76,38.92,37.45,44.44,1008.36
266,23.85,38.90,37.42,44.44,1008.36
267,23.94,38.89,37.40,44.48,1008.35
268,24.03,38.85,37.38,44.52,1008.35
269,24.12,38.83,37.35,44.51,1008.34
270,24.21,38.82,37.32,44.53,1008.34
271,24.30,38.81,37.27,44.56,1008.33
272,24.39,38.78,37.25,44.55,1008.32
273,24.48,38.76,37.21,44.56,1008.33
274,24.57,38.73,37.18,44.51,1008.32
275,24.66,38.71,37.16,44.56,1008.31
276,24.75,38.71,37.14,44.56,1008.31
277,24.84,38.70,37.11,44.58,1008.31
278,24.93,38.67,37.09,44.57,1008.29
279,25.02,38.65,37.06,44.58,1008.28
280,25.11,38.60,37.05,44.59,1008.29
281,25.20,38.59,37.03,44.58,1008.29
282,25.29,38.58,37.01,44.58,1008.29
283,25.38,38.54,36.99,44.60,1008.29
284,25.47,38.52,36.97,44.58,1008.28
285,25.56,38.48,36.93,44.60,1008.29
286,25.65,38.47,36.90,44.60,1008.30
287,25.74,38.45,36.91,44.63,1008.31
288,25.83,38.43,36.88,44.61,1008.31
289,25.92,38.42,36.85,44.59,1008.30
290,26.01,38.42,36.84,44.57,1008.31
291,26.10,38.39,36.84,44.56,1008.30
292,26.19,38.39,36.80,44.56,1008.30
293,26.28,38.36,36.79,44.56,1008.31
294,26.37,38.34,36.76,44.56,1008.32
295,26.46,38.33,36.73,44.52,1008.32
296,26.55,38.30,36.70,44.54,1008.32
297,26.64,38.29,36.70,44.54,1008.33
298,26.73,38.28,36.67,44.52,1008.33
299,26.82,38.26,36.65,44.53,1008.33
300,26.91,38.24,36.65,44.55,1008.32
301,27.00,38.21,36.64,44.54,1008.33
302,27.09,38.20,36.62,44.56,1008.35
303,27.18,38.18,36.60,44.55,1008.35
304,27.27,38.17,36.58,44.55,1008.35
305,27.36,38.15,36.56,44.57,1008.35
306,27.45,38.12,36.54,44.60,1008.35
307,27.54,38.10,36.53,44.62,1008.36
308,27.63,38.08,36.49,44.63,1008.38
309,27.72,38.05,36.47,44.65,1008.38
310,27.81,38.05,36.45,44.66,1008.39
311,27.90,38.02,36.42,44.64,1008.40
312,27.99,38.02,36.42,44.63,1008.40
313,28.08,38.00,36.40,44.64,1008.39
314,28.17,37.98,36.40,44.63,1008.39
315,28.26,37.95,36.39,44.65,1008.38
316,28.35,37.94,36.38,44.65,1008.37
317,28.44,37.90,36.37,44.65,1008.38
318,28.53,37.91,36.35,44.65,1008.39
319,28.62,37.88,36.34,44.64,1008.39
320,28.71,37.84,36.31,44.66,1008.39
321,28.80,37.84,36.28,44.67,1008.37
322,28.89,37.82,36.28,44.68,1008.36
323,28.98,37.83,36.27,44.66,1008.36
324,29.07,37.79,36.26,44.67,1008.37
325,29.16,37.79,36.25,44.69,1008.37
326,29.25,37.78,36.25,44.64,1008.37
327,29.34,37.77,36.24,44.69,1008.37
328,29.43,37.75,36.22,44.72,1008.36
329,29.52,37.73,36.22,44.71,1008.37
330,29.61,37.73,36.20,44.72,1008.37
331,29.70,37.71,36.21,44.72,1008.38
332,29.79,37.70,36.18,44.71,1008.37
333,29.88,37.68,36.17,44.72,1008.35
334,29.97,37.66,36.14,44.75,1008.35
335,30.06,37.64,36.13,44.79,1008.34
336,30.15,37.64,36.11,44.77,1008.34
337,30.24,37.63,36.11,44.78,1008.33
338,30.33,37.63,36.09,44.78,1008.33
339,30.42,37.61,36.09,44.79,1008.34
340,30.51,37.61,36.09,44.78,1008.33
341,30.60,37.59,36.08,44.80,1008.33
342,30.69,37.58,36.05,44.76,1008.33
343,30.78,37.57,36.03,44.75,1008.33
344,30.87,37.54,36.02,44.75,1008.32
345,30.96,37.53,36.01,44.80,1008.32
346,31.05,37.51,36.00,44.84,1008.33
347,31.14,37.49,35.96,44.88,1008.33
348,31.23,37.48,35.96,44.88,1008.32
349,31.32,37.47,35.95,44.86,1008.33
350,31.41,37.45,35.93,44.84,1008.32
351,31.50,37.43,35.92,44.84,1008.33
352,31.59,37.42,35.93,44.83,1008.33
353,31.68,37.40,35.90,44.84,1008.33
354,31.77,37.38,35.86,44.86,1008.33
355,31.86,37.35,35.84,44.87,1008.33
356,31.95,37.32,35.85,44.86,1008.32
357,32.04,37.30,35.83,44.86,1008.31
358,32.13,37.29,35.80,44.86,1008.33
359,32.22,37.27,35.79,44.87,1008.33
360,32.31,37.27,35.78,44.87,1008.33
361,32.40,37.25,35.77,44.87,1008.33
362,32.49,37.24,35.76,44.91,1008.34
363,32.58,37.21,35.74,44.91,1008.33
364,32.67,37.19,35.74,44.91,1008.35
365,32.76,37.18,35.72,44.94,1008.37
366,32.85,37.16,35.72,44.95,1008.37
367,32.94,37.14,35.69,44.95,1008.38
368,33.03,37.11,35.65,44.94,1008.38
369,33.12,37.09,35.63,44.90,1008.39
370,33.21,37.09,35.61,44.93,1008.39
371,33.30,37.07,35.58,44.92,1008.39
372,33.39,37.06,35.55,44.87,1008.39
373,33.48,37.03,35.52,44.88,1008.39
374,33.57,37.03,35.50,44.89,1008.39
375,33.66,37.01,35.47,44.90,1008.39
376,33.75,37.00,35.48,44.95,1008.40
377,33.84,36.98,35.46,44.93,1008.40
378,33.93,36.97,35.44,44.96,1008.40
379,34.02,36.95,35.43,44.96,1008.41
380,34.11,36.94,35.42,44.98,1008.40
381,34.20,36.93,35.40,44.99,1008.40
382,34.29,36.91,35.38,44.98,1008.40
383,34.38,36.90,35.36,45.00,1008.40
384,34.47,36.86,35.33,45.01,1008.40
385,34.56,36.85,35.29,44.99,1008.40
386,34.65,36.84,35.27,45.04,1008.39
387,34.74,36.82,35.27,45.02,1008.37
388,34.83,36.80,35.26,45.01,1008.36
389,34.92,36.78,35.26,45.00,1008.35
390,35.01,36.76,35.25,45.00,1008.35
391,35.10,36.75,35.23,45.05,1008.35
392,35.19,36.73,35.20,45.09,1008.35
393,35.28,36.70,35.21,45.10,1008.33
394,35.37,36.69,35.18,45.09,1008.33
395,35.46,36.66,35.19,45.10,1008.34
396,35.55,36.66,35.18,45.16,1008.31
397,35.64,36.63,35.17,45.18,1008.31
398,35.73,36.62,35.15,45.18,1008.30
399,35.82,36.60,35.14,45.18,1008.30
400,35.91,36.60,35.13,45.19,1008.31
401,36.00,36.58,35.12,45.21,1008.30
402,36.09,36.57,35.11,45.19,1008.29
403,36.18,36.58,35.10,45.19,1008.29
404,36.27,36.57,35.10,45.15,1008.28
405,36.36,36.55,35.09,45.15,1008.28
406,36.45,36.54,35.08,45.14,1008.26
407,36.54,36.51,35.07,45.12,1008.26
408,36.63,36.51,35.06,45.14,1008.26
409,36.72,36.49,35.06,45.13,1008.28
410,36.81,36.47,35.05,45.13,1008.28
411,36.90,36.46,35.03,45.12,1008.28
412,36.99,36.45,35.00,45.10,1008.29
413,37.08,36.43,34.99,45.04,1008.29
414,37.17,36.41,34.98,45.03,1008.29
415,37.26,36.39,34.97,45.03,1008.29
416,37.35,36.37,34.95,45.00,1008.30
417,37.44,36.35,34.93,44.98,1008.31
418,37.53,36.34,34.91,45.00,1008.31
419,37.62,36.33,34.90,45.03,1008.31
420,37.71,36.32,34.88,45.02,1008.32
421,37.80,36.29,34.89,45.05,1008.32
422,37.89,36.28,34.88,45.02,1008.33
423,37.98,36.28,34.86,45.01,1008.33
424,38.07,36.26,34.88,45.02,1008.34
425,38.16,36.25,34.85,45.04,1008.35
426,38.25,36.25,34.84,45.04,1008.35
427,38.34,36.24,34.82,45.03,1008.37
428,38.43,36.23,34.82,45.05,1008.37
429,38.52,36.24,34.81,45.04,1008.37
430,38.61,36.22,34.82,45.02,1008.38
431,38.70,36.19,34.79,45.02,1008.37
432,38.79,36.18,34.76,45.07,1008.37
433,38.88,36.14,34.76,45.08,1008.37
434,38.97,36.14,34.75,45.10,1008.37
435,39.06,36.13,34.75,45.10,1008.37
436,39.15,36.10,34.72,45.06,1008.36
437,39.24,36.07,34.68,45.08,1008.34
438,39.33,36.07,34.67,45.10,1008.35
439,39.42,36.06,34.67,45.09,1008.35
440,39.51,36.06,34.68,45.08,1008.34
441,39.60,36.03,34.66,45.08,1008.35
442,39.69,36.04,34.67,45.09,1008.35
443,39.78,36.04,34.66,45.08,1008.34
444,39.87,36.02,34.65,45.09,1008.35
445,39.96,36.00,34.64,45.12,1008.35
446,40.05,35.98,34.66,45.14,1008.34
447,40.14,35.97,34.63,45.18,1008.33
448,40.23,35.98,34.61,45.17,1008.32
449,40.32,35.95,34.60,45.15,1008.33
450,40.41,35.93,34.59,45.15,1008.32
451,40.50,35.91,34.58,45.15,1008.32
452,40.59,35.90,34.57,45.13,1008.32
453,40.68,35.91,34.56,45.12,1008.32
454,40.77,35.91,34.56,45.14,1008.32
455,40.86,35.89,34.55,45.15,1008.32
456,40.95,35.88,34.55,45.16,1008.32
457,41.04,35.88,34.54,45.19,1008.32
458,41.13,35.87,34.51,45.18,1008.32
459,41.22,35.85,34.48,45.17,1008.32
460,41.31,35.85,34.44,45.15,1008.31
461,41.40,35.85,34.44,45.16,1008.30
462,41.49,35.86,34.45,45.17,1008.29
463,41.58,35.84,34.43,45.12,1008.30
464,41.67,35.83,34.42,45.12,1008.29
465,41.76,35.82,34.40,45.10,1008.30
466,41.85,35.80,34.39,45.10,1008.29
467,41.94,35.78,34.36,45.13,1008.29
468,42.03,35.76,34.34,45.16,1008.28
469,42.12,35.75,34.33,45.16,1008.26
470,42.21,35.74,34.32,45.17,1008.25
471,42.30,35.71,34.30,45.21,1008.25
472,42.39,35.69,34.28,45.21,1008.25
473,42.48,35.68,34.25,45.20,1008.25
474,42.57,35.68,34.24,45.20,1008.27
475,42.66,35.65,34.23,45.21,1008.26
476,42.75,35.63,34.21,45.25,1008.27
477,42.84,35.61,34.21,45.26,1008.28
478,42.93,35.60,34.22,45.26,1008.30
479,43.02,35.60,34.20,45.30,1008.29
480,43.11,35.57,34.17,45.28,1008.30
481,43.20,35.55,34.16,45.29,1008.31
482,43.29,35.51,34.13,45.33,1008.30
483,43.38,35.51,34.10,45.33,1008.30
484,43.47,35.49,34.11,45.32,1008.32
485,43.56,35.48,34.08,45.31,1008.33
486,43.65,35.48,34.08,45.32,1008.34
487,43.74,35.46,34.07,45.29,1008.34
488,43.83,35.44,34.04,45.31,1008.34
489,43.92,35.43,34.05,45.32,1008.34
490,44.01,35.42,34.04,45.33,1008.35
491,44.10,35.40,34.01,45.32,1008.35
492,44.19,35.40,34.00,45.33,1008.35
493,44.28,35.37,34.00,45.34,1008.35
494,44.37,35.36,34.01,45.34,1008.35
495,44.46,35.36,33.98,45.36,1008.34
496,44.55,35.34,33.99,45.39,1008.34
497,44.64,35.32,33.96,45.40,1008.34
498,44.73,35.31,33.95,45.40,1008.34
499,44.82,35.29,33.92,45.40,1008.34
500,44.91,35.28,33.92,45.42,1008.34
501,45.00,35.28,33.93,45.44,1008.33
502,45.09,35.27,33.91,45.43,1008.33
503,45.18,35.27,33.89,45.43,1008.34
504,45.27,35.26,33.86,45.42,1008.33
505,45.36,35.24,33.86,45.41,1008.33
506,45.45,35.24,33.83,45.41,1008.33
507,45.54,35.22,33.85,45.41,1008.32
508,45.63,35.20,33.83,45.43,1008.31
509,45.72,35.20,33.81,45.43,1008.32
510,45.81,35.18,33.81,45.44,1008.30
511,45.90,35.14,33.77,45.43,1008.30
512,45.99,35.11,33.76,45.40,1008.29
513,46.08,35.12,33.75,45.36,1008.28
514,46.17,35.11,33.73,45.37,1008.28
515,46.26,35.11,33.74,45.38,1008.29
516,46.35,35.10,33.72,45.40,1008.28
517,46.44,35.08,33.73,45.42,1008.27
518,46.53,35.06,33.73,45.45,1008.26
519,46.62,35.06,33.71,45.43,1008.27
520,46.71,35.05,33.70,45.44,1008.26
521,46.80,35.03,33.71,45.44,1008.26
522,46.89,35.02,33.68,45.43,1008.26
523,46.98,35.02,33.70,45.45,1008.25
524,47.07,34.99,33.67,45.44,1008.25
525,47.16,34.98,33.66,45.44,1008.24
526,47.25,34.96,33.67,45.47,1008.25
527,47.34,34.94,33.66,45.48,1008.25
528,47.43,34.91,33.64,45.48,1008.24
529,47.52,34.90,33.62,45.47,1008.25
530,47.61,34.89,33.62,45.48,1008.25
531,47.70,34.88,33.60,45.46,1008.25
532,47.79,34.85,33.60,45.48,1008.26
533,47.88,34.87,33.57,45.46,1008.25
534,47.97,34.84,33.56,45.46,1008.26
535,48.06,34.83,33.56,45.43,1008.26
536,48.15,34.82,33.55,45.44,1008.26
537,48.24,34.81,33.50,45.42,1008.26
538,48.33,34.79,33.50,45.45,1008.27
539,48.42,34.77,33.50,45.48,1008.28
540,48.51,34.74,33.50,45.45,1008.29
541,48.60,34.71,33.49,45.44,1008.31
542,48.69,34.68,33.74,45.43,1008.31
543,48.78,34.64,33.50,45.43,1008.33
544,48.87,34.60,33.53,45.42,1008.32
545,48.96,34.55,33.49,45.46,1008.34
546,49.05,34.53,33.47,45.45,1008.36
547,49.14,34.49,33.48,45.46,1008.34
548,49.23,34.47,33.49,45.47,1008.34
549,49.32,34.47,33.49,45.48,1008.35
550,49.41,34.49,33.46,45.48,1008.36
551,49.50,34.51,33.45,45.49,1008.35
552,49.59,34.54,33.45,45.50,1008.36
553,49.68,34.56,33.43,45.49,1008.36
554,49.77,34.60,33.45,45.51,1008.38
555,49.86,34.59,33.45,45.48,1008.38
556,49.95,34.60,33.43,45.50,1008.39
557,50.04,34.59,33.40,45.49,1008.39
558,50.13,34.59,33.39,45.48,1008.40
559,50.22,34.58,33.40,45.48,1008.40
560,50.31,34.59,33.37,45.49,1008.39
561,50.40,34.57,33.36,45.50,1008.39
562,50.49,34.57,33.36,45.47,1008.39
563,50.58,34.54,33.36,45.50,1008.38
564,50.67,34.53,33.35,45.50,1008.36
565,50.76,34.52,33.31,45.55,1008.34
566,50.85,34.52,33.31,45.59,1008.35
567,50.94,34.51,33.30,45.59,1008.35
568,51.03,34.49,33.30,45.60,1008.34
569,51.12,34.49,33.28,45.60,1008.33
570,51.21,34.49,33.27,45.61,1008.32
571,51.30,34.48,33.25,45.59,1008.32
572,51.39,34.47,33.24,45.59,1008.32
573,51.48,34.47,33.23,45.57,1008.33
574,51.57,34.46,33.21,45.56,1008.33
575,51.66,34.44,33.19,45.56,1008.32
576,51.75,34.42,33.16,45.56,1008.32
577,51.84,34.40,33.14,45.56,1008.30
578,51.93,34.39,33.13,45.56,1008.31
579,52.02,34.39,33.13,45.56,1008.30
580,52.11,34.38,33.13,45.61,1008.30
581,52.20,34.37,33.12,45.61,1008.31
582,52.29,34.36,33.10,45.60,1008.30
583,52.38,34.35,33.10,45.57,1008.30
584,52.47,34.34,33.11,45.57,1008.28
585,52.56,34.33,33.11,45.56,1008.29
586,52.65,34.32,33.12,45.59,1008.30
587,52.74,34.30,33.11,45.59,1008.29
588,52.83,34.29,33.11,45.61,1008.30
589,52.92,34.28,33.06,45.64,1008.30
590,53.01,34.26,33.08,45.64,1008.29
591,53.10,34.24,33.07,45.62,1008.30
592,53.19,34.25,33.05,45.58,1008.30
593,53.28,34.24,33.05,45.60,1008.29
594,53.37,34.22,33.05,45.59,1008.29
595,53.46,34.21,33.01,45.56,1008.30
596,53.55,34.20,33.00,45.56,1008.32
597,53.64,34.17,32.98,45.56,1008.33
598,53.73,34.17,32.95,45.55,1008.32
599,53.82,34.17,32.94,45.56,1008.33
600,53.91,34.15,32.93,45.51,1008.32
601,54.00,34.14,32.93,45.51,1008.32
602,54.09,34.14,32.91,45.52,1008.34
603,54.18,34.14,32.91,45.48,1008.35
604,54.27,34.12,32.91,45.46,1008.33
605,54.36,34.11,32.89,45.46,1008.34
606,54.45,34.10,32.88,45.46,1008.36
607,54.54,34.08,32.87,45.47,1008.36
608,54.63,34.07,32.86,45.48,1008.38
609,54.72,34.05,32.83,45.49,1008.38
610,54.81,34.03,32.84,45.50,1008.38
611,54.90,34.02,32.86,45.49,1008.39
612,54.99,34.00,32.86,45.48,1008.39
613,55.08,33.99,32.86,45.47,1008.38
614,55.17,33.99,32.86,45.45,1008.37
615,55.26,33.98,32.86,45.46,1008.38
616,55.35,33.97,32.84,45.48,1008.37
617,55.44,33.96,32.84,45.47,1008.37
618,55.53,33.95,32.85,45.50,1008.36
619,55.62,33.94,32.84,45.50,1008.36
620,55.71,33.93,32.80,45.48,1008.36
621,55.80,33.92,32.79,45.47,1008.36
622,55.89,33.90,32.78,45.42,1008.37
623,55.98,33.89,32.77,45.40,1008.37
624,56.07,33.88,32.76,45.39,1008.37
625,56.16,33.87,32.74,45.43,1008.38
626,56.25,33.87,32.74,45.43,1008.38
627,56.34,33.85,32.73,45.44,1008.38
628,56.43,33.84,32.73,45.41,1008.37
629,56.52,33.83,32.69,45.41,1008.37
630,56.61,33.82,32.68,45.41,1008.36
631,56.70,33.80,32.67,45.39,1008.35
632,56.79,33.79,32.66,45.42,1008.36
633,56.88,33.77,32.65,45.41,1008.35
634,56.97,33.75,32.61,45.44,1008.34
635,57.06,33.74,32.59,45.49,1008.33
636,57.15,33.74,32.58,45.47,1008.32
637,57.24,33.74,32.58,45.44,1008.33
638,57.33,33.72,32.57,45.45,1008.32
639,57.42,33.72,32.56,45.47,1008.32
640,57.51,33.72,32.55,45.47,1008.33
641,57.60,33.71,32.54,45.44,1008.31
642,57.69,33.70,32.54,45.43,1008.29
643,57.78,33.69,32.53,45.41,1008.29
644,57.87,33.66,32.51,45.40,1008.29
645,57.96,33.66,32.49,45.42,1008.29
646,58.05,33.64,32.50,45.43,1008.30
647,58.14,33.62,32.49,45.42,1008.30
648,58.23,33.62,32.49,45.40,1008.30
649,58.32,33.60,32.49,45.37,1008.31
650,58.41,33.57,32.48,45.36,1008.29
651,58.50,33.56,32.46,45.36,1008.28
652,58.59,33.54,32.47,45.38,1008.29
653,58.68,33.53,32.45,45.38,1008.30
654,58.77,33.52,32.44,45.38,1008.32
655,58.86,33.53,32.42,45.39,1008.34
656,58.95,33.53,32.42,45.39,1008.33
657,59.04,33.53,32.42,45.39,1008.33
658,59.13,33.50,32.43,45.36,1008.33
659,59.22,33.52,32.44,45.36,1008.34
660,59.31,33.50,32.43,45.34,1008.35
661,59.40,33.50,32.40,45.37,1008.35
662,59.49,33.49,32.38,45.36,1008.35
663,59.58,33.47,32.36,45.33,1008.35
664,59.67,33.46,32.34,45.34,1008.35
665,59.76,33.46,32.36,45.32,1008.35
666,59.85,33.45,32.33,45.33,1008.36
667,59.94,33.45,32.35,45.34,1008.36
668,60.03,33.44,32.37,45.33,1008.36
669,60.12,33.43,32.35,45.31,1008.37
670,60.21,33.42,32.36,45.33,1008.36
671,60.30,33.40,32.38,45.33,1008.35
672,60.39,33.40,32.36,45.33,1008.36
673,60.48,33.39,32.35,45.35,1008.37
674,60.57,33.38,32.34,45.35,1008.37
675,60.66,33.38,32.32,45.31,1008.36
676,60.75,33.36,32.31,45.31,1008.37
677,60.84,33.36,32.28,45.33,1008.35
678,60.93,33.34,32.27,45.34,1008.36
679,61.02,33.32,32.27,45.34,1008.35
680,61.11,33.33,32.26,45.36,1008.36
681,61.20,33.32,32.25,45.36,1008.37
682,61.29,33.30,32.22,45.37,1008.36
683,61.38,33.28,32.21,45.38,1008.36
684,61.47,33.27,32.19,45.38,1008.36
685,61.56,33.26,32.20,45.38,1008.35
686,61.65,33.24,32.18,45.36,1008.33
687,61.74,33.23,32.15,45.32,1008.33
688,61.83,33.23,32.14,45.32,1008.32
689,61.92,33.25,32.13,45.29,1008.32
690,62.01,33.24,32.13,45.28,1008.32
691,62.10,33.22,32.12,45.28,1008.32
692,62.19,33.23,32.10,45.31,1008.30
693,62.28,33.22,32.09,45.32,1008.30
694,62.37,33.21,32.06,45.32,1008.30
695,62.46,33.21,32.05,45.31,1008.28
696,62.55,33.20,32.04,45.29,1008.28
697,62.64,33.49,32.03,45.28,1008.27
698,62.73,33.31,32.02,45.28,1008.27
699,62.82,33.17,32.01,45.27,1008.25
700,62.91,33.16,32.01,45.25,1008.25
701,63.00,33.15,32.01,45.23,1008.25
702,63.09,33.14,31.99,45.26,1008.25
703,63.18,33.13,31.99,45.26,1008.26
704,63.27,33.10,31.96,45.24,1008.26
705,63.36,33.08,31.96,45.23,1008.27
706,63.45,33.09,31.96,45.26,1008.28
707,63.54,33.09,31.93,45.28,1008.29
708,63.63,33.09,31.89,45.28,1008.30
709,63.72,33.07,31.89,45.28,1008.30
710,63.81,33.07,31.87,45.30,1008.30
711,63.90,33.06,31.87,45.31,1008.30
712,63.99,33.05,31.86,45.34,1008.31
713,64.08,33.02,31.84,45.33,1008.31
714,64.17,32.99,31.83,45.32,1008.31
715,64.26,33.00,31.81,45.27,1008.32
716,64.35,33.00,31.79,45.25,1008.34
717,64.44,33.00,31.76,45.24,1008.35
718,64.53,32.99,31.76,45.26,1008.35
719,64.62,32.99,31.77,45.27,1008.34
720,64.71,32.98,31.75,45.26,1008.33
721,64.80,32.96,31.75,45.25,1008.34
722,64.89,32.96,31.75,45.25,1008.34
723,64.98,32.94,31.76,45.24,1008.35
724,65.07,32.94,31.75,45.26,1008.36
725,65.16,32.92,31.75,45.22,1008.36
726,65.25,32.92,31.75,45.25,1008.37
727,65.34,32.90,31.75,45.28,1008.37
728,65.43,32.89,31.76,45.31,1008.35
729,65.52,32.89,31.77,45.31,1008.35
730,65.61,32.88,31.76,45.32,1008.35
731,65.70,32.86,31.75,45.32,1008.33
732,65.79,32.87,31.75,45.30,1008.34
733,65.88,32.86,31.75,45.30,1008.35
734,65.97,32.86,31.75,45.31,1008.35
735,66.06,32.85,31.74,45.30,1008.35
736,66.15,32.84,31.71,45.31,1008.34
737,66.24,32.82,31.71,45.31,1008.33
738,66.33,32.81,31.72,45.30,1008.34
739,66.42,32.81,31.71,45.31,1008.33
740,66.51,32.79,31.69,45.29,1008.33
741,66.60,32.78,31.70,45.29,1008.34
742,66.69,32.77,31.73,45.29,1008.32
743,66.78,32.76,31.72,45.33,1008.31
744,66.87,32.76,31.70,45.27,1008.33
745,66.96,32.75,31.68,45.30,1008.31
746,67.05,32.75,31.67,45.32,1008.31
747,67.14,32.75,31.66,45.30,1008.31
748,67.23,32.76,31.67,45.31,1008.29
749,67.32,32.74,31.66,45.31,1008.29
750,67.41,32.72,31.68,45.31,1008.29
751,67.50,32.71,31.67,45.28,1008.29
752,67.59,32.70,31.67,45.29,1008.28
753,67.68,32.68,31.67,45.31,1008.27
754,67.77,32.67,31.67,45.32,1008.27
755,67.86,32.67,31.66,45.31,1008.27
756,67.95,32.66,31.67,45.33,1008.27
757,68.04,32.64,31.65,45.33,1008.27
758,68.13,32.63,31.63,45.38,1008.26
759,68.22,32.63,31.61,45.39,1008.27
760,68.31,32.62,31.61,45.39,1008.27
761,68.40,32.61,31.60,45.37,1008.26
762,68.49,32.60,31.61,45.39,1008.25
763,68.58,32.57,31.61,45.37,1008.27
764,68.67,32.56,31.61,45.35,1008.26
765,68.76,32.54,31.60,45.34,1008.28
766,68.85,32.51,31.58,45.31,1008.29
767,68.94,32.52,31.57,45.36,1008.28
768,69.03,32.51,31.54,45.38,1008.28
769,69.12,32.51,31.55,45.40,1008.29
770,69.21,32.50,31.54,45.37,1008.29
771,69.30,32.50,31.52,45.40,1008.29
772,69.39,32.48,31.50,45.41,1008.30
773,69.48,32.46,31.48,45.41,1008.30
774,69.57,32.46,31.47,45.41,1008.31
775,69.66,32.46,31.48,45.38,1008.31
776,69.75,32.47,31.46,45.42,1008.32
777,69.84,32.46,31.45,45.46,1008.32
778,69.93,32.47,31.44,45.48,1008.32
779,70.02,32.46,31.43,45.48,1008.32
780,70.11,32.46,31.41,45.44,1008.32
781,70.20,32.46,31.41,45.42,1008.33
782,70.29,32.44,31.41,45.40,1008.33
783,70.38,32.44,31.41,45.37,1008.35
784,70.47,32.44,31.40,45.37,1008.36
785,70.56,32.43,31.39,45.39,1008.35
786,70.65,32.41,31.37,45.40,1008.36
787,70.74,32.41,31.36,45.39,1008.36
788,70.83,32.40,31.35,45.39,1008.36
789,70.92,32.39,31.34,45.38,1008.37
790,71.01,32.38,31.34,45.35,1008.38
791,71.10,32.37,31.33,45.35,1008.38
792,71.19,32.35,31.33,45.34,1008.38
793,71.28,32.35,31.32,45.32,1008.39
794,71.37,32.33,31.32,45.34,1008.38
795,71.46,32.33,31.32,45.38,1008.38
796,71.55,32.33,31.32,45.38,1008.37
797,71.64,32.32,31.33,45.39,1008.39
798,71.73,32.32,31.30,45.42,1008.40
799,71.82,32.31,31.30,45.41,1008.39
800,71.91,32.28,31.30,45.39,1008.37
801,72.00,32.29,31.30,45.39,1008.36
802,72.09,32.29,31.28,45.37,1008.35
803,72.18,32.26,31.26,45.38,1008.34
804,72.27,32.24,31.25,45.34,1008.34
805,72.36,32.24,31.24,45.33,1008.33
806,72.45,32.23,31.23,45.36,1008.33
807,72.54,32.24,31.21,45.35,1008.32
808,72.63,32.24,31.20,45.34,1008.33
809,72.72,32.23,31.20,45.34,1008.33
810,72.81,32.23,31.20,45.33,1008.34
811,72.90,32.22,31.17,45.33,1008.33
812,72.99,32.21,31.16,45.32,1008.33
813,73.08,32.20,31.13,45.33,1008.33
814,73.17,32.19,31.17,45.33,1008.34
815,73.26,32.18,31.17,45.33,1008.33
816,73.35,32.16,31.18,45.34,1008.32
817,73.44,32.15,31.19,45.32,1008.31
818,73.53,32.14,31.19,45.34,1008.30
819,73.62,32.15,31.18,45.34,1008.29
820,73.71,32.13,31.18,45.34,1008.29
821,73.80,32.13,31.18,45.36,1008.28
822,73.89,32.12,31.17,45.36,1008.30
823,73.98,32.12,31.16,45.35,1008.30
824,74.07,32.11,31.15,45.32,1008.30
825,74.16,32.12,31.13,45.29,1008.28
826,74.25,32.11,31.15,45.31,1008.29
827,74.34,32.11,31.16,45.30,1008.29
828,74.43,32.11,31.18,45.32,1008.30
829,74.52,32.11,31.18,45.31,1008.30
830,74.61,32.12,31.16,45.33,1008.30
831,74.70,32.12,31.15,45.30,1008.31
832,74.79,32.10,31.13,45.28,1008.32
833,74.88,32.08,31.13,45.31,1008.33
834,74.97,32.06,31.14,45.31,1008.34
835,75.06,32.04,31.13,45.32,1008.34
836,75.15,32.04,31.13,45.29,1008.35
837,75.24,32.01,31.12,45.29,1008.34
838,75.33,32.01,31.13,45.30,1008.35
839,75.42,31.99,31.11,45.26,1008.36
840,75.51,32.00,31.09,45.27,1008.37
841,75.60,31.99,31.11,45.25,1008.37
842,75.69,31.99,31.10,45.25,1008.36
843,75.78,31.98,31.12,45.24,1008.37
844,75.87,31.98,31.11,45.23,1008.38
845,75.96,31.98,31.10,45.24,1008.38
846,76.05,31.98,31.08,45.20,1008.39
847,76.14,31.97,31.07,45.20,1008.39
848,76.23,31.97,31.07,45.23,1008.40
849,76.32,31.96,31.08,45.22,1008.40
850,76.41,31.94,31.07,45.21,1008.39
851,76.50,31.95,31.06,45.17,1008.39
852,76.59,31.94,31.05,45.12,1008.39
853,76.68,31.93,31.04,45.12,1008.39
854,76.77,31.90,31.05,45.11,1008.39
855,76.86,31.91,31.03,45.14,1008.40
856,76.95,31.88,31.04,45.11,1008.40
857,77.04,31.89,31.01,45.12,1008.39
858,77.13,31.87,31.00,45.12,1008.39
859,77.22,31.85,31.00,45.11,1008.38
860,77.31,31.85,31.00,45.13,1008.38
861,77.40,31.83,30.98,45.11,1008.38
862,77.49,31.83,30.98,45.10,1008.37
863,77.58,31.82,30.95,45.08,1008.37
864,77.67,31.80,30.97,45.09,1008.38
865,77.76,31.80,30.97,45.07,1008.37
866,77.85,31.80,30.96,45.11,1008.36
867,77.94,31.79,30.94,45.13,1008.35
868,78.03,31.78,30.95,45.16,1008.34
869,78.12,31.78,30.93,45.16,1008.32
870,78.21,31.77,30.90,45.18,1008.32
871,78.30,31.75,30.91,45.17,1008.32
872,78.39,31.76,30.90,45.14,1008.32
873,78.48,31.76,30.87,45.17,1008.32
874,78.57,31.74,30.88,45.16,1008.31
875,78.66,31.74,30.86,45.17,1008.31
876,78.75,31.73,30.87,45.19,1008.31
877,78.84,31.73,30.85,45.21,1008.30
878,78.93,31.72,30.84,45.21,1008.30
879,79.02,31.71,30.83,45.23,1008.29
880,79.11,31.69,30.84,45.25,1008.31
881,79.20,31.69,30.82,45.22,1008.30
882,79.29,31.67,30.82,45.20,1008.30
883,79.38,31.67,30.80,45.21,1008.31
884,79.47,31.65,30.79,45.25,1008.30
885,79.56,31.65,30.80,45.25,1008.30
886,79.65,31.65,30.79,45.24,1008.32
887,79.74,31.65,30.76,45.24,1008.32
888,79.83,31.65,30.76,45.24,1008.33
889,79.92,31.65,30.76,45.26,1008.33
890,80.01,31.64,30.74,45.26,1008.33
891,80.10,31.63,30.73,45.28,1008.33
892,80.19,31.64,30.73,45.28,1008.34
893,80.28,31.62,30.71,45.28,1008.34
894,80.37,31.60,30.71,45.26,1008.35
895,80.46,31.59,30.71,45.27,1008.34
896,80.55,31.58,30.71,45.26,1008.35
897,80.64,31.57,30.69,45.26,1008.35
898,80.73,31.56,30.68,45.25,1008.34
899,80.82,31.55,30.65,45.24,1008.35
900,80.91,31.54,30.66,45.26,1008.37
901,81.00,31.53,30.64,45.22,1008.37
902,81.09,31.54,30.64,45.19,1008.38
903,81.18,31.55,30.64,45.19,1008.38
904,81.27,31.54,30.64,45.21,1008.36
905,81.36,31.52,30.62,45.19,1008.36
906,81.45,31.51,30.63,45.21,1008.36
907,81.54,31.52,30.60,45.25,1008.37
908,81.63,31.52,30.60,45.29,1008.37
909,81.72,31.52,30.62,45.29,1008.36
910,81.81,31.51,30.60,45.29,1008.35
911,81.90,31.50,30.60,45.26,1008.36
912,81.99,31.52,30.59,45.29,1008.36
913,82.08,31.50,30.57,45.31,1008.35
914,82.17,31.50,30.55,45.29,1008.37
915,82.26,31.50,30.53,45.30,1008.37
916,82.35,31.48,30.53,45.32,1008.39
917,82.44,31.48,30.53,45.32,1008.37
918,82.53,31.49,30.54,45.31,1008.35
919,82.62,31.47,30.54,45.32,1008.34
920,82.71,31.47,30.53,45.33,1008.33
921,82.80,31.46,30.54,45.31,1008.33
922,82.89,31.44,30.52,45.29,1008.34
923,82.98,31.44,30.53,45.28,1008.34
924,83.07,31.46,30.52,45.28,1008.34
925,83.16,31.45,30.50,45.27,1008.32
926,83.25,31.44,30.50,45.28,1008.32
927,83.34,31.43,30.49,45.23,1008.30
928,83.43,31.41,30.49,45.24,1008.29
929,83.52,31.42,30.49,45.22,1008.29
930,83.61,31.42,30.50,45.19,1008.28
931,83.70,31.41,30.50,45.19,1008.29
932,83.79,31.40,30.49,45.21,1008.29
933,83.88,31.39,30.49,45.22,1008.29
934,83.97,31.39,30.48,45.24,1008.28
935,84.06,31.40,30.48,45.26,1008.28
936,84.15,31.39,30.46,45.25,1008.27
937,84.24,31.40,30.46,45.24,1008.27
938,84.33,31.38,30.47,45.25,1008.27
939,84.42,31.39,30.46,45.26,1008.27
940,84.51,31.40,30.47,45.24,1008.27
941,84.60,31.38,30.47,45.22,1008.29
942,84.69,31.36,30.45,45.21,1008.29
943,84.78,31.35,30.45,45.19,1008.30
944,84.87,31.35,30.45,45.20,1008.29
945,84.96,31.33,30.45,45.25,1008.30
946,85.05,31.32,30.44,45.21,1008.30
947,85.14,31.30,30.44,45.20,1008.31
948,85.23,31.30,30.41,45.25,1008.31
949,85.32,31.28,30.40,45.25,1008.31
950,85.41,31.28,30.38,45.26,1008.31
951,85.50,31.27,30.39,45.30,1008.32
952,85.59,31.27,30.39,45.29,1008.33
953,85.68,31.27,30.40,45.31,1008.33
954,85.77,31.28,30.41,45.30,1008.34
955,85.86,31.28,30.40,45.32,1008.34
956,85.95,31.31,30.39,45.32,1008.33
957,86.04,31.29,30.38,45.30,1008.34
958,86.13,31.27,30.37,45.27,1008.34
959,86.22,31.26,30.35,45.32,1008.35
960,86.31,31.24,30.36,45.33,1008.34
961,86.40,31.23,30.36,45.35,1008.36
962,86.49,31.23,30.35,45.33,1008.37
963,86.58,31.22,30.35,45.34,1008.37
964,86.67,31.20,30.34,45.34,1008.37
965,86.76,31.18,30.34,45.33,1008.37
966,86.85,31.15,30.36,45.33,1008.37
967,86.94,31.15,30.35,45.33,1008.39
968,87.03,31.14,30.34,45.33,1008.39
969,87.12,31.12,30.34,45.32,1008.38
970,87.21,31.12,30.33,45.30,1008.40
971,87.30,31.11,30.31,45.31,1008.40
972,87.39,31.10,30.30,45.29,1008.38
973,87.48,31.10,30.31,45.29,1008.37
974,87.57,31.07,30.31,45.31,1008.36
975,87.66,31.08,30.31,45.31,1008.35
976,87.75,31.07,30.30,45.28,1008.35
977,87.84,31.05,30.29,45.32,1008.34
978,87.93,31.06,30.28,45.35,1008.33
979,88.02,31.08,30.29,45.35,1008.32
980,88.11,31.07,30.26,45.33,1008.31
981,88.20,31.07,30.27,45.32,1008.30
982,88.29,31.06,30.26,45.29,1008.30
983,88.38,31.07,30.27,45.27,1008.29
984,88.47,31.06,30.27,45.28,1008.29
985,88.56,31.04,30.29,45.28,1008.29
986,88.65,31.02,30.27,45.28,1008.29
987,88.74,31.02,30.26,45.27,1008.29
988,88.83,31.02,30.23,45.32,1008.27
989,88.92,31.00,30.22,45.32,1008.27
990,89.01,31.01,30.20,45.34,1008.28
991,89.10,31.00,30.19,45.32,1008.28
992,89.19,30.99,30.20,45.31,1008.28
993,89.28,31.01,30.17,45.32,1008.28
994,89.37,30.99,30.18,45.37,1008.29
995,89.46,30.97,30.17,45.35,1008.28
996,89.55,30.95,30.16,45.35,1008.28
997,89.64,30.95,30.16,45.36,1008.28
998,89.73,30.93,30.17,45.34,1008.28
999,89.82,30.95,30.15,45.33,1008.28
1000,89.91,30.95,30.14,45.31,1008.27
1001,90.00,30.94,30.13,45.33,1008.26
1002,90.09,30.93,30.14,45.35,1008.26
1003,90.18,30.93,30.13,45.34,1008.26
1004,90.27,30.91,30.11,45.33,1008.26
1005,90.36,30.92,30.10,45.33,1008.27
1006,90.45,30.92,30.10,45.32,1008.28
1007,90.54,30.90,30.08,45.32,1008.28
1008,90.63,30.89,30.08,45.32,1008.28
1009,90.72,30.88,30.08,45.31,1008.27
1010,90.81,30.88,30.07,45.31,1008.27
1011,90.90,30.87,30.08,45.30,1008.28
1012,90.99,30.87,30.09,45.29,1008.28
1013,91.08,30.86,30.10,45.27,1008.29
1014,91.17,30.87,30.08,45.27,1008.30
1015,91.26,30.85,30.09,45.28,1008.29
1016,91.35,30.85,30.07,45.30,1008.31
1017,91.44,30.84,30.07,45.31,1008.32
1018,91.53,30.83,30.05,45.30,1008.32
1019,91.62,30.81,30.07,45.32,1008.33
1020,91.71,30.81,30.07,45.28,1008.34
1021,91.80,30.82,30.05,45.25,1008.34
1022,91.89,30.81,30.03,45.24,1008.35
1023,91.98,30.81,30.04,45.25,1008.35
1024,92.07,30.80,30.03,45.27,1008.36
1025,92.16,30.81,30.03,45.27,1008.37
1026,92.25,30.80,30.02,45.23,1008.36
1027,92.34,30.78,30.04,45.24,1008.37
1028,92.43,30.78,30.03,45.26,1008.38
1029,92.52,30.78,30.03,45.26,1008.37
1030,92.61,30.78,30.05,45.25,1008.37
1031,92.70,30.77,30.02,45.25,1008.37
1032,92.79,30.77,30.03,45.30,1008.37
1033,92.88,30.77,30.03,45.34,1008.36
1034,92.97,30.76,30.05,45.31,1008.35
1035,93.06,30.77,30.03,45.32,1008.34
1036,93.15,30.75,30.03,45.38,1008.32
1037,93.24,30.74,30.03,45.37,1008.32
1038,93.33,30.74,30.03,45.38,1008.33
1039,93.42,30.76,30.02,45.39,1008.32
1040,93.51,30.76,30.01,45.38,1008.32
1041,93.60,30.75,30.00,45.33,1008.32
1042,93.69,30.73,30.00,45.33,1008.32
1043,93.78,30.73,29.99,45.34,1008.32
1044,93.87,30.71,30.01,45.34,1008.32
1045,93.96,30.72,29.99,45.36,1008.32
1046,94.05,30.71,30.00,45.37,1008.31
1047,94.14,30.71,30.00,45.33,1008.20
1048,94.23,30.70,29.98,45.31,1008.27
1049,94.32,30.69,29.98,45.30,1008.30
1050,94.41,30.70,29.95,45.27,1008.30
1051,94.50,30.70,29.95,45.28,1008.29
1052,94.59,30.69,29.96,45.31,1008.29
1053,94.68,30.70,29.96,45.31,1008.29
1054,94.77,30.69,29.97,45.31,1008.29
1055,94.86,30.69,29.96,45.33,1008.28
1056,94.95,30.68,29.95,45.33,1008.29
1057,95.04,30.67,29.94,45.33,1008.29
1058,95.13,30.66,29.92,45.36,1008.27
1059,95.22,30.67,29.93,45.37,1008.28
1060,95.31,30.66,29.94,45.35,1008.28
1061,95.40,30.65,29.91,45.36,1008.28
1062,95.49,30.67,29.91,45.37,1008.27
1063,95.58,30.65,29.91,45.37,1008.28
1064,95.67,30.67,29.90,45.35,1008.29
1065,95.76,30.64,29.90,45.38,1008.30
1066,95.85,30.63,29.92,45.38,1008.31
1067,95.94,30.65,29.94,45.38,1008.31
1068,96.03,30.65,29.94,45.39,1008.32
1069,96.12,30.65,29.93,45.40,1008.31
1070,96.21,30.67,29.89,45.37,1008.30
1071,96.30,30.66,29.86,45.39,1008.29
1072,96.39,30.65,29.86,45.34,1008.31
1073,96.48,30.65,29.86,45.35,1008.31
1074,96.57,30.63,29.85,45.36,1008.31
1075,96.66,30.63,29.83,45.36,1008.33
1076,96.75,30.62,29.80,45.38,1008.34
1077,96.84,30.62,29.81,45.36,1008.33
1078,96.93,30.60,29.82,45.34,1008.33
1079,97.02,30.59,29.82,45.36,1008.33
1080,97.11,30.58,29.82,45.37,1008.33
1081,97.20,30.58,29.80,45.37,1008.34
1082,97.29,30.60,29.79,45.36,1008.34
1083,97.38,30.59,29.79,45.37,1008.34
1084,97.47,30.57,29.77,45.39,1008.37
1085,97.56,30.56,29.74,45.38,1008.36
1086,97.65,30.57,29.72,45.40,1008.36
1087,97.74,30.56,29.72,45.42,1008.36
1088,97.83,30.55,29.72,45.44,1008.36
1089,97.92,30.54,29.71,45.46,1008.36
1090,98.01,30.53,29.72,45.48,1008.37
1091,98.10,30.52,29.74,45.46,1008.36
1092,98.19,30.53,29.72,45.47,1008.35
1093,98.28,30.51,29.72,45.46,1008.34
1094,98.37,30.52,29.71,45.45,1008.35
1095,98.46,30.52,29.71,45.47,1008.35
1096,98.55,30.84,29.69,45.47,1008.35
1097,98.64,30.64,29.69,45.50,1008.34
1098,98.73,30.51,29.70,45.52,1008.34
1099,98.82,30.49,29.69,45.49,1008.34
1100,98.91,30.48,29.66,45.51,1008.34
1101,99.00,30.47,29.67,45.50,1008.33
1102,99.09,30.45,29.66,45.47,1008.32
1103,99.18,30.44,29.66,45.46,1008.32
1104,99.27,30.44,29.63,45.45,1008.31
1105,99.36,30.42,29.64,45.47,1008.30
1106,99.45,30.40,29.62,45.46,1008.30
1107,99.54,30.39,29.61,45.45,1008.30
1108,99.63,30.38,29.61,45.42,1008.30
1109,99.72,30.39,29.63,45.41,1008.30
1110,99.81,30.40,29.62,45.37,1008.30
1111,99.90,30.40,29.63,45.38,1008.30
1112,99.99,30.40,29.61,45.38,1008.29
1113,100.08,30.40,29.61,45.39,1008.28
1114,100.17,30.40,29.61,45.40,1008.28
1115,100.26,30.39,29.59,45.41,1008.27
1116,100.35,30.39,29.58,45.38,1008.28
1117,100.44,30.37,29.59,45.37,1008.29
1118,100.53,30.37,29.59,45.33,1008.30
1119,100.62,30.38,29.58,45.32,1008.29
1120,100.71,30.36,29.58,45.31,1008.29
1121,100.80,30.36,29.57,45.30,1008.29
1122,100.89,30.36,29.56,45.25,1008.29
1123,100.98,30.36,29.54,45.25,1008.29
1124,101.07,30.35,29.53,45.25,1008.30
1125,101.16,30.37,29.55,45.27,1008.29
1126,101.25,30.35,29.56,45.22,1008.30
1127,101.34,30.35,29.56,45.24,1008.30
1128,101.43,30.36,29.56,45.22,1008.32
1129,101.52,30.37,29.57,45.27,1008.32
1130,101.61,30.36,29.59,45.27,1008.32
1131,101.70,30.35,29.58,45.27,1008.34
1132,101.79,30.36,29.58,45.31,1008.34
1133,101.88,30.35,29.58,45.29,1008.34
1134,101.97,30.33,29.59,45.30,1008.35
1135,102.06,30.32,29.59,45.30,1008.36
1136,102.15,30.32,29.58,45.31,1008.36
1137,102.24,30.31,29.56,45.36,1008.37
1138,102.33,30.32,29.53,45.40,1008.37
1139,102.42,30.33,29.52,45.40,1008.38
1140,102.51,30.29,29.51,45.41,1008.39
1141,102.60,30.28,29.51,45.99,1008.38
1142,102.69,30.29,29.52,45.39,1008.38
1143,102.78,30.28,29.53,45.38,1008.37
1144,102.87,30.26,29.54,45.39,1008.37
1145,102.96,30.26,29.53,45.37,1008.37
1146,103.05,30.26,29.53,45.35,1008.36
1147,103.14,30.27,29.53,45.37,1008.37
1148,103.23,30.26,29.56,45.38,1008.38
1149,103.32,30.23,29.56,45.36,1008.37
1150,103.41,30.24,29.56,45.35,1008.37
1151,103.50,30.25,29.57,45.40,1008.37
1152,103.59,30.26,29.55,45.43,1008.37
1153,103.68,30.26,29.55,45.45,1008.36
1154,103.77,30.26,29.52,45.44,1008.33
1155,103.86,30.26,29.49,45.44,1008.32
1156,103.95,30.27,29.50,45.43,1008.32
1157,104.04,30.27,29.50,45.40,1008.31
1158,104.13,30.27,29.48,45.39,1008.30
1159,104.22,30.28,29.50,45.39,1008.31
1160,104.31,30.26,29.50,45.41,1008.30
1161,104.40,30.25,29.49,45.40,1008.29
1162,104.49,30.25,29.49,45.42,1008.28
1163,104.58,30.25,29.50,45.40,1008.29
1164,104.67,30.23,29.48,45.40,1008.29
1165,104.76,30.21,29.47,45.40,1008.29
1166,104.85,30.19,29.48,45.37,1008.29
1167,104.94,30.18,29.50,45.36,1008.28
1168,105.03,30.17,29.49,45.37,1008.28
1169,105.12,30.18,29.49,45.42,1008.27
1170,105.21,30.18,29.50,45.42,1008.27
1171,105.30,30.16,29.51,45.39,1008.26
1172,105.39,30.17,29.50,45.39,1008.26
1173,105.48,30.19,29.50,45.37,1008.27
1174,105.57,30.18,29.50,45.36,1008.26
1175,105.66,30.17,29.50,45.35,1008.26
1176,105.75,30.18,29.49,45.35,1008.27
1177,105.84,30.18,29.49,45.37,1008.26
1178,105.93,30.18,29.48,45.37,1008.27
1179,106.02,30.18,29.48,45.35,1008.28
1180,106.11,30.17,29.49,45.35,1008.29
1181,106.20,30.17,29.48,45.36,1008.29
1182,106.29,30.18,29.46,45.40,1008.30
1183,106.38,30.20,29.46,45.37,1008.29
1184,106.47,30.18,29.45,45.37,1008.29
1185,106.56,30.20,29.44,45.40,1008.30
1186,106.65,30.19,29.43,45.42,1008.30
1187,106.74,30.19,29.43,45.40,1008.30
1188,106.83,30.21,29.42,45.39,1008.32
1189,106.92,30.21,29.41,45.41,1008.31
1190,107.01,30.22,29.40,45.39,1008.32
1191,107.10,30.22,29.40,45.42,1008.33
1192,107.19,30.22,29.40,45.43,1008.34
1193,107.28,30.23,29.39,45.43,1008.34
1194,107.37,30.23,29.37,45.41,1008.35
1195,107.46,30.25,29.35,45.40,1008.37
1196,107.55,30.26,29.34,45.40,1008.36
1197,107.64,30.26,29.35,45.40,1008.36
1198,107.73,30.27,29.33,45.41,1008.37
1199,107.82,30.26,29.33,45.41,1008.39
1200,107.91,30.25,29.32,45.43,1008.38
1201,108.00,30.25,29.29,45.41,1008.39
1202,108.09,30.24,29.28,45.44,1008.39
1203,108.18,30.20,29.30,45.44,1008.38
1204,108.27,30.20,29.29,45.44,1008.38
1205,108.36,30.19,29.28,45.44,1008.37
1206,108.45,30.17,29.27,45.43,1008.37
1207,108.54,30.17,29.28,45.42,1008.38
1208,108.63,30.17,29.26,45.39,1008.38
1209,108.72,30.17,29.27,45.37,1008.38
1210,108.81,30.15,29.26,45.37,1008.37
1211,108.90,30.13,29.26,45.35,1008.37
1212,108.99,30.10,29.27,45.35,1008.37
1213,109.08,30.09,29.27,45.37,1008.37
1214,109.17,30.08,29.27,45.39,1008.36
1215,109.26,30.05,29.28,45.39,1008.35
1216,109.35,30.05,29.30,45.39,1008.34
1217,109.44,30.06,29.30,45.38,1008.32
1218,109.53,30.04,29.28,45.35,1008.31
1219,109.62,30.03,29.28,45.35,1008.30
1220,109.71,30.01,29.26,45.33,1008.29
1221,109.80,30.01,29.25,45.32,1008.29
1222,109.89,30.01,29.25,45.32,1008.29
1223,109.98,30.00,29.25,45.30,1008.30
1224,110.07,29.99,29.26,45.27,1008.28
1225,110.16,29.98,29.25,45.26,1008.28
1226,110.25,29.98,29.24,45.28,1008.28
1227,110.34,29.96,29.23,45.27,1008.27
1228,110.43,29.95,29.23,45.25,1008.26
1229,110.52,29.94,29.22,45.25,1008.26
1230,110.61,29.93,29.22,45.26,1008.26
1231,110.70,29.93,29.22,45.24,1008.26
1232,110.79,29.92,29.18,45.22,1008.27
1233,110.88,29.91,29.20,45.25,1008.26
1234,110.97,29.90,29.20,45.25,1008.26
1235,111.06,29.90,29.20,45.26,1008.27
1236,111.15,29.89,29.18,45.27,1008.26
1237,111.24,29.88,29.17,45.25,1008.27
1238,111.33,29.87,29.19,45.24,1008.27
1239,111.42,29.87,29.18,45.24,1008.28
1240,111.51,29.87,29.19,45.24,1008.28
1241,111.60,29.86,29.18,45.20,1008.27
1242,111.69,29.86,29.17,45.19,1008.26
1243,111.78,29.86,29.19,45.21,1008.26
1244,111.87,29.86,29.19,45.18,1008.26
1245,111.96,29.86,29.19,45.23,1008.26
1246,112.05,29.85,29.18,45.25,1008.28
1247,112.14,29.86,29.17,45.24,1008.29
1248,112.23,29.83,29.17,45.21,1008.30
1249,112.32,29.84,29.18,45.22,1008.30
1250,112.41,29.84,29.18,45.26,1008.30
1251,112.50,29.83,29.18,45.22,1008.32
1252,112.59,29.83,29.17,45.23,1008.34
1253,112.68,29.83,29.15,45.21,1008.34
1254,112.77,29.83,29.16,45.22,1008.32
1255,112.86,29.84,29.17,45.23,1008.33
1256,112.95,29.83,29.17,45.24,1008.33
1257,113.04,29.82,29.19,45.24,1008.33
1258,113.13,29.82,29.17,45.24,1008.35
1259,113.22,29.81,29.19,45.25,1008.36
1260,113.31,29.81,29.19,45.21,1008.37
1261,113.40,29.81,29.18,45.19,1008.36
1262,113.49,29.81,29.17,45.22,1008.36
1263,113.58,29.83,29.17,45.25,1008.37
1264,113.67,29.83,29.16,45.23,1008.38
1265,113.76,29.81,29.15,45.20,1008.37
1266,113.85,29.82,29.15,45.21,1008.37
1267,113.94,29.80,29.17,45.20,1008.37
1268,114.03,29.82,29.17,45.20,1008.37
1269,114.12,29.82,29.16,45.19,1008.36
1270,114.21,29.80,29.18,45.19,1008.36
1271,114.30,29.80,29.18,45.16,1008.37
1272,114.39,29.79,29.18,45.18,1008.36
1273,114.48,29.77,29.17,45.19,1008.35
1274,114.57,29.75,29.17,45.19,1008.36
1275,114.66,29.76,29.15,45.18,1008.34
1276,114.75,29.75,29.15,45.16,1008.31
1277,114.84,29.75,29.15,45.15,1008.30
1278,114.93,29.74,29.16,45.17,1008.30
1279,115.02,29.73,29.17,45.16,1008.31
1280,115.11,29.74,29.18,45.15,1008.30
1281,115.20,29.73,29.19,45.16,1008.30
1282,115.29,29.73,29.16,45.14,1008.29
1283,115.38,29.71,29.14,45.13,1008.30
1284,115.47,29.70,29.13,45.15,1008.29
1285,115.56,29.69,29.14,45.16,1008.30
1286,115.65,29.69,29.13,45.17,1008.29
1287,115.74,29.69,29.13,45.19,1008.29
1288,115.83,29.69,29.12,45.20,1008.29
1289,115.92,29.69,29.10,45.19,1008.29
1290,116.01,29.69,29.09,45.18,1008.29
1291,116.10,29.69,29.08,45.22,1008.30
1292,116.19,29.69,29.08,45.25,1008.30
1293,116.28,29.70,29.08,45.30,1008.28
1294,116.37,29.72,29.07,45.32,1008.28
1295,116.46,29.71,29.08,45.31,1008.27
1296,116.55,29.71,29.09,45.28,1008.27
1297,116.64,29.72,29.08,45.29,1008.27
1298,116.73,29.72,29.05,45.26,1008.28
1299,116.82,29.71,29.03,45.25,1008.30
1300,116.91,29.70,29.01,45.31,1008.28
1301,117.00,29.68,29.00,45.32,1008.29
1302,117.09,29.69,28.98,45.28,1008.28
1303,117.18,29.69,28.96,45.30,1008.29
1304,117.27,29.68,28.97,45.30,1008.29
1305,117.36,29.68,28.95,45.32,1008.29
1306,117.45,29.69,28.95,45.33,1008.28
1307,117.54,29.68,28.94,45.35,1008.29
1308,117.63,29.66,28.93,45.35,1008.29
1309,117.72,29.65,28.94,45.37,1008.29
1310,117.81,29.64,28.92,45.38,1008.29
1311,117.90,29.64,28.92,45.39,1008.31
1312,117.99,29.64,28.90,45.39,1008.30
1313,118.08,29.63,28.91,45.41,1008.32
1314,118.17,29.65,28.90,45.39,1008.31
1315,118.26,29.64,28.90,45.43,1008.31
1316,118.35,29.64,28.89,45.44,1008.31
1317,118.44,29.62,28.89,45.43,1008.31
1318,118.53,29.62,28.90,45.45,1008.32
1319,118.62,29.62,28.90,45.45,1008.34
1320,118.71,29.61,28.90,45.45,1008.36
1321,118.80,29.61,28.90,45.44,1008.36
1322,118.89,29.60,28.90,45.46,1008.37
1323,118.98,29.60,28.90,45.49,1008.38
1324,119.07,29.59,28.91,45.49,1008.38
1325,119.16,29.58,28.91,45.49,1008.39
1326,119.25,29.58,28.90,45.48,1008.39
1327,119.34,29.57,28.89,45.47,1008.38
1328,119.43,29.58,28.89,45.50,1008.39
1329,119.52,29.59,28.90,45.55,1008.38
1330,119.61,29.59,28.88,45.57,1008.38
1331,119.70,29.59,28.87,45.60,1008.38
1332,119.79,29.61,28.87,45.62,1008.37
1333,119.88,29.59,28.86,45.60,1008.38
1334,119.97,29.56,28.84,45.65,1008.37
1335,120.06,29.55,28.84,45.65,1008.37
1336,120.15,29.54,28.85,45.63,1008.36
1337,120.24,29.52,28.82,45.64,1008.35
1338,120.33,29.52,28.80,45.66,1008.34
1339,120.42,29.52,28.81,45.64,1008.32
1340,120.51,29.52,28.81,45.63,1008.30
1341,120.60,29.52,28.80,45.65,1008.30
1342,120.69,29.53,28.83,45.65,1008.29
1343,120.78,29.54,28.84,45.66,1008.28
1344,120.87,29.52,28.86,45.67,1008.28
1345,120.96,29.51,28.86,45.65,1008.27
1346,121.05,29.51,28.87,45.64,1008.27
1347,121.14,29.50,28.86,45.64,1008.28
1348,121.23,29.48,28.86,45.58,1008.27
1349,121.32,29.47,28.86,45.58,1008.28
1350,121.41,29.47,28.86,45.57,1008.28
1351,121.50,29.45,28.88,45.58,1008.27
1352,121.59,29.45,28.89,45.56,1008.27
1353,121.68,29.45,28.90,45.56,1008.27
1354,121.77,29.44,28.92,45.54,1008.27
1355,121.86,29.43,28.92,45.54,1008.27
1356,121.95,29.43,28.92,45.50,1008.27
1357,122.04,29.42,28.93,45.51,1008.28
1358,122.13,29.42,28.92,45.48,1008.26
1359,122.22,29.42,28.90,45.44,1008.26
1360,122.31,29.41,28.92,45.39,1008.25
1361,122.40,29.41,28.90,45.38,1008.26
1362,122.49,29.41,28.88,45.37,1008.26
1363,122.58,29.41,28.89,45.35,1008.27
1364,122.67,29.41,28.89,45.33,1008.28
1365,122.76,29.42,28.91,45.35,1008.29
1366,122.85,29.41,28.93,45.36,1008.30
1367,122.94,29.41,28.94,45.34,1008.31
1368,123.03,29.41,28.95,45.35,1008.31
1369,123.12,29.41,28.95,45.32,1008.32
1370,123.21,29.40,28.95,45.31,1008.33
1371,123.30,29.41,28.93,45.29,1008.33
1372,123.39,29.41,28.90,45.25,1008.34
1373,123.48,29.40,28.91,45.21,1008.34
1374,123.57,29.40,28.92,45.16,1008.35
1375,123.66,29.39,28.91,45.15,1008.34
1376,123.75,29.38,28.88,45.13,1008.35
1377,123.84,29.37,28.86,45.11,1008.36
1378,123.93,29.37,28.86,45.10,1008.36
1379,124.02,29.39,28.84,45.07,1008.36
1380,124.11,29.37,28.83,45.08,1008.36
1381,124.20,29.36,28.85,45.11,1008.38
1382,124.29,29.34,28.86,45.07,1008.37
1383,124.38,29.34,28.85,45.08,1008.37
1384,124.47,29.36,28.85,45.06,1008.37
1385,124.56,29.35,28.85,45.04,1008.37
1386,124.65,29.34,28.86,45.07,1008.38
1387,124.74,29.36,28.86,45.09,1008.38
1388,124.83,29.36,28.86,45.07,1008.37
1389,124.92,29.36,28.85,45.04,1008.37
1390,125.01,29.37,28.84,45.01,1008.38
1391,125.10,29.37,28.86,45.03,1008.37
1392,125.19,29.37,28.85,45.06,1008.36
1393,125.28,29.38,28.85,45.05,1008.36
1394,125.37,29.36,28.82,45.00,1008.36
1395,125.46,29.36,28.80,44.99,1008.36
1396,125.55,29.36,28.81,44.98,1008.36
1397,125.64,29.35,28.80,44.97,1008.36
1398,125.73,29.36,28.77,44.96,1008.35
1399,125.82,29.36,28.80,44.97,1008.33
1400,125.91,29.35,28.80,44.96,1008.33
1401,126.00,29.35,28.77,44.93,1008.33
1402,126.09,29.35,28.77,44.94,1008.33
1403,126.18,29.36,28.78,44.95,1008.33
1404,126.27,29.35,28.78,44.96,1008.32
1405,126.36,29.36,28.77,44.95,1008.31
1406,126.45,29.36,28.76,44.96,1008.31
1407,126.54,29.36,28.76,44.96,1008.30
1408,126.63,29.38,28.76,44.96,1008.30
1409,126.72,29.37,28.73,44.96,1008.29
1410,126.81,29.38,28.73,44.99,1008.30
1411,126.90,29.38,28.72,44.99,1008.30
1412,126.99,29.38,28.71,45.00,1008.30
1413,127.08,29.38,28.70,44.99,1008.29
1414,127.17,29.36,28.71,45.00,1008.28
1415,127.26,29.36,28.71,44.98,1008.28
1416,127.35,29.35,28.70,44.93,1008.28
1417,127.44,29.36,28.68,44.94,1008.28
1418,127.53,29.36,28.67,44.94,1008.29
1419,127.62,29.35,28.64,44.94,1008.28
1420,127.71,29.35,28.64,44.93,1008.30
1421,127.80,29.36,28.62,44.94,1008.30
1422,127.89,29.35,28.60,44.94,1008.32
1423,127.98,29.33,28.58,44.90,1008.31
1424,128.07,29.31,28.60,44.92,1008.31
1425,128.16,29.32,28.62,44.90,1008.31
1426,128.25,29.31,28.62,44.90,1008.32
1427,128.34,29.31,28.63,44.93,1008.33
1428,128.43,29.29,28.61,44.94,1008.34
1429,128.52,29.29,28.61,44.92,1008.33
1430,128.61,29.30,28.62,44.92,1008.35
1431,128.70,29.29,28.61,44.93,1008.35
1432,128.79,29.29,28.60,44.90,1008.35
1433,128.88,29.29,28.61,44.90,1008.36
1434,128.97,29.27,28.62,44.90,1008.38
1435,129.06,29.27,28.62,44.90,1008.39
1436,129.15,29.29,28.61,44.92,1008.40
1437,129.24,29.28,28.60,44.93,1008.38
1438,129.33,29.28,28.60,44.89,1008.38
1439,129.42,29.28,28.60,44.95,1008.39
1440,129.51,29.26,28.61,44.92,1008.39
1441,129.60,29.27,28.62,44.89,1008.39
1442,129.69,29.26,28.63,44.89,1008.38
1443,129.78,29.26,28.61,44.88,1008.39
1444,129.87,29.25,28.62,44.90,1008.40
1445,129.96,29.25,28.63,44.91,1008.40
1446,130.05,29.24,28.63,44.88,1008.38
1447,130.14,29.21,28.61,44.86,1008.39
1448,130.23,29.20,28.61,44.87,1008.38
1449,130.32,29.19,28.60,44.88,1008.38
1450,130.41,29.20,28.59,44.91,1008.36
1451,130.50,29.18,28.58,44.92,1008.36
1452,130.59,29.20,28.58,44.93,1008.36
1453,130.68,29.19,28.57,44.91,1008.34
1454,130.77,29.18,28.59,44.94,1008.35
1455,130.86,29.17,28.58,44.96,1008.36
1456,130.95,29.17,28.56,44.94,1008.35
1457,131.04,29.16,28.56,44.93,1008.34
1458,131.13,29.14,28.58,44.92,1008.33
1459,131.22,29.14,28.58,44.89,1008.32
1460,131.31,29.12,28.59,44.86,1008.31
1461,131.40,29.13,28.58,44.86,1008.32
1462,131.49,29.11,28.58,44.85,1008.31
1463,131.58,29.09,28.59,44.85,1008.32
1464,131.67,29.11,28.60,44.83,1008.30
1465,131.76,29.12,28.59,44.83,1008.30
1466,131.85,29.10,28.58,44.83,1008.29
1467,131.94,29.11,28.56,44.84,1008.29
1468,132.03,29.11,28.57,44.86,1008.30
1469,132.12,29.11,28.58,44.87,1008.29
1470,132.21,29.11,28.60,44.85,1008.28
1471,132.30,29.10,28.59,44.84,1008.29
1472,132.39,29.10,28.60,44.87,1008.28
1473,132.48,29.09,28.62,44.84,1008.28
1474,132.57,29.09,28.63,44.88,1008.28
1475,132.66,29.08,28.62,44.88,1008.29
1476,132.75,29.09,28.60,44.88,1008.28
1477,132.84,29.09,28.58,44.89,1008.27
1478,132.93,29.07,28.59,44.90,1008.27
1479,133.02,29.08,28.58,44.91,1008.28
1480,133.11,29.08,28.58,44.94,1008.28
1481,133.20,29.09,28.57,44.91,1008.28
1482,133.29,29.09,28.56,44.91,1008.29
1483,133.38,29.09,28.56,44.89,1008.28
1484,133.47,29.09,28.59,44.91,1008.28
1485,133.56,29.11,28.59,44.94,1008.30
1486,133.65,29.11,28.60,44.95,1008.30
1487,133.74,29.10,28.60,44.94,1008.31
1488,133.83,29.10,28.61,44.91,1008.30
1489,133.92,29.09,28.59,44.90,1008.31
1490,134.01,29.08,28.61,44.90,1008.31
1491,134.10,29.08,28.60,44.90,1008.32
1492,134.19,29.08,28.60,44.90,1008.33
1493,134.28,29.08,28.58,44.88,1008.34
1494,134.37,29.08,28.57,44.89,1008.35
1495,134.46,29.08,28.57,44.89,1008.36
1496,134.55,29.08,28.58,44.92,1008.37
1497,134.64,29.08,28.56,44.92,1008.37
1498,134.73,29.09,28.54,44.91,1008.36
1499,134.82,29.09,28.55,44.89,1008.35
1500,134.91,29.12,28.55,44.89,1008.35
1501,135.00,29.12,28.55,44.89,1008.36
1502,135.09,29.13,28.54,44.87,1008.37
1503,135.18,29.13,28.53,44.85,1008.36
1504,135.27,29.12,28.54,44.84,1008.35
1505,135.36,29.12,28.54,44.85,1008.35
1506,135.45,29.11,28.55,44.88,1008.36
1507,135.54,29.12,28.55,44.87,1008.35
1508,135.63,29.12,28.55,44.84,1008.34
1509,135.72,29.12,28.53,44.84,1008.34
1510,135.81,29.11,28.52,44.83,1008.34
1511,135.90,29.11,28.53,44.77,1008.34
1512,135.99,29.11,28.52,44.81,1008.34
1513,136.08,29.10,28.52,44.82,1008.32
1514,136.17,29.09,28.50,44.84,1008.32
1515,136.26,29.10,28.49,44.82,1008.32
1516,136.35,29.11,28.49,44.82,1008.32
1517,136.44,29.10,28.48,44.80,1008.31
1518,136.53,29.08,28.50,44.83,1008.30
1519,136.62,29.07,28.48,44.82,1008.30
1520,136.71,29.07,28.46,44.84,1008.30
1521,136.80,29.07,28.47,44.83,1008.29
1522,136.89,29.06,28.47,44.86,1008.30
1523,136.98,29.05,28.43,44.85,1008.29
1524,137.07,29.06,28.43,44.84,1008.28
1525,137.16,29.05,28.42,44.85,1008.28
1526,137.25,29.06,28.41,44.83,1008.27
1527,137.34,29.06,28.40,44.83,1008.25
1528,137.43,29.08,28.40,44.82,1008.24
1529,137.52,29.08,28.41,44.78,1008.24
1530,137.61,29.08,28.44,44.75,1008.24
1531,137.70,29.07,28.44,44.75,1008.25
1532,137.79,29.08,28.42,44.74,1008.24
1533,137.88,29.08,28.44,44.72,1008.25
1534,137.97,29.08,28.46,44.72,1008.23
1535,138.06,29.10,28.48,44.74,1008.24
1536,138.15,29.10,28.48,44.72,1008.25
1537,138.24,29.11,28.46,44.72,1008.26
1538,138.33,29.11,28.45,44.72,1008.26
1539,138.42,29.10,28.45,44.70,1008.26
1540,138.51,29.10,28.45,44.70,1008.26
1541,138.60,29.09,28.45,44.70,1008.28
1542,138.69,29.10,28.46,44.72,1008.29
1543,138.78,29.08,28.44,44.73,1008.29
1544,138.87,29.07,28.43,44.75,1008.29
1545,138.96,29.07,28.41,44.78,1008.29
1546,139.05,29.07,28.41,44.78,1008.31
1547,139.14,29.05,28.41,44.79,1008.30
1548,139.23,29.06,28.43,44.77,1008.31
1549,139.32,29.06,28.43,44.73,1008.30
1550,139.41,29.06,28.44,44.73,1008.31
1551,139.50,29.05,28.46,44.74,1008.32
1552,139.59,29.07,28.47,44.75,1008.34
1553,139.68,29.06,28.47,44.78,1008.35
1554,139.77,29.05,28.45,44.82,1008.33
1555,139.86,29.04,28.46,44.83,1008.34
1556,139.95,29.04,28.45,44.84,1008.35
1557,140.04,29.02,28.44,44.85,1008.35
1558,140.13,29.03,28.44,44.85,1008.35
1559,140.22,29.02,28.46,44.83,1008.34
1560,140.31,29.01,28.45,44.81,1008.33
1561,140.40,28.99,28.48,44.79,1008.34
1562,140.49,28.99,28.48,44.79,1008.35
1563,140.58,28.97,28.48,44.84,1008.35
1564,140.67,28.98,28.47,44.85,1008.35
1565,140.76,28.96,28.46,44.89,1008.36
1566,140.85,28.95,28.47,44.87,1008.35
1567,140.94,28.95,28.45,44.90,1008.35
1568,141.03,28.95,28.43,44.90,1008.35
1569,141.12,28.95,28.46,44.87,1008.34
1570,141.21,28.96,28.44,44.87,1008.33
1571,141.30,28.95,28.44,44.86,1008.31
1572,141.39,28.94,28.45,44.80,1008.32
1573,141.48,28.93,28.47,44.83,1008.32
1574,141.57,28.93,28.48,44.85,1008.31
1575,141.66,28.93,28.49,44.83,1008.30
1576,141.75,28.93,28.48,44.81,1008.31
1577,141.84,28.92,28.47,44.76,1008.30
1578,141.93,28.93,28.47,44.76,1008.30
1579,142.02,28.91,28.47,44.78,1008.28
1580,142.11,28.92,28.46,44.75,1008.28
1581,142.20,28.91,28.46,44.76,1008.27
1582,142.29,28.92,28.45,44.75,1008.26
1583,142.38,28.91,28.44,44.75,1008.25
1584,142.47,28.90,28.42,44.76,1008.24
1585,142.56,28.88,28.42,44.73,1008.25
1586,142.65,28.88,28.43,44.78,1008.24
1587,142.74,28.88,28.41,44.77,1008.23
1588,142.83,28.86,28.40,44.73,1008.23
1589,142.92,28.86,28.41,44.77,1008.24
1590,143.01,28.85,28.42,44.79,1008.25
1591,143.10,28.84,28.41,44.78,1008.25
1592,143.19,28.84,28.42,44.78,1008.25
1593,143.28,28.85,28.41,44.81,1008.24
1594,143.37,28.85,28.41,44.83,1008.26
1595,143.46,28.84,28.41,44.82,1008.26
1596,143.55,28.84,28.39,44.84,1008.27
1597,143.64,28.83,28.38,44.85,1008.27
1598,143.73,28.83,28.38,44.83,1008.26
1599,143.82,28.83,28.38,44.86,1008.26
1600,143.91,28.82,28.37,44.87,1008.26
1601,144.00,28.84,28.40,44.88,1008.25
1602,144.09,28.82,28.38,44.89,1008.28
1603,144.18,28.81,28.36,44.87,1008.29
1604,144.27,28.81,28.35,44.89,1008.31
1605,144.36,28.81,28.35,44.89,1008.32
1606,144.45,28.81,28.35,44.90,1008.31
1607,144.54,28.81,28.34,44.88,1008.33
1608,144.63,28.82,28.34,44.85,1008.34
1609,144.72,28.81,28.36,44.85,1008.34
1610,144.81,28.80,28.35,44.84,1008.34
1611,144.90,28.82,28.35,44.82,1008.34
1612,144.99,28.83,28.34,44.81,1008.34
1613,145.08,28.83,28.34,44.81,1008.36
1614,145.17,28.82,28.33,44.80,1008.37
1615,145.26,28.83,28.31,44.79,1008.38
1616,145.35,28.83,28.33,44.76,1008.38
1617,145.44,28.84,28.33,44.77,1008.38
1618,145.53,28.84,28.31,44.74,1008.40
1619,145.62,28.84,28.33,44.76,1008.39
1620,145.71,28.84,28.32,44.77,1008.40
1621,145.80,28.84,28.32,44.79,1008.41
1622,145.89,28.83,28.33,44.78,1008.40
1623,145.98,28.83,28.31,44.77,1008.40
1624,146.07,28.84,28.32,44.80,1008.40
1625,146.16,28.82,28.31,44.82,1008.38
1626,146.25,28.83,28.29,44.80,1008.37
1627,146.34,28.84,28.30,44.82,1008.37
1628,146.43,28.82,28.29,44.81,1008.37
1629,146.52,28.83,28.30,44.82,1008.37
1630,146.61,28.81,28.29,44.82,1008.37
1631,146.70,28.82,28.29,44.81,1008.37
1632,146.79,28.81,28.28,44.81,1008.37
1633,146.88,28.80,28.29,44.81,1008.37
1634,146.97,28.80,28.31,44.80,1008.37
1635,147.06,28.78,28.30,44.81,1008.37
1636,147.15,28.79,28.27,44.82,1008.36
1637,147.24,28.80,28.27,44.82,1008.35
1638,147.33,28.82,28.26,44.79,1008.35
1639,147.42,28.82,28.27,44.79,1008.34
1640,147.51,28.81,28.26,44.82,1008.33
1641,147.60,28.81,28.27,44.82,1008.31
1642,147.69,28.81,28.26,44.83,1008.30
1643,147.78,28.81,28.25,44.84,1008.28
1644,147.87,28.83,28.25,44.91,1008.26
1645,147.96,28.82,28.23,44.90,1008.26
1646,148.05,28.83,28.24,44.88,1008.27
1647,148.14,28.83,28.25,44.91,1008.27
1648,148.23,28.83,28.26,44.91,1008.26
1649,148.32,28.83,28.27,44.96,1008.26
1650,148.41,28.82,28.28,44.93,1008.25
1651,148.50,28.83,28.28,44.90,1008.25
1652,148.59,28.83,28.27,44.90,1008.25
1653,148.68,28.85,28.28,44.92,1008.25
1654,148.77,28.85,28.29,44.94,1008.26
1655,148.86,28.83,28.27,44.92,1008.27
1656,148.95,28.82,28.28,44.89,1008.27
1657,149.04,28.82,28.29,44.92,1008.27
1658,149.13,28.82,28.30,44.90,1008.27
1659,149.22,28.83,28.30,44.93,1008.27
1660,149.31,28.83,28.33,44.88,1008.27
1661,149.40,28.82,28.33,44.88,1008.28
1662,149.49,28.82,28.33,44.86,1008.28
1663,149.58,28.81,28.35,44.90,1008.29
1664,149.67,28.82,28.35,44.91,1008.31
1665,149.76,28.81,28.36,44.89,1008.31
1666,149.85,28.81,28.36,44.89,1008.33
1667,149.94,28.80,28.36,44.85,1008.34
1668,150.03,28.80,28.35,44.86,1008.35
1669,150.12,28.81,28.35,44.91,1008.37
1670,150.21,28.82,28.35,44.90,1008.37
1671,150.30,28.81,28.35,44.89,1008.38
1672,150.39,28.82,28.36,44.88,1008.38
1673,150.48,28.81,28.35,44.89,1008.39
1674,150.57,28.82,28.36,44.85,1008.39
1675,150.66,28.81,28.34,44.88,1008.39
1676,150.75,28.82,28.34,44.89,1008.40
1677,150.84,28.83,28.35,44.88,1008.40
1678,150.93,28.82,28.35,44.89,1008.40
1679,151.02,28.81,28.33,44.89,1008.40
1680,151.11,28.79,28.33,44.89,1008.41
1681,151.20,28.78,28.32,44.86,1008.41
1682,151.29,28.77,28.32,44.85,1008.39
1683,151.38,28.79,28.29,44.87,1008.38
1684,151.47,28.78,28.31,44.85,1008.40
1685,151.56,28.78,28.29,44.86,1008.38
1686,151.65,28.78,28.26,44.82,1008.38
1687,151.74,28.78,28.25,44.82,1008.37
1688,151.83,28.77,28.26,44.84,1008.36
1689,151.92,28.76,28.26,44.83,1008.36
1690,152.01,28.76,28.27,44.83,1008.34
1691,152.10,28.76,28.26,44.81,1008.34
1692,152.19,28.75,28.26,44.84,1008.35
1693,152.28,28.75,28.25,44.87,1008.34
1694,152.37,28.76,28.25,44.89,1008.34
1695,152.46,28.76,28.25,44.92,1008.33
1696,152.55,28.76,28.24,44.92,1008.32
1697,152.64,28.76,28.23,44.93,1008.32
1698,152.73,28.77,28.24,44.95,1008.31
1699,152.82,28.75,28.24,44.98,1008.32
1700,152.91,28.74,28.26,44.98,1008.31
1701,153.00,28.73,28.24,44.96,1008.31
1702,153.09,28.72,28.23,44.97,1008.30
1703,153.18,28.70,28.23,44.94,1008.30
1704,153.27,28.70,28.22,44.97,1008.29
1705,153.36,28.69,28.21,45.01,1008.29
1706,153.45,28.68,28.22,44.98,1008.29
1707,153.54,28.68,28.23,45.00,1008.29
1708,153.63,28.66,28.20,45.02,1008.29
1709,153.72,28.66,28.20,45.01,1008.28
1710,153.81,28.66,28.21,45.05,1008.28
1711,153.90,28.66,28.21,45.04,1008.27
1712,153.99,28.65,28.21,45.04,1008.27
1713,154.08,28.64,28.20,45.01,1008.27
1714,154.17,28.64,28.22,44.99,1008.25
1715,154.26,28.61,28.21,44.99,1008.25
1716,154.35,28.63,28.20,44.96,1008.27
1717,154.44,28.62,28.18,44.95,1008.28
1718,154.53,28.62,28.18,44.98,1008.29
1719,154.62,28.63,28.17,44.95,1008.30
1720,154.71,28.63,28.17,44.95,1008.31
1721,154.80,28.62,28.14,44.92,1008.31
1722,154.89,28.60,28.12,44.97,1008.29
1723,154.98,28.61,28.12,44.95,1008.31
1724,155.07,28.62,28.13,44.97,1008.32
1725,155.16,28.62,28.14,44.98,1008.34
1726,155.25,28.62,28.14,44.98,1008.35
1727,155.34,28.61,28.12,44.98,1008.35
1728,155.43,28.59,28.10,45.00,1008.36
1729,155.52,28.61,28.11,45.00,1008.37
1730,155.61,28.61,28.10,44.99,1008.37
1731,155.70,28.60,28.11,44.98,1008.37
1732,155.79,28.60,28.10,45.00,1008.38
1733,155.88,28.62,28.11,44.97,1008.39
1734,155.97,28.61,28.11,44.98,1008.39
1735,156.06,28.61,28.12,44.96,1008.38
1736,156.15,28.62,28.13,44.97,1008.38
1737,156.24,28.63,28.12,44.96,1008.38
1738,156.33,28.62,28.12,44.97,1008.37
1739,156.42,28.62,28.11,44.97,1008.38
1740,156.51,28.64,28.11,44.95,1008.38
1741,156.60,28.65,28.12,44.97,1008.36
1742,156.69,28.67,28.13,44.98,1008.36
1743,156.78,28.67,28.14,45.01,1008.36
1744,156.87,28.65,28.13,44.99,1008.36
1745,156.96,28.66,28.12,45.00,1008.35
1746,157.05,28.65,28.12,44.97,1008.34
1747,157.14,28.66,28.13,44.97,1008.35
1748,157.23,28.68,28.15,45.02,1008.35
1749,157.32,28.66,28.14,45.04,1008.35
1750,157.41,28.66,28.14,45.07,1008.33
1751,157.50,28.66,28.13,45.09,1008.33
1752,157.59,28.66,28.15,45.09,1008.33
1753,157.68,28.66,28.17,45.08,1008.33
1754,157.77,28.65,28.18,45.07,1008.33
1755,157.86,28.67,28.21,45.06,1008.31
1756,157.95,28.66,28.19,45.09,1008.31
1757,158.04,28.65,28.19,45.09,1008.30
1758,158.13,28.67,28.17,45.06,1008.29
1759,158.22,28.68,28.17,45.07,1008.29
1760,158.31,28.69,28.15,45.07,1008.28
1761,158.40,28.71,28.14,45.05,1008.27
1762,158.49,28.70,28.15,45.05,1008.26
1763,158.58,28.70,28.15,45.06,1008.26
1764,158.67,28.70,28.14,45.08,1008.25
1765,158.76,28.70,28.16,45.07,1008.25
1766,158.85,28.69,28.15,45.07,1008.24
1767,158.94,28.69,28.18,45.07,1008.26
1768,159.03,28.70,28.18,45.05,1008.25
1769,159.12,28.70,28.17,45.05,1008.26
1770,159.21,28.70,28.16,45.07,1008.25
1771,159.30,28.69,28.16,45.07,1008.25
1772,159.39,28.69,28.16,45.08,1008.25
1773,159.48,28.70,28.21,45.07,1008.25
1774,159.57,28.70,28.21,45.07,1008.25
1775,159.66,28.71,28.21,45.04,1008.25
1776,159.75,28.71,28.21,45.09,1008.26
1777,159.84,28.70,28.20,45.11,1008.27
1778,159.93,28.70,28.19,45.13,1008.28
1779,160.02,28.68,28.19,45.12,1008.28
1780,160.11,28.68,28.19,45.11,1008.30
1781,160.20,28.68,28.20,45.11,1008.31
1782,160.29,28.70,28.19,45.10,1008.30
1783,160.38,28.70,28.19,45.10,1008.30
1784,160.47,28.69,28.19,45.09,1008.30
1785,160.56,28.68,28.21,45.08,1008.30
1786,160.65,28.67,28.19,45.06,1008.33
1787,160.74,28.67,28.18,45.08,1008.33
1788,160.83,28.67,28.18,45.07,1008.33
1789,160.92,28.69,28.18,45.07,1008.35
1790,161.01,28.68,28.19,45.05,1008.35
1791,161.10,28.67,28.21,45.06,1008.34
1792,161.19,28.66,28.21,45.07,1008.33
1793,161.28,28.65,28.22,45.09,1008.34
1794,161.37,28.64,28.22,45.12,1008.35
1795,161.46,28.63,28.21,45.12,1008.36
1796,161.55,28.62,28.21,45.15,1008.35
1797,161.64,28.62,28.22,45.16,1008.35
1798,161.73,28.60,28.21,45.13,1008.36
1799,161.82,28.60,28.21,45.16,1008.37
1800,161.91,28.59,28.20,45.14,1008.37
1801,162.00,28.56,28.21,45.17,1008.37
1802,162.09,28.58,28.21,45.15,1008.36
1803,162.18,28.58,28.21,45.12,1008.36
1804,162.27,28.57,28.20,45.14,1008.37
1805,162.36,28.57,28.19,45.15,1008.36
1806,162.45,28.57,28.18,45.17,1008.36
1807,162.54,28.58,28.16,45.16,1008.36
1808,162.63,28.58,28.14,45.14,1008.34
1809,162.72,28.24,28.13,45.16,1008.33
1810,162.81,28.45,28.11,45.17,1008.33
1811,162.90,28.57,28.10,45.18,1008.34
1812,162.99,28.58,28.11,45.19,1008.34
1813,163.08,28.57,28.13,45.22,1008.32
1814,163.17,28.58,28.13,45.18,1008.32
1815,163.26,28.58,28.13,45.19,1008.31
1816,163.35,28.58,28.12,45.13,1008.31
1817,163.44,28.56,28.12,45.14,1008.29
1818,163.53,28.55,28.12,45.14,1008.28
1819,163.62,28.55,28.11,45.16,1008.27
1820,163.71,28.54,28.11,45.11,1008.27
1821,163.80,28.54,28.12,45.09,1008.26
1822,163.89,28.53,28.12,45.07,1008.27
1823,163.98,28.52,28.11,45.07,1008.28
1824,164.07,28.52,28.09,45.08,1008.29
1825,164.16,28.51,28.09,45.05,1008.29
1826,164.25,28.51,28.09,45.04,1008.31
1827,164.34,28.51,28.06,45.02,1008.30
1828,164.43,28.51,28.07,45.02,1008.29
1829,164.52,28.52,28.06,45.04,1008.30
1830,164.61,28.52,28.06,45.03,1008.29
1831,164.70,28.54,28.06,45.05,1008.28
1832,164.79,28.55,28.07,45.03,1008.29
1833,164.88,28.55,28.09,44.99,1008.29
1834,164.97,28.54,28.07,45.00,1008.28
1835,165.06,28.53,28.06,44.96,1008.29
1836,165.15,28.52,28.05,44.98,1008.31
1837,165.24,28.52,28.06,44.98,1008.30
1838,165.33,28.54,28.07,44.95,1008.30
1839,165.42,28.54,28.04,44.95,1008.30
1840,165.51,28.53,28.04,44.92,1008.31
1841,165.60,28.53,28.04,44.95,1008.31
1842,165.69,28.52,28.04,44.97,1008.32
1843,165.78,28.52,28.02,44.95,1008.32
1844,165.87,28.52,28.02,44.93,1008.34
1845,165.96,28.51,28.02,44.95,1008.35
1846,166.05,28.52,28.01,44.97,1008.35
1847,166.14,28.52,28.01,44.97,1008.36
1848,166.23,28.53,28.00,44.94,1008.36
1849,166.32,28.53,28.02,44.95,1008.37
1850,166.41,28.53,28.01,44.97,1008.38
1851,166.50,28.53,28.02,44.97,1008.37
1852,166.59,28.55,28.02,44.95,1008.37
1853,166.68,28.54,28.01,44.95,1008.36
1854,166.77,28.53,28.02,44.95,1008.37
1855,166.86,28.53,28.04,44.92,1008.38
1856,166.95,28.53,28.06,44.92,1008.38
1857,167.04,28.52,28.06,44.92,1008.39
1858,167.13,28.53,28.07,44.89,1008.38
1859,167.22,28.52,28.06,44.91,1008.39
1860,167.31,28.52,28.06,44.90,1008.37
1861,167.40,28.53,28.07,44.93,1008.37
1862,167.49,28.53,28.07,44.94,1008.38
1863,167.58,28.52,28.08,44.93,1008.37
1864,167.67,28.51,28.07,44.99,1008.38
1865,167.76,28.53,28.06,44.99,1008.37
1866,167.85,28.52,28.07,45.00,1008.36
1867,167.94,28.52,28.08,44.95,1008.36
1868,168.03,28.52,28.06,44.97,1008.35
1869,168.12,28.50,28.06,44.98,1008.35
1870,168.21,28.51,28.06,44.97,1008.33
1871,168.30,28.50,28.07,44.94,1008.32
1872,168.39,28.52,28.07,44.89,1008.31
1873,168.48,28.53,28.07,44.90,1008.32
1874,168.57,28.51,28.07,44.92,1008.31
1875,168.66,28.51,28.09,44.90,1008.32
1876,168.75,28.50,28.09,44.91,1008.30
1877,168.84,28.50,28.09,44.89,1008.30
1878,168.93,28.49,28.09,44.89,1008.30
1879,169.02,28.50,28.10,44.87,1008.30
1880,169.11,28.50,28.10,44.87,1008.29
1881,169.20,28.50,28.12,44.87,1008.30
1882,169.29,28.49,28.12,44.89,1008.30
1883,169.38,28.49,28.11,44.91,1008.29
1884,169.47,28.49,28.11,44.93,1008.30
1885,169.56,28.50,28.13,44.94,1008.31
1886,169.65,28.50,28.11,44.92,1008.30
1887,169.74,28.49,28.11,44.95,1008.29
1888,169.83,28.49,28.11,44.96,1008.30
1889,169.92,28.49,28.12,44.96,1008.29
1890,170.01,28.49,28.11,44.90,1008.28
1891,170.10,28.50,28.11,44.89,1008.28
1892,170.19,28.49,28.10,44.85,1008.28
1893,170.28,28.49,28.10,44.84,1008.28
1894,170.37,28.50,28.10,44.85,1008.28
1895,170.46,28.47,28.11,44.88,1008.29
1896,170.55,28.48,28.13,44.87,1008.30
1897,170.64,28.48,28.14,44.88,1008.30
1898,170.73,28.50,28.12,44.86,1008.30
1899,170.82,28.51,28.12,44.82,1008.31
1900,170.91,28.51,28.12,44.82,1008.31
1901,171.00,28.51,28.12,44.83,1008.32
1902,171.09,28.49,28.12,44.83,1008.33
1903,171.18,28.49,28.12,44.80,1008.33
1904,171.27,28.51,28.10,44.79,1008.33
1905,171.36,28.51,28.09,44.81,1008.32
1906,171.45,28.51,28.09,44.84,1008.32
1907,171.54,28.51,28.09,44.85,1008.33
1908,171.63,28.52,28.09,44.85,1008.33
1909,171.72,28.52,28.07,44.85,1008.32
1910,171.81,28.53,28.06,44.83,1008.33
1911,171.90,28.52,28.07,44.81,1008.34
1912,171.99,28.52,28.05,44.80,1008.34
1913,172.08,28.52,28.02,44.80,1008.35
1914,172.17,28.50,28.02,44.79,1008.37
1915,172.26,28.49,28.03,44.76,1008.37
1916,172.35,28.49,28.03,44.76,1008.37
1917,172.44,28.49,28.03,44.78,1008.38
1918,172.53,28.47,28.02,44.73,1008.40
1919,172.62,28.47,28.00,44.73,1008.39
1920,172.71,28.47,28.01,44.74,1008.39
1921,172.80,28.46,28.01,44.73,1008.39
1922,172.89,28.46,28.01,44.75,1008.37
1923,172.98,28.45,28.01,44.75,1008.39
1924,173.07,28.46,28.01,44.74,1008.37
1925,173.16,28.45,28.00,44.72,1008.37
1926,173.25,28.45,28.00,44.72,1008.37
1927,173.34,28.45,27.99,44.69,1008.35
1928,173.43,28.46,27.98,44.69,1008.35
1929,173.52,28.44,27.99,44.67,1008.34
1930,173.61,28.45,27.97,44.67,1008.33
1931,173.70,28.43,27.95,44.67,1008.32
1932,173.79,28.44,27.94,44.67,1008.32
1933,173.88,28.43,27.94,44.71,1008.32
1934,173.97,28.43,27.93,44.66,1008.31
1935,174.06,28.43,27.92,44.66,1008.31
1936,174.15,28.42,27.94,44.70,1008.31
1937,174.24,28.41,27.91,44.68,1008.30
1938,174.33,28.39,27.91,44.68,1008.31
1939,174.42,28.38,27.91,44.68,1008.31
1940,174.51,28.37,27.90,44.71,1008.31
1941,174.60,28.38,27.89,44.69,1008.31
1942,174.69,28.36,27.89,44.72,1008.31
1943,174.78,28.37,27.88,44.72,1008.32
1944,174.87,28.37,27.89,44.75,1008.32
1945,174.96,28.38,27.91,44.74,1008.32
1946,175.05,28.38,27.92,44.71,1008.31
1947,175.14,28.37,27.91,44.70,1008.32
1948,175.23,28.36,27.92,44.69,1008.31
1949,175.32,28.35,27.92,44.70,1008.32
1950,175.41,28.35,27.92,44.67,1008.32
1951,175.50,28.36,27.92,44.71,1008.32
1952,175.59,28.35,27.94,44.70,1008.33
1953,175.68,28.35,27.95,44.69,1008.33
1954,175.77,28.34,27.95,44.72,1008.33
1955,175.86,28.33,27.96,44.74,1008.34
1956,175.95,28.34,27.94,44.72,1008.34
1957,176.04,28.34,27.95,44.74,1008.34
1958,176.13,28.33,27.95,44.77,1008.36
1959,176.22,28.33,27.98,44.79,1008.37
1960,176.31,28.33,27.97,44.81,1008.37
1961,176.40,28.32,27.97,44.80,1008.37
1962,176.49,28.31,27.96,44.79,1008.39
1963,176.58,28.31,27.96,44.78,1008.39
1964,176.67,28.32,27.98,44.74,1008.40
1965,176.76,28.31,27.98,44.76,1008.40
1966,176.85,28.28,27.97,44.76,1008.40
1967,176.94,28.28,27.97,44.79,1008.40
1968,177.03,28.28,27.95,44.82,1008.42
1969,177.12,28.28,27.95,44.80,1008.43
1970,177.21,28.29,27.96,44.79,1008.43
1971,177.30,28.27,27.98,44.77,1008.43
1972,177.39,28.27,27.99,44.75,1008.43
1973,177.48,28.27,27.99,44.78,1008.43
1974,177.57,28.26,28.00,44.76,1008.43
1975,177.66,28.24,28.02,44.78,1008.43
1976,177.75,28.24,28.01,44.80,1008.43
1977,177.84,28.23,28.01,44.78,1008.42
1978,177.93,28.24,28.02,44.78,1008.38
1979,178.02,28.24,28.01,44.77,1008.37
1980,178.11,28.24,28.00,44.74,1008.38
1981,178.20,28.25,28.00,44.71,1008.38
1982,178.29,28.26,28.02,44.69,1008.37
1983,178.38,28.29,28.01,44.69,1008.37
1984,178.47,28.29,27.98,44.68,1008.36
1985,178.56,28.28,27.97,44.69,1008.36
1986,178.65,28.29,27.95,44.69,1008.35
1987,178.74,28.30,27.93,44.70,1008.35
1988,178.83,28.32,27.94,44.71,1008.35
1989,178.92,28.31,27.94,44.73,1008.36
1990,179.01,28.32,27.93,44.68,1008.35
1991,179.10,28.34,27.92,44.67,1008.32
1992,179.19,28.34,27.91,44.67,1008.31
1993,179.28,28.36,27.91,44.68,1008.31
1994,179.37,28.36,27.90,44.72,1008.31
1995,179.46,28.36,27.91,44.73,1008.29
1996,179.55,28.36,27.93,44.71,1008.28
1997,179.64,28.39,27.92,44.72,1008.28
1998,179.73,28.37,27.91,44.72,1008.28
1999,179.82,28.36,27.90,44.73,1008.28
2000,179.91,28.37,27.89,44.74,1008.29
2001,180.00,28.37,27.90,44.73,1008.29
2002,180.09,28.36,27.92,44.72,1008.29
2003,180.18,28.36,27.93,44.69,1008.30
2004,180.27,28.36,27.95,44.68,1008.30
2005,180.36,28.35,27.98,44.72,1008.30
2006,180.45,28.34,27.97,44.70,1008.30
2007,180.54,28.32,27.98,44.71,1008.30
2008,180.63,28.33,27.97,44.74,1008.31
2009,180.72,28.33,27.98,44.74,1008.31
2010,180.81,28.34,27.97,44.71,1008.30
2011,180.90,28.36,27.97,44.70,1008.32
2012,180.99,28.34,27.97,44.69,1008.32
2013,181.08,28.35,27.97,44.70,1008.32
2014,181.17,28.36,27.98,44.71,1008.32
2015,181.26,28.37,27.96,44.71,1008.32
2016,181.35,28.37,27.95,44.72,1008.33
2017,181.44,28.37,27.95,44.72,1008.33
2018,181.53,28.39,27.95,44.71,1008.35
2019,181.62,28.38,27.93,44.70,1008.34
2020,181.71,28.39,27.91,44.68,1008.33
2021,181.80,28.40,27.92,44.68,1008.33
2022,181.89,28.40,27.91,44.67,1008.33
2023,181.98,28.40,27.92,44.66,1008.34
2024,182.07,28.40,27.93,44.68,1008.36
2025,182.16,28.40,27.92,44.67,1008.37
2026,182.25,28.39,27.92,44.67,1008.36
2027,182.34,28.38,27.89,44.68,1008.37
2028,182.43,28.39,27.90,44.66,1008.37
2029,182.52,28.38,27.88,44.68,1008.38
2030,182.61,28.37,27.87,44.66,1008.38
2031,182.70,28.37,27.89,44.66,1008.38
2032,182.79,28.36,27.86,44.67,1008.39
2033,182.88,28.37,27.89,44.67,1008.40
2034,182.97,28.38,27.90,44.64,1008.40
2035,183.06,28.36,27.89,44.62,1008.40
2036,183.15,28.36,27.85,44.63,1008.39
2037,183.24,28.36,27.86,44.63,1008.39
2038,183.33,28.35,27.86,44.62,1008.38
2039,183.42,28.34,27.86,44.63,1008.39
2040,183.51,28.36,27.85,44.66,1008.36
2041,183.60,28.36,27.85,44.67,1008.34
2042,183.69,28.37,27.87,44.65,1008.34
2043,183.78,28.37,27.86,44.67,1008.33
2044,183.87,28.36,27.86,44.66,1008.34
2045,183.96,28.35,27.86,44.67,1008.33
2046,184.05,28.35,27.87,44.65,1008.31
2047,184.14,28.34,27.87,44.66,1008.31
2048,184.23,28.34,27.87,44.62,1008.31
2049,184.32,28.33,27.87,44.60,1008.33
2050,184.41,28.31,27.88,44.57,1008.33
2051,184.50,28.30,27.85,44.57,1008.32
2052,184.59,28.28,27.86,44.57,1008.31
2053,184.68,28.29,27.84,44.60,1008.30
2054,184.77,28.29,27.86,44.60,1008.29
2055,184.86,28.30,27.88,44.59,1008.29
2056,184.95,28.29,27.90,44.59,1008.28
2057,185.04,28.29,27.89,44.60,1008.28
2058,185.13,28.29,27.89,44.62,1008.27
2059,185.22,28.28,27.89,44.63,1008.27
2060,185.31,28.29,27.90,44.63,1008.25
2061,185.40,28.28,27.89,44.65,1008.26
2062,185.49,28.28,27.90,44.67,1008.27
2063,185.58,28.28,27.91,44.64,1008.27
2064,185.67,28.27,27.90,44.62,1008.26
2065,185.76,28.26,27.89,44.60,1008.26
2066,185.85,28.27,27.88,44.63,1008.24
2067,185.94,28.25,27.85,44.65,1008.24
2068,186.03,28.26,27.86,44.63,1008.24
2069,186.12,28.26,27.87,44.64,1008.25
2070,186.21,28.27,27.88,44.66,1008.25
2071,186.30,28.27,27.89,44.63,1008.25
2072,186.39,28.26,27.90,44.61,1008.25
2073,186.48,28.24,27.93,44.61,1008.27
2074,186.57,28.24,27.94,44.62,1008.28
2075,186.66,28.25,27.94,44.61,1008.29
2076,186.75,28.25,27.93,44.61,1008.29
2077,186.84,28.26,27.92,44.58,1008.30
2078,186.93,28.27,27.93,44.57,1008.30
2079,187.02,28.27,27.94,44.60,1008.31
2080,187.11,28.27,27.94,44.60,1008.32
2081,187.20,28.28,27.92,44.62,1008.33
2082,187.29,28.28,27.92,44.61,1008.32
2083,187.38,28.28,27.92,44.57,1008.34
2084,187.47,28.27,27.92,44.56,1008.34
2085,187.56,28.26,27.91,44.56,1008.35
2086,187.65,28.25,27.92,44.55,1008.36
2087,187.74,28.24,27.92,44.56,1008.35
2088,187.83,28.25,27.91,44.57,1008.34
2089,187.92,28.25,27.93,44.57,1008.34
2090,188.01,28.26,27.92,44.58,1008.36
2091,188.10,28.27,27.91,44.58,1008.34
2092,188.19,28.27,27.91,44.58,1008.36
2093,188.28,28.26,27.91,44.58,1008.36
2094,188.37,28.26,27.91,44.54,1008.35
2095,188.46,28.26,27.90,44.54,1008.36
2096,188.55,28.27,27.90,44.53,1008.35
2097,188.64,28.27,27.89,44.55,1008.35
2098,188.73,28.28,27.91,44.59,1008.35
2099,188.82,28.28,27.90,44.59,1008.35
2100,188.91,28.28,27.91,44.66,1008.34
2101,189.00,28.29,27.91,44.64,1008.34
2102,189.09,28.27,27.92,44.61,1008.34
2103,189.18,28.27,27.92,44.60,1008.34
2104,189.27,28.28,27.93,44.61,1008.33
2105,189.36,28.28,27.92,44.60,1008.33
2106,189.45,28.28,27.91,44.61,1008.30
2107,189.54,28.26,27.92,44.57,1008.31
2108,189.63,28.26,27.95,44.58,1008.30
2109,189.72,28.26,27.93,44.58,1008.28
2110,189.81,28.24,27.92,44.60,1008.28
2111,189.90,28.23,27.94,44.60,1008.29
2112,189.99,28.23,27.93,44.58,1008.28
2113,190.08,28.24,27.92,44.56,1008.29
2114,190.17,28.25,27.92,44.57,1008.30
2115,190.26,28.26,27.91,44.57,1008.30
2116,190.35,28.26,27.90,44.54,1008.28
2117,190.44,28.26,27.90,44.52,1008.28
2118,190.53,28.26,27.89,44.51,1008.28
2119,190.62,28.26,27.88,44.50,1008.28
2120,190.71,28.26,27.86,44.49,1008.28
2121,190.80,28.26,27.84,44.52,1008.28
2122,190.89,28.26,27.85,44.49,1008.28
2123,190.98,28.27,27.85,44.49,1008.28
2124,191.07,28.26,27.86,44.49,1008.28
2125,191.16,28.26,27.86,44.49,1008.28
2126,191.25,28.27,27.84,44.49,1008.28
2127,191.34,28.28,27.85,44.47,1008.30
2128,191.43,28.28,27.84,44.49,1008.30
2129,191.52,28.26,27.85,44.52,1008.31
2130,191.61,28.27,27.82,44.50,1008.31
2131,191.70,28.27,27.82,44.46,1008.30
2132,191.79,28.26,27.83,44.48,1008.29
2133,191.88,28.28,27.84,44.50,1008.30
2134,191.97,28.29,27.84,44.49,1008.32
2135,192.06,28.28,27.85,44.46,1008.31
2136,192.15,28.29,27.84,44.46,1008.30
2137,192.24,28.30,27.80,44.49,1008.30
2138,192.33,28.30,27.81,44.47,1008.32
2139,192.42,28.29,27.83,44.45,1008.31
2140,192.51,28.30,27.83,44.45,1008.32
2141,192.60,28.30,27.83,44.44,1008.32
2142,192.69,28.29,27.82,44.44,1008.34
2143,192.78,28.29,27.81,44.45,1008.34
2144,192.87,28.29,27.82,44.47,1008.35
2145,192.96,28.28,27.81,44.52,1008.35
2146,193.05,28.28,27.82,44.54,1008.35
2147,193.14,28.27,27.81,44.50,1008.35
2148,193.23,28.26,27.81,44.51,1008.35
2149,193.32,28.24,27.81,44.50,1008.36
2150,193.41,28.25,27.81,44.49,1008.37
2151,193.50,28.25,27.81,44.48,1008.38
2152,193.59,28.25,27.79,44.46,1008.37
2153,193.68,28.26,27.80,44.45,1008.38
2154,193.77,28.25,27.81,44.47,1008.38
2155,193.86,28.23,27.81,44.47,1008.38
2156,193.95,28.23,27.81,44.49,1008.36
2157,194.04,28.25,27.82,44.47,1008.37
2158,194.13,28.27,27.82,44.44,1008.38
2159,194.22,28.26,27.83,44.43,1008.36
2160,194.31,28.25,27.83,44.43,1008.36
2161,194.40,28.22,27.83,44.42,1008.36
2162,194.49,28.21,27.84,44.41,1008.37
2163,194.58,28.21,27.86,44.40,1008.37
2164,194.67,28.21,27.88,44.41,1008.37
2165,194.76,28.19,27.86,44.40,1008.35
2166,194.85,28.18,27.85,44.40,1008.34
2167,194.94,28.16,27.84,44.35,1008.34
2168,195.03,28.16,27.84,44.36,1008.34
2169,195.12,28.13,27.85,44.35,1008.33
2170,195.21,28.14,27.88,44.32,1008.33
2171,195.30,28.13,27.87,44.36,1008.31
2172,195.39,28.13,27.87,44.36,1008.31
2173,195.48,28.13,27.85,44.35,1008.31
2174,195.57,28.14,27.85,44.35,1008.31
2175,195.66,28.16,27.86,44.35,1008.29
2176,195.75,28.16,27.86,44.36,1008.29
2177,195.84,28.15,27.87,44.35,1008.30
2178,195.93,28.17,27.86,44.34,1008.29
2179,196.02,28.18,27.85,44.34,1008.29
2180,196.11,28.18,27.87,44.32,1008.30
2181,196.20,28.18,27.89,44.30,1008.29
2182,196.29,28.18,27.89,44.29,1008.29
2183,196.38,28.18,27.90,44.30,1008.28
2184,196.47,28.18,27.89,44.31,1008.29
2185,196.56,28.17,27.88,44.31,1008.29
2186,196.65,28.16,27.89,44.28,1008.30
2187,196.74,28.16,27.90,44.31,1008.30
2188,196.83,28.16,27.89,44.31,1008.31
2189,196.92,28.15,27.89,44.30,1008.32
2190,197.01,28.14,27.90,44.35,1008.32
2191,197.10,28.16,27.91,44.35,1008.33
2192,197.19,28.16,27.93,44.35,1008.34
2193,197.28,28.17,27.92,44.66,1008.35
2194,197.37,28.17,27.93,44.32,1008.35
2195,197.46,28.16,27.91,44.32,1008.34
2196,197.55,28.15,27.90,44.34,1008.34
2197,197.64,28.16,27.91,44.36,1008.34
2198,197.73,28.16,28.05,44.36,1008.34
2199,197.82,28.15,27.89,44.38,1008.34
2200,197.91,28.15,27.91,44.38,1008.34
2201,198.00,28.14,27.91,44.37,1008.33
2202,198.09,28.16,27.91,44.35,1008.33
2203,198.18,28.16,27.89,44.37,1008.34
2204,198.27,28.17,27.91,44.34,1008.34
2205,198.36,28.16,27.90,44.32,1008.36
2206,198.45,28.17,27.91,44.33,1008.36
2207,198.54,28.17,27.90,44.37,1008.38
2208,198.63,28.18,27.91,44.40,1008.39
2209,198.72,28.17,27.89,44.38,1008.39
2210,198.81,28.18,27.89,44.38,1008.39
2211,198.90,28.17,27.87,44.36,1008.39
2212,198.99,28.16,27.87,44.37,1008.38
2213,199.08,28.16,27.84,44.39,1008.38
2214,199.17,28.17,27.83,44.39,1008.38
2215,199.26,28.16,27.83,44.40,1008.38
2216,199.35,28.15,27.84,44.36,1008.39
2217,199.44,28.15,27.84,44.36,1008.38
2218,199.53,28.17,27.83,44.34,1008.38
2219,199.62,28.15,27.82,44.35,1008.38
2220,199.71,28.16,27.83,44.35,1008.36
2221,199.80,28.16,27.82,44.35,1008.37
2222,199.89,28.17,27.82,44.36,1008.37
2223,199.98,28.16,27.81,44.36,1008.36
2224,200.07,28.17,27.80,44.37,1008.36
2225,200.16,28.17,27.81,44.35,1008.34
2226,200.25,28.19,27.80,44.36,1008.33
2227,200.34,28.20,27.80,44.38,1008.31
2228,200.43,28.18,27.81,44.37,1008.30
2229,200.52,28.19,27.79,44.38,1008.30
2230,200.61,28.19,27.78,44.34,1008.29
2231,200.70,28.20,27.79,44.32,1008.31
2232,200.79,28.19,27.79,44.32,1008.31
2233,200.88,28.21,27.80,44.33,1008.30
2234,200.97,28.20,27.80,44.32,1008.29
2235,201.06,28.19,27.79,44.34,1008.28
2236,201.15,28.20,27.80,44.33,1008.29
2237,201.24,28.20,27.77,44.32,1008.29
2238,201.33,28.20,27.76,44.35,1008.30
2239,201.42,28.20,27.76,44.38,1008.30
2240,201.51,28.18,27.74,44.35,1008.29
2241,201.60,28.17,27.74,44.36,1008.29
2242,201.69,28.17,27.75,44.40,1008.29
2243,201.78,28.17,27.75,44.42,1008.29
2244,201.87,28.17,27.74,44.40,1008.28
2245,201.96,28.18,27.74,44.41,1008.29
2246,202.05,28.17,27.75,44.43,1008.29
2247,202.14,28.17,27.76,44.45,1008.28
2248,202.23,28.18,27.75,44.43,1008.29
2249,202.32,28.17,27.76,44.43,1008.30
2250,202.41,28.17,27.76,44.44,1008.31
2251,202.50,28.17,27.77,44.46,1008.30
2252,202.59,28.20,27.78,44.46,1008.31
2253,202.68,28.19,27.75,44.47,1008.32
2254,202.77,28.18,27.74,44.46,1008.32
2255,202.86,28.18,27.75,44.45,1008.33
2256,202.95,28.17,27.78,44.47,1008.34
2257,203.04,28.17,27.78,44.46,1008.34
2258,203.13,28.18,27.78,44.44,1008.34
2259,203.22,28.19,27.76,44.44,1008.41
2260,203.31,28.18,27.76,44.42,1008.36
2261,203.40,28.19,27.76,44.41,1008.37
2262,203.49,28.18,27.75,44.42,1008.36
2263,203.58,28.18,27.75,44.41,1008.37
2264,203.67,28.16,27.75,44.41,1008.38
2265,203.76,28.17,27.74,44.42,1008.38
2266,203.85,28.17,27.74,44.45,1008.38
2267,203.94,28.19,27.74,44.45,1008.38
2268,204.03,28.18,27.76,44.46,1008.39
2269,204.12,28.15,27.78,44.47,1008.39
2270,204.21,28.18,27.80,44.49,1008.39
2271,204.30,28.17,27.79,44.48,1008.38
2272,204.39,28.18,27.81,44.48,1008.38
2273,204.48,28.19,27.80,44.47,1008.37
2274,204.57,28.20,27.83,44.48,1008.38
2275,204.66,28.20,27.80,44.48,1008.38
2276,204.75,28.20,27.79,44.47,1008.38
2277,204.84,28.21,27.80,44.47,1008.38
2278,204.93,28.21,27.82,44.45,1008.38
2279,205.02,28.18,27.82,44.43,1008.37
2280,205.11,28.18,27.81,44.41,1008.36
2281,205.20,28.17,27.82,44.39,1008.36
2282,205.29,28.17,27.82,44.40,1008.36
2283,205.38,28.17,27.80,44.37,1008.37
2284,205.47,28.17,27.79,44.38,1008.36
2285,205.56,28.16,27.82,44.39,1008.35
2286,205.65,28.14,27.81,44.40,1008.35
2287,205.74,28.15,27.83,44.39,1008.34
2288,205.83,28.16,27.82,44.40,1008.32
2289,205.92,28.15,27.82,44.40,1008.31
2290,206.01,28.14,27.81,44.39,1008.32
2291,206.10,28.15,27.81,44.45,1008.29
2292,206.19,28.15,27.83,44.47,1008.28
2293,206.28,28.16,27.80,44.50,1008.26
2294,206.37,28.16,27.80,44.46,1008.25
2295,206.46,28.15,27.83,44.42,1008.24
2296,206.55,28.16,27.82,44.41,1008.23
2297,206.64,28.15,27.81,44.40,1008.22
2298,206.73,28.12,27.81,44.39,1008.23
2299,206.82,28.12,27.83,44.41,1008.23
2300,206.91,28.11,27.81,44.42,1008.24
2301,207.00,28.09,27.82,44.43,1008.24
2302,207.09,28.09,27.84,44.46,1008.25
2303,207.18,28.10,27.83,44.47,1008.23
2304,207.27,28.10,27.81,44.47,1008.22
2305,207.36,28.10,27.82,44.50,1008.23
2306,207.45,28.09,27.81,44.50,1008.23
2307,207.54,28.10,27.81,44.51,1008.24
2308,207.63,28.10,27.81,44.50,1008.24
2309,207.72,28.11,27.80,44.51,1008.24
2310,207.81,28.10,27.80,44.54,1008.25
2311,207.90,28.11,27.81,44.52,1008.25
2312,207.99,28.11,27.80,44.52,1008.26
2313,208.08,28.10,27.82,44.54,1008.27
2314,208.17,28.09,27.81,44.56,1008.28
2315,208.26,28.10,27.83,44.59,1008.28
2316,208.35,28.11,27.82,44.62,1008.28
2317,208.44,28.11,27.83,44.63,1008.29
2318,208.53,28.11,27.86,44.58,1008.29
2319,208.62,28.10,27.84,44.58,1008.31
2320,208.71,28.10,27.83,44.55,1008.32
2321,208.80,28.09,27.83,44.56,1008.33
2322,208.89,28.09,27.82,44.57,1008.33
2323,208.98,28.09,27.82,44.57,1008.33
2324,209.07,28.09,27.81,44.54,1008.34
2325,209.16,28.08,27.79,44.53,1008.35
2326,209.25,28.10,27.81,44.56,1008.36
2327,209.34,28.10,27.82,44.56,1008.37
2328,209.43,28.10,27.81,44.58,1008.37
2329,209.52,28.09,27.81,44.58,1008.37
2330,209.61,28.10,27.82,44.57,1008.37
2331,209.70,28.09,27.80,44.58,1008.36
2332,209.79,28.08,27.79,44.57,1008.38
2333,209.88,28.11,27.79,44.57,1008.37
2334,209.97,28.11,27.81,44.57,1008.37
2335,210.06,28.08,27.79,44.57,1008.37
2336,210.15,28.08,27.76,44.56,1008.37
2337,210.24,28.09,27.74,44.55,1008.37
2338,210.33,28.09,27.73,44.55,1008.37
2339,210.42,28.10,27.73,44.54,1008.37
2340,210.51,28.09,27.74,44.52,1008.38
2341,210.60,28.11,27.73,44.53,1008.37
2342,210.69,28.12,27.73,44.50,1008.35
2343,210.78,28.12,27.72,44.49,1008.33
2344,210.87,28.14,27.74,44.45,1008.32
2345,210.96,28.13,27.75,44.48,1008.31
2346,211.05,28.15,27.74,44.48,1008.30
2347,211.14,28.15,27.73,44.49,1008.29
2348,211.23,28.14,27.73,44.48,1008.28
2349,211.32,28.15,27.73,44.49,1008.27
2350,211.41,28.17,27.71,44.48,1008.27
2351,211.50,28.17,27.69,44.50,1008.29
2352,211.59,28.17,27.68,44.48,1008.29
2353,211.68,28.17,27.70,44.48,1008.29
2354,211.77,28.16,27.69,44.45,1008.29
2355,211.86,28.18,27.70,44.48,1008.28
2356,211.95,28.17,27.69,44.47,1008.27
2357,212.04,28.18,27.72,44.45,1008.27
2358,212.13,28.18,27.71,44.46,1008.26
2359,212.22,28.18,27.70,44.42,1008.25
2360,212.31,28.18,27.70,44.44,1008.26
2361,212.40,28.18,27.70,44.47,1008.25
2362,212.49,28.18,27.71,44.46,1008.24
2363,212.58,28.17,27.71,44.48,1008.24
2364,212.67,28.15,27.69,44.47,1008.24
2365,212.76,28.16,27.71,44.45,1008.24
2366,212.85,28.16,27.71,44.45,1008.24
2367,212.94,28.17,27.71,44.42,1008.24
2368,213.03,28.15,27.73,44.41,1008.25
2369,213.12,28.14,27.73,44.45,1008.26
2370,213.21,28.14,27.74,44.41,1008.28
2371,213.30,28.14,27.75,44.41,1008.29
2372,213.39,28.13,27.75,44.42,1008.29
2373,213.48,28.13,27.74,44.44,1008.29
2374,213.57,28.13,27.73,44.48,1008.30
2375,213.66,28.14,27.72,44.47,1008.31
2376,213.75,28.15,27.71,44.46,1008.31
2377,213.84,28.12,27.73,44.48,1008.31
2378,213.93,28.12,27.72,44.44,1008.31
2379,214.02,28.12,27.75,44.48,1008.31
2380,214.11,28.13,27.74,44.47,1008.31
2381,214.20,28.11,27.74,44.47,1008.31
2382,214.29,28.11,27.74,44.49,1008.32
2383,214.38,28.11,27.76,44.51,1008.31
2384,214.47,28.11,27.73,44.52,1008.31
2385,214.56,28.11,27.73,44.52,1008.32
2386,214.65,28.11,27.73,44.51,1008.31
2387,214.74,28.12,27.74,44.49,1008.33
2388,214.83,28.12,27.74,44.49,1008.32
2389,214.92,28.11,27.75,44.47,1008.33
2390,215.01,28.12,27.75,44.48,1008.32
2391,215.10,28.12,27.75,44.49,1008.33
2392,215.19,28.13,27.75,44.51,1008.32
2393,215.28,28.13,27.75,44.52,1008.32
2394,215.37,28.13,27.76,44.55,1008.32
2395,215.46,28.12,27.77,44.55,1008.32
2396,215.55,28.11,27.80,44.56,1008.31
2397,215.64,28.10,27.80,44.54,1008.30
2398,215.73,28.11,27.80,44.53,1008.30
2399,215.82,28.12,27.80,44.54,1008.29
2400,215.91,28.11,27.81,44.51,1008.30
2401,216.00,28.11,27.82,44.51,1008.30
2402,216.09,28.10,27.83,44.52,1008.30
2403,216.18,28.08,27.85,44.51,1008.31
2404,216.27,28.07,27.84,44.50,1008.29
2405,216.36,28.06,27.85,44.47,1008.29
2406,216.45,28.08,27.84,44.49,1008.28
2407,216.54,28.08,27.83,44.49,1008.27
2408,216.63,28.08,27.82,44.48,1008.28
2409,216.72,28.08,27.83,44.46,1008.27
2410,216.81,28.07,27.83,44.45,1008.26
2411,216.90,28.06,27.82,44.45,1008.26
2412,216.99,28.05,27.82,44.45,1008.25
2413,217.08,28.05,27.79,44.47,1008.24
2414,217.17,28.05,27.81,44.50,1008.23
2415,217.26,28.04,27.80,44.46,1008.23
2416,217.35,28.04,27.81,44.47,1008.22
2417,217.44,28.05,27.81,44.51,1008.22
2418,217.53,28.03,27.80,44.49,1008.22
2419,217.62,28.02,27.80,44.47,1008.22
2420,217.71,28.02,27.80,44.48,1008.24
2421,217.80,28.03,27.80,44.47,1008.23
2422,217.89,28.03,27.79,44.45,1008.24
2423,217.98,28.03,27.78,44.46,1008.26
2424,218.07,28.04,27.77,44.49,1008.27
2425,218.16,28.03,27.76,44.49,1008.26
2426,218.25,28.04,27.74,44.49,1008.26
2427,218.34,28.04,27.73,44.48,1008.26
2428,218.43,28.03,27.71,44.45,1008.28
2429,218.52,28.03,27.72,44.45,1008.29
2430,218.61,28.03,27.73,44.46,1008.29
2431,218.70,28.03,27.74,44.43,1008.30
2432,218.79,28.02,27.72,44.46,1008.30
2433,218.88,28.01,27.72,44.46,1008.32
2434,218.97,28.00,27.71,44.45,1008.33
2435,219.06,28.01,27.70,44.44,1008.33
2436,219.15,28.04,27.67,44.42,1008.34
2437,219.24,28.03,27.68,44.43,1008.35
2438,219.33,28.01,27.67,44.42,1008.35
2439,219.42,28.02,27.65,44.35,1008.35
2440,219.51,28.03,27.67,44.39,1008.36
2441,219.60,28.02,27.67,44.38,1008.37
2442,219.69,28.01,27.68,44.42,1008.37
2443,219.78,28.02,27.66,44.40,1008.37
2444,219.87,28.04,27.67,44.39,1008.38
2445,219.96,28.03,27.67,44.37,1008.39
2446,220.05,28.02,27.69,44.37,1008.38
2447,220.14,28.03,27.68,44.42,1008.38
2448,220.23,28.03,27.67,44.42,1008.37
2449,220.32,28.02,27.70,44.41,1008.37
2450,220.41,28.03,27.71,44.42,1008.39
2451,220.50,28.03,27.71,44.43,1008.39
2452,220.59,28.03,27.72,44.40,1008.38
2453,220.68,28.04,27.73,44.41,1008.38
2454,220.77,28.05,27.71,44.40,1008.37
2455,220.86,28.03,27.72,44.40,1008.37
2456,220.95,28.03,27.71,44.40,1008.37
2457,221.04,28.03,27.70,44.37,1008.36
2458,221.13,28.04,27.71,44.39,1008.35
2459,221.22,28.04,27.74,44.39,1008.34
2460,221.31,28.04,27.74,44.40,1008.34
2461,221.40,28.04,27.74,44.38,1008.33
2462,221.49,28.05,27.75,44.41,1008.32
2463,221.58,28.05,27.74,44.42,1008.32
2464,221.67,28.05,27.75,44.40,1008.31
2465,221.76,28.05,27.74,44.40,1008.29
2466,221.85,28.05,27.75,44.40,1008.30
2467,221.94,28.05,27.74,44.37,1008.29
2468,222.03,28.05,27.72,44.35,1008.30
2469,222.12,28.04,27.73,44.34,1008.31
2470,222.21,28.03,27.74,44.34,1008.30
2471,222.30,28.05,27.73,44.34,1008.30
2472,222.39,28.06,27.73,44.33,1008.30
2473,222.48,28.06,27.73,44.32,1008.30
2474,222.57,28.07,27.71,44.34,1008.29
2475,222.66,28.06,27.70,44.34,1008.29
2476,222.75,28.07,27.70,44.35,1008.28
2477,222.84,28.06,27.70,44.36,1008.28
2478,222.93,28.05,27.68,44.35,1008.29
2479,223.02,28.05,27.69,44.33,1008.29
2480,223.11,28.06,27.67,44.33,1008.28
2481,223.20,28.05,27.70,44.35,1008.28
2482,223.29,28.06,27.71,44.37,1008.28
2483,223.38,28.07,27.72,44.33,1008.27
2484,223.47,28.06,27.72,44.33,1008.28
2485,223.56,28.07,27.71,44.39,1008.27
2486,223.65,28.08,27.71,44.43,1008.28
2487,223.74,28.09,27.70,44.44,1008.28
2488,223.83,28.09,27.71,44.46,1008.29
2489,223.92,28.11,27.72,44.47,1008.29
2490,224.01,28.12,27.72,44.46,1008.28
2491,224.10,28.13,27.69,44.45,1008.29
2492,224.19,28.15,27.70,44.45,1008.29
2493,224.28,28.14,27.70,44.42,1008.30
2494,224.37,28.15,27.72,44.45,1008.32
2495,224.46,28.15,27.70,44.46,1008.33
2496,224.55,28.15,27.72,44.46,1008.33
2497,224.64,28.15,27.73,44.45,1008.34
2498,224.73,28.14,27.73,44.47,1008.34
2499,224.82,28.13,27.72,44.49,1008.34
2500,224.91,28.13,27.72,44.49,1008.34
2501,225.00,28.12,27.74,44.46,1008.34
2502,225.09,28.11,27.75,44.51,1008.36
2503,225.18,28.11,27.76,44.50,1008.37
2504,225.27,28.12,27.78,44.46,1008.36
2505,225.36,28.11,27.78,44.43,1008.36
2506,225.45,28.10,27.79,44.42,1008.38
2507,225.54,28.09,27.78,44.44,1008.37
2508,225.63,28.11,27.77,44.42,1008.37
2509,225.72,28.11,27.80,44.42,1008.38
2510,225.81,28.11,27.80,44.46,1008.38
2511,225.90,28.11,27.80,44.46,1008.38
2512,225.99,28.11,27.79,44.48,1008.38
2513,226.08,28.09,27.79,44.47,1008.38
2514,226.17,28.08,27.78,44.48,1008.38
2515,226.26,28.08,27.77,44.51,1008.38
2516,226.35,28.06,27.78,44.50,1008.37
2517,226.44,28.08,27.77,44.49,1008.36
2518,226.53,28.06,27.76,44.47,1008.36
2519,226.62,28.06,27.76,44.50,1008.36
2520,226.71,28.05,27.77,44.48,1008.35
2521,226.80,28.06,27.78,44.49,1008.34
2522,226.89,28.06,27.79,44.52,1008.34
2523,226.98,28.05,27.78,44.54,1008.33
2524,227.07,28.05,27.77,44.56,1008.33
2525,227.16,28.04,27.76,44.54,1008.34
2526,227.25,28.03,27.75,44.55,1008.35
2527,227.34,28.06,27.73,44.56,1008.34
2528,227.43,28.03,27.73,44.57,1008.34
2529,227.52,28.02,27.72,44.56,1008.34
2530,227.61,28.03,27.75,44.58,1008.32
2531,227.70,28.03,27.75,44.57,1008.31
2532,227.79,28.03,27.75,44.59,1008.32
2533,227.88,28.03,27.75,44.59,1008.31
2534,227.97,28.02,27.75,44.59,1008.30
2535,228.06,28.02,27.75,44.60,1008.30
2536,228.15,28.01,27.73,44.58,1008.29
2537,228.24,28.01,27.73,44.59,1008.31
2538,228.33,28.01,27.73,44.57,1008.29
2539,228.42,28.01,27.72,44.58,1008.30
2540,228.51,28.02,27.70,44.58,1008.29
2541,228.60,28.01,27.69,44.54,1008.29
2542,228.69,28.01,27.68,44.54,1008.30
2543,228.78,28.02,27.70,44.54,1008.31
2544,228.87,28.02,27.69,44.56,1008.33
2545,228.96,28.01,27.70,44.56,1008.34
2546,229.05,28.01,27.69,44.54,1008.35
2547,229.14,27.98,27.68,44.49,1008.35
2548,229.23,27.98,27.69,44.45,1008.35
2549,229.32,27.98,27.69,44.44,1008.35
2550,229.41,27.97,27.68,44.45,1008.34
2551,229.50,27.96,27.70,44.43,1008.34
2552,229.59,27.96,27.71,44.44,1008.34
2553,229.68,27.97,27.69,44.41,1008.33
2554,229.77,27.97,27.69,44.44,1008.33
2555,229.86,27.97,27.67,44.42,1008.32
2556,229.95,27.98,27.66,44.39,1008.33
2557,230.04,27.97,27.65,44.42,1008.33
2558,230.13,27.98,27.65,44.40,1008.33
2559,230.22,27.97,27.66,44.43,1008.33
2560,230.31,27.97,27.67,44.42,1008.35
2561,230.40,27.96,27.68,44.36,1008.35
2562,230.49,27.96,27.66,44.39,1008.35
2563,230.58,27.95,27.68,44.36,1008.37
2564,230.67,27.95,27.66,44.36,1008.36
2565,230.76,27.94,27.65,44.37,1008.36
2566,230.85,27.94,27.65,44.37,1008.34
2567,230.94,27.95,27.65,44.39,1008.34
2568,231.03,27.96,27.65,44.41,1008.35
2569,231.12,27.99,27.64,44.37,1008.35
2570,231.21,27.98,27.65,44.37,1008.34
2571,231.30,27.99,27.65,44.38,1008.36
2572,231.39,28.00,27.64,44.36,1008.36
2573,231.48,28.01,27.65,44.37,1008.35
2574,231.57,28.02,27.66,44.34,1008.34
2575,231.66,28.03,27.66,44.35,1008.34
2576,231.75,28.04,27.67,44.37,1008.32
2577,231.84,28.04,27.66,44.38,1008.31
2578,231.93,28.03,27.65,44.41,1008.30
2579,232.02,28.04,27.65,44.44,1008.29
2580,232.11,28.04,27.66,44.45,1008.27
2581,232.20,28.05,27.66,44.45,1008.26
2582,232.29,28.06,27.67,44.44,1008.27
2583,232.38,28.06,27.67,44.43,1008.27
2584,232.47,28.05,27.68,44.41,1008.26
2585,232.56,28.05,27.70,44.39,1008.27
2586,232.65,28.04,27.70,44.38,1008.25
2587,232.74,28.03,27.69,44.38,1008.25
2588,232.83,28.03,27.67,44.37,1008.25
2589,232.92,28.03,27.67,44.35,1008.24
2590,233.01,28.02,27.67,44.35,1008.23
2591,233.10,28.01,27.67,44.34,1008.23
2592,233.19,28.03,27.67,44.33,1008.24
2593,233.28,28.01,27.66,44.32,1008.23
2594,233.37,28.01,27.67,44.33,1008.23
2595,233.46,28.01,27.69,44.31,1008.24
2596,233.55,28.01,27.71,44.35,1008.25
2597,233.64,28.02,27.71,44.35,1008.26
2598,233.73,28.03,27.71,44.37,1008.26
2599,233.82,28.02,27.72,44.37,1008.26
2600,233.91,28.03,27.74,44.36,1008.26
2601,234.00,28.01,27.75,44.38,1008.26
2602,234.09,28.02,27.76,44.38,1008.27
2603,234.18,28.00,27.76,44.35,1008.28
2604,234.27,28.02,27.75,44.35,1008.28
2605,234.36,28.03,27.74,44.34,1008.28
2606,234.45,28.04,27.75,44.36,1008.29
2607,234.54,28.04,27.75,44.35,1008.29
2608,234.63,28.04,27.75,44.35,1008.29
2609,234.72,28.03,27.74,44.34,1008.30
2610,234.81,28.04,27.73,44.36,1008.30
2611,234.90,28.04,27.73,44.33,1008.31
2612,234.99,28.02,27.73,44.37,1008.31
2613,235.08,28.03,27.72,44.36,1008.31
2614,235.17,28.02,27.71,44.34,1008.33
2615,235.26,28.01,27.70,44.33,1008.34
2616,235.35,28.00,27.71,44.35,1008.34
2617,235.44,28.00,27.70,44.37,1008.36
2618,235.53,27.99,27.70,44.37,1008.36
2619,235.62,28.00,27.69,44.35,1008.36
2620,235.71,27.99,27.71,44.35,1008.37
2621,235.80,27.99,27.70,44.40,1008.39
2622,235.89,28.00,27.71,44.35,1008.38
2623,235.98,28.00,27.68,44.37,1008.37
2624,236.07,28.01,27.68,44.36,1008.34
2625,236.16,28.01,27.66,44.36,1008.35
2626,236.25,28.02,27.67,44.33,1008.35
2627,236.34,28.01,27.67,44.32,1008.35
2628,236.43,28.01,27.67,44.34,1008.36
2629,236.52,28.01,27.64,44.37,1008.36
2630,236.61,28.01,27.65,44.33,1008.35
2631,236.70,28.00,27.64,44.33,1008.36
2632,236.79,28.00,27.64,44.31,1008.36
2633,236.88,28.00,27.65,44.31,1008.34
2634,236.97,27.99,27.65,44.33,1008.33
2635,237.06,28.00,27.66,44.30,1008.31
2636,237.15,28.00,27.65,44.27,1008.31
2637,237.24,27.99,27.66,44.27,1008.32
2638,237.33,27.99,27.66,44.27,1008.32
2639,237.42,27.99,27.62,44.26,1008.32
2640,237.51,27.98,27.62,44.25,1008.33
2641,237.60,27.98,27.64,44.25,1008.32
2642,237.69,27.99,27.62,44.24,1008.32
2643,237.78,28.00,27.63,44.21,1008.32
2644,237.87,27.99,27.62,44.17,1008.31
2645,237.96,27.98,27.63,44.18,1008.30
2646,238.05,27.97,27.65,44.15,1008.29
2647,238.14,27.97,27.66,44.15,1008.28
2648,238.23,27.98,27.67,44.15,1008.28
2649,238.32,28.00,27.67,44.11,1008.27
2650,238.41,27.99,27.67,44.11,1008.27
2651,238.50,27.99,27.67,44.10,1008.28
2652,238.59,27.98,27.66,44.14,1008.28
2653,238.68,27.97,27.69,44.14,1008.28
2654,238.77,27.97,27.69,44.13,1008.28
2655,238.86,27.96,27.68,44.13,1008.30
2656,238.95,27.95,27.65,44.11,1008.29
2657,239.04,27.98,27.66,44.13,1008.29
2658,239.13,27.98,27.65,44.15,1008.28
2659,239.22,27.98,27.67,44.13,1008.27
2660,239.31,28.00,27.67,44.10,1008.26
2661,239.40,28.00,27.67,44.07,1008.26
2662,239.49,28.00,27.66,44.04,1008.26
2663,239.58,28.00,27.66,44.02,1008.25
2664,239.67,28.00,27.65,44.03,1008.26
2665,239.76,27.98,27.66,44.04,1008.27
2666,239.85,27.98,27.63,44.03,1008.29
2667,239.94,27.97,27.64,44.00,1008.30
2668,240.03,27.98,27.67,43.97,1008.31
2669,240.12,27.98,27.68,43.98,1008.31
2670,240.21,27.98,27.65,43.98,1008.31
2671,240.30,27.98,27.64,43.98,1008.31
2672,240.39,27.96,27.65,43.99,1008.31
2673,240.48,27.96,27.65,43.99,1008.33
2674,240.57,27.97,27.63,43.98,1008.32
2675,240.66,27.96,27.65,43.97,1008.33
2676,240.75,27.96,27.65,43.97,1008.33
2677,240.84,27.96,27.66,43.97,1008.35
2678,240.93,27.96,27.66,43.98,1008.35
2679,241.02,27.97,27.68,43.98,1008.35
2680,241.11,27.98,27.67,43.98,1008.35
2681,241.20,27.97,27.68,44.01,1008.36
2682,241.29,27.97,27.69,44.02,1008.35
2683,241.38,27.98,27.70,44.01,1008.37
2684,241.47,27.98,27.69,44.00,1008.38
2685,241.56,27.98,27.69,43.99,1008.36
2686,241.65,27.98,27.70,43.96,1008.37
2687,241.74,27.97,27.70,43.91,1008.37
2688,241.83,27.96,27.69,43.94,1008.36
2689,241.92,27.97,27.69,43.94,1008.36
2690,242.01,27.96,27.71,43.95,1008.37
2691,242.10,27.96,27.70,43.96,1008.37
2692,242.19,27.94,27.72,43.98,1008.36
2693,242.28,27.96,27.72,43.97,1008.36
2694,242.37,27.96,27.73,43.97,1008.35
2695,242.46,27.97,27.73,43.99,1008.35
2696,242.55,27.96,27.73,43.99,1008.35
2697,242.64,27.95,27.72,44.02,1008.34
2698,242.73,27.95,27.71,44.03,1008.32
2699,242.82,27.95,27.71,44.06,1008.32
2700,242.91,27.97,27.69,44.03,1008.32
2701,243.00,28.00,27.69,44.03,1008.31
2702,243.09,28.00,27.69,44.03,1008.32
2703,243.18,28.01,27.69,44.04,1008.30
2704,243.27,28.01,27.68,44.04,1008.29
2705,243.36,28.01,27.70,44.03,1008.29
2706,243.45,28.00,27.69,44.05,1008.29
2707,243.54,28.00,27.69,44.06,1008.29
2708,243.63,28.01,27.69,44.13,1008.29
2709,243.72,27.99,27.71,44.14,1008.29
2710,243.81,28.00,27.69,44.12,1008.29
2711,243.90,27.99,27.70,44.13,1008.29
2712,243.99,27.99,27.71,44.10,1008.30
2713,244.08,27.98,27.71,44.08,1008.29
2714,244.17,27.95,27.72,44.08,1008.29
2715,244.26,27.98,27.73,44.09,1008.28
2716,244.35,27.99,27.73,44.11,1008.27
2717,244.44,27.99,27.75,44.10,1008.28
2718,244.53,27.98,27.76,44.09,1008.29
2719,244.62,27.97,27.72,44.09,1008.29
2720,244.71,27.97,27.73,44.11,1008.29
2721,244.80,27.98,27.72,44.12,1008.29
2722,244.89,27.97,27.74,44.10,1008.28
2723,244.98,28.00,27.74,44.08,1008.28
2724,245.07,28.00,27.74,44.07,1008.30
2725,245.16,28.01,27.73,44.08,1008.29
2726,245.25,28.01,27.74,44.04,1008.29
2727,245.34,28.00,27.74,44.03,1008.30
2728,245.43,28.01,27.73,44.01,1008.31
2729,245.52,28.01,27.73,43.99,1008.31
2730,245.61,28.01,27.72,44.02,1008.32
2731,245.70,28.01,27.71,44.03,1008.34
2732,245.79,28.01,27.70,44.05,1008.35
2733,245.88,28.00,27.71,44.07,1008.37
2734,245.97,28.00,27.73,44.07,1008.38
2735,246.06,27.99,27.71,44.06,1008.37
2736,246.15,28.00,27.70,44.05,1008.39
2737,246.24,28.00,27.71,44.03,1008.39
2738,246.33,27.97,27.69,44.00,1008.40
2739,246.42,27.97,27.70,44.02,1008.39
2740,246.51,27.95,27.68,44.00,1008.40
2741,246.60,27.95,27.68,44.00,1008.41
2742,246.69,27.96,27.69,43.98,1008.40
2743,246.78,27.97,27.68,43.99,1008.41
2744,246.87,27.96,27.69,43.96,1008.40
2745,246.96,27.97,27.69,44.00,1008.39
2746,247.05,27.97,27.67,43.96,1008.40
2747,247.14,27.96,27.65,43.95,1008.39
2748,247.23,27.96,27.66,43.98,1008.39
2749,247.32,27.97,27.64,43.97,1008.39
2750,247.41,27.96,27.62,43.98,1008.37
2751,247.50,27.96,27.60,44.00,1008.37
2752,247.59,27.96,27.60,43.97,1008.38
2753,247.68,27.95,27.61,43.98,1008.37
2754,247.77,27.95,27.61,43.96,1008.38
2755,247.86,27.96,27.61,43.96,1008.36
2756,247.95,27.98,27.61,43.93,1008.35
2757,248.04,27.96,27.61,43.96,1008.35
2758,248.13,27.97,27.61,43.94,1008.35
2759,248.22,27.97,27.62,43.95,1008.34
2760,248.31,27.96,27.63,43.94,1008.33
2761,248.40,27.96,27.63,43.99,1008.33
2762,248.49,27.96,27.62,44.03,1008.31
2763,248.58,27.97,27.62,44.00,1008.31
2764,248.67,27.96,27.63,43.99,1008.31
2765,248.76,27.97,27.61,43.99,1008.31
2766,248.85,27.96,27.61,43.99,1008.30
2767,248.94,27.96,27.64,43.96,1008.29
2768,249.03,27.96,27.63,43.93,1008.29
2769,249.12,27.96,27.62,43.92,1008.30
2770,249.21,27.95,27.62,43.92,1008.29
2771,249.30,27.94,27.64,43.94,1008.29
2772,249.39,27.95,27.66,43.95,1008.29
2773,249.48,27.94,27.63,43.94,1008.28
2774,249.57,27.93,27.63,43.98,1008.28
2775,249.66,27.94,27.64,43.97,1008.28
2776,249.75,27.93,27.64,44.03,1008.29
2777,249.84,27.93,27.65,44.01,1008.29
2778,249.93,27.93,27.64,43.96,1008.28
2779,250.02,27.92,27.64,43.96,1008.30
2780,250.11,27.91,27.65,44.00,1008.30
2781,250.20,27.92,27.65,44.01,1008.30
2782,250.29,27.93,27.65,44.00,1008.30
2783,250.38,27.95,27.66,43.99,1008.30
2784,250.47,27.95,27.65,44.00,1008.30
2785,250.56,27.95,27.63,44.01,1008.30
2786,250.65,27.94,27.64,43.99,1008.29
2787,250.74,27.95,27.63,43.99,1008.30
2788,250.83,27.94,27.64,43.99,1008.29
2789,250.92,27.96,27.66,43.99,1008.30
2790,251.01,27.95,27.66,44.00,1008.31
2791,251.10,27.93,27.66,43.98,1008.33
2792,251.19,27.92,27.66,43.95,1008.34
2793,251.28,27.92,27.66,43.92,1008.33
2794,251.37,27.92,27.66,43.90,1008.34
2795,251.46,27.91,27.68,43.94,1008.34
2796,251.55,27.91,27.69,43.90,1008.35
2797,251.64,27.90,27.72,43.90,1008.35
2798,251.73,27.91,27.74,43.92,1008.36
2799,251.82,27.91,27.74,43.96,1008.37
2800,251.91,27.91,27.74,43.95,1008.37
2801,252.00,27.92,27.73,43.99,1008.38
2802,252.09,27.93,27.72,44.01,1008.38
2803,252.18,27.93,27.72,44.00,1008.37
2804,252.27,27.94,27.72,43.97,1008.38
2805,252.36,27.96,27.69,43.99,1008.38
2806,252.45,27.96,27.69,43.96,1008.39
2807,252.54,27.97,27.68,43.93,1008.38
2808,252.63,27.96,27.69,43.94,1008.39
2809,252.72,27.97,27.68,43.96,1008.38
2810,252.81,27.98,27.68,43.93,1008.37
2811,252.90,27.97,27.69,43.93,1008.37
2812,252.99,27.98,27.68,43.93,1008.38
2813,253.08,27.98,27.70,43.94,1008.37
2814,253.17,28.00,27.69,43.92,1008.37
2815,253.26,28.00,27.70,43.94,1008.36
2816,253.35,27.98,27.68,43.95,1008.34
2817,253.44,27.99,27.68,43.97,1008.33
2818,253.53,27.98,27.68,43.96,1008.34
2819,253.62,27.97,27.67,43.96,1008.34
2820,253.71,27.98,27.67,43.94,1008.33
2821,253.80,27.98,27.67,43.90,1008.33
2822,253.89,27.99,27.66,43.87,1008.32
2823,253.98,27.98,27.65,43.89,1008.31
2824,254.07,28.00,27.65,43.89,1008.32
2825,254.16,27.99,27.65,43.91,1008.32
2826,254.25,27.97,27.63,43.91,1008.32
2827,254.34,27.96,27.64,43.89,1008.31
2828,254.43,27.96,27.65,43.89,1008.30
2829,254.52,27.95,27.66,43.88,1008.29
2830,254.61,27.96,27.66,43.90,1008.27
2831,254.70,27.96,27.67,43.88,1008.26
2832,254.79,27.95,27.65,43.90,1008.25
2833,254.88,27.96,27.66,43.92,1008.25
2834,254.97,27.98,27.67,43.95,1008.25
2835,255.06,27.98,27.67,43.96,1008.26
2836,255.15,27.98,27.69,43.98,1008.25
2837,255.24,27.99,27.70,43.96,1008.25
2838,255.33,28.00,27.68,43.98,1008.26
2839,255.42,27.99,27.67,43.99,1008.27
2840,255.51,27.99,27.67,44.02,1008.27
2841,255.60,27.98,27.68,44.02,1008.27
2842,255.69,27.98,27.66,44.05,1008.27
2843,255.78,27.98,27.65,44.04,1008.28
2844,255.87,27.96,27.66,44.00,1008.29
2845,255.96,27.97,27.67,44.00,1008.30
2846,256.05,27.98,27.66,44.00,1008.31
2847,256.14,27.98,27.67,44.01,1008.32
2848,256.23,27.99,27.69,44.01,1008.31
2849,256.32,27.99,27.69,44.03,1008.33
2850,256.41,27.98,27.70,43.99,1008.34
2851,256.50,27.97,27.69,43.98,1008.34
2852,256.59,27.97,27.69,43.98,1008.35
2853,256.68,27.98,27.67,43.98,1008.35
2854,256.77,27.98,27.67,43.98,1008.34
2855,256.86,28.00,27.67,43.96,1008.35
2856,256.95,28.00,27.69,43.94,1008.36
2857,257.04,28.00,27.68,43.94,1008.36
2858,257.13,28.00,27.66,43.93,1008.36
2859,257.22,27.99,27.67,43.96,1008.35
2860,257.31,27.97,27.67,43.97,1008.35
2861,257.40,27.98,27.67,43.96,1008.36
2862,257.49,27.97,27.66,43.95,1008.35
2863,257.58,27.97,27.66,43.97,1008.34
2864,257.67,27.96,27.64,43.97,1008.34
2865,257.76,27.97,27.63,43.98,1008.36
2866,257.85,27.97,27.63,43.99,1008.36
2867,257.94,27.98,27.62,43.97,1008.36
2868,258.03,27.97,27.63,43.99,1008.35
2869,258.12,27.96,27.64,43.98,1008.34
2870,258.21,27.96,27.63,43.95,1008.34
2871,258.30,27.94,27.64,43.99,1008.32
2872,258.39,27.95,27.65,44.01,1008.33
2873,258.48,27.95,27.65,44.01,1008.32
2874,258.57,27.94,27.64,44.02,1008.32
2875,258.66,27.94,27.67,44.04,1008.31
2876,258.75,27.95,27.70,44.03,1008.31
2877,258.84,27.93,27.69,44.03,1008.31
2878,258.93,27.91,27.70,44.06,1008.31
2879,259.02,27.91,27.68,44.08,1008.29
2880,259.11,27.90,27.66,44.07,1008.30
2881,259.20,27.91,27.65,44.08,1008.30
2882,259.29,27.89,27.63,44.07,1008.29
2883,259.38,27.89,27.65,44.13,1008.28
2884,259.47,27.89,27.64,44.14,1008.27
2885,259.56,27.88,27.64,44.11,1008.28
2886,259.65,27.87,27.63,44.10,1008.27
2887,259.74,27.88,27.62,44.10,1008.26
2888,259.83,27.86,27.63,44.13,1008.26
2889,259.92,27.85,27.64,44.10,1008.27
2890,260.01,27.87,27.66,44.06,1008.24
2891,260.10,27.86,27.67,44.05,1008.25
2892,260.19,27.86,27.66,44.00,1008.23
2893,260.28,27.87,27.66,44.04,1008.24
2894,260.37,27.87,27.67,44.05,1008.24
2895,260.46,27.87,27.68,44.01,1008.24
2896,260.55,27.86,27.70,44.03,1008.24
2897,260.64,27.85,27.69,44.04,1008.25
2898,260.73,27.85,27.69,44.05,1008.26
2899,260.82,27.86,27.67,44.04,1008.25
2900,260.91,27.87,27.66,44.06,1008.25
2901,261.00,27.88,27.67,44.06,1008.26
2902,261.09,27.86,27.67,44.05,1008.26
2903,261.18,27.86,27.66,44.08,1008.28
2904,261.27,27.87,27.66,44.12,1008.29
2905,261.36,27.87,27.67,44.10,1008.29
2906,261.45,27.85,27.67,44.09,1008.29
2907,261.54,27.85,27.69,44.10,1008.28
2908,261.63,27.85,27.69,44.13,1008.30
2909,261.72,27.85,27.67,44.13,1008.31
2910,261.81,27.85,27.66,44.10,1008.31
2911,261.90,27.87,27.66,44.11,1008.33
2912,261.99,27.88,27.67,44.12,1008.34
2913,262.08,27.88,27.67,44.11,1008.35
2914,262.17,27.89,27.68,44.10,1008.35
2915,262.26,27.91,27.68,44.12,1008.35
2916,262.35,27.92,27.70,44.09,1008.36
2917,262.44,27.93,27.72,44.06,1008.37
2918,262.53,27.93,27.68,44.06,1008.38
2919,262.62,27.93,27.70,44.08,1008.38
2920,262.71,27.92,27.71,44.08,1008.39
2921,262.80,27.91,27.71,44.07,1008.40
2922,262.89,27.91,27.72,44.09,1008.39
2923,262.98,27.90,27.74,44.07,1008.39
2924,263.07,27.90,27.75,44.06,1008.39
2925,263.16,27.89,27.77,44.09,1008.40
2926,263.25,27.89,27.76,44.10,1008.39
2927,263.34,27.89,27.77,44.07,1008.39
2928,263.43,27.91,27.76,44.08,1008.39
2929,263.52,27.90,27.75,44.05,1008.37
2930,263.61,27.91,27.74,44.08,1008.36
2931,263.70,27.91,27.72,44.06,1008.36
2932,263.79,27.90,27.71,44.05,1008.36
2933,263.88,27.91,27.72,44.06,1008.35
2934,263.97,27.93,27.70,44.08,1008.35
2935,264.06,27.94,27.71,44.06,1008.34
2936,264.15,27.95,27.70,44.08,1008.32
2937,264.24,27.96,27.70,44.05,1008.31
2938,264.33,27.94,27.70,44.03,1008.30
2939,264.42,27.95,27.69,44.00,1008.31
2940,264.51,27.95,27.68,43.99,1008.30
2941,264.60,27.93,27.67,44.01,1008.29
2942,264.69,27.92,27.66,44.04,1008.28
2943,264.78,27.93,27.65,44.09,1008.28
2944,264.87,27.94,27.66,44.09,1008.27
2945,264.96,27.94,27.66,44.13,1008.28
2946,265.05,27.96,27.66,44.14,1008.29
2947,265.14,27.96,27.65,44.19,1008.31
2948,265.23,27.95,27.64,44.17,1008.31
2949,265.32,27.96,27.65,44.18,1008.30
2950,265.41,27.97,27.65,44.15,1008.31
2951,265.50,27.98,27.64,44.18,1008.31
2952,265.59,27.98,27.62,44.18,1008.31
2953,265.68,27.98,27.64,44.20,1008.30
2954,265.77,27.99,27.65,44.17,1008.31
2955,265.86,27.98,27.63,44.20,1008.31
2956,265.95,27.99,27.62,44.18,1008.30
2957,266.04,27.99,27.62,44.15,1008.29
2958,266.13,27.99,27.60,44.12,1008.28
2959,266.22,27.99,27.61,44.11,1008.26
2960,266.31,27.99,27.61,44.12,1008.27
2961,266.40,27.98,27.62,44.13,1008.27
2962,266.49,27.96,27.62,44.14,1008.27
2963,266.58,27.96,27.62,44.16,1008.27
2964,266.67,27.95,27.63,44.15,1008.28
2965,266.76,27.96,27.62,44.14,1008.28
2966,266.85,27.96,27.63,44.13,1008.28
2967,266.94,27.95,27.62,44.13,1008.30
2968,267.03,27.96,27.59,44.18,1008.30
2969,267.12,27.96,27.60,44.17,1008.31
2970,267.21,27.97,27.59,44.15,1008.33
2971,267.30,27.97,27.60,44.15,1008.34
2972,267.39,27.98,27.61,44.14,1008.36
2973,267.48,27.99,27.61,44.14,1008.35
2974,267.57,28.00,27.59,44.14,1008.36
2975,267.66,28.00,27.57,44.15,1008.37
2976,267.75,27.99,27.57,44.17,1008.36
2977,267.84,27.98,27.57,44.20,1008.36
2978,267.93,27.98,27.57,44.17,1008.37
2979,268.02,27.97,27.57,44.16,1008.36
2980,268.11,27.96,27.56,44.12,1008.36
2981,268.20,27.95,27.57,44.12,1008.36
2982,268.29,27.94,27.58,44.13,1008.36
2983,268.38,27.95,27.59,44.15,1008.37
2984,268.47,27.96,27.59,44.18,1008.38
2985,268.56,27.96,27.57,44.16,1008.40
2986,268.65,27.96,27.57,44.17,1008.38
2987,268.74,27.98,27.59,44.19,1008.37
2988,268.83,27.98,27.60,44.18,1008.36
2989,268.92,27.98,27.60,44.17,1008.36
2990,269.01,27.97,27.60,44.18,1008.36
2991,269.10,27.96,27.60,44.17,1008.37
2992,269.19,27.96,27.61,44.15,1008.36
2993,269.28,27.95,27.61,44.16,1008.36
2994,269.37,27.94,27.61,44.18,1008.36
2995,269.46,27.93,27.62,44.13,1008.35
2996,269.55,27.92,27.62,44.12,1008.33
2997,269.64,27.91,27.61,44.10,1008.32
2998,269.73,27.90,27.63,44.06,1008.30
2999,269.82,27.90,27.65,44.06,1008.30
3000,269.91,27.91,27.65,44.05,1008.30
3001,270.00,27.90,27.64,44.02,1008.30
3002,270.09,27.90,27.65,44.03,1008.31
3003,270.18,27.90,27.65,44.04,1008.31
3004,270.27,27.89,27.67,44.07,1008.31
3005,270.36,27.90,27.69,44.10,1008.31
3006,270.45,27.90,27.69,44.12,1008.30
3007,270.54,27.91,27.70,44.15,1008.30
3008,270.63,27.89,27.73,44.18,1008.31
3009,270.72,27.88,27.74,44.17,1008.30
3010,270.81,27.87,27.73,44.16,1008.30
3011,270.90,27.89,27.72,44.14,1008.30
3012,270.99,27.87,27.70,44.13,1008.31
3013,271.08,27.87,27.71,44.14,1008.31
3014,271.17,27.87,27.70,44.13,1008.30
3015,271.26,27.86,27.69,44.13,1008.30
3016,271.35,27.88,27.70,44.14,1008.31
3017,271.44,27.88,27.70,44.12,1008.32
3018,271.53,27.88,27.69,44.14,1008.31
3019,271.62,27.88,27.67,44.14,1008.31
3020,271.71,27.87,27.69,44.13,1008.32
3021,271.80,27.87,27.69,44.14,1008.32
3022,271.89,27.87,27.69,44.15,1008.33
3023,271.98,27.85,27.68,44.16,1008.33
3024,272.07,27.86,27.69,44.14,1008.35
3025,272.16,27.85,27.70,44.14,1008.36
3026,272.25,27.86,27.70,44.12,1008.37
3027,272.34,27.86,27.70,44.12,1008.37
3028,272.43,27.87,27.71,44.10,1008.38
3029,272.52,27.87,27.71,44.10,1008.38
3030,272.61,27.86,27.70,44.11,1008.38
3031,272.70,27.86,27.69,44.12,1008.39
3032,272.79,27.86,27.67,44.12,1008.39
3033,272.88,27.87,27.67,44.11,1008.39
3034,272.97,27.86,27.69,44.14,1008.39
3035,273.06,27.86,27.69,44.15,1008.38
3036,273.15,27.86,27.71,44.12,1008.38
3037,273.24,27.86,27.71,44.13,1008.37
3038,273.33,27.87,27.71,44.14,1008.37
3039,273.42,27.89,27.71,44.16,1008.37
3040,273.51,27.89,27.71,44.15,1008.38
3041,273.60,27.88,27.71,44.14,1008.39
3042,273.69,27.87,27.69,44.16,1008.37
3043,273.78,27.88,27.68,44.14,1008.38
3044,273.87,27.88,27.69,44.17,1008.39
3045,273.96,27.88,27.69,44.16,1008.37
3046,274.05,27.88,27.69,44.16,1008.36
3047,274.14,27.89,27.70,44.16,1008.36
3048,274.23,27.89,27.72,44.13,1008.36
3049,274.32,27.90,27.70,44.12,1008.35
3050,274.41,27.91,27.68,44.12,1008.35
3051,274.50,27.92,27.68,44.14,1008.35
3052,274.59,27.92,27.67,44.15,1008.34
3053,274.68,27.91,27.66,44.15,1008.31
3054,274.77,27.92,27.65,44.15,1008.31
3055,274.86,27.92,27.64,44.17,1008.31
3056,274.95,27.92,27.64,44.17,1008.30
3057,275.04,27.93,27.64,44.17,1008.30
3058,275.13,27.92,27.65,44.17,1008.30
3059,275.22,27.92,27.67,44.17,1008.29
3060,275.31,27.92,27.67,44.16,1008.29
3061,275.40,27.92,27.64,44.18,1008.28
3062,275.49,27.91,27.65,44.15,1008.29
3063,275.58,27.92,27.62,44.19,1008.27
3064,275.67,27.93,27.62,44.21,1008.27
3065,275.76,27.94,27.63,44.20,1008.27
3066,275.85,27.95,27.61,44.21,1008.26
3067,275.94,27.95,27.61,44.20,1008.25
3068,276.03,27.95,27.60,44.23,1008.25
3069,276.12,27.96,27.59,44.26,1008.24
3070,276.21,27.96,27.58,44.26,1008.24
3071,276.30,27.97,27.58,44.25,1008.25
3072,276.39,27.96,27.58,44.27,1008.25
3073,276.48,27.96,27.59,44.30,1008.25
3074,276.57,27.96,27.61,44.27,1008.26
3075,276.66,27.97,27.61,44.28,1008.28
3076,276.75,27.96,27.64,44.30,1008.26
3077,276.84,27.95,27.64,44.31,1008.26
3078,276.93,27.97,27.62,44.31,1008.26
3079,277.02,27.98,27.63,44.30,1008.27
3080,277.11,27.97,27.61,44.28,1008.28
3081,277.20,27.97,27.60,44.29,1008.28
3082,277.29,27.95,27.59,44.31,1008.27
3083,277.38,27.94,27.59,44.30,1008.29
3084,277.47,27.96,27.60,44.29,1008.29
3085,277.56,27.96,27.59,44.27,1008.30
3086,277.65,27.96,27.59,44.28,1008.31
3087,277.74,27.98,27.59,44.27,1008.31
3088,277.83,27.95,27.58,44.25,1008.32
3089,277.92,27.96,27.59,44.26,1008.31
3090,278.01,27.95,27.59,44.29,1008.33
3091,278.10,27.94,27.60,44.31,1008.35
3092,278.19,27.93,27.60,44.33,1008.36
3093,278.28,27.95,27.62,44.31,1008.36
3094,278.37,27.94,27.63,44.36,1008.36
3095,278.46,27.95,27.63,44.37,1008.36
3096,278.55,27.97,27.64,44.35,1008.36
3097,278.64,27.95,27.64,44.38,1008.36
3098,278.73,27.95,27.64,44.39,1008.34
3099,278.82,27.96,27.64,44.40,1008.34
3100,278.91,27.97,27.63,44.42,1008.35
3101,279.00,27.97,27.63,44.39,1008.35
3102,279.09,27.97,27.65,44.39,1008.35
3103,279.18,27.97,27.65,44.42,1008.35
3104,279.27,27.95,27.66,44.43,1008.34
3105,279.36,27.96,27.67,44.44,1008.34
3106,279.45,27.96,27.68,44.42,1008.34
3107,279.54,27.97,27.67,44.37,1008.34
3108,279.63,27.97,27.68,44.38,1008.34
3109,279.72,27.95,27.69,44.37,1008.34
3110,279.81,27.96,27.70,44.38,1008.33
3111,279.90,27.95,27.69,44.39,1008.31
3112,279.99,27.95,27.69,44.40,1008.32
3113,280.08,27.94,27.69,44.42,1008.31
3114,280.17,27.92,27.69,44.45,1008.30
3115,280.26,27.91,27.68,44.47,1008.29
3116,280.35,27.92,27.71,44.42,1008.28
3117,280.44,27.92,27.72,44.39,1008.28
3118,280.53,27.91,27.69,44.39,1008.28
3119,280.62,27.92,27.69,44.41,1008.28
3120,280.71,27.89,27.71,44.44,1008.27
3121,280.80,27.89,27.71,44.42,1008.29
3122,280.89,27.88,27.71,44.41,1008.29
3123,280.98,27.88,27.70,44.42,1008.28
3124,281.07,27.87,27.69,44.41,1008.28
3125,281.16,27.87,27.72,44.45,1008.27
3126,281.25,27.89,27.74,44.42,1008.28
3127,281.34,27.89,27.74,44.41,1008.27
3128,281.43,27.89,27.71,44.41,1008.25
3129,281.52,27.90,27.71,44.39,1008.25
3130,281.61,27.90,27.69,44.41,1008.24
3131,281.70,27.90,27.69,44.41,1008.26
3132,281.79,27.91,27.70,44.42,1008.26
3133,281.88,27.89,27.69,44.37,1008.26
3134,281.97,27.89,27.69,44.35,1008.25
3135,282.06,27.88,27.67,44.37,1008.26
3136,282.15,27.89,27.65,44.34,1008.25
3137,282.24,27.88,27.63,44.37,1008.26
3138,282.33,27.87,27.64,44.36,1008.26
3139,282.42,27.88,27.65,44.34,1008.26
3140,282.51,27.88,27.65,44.34,1008.28
3141,282.60,27.89,27.65,44.33,1008.28
3142,282.69,27.88,27.64,44.30,1008.28
3143,282.78,27.88,27.66,44.36,1008.30
3144,282.87,27.89,27.65,44.40,1008.31
3145,282.96,27.87,27.65,44.43,1008.31
3146,283.05,27.88,27.65,44.46,1008.31
3147,283.14,27.89,27.64,44.46,1008.32
3148,283.23,27.90,27.62,44.48,1008.32
3149,283.32,27.91,27.60,44.53,1008.32
3150,283.41,27.89,27.60,44.56,1008.32
3151,283.50,27.90,27.61,44.55,1008.31
3152,283.59,27.89,27.59,44.53,1008.32
3153,283.68,27.90,27.62,44.53,1008.32
3154,283.77,27.88,27.63,44.53,1008.33
3155,283.86,27.87,27.62,44.51,1008.33
3156,283.95,27.87,27.63,44.51,1008.34
3157,284.04,27.89,27.61,44.52,1008.33
3158,284.13,27.90,27.62,44.52,1008.34
3159,284.22,27.92,27.62,44.49,1008.34
3160,284.31,27.92,27.62,44.48,1008.34
3161,284.40,27.91,27.61,44.47,1008.34
3162,284.49,27.94,27.60,44.45,1008.34
3163,284.58,27.92,27.61,44.46,1008.34
3164,284.67,27.92,27.62,44.43,1008.33
3165,284.76,27.91,27.61,44.42,1008.34
3166,284.85,27.93,27.62,44.42,1008.35
3167,284.94,27.93,27.61,44.43,1008.35
3168,285.03,27.91,27.63,44.41,1008.34
3169,285.12,27.91,27.63,44.37,1008.34
3170,285.21,27.90,27.64,44.36,1008.33
3171,285.30,27.89,27.63,44.35,1008.33
3172,285.39,27.91,27.64,44.32,1008.31
3173,285.48,27.90,27.63,44.30,1008.31
3174,285.57,27.91,27.61,44.27,1008.31
3175,285.66,27.91,27.60,44.26,1008.29
3176,285.75,27.92,27.58,44.28,1008.30
3177,285.84,27.91,27.58,44.30,1008.32
3178,285.93,27.90,27.58,44.28,1008.33
3179,286.02,27.90,27.57,44.28,1008.32
3180,286.11,27.93,27.59,44.27,1008.32
3181,286.20,27.93,27.59,44.25,1008.30
3182,286.29,27.93,27.58,44.23,1008.29
3183,286.38,27.93,27.58,44.25,1008.29
3184,286.47,27.94,27.57,44.24,1008.30
3185,286.56,27.93,27.55,44.21,1008.30
3186,286.65,27.93,27.56,44.20,1008.30
3187,286.74,27.95,27.57,44.22,1008.31
3188,286.83,27.95,27.59,44.22,1008.30
3189,286.92,27.95,27.61,44.24,1008.31
3190,287.01,27.94,27.59,44.25,1008.30
3191,287.10,27.93,27.60,44.24,1008.30
3192,287.19,27.93,27.61,44.25,1008.29
3193,287.28,27.93,27.60,44.25,1008.30
3194,287.37,27.93,27.59,44.25,1008.30
3195,287.46,27.95,27.60,44.22,1008.31
3196,287.55,27.93,27.61,44.25,1008.31
3197,287.64,27.93,27.61,44.26,1008.31
3198,287.73,27.93,27.61,44.24,1008.31
3199,287.82,27.93,27.63,44.24,1008.31
3200,287.91,27.95,27.62,44.25,1008.30
3201,288.00,27.94,27.62,44.23,1008.30
3202,288.09,27.92,27.63,44.23,1008.31
3203,288.18,27.92,27.64,44.28,1008.32
3204,288.27,27.92,27.63,44.25,1008.33
3205,288.36,27.92,27.62,44.21,1008.33
3206,288.45,27.92,27.63,44.20,1008.32
3207,288.54,27.93,27.62,44.20,1008.33
3208,288.63,27.93,27.63,44.19,1008.35
3209,288.72,27.92,27.62,44.20,1008.35
3210,288.81,27.93,27.63,44.20,1008.36
3211,288.90,27.94,27.63,44.16,1008.36
3212,288.99,27.94,27.66,44.15,1008.36
3213,289.08,27.95,27.65,44.15,1008.36
3214,289.17,27.95,27.66,44.13,1008.36
3215,289.26,27.95,27.66,44.13,1008.35
3216,289.35,27.95,27.64,44.11,1008.34
3217,289.44,27.98,27.66,44.09,1008.34
3218,289.53,27.96,27.66,44.06,1008.35
3219,289.62,27.95,27.64,44.06,1008.35
3220,289.71,27.95,27.66,44.09,1008.35
3221,289.80,27.94,27.66,44.10,1008.33
3222,289.89,27.94,27.63,44.09,1008.33
3223,289.98,27.94,27.65,44.10,1008.34
3224,290.07,27.95,27.65,44.13,1008.34
3225,290.16,27.97,27.65,44.14,1008.35
3226,290.25,27.98,27.64,44.13,1008.36
3227,290.34,27.99,27.65,44.13,1008.36
3228,290.43,27.96,27.64,44.10,1008.36
3229,290.52,27.99,27.64,44.09,1008.33
3230,290.61,27.99,27.63,44.07,1008.34
3231,290.70,27.99,27.63,44.03,1008.33
3232,290.79,27.98,27.64,44.03,1008.32
3233,290.88,27.97,27.64,44.04,1008.32
3234,290.97,27.97,27.67,44.06,1008.31
3235,291.06,27.96,27.67,44.08,1008.30
3236,291.15,27.95,27.67,44.10,1008.30
3237,291.24,27.94,27.68,44.11,1008.29
3238,291.33,27.94,27.72,44.12,1008.29
3239,291.42,27.96,27.71,44.12,1008.29
3240,291.51,27.94,27.70,44.15,1008.30
3241,291.60,27.94,27.71,44.14,1008.30
3242,291.69,27.94,27.74,44.11,1008.29
3243,291.78,27.94,27.74,44.13,1008.28
3244,291.87,27.94,27.74,44.14,1008.29
3245,291.96,27.92,27.77,44.14,1008.29
3246,292.05,27.92,27.76,44.13,1008.29
3247,292.14,27.90,27.76,44.12,1008.29
3248,292.23,27.90,27.74,44.08,1008.30
3249,292.32,27.89,27.72,44.08,1008.30
3250,292.41,27.90,27.70,44.06,1008.30
3251,292.50,27.88,27.71,44.03,1008.31
3252,292.59,27.88,27.71,44.01,1008.31
3253,292.68,27.87,27.69,44.00,1008.31
3254,292.77,27.88,27.68,43.95,1008.31
3255,292.86,27.88,27.66,43.93,1008.31
3256,292.95,27.89,27.65,43.90,1008.32
3257,293.04,27.90,27.63,43.91,1008.33
3258,293.13,27.92,27.60,43.92,1008.34
3259,293.22,27.92,27.59,43.89,1008.35
3260,293.31,27.91,27.56,43.90,1008.35
3261,293.40,27.90,27.54,43.89,1008.35
3262,293.49,27.91,27.51,43.91,1008.36
3263,293.58,27.90,27.51,43.92,1008.37
3264,293.67,27.89,27.50,43.95,1008.38
3265,293.76,27.88,27.50,43.93,1008.38
3266,293.85,27.88,27.52,43.91,1008.40
3267,293.94,27.88,27.51,43.91,1008.40
3268,294.03,27.87,27.53,43.92,1008.41
3269,294.12,27.88,27.54,43.93,1008.41
3270,294.21,27.89,27.56,43.91,1008.41
3271,294.30,27.89,27.58,43.94,1008.41
3272,294.39,27.90,27.59,43.95,1008.41
3273,294.48,27.90,27.61,43.95,1008.40
3274,294.57,27.90,27.61,43.94,1008.41
3275,294.66,27.90,27.61,43.94,1008.39
3276,294.75,27.91,27.62,43.96,1008.38
3277,294.84,27.92,27.62,43.91,1008.39
3278,294.93,27.93,27.63,43.90,1008.38
3279,295.02,27.95,27.65,43.90,1008.39
3280,295.11,27.97,27.63,43.87,1008.38
3281,295.20,27.99,27.62,43.86,1008.37
3282,295.29,27.99,27.62,43.88,1008.38
3283,295.38,28.03,27.61,43.89,1008.37
3284,295.47,28.05,27.61,43.90,1008.36
3285,295.56,28.05,27.59,43.90,1008.36
3286,295.65,28.06,27.60,43.91,1008.36
3287,295.74,28.04,27.58,43.92,1008.36
3288,295.83,28.02,27.59,43.91,1008.36
3289,295.92,28.00,27.59,43.86,1008.37
3290,296.01,27.99,27.58,43.86,1008.35
3291,296.10,27.97,27.58,43.87,1008.34
3292,296.19,27.95,27.57,43.85,1008.32
3293,296.28,27.92,27.59,43.89,1008.31
3294,296.37,27.92,27.61,43.92,1008.30
3295,296.46,27.90,27.62,43.90,1008.29
3296,296.55,27.91,27.62,43.92,1008.28
3297,296.64,27.93,27.61,43.91,1008.28
3298,296.73,27.92,27.60,43.92,1008.29
3299,296.82,27.91,27.60,43.90,1008.29
3300,296.91,27.91,27.62,43.93,1008.29
3301,297.00,27.92,27.61,43.90,1008.30
3302,297.09,27.93,27.63,43.87,1008.29
3303,297.18,27.93,27.65,43.91,1008.29
3304,297.27,27.94,27.68,43.91,1008.29
3305,297.36,27.93,27.68,43.88,1008.28
3306,297.45,27.94,27.68,43.89,1008.29
3307,297.54,27.93,27.69,43.91,1008.28
3308,297.63,27.91,27.68,43.90,1008.27
3309,297.72,27.93,27.66,43.92,1008.27
3310,297.81,27.94,27.69,43.94,1008.27
3311,297.90,27.93,27.71,43.92,1008.27
3312,297.99,27.93,27.71,43.89,1008.27
3313,298.08,27.95,27.70,43.89,1008.29
3314,298.17,27.95,27.69,43.87,1008.29
3315,298.26,27.95,27.68,43.90,1008.29
3316,298.35,27.95,27.68,43.89,1008.31
3317,298.44,27.96,27.69,43.87,1008.30
3318,298.53,27.97,27.69,43.90,1008.30
3319,298.62,27.95,27.68,43.86,1008.31
3320,298.71,27.94,27.67,43.88,1008.31
3321,298.80,27.93,27.66,43.91,1008.32
3322,298.89,27.92,27.67,43.90,1008.33
3323,298.98,27.92,27.67,43.92,1008.34
3324,299.07,27.92,27.70,43.94,1008.33
3325,299.16,27.92,27.70,43.91,1008.35
3326,299.25,27.92,27.68,43.86,1008.36
3327,299.34,27.92,27.69,43.86,1008.38
3328,299.43,27.92,27.69,43.84,1008.36
3329,299.52,27.93,27.68,43.86,1008.36
3330,299.61,27.91,27.69,43.81,1008.35
3331,299.70,27.93,27.70,43.78,1008.34
3332,299.79,27.93,27.69,43.79,1008.34
3333,299.88,27.94,27.67,43.81,1008.33
3334,299.97,27.95,27.67,43.83,1008.32
3335,300.06,27.94,27.66,43.83,1008.32
3336,300.15,27.95,27.67,43.84,1008.33
3337,300.24,27.95,27.67,43.85,1008.33
3338,300.33,27.95,27.68,43.83,1008.32
3339,300.42,27.97,27.71,43.82,1008.33
3340,300.51,27.97,27.71,43.85,1008.32
3341,300.60,27.97,27.72,43.86,1008.32
3342,300.69,27.96,27.71,43.83,1008.33
3343,300.78,27.95,27.72,43.82,1008.33
3344,300.87,27.95,27.70,43.82,1008.32
3345,300.96,27.96,27.70,43.81,1008.31
3346,301.05,27.96,27.71,43.78,1008.30
3347,301.14,27.95,27.71,43.76,1008.29
3348,301.23,27.95,27.71,43.77,1008.28
3349,301.32,27.94,27.72,43.74,1008.27
3350,301.41,27.94,27.72,43.69,1008.27
3351,301.50,27.93,27.73,43.69,1008.27
3352,301.59,27.93,27.70,43.70,1008.27
3353,301.68,27.91,27.68,43.71,1008.26
3354,301.77,27.91,27.68,43.72,1008.25
3355,301.86,27.90,27.69,43.71,1008.26
3356,301.95,27.89,27.68,43.70,1008.25
3357,302.04,27.91,27.68,43.70,1008.24
3358,302.13,27.91,27.64,43.72,1008.24
3359,302.22,27.92,27.65,43.71,1008.24
3360,302.31,27.92,27.66,43.72,1008.24
3361,302.40,27.91,27.66,43.71,1008.24
3362,302.49,27.90,27.64,43.72,1008.23
3363,302.58,27.89,27.63,43.72,1008.22
3364,302.67,27.89,27.61,43.72,1008.22
3365,302.76,27.89,27.60,43.73,1008.23
3366,302.85,27.89,27.58,43.69,1008.23
3367,302.94,27.91,27.62,43.69,1008.24
3368,303.03,27.90,27.60,43.67,1008.25
3369,303.12,27.89,27.61,43.65,1008.25
3370,303.21,27.88,27.60,43.68,1008.25
3371,303.30,27.89,27.60,43.67,1008.25
3372,303.39,27.90,27.59,43.68,1008.25
3373,303.48,27.90,27.60,43.70,1008.27
3374,303.57,27.89,27.61,43.71,1008.28
3375,303.66,27.89,27.61,43.74,1008.29
3376,303.75,27.88,27.64,43.72,1008.30
3377,303.84,27.89,27.63,43.71,1008.32
3378,303.93,27.87,27.63,43.72,1008.32
3379,304.02,27.87,27.60,43.71,1008.32
3380,304.11,27.87,27.60,43.71,1008.32
3381,304.20,27.87,27.58,43.69,1008.32
3382,304.29,27.86,27.58,43.66,1008.32
3383,304.38,27.85,27.60,43.66,1008.32
3384,304.47,27.86,27.57,43.67,1008.32
3385,304.56,27.85,27.58,43.65,1008.32
3386,304.65,27.85,27.58,43.68,1008.32
3387,304.74,27.85,27.56,43.63,1008.33
3388,304.83,27.85,27.57,43.65,1008.33
3389,304.92,27.85,27.57,43.62,1008.34
3390,305.01,27.85,27.56,43.65,1008.32
3391,305.10,27.85,27.57,43.69,1008.33
3392,305.19,27.86,27.56,43.68,1008.33
3393,305.28,27.84,27.55,43.69,1008.33
3394,305.37,27.84,27.54,43.69,1008.32
3395,305.46,27.85,27.55,43.72,1008.32
3396,305.55,27.86,27.57,43.70,1008.32
3397,305.64,27.86,27.57,43.68,1008.32
3398,305.73,27.86,27.57,43.70,1008.33
3399,305.82,27.86,27.57,43.67,1008.33
3400,305.91,27.87,27.57,43.67,1008.32
3401,306.00,27.87,27.59,43.67,1008.32
3402,306.09,27.88,27.59,43.68,1008.32
3403,306.18,27.89,27.58,43.68,1008.32
3404,306.27,27.87,27.56,43.72,1008.32
3405,306.36,27.87,27.58,43.72,1008.32
3406,306.45,27.87,27.58,43.77,1008.31
3407,306.54,27.86,27.59,43.73,1008.31
3408,306.63,27.85,27.60,43.74,1008.30
3409,306.72,27.86,27.60,43.75,1008.32
3410,306.81,27.86,27.59,43.74,1008.31
3411,306.90,27.85,27.61,43.75,1008.30
3412,306.99,27.85,27.60,43.72,1008.30
3413,307.08,27.87,27.63,43.71,1008.29
3414,307.17,27.87,27.63,43.69,1008.29
3415,307.26,27.87,27.63,43.69,1008.29
3416,307.35,27.87,27.66,43.70,1008.29
3417,307.44,27.87,27.66,43.72,1008.28
3418,307.53,27.88,27.67,43.73,1008.28
3419,307.62,27.87,27.69,43.75,1008.29
3420,307.71,27.86,27.67,43.72,1008.29
3421,307.80,27.84,27.69,43.74,1008.28
3422,307.89,27.85,27.69,43.75,1008.27
3423,307.98,27.86,27.68,43.74,1008.27
3424,308.07,27.87,27.66,43.75,1008.27
3425,308.16,27.89,27.66,43.75,1008.28
3426,308.25,27.90,27.67,43.77,1008.28
3427,308.34,27.91,27.67,43.80,1008.29
3428,308.43,27.90,27.68,43.80,1008.29
3429,308.52,27.91,27.69,43.78,1008.30
3430,308.61,27.92,27.69,43.75,1008.30
3431,308.70,27.91,27.70,43.74,1008.29
3432,308.79,27.92,27.71,43.72,1008.29
3433,308.88,27.93,27.72,43.72,1008.29
3434,308.97,27.93,27.71,43.75,1008.29
3435,309.06,27.94,27.70,43.75,1008.29
3436,309.15,27.94,27.70,43.77,1008.29
3437,309.24,27.94,27.70,43.77,1008.30
3438,309.33,27.94,27.72,43.74,1008.31
3439,309.42,27.94,27.72,43.76,1008.31
3440,309.51,27.94,27.71,43.73,1008.33
3441,309.60,27.94,27.71,43.75,1008.33
3442,309.69,27.93,27.68,43.76,1008.33
3443,309.78,27.93,27.70,43.77,1008.32
3444,309.87,27.94,27.70,43.79,1008.32
3445,309.96,27.94,27.70,43.77,1008.33
3446,310.05,27.93,27.70,43.77,1008.34
3447,310.14,27.95,27.69,43.77,1008.34
3448,310.23,27.95,27.70,43.76,1008.35
3449,310.32,27.92,27.68,43.78,1008.34
3450,310.41,27.94,27.68,43.77,1008.35
3451,310.50,27.94,27.68,43.77,1008.35
3452,310.59,27.93,27.68,43.75,1008.36
3453,310.68,27.94,27.69,43.77,1008.37
3454,310.77,27.93,27.66,43.73,1008.36
3455,310.86,27.93,27.67,43.69,1008.37
3456,310.95,27.93,27.68,43.68,1008.38
3457,311.04,27.93,27.68,43.68,1008.38
3458,311.13,27.92,27.68,43.69,1008.38
3459,311.22,27.92,27.68,43.69,1008.36
3460,311.31,27.92,27.68,43.68,1008.37
3461,311.40,27.93,27.66,43.71,1008.38
3462,311.49,27.92,27.65,43.69,1008.37
3463,311.58,27.92,27.63,43.72,1008.38
3464,311.67,27.92,27.63,43.74,1008.37
3465,311.76,27.92,27.62,43.72,1008.36
3466,311.85,27.93,27.62,43.74,1008.35
3467,311.94,27.92,27.63,43.75,1008.34
3468,312.03,27.92,27.64,43.76,1008.33
3469,312.12,27.92,27.62,43.80,1008.32
3470,312.21,27.93,27.60,43.77,1008.33
3471,312.30,27.94,27.61,43.75,1008.31
3472,312.39,27.93,27.59,43.75,1008.30
3473,312.48,27.95,27.61,43.74,1008.31
3474,312.57,27.96,27.62,43.77,1008.31
3475,312.66,27.95,27.62,43.79,1008.31
3476,312.75,27.96,27.61,43.77,1008.31
3477,312.84,27.97,27.61,43.78,1008.31
3478,312.93,27.95,27.61,43.79,1008.32
3479,313.02,27.94,27.62,43.78,1008.30
3480,313.11,27.95,27.61,43.79,1008.29
3481,313.20,27.95,27.63,43.84,1008.29
3482,313.29,27.93,27.62,43.85,1008.28
3483,313.38,27.93,27.63,43.84,1008.29
3484,313.47,27.94,27.61,43.84,1008.27
3485,313.56,27.95,27.61,43.84,1008.27
3486,313.65,27.96,27.60,43.84,1008.28
3487,313.74,27.96,27.62,43.83,1008.27
3488,313.83,27.95,27.62,43.80,1008.28
3489,313.92,27.94,27.61,43.79,1008.29
3490,314.01,27.94,27.60,43.80,1008.28
3491,314.10,27.93,27.59,43.80,1008.28
3492,314.19,27.96,27.57,43.82,1008.29
3493,314.28,27.97,27.58,43.84,1008.29
3494,314.37,27.95,27.58,43.85,1008.30
3495,314.46,27.95,27.59,43.84,1008.31
3496,314.55,27.95,27.58,43.87,1008.32
3497,314.64,27.96,27.58,43.87,1008.31
3498,314.73,27.96,27.59,43.87,1008.32
3499,314.82,27.95,27.60,43.87,1008.34
3500,314.91,27.96,27.60,43.89,1008.34
3501,315.00,27.95,27.61,43.89,1008.34
3502,315.09,27.93,27.61,43.88,1008.36
3503,315.18,27.92,27.61,43.87,1008.36
3504,315.27,27.91,27.59,43.85,1008.36
3505,315.36,27.90,27.59,43.83,1008.37
3506,315.45,27.89,27.60,43.78,1008.37
3507,315.54,27.88,27.59,43.78,1008.37
3508,315.63,27.88,27.59,43.75,1008.39
3509,315.72,27.90,27.59,43.77,1008.37
3510,315.81,27.90,27.62,43.80,1008.38
3511,315.90,27.89,27.62,43.79,1008.39
3512,315.99,27.89,27.61,43.83,1008.38
3513,316.08,27.87,27.60,43.83,1008.38
3514,316.17,27.87,27.60,43.83,1008.39
3515,316.26,27.87,27.59,43.83,1008.39
3516,316.35,27.86,27.62,43.85,1008.38
3517,316.44,27.86,27.61,43.88,1008.38
3518,316.53,27.87,27.64,43.89,1008.36
3519,316.62,27.88,27.65,43.91,1008.36
3520,316.71,27.88,27.65,43.93,1008.38
3521,316.80,27.87,27.63,43.94,1008.38
3522,316.89,27.87,27.64,43.95,1008.38
3523,316.98,27.88,27.65,43.97,1008.38
3524,317.07,27.88,27.65,43.98,1008.37
3525,317.16,27.90,27.65,43.96,1008.37
3526,317.25,27.90,27.66,43.94,1008.36
3527,317.34,27.91,27.66,43.94,1008.36
3528,317.43,27.91,27.68,43.92,1008.36
3529,317.52,27.93,27.67,43.92,1008.36
3530,317.61,27.93,27.68,43.90,1008.34
3531,317.70,27.93,27.66,43.94,1008.33
3532,317.79,27.94,27.67,43.92,1008.32
3533,317.88,27.93,27.68,43.90,1008.31
3534,317.97,27.94,27.68,43.90,1008.30
3535,318.06,27.94,27.68,43.94,1008.30
3536,318.15,27.93,27.68,43.95,1008.30
3537,318.24,27.93,27.69,43.95,1008.29
3538,318.33,27.92,27.69,43.98,1008.29
3539,318.42,27.92,27.67,43.98,1008.27
3540,318.51,27.92,27.68,44.00,1008.27
3541,318.60,27.91,27.69,43.98,1008.27
3542,318.69,27.91,27.70,43.95,1008.29
3543,318.78,27.90,27.68,43.94,1008.29
3544,318.87,27.89,27.68,43.94,1008.29
3545,318.96,27.90,27.68,43.96,1008.29
3546,319.05,27.88,27.68,43.93,1008.29
3547,319.14,27.88,27.66,43.92,1008.29
3548,319.23,27.89,27.68,43.96,1008.30
3549,319.32,27.89,27.69,43.95,1008.30
3550,319.41,27.89,27.68,43.94,1008.31
3551,319.50,27.89,27.65,43.96,1008.32
3552,319.59,27.91,27.66,43.99,1008.32
3553,319.68,27.91,27.66,43.97,1008.32
3554,319.77,27.90,27.65,43.97,1008.31
3555,319.86,27.91,27.65,43.97,1008.31
3556,319.95,27.92,27.65,43.97,1008.31
3557,320.04,27.94,27.66,43.94,1008.31
3558,320.13,27.93,27.63,43.92,1008.32
3559,320.22,27.94,27.63,43.89,1008.33
3560,320.31,27.93,27.62,43.88,1008.33
3561,320.40,27.94,27.64,43.89,1008.34
3562,320.49,27.94,27.63,43.92,1008.34
3563,320.58,27.94,27.60,43.91,1008.36
3564,320.67,27.95,27.58,43.92,1008.36
3565,320.76,27.94,27.58,43.96,1008.35
3566,320.85,27.94,27.58,43.95,1008.36
3567,320.94,27.94,27.58,43.96,1008.37
3568,321.03,27.94,27.59,43.94,1008.38
3569,321.12,27.94,27.59,43.94,1008.39
3570,321.21,27.95,27.60,43.93,1008.39
3571,321.30,27.95,27.60,43.93,1008.40
3572,321.39,27.95,27.62,43.96,1008.40
3573,321.48,27.95,27.60,43.99,1008.40
3574,321.57,27.94,27.61,43.95,1008.40
3575,321.66,27.94,27.62,43.94,1008.40
3576,321.75,27.95,27.63,43.91,1008.39
3577,321.84,27.92,27.62,43.92,1008.38
3578,321.93,27.92,27.63,43.95,1008.37
3579,322.02,27.93,27.61,43.91,1008.35
3580,322.11,27.91,27.59,43.89,1008.36
3581,322.20,27.92,27.58,43.93,1008.36
3582,322.29,27.92,27.58,43.91,1008.35
3583,322.38,27.91,27.58,43.91,1008.35
3584,322.47,27.90,27.58,43.93,1008.35
3585,322.56,27.90,27.57,43.93,1008.35
3586,322.65,27.91,27.57,43.93,1008.34
3587,322.74,27.91,27.56,43.93,1008.33
3588,322.83,27.90,27.56,43.91,1008.32
3589,322.92,27.90,27.56,43.90,1008.31
3590,323.01,27.89,27.55,43.92,1008.31
3591,323.10,27.89,27.56,43.93,1008.31
3592,323.19,27.90,27.57,43.93,1008.30
3593,323.28,27.90,27.58,43.89,1008.31
3594,323.37,27.90,27.58,43.88,1008.30
3595,323.46,27.89,27.58,43.90,1008.30
3596,323.55,27.88,27.56,43.87,1008.30
3597,323.64,27.88,27.57,43.89,1008.30
3598,323.73,27.89,27.55,43.88,1008.28
3599,323.82,27.86,27.54,43.89,1008.28
3600,323.91,27.86,27.56,43.90,1008.28
3601,324.00,27.86,27.56,43.90,1008.29
3602,324.09,27.85,27.57,43.95,1008.29
3603,324.18,27.86,27.57,43.94,1008.31
3604,324.27,27.87,27.56,43.94,1008.30
3605,324.36,27.86,27.55,43.92,1008.30
3606,324.45,27.87,27.55,43.91,1008.30
3607,324.54,27.89,27.55,43.92,1008.30
3608,324.63,27.89,27.56,43.94,1008.30
3609,324.72,27.88,27.56,43.94,1008.30
3610,324.81,27.89,27.55,43.98,1008.29
3611,324.90,27.89,27.57,43.98,1008.30
3612,324.99,27.88,27.57,43.97,1008.30
3613,325.08,27.65,27.56,43.96,1008.32
3614,325.17,27.79,27.56,43.96,1008.33
3615,325.26,27.88,27.56,43.97,1008.34
3616,325.35,27.86,27.57,43.96,1008.34
3617,325.44,27.87,27.58,43.94,1008.35
3618,325.53,27.86,27.60,43.91,1008.35
3619,325.62,27.86,27.59,43.94,1008.35
3620,325.71,27.87,27.59,43.95,1008.36
3621,325.80,27.88,27.59,43.93,1008.36
3622,325.89,27.88,27.60,43.96,1008.37
3623,325.98,27.89,27.60,43.98,1008.37
3624,326.07,27.88,27.60,44.00,1008.36
3625,326.16,27.88,27.60,44.01,1008.36
3626,326.25,27.88,27.60,43.99,1008.36
3627,326.34,27.89,27.60,43.98,1008.35
3628,326.43,27.89,27.63,43.98,1008.36
3629,326.52,27.88,27.65,44.00,1008.36
3630,326.61,27.89,27.68,44.00,1008.37
3631,326.70,27.90,27.66,43.99,1008.37
3632,326.79,27.91,27.67,44.01,1008.35
3633,326.88,27.92,27.66,44.04,1008.35
3634,326.97,27.92,27.69,44.07,1008.36
3635,327.06,27.91,27.69,44.05,1008.35
3636,327.15,27.92,27.69,44.03,1008.35
3637,327.24,27.91,27.70,44.05,1008.36
3638,327.33,27.92,27.69,44.09,1008.35
3639,327.42,27.92,27.69,44.07,1008.34
3640,327.51,27.93,27.68,44.04,1008.34
3641,327.60,27.94,27.68,44.07,1008.35
3642,327.69,27.94,27.67,44.10,1008.35
3643,327.78,27.95,27.65,44.12,1008.34
3644,327.87,27.93,27.64,44.11,1008.33
3645,327.96,27.91,27.65,44.12,1008.32
3646,328.05,27.91,27.64,44.08,1008.31
3647,328.14,27.91,27.64,44.05,1008.30
3648,328.23,27.90,27.65,44.06,1008.30
3649,328.32,27.88,27.65,44.06,1008.31
3650,328.41,27.89,27.65,44.07,1008.31
3651,328.50,27.90,27.67,44.06,1008.30
3652,328.59,27.92,27.68,44.05,1008.29
3653,328.68,27.92,27.66,44.05,1008.28
3654,328.77,27.92,27.67,44.05,1008.28
3655,328.86,27.92,27.67,44.03,1008.28
3656,328.95,27.94,27.68,44.06,1008.27
3657,329.04,27.93,27.68,44.06,1008.27
3658,329.13,27.94,27.67,44.06,1008.27
3659,329.22,27.93,27.67,44.08,1008.26
3660,329.31,27.93,27.67,44.07,1008.27
3661,329.40,27.93,27.67,44.03,1008.27
3662,329.49,27.92,27.65,44.06,1008.26
3663,329.58,27.93,27.66,44.03,1008.27
3664,329.67,27.94,27.65,44.01,1008.28
3665,329.76,27.94,27.65,44.01,1008.28
3666,329.85,27.92,27.65,44.02,1008.28
3667,329.94,27.92,27.65,44.01,1008.28
3668,330.03,27.92,27.67,43.97,1008.29
3669,330.12,27.91,27.66,43.98,1008.30
3670,330.21,27.91,27.65,44.00,1008.30
3671,330.30,27.91,27.65,44.01,1008.31
3672,330.39,27.92,27.65,44.02,1008.30
3673,330.48,27.91,27.67,44.02,1008.31
3674,330.57,27.91,27.66,44.03,1008.30
3675,330.66,27.92,27.66,44.06,1008.29
3676,330.75,27.93,27.67,44.06,1008.29
3677,330.84,27.92,27.66,44.08,1008.32
3678,330.93,27.90,27.64,44.06,1008.33
3679,331.02,27.91,27.63,44.04,1008.32
3680,331.11,27.91,27.62,44.05,1008.32
3681,331.20,27.93,27.63,44.05,1008.34
3682,331.29,27.92,27.62,44.04,1008.34
3683,331.38,27.94,27.59,44.02,1008.34
3684,331.47,27.94,27.60,43.99,1008.35
3685,331.56,27.95,27.59,43.98,1008.37
3686,331.65,27.96,27.58,43.97,1008.37
3687,331.74,27.96,27.56,43.94,1008.37
3688,331.83,27.95,27.55,43.95,1008.37
3689,331.92,27.93,27.55,43.92,1008.36
3690,332.01,27.94,27.57,43.92,1008.36
3691,332.10,27.93,27.58,43.90,1008.36
3692,332.19,27.93,27.56,43.92,1008.36
3693,332.28,27.91,27.56,43.92,1008.35
3694,332.37,27.91,27.58,43.97,1008.35
3695,332.46,27.92,27.58,44.00,1008.35
3696,332.55,27.93,27.57,43.99,1008.34
3697,332.64,27.94,27.56,43.96,1008.33
3698,332.73,27.94,27.57,43.99,1008.32
3699,332.82,27.95,27.58,44.00,1008.32
3700,332.91,27.96,27.58,43.99,1008.31
3701,333.00,27.95,27.58,44.00,1008.31
3702,333.09,27.96,27.57,43.99,1008.32
3703,333.18,27.96,27.58,43.96,1008.31
3704,333.27,27.95,27.57,44.00,1008.30
3705,333.36,27.95,27.56,44.03,1008.30
3706,333.45,27.95,27.57,44.04,1008.29
3707,333.54,27.97,27.57,44.05,1008.29
3708,333.63,27.95,27.55,44.06,1008.28
3709,333.72,27.94,27.54,44.02,1008.29
3710,333.81,27.92,27.56,44.00,1008.28
3711,333.90,27.92,27.59,44.01,1008.28
3712,333.99,27.93,27.61,44.00,1008.28
3713,334.08,27.93,27.62,44.01,1008.28
3714,334.17,27.93,27.60,43.99,1008.28
3715,334.26,27.91,27.56,43.99,1008.28
3716,334.35,27.90,27.57,43.99,1008.27
3717,334.44,27.88,27.59,43.99,1008.27
3718,334.53,27.88,27.58,44.00,1008.27
3719,334.62,27.88,27.59,44.00,1008.27
3720,334.71,27.86,27.60,44.03,1008.26
3721,334.80,27.85,27.58,44.03,1008.26
3722,334.89,27.86,27.59,44.03,1008.26
3723,334.98,27.86,27.61,44.03,1008.27
3724,335.07,27.86,27.63,44.03,1008.27
3725,335.16,27.85,27.63,44.07,1008.28
3726,335.25,27.87,27.62,44.11,1008.27
3727,335.34,27.86,27.64,44.10,1008.27
3728,335.43,27.87,27.65,44.09,1008.27
3729,335.52,27.89,27.64,44.07,1008.27
3730,335.61,27.89,27.64,44.08,1008.27
3731,335.70,27.88,27.62,44.09,1008.27
3732,335.79,27.86,27.64,44.07,1008.28
3733,335.88,27.85,27.66,44.08,1008.30
3734,335.97,27.86,27.67,44.06,1008.30
3735,336.06,27.84,27.67,44.03,1008.31
3736,336.15,27.83,27.68,44.01,1008.32
3737,336.24,27.83,27.66,44.02,1008.32
3738,336.33,27.82,27.67,44.01,1008.32
3739,336.42,27.82,27.67,44.00,1008.33
3740,336.51,27.81,27.67,44.00,1008.32
3741,336.60,27.81,27.67,43.98,1008.34
3742,336.69,27.81,27.68,43.96,1008.35
3743,336.78,27.82,27.70,43.94,1008.35
3744,336.87,27.82,27.69,43.96,1008.35
3745,336.96,27.82,27.67,43.96,1008.34
3746,337.05,27.83,27.67,43.94,1008.35
3747,337.14,27.85,27.66,43.95,1008.35
3748,337.23,27.84,27.65,43.94,1008.37
3749,337.32,27.85,27.67,43.93,1008.36
3750,337.41,27.85,27.66,43.89,1008.38
3751,337.50,27.83,27.66,43.86,1008.38
3752,337.59,27.85,27.65,43.84,1008.39
3753,337.68,27.85,27.65,43.82,1008.39
3754,337.77,27.86,27.65,43.84,1008.37
3755,337.86,27.86,27.63,43.85,1008.37
3756,337.95,27.86,27.64,43.85,1008.36
3757,338.04,27.86,27.63,43.89,1008.35
3758,338.13,27.86,27.62,43.88,1008.36
3759,338.22,27.85,27.62,43.87,1008.35
3760,338.31,27.86,27.61,43.87,1008.33
3761,338.40,27.86,27.60,43.84,1008.33
3762,338.49,27.88,27.59,43.83,1008.32
3763,338.58,27.89,27.59,43.84,1008.33
3764,338.67,27.89,27.59,43.84,1008.32
3765,338.76,27.89,27.60,43.84,1008.32
3766,338.85,27.89,27.60,43.83,1008.30
3767,338.94,27.91,27.58,43.82,1008.31
3768,339.03,27.92,27.57,43.83,1008.31
3769,339.12,27.91,27.58,43.89,1008.30
3770,339.21,27.92,27.58,43.86,1008.29
3771,339.30,27.92,27.57,43.85,1008.30
3772,339.39,27.92,27.56,43.84,1008.29
3773,339.48,27.91,27.57,43.86,1008.29
3774,339.57,27.92,27.59,43.86,1008.28
3775,339.66,27.92,27.59,43.88,1008.29
3776,339.75,27.92,27.59,43.90,1008.29
3777,339.84,27.93,27.58,43.90,1008.29
3778,339.93,27.95,27.58,43.90,1008.29
3779,340.02,27.93,27.59,43.93,1008.29
3780,340.11,27.92,27.59,43.92,1008.29
3781,340.20,27.94,27.58,43.92,1008.29
3782,340.29,27.93,27.59,43.90,1008.29
3783,340.38,27.94,27.59,43.90,1008.28
3784,340.47,27.93,27.58,43.90,1008.29
3785,340.56,27.94,27.59,43.93,1008.29
3786,340.65,27.93,27.59,43.91,1008.30
3787,340.74,27.93,27.60,43.89,1008.30
3788,340.83,27.93,27.59,43.90,1008.30
3789,340.92,27.94,27.60,43.92,1008.31
3790,341.01,27.95,27.57,43.92,1008.31
3791,341.10,27.95,27.56,43.92,1008.31
3792,341.19,27.94,27.56,43.88,1008.32
3793,341.28,27.94,27.55,43.88,1008.32
3794,341.37,27.95,27.56,43.88,1008.33
3795,341.46,27.96,27.57,43.90,1008.32
3796,341.55,27.97,27.56,43.90,1008.32
3797,341.64,27.96,27.55,43.90,1008.32
3798,341.73,27.95,27.56,43.89,1008.33
3799,341.82,27.96,27.57,43.90,1008.33
3800,341.91,27.95,27.58,43.90,1008.33
3801,342.00,27.94,27.57,43.87,1008.35
3802,342.09,27.91,27.58,43.88,1008.34
3803,342.18,27.91,27.59,43.88,1008.34
3804,342.27,27.91,27.58,43.87,1008.32
3805,342.36,27.88,27.60,43.83,1008.33
3806,342.45,27.90,27.58,43.82,1008.34
3807,342.54,27.90,27.56,43.81,1008.34
3808,342.63,27.88,27.57,43.81,1008.35
3809,342.72,27.88,27.58,43.78,1008.37
3810,342.81,27.87,27.57,43.79,1008.37
3811,342.90,27.86,27.57,43.77,1008.36
3812,342.99,27.88,27.55,43.80,1008.36
3813,343.08,27.88,27.56,43.80,1008.36
3814,343.17,27.88,27.58,43.81,1008.36
3815,343.26,27.88,27.58,43.77,1008.36
3816,343.35,27.89,27.58,43.77,1008.35
3817,343.44,27.90,27.58,43.76,1008.36
3818,343.53,27.88,27.59,43.74,1008.34
3819,343.62,27.88,27.59,43.72,1008.33
3820,343.71,27.87,27.59,43.73,1008.33
3821,343.80,27.87,27.58,43.70,1008.32
3822,343.89,27.86,27.58,43.69,1008.31
3823,343.98,27.87,27.56,43.68,1008.31
3824,344.07,27.87,27.57,43.70,1008.31
3825,344.16,27.87,27.58,43.71,1008.31
3826,344.25,27.86,27.59,43.69,1008.30
3827,344.34,27.85,27.59,43.68,1008.29
3828,344.43,27.85,27.59,43.68,1008.29
3829,344.52,27.83,27.58,43.69,1008.30
3830,344.61,27.82,27.60,43.70,1008.30
3831,344.70,27.81,27.61,43.71,1008.30
3832,344.79,27.81,27.62,43.72,1008.31
3833,344.88,27.82,27.63,43.71,1008.31
3834,344.97,27.82,27.63,43.73,1008.31
3835,345.06,27.83,27.62,43.75,1008.30
3836,345.15,27.85,27.62,43.76,1008.28
3837,345.24,27.86,27.63,43.76,1008.28
3838,345.33,27.85,27.63,43.77,1008.28
3839,345.42,27.89,27.65,43.78,1008.28
3840,345.51,27.88,27.66,43.78,1008.29
3841,345.60,27.88,27.69,43.79,1008.30
3842,345.69,27.88,27.70,43.79,1008.31
3843,345.78,27.86,27.72,43.80,1008.31
3844,345.87,27.86,27.71,43.79,1008.30
3845,345.96,27.85,27.70,43.82,1008.29
3846,346.05,27.86,27.73,43.80,1008.29
3847,346.14,27.86,27.70,43.80,1008.29
3848,346.23,27.87,27.69,43.81,1008.30
3849,346.32,27.87,27.71,43.81,1008.31
3850,346.41,27.87,27.69,43.83,1008.31
3851,346.50,27.86,27.69,43.81,1008.31
3852,346.59,27.85,27.70,43.82,1008.33
3853,346.68,27.84,27.67,43.81,1008.33
3854,346.77,27.84,27.65,43.83,1008.33
3855,346.86,27.84,27.65,43.79,1008.33
3856,346.95,27.84,27.67,43.77,1008.34
3857,347.04,27.85,27.66,43.73,1008.34
3858,347.13,27.85,27.68,43.72,1008.35
3859,347.22,27.87,27.68,43.74,1008.35
3860,347.31,27.87,27.66,43.73,1008.36
3861,347.40,27.86,27.66,43.75,1008.35
3862,347.49,27.87,27.65,43.73,1008.35
3863,347.58,27.87,27.65,43.70,1008.35
3864,347.67,27.86,27.65,43.67,1008.35
3865,347.76,27.83,27.63,43.67,1008.36
3866,347.85,27.83,27.63,43.69,1008.35
3867,347.94,27.83,27.63,43.69,1008.34
3868,348.03,27.83,27.63,43.72,1008.34
3869,348.12,27.82,27.63,43.73,1008.34
3870,348.21,27.82,27.63,43.73,1008.34
3871,348.30,27.82,27.62,43.77,1008.33
3872,348.39,27.84,27.62,43.78,1008.33
3873,348.48,27.85,27.61,43.80,1008.32
3874,348.57,27.86,27.60,43.83,1008.32
3875,348.66,27.88,27.61,43.85,1008.32
3876,348.75,27.89,27.60,43.86,1008.33
3877,348.84,27.89,27.61,43.85,1008.32
3878,348.93,27.91,27.61,43.84,1008.31
3879,349.02,27.89,27.60,43.82,1008.31
3880,349.11,27.89,27.61,43.81,1008.32
3881,349.20,27.90,27.58,43.78,1008.32
3882,349.29,27.89,27.59,43.74,1008.30
3883,349.38,27.89,27.60,43.70,1008.30
3884,349.47,27.91,27.59,43.70,1008.30
3885,349.56,27.92,27.57,43.69,1008.28
3886,349.65,27.93,27.58,43.69,1008.29
3887,349.74,27.93,27.57,43.68,1008.28
3888,349.83,27.92,27.57,43.69,1008.27
3889,349.92,27.91,27.59,43.69,1008.27
3890,350.01,27.93,27.59,43.67,1008.27
3891,350.10,27.91,27.58,43.66,1008.25
3892,350.19,27.91,27.58,43.65,1008.23
3893,350.28,27.91,27.57,43.64,1008.24
3894,350.37,27.91,27.57,43.64,1008.24
3895,350.46,27.89,27.57,43.62,1008.26
3896,350.55,27.91,27.58,43.64,1008.25
3897,350.64,27.91,27.56,43.62,1008.26
3898,350.73,27.92,27.56,43.62,1008.27
3899,350.82,27.93,27.56,43.59,1008.27
3900,350.91,27.93,27.55,43.60,1008.28
3901,351.00,27.93,27.56,43.58,1008.28
3902,351.09,27.91,27.56,43.56,1008.28
3903,351.18,27.92,27.57,43.54,1008.28
3904,351.27,27.93,27.57,43.54,1008.28
3905,351.36,27.93,27.55,43.52,1008.27
3906,351.45,27.92,27.55,43.55,1008.28
3907,351.54,27.92,27.54,43.54,1008.27
3908,351.63,27.92,27.55,43.51,1008.27
3909,351.72,27.92,27.54,43.51,1008.28
3910,351.81,27.94,27.55,43.54,1008.28
3911,351.90,27.94,27.57,43.50,1008.28
3912,351.99,27.94,27.56,43.51,1008.29
3913,352.08,27.93,27.58,43.51,1008.32
3914,352.17,27.93,27.58,43.48,1008.32
3915,352.26,27.94,27.60,43.47,1008.32
3916,352.35,27.95,27.60,43.46,1008.33
3917,352.44,27.95,27.61,43.44,1008.34
3918,352.53,27.97,27.61,43.43,1008.36
3919,352.62,27.97,27.61,43.40,1008.36
3920,352.71,27.97,27.61,43.40,1008.37
3921,352.80,27.99,27.63,43.38,1008.37
3922,352.89,27.98,27.64,43.39,1008.37
3923,352.98,27.97,27.62,43.39,1008.38
3924,353.07,27.98,27.65,43.43,1008.38
3925,353.16,28.00,27.65,43.43,1008.39
3926,353.25,28.00,27.64,43.43,1008.38
3927,353.34,27.98,27.63,43.44,1008.38
3928,353.43,27.98,27.64,43.43,1008.39
3929,353.52,27.99,27.62,43.43,1008.38
3930,353.61,28.00,27.63,43.42,1008.38
3931,353.70,28.01,27.63,43.45,1008.37
3932,353.79,27.98,27.65,43.44,1008.36
3933,353.88,27.99,27.64,43.46,1008.34
3934,353.97,27.99,27.62,43.46,1008.34
3935,354.06,27.98,27.62,43.47,1008.34
3936,354.15,27.97,27.61,43.46,1008.34
3937,354.24,27.97,27.60,43.46,1008.34
3938,354.33,27.96,27.62,43.45,1008.35
3939,354.42,27.96,27.64,43.45,1008.33
3940,354.51,27.95,27.63,43.48,1008.32
3941,354.60,27.95,27.64,43.48,1008.33
3942,354.69,27.95,27.64,43.51,1008.32
3943,354.78,27.94,27.64,43.54,1008.32
3944,354.87,27.93,27.65,43.54,1008.31
3945,354.96,27.93,27.64,43.56,1008.30
3946,355.05,27.93,27.65,43.59,1008.29
3947,355.14,27.92,27.68,43.59,1008.29
3948,355.23,27.91,27.68,43.64,1008.29
3949,355.32,27.91,27.69,43.65,1008.28
3950,355.41,27.88,27.68,43.65,1008.27
3951,355.50,27.87,27.66,43.63,1008.27
3952,355.59,27.86,27.67,43.65,1008.28
3953,355.68,27.84,27.65,43.62,1008.27
3954,355.77,27.85,27.66,43.62,1008.26
3955,355.86,27.85,27.65,43.61,1008.25
3956,355.95,27.84,27.66,43.58,1008.25
3957,356.04,27.84,27.65,43.59,1008.25
3958,356.13,27.84,27.64,43.58,1008.25
3959,356.22,27.83,27.64,43.62,1008.26
3960,356.31,27.82,27.63,43.63,1008.26
3961,356.40,27.82,27.62,43.64,1008.27
3962,356.49,27.83,27.62,43.61,1008.28
3963,356.58,27.84,27.63,43.59,1008.28
3964,356.67,27.85,27.65,43.57,1008.28
3965,356.76,27.85,27.63,43.58,1008.29
3966,356.85,27.86,27.64,43.57,1008.29
3967,356.94,27.84,27.64,43.56,1008.30
3968,357.03,27.86,27.64,43.54,1008.31
3969,357.12,27.84,27.66,43.59,1008.32
3970,357.21,27.84,27.67,43.61,1008.31
3971,357.30,27.85,27.65,43.60,1008.33
3972,357.39,27.84,27.65,43.59,1008.32
3973,357.48,27.85,27.66,43.60,1008.34
3974,357.57,27.86,27.68,43.60,1008.34
3975,357.66,27.86,27.68,43.62,1008.33
3976,357.75,27.85,27.68,43.62,1008.33
3977,357.84,27.86,27.66,43.59,1008.34
3978,357.93,27.86,27.66,43.54,1008.35
3979,358.02,27.86,27.66,43.52,1008.36
3980,358.11,27.86,27.64,43.53,1008.38
3981,358.20,27.86,27.65,43.54,1008.39
3982,358.29,27.85,27.64,43.54,1008.38
3983,358.38,27.85,27.62,43.52,1008.37
3984,358.47,27.86,27.61,43.50,1008.38
3985,358.56,27.86,27.61,43.51,1008.38
3986,358.65,27.87,27.61,43.51,1008.39
3987,358.74,27.87,27.63,43.50,1008.38
3988,358.83,27.86,27.63,43.49,1008.37
3989,358.92,27.87,27.62,43.49,1008.38
3990,359.01,27.86,27.59,43.49,1008.38
3991,359.10,27.86,27.60,43.48,1008.37
3992,359.19,27.85,27.59,43.51,1008.37
3993,359.28,27.85,27.61,43.50,1008.37
3994,359.37,27.85,27.58,43.52,1008.36
3995,359.46,27.85,27.58,43.56,1008.37
3996,359.55,27.85,27.58,43.56,1008.37
3997,359.64,27.87,27.56,43.58,1008.37
3998,359.73,27.87,27.57,43.58,1008.37
3999,359.82,27.88,27.59,43.57,1008.36
4000,359.91,27.87,27.58,43.55,1008.35
4001,360.00,27.88,27.59,43.54,1008.34
4002,360.09,27.89,27.58,43.55,1008.35
4003,360.18,27.90,27.59,43.57,1008.33
4004,360.27,27.89,27.60,43.55,1008.32
4005,360.36,27.89,27.58,43.55,1008.30
4006,360.45,27.89,27.57,43.57,1008.31
4007,360.54,27.91,27.58,43.57,1008.31
4008,360.63,27.93,27.58,43.57,1008.30
4009,360.72,27.94,27.59,43.56,1008.30
4010,360.81,27.95,27.58,43.55,1008.30
4011,360.90,27.94,27.56,43.57,1008.29
4012,360.99,27.94,27.57,43.58,1008.30
4013,361.08,27.95,27.58,43.59,1008.30
4014,361.17,27.95,27.59,43.60,1008.30
4015,361.26,27.94,27.59,43.57,1008.31
4016,361.35,27.95,27.58,43.60,1008.31
4017,361.44,27.94,27.56,43.60,1008.29
4018,361.53,27.93,27.55,43.62,1008.30
4019,361.62,27.93,27.54,43.59,1008.29
4020,361.71,27.92,27.55,43.58,1008.30
4021,361.80,27.93,27.55,43.59,1008.30
4022,361.89,27.93,27.57,43.59,1008.30
4023,361.98,27.93,27.56,43.57,1008.30
4024,362.07,27.94,27.55,43.53,1008.31
4025,362.16,27.94,27.53,43.51,1008.30
4026,362.25,27.95,27.54,43.54,1008.30
4027,362.34,27.94,27.55,43.54,1008.30
4028,362.43,27.94,27.56,43.54,1008.32
4029,362.52,27.94,27.56,43.56,1008.33
4030,362.61,27.95,27.57,43.57,1008.32
4031,362.70,27.95,27.56,43.57,1008.33
4032,362.79,27.95,27.56,43.55,1008.32
4033,362.88,27.97,27.56,43.60,1008.33
4034,362.97,27.97,27.59,43.61,1008.34
4035,363.06,27.96,27.60,43.60,1008.33
4036,363.15,27.95,27.60,43.59,1008.34
4037,363.24,27.95,27.59,43.60,1008.35
4038,363.33,27.93,27.60,43.60,1008.36
4039,363.42,27.94,27.60,43.60,1008.36
4040,363.51,27.95,27.60,43.58,1008.36
4041,363.60,27.94,27.59,43.57,1008.36
4042,363.69,27.95,27.60,43.55,1008.37
4043,363.78,27.95,27.61,43.56,1008.37
4044,363.87,27.96,27.60,43.56,1008.37
4045,363.96,27.94,27.59,43.53,1008.36
4046,364.05,27.95,27.58,43.52,1008.37
4047,364.14,27.95,27.58,43.50,1008.38
4048,364.23,27.93,27.58,43.51,1008.40
4049,364.32,27.94,27.59,43.53,1008.40
4050,364.41,27.94,27.59,43.55,1008.39
4051,364.50,27.94,27.62,43.56,1008.38
4052,364.59,27.94,27.61,43.56,1008.39
4053,364.68,27.95,27.61,43.56,1008.38
4054,364.77,27.96,27.61,43.56,1008.37
4055,364.86,27.95,27.62,43.55,1008.35
4056,364.95,27.95,27.60,43.54,1008.35
4057,365.04,27.95,27.60,43.54,1008.34
4058,365.13,27.94,27.60,43.54,1008.33
4059,365.22,27.94,27.59,43.51,1008.33
4060,365.31,27.94,27.61,43.50,1008.35
4061,365.40,27.94,27.62,43.52,1008.35
4062,365.49,27.92,27.62,43.54,1008.33
4063,365.58,27.92,27.62,43.56,1008.33
4064,365.67,27.92,27.62,43.55,1008.33
4065,365.76,27.91,27.63,43.52,1008.34
4066,365.85,27.91,27.62,43.54,1008.34
4067,365.94,27.92,27.61,43.52,1008.34
4068,366.03,27.91,27.63,43.50,1008.34
4069,366.12,27.91,27.64,43.49,1008.34
4070,366.21,27.89,27.63,43.50,1008.33
4071,366.30,27.88,27.65,43.52,1008.33
4072,366.39,27.88,27.64,43.50,1008.32
4073,366.48,27.89,27.64,43.51,1008.32
4074,366.57,27.89,27.63,43.50,1008.32
4075,366.66,27.89,27.64,43.51,1008.32
4076,366.75,27.90,27.64,43.52,1008.32
4077,366.84,27.89,27.62,43.51,1008.31
4078,366.93,27.88,27.62,43.55,1008.32
4079,367.02,27.88,27.60,43.52,1008.32
4080,367.11,27.88,27.60,43.50,1008.34
4081,367.20,27.89,27.59,43.47,1008.35
4082,367.29,27.89,27.59,43.48,1008.35
4083,367.38,27.88,27.57,43.48,1008.35
4084,367.47,27.87,27.55,43.47,1008.36
4085,367.56,27.87,27.55,43.47,1008.36
4086,367.65,27.88,27.57,43.43,1008.36
4087,367.74,27.88,27.59,43.49,1008.38
4088,367.83,27.87,27.60,43.49,1008.37
4089,367.92,27.86,27.60,43.52,1008.38
4090,368.01,27.87,27.59,43.53,1008.38
4091,368.10,27.85,27.58,43.51,1008.38
4092,368.19,27.86,27.56,43.53,1008.38
4093,368.28,27.85,27.57,43.53,1008.38
4094,368.37,27.85,27.56,43.53,1008.38
4095,368.46,27.84,27.56,43.54,1008.37
4096,368.55,27.83,27.57,43.53,1008.38
4097,368.64,27.83,27.56,43.53,1008.38
4098,368.73,27.83,27.58,43.53,1008.38
4099,368.82,27.83,27.57,43.51,1008.39
4100,368.91,27.83,27.58,43.53,1008.39
4101,369.00,27.85,27.59,43.55,1008.39
4102,369.09,27.86,27.55,43.53,1008.40
4103,369.18,27.86,27.57,43.51,1008.41
4104,369.27,27.84,27.58,43.56,1008.41
4105,369.36,27.84,27.56,43.60,1008.40
4106,369.45,27.86,27.59,43.60,1008.40
4107,369.54,27.86,27.59,43.64,1008.40
4108,369.63,27.86,27.60,43.60,1008.39
4109,369.72,27.86,27.60,43.56,1008.38
4110,369.81,27.86,27.60,43.56,1008.37
4111,369.90,27.88,27.59,43.55,1008.36
4112,369.99,27.88,27.59,43.56,1008.36
4113,370.08,27.88,27.59,43.59,1008.34
4114,370.17,27.89,27.60,43.60,1008.34
4115,370.26,27.88,27.59,43.58,1008.33
4116,370.35,27.88,27.58,43.59,1008.32
4117,370.44,27.87,27.57,43.60,1008.32
4118,370.53,27.86,27.57,43.61,1008.31
4119,370.62,27.84,27.57,43.62,1008.31
4120,370.71,27.85,27.57,43.60,1008.30
4121,370.80,27.86,27.58,43.54,1008.30
4122,370.89,27.87,27.60,43.53,1008.29
4123,370.98,27.86,27.61,43.51,1008.30
4124,371.07,27.87,27.64,43.46,1008.28
4125,371.16,27.86,27.62,43.47,1008.27
4126,371.25,27.86,27.62,43.45,1008.26
4127,371.34,27.86,27.61,43.45,1008.26
4128,371.43,27.86,27.63,43.45,1008.27
4129,371.52,27.87,27.65,43.50,1008.26
4130,371.61,27.87,27.64,43.45,1008.25
4131,371.70,27.87,27.63,43.47,1008.26
4132,371.79,27.87,27.61,43.45,1008.26
4133,371.88,27.87,27.62,43.44,1008.26
4134,371.97,27.88,27.62,43.43,1008.26
4135,372.06,27.89,27.61,43.44,1008.27
4136,372.15,27.90,27.62,43.45,1008.27
4137,372.24,27.89,27.62,43.44,1008.28
4138,372.33,27.89,27.61,43.41,1008.28
4139,372.42,27.89,27.60,43.44,1008.30
4140,372.51,27.89,27.60,43.47,1008.30
4141,372.60,27.90,27.61,43.45,1008.30
4142,372.69,27.90,27.63,43.45,1008.30
4143,372.78,27.89,27.63,43.46,1008.30
4144,372.87,27.90,27.62,43.48,1008.30
4145,372.96,27.90,27.63,43.52,1008.30
4146,373.05,27.91,27.66,43.54,1008.31
4147,373.14,27.91,27.68,43.51,1008.32
4148,373.23,27.91,27.69,43.52,1008.31
4149,373.32,27.91,27.69,43.56,1008.31
4150,373.41,27.93,27.67,43.54,1008.31
4151,373.50,27.92,27.66,43.55,1008.31
4152,373.59,27.93,27.66,43.52,1008.31
4153,373.68,27.93,27.65,43.52,1008.30
4154,373.77,27.94,27.64,43.45,1008.31
4155,373.86,27.92,27.63,43.45,1008.32
4156,373.95,27.94,27.65,43.46,1008.32
4157,374.04,27.95,27.65,43.47,1008.32
4158,374.13,27.95,27.65,43.47,1008.33
4159,374.22,27.95,27.65,43.52,1008.35
4160,374.31,27.95,27.65,43.52,1008.34
4161,374.40,27.95,27.65,43.49,1008.35
4162,374.49,27.94,27.64,43.52,1008.34
4163,374.58,27.94,27.64,43.49,1008.35
4164,374.67,27.94,27.65,43.50,1008.35
4165,374.76,27.93,27.63,43.50,1008.35
4166,374.85,27.94,27.63,43.49,1008.35
4167,374.94,27.94,27.63,43.53,1008.35
4168,375.03,27.94,27.64,43.52,1008.35
4169,375.12,27.92,27.65,43.53,1008.34
4170,375.21,27.93,27.67,43.53,1008.35
4171,375.30,27.93,27.67,43.55,1008.35
4172,375.39,27.93,27.68,43.58,1008.35
4173,375.48,27.92,27.67,43.55,1008.36
4174,375.57,27.91,27.67,43.54,1008.36
4175,375.66,27.89,27.65,43.51,1008.35
4176,375.75,27.88,27.65,43.52,1008.35
4177,375.84,27.86,27.66,43.53,1008.34
4178,375.93,27.87,27.66,43.58,1008.32
4179,376.02,27.86,27.64,43.56,1008.31
4180,376.11,27.84,27.64,43.59,1008.31
4181,376.20,27.83,27.64,43.62,1008.29
4182,376.29,27.83,27.62,43.62,1008.29
4183,376.38,27.85,27.62,43.66,1008.30
4184,376.47,27.84,27.62,43.69,1008.28
4185,376.56,27.83,27.60,43.69,1008.28
4186,376.65,27.85,27.58,43.68,1008.28
4187,376.74,27.87,27.57,43.69,1008.28
4188,376.83,27.84,27.59,43.69,1008.27
4189,376.92,27.85,27.59,43.70,1008.28
4190,377.01,27.85,27.59,43.70,1008.26
4191,377.10,27.86,27.58,43.69,1008.27
4192,377.19,27.84,27.57,43.70,1008.26
4193,377.28,27.85,27.57,43.68,1008.27
4194,377.37,27.84,27.60,43.69,1008.26
4195,377.46,27.83,27.60,43.70,1008.27
4196,377.55,27.84,27.63,43.68,1008.26
4197,377.64,27.86,27.63,43.67,1008.26
4198,377.73,27.86,27.65,43.69,1008.26
4199,377.82,27.85,27.64,43.71,1008.27
4200,377.91,27.85,27.61,43.72,1008.28
4201,378.00,27.85,27.60,43.70,1008.28
4202,378.09,27.85,27.57,43.71,1008.28
4203,378.18,27.84,27.58,43.69,1008.28
4204,378.27,27.85,27.56,43.68,1008.28
4205,378.36,27.85,27.55,43.65,1008.28
4206,378.45,27.85,27.54,43.69,1008.28
4207,378.54,27.86,27.53,43.68,1008.29
4208,378.63,27.86,27.54,43.70,1008.30
4209,378.72,27.86,27.54,43.70,1008.31
4210,378.81,27.84,27.55,43.72,1008.31
4211,378.90,27.85,27.55,43.70,1008.32
4212,378.99,27.87,27.56,43.70,1008.33
4213,379.08,27.86,27.55,43.72,1008.33
4214,379.17,27.87,27.56,43.72,1008.33
4215,379.26,27.85,27.56,43.70,1008.34
4216,379.35,27.83,27.55,43.69,1008.37
4217,379.44,27.84,27.55,43.69,1008.36
4218,379.53,27.83,27.56,43.68,1008.36
4219,379.62,27.82,27.57,43.65,1008.37
4220,379.71,27.82,27.57,43.65,1008.37
4221,379.80,27.81,27.55,43.62,1008.36
4222,379.89,27.81,27.57,43.61,1008.36
4223,379.98,27.81,27.57,43.65,1008.36
4224,380.07,27.81,27.58,43.67,1008.35
4225,380.16,27.81,27.59,43.66,1008.35
4226,380.25,27.80,27.60,43.69,1008.36
4227,380.34,27.80,27.58,43.70,1008.37
4228,380.43,27.81,27.58,43.72,1008.36
4229,380.52,27.83,27.60,43.74,1008.37
4230,380.61,27.82,27.60,43.75,1008.37
4231,380.70,27.83,27.61,43.72,1008.37
4232,380.79,27.83,27.61,43.74,1008.35
4233,380.88,27.83,27.62,43.73,1008.35
4234,380.97,27.84,27.62,43.72,1008.37
4235,381.06,27.83,27.62,43.72,1008.36
4236,381.15,27.85,27.63,43.69,1008.36
4237,381.24,27.86,27.62,43.71,1008.36
4238,381.33,27.84,27.62,43.69,1008.36
4239,381.42,27.84,27.63,43.68,1008.34
4240,381.51,27.84,27.64,43.69,1008.34
4241,381.60,27.84,27.64,43.68,1008.33
4242,381.69,27.84,27.64,43.71,1008.33
4243,381.78,27.83,27.65,43.72,1008.33
4244,381.87,27.85,27.62,43.73,1008.33
4245,381.96,27.85,27.59,43.76,1008.32
4246,382.05,27.85,27.57,43.77,1008.32
4247,382.14,27.85,27.59,43.73,1008.29
4248,382.23,27.84,27.58,43.75,1008.29
4249,382.32,27.85,27.58,43.74,1008.29
4250,382.41,27.84,27.61,43.75,1008.28
4251,382.50,27.84,27.61,43.74,1008.28
4252,382.59,27.83,27.61,43.75,1008.28
4253,382.68,27.83,27.63,43.75,1008.30
4254,382.77,27.83,27.64,43.75,1008.29
4255,382.86,27.83,27.65,43.76,1008.31
4256,382.95,27.85,27.65,43.78,1008.31
4257,383.04,27.84,27.65,43.78,1008.32
4258,383.13,27.84,27.67,43.79,1008.32
4259,383.22,27.88,27.65,43.73,1008.32
4260,383.31,27.87,27.64,43.73,1008.33
4261,383.40,27.88,27.66,43.68,1008.34
4262,383.49,27.87,27.64,43.67,1008.35
4263,383.58,27.87,27.67,43.67,1008.35
4264,383.67,27.87,27.67,43.68,1008.34
4265,383.76,27.88,27.66,43.70,1008.35
4266,383.85,27.88,27.66,43.70,1008.34
4267,383.94,27.87,27.69,43.70,1008.34
4268,384.03,27.88,27.68,43.69,1008.36
4269,384.12,27.88,27.68,43.73,1008.36
4270,384.21,27.90,27.67,43.74,1008.36
4271,384.30,27.89,27.69,43.73,1008.36
4272,384.39,27.89,27.70,43.71,1008.35
4273,384.48,27.91,27.69,43.69,1008.37
4274,384.57,27.91,27.67,43.66,1008.37
4275,384.66,27.91,27.65,43.69,1008.36
4276,384.75,27.92,27.65,43.69,1008.36
4277,384.84,27.92,27.64,43.71,1008.37
4278,384.93,27.92,27.66,43.73,1008.37
4279,385.02,27.93,27.64,43.73,1008.38
4280,385.11,27.93,27.62,43.72,1008.37
4281,385.20,27.90,27.60,43.69,1008.37
4282,385.29,27.90,27.61,43.70,1008.36
4283,385.38,27.90,27.61,43.68,1008.36
4284,385.47,27.91,27.63,43.69,1008.36
4285,385.56,27.92,27.64,43.69,1008.35
4286,385.65,27.93,27.64,43.69,1008.36
4287,385.74,27.92,27.65,43.72,1008.36
4288,385.83,27.92,27.64,43.69,1008.35
4289,385.92,27.91,27.63,43.69,1008.36
4290,386.01,27.90,27.61,43.71,1008.37
4291,386.10,27.89,27.61,43.70,1008.39
4292,386.19,27.89,27.61,43.72,1008.37
4293,386.28,27.89,27.59,43.70,1008.39
4294,386.37,27.88,27.59,43.72,1008.40
4295,386.46,27.89,27.58,43.71,1008.39
4296,386.55,27.86,27.57,43.72,1008.38
4297,386.64,27.87,27.58,43.75,1008.35
4298,386.73,27.86,27.57,43.76,1008.36
4299,386.82,27.85,27.55,43.75,1008.36
4300,386.91,27.84,27.54,43.77,1008.34
4301,387.00,27.83,27.56,43.80,1008.33
4302,387.09,27.83,27.56,43.78,1008.33
4303,387.18,27.84,27.57,43.80,1008.33
4304,387.27,27.82,27.55,43.82,1008.33
4305,387.36,27.81,27.55,43.81,1008.32
4306,387.45,27.81,27.56,43.80,1008.31
4307,387.54,27.80,27.60,43.80,1008.31
4308,387.63,27.79,27.60,43.81,1008.30
4309,387.72,27.79,27.61,43.79,1008.31
4310,387.81,27.79,27.60,43.78,1008.31
4311,387.90,27.80,27.59,43.77,1008.32
4312,387.99,27.80,27.58,43.78,1008.32
4313,388.08,27.81,27.60,43.81,1008.31
4314,388.17,27.81,27.61,43.81,1008.31
4315,388.26,27.80,27.61,43.82,1008.31
4316,388.35,27.82,27.59,43.87,1008.31
4317,388.44,27.82,27.58,43.88,1008.33
4318,388.53,27.81,27.56,43.85,1008.32
4319,388.62,27.81,27.58,43.82,1008.32
4320,388.71,27.80,27.60,43.82,1008.31
4321,388.80,27.81,27.60,43.84,1008.32
4322,388.89,27.82,27.60,43.82,1008.31
4323,388.98,27.81,27.60,43.84,1008.31
4324,389.07,27.83,27.61,43.85,1008.32
4325,389.16,27.86,27.62,43.85,1008.33
4326,389.25,27.86,27.61,43.85,1008.33
4327,389.34,27.85,27.62,43.86,1008.34
4328,389.43,27.84,27.62,43.87,1008.35
4329,389.52,27.84,27.61,43.91,1008.35
4330,389.61,27.83,27.60,43.89,1008.36
4331,389.70,27.85,27.60,43.90,1008.37
4332,389.79,27.85,27.61,43.89,1008.38
4333,389.88,27.85,27.63,43.86,1008.40
4334,389.97,27.87,27.63,43.87,1008.40
4335,390.06,27.87,27.63,43.84,1008.42
4336,390.15,27.87,27.63,43.82,1008.42
4337,390.24,27.89,27.62,43.85,1008.43
4338,390.33,27.90,27.62,43.85,1008.42
4339,390.42,27.89,27.64,43.86,1008.42
4340,390.51,27.88,27.64,43.84,1008.42
4341,390.60,27.88,27.62,43.86,1008.41
4342,390.69,27.88,27.61,43.89,1008.42
4343,390.78,27.87,27.62,43.87,1008.42
4344,390.87,27.86,27.61,43.88,1008.42
4345,390.96,27.87,27.61,43.85,1008.40
4346,391.05,27.87,27.62,43.84,1008.39
4347,391.14,27.88,27.62,43.86,1008.36
4348,391.23,27.87,27.61,43.86,1008.36
4349,391.32,27.88,27.62,43.87,1008.36
4350,391.41,27.87,27.64,43.85,1008.36
4351,391.50,27.86,27.65,43.86,1008.36
4352,391.59,27.86,27.65,43.86,1008.36
4353,391.68,27.87,27.66,43.90,1008.35
4354,391.77,27.87,27.66,43.90,1008.34
4355,391.86,27.87,27.65,43.88,1008.33
4356,391.95,27.89,27.66,43.90,1008.32
4357,392.04,27.90,27.64,43.89,1008.31
4358,392.13,27.89,27.63,43.90,1008.30
4359,392.22,27.87,27.63,43.89,1008.31
4360,392.31,27.88,27.63,43.90,1008.30
4361,392.40,27.87,27.62,43.85,1008.29
4362,392.49,27.86,27.60,43.84,1008.29
4363,392.58,27.85,27.61,43.83,1008.29
4364,392.67,27.86,27.62,43.79,1008.28
4365,392.76,27.86,27.63,43.82,1008.28
4366,392.85,27.86,27.64,43.83,1008.26
4367,392.94,27.88,27.63,43.82,1008.25
4368,393.03,27.87,27.65,43.83,1008.26
4369,393.12,27.87,27.61,43.80,1008.26
4370,393.21,27.88,27.62,43.77,1008.26
4371,393.30,27.87,27.63,43.77,1008.26
4372,393.39,27.87,27.64,43.77,1008.26
4373,393.48,27.88,27.62,43.74,1008.26
4374,393.57,27.89,27.63,43.74,1008.26
4375,393.66,27.89,27.64,43.76,1008.27
4376,393.75,27.88,27.64,43.77,1008.27
4377,393.84,27.88,27.66,43.77,1008.28
4378,393.93,27.87,27.66,43.76,1008.28
4379,394.02,27.87,27.64,43.74,1008.27
4380,394.11,27.87,27.63,43.73,1008.28
4381,394.20,27.88,27.61,43.73,1008.29
4382,394.29,27.88,27.60,43.72,1008.30
4383,394.38,27.90,27.58,43.67,1008.31
4384,394.47,27.91,27.56,43.67,1008.31
4385,394.56,27.91,27.56,43.69,1008.31
4386,394.65,27.92,27.57,43.69,1008.32
4387,394.74,27.91,27.58,43.69,1008.33
4388,394.83,27.92,27.58,43.69,1008.33
4389,394.92,27.92,27.58,43.69,1008.33
4390,395.01,27.91,27.56,43.67,1008.33
4391,395.10,27.94,27.57,43.71,1008.34
4392,395.19,27.93,27.56,43.70,1008.34
4393,395.28,27.94,27.55,43.67,1008.36
4394,395.37,27.94,27.56,43.68,1008.35
4395,395.46,27.94,27.56,43.68,1008.36
4396,395.55,27.93,27.57,43.71,1008.37
4397,395.64,27.93,27.56,43.70,1008.37
4398,395.73,27.92,27.54,43.72,1008.38
4399,395.82,27.93,27.53,43.75,1008.38
4400,395.91,27.91,27.55,43.80,1008.38
4401,396.00,27.92,27.56,43.79,1008.37
4402,396.09,27.91,27.55,43.76,1008.37
4403,396.18,27.92,27.54,43.78,1008.38
4404,396.27,27.92,27.55,43.76,1008.37
4405,396.36,27.91,27.55,43.77,1008.38
4406,396.45,27.89,27.56,43.77,1008.38
4407,396.54,27.87,27.55,43.73,1008.37
4408,396.63,27.87,27.53,43.71,1008.36
4409,396.72,27.87,27.54,43.70,1008.35
4410,396.81,27.88,27.55,43.70,1008.34
4411,396.90,27.89,27.51,43.68,1008.34
4412,396.99,27.88,27.51,43.69,1008.34
4413,397.08,27.89,27.52,43.70,1008.32
4414,397.17,27.89,27.54,43.66,1008.32
4415,397.26,27.89,27.55,43.67,1008.31
4416,397.35,27.91,27.54,43.67,1008.30
4417,397.44,27.92,27.55,43.69,1008.29
4418,397.53,27.92,27.56,43.72,1008.28
4419,397.62,27.92,27.58,43.72,1008.27
4420,397.71,27.91,27.57,43.75,1008.27
4421,397.80,27.90,27.58,43.75,1008.27
4422,397.89,27.90,27.59,43.73,1008.28
4423,397.98,27.88,27.60,43.76,1008.27
4424,398.07,27.90,27.59,43.77,1008.26
4425,398.16,27.90,27.58,43.79,1008.27
4426,398.25,27.89,27.58,43.77,1008.26
4427,398.34,27.88,27.59,43.76,1008.25
4428,398.43,27.87,27.57,43.77,1008.26
4429,398.52,27.87,27.59,43.76,1008.27
4430,398.61,27.87,27.60,43.73,1008.29
4431,398.70,27.86,27.60,43.73,1008.29
4432,398.79,27.87,27.60,43.71,1008.29
4433,398.88,27.85,27.60,43.67,1008.29
4434,398.97,27.83,27.59,43.67,1008.29
4435,399.06,27.82,27.60,43.67,1008.30
4436,399.15,27.80,27.60,43.68,1008.30
4437,399.24,27.79,27.58,43.69,1008.31
4438,399.33,27.77,27.59,43.70,1008.30
4439,399.42,27.75,27.58,43.67,1008.30
4440,399.51,27.75,27.58,43.68,1008.31
4441,399.60,27.76,27.59,43.69,1008.33
4442,399.69,27.74,27.59,43.68,1008.33
4443,399.78,27.74,27.61,43.68,1008.34
4444,399.87,27.74,27.61,43.71,1008.34
4445,399.96,27.74,27.61,43.71,1008.34
4446,400.05,27.74,27.60,43.69,1008.33
4447,400.14,27.75,27.62,43.68,1008.33
4448,400.23,27.75,27.63,43.64,1008.34
4449,400.32,27.76,27.63,43.63,1008.34
4450,400.41,27.76,27.64,43.62,1008.33
4451,400.50,27.77,27.65,43.63,1008.32
4452,400.59,27.76,27.64,43.62,1008.32
4453,400.68,27.77,27.66,43.59,1008.33
4454,400.77,27.77,27.66,43.57,1008.32
4455,400.86,27.78,27.65,43.55,1008.33
4456,400.95,27.78,27.64,43.54,1008.34
4457,401.04,27.80,27.63,43.53,1008.34
4458,401.13,27.79,27.63,43.52,1008.36
4459,401.22,27.79,27.63,43.56,1008.37
4460,401.31,27.80,27.64,43.54,1008.37
4461,401.40,27.82,27.64,43.52,1008.36
4462,401.49,27.83,27.67,43.52,1008.36
4463,401.58,27.84,27.67,43.49,1008.35
4464,401.67,27.85,27.65,43.48,1008.35
4465,401.76,27.85,27.67,43.51,1008.34
4466,401.85,27.86,27.67,43.54,1008.35
4467,401.94,27.86,27.67,43.55,1008.34
4468,402.03,27.86,27.69,43.56,1008.34
4469,402.12,27.86,27.65,43.54,1008.34
4470,402.21,27.87,27.65,43.56,1008.34
4471,402.30,27.86,27.66,43.59,1008.33
4472,402.39,27.86,27.67,43.59,1008.33
4473,402.48,27.86,27.64,43.57,1008.31
4474,402.57,27.85,27.65,43.57,1008.32
4475,402.66,27.85,27.65,43.59,1008.31
4476,402.75,27.86,27.65,43.57,1008.30
4477,402.84,27.86,27.67,43.57,1008.30
4478,402.93,27.87,27.67,43.59,1008.28
4479,403.02,27.88,27.66,43.59,1008.27
4480,403.11,27.86,27.67,43.58,1008.26
4481,403.20,27.87,27.65,43.59,1008.26
4482,403.29,27.87,27.65,43.58,1008.26
4483,403.38,27.88,27.65,43.56,1008.26
4484,403.47,27.88,27.66,43.61,1008.25
4485,403.56,27.87,27.66,43.62,1008.25
4486,403.65,27.87,27.64,43.66,1008.25
4487,403.74,27.88,27.63,43.68,1008.27
4488,403.83,27.88,27.60,43.66,1008.27
4489,403.92,27.88,27.59,43.70,1008.25
4490,404.01,27.89,27.57,43.68,1008.26
4491,404.10,27.89,27.59,43.69,1008.25
4492,404.19,27.91,27.59,43.70,1008.25
4493,404.28,27.91,27.59,43.72,1008.26
4494,404.37,27.92,27.57,43.68,1008.26
4495,404.46,27.89,27.55,43.67,1008.27
4496,404.55,27.89,27.55,43.67,1008.28
4497,404.64,27.90,27.54,43.70,1008.28
4498,404.73,27.92,27.54,43.72,1008.29
4499,404.82,27.92,27.52,43.71,1008.30
4500,404.91,27.92,27.52,43.72,1008.30
4501,405.00,27.91,27.51,43.74,1008.32
4502,405.09,27.90,27.54,43.75,1008.32
4503,405.18,27.91,27.57,43.75,1008.33
4504,405.27,27.92,27.57,43.75,1008.32
4505,405.36,27.92,27.57,43.78,1008.32
4506,405.45,27.91,27.56,43.77,1008.33
4507,405.54,27.90,27.56,43.76,1008.33
4508,405.63,27.88,27.57,43.78,1008.35
4509,405.72,27.88,27.56,43.79,1008.36
4510,405.81,27.88,27.57,43.80,1008.36
4511,405.90,27.87,27.57,43.82,1008.37
4512,405.99,27.88,27.57,43.84,1008.36
4513,406.08,27.87,27.57,43.81,1008.37
4514,406.17,27.86,27.57,43.81,1008.37
4515,406.26,27.88,27.58,43.80,1008.37
4516,406.35,27.88,27.60,43.81,1008.37
4517,406.44,27.89,27.59,43.79,1008.36
4518,406.53,27.90,27.57,43.79,1008.37
4519,406.62,27.88,27.58,43.76,1008.37
4520,406.71,27.88,27.56,43.76,1008.36
4521,406.80,27.88,27.56,43.73,1008.36
4522,406.89,27.88,27.56,43.71,1008.36
4523,406.98,27.87,27.54,43.69,1008.36
4524,407.07,27.88,27.52,43.63,1008.35
4525,407.16,27.89,27.52,43.62,1008.36
4526,407.25,27.89,27.52,43.64,1008.35
4527,407.34,27.89,27.51,43.60,1008.35
4528,407.43,27.87,27.52,43.64,1008.35
4529,407.52,27.88,27.52,43.65,1008.36
4530,407.61,27.88,27.53,43.67,1008.35
4531,407.70,27.87,27.54,43.67,1008.35
4532,407.79,27.87,27.55,43.65,1008.35
4533,407.88,27.87,27.57,43.63,1008.34
4534,407.97,27.88,27.58,43.63,1008.33
4535,408.06,27.88,27.58,43.63,1008.32
4536,408.15,27.88,27.57,43.65,1008.31
4537,408.24,27.88,27.58,43.64,1008.30
4538,408.33,27.88,27.58,43.61,1008.29
4539,408.42,27.90,27.57,43.59,1008.29
4540,408.51,27.89,27.59,43.57,1008.27
4541,408.60,27.88,27.61,43.56,1008.28
4542,408.69,27.88,27.61,43.57,1008.28
4543,408.78,27.87,27.62,43.54,1008.27
4544,408.87,27.88,27.62,43.53,1008.26
4545,408.96,27.90,27.62,43.54,1008.27
4546,409.05,27.88,27.60,43.54,1008.27
4547,409.14,27.89,27.61,43.54,1008.25
4548,409.23,27.88,27.60,43.54,1008.27
4549,409.32,27.88,27.58,43.54,1008.29
4550,409.41,27.86,27.57,43.56,1008.28
4551,409.50,27.85,27.56,43.54,1008.26
4552,409.59,27.85,27.54,43.59,1008.26
4553,409.68,27.84,27.54,43.56,1008.26
4554,409.77,27.84,27.56,43.57,1008.28
4555,409.86,27.83,27.54,43.55,1008.28
4556,409.95,27.83,27.55,43.56,1008.29
4557,410.04,27.84,27.56,43.50,1008.30
4558,410.13,27.83,27.58,43.50,1008.31
4559,410.22,27.83,27.59,43.49,1008.33
4560,410.31,27.84,27.60,43.48,1008.35
4561,410.40,27.83,27.61,43.46,1008.34
4562,410.49,27.82,27.60,43.49,1008.34
4563,410.58,27.83,27.61,43.47,1008.36
4564,410.67,27.83,27.60,43.51,1008.35
4565,410.76,27.83,27.60,43.51,1008.36
4566,410.85,27.81,27.60,43.52,1008.38
4567,410.94,27.80,27.60,43.50,1008.38
4568,411.03,27.79,27.60,43.53,1008.40
4569,411.12,27.78,27.61,43.53,1008.39
4570,411.21,27.79,27.63,43.51,1008.40
4571,411.30,27.81,27.73,43.48,1008.40
4572,411.39,27.82,27.72,43.47,1008.40
4573,411.48,27.81,27.64,43.52,1008.39
4574,411.57,27.80,27.65,43.49,1008.38
4575,411.66,27.80,27.65,43.47,1008.39
4576,411.75,27.80,27.66,43.49,1008.39
4577,411.84,27.80,27.68,43.48,1008.40
4578,411.93,27.80,27.67,43.47,1008.41
4579,412.02,27.81,27.67,43.49,1008.41
4580,412.11,27.81,27.66,43.50,1008.42
4581,412.20,27.82,27.67,43.49,1008.42
4582,412.29,27.82,27.67,43.52,1008.42
4583,412.38,27.81,27.67,43.50,1008.43
4584,412.47,27.82,27.65,43.47,1008.44
4585,412.56,27.82,27.65,43.45,1008.43
4586,412.65,27.84,27.65,43.44,1008.42
4587,412.74,27.85,27.63,43.45,1008.41
4588,412.83,27.87,27.63,43.43,1008.39
4589,412.92,27.87,27.63,43.43,1008.39
4590,413.01,27.86,27.62,43.44,1008.38
4591,413.10,27.86,27.61,43.42,1008.36
4592,413.19,27.85,27.61,43.43,1008.35
4593,413.28,27.85,27.62,43.41,1008.34
4594,413.37,27.86,27.60,43.39,1008.35
4595,413.46,27.87,27.62,43.37,1008.34
4596,413.55,27.88,27.61,43.37,1008.34
4597,413.64,27.88,27.61,43.39,1008.33
4598,413.73,27.89,27.62,43.39,1008.33
4599,413.82,27.89,27.60,43.41,1008.31
4600,413.91,27.88,27.61,43.41,1008.30
4601,414.00,27.88,27.60,43.41,1008.30
4602,414.09,27.87,27.59,43.40,1008.29
4603,414.18,27.88,27.57,43.40,1008.29
4604,414.27,27.86,27.57,43.36,1008.28
4605,414.36,27.86,27.57,43.33,1008.29
4606,414.45,27.87,27.58,43.32,1008.29
4607,414.54,27.88,27.57,43.30,1008.29
4608,414.63,27.87,27.56,43.32,1008.30
4609,414.72,27.87,27.55,43.31,1008.30
4610,414.81,27.89,27.54,43.31,1008.29
4611,414.90,27.89,27.53,43.31,1008.30
4612,414.99,27.89,27.55,43.31,1008.30
4613,415.08,27.90,27.54,43.32,1008.31
4614,415.17,27.91,27.57,43.33,1008.29
4615,415.26,27.91,27.57,43.34,1008.30
4616,415.35,27.91,27.58,43.30,1008.31
4617,415.44,27.91,27.56,43.29,1008.30
4618,415.53,27.91,27.56,43.29,1008.32
4619,415.62,27.91,27.55,43.31,1008.33
4620,415.71,27.91,27.53,43.34,1008.32
4621,415.80,27.91,27.50,43.36,1008.33
4622,415.89,27.91,27.52,43.38,1008.33
4623,415.98,27.89,27.53,43.34,1008.33
4624,416.07,27.90,27.52,43.33,1008.32
4625,416.16,27.90,27.53,43.30,1008.34
4626,416.25,27.90,27.55,43.28,1008.34
4627,416.34,27.91,27.54,43.27,1008.35
4628,416.43,27.91,27.54,43.30,1008.34
4629,416.52,27.91,27.56,43.30,1008.35
4630,416.61,27.92,27.58,43.27,1008.36
4631,416.70,27.92,27.59,43.29,1008.37
4632,416.79,27.92,27.60,43.26,1008.36
4633,416.88,27.92,27.60,43.25,1008.37
4634,416.97,27.91,27.60,43.25,1008.37
4635,417.06,27.92,27.59,43.25,1008.37
4636,417.15,27.92,27.61,43.23,1008.37
4637,417.24,27.90,27.62,43.26,1008.37
4638,417.33,27.89,27.63,43.23,1008.38
4639,417.42,27.91,27.62,43.23,1008.39
4640,417.51,27.91,27.61,43.20,1008.40
4641,417.60,27.91,27.60,43.16,1008.40
4642,417.69,27.90,27.61,43.16,1008.41
4643,417.78,27.90,27.60,43.13,1008.40
4644,417.87,27.91,27.58,43.09,1008.38
4645,417.96,27.91,27.58,43.07,1008.36
4646,418.05,27.90,27.61,43.03,1008.35
4647,418.14,27.89,27.60,43.01,1008.33
4648,418.23,27.90,27.58,42.98,1008.32
4649,418.32,27.89,27.60,42.96,1008.31
4650,418.41,27.91,27.60,42.95,1008.31
4651,418.50,27.90,27.62,42.91,1008.31
4652,418.59,27.88,27.63,42.89,1008.32
4653,418.68,27.89,27.63,42.87,1008.32
4654,418.77,27.89,27.62,42.84,1008.31
4655,418.86,27.89,27.61,42.82,1008.29
4656,418.95,27.89,27.62,42.82,1008.28
4657,419.04,27.88,27.61,42.85,1008.28
4658,419.13,27.87,27.63,42.83,1008.28
4659,419.22,27.87,27.62,42.86,1008.27
4660,419.31,27.86,27.63,42.87,1008.26
4661,419.40,27.87,27.66,42.93,1008.26
4662,419.49,27.85,27.66,42.94,1008.24
4663,419.58,27.86,27.65,42.96,1008.24
4664,419.67,27.86,27.64,42.97,1008.24
4665,419.76,27.86,27.63,43.02,1008.25
4666,419.85,27.84,27.62,43.05,1008.26
4667,419.94,27.84,27.64,43.07,1008.27
4668,420.03,27.82,27.65,43.09,1008.27
4669,420.12,27.81,27.66,43.10,1008.26
4670,420.21,27.81,27.65,43.11,1008.27
4671,420.30,27.82,27.64,43.14,1008.26
4672,420.39,27.82,27.64,43.14,1008.26
4673,420.48,27.83,27.65,43.14,1008.28
4674,420.57,27.82,27.65,43.19,1008.29
4675,420.66,27.82,27.64,43.19,1008.29
4676,420.75,27.83,27.65,43.22,1008.29
4677,420.84,27.84,27.68,43.23,1008.29
4678,420.93,27.84,27.66,43.28,1008.30
4679,421.02,27.82,27.63,43.28,1008.29
4680,421.11,27.84,27.63,43.30,1008.31
4681,421.20,27.84,27.64,43.29,1008.31
4682,421.29,27.83,27.63,43.32,1008.33
4683,421.38,27.82,27.63,43.32,1008.33
4684,421.47,27.83,27.64,43.31,1008.33
4685,421.56,27.83,27.63,43.33,1008.34
4686,421.65,27.81,27.61,43.37,1008.35
4687,421.74,27.81,27.61,43.36,1008.36
4688,421.83,27.80,27.63,43.37,1008.36
4689,421.92,27.81,27.64,43.36,1008.35
4690,422.01,27.81,27.63,43.37,1008.34
4691,422.10,27.81,27.61,43.39,1008.34
4692,422.19,27.81,27.61,43.37,1008.34
4693,422.28,27.83,27.63,43.37,1008.36
4694,422.37,27.84,27.63,43.40,1008.36
4695,422.46,27.85,27.62,43.39,1008.36
4696,422.55,27.84,27.62,43.39,1008.36
4697,422.64,27.85,27.58,43.39,1008.37
4698,422.73,27.85,27.57,43.42,1008.37
4699,422.82,27.84,27.57,43.43,1008.36
4700,422.91,27.85,27.54,43.41,1008.36
4701,423.00,27.85,27.52,43.40,1008.37
4702,423.09,27.85,27.54,43.43,1008.36
4703,423.18,27.85,27.54,43.42,1008.36
4704,423.27,27.86,27.54,43.46,1008.35
4705,423.36,27.85,27.54,43.44,1008.34
4706,423.45,27.85,27.56,43.42,1008.34
4707,423.54,27.84,27.57,43.39,1008.35
4708,423.63,27.84,27.58,43.41,1008.33
4709,423.72,27.83,27.59,43.37,1008.33
4710,423.81,27.84,27.58,43.34,1008.32
4711,423.90,27.84,27.58,43.30,1008.33
4712,423.99,27.86,27.58,43.32,1008.32
4713,424.08,27.85,27.57,43.31,1008.31
4714,424.17,27.85,27.57,43.31,1008.32
4715,424.26,27.84,27.56,43.28,1008.32
4716,424.35,27.83,27.54,43.27,1008.30
4717,424.44,27.85,27.55,43.29,1008.28
4718,424.53,27.84,27.55,43.31,1008.27
4719,424.62,27.86,27.54,43.31,1008.26
4720,424.71,27.85,27.53,43.32,1008.25
4721,424.80,27.87,27.52,43.31,1008.24
4722,424.89,27.88,27.52,43.32,1008.25
4723,424.98,27.88,27.51,43.35,1008.25
4724,425.07,27.89,27.51,43.34,1008.25
4725,425.16,27.89,27.53,43.34,1008.26
4726,425.25,27.90,27.52,43.33,1008.26
4727,425.34,27.90,27.52,43.34,1008.26
4728,425.43,27.89,27.51,43.35,1008.26
4729,425.52,27.91,27.51,43.37,1008.27
4730,425.61,27.91,27.49,43.38,1008.28
4731,425.70,27.92,27.49,43.37,1008.30
4732,425.79,27.94,27.47,43.41,1008.30
4733,425.88,27.91,27.48,43.41,1008.31
4734,425.97,27.91,27.49,43.39,1008.32
4735,426.06,27.91,27.49,43.38,1008.31
4736,426.15,27.92,27.51,43.39,1008.31
4737,426.24,27.92,27.52,43.37,1008.31
4738,426.33,27.91,27.53,43.34,1008.31
4739,426.42,27.91,27.53,43.33,1008.32
4740,426.51,27.91,27.54,43.30,1008.31
4741,426.60,27.90,27.55,43.31,1008.32
4742,426.69,27.92,27.55,43.33,1008.32
4743,426.78,27.92,27.55,43.35,1008.32
4744,426.87,27.92,27.57,43.37,1008.32
4745,426.96,27.91,27.58,43.36,1008.31
4746,427.05,27.90,27.57,43.38,1008.31
4747,427.14,27.89,27.59,43.38,1008.31
4748,427.23,27.90,27.61,43.38,1008.32
4749,427.32,27.91,27.62,43.38,1008.32
4750,427.41,27.91,27.62,43.39,1008.33
4751,427.50,27.89,27.63,43.39,1008.35
4752,427.59,27.90,27.63,43.41,1008.35
4753,427.68,27.88,27.64,43.41,1008.37
4754,427.77,27.87,27.63,43.41,1008.37
4755,427.86,27.87,27.64,43.44,1008.38
4756,427.95,27.88,27.62,43.42,1008.37
4757,428.04,27.88,27.66,43.41,1008.38
4758,428.13,27.88,27.66,43.39,1008.38
4759,428.22,27.88,27.68,43.38,1008.38
4760,428.31,27.89,27.69,43.38,1008.39
4761,428.40,27.89,27.69,43.37,1008.38
4762,428.49,27.88,27.70,43.41,1008.37
4763,428.58,27.89,27.71,43.42,1008.37
4764,428.67,27.88,27.68,43.41,1008.36
4765,428.76,27.87,27.70,43.40,1008.36
4766,428.85,27.88,27.70,43.43,1008.36
4767,428.94,27.87,27.70,43.43,1008.34
4768,429.03,27.88,27.69,43.42,1008.33
4769,429.12,27.87,27.39,43.42,1008.33
4770,429.21,27.88,27.68,43.43,1008.33
4771,429.30,27.91,27.68,43.45,1008.32
4772,429.39,27.90,27.68,43.46,1008.31
4773,429.48,27.91,27.66,43.46,1008.31
4774,429.57,27.89,27.68,43.48,1008.30
4775,429.66,27.87,27.68,43.46,1008.29
4776,429.75,27.88,27.67,43.45,1008.29
4777,429.84,27.88,27.65,43.43,1008.30
4778,429.93,27.88,27.66,43.43,1008.30
4779,430.02,27.86,27.65,43.43,1008.30
4780,430.11,27.86,27.67,43.42,1008.30
4781,430.20,27.85,27.66,43.43,1008.28
4782,430.29,27.84,27.64,43.41,1008.30
4783,430.38,27.83,27.65,43.40,1008.28
4784,430.47,27.84,27.65,43.34,1008.28
4785,430.56,27.84,27.64,43.37,1008.29
4786,430.65,27.84,27.65,43.38,1008.29
4787,430.74,27.84,27.64,43.41,1008.28
4788,430.83,27.83,27.65,43.43,1008.28
4789,430.92,27.84,27.66,43.46,1008.29
4790,431.01,27.83,27.65,43.48,1008.28
4791,431.10,27.83,27.65,43.47,1008.28
4792,431.19,27.84,27.65,43.49,1008.28
4793,431.28,27.83,27.64,43.52,1008.29
4794,431.37,27.84,27.63,43.50,1008.30
4795,431.46,27.83,27.63,43.52,1008.31
4796,431.55,27.83,27.63,43.53,1008.31
4797,431.64,27.84,27.63,43.54,1008.31
4798,431.73,27.85,27.62,43.52,1008.31
4799,431.82,27.86,27.66,43.52,1008.32
4800,431.91,27.86,27.64,43.53,1008.34
4801,432.00,27.86,27.64,43.52,1008.33
4802,432.09,27.87,27.64,43.54,1008.34
4803,432.18,27.86,27.65,43.57,1008.35
4804,432.27,27.85,27.63,43.57,1008.34
4805,432.36,27.85,27.64,43.56,1008.35
4806,432.45,27.85,27.62,43.60,1008.36
4807,432.54,27.84,27.60,43.60,1008.35
4808,432.63,27.85,27.61,43.57,1008.35
4809,432.72,27.85,27.60,43.57,1008.36
4810,432.81,27.85,27.61,43.63,1008.39
4811,432.90,27.85,27.61,43.65,1008.38
4812,432.99,27.86,27.61,43.66,1008.40
4813,433.08,27.85,27.61,43.63,1008.40
4814,433.17,27.85,27.61,43.63,1008.41
4815,433.26,27.83,27.60,43.61,1008.41
4816,433.35,27.84,27.59,43.63,1008.40
4817,433.44,27.82,27.59,43.65,1008.38
4818,433.53,27.83,27.59,43.67,1008.39
4819,433.62,27.84,27.59,43.69,1008.38
4820,433.71,27.86,27.59,43.62,1008.38
4821,433.80,27.86,27.59,43.61,1008.39
4822,433.89,27.84,27.58,43.60,1008.39
4823,433.98,27.84,27.57,43.66,1008.39
4824,434.07,27.83,27.58,43.63,1008.38
4825,434.16,27.85,27.57,43.62,1008.38
4826,434.25,27.85,27.58,43.64,1008.37
4827,434.34,27.83,27.57,43.62,1008.38
4828,434.43,27.83,27.58,43.62,1008.36
4829,434.52,27.83,27.57,43.60,1008.35
4830,434.61,27.84,27.58,43.61,1008.36
4831,434.70,27.86,27.55,43.59,1008.36
4832,434.79,27.87,27.56,43.56,1008.36
4833,434.88,27.86,27.56,43.56,1008.35
4834,434.97,27.87,27.57,43.55,1008.34
4835,435.06,27.88,27.57,43.56,1008.34
4836,435.15,27.88,27.55,43.58,1008.33
4837,435.24,27.89,27.56,43.57,1008.33
4838,435.33,27.90,27.54,43.59,1008.33
4839,435.42,27.91,27.54,43.60,1008.33
4840,435.51,27.90,27.53,43.62,1008.33
4841,435.60,27.90,27.51,43.65,1008.33
4842,435.69,27.89,27.52,43.60,1008.32
4843,435.78,27.89,27.54,43.62,1008.31
4844,435.87,27.89,27.55,43.65,1008.29
4845,435.96,27.91,27.54,43.66,1008.30
4846,436.05,27.92,27.54,43.66,1008.30
4847,436.14,27.90,27.54,43.66,1008.30
4848,436.23,27.91,27.54,43.67,1008.30
4849,436.32,27.90,27.55,43.67,1008.29
4850,436.41,27.88,27.55,43.67,1008.29
4851,436.50,27.89,27.54,43.64,1008.29
4852,436.59,27.90,27.55,43.64,1008.29
4853,436.68,27.91,27.58,43.61,1008.30
4854,436.77,27.90,27.58,43.63,1008.31
4855,436.86,27.90,27.60,43.62,1008.31
4856,436.95,27.90,27.62,43.62,1008.31
4857,437.04,27.92,27.63,43.65,1008.32
4858,437.13,27.92,27.62,43.67,1008.34
4859,437.22,27.93,27.62,43.61,1008.34
4860,437.31,27.93,27.63,43.61,1008.34
4861,437.40,27.93,27.61,43.62,1008.35
4862,437.49,27.94,27.62,43.63,1008.34
4863,437.58,27.94,27.62,43.63,1008.35
4864,437.67,27.96,27.63,43.63,1008.36
4865,437.76,27.96,27.64,43.61,1008.37
4866,437.85,27.96,27.65,43.61,1008.37
4867,437.94,27.95,27.64,43.62,1008.37
4868,438.03,27.94,27.64,43.65,1008.37
4869,438.12,27.93,27.62,43.68,1008.37
4870,438.21,27.93,27.64,43.68,1008.38
4871,438.30,27.93,27.64,43.65,1008.38
4872,438.39,27.92,27.64,43.64,1008.39
4873,438.48,27.91,27.64,43.62,1008.38
4874,438.57,27.89,27.65,43.61,1008.38
4875,438.66,27.88,27.64,43.62,1008.38
4876,438.75,27.88,27.63,43.61,1008.37
4877,438.84,27.87,27.64,43.61,1008.36
4878,438.93,27.88,27.65,43.59,1008.37
4879,439.02,27.89,27.67,43.58,1008.36
4880,439.11,27.89,27.67,43.56,1008.36
4881,439.20,27.89,27.68,43.57,1008.34
4882,439.29,27.88,27.69,43.54,1008.33
4883,439.38,27.87,27.70,43.54,1008.33
4884,439.47,27.87,27.70,43.54,1008.32
4885,439.56,27.87,27.68,43.53,1008.32
4886,439.65,27.87,27.67,43.55,1008.31
4887,439.74,27.87,27.68,43.56,1008.31
4888,439.83,27.88,27.69,43.57,1008.32
4889,439.92,27.87,27.68,43.57,1008.31
4890,440.01,27.87,27.68,43.58,1008.30
4891,440.10,27.89,27.69,43.59,1008.30
4892,440.19,27.88,27.67,43.62,1008.31
4893,440.28,27.91,27.65,43.63,1008.31
4894,440.37,27.90,27.65,43.61,1008.31
4895,440.46,27.91,27.66,43.62,1008.30
4896,440.55,27.90,27.63,43.61,1008.30
4897,440.64,27.91,27.62,43.63,1008.30
4898,440.73,27.90,27.62,43.59,1008.30
4899,440.82,27.90,27.62,43.59,1008.29
4900,440.91,27.89,27.62,43.60,1008.28
4901,441.00,27.87,27.62,43.58,1008.26
4902,441.09,27.88,27.62,43.58,1008.26
4903,441.18,27.87,27.61,43.58,1008.26
4904,441.27,27.87,27.61,43.58,1008.25
4905,441.36,27.87,27.61,43.59,1008.25
4906,441.45,27.88,27.58,43.59,1008.25
4907,441.54,27.87,27.58,43.64,1008.26
4908,441.63,27.86,27.58,43.63,1008.26
4909,441.72,27.88,27.56,43.61,1008.28
4910,441.81,27.87,27.59,43.62,1008.29
4911,441.90,27.89,27.59,43.60,1008.29
4912,441.99,27.90,27.60,43.59,1008.30
4913,442.08,27.91,27.62,43.57,1008.29
4914,442.17,27.90,27.63,43.54,1008.30
4915,442.26,27.90,27.62,43.53,1008.29
4916,442.35,27.89,27.61,43.55,1008.29
4917,442.44,27.89,27.60,43.55,1008.30
4918,442.53,27.89,27.58,43.55,1008.31
4919,442.62,27.89,27.58,43.57,1008.31
4920,442.71,27.87,27.58,43.55,1008.32
4921,442.80,27.86,27.56,43.57,1008.33
4922,442.89,27.87,27.57,43.56,1008.34
4923,442.98,27.87,27.56,43.55,1008.35
4924,443.07,27.87,27.55,43.58,1008.35
4925,443.16,27.88,27.54,43.56,1008.35
4926,443.25,27.88,27.53,43.54,1008.34
4927,443.34,27.88,27.53,43.55,1008.35
4928,443.43,27.89,27.49,43.54,1008.35
4929,443.52,27.87,27.52,43.55,1008.36
4930,443.61,27.87,27.53,43.56,1008.35
4931,443.70,27.86,27.53,43.56,1008.36
4932,443.79,27.87,27.54,43.59,1008.36
4933,443.88,27.86,27.54,43.61,1008.37
4934,443.97,27.85,27.53,43.63,1008.37
4935,444.06,27.85,27.52,43.64,1008.36
4936,444.15,27.84,27.52,43.65,1008.36
4937,444.24,27.83,27.53,43.64,1008.36
4938,444.33,27.83,27.53,43.63,1008.36
4939,444.42,27.83,27.53,43.65,1008.35
4940,444.51,27.82,27.53,43.62,1008.36
4941,444.60,27.82,27.52,43.61,1008.36
4942,444.69,27.83,27.54,43.60,1008.34
4943,444.78,27.83,27.56,43.60,1008.33
4944,444.87,27.84,27.57,43.61,1008.32
4945,444.96,27.84,27.58,43.62,1008.33
4946,445.05,27.83,27.57,43.62,1008.32
4947,445.14,27.82,27.58,43.64,1008.31
4948,445.23,27.83,27.58,43.62,1008.30
4949,445.32,27.81,27.59,43.63,1008.31
4950,445.41,27.83,27.61,43.61,1008.30
4951,445.50,27.83,27.63,43.62,1008.31
4952,445.59,27.81,27.62,43.66,1008.30
4953,445.68,27.81,27.61,43.66,1008.30
4954,445.77,27.82,27.61,43.64,1008.29
4955,445.86,27.82,27.62,43.64,1008.31
4956,445.95,27.83,27.61,43.65,1008.30
4957,446.04,27.81,27.62,43.67,1008.29
4958,446.13,27.82,27.63,43.70,1008.27
4959,446.22,27.82,27.65,43.70,1008.27
4960,446.31,27.83,27.64,43.70,1008.26
4961,446.40,27.82,27.63,43.70,1008.26
4962,446.49,27.81,27.62,43.69,1008.26
4963,446.58,27.81,27.63,43.67,1008.26
4964,446.67,27.81,27.62,43.68,1008.27
4965,446.76,27.80,27.63,43.62,1008.29
4966,446.85,27.82,27.64,43.67,1008.28
4967,446.94,27.82,27.65,43.68,1008.29
4968,447.03,27.83,27.65,43.65,1008.30
4969,447.12,27.83,27.64,43.67,1008.29
4970,447.21,27.83,27.65,43.71,1008.29
4971,447.30,27.83,27.65,43.70,1008.30
4972,447.39,27.85,27.65,43.71,1008.30
4973,447.48,27.86,27.64,43.72,1008.30
4974,447.57,27.88,27.65,43.74,1008.30
4975,447.66,27.89,27.65,43.77,1008.32
4976,447.75,27.88,27.66,43.75,1008.32
4977,447.84,27.88,27.65,43.75,1008.32
4978,447.93,27.86,27.65,43.73,1008.33
4979,448.02,27.87,27.63,43.71,1008.32
4980,448.11,27.86,27.64,43.71,1008.32
4981,448.20,27.86,27.65,43.69,1008.32
4982,448.29,27.86,27.66,43.69,1008.31
4983,448.38,27.86,27.66,43.71,1008.32
4984,448.47,27.86,27.66,43.67,1008.33
4985,448.56,27.87,27.66,43.67,1008.34
4986,448.65,27.85,27.66,43.69,1008.35
4987,448.74,27.86,27.66,43.66,1008.36
4988,448.83,27.88,27.64,43.67,1008.37
4989,448.92,27.89,27.66,43.68,1008.37
4990,449.01,27.91,27.67,43.67,1008.38
4991,449.10,27.90,27.67,43.64,1008.37
4992,449.19,27.89,27.67,43.66,1008.38
4993,449.28,27.90,27.65,43.63,1008.37
4994,449.37,27.89,27.65,43.64,1008.36
4995,449.46,27.90,27.65,43.63,1008.37
4996,449.55,27.89,27.63,43.61,1008.36
4997,449.64,27.90,27.64,43.58,1008.35
4998,449.73,27.91,27.64,43.58,1008.36
4999,449.82,27.90,27.65,43.54,1008.36
5000,449.91,27.91,27.65,43.52,1008.36
5001,450.00,27.93,27.64,43.53,1008.36
5002,450.09,27.94,27.64,43.53,1008.35
5003,450.18,27.94,27.65,43.53,1008.36
5004,450.27,27.94,27.64,43.54,1008.37
5005,450.36,27.94,27.62,43.54,1008.37
5006,450.45,27.94,27.63,43.54,1008.35
5007,450.54,27.92,27.60,43.57,1008.35
5008,450.63,27.90,27.60,43.58,1008.35
5009,450.72,27.90,27.61,43.58,1008.33
5010,450.81,27.90,27.60,43.61,1008.32
5011,450.90,27.90,27.59,43.58,1008.33
5012,450.99,27.90,27.60,43.55,1008.34
5013,451.08,27.90,27.61,43.55,1008.33
5014,451.17,27.91,27.61,43.54,1008.31
5015,451.26,27.92,27.62,43.50,1008.31
5016,451.35,27.90,27.61,43.51,1008.29
5017,451.44,27.89,27.62,43.49,1008.29
5018,451.53,27.89,27.60,43.49,1008.27
5019,451.62,27.87,27.61,43.51,1008.27
5020,451.71,27.87,27.60,43.55,1008.26
5021,451.80,27.87,27.58,43.51,1008.26
5022,451.89,27.87,27.59,43.48,1008.26
5023,451.98,27.85,27.59,43.49,1008.25
5024,452.07,27.85,27.60,43.50,1008.25
5025,452.16,27.85,27.59,43.49,1008.24
5026,452.25,27.82,27.58,43.48,1008.26
5027,452.34,27.82,27.59,43.50,1008.26
5028,452.43,27.81,27.58,43.48,1008.27
5029,452.52,27.83,27.59,43.47,1008.27
5030,452.61,27.84,27.59,43.46,1008.28
5031,452.70,27.85,27.58,43.48,1008.30
5032,452.79,27.86,27.59,43.47,1008.29
5033,452.88,27.87,27.58,43.46,1008.29
5034,452.97,27.85,27.58,43.46,1008.30
5035,453.06,27.86,27.59,43.46,1008.30
5036,453.15,27.87,27.60,43.48,1008.30
5037,453.24,27.88,27.58,43.47,1008.30
5038,453.33,27.89,27.58,43.47,1008.31
5039,453.42,27.90,27.57,43.50,1008.32
5040,453.51,27.90,27.58,43.49,1008.31
5041,453.60,27.89,27.57,43.51,1008.30
5042,453.69,27.89,27.57,43.54,1008.30
5043,453.78,27.89,27.59,43.56,1008.32
5044,453.87,27.91,27.59,43.58,1008.33
5045,453.96,27.89,27.57,43.57,1008.34
5046,454.05,27.89,27.57,43.59,1008.36
5047,454.14,27.88,27.58,43.60,1008.36
5048,454.23,27.86,27.58,43.61,1008.37
5049,454.32,27.87,27.59,43.63,1008.36
5050,454.41,27.87,27.59,43.64,1008.35
5051,454.50,27.86,27.59,43.64,1008.36
5052,454.59,27.86,27.60,43.66,1008.37
5053,454.68,27.87,27.59,43.64,1008.37
5054,454.77,27.86,27.59,43.63,1008.37
5055,454.86,27.86,27.58,43.65,1008.35
5056,454.95,27.87,27.57,43.68,1008.35
5057,455.04,27.86,27.57,43.69,1008.36
5058,455.13,27.85,27.59,43.66,1008.36
5059,455.22,27.84,27.59,43.66,1008.37
5060,455.31,27.85,27.59,43.63,1008.36
5061,455.40,27.85,27.60,43.64,1008.37
5062,455.49,27.86,27.61,43.63,1008.37
5063,455.58,27.86,27.61,43.59,1008.37
5064,455.67,27.87,27.62,43.59,1008.37
5065,455.76,27.87,27.61,43.61,1008.36
5066,455.85,27.87,27.59,43.62,1008.36
5067,455.94,27.87,27.60,43.65,1008.34
5068,456.03,27.86,27.62,43.65,1008.33
5069,456.12,27.88,27.61,43.68,1008.32
5070,456.21,27.90,27.61,43.68,1008.31
5071,456.30,27.89,27.63,43.67,1008.30
5072,456.39,27.91,27.63,43.68,1008.29
5073,456.48,27.90,27.62,43.69,1008.28
5074,456.57,27.90,27.62,43.70,1008.27
5075,456.66,27.89,27.62,43.67,1008.28
5076,456.75,27.89,27.64,43.66,1008.28
5077,456.84,27.88,27.65,43.67,1008.29
5078,456.93,27.88,27.65,43.67,1008.29
5079,457.02,27.87,27.66,43.65,1008.28
5080,457.11,27.87,27.69,43.62,1008.29
5081,457.20,27.86,27.68,43.59,1008.29
5082,457.29,27.88,27.67,43.60,1008.28
5083,457.38,27.88,27.67,43.59,1008.29
5084,457.47,27.88,27.66,43.58,1008.30
5085,457.56,27.88,27.67,43.60,1008.30
5086,457.65,27.87,27.67,43.61,1008.29
5087,457.74,27.86,27.66,43.59,1008.30
5088,457.83,27.86,27.66,43.60,1008.30
5089,457.92,27.86,27.66,43.60,1008.31
5090,458.01,27.87,27.65,43.61,1008.31
5091,458.10,27.87,27.64,43.64,1008.32
5092,458.19,27.89,27.64,43.66,1008.32
5093,458.28,27.90,27.63,43.63,1008.31
5094,458.37,27.89,27.63,43.62,1008.33
5095,458.46,27.89,27.63,43.64,1008.34
5096,458.55,27.90,27.65,43.64,1008.36
5097,458.64,27.89,27.67,43.64,1008.36
5098,458.73,27.90,27.68,43.62,1008.37
5099,458.82,27.88,27.68,43.65,1008.37
5100,458.91,27.89,27.66,43.65,1008.37
5101,459.00,27.90,27.65,43.67,1008.37
5102,459.09,27.89,27.65,43.63,1008.37
5103,459.18,27.89,27.62,43.67,1008.37
5104,459.27,27.88,27.62,43.69,1008.37
5105,459.36,27.87,27.62,43.71,1008.39
5106,459.45,27.88,27.62,43.67,1008.27
5107,459.54,27.88,27.61,43.63,1008.35
5108,459.63,27.87,27.61,43.62,1008.40
5109,459.72,27.86,27.63,43.62,1008.41
5110,459.81,27.86,27.63,43.63,1008.42
5111,459.90,27.84,27.64,43.61,1008.42
5112,459.99,27.85,27.64,43.66,1008.40
5113,460.08,27.86,27.62,43.69,1008.40
5114,460.17,27.85,27.61,43.64,1008.40
5115,460.26,27.86,27.60,43.64,1008.38
5116,460.35,27.86,27.61,43.67,1008.38
5117,460.44,27.85,27.61,43.68,1008.38
5118,460.53,27.84,27.60,43.64,1008.37
5119,460.62,27.84,27.60,43.67,1008.37
5120,460.71,27.84,27.61,43.65,1008.38
5121,460.80,27.86,27.60,43.69,1008.36
5122,460.89,27.86,27.59,43.66,1008.35
5123,460.98,27.85,27.60,43.67,1008.35
5124,461.07,27.85,27.59,43.66,1008.35
5125,461.16,27.86,27.58,43.68,1008.35
5126,461.25,27.85,27.57,43.66,1008.34
5127,461.34,27.84,27.55,43.63,1008.33
5128,461.43,27.85,27.54,43.62,1008.32
5129,461.52,27.86,27.53,43.63,1008.32
5130,461.61,27.86,27.53,43.61,1008.32
5131,461.70,27.84,27.55,43.63,1008.33
5132,461.79,27.84,27.56,43.59,1008.33
5133,461.88,27.82,27.56,43.59,1008.32
5134,461.97,27.83,27.56,43.59,1008.31
5135,462.06,27.84,27.57,43.62,1008.30
5136,462.15,27.83,27.58,43.60,1008.31
5137,462.24,27.84,27.58,43.60,1008.31
5138,462.33,27.83,27.58,43.61,1008.31
5139,462.42,27.83,27.57,43.63,1008.30
5140,462.51,27.83,27.57,43.64,1008.29
5141,462.60,27.83,27.56,43.63,1008.30
5142,462.69,27.83,27.57,43.62,1008.31
5143,462.78,27.83,27.58,43.60,1008.32
5144,462.87,27.85,27.58,43.64,1008.32
5145,462.96,27.84,27.57,43.62,1008.33
5146,463.05,27.83,27.55,43.61,1008.33
5147,463.14,27.84,27.54,43.61,1008.33
5148,463.23,27.84,27.54,43.60,1008.31
5149,463.32,27.85,27.54,43.59,1008.31
5150,463.41,27.86,27.56,43.54,1008.33
5151,463.50,27.84,27.57,43.53,1008.33
5152,463.59,27.84,27.57,43.54,1008.34
5153,463.68,27.83,27.57,43.55,1008.34
5154,463.77,27.80,27.55,43.56,1008.36
5155,463.86,27.80,27.54,43.55,1008.36
5156,463.95,27.80,27.54,43.53,1008.37
5157,464.04,27.77,27.56,43.53,1008.38
5158,464.13,27.77,27.56,43.57,1008.38
5159,464.22,27.78,27.56,43.56,1008.40
5160,464.31,27.79,27.57,43.53,1008.39
5161,464.40,27.79,27.59,43.48,1008.39
5162,464.49,27.79,27.59,43.47,1008.39
5163,464.58,27.80,27.59,43.47,1008.39
5164,464.67,27.80,27.59,43.45,1008.40
5165,464.76,27.80,27.62,43.46,1008.40
5166,464.85,27.81,27.62,43.46,1008.41
5167,464.94,27.81,27.63,43.45,1008.40
5168,465.03,27.81,27.62,43.46,1008.40
5169,465.12,27.81,27.62,43.47,1008.40
5170,465.21,27.81,27.63,43.47,1008.39
5171,465.30,27.80,27.63,43.46,1008.39
5172,465.39,27.81,27.63,43.47,1008.40
5173,465.48,27.82,27.62,43.49,1008.41
5174,465.57,27.82,27.63,43.46,1008.40
5175,465.66,27.81,27.63,43.44,1008.41
5176,465.75,27.80,27.65,43.47,1008.41
5177,465.84,27.80,27.65,43.49,1008.40
5178,465.93,27.81,27.66,43.50,1008.39
5179,466.02,27.80,27.67,43.49,1008.38
5180,466.11,27.81,27.66,43.43,1008.38
5181,466.20,27.82,27.65,43.41,1008.37
5182,466.29,27.86,27.67,43.44,1008.38
5183,466.38,27.87,27.69,43.44,1008.38
5184,466.47,27.87,27.70,43.46,1008.36
5185,466.56,27.87,27.70,43.46,1008.36
5186,466.65,27.87,27.71,43.45,1008.35
5187,466.74,27.86,27.69,43.44,1008.35
5188,466.83,27.85,27.68,43.45,1008.34
5189,466.92,27.87,27.68,43.45,1008.33
5190,467.01,27.88,27.69,43.41,1008.33
5191,467.10,27.87,27.69,43.41,1008.31
5192,467.19,27.86,27.69,43.41,1008.28
5193,467.28,27.85,27.66,43.42,1008.28
5194,467.37,27.87,27.66,43.41,1008.27
5195,467.46,27.88,27.65,43.41,1008.27
5196,467.55,27.89,27.63,43.42,1008.26
5197,467.64,27.89,27.65,43.39,1008.26
5198,467.73,27.90,27.64,43.38,1008.26
5199,467.82,27.91,27.64,43.41,1008.27
5200,467.91,27.92,27.64,43.42,1008.26
5201,468.00,27.92,27.63,43.41,1008.26
5202,468.09,27.91,27.64,43.43,1008.26
5203,468.18,27.91,27.61,43.41,1008.26
5204,468.27,27.90,27.61,43.40,1008.27
5205,468.36,27.90,27.63,43.41,1008.27
5206,468.45,27.90,27.62,43.38,1008.27
5207,468.54,27.90,27.63,43.38,1008.26
5208,468.63,27.89,27.64,43.39,1008.25
5209,468.72,27.88,27.64,43.39,1008.25
5210,468.81,27.87,27.65,43.40,1008.26
5211,468.90,27.89,27.65,43.40,1008.26
5212,468.99,27.89,27.65,43.40,1008.28
5213,469.08,27.89,27.63,43.41,1008.29
5214,469.17,27.90,27.63,43.42,1008.28
5215,469.26,27.90,27.63,43.45,1008.29
5216,469.35,27.89,27.62,43.47,1008.31
5217,469.44,27.91,27.62,43.46,1008.34
5218,469.53,27.90,27.60,43.46,1008.34
5219,469.62,27.90,27.61,43.47,1008.35
5220,469.71,27.92,27.61,43.47,1008.34
5221,469.80,27.92,27.60,43.46,1008.35
5222,469.89,27.92,27.58,43.44,1008.37
5223,469.98,27.93,27.57,43.45,1008.37
5224,470.07,27.94,27.57,43.45,1008.37
5225,470.16,27.96,27.58,43.44,1008.37
5226,470.25,27.95,27.58,43.43,1008.38
5227,470.34,27.93,27.58,43.42,1008.38
5228,470.43,27.94,27.59,43.41,1008.37
5229,470.52,27.93,27.58,43.38,1008.37
5230,470.61,27.93,27.58,43.39,1008.37
5231,470.70,27.93,27.57,43.38,1008.37
5232,470.79,27.94,27.56,43.36,1008.37
5233,470.88,27.94,27.56,43.34,1008.37
5234,470.97,27.94,27.58,43.31,1008.37
5235,471.06,27.93,27.58,43.35,1008.37
5236,471.15,27.92,27.60,43.32,1008.38
5237,471.24,27.92,27.61,43.33,1008.36
5238,471.33,27.92,27.60,43.31,1008.36
5239,471.42,27.92,27.60,43.28,1008.35
5240,471.51,27.92,27.61,43.27,1008.34
5241,471.60,27.91,27.60,43.28,1008.34
5242,471.69,27.92,27.59,43.29,1008.32
5243,471.78,27.91,27.60,43.30,1008.33
5244,471.87,27.91,27.62,43.31,1008.33
5245,471.96,27.90,27.63,43.28,1008.32
5246,472.05,27.87,27.64,43.25,1008.32
5247,472.14,27.87,27.65,43.28,1008.31
5248,472.23,27.86,27.69,43.31,1008.31
5249,472.32,27.86,27.72,43.31,1008.31
5250,472.41,27.86,27.77,43.30,1008.28
5251,472.50,27.86,27.78,43.31,1008.27
5252,472.59,27.86,27.78,43.29,1008.27
5253,472.68,27.85,27.77,43.31,1008.26
5254,472.77,27.85,27.77,43.33,1008.27
5255,472.86,27.86,27.78,43.33,1008.27
5256,472.95,27.85,27.77,43.31,1008.27
5257,473.04,27.86,27.78,43.33,1008.27
5258,473.13,27.85,27.75,43.31,1008.27
5259,473.22,27.85,27.73,43.33,1008.26
5260,473.31,27.86,27.71,43.34,1008.26
5261,473.40,27.85,27.69,43.38,1008.24
5262,473.49,27.87,27.65,43.36,1008.25
5263,473.58,27.86,27.64,43.34,1008.26
5264,473.67,27.84,27.63,43.34,1008.26
5265,473.76,27.84,27.63,43.35,1008.27
5266,473.85,27.84,27.63,43.33,1008.26
5267,473.94,27.84,27.65,43.32,1008.27
5268,474.03,27.82,27.66,43.33,1008.27
5269,474.12,27.82,27.65,43.33,1008.27
5270,474.21,27.83,27.67,43.33,1008.28
5271,474.30,27.83,27.65,43.33,1008.27
5272,474.39,27.81,27.65,43.33,1008.28
5273,474.48,27.80,27.63,43.35,1008.29
5274,474.57,27.81,27.63,43.32,1008.31
5275,474.66,27.79,27.61,43.34,1008.31
5276,474.75,27.80,27.62,43.35,1008.31
5277,474.84,27.81,27.62,43.35,1008.32
5278,474.93,27.81,27.62,43.36,1008.30
5279,475.02,27.82,27.61,43.36,1008.32
5280,475.11,27.83,27.62,43.34,1008.32
5281,475.20,27.82,27.64,43.34,1008.32
5282,475.29,27.82,27.65,43.34,1008.34
5283,475.38,27.81,27.65,43.34,1008.34
5284,475.47,27.82,27.63,43.36,1008.33
5285,475.56,27.83,27.64,43.38,1008.33
5286,475.65,27.84,27.67,43.39,1008.33
5287,475.74,27.84,27.68,43.40,1008.34
5288,475.83,27.85,27.69,43.42,1008.35
5289,475.92,27.85,27.68,43.43,1008.34
5290,476.01,27.84,27.68,43.39,1008.35
5291,476.10,27.85,27.68,43.38,1008.36
5292,476.19,27.83,27.67,43.37,1008.37
5293,476.28,27.85,27.68,43.37,1008.35
5294,476.37,27.84,27.67,43.36,1008.36
5295,476.46,27.83,27.66,43.36,1008.35
5296,476.55,27.82,27.66,43.33,1008.36
5297,476.64,27.81,27.65,43.33,1008.34
5298,476.73,27.82,27.67,43.33,1008.34
5299,476.82,27.83,27.67,43.30,1008.34
5300,476.91,27.85,27.68,43.31,1008.33
5301,477.00,27.86,27.67,43.30,1008.32
5302,477.09,27.86,27.66,43.33,1008.32
5303,477.18,27.85,27.63,43.29,1008.32
5304,477.27,27.87,27.64,43.28,1008.31
5305,477.36,27.87,27.63,43.27,1008.30
5306,477.45,27.88,27.62,43.27,1008.30
5307,477.54,27.89,27.63,43.24,1008.30
5308,477.63,27.88,27.63,43.25,1008.30
5309,477.72,27.88,27.62,43.28,1008.30
5310,477.81,27.89,27.63,43.27,1008.30
5311,477.90,27.89,27.64,43.26,1008.30
5312,477.99,27.89,27.63,43.28,1008.29
5313,478.08,27.88,27.63,43.27,1008.28
5314,478.17,27.87,27.63,43.26,1008.28
5315,478.26,27.86,27.61,43.28,1008.29
5316,478.35,27.86,27.60,43.28,1008.29
5317,478.44,27.86,27.59,43.28,1008.28
5318,478.53,27.86,27.61,43.28,1008.28
5319,478.62,27.87,27.62,43.25,1008.29
5320,478.71,27.87,27.60,43.25,1008.29
5321,478.80,27.88,27.60,43.25,1008.28
5322,478.89,27.87,27.61,43.26,1008.27
5323,478.98,27.87,27.60,43.27,1008.26
5324,479.07,27.88,27.64,43.25,1008.26
5325,479.16,27.89,27.62,43.30,1008.26
5326,479.25,27.88,27.62,43.31,1008.25
5327,479.34,27.89,27.61,43.30,1008.27
5328,479.43,27.89,27.61,43.29,1008.28
5329,479.52,27.90,27.60,43.25,1008.30
5330,479.61,27.93,27.59,43.26,1008.30
5331,479.70,27.94,27.59,43.24,1008.32
5332,479.79,27.95,27.58,43.24,1008.32
5333,479.88,27.95,27.59,43.26,1008.32
5334,479.97,27.94,27.59,43.22,1008.34
5335,480.06,27.94,27.59,43.21,1008.35
5336,480.15,27.93,27.57,43.21,1008.35
5337,480.24,27.94,27.56,43.24,1008.35
5338,480.33,27.94,27.56,43.25,1008.36
5339,480.42,27.93,27.58,43.25,1008.37
5340,480.51,27.93,27.58,43.28,1008.39
5341,480.60,27.93,27.58,43.27,1008.37
5342,480.69,27.91,27.57,43.27,1008.37
5343,480.78,27.91,27.57,43.26,1008.36
5344,480.87,27.91,27.58,43.25,1008.36
5345,480.96,27.92,27.56,43.27,1008.36
5346,481.05,27.91,27.54,43.26,1008.36
5347,481.14,27.89,27.53,43.27,1008.36
5348,481.23,27.91,27.51,43.28,1008.35
5349,481.32,27.91,27.52,43.28,1008.35
5350,481.41,27.92,27.50,43.28,1008.34
5351,481.50,27.92,27.49,43.26,1008.33
5352,481.59,27.93,27.47,43.26,1008.33
5353,481.68,27.91,27.45,43.28,1008.35
5354,481.77,27.90,27.45,43.29,1008.35
5355,481.86,27.90,27.44,43.27,1008.34
5356,481.95,27.90,27.44,43.29,1008.33
5357,482.04,27.89,27.43,43.30,1008.33
5358,482.13,27.89,27.41,43.33,1008.32
5359,482.22,27.88,27.41,43.34,1008.31
5360,482.31,27.89,27.41,43.32,1008.32
5361,482.40,27.90,27.40,43.32,1008.30
5362,482.49,27.88,27.38,43.32,1008.30
5363,482.58,27.88,27.38,43.30,1008.28
5364,482.67,27.89,27.39,43.35,1008.29
5365,482.76,27.89,27.42,43.35,1008.29
5366,482.85,27.87,27.44,43.33,1008.28
5367,482.94,27.87,27.45,43.33,1008.28
5368,483.03,27.87,27.47,43.31,1008.29
5369,483.12,27.86,27.51,43.29,1008.29
5370,483.21,27.87,27.53,43.27,1008.29
5371,483.30,27.89,27.55,43.33,1008.28
5372,483.39,27.87,27.56,43.35,1008.29
5373,483.48,27.86,27.57,43.34,1008.28
5374,483.57,27.86,27.60,43.34,1008.27
5375,483.66,27.84,27.61,43.35,1008.26
5376,483.75,27.87,27.63,43.35,1008.27
5377,483.84,27.87,27.63,43.34,1008.27
5378,483.93,27.87,27.64,43.37,1008.27
5379,484.02,27.88,27.65,43.38,1008.27
5380,484.11,27.87,27.65,43.41,1008.26
5381,484.20,27.86,27.65,43.42,1008.27
5382,484.29,27.87,27.65,43.39,1008.28
5383,484.38,27.86,27.64,43.40,1008.28
5384,484.47,27.87,27.65,43.38,1008.30
5385,484.56,27.87,27.64,43.39,1008.31
5386,484.65,27.87,27.63,43.39,1008.31
5387,484.74,27.86,27.63,43.39,1008.31
5388,484.83,27.87,27.65,43.41,1008.32
5389,484.92,27.86,27.64,43.40,1008.35
5390,485.01,27.86,27.66,43.42,1008.34
5391,485.10,27.86,27.66,43.43,1008.35
5392,485.19,27.85,27.64,43.43,1008.36
5393,485.28,27.84,27.61,43.43,1008.37
5394,485.37,27.83,27.60,43.47,1008.37
5395,485.46,27.82,27.59,43.46,1008.38
5396,485.55,27.82,27.60,43.45,1008.39
5397,485.64,27.82,27.62,43.47,1008.40
5398,485.73,27.81,27.61,43.45,1008.39
5399,485.82,27.83,27.61,43.45,1008.39
5400,485.91,27.81,27.62,43.43,1008.41
5401,486.00,27.82,27.64,43.42,1008.40
5402,486.09,27.82,27.64,43.39,1008.39
5403,486.18,27.83,27.66,43.36,1008.38
5404,486.27,27.83,27.65,43.39,1008.37
5405,486.36,27.83,27.64,43.35,1008.36
5406,486.45,27.83,27.63,43.38,1008.37
5407,486.54,27.83,27.64,43.36,1008.38
5408,486.63,27.85,27.63,43.36,1008.38
5409,486.72,27.84,27.64,43.35,1008.38
5410,486.81,27.86,27.64,43.34,1008.37
5411,486.90,27.87,27.63,43.33,1008.38
5412,486.99,27.86,27.62,43.35,1008.37
5413,487.08,27.85,27.60,43.32,1008.38
5414,487.17,27.85,27.59,43.36,1008.37
5415,487.26,27.85,27.59,43.35,1008.37
5416,487.35,27.84,27.59,43.38,1008.36
5417,487.44,27.81,27.59,43.32,1008.35
5418,487.53,27.82,27.58,43.32,1008.35
5419,487.62,27.83,27.59,43.30,1008.35
5420,487.71,27.83,27.59,43.31,1008.34
5421,487.80,27.84,27.61,43.28,1008.34
5422,487.89,27.84,27.58,43.29,1008.35
5423,487.98,27.85,27.58,43.30,1008.36
5424,488.07,27.84,27.58,43.35,1008.35
5425,488.16,27.85,27.59,43.33,1008.33
5426,488.25,27.87,27.58,43.37,1008.32
5427,488.34,27.87,27.59,43.38,1008.31
5428,488.43,27.87,27.58,43.37,1008.31
5429,488.52,27.87,27.59,43.33,1008.29
5430,488.61,27.86,27.58,43.35,1008.30
5431,488.70,27.85,27.57,43.38,1008.30
5432,488.79,27.87,27.55,43.36,1008.28
5433,488.88,27.86,27.53,43.37,1008.29
5434,488.97,27.87,27.53,43.37,1008.29
5435,489.06,27.86,27.53,43.35,1008.29
5436,489.15,27.87,27.53,43.34,1008.29
5437,489.24,27.86,27.55,43.36,1008.29
5438,489.33,27.86,27.55,43.37,1008.30
5439,489.42,27.86,27.56,43.39,1008.28
5440,489.51,27.85,27.55,43.41,1008.29
5441,489.60,27.87,27.55,43.43,1008.29
5442,489.69,27.89,27.55,43.38,1008.29
5443,489.78,27.89,27.55,43.38,1008.28
5444,489.87,27.89,27.54,43.38,1008.28
5445,489.96,27.91,27.54,43.40,1008.29
5446,490.05,27.91,27.54,43.45,1008.27
5447,490.14,27.91,27.55,43.45,1008.29
5448,490.23,27.92,27.54,43.42,1008.28
5449,490.32,27.90,27.56,43.44,1008.29
5450,490.41,27.90,27.57,43.45,1008.29
5451,490.50,27.91,27.57,43.47,1008.29
5452,490.59,27.91,27.58,43.41,1008.30
5453,490.68,27.93,27.56,43.41,1008.30
5454,490.77,27.94,27.56,43.41,1008.32
5455,490.86,27.95,27.57,43.44,1008.33
5456,490.95,27.94,27.58,43.47,1008.32
5457,491.04,27.91,27.59,43.45,1008.31
5458,491.13,27.93,27.61,43.42,1008.32
5459,491.22,27.92,27.61,43.43,1008.32
5460,491.31,27.91,27.62,43.46,1008.32
5461,491.40,27.93,27.60,43.46,1008.33
5462,491.49,27.94,27.61,43.46,1008.34
5463,491.58,27.93,27.61,43.45,1008.35
5464,491.67,27.91,27.60,43.45,1008.35
5465,491.76,27.89,27.58,43.44,1008.35
5466,491.85,27.89,27.57,43.48,1008.35
5467,491.94,27.89,27.56,43.52,1008.35
5468,492.03,27.88,27.57,43.49,1008.35
5469,492.12,27.88,27.56,43.50,1008.36
5470,492.21,27.88,27.58,43.47,1008.35
5471,492.30,27.88,27.59,43.46,1008.35
5472,492.39,27.89,27.60,43.49,1008.35
5473,492.48,27.88,27.62,43.50,1008.35
5474,492.57,27.88,27.62,43.50,1008.34
5475,492.66,27.90,27.62,43.49,1008.34
5476,492.75,27.90,27.63,43.52,1008.33
5477,492.84,27.91,27.63,43.51,1008.33
5478,492.93,27.90,27.64,43.50,1008.32
5479,493.02,27.89,27.63,43.49,1008.33
5480,493.11,27.87,27.65,43.47,1008.33
5481,493.20,27.87,27.63,43.46,1008.32
5482,493.29,27.88,27.62,43.44,1008.34
5483,493.38,27.89,27.63,43.46,1008.33
5484,493.47,27.88,27.63,43.44,1008.33
5485,493.56,27.88,27.64,43.40,1008.34
5486,493.65,27.89,27.66,43.39,1008.34
5487,493.74,27.89,27.64,43.40,1008.33
5488,493.83,27.88,27.65,43.41,1008.31
5489,493.92,27.88,27.66,43.38,1008.31
5490,494.01,27.88,27.66,43.37,1008.30
5491,494.10,27.87,27.64,43.37,1008.28
5492,494.19,27.86,27.63,43.39,1008.28
5493,494.28,27.85,27.64,43.38,1008.28
5494,494.37,27.85,27.64,43.40,1008.28
5495,494.46,27.86,27.64,43.41,1008.27
5496,494.55,27.84,27.67,43.41,1008.28
5497,494.64,27.84,27.69,43.42,1008.28
5498,494.73,27.84,27.68,43.40,1008.28
5499,494.82,27.85,27.66,43.39,1008.27
5500,494.91,27.85,27.67,43.35,1008.28
5501,495.00,27.86,27.67,43.35,1008.29
5502,495.09,27.86,27.66,43.36,1008.27
5503,495.18,27.87,27.68,43.40,1008.26
5504,495.27,27.86,27.66,43.38,1008.27
5505,495.36,27.86,27.67,43.39,1008.28
5506,495.45,27.84,27.67,43.38,1008.28
5507,495.54,27.85,27.70,43.39,1008.30
5508,495.63,27.85,27.69,43.39,1008.31
5509,495.72,27.86,27.69,43.40,1008.31
5510,495.81,27.85,27.69,43.42,1008.31
5511,495.90,27.84,27.68,43.42,1008.31
5512,495.99,27.86,27.69,43.45,1008.32
5513,496.08,27.85,27.70,43.44,1008.32
5514,496.17,27.85,27.71,43.44,1008.32
5515,496.26,27.87,27.71,43.45,1008.32
5516,496.35,27.87,27.71,43.47,1008.34
5517,496.44,27.88,27.69,43.45,1008.34
5518,496.53,27.87,27.69,43.44,1008.34
5519,496.62,27.87,27.69,43.43,1008.33
5520,496.71,27.85,27.70,43.42,1008.34
5521,496.80,27.84,27.71,43.44,1008.34
5522,496.89,27.84,27.70,43.41,1008.34
5523,496.98,27.85,27.70,43.43,1008.35
5524,497.07,27.87,27.68,43.44,1008.36
5525,497.16,27.85,27.69,43.41,1008.35
5526,497.25,27.86,27.69,43.43,1008.36
5527,497.34,27.86,27.67,43.43,1008.37
5528,497.43,27.84,27.65,43.42,1008.37
5529,497.52,27.82,27.65,43.40,1008.36
5530,497.61,27.81,27.63,43.44,1008.35
5531,497.70,27.82,27.64,43.44,1008.35
5532,497.79,27.82,27.63,43.49,1008.35
5533,497.88,27.83,27.64,43.50,1008.34
5534,497.97,27.85,27.62,43.51,1008.33
5535,498.06,27.87,27.62,43.47,1008.33
5536,498.15,27.87,27.60,43.45,1008.33
5537,498.24,27.89,27.61,43.49,1008.33
5538,498.33,27.88,27.61,43.50,1008.32
5539,498.42,27.89,27.59,43.46,1008.31
5540,498.51,27.90,27.61,43.44,1008.31
5541,498.60,27.89,27.60,43.45,1008.31
5542,498.69,27.89,27.60,43.46,1008.30
5543,498.78,27.90,27.59,43.46,1008.29
5544,498.87,27.89,27.61,43.43,1008.28
5545,498.96,27.90,27.61,43.44,1008.27
5546,499.05,27.87,27.62,43.44,1008.26
5547,499.14,27.87,27.60,43.46,1008.25
5548,499.23,27.88,27.60,43.47,1008.25
5549,499.32,27.88,27.60,43.54,1008.25
5550,499.41,27.87,27.59,43.55,1008.24
5551,499.50,27.88,27.57,43.54,1008.24
5552,499.59,27.89,27.59,43.54,1008.24
5553,499.68,27.90,27.57,43.55,1008.26
5554,499.77,27.90,27.59,43.57,1008.27
5555,499.86,27.91,27.58,43.57,1008.27
5556,499.95,27.92,27.59,43.60,1008.28
5557,500.04,27.92,27.57,43.60,1008.28
5558,500.13,27.92,27.57,43.61,1008.28
5559,500.22,27.92,27.56,43.61,1008.29
5560,500.31,27.93,27.57,43.62,1008.30
5561,500.40,27.92,27.57,43.62,1008.31
5562,500.49,27.92,27.58,43.62,1008.31
5563,500.58,27.91,27.57,43.62,1008.31
5564,500.67,27.91,27.57,43.62,1008.31
5565,500.76,27.90,27.58,43.63,1008.32
5566,500.85,27.90,27.57,43.60,1008.33
5567,500.94,27.89,27.58,43.54,1008.33
5568,501.03,27.90,27.58,43.56,1008.33
5569,501.12,27.89,27.59,43.56,1008.35
5570,501.21,27.90,27.57,43.59,1008.35
5571,501.30,27.90,27.56,43.60,1008.37
5572,501.39,27.90,27.56,43.62,1008.37
5573,501.48,27.91,27.57,43.62,1008.37
5574,501.57,27.91,27.55,43.62,1008.37
5575,501.66,27.89,27.55,43.63,1008.39
5576,501.75,27.90,27.56,43.63,1008.39
5577,501.84,27.89,27.56,43.61,1008.40
5578,501.93,27.89,27.57,43.62,1008.40
5579,502.02,27.90,27.59,43.63,1008.40
5580,502.11,27.89,27.60,43.64,1008.39
5581,502.20,27.90,27.60,43.65,1008.38
5582,502.29,27.90,27.59,43.63,1008.38
5583,502.38,27.92,27.60,43.61,1008.37
5584,502.47,27.91,27.61,43.63,1008.37
5585,502.56,27.93,27.63,43.65,1008.37
5586,502.65,27.92,27.62,43.65,1008.37
5587,502.74,27.94,27.63,43.66,1008.36
5588,502.83,27.94,27.62,43.67,1008.36
5589,502.92,27.92,27.61,43.64,1008.36
5590,503.01,27.92,27.63,43.62,1008.35
5591,503.10,27.91,27.63,43.60,1008.34
5592,503.19,27.91,27.62,43.59,1008.34
5593,503.28,27.90,27.63,43.59,1008.34
5594,503.37,27.91,27.64,43.59,1008.34
5595,503.46,27.90,27.64,43.60,1008.34
5596,503.55,27.91,27.64,43.59,1008.33
5597,503.64,27.91,27.63,43.60,1008.33
5598,503.73,27.89,27.64,43.57,1008.32
5599,503.82,27.88,27.64,43.56,1008.32
5600,503.91,27.87,27.65,43.56,1008.31
5601,504.00,27.87,27.64,43.55,1008.29
5602,504.09,27.86,27.62,43.59,1008.29
5603,504.18,27.86,27.62,43.60,1008.29
5604,504.27,27.86,27.60,43.61,1008.29
5605,504.36,27.87,27.59,43.64,1008.28
5606,504.45,27.85,27.60,43.66,1008.29
5607,504.54,27.85,27.62,43.67,1008.29
5608,504.63,27.85,27.61,43.66,1008.30
5609,504.72,27.86,27.61,43.63,1008.30
5610,504.81,27.86,27.62,43.63,1008.30
5611,504.90,27.85,27.61,43.63,1008.29
5612,504.99,27.85,27.60,43.65,1008.29
5613,505.08,27.86,27.59,43.64,1008.29
5614,505.17,27.88,27.59,43.60,1008.29
5615,505.26,27.87,27.59,43.60,1008.29
5616,505.35,27.86,27.60,43.58,1008.29
5617,505.44,27.85,27.61,43.62,1008.28
5618,505.53,27.85,27.62,43.63,1008.29
5619,505.62,27.85,27.62,43.63,1008.28
5620,505.71,27.85,27.61,43.63,1008.28
5621,505.80,27.84,27.60,43.62,1008.27
5622,505.89,27.85,27.58,43.61,1008.27
5623,505.98,27.85,27.60,43.57,1008.28
5624,506.07,27.85,27.60,43.55,1008.28
5625,506.16,27.86,27.61,43.54,1008.29
5626,506.25,27.85,27.62,43.52,1008.29
5627,506.34,27.85,27.62,43.51,1008.31
5628,506.43,27.85,27.62,43.49,1008.31
5629,506.52,27.84,27.62,43.49,1008.32
5630,506.61,27.84,27.63,43.48,1008.33
5631,506.70,27.84,27.63,43.48,1008.33
5632,506.79,27.86,27.66,43.46,1008.35
5633,506.88,27.86,27.64,43.44,1008.34
5634,506.97,27.85,27.62,43.45,1008.35
5635,507.06,27.84,27.59,43.44,1008.35
5636,507.15,27.84,27.59,43.47,1008.37
5637,507.24,27.85,27.58,43.46,1008.37
5638,507.33,27.84,27.58,43.48,1008.39
5639,507.42,27.85,27.59,43.50,1008.38
5640,507.51,27.87,27.59,43.47,1008.38
5641,507.60,27.86,27.58,43.47,1008.36
5642,507.69,27.87,27.58,43.50,1008.36
5643,507.78,27.86,27.57,43.54,1008.37
5644,507.87,27.85,27.55,43.53,1008.38
5645,507.96,27.85,27.57,43.51,1008.39
5646,508.05,27.85,27.54,43.50,1008.39
5647,508.14,27.84,27.54,43.50,1008.40
5648,508.23,27.83,27.53,43.47,1008.39
5649,508.32,27.85,27.51,43.48,1008.39
5650,508.41,27.83,27.51,43.48,1008.38
5651,508.50,27.82,27.51,43.48,1008.39
5652,508.59,27.82,27.52,43.46,1008.39
5653,508.68,27.83,27.52,43.45,1008.39
5654,508.77,27.86,27.52,43.47,1008.39
5655,508.86,27.86,27.54,43.46,1008.37
5656,508.95,27.85,27.54,43.48,1008.36
5657,509.04,27.86,27.55,43.49,1008.35
5658,509.13,27.86,27.54,43.48,1008.35
5659,509.22,27.85,27.54,43.49,1008.35
5660,509.31,27.86,27.54,43.48,1008.33
5661,509.40,27.87,27.54,43.51,1008.31
5662,509.49,27.86,27.55,43.47,1008.31
5663,509.58,27.86,27.54,43.48,1008.29
5664,509.67,27.87,27.54,43.52,1008.27
5665,509.76,27.89,27.55,43.48,1008.28
5666,509.85,27.88,27.55,43.48,1008.29
5667,509.94,27.88,27.57,43.48,1008.28
5668,510.03,27.87,27.58,43.46,1008.28
5669,510.12,27.87,27.58,43.49,1008.29
5670,510.21,27.89,27.57,43.50,1008.28
5671,510.30,27.90,27.56,43.48,1008.27
5672,510.39,27.89,27.55,43.47,1008.28
5673,510.48,27.90,27.55,43.50,1008.27
5674,510.57,27.90,27.57,43.49,1008.28
5675,510.66,27.89,27.57,43.49,1008.29
5676,510.75,27.90,27.58,43.46,1008.29
5677,510.84,27.89,27.59,43.49,1008.30
5678,510.93,27.88,27.60,43.50,1008.30
5679,511.02,27.88,27.62,43.52,1008.30
5680,511.11,27.90,27.60,43.50,1008.31
5681,511.20,27.92,27.59,43.53,1008.30
5682,511.29,27.91,27.59,43.51,1008.31
5683,511.38,27.92,27.58,43.52,1008.32
5684,511.47,27.91,27.60,43.53,1008.33
5685,511.56,27.91,27.61,43.51,1008.33
5686,511.65,27.94,27.65,43.52,1008.33
5687,511.74,27.94,27.64,43.54,1008.33
5688,511.83,27.94,27.64,43.52,1008.33
5689,511.92,27.93,27.66,43.54,1008.34
5690,512.01,27.92,27.65,43.51,1008.35
5691,512.10,27.93,27.64,43.50,1008.34
5692,512.19,27.92,27.65,43.48,1008.36
5693,512.28,27.92,27.65,43.48,1008.37
5694,512.37,27.91,27.64,43.49,1008.37
5695,512.46,27.92,27.62,43.48,1008.37
5696,512.55,27.92,27.63,43.49,1008.38
5697,512.64,27.92,27.63,43.51,1008.36
5698,512.73,27.91,27.63,43.52,1008.36
5699,512.82,27.92,27.63,43.52,1008.36
5700,512.91,27.92,27.64,43.52,1008.37
5701,513.00,27.91,27.63,43.51,1008.37
5702,513.09,27.91,27.64,43.51,1008.35
5703,513.18,27.90,27.64,43.52,1008.37
5704,513.27,27.91,27.64,43.49,1008.35
5705,513.36,27.91,27.62,43.51,1008.35
5706,513.45,27.93,27.61,43.45,1008.34
5707,513.54,27.91,27.60,43.46,1008.35
5708,513.63,27.93,27.61,43.44,1008.35
5709,513.72,27.91,27.59,43.44,1008.35
5710,513.81,27.92,27.61,43.44,1008.35
5711,513.90,27.91,27.62,43.44,1008.36
5712,513.99,27.92,27.60,43.45,1008.36
5713,514.08,27.91,27.60,43.43,1008.36
5714,514.17,27.91,27.61,43.39,1008.35
5715,514.26,27.91,27.61,43.39,1008.34
5716,514.35,27.93,27.60,43.39,1008.34
5717,514.44,27.92,27.61,43.37,1008.34
5718,514.53,27.91,27.62,43.40,1008.33
5719,514.62,27.91,27.63,43.44,1008.33
5720,514.71,27.91,27.64,43.38,1008.32
5721,514.80,27.91,27.62,43.37,1008.30
5722,514.89,27.91,27.60,43.35,1008.28
5723,514.98,27.91,27.60,43.30,1008.26
5724,515.07,27.92,27.59,43.31,1008.27
5725,515.16,27.92,27.58,43.32,1008.28
5726,515.25,27.91,27.59,43.34,1008.28
5727,515.34,27.90,27.60,43.34,1008.27
5728,515.43,27.90,27.61,43.34,1008.28
5729,515.52,27.91,27.60,43.32,1008.26
5730,515.61,27.91,27.59,43.35,1008.25
5731,515.70,27.90,27.57,43.36,1008.26
5732,515.79,27.89,27.57,43.37,1008.26
5733,515.88,27.88,27.54,43.38,1008.27
5734,515.97,27.88,27.54,43.36,1008.28
5735,516.06,27.89,27.51,43.31,1008.28
5736,516.15,27.89,27.52,43.31,1008.28
5737,516.24,27.89,27.56,43.27,1008.28
5738,516.33,27.88,27.56,43.25,1008.27
5739,516.42,27.87,27.54,43.27,1008.27
5740,516.51,27.88,27.54,43.24,1008.28
5741,516.60,27.87,27.53,43.25,1008.27
5742,516.69,27.87,27.53,43.28,1008.27
5743,516.78,27.87,27.54,43.27,1008.29
5744,516.87,27.87,27.53,43.28,1008.28
5745,516.96,27.86,27.53,43.26,1008.29
5746,517.05,27.84,27.53,43.24,1008.30
5747,517.14,27.85,27.52,43.23,1008.30
5748,517.23,27.85,27.52,43.22,1008.31
5749,517.32,27.85,27.55,43.19,1008.32
5750,517.41,27.86,27.55,43.20,1008.32
5751,517.50,27.87,27.55,43.24,1008.32
5752,517.59,27.86,27.56,43.29,1008.33
5753,517.68,27.87,27.56,43.26,1008.35
5754,517.77,27.87,27.56,43.26,1008.36
5755,517.86,27.85,27.59,43.28,1008.37
5756,517.95,27.86,27.58,43.30,1008.38
5757,518.04,27.85,27.60,43.31,1008.38
5758,518.13,27.87,27.61,43.32,1008.37
5759,518.22,27.87,27.59,43.29,1008.36
5760,518.31,27.85,27.60,43.30,1008.36
5761,518.40,27.84,27.60,43.32,1008.36
5762,518.49,27.87,27.59,43.31,1008.34
5763,518.58,27.87,27.60,43.28,1008.33
5764,518.67,27.86,27.62,43.29,1008.33
5765,518.76,27.85,27.64,43.28,1008.32
5766,518.85,27.84,27.63,43.30,1008.33
5767,518.94,27.83,27.63,43.28,1008.34
5768,519.03,27.84,27.63,43.26,1008.34
5769,519.12,27.83,27.61,43.24,1008.33
5770,519.21,27.85,27.62,43.26,1008.32
5771,519.30,27.86,27.61,43.22,1008.32
5772,519.39,27.85,27.63,43.21,1008.32
5773,519.48,27.85,27.62,43.22,1008.32
5774,519.57,27.86,27.61,43.23,1008.33
5775,519.66,27.86,27.62,43.22,1008.33
5776,519.75,27.85,27.61,43.23,1008.33
5777,519.84,27.86,27.59,43.25,1008.33
5778,519.93,27.85,27.59,43.30,1008.32
5779,520.02,27.85,27.60,43.30,1008.33
5780,520.11,27.86,27.60,43.29,1008.32
5781,520.20,27.87,27.60,43.29,1008.31
5782,520.29,27.86,27.60,43.30,1008.31
5783,520.38,27.86,27.62,43.25,1008.30
5784,520.47,27.84,27.61,43.24,1008.29
5785,520.56,27.86,27.62,43.25,1008.30
5786,520.65,27.84,27.63,43.23,1008.28
5787,520.74,27.83,27.63,43.21,1008.26
5788,520.83,27.83,27.64,43.21,1008.27
5789,520.92,27.83,27.62,43.24,1008.28
5790,521.01,27.84,27.63,43.25,1008.29
5791,521.10,27.82,27.64,43.20,1008.29
5792,521.19,27.85,27.65,43.20,1008.29
5793,521.28,27.85,27.67,43.20,1008.29
5794,521.37,27.85,27.67,43.20,1008.28
5795,521.46,27.85,27.67,43.19,1008.28
5796,521.55,27.85,27.68,43.21,1008.27
5797,521.64,27.86,27.67,43.22,1008.29
5798,521.73,27.85,27.68,43.24,1008.29
5799,521.82,27.87,27.67,43.21,1008.29
5800,521.91,27.87,27.67,43.20,1008.30
5801,522.00,27.87,27.66,43.18,1008.32
5802,522.09,27.87,27.64,43.21,1008.33
5803,522.18,27.88,27.66,43.22,1008.33
5804,522.27,27.87,27.67,43.22,1008.33
5805,522.36,27.87,27.66,43.19,1008.33
5806,522.45,27.86,27.68,43.22,1008.33
5807,522.54,27.86,27.67,43.25,1008.34
5808,522.63,27.85,27.68,43.21,1008.34
5809,522.72,27.86,27.67,43.21,1008.35
5810,522.81,27.85,27.66,43.19,1008.35
5811,522.90,27.85,27.66,43.18,1008.36
5812,522.99,27.85,27.66,43.15,1008.36
5813,523.08,27.87,27.63,43.15,1008.36
5814,523.17,27.87,27.63,43.15,1008.36
5815,523.26,27.88,27.62,43.13,1008.37
5816,523.35,27.89,27.63,43.11,1008.37
5817,523.44,27.89,27.62,43.12,1008.39
5818,523.53,27.89,27.62,43.10,1008.40
5819,523.62,27.90,27.61,43.07,1008.39
5820,523.71,27.89,27.60,43.06,1008.39
5821,523.80,27.90,27.60,43.08,1008.40
5822,523.89,27.90,27.60,43.10,1008.39
5823,523.98,27.90,27.61,43.10,1008.39
5824,524.07,27.88,27.61,43.13,1008.39
5825,524.16,27.89,27.61,43.10,1008.39
5826,524.25,27.89,27.63,43.12,1008.38
5827,524.34,27.88,27.61,43.12,1008.37
5828,524.43,27.87,27.61,43.14,1008.38
5829,524.52,27.87,27.62,43.12,1008.37
5830,524.61,27.87,27.63,43.08,1008.37
5831,524.70,27.87,27.61,43.10,1008.38
5832,524.79,27.88,27.60,43.09,1008.37
5833,524.88,27.88,27.60,43.08,1008.36
5834,524.97,27.87,27.58,43.11,1008.35
5835,525.06,27.87,27.58,43.16,1008.34
5836,525.15,27.87,27.56,43.15,1008.34
5837,525.24,27.86,27.56,43.17,1008.33
5838,525.33,27.84,27.57,43.17,1008.31
5839,525.42,27.84,27.57,43.17,1008.32
5840,525.51,27.81,27.56,43.17,1008.31
5841,525.60,27.82,27.58,43.17,1008.32
5842,525.69,27.81,27.56,43.19,1008.31
5843,525.78,27.82,27.55,43.20,1008.29
5844,525.87,27.81,27.55,43.20,1008.30
5845,525.96,27.82,27.54,43.19,1008.29
5846,526.05,27.81,27.53,43.15,1008.28
5847,526.14,27.81,27.54,43.15,1008.27
5848,526.23,27.78,27.55,43.17,1008.27
5849,526.32,27.79,27.55,43.20,1008.26
5850,526.41,27.78,27.56,43.14,1008.26
5851,526.50,27.79,27.57,43.16,1008.27
5852,526.59,27.79,27.56,43.17,1008.27
5853,526.68,27.80,27.54,43.18,1008.29
5854,526.77,27.80,27.54,43.19,1008.28
5855,526.86,27.79,27.55,43.17,1008.29
5856,526.95,27.78,27.54,43.17,1008.28
5857,527.04,27.78,27.53,43.17,1008.28
5858,527.13,27.78,27.53,43.19,1008.30
5859,527.22,27.76,27.53,43.18,1008.30
5860,527.31,27.76,27.55,43.14,1008.30
5861,527.40,27.76,27.55,43.17,1008.31
5862,527.49,27.74,27.55,43.17,1008.33
5863,527.58,27.74,27.54,43.19,1008.34
5864,527.67,27.74,27.53,43.17,1008.34
5865,527.76,27.72,27.52,43.19,1008.34
5866,527.85,27.70,27.54,43.21,1008.34
5867,527.94,27.70,27.53,43.20,1008.35
5868,528.03,27.70,27.54,43.21,1008.36
5869,528.12,27.69,27.54,43.19,1008.38
5870,528.21,27.69,27.54,43.18,1008.38
5871,528.30,27.70,27.55,43.18,1008.37
5872,528.39,27.70,27.55,43.18,1008.38
5873,528.48,27.71,27.54,43.17,1008.38
5874,528.57,27.72,27.53,43.18,1008.39
5875,528.66,27.72,27.51,43.17,1008.39
5876,528.75,27.74,27.53,43.21,1008.39
5877,528.84,27.75,27.55,43.21,1008.38
5878,528.93,27.76,27.56,43.20,1008.37
5879,529.02,27.77,27.57,43.21,1008.36
5880,529.11,27.77,27.56,43.20,1008.38
5881,529.20,27.78,27.55,43.21,1008.38
5882,529.29,27.79,27.57,43.21,1008.37
5883,529.38,27.79,27.57,43.21,1008.37
5884,529.47,27.78,27.59,43.24,1008.36
5885,529.56,27.78,27.58,43.25,1008.36
5886,529.65,27.77,27.59,43.23,1008.37
5887,529.74,27.77,27.59,43.21,1008.36
5888,529.83,27.77,27.58,43.22,1008.36
5889,529.92,27.78,27.59,43.24,1008.36
5890,530.01,27.80,27.58,43.24,1008.36
5891,530.10,27.81,27.59,43.21,1008.35
5892,530.19,27.82,27.59,43.23,1008.34
5893,530.28,27.82,27.59,43.20,1008.34
5894,530.37,27.84,27.60,43.19,1008.34
5895,530.46,27.83,27.62,43.20,1008.34
5896,530.55,27.84,27.61,43.19,1008.33
5897,530.64,27.83,27.62,43.21,1008.32
5898,530.73,27.84,27.61,43.21,1008.31
5899,530.82,27.84,27.63,43.21,1008.31
5900,530.91,27.85,27.63,43.19,1008.30
5901,531.00,27.85,27.64,43.18,1008.30
5902,531.09,27.85,27.65,43.17,1008.31
5903,531.18,27.86,27.65,43.19,1008.30
5904,531.27,27.87,27.66,43.17,1008.32
5905,531.36,27.88,27.65,43.18,1008.32
5906,531.45,27.87,27.66,43.17,1008.33
5907,531.54,27.87,27.67,43.19,1008.32
5908,531.63,27.87,27.70,43.19,1008.32
5909,531.72,27.87,27.70,43.16,1008.32
5910,531.81,27.88,27.70,43.16,1008.32
5911,531.90,27.87,27.70,43.14,1008.31
5912,531.99,27.88,27.69,43.14,1008.31
5913,532.08,27.89,27.68,43.14,1008.31
5914,532.17,27.91,27.70,43.13,1008.32
5915,532.26,27.90,27.69,43.13,1008.32
5916,532.35,27.92,27.68,43.16,1008.33
5917,532.44,27.91,27.67,43.12,1008.33
5918,532.53,27.92,27.67,43.13,1008.32
5919,532.62,27.92,27.67,43.13,1008.34
5920,532.71,27.94,27.66,43.12,1008.36
5921,532.80,27.93,27.68,43.09,1008.36
5922,532.89,27.93,27.65,43.15,1008.37
5923,532.98,27.94,27.62,43.15,1008.37
5924,533.07,27.93,27.62,43.16,1008.37
5925,533.16,27.94,27.62,43.19,1008.37
5926,533.25,27.93,27.63,43.19,1008.38
5927,533.34,27.92,27.62,43.19,1008.38
5928,533.43,27.91,27.61,43.17,1008.37
5929,533.52,27.93,27.59,43.18,1008.37
5930,533.61,27.93,27.57,43.20,1008.37
5931,533.70,27.94,27.58,43.20,1008.36
5932,533.79,27.93,27.57,43.21,1008.36
5933,533.88,27.93,27.60,43.23,1008.36
5934,533.97,27.94,27.59,43.24,1008.35
5935,534.06,27.94,27.58,43.23,1008.36
5936,534.15,27.95,27.59,43.25,1008.37
5937,534.24,27.94,27.59,43.27,1008.37
5938,534.33,27.94,27.61,43.27,1008.38
5939,534.42,27.93,27.61,43.26,1008.36
5940,534.51,27.93,27.63,43.28,1008.36
5941,534.60,27.94,27.63,43.30,1008.36
5942,534.69,27.93,27.62,43.26,1008.37
5943,534.78,27.93,27.62,43.25,1008.39
5944,534.87,27.92,27.63,43.25,1008.38
5945,534.96,27.92,27.61,43.24,1008.37
5946,535.05,27.92,27.62,43.22,1008.36
5947,535.14,27.90,27.60,43.24,1008.36
5948,535.23,27.90,27.61,43.20,1008.36
5949,535.32,27.91,27.61,43.20,1008.35
5950,535.41,27.90,27.61,43.18,1008.34
5951,535.50,27.89,27.61,43.18,1008.33
5952,535.59,27.88,27.62,43.20,1008.32
5953,535.68,27.88,27.62,43.18,1008.30
5954,535.77,27.89,27.62,43.20,1008.30
5955,535.86,27.89,27.62,43.20,1008.31
5956,535.95,27.87,27.61,43.21,1008.30
5957,536.04,27.89,27.62,43.19,1008.30
5958,536.13,27.88,27.61,43.19,1008.30
5959,536.22,27.89,27.60,43.17,1008.29
5960,536.31,27.88,27.59,43.17,1008.29
5961,536.40,27.87,27.60,43.18,1008.29
5962,536.49,27.86,27.61,43.17,1008.28
5963,536.58,27.89,27.60,43.13,1008.28
5964,536.67,27.88,27.56,43.13,1008.27
5965,536.76,27.89,27.56,43.11,1008.29
5966,536.85,27.87,27.58,43.11,1008.28
5967,536.94,27.88,27.59,43.11,1008.27
5968,537.03,27.88,27.58,43.09,1008.28
5969,537.12,27.88,27.57,43.09,1008.27
5970,537.21,27.88,27.56,43.08,1008.27
5971,537.30,27.88,27.57,43.08,1008.28
5972,537.39,27.88,27.57,43.10,1008.30
5973,537.48,27.87,27.55,43.08,1008.30
5974,537.57,27.86,27.56,43.08,1008.29
5975,537.66,27.87,27.55,43.10,1008.31
5976,537.75,27.87,27.53,43.10,1008.30
5977,537.84,27.88,27.54,43.13,1008.31
5978,537.93,27.87,27.55,43.15,1008.31
5979,538.02,27.86,27.56,43.12,1008.31
5980,538.11,27.86,27.78,43.11,1008.32
5981,538.20,27.88,27.69,43.18,1008.33
5982,538.29,27.88,27.57,43.15,1008.31
5983,538.38,27.89,27.58,43.14,1008.31
5984,538.47,27.90,27.57,43.15,1008.32
5985,538.56,27.89,27.60,43.14,1008.33
5986,538.65,27.88,27.59,43.15,1008.35
5987,538.74,27.87,27.59,43.15,1008.34
5988,538.83,27.88,27.61,43.16,1008.35
5989,538.92,27.89,27.62,43.17,1008.36
5990,539.01,27.89,27.62,43.16,1008.35
5991,539.10,27.88,27.61,43.13,1008.34
5992,539.19,27.88,27.63,43.15,1008.35
5993,539.28,27.86,27.64,43.16,1008.36
5994,539.37,27.87,27.65,43.16,1008.36
5995,539.46,27.86,27.65,43.15,1008.37
5996,539.55,27.82,27.64,43.15,1008.38
5997,539.64,27.82,27.65,43.15,1008.37
5998,539.73,27.82,27.64,43.16,1008.37
5999,539.82,27.84,27.65,43.17,1008.37
6000,539.91,27.85,27.66,43.20,1008.37
6001,540.00,27.83,27.67,43.24,1008.37
6002,540.09,27.83,27.69,43.24,1008.36
6003,540.18,27.83,27.70,43.21,1008.36
6004,540.27,27.83,27.69,43.19,1008.36
6005,540.36,27.84,27.69,43.16,1008.35
6006,540.45,27.85,27.70,43.13,1008.35
6007,540.54,27.85,27.71,43.11,1008.36
6008,540.63,27.87,27.72,43.11,1008.36
6009,540.72,27.85,27.70,43.11,1008.36
6010,540.81,27.86,27.71,43.10,1008.34
6011,540.90,27.86,27.69,43.07,1008.35
6012,540.99,27.87,27.68,43.10,1008.34
6013,541.08,27.87,27.68,43.14,1008.34
6014,541.17,27.86,27.68,43.12,1008.32
6015,541.26,27.87,27.70,43.12,1008.33
6016,541.35,27.87,27.68,43.12,1008.32
6017,541.44,27.87,27.68,43.10,1008.30
6018,541.53,27.86,27.69,43.11,1008.30
6019,541.62,27.87,27.69,43.15,1008.29
6020,541.71,27.88,27.69,43.14,1008.28
6021,541.80,27.88,27.70,43.17,1008.28
6022,541.89,27.88,27.68,43.18,1008.29
6023,541.98,27.89,27.68,43.19,1008.27
6024,542.07,27.89,27.66,43.19,1008.27
6025,542.16,27.88,27.68,43.19,1008.27
6026,542.25,27.88,27.68,43.22,1008.27
6027,542.34,27.90,27.67,43.22,1008.25
6028,542.43,27.90,27.67,43.19,1008.25
6029,542.52,27.90,27.65,43.18,1008.24
6030,542.61,27.89,27.65,43.19,1008.25
6031,542.70,27.90,27.64,43.20,1008.24
6032,542.79,27.91,27.63,43.24,1008.23
6033,542.88,27.91,27.63,43.24,1008.23
6034,542.97,27.93,27.63,43.26,1008.23
6035,543.06,27.94,27.63,43.26,1008.23
6036,543.15,27.92,27.62,43.30,1008.23
6037,543.24,27.93,27.64,43.31,1008.24
6038,543.33,27.92,27.65,43.30,1008.26
6039,543.42,27.92,27.64,43.34,1008.27
6040,543.51,27.94,27.64,43.34,1008.27
6041,543.60,27.93,27.64,43.35,1008.28
6042,543.69,27.94,27.62,43.35,1008.28
6043,543.78,27.94,27.61,43.34,1008.28
6044,543.87,27.93,27.60,43.34,1008.28
6045,543.96,27.93,27.61,43.34,1008.29
6046,544.05,27.91,27.63,43.35,1008.29
6047,544.14,27.92,27.61,43.36,1008.31
6048,544.23,27.95,27.60,43.34,1008.31
6049,544.32,27.94,27.59,43.35,1008.31
6050,544.41,27.95,27.60,43.33,1008.31
6051,544.50,27.94,27.59,43.32,1008.33
6052,544.59,27.92,27.58,43.32,1008.32
6053,544.68,27.92,27.57,43.33,1008.33
6054,544.77,27.92,27.59,43.35,1008.34
6055,544.86,27.93,27.58,43.33,1008.33
6056,544.95,27.93,27.55,43.34,1008.34
6057,545.04,27.93,27.59,43.33,1008.34
6058,545.13,27.93,27.56,43.33,1008.34
6059,545.22,27.92,27.58,43.33,1008.35
6060,545.31,27.91,27.57,43.31,1008.34
6061,545.40,27.91,27.56,43.32,1008.33
6062,545.49,27.91,27.57,43.35,1008.32
6063,545.58,27.90,27.54,43.35,1008.33
6064,545.67,27.90,27.56,43.36,1008.33
6065,545.76,27.91,27.57,43.32,1008.33
6066,545.85,27.92,27.55,43.32,1008.33
6067,545.94,27.92,27.55,43.30,1008.31
6068,546.03,27.91,27.55,43.28,1008.30
6069,546.12,27.90,27.56,43.29,1008.31
6070,546.21,27.92,27.59,43.26,1008.31
6071,546.30,27.92,27.61,43.29,1008.31
6072,546.39,27.92,27.59,43.30,1008.30
6073,546.48,27.92,27.59,43.33,1008.29
6074,546.57,27.91,27.58,43.34,1008.27
6075,546.66,27.90,27.56,43.34,1008.26
6076,546.75,27.90,27.58,43.34,1008.27
6077,546.84,27.89,27.58,43.34,1008.25
6078,546.93,27.88,27.60,43.31,1008.23
6079,547.02,27.88,27.62,43.31,1008.24
6080,547.11,27.86,27.61,43.30,1008.23
6081,547.20,27.86,27.61,43.33,1008.23
6082,547.29,27.86,27.59,43.30,1008.25
6083,547.38,27.87,27.60,43.32,1008.26
6084,547.47,27.86,27.60,43.32,1008.27
6085,547.56,27.86,27.60,43.33,1008.27
6086,547.65,27.87,27.62,43.32,1008.26
6087,547.74,27.88,27.62,43.32,1008.25
6088,547.83,27.87,27.61,43.29,1008.26
6089,547.92,27.87,27.61,43.27,1008.26
6090,548.01,27.87,27.63,43.26,1008.26
6091,548.10,27.85,27.62,43.27,1008.26
6092,548.19,27.85,27.62,43.24,1008.26
6093,548.28,27.85,27.62,43.26,1008.28
6094,548.37,27.86,27.63,43.25,1008.29
6095,548.46,27.86,27.63,43.26,1008.29
6096,548.55,27.86,27.65,43.26,1008.29
6097,548.64,27.86,27.67,43.27,1008.29
6098,548.73,27.87,27.68,43.27,1008.29
6099,548.82,27.87,27.67,43.23,1008.31
6100,548.91,27.85,27.66,43.23,1008.33
6101,549.00,27.85,27.68,43.18,1008.33
6102,549.09,27.84,27.66,43.15,1008.33
6103,549.18,27.84,27.66,43.16,1008.32
6104,549.27,27.83,27.67,43.19,1008.33
6105,549.36,27.84,27.69,43.17,1008.34
6106,549.45,27.83,27.68,43.16,1008.35
6107,549.54,27.84,27.69,43.17,1008.35
6108,549.63,27.84,27.70,43.24,1008.35
6109,549.72,27.85,27.69,43.25,1008.35
6110,549.81,27.84,27.68,43.24,1008.36
6111,549.90,27.84,27.68,43.25,1008.37
6112,549.99,27.83,27.67,43.25,1008.37
6113,550.08,27.83,27.66,43.27,1008.37
6114,550.17,27.83,27.66,43.28,1008.37
6115,550.26,27.84,27.67,43.27,1008.37
6116,550.35,27.85,27.68,43.24,1008.36
6117,550.44,27.86,27.68,43.27,1008.36
6118,550.53,27.86,27.69,43.26,1008.35
6119,550.62,27.84,27.69,43.27,1008.36
6120,550.71,27.84,27.69,43.28,1008.38
6121,550.80,27.84,27.69,43.28,1008.39
6122,550.89,27.83,27.69,43.27,1008.38
6123,550.98,27.85,27.69,43.28,1008.39
6124,551.07,27.85,27.68,43.29,1008.38
6125,551.16,27.84,27.67,43.29,1008.37
6126,551.25,27.85,27.67,43.28,1008.36
6127,551.34,27.85,27.68,43.27,1008.34
6128,551.43,27.86,27.68,43.25,1008.33
6129,551.52,27.86,27.68,43.28,1008.33
6130,551.61,27.85,27.68,43.31,1008.31
6131,551.70,27.85,27.68,43.29,1008.32
6132,551.79,27.85,27.67,43.29,1008.34
6133,551.88,27.84,27.66,43.33,1008.32
6134,551.97,27.84,27.65,43.34,1008.31
6135,552.06,27.85,27.65,43.34,1008.31
6136,552.15,27.86,27.62,43.35,1008.28
6137,552.24,27.87,27.62,43.34,1008.27
6138,552.33,27.86,27.61,43.33,1008.28
6139,552.42,27.85,27.61,43.33,1008.28
6140,552.51,27.85,27.63,43.34,1008.29
6141,552.60,27.86,27.62,43.37,1008.29
6142,552.69,27.86,27.62,43.37,1008.30
6143,552.78,27.85,27.61,43.36,1008.31
6144,552.87,27.86,27.62,43.37,1008.31
6145,552.96,27.87,27.60,43.38,1008.33
6146,553.05,27.87,27.63,43.39,1008.33
6147,553.14,27.90,27.61,43.42,1008.31
6148,553.23,27.89,27.58,43.42,1008.32
6149,553.32,27.89,27.59,43.43,1008.32
6150,553.41,27.88,27.57,43.47,1008.33
6151,553.50,27.89,27.56,43.46,1008.33
6152,553.59,27.89,27.56,43.43,1008.34
6153,553.68,27.90,27.54,43.40,1008.34
6154,553.77,27.91,27.55,43.41,1008.33
6155,553.86,27.90,27.55,43.42,1008.34
6156,553.95,27.92,27.54,43.43,1008.35
6157,554.04,27.92,27.55,43.40,1008.35
6158,554.13,27.93,27.55,43.41,1008.37
6159,554.22,27.94,27.55,43.42,1008.36
6160,554.31,27.94,27.54,43.44,1008.36
6161,554.40,27.95,27.54,43.43,1008.36
6162,554.49,27.96,27.53,43.46,1008.35
6163,554.58,27.97,27.51,43.43,1008.36
6164,554.67,27.95,27.49,43.41,1008.36
6165,554.76,27.94,27.52,43.42,1008.36
6166,554.85,27.92,27.51,43.42,1008.38
6167,554.94,27.91,27.51,43.42,1008.38
6168,555.03,27.92,27.48,43.43,1008.38
6169,555.12,27.91,27.48,43.43,1008.38
6170,555.21,27.91,27.47,43.41,1008.40
6171,555.30,27.90,27.45,43.43,1008.40
6172,555.39,27.90,27.44,43.43,1008.40
6173,555.48,27.91,27.44,43.43,1008.40
6174,555.57,27.90,27.44,43.45,1008.39
6175,555.66,27.92,27.44,43.47,1008.39
6176,555.75,27.92,27.42,43.49,1008.39
6177,555.84,27.92,27.43,43.48,1008.41
6178,555.93,27.91,27.43,43.45,1008.39
6179,556.02,27.91,27.44,43.43,1008.39
6180,556.11,27.91,27.44,43.42,1008.39
6181,556.20,27.91,27.43,43.38,1008.39
6182,556.29,27.91,27.43,43.41,1008.39
6183,556.38,27.92,27.44,43.41,1008.38
6184,556.47,27.91,27.43,43.42,1008.37
6185,556.56,27.90,27.44,43.40,1008.37
6186,556.65,27.90,27.43,43.41,1008.36
6187,556.74,27.90,27.46,43.39,1008.35
6188,556.83,27.89,27.47,43.44,1008.36
6189,556.92,27.88,27.49,43.44,1008.36
6190,557.01,27.88,27.49,43.44,1008.34
6191,557.10,27.89,27.49,43.42,1008.33
6192,557.19,27.88,27.48,43.42,1008.32
6193,557.28,27.87,27.50,43.42,1008.31
6194,557.37,27.87,27.51,43.40,1008.30
6195,557.46,27.88,27.53,43.40,1008.30
6196,557.55,27.88,27.55,43.40,1008.29
6197,557.64,27.89,27.56,43.39,1008.28
6198,557.73,27.89,27.56,43.39,1008.27
6199,557.82,27.90,27.59,43.39,1008.28
6200,557.91,27.90,27.60,43.42,1008.28
6201,558.00,27.91,27.60,43.45,1008.27
6202,558.09,27.91,27.60,43.45,1008.27
6203,558.18,27.89,27.61,43.48,1008.28
6204,558.27,27.87,27.63,43.49,1008.29
6205,558.36,27.86,27.63,43.51,1008.29
6206,558.45,27.86,27.63,43.53,1008.28
6207,558.54,27.86,27.64,43.56,1008.27
6208,558.63,27.86,27.64,43.54,1008.28
6209,558.72,27.87,27.63,43.54,1008.28
6210,558.81,27.87,27.64,43.51,1008.27
6211,558.90,27.88,27.61,43.51,1008.29
6212,558.99,27.87,27.63,43.52,1008.29
6213,559.08,27.87,27.63,43.53,1008.30
6214,559.17,27.86,27.62,43.52,1008.30
6215,559.26,27.85,27.62,43.50,1008.30
6216,559.35,27.86,27.63,43.51,1008.30
6217,559.44,27.87,27.64,43.50,1008.33
6218,559.53,27.87,27.65,43.53,1008.34
6219,559.62,27.89,27.65,43.52,1008.35
6220,559.71,27.89,27.66,43.52,1008.35
6221,559.80,27.90,27.67,43.55,1008.35
6222,559.89,27.88,27.68,43.54,1008.36
6223,559.98,27.88,27.67,43.52,1008.37
6224,560.07,27.90,27.68,43.52,1008.38
6225,560.16,27.90,27.68,43.53,1008.37
6226,560.25,27.88,27.68,43.54,1008.37
6227,560.34,27.87,27.69,43.52,1008.37
6228,560.43,27.86,27.69,43.52,1008.38
6229,560.52,27.86,27.69,43.52,1008.39
6230,560.61,27.86,27.66,43.54,1008.39
6231,560.70,27.85,27.66,43.57,1008.40
6232,560.79,27.85,27.68,43.58,1008.40
6233,560.88,27.86,27.69,43.58,1008.40
6234,560.97,27.85,27.71,43.59,1008.39
6235,561.06,27.86,27.70,43.57,1008.39
6236,561.15,27.85,27.70,43.57,1008.40
6237,561.24,27.86,27.69,43.58,1008.40
6238,561.33,27.86,27.70,43.53,1008.39
6239,561.42,27.86,27.72,43.55,1008.40
6240,561.51,27.88,27.70,43.54,1008.40
6241,561.60,27.86,27.68,43.52,1008.38
6242,561.69,27.87,27.67,43.55,1008.38
6243,561.78,27.87,27.67,43.54,1008.38
6244,561.87,27.86,27.66,43.53,1008.36
6245,561.96,27.86,27.66,43.53,1008.35
6246,562.05,27.86,27.64,43.51,1008.35
6247,562.14,27.86,27.63,43.53,1008.34
6248,562.23,27.86,27.60,43.53,1008.32
6249,562.32,27.85,27.60,43.55,1008.32
6250,562.41,27.85,27.60,43.58,1008.32
6251,562.50,27.86,27.59,43.56,1008.32
6252,562.59,27.86,27.59,43.59,1008.30
6253,562.68,27.87,27.60,43.58,1008.31
6254,562.77,27.88,27.59,43.60,1008.29
6255,562.86,27.86,27.61,43.61,1008.28
6256,562.95,27.87,27.62,43.61,1008.28
6257,563.04,27.88,27.61,43.61,1008.28
6258,563.13,27.87,27.61,43.56,1008.28
6259,563.22,27.88,27.59,43.56,1008.27
6260,563.31,27.90,27.59,43.57,1008.26
6261,563.40,27.90,27.57,43.57,1008.27
6262,563.49,27.91,27.56,43.58,1008.26
6263,563.58,27.91,27.55,43.60,1008.26
6264,563.67,27.89,27.54,43.58,1008.26
6265,563.76,27.89,27.54,43.59,1008.26
6266,563.85,27.89,27.55,43.60,1008.25
6267,563.94,27.90,27.52,43.61,1008.26
6268,564.03,27.90,27.52,43.62,1008.25
6269,564.12,27.91,27.52,43.63,1008.26
6270,564.21,27.91,27.51,43.62,1008.28
6271,564.30,27.90,27.52,43.60,1008.30
6272,564.39,27.89,27.54,43.60,1008.30
6273,564.48,27.90,27.54,43.60,1008.30
6274,564.57,27.90,27.53,43.57,1008.30
6275,564.66,27.91,27.52,43.57,1008.29
6276,564.75,27.91,27.51,43.56,1008.29
6277,564.84,27.91,27.50,43.59,1008.30
6278,564.93,27.90,27.52,43.60,1008.30
6279,565.02,27.92,27.53,43.63,1008.31
6280,565.11,27.91,27.53,43.63,1008.31
6281,565.20,27.92,27.54,43.62,1008.30
6282,565.29,27.94,27.55,43.62,1008.31
6283,565.38,27.93,27.55,43.62,1008.31
6284,565.47,27.93,27.56,43.61,1008.31
6285,565.56,27.95,27.59,43.60,1008.32
6286,565.65,27.96,27.59,43.61,1008.32
6287,565.74,27.96,27.60,43.63,1008.32
6288,565.83,27.96,27.62,43.65,1008.33
6289,565.92,27.94,27.62,43.63,1008.34
6290,566.01,27.93,27.58,43.62,1008.32
6291,566.10,27.94,27.59,43.63,1008.33
6292,566.19,27.94,27.59,43.60,1008.34
6293,566.28,27.94,27.60,43.59,1008.34
6294,566.37,27.93,27.58,43.57,1008.35
6295,566.46,27.95,27.59,43.59,1008.35
6296,566.55,27.95,27.59,43.57,1008.35
6297,566.64,27.94,27.60,43.61,1008.34
6298,566.73,27.96,27.59,43.58,1008.34
6299,566.82,27.97,27.58,43.61,1008.34
6300,566.91,27.97,27.60,43.61,1008.34
6301,567.00,27.98,27.61,43.59,1008.34
6302,567.09,27.98,27.61,43.56,1008.33
6303,567.18,27.97,27.61,43.55,1008.34
6304,567.27,27.96,27.60,43.55,1008.34
6305,567.36,27.97,27.61,43.53,1008.35
6306,567.45,27.96,27.60,43.52,1008.33
6307,567.54,27.97,27.61,43.50,1008.33
6308,567.63,27.95,27.60,43.51,1008.31
6309,567.72,27.94,27.60,43.52,1008.31
6310,567.81,27.93,27.60,43.55,1008.30
6311,567.90,27.92,27.60,43.59,1008.28
6312,567.99,27.92,27.59,43.55,1008.28
6313,568.08,27.91,27.60,43.54,1008.26
6314,568.17,27.93,27.61,43.53,1008.26
6315,568.26,27.92,27.63,43.52,1008.26
6316,568.35,27.93,27.66,43.53,1008.25
6317,568.44,27.93,27.67,43.53,1008.25
6318,568.53,27.93,27.66,43.53,1008.24
6319,568.62,27.92,27.67,43.54,1008.23
6320,568.71,27.91,27.66,43.54,1008.23
6321,568.80,27.90,27.65,43.56,1008.22
6322,568.89,27.89,27.65,43.56,1008.23
6323,568.98,27.91,27.66,43.57,1008.24
6324,569.07,27.92,27.65,43.57,1008.24
6325,569.16,27.91,27.64,43.58,1008.25
6326,569.25,27.90,27.64,43.59,1008.25
6327,569.34,27.91,27.63,43.60,1008.25
6328,569.43,27.89,27.64,43.61,1008.26
6329,569.52,27.90,27.64,43.59,1008.26
6330,569.61,27.90,27.65,43.62,1008.27
6331,569.70,27.89,27.66,43.59,1008.28
6332,569.79,27.88,27.67,43.59,1008.28
6333,569.88,27.87,27.68,43.56,1008.28
6334,569.97,27.88,27.66,43.55,1008.29
6335,570.06,27.87,27.65,43.56,1008.28
6336,570.15,27.87,27.66,43.54,1008.28
6337,570.24,27.87,27.68,43.56,1008.29
6338,570.33,27.86,27.67,43.57,1008.30
6339,570.42,27.87,27.66,43.56,1008.31
6340,570.51,27.86,27.67,43.54,1008.31
6341,570.60,27.84,27.64,43.53,1008.32
6342,570.69,27.84,27.65,43.51,1008.33
6343,570.78,27.83,27.66,43.50,1008.33
6344,570.87,27.83,27.66,43.52,1008.34
6345,570.96,27.82,27.66,43.50,1008.34
6346,571.05,27.82,27.67,43.48,1008.34
6347,571.14,27.82,27.66,43.52,1008.33
6348,571.23,27.81,27.65,43.53,1008.33
6349,571.32,27.83,27.65,43.54,1008.33
6350,571.41,27.83,27.65,43.53,1008.34
6351,571.50,27.84,27.64,43.53,1008.35
6352,571.59,27.85,27.62,43.50,1008.36
6353,571.68,27.86,27.61,43.48,1008.36
6354,571.77,27.85,27.61,43.44,1008.35
6355,571.86,27.84,27.62,43.41,1008.35
6356,571.95,27.83,27.61,43.40,1008.35
6357,572.04,27.82,27.60,43.40,1008.35
6358,572.13,27.82,27.60,43.38,1008.35
6359,572.22,27.82,27.61,43.40,1008.35
6360,572.31,27.83,27.61,43.43,1008.35
6361,572.40,27.83,27.62,43.39,1008.34
6362,572.49,27.83,27.61,43.37,1008.35
6363,572.58,27.86,27.60,43.36,1008.34
6364,572.67,27.87,27.58,43.34,1008.34
6365,572.76,27.86,27.59,43.31,1008.35
6366,572.85,27.89,27.59,43.30,1008.34
6367,572.94,27.89,27.59,43.31,1008.33
6368,573.03,27.88,27.57,43.30,1008.32
6369,573.12,27.89,27.59,43.27,1008.31
6370,573.21,27.88,27.58,43.29,1008.31
6371,573.30,27.87,27.61,43.31,1008.30
6372,573.39,27.88,27.60,43.30,1008.28
6373,573.48,27.88,27.59,43.32,1008.28
6374,573.57,27.86,27.57,43.32,1008.27
6375,573.66,27.87,27.57,43.31,1008.28
6376,573.75,27.86,27.56,43.33,1008.28
6377,573.84,27.89,27.56,43.34,1008.28
6378,573.93,27.90,27.58,43.34,1008.29
6379,574.02,27.90,27.59,43.29,1008.30
6380,574.11,27.91,27.59,43.30,1008.30
6381,574.20,27.92,27.58,43.28,1008.31
6382,574.29,27.91,27.57,43.27,1008.31
6383,574.38,27.92,27.55,43.30,1008.30
6384,574.47,27.91,27.57,43.32,1008.29
6385,574.56,27.89,27.58,43.32,1008.30
6386,574.65,27.91,27.58,43.31,1008.29
6387,574.74,27.91,27.57,43.34,1008.30
6388,574.83,27.90,27.56,43.31,1008.31
6389,574.92,27.89,27.56,43.30,1008.30
6390,575.01,27.90,27.56,43.29,1008.30
6391,575.10,27.90,27.58,43.29,1008.30
6392,575.19,27.91,27.57,43.28,1008.31
6393,575.28,27.91,27.56,43.26,1008.33
6394,575.37,27.92,27.56,43.26,1008.33
6395,575.46,27.92,27.53,43.26,1008.34
6396,575.55,27.92,27.54,43.27,1008.36
6397,575.64,27.91,27.55,43.25,1008.35
6398,575.73,27.90,27.56,43.24,1008.35
6399,575.82,27.91,27.56,43.27,1008.36
6400,575.91,27.92,27.55,43.30,1008.37
6401,576.00,27.90,27.56,43.29,1008.37
6402,576.09,27.92,27.56,43.25,1008.37
6403,576.18,27.95,27.55,43.24,1008.39
6404,576.27,27.96,27.56,43.24,1008.39
6405,576.36,27.96,27.56,43.22,1008.38
6406,576.45,27.95,27.57,43.23,1008.39
6407,576.54,27.95,27.57,43.23,1008.39
6408,576.63,27.95,27.58,43.24,1008.39
6409,576.72,27.94,27.57,43.22,1008.39
6410,576.81,27.93,27.58,43.21,1008.39
6411,576.90,27.91,27.57,43.21,1008.39
6412,576.99,27.90,27.59,43.24,1008.39
6413,577.08,27.91,27.62,43.23,1008.40
6414,577.17,27.91,27.63,43.21,1008.39
6415,577.26,27.92,27.64,43.19,1008.39
6416,577.35,27.92,27.65,43.21,1008.39
6417,577.44,27.92,27.65,43.19,1008.38
6418,577.53,27.92,27.65,43.21,1008.39
6419,577.62,27.92,27.64,43.22,1008.38
6420,577.71,27.93,27.64,43.23,1008.39
6421,577.80,27.92,27.63,43.26,1008.39
6422,577.89,27.92,27.65,43.29,1008.38
6423,577.98,27.92,27.63,43.29,1008.36
6424,578.07,27.93,27.61,43.27,1008.35
6425,578.16,27.93,27.63,43.26,1008.36
6426,578.25,27.92,27.63,43.23,1008.34
6427,578.34,27.93,27.61,43.25,1008.31
6428,578.43,27.92,27.63,43.26,1008.30
6429,578.52,27.90,27.62,43.27,1008.30
6430,578.61,27.90,27.64,43.27,1008.31
6431,578.70,27.91,27.65,43.27,1008.31
6432,578.79,27.93,27.65,43.29,1008.30
6433,578.88,27.93,27.66,43.33,1008.30
6434,578.97,27.91,27.66,43.34,1008.30
6435,579.06,27.92,27.66,43.37,1008.30
6436,579.15,27.92,27.66,43.32,1008.30
6437,579.24,27.93,27.65,43.33,1008.30
6438,579.33,27.93,27.65,43.32,1008.30
6439,579.42,27.92,27.65,43.34,1008.29
6440,579.51,27.91,27.67,43.35,1008.27
6441,579.60,27.90,27.69,43.36,1008.27
6442,579.69,27.90,27.66,43.37,1008.28
6443,579.78,27.91,27.65,43.35,1008.27
6444,579.87,27.91,27.68,43.32,1008.27
6445,579.96,27.90,27.67,43.28,1008.27
6446,580.05,27.91,27.69,43.29,1008.27
6447,580.14,27.90,27.67,43.30,1008.28
6448,580.23,27.88,27.65,43.32,1008.28
6449,580.32,27.88,27.63,43.29,1008.28
6450,580.41,27.86,27.62,43.31,1008.28
6451,580.50,27.86,27.61,43.29,1008.29
6452,580.59,27.88,27.61,43.28,1008.29
6453,580.68,27.87,27.62,43.28,1008.29
6454,580.77,27.87,27.64,43.29,1008.31
6455,580.86,27.87,27.65,43.31,1008.31
6456,580.95,27.85,27.64,43.32,1008.32
6457,581.04,27.86,27.63,43.31,1008.33
6458,581.13,27.86,27.64,43.30,1008.33
6459,581.22,27.85,27.62,43.27,1008.34
6460,581.31,27.83,27.62,43.24,1008.34
6461,581.40,27.84,27.62,43.22,1008.34
6462,581.49,27.83,27.61,43.22,1008.34
6463,581.58,27.84,27.63,43.20,1008.34
6464,581.67,27.83,27.61,43.21,1008.36
6465,581.76,27.82,27.62,43.23,1008.38
6466,581.85,27.82,27.60,43.24,1008.39
6467,581.94,27.84,27.59,43.23,1008.40
6468,582.03,27.83,27.60,43.23,1008.39
6469,582.12,27.84,27.59,43.22,1008.40
6470,582.21,27.84,27.58,43.23,1008.41
6471,582.30,27.84,27.59,43.24,1008.39
6472,582.39,27.85,27.59,43.25,1008.38
6473,582.48,27.86,27.58,43.27,1008.37
6474,582.57,27.85,27.59,43.24,1008.37
6475,582.66,27.87,27.58,43.24,1008.39
6476,582.75,27.88,27.58,43.21,1008.39
6477,582.84,27.88,27.58,43.20,1008.39
6478,582.93,27.89,27.57,43.20,1008.40
6479,583.02,27.88,27.57,43.16,1008.39
6480,583.11,27.87,27.57,43.15,1008.38
6481,583.20,27.86,27.56,43.19,1008.37
6482,583.29,27.87,27.55,43.21,1008.35
6483,583.38,27.87,27.55,43.23,1008.35
6484,583.47,27.88,27.55,43.24,1008.34
6485,583.56,27.88,27.56,43.24,1008.33
6486,583.65,27.89,27.56,43.21,1008.33
6487,583.74,27.88,27.56,43.20,1008.31
6488,583.83,27.87,27.58,43.18,1008.33
6489,583.92,27.88,27.61,43.20,1008.32
6490,584.01,27.89,27.63,43.22,1008.32
6491,584.10,27.90,27.62,43.18,1008.32
6492,584.19,27.90,27.60,43.17,1008.32
6493,584.28,27.90,27.59,43.18,1008.31
6494,584.37,27.90,27.60,43.18,1008.30
6495,584.46,27.89,27.60,43.18,1008.29
6496,584.55,27.88,27.61,43.18,1008.30
6497,584.64,27.88,27.60,43.17,1008.29
6498,584.73,27.87,27.62,43.16,1008.29
6499,584.82,27.89,27.62,43.15,1008.28
6500,584.91,27.89,27.63,43.11,1008.27
6501,585.00,27.87,27.63,43.09,1008.28
6502,585.09,27.87,27.64,43.14,1008.27
6503,585.18,27.85,27.65,43.16,1008.27
6504,585.27,27.86,27.65,43.16,1008.26
6505,585.36,27.86,27.65,43.17,1008.26
6506,585.45,27.85,27.66,43.16,1008.27
6507,585.54,27.86,27.65,43.17,1008.28
6508,585.63,27.87,27.66,43.16,1008.29
6509,585.72,27.87,27.68,43.16,1008.30
6510,585.81,27.87,27.67,43.15,1008.29
6511,585.90,27.86,27.67,43.18,1008.31
6512,585.99,27.87,27.67,43.19,1008.29
6513,586.08,27.88,27.67,43.19,1008.30
6514,586.17,27.89,27.65,43.18,1008.31
6515,586.26,27.88,27.66,43.16,1008.32
6516,586.35,27.88,27.65,43.19,1008.34
6517,586.44,27.87,27.66,43.22,1008.33
6518,586.53,27.86,27.66,43.21,1008.33
6519,586.62,27.89,27.67,43.16,1008.34
6520,586.71,27.90,27.68,43.14,1008.34
6521,586.80,27.90,27.67,43.15,1008.35
6522,586.89,27.89,27.67,43.17,1008.34
6523,586.98,27.90,27.66,43.19,1008.34
6524,587.07,27.91,27.66,43.21,1008.35
6525,587.16,27.89,27.67,43.21,1008.35
6526,587.25,27.88,27.65,43.23,1008.36
6527,587.34,27.88,27.65,43.23,1008.35
6528,587.43,27.90,27.68,43.19,1008.35
6529,587.52,27.89,27.68,43.20,1008.36
6530,587.61,27.89,27.67,43.15,1008.35
6531,587.70,27.89,27.68,43.18,1008.36
6532,587.79,27.91,27.69,43.17,1008.37
6533,587.88,27.92,27.68,43.19,1008.37
6534,587.97,27.93,27.68,43.19,1008.37
6535,588.06,27.92,27.67,43.16,1008.38
6536,588.15,27.91,27.67,43.17,1008.36
6537,588.24,27.91,27.67,43.16,1008.34
6538,588.33,27.92,27.66,43.13,1008.34
6539,588.42,27.93,27.65,43.20,1008.34
6540,588.51,27.93,27.67,43.18,1008.35
6541,588.60,27.91,27.67,43.17,1008.35
6542,588.69,27.89,27.66,43.14,1008.34
6543,588.78,27.90,27.65,43.14,1008.33
6544,588.87,27.90,27.65,43.11,1008.32
6545,588.96,27.90,27.65,43.10,1008.32
6546,589.05,27.90,27.65,43.08,1008.32
6547,589.14,27.90,27.65,43.08,1008.32
6548,589.23,27.91,27.64,43.10,1008.30
6549,589.32,27.90,27.65,43.12,1008.29
6550,589.41,27.90,27.62,43.11,1008.30
6551,589.50,27.89,27.62,43.10,1008.29
6552,589.59,27.87,27.61,43.08,1008.29
6553,589.68,27.89,27.58,43.09,1008.30
6554,589.77,27.89,27.59,43.06,1008.29
6555,589.86,27.88,27.60,43.06,1008.27
6556,589.95,27.88,27.62,43.04,1008.26
6557,590.04,27.90,27.60,43.05,1008.26
6558,590.13,27.89,27.61,43.07,1008.27
6559,590.22,27.92,27.61,43.09,1008.28
6560,590.31,27.91,27.62,43.10,1008.28
6561,590.40,27.90,27.61,43.12,1008.28
6562,590.49,27.89,27.62,43.13,1008.27
6563,590.58,27.90,27.63,43.12,1008.28
6564,590.67,27.88,27.63,43.14,1008.29
6565,590.76,27.89,27.62,43.16,1008.30
6566,590.85,27.90,27.61,43.17,1008.31
6567,590.94,27.88,27.62,43.15,1008.30
6568,591.03,27.89,27.60,43.14,1008.29
6569,591.12,27.89,27.59,43.14,1008.29
6570,591.21,27.87,27.60,43.14,1008.29
6571,591.30,27.88,27.61,43.10,1008.29
6572,591.39,27.89,27.61,43.12,1008.29
6573,591.48,27.91,27.61,43.15,1008.30
6574,591.57,27.90,27.61,43.14,1008.30
6575,591.66,27.90,27.61,43.17,1008.31
6576,591.75,27.92,27.63,43.15,1008.33
6577,591.84,27.90,27.62,43.17,1008.34
6578,591.93,27.90,27.63,43.21,1008.35
6579,592.02,27.90,27.63,43.22,1008.35
6580,592.11,27.92,27.63,43.21,1008.35
6581,592.20,27.93,27.64,43.21,1008.36
6582,592.29,27.93,27.63,43.18,1008.35
6583,592.38,27.93,27.61,43.21,1008.36
6584,592.47,27.92,27.62,43.20,1008.36
6585,592.56,27.92,27.60,43.21,1008.36
6586,592.65,27.90,27.60,43.20,1008.37
6587,592.74,27.91,27.58,43.21,1008.37
6588,592.83,27.89,27.59,43.23,1008.36
6589,592.92,27.90,27.60,43.27,1008.36
6590,593.01,27.89,27.60,43.23,1008.36
6591,593.10,27.90,27.59,43.26,1008.35
6592,593.19,27.89,27.61,43.25,1008.35
6593,593.28,27.89,27.63,43.25,1008.35
6594,593.37,27.88,27.64,43.27,1008.36
6595,593.46,27.90,27.61,43.30,1008.35
6596,593.55,27.90,27.59,43.27,1008.34
6597,593.64,27.91,27.58,43.25,1008.33
6598,593.73,27.92,27.58,43.27,1008.32
6599,593.82,27.92,27.58,43.29,1008.32
6600,593.91,27.94,27.58,43.28,1008.31
6601,594.00,27.93,27.57,43.26,1008.31
6602,594.09,27.91,27.59,43.30,1008.29
6603,594.18,27.91,27.60,43.30,1008.29
6604,594.27,27.90,27.59,43.29,1008.29
6605,594.36,27.90,27.58,43.30,1008.28
6606,594.45,27.88,27.60,43.27,1008.27
6607,594.54,27.89,27.58,43.26,1008.26
6608,594.63,27.90,27.57,43.24,1008.25
6609,594.72,27.89,27.59,43.23,1008.25
6610,594.81,27.89,27.61,43.23,1008.25
6611,594.90,27.89,27.63,43.24,1008.25
6612,594.99,27.88,27.65,43.27,1008.24
6613,595.08,27.87,27.66,43.24,1008.24
6614,595.17,27.86,27.66,43.24,1008.22
6615,595.26,27.89,27.67,43.25,1008.23
6616,595.35,27.89,27.65,43.23,1008.24
6617,595.44,27.91,27.64,43.25,1008.23
6618,595.53,27.90,27.66,43.22,1008.22
6619,595.62,27.91,27.65,43.22,1008.23
6620,595.71,27.91,27.65,43.24,1008.23
6621,595.80,27.92,27.65,43.26,1008.23
6622,595.89,27.92,27.65,43.24,1008.23
6623,595.98,27.93,27.68,43.21,1008.23
6624,596.07,27.92,27.66,43.20,1008.24
6625,596.16,27.92,27.68,43.21,1008.23
6626,596.25,27.93,27.69,43.18,1008.24
6627,596.34,27.93,27.69,43.18,1008.23
6628,596.43,27.92,27.72,43.20,1008.25
6629,596.52,27.92,27.71,43.26,1008.25
6630,596.61,27.93,27.73,43.25,1008.26
6631,596.70,27.90,27.70,43.27,1008.27
6632,596.79,27.91,27.69,43.28,1008.26
6633,596.88,27.91,27.68,43.28,1008.27
6634,596.97,27.91,27.69,43.30,1008.28
6635,597.06,27.91,27.68,43.27,1008.30
6636,597.15,27.91,27.68,43.31,1008.30
6637,597.24,27.92,27.68,43.30,1008.32
6638,597.33,27.91,27.69,43.31,1008.33
6639,597.42,27.91,27.70,43.33,1008.33
6640,597.51,27.91,27.69,43.33,1008.32
6641,597.60,27.90,27.68,43.32,1008.34
6642,597.69,27.91,27.67,43.32,1008.35
6643,597.78,27.90,27.67,43.30,1008.37
6644,597.87,27.92,27.68,43.30,1008.37
6645,597.96,27.93,27.68,43.31,1008.37
6646,598.05,27.93,27.69,43.31,1008.38
6647,598.14,27.93,27.69,43.31,1008.38
6648,598.23,27.94,27.70,43.29,1008.39
6649,598.32,27.94,27.70,43.29,1008.38
6650,598.41,27.93,27.68,43.29,1008.39
6651,598.50,27.91,27.67,43.28,1008.39
6652,598.59,27.90,27.65,43.29,1008.40
6653,598.68,27.89,27.62,43.30,1008.42
6654,598.77,27.90,27.62,43.28,1008.41
6655,598.86,27.89,27.63,43.28,1008.39
6656,598.95,27.89,27.64,43.28,1008.39
6657,599.04,27.87,27.64,43.30,1008.38
6658,599.13,27.86,27.63,43.29,1008.38
6659,599.22,27.86,27.64,43.29,1008.38
6660,599.31,27.87,27.64,43.28,1008.37
6661,599.40,27.87,27.62,43.29,1008.35
6662,599.49,27.86,27.62,43.28,1008.35
6663,599.58,27.86,27.60,43.31,1008.34
6664,599.67,27.86,27.61,43.33,1008.34
6665,599.76,27.86,27.63,43.31,1008.34
6666,599.85,27.85,27.62,43.32,1008.33
6667,599.94,27.87,27.63,43.34,1008.30
