Index,Relative Time (s),PT100 (degC),BME280 T (degC),Humidity (%),Pressure (hPa)
1,0.00,45.00,44.00,41.61,1008.91
2,0.09,45.00,43.97,41.61,1008.91
3,0.18,44.99,43.96,41.62,1008.91
4,0.27,44.99,43.96,41.59,1008.91
5,0.36,44.98,43.94,41.61,1008.91
6,0.45,44.97,43.92,41.61,1008.91
7,0.54,44.95,43.92,41.63,1008.91
8,0.63,44.94,43.91,41.63,1008.91
9,0.72,44.93,43.90,41.62,1008.91
10,0.81,44.93,43.88,41.64,1008.91
11,0.90,44.91,43.88,41.64,1008.91
12,0.99,44.90,43.89,41.62,1008.92
13,1.08,44.90,43.89,41.61,1008.92
14,1.17,44.89,43.87,41.61,1008.92
15,1.26,44.87,43.86,41.61,1008.92
16,1.35,44.86,43.84,41.65,1008.91
17,1.44,44.84,43.82,41.66,1008.91
18,1.53,44.83,43.81,41.67,1008.91
19,1.62,44.81,43.80,41.67,1008.91
20,1.71,44.80,43.79,41.68,1008.91
21,1.80,44.79,43.78,41.68,1008.91
22,1.89,44.78,43.77,41.66,1008.91
23,1.98,44.77,43.76,41.67,1008.91
24,2.07,44.77,43.75,41.68,1008.91
25,2.16,44.76,43.74,41.68,1008.91
26,2.25,44.75,43.71,41.68,1008.91
27,2.34,44.74,43.71,41.69,1008.90
28,2.43,44.72,43.69,41.69,1008.90
29,2.52,44.71,43.67,41.70,1008.90
30,2.61,44.70,43.67,41.71,1008.90
31,2.70,44.69,43.67,41.71,1008.90
32,2.79,44.69,43.66,41.70,1008.90
33,2.88,44.67,43.65,41.68,1008.90
34,2.97,44.67,43.63,41.69,1008.90
35,3.06,44.65,43.61,41.70,1008.89
36,3.15,44.64,43.62,41.71,1008.89
37,3.24,44.63,43.61,41.72,1008.89
38,3.33,44.61,43.61,41.72,1008.89
39,3.42,44.60,43.60,41.70,1008.89
40,3.51,44.58,43.60,41.71,1008.89
41,3.60,44.58,43.60,41.72,1008.89
42,3.69,44.57,43.59,41.70,1008.88
43,3.78,44.55,43.59,41.72,1008.88
44,3.87,44.54,43.58,41.70,1008.88
45,3.96,44.53,43.56,41.72,1008.88
46,4.05,44.52,43.55,41.71,1008.88
47,4.14,44.50,43.55,41.68,1008.88
48,4.23,44.49,43.53,41.68,1008.88
49,4.32,44.48,43.52,41.68,1008.89
50,4.41,44.47,43.52,41.71,1008.89
51,4.50,44.47,43.51,41.69,1008.89
52,4.59,44.45,43.49,41.68,1008.89
53,4.68,44.44,43.47,41.65,1008.89
54,4.77,44.43,43.46,41.65,1008.90
55,4.86,44.42,43.45,41.66,1008.90
56,4.95,44.40,43.44,41.65,1008.89
57,5.04,44.38,43.43,41.65,1008.90
58,5.13,44.37,43.43,41.63,1008.90
59,5.22,44.37,43.42,41.62,1008.90
60,5.31,44.36,43.42,41.65,1008.90
61,5.40,44.35,43.41,41.65,1008.90
62,5.49,44.33,43.40,41.64,1008.91
63,5.58,44.33,43.40,41.63,1008.91
64,5.67,44.32,43.40,41.67,1008.91
65,5.76,44.29,43.39,41.69,1008.91
66,5.85,44.28,43.38,41.68,1008.91
67,5.94,44.27,43.36,41.68,1008.91
68,6.03,44.26,43.35,41.68,1008.91
69,6.12,44.25,43.34,41.66,1008.92
70,6.21,44.25,43.33,41.65,1008.92
71,6.30,44.24,43.32,41.64,1008.92
72,6.39,44.23,43.31,41.64,1008.92
73,6.48,44.24,43.28,41.63,1008.92
74,6.57,44.22,43.27,41.62,1008.92
75,6.66,44.21,43.26,41.60,1008.92
76,6.75,44.19,43.25,41.57,1008.92
77,6.84,44.17,43.24,41.59,1008.91
78,6.93,44.17,43.22,41.60,1008.91
79,7.02,44.16,43.21,41.60,1008.91
80,7.11,44.15,43.21,41.59,1008.90
81,7.20,44.12,43.21,41.59,1008.90
82,7.29,44.12,43.20,41.60,1008.90
83,7.38,44.11,43.20,41.63,1008.90
84,7.47,44.11,43.18,41.66,1008.89
85,7.56,44.10,43.16,41.68,1008.89
86,7.65,44.08,43.15,41.68,1008.89
87,7.74,44.07,43.13,41.68,1008.89
88,7.83,44.07,43.13,41.68,1008.89
89,7.92,44.05,43.11,41.68,1008.88
90,8.01,44.05,43.11,41.70,1008.89
91,8.10,44.04,43.11,41.72,1008.88
92,8.19,44.03,43.09,41.72,1008.88
93,8.28,44.02,43.08,41.70,1008.88
94,8.37,44.00,43.05,41.70,1008.88
95,8.46,43.99,43.03,41.69,1008.88
96,8.55,43.98,43.00,41.71,1008.88
97,8.64,43.98,42.99,41.68,1008.88
98,8.73,43.96,42.99,41.66,1008.88
99,8.82,43.95,42.98,41.67,1008.88
100,8.91,43.93,42.98,41.69,1008.88
101,9.00,43.92,42.96,41.70,1008.89
102,9.09,43.91,42.94,41.69,1008.89
103,9.18,43.90,42.92,41.68,1008.89
104,9.27,43.89,42.92,41.69,1008.90
105,9.36,43.88,42.91,41.69,1008.90
106,9.45,43.86,42.90,41.67,1008.90
107,9.54,43.84,42.90,41.69,1008.90
108,9.63,43.83,42.89,41.71,1008.90
109,9.72,43.82,42.88,41.74,1008.91
110,9.81,43.81,42.87,41.73,1008.91
111,9.90,43.80,42.85,41.75,1008.91
112,9.99,43.80,42.84,41.74,1008.91
113,10.08,43.79,42.83,41.72,1008.91
114,10.17,43.79,42.82,41.74,1008.92
115,10.26,43.77,42.81,41.73,1008.91
116,10.35,43.76,42.82,41.73,1008.92
117,10.44,43.76,42.80,41.72,1008.92
118,10.53,43.75,42.81,41.72,1008.92
119,10.62,43.74,42.81,41.70,1008.92
120,10.71,43.73,42.79,41.73,1008.93
121,10.80,43.72,42.77,41.76,1008.92
122,10.89,43.70,42.76,41.75,1008.93
123,10.98,43.69,42.74,41.77,1008.92
124,11.07,43.68,42.74,41.79,1008.93
125,11.16,43.67,42.73,41.79,1008.93
126,11.25,43.66,42.73,41.78,1008.93
127,11.34,43.66,42.72,41.78,1008.93
128,11.43,43.64,42.70,41.80,1008.94
129,11.52,43.64,42.69,41.80,1008.94
130,11.61,43.63,42.69,41.80,1008.94
131,11.70,43.63,42.68,41.81,1008.94
132,11.79,43.63,42.68,41.81,1008.93
133,11.88,43.63,42.67,41.83,1008.93
134,11.97,43.62,42.65,41.84,1008.93
135,12.06,43.61,42.65,41.84,1008.93
136,12.15,43.59,42.64,41.85,1008.93
137,12.24,43.58,42.63,41.87,1008.93
138,12.33,43.58,42.62,41.88,1008.93
139,12.42,43.57,42.62,41.87,1008.92
140,12.51,43.56,42.60,41.85,1008.92
141,12.60,43.55,42.58,41.84,1008.92
142,12.69,43.54,42.59,41.83,1008.92
143,12.78,43.54,42.59,41.79,1008.92
144,12.87,43.53,42.58,41.82,1008.91
145,12.96,43.52,42.57,41.82,1008.91
146,13.05,43.51,42.56,41.83,1008.91
147,13.14,43.49,42.55,41.81,1008.91
148,13.23,43.48,42.55,41.81,1008.91
149,13.32,43.47,42.53,41.81,1008.91
150,13.41,43.46,42.53,41.81,1008.91
151,13.50,43.46,42.51,41.81,1008.91
152,13.59,43.45,42.51,41.80,1008.91
153,13.68,43.44,42.49,41.81,1008.91
154,13.77,43.44,42.49,41.82,1008.91
155,13.86,43.43,42.47,41.81,1008.91
156,13.95,43.42,42.47,41.82,1008.92
157,14.04,43.41,42.45,41.80,1008.92
158,14.13,43.40,42.44,41.80,1008.92
159,14.22,43.39,42.44,41.82,1008.93
160,14.31,43.39,42.43,41.82,1008.92
161,14.40,43.39,42.41,41.81,1008.92
162,14.49,43.38,42.41,41.81,1008.92
163,14.58,43.37,42.41,41.82,1008.93
164,14.67,43.35,42.39,41.81,1008.93
165,14.76,43.34,42.38,41.81,1008.93
166,14.85,43.33,42.37,41.82,1008.93
167,14.94,43.33,42.36,41.82,1008.93
168,15.03,43.32,42.35,41.81,1008.92
169,15.12,43.31,42.35,41.80,1008.93
170,15.21,43.30,42.36,41.78,1008.93
171,15.30,43.30,42.35,41.77,1008.93
172,15.39,43.29,42.33,41.75,1008.93
173,15.48,43.27,42.32,41.74,1008.93
174,15.57,43.26,42.30,41.74,1008.93
175,15.66,43.25,42.29,41.74,1008.94
176,15.75,43.24,42.28,41.75,1008.94
177,15.84,43.23,42.27,41.76,1008.94
178,15.93,43.22,42.27,41.77,1008.94
179,16.02,43.21,42.26,41.76,1008.94
180,16.11,43.19,42.25,41.79,1008.94
181,16.20,43.18,42.25,41.77,1008.94
182,16.29,43.17,42.22,41.76,1008.94
183,16.38,43.16,42.21,41.75,1008.94
184,16.47,43.14,42.20,41.75,1008.94
185,16.56,43.14,42.21,41.74,1008.94
186,16.65,43.13,42.19,41.77,1008.94
187,16.74,43.11,42.19,41.77,1008.94
188,16.83,43.11,42.16,41.77,1008.94
189,16.92,43.10,42.15,41.76,1008.93
190,17.01,43.09,42.13,41.77,1008.93
191,17.10,43.08,42.12,41.77,1008.93
192,17.19,43.07,42.11,41.80,1008.93
193,17.28,43.06,42.10,41.81,1008.93
194,17.37,43.04,42.09,41.83,1008.92
195,17.46,43.03,42.09,41.82,1008.92
196,17.55,43.01,42.07,41.79,1008.92
197,17.64,43.00,42.06,41.80,1008.92
198,17.73,43.00,42.05,41.76,1008.92
199,17.82,42.99,42.04,41.77,1008.93
200,17.91,42.97,42.04,41.79,1008.92
201,18.00,42.96,42.04,41.81,1008.93
202,18.09,42.96,42.02,41.80,1008.92
203,18.18,42.96,42.02,41.80,1008.93
204,18.27,42.94,42.02,41.81,1008.93
205,18.36,42.92,42.00,41.80,1008.93
206,18.45,42.91,42.01,41.81,1008.93
207,18.54,42.90,41.98,41.79,1008.93
208,18.63,42.89,41.96,41.78,1008.93
209,18.72,42.89,41.95,41.78,1008.93
210,18.81,42.88,41.94,41.79,1008.93
211,18.90,42.86,41.93,41.80,1008.93
212,18.99,42.86,41.92,41.78,1008.93
213,19.08,42.85,41.92,41.79,1008.93
214,19.17,42.85,41.90,41.79,1008.94
215,19.26,42.83,41.89,41.79,1008.94
216,19.35,42.83,41.88,41.81,1008.94
217,19.44,42.82,41.87,41.83,1008.93
218,19.53,42.81,41.86,41.83,1008.93
219,19.62,42.80,41.85,41.82,1008.93
220,19.71,42.79,41.86,41.80,1008.93
221,19.80,42.78,41.85,41.81,1008.92
222,19.89,42.77,41.85,41.82,1008.92
223,19.98,42.76,41.84,41.80,1008.92
224,20.07,42.75,41.84,41.81,1008.92
225,20.16,42.74,41.83,41.81,1008.92
226,20.25,42.72,41.82,41.79,1008.92
227,20.34,42.71,41.81,41.83,1008.91
228,20.43,42.70,41.80,41.82,1008.91
229,20.52,42.70,41.80,41.81,1008.92
230,20.61,42.69,41.79,41.82,1008.91
231,20.70,42.68,41.77,41.82,1008.91
232,20.79,42.67,41.76,41.82,1008.91
233,20.88,42.66,41.75,41.82,1008.91
234,20.97,42.65,41.75,41.83,1008.90
235,21.06,42.64,41.73,41.84,1008.90
236,21.15,42.64,41.73,41.84,1008.90
237,21.24,42.64,41.72,41.82,1008.90
238,21.33,42.64,41.70,41.84,1008.90
239,21.42,42.63,41.71,41.83,1008.90
240,21.51,42.61,41.70,41.85,1008.90
241,21.60,42.59,41.68,41.85,1008.90
242,21.69,42.57,41.68,41.86,1008.90
243,21.78,42.56,41.67,41.87,1008.89
244,21.87,42.56,41.66,41.85,1008.89
245,21.96,42.55,41.65,41.84,1008.89
246,22.05,42.55,41.64,41.82,1008.89
247,22.14,42.55,41.64,41.79,1008.89
248,22.23,42.54,41.64,41.78,1008.89
249,22.32,42.53,41.62,41.77,1008.89
250,22.41,42.53,41.61,41.77,1008.89
251,22.50,42.50,41.60,41.77,1008.89
252,22.59,42.50,41.59,41.78,1008.89
253,22.68,42.50,41.58,41.76,1008.89
254,22.77,42.50,41.57,41.77,1008.90
255,22.86,42.49,41.57,41.76,1008.90
256,22.95,42.48,41.56,41.78,1008.90
257,23.04,42.46,41.54,41.77,1008.90
258,23.13,42.45,41.54,41.76,1008.91
259,23.22,42.45,41.54,41.74,1008.91
260,23.31,42.43,41.54,41.75,1008.91
261,23.40,42.42,41.53,41.72,1008.91
262,23.49,42.39,41.53,41.73,1008.91
263,23.58,42.38,41.52,41.74,1008.91
264,23.67,42.37,41.51,41.75,1008.91
265,23.76,42.37,41.49,41.77,1008.91
266,23.85,42.37,41.48,41.76,1008.91
267,23.94,42.35,41.47,41.78,1008.91
268,24.03,42.35,41.47,41.79,1008.91
269,24.12,42.35,41.45,41.80,1008.91
270,24.21,42.33,41.45,41.79,1008.91
271,24.30,42.31,41.44,41.78,1008.91
272,24.39,42.30,41.43,41.79,1008.91
273,24.48,42.30,41.43,41.80,1008.91
274,24.57,42.29,41.42,41.79,1008.91
275,24.66,42.27,41.41,41.80,1008.91
276,24.75,42.27,41.40,41.78,1008.91
277,24.84,42.26,41.39,41.78,1008.91
278,24.93,42.25,41.39,41.76,1008.91
279,25.02,42.24,41.38,41.75,1008.91
280,25.11,42.24,41.37,41.74,1008.91
281,25.20,42.23,41.35,41.71,1008.90
282,25.29,42.22,41.34,41.72,1008.90
283,25.38,42.22,41.33,41.70,1008.90
284,25.47,42.21,41.31,41.71,1008.90
285,25.56,42.19,41.32,41.73,1008.90
286,25.65,42.18,41.31,41.72,1008.90
287,25.74,42.17,41.30,41.74,1008.90
288,25.83,42.16,41.29,41.75,1008.90
289,25.92,42.15,41.28,41.73,1008.89
290,26.01,42.14,41.27,41.74,1008.89
291,26.10,42.14,41.26,41.76,1008.89
292,26.19,42.14,41.25,41.74,1008.89
293,26.28,42.13,41.24,41.78,1008.88
294,26.37,42.13,41.23,41.79,1008.88
295,26.46,42.12,41.22,41.80,1008.88
296,26.55,42.11,41.21,41.79,1008.87
297,26.64,42.10,41.21,41.82,1008.87
298,26.73,42.10,41.19,41.82,1008.87
299,26.82,42.08,41.17,41.82,1008.87
300,26.91,42.07,41.16,41.82,1008.87
301,27.00,42.07,41.16,41.81,1008.87
302,27.09,42.06,41.15,41.79,1008.87
303,27.18,42.06,41.13,41.80,1008.87
304,27.27,42.04,41.11,41.77,1008.87
305,27.36,42.03,41.09,41.75,1008.87
306,27.45,42.02,41.09,41.70,1008.88
307,27.54,42.00,41.10,41.67,1008.88
308,27.63,41.98,41.09,41.61,1008.88
309,27.72,41.98,41.08,41.57,1008.89
310,27.81,41.97,41.07,41.53,1008.89
311,27.90,41.96,41.06,41.55,1008.89
312,27.99,41.96,41.06,41.51,1008.89
313,28.08,41.96,41.05,41.49,1008.90
314,28.17,41.96,41.03,41.47,1008.90
315,28.26,41.94,41.03,41.46,1008.90
316,28.35,41.94,41.02,41.47,1008.90
317,28.44,41.91,41.01,41.47,1008.90
318,28.53,41.90,41.00,41.50,1008.90
319,28.62,41.90,40.98,41.53,1008.90
320,28.71,41.89,40.96,41.55,1008.90
321,28.80,41.89,40.96,41.60,1008.91
322,28.89,41.88,40.95,41.60,1008.91
323,28.98,41.87,40.96,41.63,1008.91
324,29.07,41.87,40.94,41.65,1008.92
325,29.16,41.85,40.93,41.65,1008.92
326,29.25,41.84,40.92,41.66,1008.92
327,29.34,41.82,40.92,41.70,1008.91
328,29.43,41.81,40.91,41.70,1008.91
329,29.52,41.81,40.89,41.71,1008.91
330,29.61,41.80,40.88,41.69,1008.91
331,29.70,41.79,40.88,41.73,1008.91
332,29.79,41.78,40.87,41.75,1008.91
333,29.88,41.78,40.86,41.73,1008.91
334,29.97,41.77,40.86,41.74,1008.91
335,30.06,41.77,40.85,41.72,1008.90
336,30.15,41.76,40.85,41.69,1008.91
337,30.24,41.76,40.85,41.68,1008.91
338,30.33,41.75,40.85,41.69,1008.90
339,30.42,41.74,40.84,41.70,1008.90
340,30.51,41.73,40.82,41.68,1008.91
341,30.60,41.72,40.82,41.69,1008.90
342,30.69,41.70,40.81,41.70,1008.90
343,30.78,41.70,40.80,41.72,1008.90
344,30.87,41.68,40.79,41.72,1008.90
345,30.96,41.67,40.78,41.71,1008.90
346,31.05,41.66,40.77,41.72,1008.90
347,31.14,41.64,40.75,41.73,1008.90
348,31.23,41.63,40.74,41.71,1008.90
349,31.32,41.62,40.74,41.72,1008.90
350,31.41,41.60,40.73,41.69,1008.90
351,31.50,41.60,40.72,41.69,1008.90
352,31.59,41.59,40.72,41.68,1008.90
353,31.68,41.58,40.72,41.69,1008.90
354,31.77,41.56,40.71,41.68,1008.91
355,31.86,41.56,40.70,41.71,1008.91
356,31.95,41.54,40.70,41.72,1008.91
357,32.04,41.53,40.70,41.71,1008.91
358,32.13,41.53,40.70,41.69,1008.91
359,32.22,41.52,40.68,41.67,1008.91
360,32.31,41.52,40.68,41.68,1008.91
361,32.40,41.51,40.66,41.68,1008.91
362,32.49,41.51,40.65,41.68,1008.91
363,32.58,41.50,40.64,41.68,1008.91
364,32.67,41.49,40.63,41.68,1008.92
365,32.76,41.48,40.63,41.65,1008.91
366,32.85,41.47,40.62,41.64,1008.92
367,32.94,41.47,40.63,41.65,1008.92
368,33.03,41.46,40.62,41.62,1008.92
369,33.12,41.46,40.62,41.62,1008.92
370,33.21,41.44,40.61,41.62,1008.92
371,33.30,41.43,40.59,41.63,1008.92
372,33.39,41.42,40.58,41.62,1008.92
373,33.48,41.41,40.58,41.63,1008.93
374,33.57,41.40,40.58,41.64,1008.92
375,33.66,41.39,40.58,41.66,1008.93
376,33.75,41.38,40.57,41.66,1008.93
377,33.84,41.36,40.57,41.68,1008.92
378,33.93,41.35,40.57,41.70,1008.93
379,34.02,41.34,40.55,41.69,1008.92
380,34.11,41.32,40.53,41.67,1008.93
381,34.20,41.32,40.53,41.68,1008.92
382,34.29,41.32,40.52,41.68,1008.92
383,34.38,41.30,40.50,41.66,1008.93
384,34.47,41.30,40.49,41.64,1008.93
385,34.56,41.29,40.49,41.63,1008.92
386,34.65,41.28,40.48,41.64,1008.93
387,34.74,41.28,40.47,41.65,1008.93
388,34.83,41.27,40.45,41.64,1008.93
389,34.92,41.26,40.44,41.62,1008.93
390,35.01,41.26,40.44,41.62,1008.93
391,35.10,41.25,40.44,41.63,1008.92
392,35.19,41.24,40.42,41.62,1008.93
393,35.28,41.23,40.41,41.59,1008.93
394,35.37,41.23,40.39,41.60,1008.93
395,35.46,41.22,40.38,41.58,1008.93
396,35.55,41.22,40.38,41.60,1008.93
397,35.64,41.21,40.38,41.61,1008.92
398,35.73,41.20,40.36,41.59,1008.92
399,35.82,41.20,40.36,41.63,1008.92
400,35.91,41.20,40.35,41.64,1008.93
401,36.00,41.19,40.33,41.64,1008.92
402,36.09,41.18,40.32,41.63,1008.92
403,36.18,41.17,40.31,41.64,1008.92
404,36.27,41.16,40.30,41.64,1008.92
405,36.36,41.14,40.30,41.63,1008.92
406,36.45,41.13,40.29,41.63,1008.92
407,36.54,41.12,40.28,41.62,1008.92
408,36.63,41.12,40.28,41.61,1008.92
409,36.72,41.11,40.27,41.61,1008.92
410,36.81,41.10,40.26,41.59,1008.93
411,36.90,41.10,40.25,41.58,1008.93
412,36.99,41.09,40.24,41.57,1008.93
413,37.08,41.09,40.23,41.57,1008.93
414,37.17,41.09,40.23,41.56,1008.93
415,37.26,41.08,40.21,41.57,1008.93
416,37.35,41.07,40.19,41.59,1008.93
417,37.44,41.06,40.18,41.57,1008.94
418,37.53,41.05,40.17,41.56,1008.94
419,37.62,41.04,40.15,41.56,1008.94
420,37.71,41.02,40.15,41.59,1008.94
421,37.80,41.01,39.97,41.58,1008.93
422,37.89,40.99,40.07,41.57,1008.93
423,37.98,40.98,40.14,41.55,1008.93
424,38.07,40.97,40.13,41.53,1008.93
425,38.16,40.97,40.12,41.53,1008.93
426,38.25,40.96,40.12,41.53,1008.93
427,38.34,40.96,40.13,41.51,1008.92
428,38.43,40.95,40.10,41.52,1008.92
429,38.52,40.95,40.09,41.53,1008.92
430,38.61,40.94,40.10,41.53,1008.92
431,38.70,40.92,40.09,41.55,1008.92
432,38.79,40.92,40.09,41.58,1008.92
433,38.88,40.91,40.09,41.58,1008.92
434,38.97,40.91,40.08,41.60,1008.92
435,39.06,40.90,40.06,41.59,1008.92
436,39.15,40.89,40.05,41.59,1008.91
437,39.24,40.87,40.04,41.59,1008.92
438,39.33,40.87,40.04,41.59,1008.92
439,39.42,40.86,40.03,41.58,1008.91
440,39.51,40.85,40.03,41.59,1008.91
441,39.60,40.85,40.02,41.57,1008.91
442,39.69,40.86,40.00,41.55,1008.91
443,39.78,40.84,39.99,41.55,1008.91
444,39.87,40.83,39.98,41.57,1008.91
445,39.96,40.82,39.97,41.57,1008.91
446,40.05,40.81,39.96,41.59,1008.91
447,40.14,40.80,39.95,41.59,1008.91
448,40.23,40.80,39.94,41.60,1008.91
449,40.32,40.79,39.94,41.59,1008.91
450,40.41,40.78,39.94,41.60,1008.91
451,40.50,40.77,39.94,41.61,1008.91
452,40.59,40.77,39.94,41.62,1008.91
453,40.68,40.76,39.92,41.61,1008.91
454,40.77,40.76,39.92,41.61,1008.92
455,40.86,40.75,39.91,41.59,1008.91
456,40.95,40.74,39.91,41.60,1008.92
457,41.04,40.72,39.90,41.61,1008.91
458,41.13,40.72,39.90,41.62,1008.92
459,41.22,40.71,39.90,41.57,1008.92
460,41.31,40.71,39.89,41.58,1008.92
461,41.40,40.70,39.88,41.59,1008.92
462,41.49,40.70,39.86,41.61,1008.92
463,41.58,40.68,39.86,41.60,1008.92
464,41.67,40.67,39.85,41.58,1008.92
465,41.76,40.66,39.84,41.57,1008.92
466,41.85,40.65,39.84,41.59,1008.92
467,41.94,40.65,39.82,41.61,1008.92
468,42.03,40.64,39.82,41.58,1008.92
469,42.12,40.64,39.82,41.59,1008.92
470,42.21,40.63,39.82,41.58,1008.92
471,42.30,40.62,39.81,41.57,1008.92
472,42.39,40.62,39.80,41.56,1008.92
473,42.48,40.61,39.79,41.57,1008.92
474,42.57,40.60,39.78,41.56,1008.92
475,42.66,40.59,39.77,41.57,1008.92
476,42.75,40.57,39.76,41.58,1008.92
477,42.84,40.56,39.75,41.59,1008.92
478,42.93,40.55,39.75,41.62,1008.91
479,43.02,40.56,39.74,41.62,1008.91
480,43.11,40.55,39.73,41.65,1008.91
481,43.20,40.54,39.72,41.67,1008.91
482,43.29,40.53,39.71,41.69,1008.91
483,43.38,40.51,39.70,41.71,1008.91
484,43.47,40.51,39.70,41.69,1008.90
485,43.56,40.50,39.68,41.68,1008.90
486,43.65,40.49,39.68,41.68,1008.89
487,43.74,40.48,39.67,41.66,1008.89
488,43.83,40.47,39.66,41.68,1008.89
489,43.92,40.47,39.66,41.67,1008.88
490,44.01,40.46,39.65,41.67,1008.88
491,44.10,40.46,39.65,41.69,1008.88
492,44.19,40.44,39.64,41.69,1008.88
493,44.28,40.44,39.63,41.68,1008.88
494,44.37,40.44,39.62,41.68,1008.87
495,44.46,40.43,39.61,41.67,1008.87
496,44.55,40.43,39.59,41.69,1008.87
497,44.64,40.42,39.59,41.68,1008.87
498,44.73,40.42,39.59,41.71,1008.87
499,44.82,40.41,39.57,41.73,1008.87
500,44.91,40.40,39.56,41.73,1008.87
501,45.00,40.39,39.55,41.74,1008.87
502,45.09,40.38,39.55,41.74,1008.87
503,45.18,40.36,39.54,41.73,1008.87
504,45.27,40.35,39.54,41.71,1008.88
505,45.36,40.35,39.53,41.70,1008.88
506,45.45,40.34,39.53,41.72,1008.88
507,45.54,40.33,39.51,41.72,1008.88
508,45.63,40.33,39.50,41.74,1008.88
509,45.72,40.32,39.48,41.74,1008.88
510,45.81,40.32,39.49,41.73,1008.89
511,45.90,40.30,39.49,41.71,1008.89
512,45.99,40.30,39.48,41.71,1008.89
513,46.08,40.28,39.47,41.71,1008.89
514,46.17,40.27,39.46,41.70,1008.90
515,46.26,40.25,39.45,41.71,1008.90
516,46.35,40.24,39.45,41.67,1008.91
517,46.44,40.24,39.43,41.67,1008.91
518,46.53,40.24,39.42,41.68,1008.91
519,46.62,40.23,39.41,41.70,1008.92
520,46.71,40.23,39.39,41.71,1008.92
521,46.80,40.22,39.39,41.71,1008.92
522,46.89,40.21,39.38,41.71,1008.92
523,46.98,40.20,39.38,41.70,1008.92
524,47.07,40.19,39.38,41.72,1008.92
525,47.16,40.19,39.37,41.70,1008.92
526,47.25,40.18,39.34,41.70,1008.92
527,47.34,40.18,39.32,41.70,1008.93
528,47.43,40.18,39.31,41.69,1008.92
529,47.52,40.16,39.30,41.67,1008.93
530,47.61,40.15,39.30,41.68,1008.92
531,47.70,40.14,39.30,41.71,1008.92
532,47.79,40.13,39.29,41.71,1008.92
533,47.88,40.11,39.29,41.70,1008.91
534,47.97,40.10,39.28,41.69,1008.92
535,48.06,40.08,39.27,41.71,1008.92
536,48.15,40.08,39.27,41.68,1008.91
537,48.24,40.06,39.25,41.67,1008.91
538,48.33,40.06,39.24,41.65,1008.91
539,48.42,40.04,39.25,41.66,1008.91
540,48.51,40.04,39.24,41.69,1008.90
541,48.60,40.03,39.24,41.68,1008.90
542,48.69,40.02,39.23,41.69,1008.90
543,48.78,40.02,39.22,41.69,1008.90
544,48.87,40.01,39.21,41.71,1008.90
545,48.96,40.00,39.21,41.72,1008.90
546,49.05,40.00,39.21,41.73,1008.90
547,49.14,40.00,39.19,41.75,1008.89
548,49.23,39.98,39.19,41.79,1008.89
549,49.32,39.98,39.18,41.82,1008.89
550,49.41,39.98,39.19,41.84,1008.89
551,49.50,39.96,39.18,41.83,1008.90
552,49.59,39.95,39.18,41.84,1008.90
553,49.68,39.95,39.18,41.87,1008.90
554,49.77,39.94,39.17,41.87,1008.90
555,49.86,39.93,39.15,41.90,1008.90
556,49.95,39.92,39.14,41.90,1008.90
557,50.04,39.93,39.15,41.90,1008.90
558,50.13,39.93,39.13,41.89,1008.90
559,50.22,39.93,39.11,41.87,1008.90
560,50.31,39.92,39.10,41.84,1008.90
561,50.40,39.91,39.10,41.83,1008.90
562,50.49,39.91,39.09,41.82,1008.90
563,50.58,39.90,39.09,41.79,1008.91
564,50.67,39.89,39.08,41.75,1008.90
565,50.76,39.87,39.07,41.72,1008.91
566,50.85,39.87,39.07,41.70,1008.91
567,50.94,39.85,39.06,41.65,1008.91
568,51.03,39.84,39.05,41.64,1008.91
569,51.12,39.83,39.05,41.63,1008.92
570,51.21,39.82,39.03,41.62,1008.92
571,51.30,39.81,39.02,41.64,1008.92
572,51.39,39.81,39.02,41.63,1008.92
573,51.48,39.81,39.02,41.62,1008.92
574,51.57,39.80,39.01,41.64,1008.93
575,51.66,39.79,39.00,41.63,1008.93
576,51.75,39.78,39.00,41.64,1008.93
577,51.84,39.78,38.99,41.64,1008.93
578,51.93,39.78,38.99,41.62,1008.93
579,52.02,39.77,38.97,41.60,1008.93
580,52.11,39.77,38.96,41.60,1008.93
581,52.20,39.77,38.96,41.60,1008.93
582,52.29,39.76,38.96,41.61,1008.93
583,52.38,39.75,38.95,41.61,1008.92
584,52.47,39.74,38.94,41.60,1008.93
585,52.56,39.74,38.92,41.60,1008.93
586,52.65,39.73,38.91,41.60,1008.93
587,52.74,39.73,38.90,41.63,1008.93
588,52.83,39.72,38.89,41.62,1008.93
589,52.92,39.71,38.88,41.62,1008.93
590,53.01,39.69,38.87,41.64,1008.93
591,53.10,39.68,38.86,41.61,1008.93
592,53.19,39.68,38.85,41.62,1008.93
593,53.28,39.67,38.84,41.59,1008.93
594,53.37,39.66,38.83,41.60,1008.93
595,53.46,39.66,38.83,41.60,1008.92
596,53.55,39.65,38.82,41.59,1008.92
597,53.64,39.64,38.80,41.59,1008.92
598,53.73,39.63,38.80,41.60,1008.92
599,53.82,39.62,38.80,41.61,1008.92
600,53.91,39.60,38.81,41.60,1008.92
601,54.00,39.59,38.81,41.58,1008.92
602,54.09,39.59,38.81,41.56,1008.92
603,54.18,39.59,38.80,41.55,1008.92
604,54.27,39.59,38.78,41.59,1008.92
605,54.36,39.57,38.78,41.59,1008.92
606,54.45,39.57,38.78,41.61,1008.92
607,54.54,39.58,38.76,41.63,1008.92
608,54.63,39.58,38.75,41.65,1008.92
609,54.72,39.58,38.74,41.66,1008.92
610,54.81,39.57,38.74,41.64,1008.91
611,54.90,39.56,38.73,41.65,1008.92
612,54.99,39.55,38.72,41.63,1008.92
613,55.08,39.55,38.70,41.63,1008.92
614,55.17,39.54,38.70,41.63,1008.92
615,55.26,39.53,38.70,41.65,1008.92
616,55.35,39.53,38.70,41.64,1008.92
617,55.44,39.52,38.68,41.63,1008.93
618,55.53,39.51,38.68,41.61,1008.92
619,55.62,39.50,38.67,41.58,1008.92
620,55.71,39.49,38.66,41.55,1008.92
621,55.80,39.48,38.66,41.56,1008.92
622,55.89,39.47,38.66,41.59,1008.92
623,55.98,39.46,38.66,41.60,1008.92
624,56.07,39.46,38.64,41.62,1008.92
625,56.16,39.46,38.64,41.63,1008.92
626,56.25,39.45,38.63,41.65,1008.93
627,56.34,39.45,38.62,41.65,1008.92
628,56.43,39.44,38.63,41.65,1008.93
629,56.52,39.42,38.62,41.64,1008.93
630,56.61,39.42,38.63,41.61,1008.93
631,56.70,39.42,38.62,41.63,1008.93
632,56.79,39.40,38.62,41.63,1008.93
633,56.88,39.39,38.60,41.63,1008.93
634,56.97,39.39,38.58,41.62,1008.93
635,57.06,39.39,38.59,41.62,1008.93
636,57.15,39.38,38.58,41.60,1008.93
637,57.24,39.37,38.58,41.61,1008.93
638,57.33,39.36,38.57,41.62,1008.92
639,57.42,39.35,38.56,41.60,1008.92
640,57.51,39.34,38.55,41.61,1008.92
641,57.60,39.33,38.54,41.61,1008.92
642,57.69,39.33,38.54,41.61,1008.92
643,57.78,39.32,38.54,41.60,1008.92
644,57.87,39.32,38.52,41.63,1008.92
645,57.96,39.32,38.51,41.66,1008.92
646,58.05,39.31,38.52,41.69,1008.93
647,58.14,39.31,38.51,41.67,1008.93
648,58.23,39.30,38.50,41.68,1008.93
649,58.32,39.30,38.49,41.68,1008.92
650,58.41,39.28,38.48,41.68,1008.93
651,58.50,39.28,38.47,41.68,1008.93
652,58.59,39.27,38.48,41.67,1008.93
653,58.68,39.26,38.47,41.66,1008.93
654,58.77,39.25,38.47,41.66,1008.92
655,58.86,39.24,38.45,41.65,1008.93
656,58.95,39.24,38.45,41.65,1008.93
657,59.04,39.23,38.44,41.67,1008.93
658,59.13,39.22,38.45,41.66,1008.93
659,59.22,39.21,38.43,41.68,1008.93
660,59.31,39.20,38.42,41.70,1008.93
661,59.40,39.19,38.42,41.71,1008.93
662,59.49,39.19,38.41,41.70,1008.93
663,59.58,39.18,38.40,41.69,1008.93
664,59.67,39.18,38.39,41.70,1008.93
665,59.76,39.17,38.39,41.72,1008.93
666,59.85,39.16,38.39,41.70,1008.93
667,59.94,39.15,38.38,41.71,1008.93
668,60.03,39.14,38.37,41.69,1008.93
669,60.12,39.14,38.37,41.71,1008.93
670,60.21,39.12,38.36,41.71,1008.94
671,60.30,39.12,38.34,41.71,1008.94
672,60.39,39.11,38.33,41.70,1008.94
673,60.48,39.11,38.32,41.71,1008.94
674,60.57,39.10,38.33,41.71,1008.93
675,60.66,39.09,38.33,41.69,1008.93
676,60.75,39.07,38.32,41.66,1008.93
677,60.84,39.06,38.32,41.65,1008.93
678,60.93,39.06,38.32,41.66,1008.93
679,61.02,39.06,38.31,41.65,1008.93
680,61.11,39.06,38.30,41.66,1008.92
681,61.20,39.06,38.30,41.64,1008.92
682,61.29,39.04,38.29,41.64,1008.92
683,61.38,39.04,38.27,41.61,1008.92
684,61.47,39.02,38.27,41.57,1008.92
685,61.56,39.00,38.26,41.56,1008.91
686,61.65,39.00,38.25,41.54,1008.91
687,61.74,38.99,38.23,41.56,1008.91
688,61.83,38.98,38.22,41.59,1008.91
689,61.92,38.97,38.22,41.60,1008.91
690,62.01,38.97,38.22,41.60,1008.91
691,62.10,38.96,38.21,41.61,1008.91
692,62.19,38.95,38.21,41.63,1008.90
693,62.28,38.94,38.20,41.65,1008.90
694,62.37,38.93,38.19,41.64,1008.90
695,62.46,38.92,38.18,41.67,1008.89
696,62.55,38.92,38.18,41.66,1008.89
697,62.64,38.92,38.17,41.69,1008.89
698,62.73,38.91,38.15,41.70,1008.89
699,62.82,38.90,38.14,41.73,1008.90
700,62.91,38.89,38.14,41.73,1008.90
701,63.00,38.88,38.13,41.71,1008.90
702,63.09,38.88,38.11,41.73,1008.90
703,63.18,38.87,38.10,41.74,1008.89
704,63.27,38.87,38.09,41.76,1008.89
705,63.36,38.86,38.08,41.76,1008.89
706,63.45,38.86,38.08,41.78,1008.89
707,63.54,38.85,38.08,41.75,1008.89
708,63.63,38.85,38.08,41.77,1008.89
709,63.72,38.84,38.06,41.78,1008.89
710,63.81,38.84,38.05,41.76,1008.89
711,63.90,38.83,38.06,41.76,1008.90
712,63.99,38.83,38.05,41.75,1008.90
713,64.08,38.82,38.03,41.75,1008.90
714,64.17,38.81,38.01,41.76,1008.90
715,64.26,38.80,38.00,41.75,1008.90
716,64.35,38.80,38.01,41.72,1008.90
717,64.44,38.80,38.01,41.72,1008.91
718,64.53,38.79,38.00,41.69,1008.91
719,64.62,38.78,38.00,41.67,1008.91
720,64.71,38.77,37.98,41.68,1008.91
721,64.80,38.76,37.97,41.70,1008.91
722,64.89,38.74,37.97,41.70,1008.91
723,64.98,38.74,37.98,41.72,1008.91
724,65.07,38.74,37.98,41.67,1008.91
725,65.16,38.72,37.96,41.69,1008.91
726,65.25,38.71,37.95,41.70,1008.91
727,65.34,38.71,37.94,41.70,1008.91
728,65.43,38.70,37.93,41.70,1008.91
729,65.52,38.99,37.93,41.69,1008.91
730,65.61,38.81,37.93,41.68,1008.90
731,65.70,38.68,37.91,41.68,1008.91
732,65.79,38.68,37.92,41.69,1008.91
733,65.88,38.66,37.91,41.68,1008.91
734,65.97,38.65,37.90,41.67,1008.90
735,66.06,38.64,37.90,41.68,1008.90
736,66.15,38.64,37.89,41.70,1008.90
737,66.24,38.63,37.87,41.71,1008.90
738,66.33,38.62,37.88,41.72,1008.90
739,66.42,38.62,37.87,41.73,1008.90
740,66.51,38.61,37.86,41.75,1008.89
741,66.60,38.60,37.86,41.75,1008.89
742,66.69,38.60,37.86,41.76,1008.89
743,66.78,38.60,37.86,41.78,1008.89
744,66.87,38.60,37.87,41.78,1008.88
745,66.96,38.60,37.86,41.77,1008.88
746,67.05,38.60,37.85,41.76,1008.89
747,67.14,38.59,37.84,41.78,1008.88
748,67.23,38.58,37.82,41.77,1008.88
749,67.32,38.58,37.81,41.78,1008.88
750,67.41,38.57,37.80,41.76,1008.87
751,67.50,38.58,37.80,41.74,1008.87
752,67.59,38.57,37.79,41.75,1008.88
753,67.68,38.56,37.79,41.75,1008.87
754,67.77,38.56,37.79,41.76,1008.88
755,67.86,38.55,37.78,41.77,1008.88
756,67.95,38.55,37.78,41.75,1008.88
757,68.04,38.55,37.76,41.75,1008.88
758,68.13,38.55,37.76,41.72,1008.89
759,68.22,38.54,37.76,41.73,1008.89
760,68.31,38.53,37.75,41.74,1008.89
761,68.40,38.52,37.75,41.73,1008.89
762,68.49,38.51,37.76,41.73,1008.89
763,68.58,38.49,37.75,41.72,1008.89
764,68.67,38.49,37.74,41.74,1008.89
765,68.76,38.48,37.74,41.72,1008.89
766,68.85,38.46,37.73,41.74,1008.88
767,68.94,38.45,37.74,41.76,1008.88
768,69.03,38.43,37.73,41.78,1008.89
769,69.12,38.42,37.74,41.76,1008.89
770,69.21,38.40,37.72,41.79,1008.89
771,69.30,38.40,37.70,41.78,1008.90
772,69.39,38.40,37.70,41.78,1008.90
773,69.48,38.40,37.69,41.80,1008.90
774,69.57,38.40,37.68,41.81,1008.90
775,69.66,38.41,37.67,41.78,1008.91
776,69.75,38.41,37.66,41.78,1008.91
777,69.84,38.40,37.64,41.80,1008.91
778,69.93,38.39,37.63,41.80,1008.91
779,70.02,38.39,37.64,41.78,1008.91
780,70.11,38.37,37.62,41.78,1008.91
781,70.20,38.36,37.61,41.80,1008.92
782,70.29,38.35,37.60,41.80,1008.92
783,70.38,38.33,37.59,41.79,1008.92
784,70.47,38.32,37.59,41.80,1008.92
785,70.56,38.33,37.59,41.82,1008.92
786,70.65,38.33,37.58,41.83,1008.92
787,70.74,38.33,37.58,41.87,1008.92
788,70.83,38.33,37.57,41.86,1008.92
789,70.92,38.31,37.56,41.85,1008.92
790,71.01,38.32,37.56,41.83,1008.92
791,71.10,38.31,37.57,41.83,1008.91
792,71.19,38.30,37.56,41.83,1008.92
793,71.28,38.29,37.55,41.83,1008.92
794,71.37,38.29,37.54,41.84,1008.91
795,71.46,38.28,37.56,41.84,1008.92
796,71.55,38.27,37.55,41.87,1008.92
797,71.64,38.27,37.55,41.89,1008.92
798,71.73,38.26,37.54,41.86,1008.92
799,71.82,38.26,37.52,41.87,1008.92
800,71.91,38.26,37.50,41.88,1008.91
801,72.00,38.24,37.50,41.92,1008.91
802,72.09,38.23,37.49,41.92,1008.90
803,72.18,38.22,37.48,41.93,1008.91
804,72.27,38.21,37.48,41.95,1008.91
805,72.36,38.21,37.47,41.94,1008.91
806,72.45,38.20,37.46,41.93,1008.90
807,72.54,38.20,37.45,41.93,1008.90
808,72.63,38.19,37.45,41.92,1008.90
809,72.72,38.19,37.44,41.91,1008.90
810,72.81,38.18,37.41,41.89,1008.91
811,72.90,38.17,37.42,41.88,1008.91
812,72.99,38.16,37.43,41.86,1008.90
813,73.08,38.15,37.42,41.86,1008.91
814,73.17,38.15,37.42,41.85,1008.91
815,73.26,38.15,37.42,41.86,1008.91
816,73.35,38.14,37.43,41.87,1008.91
817,73.44,38.13,37.41,41.88,1008.91
818,73.53,38.12,37.41,41.87,1008.91
819,73.62,38.11,37.40,41.88,1008.91
820,73.71,38.11,37.38,41.87,1008.92
821,73.80,38.10,37.37,41.87,1008.91
822,73.89,38.08,37.36,41.86,1008.92
823,73.98,38.09,37.34,41.85,1008.92
824,74.07,38.08,37.35,41.84,1008.92
825,74.16,38.07,37.35,41.81,1008.92
826,74.25,38.07,37.33,41.84,1008.93
827,74.34,38.08,37.33,41.87,1008.93
828,74.43,38.06,37.32,41.87,1008.93
829,74.52,38.07,37.32,41.88,1008.93
830,74.61,38.06,37.31,41.88,1008.93
831,74.70,38.05,37.31,41.86,1008.93
832,74.79,38.04,37.29,41.88,1008.93
833,74.88,38.04,37.30,41.88,1008.92
834,74.97,38.02,37.29,41.87,1008.92
835,75.06,38.02,37.28,41.89,1008.92
836,75.15,38.02,37.28,41.89,1008.92
837,75.24,38.01,37.27,41.90,1008.92
838,75.33,38.00,37.25,41.91,1008.92
839,75.42,38.00,37.25,41.93,1008.92
840,75.51,38.01,37.25,41.94,1008.92
841,75.60,38.00,37.25,41.91,1008.92
842,75.69,37.99,37.24,41.91,1008.92
843,75.78,37.98,37.25,41.92,1008.92
844,75.87,37.96,37.24,41.91,1008.92
845,75.96,37.94,37.23,41.88,1008.92
846,76.05,37.93,37.21,41.86,1008.92
847,76.14,37.93,37.20,41.84,1008.92
848,76.23,37.92,37.20,41.85,1008.93
849,76.32,37.91,37.21,41.83,1008.93
850,76.41,37.90,37.21,41.84,1008.93
851,76.50,37.89,37.20,41.83,1008.93
852,76.59,37.89,37.19,41.81,1008.93
853,76.68,37.89,37.17,41.83,1008.93
854,76.77,37.88,37.18,41.84,1008.93
855,76.86,37.87,37.17,41.87,1008.93
856,76.95,37.86,37.16,41.87,1008.93
857,77.04,37.86,37.15,41.89,1008.93
858,77.13,37.84,37.15,41.90,1008.93
859,77.22,38.04,37.15,41.92,1008.93
860,77.31,37.83,37.13,41.93,1008.93
861,77.40,37.86,37.13,41.95,1008.93
862,77.49,37.82,37.11,41.96,1008.93
863,77.58,37.82,37.11,41.96,1008.93
864,77.67,37.81,37.10,41.94,1008.93
865,77.76,37.81,37.09,41.95,1008.93
866,77.85,37.80,37.08,41.96,1008.93
867,77.94,37.81,37.08,41.97,1008.93
868,78.03,37.80,37.07,41.96,1008.93
869,78.12,37.79,37.07,41.94,1008.93
870,78.21,37.78,37.05,41.93,1008.93
871,78.30,37.77,37.04,41.92,1008.93
872,78.39,37.77,37.05,41.93,1008.94
873,78.48,37.76,37.04,41.95,1008.94
874,78.57,37.75,37.03,41.98,1008.94
875,78.66,37.76,37.03,41.99,1008.93
876,78.75,37.76,37.03,41.97,1008.93
877,78.84,37.76,37.01,41.98,1008.93
878,78.93,37.74,37.03,41.97,1008.93
879,79.02,37.74,37.02,41.96,1008.93
880,79.11,37.73,37.03,41.94,1008.93
881,79.20,37.73,37.03,41.96,1008.92
882,79.29,37.72,37.02,41.95,1008.92
883,79.38,37.73,37.01,41.95,1008.92
884,79.47,37.72,37.00,41.96,1008.92
885,79.56,37.72,37.00,41.95,1008.92
886,79.65,37.72,37.00,41.95,1008.91
887,79.74,37.72,37.00,41.97,1008.91
888,79.83,37.71,36.99,41.97,1008.91
889,79.92,37.71,36.98,41.97,1008.91
890,80.01,37.70,36.98,41.97,1008.91
891,80.10,37.69,36.97,41.96,1008.91
892,80.19,37.68,36.95,41.98,1008.91
893,80.28,37.69,36.95,42.00,1008.90
894,80.37,37.67,36.93,42.00,1008.90
895,80.46,37.67,36.93,42.00,1008.90
896,80.55,37.66,36.93,42.00,1008.89
897,80.64,37.65,36.92,42.00,1008.90
898,80.73,37.65,36.92,42.02,1008.89
899,80.82,37.65,36.90,42.03,1008.89
900,80.91,37.65,36.89,42.04,1008.90
901,81.00,37.64,36.89,42.02,1008.90
902,81.09,37.64,36.90,41.99,1008.90
903,81.18,37.63,36.88,41.99,1008.89
904,81.27,37.63,36.89,41.98,1008.89
905,81.36,37.61,36.87,41.99,1008.89
906,81.45,37.61,36.87,42.00,1008.89
907,81.54,37.61,36.85,41.99,1008.90
908,81.63,37.60,36.84,41.99,1008.90
909,81.72,37.60,36.84,41.98,1008.90
910,81.81,37.60,36.85,41.99,1008.90
911,81.90,37.60,36.83,41.96,1008.90
912,81.99,37.59,36.83,41.94,1008.90
913,82.08,37.58,36.83,41.95,1008.90
914,82.17,37.58,36.82,41.96,1008.91
915,82.26,37.55,36.81,41.94,1008.91
916,82.35,37.54,36.80,41.95,1008.91
917,82.44,37.54,36.79,41.95,1008.91
918,82.53,37.54,36.78,41.97,1008.91
919,82.62,37.53,36.77,41.94,1008.92
920,82.71,37.53,36.77,41.95,1008.92
921,82.80,37.51,36.77,41.97,1008.92
922,82.89,37.50,36.76,41.97,1008.92
923,82.98,37.49,36.75,41.97,1008.92
924,83.07,37.49,36.76,41.95,1008.92
925,83.16,37.47,36.76,41.94,1008.92
926,83.25,37.48,36.75,41.93,1008.92
927,83.34,37.48,36.74,41.93,1008.92
928,83.43,37.47,36.73,41.95,1008.92
929,83.52,37.46,36.73,41.96,1008.92
930,83.61,37.45,36.72,41.96,1008.91
931,83.70,37.44,36.72,41.98,1008.91
932,83.79,37.43,36.71,41.98,1008.91
933,83.88,37.43,36.71,41.98,1008.91
934,83.97,37.42,36.71,42.00,1008.90
935,84.06,37.41,36.69,41.97,1008.90
936,84.15,37.41,36.69,41.97,1008.90
937,84.24,37.41,36.68,41.96,1008.90
938,84.33,37.40,36.68,41.93,1008.90
939,84.42,37.40,36.65,41.93,1008.89
940,84.51,37.39,36.65,41.92,1008.90
941,84.60,37.38,36.65,41.94,1008.90
942,84.69,37.38,36.65,41.92,1008.90
943,84.78,37.37,36.64,41.93,1008.90
944,84.87,37.37,36.63,41.93,1008.89
945,84.96,37.36,36.62,41.92,1008.89
946,85.05,37.35,36.60,41.93,1008.88
947,85.14,37.34,36.59,41.92,1008.88
948,85.23,37.33,36.58,41.93,1008.88
949,85.32,37.32,36.59,41.94,1008.88
950,85.41,37.32,36.58,41.94,1008.88
951,85.50,37.31,36.58,41.92,1008.88
952,85.59,37.30,36.58,41.92,1008.88
953,85.68,37.30,36.57,41.89,1008.87
954,85.77,37.30,36.58,41.90,1008.88
955,85.86,37.29,36.57,41.88,1008.87
956,85.95,37.29,36.55,41.89,1008.88
957,86.04,37.29,36.53,41.88,1008.88
958,86.13,37.28,36.52,41.88,1008.88
959,86.22,37.27,36.52,41.87,1008.88
960,86.31,37.27,36.52,41.88,1008.88
961,86.40,37.26,36.51,41.89,1008.88
962,86.49,37.25,36.50,41.89,1008.88
963,86.58,37.24,36.49,41.92,1008.88
964,86.67,37.24,36.48,41.93,1008.88
965,86.76,37.24,36.46,41.92,1008.89
966,86.85,37.24,36.45,41.92,1008.89
967,86.94,37.24,36.44,41.91,1008.89
968,87.03,37.23,36.42,41.94,1008.90
969,87.12,37.22,36.40,41.94,1008.90
970,87.21,37.22,36.39,41.93,1008.90
971,87.30,37.22,36.39,41.93,1008.90
972,87.39,37.20,36.39,41.92,1008.90
973,87.48,37.19,36.37,41.91,1008.91
974,87.57,37.18,36.36,41.92,1008.91
975,87.66,37.18,36.35,41.93,1008.91
976,87.75,37.18,36.35,41.93,1008.91
977,87.84,37.16,36.35,41.93,1008.91
978,87.93,37.15,36.34,41.96,1008.91
979,88.02,37.15,36.35,41.99,1008.91
980,88.11,37.14,36.35,41.95,1008.91
981,88.20,37.14,36.35,41.96,1008.91
982,88.29,37.12,36.35,41.97,1008.91
983,88.38,37.12,36.36,41.96,1008.91
984,88.47,37.12,36.36,41.97,1008.98
985,88.56,37.10,36.36,41.95,1008.91
986,88.65,37.09,36.37,41.93,1008.92
987,88.74,37.09,36.39,41.96,1008.91
988,88.83,37.08,36.39,41.96,1008.91
989,88.92,37.08,36.40,41.95,1008.91
990,89.01,37.08,36.41,41.93,1008.91
991,89.10,37.07,36.41,41.96,1008.91
992,89.19,37.06,36.42,41.94,1008.91
993,89.28,37.04,36.43,41.93,1008.91
994,89.37,37.04,36.43,41.94,1008.91
995,89.46,37.03,36.43,41.95,1008.90
996,89.55,37.02,36.43,41.93,1008.90
997,89.64,37.02,36.42,41.90,1008.90
998,89.73,37.01,36.42,41.90,1008.90
999,89.82,37.01,36.41,41.88,1008.89
1000,89.91,37.00,36.41,41.85,1008.89
1001,90.00,37.00,36.41,41.84,1008.89
1002,90.09,37.00,36.39,41.81,1008.89
1003,90.18,36.99,36.38,41.81,1008.88
1004,90.27,36.99,36.37,41.82,1008.88
1005,90.36,36.99,36.36,41.82,1008.88
1006,90.45,36.99,36.37,41.82,1008.88
1007,90.54,36.97,36.35,41.81,1008.88
1008,90.63,36.96,36.33,41.79,1008.88
1009,90.72,36.96,36.33,41.79,1008.88
1010,90.81,36.96,36.32,41.79,1008.88
1011,90.90,36.96,36.32,41.79,1008.89
1012,90.99,36.94,36.32,41.81,1008.89
1013,91.08,36.93,36.32,41.82,1008.89
1014,91.17,36.93,36.32,41.83,1008.89
1015,91.26,36.93,36.32,41.84,1008.89
1016,91.35,36.93,36.31,41.86,1008.89
1017,91.44,36.91,36.29,41.85,1008.89
1018,91.53,36.91,36.27,41.85,1008.90
1019,91.62,36.90,36.25,41.85,1008.90
1020,91.71,36.89,36.24,41.86,1008.90
1021,91.80,36.88,36.24,41.87,1008.90
1022,91.89,36.86,36.23,41.89,1008.90
1023,91.98,36.86,36.23,41.89,1008.91
1024,92.07,36.86,36.22,41.91,1008.91
1025,92.16,36.85,36.20,41.92,1008.91
1026,92.25,36.86,36.19,41.93,1008.91
1027,92.34,36.86,36.18,41.91,1008.91
1028,92.43,36.86,36.18,41.90,1008.91
1029,92.52,36.85,36.17,41.91,1008.92
1030,92.61,36.85,36.16,41.90,1008.91
1031,92.70,36.84,36.15,41.90,1008.92
1032,92.79,36.85,36.15,41.89,1008.91
1033,92.88,36.84,36.14,41.88,1008.91
1034,92.97,36.84,36.13,41.87,1008.91
1035,93.06,36.83,36.14,41.88,1008.91
1036,93.15,36.83,36.12,41.88,1008.91
1037,93.24,36.82,36.10,41.87,1008.91
1038,93.33,36.82,36.10,41.84,1008.92
1039,93.42,36.82,36.10,41.85,1008.92
1040,93.51,36.81,36.09,41.83,1008.92
1041,93.60,36.81,36.09,41.82,1008.92
1042,93.69,36.81,36.10,41.83,1008.92
1043,93.78,36.82,36.10,41.83,1008.91
1044,93.87,36.81,36.09,41.83,1008.92
1045,93.96,36.80,36.09,41.82,1008.92
1046,94.05,36.79,36.09,41.85,1008.92
1047,94.14,36.78,36.09,41.85,1008.92
1048,94.23,36.78,36.07,41.84,1008.92
1049,94.32,36.76,36.07,41.83,1008.93
1050,94.41,36.75,36.07,41.81,1008.93
1051,94.50,36.75,36.06,41.83,1008.93
1052,94.59,36.75,36.04,41.83,1008.93
1053,94.68,36.74,36.04,41.83,1008.93
1054,94.77,36.73,36.03,41.82,1008.93
1055,94.86,36.73,36.02,41.80,1008.92
1056,94.95,36.72,36.00,41.80,1008.93
1057,95.04,36.70,35.99,41.81,1008.93
1058,95.13,36.69,35.99,41.80,1008.93
1059,95.22,36.70,36.00,41.81,1008.93
1060,95.31,36.69,35.98,41.84,1008.93
1061,95.40,36.68,35.98,41.83,1008.93
1062,95.49,36.68,35.98,41.82,1008.92
1063,95.58,36.66,35.96,41.79,1008.92
1064,95.67,36.65,35.95,41.81,1008.92
1065,95.76,36.65,35.95,41.82,1008.92
1066,95.85,36.65,35.95,41.82,1008.92
1067,95.94,36.64,35.95,41.82,1008.93
1068,96.03,36.64,35.93,41.81,1008.92
1069,96.12,36.63,35.93,41.79,1008.92
1070,96.21,36.64,35.91,41.77,1008.93
1071,96.30,36.63,35.91,41.75,1008.93
1072,96.39,36.63,35.91,41.75,1008.93
1073,96.48,36.62,35.92,41.72,1008.93
1074,96.57,36.62,35.91,41.70,1008.93
1075,96.66,36.61,35.91,41.67,1008.93
1076,96.75,36.61,35.90,41.65,1008.93
1077,96.84,36.60,35.89,41.63,1008.93
1078,96.93,36.59,35.89,41.65,1008.93
1079,97.02,36.59,35.88,41.65,1008.93
1080,97.11,36.58,35.87,41.65,1008.93
1081,97.20,36.58,35.87,41.67,1008.93
1082,97.29,36.57,35.87,41.68,1008.93
1083,97.38,36.58,35.88,41.68,1008.93
1084,97.47,36.56,35.87,41.70,1008.93
1085,97.56,36.56,35.87,41.71,1008.93
1086,97.65,36.55,35.86,41.70,1008.93
1087,97.74,36.55,35.86,41.72,1008.92
1088,97.83,36.55,35.86,41.72,1008.93
1089,97.92,36.54,35.86,41.71,1008.93
1090,98.01,36.53,35.86,41.70,1008.93
1091,98.10,36.52,35.86,41.71,1008.93
1092,98.19,36.51,35.85,41.72,1008.92
1093,98.28,36.50,35.84,41.73,1008.92
1094,98.37,36.49,35.84,41.73,1008.92
1095,98.46,36.50,35.83,41.74,1008.92
1096,98.55,36.49,35.82,41.75,1008.91
1097,98.64,36.47,35.82,41.75,1008.91
1098,98.73,36.46,35.82,41.75,1008.91
1099,98.82,36.47,35.81,41.73,1008.91
1100,98.91,36.46,35.81,41.74,1008.91
1101,99.00,36.45,35.82,41.72,1008.91
1102,99.09,36.45,35.82,41.71,1008.90
1103,99.18,36.43,35.81,41.73,1008.90
1104,99.27,36.43,35.80,41.73,1008.90
1105,99.36,36.43,35.80,41.71,1008.90
1106,99.45,36.42,35.81,41.70,1008.90
1107,99.54,36.40,35.80,41.69,1008.91
1108,99.63,36.40,35.79,41.70,1008.91
1109,99.72,36.39,35.79,41.69,1008.91
1110,99.81,36.39,35.79,41.69,1008.91
1111,99.90,36.39,35.78,41.67,1008.91
1112,99.99,36.38,35.77,41.70,1008.92
1113,100.08,36.37,35.76,41.68,1008.92
1114,100.17,36.38,35.76,41.71,1008.92
1115,100.26,36.38,35.75,41.72,1008.92
1116,100.35,36.38,35.74,41.74,1008.92
1117,100.44,36.37,35.73,41.74,1008.92
1118,100.53,36.37,35.72,41.75,1008.92
1119,100.62,36.36,35.72,41.74,1008.93
1120,100.71,36.36,35.71,41.73,1008.93
1121,100.80,36.36,35.70,41.73,1008.93
1122,100.89,36.35,35.68,41.73,1008.93
1123,100.98,36.35,35.66,41.73,1008.93
1124,101.07,36.34,35.66,41.72,1008.93
1125,101.16,36.32,35.66,41.72,1008.94
1126,101.25,36.31,35.67,41.73,1008.93
1127,101.34,36.31,35.66,41.70,1008.93
1128,101.43,36.31,35.67,41.72,1008.94
1129,101.52,36.30,35.66,41.74,1008.94
1130,101.61,36.31,35.66,41.76,1008.93
1131,101.70,36.30,35.66,41.81,1008.94
1132,101.79,36.30,35.65,41.84,1008.94
1133,101.88,36.30,35.65,41.84,1008.94
1134,101.97,36.29,35.65,41.83,1008.94
1135,102.06,36.29,35.64,41.84,1008.94
1136,102.15,36.28,35.63,41.82,1008.93
1137,102.24,36.29,35.63,41.81,1008.93
1138,102.33,36.28,35.62,41.82,1008.93
1139,102.42,36.27,35.62,41.81,1008.93
1140,102.51,36.26,35.63,41.79,1008.93
1141,102.60,36.25,35.61,41.78,1008.92
1142,102.69,36.25,35.60,41.75,1008.92
1143,102.78,36.24,35.60,41.74,1008.92
1144,102.87,36.25,35.61,41.73,1008.91
1145,102.96,36.24,35.59,41.73,1008.91
1146,103.05,36.23,35.58,41.72,1008.91
1147,103.14,36.22,35.58,41.76,1008.91
1148,103.23,36.22,35.57,41.75,1008.90
1149,103.32,36.21,35.57,41.73,1008.90
1150,103.41,36.21,35.56,41.71,1008.90
1151,103.50,36.20,35.55,41.74,1008.89
1152,103.59,36.19,35.54,41.80,1008.89
1153,103.68,36.18,35.52,41.82,1008.89
1154,103.77,36.18,35.53,41.84,1008.89
1155,103.86,36.19,35.52,41.84,1008.89
1156,103.95,36.17,35.52,41.84,1008.89
1157,104.04,36.17,35.52,41.86,1008.89
1158,104.13,36.16,35.52,41.85,1008.89
1159,104.22,36.15,35.50,41.85,1008.89
1160,104.31,36.15,35.49,41.86,1008.89
1161,104.40,36.15,35.48,41.84,1008.89
1162,104.49,36.13,35.48,41.84,1008.88
1163,104.58,36.13,35.48,41.85,1008.88
1164,104.67,36.12,35.48,41.86,1008.88
1165,104.76,36.13,35.49,41.82,1008.89
1166,104.85,36.13,35.48,41.82,1008.89
1167,104.94,36.12,35.47,41.84,1008.89
1168,105.03,36.12,35.46,41.89,1008.89
1169,105.12,36.11,35.46,41.89,1008.89
1170,105.21,36.12,35.45,41.89,1008.89
1171,105.30,36.12,35.46,41.87,1008.90
1172,105.39,36.11,35.46,41.87,1008.90
1173,105.48,36.11,35.45,41.87,1008.90
1174,105.57,36.11,35.44,41.83,1008.91
1175,105.66,36.11,35.42,41.83,1008.91
1176,105.75,36.11,35.42,41.81,1008.91
1177,105.84,36.10,35.41,41.81,1008.90
1178,105.93,36.09,35.42,41.80,1008.91
1179,106.02,36.08,35.43,41.80,1008.91
1180,106.11,36.08,35.42,41.78,1008.91
1181,106.20,36.09,35.41,41.76,1008.91
1182,106.29,36.08,35.41,41.76,1008.91
1183,106.38,36.08,35.39,41.73,1008.92
1184,106.47,36.08,35.39,41.74,1008.91
1185,106.56,36.06,35.39,41.72,1008.91
1186,106.65,36.06,35.38,41.74,1008.91
1187,106.74,36.05,35.37,41.74,1008.91
1188,106.83,36.04,35.38,41.76,1008.91
1189,106.92,36.04,35.38,41.76,1008.91
1190,107.01,36.02,35.37,41.77,1008.91
1191,107.10,36.03,35.37,41.74,1008.91
1192,107.19,36.03,35.37,41.73,1008.90
1193,107.28,36.03,35.36,41.72,1008.90
1194,107.37,36.03,35.35,41.72,1008.90
1195,107.46,36.02,35.35,41.72,1008.90
1196,107.55,36.01,35.34,41.71,1008.90
1197,107.64,36.01,35.34,41.71,1008.90
1198,107.73,35.99,35.33,41.73,1008.89
1199,107.82,36.00,35.33,41.73,1008.89
1200,107.91,35.99,35.31,41.74,1008.89
1201,108.00,35.98,35.31,41.70,1008.90
1202,108.09,35.98,35.30,41.71,1008.89
1203,108.18,35.98,35.29,41.71,1008.89
1204,108.27,35.96,35.29,41.70,1008.89
1205,108.36,35.97,35.30,41.70,1008.88
1206,108.45,35.96,35.30,41.71,1008.88
1207,108.54,35.95,35.29,41.72,1008.88
1208,108.63,35.95,35.28,41.71,1008.88
1209,108.72,35.94,35.28,41.72,1008.88
1210,108.81,35.94,35.29,41.72,1008.88
1211,108.90,35.93,35.28,41.72,1008.88
1212,108.99,35.93,35.26,41.70,1008.88
1213,109.08,35.92,35.26,41.70,1008.88
1214,109.17,35.91,35.26,41.70,1008.89
1215,109.26,35.90,35.26,41.71,1008.89
1216,109.35,35.90,35.26,41.69,1008.89
1217,109.44,35.90,35.27,41.67,1008.89
1218,109.53,35.90,35.27,41.70,1008.89
1219,109.62,35.89,35.27,41.72,1008.89
1220,109.71,35.88,35.28,41.71,1008.89
1221,109.80,35.88,35.27,41.70,1008.89
1222,109.89,35.88,35.26,41.70,1008.89
1223,109.98,35.88,35.25,41.71,1008.89
1224,110.07,35.88,35.26,41.68,1008.89
1225,110.16,35.88,35.25,41.66,1008.89
1226,110.25,35.87,35.24,41.68,1008.89
1227,110.34,35.87,35.26,41.72,1008.89
1228,110.43,35.86,35.27,41.71,1008.89
1229,110.52,35.85,35.26,41.69,1008.89
1230,110.61,35.84,35.26,41.71,1008.89
1231,110.70,35.84,35.25,41.70,1008.89
1232,110.79,35.84,35.26,41.70,1008.90
1233,110.88,35.83,35.26,41.70,1008.90
1234,110.97,35.81,35.25,41.71,1008.90
1235,111.06,35.81,35.24,41.69,1008.91
1236,111.15,35.80,35.24,41.66,1008.91
1237,111.24,35.80,35.23,41.66,1008.91
1238,111.33,35.80,35.23,41.67,1008.91
1239,111.42,35.79,35.22,41.66,1008.91
1240,111.51,35.78,35.21,41.67,1008.90
1241,111.60,35.78,35.20,41.67,1008.90
1242,111.69,35.78,35.19,41.68,1008.91
1243,111.78,35.77,35.19,41.67,1008.91
1244,111.87,35.77,35.16,41.70,1008.91
1245,111.96,35.75,35.15,41.68,1008.91
1246,112.05,35.75,35.13,41.69,1008.91
1247,112.14,35.74,35.11,41.70,1008.91
1248,112.23,35.73,35.09,41.70,1008.91
1249,112.32,35.73,35.07,41.69,1008.91
1250,112.41,35.72,35.06,41.72,1008.92
1251,112.50,35.72,35.04,41.72,1008.92
1252,112.59,35.71,35.04,41.70,1008.92
1253,112.68,35.70,35.03,41.70,1008.92
1254,112.77,35.69,35.03,41.70,1008.92
1255,112.86,35.69,35.03,41.71,1008.92
1256,112.95,35.69,35.02,41.71,1008.92
1257,113.04,35.69,35.02,41.72,1008.92
1258,113.13,35.69,35.01,41.73,1008.91
1259,113.22,35.68,35.01,41.73,1008.92
1260,113.31,35.68,35.00,41.74,1008.92
1261,113.40,35.66,35.01,41.72,1008.92
1262,113.49,35.66,35.00,41.72,1008.92
1263,113.58,35.65,34.99,41.71,1008.92
1264,113.67,35.65,34.98,41.74,1008.92
1265,113.76,35.65,34.98,41.75,1008.92
1266,113.85,35.65,34.98,41.72,1008.92
1267,113.94,35.64,34.97,41.75,1008.92
1268,114.03,35.63,34.97,41.76,1008.92
1269,114.12,35.63,34.97,41.76,1008.92
1270,114.21,35.62,34.96,41.75,1008.92
1271,114.30,35.61,34.97,41.75,1008.92
1272,114.39,35.62,34.96,41.76,1008.92
1273,114.48,35.61,34.96,41.79,1008.92
1274,114.57,35.60,34.97,41.79,1008.92
1275,114.66,35.60,34.98,41.79,1008.92
1276,114.75,35.60,34.97,41.79,1008.92
1277,114.84,35.60,34.95,41.79,1008.92
1278,114.93,35.59,34.95,41.78,1008.92
1279,115.02,35.59,34.95,41.77,1008.92
1280,115.11,35.59,34.93,41.76,1008.92
1281,115.20,35.58,34.93,41.75,1008.92
1282,115.29,35.57,34.92,41.76,1008.92
1283,115.38,35.57,34.92,41.76,1008.92
1284,115.47,35.56,34.90,41.78,1008.92
1285,115.56,35.56,34.90,41.77,1008.92
1286,115.65,35.55,34.89,41.75,1008.92
1287,115.74,35.54,34.89,41.75,1008.92
1288,115.83,35.54,34.88,41.75,1008.92
1289,115.92,35.53,34.87,41.74,1008.93
1290,116.01,35.52,34.88,41.72,1008.92
1291,116.10,35.52,34.88,41.70,1008.92
1292,116.19,35.51,34.88,41.71,1008.93
1293,116.28,35.50,34.87,41.69,1008.93
1294,116.37,35.51,34.87,41.65,1008.93
1295,116.46,35.49,34.88,41.66,1008.93
1296,116.55,35.49,34.88,41.68,1008.93
1297,116.64,35.48,34.88,41.65,1008.92
1298,116.73,35.47,34.88,41.64,1008.92
1299,116.82,35.47,34.88,41.66,1008.92
1300,116.91,35.47,34.86,41.66,1008.92
1301,117.00,35.47,34.86,41.66,1008.92
1302,117.09,35.47,34.86,41.66,1008.92
1303,117.18,35.46,34.85,41.65,1008.92
1304,117.27,35.45,34.84,41.65,1008.91
1305,117.36,35.44,34.83,41.65,1008.91
1306,117.45,35.43,34.82,41.66,1008.91
1307,117.54,35.43,34.80,41.67,1008.92
1308,117.63,35.43,34.79,41.67,1008.92
1309,117.72,35.42,34.78,41.66,1008.92
1310,117.81,35.42,34.76,41.67,1008.92
1311,117.90,35.41,34.76,41.68,1008.92
1312,117.99,35.41,34.76,41.68,1008.92
1313,118.08,35.41,34.75,41.67,1008.92
1314,118.17,35.40,34.74,41.64,1008.92
1315,118.26,35.40,34.73,41.62,1008.92
1316,118.35,35.39,34.73,41.61,1008.92
1317,118.44,35.38,34.73,41.62,1008.93
1318,118.53,35.37,34.72,41.63,1008.93
1319,118.62,35.36,34.71,41.64,1008.93
1320,118.71,35.35,34.70,41.66,1008.93
1321,118.80,35.35,34.69,41.68,1008.93
1322,118.89,35.35,34.68,41.72,1008.93
1323,118.98,35.35,34.68,41.72,1008.94
1324,119.07,35.34,34.67,41.70,1008.94
1325,119.16,35.34,34.67,41.71,1008.94
1326,119.25,35.34,34.67,41.70,1008.94
1327,119.34,35.34,34.67,41.68,1008.94
1328,119.43,35.35,34.68,41.69,1008.94
1329,119.52,35.34,34.68,41.70,1008.94
1330,119.61,35.32,34.68,41.72,1008.93
1331,119.70,35.32,34.67,41.72,1008.94
1332,119.79,35.31,34.67,41.74,1008.94
1333,119.88,35.30,34.67,41.76,1008.94
1334,119.97,35.30,34.68,41.76,1008.94
1335,120.06,35.29,34.67,41.75,1008.94
1336,120.15,35.29,34.65,41.73,1008.94
1337,120.24,35.29,34.65,41.74,1008.94
1338,120.33,35.30,34.64,41.77,1008.94
1339,120.42,35.30,34.63,41.78,1008.93
1340,120.51,35.29,34.64,41.76,1008.94
1341,120.60,35.28,34.63,41.78,1008.93
1342,120.69,35.28,34.63,41.80,1008.93
1343,120.78,35.27,34.63,41.78,1008.93
1344,120.87,35.27,34.64,41.77,1008.93
1345,120.96,35.26,34.63,41.78,1008.93
1346,121.05,35.26,34.61,41.78,1008.93
1347,121.14,35.26,34.61,41.76,1008.93
1348,121.23,35.26,34.60,41.77,1008.92
1349,121.32,35.25,34.60,41.78,1008.92
1350,121.41,35.25,34.59,41.77,1008.92
1351,121.50,35.24,34.58,41.76,1008.92
1352,121.59,35.24,34.58,41.75,1008.92
1353,121.68,35.23,34.58,41.73,1008.91
1354,121.77,35.23,34.57,41.75,1008.91
1355,121.86,35.23,34.58,41.76,1008.91
1356,121.95,35.22,34.58,41.74,1008.90
1357,122.04,35.22,34.57,41.74,1008.90
1358,122.13,35.21,34.56,41.74,1008.90
1359,122.22,35.22,34.57,41.74,1008.90
1360,122.31,35.21,34.57,41.73,1008.90
1361,122.40,35.21,34.56,41.76,1008.90
1362,122.49,35.20,34.56,41.76,1008.90
1363,122.58,35.20,34.55,41.74,1008.90
1364,122.67,35.20,34.55,41.74,1008.90
1365,122.76,35.20,34.52,41.74,1008.90
1366,122.85,35.20,34.53,41.76,1008.90
1367,122.94,35.19,34.53,41.76,1008.91
1368,123.03,35.18,34.52,41.73,1008.91
1369,123.12,35.18,34.51,41.74,1008.91
1370,123.21,35.18,34.50,41.75,1008.91
1371,123.30,35.18,34.50,41.79,1008.91
1372,123.39,35.17,34.50,41.82,1008.91
1373,123.48,35.17,34.49,41.82,1008.91
1374,123.57,35.17,34.47,41.83,1008.91
1375,123.66,35.17,34.46,41.82,1008.91
1376,123.75,35.16,34.47,41.80,1008.91
1377,123.84,35.15,34.46,41.80,1008.91
1378,123.93,35.14,34.46,41.81,1008.92
1379,124.02,35.14,34.47,41.82,1008.92
1380,124.11,35.14,34.46,41.84,1008.92
1381,124.20,35.13,34.46,41.86,1008.92
1382,124.29,35.12,34.45,41.84,1008.92
1383,124.38,35.11,34.44,41.84,1008.92
1384,124.47,35.11,34.44,41.83,1008.92
1385,124.56,35.10,34.45,41.83,1008.92
1386,124.65,35.10,34.44,41.81,1008.92
1387,124.74,35.09,34.45,41.83,1008.92
1388,124.83,35.10,34.44,41.83,1008.91
1389,124.92,35.10,34.45,41.84,1008.91
1390,125.01,35.10,34.45,41.82,1008.90
1391,125.10,35.09,34.45,41.80,1008.90
1392,125.19,35.09,34.44,41.79,1008.90
1393,125.28,35.08,34.44,41.78,1008.90
1394,125.37,35.07,34.43,41.78,1008.90
1395,125.46,35.05,34.43,41.77,1008.90
1396,125.55,35.05,34.44,41.76,1008.90
1397,125.64,35.04,34.43,41.75,1008.90
1398,125.73,35.04,34.43,41.76,1008.90
1399,125.82,35.03,34.44,41.74,1008.89
1400,125.91,35.02,34.42,41.74,1008.89
1401,126.00,35.02,34.42,41.74,1008.89
1402,126.09,35.01,34.41,41.74,1008.89
1403,126.18,35.01,34.41,41.75,1008.89
1404,126.27,35.01,34.40,41.72,1008.89
1405,126.36,34.99,34.41,41.69,1008.89
1406,126.45,34.99,34.41,41.71,1008.89
1407,126.54,34.98,34.41,41.71,1008.88
1408,126.63,34.97,34.41,41.73,1008.88
1409,126.72,34.97,34.41,41.71,1008.88
1410,126.81,34.97,34.41,41.70,1008.88
1411,126.90,34.97,34.42,41.70,1008.88
1412,126.99,34.97,34.41,41.68,1008.88
1413,127.08,34.98,34.41,41.70,1008.88
1414,127.17,34.97,34.41,41.69,1008.88
1415,127.26,34.96,34.41,41.70,1008.88
1416,127.35,34.96,34.40,41.71,1008.88
1417,127.44,34.95,34.39,41.74,1008.87
1418,127.53,34.95,34.38,41.71,1008.87
1419,127.62,34.95,34.38,41.73,1008.87
1420,127.71,34.94,34.36,41.76,1008.87
1421,127.80,34.93,34.36,41.78,1008.88
1422,127.89,34.92,34.35,41.77,1008.88
1423,127.98,34.91,34.34,41.80,1008.88
1424,128.07,34.90,34.32,41.78,1008.89
1425,128.16,34.90,34.32,41.79,1008.89
1426,128.25,34.90,34.32,41.78,1008.89
1427,128.34,34.89,34.31,41.77,1008.89
1428,128.43,34.89,34.30,41.81,1008.89
1429,128.52,34.88,34.30,41.83,1008.89
1430,128.61,34.89,34.29,41.83,1008.89
1431,128.70,34.88,34.29,41.85,1008.90
1432,128.79,34.87,34.29,41.87,1008.90
1433,128.88,34.87,34.27,41.83,1008.90
1434,128.97,34.87,34.26,41.85,1008.90
1435,129.06,34.86,34.26,41.83,1008.91
1436,129.15,34.84,34.25,41.81,1008.91
1437,129.24,34.83,34.25,41.80,1008.91
1438,129.33,34.84,34.24,41.81,1008.91
1439,129.42,34.83,34.24,41.82,1008.91
1440,129.51,34.83,34.24,41.80,1008.91
1441,129.60,34.82,34.23,41.83,1008.91
1442,129.69,34.82,34.23,41.85,1008.91
1443,129.78,34.83,34.22,41.85,1008.91
1444,129.87,34.82,34.22,41.84,1008.91
1445,129.96,34.81,34.21,41.87,1008.90
1446,130.05,34.80,34.19,41.88,1008.90
1447,130.14,34.81,34.17,41.89,1008.90
1448,130.23,34.80,34.16,41.87,1008.91
1449,130.32,34.79,34.16,41.87,1008.91
1450,130.41,34.79,34.16,41.87,1008.90
1451,130.50,34.79,34.14,41.87,1008.90
1452,130.59,34.79,34.13,41.87,1008.90
1453,130.68,34.78,34.13,41.85,1008.90
1454,130.77,34.77,34.13,41.86,1008.90
1455,130.86,34.76,34.12,41.86,1008.90
1456,130.95,34.76,34.12,41.85,1008.90
1457,131.04,34.76,34.12,41.84,1008.90
1458,131.13,34.76,34.12,41.84,1008.90
1459,131.22,34.75,34.12,41.86,1008.90
1460,131.31,34.74,34.12,41.87,1008.90
1461,131.40,34.75,34.11,41.87,1008.90
1462,131.49,34.75,34.11,41.87,1008.91
1463,131.58,34.74,34.11,41.87,1008.90
1464,131.67,34.73,34.10,41.87,1008.90
1465,131.76,34.73,34.11,41.85,1008.90
1466,131.85,34.72,34.11,41.87,1008.90
1467,131.94,34.71,34.11,41.86,1008.91
1468,132.03,34.70,34.10,41.88,1008.90
1469,132.12,34.70,34.10,41.85,1008.91
1470,132.21,34.69,34.10,41.86,1008.91
1471,132.30,34.69,34.10,41.84,1008.90
1472,132.39,34.69,34.10,41.82,1008.90
1473,132.48,34.68,34.09,41.85,1008.90
1474,132.57,34.67,34.08,41.86,1008.90
1475,132.66,34.67,34.08,41.84,1008.90
1476,132.75,34.66,34.07,41.83,1008.90
1477,132.84,34.66,34.07,41.83,1008.90
1478,132.93,34.65,34.07,41.84,1008.90
1479,133.02,34.64,34.07,41.87,1008.90
1480,133.11,34.65,34.07,41.86,1008.91
1481,133.20,34.65,34.05,41.85,1008.91
1482,133.29,34.65,34.05,41.84,1008.91
1483,133.38,34.64,34.04,41.83,1008.91
1484,133.47,34.64,34.04,41.83,1008.92
1485,133.56,34.64,34.03,41.84,1008.92
1486,133.65,34.63,34.04,41.84,1008.91
1487,133.74,34.62,34.03,41.83,1008.92
1488,133.83,34.61,34.04,41.85,1008.92
1489,133.92,34.61,34.05,41.85,1008.92
1490,134.01,34.61,34.04,41.85,1008.92
1491,134.10,34.61,34.03,41.82,1008.92
1492,134.19,34.61,34.03,41.79,1008.92
1493,134.28,34.60,34.02,41.77,1008.92
1494,134.37,34.61,34.01,41.78,1008.92
1495,134.46,34.60,34.01,41.78,1008.92
1496,134.55,34.60,34.01,41.77,1008.92
1497,134.64,34.60,34.01,41.77,1008.92
1498,134.73,34.59,34.00,41.80,1008.92
1499,134.82,34.59,34.01,41.83,1008.92
1500,134.91,34.59,34.01,41.86,1008.91
1501,135.00,34.58,34.01,41.88,1008.91
1502,135.09,34.59,34.01,41.87,1008.91
1503,135.18,34.58,34.01,41.90,1008.91
1504,135.27,34.59,33.99,41.90,1008.91
1505,135.36,34.59,34.00,41.91,1008.91
1506,135.45,34.58,34.00,41.91,1008.91
1507,135.54,34.56,33.99,41.93,1008.91
1508,135.63,34.57,33.98,41.94,1008.91
1509,135.72,34.57,33.98,41.93,1008.91
1510,135.81,34.56,33.97,41.94,1008.91
1511,135.90,34.57,33.97,41.94,1008.91
1512,135.99,34.56,33.97,41.95,1008.91
1513,136.08,34.55,33.96,41.94,1008.91
1514,136.17,34.54,33.96,41.98,1008.92
1515,136.26,34.54,33.96,41.97,1008.92
1516,136.35,34.54,33.96,41.98,1008.92
1517,136.44,34.55,33.97,41.98,1008.93
1518,136.53,34.53,33.97,41.97,1008.92
1519,136.62,34.52,33.96,41.96,1008.92
1520,136.71,34.50,33.95,41.93,1008.93
1521,136.80,34.50,33.94,41.94,1008.93
1522,136.89,34.49,33.94,41.93,1008.93
1523,136.98,34.49,33.93,41.93,1008.93
1524,137.07,34.50,33.94,41.94,1008.94
1525,137.16,34.50,33.94,41.95,1008.94
1526,137.25,34.50,33.92,41.93,1008.94
1527,137.34,34.49,33.92,41.92,1008.94
1528,137.43,34.49,33.91,41.94,1008.94
1529,137.52,34.49,33.90,41.94,1008.94
1530,137.61,34.49,33.90,41.93,1008.94
1531,137.70,34.50,33.90,41.94,1008.94
1532,137.79,34.50,33.89,41.93,1008.94
1533,137.88,34.49,33.90,41.92,1008.94
1534,137.97,34.49,33.90,41.92,1008.94
1535,138.06,34.48,33.89,41.93,1008.94
1536,138.15,34.47,33.89,41.94,1008.94
1537,138.24,34.46,33.87,41.93,1008.94
1538,138.33,34.45,33.86,41.93,1008.94
1539,138.42,34.45,33.85,41.93,1008.94
1540,138.51,34.45,33.85,41.94,1008.94
1541,138.60,34.45,33.85,41.94,1008.93
1542,138.69,34.44,33.84,41.96,1008.93
1543,138.78,34.44,33.83,41.94,1008.93
1544,138.87,34.43,33.83,41.92,1008.93
1545,138.96,34.42,33.83,41.92,1008.93
1546,139.05,34.41,33.83,41.94,1008.93
1547,139.14,34.41,33.83,41.94,1008.93
1548,139.23,34.40,33.83,41.95,1008.92
1549,139.32,34.40,33.83,41.94,1008.92
1550,139.41,34.39,33.82,41.94,1008.92
1551,139.50,34.38,33.82,41.94,1008.92
1552,139.59,34.36,33.81,41.97,1008.92
1553,139.68,34.35,33.80,41.97,1008.92
1554,139.77,34.36,33.80,41.96,1008.92
1555,139.86,34.37,33.79,41.95,1008.91
1556,139.95,34.37,33.78,41.94,1008.92
1557,140.04,34.35,33.79,41.93,1008.92
1558,140.13,34.35,33.80,41.91,1008.91
1559,140.22,34.36,33.79,41.91,1008.91
1560,140.31,34.36,33.79,41.92,1008.91
1561,140.40,34.35,33.78,41.93,1008.91
1562,140.49,34.35,33.78,41.94,1008.91
1563,140.58,34.34,33.77,41.94,1008.91
1564,140.67,34.32,33.76,41.96,1008.91
1565,140.76,34.31,33.76,41.97,1008.91
1566,140.85,34.30,33.75,41.96,1008.91
1567,140.94,34.29,33.76,41.96,1008.91
1568,141.03,34.30,33.76,41.98,1008.91
1569,141.12,34.31,33.74,41.99,1008.92
1570,141.21,34.31,33.73,42.01,1008.91
1571,141.30,34.31,33.72,42.00,1008.92
1572,141.39,34.30,33.72,42.01,1008.92
1573,141.48,34.30,33.73,42.02,1008.93
1574,141.57,34.29,33.73,42.00,1008.93
1575,141.66,34.29,33.73,41.99,1008.93
1576,141.75,34.28,33.73,41.99,1008.93
1577,141.84,34.28,33.70,42.01,1008.93
1578,141.93,34.28,33.69,42.03,1008.93
1579,142.02,34.27,33.69,42.02,1008.93
1580,142.11,34.26,33.69,42.01,1008.93
1581,142.20,34.25,33.68,42.01,1008.93
1582,142.29,34.25,33.66,42.00,1008.94
1583,142.38,34.24,33.66,41.98,1008.94
1584,142.47,34.23,33.65,42.00,1008.94
1585,142.56,34.22,33.65,42.02,1008.94
1586,142.65,34.22,33.63,42.02,1008.94
1587,142.74,34.20,33.62,42.01,1008.94
1588,142.83,34.21,33.63,42.02,1008.94
1589,142.92,34.21,33.62,42.04,1008.94
1590,143.01,34.21,33.62,42.02,1008.94
1591,143.10,34.20,33.60,42.01,1008.93
1592,143.19,34.19,33.61,42.00,1008.93
1593,143.28,34.19,33.60,42.03,1008.93
1594,143.37,34.17,33.62,42.01,1008.93
1595,143.46,34.17,33.62,42.00,1008.92
1596,143.55,34.17,33.61,41.72,1008.91
1597,143.64,34.17,33.61,41.90,1008.91
1598,143.73,34.17,33.61,42.00,1008.91
1599,143.82,34.17,33.62,42.03,1008.91
1600,143.91,34.17,33.61,42.01,1008.90
1601,144.00,34.17,33.59,42.04,1008.91
1602,144.09,34.16,33.58,42.03,1008.91
1603,144.18,34.16,33.57,42.01,1008.91
1604,144.27,34.16,33.58,42.02,1008.90
1605,144.36,34.15,33.58,42.04,1008.90
1606,144.45,34.16,33.58,42.05,1008.90
1607,144.54,34.15,33.58,42.06,1008.89
1608,144.63,34.15,33.57,42.08,1008.89
1609,144.72,34.15,33.56,42.08,1008.89
1610,144.81,34.15,33.56,42.10,1008.89
1611,144.90,34.15,33.56,42.09,1008.89
1612,144.99,34.14,33.56,42.10,1008.89
1613,145.08,34.13,33.56,42.09,1008.89
1614,145.17,34.13,33.56,42.10,1008.89
1615,145.26,34.12,33.55,42.11,1008.90
1616,145.35,34.12,33.55,42.10,1008.90
1617,145.44,34.12,33.55,42.11,1008.90
1618,145.53,34.12,33.53,42.12,1008.90
1619,145.62,34.12,33.54,42.14,1008.91
1620,145.71,34.11,33.54,42.12,1008.91
1621,145.80,34.10,33.55,42.10,1008.91
1622,145.89,34.11,33.54,42.09,1008.90
1623,145.98,34.11,33.53,42.10,1008.90
1624,146.07,34.10,33.52,42.10,1008.90
1625,146.16,34.09,33.52,42.11,1008.90
1626,146.25,34.08,33.52,42.08,1008.90
1627,146.34,34.08,33.52,42.08,1008.90
1628,146.43,34.07,33.50,42.09,1008.90
1629,146.52,34.07,33.50,42.08,1008.90
1630,146.61,34.06,33.51,42.08,1008.90
1631,146.70,34.06,33.51,42.09,1008.90
1632,146.79,34.06,33.51,42.08,1008.90
1633,146.88,34.05,33.51,42.09,1008.91
1634,146.97,34.05,33.50,42.11,1008.91
1635,147.06,34.04,33.50,42.10,1008.91
1636,147.15,34.04,33.51,42.11,1008.90
1637,147.24,34.04,33.51,42.11,1008.90
1638,147.33,34.04,33.51,42.11,1008.91
1639,147.42,34.03,33.51,42.11,1008.91
1640,147.51,34.02,33.50,42.13,1008.91
1641,147.60,34.01,33.51,42.14,1008.91
1642,147.69,34.00,33.51,42.11,1008.91
1643,147.78,34.01,33.50,42.11,1008.91
1644,147.87,34.01,33.50,42.09,1008.91
1645,147.96,33.99,33.49,42.11,1008.91
1646,148.05,34.00,33.48,42.12,1008.90
1647,148.14,34.00,33.47,42.12,1008.90
1648,148.23,34.00,33.47,42.12,1008.90
1649,148.32,34.01,33.46,42.10,1008.90
1650,148.41,34.00,33.45,42.07,1008.90
1651,148.50,34.00,33.43,42.08,1008.90
1652,148.59,34.00,33.41,42.08,1008.90
1653,148.68,33.98,33.42,42.07,1008.89
1654,148.77,33.98,33.42,42.07,1008.89
1655,148.86,33.99,33.41,42.06,1008.89
1656,148.95,33.98,33.39,42.06,1008.89
1657,149.04,33.97,33.39,42.10,1008.89
1658,149.13,33.97,33.40,42.09,1008.89
1659,149.22,33.97,33.39,42.10,1008.89
1660,149.31,33.97,33.38,42.11,1008.89
1661,149.40,33.96,33.37,42.11,1008.89
1662,149.49,33.96,33.37,42.13,1008.89
1663,149.58,33.97,33.37,42.14,1008.89
1664,149.67,33.96,33.37,42.15,1008.89
1665,149.76,33.95,33.37,42.16,1008.89
1666,149.85,33.95,33.36,42.15,1008.89
1667,149.94,33.94,33.35,42.14,1008.89
1668,150.03,33.94,33.34,42.12,1008.89
1669,150.12,33.94,33.33,42.12,1008.89
1670,150.21,33.94,33.33,42.13,1008.89
1671,150.30,33.94,33.33,42.14,1008.89
1672,150.39,33.93,33.34,42.15,1008.89
1673,150.48,33.93,33.33,42.15,1008.89
1674,150.57,33.93,33.33,42.16,1008.89
1675,150.66,33.93,33.32,42.17,1008.89
1676,150.75,33.93,33.32,42.16,1008.89
1677,150.84,33.91,33.32,42.16,1008.89
1678,150.93,33.91,33.32,42.15,1008.90
1679,151.02,33.92,33.31,42.14,1008.90
1680,151.11,33.91,33.32,42.14,1008.90
1681,151.20,33.91,33.31,42.12,1008.91
1682,151.29,33.91,33.31,42.12,1008.90
1683,151.38,33.89,33.30,42.10,1008.90
1684,151.47,33.88,33.30,42.09,1008.90
1685,151.56,33.88,33.28,42.11,1008.91
1686,151.65,33.88,33.28,42.12,1008.91
1687,151.74,33.89,33.28,42.11,1008.91
1688,151.83,33.89,33.28,42.07,1008.91
1689,151.92,33.88,33.28,42.09,1008.91
1690,152.01,33.88,33.27,42.07,1008.91
1691,152.10,33.89,33.28,42.08,1008.91
1692,152.19,33.87,33.27,42.06,1008.91
1693,152.28,33.87,33.26,42.05,1008.92
1694,152.37,33.86,33.27,42.02,1008.92
1695,152.46,33.85,33.27,42.04,1008.91
1696,152.55,33.84,33.26,42.02,1008.91
1697,152.64,33.83,33.26,42.03,1008.90
1698,152.73,33.83,33.27,42.06,1008.91
1699,152.82,33.83,33.26,42.07,1008.91
1700,152.91,33.82,33.27,42.08,1008.91
1701,153.00,33.81,33.27,42.07,1008.91
1702,153.09,33.81,33.27,42.08,1008.91
1703,153.18,33.81,33.27,42.07,1008.91
1704,153.27,33.80,33.26,42.08,1008.91
1705,153.36,33.79,33.26,42.10,1008.91
1706,153.45,33.79,33.25,42.10,1008.91
1707,153.54,33.79,33.26,42.08,1008.91
1708,153.63,33.78,33.26,42.10,1008.91
1709,153.72,33.77,33.26,42.12,1008.91
1710,153.81,33.78,33.24,42.12,1008.91
1711,153.90,33.77,33.24,42.11,1008.91
1712,153.99,33.77,33.23,42.05,1008.91
1713,154.08,33.75,33.23,42.05,1008.91
1714,154.17,33.75,33.21,42.04,1008.91
1715,154.26,33.75,33.22,42.03,1008.91
1716,154.35,33.75,33.23,42.01,1008.91
1717,154.44,33.73,33.22,42.03,1008.91
1718,154.53,33.72,33.22,42.05,1008.91
1719,154.62,33.71,33.21,42.04,1008.91
1720,154.71,33.71,33.20,42.05,1008.91
1721,154.80,33.71,33.19,42.04,1008.91
1722,154.89,33.70,33.19,42.04,1008.91
1723,154.98,33.70,33.18,42.05,1008.91
1724,155.07,33.69,33.18,42.04,1008.91
1725,155.16,33.69,33.18,42.02,1008.91
1726,155.25,33.69,33.18,42.06,1008.91
1727,155.34,33.69,33.18,42.03,1008.91
1728,155.43,33.70,33.17,42.06,1008.92
1729,155.52,33.70,33.17,42.03,1008.92
1730,155.61,33.70,33.16,42.02,1008.92
1731,155.70,33.69,33.15,42.04,1008.92
1732,155.79,33.69,33.15,42.03,1008.92
1733,155.88,33.67,33.15,42.05,1008.92
1734,155.97,33.69,33.15,42.05,1008.93
1735,156.06,33.69,33.15,42.03,1008.93
1736,156.15,33.69,33.15,42.01,1008.93
1737,156.24,33.67,33.14,42.03,1008.93
1738,156.33,33.67,33.15,42.02,1008.93
1739,156.42,33.66,33.14,42.04,1008.93
1740,156.51,33.67,33.14,42.04,1008.93
1741,156.60,33.67,33.16,42.02,1008.93
1742,156.69,33.66,33.14,42.03,1008.92
1743,156.78,33.66,33.14,42.02,1008.93
1744,156.87,33.66,33.12,42.05,1008.92
1745,156.96,33.66,33.12,42.07,1008.93
1746,157.05,33.66,33.11,42.04,1008.93
1747,157.14,33.66,33.09,42.01,1008.93
1748,157.23,33.66,33.08,41.96,1008.93
1749,157.32,33.66,33.09,41.95,1008.92
1750,157.41,33.65,33.09,41.97,1008.92
1751,157.50,33.64,33.09,42.00,1008.92
1752,157.59,33.64,33.08,42.01,1008.92
1753,157.68,33.63,33.08,42.03,1008.92
1754,157.77,33.63,33.06,42.03,1008.92
1755,157.86,33.63,33.07,42.03,1008.92
1756,157.95,33.63,33.07,42.05,1008.92
1757,158.04,33.62,33.06,42.05,1008.92
1758,158.13,33.60,33.06,42.05,1008.92
1759,158.22,33.60,33.06,42.04,1008.92
1760,158.31,33.59,33.07,42.04,1008.92
1761,158.40,33.60,33.07,42.07,1008.92
1762,158.49,33.58,33.06,42.07,1008.92
1763,158.58,33.58,33.06,42.08,1008.92
1764,158.67,33.58,33.05,42.07,1008.92
1765,158.76,33.58,33.05,42.09,1008.92
1766,158.85,33.57,33.02,42.07,1008.92
1767,158.94,33.56,33.02,42.09,1008.92
1768,159.03,33.56,33.02,42.10,1008.92
1769,159.12,33.55,33.01,42.12,1008.93
1770,159.21,33.55,33.01,42.12,1008.93
1771,159.30,33.54,33.00,42.10,1008.94
1772,159.39,33.54,33.00,42.08,1008.94
1773,159.48,33.54,33.00,42.06,1008.93
1774,159.57,33.54,32.99,42.06,1008.93
1775,159.66,33.53,33.00,42.08,1008.93
1776,159.75,33.53,32.98,42.08,1008.94
1777,159.84,33.52,32.98,42.08,1008.94
1778,159.93,33.52,32.98,42.09,1008.94
1779,160.02,33.52,32.97,42.11,1008.94
1780,160.11,33.52,32.97,42.09,1008.94
1781,160.20,33.51,32.97,42.07,1008.94
1782,160.29,33.50,32.97,42.08,1008.95
1783,160.38,33.49,32.97,42.07,1008.95
1784,160.47,33.48,32.96,42.08,1008.95
1785,160.56,33.48,32.95,42.05,1008.95
1786,160.65,33.49,32.94,42.08,1008.95
1787,160.74,33.48,32.95,42.05,1008.95
1788,160.83,33.47,32.95,42.04,1008.95
1789,160.92,33.47,32.96,42.02,1008.95
1790,161.01,33.47,32.94,42.02,1008.95
1791,161.10,33.47,32.94,42.02,1008.95
1792,161.19,33.47,32.94,41.99,1008.95
1793,161.28,33.46,32.92,42.00,1008.94
1794,161.37,33.46,32.91,42.02,1008.94
1795,161.46,33.45,32.91,42.01,1008.94
1796,161.55,33.45,32.90,42.02,1008.94
1797,161.64,33.44,32.90,42.02,1008.94
1798,161.73,33.43,32.90,42.01,1008.93
1799,161.82,33.43,32.90,41.98,1008.93
1800,161.91,33.43,32.90,41.98,1008.93
1801,162.00,33.44,32.89,42.00,1008.93
1802,162.09,33.45,32.89,41.99,1008.93
1803,162.18,33.44,32.88,41.98,1008.92
1804,162.27,33.44,32.89,41.96,1008.92
1805,162.36,33.44,32.88,41.95,1008.91
1806,162.45,33.44,32.87,41.93,1008.91
1807,162.54,33.44,32.85,41.95,1008.91
1808,162.63,33.43,32.85,41.95,1008.90
1809,162.72,33.43,32.84,41.96,1008.91
1810,162.81,33.43,32.86,41.95,1008.90
1811,162.90,33.43,32.85,41.96,1008.90
1812,162.99,33.42,32.85,41.99,1008.90
1813,163.08,33.41,32.86,41.98,1008.90
1814,163.17,33.42,32.85,41.96,1008.90
1815,163.26,33.42,32.85,41.95,1008.90
1816,163.35,33.42,32.86,41.95,1008.90
1817,163.44,33.42,32.86,41.94,1008.90
1818,163.53,33.42,32.86,41.95,1008.90
1819,163.62,33.41,32.86,41.92,1008.90
1820,163.71,33.41,32.86,41.91,1008.91
1821,163.80,33.41,32.86,41.90,1008.91
1822,163.89,33.41,32.86,41.89,1008.91
1823,163.98,33.41,32.86,41.91,1008.91
1824,164.07,33.41,32.86,41.91,1008.91
1825,164.16,33.40,32.84,41.92,1008.91
1826,164.25,33.40,32.85,41.92,1008.91
1827,164.34,33.40,32.84,41.90,1008.79
1828,164.43,33.40,32.83,41.90,1008.91
1829,164.52,33.41,32.83,41.91,1008.91
1830,164.61,33.40,32.83,41.91,1008.91
1831,164.70,33.39,32.83,41.91,1008.91
1832,164.79,33.38,32.83,41.93,1008.92
1833,164.88,33.38,32.82,41.90,1008.91
1834,164.97,33.39,32.82,41.91,1008.91
1835,165.06,33.39,32.81,41.93,1008.92
1836,165.15,33.38,32.81,41.92,1008.92
1837,165.24,33.37,32.81,41.95,1008.92
1838,165.33,33.36,32.80,41.94,1008.92
1839,165.42,33.36,32.80,41.94,1008.92
1840,165.51,33.35,32.79,41.94,1008.92
1841,165.60,33.36,32.78,41.95,1008.92
1842,165.69,33.34,32.78,41.95,1008.92
1843,165.78,33.35,32.79,41.94,1008.92
1844,165.87,33.35,32.79,41.94,1008.92
1845,165.96,33.34,32.79,41.93,1008.92
1846,166.05,33.32,32.79,41.92,1008.92
1847,166.14,33.32,32.79,41.92,1008.92
1848,166.23,33.32,32.79,41.92,1008.92
1849,166.32,33.31,32.78,41.89,1008.92
1850,166.41,33.30,32.79,41.89,1008.92
1851,166.50,33.30,32.78,41.91,1008.92
1852,166.59,33.29,32.79,41.93,1008.92
1853,166.68,33.29,32.78,41.91,1008.91
1854,166.77,33.28,32.78,41.91,1008.91
1855,166.86,33.29,32.76,41.90,1008.91
1856,166.95,33.29,32.75,41.90,1008.91
1857,167.04,33.29,32.75,41.90,1008.91
1858,167.13,33.29,32.74,41.90,1008.90
1859,167.22,33.29,32.73,41.91,1008.90
1860,167.31,33.29,32.73,41.90,1008.90
1861,167.40,33.28,32.73,41.94,1008.90
1862,167.49,33.29,32.73,41.93,1008.90
1863,167.58,33.29,32.72,41.93,1008.90
1864,167.67,33.28,32.74,41.93,1008.90
1865,167.76,33.27,32.73,41.90,1008.90
1866,167.85,33.27,32.73,41.90,1008.89
1867,167.94,33.27,32.73,41.88,1008.90
1868,168.03,33.26,32.73,41.88,1008.90
1869,168.12,33.25,32.72,41.87,1008.90
1870,168.21,33.24,32.71,41.88,1008.89
1871,168.30,33.24,32.71,41.87,1008.89
1872,168.39,33.22,32.71,41.88,1008.89
1873,168.48,33.22,32.71,41.86,1008.89
1874,168.57,33.22,32.70,41.85,1008.89
1875,168.66,33.21,32.69,41.88,1008.89
1876,168.75,33.21,32.67,41.87,1008.89
1877,168.84,33.21,32.67,41.86,1008.88
1878,168.93,33.21,32.67,41.87,1008.89
1879,169.02,33.20,32.67,41.86,1008.89
1880,169.11,33.20,32.67,41.83,1008.89
1881,169.20,33.18,32.66,41.83,1008.89
1882,169.29,33.17,32.65,41.84,1008.89
1883,169.38,33.16,32.65,41.84,1008.89
1884,169.47,33.16,32.66,41.84,1008.89
1885,169.56,33.17,32.66,41.81,1008.89
1886,169.65,33.16,32.67,41.82,1008.89
1887,169.74,33.16,32.66,41.84,1008.89
1888,169.83,33.15,32.65,41.84,1008.89
1889,169.92,33.16,32.65,41.85,1008.89
1890,170.01,33.15,32.65,41.85,1008.90
1891,170.10,33.15,32.64,41.86,1008.90
1892,170.19,33.16,32.64,41.86,1008.90
1893,170.28,33.15,32.63,41.85,1008.90
1894,170.37,33.15,32.62,41.85,1008.90
1895,170.46,33.15,32.60,41.84,1008.90
1896,170.55,33.14,32.60,41.84,1008.90
1897,170.64,33.13,32.60,41.83,1008.90
1898,170.73,33.14,32.58,41.82,1008.90
1899,170.82,33.14,32.58,41.80,1008.90
1900,170.91,33.13,32.56,41.79,1008.90
1901,171.00,33.11,32.56,41.82,1008.90
1902,171.09,33.11,32.55,41.81,1008.89
1903,171.18,33.11,32.54,41.81,1008.89
1904,171.27,33.11,32.55,41.83,1008.90
1905,171.36,33.10,32.54,41.81,1008.90
1906,171.45,33.10,32.54,41.81,1008.89
1907,171.54,33.09,32.52,41.81,1008.90
1908,171.63,33.08,32.53,41.82,1008.90
1909,171.72,33.08,32.53,41.82,1008.90
1910,171.81,33.06,32.53,41.82,1008.89
1911,171.90,33.06,32.54,41.82,1008.89
1912,171.99,33.07,32.54,41.81,1008.89
1913,172.08,33.06,32.54,41.84,1008.89
1914,172.17,33.06,32.54,41.83,1008.89
1915,172.26,33.06,32.53,41.80,1008.90
1916,172.35,33.05,32.53,41.81,1008.90
1917,172.44,33.04,32.52,41.82,1008.90
1918,172.53,33.04,32.51,41.83,1008.90
1919,172.62,33.04,32.50,41.82,1008.90
1920,172.71,33.04,32.52,41.84,1008.89
1921,172.80,33.03,32.51,41.85,1008.89
1922,172.89,33.02,32.52,41.86,1008.90
1923,172.98,33.02,32.51,41.85,1008.90
1924,173.07,33.03,32.51,41.85,1008.90
1925,173.16,33.02,32.51,41.84,1008.90
1926,173.25,33.02,32.52,41.85,1008.90
1927,173.34,33.01,32.53,41.86,1008.90
1928,173.43,33.01,32.52,41.88,1008.90
1929,173.52,33.01,32.51,41.87,1008.90
1930,173.61,33.00,32.52,41.88,1008.91
1931,173.70,33.01,32.52,41.88,1008.91
1932,173.79,33.00,32.52,41.93,1008.92
1933,173.88,33.01,32.53,41.91,1008.92
1934,173.97,33.01,32.53,41.90,1008.92
1935,174.06,33.00,32.52,41.89,1008.92
1936,174.15,33.00,32.52,41.87,1008.91
1937,174.24,33.00,32.50,41.90,1008.91
1938,174.33,33.00,32.51,41.90,1008.91
1939,174.42,33.00,32.50,41.91,1008.91
1940,174.51,32.99,32.51,41.91,1008.91
1941,174.60,32.98,32.52,41.92,1008.92
1942,174.69,32.98,32.52,41.92,1008.91
1943,174.78,32.98,32.52,41.94,1008.91
1944,174.87,32.98,32.50,41.95,1008.91
1945,174.96,32.97,32.50,41.97,1008.91
1946,175.05,32.97,32.50,41.95,1008.91
1947,175.14,32.97,32.49,41.97,1008.91
1948,175.23,32.95,32.49,41.98,1008.92
1949,175.32,32.95,32.49,41.96,1008.92
1950,175.41,32.95,32.50,41.94,1008.92
1951,175.50,32.94,32.49,41.92,1008.92
1952,175.59,32.94,32.48,41.90,1008.92
1953,175.68,32.94,32.47,41.90,1008.92
1954,175.77,32.94,32.47,41.90,1008.92
1955,175.86,32.94,32.46,41.89,1008.92
1956,175.95,32.94,32.47,41.88,1008.92
1957,176.04,32.93,32.46,41.86,1008.92
1958,176.13,32.93,32.45,41.84,1008.92
1959,176.22,32.93,32.45,41.82,1008.92
1960,176.31,32.92,32.45,41.80,1008.92
1961,176.40,32.93,32.44,41.80,1008.92
1962,176.49,32.92,32.44,41.81,1008.92
1963,176.58,32.92,32.42,41.82,1008.91
1964,176.67,32.91,32.41,41.81,1008.91
1965,176.76,32.91,32.42,41.79,1008.91
1966,176.85,32.90,32.41,41.78,1008.92
1967,176.94,32.91,32.40,41.76,1008.92
1968,177.03,32.90,32.40,41.78,1008.92
1969,177.12,32.91,32.40,41.74,1008.92
1970,177.21,32.90,32.40,41.76,1008.92
1971,177.30,32.90,32.41,41.76,1008.93
1972,177.39,32.90,32.39,41.76,1008.93
1973,177.48,32.89,32.39,41.77,1008.93
1974,177.57,32.89,32.38,41.79,1008.93
1975,177.66,32.88,32.38,41.80,1008.94
1976,177.75,32.87,32.39,41.82,1008.94
1977,177.84,32.88,32.39,41.81,1008.94
1978,177.93,32.88,32.37,41.80,1008.95
1979,178.02,32.88,32.36,41.77,1008.95
1980,178.11,32.89,32.35,41.75,1008.95
1981,178.20,32.88,32.34,41.75,1008.95
1982,178.29,32.87,32.34,41.77,1008.95
1983,178.38,32.88,32.33,41.78,1008.95
1984,178.47,32.88,32.32,41.78,1008.95
1985,178.56,32.88,32.31,41.79,1008.96
1986,178.65,32.88,32.32,41.81,1008.96
1987,178.74,32.87,32.32,41.83,1008.96
1988,178.83,32.88,32.30,41.84,1008.96
1989,178.92,32.87,32.30,41.84,1008.96
1990,179.01,32.87,32.29,41.83,1008.96
1991,179.10,32.86,32.30,41.84,1008.95
1992,179.19,32.84,32.31,41.82,1008.95
1993,179.28,32.83,32.31,41.83,1008.95
1994,179.37,32.83,32.30,41.83,1008.95
1995,179.46,32.83,32.28,41.85,1008.95
1996,179.55,32.82,32.28,41.88,1008.95
1997,179.64,32.82,32.28,41.87,1008.94
1998,179.73,32.81,32.28,41.83,1008.94
1999,179.82,32.82,32.29,41.82,1008.94
2000,179.91,32.82,32.28,41.84,1008.93
2001,180.00,32.81,32.27,41.83,1008.93
2002,180.09,32.80,32.26,41.84,1008.93
2003,180.18,32.80,32.26,41.87,1008.93
2004,180.27,32.80,32.24,41.89,1008.92
2005,180.36,32.80,32.24,41.90,1008.92
2006,180.45,32.79,32.23,41.90,1008.92
2007,180.54,32.79,32.25,41.89,1008.92
2008,180.63,32.78,32.24,41.85,1008.91
2009,180.72,32.77,32.23,41.83,1008.91
2010,180.81,32.77,32.23,41.85,1008.91
2011,180.90,32.77,32.23,41.85,1008.91
2012,180.99,32.78,32.22,41.86,1008.91
2013,181.08,32.77,32.21,41.83,1008.91
2014,181.17,32.78,32.22,41.83,1008.91
2015,181.26,32.78,32.22,41.83,1008.91
2016,181.35,32.77,32.21,41.83,1008.91
2017,181.44,32.76,32.21,41.84,1008.90
2018,181.53,32.77,32.20,41.84,1008.90
2019,181.62,32.77,32.21,41.85,1008.91
2020,181.71,32.76,32.21,41.83,1008.91
2021,181.80,32.76,32.21,41.83,1008.90
2022,181.89,32.76,32.21,41.81,1008.90
2023,181.98,32.75,32.23,41.80,1008.90
2024,182.07,32.76,32.22,41.81,1008.91
2025,182.16,32.76,32.20,41.81,1008.91
2026,182.25,32.76,32.20,41.79,1008.91
2027,182.34,32.76,32.21,41.78,1008.91
2028,182.43,32.75,32.21,41.80,1008.92
2029,182.52,32.75,32.20,41.80,1008.92
2030,182.61,32.74,32.20,41.81,1008.92
2031,182.70,32.74,32.22,41.80,1008.93
2032,182.79,32.74,32.21,41.79,1008.93
2033,182.88,32.74,32.21,41.84,1008.92
2034,182.97,32.74,32.21,41.82,1008.93
2035,183.06,32.73,32.20,41.80,1008.93
2036,183.15,32.73,32.21,41.80,1008.93
2037,183.24,32.74,32.20,41.81,1008.93
2038,183.33,32.73,32.20,41.82,1008.93
2039,183.42,32.72,32.20,41.82,1008.92
2040,183.51,32.72,32.20,41.81,1008.92
2041,183.60,32.71,32.20,41.81,1008.93
2042,183.69,32.70,32.20,41.81,1008.93
2043,183.78,32.69,32.20,41.80,1008.93
2044,183.87,32.69,32.20,41.80,1008.93
2045,183.96,32.68,32.20,41.81,1008.93
2046,184.05,32.68,32.21,41.81,1008.93
2047,184.14,32.67,32.20,41.83,1008.93
2048,184.23,32.67,32.21,41.81,1008.93
2049,184.32,32.67,32.20,41.80,1008.93
2050,184.41,32.67,32.19,41.82,1008.93
2051,184.50,32.65,32.19,41.81,1008.92
2052,184.59,32.65,32.18,41.83,1008.92
2053,184.68,32.63,32.18,41.79,1008.91
2054,184.77,32.63,32.17,41.79,1008.91
2055,184.86,32.63,32.16,41.78,1008.91
2056,184.95,32.63,32.17,41.78,1008.91
2057,185.04,32.62,32.16,41.81,1008.92
2058,185.13,32.62,32.15,41.80,1008.91
2059,185.22,32.62,32.16,41.81,1008.92
2060,185.31,32.61,32.16,41.79,1008.92
2061,185.40,32.61,32.16,41.81,1008.91
2062,185.49,32.60,32.15,41.80,1008.91
2063,185.58,32.60,32.15,41.81,1008.91
2064,185.67,32.59,32.16,41.78,1008.91
2065,185.76,32.59,32.16,41.80,1008.91
2066,185.85,32.59,32.15,41.81,1008.91
2067,185.94,32.58,32.14,41.79,1008.90
2068,186.03,32.57,32.14,41.79,1008.91
2069,186.12,32.58,32.13,41.78,1008.91
2070,186.21,32.57,32.11,41.78,1008.91
2071,186.30,32.58,32.10,41.80,1008.90
2072,186.39,32.58,32.10,41.82,1008.90
2073,186.48,32.59,32.10,41.84,1008.90
2074,186.57,32.59,32.08,41.84,1008.90
2075,186.66,32.58,32.09,41.84,1008.90
2076,186.75,32.58,32.08,41.83,1008.90
2077,186.84,32.59,32.08,41.84,1008.90
2078,186.93,32.58,32.07,41.84,1008.90
2079,187.02,32.59,32.07,41.81,1008.90
2080,187.11,32.58,32.06,41.83,1008.90
2081,187.20,32.58,32.07,41.86,1008.90
2082,187.29,32.58,32.07,41.85,1008.90
2083,187.38,32.57,32.07,41.87,1008.90
2084,187.47,32.57,32.07,41.88,1008.90
2085,187.56,32.57,32.07,41.86,1008.90
2086,187.65,32.55,32.06,41.85,1008.90
2087,187.74,32.55,32.06,41.84,1008.90
2088,187.83,32.54,32.05,41.83,1008.90
2089,187.92,32.54,32.04,41.86,1008.90
2090,188.01,32.54,32.04,41.87,1008.91
2091,188.10,32.54,32.04,41.85,1008.90
2092,188.19,32.54,32.04,41.86,1008.91
2093,188.28,32.54,32.05,41.83,1008.90
2094,188.37,32.55,32.04,41.85,1008.90
2095,188.46,32.55,32.02,41.86,1008.90
2096,188.55,32.55,32.02,41.87,1008.90
2097,188.64,32.55,32.02,41.85,1008.90
2098,188.73,32.55,32.01,41.87,1008.90
2099,188.82,32.53,32.01,41.87,1008.90
2100,188.91,32.52,31.99,41.86,1008.90
2101,189.00,32.53,31.99,41.83,1008.90
2102,189.09,32.53,31.98,41.85,1008.90
2103,189.18,32.53,31.97,41.85,1008.90
2104,189.27,32.52,31.97,41.86,1008.90
2105,189.36,32.51,31.97,41.87,1008.90
2106,189.45,32.52,31.98,41.87,1008.90
2107,189.54,32.51,31.98,41.87,1008.89
2108,189.63,32.50,31.97,41.86,1008.89
2109,189.72,32.50,31.96,41.88,1008.89
2110,189.81,32.50,31.97,41.88,1008.89
2111,189.90,32.48,31.97,41.88,1008.89
2112,189.99,32.49,31.96,41.90,1008.89
2113,190.08,32.49,31.96,41.92,1008.89
2114,190.17,32.48,31.96,41.92,1008.88
2115,190.26,32.48,31.96,41.95,1008.89
2116,190.35,32.49,31.96,41.94,1008.88
2117,190.44,32.50,31.97,41.94,1008.89
2118,190.53,32.50,31.96,41.93,1008.89
2119,190.62,32.49,31.97,41.94,1008.89
2120,190.71,32.49,31.96,41.93,1008.89
2121,190.80,32.48,31.96,41.94,1008.90
2122,190.89,32.48,31.96,41.96,1008.90
2123,190.98,32.47,31.96,41.94,1008.90
2124,191.07,32.47,31.96,41.91,1008.90
2125,191.16,32.47,31.94,41.92,1008.90
2126,191.25,32.47,31.94,41.93,1008.89
2127,191.34,32.47,31.93,41.91,1008.90
2128,191.43,32.47,31.92,41.91,1008.90
2129,191.52,32.46,31.92,41.89,1008.90
2130,191.61,32.45,31.91,41.90,1008.90
2131,191.70,32.45,31.92,41.90,1008.90
2132,191.79,32.44,31.92,41.89,1008.90
2133,191.88,32.43,31.93,41.91,1008.90
2134,191.97,32.42,31.92,41.90,1008.91
2135,192.06,32.42,31.91,41.91,1008.90
2136,192.15,32.43,31.91,41.92,1008.91
2137,192.24,32.44,31.90,41.93,1008.91
2138,192.33,32.43,31.91,41.92,1008.91
2139,192.42,32.43,31.90,41.93,1008.91
2140,192.51,32.44,31.91,41.92,1008.90
2141,192.60,32.44,31.92,41.91,1008.91
2142,192.69,32.44,31.93,41.93,1008.91
2143,192.78,32.44,31.94,41.93,1008.91
2144,192.87,32.43,31.95,41.94,1008.91
2145,192.96,32.43,31.95,41.92,1008.91
2146,193.05,32.44,31.94,41.95,1008.91
2147,193.14,32.43,31.93,41.95,1008.91
2148,193.23,32.43,31.91,41.94,1008.91
2149,193.32,32.43,31.91,41.95,1008.91
2150,193.41,32.42,31.91,41.96,1008.90
2151,193.50,32.42,31.90,41.96,1008.90
2152,193.59,32.42,31.90,41.97,1008.91
2153,193.68,32.42,31.90,41.97,1008.91
2154,193.77,32.41,31.90,41.95,1008.91
2155,193.86,32.40,31.91,41.97,1008.91
2156,193.95,32.40,31.91,41.99,1008.91
2157,194.04,32.40,31.90,41.98,1008.91
2158,194.13,32.39,31.90,41.97,1008.90
2159,194.22,32.39,31.90,41.96,1008.90
2160,194.31,32.40,31.90,41.95,1008.90
2161,194.40,32.40,31.89,41.94,1008.91
2162,194.49,32.40,31.88,41.94,1008.90
2163,194.58,32.39,31.87,41.94,1008.91
2164,194.67,32.39,31.88,41.96,1008.91
2165,194.76,32.39,31.87,41.96,1008.91
2166,194.85,32.38,31.85,41.94,1008.91
2167,194.94,32.38,31.84,41.92,1008.91
2168,195.03,32.37,31.84,41.96,1008.91
2169,195.12,32.37,31.83,41.92,1008.92
2170,195.21,32.36,31.82,41.93,1008.91
2171,195.30,32.34,31.82,41.95,1008.91
2172,195.39,32.34,31.81,41.96,1008.92
2173,195.48,32.34,31.81,41.96,1008.92
2174,195.57,32.33,31.81,41.97,1008.92
2175,195.66,32.33,31.80,41.97,1008.92
2176,195.75,32.32,31.79,41.98,1008.92
2177,195.84,32.34,31.80,41.98,1008.92
2178,195.93,32.33,31.79,41.98,1008.93
2179,196.02,32.32,31.78,41.98,1008.93
2180,196.11,32.31,31.78,41.97,1008.93
2181,196.20,32.30,31.79,42.00,1008.93
2182,196.29,32.31,31.77,42.00,1008.93
2183,196.38,32.30,31.78,41.99,1008.93
2184,196.47,32.30,31.76,41.98,1008.93
2185,196.56,32.29,31.77,41.98,1008.93
2186,196.65,32.30,31.77,42.00,1008.93
2187,196.74,32.30,31.76,42.02,1008.94
2188,196.83,32.30,31.76,42.00,1008.94
2189,196.92,32.29,31.75,42.00,1008.94
2190,197.01,32.29,31.74,41.97,1008.94
2191,197.10,32.28,31.74,41.93,1008.94
2192,197.19,32.27,31.72,41.92,1008.94
2193,197.28,32.27,31.71,41.95,1008.94
2194,197.37,32.27,31.72,41.93,1008.94
2195,197.46,32.27,31.74,41.93,1008.93
2196,197.55,32.26,31.74,41.92,1008.93
2197,197.64,32.25,31.75,41.93,1008.93
2198,197.73,32.23,31.74,41.93,1008.93
2199,197.82,32.23,31.74,41.94,1008.93
2200,197.91,32.22,31.74,41.94,1008.93
2201,198.00,32.21,31.74,41.95,1008.92
2202,198.09,32.21,31.74,41.94,1008.92
2203,198.18,32.20,31.73,41.96,1008.92
2204,198.27,32.19,31.73,41.98,1008.92
2205,198.36,32.19,31.72,41.98,1008.92
2206,198.45,32.18,31.72,41.96,1008.92
2207,198.54,32.19,31.72,41.96,1008.92
2208,198.63,32.19,31.73,41.95,1008.92
2209,198.72,32.19,31.73,41.94,1008.92
2210,198.81,32.19,31.73,41.96,1008.92
2211,198.90,32.20,31.72,41.97,1008.92
2212,198.99,32.20,31.72,41.96,1008.92
2213,199.08,32.19,31.71,41.98,1008.91
2214,199.17,32.18,31.72,41.97,1008.91
2215,199.26,32.19,31.72,41.97,1008.91
2216,199.35,32.19,31.72,41.98,1008.91
2217,199.44,32.19,31.71,41.96,1008.91
2218,199.53,32.19,31.72,41.96,1008.91
2219,199.62,32.18,31.72,41.96,1008.91
2220,199.71,32.18,31.73,41.97,1008.91
2221,199.80,32.17,31.72,41.99,1008.91
2222,199.89,32.16,31.70,42.00,1008.91
2223,199.98,32.17,31.70,42.01,1008.91
2224,200.07,32.16,31.69,42.02,1008.91
2225,200.16,32.17,31.68,41.99,1008.92
2226,200.25,32.16,31.68,41.98,1008.91
2227,200.34,32.16,31.68,42.03,1008.91
2228,200.43,32.17,31.67,42.02,1008.92
2229,200.52,32.17,31.66,42.02,1008.92
2230,200.61,32.16,31.66,42.05,1008.92
2231,200.70,32.14,31.66,42.04,1008.92
2232,200.79,32.15,31.66,42.05,1008.92
2233,200.88,32.15,31.65,42.03,1008.92
2234,200.97,32.16,31.66,42.05,1008.93
2235,201.06,32.15,31.66,42.08,1008.93
2236,201.15,32.15,31.66,42.07,1008.93
2237,201.24,32.16,31.68,42.09,1008.93
2238,201.33,32.16,31.67,42.10,1008.93
2239,201.42,32.16,31.67,42.10,1008.94
2240,201.51,32.15,31.66,42.10,1008.94
2241,201.60,32.15,31.67,42.11,1008.94
2242,201.69,32.14,31.67,42.11,1008.94
2243,201.78,32.14,31.68,42.10,1008.94
2244,201.87,32.12,31.68,42.11,1008.94
2245,201.96,32.12,31.68,42.10,1008.95
2246,202.05,32.12,31.67,42.14,1008.95
2247,202.14,32.13,31.67,42.11,1008.94
2248,202.23,32.13,31.67,42.10,1008.94
2249,202.32,32.13,31.69,42.10,1008.94
2250,202.41,32.12,31.66,42.11,1008.94
2251,202.50,32.11,31.67,42.10,1008.94
2252,202.59,32.12,31.66,42.12,1008.93
2253,202.68,32.11,31.66,42.12,1008.93
2254,202.77,32.11,31.65,42.12,1008.93
2255,202.86,32.10,31.65,42.13,1008.93
2256,202.95,32.11,31.65,42.13,1008.92
2257,203.04,32.11,31.65,42.13,1008.92
2258,203.13,32.11,31.65,42.13,1008.92
2259,203.22,32.10,31.65,42.12,1008.91
2260,203.31,32.10,31.66,42.11,1008.91
2261,203.40,32.10,31.67,42.12,1008.91
2262,203.49,32.10,31.67,42.12,1008.91
2263,203.58,32.10,31.66,42.14,1008.91
2264,203.67,32.10,31.66,42.16,1008.91
2265,203.76,32.09,31.66,42.17,1008.91
2266,203.85,32.08,31.66,42.14,1008.91
2267,203.94,32.07,31.66,42.13,1008.91
2268,204.03,32.07,31.63,42.14,1008.91
2269,204.12,32.08,31.63,42.10,1008.90
2270,204.21,32.08,31.63,42.09,1008.90
2271,204.30,32.08,31.63,42.09,1008.90
2272,204.39,32.08,31.62,42.12,1008.90
2273,204.48,32.07,31.62,42.12,1008.90
2274,204.57,32.07,31.61,42.13,1008.90
2275,204.66,32.07,31.61,42.15,1008.90
2276,204.75,32.06,31.60,42.15,1008.90
2277,204.84,32.06,31.60,42.12,1008.90
2278,204.93,32.06,31.60,42.13,1008.90
2279,205.02,32.07,31.60,42.14,1008.90
2280,205.11,32.07,31.59,42.17,1008.90
2281,205.20,32.07,31.57,42.17,1008.90
2282,205.29,32.06,31.56,42.12,1008.91
2283,205.38,32.05,31.57,42.12,1008.91
2284,205.47,32.05,31.55,42.10,1008.91
2285,205.56,32.05,31.55,42.08,1008.91
2286,205.65,32.03,31.53,42.09,1008.91
2287,205.74,32.04,31.54,42.08,1008.91
2288,205.83,32.03,31.54,42.11,1008.91
2289,205.92,32.04,31.54,42.08,1008.91
2290,206.01,32.04,31.53,42.09,1008.91
2291,206.10,32.03,31.53,42.11,1008.92
2292,206.19,32.04,31.53,42.09,1008.92
2293,206.28,32.03,31.53,42.12,1008.91
2294,206.37,32.02,31.51,42.13,1008.92
2295,206.46,32.02,31.50,42.15,1008.92
2296,206.55,32.02,31.51,42.16,1008.92
2297,206.64,32.03,31.49,42.17,1008.92
2298,206.73,32.03,31.49,42.17,1008.92
2299,206.82,32.03,31.49,42.17,1008.92
2300,206.91,32.01,31.48,42.18,1008.92
2301,207.00,32.00,31.49,42.20,1008.92
2302,207.09,31.99,31.50,42.21,1008.92
2303,207.18,31.98,31.51,42.23,1008.92
2304,207.27,31.98,31.51,42.24,1008.92
2305,207.36,31.98,31.52,42.25,1008.92
2306,207.45,31.98,31.51,42.28,1008.91
2307,207.54,31.98,31.51,42.27,1008.91
2308,207.63,31.97,31.51,42.26,1008.91
2309,207.72,31.98,31.51,42.27,1008.91
2310,207.81,31.97,31.51,42.28,1008.91
2311,207.90,31.97,31.52,42.31,1008.91
2312,207.99,31.96,31.52,42.32,1008.90
2313,208.08,31.96,31.51,42.29,1008.90
2314,208.17,31.98,31.51,42.29,1008.90
2315,208.26,31.98,31.50,42.27,1008.90
2316,208.35,31.96,31.51,42.28,1008.90
2317,208.44,31.96,31.51,42.27,1008.90
2318,208.53,31.96,31.49,42.26,1008.89
2319,208.62,31.95,31.49,42.26,1008.89
2320,208.71,31.95,31.49,42.24,1008.89
2321,208.80,31.95,31.48,42.22,1008.89
2322,208.89,31.94,31.48,42.24,1008.89
2323,208.98,31.94,31.50,42.24,1008.89
2324,209.07,31.93,31.50,42.24,1008.89
2325,209.16,31.94,31.50,42.23,1008.89
2326,209.25,31.92,31.47,42.21,1008.89
2327,209.34,31.92,31.48,42.21,1008.90
2328,209.43,31.92,31.47,42.18,1008.89
2329,209.52,31.93,31.46,42.16,1008.89
2330,209.61,31.93,31.46,42.14,1008.89
2331,209.70,31.92,31.47,42.13,1008.89
2332,209.79,31.92,31.47,42.15,1008.90
2333,209.88,31.92,31.46,42.15,1008.89
2334,209.97,31.91,31.46,42.14,1008.89
2335,210.06,31.90,31.46,42.12,1008.89
2336,210.15,31.89,31.45,42.13,1008.89
2337,210.24,31.89,31.44,42.14,1008.90
2338,210.33,31.87,31.44,42.14,1008.90
2339,210.42,31.87,31.44,42.15,1008.90
2340,210.51,31.86,31.44,42.14,1008.90
2341,210.60,31.85,31.43,42.15,1008.90
2342,210.69,31.83,31.44,42.14,1008.89
2343,210.78,31.80,31.43,42.14,1008.89
2344,210.87,31.77,31.43,42.15,1008.89
2345,210.96,31.76,31.42,42.12,1008.90
2346,211.05,31.74,31.42,42.10,1008.90
2347,211.14,31.74,31.42,42.12,1008.90
2348,211.23,31.73,31.43,42.10,1008.90
2349,211.32,31.73,31.43,42.13,1008.90
2350,211.41,31.74,31.42,42.11,1008.90
2351,211.50,31.76,31.43,42.11,1008.90
2352,211.59,31.77,31.42,42.13,1008.90
2353,211.68,31.78,31.40,42.14,1008.90
2354,211.77,31.78,31.40,42.12,1008.90
2355,211.86,31.79,31.40,42.14,1008.90
2356,211.95,31.81,31.42,42.11,1008.90
2357,212.04,31.80,31.42,42.10,1008.90
2358,212.13,31.80,31.42,42.11,1008.90
2359,212.22,31.81,31.42,42.12,1008.90
2360,212.31,31.80,31.42,42.10,1008.90
2361,212.40,31.81,31.43,42.09,1008.90
2362,212.49,31.80,31.41,42.08,1008.90
2363,212.58,31.80,31.40,42.07,1008.90
2364,212.67,31.79,31.40,42.07,1008.90
2365,212.76,31.80,31.40,42.06,1008.90
2366,212.85,31.79,31.40,42.09,1008.90
2367,212.94,31.80,31.39,42.08,1008.90
2368,213.03,31.80,31.39,42.07,1008.90
2369,213.12,31.80,31.38,42.08,1008.90
2370,213.21,31.81,31.37,42.09,1008.90
2371,213.30,31.80,31.37,42.11,1008.90
2372,213.39,31.80,31.36,42.13,1008.90
2373,213.48,31.81,31.37,42.13,1008.90
2374,213.57,31.80,31.37,42.13,1008.91
2375,213.66,31.81,31.36,42.13,1008.91
2376,213.75,31.80,31.35,42.13,1008.91
2377,213.84,31.81,31.36,42.15,1008.91
2378,213.93,31.80,31.36,42.15,1008.91
2379,214.02,31.80,31.35,42.18,1008.92
2380,214.11,31.80,31.35,42.17,1008.92
2381,214.20,31.80,31.35,42.18,1008.92
2382,214.29,31.80,31.34,42.14,1008.92
2383,214.38,31.79,31.33,42.14,1008.92
2384,214.47,31.79,31.32,42.13,1008.92
2385,214.56,31.78,31.31,42.14,1008.92
2386,214.65,31.79,31.30,42.13,1008.92
2387,214.74,31.78,31.31,42.12,1008.92
2388,214.83,31.78,31.32,42.10,1008.92
2389,214.92,31.78,31.31,42.11,1008.92
2390,215.01,31.78,31.31,42.10,1008.93
2391,215.10,31.78,31.31,42.09,1008.92
2392,215.19,31.78,31.30,42.09,1008.93
2393,215.28,31.78,31.30,42.10,1008.93
2394,215.37,31.78,31.31,42.11,1008.93
2395,215.46,31.77,31.32,42.11,1008.93
2396,215.55,31.77,31.31,42.13,1008.93
2397,215.64,31.76,31.31,42.11,1008.93
2398,215.73,31.76,31.30,42.11,1008.94
2399,215.82,31.76,31.29,42.11,1008.94
2400,215.91,31.76,31.29,42.12,1008.93
2401,216.00,31.76,31.28,42.09,1008.93
2402,216.09,31.76,31.27,42.10,1008.92
2403,216.18,31.76,31.27,42.10,1008.92
2404,216.27,31.75,31.28,42.13,1008.92
2405,216.36,31.74,31.27,42.16,1008.92
2406,216.45,31.74,31.27,42.13,1008.92
2407,216.54,31.74,31.26,42.13,1008.91
2408,216.63,31.73,31.25,42.11,1008.91
2409,216.72,31.73,31.25,42.11,1008.91
2410,216.81,31.73,31.25,42.10,1008.91
2411,216.90,31.73,31.26,42.10,1008.91
2412,216.99,31.72,31.26,42.14,1008.92
2413,217.08,31.71,31.26,42.15,1008.91
2414,217.17,31.71,31.25,42.16,1008.91
2415,217.26,31.71,31.24,42.14,1008.91
2416,217.35,31.71,31.23,42.14,1008.91
2417,217.44,31.71,31.23,42.17,1008.91
2418,217.53,31.71,31.23,42.18,1008.91
2419,217.62,31.71,31.21,42.18,1008.91
2420,217.71,31.71,31.22,42.20,1008.91
2421,217.80,31.69,31.22,42.18,1008.91
2422,217.89,31.70,31.21,42.17,1008.91
2423,217.98,31.70,31.21,42.17,1008.91
2424,218.07,31.70,31.22,42.16,1008.91
2425,218.16,31.70,31.22,42.14,1008.91
2426,218.25,31.70,31.20,42.15,1008.91
2427,218.34,31.69,31.21,42.13,1008.91
2428,218.43,31.69,31.21,42.14,1008.92
2429,218.52,31.68,31.21,42.14,1008.92
2430,218.61,31.67,31.22,42.14,1008.92
2431,218.70,31.67,31.21,42.12,1008.92
2432,218.79,31.67,31.21,42.14,1008.92
2433,218.88,31.67,31.21,42.14,1008.93
2434,218.97,31.67,31.21,42.13,1008.93
2435,219.06,31.67,31.20,42.14,1008.93
2436,219.15,31.68,31.20,42.16,1008.93
2437,219.24,31.68,31.20,42.16,1008.94
2438,219.33,31.67,31.20,42.17,1008.94
2439,219.42,31.68,31.19,42.17,1008.94
2440,219.51,31.68,31.19,42.16,1008.94
2441,219.60,31.68,31.19,42.15,1008.95
2442,219.69,31.68,31.18,42.16,1008.95
2443,219.78,31.69,31.19,42.15,1008.95
2444,219.87,31.68,31.19,42.14,1008.95
2445,219.96,31.68,31.19,42.17,1008.95
2446,220.05,31.68,31.18,42.16,1008.94
2447,220.14,31.68,31.17,42.18,1008.95
2448,220.23,31.70,31.18,42.15,1008.95
2449,220.32,31.69,31.17,42.14,1008.94
2450,220.41,31.69,31.16,42.13,1008.95
2451,220.50,31.68,31.16,42.15,1008.95
2452,220.59,31.68,31.17,42.17,1008.95
2453,220.68,31.67,31.16,42.17,1008.95
2454,220.77,31.67,31.16,42.15,1008.94
2455,220.86,31.67,31.15,42.13,1008.94
2456,220.95,31.66,31.16,42.15,1008.94
2457,221.04,31.66,31.16,42.16,1008.93
2458,221.13,31.66,31.16,42.16,1008.93
2459,221.22,31.66,31.16,42.17,1008.93
2460,221.31,31.65,31.17,42.17,1008.92
2461,221.40,31.65,31.16,42.19,1008.92
2462,221.49,31.64,31.16,42.21,1008.92
2463,221.58,31.64,31.16,42.18,1008.92
2464,221.67,31.64,31.16,42.16,1008.92
2465,221.76,31.63,31.15,42.14,1008.91
2466,221.85,31.61,31.15,42.12,1008.91
2467,221.94,31.61,31.14,42.14,1008.91
2468,222.03,31.61,31.15,42.15,1008.91
2469,222.12,31.62,31.16,42.16,1008.91
2470,222.21,31.61,31.16,42.15,1008.90
2471,222.30,31.61,31.16,42.17,1008.91
2472,222.39,31.61,31.16,42.17,1008.91
2473,222.48,31.60,31.17,42.16,1008.91
2474,222.57,31.60,31.17,42.15,1008.91
2475,222.66,31.59,31.16,42.14,1008.91
2476,222.75,31.59,31.16,42.14,1008.91
2477,222.84,31.59,31.17,42.14,1008.91
2478,222.93,31.59,31.17,42.13,1008.91
2479,223.02,31.59,31.17,42.12,1008.91
2480,223.11,31.58,31.17,42.13,1008.92
2481,223.20,31.57,31.17,42.12,1008.91
2482,223.29,31.57,31.16,42.12,1008.91
2483,223.38,31.56,31.16,42.10,1008.91
2484,223.47,31.57,31.16,42.09,1008.91
2485,223.56,31.57,31.15,42.05,1008.91
2486,223.65,31.57,31.14,42.04,1008.92
2487,223.74,31.56,31.13,42.03,1008.92
2488,223.83,31.55,31.12,42.01,1008.93
2489,223.92,31.54,31.10,42.04,1008.93
2490,224.01,31.53,31.10,42.06,1008.93
2491,224.10,31.53,31.10,42.05,1008.93
2492,224.19,31.53,31.09,42.04,1008.93
2493,224.28,31.52,31.10,42.03,1008.93
2494,224.37,31.53,31.10,42.04,1008.93
2495,224.46,31.53,31.09,42.06,1008.93
2496,224.55,31.53,31.08,42.07,1008.93
2497,224.64,31.53,31.08,42.09,1008.93
2498,224.73,31.52,31.09,42.09,1008.93
2499,224.82,31.53,31.07,42.06,1008.93
2500,224.91,31.51,31.07,42.07,1008.94
2501,225.00,31.51,31.06,42.10,1008.94
2502,225.09,31.50,31.06,42.08,1008.94
2503,225.18,31.50,31.06,42.06,1008.93
2504,225.27,31.49,31.05,42.06,1008.93
2505,225.36,31.48,31.05,42.06,1008.93
2506,225.45,31.48,31.04,42.06,1008.93
2507,225.54,31.48,31.03,42.05,1008.93
2508,225.63,31.49,31.04,42.04,1008.93
2509,225.72,31.48,31.04,42.01,1008.92
2510,225.81,31.47,31.03,41.99,1008.92
2511,225.90,31.46,31.01,41.96,1008.91
2512,225.99,31.45,31.01,41.97,1008.91
2513,226.08,31.45,30.99,41.96,1008.91
2514,226.17,31.46,30.99,41.95,1008.91
2515,226.26,31.46,30.98,41.97,1008.91
2516,226.35,31.46,30.99,41.96,1008.91
2517,226.44,31.46,30.98,41.98,1008.90
2518,226.53,31.45,30.98,41.98,1008.90
2519,226.62,31.45,30.97,41.96,1008.90
2520,226.71,31.46,30.97,41.98,1008.90
2521,226.80,31.44,30.98,41.97,1008.90
2522,226.89,31.45,30.97,41.96,1008.90
2523,226.98,31.45,30.98,41.96,1008.89
2524,227.07,31.45,30.97,41.95,1008.89
2525,227.16,31.45,30.96,41.95,1008.89
2526,227.25,31.45,30.97,41.96,1008.90
2527,227.34,31.45,30.98,41.99,1008.89
2528,227.43,31.44,30.98,41.97,1008.89
2529,227.52,31.44,30.99,41.97,1008.89
2530,227.61,31.43,30.99,41.98,1008.90
2531,227.70,31.43,30.99,41.99,1008.90
2532,227.79,31.43,30.98,42.01,1008.90
2533,227.88,31.43,30.98,41.99,1008.90
2534,227.97,31.43,30.98,42.01,1008.90
2535,228.06,31.42,30.98,42.02,1008.90
2536,228.15,31.42,30.97,42.02,1008.89
2537,228.24,31.43,30.98,42.02,1008.89
2538,228.33,31.42,30.98,42.02,1008.89
2539,228.42,31.43,30.97,42.01,1008.90
2540,228.51,31.42,30.97,42.02,1008.90
2541,228.60,31.42,30.95,42.03,1008.90
2542,228.69,31.42,30.97,42.05,1008.90
2543,228.78,31.42,30.96,42.05,1008.90
2544,228.87,31.43,30.96,42.04,1008.90
2545,228.96,31.56,30.98,42.03,1008.89
2546,229.05,31.43,30.98,42.03,1008.90
2547,229.14,31.43,30.98,42.01,1008.90
2548,229.23,31.42,30.99,42.00,1008.90
2549,229.32,31.42,30.99,42.01,1008.90
2550,229.41,31.42,30.98,41.99,1008.90
2551,229.50,31.42,30.98,42.05,1008.90
2552,229.59,31.41,30.97,42.03,1008.90
2553,229.68,31.40,30.96,42.01,1008.90
2554,229.77,31.41,30.96,42.01,1008.90
2555,229.86,31.40,30.96,42.01,1008.90
2556,229.95,31.40,30.96,41.99,1008.90
2557,230.04,31.41,30.96,42.01,1008.89
2558,230.13,31.40,30.96,41.99,1008.89
2559,230.22,31.40,30.96,41.98,1008.89
2560,230.31,31.39,30.97,41.96,1008.89
2561,230.40,31.39,30.97,41.94,1008.90
2562,230.49,31.39,30.98,41.94,1008.89
2563,230.58,31.37,30.97,41.92,1008.89
2564,230.67,31.37,30.97,41.89,1008.88
2565,230.76,31.36,30.98,41.89,1008.88
2566,230.85,31.37,30.97,41.90,1008.89
2567,230.94,31.37,30.97,41.90,1008.89
2568,231.03,31.37,30.94,41.91,1008.89
2569,231.12,31.36,30.94,41.90,1008.89
2570,231.21,31.36,30.94,41.89,1008.89
2571,231.30,31.35,30.95,41.89,1008.89
2572,231.39,31.36,30.94,41.89,1008.89
2573,231.48,31.35,30.94,41.92,1008.89
2574,231.57,31.35,30.95,41.89,1008.89
2575,231.66,31.35,30.95,41.89,1008.89
2576,231.75,31.35,30.96,41.90,1008.89
2577,231.84,31.35,30.96,41.89,1008.89
2578,231.93,31.35,30.96,41.91,1008.89
2579,232.02,31.36,30.96,41.92,1008.89
2580,232.11,31.36,30.95,41.93,1008.90
2581,232.20,31.36,30.94,41.94,1008.90
2582,232.29,31.36,30.93,41.92,1008.91
2583,232.38,31.36,30.94,41.92,1008.92
2584,232.47,31.36,30.94,41.91,1008.93
2585,232.56,31.35,30.94,41.89,1008.95
2586,232.65,31.35,30.93,41.92,1008.96
2587,232.74,31.34,30.94,41.91,1008.97
2588,232.83,31.34,30.93,41.92,1008.97
2589,232.92,31.33,30.92,41.92,1008.97
2590,233.01,31.34,30.91,41.91,1008.97
2591,233.10,31.34,30.91,41.93,1008.96
2592,233.19,31.33,30.90,41.91,1008.95
2593,233.28,31.32,30.89,41.90,1008.93
2594,233.37,31.33,30.88,41.89,1008.92
2595,233.46,31.32,30.88,41.88,1008.92
2596,233.55,31.33,30.89,41.88,1008.91
2597,233.64,31.33,30.89,41.89,1008.90
2598,233.73,31.33,30.89,41.91,1008.90
2599,233.82,31.33,30.88,41.89,1008.90
2600,233.91,31.33,30.88,41.88,1008.90
2601,234.00,31.34,30.87,41.87,1008.90
2602,234.09,31.34,30.88,41.87,1008.90
2603,234.18,31.34,30.86,41.86,1008.90
2604,234.27,31.33,30.86,41.88,1008.90
2605,234.36,31.33,30.85,41.90,1008.89
2606,234.45,31.33,30.86,41.89,1008.90
2607,234.54,31.33,30.85,41.87,1008.89
2608,234.63,31.33,30.85,41.87,1008.89
2609,234.72,31.33,30.85,41.89,1008.89
2610,234.81,31.32,30.84,41.88,1008.89
2611,234.90,31.31,30.83,41.86,1008.89
2612,234.99,31.31,30.83,41.88,1008.89
2613,235.08,31.30,30.82,41.90,1008.89
2614,235.17,31.30,30.82,41.89,1008.89
2615,235.26,31.30,30.81,41.91,1008.89
2616,235.35,31.29,30.82,41.90,1008.89
2617,235.44,31.29,30.82,41.91,1008.89
2618,235.53,31.29,30.81,41.91,1008.89
2619,235.62,31.29,30.81,41.88,1008.88
2620,235.71,31.28,30.81,41.86,1008.88
2621,235.80,31.28,30.82,41.85,1008.88
2622,235.89,31.27,30.82,41.86,1008.89
2623,235.98,31.26,30.81,41.86,1008.89
2624,236.07,31.26,30.81,41.89,1008.89
2625,236.16,31.24,30.81,41.88,1008.89
2626,236.25,31.24,30.81,41.85,1008.90
2627,236.34,31.24,30.79,41.86,1008.90
2628,236.43,31.24,30.79,41.86,1008.90
2629,236.52,31.23,30.79,41.88,1008.91
2630,236.61,31.22,30.80,41.89,1008.91
2631,236.70,31.21,30.79,41.89,1008.91
2632,236.79,31.21,30.79,41.87,1008.92
2633,236.88,31.22,30.78,41.87,1008.92
2634,236.97,31.22,30.79,41.86,1008.92
2635,237.06,31.22,30.80,41.85,1008.92
2636,237.15,31.22,30.78,41.84,1008.93
2637,237.24,31.21,30.78,41.84,1008.93
2638,237.33,31.21,30.77,41.86,1008.93
2639,237.42,31.22,30.76,41.85,1008.93
2640,237.51,31.21,30.76,41.85,1008.93
2641,237.60,31.22,30.76,41.86,1008.93
2642,237.69,31.22,30.75,41.87,1008.93
2643,237.78,31.21,30.76,41.86,1008.94
2644,237.87,31.21,30.76,41.85,1008.94
2645,237.96,31.20,30.77,41.86,1008.94
2646,238.05,31.20,30.77,41.87,1008.94
2647,238.14,31.19,30.78,41.88,1008.94
2648,238.23,31.19,30.78,41.88,1008.94
2649,238.32,31.18,30.78,41.88,1008.95
2650,238.41,31.19,30.78,41.87,1008.94
2651,238.50,31.19,30.78,41.87,1008.95
2652,238.59,31.19,30.79,41.88,1008.94
2653,238.68,31.19,30.79,41.86,1008.94
2654,238.77,31.20,30.78,41.87,1008.94
2655,238.86,31.19,30.78,41.86,1008.94
2656,238.95,31.17,30.78,41.88,1008.94
2657,239.04,31.18,30.78,41.86,1008.94
2658,239.13,31.17,30.76,41.87,1008.93
2659,239.22,31.17,30.76,41.89,1008.93
2660,239.31,31.16,30.74,41.89,1008.93
2661,239.40,31.15,30.73,41.89,1008.93
2662,239.49,31.15,30.72,41.89,1008.93
2663,239.58,31.15,30.72,41.90,1008.93
2664,239.67,31.14,30.73,41.92,1008.92
2665,239.76,31.14,30.73,41.93,1008.92
2666,239.85,31.13,30.74,41.92,1008.92
2667,239.94,31.12,30.73,41.90,1008.92
2668,240.03,31.12,30.74,41.90,1008.91
2669,240.12,31.12,30.74,41.92,1008.90
2670,240.21,31.13,30.75,41.92,1008.90
2671,240.30,31.13,30.75,41.95,1008.90
2672,240.39,31.12,30.76,41.93,1008.90
2673,240.48,31.12,30.76,41.96,1008.90
2674,240.57,31.11,30.75,41.94,1008.90
2675,240.66,31.11,30.76,41.97,1008.90
2676,240.75,31.11,30.76,41.98,1008.90
2677,240.84,31.10,30.75,41.96,1008.91
2678,240.93,31.10,30.76,41.98,1008.91
2679,241.02,31.11,30.75,41.98,1008.91
2680,241.11,31.11,30.74,41.97,1008.91
2681,241.20,31.11,30.73,41.99,1008.91
2682,241.29,31.11,30.74,42.00,1008.91
2683,241.38,31.12,30.74,42.02,1008.91
2684,241.47,31.11,30.74,42.03,1008.92
2685,241.56,31.11,30.73,42.02,1008.92
2686,241.65,31.12,30.73,42.02,1008.92
2687,241.74,31.12,30.73,42.00,1008.92
2688,241.83,31.11,30.72,41.99,1008.93
2689,241.92,31.11,30.72,41.98,1008.93
2690,242.01,31.11,30.72,41.96,1008.93
2691,242.10,31.11,30.72,41.95,1008.94
2692,242.19,31.12,30.72,41.92,1008.94
2693,242.28,31.13,30.71,41.89,1008.94
2694,242.37,31.14,30.71,41.89,1008.94
2695,242.46,31.14,30.72,41.91,1008.94
2696,242.55,31.14,30.73,41.90,1008.93
2697,242.64,31.14,30.72,41.91,1008.93
2698,242.73,31.14,30.72,41.92,1008.94
2699,242.82,31.15,30.71,41.90,1008.94
2700,242.91,31.15,30.71,41.90,1008.94
2701,243.00,31.14,30.71,41.89,1008.94
2702,243.09,31.15,30.70,41.87,1008.94
2703,243.18,31.15,30.71,41.84,1008.94
2704,243.27,31.15,30.71,41.85,1008.94
2705,243.36,31.15,30.70,41.85,1008.94
2706,243.45,31.15,30.69,41.85,1008.94
2707,243.54,31.15,30.69,41.86,1008.94
2708,243.63,31.14,30.68,41.85,1008.94
2709,243.72,31.14,30.68,41.88,1008.93
2710,243.81,31.13,30.66,41.88,1008.93
2711,243.90,31.13,30.66,41.90,1008.93
2712,243.99,31.14,30.66,41.93,1008.93
2713,244.08,31.13,30.66,41.93,1008.93
2714,244.17,31.14,30.67,41.94,1008.93
2715,244.26,31.14,30.67,41.92,1008.92
2716,244.35,31.13,30.67,41.93,1008.92
2717,244.44,31.13,30.67,41.90,1008.92
2718,244.53,31.13,30.66,41.88,1008.91
2719,244.62,31.12,30.66,41.88,1008.91
2720,244.71,31.12,30.66,41.88,1008.91
2721,244.80,31.11,30.66,41.87,1008.91
2722,244.89,31.11,30.66,41.88,1008.91
2723,244.98,31.11,30.65,41.89,1008.91
2724,245.07,31.11,30.65,41.90,1008.91
2725,245.16,31.10,30.65,41.91,1008.91
2726,245.25,31.10,30.64,41.90,1008.91
2727,245.34,31.09,30.63,41.88,1008.91
2728,245.43,31.09,30.63,41.88,1008.90
2729,245.52,31.08,30.63,41.86,1008.91
2730,245.61,31.08,30.63,41.85,1008.90
2731,245.70,31.07,30.62,41.85,1008.91
2732,245.79,31.07,30.61,41.84,1008.91
2733,245.88,31.07,30.60,41.85,1008.91
2734,245.97,31.07,30.59,41.85,1008.91
2735,246.06,31.06,30.60,41.87,1008.91
2736,246.15,31.07,30.58,41.86,1008.91
2737,246.24,31.06,30.57,41.85,1008.91
2738,246.33,31.07,30.57,41.86,1008.91
2739,246.42,31.08,30.56,41.86,1008.91
2740,246.51,31.08,30.57,41.87,1008.91
2741,246.60,31.08,30.56,41.88,1008.91
2742,246.69,31.07,30.55,41.89,1008.91
2743,246.78,31.07,30.53,41.90,1008.91
2744,246.87,31.07,30.51,41.87,1008.91
2745,246.96,31.06,30.51,41.85,1008.91
2746,247.05,31.05,30.50,41.87,1008.91
2747,247.14,31.05,30.49,41.88,1008.91
2748,247.23,31.05,30.49,41.92,1008.91
2749,247.32,31.05,30.48,41.91,1008.91
2750,247.41,31.05,30.47,41.91,1008.91
2751,247.50,31.04,30.47,41.89,1008.91
2752,247.59,31.04,30.46,41.90,1008.91
2753,247.68,31.04,30.45,41.91,1008.91
2754,247.77,31.03,30.44,41.91,1008.91
2755,247.86,31.02,30.45,41.92,1008.91
2756,247.95,31.01,30.46,41.92,1008.91
2757,248.04,31.01,30.46,41.90,1008.91
2758,248.13,31.02,30.47,41.91,1008.91
2759,248.22,31.01,30.49,41.90,1008.90
2760,248.31,31.00,30.50,41.90,1008.90
2761,248.40,30.99,30.50,41.88,1008.90
2762,248.49,30.99,30.51,41.87,1008.90
2763,248.58,30.99,30.52,41.87,1008.90
2764,248.67,30.99,30.53,41.90,1008.90
2765,248.76,30.98,30.53,41.91,1008.90
2766,248.85,30.98,30.52,41.90,1008.90
2767,248.94,30.97,30.53,41.91,1008.90
2768,249.03,30.97,30.53,41.91,1008.90
2769,249.12,30.96,30.55,41.92,1008.90
2770,249.21,30.95,30.56,41.90,1008.90
2771,249.30,30.95,30.56,41.90,1008.90
2772,249.39,30.95,30.56,41.88,1008.90
2773,249.48,30.93,30.57,42.28,1008.90
2774,249.57,30.93,30.57,41.85,1008.90
2775,249.66,30.93,30.58,41.83,1008.90
2776,249.75,30.93,30.57,41.82,1008.90
2777,249.84,30.93,30.57,41.81,1008.90
2778,249.93,30.93,30.56,41.81,1008.90
2779,250.02,30.93,30.56,41.81,1008.90
2780,250.11,30.94,30.56,41.82,1008.90
2781,250.20,30.94,30.57,41.83,1008.90
2782,250.29,30.93,30.56,41.82,1008.89
2783,250.38,30.92,30.56,41.81,1008.89
2784,250.47,30.92,30.55,41.81,1008.89
2785,250.56,30.92,30.54,41.79,1008.89
2786,250.65,30.91,30.55,41.77,1008.90
2787,250.74,30.92,30.56,41.78,1008.90
2788,250.83,30.91,30.55,41.79,1008.90
2789,250.92,30.92,30.55,41.80,1008.90
2790,251.01,30.91,30.55,41.81,1008.90
2791,251.10,30.91,30.55,41.80,1008.90
2792,251.19,30.92,30.55,41.79,1008.90
2793,251.28,30.92,30.54,41.79,1008.90
2794,251.37,30.92,30.55,41.82,1008.90
2795,251.46,30.92,30.54,41.82,1008.90
2796,251.55,30.91,30.54,41.82,1008.90
2797,251.64,30.91,30.53,41.82,1008.90
2798,251.73,30.91,30.54,41.84,1008.90
2799,251.82,30.90,30.54,41.85,1008.90
2800,251.91,30.90,30.53,41.85,1008.90
2801,252.00,30.90,30.53,41.85,1008.90
2802,252.09,30.90,30.52,41.84,1008.90
2803,252.18,30.89,30.52,41.84,1008.90
2804,252.27,30.89,30.51,41.83,1008.90
2805,252.36,30.89,30.52,41.85,1008.90
2806,252.45,30.89,30.51,41.88,1008.90
2807,252.54,30.89,30.50,41.88,1008.90
2808,252.63,30.90,30.50,41.87,1008.90
2809,252.72,30.89,30.51,41.85,1008.89
2810,252.81,30.89,30.50,41.86,1008.89
2811,252.90,30.89,30.50,41.84,1008.89
2812,252.99,30.89,30.49,41.83,1008.89
2813,253.08,30.88,30.49,41.85,1008.89
2814,253.17,30.88,30.49,41.86,1008.89
2815,253.26,30.89,30.50,41.84,1008.89
2816,253.35,30.89,30.51,41.84,1008.88
2817,253.44,30.88,30.49,41.82,1008.89
2818,253.53,30.87,30.48,41.83,1008.89
2819,253.62,30.87,30.48,41.86,1008.89
2820,253.71,30.87,30.47,41.87,1008.89
2821,253.80,30.87,30.47,41.88,1008.89
2822,253.89,30.87,30.47,41.88,1008.89
2823,253.98,30.87,30.46,41.87,1008.90
2824,254.07,30.86,30.45,41.88,1008.90
2825,254.16,30.87,30.45,41.88,1008.90
2826,254.25,30.87,30.46,41.89,1008.90
2827,254.34,30.86,30.45,41.90,1008.90
2828,254.43,30.85,30.45,41.91,1008.90
2829,254.52,30.85,30.45,41.90,1008.90
2830,254.61,30.84,30.44,41.92,1008.90
2831,254.70,30.83,30.44,41.92,1008.90
2832,254.79,30.84,30.45,41.90,1008.90
2833,254.88,30.83,30.45,41.92,1008.91
2834,254.97,30.83,30.46,41.90,1008.91
2835,255.06,30.83,30.46,41.92,1008.91
2836,255.15,30.83,30.46,41.95,1008.91
2837,255.24,30.83,30.46,41.95,1008.91
2838,255.33,30.84,30.44,41.96,1008.91
2839,255.42,30.83,30.43,41.96,1008.92
2840,255.51,30.84,30.42,41.98,1008.92
2841,255.60,30.84,30.41,42.00,1008.91
2842,255.69,30.84,30.41,42.00,1008.91
2843,255.78,30.84,30.40,42.00,1008.92
2844,255.87,30.84,30.39,41.97,1008.92
2845,255.96,30.84,30.41,41.97,1008.92
2846,256.05,30.84,30.40,42.00,1008.92
2847,256.14,30.84,30.40,42.00,1008.92
2848,256.23,30.84,30.40,42.02,1008.92
2849,256.32,30.84,30.40,42.03,1008.92
2850,256.41,30.83,30.39,42.06,1008.92
2851,256.50,30.82,30.40,42.07,1008.92
2852,256.59,30.82,30.38,42.06,1008.92
2853,256.68,30.83,30.38,42.06,1008.93
2854,256.77,30.81,30.39,42.06,1008.92
2855,256.86,30.81,30.38,42.06,1008.93
2856,256.95,30.80,30.37,42.05,1008.92
2857,257.04,30.81,30.38,42.04,1008.92
2858,257.13,30.81,30.38,42.01,1008.92
2859,257.22,30.80,30.37,42.01,1008.92
2860,257.31,30.80,30.37,42.03,1008.92
2861,257.40,30.79,30.38,42.02,1008.92
2862,257.49,30.80,30.38,42.02,1008.92
2863,257.58,30.80,30.38,42.04,1008.92
2864,257.67,30.79,30.39,42.05,1008.91
2865,257.76,30.79,30.39,42.02,1008.91
2866,257.85,30.79,30.40,42.04,1008.91
2867,257.94,30.79,30.41,42.07,1008.91
2868,258.03,30.80,30.41,42.06,1008.91
2869,258.12,30.81,30.42,42.05,1008.91
2870,258.21,30.81,30.43,42.04,1008.91
2871,258.30,30.80,30.44,42.05,1008.91
2872,258.39,30.80,30.42,42.04,1008.91
2873,258.48,30.80,30.43,42.04,1008.91
2874,258.57,30.80,30.43,42.06,1008.91
2875,258.66,30.80,30.42,42.04,1008.90
2876,258.75,30.79,30.42,42.05,1008.91
2877,258.84,30.78,30.43,42.06,1008.91
2878,258.93,30.78,30.42,42.08,1008.91
2879,259.02,30.78,30.39,42.09,1008.91
2880,259.11,30.79,30.39,42.10,1008.91
2881,259.20,30.79,30.39,42.09,1008.92
2882,259.29,30.79,30.40,42.11,1008.92
2883,259.38,30.79,30.41,42.11,1008.92
2884,259.47,30.78,30.40,42.10,1008.92
2885,259.56,30.77,30.40,42.07,1008.92
2886,259.65,30.78,30.39,42.07,1008.93
2887,259.74,30.78,30.38,42.08,1008.93
2888,259.83,30.78,30.39,42.07,1008.94
2889,259.92,30.77,30.38,42.08,1008.93
2890,260.01,30.77,30.38,42.09,1008.94
2891,260.10,30.77,30.38,42.07,1008.94
2892,260.19,30.77,30.37,42.08,1008.94
2893,260.28,30.77,30.38,42.09,1008.94
2894,260.37,30.77,30.39,42.09,1008.94
2895,260.46,30.76,30.38,42.10,1008.95
2896,260.55,30.76,30.37,42.11,1008.95
2897,260.64,30.77,30.37,42.12,1008.95
2898,260.73,30.77,30.36,42.12,1008.95
2899,260.82,30.76,30.37,42.09,1008.95
2900,260.91,30.75,30.36,42.08,1008.95
2901,261.00,30.75,30.36,42.07,1008.95
2902,261.09,30.75,30.36,42.07,1008.95
2903,261.18,30.75,30.36,42.08,1008.95
2904,261.27,30.75,30.37,42.10,1008.95
2905,261.36,30.75,30.35,42.11,1008.95
2906,261.45,30.75,30.35,42.11,1008.95
2907,261.54,30.76,30.35,42.12,1008.94
2908,261.63,30.75,30.34,42.13,1008.94
2909,261.72,30.74,30.33,42.13,1008.95
2910,261.81,30.74,30.34,42.15,1008.95
2911,261.90,30.73,30.16,42.15,1008.94
2912,261.99,30.74,30.33,42.13,1008.94
2913,262.08,30.73,30.33,42.12,1008.94
2914,262.17,30.73,30.34,42.09,1008.94
2915,262.26,30.75,30.34,42.06,1008.93
2916,262.35,30.74,30.34,42.06,1008.93
2917,262.44,30.74,30.32,42.08,1008.93
2918,262.53,30.74,30.31,42.09,1008.93
2919,262.62,30.74,30.30,42.11,1008.92
2920,262.71,30.73,30.29,42.10,1008.92
2921,262.80,30.74,30.28,42.09,1008.92
2922,262.89,30.73,30.29,42.10,1008.92
2923,262.98,30.72,30.29,42.09,1008.92
2924,263.07,30.72,30.29,42.12,1008.92
2925,263.16,30.71,30.29,42.13,1008.92
2926,263.25,30.70,30.28,42.12,1008.92
2927,263.34,30.70,30.29,42.11,1008.92
2928,263.43,30.70,30.28,42.14,1008.92
2929,263.52,30.69,30.27,42.13,1008.92
2930,263.61,30.69,30.27,42.16,1008.92
2931,263.70,30.68,30.26,42.16,1008.92
2932,263.79,30.67,30.28,42.19,1008.92
2933,263.88,30.68,30.29,42.21,1008.91
2934,263.97,30.68,30.29,42.21,1008.92
2935,264.06,30.67,30.28,42.22,1008.92
2936,264.15,30.68,30.28,42.20,1008.92
2937,264.24,30.67,30.27,42.19,1008.92
2938,264.33,30.67,30.26,42.20,1008.92
2939,264.42,30.67,30.27,42.21,1008.92
2940,264.51,30.67,30.26,42.19,1008.92
2941,264.60,30.66,30.27,42.21,1008.92
2942,264.69,30.66,30.26,42.21,1008.92
2943,264.78,30.66,30.27,42.20,1008.92
2944,264.87,30.66,30.27,42.18,1008.93
2945,264.96,30.66,30.27,42.18,1008.92
2946,265.05,30.65,30.25,42.19,1008.92
2947,265.14,30.65,30.26,42.16,1008.92
2948,265.23,30.65,30.26,42.17,1008.93
2949,265.32,30.64,30.25,42.16,1008.93
2950,265.41,30.65,30.25,42.17,1008.93
2951,265.50,30.65,30.24,42.19,1008.93
2952,265.59,30.65,30.24,42.19,1008.93
2953,265.68,30.65,30.23,42.16,1008.93
2954,265.77,30.66,30.24,42.17,1008.92
2955,265.86,30.66,30.25,42.15,1008.93
2956,265.95,30.66,30.26,42.14,1008.92
2957,266.04,30.65,30.26,42.12,1008.92
2958,266.13,30.65,30.25,42.12,1008.92
2959,266.22,30.65,30.24,42.12,1008.92
2960,266.31,30.64,30.23,42.14,1008.92
2961,266.40,30.63,30.24,42.14,1008.92
2962,266.49,30.62,30.24,42.16,1008.92
2963,266.58,30.62,30.25,42.17,1008.92
2964,266.67,30.62,30.24,42.18,1008.92
2965,266.76,30.61,30.24,42.16,1008.92
2966,266.85,30.61,30.24,42.15,1008.92
2967,266.94,30.62,30.24,42.14,1008.91
2968,267.03,30.62,30.25,42.13,1008.92
2969,267.12,30.61,30.25,42.14,1008.92
2970,267.21,30.62,30.25,42.16,1008.92
2971,267.30,30.61,30.25,42.17,1008.92
2972,267.39,30.61,30.24,42.17,1008.92
2973,267.48,30.61,30.25,42.17,1008.91
2974,267.57,30.62,30.25,42.16,1008.91
2975,267.66,30.62,30.24,42.17,1008.91
2976,267.75,30.61,30.24,42.18,1008.91
2977,267.84,30.61,30.23,42.18,1008.91
2978,267.93,30.60,30.22,42.20,1008.91
2979,268.02,30.60,30.22,42.20,1008.91
2980,268.11,30.60,30.21,42.19,1008.91
2981,268.20,30.60,30.21,42.21,1008.91
2982,268.29,30.59,30.21,42.19,1008.91
2983,268.38,30.59,30.20,42.18,1008.91
2984,268.47,30.59,30.20,42.20,1008.91
2985,268.56,30.58,30.21,42.20,1008.91
2986,268.65,30.58,30.22,42.21,1008.91
2987,268.74,30.57,30.22,42.21,1008.91
2988,268.83,30.58,30.22,42.22,1008.91
2989,268.92,30.58,30.22,42.22,1008.90
2990,269.01,30.59,30.22,42.22,1008.91
2991,269.10,30.60,30.22,42.19,1008.90
2992,269.19,30.60,30.21,42.22,1008.90
2993,269.28,30.60,30.22,42.24,1008.90
2994,269.37,30.60,30.22,42.21,1008.90
2995,269.46,30.60,30.22,42.18,1008.90
2996,269.55,30.60,30.22,42.18,1008.91
2997,269.64,30.60,30.22,42.17,1008.90
2998,269.73,30.60,30.22,42.17,1008.90
2999,269.82,30.60,30.22,42.18,1008.91
3000,269.91,30.60,30.22,42.17,1008.90
3001,270.00,30.60,30.22,42.16,1008.90
3002,270.09,30.60,30.23,42.19,1008.90
3003,270.18,30.60,30.22,42.20,1008.90
3004,270.27,30.60,30.22,42.20,1008.90
3005,270.36,30.59,30.22,42.20,1008.90
3006,270.45,30.59,30.20,42.16,1008.90
3007,270.54,30.59,30.21,42.17,1008.90
3008,270.63,30.58,30.20,42.22,1008.90
3009,270.72,30.58,30.19,42.24,1008.89
3010,270.81,30.59,30.19,42.21,1008.89
3011,270.90,30.58,30.20,42.18,1008.89
3012,270.99,30.57,30.21,42.18,1008.89
3013,271.08,30.57,30.21,42.17,1008.88
3014,271.17,30.58,30.21,42.20,1008.88
3015,271.26,30.58,30.20,42.23,1008.87
3016,271.35,30.58,30.20,42.23,1008.88
3017,271.44,30.57,30.19,42.22,1008.87
3018,271.53,30.57,30.20,42.23,1008.88
3019,271.62,30.56,30.19,42.22,1008.88
3020,271.71,30.57,30.19,42.23,1008.88
3021,271.80,30.57,30.19,42.27,1008.88
3022,271.89,30.57,30.19,42.27,1008.88
3023,271.98,30.57,30.18,42.24,1008.88
3024,272.07,30.57,30.15,42.24,1008.88
3025,272.16,30.56,30.15,42.25,1008.88
3026,272.25,30.57,30.16,42.25,1008.88
3027,272.34,30.56,30.15,42.25,1008.89
3028,272.43,30.56,30.15,42.24,1008.89
3029,272.52,30.56,30.15,42.23,1008.89
3030,272.61,30.55,30.15,42.23,1008.89
3031,272.70,30.55,30.15,42.23,1008.89
3032,272.79,30.55,30.15,42.21,1008.89
3033,272.88,30.55,30.15,42.22,1008.89
3034,272.97,30.56,30.14,42.22,1008.89
3035,273.06,30.56,30.14,42.24,1008.89
3036,273.15,30.55,30.15,42.24,1008.90
3037,273.24,30.54,30.14,42.22,1008.89
3038,273.33,30.54,30.15,42.23,1008.90
3039,273.42,30.54,30.14,42.23,1008.89
3040,273.51,30.53,30.14,42.22,1008.90
3041,273.60,30.53,30.15,42.22,1008.90
3042,273.69,30.53,30.14,42.24,1008.90
3043,273.78,30.53,30.14,42.26,1008.91
3044,273.87,30.54,30.12,42.23,1008.91
3045,273.96,30.53,30.11,42.24,1008.91
3046,274.05,30.52,30.10,42.24,1008.92
3047,274.14,30.52,30.11,42.24,1008.92
3048,274.23,30.51,30.10,42.22,1008.92
3049,274.32,30.51,30.09,42.21,1008.92
3050,274.41,30.51,30.10,42.22,1008.92
3051,274.50,30.50,30.10,42.20,1008.92
3052,274.59,30.51,30.10,42.20,1008.92
3053,274.68,30.52,30.10,42.20,1008.92
3054,274.77,30.52,30.09,42.17,1008.92
3055,274.86,30.51,30.08,42.18,1008.92
3056,274.95,30.51,30.08,42.15,1008.91
3057,275.04,30.51,30.08,42.14,1008.91
3058,275.13,30.50,30.09,42.13,1008.91
3059,275.22,30.51,30.08,42.12,1008.91
3060,275.31,30.51,30.08,42.14,1008.90
3061,275.40,30.50,30.08,42.18,1008.90
3062,275.49,30.50,30.08,42.20,1008.91
3063,275.58,30.49,30.08,42.19,1008.91
3064,275.67,30.49,30.08,42.20,1008.90
3065,275.76,30.49,30.09,42.20,1008.90
3066,275.85,30.49,30.08,42.23,1008.91
3067,275.94,30.49,30.08,42.25,1008.90
3068,276.03,30.49,30.09,42.25,1008.90
3069,276.12,30.48,30.09,42.25,1008.90
3070,276.21,30.49,30.09,42.25,1008.90
3071,276.30,30.49,30.08,42.27,1008.90
3072,276.39,30.49,30.09,42.25,1008.89
3073,276.48,30.49,30.09,42.26,1008.89
3074,276.57,30.49,30.09,42.28,1008.90
3075,276.66,30.49,30.09,42.28,1008.90
3076,276.75,30.49,30.10,42.28,1008.90
3077,276.84,30.48,30.09,42.27,1008.89
3078,276.93,30.48,30.08,42.27,1008.90
3079,277.02,30.48,30.08,42.26,1008.89
3080,277.11,30.48,30.09,42.24,1008.89
3081,277.20,30.47,30.09,42.22,1008.90
3082,277.29,30.47,30.09,42.19,1008.90
3083,277.38,30.47,30.09,42.20,1008.91
3084,277.47,30.47,30.08,42.21,1008.91
3085,277.56,30.47,30.07,42.19,1008.91
3086,277.65,30.47,30.06,42.21,1008.92
3087,277.74,30.46,30.07,42.21,1008.92
3088,277.83,30.46,30.08,42.19,1008.92
3089,277.92,30.46,30.08,42.21,1008.92
3090,278.01,30.46,30.08,42.21,1008.92
3091,278.10,30.46,30.07,42.21,1008.93
3092,278.19,30.46,30.07,42.23,1008.93
3093,278.28,30.45,30.08,42.26,1008.94
3094,278.37,30.45,30.08,42.26,1008.94
3095,278.46,30.45,30.08,42.27,1008.94
3096,278.55,30.45,30.09,42.25,1008.94
3097,278.64,30.44,30.08,42.25,1008.94
3098,278.73,30.44,30.07,42.24,1008.93
3099,278.82,30.43,30.06,42.25,1008.94
3100,278.91,30.43,30.05,42.26,1008.93
3101,279.00,30.44,30.04,42.27,1008.94
3102,279.09,30.43,30.06,42.25,1008.94
3103,279.18,30.41,30.06,42.25,1008.94
3104,279.27,30.42,30.05,42.24,1008.94
3105,279.36,30.41,30.04,42.23,1008.94
3106,279.45,30.41,30.04,42.26,1008.94
3107,279.54,30.41,30.03,42.25,1008.95
3108,279.63,30.40,30.04,42.28,1008.94
3109,279.72,30.41,30.03,42.24,1008.94
3110,279.81,30.41,30.04,42.22,1008.94
3111,279.90,30.41,30.04,42.21,1008.94
3112,279.99,30.40,30.05,42.21,1008.94
3113,280.08,30.40,30.05,42.21,1008.94
3114,280.17,30.41,30.04,42.25,1008.94
3115,280.26,30.41,30.03,42.27,1008.94
3116,280.35,30.39,30.02,42.25,1008.94
3117,280.44,30.40,30.03,42.29,1008.93
3118,280.53,30.40,30.03,42.31,1008.93
3119,280.62,30.40,30.03,42.27,1008.93
3120,280.71,30.38,30.01,42.25,1008.93
3121,280.80,30.38,30.01,42.22,1008.93
3122,280.89,30.38,30.02,42.21,1008.92
3123,280.98,30.38,30.03,42.17,1008.93
3124,281.07,30.38,30.02,42.18,1008.92
3125,281.16,30.38,30.01,42.20,1008.92
3126,281.25,30.37,29.99,42.20,1008.92
3127,281.34,30.39,30.00,42.20,1008.92
3128,281.43,30.39,29.98,42.18,1008.92
3129,281.52,30.39,29.99,42.21,1008.92
3130,281.61,30.39,29.99,42.21,1008.92
3131,281.70,30.39,29.99,42.23,1008.92
3132,281.79,30.39,30.00,42.21,1008.92
3133,281.88,30.39,29.99,42.24,1008.92
3134,281.97,30.39,29.98,42.23,1008.92
3135,282.06,30.38,29.98,42.21,1008.92
3136,282.15,30.39,29.99,42.19,1008.92
3137,282.24,30.38,29.99,42.19,1008.92
3138,282.33,30.38,30.00,42.23,1008.93
3139,282.42,30.38,29.99,42.23,1008.93
3140,282.51,30.37,29.99,42.25,1008.92
3141,282.60,30.37,29.99,42.24,1008.93
3142,282.69,30.37,30.00,42.25,1008.93
3143,282.78,30.37,30.00,42.28,1008.93
3144,282.87,30.37,30.00,42.27,1008.93
3145,282.96,30.36,29.99,42.26,1008.93
3146,283.05,30.35,29.99,42.26,1008.93
3147,283.14,30.37,29.98,42.25,1008.93
3148,283.23,30.36,29.97,42.25,1008.94
3149,283.32,30.36,29.97,42.27,1008.94
3150,283.41,30.36,29.97,42.28,1008.94
3151,283.50,30.35,29.97,42.26,1008.94
3152,283.59,30.35,29.97,42.26,1008.94
3153,283.68,30.35,29.97,42.26,1008.94
3154,283.77,30.34,29.96,42.29,1008.94
3155,283.86,30.34,29.95,42.31,1008.94
3156,283.95,30.35,29.95,42.30,1008.94
3157,284.04,30.36,29.95,42.32,1008.94
3158,284.13,30.36,29.95,42.31,1008.94
3159,284.22,30.36,29.95,42.30,1008.94
3160,284.31,30.35,29.95,42.31,1008.94
3161,284.40,30.36,29.94,42.30,1008.93
3162,284.49,30.35,29.94,42.30,1008.93
3163,284.58,30.35,29.94,42.30,1008.93
3164,284.67,30.35,29.94,42.31,1008.92
3165,284.76,30.35,29.93,42.31,1008.93
3166,284.85,30.35,29.93,42.30,1008.92
3167,284.94,30.34,29.92,42.30,1008.92
3168,285.03,30.33,29.93,42.28,1008.91
3169,285.12,30.35,29.92,42.26,1008.92
3170,285.21,30.35,29.92,42.26,1008.92
3171,285.30,30.35,29.92,42.27,1008.92
3172,285.39,30.35,29.93,42.28,1008.92
3173,285.48,30.35,29.93,42.28,1008.92
3174,285.57,30.35,29.93,42.29,1008.92
3175,285.66,30.34,29.93,42.30,1008.92
3176,285.75,30.33,29.93,42.31,1008.92
3177,285.84,30.34,29.92,42.30,1008.92
3178,285.93,30.33,29.92,42.29,1008.92
3179,286.02,30.33,29.92,42.30,1008.92
3180,286.11,30.33,29.93,42.30,1008.92
3181,286.20,30.32,29.92,42.32,1008.91
3182,286.29,30.32,29.92,42.30,1008.92
3183,286.38,30.32,29.92,42.28,1008.92
3184,286.47,30.33,29.92,42.30,1008.91
3185,286.56,30.33,29.93,42.28,1008.91
3186,286.65,30.34,29.92,42.27,1008.91
3187,286.74,30.33,29.92,42.28,1008.92
3188,286.83,30.32,29.92,42.28,1008.91
3189,286.92,30.32,29.92,42.27,1008.92
3190,287.01,30.32,29.91,42.31,1008.92
3191,287.10,30.32,29.91,42.30,1008.92
3192,287.19,30.31,29.92,42.28,1008.92
3193,287.28,30.31,29.92,42.26,1008.92
3194,287.37,30.29,29.93,42.26,1008.92
3195,287.46,30.29,29.92,42.25,1008.92
3196,287.55,30.29,29.91,42.27,1008.92
3197,287.64,30.29,29.93,42.28,1008.92
3198,287.73,30.29,29.93,42.28,1008.91
3199,287.82,30.28,29.93,42.27,1008.91
3200,287.91,30.28,29.92,42.27,1008.91
3201,288.00,30.28,29.92,42.30,1008.92
3202,288.09,30.27,29.93,42.29,1008.91
3203,288.18,30.27,29.92,42.29,1008.91
3204,288.27,30.26,29.91,42.27,1008.91
3205,288.36,30.27,29.92,42.26,1008.91
3206,288.45,30.26,29.91,42.25,1008.91
3207,288.54,30.26,29.91,42.24,1008.91
3208,288.63,30.27,29.92,42.23,1008.91
3209,288.72,30.27,29.92,42.21,1008.91
3210,288.81,30.25,29.93,42.20,1008.91
3211,288.90,30.25,29.94,42.20,1008.91
3212,288.99,30.25,29.94,42.20,1008.90
3213,289.08,30.24,29.93,42.22,1008.90
3214,289.17,30.23,29.92,42.23,1008.90
3215,289.26,30.22,29.92,42.20,1008.89
3216,289.35,30.21,29.92,42.18,1008.90
3217,289.44,30.19,29.91,42.19,1008.89
3218,289.53,30.19,29.91,42.18,1008.89
3219,289.62,30.18,29.92,42.18,1008.89
3220,289.71,30.17,29.91,42.19,1008.89
3221,289.80,30.15,29.90,42.18,1008.90
3222,289.89,30.14,29.89,42.19,1008.90
3223,289.98,30.13,29.89,42.17,1008.89
3224,290.07,30.13,29.89,42.19,1008.90
3225,290.16,30.13,29.91,42.19,1008.90
3226,290.25,30.12,29.91,42.17,1008.90
3227,290.34,30.13,29.91,42.16,1008.90
3228,290.43,30.13,29.91,42.14,1008.90
3229,290.52,30.13,29.90,42.16,1008.89
3230,290.61,30.14,29.90,42.16,1008.89
3231,290.70,30.15,29.90,42.14,1008.89
3232,290.79,30.16,29.89,42.16,1008.89
3233,290.88,30.16,29.90,42.16,1008.89
3234,290.97,30.17,29.91,42.16,1008.89
3235,291.06,30.19,29.91,42.17,1008.90
3236,291.15,30.19,29.91,42.17,1008.89
3237,291.24,30.19,29.91,42.15,1008.90
3238,291.33,30.20,29.89,42.15,1008.89
3239,291.42,30.20,29.88,42.17,1008.90
3240,291.51,30.20,29.88,42.14,1008.90
3241,291.60,30.20,29.89,42.15,1008.90
3242,291.69,30.20,29.90,42.17,1008.90
3243,291.78,30.21,29.88,42.16,1008.90
3244,291.87,30.20,29.88,42.15,1008.90
3245,291.96,30.21,29.88,42.15,1008.90
3246,292.05,30.21,29.87,42.15,1008.90
3247,292.14,30.21,29.87,42.15,1008.90
3248,292.23,30.21,29.86,42.15,1008.90
3249,292.32,30.22,29.85,42.16,1008.91
3250,292.41,30.22,29.85,42.15,1008.91
3251,292.50,30.22,29.86,42.14,1008.91
3252,292.59,30.21,29.85,42.14,1008.91
3253,292.68,30.21,29.85,42.10,1008.91
3254,292.77,30.21,29.86,42.10,1008.91
3255,292.86,30.21,29.85,42.09,1008.91
3256,292.95,30.20,29.85,42.09,1008.91
3257,293.04,30.20,29.85,42.11,1008.91
3258,293.13,30.19,29.84,42.11,1008.91
3259,293.22,30.19,29.84,42.11,1008.91
3260,293.31,30.19,29.83,42.13,1008.90
3261,293.40,30.19,29.82,42.13,1008.90
3262,293.49,30.18,29.82,42.12,1008.90
3263,293.58,30.19,29.81,42.13,1008.90
3264,293.67,30.19,29.82,42.13,1008.90
3265,293.76,30.19,29.83,42.12,1008.89
3266,293.85,30.19,29.82,42.11,1008.89
3267,293.94,30.18,29.82,42.11,1008.89
3268,294.03,30.19,29.82,42.10,1008.89
3269,294.12,30.18,29.81,42.12,1008.89
3270,294.21,30.18,29.82,42.11,1008.89
3271,294.30,30.18,29.81,42.11,1008.89
3272,294.39,30.18,29.80,42.10,1008.89
3273,294.48,30.18,29.80,42.12,1008.89
3274,294.57,30.17,29.80,42.13,1008.89
3275,294.66,30.17,29.80,42.11,1008.89
3276,294.75,30.16,29.81,42.10,1008.89
3277,294.84,30.16,29.81,42.06,1008.89
3278,294.93,30.17,29.81,42.06,1008.89
3279,295.02,30.17,29.80,42.07,1008.89
3280,295.11,30.16,29.80,42.08,1008.90
3281,295.20,30.17,29.80,42.06,1008.90
3282,295.29,30.17,29.79,42.07,1008.90
3283,295.38,30.17,29.80,42.08,1008.90
3284,295.47,30.17,29.81,42.10,1008.90
3285,295.56,30.17,29.80,42.12,1008.90
3286,295.65,30.17,29.80,42.11,1008.91
3287,295.74,30.18,29.80,42.13,1008.91
3288,295.83,30.18,29.80,42.13,1008.91
3289,295.92,30.18,29.79,42.15,1008.91
3290,296.01,30.18,29.78,42.15,1008.91
3291,296.10,30.18,29.79,42.13,1008.92
3292,296.19,30.18,29.77,42.14,1008.92
3293,296.28,30.17,29.77,42.14,1008.92
3294,296.37,30.15,29.78,42.16,1008.92
3295,296.46,30.16,29.78,42.16,1008.92
3296,296.55,30.15,29.77,42.15,1008.92
3297,296.64,30.15,29.77,42.13,1008.92
3298,296.73,30.14,29.78,42.13,1008.92
3299,296.82,30.15,29.79,42.16,1008.92
3300,296.91,30.14,29.79,42.18,1008.92
3301,297.00,30.15,29.80,42.17,1008.92
3302,297.09,30.15,29.80,42.16,1008.92
3303,297.18,30.15,29.80,42.16,1008.92
3304,297.27,30.14,29.80,42.16,1008.92
3305,297.36,30.14,29.81,42.14,1008.92
3306,297.45,30.14,29.81,42.16,1008.93
3307,297.54,30.14,29.81,42.15,1008.92
3308,297.63,30.13,29.80,42.14,1008.92
3309,297.72,30.13,29.81,42.12,1008.92
3310,297.81,30.14,29.82,42.14,1008.92
3311,297.90,30.14,29.82,42.15,1008.92
3312,297.99,30.14,29.81,42.14,1008.92
3313,298.08,30.14,29.82,42.14,1008.93
3314,298.17,30.15,29.81,42.14,1008.92
3315,298.26,30.15,29.80,42.12,1008.92
3316,298.35,30.15,29.80,42.13,1008.92
3317,298.44,30.14,29.80,42.12,1008.92
3318,298.53,30.13,29.79,42.12,1008.91
3319,298.62,30.13,29.79,42.11,1008.92
3320,298.71,30.12,29.78,42.10,1008.91
3321,298.80,30.12,29.78,42.09,1008.92
3322,298.89,30.12,29.78,42.07,1008.92
3323,298.98,30.11,29.76,42.08,1008.91
3324,299.07,30.12,29.76,42.09,1008.91
3325,299.16,30.12,29.76,42.09,1008.91
3326,299.25,30.10,29.76,42.09,1008.90
3327,299.34,30.10,29.75,42.11,1008.91
3328,299.43,30.10,29.75,42.11,1008.91
3329,299.52,30.11,29.74,42.13,1008.91
3330,299.61,30.10,29.73,42.10,1008.91
3331,299.70,30.10,29.74,42.12,1008.91
3332,299.79,30.10,29.72,42.14,1008.91
3333,299.88,30.11,29.72,42.12,1008.90
3334,299.97,30.11,29.73,42.13,1008.90
3335,300.06,30.12,29.73,42.14,1008.90
3336,300.15,30.12,29.73,42.14,1008.90
3337,300.24,30.12,29.73,42.14,1008.90
3338,300.33,30.12,29.73,42.13,1008.91
3339,300.42,30.11,29.73,42.11,1008.91
3340,300.51,30.12,29.73,42.11,1008.91
3341,300.60,30.12,29.73,42.11,1008.91
3342,300.69,30.11,29.73,42.11,1008.91
3343,300.78,30.11,29.73,42.11,1008.92
3344,300.87,30.10,29.72,42.11,1008.92
3345,300.96,30.10,29.73,42.10,1008.92
3346,301.05,30.10,29.73,42.10,1008.92
3347,301.14,30.11,29.71,42.08,1008.92
3348,301.23,30.11,29.72,42.08,1008.93
3349,301.32,30.11,29.72,42.08,1008.93
3350,301.41,30.11,29.72,42.07,1008.93
3351,301.50,30.11,29.72,42.06,1008.93
3352,301.59,30.11,29.72,42.05,1008.93
3353,301.68,30.11,29.72,42.08,1008.93
3354,301.77,30.10,29.71,42.07,1008.93
3355,301.86,30.10,29.71,42.07,1008.93
3356,301.95,30.09,29.71,42.06,1008.93
3357,302.04,30.09,29.72,42.07,1008.93
3358,302.13,30.09,29.72,42.05,1008.93
3359,302.22,30.09,29.72,42.04,1008.93
3360,302.31,30.09,29.72,42.02,1008.93
3361,302.40,30.07,29.73,42.00,1008.93
3362,302.49,30.07,29.72,41.97,1008.93
3363,302.58,30.07,29.73,41.98,1008.93
3364,302.67,30.06,29.72,42.00,1008.93
3365,302.76,30.06,29.71,41.99,1008.93
3366,302.85,30.06,29.72,42.00,1008.93
3367,302.94,30.05,29.72,42.01,1008.93
3368,303.03,30.05,29.71,42.00,1008.93
3369,303.12,30.05,29.71,42.01,1008.93
3370,303.21,30.04,29.71,41.99,1008.93
3371,303.30,30.05,29.70,42.00,1008.93
3372,303.39,30.04,29.70,41.99,1008.93
3373,303.48,30.04,29.69,41.99,1008.93
3374,303.57,30.05,29.69,41.98,1008.93
3375,303.66,30.04,29.69,41.99,1008.93
3376,303.75,30.05,29.72,41.96,1008.93
3377,303.84,30.04,29.71,41.99,1008.93
3378,303.93,30.05,29.70,41.97,1008.93
3379,304.02,30.05,29.70,41.97,1008.92
3380,304.11,30.05,29.70,41.96,1008.92
3381,304.20,30.04,29.70,41.98,1008.92
3382,304.29,30.04,29.68,41.99,1008.92
3383,304.38,30.04,29.68,41.97,1008.92
3384,304.47,30.04,29.69,41.98,1008.91
3385,304.56,30.04,29.69,41.98,1008.91
3386,304.65,30.04,29.70,41.96,1008.91
3387,304.74,30.02,29.70,41.95,1008.91
3388,304.83,30.02,29.70,41.94,1008.91
3389,304.92,30.02,29.69,41.93,1008.92
3390,305.01,30.02,29.72,41.95,1008.92
3391,305.10,30.02,29.71,41.95,1008.91
3392,305.19,30.03,29.71,41.93,1008.91
3393,305.28,30.03,29.71,41.92,1008.91
3394,305.37,30.03,29.71,41.92,1008.92
3395,305.46,30.03,29.71,41.93,1008.92
3396,305.55,30.02,29.70,41.93,1008.92
3397,305.64,30.02,29.70,41.93,1008.92
3398,305.73,30.02,29.71,41.92,1008.92
3399,305.82,30.02,29.70,41.92,1008.92
3400,305.91,30.02,29.70,41.91,1008.92
3401,306.00,30.01,29.70,41.91,1008.92
3402,306.09,30.01,29.70,41.90,1008.91
3403,306.18,30.01,29.70,41.89,1008.92
3404,306.27,30.02,29.69,41.92,1008.92
3405,306.36,30.02,29.70,41.92,1008.92
3406,306.45,30.01,29.69,41.94,1008.92
3407,306.54,30.01,29.69,41.92,1008.92
3408,306.63,30.01,29.69,41.94,1008.92
3409,306.72,30.01,29.68,41.94,1008.92
3410,306.81,30.00,29.67,41.92,1008.92
3411,306.90,30.00,29.66,41.90,1008.92
3412,306.99,29.99,29.66,41.89,1008.91
3413,307.08,29.99,29.66,41.92,1008.92
3414,307.17,29.98,29.67,41.97,1008.92
3415,307.26,29.98,29.67,41.98,1008.92
3416,307.35,29.98,29.67,41.96,1008.92
3417,307.44,29.98,29.67,41.96,1008.91
3418,307.53,29.97,29.67,41.97,1008.91
3419,307.62,29.98,29.68,42.01,1008.92
3420,307.71,29.98,29.67,42.02,1008.91
3421,307.80,29.97,29.67,42.02,1008.91
3422,307.89,29.97,29.66,42.03,1008.90
3423,307.98,29.97,29.67,42.03,1008.90
3424,308.07,29.98,29.68,42.02,1008.90
3425,308.16,29.99,29.68,42.02,1008.90
3426,308.25,29.98,29.69,42.03,1008.90
3427,308.34,29.99,29.70,42.05,1008.90
3428,308.43,30.00,29.71,42.04,1008.90
3429,308.52,30.00,29.72,42.05,1008.90
3430,308.61,29.99,29.72,42.07,1008.90
3431,308.70,29.99,29.73,42.06,1008.90
3432,308.79,29.99,29.75,42.07,1008.89
3433,308.88,29.98,29.77,42.06,1008.89
3434,308.97,29.99,29.77,42.05,1008.89
3435,309.06,29.99,29.78,42.04,1008.89
3436,309.15,29.98,29.78,42.04,1008.89
3437,309.24,30.00,29.79,42.01,1008.90
3438,309.33,30.01,29.80,41.99,1008.89
3439,309.42,30.03,29.80,41.97,1008.89
3440,309.51,30.03,29.80,41.97,1008.90
3441,309.60,30.03,29.80,41.97,1008.90
3442,309.69,30.02,29.79,41.96,1008.90
3443,309.78,30.02,29.79,41.97,1008.90
3444,309.87,30.02,29.77,41.97,1008.90
3445,309.96,30.01,29.76,42.00,1008.90
3446,310.05,30.00,29.74,41.98,1008.90
3447,310.14,29.99,29.73,42.00,1008.90
3448,310.23,30.00,29.72,42.02,1008.90
3449,310.32,29.99,29.69,42.03,1008.90
3450,310.41,29.98,29.68,42.04,1008.91
3451,310.50,29.97,29.66,42.06,1008.91
3452,310.59,29.97,29.65,42.06,1008.91
3453,310.68,29.97,29.64,42.05,1008.91
3454,310.77,29.98,29.63,42.04,1008.90
3455,310.86,29.97,29.61,42.06,1008.91
3456,310.95,29.98,29.60,42.06,1008.90
3457,311.04,29.97,29.59,42.05,1008.90
3458,311.13,29.96,29.58,42.05,1008.90
3459,311.22,29.96,29.59,42.06,1008.90
3460,311.31,29.96,29.60,42.06,1008.90
3461,311.40,29.96,29.60,42.05,1008.90
3462,311.49,29.96,29.60,42.04,1008.90
3463,311.58,29.95,29.59,42.03,1008.90
3464,311.67,29.96,29.59,42.02,1008.89
3465,311.76,29.95,29.59,42.03,1008.89
3466,311.85,29.95,29.60,42.03,1008.89
3467,311.94,29.95,29.58,42.06,1008.89
3468,312.03,29.95,29.58,42.06,1008.89
3469,312.12,29.95,29.58,42.06,1008.89
3470,312.21,29.95,29.58,42.03,1008.88
3471,312.30,29.94,29.57,42.04,1008.88
3472,312.39,29.94,29.57,42.03,1008.88
3473,312.48,29.94,29.57,42.04,1008.88
3474,312.57,29.94,29.58,42.04,1008.88
3475,312.66,29.94,29.57,42.03,1008.88
3476,312.75,29.94,29.57,42.04,1008.88
3477,312.84,29.93,29.56,42.04,1008.88
3478,312.93,29.94,29.56,42.04,1008.88
3479,313.02,29.93,29.56,42.04,1008.88
3480,313.11,29.93,29.56,42.05,1008.88
3481,313.20,29.93,29.56,42.04,1008.88
3482,313.29,29.93,29.57,42.05,1008.89
3483,313.38,29.93,29.56,42.03,1008.89
3484,313.47,29.93,29.56,42.05,1008.89
3485,313.56,29.92,29.57,42.07,1008.89
3486,313.65,29.93,29.57,42.05,1008.89
3487,313.74,29.92,29.59,42.03,1008.90
3488,313.83,29.93,29.59,42.03,1008.90
3489,313.92,29.93,29.58,42.03,1008.90
3490,314.01,29.92,29.58,42.04,1008.91
3491,314.10,29.93,29.58,42.04,1008.91
3492,314.19,29.93,29.58,42.06,1008.91
3493,314.28,29.93,29.58,42.07,1008.91
3494,314.37,29.93,29.59,42.06,1008.91
3495,314.46,29.94,29.58,42.08,1008.91
3496,314.55,29.93,29.58,42.08,1008.91
3497,314.64,29.93,29.58,42.06,1008.91
3498,314.73,29.94,29.58,42.05,1008.91
3499,314.82,29.93,29.57,42.06,1008.92
3500,314.91,29.93,29.57,42.08,1008.92
3501,315.00,29.92,29.56,42.08,1008.92
3502,315.09,29.93,29.55,42.07,1008.92
3503,315.18,29.92,29.55,42.07,1008.92
3504,315.27,29.91,29.56,42.05,1008.92
3505,315.36,29.91,29.55,42.06,1008.92
3506,315.45,29.91,29.55,42.04,1008.93
3507,315.54,29.91,29.54,42.05,1008.93
3508,315.63,29.91,29.54,42.02,1008.92
3509,315.72,29.92,29.54,42.02,1008.92
3510,315.81,29.92,29.53,42.01,1008.92
3511,315.90,29.91,29.54,42.01,1008.92
3512,315.99,29.91,29.54,42.02,1008.91
3513,316.08,29.91,29.54,42.02,1008.91
3514,316.17,29.91,29.54,42.01,1008.92
3515,316.26,29.89,29.54,42.00,1008.92
3516,316.35,29.89,29.53,42.01,1008.92
3517,316.44,29.89,29.53,42.02,1008.91
3518,316.53,29.89,29.53,42.00,1008.91
3519,316.62,29.90,29.53,42.02,1008.91
3520,316.71,29.90,29.53,42.03,1008.91
3521,316.80,29.90,29.54,42.03,1008.90
3522,316.89,29.90,29.54,42.02,1008.90
3523,316.98,29.91,29.54,42.03,1008.90
3524,317.07,29.91,29.54,42.04,1008.89
3525,317.16,29.90,29.54,42.02,1008.89
3526,317.25,29.90,29.54,42.03,1008.89
3527,317.34,29.89,29.55,42.04,1008.89
3528,317.43,29.88,29.55,42.02,1008.89
3529,317.52,29.88,29.54,42.04,1008.89
3530,317.61,29.88,29.54,42.07,1008.90
3531,317.70,29.89,29.53,42.09,1008.90
3532,317.79,29.89,29.53,42.09,1008.90
3533,317.88,29.88,29.52,42.07,1008.90
3534,317.97,29.87,29.51,42.04,1008.89
3535,318.06,29.86,29.51,42.04,1008.90
3536,318.15,29.87,29.52,42.01,1008.90
3537,318.24,29.87,29.53,42.00,1008.90
3538,318.33,29.87,29.53,41.98,1008.90
3539,318.42,29.87,29.53,42.00,1008.90
3540,318.51,29.86,29.53,42.01,1008.91
3541,318.60,29.87,29.53,42.02,1008.90
3542,318.69,29.87,29.53,42.03,1008.90
3543,318.78,29.86,29.53,42.03,1008.91
3544,318.87,29.87,29.53,42.03,1008.91
3545,318.96,29.85,29.54,42.02,1008.91
3546,319.05,29.85,29.55,42.01,1008.91
3547,319.14,29.84,29.55,42.02,1008.91
3548,319.23,29.84,29.54,42.00,1008.92
3549,319.32,29.84,29.54,42.00,1008.92
3550,319.41,29.84,29.54,42.00,1008.92
3551,319.50,29.84,29.54,41.99,1008.92
3552,319.59,29.85,29.54,41.99,1008.93
3553,319.68,29.84,29.53,42.02,1008.93
3554,319.77,29.84,29.53,42.02,1008.93
3555,319.86,29.85,29.52,42.02,1008.93
3556,319.95,29.85,29.51,42.02,1008.93
3557,320.04,29.86,29.51,41.99,1008.94
3558,320.13,29.86,29.50,42.01,1008.93
3559,320.22,29.86,29.51,42.00,1008.93
3560,320.31,29.86,29.50,42.00,1008.93
3561,320.40,29.87,29.49,41.97,1008.94
3562,320.49,29.87,29.49,41.99,1008.94
3563,320.58,29.87,29.49,41.98,1008.94
3564,320.67,29.87,29.48,41.99,1008.94
3565,320.76,29.86,29.49,41.98,1008.94
3566,320.85,29.86,29.49,41.97,1008.94
3567,320.94,29.86,29.49,41.98,1008.94
3568,321.03,29.86,29.50,42.01,1008.94
3569,321.12,29.86,29.49,42.02,1008.94
3570,321.21,29.85,29.50,42.03,1008.94
3571,321.30,29.85,29.50,42.03,1008.93
3572,321.39,29.84,29.48,42.04,1008.94
3573,321.48,29.83,29.48,42.03,1008.93
3574,321.57,29.84,29.49,42.03,1008.93
3575,321.66,29.83,29.49,42.03,1008.93
3576,321.75,29.83,29.49,42.03,1008.94
3577,321.84,29.83,29.49,42.00,1008.93
3578,321.93,29.83,29.49,42.00,1008.93
3579,322.02,29.83,29.48,41.99,1008.92
3580,322.11,29.83,29.48,41.99,1008.92
3581,322.20,29.83,29.47,42.00,1008.92
3582,322.29,29.82,29.48,41.99,1008.92
3583,322.38,29.83,29.48,41.96,1008.92
3584,322.47,29.82,29.47,41.94,1008.92
3585,322.56,29.83,29.48,41.98,1008.92
3586,322.65,29.83,29.46,41.97,1008.92
3587,322.74,29.83,29.45,41.98,1008.83
3588,322.83,29.83,29.45,41.98,1008.89
3589,322.92,29.83,29.45,41.96,1008.92
3590,323.01,29.83,29.44,41.97,1008.92
3591,323.10,29.82,29.45,41.97,1008.92
3592,323.19,29.82,29.47,41.99,1008.92
3593,323.28,29.81,29.47,41.99,1008.92
3594,323.37,29.81,29.47,41.99,1008.92
3595,323.46,29.81,29.46,41.99,1008.92
3596,323.55,29.81,29.46,42.01,1008.92
3597,323.64,29.80,29.45,42.03,1008.93
3598,323.73,29.79,29.45,42.04,1008.93
3599,323.82,29.79,29.45,42.06,1008.92
3600,323.91,29.78,29.46,42.05,1008.92
3601,324.00,29.79,29.46,42.06,1008.93
3602,324.09,29.79,29.46,42.07,1008.93
3603,324.18,29.79,29.46,42.04,1008.93
3604,324.27,29.79,29.45,42.04,1008.93
3605,324.36,29.79,29.44,42.02,1008.93
3606,324.45,29.79,29.45,42.03,1008.93
3607,324.54,29.79,29.44,42.05,1008.93
3608,324.63,29.79,29.43,42.04,1008.93
3609,324.72,29.78,29.45,42.06,1008.93
3610,324.81,29.76,29.45,42.06,1008.93
3611,324.90,29.76,29.44,42.07,1008.93
3612,324.99,29.77,29.45,42.09,1008.93
3613,325.08,29.78,29.44,42.07,1008.93
3614,325.17,29.78,29.44,42.09,1008.93
3615,325.26,29.78,29.43,42.09,1008.94
3616,325.35,29.77,29.43,42.09,1008.93
3617,325.44,29.77,29.44,42.09,1008.93
3618,325.53,29.77,29.42,42.10,1008.93
3619,325.62,29.77,29.42,42.11,1008.93
3620,325.71,29.78,29.41,42.11,1008.93
3621,325.80,29.77,29.42,42.14,1008.93
3622,325.89,29.77,29.42,42.13,1008.93
3623,325.98,29.77,29.42,42.13,1008.94
3624,326.07,29.77,29.42,42.13,1008.93
3625,326.16,29.77,29.42,42.13,1008.93
3626,326.25,29.77,29.42,42.13,1008.92
3627,326.34,29.77,29.42,42.11,1008.92
3628,326.43,29.77,29.42,42.12,1008.92
3629,326.52,29.77,29.41,42.11,1008.92
3630,326.61,29.78,29.42,42.11,1008.92
3631,326.70,29.78,29.42,42.12,1008.91
3632,326.79,29.78,29.42,42.14,1008.91
3633,326.88,29.79,29.42,42.13,1008.91
3634,326.97,29.78,29.43,42.13,1008.91
3635,327.06,29.79,29.42,42.13,1008.91
3636,327.15,29.79,29.42,42.15,1008.91
3637,327.24,29.80,29.42,42.13,1008.91
3638,327.33,29.80,29.41,42.13,1008.91
3639,327.42,29.80,29.42,42.14,1008.91
3640,327.51,29.81,29.42,42.14,1008.92
3641,327.60,29.81,29.41,42.14,1008.92
3642,327.69,29.81,29.40,42.12,1008.92
3643,327.78,29.81,29.39,42.13,1008.92
3644,327.87,29.81,29.40,42.11,1008.92
3645,327.96,29.80,29.41,42.14,1008.92
3646,328.05,29.80,29.43,42.15,1008.92
3647,328.14,29.80,29.41,42.15,1008.91
3648,328.23,29.80,29.42,42.12,1008.92
3649,328.32,29.79,29.43,42.10,1008.91
3650,328.41,29.80,29.43,42.09,1008.91
3651,328.50,29.80,29.43,42.07,1008.91
3652,328.59,29.79,29.41,42.07,1008.91
3653,328.68,29.80,29.42,42.04,1008.91
3654,328.77,29.79,29.42,42.05,1008.90
3655,328.86,29.79,29.42,42.07,1008.90
3656,328.95,29.80,29.42,42.07,1008.91
3657,329.04,29.79,29.40,42.05,1008.90
3658,329.13,29.79,29.40,42.05,1008.91
3659,329.22,29.79,29.40,42.05,1008.91
3660,329.31,29.79,29.39,42.03,1008.90
3661,329.40,29.78,29.37,42.04,1008.90
3662,329.49,29.78,29.37,42.05,1008.91
3663,329.58,29.77,29.38,42.05,1008.91
3664,329.67,29.77,29.39,42.05,1008.90
3665,329.76,29.77,29.39,42.06,1008.90
3666,329.85,29.76,29.38,42.05,1008.90
3667,329.94,29.77,29.38,42.08,1008.90
3668,330.03,29.76,29.38,42.10,1008.90
3669,330.12,29.76,29.38,42.10,1008.90
3670,330.21,29.75,29.38,42.09,1008.89
3671,330.30,29.75,29.38,42.09,1008.89
3672,330.39,29.74,29.38,42.07,1008.89
3673,330.48,29.74,29.39,42.07,1008.88
3674,330.57,29.74,29.39,42.06,1008.89
3675,330.66,29.74,29.38,42.06,1008.89
3676,330.75,29.73,29.38,42.06,1008.89
3677,330.84,29.73,29.38,42.06,1008.89
3678,330.93,29.72,29.38,42.06,1008.88
3679,331.02,29.73,29.38,42.07,1008.89
3680,331.11,29.73,29.38,42.07,1008.89
3681,331.20,29.72,29.39,42.10,1008.89
3682,331.29,29.72,29.38,42.12,1008.89
3683,331.38,29.71,29.38,42.10,1008.89
3684,331.47,29.71,29.37,42.10,1008.88
3685,331.56,29.71,29.36,42.13,1008.88
3686,331.65,29.72,29.36,42.13,1008.89
3687,331.74,29.72,29.35,42.16,1008.89
3688,331.83,29.72,29.35,42.15,1008.89
3689,331.92,29.73,29.35,42.17,1008.89
3690,332.01,29.72,29.36,42.18,1008.89
3691,332.10,29.72,29.36,42.18,1008.90
3692,332.19,29.72,29.37,42.19,1008.90
3693,332.28,29.71,29.38,42.18,1008.90
3694,332.37,29.70,29.37,42.16,1008.90
3695,332.46,29.69,29.38,42.18,1008.90
3696,332.55,29.69,29.37,42.18,1008.91
3697,332.64,29.68,29.37,42.20,1008.91
3698,332.73,29.67,29.38,42.20,1008.91
3699,332.82,29.67,29.38,42.22,1008.91
3700,332.91,29.67,29.38,42.22,1008.91
3701,333.00,29.66,29.37,42.25,1008.91
3702,333.09,29.67,29.36,42.26,1008.91
3703,333.18,29.67,29.35,42.24,1008.91
3704,333.27,29.67,29.34,42.26,1008.91
3705,333.36,29.67,29.33,42.27,1008.91
3706,333.45,29.66,29.33,42.26,1008.91
3707,333.54,29.66,29.33,42.24,1008.91
3708,333.63,29.67,29.33,42.24,1008.91
3709,333.72,29.67,29.33,42.23,1008.91
3710,333.81,29.67,29.32,42.20,1008.91
3711,333.90,29.68,29.33,42.21,1008.90
3712,333.99,29.68,29.34,42.18,1008.90
3713,334.08,29.68,29.35,42.17,1008.90
3714,334.17,29.67,29.35,42.17,1008.90
3715,334.26,29.66,29.35,42.18,1008.89
3716,334.35,29.66,29.36,42.17,1008.89
3717,334.44,29.65,29.36,42.17,1008.89
3718,334.53,29.64,29.36,42.17,1008.88
3719,334.62,29.64,29.36,42.15,1008.88
3720,334.71,29.65,29.37,42.15,1008.88
3721,334.80,29.65,29.37,42.14,1008.88
3722,334.89,29.64,29.37,42.15,1008.88
3723,334.98,29.64,29.37,42.18,1008.88
3724,335.07,29.64,29.36,42.19,1008.87
3725,335.16,29.65,29.37,42.17,1008.87
3726,335.25,29.64,29.36,42.19,1008.88
3727,335.34,29.64,29.36,42.19,1008.88
3728,335.43,29.65,29.36,42.20,1008.88
3729,335.52,29.64,29.34,42.18,1008.88
3730,335.61,29.63,29.34,42.18,1008.88
3731,335.70,29.63,29.34,42.18,1008.88
3732,335.79,29.64,29.35,42.18,1008.87
3733,335.88,29.64,29.35,42.17,1008.87
3734,335.97,29.64,29.35,42.17,1008.88
3735,336.06,29.63,29.34,42.17,1008.88
3736,336.15,29.63,29.33,42.19,1008.88
3737,336.24,29.63,29.32,42.20,1008.88
3738,336.33,29.62,29.32,42.20,1008.89
3739,336.42,29.62,29.34,42.22,1008.89
3740,336.51,29.61,29.34,42.21,1008.89
3741,336.60,29.62,29.34,42.21,1008.89
3742,336.69,29.62,29.34,42.20,1008.89
3743,336.78,29.61,29.35,42.21,1008.90
3744,336.87,29.61,29.36,42.21,1008.90
3745,336.96,29.62,29.35,42.23,1008.90
3746,337.05,29.62,29.35,42.26,1008.90
3747,337.14,29.62,29.35,42.25,1008.90
3748,337.23,29.63,29.35,42.26,1008.90
3749,337.32,29.64,29.34,42.24,1008.91
3750,337.41,29.64,29.32,42.25,1008.91
3751,337.50,29.64,29.33,42.21,1008.91
3752,337.59,29.65,29.32,42.21,1008.92
3753,337.68,29.64,29.32,42.23,1008.92
3754,337.77,29.65,29.31,42.22,1008.92
3755,337.86,29.65,29.31,42.23,1008.93
3756,337.95,29.65,29.31,42.22,1008.92
3757,338.04,29.66,29.32,42.21,1008.93
3758,338.13,29.67,29.31,42.22,1008.93
3759,338.22,29.66,29.30,42.22,1008.92
3760,338.31,29.66,29.29,42.20,1008.93
3761,338.40,29.66,29.29,42.22,1008.92
3762,338.49,29.66,29.28,42.22,1008.92
3763,338.58,29.66,29.28,42.21,1008.92
3764,338.67,29.66,29.29,42.20,1008.93
3765,338.76,29.67,29.29,42.21,1008.93
3766,338.85,29.66,29.30,42.21,1008.93
3767,338.94,29.65,29.29,42.21,1008.93
3768,339.03,29.64,29.28,42.20,1008.93
3769,339.12,29.63,29.28,42.21,1008.93
3770,339.21,29.63,29.28,42.22,1008.92
3771,339.30,29.63,29.28,42.25,1008.92
3772,339.39,29.63,29.28,42.26,1008.92
3773,339.48,29.63,29.28,42.25,1008.92
3774,339.57,29.64,29.28,42.25,1008.92
3775,339.66,29.64,29.28,42.25,1008.92
3776,339.75,29.64,29.28,42.26,1008.92
3777,339.84,29.64,29.29,42.25,1008.92
3778,339.93,29.64,29.28,42.26,1008.92
3779,340.02,29.64,29.29,42.27,1008.91
3780,340.11,29.65,29.29,42.28,1008.92
3781,340.20,29.64,29.29,42.28,1008.92
3782,340.29,29.64,29.29,42.29,1008.91
3783,340.38,29.64,29.30,42.30,1008.92
3784,340.47,29.63,29.30,42.30,1008.91
3785,340.56,29.64,29.29,42.29,1008.91
3786,340.65,29.64,29.28,42.28,1008.91
3787,340.74,29.64,29.29,42.28,1008.91
3788,340.83,29.63,29.29,42.31,1008.91
3789,340.92,29.63,29.28,42.32,1008.91
3790,341.01,29.64,29.28,42.32,1008.91
3791,341.10,29.63,29.29,42.30,1008.91
3792,341.19,29.63,29.29,42.29,1008.91
3793,341.28,29.63,29.29,42.29,1008.91
3794,341.37,29.62,29.29,42.30,1008.92
3795,341.46,29.63,29.29,42.29,1008.92
3796,341.55,29.62,29.30,42.29,1008.92
3797,341.64,29.62,29.30,42.31,1008.92
3798,341.73,29.63,29.30,42.29,1008.92
3799,341.82,29.63,29.29,42.28,1008.92
3800,341.91,29.62,29.29,42.29,1008.92
3801,342.00,29.62,29.28,42.27,1008.93
3802,342.09,29.63,29.29,42.26,1008.93
3803,342.18,29.62,29.28,42.25,1008.93
3804,342.27,29.62,29.28,42.28,1008.93
3805,342.36,29.61,29.28,42.30,1008.94
3806,342.45,29.62,29.29,42.33,1008.94
3807,342.54,29.62,29.28,42.32,1008.94
3808,342.63,29.61,29.27,42.35,1008.94
3809,342.72,29.62,29.27,42.35,1008.93
3810,342.81,29.62,29.26,42.34,1008.94
3811,342.90,29.61,29.26,42.34,1008.93
3812,342.99,29.62,29.27,42.35,1008.94
3813,343.08,29.61,29.26,42.33,1008.94
3814,343.17,29.61,29.26,42.36,1008.93
3815,343.26,29.60,29.26,42.36,1008.94
3816,343.35,29.60,29.25,42.36,1008.94
3817,343.44,29.60,29.26,42.39,1008.94
3818,343.53,29.59,29.27,42.38,1008.93
3819,343.62,29.60,29.28,42.36,1008.93
3820,343.71,29.60,29.28,42.35,1008.94
3821,343.80,29.61,29.29,42.35,1008.94
3822,343.89,29.62,29.28,42.34,1008.93
3823,343.98,29.61,29.28,42.33,1008.93
3824,344.07,29.62,29.28,42.32,1008.93
3825,344.16,29.61,29.27,42.34,1008.93
3826,344.25,29.61,29.28,42.31,1008.93
3827,344.34,29.60,29.29,42.30,1008.93
3828,344.43,29.60,29.27,42.31,1008.93
3829,344.52,29.61,29.27,42.31,1008.92
3830,344.61,29.61,29.28,42.31,1008.93
3831,344.70,29.60,29.29,42.33,1008.93
3832,344.79,29.60,29.29,42.33,1008.92
3833,344.88,29.59,29.29,42.33,1008.92
3834,344.97,29.59,29.28,42.33,1008.92
3835,345.06,29.58,29.28,42.31,1008.93
3836,345.15,29.58,29.28,42.32,1008.93
3837,345.24,29.57,29.27,42.32,1008.93
3838,345.33,29.58,29.27,42.32,1008.92
3839,345.42,29.58,29.26,42.33,1008.93
3840,345.51,29.58,29.25,42.34,1008.93
3841,345.60,29.58,29.24,42.34,1008.93
3842,345.69,29.58,29.24,42.36,1008.93
3843,345.78,29.57,29.24,42.35,1008.93
3844,345.87,29.57,29.24,42.34,1008.93
3845,345.96,29.57,29.25,42.31,1008.92
3846,346.05,29.58,29.24,42.29,1008.92
3847,346.14,29.57,29.24,42.30,1008.92
3848,346.23,29.58,29.25,42.32,1008.93
3849,346.32,29.57,29.25,42.29,1008.92
3850,346.41,29.58,29.25,42.32,1008.92
3851,346.50,29.58,29.24,42.32,1008.92
3852,346.59,29.58,29.24,42.35,1008.92
3853,346.68,29.57,29.24,42.34,1008.92
3854,346.77,29.56,29.24,42.33,1008.92
3855,346.86,29.55,29.23,42.35,1008.92
3856,346.95,29.55,29.21,42.35,1008.92
3857,347.04,29.53,29.21,42.35,1008.92
3858,347.13,29.53,29.20,42.34,1008.92
3859,347.22,29.54,29.21,42.35,1008.92
3860,347.31,29.54,29.21,42.36,1008.92
3861,347.40,29.52,29.21,42.35,1008.92
3862,347.49,29.53,29.21,42.32,1008.92
3863,347.58,29.52,29.21,42.31,1008.92
3864,347.67,29.52,29.21,42.32,1008.93
3865,347.76,29.51,29.22,42.32,1008.93
3866,347.85,29.53,29.22,42.33,1008.92
3867,347.94,29.52,29.22,42.30,1008.92
3868,348.03,29.52,29.22,42.29,1008.92
3869,348.12,29.53,29.22,42.30,1008.91
3870,348.21,29.53,29.21,42.32,1008.91
3871,348.30,29.53,29.21,42.34,1008.91
3872,348.39,29.53,29.21,42.33,1008.91
3873,348.48,29.52,29.23,42.35,1008.91
3874,348.57,29.53,29.21,42.34,1008.90
3875,348.66,29.53,29.22,42.33,1008.91
3876,348.75,29.52,29.21,42.32,1008.91
3877,348.84,29.52,29.21,42.31,1008.91
3878,348.93,29.53,29.21,42.32,1008.91
3879,349.02,29.52,29.21,42.32,1008.91
3880,349.11,29.51,29.20,42.34,1008.91
3881,349.20,29.52,29.21,42.36,1008.91
3882,349.29,29.53,29.21,42.34,1008.91
3883,349.38,29.53,29.21,42.35,1008.92
3884,349.47,29.52,29.21,42.32,1008.93
3885,349.56,29.51,29.21,42.32,1008.94
3886,349.65,29.51,29.21,42.32,1008.94
3887,349.74,29.50,29.21,42.31,1008.95
3888,349.83,29.49,29.20,42.30,1008.96
3889,349.92,29.48,29.20,42.32,1008.96
3890,350.01,29.49,29.20,42.32,1008.96
3891,350.10,29.49,29.21,42.33,1008.96
3892,350.19,29.49,29.22,42.34,1008.96
3893,350.28,29.49,29.22,42.32,1008.95
3894,350.37,29.49,29.21,42.33,1008.94
3895,350.46,29.49,29.21,42.33,1008.94
3896,350.55,29.49,29.21,42.31,1008.93
3897,350.64,29.49,29.21,42.31,1008.93
3898,350.73,29.48,29.21,42.29,1008.92
3899,350.82,29.47,29.21,42.28,1008.92
3900,350.91,29.48,29.19,42.28,1008.92
3901,351.00,29.49,29.19,42.28,1008.92
3902,351.09,29.49,29.19,42.31,1008.92
3903,351.18,29.48,29.20,42.30,1008.92
3904,351.27,29.47,29.19,42.30,1008.92
3905,351.36,29.47,29.20,42.26,1008.92
3906,351.45,29.48,29.21,42.26,1008.92
3907,351.54,29.48,29.21,42.23,1008.92
3908,351.63,29.47,29.21,42.24,1008.91
3909,351.72,29.46,29.20,42.28,1008.91
3910,351.81,29.46,29.20,42.31,1008.92
3911,351.90,29.47,29.20,42.29,1008.91
3912,351.99,29.47,29.20,42.29,1008.91
3913,352.08,29.46,29.21,42.33,1008.91
3914,352.17,29.46,29.21,42.34,1008.91
3915,352.26,29.46,29.20,42.33,1008.90
3916,352.35,29.47,29.19,42.33,1008.90
3917,352.44,29.47,29.18,42.32,1008.90
3918,352.53,29.47,29.19,42.29,1008.90
3919,352.62,29.46,29.19,42.28,1008.90
3920,352.71,29.46,29.20,42.27,1008.89
3921,352.80,29.45,29.19,42.26,1008.89
3922,352.89,29.46,29.20,42.27,1008.89
3923,352.98,29.47,29.20,42.27,1008.89
3924,353.07,29.48,29.20,42.28,1008.88
3925,353.16,29.48,29.19,42.29,1008.88
3926,353.25,29.49,29.18,42.28,1008.88
3927,353.34,29.48,29.18,42.27,1008.88
3928,353.43,29.47,29.18,42.24,1008.88
3929,353.52,29.48,29.19,42.26,1008.88
3930,353.61,29.48,29.21,42.26,1008.88
3931,353.70,29.48,29.22,42.26,1008.88
3932,353.79,29.48,29.22,42.26,1008.88
3933,353.88,29.49,29.21,42.24,1008.88
3934,353.97,29.49,29.20,42.23,1008.88
3935,354.06,29.49,29.20,42.24,1008.88
3936,354.15,29.49,29.20,42.23,1008.87
3937,354.24,29.48,29.20,42.23,1008.88
3938,354.33,29.48,29.21,42.24,1008.88
3939,354.42,29.50,29.21,42.26,1008.88
3940,354.51,29.50,29.21,42.26,1008.88
3941,354.60,29.49,29.21,42.25,1008.88
3942,354.69,29.49,29.20,42.26,1008.88
3943,354.78,29.49,29.19,42.28,1008.89
3944,354.87,29.49,29.20,42.28,1008.89
3945,354.96,29.49,29.20,42.30,1008.89
3946,355.05,29.48,29.21,42.31,1008.89
3947,355.14,29.49,29.20,42.32,1008.89
3948,355.23,29.49,29.21,42.30,1008.90
3949,355.32,29.49,29.21,42.30,1008.90
3950,355.41,29.50,29.20,42.29,1008.90
3951,355.50,29.50,29.20,42.27,1008.91
3952,355.59,29.50,29.20,42.27,1008.91
3953,355.68,29.49,29.20,42.27,1008.91
3954,355.77,29.49,29.18,42.28,1008.91
3955,355.86,29.49,29.17,42.29,1008.92
3956,355.95,29.48,29.17,42.28,1008.92
3957,356.04,29.48,29.18,42.24,1008.92
3958,356.13,29.49,29.18,42.22,1008.92
3959,356.22,29.49,29.19,42.21,1008.92
3960,356.31,29.49,29.19,42.22,1008.92
3961,356.40,29.50,29.19,42.19,1008.92
3962,356.49,29.51,29.19,42.19,1008.92
3963,356.58,29.51,29.19,42.18,1008.92
3964,356.67,29.51,29.18,42.20,1008.92
3965,356.76,29.51,29.18,42.22,1008.92
3966,356.85,29.51,29.17,42.22,1008.92
3967,356.94,29.52,29.17,42.23,1008.92
3968,357.03,29.51,29.17,42.23,1008.92
3969,357.12,29.51,29.18,42.23,1008.91
3970,357.21,29.49,29.17,42.24,1008.91
3971,357.30,29.49,29.17,42.24,1008.91
3972,357.39,29.49,29.16,42.25,1008.90
3973,357.48,29.49,29.16,42.25,1008.90
3974,357.57,29.48,29.14,42.23,1008.90
3975,357.66,29.46,29.14,42.23,1008.90
3976,357.75,29.46,29.14,42.25,1008.90
3977,357.84,29.46,29.13,42.26,1008.90
3978,357.93,29.46,29.11,42.24,1008.90
3979,358.02,29.46,29.11,42.25,1008.91
3980,358.11,29.46,29.10,42.26,1008.90
3981,358.20,29.46,29.10,42.26,1008.90
3982,358.29,29.46,29.10,42.28,1008.90
3983,358.38,29.46,29.10,42.27,1008.90
3984,358.47,29.44,29.11,42.25,1008.90
3985,358.56,29.44,29.10,42.23,1008.90
3986,358.65,29.43,29.11,42.22,1008.90
3987,358.74,29.42,29.11,42.21,1008.89
3988,358.83,29.43,29.12,42.19,1008.89
3989,358.92,29.43,29.12,42.19,1008.89
3990,359.01,29.43,29.12,42.20,1008.89
3991,359.10,29.43,29.13,42.19,1008.89
3992,359.19,29.42,29.12,42.20,1008.90
3993,359.28,29.43,29.12,42.19,1008.90
3994,359.37,29.43,29.11,42.20,1008.90
3995,359.46,29.41,29.11,42.22,1008.90
3996,359.55,29.42,29.10,42.24,1008.90
3997,359.64,29.42,29.11,42.24,1008.90
3998,359.73,29.41,29.09,42.23,1008.91
3999,359.82,29.41,29.09,42.25,1008.91
4000,359.91,29.42,29.08,42.27,1008.91
4001,360.00,29.42,29.08,42.27,1008.92
4002,360.09,29.42,29.08,42.28,1008.91
4003,360.18,29.40,29.09,42.29,1008.91
4004,360.27,29.41,29.09,42.27,1008.91
4005,360.36,29.40,29.09,42.29,1008.92
4006,360.45,29.40,29.09,42.30,1008.91
4007,360.54,29.39,29.09,42.29,1008.91
4008,360.63,29.39,29.08,42.28,1008.91
4009,360.72,29.40,29.07,42.27,1008.91
4010,360.81,29.40,29.07,42.26,1008.91
4011,360.90,29.39,29.08,42.27,1008.92
4012,360.99,29.41,29.09,42.27,1008.92
4013,361.08,29.42,29.09,42.26,1008.92
4014,361.17,29.41,29.08,42.24,1008.93
4015,361.26,29.41,29.08,42.21,1008.92
4016,361.35,29.42,29.09,42.22,1008.92
4017,361.44,29.43,29.09,42.22,1008.93
4018,361.53,29.43,29.09,42.23,1008.93
4019,361.62,29.44,29.10,42.22,1008.93
4020,361.71,29.43,29.09,42.19,1008.93
4021,361.80,29.42,29.09,42.18,1008.93
4022,361.89,29.41,29.09,42.18,1008.93
4023,361.98,29.41,29.09,42.19,1008.93
4024,362.07,29.42,29.09,42.19,1008.93
4025,362.16,29.41,29.10,42.21,1008.93
4026,362.25,29.42,29.10,42.22,1008.93
4027,362.34,29.41,29.09,42.20,1008.93
4028,362.43,29.42,29.10,42.21,1008.93
4029,362.52,29.41,29.10,42.20,1008.93
4030,362.61,29.40,29.09,42.22,1008.93
4031,362.70,29.40,29.09,42.20,1008.93
4032,362.79,29.40,29.11,42.19,1008.93
4033,362.88,29.40,29.11,42.19,1008.93
4034,362.97,29.41,29.11,42.21,1008.93
4035,363.06,29.41,29.10,42.21,1008.93
4036,363.15,29.40,29.09,42.20,1008.93
4037,363.24,29.39,29.09,42.20,1008.93
4038,363.33,29.39,29.09,42.18,1008.93
4039,363.42,29.39,29.10,42.18,1008.93
4040,363.51,29.39,29.10,42.17,1008.92
4041,363.60,29.39,29.11,42.18,1008.92
4042,363.69,29.38,29.10,42.21,1008.92
4043,363.78,29.39,29.10,42.19,1008.92
4044,363.87,29.39,29.09,42.21,1008.92
4045,363.96,29.38,29.08,42.20,1008.92
4046,364.05,29.38,29.09,42.19,1008.92
4047,364.14,29.37,29.09,42.19,1008.92
4048,364.23,29.37,29.09,42.18,1008.92
4049,364.32,29.36,29.11,42.18,1008.92
4050,364.41,29.37,29.12,42.15,1008.93
4051,364.50,29.36,29.12,42.14,1008.93
4052,364.59,29.36,29.12,42.17,1008.93
4053,364.68,29.36,29.11,42.15,1008.93
4054,364.77,29.36,29.09,42.14,1008.92
4055,364.86,29.37,29.09,42.15,1008.93
4056,364.95,29.38,29.10,42.17,1008.93
4057,365.04,29.38,29.09,42.18,1008.93
4058,365.13,29.38,29.10,42.19,1008.93
4059,365.22,29.38,29.10,42.21,1008.93
4060,365.31,29.38,29.10,42.20,1008.93
4061,365.40,29.39,29.10,42.19,1008.93
4062,365.49,29.38,29.10,42.16,1008.92
4063,365.58,29.38,29.09,42.15,1008.92
4064,365.67,29.38,29.09,42.17,1008.92
4065,365.76,29.38,29.08,42.15,1008.92
4066,365.85,29.38,29.07,42.15,1008.92
4067,365.94,29.37,29.07,42.17,1008.92
4068,366.03,29.38,29.07,42.16,1008.92
4069,366.12,29.37,29.07,42.15,1008.92
4070,366.21,29.36,29.07,42.14,1008.92
4071,366.30,29.37,29.06,42.14,1008.92
4072,366.39,29.37,29.06,42.11,1008.92
4073,366.48,29.37,29.06,42.11,1008.92
4074,366.57,29.37,29.06,42.11,1008.92
4075,366.66,29.37,29.05,42.09,1008.92
4076,366.75,29.36,29.06,42.07,1008.92
4077,366.84,29.36,29.06,42.07,1008.92
4078,366.93,29.34,29.06,42.07,1008.92
4079,367.02,29.34,29.06,42.05,1008.92
4080,367.11,29.35,29.05,42.03,1008.92
4081,367.20,29.34,29.04,42.06,1008.92
4082,367.29,29.33,29.05,42.07,1008.92
4083,367.38,29.33,29.05,42.09,1008.92
4084,367.47,29.33,29.05,42.06,1008.92
4085,367.56,29.33,29.05,42.08,1008.92
4086,367.65,29.33,29.06,42.06,1008.91
4087,367.74,29.32,29.04,42.05,1008.91
4088,367.83,29.33,29.05,42.04,1008.91
4089,367.92,29.33,29.06,42.04,1008.92
4090,368.01,29.33,29.06,42.03,1008.92
4091,368.10,29.34,29.05,42.01,1008.92
4092,368.19,29.35,29.05,42.01,1008.92
4093,368.28,29.35,29.06,42.03,1008.93
4094,368.37,29.35,29.05,42.04,1008.92
4095,368.46,29.35,29.04,42.03,1008.92
4096,368.55,29.36,29.04,42.05,1008.93
4097,368.64,29.35,29.03,42.05,1008.93
4098,368.73,29.35,29.02,42.06,1008.93
4099,368.82,29.34,29.01,42.07,1008.93
4100,368.91,29.35,29.01,42.08,1008.93
4101,369.00,29.34,29.02,42.11,1008.93
4102,369.09,29.33,29.02,42.11,1008.93
4103,369.18,29.34,29.03,42.10,1008.93
4104,369.27,29.34,29.03,42.11,1008.93
4105,369.36,29.33,29.02,42.10,1008.93
4106,369.45,29.33,29.03,42.07,1008.93
4107,369.54,29.33,29.03,42.04,1008.93
4108,369.63,29.33,29.03,42.03,1008.93
4109,369.72,29.32,29.02,42.03,1008.93
4110,369.81,29.31,29.02,42.02,1008.93
4111,369.90,29.31,29.02,42.02,1008.92
4112,369.99,29.31,29.02,42.00,1008.92
4113,370.08,29.31,29.03,42.00,1008.92
4114,370.17,29.31,29.01,42.01,1008.91
4115,370.26,29.31,29.00,42.03,1008.91
4116,370.35,29.31,29.01,42.02,1008.91
4117,370.44,29.32,29.01,42.02,1008.90
4118,370.53,29.32,29.01,42.02,1008.90
4119,370.62,29.33,29.02,42.01,1008.90
4120,370.71,29.33,29.02,42.03,1008.90
4121,370.80,29.33,29.02,42.01,1008.90
4122,370.89,29.33,29.03,42.00,1008.90
4123,370.98,29.34,29.03,42.01,1008.90
4124,371.07,29.33,29.04,42.00,1008.89
4125,371.16,29.33,29.04,42.00,1008.89
4126,371.25,29.34,29.04,42.01,1008.89
4127,371.34,29.33,29.04,42.01,1008.89
4128,371.43,29.33,29.04,42.03,1008.88
4129,371.52,29.33,29.05,42.04,1008.88
4130,371.61,29.32,29.05,42.03,1008.88
4131,371.70,29.32,29.04,42.05,1008.88
4132,371.79,29.32,29.04,42.05,1008.88
4133,371.88,29.32,29.04,42.09,1008.87
4134,371.97,29.32,29.04,42.09,1008.87
4135,372.06,29.32,29.03,42.10,1008.87
4136,372.15,29.32,29.05,42.10,1008.87
4137,372.24,29.32,29.06,42.11,1008.87
4138,372.33,29.32,29.06,42.11,1008.87
4139,372.42,29.32,29.06,42.08,1008.88
4140,372.51,29.32,29.05,42.07,1008.88
4141,372.60,29.33,29.04,42.09,1008.88
4142,372.69,29.33,29.04,42.06,1008.88
4143,372.78,29.34,29.05,42.06,1008.88
4144,372.87,29.33,29.04,42.07,1008.89
4145,372.96,29.34,29.03,42.08,1008.89
4146,373.05,29.33,29.04,42.08,1008.89
4147,373.14,29.32,29.05,42.09,1008.89
4148,373.23,29.33,29.05,42.10,1008.89
4149,373.32,29.33,29.05,42.11,1008.89
4150,373.41,29.32,29.06,42.11,1008.89
4151,373.50,29.31,29.05,42.10,1008.89
4152,373.59,29.32,29.04,42.12,1008.90
4153,373.68,29.32,29.05,42.13,1008.90
4154,373.77,29.32,29.05,42.12,1008.90
4155,373.86,29.32,29.04,42.11,1008.90
4156,373.95,29.31,29.05,42.09,1008.90
4157,374.04,29.30,29.03,42.11,1008.91
4158,374.13,29.30,29.03,42.11,1008.91
4159,374.22,29.30,29.03,42.11,1008.91
4160,374.31,29.30,29.02,42.13,1008.91
4161,374.40,29.30,29.03,42.11,1008.91
4162,374.49,29.28,29.02,42.10,1008.91
4163,374.58,29.29,29.02,42.09,1008.90
4164,374.67,29.29,29.02,42.10,1008.91
4165,374.76,29.29,29.01,42.10,1008.90
4166,374.85,29.29,29.00,42.07,1008.91
4167,374.94,29.29,28.99,42.07,1008.91
4168,375.03,29.29,28.98,42.07,1008.91
4169,375.12,29.29,28.98,42.05,1008.90
4170,375.21,29.28,28.98,42.03,1008.90
4171,375.30,29.28,28.98,42.05,1008.90
4172,375.39,29.28,28.98,42.04,1008.90
4173,375.48,29.29,28.98,42.05,1008.90
4174,375.57,29.28,28.98,42.04,1008.90
4175,375.66,29.29,28.98,42.04,1008.90
4176,375.75,29.28,28.98,42.01,1008.90
4177,375.84,29.28,28.99,42.00,1008.90
4178,375.93,29.28,28.99,41.98,1008.90
4179,376.02,29.29,28.99,41.99,1008.90
4180,376.11,29.29,28.99,41.98,1008.89
4181,376.20,29.28,28.98,41.98,1008.89
4182,376.29,29.29,28.98,41.98,1008.89
4183,376.38,29.29,28.98,41.98,1008.90
4184,376.47,29.29,28.98,41.97,1008.90
4185,376.56,29.30,28.98,41.97,1008.89
4186,376.65,29.29,28.98,41.99,1008.89
4187,376.74,29.29,28.98,42.00,1008.89
4188,376.83,29.28,28.97,42.00,1008.89
4189,376.92,29.29,28.96,42.00,1008.89
4190,377.01,29.29,28.96,41.99,1008.89
4191,377.10,29.28,28.97,42.00,1008.89
4192,377.19,29.28,28.96,41.99,1008.89
4193,377.28,29.27,28.96,42.00,1008.89
4194,377.37,29.27,28.96,41.99,1008.88
4195,377.46,29.27,28.97,42.00,1008.89
4196,377.55,29.27,28.97,42.02,1008.89
4197,377.64,29.27,28.95,42.04,1008.89
4198,377.73,29.26,28.95,42.03,1008.89
4199,377.82,29.25,28.96,42.04,1008.90
4200,377.91,29.25,28.96,42.02,1008.90
4201,378.00,29.25,28.97,42.01,1008.90
4202,378.09,29.25,28.97,42.01,1008.89
4203,378.18,29.25,28.97,42.00,1008.89
4204,378.27,29.26,28.98,42.03,1008.91
4205,378.36,29.27,28.98,42.02,1008.91
4206,378.45,29.26,28.97,42.02,1008.91
4207,378.54,29.27,28.97,42.01,1008.91
4208,378.63,29.27,28.96,42.04,1008.91
4209,378.72,29.26,28.97,42.03,1008.91
4210,378.81,29.27,28.96,42.03,1008.91
4211,378.90,29.27,28.96,42.02,1008.91
4212,378.99,29.27,28.96,42.00,1008.91
4213,379.08,29.27,28.95,41.99,1008.92
4214,379.17,29.28,28.95,41.97,1008.92
4215,379.26,29.27,28.94,41.99,1008.92
4216,379.35,29.27,28.96,41.97,1008.91
4217,379.44,29.26,28.95,41.99,1008.91
4218,379.53,29.26,28.95,41.97,1008.91
4219,379.62,29.26,28.94,41.97,1008.92
4220,379.71,29.25,28.93,41.97,1008.91
4221,379.80,29.26,28.93,42.00,1008.92
4222,379.89,29.26,28.93,41.97,1008.91
4223,379.98,29.26,28.92,41.95,1008.91
4224,380.07,29.26,28.93,41.97,1008.91
4225,380.16,29.26,28.93,42.00,1008.91
4226,380.25,29.26,28.93,42.01,1008.91
4227,380.34,29.25,28.94,42.01,1008.92
4228,380.43,29.26,28.95,42.01,1008.92
4229,380.52,29.26,28.96,42.01,1008.92
4230,380.61,29.25,28.96,42.02,1008.92
4231,380.70,29.25,28.96,42.01,1008.92
4232,380.79,29.24,28.97,42.00,1008.92
4233,380.88,29.24,28.97,41.96,1008.92
4234,380.97,29.23,28.97,41.96,1008.92
4235,381.06,29.23,28.96,41.95,1008.92
4236,381.15,29.23,28.97,41.95,1008.92
4237,381.24,29.22,28.96,41.97,1008.92
4238,381.33,29.22,28.96,41.96,1008.91
4239,381.42,29.21,28.76,41.96,1008.92
4240,381.51,29.21,28.87,41.97,1008.92
4241,381.60,29.20,28.93,41.99,1008.92
4242,381.69,29.21,28.93,42.00,1008.92
4243,381.78,29.20,28.94,42.01,1008.92
4244,381.87,29.20,28.94,42.00,1008.91
4245,381.96,29.21,28.95,42.03,1008.92
4246,382.05,29.20,28.95,42.02,1008.92
4247,382.14,29.21,28.94,41.99,1008.92
4248,382.23,29.21,28.95,41.99,1008.91
4249,382.32,29.21,28.95,42.01,1008.92
4250,382.41,29.22,28.95,42.01,1008.92
4251,382.50,29.21,28.96,41.99,1008.92
4252,382.59,29.21,28.96,41.99,1008.92
4253,382.68,29.20,28.96,41.99,1008.92
4254,382.77,29.19,28.95,41.97,1008.92
4255,382.86,29.19,28.95,41.95,1008.92
4256,382.95,29.19,28.95,41.96,1008.92
4257,383.04,29.20,28.95,41.94,1008.92
4258,383.13,29.21,28.95,41.94,1008.92
4259,383.22,29.21,28.95,41.93,1008.92
4260,383.31,29.21,28.94,41.91,1008.93
4261,383.40,29.21,28.93,41.90,1008.93
4262,383.49,29.21,28.93,41.92,1008.93
4263,383.58,29.22,28.93,41.94,1008.92
4264,383.67,29.24,28.93,41.93,1008.93
4265,383.76,29.23,28.93,41.95,1008.93
4266,383.85,29.23,28.93,41.95,1008.93
4267,383.94,29.23,28.93,41.94,1008.93
4268,384.03,29.24,28.94,41.96,1008.93
4269,384.12,29.24,28.94,41.98,1008.93
4270,384.21,29.24,28.94,42.02,1008.93
4271,384.30,29.24,28.94,42.02,1008.93
4272,384.39,29.23,28.94,42.05,1008.93
4273,384.48,29.23,28.94,42.06,1008.93
4274,384.57,29.23,28.94,42.07,1008.93
4275,384.66,29.23,28.93,42.07,1008.93
4276,384.75,29.24,28.92,42.08,1008.93
4277,384.84,29.24,28.92,42.10,1008.93
4278,384.93,29.24,28.91,42.08,1008.93
4279,385.02,29.23,28.91,42.08,1008.93
4280,385.11,29.23,28.91,42.08,1008.93
4281,385.20,29.23,28.92,42.08,1008.92
4282,385.29,29.23,28.91,42.08,1008.92
4283,385.38,29.23,28.91,42.10,1008.92
4284,385.47,29.23,28.90,42.11,1008.92
4285,385.56,29.23,28.90,42.12,1008.92
4286,385.65,29.23,28.90,42.14,1008.92
4287,385.74,29.22,28.88,42.12,1008.92
4288,385.83,29.22,28.89,42.08,1008.92
4289,385.92,29.21,28.89,42.08,1008.92
4290,386.01,29.21,28.88,42.10,1008.92
4291,386.10,29.21,28.88,42.09,1008.93
4292,386.19,29.20,28.88,42.10,1008.93
4293,386.28,29.20,28.88,42.10,1008.93
4294,386.37,29.20,28.87,42.10,1008.93
4295,386.46,29.20,28.87,42.12,1008.93
4296,386.55,29.19,28.87,42.10,1008.93
4297,386.64,29.19,28.89,42.09,1008.93
4298,386.73,29.19,28.89,42.11,1008.93
4299,386.82,29.18,28.88,42.09,1008.93
4300,386.91,29.19,28.88,42.10,1008.93
4301,387.00,29.20,28.87,42.06,1008.93
4302,387.09,29.19,28.88,42.08,1008.93
4303,387.18,29.20,28.88,42.06,1008.93
4304,387.27,29.19,28.88,42.06,1008.93
4305,387.36,29.19,28.87,42.07,1008.94
4306,387.45,29.19,28.88,42.07,1008.93
4307,387.54,29.18,28.88,42.07,1008.93
4308,387.63,29.19,28.88,42.07,1008.94
4309,387.72,29.18,28.89,42.06,1008.93
4310,387.81,29.18,28.88,42.08,1008.93
4311,387.90,29.18,28.89,42.08,1008.93
4312,387.99,29.18,28.89,42.11,1008.93
4313,388.08,29.18,28.90,42.12,1008.93
4314,388.17,29.18,28.90,42.12,1008.93
4315,388.26,29.17,28.89,42.08,1008.93
4316,388.35,29.17,28.89,42.06,1008.93
4317,388.44,29.17,28.89,42.06,1008.93
4318,388.53,29.17,28.89,42.07,1008.93
4319,388.62,29.16,28.90,42.07,1008.93
4320,388.71,29.16,28.89,42.09,1008.93
4321,388.80,29.15,28.89,42.10,1008.92
4322,388.89,29.16,28.89,42.12,1008.92
4323,388.98,29.14,28.89,42.16,1008.92
4324,389.07,29.15,28.87,42.13,1008.92
4325,389.16,29.15,28.86,42.14,1008.92
4326,389.25,29.14,28.85,42.13,1008.91
4327,389.34,29.14,28.85,42.12,1008.91
4328,389.43,29.15,28.85,42.13,1008.91
4329,389.52,29.16,28.85,42.14,1008.91
4330,389.61,29.16,28.86,42.15,1008.91
4331,389.70,29.16,28.86,42.14,1008.90
4332,389.79,29.16,28.87,42.10,1008.90
4333,389.88,29.16,28.88,42.10,1008.90
4334,389.97,29.16,28.87,42.08,1008.90
4335,390.06,29.15,28.88,42.11,1008.90
4336,390.15,29.15,28.88,42.12,1008.90
4337,390.24,29.15,28.89,42.13,1008.90
4338,390.33,29.15,28.89,42.11,1008.90
4339,390.42,29.15,28.88,42.09,1008.90
4340,390.51,29.15,28.88,42.11,1008.90
4341,390.60,29.15,28.88,42.11,1008.90
4342,390.69,29.16,28.88,42.13,1008.90
4343,390.78,29.16,28.88,42.13,1008.90
4344,390.87,29.17,28.87,42.15,1008.90
4345,390.96,29.17,28.87,42.14,1008.90
4346,391.05,29.16,28.88,42.16,1008.90
4347,391.14,29.15,28.89,42.17,1008.90
4348,391.23,29.16,28.89,42.15,1008.90
4349,391.32,29.16,28.90,42.14,1008.90
4350,391.41,29.16,28.90,42.13,1008.91
4351,391.50,29.16,28.89,42.12,1008.91
4352,391.59,29.17,28.89,42.12,1008.91
4353,391.68,29.17,28.89,42.11,1008.91
4354,391.77,29.18,28.89,42.11,1008.91
4355,391.86,29.19,28.88,42.09,1008.91
4356,391.95,29.19,28.89,42.07,1008.91
4357,392.04,29.18,28.89,42.07,1008.92
4358,392.13,29.18,28.88,42.09,1008.92
4359,392.22,29.17,28.90,42.09,1008.91
4360,392.31,29.17,28.89,42.11,1008.92
4361,392.40,29.18,28.89,42.10,1008.92
4362,392.49,29.17,28.90,42.10,1008.92
4363,392.58,29.17,28.90,42.12,1008.92
4364,392.67,29.18,28.91,42.11,1008.92
4365,392.76,29.17,28.90,42.13,1008.91
4366,392.85,29.17,28.92,42.12,1008.92
4367,392.94,29.17,28.93,42.13,1008.92
4368,393.03,29.16,28.93,42.11,1008.92
4369,393.12,29.18,28.94,42.10,1008.91
4370,393.21,29.18,28.94,42.11,1008.91
4371,393.30,29.18,28.93,42.12,1008.91
4372,393.39,29.19,28.92,42.11,1008.91
4373,393.48,29.19,28.91,42.11,1008.90
4374,393.57,29.19,28.91,42.11,1008.90
4375,393.66,29.18,28.89,42.12,1008.90
4376,393.75,29.19,28.89,42.14,1008.90
4377,393.84,29.18,28.88,42.11,1008.90
4378,393.93,29.18,28.87,42.10,1008.89
4379,394.02,29.18,28.88,42.12,1008.89
4380,394.11,29.18,28.87,42.13,1008.89
4381,394.20,29.19,28.87,42.14,1008.89
4382,394.29,29.20,28.86,42.13,1008.89
4383,394.38,29.19,28.86,42.14,1008.89
4384,394.47,29.18,28.86,42.15,1008.88
4385,394.56,29.18,28.86,42.14,1008.88
4386,394.65,29.18,28.87,42.15,1008.89
4387,394.74,29.17,28.86,42.15,1008.89
4388,394.83,29.18,28.86,42.14,1008.89
4389,394.92,29.19,28.86,42.15,1008.89
4390,395.01,29.18,28.87,42.13,1008.88
4391,395.10,29.17,28.85,42.14,1008.88
4392,395.19,29.17,28.85,42.15,1008.89
4393,395.28,29.18,28.85,42.17,1008.88
4394,395.37,29.18,28.85,42.17,1008.88
4395,395.46,29.18,28.84,42.20,1008.88
4396,395.55,29.18,28.84,42.21,1008.88
4397,395.64,29.17,28.85,42.20,1008.88
4398,395.73,29.16,28.85,42.21,1008.88
4399,395.82,29.15,28.84,42.19,1008.88
4400,395.91,29.16,28.85,42.19,1008.88
4401,396.00,29.17,28.86,42.24,1008.88
4402,396.09,29.16,28.86,42.22,1008.88
4403,396.18,29.17,28.86,42.24,1008.88
4404,396.27,29.17,28.86,42.25,1008.89
4405,396.36,29.17,28.85,42.23,1008.89
4406,396.45,29.16,28.85,42.24,1008.89
4407,396.54,29.17,28.87,42.27,1008.89
4408,396.63,29.17,28.86,42.26,1008.89
4409,396.72,29.17,28.84,42.25,1008.89
4410,396.81,29.17,28.84,42.22,1008.90
4411,396.90,29.17,28.83,42.21,1008.90
4412,396.99,29.16,28.83,42.23,1008.91
4413,397.08,29.15,28.83,42.20,1008.91
4414,397.17,29.14,28.84,42.21,1008.91
4415,397.26,29.15,28.84,42.21,1008.91
4416,397.35,29.15,28.84,42.22,1008.91
4417,397.44,29.14,28.84,42.21,1008.91
4418,397.53,29.15,28.83,42.20,1008.91
4419,397.62,29.15,28.83,42.21,1008.91
4420,397.71,29.15,28.83,42.22,1008.91
4421,397.80,29.16,28.82,42.25,1008.91
4422,397.89,29.15,28.82,42.24,1008.91
4423,397.98,29.15,28.81,42.24,1008.92
4424,398.07,29.14,28.81,42.24,1008.91
4425,398.16,29.15,28.81,42.24,1008.91
4426,398.25,29.14,28.81,42.23,1008.91
4427,398.34,29.14,28.81,42.24,1008.91
4428,398.43,29.15,28.82,42.28,1008.91
4429,398.52,29.15,28.81,42.25,1008.91
4430,398.61,29.15,28.81,42.25,1008.91
4431,398.70,29.16,28.83,42.27,1008.91
4432,398.79,29.16,28.82,42.24,1008.91
4433,398.88,29.16,28.82,42.25,1008.91
4434,398.97,29.15,28.83,42.27,1008.90
4435,399.06,29.15,28.82,42.29,1008.90
4436,399.15,29.14,28.82,42.32,1008.90
4437,399.24,29.13,28.83,42.34,1008.90
4438,399.33,29.12,28.83,42.32,1008.90
4439,399.42,29.13,28.83,42.33,1008.91
4440,399.51,29.13,28.83,42.32,1008.90
4441,399.60,29.12,28.83,42.29,1008.90
4442,399.69,29.11,28.83,42.28,1008.90
4443,399.78,29.11,28.83,42.28,1008.90
4444,399.87,29.10,28.83,42.28,1008.90
4445,399.96,29.10,28.83,42.27,1008.90
4446,400.05,29.10,28.83,42.27,1008.90
4447,400.14,29.09,28.83,42.28,1008.90
4448,400.23,29.09,28.83,42.28,1008.90
4449,400.32,29.08,28.83,42.28,1008.90
4450,400.41,29.08,28.83,42.29,1008.90
4451,400.50,29.08,28.82,42.30,1008.90
4452,400.59,29.08,28.83,42.28,1008.90
4453,400.68,29.10,28.82,42.29,1008.91
4454,400.77,29.11,28.83,42.32,1008.91
4455,400.86,29.11,28.83,42.31,1008.91
4456,400.95,29.11,28.84,42.32,1008.91
4457,401.04,29.11,28.84,42.30,1008.92
4458,401.13,29.11,28.84,42.30,1008.92
4459,401.22,29.12,28.85,42.32,1008.92
4460,401.31,29.12,28.84,42.31,1008.92
4461,401.40,29.12,28.85,42.31,1008.92
4462,401.49,29.11,28.85,42.31,1008.92
4463,401.58,29.11,28.86,42.32,1008.93
4464,401.67,29.12,28.86,42.32,1008.92
4465,401.76,29.11,28.86,42.33,1008.92
4466,401.85,29.11,28.86,42.33,1008.92
4467,401.94,29.12,28.86,42.33,1008.92
4468,402.03,29.12,28.85,42.33,1008.93
4469,402.12,29.11,28.86,42.34,1008.92
4470,402.21,29.11,28.86,42.32,1008.93
4471,402.30,29.12,28.85,42.31,1008.93
4472,402.39,29.11,28.84,42.34,1008.93
4473,402.48,29.10,28.83,42.33,1008.93
4474,402.57,29.11,28.83,42.33,1008.93
4475,402.66,29.11,28.83,42.34,1008.93
4476,402.75,29.10,28.83,42.34,1008.93
4477,402.84,29.10,28.83,42.33,1008.93
4478,402.93,29.10,28.82,42.32,1008.93
4479,403.02,29.09,28.81,42.32,1008.94
4480,403.11,29.08,28.81,42.33,1008.94
4481,403.20,29.08,28.80,42.30,1008.93
4482,403.29,29.07,28.80,42.31,1008.94
4483,403.38,29.08,28.80,42.33,1008.94
4484,403.47,29.08,28.78,42.35,1008.94
4485,403.56,29.07,28.78,42.36,1008.94
4486,403.65,29.07,28.78,42.35,1008.94
4487,403.74,29.07,28.79,42.34,1008.94
4488,403.83,29.07,28.79,42.31,1008.93
4489,403.92,29.07,28.81,42.31,1008.93
4490,404.01,29.06,28.81,42.31,1008.93
4491,404.10,29.06,28.80,42.28,1008.93
4492,404.19,29.05,28.82,42.28,1008.93
4493,404.28,29.05,28.82,42.28,1008.93
4494,404.37,29.05,28.81,42.31,1008.93
4495,404.46,29.04,28.81,42.33,1008.93
4496,404.55,29.05,28.81,42.34,1008.94
4497,404.64,29.05,28.81,42.33,1008.93
4498,404.73,29.06,28.80,42.33,1008.93
4499,404.82,29.06,28.79,42.35,1008.93
4500,404.91,29.06,28.80,42.34,1008.93
4501,405.00,29.05,28.80,42.35,1008.93
4502,405.09,29.06,28.79,42.36,1008.94
4503,405.18,29.07,28.79,42.35,1008.94
4504,405.27,29.07,28.79,42.35,1008.94
4505,405.36,29.08,28.79,42.35,1008.93
4506,405.45,29.07,28.78,42.37,1008.93
4507,405.54,29.07,28.78,42.36,1008.94
4508,405.63,29.07,28.79,42.37,1008.94
4509,405.72,29.07,28.78,42.35,1008.94
4510,405.81,29.06,28.78,42.37,1008.94
4511,405.90,29.07,28.78,42.36,1008.94
4512,405.99,29.07,28.78,42.38,1008.94
4513,406.08,29.07,28.77,42.36,1008.94
4514,406.17,29.07,28.78,42.37,1008.93
4515,406.26,29.08,28.79,42.37,1008.93
4516,406.35,29.07,28.77,42.35,1008.93
4517,406.44,29.08,28.78,42.36,1008.93
4518,406.53,29.07,28.78,42.33,1008.93
4519,406.62,29.06,28.77,42.33,1008.93
4520,406.71,29.06,28.77,42.31,1008.93
4521,406.80,29.06,28.77,42.27,1008.93
4522,406.89,29.05,28.77,42.28,1008.93
4523,406.98,29.07,28.77,42.30,1008.92
4524,407.07,29.07,28.76,42.29,1008.92
4525,407.16,29.06,28.76,42.29,1008.92
4526,407.25,29.06,28.76,42.29,1008.92
4527,407.34,29.05,28.75,42.30,1008.92
4528,407.43,29.05,28.75,42.30,1008.92
4529,407.52,29.04,28.75,42.29,1008.92
4530,407.61,29.04,28.75,42.27,1008.91
4531,407.70,29.04,28.74,42.30,1008.92
4532,407.79,29.03,28.74,42.32,1008.91
4533,407.88,29.03,28.75,42.32,1008.91
4534,407.97,29.03,28.76,42.31,1008.91
4535,408.06,29.04,28.75,42.33,1008.91
4536,408.15,29.05,28.76,42.35,1008.91
4537,408.24,29.06,28.75,42.36,1008.91
4538,408.33,29.07,28.76,42.35,1008.91
4539,408.42,29.07,28.76,42.34,1008.91
4540,408.51,29.07,28.74,42.32,1008.90
4541,408.60,29.07,28.75,42.34,1008.91
4542,408.69,29.08,28.76,42.30,1008.90
4543,408.78,29.07,28.76,42.28,1008.91
4544,408.87,29.07,28.76,42.29,1008.90
4545,408.96,29.06,28.76,42.28,1008.90
4546,409.05,29.06,28.76,42.30,1008.91
4547,409.14,29.05,28.76,42.28,1008.91
4548,409.23,29.05,28.76,42.26,1008.91
4549,409.32,29.05,28.76,42.25,1008.91
4550,409.41,29.04,28.74,42.26,1008.91
4551,409.50,29.04,28.75,42.28,1008.91
4552,409.59,29.02,28.74,42.29,1008.92
4553,409.68,29.01,28.75,42.32,1008.92
4554,409.77,29.02,28.76,42.34,1008.92
4555,409.86,29.02,28.76,42.32,1008.92
4556,409.95,29.02,28.75,42.32,1008.92
4557,410.04,29.02,28.76,42.34,1008.93
4558,410.13,29.03,28.76,42.35,1008.93
4559,410.22,29.03,28.77,42.35,1008.93
4560,410.31,29.03,28.77,42.33,1008.93
4561,410.40,29.02,28.76,42.35,1008.93
4562,410.49,29.02,28.76,42.35,1008.93
4563,410.58,29.02,28.75,42.35,1008.92
4564,410.67,29.03,28.76,42.35,1008.92
4565,410.76,29.03,28.76,42.35,1008.93
4566,410.85,29.03,28.75,42.35,1008.93
4567,410.94,29.03,28.75,42.36,1008.93
4568,411.03,29.02,28.75,42.36,1008.92
4569,411.12,29.02,28.75,42.34,1008.92
4570,411.21,29.02,28.75,42.36,1008.92
4571,411.30,29.03,28.74,42.36,1008.92
4572,411.39,29.02,28.74,42.34,1008.91
4573,411.48,29.02,28.73,42.34,1008.91
4574,411.57,29.02,28.74,42.34,1008.91
4575,411.66,29.02,28.74,42.33,1008.91
4576,411.75,29.02,28.74,42.32,1008.91
4577,411.84,29.02,28.75,42.31,1008.91
4578,411.93,29.03,28.74,42.31,1008.90
4579,412.02,29.02,28.74,42.34,1008.90
4580,412.11,29.02,28.73,42.37,1008.90
4581,412.20,29.02,28.73,42.39,1008.89
4582,412.29,29.02,28.73,42.35,1008.89
4583,412.38,29.02,28.72,42.34,1008.88
4584,412.47,29.02,28.72,42.35,1008.88
4585,412.56,29.02,28.72,42.32,1008.87
4586,412.65,29.01,28.72,42.32,1008.87
4587,412.74,29.02,28.72,42.34,1008.88
4588,412.83,29.03,28.71,42.31,1008.88
4589,412.92,29.03,28.72,42.32,1008.87
4590,413.01,29.03,28.72,42.33,1008.87
4591,413.10,29.03,28.72,42.32,1008.87
4592,413.19,29.03,28.72,42.34,1008.87
4593,413.28,29.02,28.73,42.39,1008.87
4594,413.37,29.02,28.74,42.40,1008.88
4595,413.46,29.02,28.75,42.41,1008.88
4596,413.55,29.02,28.75,42.38,1008.88
4597,413.64,29.01,28.75,42.39,1008.88
4598,413.73,29.00,28.75,42.37,1008.88
4599,413.82,29.01,28.75,42.36,1008.88
4600,413.91,29.01,28.75,42.38,1008.88
4601,414.00,29.01,28.76,42.40,1008.88
4602,414.09,29.01,28.76,42.38,1008.89
4603,414.18,29.00,28.75,42.40,1008.89
4604,414.27,29.00,28.74,42.41,1008.89
4605,414.36,29.00,28.73,42.42,1008.89
4606,414.45,29.00,28.73,42.42,1008.89
4607,414.54,28.99,28.73,42.39,1008.89
4608,414.63,28.99,28.73,42.39,1008.89
4609,414.72,28.98,28.73,42.39,1008.90
4610,414.81,28.98,28.72,42.41,1008.90
4611,414.90,28.99,28.72,42.41,1008.90
4612,414.99,28.99,28.72,42.39,1008.90
4613,415.08,29.00,28.71,42.38,1008.91
4614,415.17,29.01,28.72,42.39,1008.91
4615,415.26,29.01,28.70,42.43,1008.91
4616,415.35,29.01,28.72,42.43,1008.91
4617,415.44,29.01,28.72,42.40,1008.91
4618,415.53,29.01,28.72,42.43,1008.91
4619,415.62,29.02,28.72,42.44,1008.91
4620,415.71,29.02,28.71,42.45,1008.91
4621,415.80,29.02,28.72,42.43,1008.91
4622,415.89,29.03,28.71,42.42,1008.91
4623,415.98,29.02,28.71,42.43,1008.91
4624,416.07,29.02,28.71,42.43,1008.91
4625,416.16,29.02,28.72,42.41,1008.90
4626,416.25,29.02,28.73,42.39,1008.90
4627,416.34,29.02,28.73,42.39,1008.91
4628,416.43,29.02,28.72,42.40,1008.90
4629,416.52,29.02,28.72,42.42,1008.90
4630,416.61,29.02,28.72,42.44,1008.90
4631,416.70,29.04,28.72,42.45,1008.90
4632,416.79,29.04,28.72,42.43,1008.90
4633,416.88,29.04,28.73,42.40,1008.90
4634,416.97,29.04,28.73,42.40,1008.90
4635,417.06,29.04,28.74,42.40,1008.90
4636,417.15,29.04,28.74,42.39,1008.89
4637,417.24,29.04,28.73,42.41,1008.89
4638,417.33,29.05,28.73,42.41,1008.89
4639,417.42,29.04,28.73,42.42,1008.89
4640,417.51,29.05,28.73,42.45,1008.89
4641,417.60,29.05,28.72,42.44,1008.89
4642,417.69,29.05,28.73,42.42,1008.89
4643,417.78,29.05,28.72,42.43,1008.89
4644,417.87,29.06,28.72,42.45,1008.89
4645,417.96,29.05,28.72,42.46,1008.89
4646,418.05,29.05,28.73,42.46,1008.89
4647,418.14,29.05,28.73,42.47,1008.89
4648,418.23,29.05,28.72,42.48,1008.89
4649,418.32,29.05,28.73,42.46,1008.89
4650,418.41,29.05,28.71,42.46,1008.89
4651,418.50,29.04,28.72,42.44,1008.89
4652,418.59,29.04,28.71,42.44,1008.89
4653,418.68,29.05,28.72,42.42,1008.90
4654,418.77,29.05,28.71,42.41,1008.90
4655,418.86,29.06,28.72,42.41,1008.90
4656,418.95,29.05,28.72,42.40,1008.90
4657,419.04,29.05,28.73,42.41,1008.90
4658,419.13,29.05,28.74,42.40,1008.91
4659,419.22,29.06,28.73,42.42,1008.90
4660,419.31,29.06,28.73,42.43,1008.90
4661,419.40,29.05,28.74,42.42,1008.90
4662,419.49,29.05,28.75,42.42,1008.90
4663,419.58,29.05,28.76,42.40,1008.91
4664,419.67,29.04,28.74,42.41,1008.91
4665,419.76,29.04,28.74,42.41,1008.91
4666,419.85,29.04,28.72,42.42,1008.91
4667,419.94,29.04,28.73,42.41,1008.92
4668,420.03,29.03,28.72,42.40,1008.92
4669,420.12,29.03,28.71,42.39,1008.92
4670,420.21,29.02,28.71,42.41,1008.92
4671,420.30,29.03,28.71,42.41,1008.92
4672,420.39,29.02,28.71,42.41,1008.92
4673,420.48,29.02,28.70,42.42,1008.92
4674,420.57,29.02,28.70,42.41,1008.93
4675,420.66,29.01,28.71,42.42,1008.93
4676,420.75,29.01,28.71,42.40,1008.93
4677,420.84,29.00,28.71,42.40,1008.93
4678,420.93,28.99,28.71,42.41,1008.93
4679,421.02,28.99,28.72,42.43,1008.93
4680,421.11,28.99,28.72,42.44,1008.93
4681,421.20,28.99,28.72,42.45,1008.92
4682,421.29,29.00,28.72,42.45,1008.92
4683,421.38,28.99,28.73,42.46,1008.92
4684,421.47,28.99,28.72,42.44,1008.92
4685,421.56,29.00,28.71,42.44,1008.92
4686,421.65,29.00,28.70,42.45,1008.92
4687,421.74,29.01,28.70,42.44,1008.92
4688,421.83,29.01,28.69,42.43,1008.92
4689,421.92,29.01,28.69,42.43,1008.92
4690,422.01,29.01,28.68,42.42,1008.92
4691,422.10,29.01,28.67,42.41,1008.92
4692,422.19,29.01,28.68,42.41,1008.91
4693,422.28,28.99,28.67,42.43,1008.91
4694,422.37,28.98,28.68,42.45,1008.92
4695,422.46,28.98,28.67,42.44,1008.92
4696,422.55,28.98,28.68,42.44,1008.92
4697,422.64,28.98,28.68,42.45,1008.92
4698,422.73,28.97,28.68,42.42,1008.91
4699,422.82,28.98,28.68,42.38,1008.92
4700,422.91,28.98,28.69,42.37,1008.92
4701,423.00,28.98,28.69,42.38,1008.92
4702,423.09,28.98,28.69,42.38,1008.92
4703,423.18,28.98,28.70,42.37,1008.92
4704,423.27,28.98,28.69,42.36,1008.92
4705,423.36,28.97,28.69,42.35,1008.93
4706,423.45,28.97,28.70,42.34,1008.93
4707,423.54,28.98,28.67,42.34,1008.93
4708,423.63,28.98,28.66,42.34,1008.93
4709,423.72,28.98,28.65,42.35,1008.93
4710,423.81,28.98,28.65,42.33,1008.93
4711,423.90,28.98,28.64,42.33,1008.93
4712,423.99,28.99,28.64,42.30,1008.93
4713,424.08,28.99,28.64,42.31,1008.94
4714,424.17,28.99,28.64,42.30,1008.94
4715,424.26,28.99,28.65,42.30,1008.94
4716,424.35,28.99,28.65,42.29,1008.93
4717,424.44,28.98,28.64,42.31,1008.93
4718,424.53,28.98,28.64,42.30,1008.93
4719,424.62,28.98,28.64,42.29,1008.93
4720,424.71,28.97,28.63,42.29,1008.92
4721,424.80,28.97,28.63,42.27,1008.92
4722,424.89,28.97,28.62,42.27,1008.92
4723,424.98,28.97,28.63,42.25,1008.92
4724,425.07,28.97,28.63,42.24,1008.92
4725,425.16,28.96,28.64,42.22,1008.92
4726,425.25,28.96,28.64,42.21,1008.92
4727,425.34,28.96,28.65,42.21,1008.92
4728,425.43,28.95,28.66,42.22,1008.92
4729,425.52,28.96,28.66,42.21,1008.92
4730,425.61,28.96,28.66,42.22,1008.92
4731,425.70,28.96,28.67,42.23,1008.92
4732,425.79,28.97,28.67,42.24,1008.92
4733,425.88,28.97,28.67,42.24,1008.92
4734,425.97,28.97,28.68,42.23,1008.91
4735,426.06,28.96,28.67,42.23,1008.91
4736,426.15,28.96,28.66,42.22,1008.91
4737,426.24,28.97,28.66,42.22,1008.91
4738,426.33,28.96,28.64,42.21,1008.91
4739,426.42,28.96,28.65,42.22,1008.91
4740,426.51,28.96,28.65,42.21,1008.91
4741,426.60,28.95,28.65,42.21,1008.91
4742,426.69,28.95,28.64,42.19,1008.91
4743,426.78,28.95,28.65,42.20,1008.91
4744,426.87,28.95,28.65,42.22,1008.91
4745,426.96,28.95,28.65,42.23,1008.91
4746,427.05,28.95,28.64,42.22,1008.92
4747,427.14,28.95,28.65,42.21,1008.92
4748,427.23,28.94,28.65,42.19,1008.92
4749,427.32,28.94,28.65,42.17,1008.92
4750,427.41,28.93,28.65,42.15,1008.92
4751,427.50,28.93,28.65,42.17,1008.92
4752,427.59,28.94,28.65,42.17,1008.92
4753,427.68,28.94,28.64,42.16,1008.92
4754,427.77,28.94,28.65,42.16,1008.92
4755,427.86,28.94,28.65,42.16,1008.92
4756,427.95,28.95,28.65,42.19,1008.92
4757,428.04,28.95,28.65,42.20,1008.93
4758,428.13,28.94,28.66,42.20,1008.93
4759,428.22,28.93,28.66,42.20,1008.93
4760,428.31,28.94,28.67,42.22,1008.93
4761,428.40,28.93,28.66,42.21,1008.93
4762,428.49,28.94,28.67,42.21,1008.93
4763,428.58,28.94,28.67,42.21,1008.93
4764,428.67,28.95,28.67,42.21,1008.94
4765,428.76,28.93,28.67,42.20,1008.93
4766,428.85,28.93,28.67,42.23,1008.94
4767,428.94,28.92,28.66,42.20,1008.93
4768,429.03,28.91,28.66,42.22,1008.93
4769,429.12,28.91,28.65,42.21,1008.93
4770,429.21,28.91,28.66,42.25,1008.93
4771,429.30,28.91,28.67,42.22,1008.93
4772,429.39,28.91,28.67,42.23,1008.92
4773,429.48,28.91,28.67,42.23,1008.92
4774,429.57,28.90,28.67,42.24,1008.92
4775,429.66,28.90,28.68,42.24,1008.92
4776,429.75,28.90,28.67,42.25,1008.91
4777,429.84,28.90,28.68,42.27,1008.92
4778,429.93,28.90,28.68,42.26,1008.92
4779,430.02,28.90,28.67,42.25,1008.91
4780,430.11,28.90,28.67,42.25,1008.91
4781,430.20,28.91,28.66,42.25,1008.91
4782,430.29,28.90,28.66,42.25,1008.91
4783,430.38,28.90,28.65,42.25,1008.90
4784,430.47,28.90,28.64,42.24,1008.90
4785,430.56,28.90,28.64,42.22,1008.90
4786,430.65,28.90,28.65,42.23,1008.90
4787,430.74,28.90,28.66,42.22,1008.90
4788,430.83,28.90,28.65,42.20,1008.90
4789,430.92,28.90,28.65,42.20,1008.90
4790,431.01,28.90,28.64,42.22,1008.89
4791,431.10,28.91,28.64,42.23,1008.89
4792,431.19,28.91,28.65,42.19,1008.89
4793,431.28,28.89,28.65,42.20,1008.89
4794,431.37,28.89,28.64,42.22,1008.89
4795,431.46,28.91,28.64,42.21,1008.89
4796,431.55,28.90,28.64,42.22,1008.88
4797,431.64,28.90,28.63,42.20,1008.88
4798,431.73,28.91,28.64,42.23,1008.88
4799,431.82,28.91,28.65,42.24,1008.88
4800,431.91,28.91,28.66,42.23,1008.89
4801,432.00,28.92,28.65,42.22,1008.89
4802,432.09,28.92,28.65,42.19,1008.90
4803,432.18,28.92,28.66,42.17,1008.91
4804,432.27,28.91,28.66,42.19,1008.91
4805,432.36,28.91,28.66,42.18,1008.91
4806,432.45,28.91,28.65,42.18,1008.91
4807,432.54,28.91,28.65,42.18,1008.91
4808,432.63,28.92,28.65,42.16,1008.91
4809,432.72,28.91,28.66,42.14,1008.91
4810,432.81,28.91,28.66,42.14,1008.90
4811,432.90,28.91,28.66,42.14,1008.91
4812,432.99,28.91,28.65,42.13,1008.91
4813,433.08,28.91,28.64,42.15,1008.90
4814,433.17,28.90,28.64,42.13,1008.91
4815,433.26,28.91,28.65,42.14,1008.91
4816,433.35,28.91,28.64,42.14,1008.91
4817,433.44,28.91,28.65,42.13,1008.92
4818,433.53,28.90,28.64,42.14,1008.91
4819,433.62,28.91,28.64,42.14,1008.92
4820,433.71,28.90,28.64,42.11,1008.92
4821,433.80,28.89,28.65,42.09,1008.91
4822,433.89,28.89,28.65,42.08,1008.91
4823,433.98,28.89,28.65,42.08,1008.91
4824,434.07,28.89,28.65,42.06,1008.91
4825,434.16,28.88,28.65,42.06,1008.90
4826,434.25,28.89,28.63,42.06,1008.90
4827,434.34,28.89,28.63,42.05,1008.90
4828,434.43,28.90,28.63,42.07,1008.90
4829,434.52,28.90,28.63,42.08,1008.90
4830,434.61,28.90,28.62,42.10,1008.90
4831,434.70,28.91,28.61,42.09,1008.89
4832,434.79,28.90,28.61,42.10,1008.89
4833,434.88,28.91,28.60,42.11,1008.89
4834,434.97,28.89,28.60,42.09,1008.89
4835,435.06,28.90,28.60,42.11,1008.89
4836,435.15,28.90,28.59,42.10,1008.89
4837,435.24,28.91,28.59,42.10,1008.88
4838,435.33,28.91,28.59,42.09,1008.88
4839,435.42,28.91,28.60,42.10,1008.88
4840,435.51,28.91,28.59,42.09,1008.88
4841,435.60,28.91,28.59,42.09,1008.88
4842,435.69,28.91,28.60,42.11,1008.87
4843,435.78,28.91,28.60,42.11,1008.87
4844,435.87,28.91,28.60,42.10,1008.87
4845,435.96,28.91,28.61,42.10,1008.87
4846,436.05,28.91,28.61,42.09,1008.87
4847,436.14,28.91,28.60,42.10,1008.88
4848,436.23,28.91,28.58,42.09,1008.87
4849,436.32,28.91,28.58,42.10,1008.88
4850,436.41,28.91,28.59,42.09,1008.88
4851,436.50,28.90,28.58,42.10,1008.88
4852,436.59,28.89,28.59,42.10,1008.88
4853,436.68,28.89,28.58,42.10,1008.88
4854,436.77,28.89,28.59,42.09,1008.88
4855,436.86,28.89,28.60,42.12,1008.87
4856,436.95,28.89,28.60,42.10,1008.88
4857,437.04,28.89,28.62,42.09,1008.88
4858,437.13,28.88,28.62,42.10,1008.88
4859,437.22,28.88,28.62,42.10,1008.89
4860,437.31,28.88,28.63,42.10,1008.89
4861,437.40,28.88,28.64,42.13,1008.89
4862,437.49,28.88,28.63,42.12,1008.89
4863,437.58,28.89,28.63,42.11,1008.90
4864,437.67,28.89,28.62,42.12,1008.90
4865,437.76,28.90,28.61,42.14,1008.90
4866,437.85,28.89,28.61,42.15,1008.90
4867,437.94,28.88,28.60,42.16,1008.91
4868,438.03,28.88,28.61,42.18,1008.90
4869,438.12,28.87,28.62,42.18,1008.91
4870,438.21,28.87,28.62,42.16,1008.91
4871,438.30,28.87,28.62,42.15,1008.91
4872,438.39,28.87,28.63,42.12,1008.91
4873,438.48,28.87,28.63,42.12,1008.91
4874,438.57,28.87,28.63,42.13,1008.91
4875,438.66,28.87,28.63,42.13,1008.92
4876,438.75,28.87,28.63,42.14,1008.91
4877,438.84,28.86,28.64,42.12,1008.91
4878,438.93,28.87,28.65,42.15,1008.91
4879,439.02,28.87,28.66,42.12,1008.91
4880,439.11,28.87,28.64,42.11,1008.91
4881,439.20,28.86,28.65,42.12,1008.91
4882,439.29,28.86,28.64,42.11,1008.91
4883,439.38,28.86,28.63,42.13,1008.91
4884,439.47,28.86,28.63,42.13,1008.91
4885,439.56,28.86,28.61,42.13,1008.91
4886,439.65,28.87,28.62,42.11,1008.91
4887,439.74,28.87,28.62,42.10,1008.91
4888,439.83,28.87,28.61,42.10,1008.91
4889,439.92,28.86,28.61,42.11,1008.91
4890,440.01,28.86,28.60,42.09,1008.91
4891,440.10,28.86,28.60,42.11,1008.91
4892,440.19,28.86,28.62,42.09,1008.90
4893,440.28,28.86,28.62,42.07,1008.90
4894,440.37,28.86,28.62,42.03,1008.90
4895,440.46,28.87,28.62,42.03,1008.90
4896,440.55,28.87,28.62,42.03,1008.90
4897,440.64,28.87,28.62,42.05,1008.90
4898,440.73,28.86,28.61,42.04,1008.90
4899,440.82,28.86,28.61,42.04,1008.90
4900,440.91,28.86,28.62,42.05,1008.91
4901,441.00,28.87,28.61,42.06,1008.91
4902,441.09,28.87,28.60,42.07,1008.91
4903,441.18,28.87,28.61,42.08,1008.91
4904,441.27,28.86,28.61,42.06,1008.91
4905,441.36,28.86,28.60,42.06,1008.91
4906,441.45,28.86,28.61,42.05,1008.91
4907,441.54,28.85,28.60,42.03,1008.91
4908,441.63,28.83,28.59,42.04,1008.91
4909,441.72,28.83,28.60,42.04,1008.91
4910,441.81,28.83,28.60,42.06,1008.91
4911,441.90,28.82,28.58,42.07,1008.91
4912,441.99,28.83,28.58,42.06,1008.91
4913,442.08,28.83,28.58,42.06,1008.92
4914,442.17,28.84,28.59,42.04,1008.92
4915,442.26,28.84,28.60,42.06,1008.92
4916,442.35,28.83,28.61,42.08,1008.92
4917,442.44,28.84,28.59,42.08,1008.92
4918,442.53,28.83,28.59,42.08,1008.92
4919,442.62,28.84,28.60,42.09,1008.92
4920,442.71,28.84,28.59,42.07,1008.93
4921,442.80,28.84,28.59,42.06,1008.93
4922,442.89,28.84,28.59,42.07,1008.93
4923,442.98,28.84,28.59,42.08,1008.93
4924,443.07,28.83,28.57,42.11,1008.93
4925,443.16,28.83,28.58,42.13,1008.93
4926,443.25,28.84,28.57,42.13,1008.93
4927,443.34,28.83,28.57,42.10,1008.93
4928,443.43,28.83,28.56,42.12,1008.92
4929,443.52,28.83,28.56,42.13,1008.92
4930,443.61,28.83,28.54,42.14,1008.92
4931,443.70,28.83,28.54,42.11,1008.93
4932,443.79,28.84,28.55,42.08,1008.92
4933,443.88,28.84,28.55,42.09,1008.92
4934,443.97,28.84,28.56,42.10,1008.93
4935,444.06,28.85,28.56,42.11,1008.93
4936,444.15,28.85,28.55,42.12,1008.93
4937,444.24,28.84,28.56,42.12,1008.92
4938,444.33,28.84,28.56,42.10,1008.93
4939,444.42,28.83,28.56,42.11,1008.93
4940,444.51,28.84,28.56,42.11,1008.92
4941,444.60,28.84,28.57,42.10,1008.92
4942,444.69,28.85,28.58,42.09,1008.92
4943,444.78,28.85,28.58,42.07,1008.92
4944,444.87,28.85,28.58,42.09,1008.92
4945,444.96,28.85,28.57,42.09,1008.93
4946,445.05,28.86,28.57,42.12,1008.93
4947,445.14,28.85,28.56,42.10,1008.93
4948,445.23,28.86,28.57,42.08,1008.93
4949,445.32,28.85,28.58,42.10,1008.93
4950,445.41,28.85,28.59,42.12,1008.93
4951,445.50,28.83,28.60,42.10,1008.93
4952,445.59,28.83,28.60,42.11,1008.93
4953,445.68,28.83,28.60,42.12,1008.93
4954,445.77,28.84,28.59,42.12,1008.94
4955,445.86,28.83,28.60,42.12,1008.94
4956,445.95,28.82,28.60,42.10,1008.94
4957,446.04,28.81,28.60,42.12,1008.94
4958,446.13,28.82,28.59,42.13,1008.94
4959,446.22,28.81,28.60,42.13,1008.94
4960,446.31,28.82,28.60,42.13,1008.94
4961,446.40,28.82,28.59,42.11,1008.94
4962,446.49,28.83,28.60,42.12,1008.94
4963,446.58,28.83,28.59,42.12,1008.94
4964,446.67,28.81,28.57,42.12,1008.94
4965,446.76,28.82,28.57,42.13,1008.94
4966,446.85,28.82,28.57,42.13,1008.94
4967,446.94,28.82,28.58,42.13,1008.94
4968,447.03,28.81,28.57,42.13,1008.94
4969,447.12,28.81,28.57,42.13,1008.95
4970,447.21,28.80,28.57,42.10,1008.95
4971,447.30,28.79,28.56,42.14,1008.94
4972,447.39,28.78,28.57,42.14,1008.94
4973,447.48,28.78,28.57,42.13,1008.94
4974,447.57,28.78,28.57,42.15,1008.94
4975,447.66,28.78,28.56,42.16,1008.94
4976,447.75,28.79,28.57,42.17,1008.93
4977,447.84,28.79,28.57,42.16,1008.93
4978,447.93,28.78,28.57,42.15,1008.93
4979,448.02,28.79,28.57,42.16,1008.93
4980,448.11,28.80,28.57,42.16,1008.93
4981,448.20,28.80,28.57,42.16,1008.92
4982,448.29,28.81,28.57,42.18,1008.92
4983,448.38,28.80,28.57,42.19,1008.92
4984,448.47,28.81,28.57,42.18,1008.92
4985,448.56,28.82,28.58,42.18,1008.92
4986,448.65,28.83,28.58,42.18,1008.92
4987,448.74,28.83,28.58,42.17,1008.92
4988,448.83,28.84,28.58,42.17,1008.91
4989,448.92,28.85,28.59,42.17,1008.91
4990,449.01,28.85,28.59,42.18,1008.91
4991,449.10,28.85,28.58,42.19,1008.91
4992,449.19,28.84,28.59,42.19,1008.91
4993,449.28,28.83,28.59,42.17,1008.91
4994,449.37,28.84,28.58,42.15,1008.91
4995,449.46,28.83,28.58,42.18,1008.91
4996,449.55,28.82,28.58,42.17,1008.91
4997,449.64,28.83,28.57,42.17,1008.91
4998,449.73,28.82,28.58,42.18,1008.91
4999,449.82,28.82,28.58,42.19,1008.91
5000,449.91,28.82,28.59,42.20,1008.90
5001,450.00,28.82,28.59,42.21,1008.90
5002,450.09,28.82,28.59,42.24,1008.90
5003,450.18,28.81,28.58,42.22,1008.90
5004,450.27,28.82,28.59,42.21,1008.90
5005,450.36,28.81,28.58,42.20,1008.91
5006,450.45,28.82,28.58,42.18,1008.91
5007,450.54,28.82,28.57,42.19,1008.91
5008,450.63,28.82,28.58,42.17,1008.91
5009,450.72,28.81,28.57,42.15,1008.91
5010,450.81,28.82,28.56,42.17,1008.92
5011,450.90,28.81,28.56,42.18,1008.92
5012,450.99,28.82,28.56,42.19,1008.92
5013,451.08,28.82,28.55,42.21,1008.92
5014,451.17,28.81,28.54,42.19,1008.92
5015,451.26,28.81,28.55,42.17,1008.93
5016,451.35,28.81,28.55,42.18,1008.93
5017,451.44,28.81,28.55,42.19,1008.93
5018,451.53,28.81,28.54,42.17,1008.93
5019,451.62,28.81,28.54,42.18,1008.93
5020,451.71,28.82,28.53,42.19,1008.93
5021,451.80,28.81,28.52,42.18,1008.93
5022,451.89,28.82,28.52,42.15,1008.93
5023,451.98,28.83,28.51,42.17,1008.92
5024,452.07,28.82,28.50,42.15,1008.92
5025,452.16,28.83,28.50,42.16,1008.92
5026,452.25,28.82,28.51,42.11,1008.92
5027,452.34,28.82,28.51,42.14,1008.92
5028,452.43,28.81,28.52,42.16,1008.91
5029,452.52,28.82,28.52,42.18,1008.91
5030,452.61,28.82,28.52,42.19,1008.91
5031,452.70,28.82,28.52,42.17,1008.92
5032,452.79,28.81,28.52,42.18,1008.91
5033,452.88,28.81,28.52,42.18,1008.91
5034,452.97,28.81,28.52,42.19,1008.91
5035,453.06,28.82,28.52,42.18,1008.91
5036,453.15,28.82,28.52,42.18,1008.90
5037,453.24,28.83,28.51,42.20,1008.91
5038,453.33,28.83,28.51,42.19,1008.91
5039,453.42,28.83,28.52,42.18,1008.90
5040,453.51,28.83,28.53,42.18,1008.90
5041,453.60,28.83,28.53,42.17,1008.90
5042,453.69,28.83,28.54,42.16,1008.90
5043,453.78,28.83,28.54,42.15,1008.90
5044,453.87,28.83,28.54,42.17,1008.89
5045,453.96,28.82,28.53,42.16,1008.89
5046,454.05,28.81,28.53,42.15,1008.89
5047,454.14,28.81,28.54,42.14,1008.89
5048,454.23,28.80,28.54,42.15,1008.90
5049,454.32,28.79,28.54,42.16,1008.89
5050,454.41,28.79,28.54,42.16,1008.89
5051,454.50,28.78,28.54,42.17,1008.89
5052,454.59,28.79,28.54,42.17,1008.89
5053,454.68,28.79,28.53,42.17,1008.89
5054,454.77,28.78,28.54,42.18,1008.89
5055,454.86,28.78,28.54,42.19,1008.89
5056,454.95,28.77,28.55,42.20,1008.89
5057,455.04,28.77,28.55,42.20,1008.89
5058,455.13,28.77,28.54,42.21,1008.89
5059,455.22,28.76,28.55,42.20,1008.89
5060,455.31,28.77,28.55,42.22,1008.89
5061,455.40,28.78,28.54,42.22,1008.89
5062,455.49,28.78,28.53,42.20,1008.90
5063,455.58,28.77,28.52,42.21,1008.90
5064,455.67,28.77,28.51,42.22,1008.90
5065,455.76,28.77,28.51,42.23,1008.90
5066,455.85,28.76,28.51,42.25,1008.90
5067,455.94,28.76,28.51,42.24,1008.91
5068,456.03,28.76,28.52,42.24,1008.91
5069,456.12,28.77,28.51,42.23,1008.91
5070,456.21,28.77,28.52,42.23,1008.91
5071,456.30,28.77,28.53,42.22,1008.91
5072,456.39,28.77,28.52,42.23,1008.91
5073,456.48,28.76,28.52,42.25,1008.91
5074,456.57,28.77,28.54,42.24,1008.91
5075,456.66,28.76,28.53,42.27,1008.91
5076,456.75,28.76,28.54,42.28,1008.91
5077,456.84,28.76,28.54,42.31,1008.91
5078,456.93,28.76,28.55,42.31,1008.91
5079,457.02,28.76,28.54,42.30,1008.91
5080,457.11,28.76,28.55,42.29,1008.91
5081,457.20,28.76,28.55,42.28,1008.90
5082,457.29,28.76,28.55,42.25,1008.90
5083,457.38,28.75,28.55,42.25,1008.91
5084,457.47,28.75,28.54,42.23,1008.91
5085,457.56,28.76,28.54,42.24,1008.91
5086,457.65,28.76,28.54,42.21,1008.91
5087,457.74,28.76,28.55,42.22,1008.90
5088,457.83,28.77,28.54,42.19,1008.90
5089,457.92,28.77,28.54,42.20,1008.90
5090,458.01,28.76,28.54,42.21,1008.91
5091,458.10,28.76,28.54,42.22,1008.91
5092,458.19,28.76,28.54,42.22,1008.90
5093,458.28,28.76,28.53,42.18,1008.90
5094,458.37,28.76,28.53,42.19,1008.89
5095,458.46,28.76,28.53,42.18,1008.90
5096,458.55,28.75,28.53,42.18,1008.89
5097,458.64,28.74,28.53,42.18,1008.89
5098,458.73,28.74,28.52,42.16,1008.89
5099,458.82,28.75,28.53,42.15,1008.89
5100,458.91,28.75,28.53,42.15,1008.90
5101,459.00,28.75,28.54,42.15,1008.89
5102,459.09,28.74,28.54,42.16,1008.89
5103,459.18,28.76,28.53,42.15,1008.89
5104,459.27,28.76,28.53,42.16,1008.89
5105,459.36,28.77,28.54,42.14,1008.90
5106,459.45,28.76,28.56,42.15,1008.89
5107,459.54,28.76,28.55,42.17,1008.89
5108,459.63,28.76,28.53,42.18,1008.89
5109,459.72,28.76,28.54,42.19,1008.90
5110,459.81,28.76,28.53,42.18,1008.90
5111,459.90,28.76,28.53,42.20,1008.90
5112,459.99,28.77,28.52,42.22,1008.90
5113,460.08,28.77,28.50,42.22,1008.89
5114,460.17,28.76,28.48,42.25,1008.90
5115,460.26,28.77,28.49,42.23,1008.89
5116,460.35,28.77,28.49,42.23,1008.90
5117,460.44,28.77,28.48,42.22,1008.90
5118,460.53,28.76,28.48,42.21,1008.90
5119,460.62,28.76,28.48,42.20,1008.90
5120,460.71,28.77,28.49,42.23,1008.90
5121,460.80,28.77,28.49,42.24,1008.90
5122,460.89,28.77,28.49,42.27,1008.90
5123,460.98,28.78,28.49,42.24,1008.90
5124,461.07,28.77,28.50,42.24,1008.90
5125,461.16,28.76,28.50,42.22,1008.90
5126,461.25,28.78,28.49,42.21,1008.91
5127,461.34,28.77,28.49,42.18,1008.91
5128,461.43,28.77,28.49,42.21,1008.91
5129,461.52,28.77,28.49,42.22,1008.91
5130,461.61,28.77,28.48,42.22,1008.91
5131,461.70,28.78,28.49,42.23,1008.91
5132,461.79,28.79,28.49,42.22,1008.91
5133,461.88,28.79,28.49,42.24,1008.91
5134,461.97,28.80,28.48,42.24,1008.91
5135,462.06,28.79,28.47,42.27,1008.90
5136,462.15,28.79,28.49,42.30,1008.90
5137,462.24,28.79,28.48,42.29,1008.90
5138,462.33,28.80,28.48,42.27,1008.91
5139,462.42,28.80,28.48,42.29,1008.91
5140,462.51,28.80,28.48,42.32,1008.91
5141,462.60,28.79,28.48,42.32,1008.91
5142,462.69,28.79,28.48,42.32,1008.91
5143,462.78,28.78,28.49,42.31,1008.91
5144,462.87,28.79,28.48,42.30,1008.91
5145,462.96,28.79,28.47,42.30,1008.91
5146,463.05,28.79,28.47,42.31,1008.91
5147,463.14,28.80,28.48,42.33,1008.91
5148,463.23,28.80,28.48,42.36,1008.91
5149,463.32,28.80,28.48,42.37,1008.91
5150,463.41,28.79,28.47,42.34,1008.91
5151,463.50,28.79,28.47,42.35,1008.91
5152,463.59,28.79,28.47,42.35,1008.92
5153,463.68,28.80,28.47,42.36,1008.92
5154,463.77,28.80,28.46,42.34,1008.92
5155,463.86,28.79,28.47,42.30,1008.93
5156,463.95,28.80,28.45,42.30,1008.93
5157,464.04,28.80,28.45,42.30,1008.93
5158,464.13,28.80,28.44,42.30,1008.93
5159,464.22,28.78,28.44,42.30,1008.93
5160,464.31,28.77,28.45,42.29,1008.93
5161,464.40,28.77,28.46,42.27,1008.94
5162,464.49,28.77,28.45,42.26,1008.94
5163,464.58,28.77,28.45,42.27,1008.94
5164,464.67,28.76,28.45,42.27,1008.94
5165,464.76,28.77,28.45,42.28,1008.94
5166,464.85,28.76,28.44,42.29,1008.94
5167,464.94,28.76,28.44,42.29,1008.95
5168,465.03,28.77,28.44,42.28,1008.94
5169,465.12,28.76,28.44,42.29,1008.94
5170,465.21,28.77,28.44,42.31,1008.94
5171,465.30,28.76,28.44,42.32,1008.94
5172,465.39,28.77,28.43,42.32,1008.94
5173,465.48,28.76,28.44,42.32,1008.94
5174,465.57,28.77,28.45,42.30,1008.94
5175,465.66,28.77,28.46,42.30,1008.94
5176,465.75,28.76,28.44,42.32,1008.94
5177,465.84,28.76,28.45,42.31,1008.94
5178,465.93,28.75,28.46,42.31,1008.94
5179,466.02,28.75,28.45,42.30,1008.93
5180,466.11,28.75,28.46,42.28,1008.93
5181,466.20,28.75,28.46,42.26,1008.93
5182,466.29,28.75,28.47,42.27,1008.93
5183,466.38,28.74,28.47,42.28,1008.92
5184,466.47,28.73,28.47,42.29,1008.92
5185,466.56,28.74,28.48,42.28,1008.92
5186,466.65,28.74,28.48,42.29,1008.92
5187,466.74,28.73,28.47,42.32,1008.93
5188,466.83,28.73,28.48,42.29,1008.92
5189,466.92,28.73,28.49,42.27,1008.92
5190,467.01,28.72,28.50,42.27,1008.92
5191,467.10,28.73,28.49,42.28,1008.91
5192,467.19,28.73,28.50,42.26,1008.92
5193,467.28,28.72,28.49,42.27,1008.91
5194,467.37,28.72,28.50,42.28,1008.91
5195,467.46,28.72,28.49,42.27,1008.91
5196,467.55,28.72,28.50,42.30,1008.91
5197,467.64,28.72,28.50,42.28,1008.91
5198,467.73,28.73,28.51,42.28,1008.91
5199,467.82,28.72,28.51,42.29,1008.91
5200,467.91,28.73,28.51,42.32,1008.92
5201,468.00,28.72,28.50,42.32,1008.92
5202,468.09,28.72,28.51,42.33,1008.92
5203,468.18,28.71,28.50,42.35,1008.92
5204,468.27,28.72,28.49,42.36,1008.92
5205,468.36,28.73,28.49,42.36,1008.92
5206,468.45,28.73,28.49,42.38,1008.92
5207,468.54,28.74,28.49,42.40,1008.92
5208,468.63,28.74,28.49,42.40,1008.93
5209,468.72,28.74,28.49,42.42,1008.93
5210,468.81,28.73,28.49,42.42,1008.93
5211,468.90,28.73,28.49,42.42,1008.93
5212,468.99,28.73,28.48,42.41,1008.93
5213,469.08,28.72,28.49,42.42,1008.93
5214,469.17,28.72,28.49,42.43,1008.93
5215,469.26,28.72,28.49,42.46,1008.94
5216,469.35,28.70,28.48,42.45,1008.94
5217,469.44,28.71,28.47,42.49,1008.94
5218,469.53,28.70,28.48,42.49,1008.94
5219,469.62,28.70,28.47,42.47,1008.94
5220,469.71,28.71,28.46,42.47,1008.95
5221,469.80,28.71,28.46,42.45,1008.95
5222,469.89,28.71,28.46,42.46,1008.95
5223,469.98,28.71,28.46,42.45,1008.94
5224,470.07,28.71,28.46,42.47,1008.95
5225,470.16,28.70,28.46,42.48,1008.95
5226,470.25,28.71,28.46,42.46,1008.95
5227,470.34,28.70,28.47,42.45,1008.95
5228,470.43,28.70,28.46,42.44,1008.94
5229,470.52,28.71,28.46,42.45,1008.94
5230,470.61,28.71,28.46,42.45,1008.93
5231,470.70,28.71,28.46,42.48,1008.93
5232,470.79,28.71,28.48,42.50,1008.93
5233,470.88,28.70,28.47,42.49,1008.93
5234,470.97,28.70,28.47,42.48,1008.93
5235,471.06,28.71,28.47,42.47,1008.92
5236,471.15,28.70,28.47,42.47,1008.92
5237,471.24,28.70,28.47,42.45,1008.92
5238,471.33,28.70,28.47,42.46,1008.92
5239,471.42,28.70,28.47,42.47,1008.91
5240,471.51,28.68,28.48,42.45,1008.91
5241,471.60,28.69,28.48,42.41,1008.91
5242,471.69,28.69,28.47,42.43,1008.91
5243,471.78,28.69,28.47,42.43,1008.91
5244,471.87,28.68,28.47,42.45,1008.90
5245,471.96,28.68,28.46,42.47,1008.90
5246,472.05,28.68,28.47,42.45,1008.90
5247,472.14,28.68,28.45,42.45,1008.90
5248,472.23,28.68,28.45,42.45,1008.90
5249,472.32,28.69,28.46,42.45,1008.90
5250,472.41,28.69,28.47,42.43,1008.90
5251,472.50,28.70,28.46,42.43,1008.89
5252,472.59,28.69,28.45,42.43,1008.89
5253,472.68,28.70,28.46,42.42,1008.89
5254,472.77,28.70,28.46,42.39,1008.89
5255,472.86,28.70,28.45,42.42,1008.89
5256,472.95,28.70,28.44,42.42,1008.90
5257,473.04,28.71,28.44,42.41,1008.90
5258,473.13,28.71,28.45,42.40,1008.89
5259,473.22,28.70,28.43,42.39,1008.90
5260,473.31,28.70,28.43,42.38,1008.90
5261,473.40,28.70,28.43,42.35,1008.90
5262,473.49,28.70,28.43,42.37,1008.91
5263,473.58,28.70,28.43,42.38,1008.91
5264,473.67,28.70,28.44,42.40,1008.91
5265,473.76,28.71,28.44,42.38,1008.91
5266,473.85,28.72,28.43,42.40,1008.91
5267,473.94,28.72,28.43,42.41,1008.91
5268,474.03,28.72,28.43,42.39,1008.91
5269,474.12,28.72,28.43,42.40,1008.91
5270,474.21,28.72,28.42,42.36,1008.91
5271,474.30,28.73,28.42,42.36,1008.91
5272,474.39,28.73,28.42,42.34,1008.91
5273,474.48,28.72,28.42,42.35,1008.91
5274,474.57,28.72,28.42,42.35,1008.92
5275,474.66,28.72,28.42,42.34,1008.92
5276,474.75,28.73,28.42,42.33,1008.92
5277,474.84,28.72,28.42,42.32,1008.92
5278,474.93,28.71,28.42,42.32,1008.92
5279,475.02,28.71,28.41,42.34,1008.92
5280,475.11,28.71,28.42,42.32,1008.92
5281,475.20,28.71,28.43,42.31,1008.91
5282,475.29,28.71,28.43,42.31,1008.91
5283,475.38,28.70,28.45,42.32,1008.91
5284,475.47,28.71,28.44,42.34,1008.92
5285,475.56,28.69,28.45,42.33,1008.91
5286,475.65,28.70,28.46,42.33,1008.91
5287,475.74,28.70,28.45,42.33,1008.91
5288,475.83,28.70,28.45,42.33,1008.91
5289,475.92,28.70,28.45,42.30,1008.91
5290,476.01,28.70,28.44,42.31,1008.91
5291,476.10,28.69,28.44,42.32,1008.90
5292,476.19,28.69,28.42,42.32,1008.90
5293,476.28,28.69,28.41,42.34,1008.90
5294,476.37,28.69,28.40,42.33,1008.90
5295,476.46,28.69,28.38,42.30,1008.89
5296,476.55,28.69,28.36,42.31,1008.89
5297,476.64,28.70,28.34,42.31,1008.89
5298,476.73,28.71,28.32,42.30,1008.89
5299,476.82,28.70,28.30,42.30,1008.88
5300,476.91,28.71,28.30,42.30,1008.89
5301,477.00,28.70,28.30,42.31,1008.88
5302,477.09,28.70,28.31,42.31,1008.89
5303,477.18,28.70,28.31,42.29,1008.89
5304,477.27,28.70,28.33,42.29,1008.89
5305,477.36,28.71,28.36,42.28,1008.88
5306,477.45,28.71,28.39,42.31,1008.88
5307,477.54,28.71,28.41,42.33,1008.88
5308,477.63,28.71,28.42,42.32,1008.88
5309,477.72,28.70,28.44,42.31,1008.89
5310,477.81,28.69,28.46,42.32,1008.89
5311,477.90,28.68,28.47,42.32,1008.89
5312,477.99,28.68,28.48,42.35,1008.89
5313,478.08,28.69,28.48,42.38,1008.89
5314,478.17,28.69,28.48,42.39,1008.90
5315,478.26,28.70,28.47,42.39,1008.90
5316,478.35,28.70,28.47,42.39,1008.90
5317,478.44,28.70,28.47,42.37,1008.89
5318,478.53,28.70,28.48,42.37,1008.89
5319,478.62,28.69,28.47,42.38,1008.89
5320,478.71,28.69,28.46,42.36,1008.89
5321,478.80,28.69,28.48,42.35,1008.89
5322,478.89,28.69,28.47,42.37,1008.90
5323,478.98,28.68,28.47,42.36,1008.90
5324,479.07,28.69,28.48,42.38,1008.90
5325,479.16,28.69,28.46,42.39,1008.90
5326,479.25,28.69,28.47,42.38,1008.90
5327,479.34,28.69,28.46,42.37,1008.90
5328,479.43,28.69,28.46,42.37,1008.90
5329,479.52,28.69,28.46,42.37,1008.91
5330,479.61,28.69,28.45,42.38,1008.90
5331,479.70,28.69,28.45,42.38,1008.91
5332,479.79,28.69,28.46,42.37,1008.90
5333,479.88,28.69,28.46,42.36,1008.90
5334,479.97,28.69,28.46,42.38,1008.90
5335,480.06,28.68,28.46,42.36,1008.90
5336,480.15,28.69,28.45,42.38,1008.90
5337,480.24,28.68,28.44,42.37,1008.90
5338,480.33,28.68,28.44,42.39,1008.90
5339,480.42,28.69,28.44,42.38,1008.90
5340,480.51,28.68,28.43,42.36,1008.91
5341,480.60,28.68,28.43,42.35,1008.91
5342,480.69,28.70,28.43,42.35,1008.91
5343,480.78,28.70,28.43,42.35,1008.91
5344,480.87,28.69,28.42,42.35,1008.91
5345,480.96,28.68,28.42,42.35,1008.91
5346,481.05,28.69,28.43,42.33,1008.91
5347,481.14,28.69,28.43,42.33,1008.91
5348,481.23,28.69,28.43,42.33,1008.91
5349,481.32,28.69,28.41,42.33,1008.91
5350,481.41,28.69,28.41,42.33,1008.91
5351,481.50,28.68,28.40,42.32,1008.92
5352,481.59,28.67,28.40,42.33,1008.91
5353,481.68,28.67,28.39,42.31,1008.92
5354,481.77,28.66,28.40,42.30,1008.92
5355,481.86,28.65,28.41,42.31,1008.92
5356,481.95,28.65,28.40,42.34,1008.92
5357,482.04,28.64,28.41,42.33,1008.92
5358,482.13,28.64,28.41,42.30,1008.92
5359,482.22,28.64,28.41,42.31,1008.92
5360,482.31,28.63,28.40,42.31,1008.92
5361,482.40,28.64,28.40,42.30,1008.92
5362,482.49,28.64,28.39,42.31,1008.92
5363,482.58,28.64,28.39,42.29,1008.92
5364,482.67,28.65,28.38,42.29,1008.93
5365,482.76,28.63,28.38,42.29,1008.93
5366,482.85,28.64,28.38,42.29,1008.93
5367,482.94,28.63,28.39,42.28,1008.93
5368,483.03,28.64,28.40,42.26,1008.93
5369,483.12,28.63,28.40,42.27,1008.92
5370,483.21,28.63,28.39,42.27,1008.92
5371,483.30,28.64,28.38,42.25,1008.92
5372,483.39,28.64,28.38,42.25,1008.92
5373,483.48,28.64,28.39,42.25,1008.92
5374,483.57,28.65,28.40,42.25,1008.92
5375,483.66,28.65,28.39,42.24,1008.92
5376,483.75,28.64,28.39,42.27,1008.92
5377,483.84,28.63,28.39,42.28,1008.92
5378,483.93,28.64,28.38,42.28,1008.92
5379,484.02,28.64,28.38,42.27,1008.92
5380,484.11,28.64,28.38,42.27,1008.92
5381,484.20,28.64,28.39,42.26,1008.92
5382,484.29,28.64,28.38,42.24,1008.92
5383,484.38,28.65,28.39,42.23,1008.92
5384,484.47,28.66,28.39,42.25,1008.92
5385,484.56,28.65,28.40,42.27,1008.92
5386,484.65,28.65,28.40,42.28,1008.92
5387,484.74,28.65,28.41,42.28,1008.92
5388,484.83,28.65,28.43,42.29,1008.91
5389,484.92,28.65,28.43,42.31,1008.91
5390,485.01,28.65,28.43,42.33,1008.91
5391,485.10,28.65,28.43,42.32,1008.91
5392,485.19,28.65,28.43,42.30,1008.91
5393,485.28,28.65,28.43,42.27,1008.91
5394,485.37,28.65,28.43,42.25,1008.91
5395,485.46,28.65,28.43,42.26,1008.91
5396,485.55,28.66,28.43,42.23,1008.91
5397,485.64,28.66,28.43,42.22,1008.91
5398,485.73,28.67,28.44,42.22,1008.92
5399,485.82,28.66,28.44,42.25,1008.92
5400,485.91,28.66,28.45,42.27,1008.92
5401,486.00,28.66,28.45,42.31,1008.92
5402,486.09,28.66,28.44,42.31,1008.92
5403,486.18,28.66,28.45,42.29,1008.93
5404,486.27,28.66,28.46,42.30,1008.93
5405,486.36,28.66,28.46,42.30,1008.93
5406,486.45,28.65,28.47,42.28,1008.93
5407,486.54,28.65,28.46,42.27,1008.93
5408,486.63,28.65,28.46,42.26,1008.94
5409,486.72,28.65,28.47,42.27,1008.94
5410,486.81,28.65,28.46,42.25,1008.94
5411,486.90,28.66,28.46,42.22,1008.94
5412,486.99,28.65,28.47,42.23,1008.94
5413,487.08,28.65,28.46,42.25,1008.94
5414,487.17,28.65,28.46,42.26,1008.94
5415,487.26,28.66,28.45,42.26,1008.95
5416,487.35,28.65,28.45,42.28,1008.95
5417,487.44,28.66,28.45,42.27,1008.95
5418,487.53,28.67,28.45,42.27,1008.95
5419,487.62,28.68,28.45,42.27,1008.95
5420,487.71,28.68,28.45,42.27,1008.95
5421,487.80,28.67,28.45,42.24,1008.95
5422,487.89,28.87,28.44,42.22,1008.95
5423,487.98,28.67,28.44,42.22,1008.95
5424,488.07,28.67,28.44,42.21,1008.95
5425,488.16,28.67,28.43,42.20,1008.95
5426,488.25,28.67,28.42,42.22,1008.95
5427,488.34,28.67,28.42,42.23,1008.95
5428,488.43,28.68,28.42,42.22,1008.95
5429,488.52,28.68,28.42,42.25,1008.95
5430,488.61,28.68,28.43,42.25,1008.95
5431,488.70,28.68,28.43,42.27,1008.95
5432,488.79,28.69,28.43,42.28,1008.95
5433,488.88,28.69,28.43,42.26,1008.95
5434,488.97,28.70,28.43,42.26,1008.95
5435,489.06,28.68,28.42,42.26,1008.94
5436,489.15,28.67,28.40,42.27,1008.94
5437,489.24,28.67,28.40,42.26,1008.94
5438,489.33,28.67,28.40,42.26,1008.93
5439,489.42,28.67,28.41,42.25,1008.93
5440,489.51,28.67,28.41,42.24,1008.93
5441,489.60,28.67,28.40,42.25,1008.93
5442,489.69,28.68,28.40,42.24,1008.92
5443,489.78,28.68,28.39,42.24,1008.92
5444,489.87,28.67,28.40,42.26,1008.91
5445,489.96,28.67,28.40,42.22,1008.91
5446,490.05,28.66,28.40,42.19,1008.91
5447,490.14,28.66,28.41,42.20,1008.91
5448,490.23,28.65,28.40,42.21,1008.91
5449,490.32,28.66,28.38,42.22,1008.90
5450,490.41,28.65,28.39,42.20,1008.90
5451,490.50,28.65,28.39,42.19,1008.90
5452,490.59,28.64,28.39,42.21,1008.91
5453,490.68,28.65,28.39,42.20,1008.90
5454,490.77,28.65,28.38,42.21,1008.90
5455,490.86,28.65,28.37,42.20,1008.90
5456,490.95,28.64,28.36,42.18,1008.90
5457,491.04,28.65,28.35,42.18,1008.91
5458,491.13,28.65,28.36,42.18,1008.90
5459,491.22,28.64,28.35,42.19,1008.90
5460,491.31,28.64,28.36,42.20,1008.90
5461,491.40,28.63,28.37,42.20,1008.91
5462,491.49,28.64,28.36,42.21,1008.91
5463,491.58,28.66,28.35,42.23,1008.91
5464,491.67,28.66,28.35,42.24,1008.91
5465,491.76,28.66,28.34,42.23,1008.91
5466,491.85,28.66,28.34,42.21,1008.91
5467,491.94,28.67,28.35,42.22,1008.91
5468,492.03,28.67,28.35,42.22,1008.91
5469,492.12,28.67,28.34,42.23,1008.91
5470,492.21,28.66,28.35,42.24,1008.91
5471,492.30,28.66,28.37,42.22,1008.91
5472,492.39,28.65,28.37,42.19,1008.92
5473,492.48,28.65,28.37,42.18,1008.92
5474,492.57,28.64,28.38,42.17,1008.92
5475,492.66,28.63,28.36,42.17,1008.92
5476,492.75,28.64,28.37,42.17,1008.92
5477,492.84,28.64,28.37,42.17,1008.92
5478,492.93,28.63,28.38,42.19,1008.92
5479,493.02,28.64,28.38,42.19,1008.92
5480,493.11,28.64,28.37,42.20,1008.92
5481,493.20,28.63,28.37,42.20,1008.92
5482,493.29,28.63,28.38,42.19,1008.92
5483,493.38,28.63,28.39,42.16,1008.92
5484,493.47,28.63,28.39,42.16,1008.91
5485,493.56,28.63,28.39,42.14,1008.91
5486,493.65,28.62,28.38,42.14,1008.91
5487,493.74,28.63,28.38,42.15,1008.91
5488,493.83,28.63,28.37,42.17,1008.91
5489,493.92,28.63,28.38,42.15,1008.91
5490,494.01,28.62,28.38,42.16,1008.90
5491,494.10,28.62,28.37,42.17,1008.90
5492,494.19,28.62,28.38,42.14,1008.91
5493,494.28,28.62,28.39,42.12,1008.90
5494,494.37,28.61,28.39,42.13,1008.90
5495,494.46,28.61,28.39,42.13,1008.90
5496,494.55,28.62,28.39,42.12,1008.89
5497,494.64,28.61,28.39,42.12,1008.89
5498,494.73,28.61,28.39,42.11,1008.89
5499,494.82,28.60,28.38,42.11,1008.89
5500,494.91,28.60,28.39,42.10,1008.89
5501,495.00,28.59,28.39,42.09,1008.89
5502,495.09,28.59,28.39,42.08,1008.89
5503,495.18,28.59,28.38,42.05,1008.88
5504,495.27,28.59,28.38,42.06,1008.88
5505,495.36,28.59,28.38,42.05,1008.88
5506,495.45,28.60,28.39,42.08,1008.88
5507,495.54,28.60,28.39,42.06,1008.88
5508,495.63,28.59,28.38,42.06,1008.88
5509,495.72,28.60,28.39,42.08,1008.88
5510,495.81,28.59,28.39,42.11,1008.88
5511,495.90,28.60,28.41,42.09,1008.88
5512,495.99,28.59,28.41,42.08,1008.88
5513,496.08,28.59,28.41,42.09,1008.88
5514,496.17,28.58,28.41,42.09,1008.88
5515,496.26,28.59,28.41,42.11,1008.88
5516,496.35,28.60,28.41,42.10,1008.88
5517,496.44,28.60,28.40,42.10,1008.88
5518,496.53,28.61,28.39,42.11,1008.88
5519,496.62,28.61,28.39,42.13,1008.88
5520,496.71,28.60,28.38,42.12,1008.89
5521,496.80,28.61,28.37,42.11,1008.88
5522,496.89,28.62,28.37,42.13,1008.88
5523,496.98,28.61,28.37,42.15,1008.88
5524,497.07,28.61,28.38,42.16,1008.89
5525,497.16,28.62,28.38,42.16,1008.89
5526,497.25,28.62,28.38,42.15,1008.89
5527,497.34,28.61,28.38,42.17,1008.89
5528,497.43,28.61,28.37,42.18,1008.89
5529,497.52,28.60,28.37,42.17,1008.89
5530,497.61,28.61,28.36,42.18,1008.89
5531,497.70,28.60,28.36,42.16,1008.89
5532,497.79,28.59,28.36,42.18,1008.89
5533,497.88,28.60,28.37,42.20,1008.89
5534,497.97,28.59,28.38,42.17,1008.89
5535,498.06,28.60,28.37,42.18,1008.89
5536,498.15,28.60,28.37,42.17,1008.89
5537,498.24,28.59,28.36,42.17,1008.89
5538,498.33,28.58,28.36,42.20,1008.89
5539,498.42,28.59,28.35,42.22,1008.90
5540,498.51,28.58,28.33,42.24,1008.90
5541,498.60,28.57,28.33,42.25,1008.89
5542,498.69,28.57,28.34,42.24,1008.89
5543,498.78,28.57,28.34,42.28,1008.89
5544,498.87,28.57,28.34,42.30,1008.89
5545,498.96,28.56,28.34,42.29,1008.89
5546,499.05,28.56,28.34,42.30,1008.88
5547,499.14,28.57,28.35,42.30,1008.88
5548,499.23,28.56,28.35,42.30,1008.89
5549,499.32,28.56,28.35,42.31,1008.89
5550,499.41,28.56,28.34,42.29,1008.89
5551,499.50,28.58,28.34,42.26,1008.89
5552,499.59,28.57,28.35,42.27,1008.89
5553,499.68,28.57,28.35,42.29,1008.89
5554,499.77,28.57,28.36,42.25,1008.89
5555,499.86,28.57,28.36,42.26,1008.89
5556,499.95,28.57,28.36,42.27,1008.89
5557,500.04,28.57,28.35,42.26,1008.89
5558,500.13,28.57,28.35,42.25,1008.89
5559,500.22,28.58,28.35,42.29,1008.89
5560,500.31,28.58,28.36,42.30,1008.89
5561,500.40,28.59,28.35,42.28,1008.89
5562,500.49,28.59,28.36,42.27,1008.89
5563,500.58,28.59,28.35,42.26,1008.89
5564,500.67,28.60,28.35,42.26,1008.89
5565,500.76,28.59,28.34,42.27,1008.90
5566,500.85,28.58,28.34,42.27,1008.90
5567,500.94,28.57,28.34,42.27,1008.90
5568,501.03,28.57,28.35,42.26,1008.90
5569,501.12,28.58,28.35,42.24,1008.90
5570,501.21,28.58,28.34,42.24,1008.90
5571,501.30,28.58,28.34,42.25,1008.91
5572,501.39,28.58,28.34,42.23,1008.91
5573,501.48,28.58,28.34,42.23,1008.91
5574,501.57,28.58,28.34,42.23,1008.91
5575,501.66,28.58,28.33,42.23,1008.91
5576,501.75,28.59,28.32,42.21,1008.91
5577,501.84,28.59,28.32,42.24,1008.91
5578,501.93,28.59,28.32,42.22,1008.91
5579,502.02,28.60,28.33,42.22,1008.91
5580,502.11,28.60,28.33,42.21,1008.90
5581,502.20,28.60,28.32,42.20,1008.90
5582,502.29,28.60,28.33,42.18,1008.90
5583,502.38,28.60,28.33,42.15,1008.90
5584,502.47,28.61,28.33,42.14,1008.90
5585,502.56,28.61,28.33,42.13,1008.90
5586,502.65,28.61,28.32,42.16,1008.90
5587,502.74,28.61,28.33,42.15,1008.90
5588,502.83,28.60,28.34,42.15,1008.90
5589,502.92,28.60,28.35,42.13,1008.90
5590,503.01,28.60,28.35,42.14,1008.90
5591,503.10,28.59,28.36,42.14,1008.90
5592,503.19,28.60,28.36,42.14,1008.90
5593,503.28,28.60,28.37,42.12,1008.90
5594,503.37,28.59,28.37,42.13,1008.90
5595,503.46,28.59,28.37,42.15,1008.90
5596,503.55,28.59,28.37,42.15,1008.90
5597,503.64,28.59,28.37,42.16,1008.90
5598,503.73,28.61,28.37,42.17,1008.90
5599,503.82,28.61,28.36,42.17,1008.90
5600,503.91,28.61,28.36,42.17,1008.90
5601,504.00,28.62,28.35,42.17,1008.90
5602,504.09,28.61,28.35,42.18,1008.90
5603,504.18,28.61,28.35,42.17,1008.90
5604,504.27,28.60,28.35,42.18,1008.90
5605,504.36,28.60,28.35,42.17,1008.91
5606,504.45,28.60,28.36,42.17,1008.91
5607,504.54,28.59,28.35,42.16,1008.91
5608,504.63,28.61,28.36,42.14,1008.91
5609,504.72,28.59,28.36,42.16,1008.92
5610,504.81,28.60,28.36,42.18,1008.92
5611,504.90,28.60,28.35,42.17,1008.92
5612,504.99,28.59,28.33,42.17,1008.92
5613,505.08,28.60,28.33,42.15,1008.93
5614,505.17,28.60,28.34,42.13,1008.93
5615,505.26,28.60,28.34,42.15,1008.93
5616,505.35,28.61,28.35,42.14,1008.93
5617,505.44,28.60,28.34,42.13,1008.93
5618,505.53,28.61,28.34,42.20,1008.94
5619,505.62,28.62,28.34,42.19,1008.94
5620,505.71,28.61,28.33,42.17,1008.94
5621,505.80,28.62,28.34,42.19,1008.94
5622,505.89,28.62,28.34,42.18,1008.94
5623,505.98,28.63,28.35,42.17,1008.94
5624,506.07,28.62,28.35,42.17,1008.95
5625,506.16,28.62,28.34,42.16,1008.95
5626,506.25,28.62,28.35,42.18,1008.95
5627,506.34,28.61,28.36,42.18,1008.96
5628,506.43,28.61,28.36,42.18,1008.95
5629,506.52,28.61,28.35,42.15,1008.95
5630,506.61,28.61,28.35,42.17,1008.95
5631,506.70,28.61,28.35,42.14,1008.95
5632,506.79,28.60,28.37,42.13,1008.95
5633,506.88,28.59,28.38,42.15,1008.94
5634,506.97,28.59,28.38,42.12,1008.94
5635,507.06,28.58,28.38,42.12,1008.94
5636,507.15,28.57,28.37,42.12,1008.94
5637,507.24,28.57,28.36,42.12,1008.94
5638,507.33,28.56,28.35,42.12,1008.94
5639,507.42,28.58,28.33,42.10,1008.93
5640,507.51,28.58,28.34,42.09,1008.93
5641,507.60,28.58,28.34,42.07,1008.93
5642,507.69,28.57,28.35,42.04,1008.93
5643,507.78,28.58,28.35,42.04,1008.92
5644,507.87,28.56,28.34,42.07,1008.93
5645,507.96,28.57,28.34,42.07,1008.92
5646,508.05,28.57,28.34,42.06,1008.92
5647,508.14,28.57,28.33,42.07,1008.92
5648,508.23,28.56,28.34,42.09,1008.92
5649,508.32,28.57,28.33,42.08,1008.92
5650,508.41,28.56,28.35,42.07,1008.92
5651,508.50,28.56,28.35,42.06,1008.92
5652,508.59,28.56,28.35,42.07,1008.91
5653,508.68,28.56,28.34,42.07,1008.91
5654,508.77,28.56,28.33,42.08,1008.91
5655,508.86,28.57,28.33,42.10,1008.91
5656,508.95,28.57,28.34,42.10,1008.91
5657,509.04,28.57,28.34,42.10,1008.91
5658,509.13,28.57,28.34,42.09,1008.91
5659,509.22,28.57,28.33,42.08,1008.92
5660,509.31,28.57,28.34,42.07,1008.92
5661,509.40,28.57,28.34,42.06,1008.92
5662,509.49,28.57,28.34,42.04,1008.92
5663,509.58,28.58,28.33,42.04,1008.92
5664,509.67,28.58,28.32,42.03,1008.92
5665,509.76,28.58,28.31,42.02,1008.93
5666,509.85,28.57,28.32,42.03,1008.93
5667,509.94,28.57,28.33,42.03,1008.93
5668,510.03,28.57,28.33,42.03,1008.93
5669,510.12,28.58,28.33,42.04,1008.93
5670,510.21,28.58,28.32,42.04,1008.93
5671,510.30,28.58,28.31,42.03,1008.94
5672,510.39,28.58,28.31,42.04,1008.93
5673,510.48,28.57,28.31,42.04,1008.93
5674,510.57,28.57,28.30,42.03,1008.94
5675,510.66,28.56,28.29,42.03,1008.94
5676,510.75,28.57,28.29,42.04,1008.94
5677,510.84,28.58,28.29,42.04,1008.94
5678,510.93,28.58,28.29,42.05,1008.94
5679,511.02,28.58,28.30,42.06,1008.94
5680,511.11,28.57,28.30,42.08,1008.94
5681,511.20,28.56,28.30,42.07,1008.94
5682,511.29,28.55,28.30,42.09,1008.94
5683,511.38,28.55,28.30,42.09,1008.94
5684,511.47,28.54,28.30,42.08,1008.94
5685,511.56,28.53,28.30,42.06,1008.93
5686,511.65,28.54,28.30,42.06,1008.93
5687,511.74,28.53,28.30,42.08,1008.94
5688,511.83,28.53,28.31,42.09,1008.93
5689,511.92,28.53,28.32,42.08,1008.93
5690,512.01,28.53,28.32,42.07,1008.92
5691,512.10,28.53,28.32,42.06,1008.92
5692,512.19,28.53,28.31,42.10,1008.92
5693,512.28,28.54,28.32,42.10,1008.92
5694,512.37,28.54,28.33,42.12,1008.91
5695,512.46,28.54,28.32,42.12,1008.91
5696,512.55,28.54,28.33,42.12,1008.91
5697,512.64,28.54,28.35,42.11,1008.91
5698,512.73,28.54,28.35,42.12,1008.90
5699,512.82,28.56,28.35,42.11,1008.91
5700,512.91,28.55,28.35,42.12,1008.90
5701,513.00,28.56,28.34,42.12,1008.90
5702,513.09,28.55,28.35,42.11,1008.90
5703,513.18,28.56,28.34,42.09,1008.90
5704,513.27,28.56,28.35,42.10,1008.90
5705,513.36,28.56,28.34,42.08,1008.89
5706,513.45,28.57,28.34,42.09,1008.89
5707,513.54,28.57,28.35,42.10,1008.89
5708,513.63,28.57,28.34,42.10,1008.89
5709,513.72,28.57,28.34,42.10,1008.89
5710,513.81,28.57,28.35,42.11,1008.89
5711,513.90,28.56,28.35,42.11,1008.89
5712,513.99,28.57,28.35,42.11,1008.89
5713,514.08,28.58,28.35,42.13,1008.89
5714,514.17,28.57,28.34,42.12,1008.89
5715,514.26,28.57,28.33,42.10,1008.89
5716,514.35,28.56,28.32,42.13,1008.89
5717,514.44,28.57,28.33,42.12,1008.89
5718,514.53,28.57,28.34,42.12,1008.89
5719,514.62,28.57,28.34,42.11,1008.89
5720,514.71,28.57,28.33,42.11,1008.89
5721,514.80,28.58,28.34,42.12,1008.89
5722,514.89,28.57,28.34,42.11,1008.89
5723,514.98,28.58,28.34,42.11,1008.90
5724,515.07,28.57,28.33,42.13,1008.90
5725,515.16,28.57,28.32,42.10,1008.90
5726,515.25,28.57,28.32,42.08,1008.90
5727,515.34,28.56,28.32,42.08,1008.90
5728,515.43,28.56,28.32,42.10,1008.90
5729,515.52,28.56,28.32,42.09,1008.90
5730,515.61,28.56,28.31,42.11,1008.90
5731,515.70,28.57,28.31,42.11,1008.90
5732,515.79,28.57,28.32,42.08,1008.90
5733,515.88,28.57,28.32,42.07,1008.91
5734,515.97,28.58,28.32,42.07,1008.90
5735,516.06,28.58,28.32,42.07,1008.90
5736,516.15,28.58,28.31,42.06,1008.90
5737,516.24,28.58,28.32,42.04,1008.91
5738,516.33,28.58,28.31,42.06,1008.91
5739,516.42,28.58,28.32,42.07,1008.90
5740,516.51,28.59,28.33,42.08,1008.90
5741,516.60,28.59,28.31,42.09,1008.90
5742,516.69,28.59,28.31,42.08,1008.90
5743,516.78,28.59,28.30,42.10,1008.91
5744,516.87,28.59,28.32,42.09,1008.90
5745,516.96,28.58,28.32,42.10,1008.90
5746,517.05,28.59,28.32,42.09,1008.90
5747,517.14,28.59,28.33,42.09,1008.90
5748,517.23,28.58,28.31,42.10,1008.90
5749,517.32,28.58,28.31,42.11,1008.89
5750,517.41,28.58,28.31,42.11,1008.89
5751,517.50,28.58,28.31,42.11,1008.89
5752,517.59,28.58,28.30,42.10,1008.89
5753,517.68,28.57,28.30,42.10,1008.89
5754,517.77,28.57,28.30,42.08,1008.89
5755,517.86,28.57,28.29,42.06,1008.89
5756,517.95,28.56,28.28,42.07,1008.89
5757,518.04,28.56,28.28,42.08,1008.89
5758,518.13,28.55,28.28,42.10,1008.89
5759,518.22,28.56,28.27,42.12,1008.89
5760,518.31,28.56,28.27,42.11,1008.89
5761,518.40,28.57,28.26,42.09,1008.90
5762,518.49,28.57,28.26,42.09,1008.90
5763,518.58,28.56,28.25,42.11,1008.90
5764,518.67,28.56,28.26,42.15,1008.90
5765,518.76,28.56,28.26,42.16,1008.90
5766,518.85,28.57,28.26,42.19,1008.90
5767,518.94,28.57,28.28,42.20,1008.90
5768,519.03,28.58,28.27,42.19,1008.90
5769,519.12,28.58,28.27,42.16,1008.90
5770,519.21,28.57,28.28,42.15,1008.90
5771,519.30,28.57,28.29,42.14,1008.90
5772,519.39,28.57,28.29,42.13,1008.91
5773,519.48,28.57,28.29,42.11,1008.90
5774,519.57,28.56,28.29,42.11,1008.90
5775,519.66,28.57,28.28,42.11,1008.90
5776,519.75,28.58,28.27,42.10,1008.90
5777,519.84,28.59,28.28,42.11,1008.90
5778,519.93,28.59,28.27,42.12,1008.90
5779,520.02,28.59,28.26,42.13,1008.90
5780,520.11,28.59,28.27,42.12,1008.90
5781,520.20,28.58,28.27,42.12,1008.90
5782,520.29,28.57,28.27,42.11,1008.90
5783,520.38,28.58,28.27,42.12,1008.90
5784,520.47,28.57,28.27,42.12,1008.90
5785,520.56,28.57,28.27,42.14,1008.90
5786,520.65,28.57,28.26,42.13,1008.90
5787,520.74,28.57,28.26,42.13,1008.90
5788,520.83,28.57,28.25,42.15,1008.90
5789,520.92,28.56,28.25,42.13,1008.90
5790,521.01,28.56,28.25,42.15,1008.89
5791,521.10,28.56,28.25,42.16,1008.89
5792,521.19,28.56,28.24,42.16,1008.89
5793,521.28,28.56,28.24,42.18,1008.89
5794,521.37,28.56,28.25,42.19,1008.89
5795,521.46,28.56,28.25,42.15,1008.89
5796,521.55,28.55,28.25,42.15,1008.89
5797,521.64,28.55,28.26,42.15,1008.89
5798,521.73,28.56,28.27,42.13,1008.89
5799,521.82,28.56,28.27,42.14,1008.89
5800,521.91,28.56,28.28,42.16,1008.89
5801,522.00,28.57,28.27,42.18,1008.89
5802,522.09,28.57,28.26,42.18,1008.89
5803,522.18,28.56,28.28,42.18,1008.89
5804,522.27,28.57,28.27,42.18,1008.90
5805,522.36,28.58,28.27,42.20,1008.90
5806,522.45,28.57,28.28,42.19,1008.90
5807,522.54,28.56,28.27,42.17,1008.90
5808,522.63,28.56,28.27,42.16,1008.90
5809,522.72,28.57,28.26,42.17,1008.90
5810,522.81,28.57,28.27,42.16,1008.91
5811,522.90,28.57,28.27,42.17,1008.91
5812,522.99,28.56,28.27,42.19,1008.91
5813,523.08,28.56,28.27,42.18,1008.91
5814,523.17,28.56,28.28,42.17,1008.91
5815,523.26,28.56,28.28,42.18,1008.91
5816,523.35,28.55,28.30,42.17,1008.92
5817,523.44,28.55,28.30,42.16,1008.92
5818,523.53,28.55,28.31,42.15,1008.92
5819,523.62,28.54,28.32,42.18,1008.92
5820,523.71,28.54,28.30,42.17,1008.92
5821,523.80,28.54,28.31,42.19,1008.92
5822,523.89,28.54,28.31,42.19,1008.92
5823,523.98,28.54,28.31,42.20,1008.93
5824,524.07,28.55,28.32,42.22,1008.93
5825,524.16,28.55,28.32,42.23,1008.93
5826,524.25,28.56,28.32,42.21,1008.93
5827,524.34,28.54,28.32,42.25,1008.93
5828,524.43,28.54,28.32,42.25,1008.93
5829,524.52,28.54,28.32,42.28,1008.93
5830,524.61,28.54,28.31,42.29,1008.93
5831,524.70,28.54,28.31,42.30,1008.93
5832,524.79,28.54,28.32,42.29,1008.93
5833,524.88,28.54,28.32,42.28,1008.93
5834,524.97,28.53,28.32,42.28,1008.93
5835,525.06,28.52,28.33,42.27,1008.93
5836,525.15,28.53,28.32,42.27,1008.93
5837,525.24,28.53,28.31,42.28,1008.93
5838,525.33,28.53,28.32,42.29,1008.93
5839,525.42,28.53,28.31,42.30,1008.93
5840,525.51,28.53,28.30,42.32,1008.93
5841,525.60,28.53,28.30,42.30,1008.92
5842,525.69,28.52,28.31,42.29,1008.92
5843,525.78,28.52,28.31,42.29,1008.92
5844,525.87,28.52,28.31,42.29,1008.92
5845,525.96,28.52,28.31,42.28,1008.92
5846,526.05,28.52,28.31,42.28,1008.91
5847,526.14,28.52,28.31,42.29,1008.91
5848,526.23,28.51,28.31,42.27,1008.91
5849,526.32,28.51,28.30,42.27,1008.91
5850,526.41,28.51,28.30,42.27,1008.91
5851,526.50,28.49,28.31,42.26,1008.91
5852,526.59,28.49,28.31,42.29,1008.91
5853,526.68,28.50,28.29,42.30,1008.91
5854,526.77,28.50,28.30,42.34,1008.91
5855,526.86,28.51,28.28,42.37,1008.91
5856,526.95,28.51,28.27,42.35,1008.91
5857,527.04,28.52,28.25,42.34,1008.91
5858,527.13,28.51,28.27,42.31,1008.91
5859,527.22,28.51,28.28,42.32,1008.91
5860,527.31,28.50,28.28,42.35,1008.92
5861,527.40,28.50,28.28,42.35,1008.92
5862,527.49,28.49,28.26,42.35,1008.92
5863,527.58,28.49,28.27,42.33,1008.92
5864,527.67,28.49,28.27,42.34,1008.92
5865,527.76,28.49,28.26,42.35,1008.92
5866,527.85,28.48,28.26,42.35,1008.92
5867,527.94,28.48,28.26,42.34,1008.92
5868,528.03,28.48,28.26,42.35,1008.92
5869,528.12,28.49,28.26,42.34,1008.93
5870,528.21,28.49,28.27,42.33,1008.93
5871,528.30,28.48,28.26,42.35,1008.93
5872,528.39,28.50,28.26,42.34,1008.93
5873,528.48,28.50,28.24,42.32,1008.93
5874,528.57,28.50,28.24,42.32,1008.94
5875,528.66,28.51,28.23,42.33,1008.94
5876,528.75,28.51,28.24,42.33,1008.94
5877,528.84,28.51,28.25,42.33,1008.94
5878,528.93,28.52,28.25,42.31,1008.94
5879,529.02,28.52,28.27,42.32,1008.94
5880,529.11,28.52,28.28,42.33,1008.94
5881,529.20,28.51,28.29,42.36,1008.94
5882,529.29,28.50,28.28,42.37,1008.94
5883,529.38,28.51,28.27,42.35,1008.94
5884,529.47,28.52,28.27,42.35,1008.94
5885,529.56,28.51,28.26,42.35,1008.94
5886,529.65,28.51,28.24,42.35,1008.94
5887,529.74,28.51,28.24,42.36,1008.94
5888,529.83,28.51,28.23,42.35,1008.94
5889,529.92,28.52,28.24,42.36,1008.94
5890,530.01,28.51,28.24,42.35,1008.94
5891,530.10,28.51,28.25,42.37,1008.93
5892,530.19,28.51,28.26,42.38,1008.93
5893,530.28,28.51,28.26,42.39,1008.93
5894,530.37,28.51,28.27,42.35,1008.93
5895,530.46,28.51,28.26,42.36,1008.92
5896,530.55,28.50,28.26,42.36,1008.93
5897,530.64,28.51,28.27,42.36,1008.93
5898,530.73,28.52,28.26,42.41,1008.92
5899,530.82,28.52,28.25,42.40,1008.92
5900,530.91,28.52,28.26,42.39,1008.91
5901,531.00,28.51,28.26,42.36,1008.91
5902,531.09,28.52,28.26,42.34,1008.91
5903,531.18,28.52,28.27,42.35,1008.91
5904,531.27,28.53,28.27,42.32,1008.91
5905,531.36,28.52,28.27,42.32,1008.91
5906,531.45,28.52,28.27,42.31,1008.90
5907,531.54,28.52,28.25,42.33,1008.91
5908,531.63,28.52,28.25,42.36,1008.91
5909,531.72,28.53,28.26,42.37,1008.91
5910,531.81,28.53,28.25,42.36,1008.91
5911,531.90,28.53,28.26,42.39,1008.91
5912,531.99,28.53,28.27,42.37,1008.91
5913,532.08,28.53,28.28,42.38,1008.90
5914,532.17,28.52,28.27,42.36,1008.90
5915,532.26,28.52,28.27,42.35,1008.91
5916,532.35,28.52,28.28,42.36,1008.91
5917,532.44,28.52,28.27,42.35,1008.91
5918,532.53,28.52,28.28,42.35,1008.91
5919,532.62,28.53,28.27,42.33,1008.91
5920,532.71,28.52,28.27,42.34,1008.91
5921,532.80,28.53,28.27,42.36,1008.91
5922,532.89,28.53,28.26,42.35,1008.91
5923,532.98,28.53,28.27,42.37,1008.91
5924,533.07,28.54,28.28,42.37,1008.91
5925,533.16,28.54,28.27,42.39,1008.92
5926,533.25,28.54,28.27,42.39,1008.92
5927,533.34,28.55,28.27,42.38,1008.92
5928,533.43,28.54,28.27,42.40,1008.92
5929,533.52,28.55,28.27,42.40,1008.92
5930,533.61,28.55,28.27,42.38,1008.92
5931,533.70,28.55,28.27,42.36,1008.92
5932,533.79,28.55,28.27,42.38,1008.92
5933,533.88,28.54,28.28,42.39,1008.92
5934,533.97,28.54,28.29,42.38,1008.92
5935,534.06,28.53,28.27,42.36,1008.92
5936,534.15,28.54,28.27,42.37,1008.92
5937,534.24,28.54,28.26,42.37,1008.92
5938,534.33,28.53,28.27,42.38,1008.92
5939,534.42,28.52,28.27,42.37,1008.92
5940,534.51,28.53,28.27,42.37,1008.92
5941,534.60,28.53,28.27,42.39,1008.92
5942,534.69,28.54,28.27,42.40,1008.91
5943,534.78,28.53,28.28,42.42,1008.91
5944,534.87,28.53,28.27,42.40,1008.91
5945,534.96,28.52,28.26,42.41,1008.91
5946,535.05,28.52,28.27,42.39,1008.91
5947,535.14,28.51,28.27,42.38,1008.91
5948,535.23,28.52,28.27,42.36,1008.91
5949,535.32,28.51,28.26,42.35,1008.91
5950,535.41,28.51,28.26,42.35,1008.91
5951,535.50,28.51,28.25,42.35,1008.91
5952,535.59,28.49,28.26,42.35,1008.91
5953,535.68,28.50,28.26,42.35,1008.91
5954,535.77,28.50,28.27,42.34,1008.91
5955,535.86,28.50,28.25,42.36,1008.90
5956,535.95,28.50,28.25,42.35,1008.90
5957,536.04,28.51,28.25,42.33,1008.90
5958,536.13,28.51,28.26,42.33,1008.90
5959,536.22,28.53,28.25,42.33,1008.90
5960,536.31,28.54,28.25,42.37,1008.90
5961,536.40,28.54,28.27,42.36,1008.89
5962,536.49,28.53,28.26,42.36,1008.89
5963,536.58,28.53,28.26,42.36,1008.89
5964,536.67,28.51,28.25,42.37,1008.89
5965,536.76,28.50,28.25,42.37,1008.89
5966,536.85,28.49,28.26,42.38,1008.89
5967,536.94,28.49,28.25,42.38,1008.90
5968,537.03,28.48,28.26,42.40,1008.90
5969,537.12,28.48,28.27,42.38,1008.90
5970,537.21,28.49,28.26,42.38,1008.90
5971,537.30,28.50,28.26,42.39,1008.90
5972,537.39,28.50,28.27,42.39,1008.90
5973,537.48,28.50,28.27,42.38,1008.89
5974,537.57,28.50,28.27,42.38,1008.89
5975,537.66,28.49,28.27,42.40,1008.90
5976,537.75,28.49,28.27,42.40,1008.90
5977,537.84,28.49,28.26,42.37,1008.89
5978,537.93,28.50,28.26,42.36,1008.90
5979,538.02,28.51,28.26,42.36,1008.90
5980,538.11,28.51,28.27,42.39,1008.90
5981,538.20,28.51,28.28,42.40,1008.89
5982,538.29,28.50,28.28,42.41,1008.89
5983,538.38,28.50,28.27,42.40,1008.89
5984,538.47,28.50,28.26,42.38,1008.89
5985,538.56,28.50,28.25,42.40,1008.89
5986,538.65,28.49,28.25,42.39,1008.89
5987,538.74,28.49,28.25,42.41,1008.89
5988,538.83,28.49,28.25,42.44,1008.89
5989,538.92,28.48,28.24,42.41,1008.90
5990,539.01,28.48,28.25,42.42,1008.90
5991,539.10,28.48,28.24,42.41,1008.90
5992,539.19,28.47,28.24,42.40,1008.90
5993,539.28,28.47,28.23,42.40,1008.89
5994,539.37,28.46,28.22,42.40,1008.90
5995,539.46,28.46,28.23,42.39,1008.90
5996,539.55,28.47,28.22,42.37,1008.90
5997,539.64,28.46,28.22,42.36,1008.90
5998,539.73,28.46,28.22,42.35,1008.89
5999,539.82,28.46,28.22,42.34,1008.89
6000,539.91,28.47,28.21,42.35,1008.89
6001,540.00,28.47,28.22,42.35,1008.83
6002,540.09,28.46,28.22,42.37,1008.87
6003,540.18,28.45,28.23,42.36,1008.89
6004,540.27,28.46,28.23,42.33,1008.89
6005,540.36,28.46,28.24,42.36,1008.89
6006,540.45,28.46,28.24,42.37,1008.89
6007,540.54,28.46,28.25,42.38,1008.89
6008,540.63,28.46,28.26,42.38,1008.89
6009,540.72,28.45,28.26,42.39,1008.89
6010,540.81,28.45,28.26,42.41,1008.89
6011,540.90,28.46,28.26,42.39,1008.89
6012,540.99,28.46,28.25,42.38,1008.90
6013,541.08,28.46,28.25,42.39,1008.90
6014,541.17,28.45,28.25,42.37,1008.90
6015,541.26,28.46,28.25,42.38,1008.90
6016,541.35,28.46,28.24,42.40,1008.91
6017,541.44,28.46,28.24,42.42,1008.91
6018,541.53,28.46,28.25,42.43,1008.91
6019,541.62,28.47,28.24,42.41,1008.91
6020,541.71,28.47,28.24,42.41,1008.91
6021,541.80,28.46,28.23,42.40,1008.91
6022,541.89,28.47,28.24,42.42,1008.92
6023,541.98,28.47,28.25,42.42,1008.92
6024,542.07,28.48,28.25,42.41,1008.91
6025,542.16,28.48,28.26,42.40,1008.91
6026,542.25,28.49,28.25,42.37,1008.92
6027,542.34,28.50,28.24,42.37,1008.92
6028,542.43,28.50,28.24,42.42,1008.92
6029,542.52,28.50,28.24,42.45,1008.93
6030,542.61,28.50,28.25,42.46,1008.92
6031,542.70,28.50,28.25,42.46,1008.92
6032,542.79,28.50,28.26,42.44,1008.93
6033,542.88,28.50,28.27,42.47,1008.92
6034,542.97,28.50,28.29,42.49,1008.92
6035,543.06,28.50,28.29,42.47,1008.92
6036,543.15,28.50,28.28,42.46,1008.92
6037,543.24,28.50,28.28,42.46,1008.91
6038,543.33,28.50,28.28,42.48,1008.91
6039,543.42,28.49,28.29,42.50,1008.91
6040,543.51,28.50,28.28,42.50,1008.91
6041,543.60,28.50,28.28,42.50,1008.91
6042,543.69,28.50,28.28,42.49,1008.91
6043,543.78,28.49,28.28,42.49,1008.91
6044,543.87,28.50,28.28,42.48,1008.91
6045,543.96,28.49,28.28,42.47,1008.91
6046,544.05,28.49,28.28,42.45,1008.91
6047,544.14,28.49,28.28,42.45,1008.91
6048,544.23,28.48,28.29,42.47,1008.91
6049,544.32,28.49,28.29,42.47,1008.91
6050,544.41,28.48,28.29,42.49,1008.91
6051,544.50,28.48,28.30,42.50,1008.90
6052,544.59,28.48,28.29,42.50,1008.91
6053,544.68,28.48,28.29,42.51,1008.91
6054,544.77,28.47,28.28,42.49,1008.91
6055,544.86,28.48,28.28,42.47,1008.91
6056,544.95,28.48,28.27,42.48,1008.91
6057,545.04,28.48,28.26,42.49,1008.91
6058,545.13,28.49,28.26,42.48,1008.91
6059,545.22,28.48,28.25,42.47,1008.91
6060,545.31,28.48,28.26,42.48,1008.91
6061,545.40,28.48,28.25,42.47,1008.91
6062,545.49,28.47,28.24,42.48,1008.91
6063,545.58,28.47,28.25,42.48,1008.92
6064,545.67,28.47,28.24,42.47,1008.92
6065,545.76,28.47,28.24,42.46,1008.92
6066,545.85,28.48,28.23,42.42,1008.92
6067,545.94,28.48,28.22,42.42,1008.93
6068,546.03,28.47,28.22,42.44,1008.93
6069,546.12,28.46,28.22,42.45,1008.93
6070,546.21,28.46,28.23,42.44,1008.93
6071,546.30,28.47,28.22,42.46,1008.94
6072,546.39,28.47,28.23,42.46,1008.94
6073,546.48,28.47,28.23,42.46,1008.94
6074,546.57,28.48,28.23,42.45,1008.94
6075,546.66,28.48,28.23,42.45,1008.94
6076,546.75,28.47,28.22,42.46,1008.95
6077,546.84,28.48,28.22,42.46,1008.95
6078,546.93,28.48,28.22,42.47,1008.95
6079,547.02,28.47,28.23,42.46,1008.95
6080,547.11,28.47,28.23,42.47,1008.95
6081,547.20,28.47,28.22,42.45,1008.96
6082,547.29,28.47,28.22,42.48,1008.96
6083,547.38,28.48,28.23,42.45,1008.95
6084,547.47,28.48,28.24,42.46,1008.95
6085,547.56,28.47,28.23,42.44,1008.95
6086,547.65,28.48,28.23,42.42,1008.95
6087,547.74,28.48,28.24,42.41,1008.95
6088,547.83,28.48,28.23,42.41,1008.94
6089,547.92,28.47,28.24,42.45,1008.94
6090,548.01,28.47,28.24,42.45,1008.94
6091,548.10,28.47,28.23,42.44,1008.94
6092,548.19,28.47,28.23,42.44,1008.94
6093,548.28,28.47,28.24,42.44,1008.94
6094,548.37,28.47,28.24,42.43,1008.94
6095,548.46,28.47,28.24,42.42,1008.94
6096,548.55,28.47,28.23,42.44,1008.94
6097,548.64,28.47,28.21,42.44,1008.93
6098,548.73,28.48,28.21,42.44,1008.93
6099,548.82,28.47,28.21,42.45,1008.93
6100,548.91,28.47,28.21,42.45,1008.93
6101,549.00,28.48,28.21,42.46,1008.93
6102,549.09,28.47,28.21,42.47,1008.92
6103,549.18,28.47,28.20,42.50,1008.92
6104,549.27,28.46,28.20,42.51,1008.92
6105,549.36,28.47,28.20,42.51,1008.92
6106,549.45,28.47,28.20,42.52,1008.92
6107,549.54,28.47,28.19,42.51,1008.91
6108,549.63,28.47,28.19,42.48,1008.91
6109,549.72,28.47,28.19,42.48,1008.91
6110,549.81,28.45,28.20,42.46,1008.91
6111,549.90,28.45,28.20,42.49,1008.91
6112,549.99,28.46,28.21,42.49,1008.91
6113,550.08,28.46,28.21,42.48,1008.91
6114,550.17,28.46,28.22,42.47,1008.91
6115,550.26,28.45,28.22,42.48,1008.92
6116,550.35,28.45,28.22,42.48,1008.92
6117,550.44,28.45,28.22,42.50,1008.92
6118,550.53,28.45,28.22,42.50,1008.92
6119,550.62,28.45,28.22,42.51,1008.92
6120,550.71,28.44,28.23,42.50,1008.92
6121,550.80,28.44,28.23,42.53,1008.92
6122,550.89,28.45,28.22,42.53,1008.92
6123,550.98,28.45,28.22,42.50,1008.92
6124,551.07,28.46,28.23,42.50,1008.92
6125,551.16,28.45,28.23,42.49,1008.92
6126,551.25,28.45,28.25,42.50,1008.93
6127,551.34,28.45,28.24,42.49,1008.93
6128,551.43,28.45,28.24,42.49,1008.93
6129,551.52,28.45,28.25,42.49,1008.93
6130,551.61,28.45,28.25,42.49,1008.93
6131,551.70,28.45,28.25,42.48,1008.93
6132,551.79,28.46,28.25,42.48,1008.94
6133,551.88,28.46,28.24,42.49,1008.94
6134,551.97,28.45,28.24,42.49,1008.94
6135,552.06,28.45,28.24,42.46,1008.94
6136,552.15,28.45,28.23,42.45,1008.94
6137,552.24,28.45,28.23,42.47,1008.95
6138,552.33,28.45,28.23,42.45,1008.95
6139,552.42,28.45,28.22,42.45,1008.95
6140,552.51,28.45,28.22,42.45,1008.94
6141,552.60,28.44,28.23,42.44,1008.94
6142,552.69,28.45,28.24,42.44,1008.94
6143,552.78,28.45,28.24,42.41,1008.93
6144,552.87,28.45,28.23,42.42,1008.93
6145,552.96,28.44,28.23,42.44,1008.93
6146,553.05,28.43,28.24,42.42,1008.93
6147,553.14,28.43,28.23,42.42,1008.93
6148,553.23,28.42,28.23,42.45,1008.92
6149,553.32,28.41,28.24,42.46,1008.92
6150,553.41,28.41,28.24,42.43,1008.92
6151,553.50,28.42,28.24,42.41,1008.91
6152,553.59,28.42,28.25,42.38,1008.91
6153,553.68,28.42,28.24,42.39,1008.91
6154,553.77,28.41,28.24,42.40,1008.91
6155,553.86,28.41,28.23,42.42,1008.91
6156,553.95,28.41,28.23,42.44,1008.90
6157,554.04,28.41,28.24,42.47,1008.90
6158,554.13,28.42,28.25,42.45,1008.90
6159,554.22,28.42,28.26,42.44,1008.90
6160,554.31,28.41,28.25,42.41,1008.90
6161,554.40,28.41,28.24,42.44,1008.90
6162,554.49,28.42,28.23,42.42,1008.90
6163,554.58,28.42,28.23,42.43,1008.90
6164,554.67,28.42,28.23,42.42,1008.90
6165,554.76,28.43,28.22,42.42,1008.90
6166,554.85,28.42,28.23,42.42,1008.90
6167,554.94,28.41,28.23,42.42,1008.90
6168,555.03,28.41,28.23,42.41,1008.90
6169,555.12,28.41,28.22,42.40,1008.90
6170,555.21,28.40,28.22,42.42,1008.90
6171,555.30,28.40,28.21,42.40,1008.90
6172,555.39,28.40,28.20,42.40,1008.90
6173,555.48,28.40,28.19,42.39,1008.91
6174,555.57,28.41,28.19,42.40,1008.91
6175,555.66,28.41,28.19,42.41,1008.91
6176,555.75,28.40,28.19,42.39,1008.91
6177,555.84,28.40,28.19,42.40,1008.91
6178,555.93,28.64,28.18,42.40,1008.91
6179,556.02,28.42,28.19,42.41,1008.91
6180,556.11,28.46,28.19,42.41,1008.91
6181,556.20,28.44,28.20,42.42,1008.91
6182,556.29,28.44,28.20,42.41,1008.91
6183,556.38,28.45,28.20,42.39,1008.91
6184,556.47,28.45,28.21,42.41,1008.91
6185,556.56,28.45,28.21,42.42,1008.91
6186,556.65,28.45,28.21,42.41,1008.91
6187,556.74,28.45,28.23,42.41,1008.90
6188,556.83,28.44,28.22,42.39,1008.91
6189,556.92,28.44,28.22,42.38,1008.91
6190,557.01,28.45,28.21,42.36,1008.91
6191,557.10,28.44,28.21,42.36,1008.91
6192,557.19,28.44,28.20,42.37,1008.91
6193,557.28,28.44,28.21,42.38,1008.90
6194,557.37,28.45,28.19,42.39,1008.90
6195,557.46,28.45,28.18,42.38,1008.90
6196,557.55,28.45,28.19,42.39,1008.90
6197,557.64,28.45,28.19,42.40,1008.90
6198,557.73,28.45,28.20,42.40,1008.90
6199,557.82,28.46,28.19,42.38,1008.90
6200,557.91,28.46,28.20,42.40,1008.89
6201,558.00,28.47,28.20,42.40,1008.89
6202,558.09,28.46,28.20,42.41,1008.89
6203,558.18,28.47,28.20,42.37,1008.89
6204,558.27,28.47,28.19,42.35,1008.89
6205,558.36,28.47,28.19,42.35,1008.89
6206,558.45,28.46,28.20,42.37,1008.90
6207,558.54,28.45,28.21,42.38,1008.89
6208,558.63,28.46,28.20,42.36,1008.89
6209,558.72,28.45,28.20,42.33,1008.89
6210,558.81,28.46,28.20,42.32,1008.89
6211,558.90,28.47,28.19,42.29,1008.89
6212,558.99,28.46,28.19,42.29,1008.89
6213,559.08,28.46,28.20,42.28,1008.89
6214,559.17,28.47,28.20,42.28,1008.89
6215,559.26,28.46,28.19,42.30,1008.89
6216,559.35,28.46,28.20,42.31,1008.89
6217,559.44,28.48,28.21,42.30,1008.89
6218,559.53,28.48,28.21,42.29,1008.89
6219,559.62,28.47,28.21,42.29,1008.89
6220,559.71,28.47,28.20,42.30,1008.89
6221,559.80,28.47,28.20,42.29,1008.89
6222,559.89,28.46,28.19,42.29,1008.89
6223,559.98,28.48,28.18,42.29,1008.89
6224,560.07,28.47,28.19,42.30,1008.89
6225,560.16,28.47,28.20,42.31,1008.89
6226,560.25,28.47,28.20,42.30,1008.89
6227,560.34,28.46,28.19,42.31,1008.89
6228,560.43,28.46,28.19,42.33,1008.89
6229,560.52,28.46,28.20,42.33,1008.90
6230,560.61,28.45,28.20,42.32,1008.90
6231,560.70,28.46,28.22,42.32,1008.90
6232,560.79,28.46,28.23,42.32,1008.90
6233,560.88,28.47,28.24,42.30,1008.90
6234,560.97,28.47,28.25,42.28,1008.90
6235,561.06,28.46,28.25,42.27,1008.89
6236,561.15,28.46,28.25,42.27,1008.90
6237,561.24,28.46,28.25,42.28,1008.90
6238,561.33,28.45,28.24,42.27,1008.90
6239,561.42,28.45,28.25,42.25,1008.90
6240,561.51,28.45,28.25,42.27,1008.90
6241,561.60,28.45,28.24,42.27,1008.90
6242,561.69,28.45,28.24,42.26,1008.90
6243,561.78,28.45,28.24,42.25,1008.89
6244,561.87,28.44,28.24,42.24,1008.90
6245,561.96,28.45,28.23,42.22,1008.90
6246,562.05,28.44,28.24,42.24,1008.90
6247,562.14,28.44,28.25,42.28,1008.90
6248,562.23,28.44,28.24,42.28,1008.89
6249,562.32,28.44,28.24,42.29,1008.89
6250,562.41,28.45,28.24,42.30,1008.89
6251,562.50,28.45,28.25,42.32,1008.89
6252,562.59,28.45,28.26,42.32,1008.89
6253,562.68,28.44,28.26,42.29,1008.89
6254,562.77,28.45,28.26,42.27,1008.89
6255,562.86,28.45,28.25,42.28,1008.89
6256,562.95,28.44,28.26,42.27,1008.89
6257,563.04,28.44,28.24,42.26,1008.89
6258,563.13,28.44,28.23,42.26,1008.89
6259,563.22,28.43,28.23,42.26,1008.89
6260,563.31,28.44,28.23,42.26,1008.90
6261,563.40,28.44,28.24,42.29,1008.90
6262,563.49,28.44,28.24,42.29,1008.90
6263,563.58,28.44,28.23,42.28,1008.90
6264,563.67,28.44,28.23,42.27,1008.90
6265,563.76,28.43,28.23,42.27,1008.91
6266,563.85,28.44,28.23,42.26,1008.91
6267,563.94,28.45,28.22,42.27,1008.91
6268,564.03,28.45,28.22,42.25,1008.91
6269,564.12,28.45,28.22,42.22,1008.92
6270,564.21,28.44,28.21,42.21,1008.92
6271,564.30,28.46,28.21,42.22,1008.92
6272,564.39,28.46,28.21,42.23,1008.92
6273,564.48,28.45,28.22,42.26,1008.92
6274,564.57,28.44,28.21,42.27,1008.92
6275,564.66,28.44,28.22,42.27,1008.92
6276,564.75,28.43,28.21,42.28,1008.92
6277,564.84,28.41,28.21,42.27,1008.93
6278,564.93,28.41,28.21,42.29,1008.93
6279,565.02,28.42,28.21,42.29,1008.93
6280,565.11,28.42,28.20,42.30,1008.93
6281,565.20,28.42,28.21,42.29,1008.93
6282,565.29,28.42,28.19,42.26,1008.93
6283,565.38,28.42,28.20,42.28,1008.93
6284,565.47,28.43,28.20,42.26,1008.93
6285,565.56,28.42,28.20,42.25,1008.93
6286,565.65,28.42,28.20,42.23,1008.93
6287,565.74,28.42,28.19,42.18,1008.93
6288,565.83,28.42,28.18,42.19,1008.94
6289,565.92,28.42,28.17,42.21,1008.94
6290,566.01,28.43,28.17,42.23,1008.94
6291,566.10,28.42,28.17,42.23,1008.94
6292,566.19,28.42,28.18,42.23,1008.93
6293,566.28,28.41,28.17,42.26,1008.93
6294,566.37,28.40,28.17,42.25,1008.93
6295,566.46,28.40,28.17,42.26,1008.93
6296,566.55,28.41,28.17,42.25,1008.93
6297,566.64,28.41,28.18,42.26,1008.92
6298,566.73,28.41,28.18,42.25,1008.92
6299,566.82,28.41,28.17,42.24,1008.93
6300,566.91,28.41,28.18,42.23,1008.92
6301,567.00,28.42,28.18,42.23,1008.92
6302,567.09,28.43,28.18,42.21,1008.92
6303,567.18,28.42,28.18,42.20,1008.92
6304,567.27,28.43,28.19,42.22,1008.92
6305,567.36,28.44,28.19,42.23,1008.91
6306,567.45,28.44,28.20,42.25,1008.91
6307,567.54,28.43,28.20,42.26,1008.91
6308,567.63,28.43,28.20,42.24,1008.91
6309,567.72,28.44,28.21,42.23,1008.91
6310,567.81,28.44,28.20,42.24,1008.91
6311,567.90,28.44,28.20,42.25,1008.91
6312,567.99,28.43,28.21,42.25,1008.91
6313,568.08,28.43,28.21,42.28,1008.91
6314,568.17,28.43,28.20,42.24,1008.91
6315,568.26,28.42,28.19,42.23,1008.92
6316,568.35,28.42,28.17,42.20,1008.92
6317,568.44,28.43,28.16,42.19,1008.92
6318,568.53,28.42,28.17,42.21,1008.92
6319,568.62,28.42,28.16,42.23,1008.92
6320,568.71,28.42,28.15,42.25,1008.92
6321,568.80,28.42,28.15,42.25,1008.93
6322,568.89,28.43,28.15,42.22,1008.93
6323,568.98,28.44,28.15,42.21,1008.93
6324,569.07,28.43,28.17,42.19,1008.94
6325,569.16,28.43,28.17,42.17,1008.94
6326,569.25,28.43,28.16,42.16,1008.94
6327,569.34,28.44,28.17,42.16,1008.93
6328,569.43,28.43,28.17,42.15,1008.93
6329,569.52,28.42,28.17,42.14,1008.93
6330,569.61,28.42,28.17,42.11,1008.93
6331,569.70,28.42,28.17,42.11,1008.94
6332,569.79,28.42,28.18,42.12,1008.94
6333,569.88,28.42,28.18,42.13,1008.94
6334,569.97,28.42,28.20,42.11,1008.94
6335,570.06,28.43,28.19,42.11,1008.94
6336,570.15,28.43,28.19,42.09,1008.94
6337,570.24,28.44,28.19,42.11,1008.94
6338,570.33,28.44,28.18,42.09,1008.94
6339,570.42,28.44,28.19,42.09,1008.94
6340,570.51,28.43,28.19,42.08,1008.94
6341,570.60,28.43,28.19,42.05,1008.94
6342,570.69,28.44,28.19,42.06,1008.94
6343,570.78,28.44,28.19,42.05,1008.94
6344,570.87,28.43,28.21,42.02,1008.94
6345,570.96,28.44,28.21,42.01,1008.94
6346,571.05,28.44,28.21,41.99,1008.94
6347,571.14,28.44,28.20,41.97,1008.94
6348,571.23,28.44,28.20,41.97,1008.94
6349,571.32,28.44,28.20,41.95,1008.94
6350,571.41,28.43,28.20,41.96,1008.93
6351,571.50,28.43,28.18,41.95,1008.93
6352,571.59,28.42,28.19,41.96,1008.93
6353,571.68,28.43,28.18,41.96,1008.93
6354,571.77,28.43,28.18,41.99,1008.92
6355,571.86,28.43,28.18,41.98,1008.92
6356,571.95,28.43,28.18,41.99,1008.92
6357,572.04,28.43,28.19,41.98,1008.92
6358,572.13,28.44,28.18,42.02,1008.91
6359,572.22,28.44,28.18,42.01,1008.91
6360,572.31,28.44,28.17,42.03,1008.91
6361,572.40,28.45,28.17,42.03,1008.91
6362,572.49,28.45,28.17,42.01,1008.90
6363,572.58,28.44,28.18,42.03,1008.91
6364,572.67,28.45,28.17,42.05,1008.91
6365,572.76,28.45,28.18,42.06,1008.91
6366,572.85,28.45,28.18,42.08,1008.91
6367,572.94,28.44,28.19,42.11,1008.91
6368,573.03,28.43,28.19,42.10,1008.91
6369,573.12,28.43,28.19,42.11,1008.91
6370,573.21,28.44,28.17,42.11,1008.91
6371,573.30,28.44,28.17,42.12,1008.91
6372,573.39,28.44,28.19,42.11,1008.91
6373,573.48,28.44,28.19,42.15,1008.91
6374,573.57,28.43,28.18,42.14,1008.92
6375,573.66,28.43,28.20,42.12,1008.91
6376,573.75,28.43,28.21,42.14,1008.91
6377,573.84,28.43,28.20,42.13,1008.92
6378,573.93,28.43,28.20,42.14,1008.91
6379,574.02,28.42,28.21,42.14,1008.91
6380,574.11,28.42,28.23,42.12,1008.92
6381,574.20,28.42,28.22,42.11,1008.92
6382,574.29,28.42,28.24,42.11,1008.92
6383,574.38,28.42,28.25,42.10,1008.92
6384,574.47,28.43,28.27,42.11,1008.92
6385,574.56,28.42,28.29,42.09,1008.92
6386,574.65,28.41,28.29,42.09,1008.92
6387,574.74,28.40,28.30,42.12,1008.92
6388,574.83,28.41,28.30,42.12,1008.92
6389,574.92,28.41,28.30,42.12,1008.92
6390,575.01,28.41,28.29,42.10,1008.92
6391,575.10,28.40,28.27,42.13,1008.91
6392,575.19,28.41,28.27,42.12,1008.92
6393,575.28,28.41,28.25,42.12,1008.91
6394,575.37,28.41,28.24,42.13,1008.91
6395,575.46,28.42,28.23,42.14,1008.90
6396,575.55,28.41,28.23,42.13,1008.90
6397,575.64,28.41,28.21,42.15,1008.90
6398,575.73,28.41,28.21,42.14,1008.90
6399,575.82,28.41,28.21,42.14,1008.90
6400,575.91,28.42,28.21,42.16,1008.90
6401,576.00,28.41,28.20,42.13,1008.90
6402,576.09,28.40,28.19,42.14,1008.90
6403,576.18,28.40,28.18,42.12,1008.90
6404,576.27,28.41,28.17,42.13,1008.90
6405,576.36,28.41,28.18,42.15,1008.90
6406,576.45,28.41,28.18,42.17,1008.89
6407,576.54,28.42,28.18,42.17,1008.90
6408,576.63,28.41,28.17,42.19,1008.90
6409,576.72,28.41,28.17,42.18,1008.89
6410,576.81,28.42,28.17,42.18,1008.89
6411,576.90,28.41,28.17,42.16,1008.89
6412,576.99,28.42,28.16,42.15,1008.89
6413,577.08,28.41,28.16,42.13,1008.89
6414,577.17,28.41,28.16,42.10,1008.90
6415,577.26,28.40,28.16,42.11,1008.90
6416,577.35,28.40,28.16,42.12,1008.90
6417,577.44,28.40,28.17,42.11,1008.90
6418,577.53,28.40,28.18,42.13,1008.90
6419,577.62,28.40,28.18,42.17,1008.90
6420,577.71,28.39,28.19,42.18,1008.89
6421,577.80,28.39,28.19,42.16,1008.89
6422,577.89,28.39,28.19,42.14,1008.89
6423,577.98,28.38,28.20,42.15,1008.90
6424,578.07,28.38,28.19,42.14,1008.90
6425,578.16,28.38,28.18,42.13,1008.90
6426,578.25,28.38,28.18,42.11,1008.90
6427,578.34,28.38,28.19,42.11,1008.90
6428,578.43,28.37,28.19,42.12,1008.90
6429,578.52,28.36,28.19,42.12,1008.90
6430,578.61,28.36,28.19,42.12,1008.90
6431,578.70,28.36,28.20,42.13,1008.90
6432,578.79,28.35,28.19,42.13,1008.90
6433,578.88,28.36,28.19,42.13,1008.90
6434,578.97,28.36,28.21,42.13,1008.90
6435,579.06,28.36,28.20,42.13,1008.90
6436,579.15,28.35,28.20,42.14,1008.90
6437,579.24,28.36,28.20,42.12,1008.90
6438,579.33,28.35,28.18,42.12,1008.90
6439,579.42,28.35,28.17,42.11,1008.90
6440,579.51,28.35,28.18,42.13,1008.90
6441,579.60,28.35,28.18,42.16,1008.89
6442,579.69,28.36,28.17,42.18,1008.89
6443,579.78,28.36,28.16,42.16,1008.89
6444,579.87,28.35,28.16,42.17,1008.89
6445,579.96,28.34,28.16,42.15,1008.89
6446,580.05,28.34,28.16,42.16,1008.89
6447,580.14,28.35,28.16,42.16,1008.88
6448,580.23,28.35,28.16,42.15,1008.88
6449,580.32,28.35,28.15,42.17,1008.88
6450,580.41,28.35,28.16,42.13,1008.88
6451,580.50,28.35,28.15,42.15,1008.88
6452,580.59,28.35,28.16,42.12,1008.88
6453,580.68,28.35,28.15,42.13,1008.88
6454,580.77,28.35,28.15,42.10,1008.88
6455,580.86,28.35,28.15,42.11,1008.89
6456,580.95,28.36,28.13,42.12,1008.89
6457,581.04,28.35,28.13,42.10,1008.89
6458,581.13,28.36,28.14,42.11,1008.89
6459,581.22,28.37,28.13,42.10,1008.89
6460,581.31,28.37,28.14,42.07,1008.89
6461,581.40,28.37,28.17,42.09,1008.89
6462,581.49,28.38,28.17,42.11,1008.89
6463,581.58,28.38,28.17,42.13,1008.89
6464,581.67,28.39,28.17,42.15,1008.89
6465,581.76,28.39,28.16,42.13,1008.89
6466,581.85,28.39,28.16,42.16,1008.90
6467,581.94,28.38,28.16,42.16,1008.90
6468,582.03,28.38,28.17,42.15,1008.90
6469,582.12,28.38,28.18,42.15,1008.90
6470,582.21,28.38,28.18,42.17,1008.90
6471,582.30,28.38,28.19,42.16,1008.91
6472,582.39,28.38,28.19,42.16,1008.91
6473,582.48,28.37,28.20,42.18,1008.91
6474,582.57,28.37,28.21,42.17,1008.91
6475,582.66,28.37,28.21,42.18,1008.91
6476,582.75,28.37,28.21,42.17,1008.92
6477,582.84,28.36,28.21,42.18,1008.92
6478,582.93,28.36,28.22,42.20,1008.92
6479,583.02,28.37,28.21,42.18,1008.92
6480,583.11,28.36,28.20,42.18,1008.93
6481,583.20,28.37,28.20,42.19,1008.93
6482,583.29,28.37,28.20,42.18,1008.93
6483,583.38,28.38,28.20,42.19,1008.93
6484,583.47,28.39,28.21,42.19,1008.93
6485,583.56,28.38,28.22,42.18,1008.92
6486,583.65,28.39,28.22,42.17,1008.92
6487,583.74,28.38,28.22,42.16,1008.92
6488,583.83,28.39,28.21,42.17,1008.93
6489,583.92,28.38,28.20,42.15,1008.93
6490,584.01,28.38,28.18,42.19,1008.93
6491,584.10,28.38,28.19,42.21,1008.92
6492,584.19,28.38,28.19,42.20,1008.92
6493,584.28,28.39,28.19,42.19,1008.92
6494,584.37,28.38,28.18,42.19,1008.92
6495,584.46,28.39,28.17,42.19,1008.92
6496,584.55,28.39,28.18,42.19,1008.92
6497,584.64,28.39,28.16,42.20,1008.91
6498,584.73,28.40,28.16,42.20,1008.91
6499,584.82,28.40,28.18,42.23,1008.91
6500,584.91,28.39,28.18,42.22,1008.91
6501,585.00,28.39,28.17,42.20,1008.91
6502,585.09,28.38,28.17,42.23,1008.91
6503,585.18,28.38,28.16,42.21,1008.90
6504,585.27,28.38,28.17,42.19,1008.90
6505,585.36,28.38,28.17,42.20,1008.90
6506,585.45,28.38,28.17,42.22,1008.90
6507,585.54,28.37,28.17,42.21,1008.90
6508,585.63,28.37,28.17,42.21,1008.90
6509,585.72,28.38,28.16,42.20,1008.90
6510,585.81,28.39,28.16,42.21,1008.90
6511,585.90,28.39,28.16,42.22,1008.90
6512,585.99,28.39,28.17,42.22,1008.90
6513,586.08,28.39,28.17,42.22,1008.90
6514,586.17,28.39,28.17,42.24,1008.90
6515,586.26,28.39,28.15,42.24,1008.91
6516,586.35,28.38,28.16,42.24,1008.91
6517,586.44,28.37,28.17,42.24,1008.91
6518,586.53,28.37,28.15,42.25,1008.91
6519,586.62,28.37,28.16,42.24,1008.91
6520,586.71,28.38,28.16,42.26,1008.91
6521,586.80,28.37,28.15,42.23,1008.91
6522,586.89,28.37,28.13,42.24,1008.91
6523,586.98,28.37,28.14,42.23,1008.91
6524,587.07,28.37,28.15,42.18,1008.92
6525,587.16,28.37,28.16,42.17,1008.92
6526,587.25,28.38,28.15,42.17,1008.92
6527,587.34,28.39,28.14,42.19,1008.93
6528,587.43,28.38,28.14,42.20,1008.93
6529,587.52,28.37,28.14,42.19,1008.93
6530,587.61,28.37,28.14,42.22,1008.94
6531,587.70,28.38,28.14,42.21,1008.94
6532,587.79,28.37,28.13,42.21,1008.94
6533,587.88,28.37,28.15,42.19,1008.94
6534,587.97,28.37,28.15,42.21,1008.94
6535,588.06,28.38,28.17,42.24,1008.95
6536,588.15,28.38,28.17,42.25,1008.95
6537,588.24,28.38,28.17,42.26,1008.95
6538,588.33,28.37,28.17,42.27,1008.95
6539,588.42,28.38,28.17,42.29,1008.95
6540,588.51,28.38,28.17,42.27,1008.95
6541,588.60,28.37,28.16,42.24,1008.95
6542,588.69,28.37,28.16,42.25,1008.95
6543,588.78,28.37,28.16,42.24,1008.95
6544,588.87,28.37,28.15,42.25,1008.95
6545,588.96,28.37,28.15,42.26,1008.95
6546,589.05,28.38,28.16,42.25,1008.95
6547,589.14,28.37,28.16,42.24,1008.94
6548,589.23,28.38,28.17,42.26,1008.94
6549,589.32,28.38,28.18,42.27,1008.94
6550,589.41,28.37,28.17,42.26,1008.94
6551,589.50,28.36,28.18,42.25,1008.94
6552,589.59,28.37,28.18,42.26,1008.93
6553,589.68,28.37,28.20,42.29,1008.93
6554,589.77,28.37,28.19,42.30,1008.93
6555,589.86,28.37,28.18,42.32,1008.93
6556,589.95,28.38,28.19,42.31,1008.93
6557,590.04,28.39,28.17,42.28,1008.93
6558,590.13,28.38,28.17,42.26,1008.93
6559,590.22,28.39,28.16,42.24,1008.92
6560,590.31,28.38,28.16,42.26,1008.92
6561,590.40,28.38,28.16,42.30,1008.92
6562,590.49,28.37,28.15,42.29,1008.91
6563,590.58,28.37,28.15,42.30,1008.92
6564,590.67,28.36,28.15,42.30,1008.92
6565,590.76,28.35,28.16,42.28,1008.92
6566,590.85,28.35,28.16,42.29,1008.92
6567,590.94,28.36,28.15,42.31,1008.92
6568,591.03,28.37,28.14,42.31,1008.92
6569,591.12,28.38,28.15,42.32,1008.92
6570,591.21,28.37,28.16,42.35,1008.92
6571,591.30,28.37,28.16,42.36,1008.92
6572,591.39,28.36,28.16,42.32,1008.92
6573,591.48,28.36,28.16,42.33,1008.92
6574,591.57,28.35,28.17,42.34,1008.92
6575,591.66,28.35,28.16,42.35,1008.92
6576,591.75,28.34,28.17,42.34,1008.92
6577,591.84,28.33,28.17,42.33,1008.92
6578,591.93,28.34,28.17,42.32,1008.92
6579,592.02,28.33,28.17,42.32,1008.92
6580,592.11,28.33,28.17,42.32,1008.92
6581,592.20,28.34,28.17,42.34,1008.92
6582,592.29,28.33,28.17,42.35,1008.93
6583,592.38,28.33,28.17,42.36,1008.93
6584,592.47,28.33,28.17,42.36,1008.92
6585,592.56,28.33,28.17,42.37,1008.92
6586,592.65,28.34,28.16,42.37,1008.92
6587,592.74,28.34,28.15,42.36,1008.93
6588,592.83,28.34,28.16,42.38,1008.92
6589,592.92,28.34,28.16,42.38,1008.93
6590,593.01,28.34,28.16,42.37,1008.93
6591,593.10,28.34,28.16,42.39,1008.93
6592,593.19,28.35,28.15,42.42,1008.93
6593,593.28,28.35,28.15,42.40,1008.93
6594,593.37,28.34,28.14,42.39,1008.93
6595,593.46,28.34,28.14,42.39,1008.93
6596,593.55,28.34,28.14,42.40,1008.93
6597,593.64,28.34,28.14,42.38,1008.93
6598,593.73,28.34,28.15,42.39,1008.93
6599,593.82,28.33,28.14,42.41,1008.93
6600,593.91,28.34,28.14,42.41,1008.92
6601,594.00,28.34,28.15,42.40,1008.92
6602,594.09,28.35,28.14,42.41,1008.92
6603,594.18,28.35,28.13,42.42,1008.92
6604,594.27,28.35,28.13,42.43,1008.92
6605,594.36,28.35,28.12,42.44,1008.91
6606,594.45,28.35,28.13,42.42,1008.91
6607,594.54,28.35,28.13,42.43,1008.91
6608,594.63,28.36,28.12,42.42,1008.91
6609,594.72,28.36,28.13,42.41,1008.91
6610,594.81,28.36,28.12,42.39,1008.91
6611,594.90,28.37,28.12,42.41,1008.91
6612,594.99,28.36,28.13,42.42,1008.91
6613,595.08,28.36,28.14,42.42,1008.91
6614,595.17,28.36,28.14,42.40,1008.91
6615,595.26,28.35,28.14,42.39,1008.91
6616,595.35,28.35,28.13,42.39,1008.91
6617,595.44,28.34,28.14,42.36,1008.90
6618,595.53,28.35,28.14,42.39,1008.90
6619,595.62,28.34,28.13,42.39,1008.90
6620,595.71,28.34,28.12,42.40,1008.90
6621,595.80,28.34,28.12,42.38,1008.90
6622,595.89,28.33,28.12,42.36,1008.90
6623,595.98,28.32,28.12,42.36,1008.90
6624,596.07,28.33,28.12,42.37,1008.90
6625,596.16,28.32,28.13,42.37,1008.90
6626,596.25,28.32,28.11,42.36,1008.90
6627,596.34,28.32,28.11,42.35,1008.90
6628,596.43,28.33,28.11,42.37,1008.90
6629,596.52,28.34,28.11,42.35,1008.90
6630,596.61,28.34,28.11,42.37,1008.90
6631,596.70,28.34,28.11,42.38,1008.90
6632,596.79,28.36,28.11,42.37,1008.90
6633,596.88,28.35,28.11,42.37,1008.90
6634,596.97,28.36,28.12,42.35,1008.90
6635,597.06,28.35,28.12,42.36,1008.90
6636,597.15,28.34,28.13,42.38,1008.90
6637,597.24,28.34,28.11,42.37,1008.90
6638,597.33,28.34,28.12,42.35,1008.90
6639,597.42,28.34,28.12,42.34,1008.89
6640,597.51,28.34,28.11,42.35,1008.89
6641,597.60,28.34,28.13,42.36,1008.90
6642,597.69,28.35,28.13,42.36,1008.89
6643,597.78,28.35,28.13,42.36,1008.90
6644,597.87,28.34,28.13,42.33,1008.90
6645,597.96,28.33,28.13,42.33,1008.89
6646,598.05,28.34,28.14,42.31,1008.89
6647,598.14,28.35,28.14,42.34,1008.89
6648,598.23,28.33,28.14,42.35,1008.89
6649,598.32,28.33,28.15,42.38,1008.89
6650,598.41,28.34,28.15,42.39,1008.89
6651,598.50,28.35,28.16,42.38,1008.89
6652,598.59,28.35,28.15,42.38,1008.88
6653,598.68,28.35,28.17,42.41,1008.88
6654,598.77,28.37,28.16,42.41,1008.89
6655,598.86,28.36,28.16,42.42,1008.89
6656,598.95,28.36,28.15,42.40,1008.89
6657,599.04,28.37,28.16,42.42,1008.89
6658,599.13,28.36,28.17,42.44,1008.89
6659,599.22,28.36,28.16,42.44,1008.89
6660,599.31,28.36,28.16,42.42,1008.89
6661,599.40,28.37,28.17,42.39,1008.89
6662,599.49,28.37,28.16,42.40,1008.88
6663,599.58,28.37,28.17,42.42,1008.88
6664,599.67,28.37,28.17,42.41,1008.88
6665,599.76,28.37,28.16,42.41,1008.89
6666,599.85,28.37,28.16,42.40,1008.89
6667,599.94,28.37,28.17,42.39,1008.89
