Index,Relative Time (s),PT100 (degC),BME280 T (degC),Humidity (%),Pressure (hPa)
1,0.00,45.00,43.09,41.54,1008.27
2,0.09,44.98,43.14,41.54,1008.26
3,0.18,44.95,43.14,41.54,1008.26
4,0.27,44.92,43.13,41.55,1008.25
5,0.36,44.90,43.11,41.55,1008.25
6,0.45,44.90,43.09,41.58,1008.24
7,0.54,44.86,43.06,41.57,1008.25
8,0.63,44.84,43.05,41.57,1008.28
9,0.72,44.82,43.03,41.58,1008.29
10,0.81,44.79,43.02,41.58,1008.29
11,0.90,44.76,43.00,41.58,1008.30
12,0.99,44.74,42.99,41.58,1008.31
13,1.08,44.71,42.95,41.57,1008.32
14,1.17,44.67,42.91,41.57,1008.33
15,1.26,44.65,42.88,41.60,1008.34
16,1.35,44.63,42.84,41.61,1008.34
17,1.44,44.61,42.81,41.62,1008.35
18,1.53,44.55,42.80,41.63,1008.36
19,1.62,44.54,42.78,41.63,1008.36
20,1.71,44.52,42.76,41.62,1008.38
21,1.80,44.49,42.72,41.63,1008.39
22,1.89,44.46,42.72,41.64,1008.40
23,1.98,44.45,42.69,41.65,1008.40
24,2.07,44.43,42.66,41.65,1008.40
25,2.16,44.41,42.64,41.64,1008.39
26,2.25,44.41,42.63,41.63,1008.39
27,2.34,44.40,42.61,41.65,1008.40
28,2.43,44.37,42.57,41.63,1008.38
29,2.52,44.34,42.56,41.63,1008.38
30,2.61,44.32,42.54,41.63,1008.38
31,2.70,44.30,42.53,41.62,1008.37
32,2.79,44.29,42.49,41.60,1008.38
33,2.88,44.28,42.48,41.60,1008.40
34,2.97,44.26,42.46,41.59,1008.39
35,3.06,44.24,42.45,41.56,1008.39
36,3.15,44.20,42.43,41.55,1008.40
37,3.24,44.20,42.41,41.52,1008.38
38,3.33,44.17,42.38,41.53,1008.37
39,3.42,44.15,42.35,41.52,1008.37
40,3.51,44.12,42.33,41.51,1008.36
41,3.60,44.11,42.30,41.51,1008.37
42,3.69,44.10,42.28,41.50,1008.36
43,3.78,44.07,42.25,41.48,1008.34
44,3.87,44.05,42.20,41.47,1008.34
45,3.96,44.05,42.17,41.47,1008.34
46,4.05,44.04,42.18,41.49,1008.32
47,4.14,44.01,42.16,41.48,1008.32
48,4.23,43.99,42.11,41.48,1008.32
49,4.32,43.96,42.08,41.48,1008.32
50,4.41,43.93,42.05,41.49,1008.32
51,4.50,43.91,42.02,41.49,1008.30
52,4.59,43.90,41.99,41.48,1008.29
53,4.68,43.89,41.97,41.49,1008.30
54,4.77,43.87,41.97,41.45,1008.28
55,4.86,43.87,41.95,41.42,1008.29
56,4.95,43.86,41.93,41.43,1008.28
57,5.04,43.83,41.92,41.43,1008.26
58,5.13,43.82,41.92,41.44,1008.26
59,5.22,43.82,41.91,41.44,1008.27
60,5.31,43.81,41.90,41.45,1008.26
61,5.40,43.80,41.88,41.47,1008.27
62,5.49,43.79,41.85,41.48,1008.27
63,5.58,43.77,41.83,41.48,1008.28
64,5.67,43.77,41.81,41.47,1008.28
65,5.76,43.75,41.81,41.48,1008.28
66,5.85,43.71,41.80,41.48,1008.28
67,5.94,43.70,41.79,41.46,1008.29
68,6.03,43.68,41.78,41.46,1008.30
69,6.12,43.65,41.80,41.45,1008.31
70,6.21,43.64,41.77,41.44,1008.32
71,6.30,43.62,41.76,41.45,1008.32
72,6.39,43.61,41.75,41.46,1008.33
73,6.48,43.58,41.75,41.45,1008.33
74,6.57,43.57,41.77,41.44,1008.34
75,6.66,43.54,41.73,41.41,1008.35
76,6.75,43.52,41.71,41.43,1008.36
77,6.84,43.50,41.70,41.42,1008.36
78,6.93,43.48,41.70,41.43,1008.36
79,7.02,43.46,41.67,41.44,1008.36
80,7.11,43.43,41.67,41.44,1008.36
81,7.20,43.41,41.66,41.44,1008.38
82,7.29,43.39,41.63,41.44,1008.38
83,7.38,43.39,41.60,41.44,1008.38
84,7.47,43.37,41.59,41.46,1008.38
85,7.56,43.35,41.56,41.47,1008.39
86,7.65,43.32,41.56,41.48,1008.38
87,7.74,43.32,41.54,41.49,1008.36
88,7.83,43.30,41.52,41.51,1008.36
89,7.92,43.29,41.51,41.53,1008.36
90,8.01,43.26,41.48,41.52,1008.35
91,8.10,43.24,41.45,41.56,1008.34
92,8.19,43.22,41.42,41.56,1008.32
93,8.28,43.20,41.42,41.59,1008.30
94,8.37,43.17,41.40,41.59,1008.29
95,8.46,43.14,41.39,41.62,1008.29
96,8.55,43.12,41.36,41.61,1008.30
97,8.64,43.09,41.34,41.61,1008.28
98,8.73,43.06,41.33,41.60,1008.29
99,8.82,43.04,41.33,41.59,1008.29
100,8.91,43.00,41.31,41.59,1008.30
101,9.00,42.98,41.30,41.59,1008.30
102,9.09,42.95,41.29,41.57,1008.29
103,9.18,42.92,41.27,41.57,1008.28
104,9.27,42.89,41.24,41.56,1008.28
105,9.36,42.87,41.23,41.59,1008.29
106,9.45,42.86,41.22,41.61,1008.29
107,9.54,42.85,41.19,41.63,1008.30
108,9.63,42.82,41.18,41.67,1008.30
109,9.72,42.81,41.15,41.69,1008.30
110,9.81,42.79,41.15,41.73,1008.31
111,9.90,42.77,41.12,41.74,1008.31
112,9.99,42.74,41.12,41.74,1008.33
113,10.08,42.71,41.10,41.75,1008.33
114,10.17,42.71,41.08,41.73,1008.32
115,10.26,42.69,41.06,41.74,1008.33
116,10.35,42.69,41.02,41.76,1008.35
117,10.44,42.67,41.00,41.76,1008.35
118,10.53,42.67,40.96,41.74,1008.35
119,10.62,42.64,40.93,41.73,1008.35
120,10.71,42.62,40.90,41.74,1008.36
121,10.80,42.60,40.88,41.75,1008.37
122,10.89,42.59,40.89,41.75,1008.37
123,10.98,42.56,40.88,41.76,1008.37
124,11.07,42.53,40.88,41.73,1008.40
125,11.16,42.52,40.84,41.71,1008.40
126,11.25,42.50,40.82,41.69,1008.40
127,11.34,42.47,40.79,41.70,1008.39
128,11.43,42.45,40.77,41.72,1008.39
129,11.52,42.44,40.75,41.72,1008.40
130,11.61,42.44,40.74,41.72,1008.39
131,11.70,42.42,40.72,41.72,1008.38
132,11.79,42.39,40.71,41.70,1008.37
133,11.88,42.36,40.71,41.69,1008.36
134,11.97,42.35,40.67,41.67,1008.36
135,12.06,42.34,40.65,41.65,1008.35
136,12.15,42.33,40.62,41.61,1008.34
137,12.24,42.31,40.59,41.60,1008.34
138,12.33,42.29,40.57,41.63,1008.33
139,12.42,42.27,40.56,41.60,1008.33
140,12.51,42.24,40.56,41.61,1008.32
141,12.60,42.21,40.55,41.64,1008.31
142,12.69,42.20,40.55,41.65,1008.30
143,12.78,42.18,40.51,41.64,1008.30
144,12.87,42.17,40.49,41.68,1008.29
145,12.96,42.17,40.48,41.66,1008.30
146,13.05,42.15,40.46,41.65,1008.30
147,13.14,42.13,40.43,41.67,1008.29
148,13.23,42.11,40.42,41.67,1008.29
149,13.32,42.09,40.40,41.67,1008.29
150,13.41,42.08,40.37,41.66,1008.27
151,13.50,42.06,40.36,41.64,1008.27
152,13.59,42.04,40.35,41.63,1008.26
153,13.68,42.03,40.32,41.60,1008.27
154,13.77,42.02,40.28,41.60,1008.29
155,13.86,42.01,40.28,41.60,1008.28
156,13.95,41.99,40.28,41.60,1008.28
157,14.04,41.97,40.26,41.58,1008.27
158,14.13,41.95,40.24,41.57,1008.29
159,14.22,41.93,40.22,41.55,1008.29
160,14.31,41.92,40.19,41.56,1008.30
161,14.40,41.90,40.17,41.53,1008.32
162,14.49,41.90,40.17,41.53,1008.33
163,14.58,41.88,40.18,41.52,1008.33
164,14.67,41.85,40.16,41.52,1008.34
165,14.76,41.85,40.13,41.51,1008.35
166,14.85,41.85,40.10,41.51,1008.35
167,14.94,41.84,40.10,41.52,1008.36
168,15.03,41.83,40.10,41.50,1008.37
169,15.12,41.81,40.09,41.46,1008.38
170,15.21,41.80,40.08,41.48,1008.39
171,15.30,41.79,40.07,41.50,1008.38
172,15.39,41.77,40.08,41.48,1008.39
173,15.48,41.75,40.08,41.45,1008.37
174,15.57,41.75,40.06,41.48,1008.38
175,15.66,41.73,40.06,41.48,1008.38
176,15.75,41.71,40.05,41.47,1008.38
177,15.84,41.69,40.02,41.47,1008.38
178,15.93,41.68,40.03,41.48,1008.38
179,16.02,41.65,39.98,41.45,1008.38
180,16.11,41.63,39.95,41.43,1008.38
181,16.20,41.62,39.95,41.38,1008.38
182,16.29,41.60,39.92,41.39,1008.38
183,16.38,41.58,39.89,41.42,1008.36
184,16.47,41.55,39.91,41.44,1008.35
185,16.56,41.53,39.88,41.43,1008.35
186,16.65,41.52,39.87,41.44,1008.35
187,16.74,41.50,39.86,41.45,1008.34
188,16.83,41.48,39.86,41.45,1008.33
189,16.92,41.46,39.84,41.45,1008.33
190,17.01,41.45,39.84,41.45,1008.33
191,17.10,41.44,39.82,41.44,1008.33
192,17.19,41.43,39.83,41.46,1008.34
193,17.28,41.42,39.81,41.46,1008.33
194,17.37,41.39,39.78,41.44,1008.33
195,17.46,41.36,39.76,41.44,1008.33
196,17.55,41.35,39.73,41.48,1008.33
197,17.64,41.35,39.72,41.47,1008.33
198,17.73,41.32,39.70,41.47,1008.33
199,17.82,41.30,39.68,41.46,1008.33
200,17.91,41.30,39.65,41.47,1008.33
201,18.00,41.28,39.62,41.46,1008.34
202,18.09,41.24,39.61,41.48,1008.35
203,18.18,41.22,39.59,41.47,1008.34
204,18.27,41.22,39.57,41.48,1008.34
205,18.36,41.20,39.55,41.48,1008.34
206,18.45,41.18,39.54,41.48,1008.35
207,18.54,41.16,39.51,41.47,1008.35
208,18.63,41.13,39.51,41.48,1008.35
209,18.72,41.10,39.48,41.48,1008.35
210,18.81,41.08,39.48,41.49,1008.34
211,18.90,41.08,39.44,41.48,1008.34
212,18.99,41.05,39.46,41.50,1008.35
213,19.08,41.03,39.46,41.49,1008.33
214,19.17,41.02,39.44,41.48,1008.35
215,19.26,41.02,39.44,41.46,1008.35
216,19.35,40.98,39.43,41.45,1008.36
217,19.44,40.97,39.41,41.42,1008.37
218,19.53,40.96,39.41,41.39,1008.37
219,19.62,40.95,39.37,41.39,1008.38
220,19.71,40.94,39.35,41.39,1008.39
221,19.80,40.93,39.32,41.40,1008.40
222,19.89,40.92,39.31,41.41,1008.41
223,19.98,40.93,39.29,41.42,1008.42
224,20.07,40.91,39.27,41.39,1008.42
225,20.16,40.88,39.22,41.40,1008.43
226,20.25,40.85,39.21,41.43,1008.43
227,20.34,40.84,39.21,41.43,1008.42
228,20.43,40.83,39.20,41.44,1008.40
229,20.52,40.80,39.18,41.44,1008.41
230,20.61,40.79,39.16,41.45,1008.39
231,20.70,40.76,39.16,41.46,1008.38
232,20.79,40.74,39.14,41.49,1008.38
233,20.88,40.74,39.09,41.50,1008.37
234,20.97,40.70,39.09,41.51,1008.37
235,21.06,40.69,39.07,41.50,1008.36
236,21.15,40.67,39.08,41.50,1008.36
237,21.24,40.64,39.06,41.52,1008.36
238,21.33,40.61,39.05,41.53,1008.35
239,21.42,40.60,39.02,41.54,1008.33
240,21.51,40.59,39.01,41.52,1008.34
241,21.60,40.55,39.01,41.53,1008.35
242,21.69,40.55,39.01,41.52,1008.35
243,21.78,40.53,39.01,41.54,1008.32
244,21.87,40.52,38.98,41.54,1008.32
245,21.96,40.51,38.95,41.54,1008.33
246,22.05,40.50,38.93,41.52,1008.32
247,22.14,40.50,38.93,41.49,1008.32
248,22.23,40.49,38.92,41.49,1008.31
249,22.32,40.47,38.92,41.50,1008.31
250,22.41,40.46,38.91,41.49,1008.30
251,22.50,40.45,38.88,41.50,1008.32
252,22.59,40.43,38.86,41.51,1008.32
253,22.68,40.41,38.87,41.51,1008.32
254,22.77,40.39,38.86,41.54,1008.34
255,22.86,40.38,38.86,41.53,1008.34
256,22.95,40.36,38.85,41.53,1008.34
257,23.04,40.33,38.85,41.53,1008.34
258,23.13,40.32,38.82,41.54,1008.33
259,23.22,40.33,38.82,41.53,1008.33
260,23.31,40.32,38.82,41.51,1008.34
261,23.40,40.31,38.80,41.50,1008.35
262,23.49,40.29,38.79,41.48,1008.34
263,23.58,40.28,38.77,41.47,1008.35
264,23.67,40.26,38.77,41.47,1008.33
265,23.76,40.24,38.75,41.48,1008.34
266,23.85,40.22,38.74,41.48,1008.34
267,23.94,40.21,38.71,41.48,1008.35
268,24.03,40.20,38.69,41.45,1008.34
269,24.12,40.18,38.68,41.44,1008.36
270,24.21,40.17,38.66,41.45,1008.37
271,24.30,40.16,38.65,41.44,1008.37
272,24.39,40.15,38.63,41.46,1008.39
273,24.48,40.14,38.61,41.46,1008.40
274,24.57,40.11,38.57,41.47,1008.40
275,24.66,40.12,38.56,41.46,1008.39
276,24.75,40.11,38.58,41.46,1008.39
277,24.84,40.09,38.55,41.46,1008.40
278,24.93,40.07,38.53,41.46,1008.40
279,25.02,40.04,38.53,41.43,1008.41
280,25.11,40.04,38.51,41.43,1008.41
281,25.20,40.01,38.49,41.43,1008.41
282,25.29,40.00,38.47,41.42,1008.40
283,25.38,40.00,38.46,41.42,1008.40
284,25.47,39.99,38.44,41.41,1008.41
285,25.56,39.96,38.43,41.40,1008.40
286,25.65,39.95,38.42,41.39,1008.40
287,25.74,39.95,38.39,41.38,1008.40
288,25.83,39.93,38.39,41.36,1008.40
289,25.92,39.91,38.38,41.35,1008.39
290,26.01,39.89,38.38,41.39,1008.37
291,26.10,39.87,38.35,41.38,1008.36
292,26.19,39.87,38.33,41.39,1008.35
293,26.28,39.86,38.32,41.41,1008.34
294,26.37,39.83,38.29,41.40,1008.33
295,26.46,39.81,38.27,41.41,1008.33
296,26.55,39.80,38.25,41.43,1008.32
297,26.64,39.78,38.22,41.43,1008.31
298,26.73,39.77,38.19,41.42,1008.31
299,26.82,39.75,38.18,41.42,1008.30
300,26.91,39.73,38.16,41.42,1008.29
301,27.00,39.71,38.15,41.42,1008.29
302,27.09,39.71,38.13,41.43,1008.29
303,27.18,39.69,38.13,41.43,1008.29
304,27.27,39.68,38.11,41.44,1008.28
305,27.36,39.66,38.11,41.44,1008.29
306,27.45,39.64,38.09,41.42,1008.30
307,27.54,39.63,38.06,41.41,1008.29
308,27.63,39.60,38.04,41.37,1008.29
309,27.72,39.58,38.03,41.39,1008.29
310,27.81,39.57,37.99,41.39,1008.30
311,27.90,39.56,37.97,41.40,1008.30
312,27.99,39.53,37.97,41.41,1008.31
313,28.08,39.51,37.95,41.42,1008.31
314,28.17,39.51,37.96,41.43,1008.31
315,28.26,39.49,37.94,41.43,1008.32
316,28.35,39.47,37.94,41.42,1008.31
317,28.44,39.45,37.92,41.42,1008.33
318,28.53,39.44,37.89,41.44,1008.35
319,28.62,39.44,37.89,41.44,1008.36
320,28.71,39.43,37.89,41.43,1008.35
321,28.80,39.40,37.89,41.42,1008.35
322,28.89,39.38,37.87,41.40,1008.37
323,28.98,39.36,37.85,41.41,1008.38
324,29.07,39.34,37.80,41.44,1008.37
325,29.16,39.31,37.79,41.43,1008.38
326,29.25,39.30,37.78,41.45,1008.39
327,29.34,39.28,37.77,41.45,1008.37
328,29.43,39.28,37.75,41.45,1008.38
329,29.52,39.27,37.74,41.45,1008.38
330,29.61,39.24,37.73,41.46,1008.38
331,29.70,39.22,37.71,41.47,1008.38
332,29.79,39.20,37.68,41.46,1008.37
333,29.88,39.18,37.68,41.45,1008.37
334,29.97,39.14,37.68,41.45,1008.36
335,30.06,39.14,37.67,41.43,1008.37
336,30.15,39.13,37.67,41.43,1008.38
337,30.24,39.12,37.67,41.44,1008.35
338,30.33,39.11,37.68,41.40,1008.34
339,30.42,39.10,37.68,41.43,1008.34
340,30.51,39.10,37.65,41.43,1008.33
341,30.60,39.08,37.65,41.45,1008.32
342,30.69,39.08,37.64,41.46,1008.31
343,30.78,39.07,37.63,41.45,1008.30
344,30.87,39.05,37.62,41.46,1008.30
345,30.96,39.04,37.61,41.48,1008.29
346,31.05,39.02,37.59,41.48,1008.29
347,31.14,39.00,37.57,41.45,1008.30
348,31.23,38.99,37.60,41.46,1008.29
349,31.32,38.99,37.59,41.46,1008.27
350,31.41,38.99,37.59,41.45,1008.26
351,31.50,38.97,37.57,41.48,1008.25
352,31.59,38.96,37.55,41.48,1008.26
353,31.68,38.96,37.53,41.47,1008.25
354,31.77,38.96,37.53,41.48,1008.25
355,31.86,38.95,37.49,41.46,1008.26
356,31.95,38.93,37.49,41.42,1008.26
357,32.04,38.94,37.47,41.42,1008.25
358,32.13,38.93,37.45,41.44,1008.27
359,32.22,38.91,37.45,41.44,1008.29
360,32.31,38.90,37.46,41.42,1008.30
361,32.40,38.89,37.44,41.44,1008.31
362,32.49,38.89,37.44,41.44,1008.32
363,32.58,38.87,37.44,41.42,1008.32
364,32.67,38.86,37.42,41.41,1008.32
365,32.76,38.86,37.39,41.38,1008.33
366,32.85,38.86,37.36,41.36,1008.34
367,32.94,38.85,37.34,41.38,1008.36
368,33.03,38.82,37.33,41.40,1008.37
369,33.12,38.81,37.32,41.42,1008.39
370,33.21,38.80,37.31,41.43,1008.40
371,33.30,38.79,37.30,41.44,1008.41
372,33.39,38.78,37.31,41.46,1008.41
373,33.48,38.75,37.31,41.45,1008.41
374,33.57,38.75,37.29,41.43,1008.40
375,33.66,38.73,37.27,41.45,1008.40
376,33.75,38.72,37.24,41.48,1008.39
377,33.84,38.70,37.21,41.50,1008.41
378,33.93,38.69,37.19,41.53,1008.41
379,34.02,38.68,37.19,41.54,1008.40
380,34.11,38.67,37.17,41.53,1008.39
381,34.20,38.64,37.19,41.51,1008.38
382,34.29,38.61,37.15,41.49,1008.39
383,34.38,38.60,37.16,41.48,1008.39
384,34.47,38.59,37.15,41.49,1008.38
385,34.56,38.58,37.14,41.49,1008.38
386,34.65,38.57,37.12,41.52,1008.37
387,34.74,38.56,37.11,41.55,1008.36
388,34.83,38.56,37.09,41.54,1008.36
389,34.92,38.55,37.07,41.53,1008.35
390,35.01,38.54,37.06,41.53,1008.34
391,35.10,38.53,37.05,41.52,1008.32
392,35.19,38.50,37.03,41.54,1008.31
393,35.28,38.48,37.04,41.50,1008.32
394,35.37,38.46,37.03,41.49,1008.32
395,35.46,38.44,36.83,41.50,1008.32
396,35.55,38.42,36.99,41.50,1008.30
397,35.64,38.40,36.94,41.51,1008.31
398,35.73,38.39,36.96,41.51,1008.30
399,35.82,38.37,36.94,41.52,1008.30
400,35.91,38.37,36.91,41.52,1008.30
401,36.00,38.36,36.89,41.54,1008.30
402,36.09,38.33,36.88,41.51,1008.31
403,36.18,38.32,36.86,41.50,1008.31
404,36.27,38.31,36.86,41.50,1008.29
405,36.36,38.30,36.83,41.50,1008.29
406,36.45,38.30,36.82,41.50,1008.30
407,36.54,38.28,36.80,41.49,1008.29
408,36.63,38.26,36.78,41.47,1008.29
409,36.72,38.24,36.77,41.48,1008.30
410,36.81,38.23,36.77,41.45,1008.29
411,36.90,38.22,36.77,41.47,1008.29
412,36.99,38.19,36.77,41.46,1008.31
413,37.08,38.16,36.75,41.45,1008.31
414,37.17,38.15,36.73,41.46,1008.32
415,37.26,38.14,36.69,41.45,1008.31
416,37.35,38.13,36.68,41.42,1008.32
417,37.44,38.12,36.66,41.43,1008.33
418,37.53,38.11,36.65,41.43,1008.35
419,37.62,38.10,36.65,41.42,1008.36
420,37.71,38.08,36.65,41.43,1008.38
421,37.80,38.07,36.64,41.42,1008.38
422,37.89,38.05,36.62,41.43,1008.37
423,37.98,38.03,36.61,41.40,1008.37
424,38.07,38.03,36.60,41.40,1008.38
425,38.16,38.03,36.61,41.39,1008.38
426,38.25,38.00,36.61,41.39,1008.38
427,38.34,37.98,36.61,41.41,1008.38
428,38.43,37.98,36.61,41.41,1008.38
429,38.52,37.97,36.60,41.40,1008.38
430,38.61,37.95,36.60,41.39,1008.38
431,38.70,37.93,36.60,41.40,1008.36
432,38.79,37.92,36.60,41.38,1008.35
433,38.88,37.91,36.59,41.39,1008.35
434,38.97,37.91,36.58,41.40,1008.35
435,39.06,37.89,36.57,41.39,1008.34
436,39.15,37.88,36.57,41.40,1008.34
437,39.24,37.87,36.55,41.41,1008.34
438,39.33,37.84,36.55,41.38,1008.34
439,39.42,37.82,36.53,41.39,1008.33
440,39.51,37.79,36.52,41.40,1008.32
441,39.60,37.79,36.51,41.39,1008.31
442,39.69,37.78,36.51,41.40,1008.31
443,39.78,37.78,36.50,41.39,1008.30
444,39.87,37.77,36.48,41.40,1008.29
445,39.96,37.76,36.48,41.38,1008.28
446,40.05,37.75,36.48,41.38,1008.27
447,40.14,37.74,36.46,41.37,1008.26
448,40.23,37.73,36.46,41.36,1008.25
449,40.32,37.72,36.44,41.38,1008.24
450,40.41,37.71,36.45,41.39,1008.25
451,40.50,37.71,36.42,41.39,1008.26
452,40.59,37.70,36.40,41.41,1008.26
453,40.68,37.68,36.41,41.38,1008.26
454,40.77,37.69,36.39,41.39,1008.26
455,40.86,37.70,36.39,41.38,1008.26
456,40.95,37.68,36.38,41.36,1008.28
457,41.04,37.66,36.37,41.34,1008.28
458,41.13,37.65,36.36,41.34,1008.27
459,41.22,37.64,36.35,41.34,1008.28
460,41.31,37.64,36.34,41.36,1008.28
461,41.40,37.63,36.33,41.38,1008.28
462,41.49,37.63,36.31,41.38,1008.28
463,41.58,37.61,36.31,41.40,1008.29
464,41.67,37.61,36.32,41.37,1008.31
465,41.76,37.60,36.32,41.35,1008.33
466,41.85,37.58,36.29,41.33,1008.33
467,41.94,37.57,36.28,41.32,1008.34
468,42.03,37.57,36.27,41.31,1008.36
469,42.12,37.56,36.27,41.32,1008.36
470,42.21,37.56,36.23,41.35,1008.37
471,42.30,37.52,36.23,41.36,1008.38
472,42.39,37.51,36.22,41.32,1008.38
473,42.48,37.50,36.19,41.32,1008.36
474,42.57,37.49,36.16,41.32,1008.38
475,42.66,37.49,36.14,41.34,1008.38
476,42.75,37.49,36.14,41.33,1008.37
477,42.84,37.49,36.10,41.33,1008.38
478,42.93,37.48,36.11,41.32,1008.38
479,43.02,37.46,36.09,41.32,1008.38
480,43.11,37.46,36.07,41.32,1008.38
481,43.20,37.44,36.05,41.33,1008.39
482,43.29,37.45,36.03,41.34,1008.37
483,43.38,37.43,36.02,41.33,1008.37
484,43.47,37.42,35.99,41.34,1008.36
485,43.56,37.41,35.99,41.34,1008.35
486,43.65,37.40,35.98,41.36,1008.36
487,43.74,37.39,35.97,41.36,1008.34
488,43.83,37.37,35.94,41.36,1008.33
489,43.92,37.36,35.95,41.32,1008.33
490,44.01,37.34,35.92,41.34,1008.33
491,44.10,37.33,35.91,41.34,1008.32
492,44.19,37.30,35.90,41.35,1008.32
493,44.28,37.29,35.88,41.38,1008.30
494,44.37,37.27,35.87,41.37,1008.29
495,44.46,37.27,35.85,41.37,1008.28
496,44.55,37.23,35.84,41.37,1008.28
497,44.64,37.23,35.82,41.37,1008.28
498,44.73,37.22,35.81,41.38,1008.28
499,44.82,37.20,35.80,41.41,1008.28
500,44.91,37.18,35.80,41.40,1008.28
501,45.00,37.16,35.77,41.39,1008.29
502,45.09,37.14,35.79,41.39,1008.29
503,45.18,37.12,35.81,41.39,1008.29
504,45.27,37.12,35.81,41.37,1008.28
505,45.36,37.13,35.80,41.37,1008.29
506,45.45,37.10,35.79,41.39,1008.28
507,45.54,37.08,35.78,41.40,1008.29
508,45.63,37.07,35.77,41.43,1008.29
509,45.72,37.05,35.74,41.46,1008.30
510,45.81,37.03,35.73,41.45,1008.30
511,45.90,37.02,35.72,41.44,1008.33
512,45.99,36.99,35.70,41.42,1008.34
513,46.08,36.98,35.69,41.41,1008.35
514,46.17,36.97,35.67,41.40,1008.34
515,46.26,36.96,35.67,41.39,1008.35
516,46.35,36.94,35.66,41.41,1008.35
517,46.44,36.92,35.66,41.40,1008.36
518,46.53,36.91,35.65,41.39,1008.38
519,46.62,36.91,35.63,41.39,1008.39
520,46.71,36.90,35.63,41.36,1008.39
521,46.80,36.89,35.63,41.37,1008.39
522,46.89,36.87,35.61,41.35,1008.39
523,46.98,36.87,35.61,41.37,1008.40
524,47.07,36.84,35.59,41.34,1008.40
525,47.16,36.84,35.58,41.31,1008.39
526,47.25,36.82,35.57,41.30,1008.39
527,47.34,36.80,35.57,41.29,1008.40
528,47.43,36.79,35.53,41.31,1008.41
529,47.52,36.77,35.52,41.32,1008.41
530,47.61,36.76,35.49,41.33,1008.40
531,47.70,36.75,35.48,41.37,1008.41
532,47.79,36.72,35.48,41.43,1008.41
533,47.88,36.73,35.49,41.41,1008.40
534,47.97,36.71,35.47,41.44,1008.41
535,48.06,36.71,35.49,41.44,1008.41
536,48.15,36.70,35.48,41.46,1008.39
537,48.24,36.70,35.48,41.45,1008.37
538,48.33,36.70,35.47,41.46,1008.36
539,48.42,36.69,35.46,41.45,1008.37
540,48.51,36.67,35.45,41.44,1008.35
541,48.60,36.66,35.45,41.43,1008.33
542,48.69,36.65,35.45,41.44,1008.32
543,48.78,36.65,35.44,41.44,1008.32
544,48.87,36.63,35.42,41.44,1008.31
545,48.96,36.60,35.42,41.42,1008.30
546,49.05,36.59,35.43,41.42,1008.29
547,49.14,36.60,35.44,41.41,1008.27
548,49.23,36.59,35.41,41.40,1008.28
549,49.32,36.58,35.41,41.42,1008.28
550,49.41,36.56,35.39,41.44,1008.29
551,49.50,36.56,35.37,41.46,1008.28
552,49.59,36.55,35.33,41.46,1008.28
553,49.68,36.53,35.33,41.45,1008.28
554,49.77,36.54,35.33,41.44,1008.28
555,49.86,36.52,35.33,41.42,1008.28
556,49.95,36.52,35.32,41.42,1008.29
557,50.04,36.53,35.30,41.42,1008.30
558,50.13,36.54,35.29,41.44,1008.31
559,50.22,36.52,35.28,41.43,1008.31
560,50.31,36.49,35.28,41.42,1008.33
561,50.40,36.48,35.26,41.42,1008.32
562,50.49,36.49,35.25,41.42,1008.33
563,50.58,36.47,35.24,41.37,1008.35
564,50.67,36.45,35.23,41.38,1008.36
565,50.76,36.45,35.23,41.36,1008.38
566,50.85,36.45,35.22,41.36,1008.38
567,50.94,36.45,35.20,41.35,1008.39
568,51.03,36.45,35.18,41.37,1008.40
569,51.12,36.44,35.16,41.39,1008.41
570,51.21,36.43,35.15,41.37,1008.40
571,51.30,36.42,35.13,41.37,1008.41
572,51.39,36.41,35.12,41.38,1008.42
573,51.48,36.40,35.10,41.38,1008.43
574,51.57,36.39,35.08,41.35,1008.43
575,51.66,36.38,35.05,41.37,1008.44
576,51.75,36.36,35.06,41.38,1008.43
577,51.84,36.35,35.05,41.39,1008.42
578,51.93,36.33,35.06,41.39,1008.43
579,52.02,36.30,35.04,41.38,1008.42
580,52.11,36.29,35.03,41.38,1008.41
581,52.20,36.29,35.03,41.35,1008.41
582,52.29,36.27,35.01,41.38,1008.40
583,52.38,36.25,34.99,41.39,1008.40
584,52.47,36.22,34.95,41.38,1008.39
585,52.56,36.22,34.95,41.38,1008.38
586,52.65,36.20,34.93,41.39,1008.37
587,52.74,36.17,34.91,41.37,1008.38
588,52.83,36.16,34.88,41.38,1008.36
589,52.92,36.15,34.88,41.39,1008.37
590,53.01,36.15,34.86,41.37,1008.36
591,53.10,36.14,34.86,41.36,1008.37
592,53.19,36.11,34.82,41.35,1008.36
593,53.28,36.10,34.81,41.33,1008.35
594,53.37,36.10,34.79,41.33,1008.33
595,53.46,36.09,34.78,41.35,1008.32
596,53.55,36.07,34.77,41.37,1008.32
597,53.64,36.06,34.78,41.38,1008.31
598,53.73,36.31,34.75,41.37,1008.30
599,53.82,36.15,34.74,41.33,1008.31
600,53.91,36.09,34.71,41.31,1008.30
601,54.00,36.05,34.69,41.31,1008.32
602,54.09,36.04,34.68,41.31,1008.32
603,54.18,36.05,34.67,41.31,1008.31
604,54.27,36.04,34.65,41.32,1008.31
605,54.36,36.00,34.66,41.33,1008.30
606,54.45,35.99,34.67,41.35,1008.30
607,54.54,35.98,34.67,41.33,1008.32
608,54.63,35.95,34.67,41.34,1008.31
609,54.72,35.95,34.67,41.36,1008.32
610,54.81,35.93,34.65,41.38,1008.33
611,54.90,35.93,34.65,41.39,1008.35
612,54.99,35.92,34.64,41.39,1008.36
613,55.08,35.92,34.62,41.37,1008.36
614,55.17,35.91,34.63,41.36,1008.36
615,55.26,35.90,34.63,41.38,1008.37
616,55.35,35.88,34.63,41.42,1008.37
617,55.44,35.89,34.64,41.41,1008.39
618,55.53,35.87,34.65,41.43,1008.40
619,55.62,35.87,34.64,41.40,1008.40
620,55.71,35.87,34.63,41.37,1008.41
621,55.80,35.84,34.64,41.38,1008.42
622,55.89,35.84,34.66,41.36,1008.43
623,55.98,35.85,34.64,41.39,1008.44
624,56.07,35.84,34.64,41.39,1008.43
625,56.16,35.82,34.61,41.41,1008.41
626,56.25,35.81,34.63,41.39,1008.40
627,56.34,35.78,34.61,41.38,1008.41
628,56.43,35.78,34.59,41.41,1008.43
629,56.52,35.76,34.58,41.42,1008.42
630,56.61,35.76,34.57,41.41,1008.41
631,56.70,35.78,34.56,41.40,1008.42
632,56.79,35.77,34.57,41.40,1008.42
633,56.88,35.76,34.58,41.43,1008.41
634,56.97,35.77,34.55,41.45,1008.41
635,57.06,35.74,34.55,41.46,1008.39
636,57.15,35.72,34.55,41.49,1008.39
637,57.24,35.70,34.54,41.52,1008.38
638,57.33,35.72,34.55,41.53,1008.37
639,57.42,35.69,34.54,41.52,1008.36
640,57.51,35.67,34.54,41.54,1008.37
641,57.60,35.66,34.52,41.53,1008.36
642,57.69,35.63,34.51,41.53,1008.36
643,57.78,35.62,34.49,41.54,1008.34
644,57.87,35.61,34.49,41.54,1008.33
645,57.96,35.61,34.48,41.54,1008.30
646,58.05,35.60,34.47,41.52,1008.30
647,58.14,35.58,34.47,41.51,1008.30
648,58.23,35.58,34.45,41.53,1008.30
649,58.32,35.58,34.44,41.52,1008.30
650,58.41,35.58,34.42,41.51,1008.31
651,58.50,35.59,34.42,41.52,1008.32
652,58.59,35.59,34.42,41.53,1008.31
653,58.68,35.58,34.41,41.54,1008.32
654,58.77,35.57,34.41,41.55,1008.31
655,58.86,35.56,34.43,41.54,1008.32
656,58.95,35.56,34.41,41.54,1008.32
657,59.04,35.56,34.38,41.53,1008.32
658,59.13,35.56,34.36,41.55,1008.31
659,59.22,35.54,34.35,41.55,1008.31
660,59.31,35.54,34.32,41.54,1008.32
661,59.40,35.55,34.32,41.58,1008.32
662,59.49,35.53,34.31,41.56,1008.32
663,59.58,35.50,34.30,41.55,1008.34
664,59.67,35.49,34.28,41.54,1008.32
665,59.76,35.47,34.28,41.52,1008.34
666,59.85,35.45,34.29,41.55,1008.34
667,59.94,35.46,34.29,41.54,1008.34
668,60.03,35.46,34.29,41.52,1008.35
669,60.12,35.45,34.30,41.51,1008.37
670,60.21,35.45,34.28,41.52,1008.39
671,60.30,35.42,34.25,41.54,1008.38
672,60.39,35.43,34.26,41.53,1008.40
673,60.48,35.42,34.23,41.53,1008.40
674,60.57,35.42,34.22,41.54,1008.40
675,60.66,35.41,34.20,41.54,1008.41
676,60.75,35.40,34.20,41.53,1008.40
677,60.84,35.39,34.17,41.55,1008.38
678,60.93,35.39,34.16,41.53,1008.37
679,61.02,35.38,34.14,41.56,1008.39
680,61.11,35.37,34.10,41.56,1008.40
681,61.20,35.37,34.09,41.56,1008.39
682,61.29,35.37,34.09,41.57,1008.39
683,61.38,35.36,34.08,41.60,1008.38
684,61.47,35.35,34.05,41.60,1008.37
685,61.56,35.33,34.04,41.62,1008.36
686,61.65,35.32,34.05,41.65,1008.36
687,61.74,35.30,34.05,41.67,1008.35
688,61.83,35.28,34.01,41.68,1008.34
689,61.92,35.26,34.01,41.68,1008.35
690,62.01,35.25,34.02,41.69,1008.34
691,62.10,35.23,34.01,41.66,1008.33
692,62.19,35.21,34.00,41.66,1008.32
693,62.28,35.20,34.01,41.66,1008.31
694,62.37,35.18,34.00,41.64,1008.31
695,62.46,35.16,34.00,41.64,1008.31
696,62.55,35.16,33.98,41.67,1008.32
697,62.64,35.17,33.98,41.67,1008.32
698,62.73,35.17,33.97,41.67,1008.32
699,62.82,35.14,33.99,41.64,1008.33
700,62.91,35.14,33.97,41.65,1008.32
701,63.00,35.14,33.96,41.65,1008.32
702,63.09,35.12,33.96,41.66,1008.32
703,63.18,35.12,33.93,41.62,1008.32
704,63.27,35.10,33.94,41.62,1008.32
705,63.36,35.11,33.94,41.62,1008.31
706,63.45,35.10,33.94,41.61,1008.32
707,63.54,35.10,33.94,41.61,1008.32
708,63.63,35.09,33.94,41.61,1008.32
709,63.72,35.09,33.91,41.59,1008.33
710,63.81,35.08,33.91,41.60,1008.34
711,63.90,35.06,33.91,41.61,1008.35
712,63.99,35.04,33.91,41.60,1008.36
713,64.08,35.04,33.91,41.59,1008.36
714,64.17,35.03,33.90,41.58,1008.36
715,64.26,35.01,33.87,41.58,1008.36
716,64.35,35.01,33.85,41.57,1008.36
717,64.44,34.99,33.84,41.55,1008.37
718,64.53,34.98,33.83,41.55,1008.37
719,64.62,34.96,33.82,41.56,1008.37
720,64.71,34.95,33.82,41.55,1008.37
721,64.80,34.95,33.81,41.57,1008.36
722,64.89,34.95,33.81,41.57,1008.36
723,64.98,34.93,33.81,41.57,1008.37
724,65.07,34.92,33.81,41.56,1008.37
725,65.16,34.91,33.79,41.56,1008.37
726,65.25,34.90,33.77,41.58,1008.36
727,65.34,34.88,33.77,41.60,1008.34
728,65.43,34.87,33.74,41.57,1008.35
729,65.52,34.86,33.76,41.57,1008.35
730,65.61,34.86,33.75,41.57,1008.35
731,65.70,34.83,33.75,41.55,1008.34
732,65.79,34.82,33.75,41.56,1008.34
733,65.88,34.81,33.74,41.57,1008.33
734,65.97,34.80,33.73,41.58,1008.33
735,66.06,34.79,33.71,41.61,1008.33
736,66.15,34.77,33.69,41.61,1008.33
737,66.24,34.77,33.68,41.61,1008.33
738,66.33,34.79,33.69,41.62,1008.33
739,66.42,34.77,33.65,41.62,1008.31
740,66.51,34.78,33.64,41.60,1008.29
741,66.60,34.77,33.64,41.60,1008.31
742,66.69,34.76,33.66,41.60,1008.31
743,66.78,34.75,33.66,41.62,1008.31
744,66.87,34.75,33.66,41.63,1008.29
745,66.96,34.73,33.66,41.62,1008.29
746,67.05,34.72,33.65,41.61,1008.27
747,67.14,34.72,33.63,41.60,1008.26
748,67.23,34.71,33.62,41.59,1008.27
749,67.32,34.69,33.63,41.58,1008.28
750,67.41,34.69,33.63,41.58,1008.28
751,67.50,34.69,33.63,41.56,1008.27
752,67.59,34.67,33.63,41.57,1008.27
753,67.68,34.66,33.62,41.58,1008.27
754,67.77,34.66,33.62,41.59,1008.28
755,67.86,34.65,33.60,41.62,1008.28
756,67.95,34.64,33.58,41.60,1008.28
757,68.04,34.64,33.56,41.59,1008.29
758,68.13,34.63,33.55,41.59,1008.31
759,68.22,34.63,33.54,41.57,1008.32
760,68.31,34.63,33.53,41.59,1008.33
761,68.40,34.63,33.51,41.60,1008.34
762,68.49,34.62,33.52,41.62,1008.35
763,68.58,34.61,33.50,41.66,1008.35
764,68.67,34.60,33.49,41.65,1008.35
765,68.76,34.59,33.46,41.67,1008.35
766,68.85,34.59,33.46,41.70,1008.36
767,68.94,34.59,33.45,41.71,1008.36
768,69.03,34.59,33.42,41.71,1008.37
769,69.12,34.60,33.42,41.68,1008.38
770,69.21,34.58,33.43,41.67,1008.39
771,69.30,34.59,33.40,41.65,1008.38
772,69.39,34.60,33.41,41.65,1008.38
773,69.48,34.60,33.40,41.65,1008.39
774,69.57,34.60,33.40,41.62,1008.39
775,69.66,34.58,33.38,41.62,1008.39
776,69.75,34.57,33.37,41.61,1008.39
777,69.84,34.56,33.36,41.60,1008.40
778,69.93,34.55,33.36,41.61,1008.38
779,70.02,34.54,33.34,41.59,1008.37
780,70.11,34.52,33.34,41.59,1008.37
781,70.20,34.52,33.34,41.62,1008.35
782,70.29,34.52,33.32,41.64,1008.35
783,70.38,34.51,33.31,41.64,1008.34
784,70.47,34.50,33.31,41.62,1008.32
785,70.56,34.47,33.30,41.62,1008.32
786,70.65,34.46,33.31,41.64,1008.30
787,70.74,34.46,33.32,41.64,1008.30
788,70.83,34.44,33.32,41.63,1008.30
789,70.92,34.43,33.29,41.60,1008.29
790,71.01,34.41,33.31,41.60,1008.28
791,71.10,34.40,33.30,41.61,1008.26
792,71.19,34.41,33.29,41.62,1008.26
793,71.28,34.39,33.28,41.61,1008.26
794,71.37,34.37,33.26,41.61,1008.25
795,71.46,34.36,33.24,41.61,1008.23
796,71.55,34.37,33.23,41.63,1008.23
797,71.64,34.35,33.24,41.64,1008.23
798,71.73,34.34,33.22,41.64,1008.22
799,71.82,34.33,33.22,41.62,1008.23
800,71.91,34.32,33.21,41.61,1008.22
801,72.00,34.31,33.20,41.62,1008.22
802,72.09,34.30,33.20,41.61,1008.22
803,72.18,34.28,33.20,41.62,1008.22
804,72.27,34.28,33.19,41.60,1008.23
805,72.36,34.27,33.18,41.57,1008.24
806,72.45,34.26,33.17,41.56,1008.25
807,72.54,34.24,33.15,41.55,1008.26
808,72.63,34.23,33.14,41.58,1008.28
809,72.72,34.21,33.15,41.58,1008.29
810,72.81,34.20,33.12,41.58,1008.29
811,72.90,34.18,33.13,41.60,1008.30
812,72.99,34.17,33.14,41.60,1008.30
813,73.08,34.17,33.13,41.60,1008.31
814,73.17,34.14,33.14,41.58,1008.31
815,73.26,34.13,33.14,41.56,1008.32
816,73.35,34.13,33.14,41.54,1008.32
817,73.44,34.12,33.13,41.55,1008.33
818,73.53,34.12,33.12,41.56,1008.34
819,73.62,34.11,33.13,41.58,1008.35
820,73.71,34.09,33.12,41.57,1008.35
821,73.80,34.10,33.10,41.57,1008.35
822,73.89,34.09,33.09,41.56,1008.36
823,73.98,34.06,33.07,41.57,1008.37
824,74.07,34.05,33.05,41.58,1008.36
825,74.16,34.04,33.04,41.58,1008.36
826,74.25,34.05,33.02,41.59,1008.37
827,74.34,34.03,33.01,41.58,1008.37
828,74.43,34.02,33.02,41.57,1008.36
829,74.52,34.02,33.02,41.58,1008.35
830,74.61,34.02,33.03,41.58,1008.36
831,74.70,34.00,33.02,41.57,1008.36
832,74.79,34.00,33.01,41.59,1008.35
833,74.88,34.00,33.01,41.58,1008.34
834,74.97,33.99,33.01,41.59,1008.34
835,75.06,33.99,32.99,41.60,1008.33
836,75.15,33.98,32.97,41.59,1008.33
837,75.24,33.99,32.98,41.59,1008.33
838,75.33,33.98,32.97,41.61,1008.31
839,75.42,33.96,32.96,41.57,1008.31
840,75.51,33.96,32.96,41.58,1008.31
841,75.60,33.96,32.95,41.58,1008.30
842,75.69,33.95,32.94,41.58,1008.30
843,75.78,33.97,32.93,41.58,1008.31
844,75.87,33.94,32.90,41.59,1008.30
845,75.96,33.93,32.92,41.59,1008.30
846,76.05,33.92,32.89,41.60,1008.30
847,76.14,33.91,32.87,41.61,1008.30
848,76.23,33.89,32.88,41.63,1008.30
849,76.32,33.88,32.86,41.60,1008.29
850,76.41,33.88,32.87,41.60,1008.29
851,76.50,33.87,32.87,41.60,1008.29
852,76.59,33.88,32.87,41.59,1008.30
853,76.68,33.87,32.88,41.59,1008.30
854,76.77,33.88,32.85,41.60,1008.30
855,76.86,33.86,32.83,41.60,1008.31
856,76.95,33.85,32.82,41.62,1008.32
857,77.04,33.86,32.80,41.64,1008.31
858,77.13,33.86,32.81,41.65,1008.33
859,77.22,33.85,32.80,41.64,1008.35
860,77.31,33.83,32.77,41.64,1008.36
861,77.40,33.82,32.78,41.63,1008.36
862,77.49,33.81,32.77,41.60,1008.37
863,77.58,33.80,32.78,41.61,1008.38
864,77.67,33.79,32.76,41.62,1008.37
865,77.76,33.79,32.75,41.64,1008.37
866,77.85,33.80,32.73,41.64,1008.39
867,77.94,33.80,32.74,41.64,1008.38
868,78.03,33.81,32.74,41.64,1008.39
869,78.12,33.81,32.73,41.65,1008.38
870,78.21,33.80,32.70,41.66,1008.39
871,78.30,33.78,32.70,41.67,1008.38
872,78.39,33.78,32.68,41.69,1008.38
873,78.48,33.79,32.67,41.68,1008.38
874,78.57,33.79,32.67,41.67,1008.37
875,78.66,33.78,32.67,41.68,1008.36
876,78.75,33.77,32.66,41.69,1008.36
877,78.84,33.77,32.67,41.68,1008.36
878,78.93,33.77,32.67,41.67,1008.36
879,79.02,33.76,32.66,41.67,1008.35
880,79.11,33.76,32.63,41.68,1008.35
881,79.20,33.74,32.64,41.68,1008.35
882,79.29,33.74,32.63,41.67,1008.34
883,79.38,33.72,32.62,41.70,1008.35
884,79.47,33.71,32.62,41.71,1008.34
885,79.56,33.70,32.60,41.70,1008.33
886,79.65,33.68,32.61,41.69,1008.31
887,79.74,33.67,32.61,41.69,1008.30
888,79.83,33.68,32.60,41.70,1008.30
889,79.92,33.67,32.60,41.68,1008.31
890,80.01,33.67,32.59,41.67,1008.30
891,80.10,33.65,32.60,41.64,1008.28
892,80.19,33.65,32.61,41.64,1008.28
893,80.28,33.64,32.62,41.61,1008.28
894,80.37,33.63,32.61,41.61,1008.29
895,80.46,33.63,32.61,41.65,1008.30
896,80.55,33.63,32.63,41.65,1008.29
897,80.64,33.64,32.59,41.64,1008.30
898,80.73,33.63,32.58,41.64,1008.29
899,80.82,33.61,32.56,41.64,1008.29
900,80.91,33.59,32.55,41.66,1008.30
901,81.00,33.60,32.53,41.67,1008.32
902,81.09,33.57,32.53,41.70,1008.33
903,81.18,33.57,32.55,41.70,1008.33
904,81.27,33.56,32.55,41.70,1008.32
905,81.36,33.54,32.54,41.68,1008.31
906,81.45,33.54,32.55,41.67,1008.32
907,81.54,33.52,32.55,41.66,1008.34
908,81.63,33.51,32.57,41.62,1008.34
909,81.72,33.51,32.54,41.61,1008.35
910,81.81,33.50,32.55,41.61,1008.38
911,81.90,33.49,32.55,41.63,1008.39
912,81.99,33.48,32.53,41.62,1008.41
913,82.08,33.47,32.54,41.61,1008.41
914,82.17,33.47,32.53,41.61,1008.40
915,82.26,33.46,32.50,41.60,1008.41
916,82.35,33.45,32.49,41.58,1008.41
917,82.44,33.43,32.47,41.61,1008.41
918,82.53,33.44,32.46,41.62,1008.42
919,82.62,33.42,32.45,41.64,1008.43
920,82.71,33.42,32.43,41.64,1008.43
921,82.80,33.40,32.43,41.64,1008.43
922,82.89,33.38,32.42,41.66,1008.43
923,82.98,33.38,32.41,41.63,1008.43
924,83.07,33.36,32.42,41.62,1008.42
925,83.16,33.35,32.41,41.62,1008.42
926,83.25,33.34,32.39,41.64,1008.41
927,83.34,33.34,32.39,41.65,1008.42
928,83.43,33.35,32.38,41.66,1008.41
929,83.52,33.34,32.39,41.68,1008.41
930,83.61,33.33,32.39,41.69,1008.39
931,83.70,33.32,32.38,41.70,1008.38
932,83.79,33.31,32.38,41.68,1008.39
933,83.88,33.30,32.37,41.66,1008.39
934,83.97,33.30,32.34,41.67,1008.39
935,84.06,33.29,32.34,41.67,1008.38
936,84.15,33.28,32.33,41.68,1008.38
937,84.24,33.26,32.34,41.70,1008.37
938,84.33,33.26,32.34,41.72,1008.35
939,84.42,33.25,32.33,41.73,1008.34
940,84.51,33.26,32.35,41.72,1008.34
941,84.60,33.25,32.35,41.71,1008.34
942,84.69,33.25,32.32,41.70,1008.34
943,84.78,33.25,32.31,41.69,1008.34
944,84.87,33.26,32.30,41.70,1008.33
945,84.96,33.24,32.30,41.72,1008.32
946,85.05,33.22,32.30,41.75,1008.32
947,85.14,33.20,32.30,41.76,1008.32
948,85.23,33.20,32.27,41.76,1008.33
949,85.32,33.20,32.24,41.74,1008.34
950,85.41,33.20,32.26,41.74,1008.36
951,85.50,33.19,32.25,41.73,1008.36
952,85.59,33.19,32.25,41.73,1008.36
953,85.68,33.19,32.24,41.75,1008.36
954,85.77,33.18,32.25,41.74,1008.37
955,85.86,33.18,32.23,41.76,1008.37
956,85.95,33.16,32.24,41.77,1008.37
957,86.04,33.16,32.22,41.75,1008.39
958,86.13,33.16,32.20,41.75,1008.38
959,86.22,33.16,32.20,41.77,1008.38
960,86.31,33.16,32.19,41.77,1008.39
961,86.40,33.14,32.16,41.77,1008.39
962,86.49,33.13,32.17,41.77,1008.39
963,86.58,33.11,32.15,41.76,1008.39
964,86.67,33.11,32.15,41.77,1008.38
965,86.76,33.10,32.16,41.78,1008.39
966,86.85,33.09,32.17,41.75,1008.39
967,86.94,33.08,32.15,41.75,1008.38
968,87.03,33.09,32.14,41.74,1008.39
969,87.12,33.09,32.14,41.74,1008.38
970,87.21,33.10,32.12,41.74,1008.38
971,87.30,33.07,32.12,41.75,1008.39
972,87.39,33.07,32.11,41.75,1008.40
973,87.48,33.05,32.10,41.76,1008.40
974,87.57,33.04,32.09,41.77,1008.40
975,87.66,33.03,32.10,41.75,1008.39
976,87.75,33.04,32.10,41.77,1008.38
977,87.84,33.04,32.10,41.77,1008.40
978,87.93,33.02,32.08,41.79,1008.40
979,88.02,33.00,32.08,41.80,1008.40
980,88.11,33.00,32.07,41.80,1008.39
981,88.20,32.97,32.07,41.80,1008.38
982,88.29,32.97,32.06,41.78,1008.37
983,88.38,32.96,32.06,41.77,1008.36
984,88.47,32.97,32.07,41.80,1008.34
985,88.56,32.97,32.05,41.79,1008.32
986,88.65,32.97,32.05,41.78,1008.31
987,88.74,32.98,32.05,41.77,1008.30
988,88.83,32.97,32.05,41.76,1008.30
989,88.92,32.97,32.06,41.77,1008.29
990,89.01,32.97,32.05,41.79,1008.29
991,89.10,32.97,32.05,41.79,1008.29
992,89.19,32.96,32.05,41.81,1008.29
993,89.28,32.96,32.05,41.80,1008.29
994,89.37,32.95,32.02,41.79,1008.30
995,89.46,32.93,32.04,41.77,1008.29
996,89.55,32.93,32.04,41.75,1008.29
997,89.64,32.91,32.03,41.78,1008.28
998,89.73,32.90,32.02,41.76,1008.29
999,89.82,32.90,32.03,41.76,1008.29
1000,89.91,32.88,32.05,41.77,1008.30
1001,90.00,32.89,32.02,41.80,1008.31
1002,90.09,32.89,32.02,41.80,1008.32
1003,90.18,32.89,32.01,41.80,1008.33
1004,90.27,32.87,32.03,41.80,1008.34
1005,90.36,32.86,32.01,41.79,1008.35
1006,90.45,32.86,31.99,41.79,1008.35
1007,90.54,32.86,31.99,41.77,1008.36
1008,90.63,32.84,31.99,41.75,1008.36
1009,90.72,32.84,31.98,41.74,1008.36
1010,90.81,32.82,31.99,41.72,1008.35
1011,90.90,32.82,31.99,41.74,1008.36
1012,90.99,32.81,31.97,41.73,1008.36
1013,91.08,32.80,31.97,41.77,1008.38
1014,91.17,32.79,31.96,41.77,1008.39
1015,91.26,32.79,31.97,41.76,1008.38
1016,91.35,32.78,31.96,41.76,1008.39
1017,91.44,32.77,31.93,41.80,1008.40
1018,91.53,32.75,31.92,41.79,1008.40
1019,91.62,32.75,31.91,41.76,1008.39
1020,91.71,32.73,31.89,41.76,1008.39
1021,91.80,32.72,31.88,41.76,1008.40
1022,91.89,32.70,31.87,41.77,1008.40
1023,91.98,32.71,31.86,41.75,1008.40
1024,92.07,32.69,31.87,41.75,1008.40
1025,92.16,32.67,31.86,41.75,1008.39
1026,92.25,32.67,31.86,41.75,1008.39
1027,92.34,32.67,31.86,41.73,1008.38
1028,92.43,32.66,31.86,41.71,1008.35
1029,92.52,32.66,31.84,41.71,1008.34
1030,92.61,32.64,31.82,41.72,1008.35
1031,92.70,32.64,31.80,41.72,1008.37
1032,92.79,32.63,31.80,41.71,1008.35
1033,92.88,32.61,31.80,41.68,1008.36
1034,92.97,32.61,31.80,41.70,1008.34
1035,93.06,32.62,31.81,41.70,1008.33
1036,93.15,32.62,31.78,41.70,1008.32
1037,93.24,32.62,31.75,41.70,1008.30
1038,93.33,32.63,31.72,41.74,1008.29
1039,93.42,32.63,31.72,41.71,1008.27
1040,93.51,32.63,31.70,41.73,1008.28
1041,93.60,32.62,31.68,41.71,1008.27
1042,93.69,32.61,31.67,41.71,1008.26
1043,93.78,32.61,31.66,41.73,1008.26
1044,93.87,32.62,31.68,41.74,1008.26
1045,93.96,32.63,31.68,41.74,1008.28
1046,94.05,32.63,31.65,41.75,1008.28
1047,94.14,32.63,31.63,41.76,1008.27
1048,94.23,32.62,31.63,41.75,1008.27
1049,94.32,32.60,31.63,41.76,1008.29
1050,94.41,32.60,31.62,41.77,1008.28
1051,94.50,32.57,31.63,41.77,1008.27
1052,94.59,32.58,31.62,41.81,1008.28
1053,94.68,32.58,31.63,41.82,1008.30
1054,94.77,32.57,31.61,41.79,1008.32
1055,94.86,32.58,31.58,41.77,1008.32
1056,94.95,32.56,31.56,41.76,1008.32
1057,95.04,32.55,31.56,41.75,1008.33
1058,95.13,32.53,31.57,41.74,1008.33
1059,95.22,32.51,31.57,41.75,1008.34
1060,95.31,32.51,31.57,41.75,1008.35
1061,95.40,32.51,31.57,41.76,1008.35
1062,95.49,32.50,31.59,41.76,1008.36
1063,95.58,32.50,31.60,41.76,1008.38
1064,95.67,32.50,31.59,41.75,1008.37
1065,95.76,32.50,31.58,41.73,1008.37
1066,95.85,32.48,31.59,41.75,1008.37
1067,95.94,32.48,31.58,41.73,1008.38
1068,96.03,32.47,31.55,41.71,1008.37
1069,96.12,32.48,31.55,41.73,1008.37
1070,96.21,32.46,31.53,41.72,1008.37
1071,96.30,32.46,31.53,41.74,1008.38
1072,96.39,32.47,31.54,41.76,1008.37
1073,96.48,32.47,31.55,41.73,1008.38
1074,96.57,32.46,31.54,41.72,1008.38
1075,96.66,32.46,31.55,41.72,1008.38
1076,96.75,32.45,31.55,41.71,1008.37
1077,96.84,32.42,31.57,41.73,1008.36
1078,96.93,32.42,31.53,41.72,1008.35
1079,97.02,32.44,31.54,41.73,1008.35
1080,97.11,32.44,31.54,41.73,1008.35
1081,97.20,32.44,31.53,41.69,1008.35
1082,97.29,32.42,31.54,41.68,1008.34
1083,97.38,32.43,31.54,41.69,1008.33
1084,97.47,32.44,31.53,41.71,1008.33
1085,97.56,32.43,31.54,41.71,1008.31
1086,97.65,32.42,31.55,41.73,1008.30
1087,97.74,32.40,31.54,41.73,1008.30
1088,97.83,32.41,31.54,41.73,1008.28
1089,97.92,32.40,31.56,41.76,1008.28
1090,98.01,32.39,31.55,41.76,1008.29
1091,98.10,32.39,31.53,41.77,1008.29
1092,98.19,32.39,31.54,41.77,1008.28
1093,98.28,32.38,31.55,41.77,1008.29
1094,98.37,32.38,31.55,41.78,1008.29
1095,98.46,32.37,31.55,41.79,1008.28
1096,98.55,32.37,31.54,41.79,1008.27
1097,98.64,32.36,31.54,41.76,1008.26
1098,98.73,32.35,31.52,41.77,1008.27
1099,98.82,32.34,31.52,41.74,1008.28
1100,98.91,32.34,31.52,41.76,1008.29
1101,99.00,32.33,31.50,41.75,1008.29
1102,99.09,32.31,31.50,41.74,1008.30
1103,99.18,32.32,31.49,41.74,1008.30
1104,99.27,32.30,31.48,41.75,1008.31
1105,99.36,32.28,31.46,41.74,1008.34
1106,99.45,32.28,31.47,41.73,1008.34
1107,99.54,32.28,31.47,41.72,1008.35
1108,99.63,32.27,31.45,41.73,1008.35
1109,99.72,32.27,31.44,41.73,1008.35
1110,99.81,32.26,31.46,41.73,1008.36
1111,99.90,32.26,31.43,41.72,1008.37
1112,99.99,32.25,31.43,41.72,1008.37
1113,100.08,32.22,31.43,41.71,1008.36
1114,100.17,32.23,31.43,41.73,1008.35
1115,100.26,32.23,31.42,41.74,1008.36
1116,100.35,32.22,31.41,41.74,1008.37
1117,100.44,32.22,31.38,41.75,1008.37
1118,100.53,32.23,31.39,41.74,1008.36
1119,100.62,32.22,31.39,41.75,1008.35
1120,100.71,32.22,31.38,41.75,1008.35
1121,100.80,32.22,31.39,41.73,1008.35
1122,100.89,32.22,31.40,41.73,1008.36
1123,100.98,32.20,31.39,41.73,1008.36
1124,101.07,32.18,31.37,41.70,1008.35
1125,101.16,32.17,31.37,41.68,1008.35
1126,101.25,32.17,31.35,41.70,1008.34
1127,101.34,32.16,31.34,41.71,1008.31
1128,101.43,32.14,31.34,41.71,1008.30
1129,101.52,32.15,31.33,41.72,1008.31
1130,101.61,32.15,31.32,41.72,1008.32
1131,101.70,32.14,31.29,41.74,1008.31
1132,101.79,32.12,31.29,41.75,1008.32
1133,101.88,32.12,31.29,41.75,1008.32
1134,101.97,32.13,31.27,41.75,1008.30
1135,102.06,32.14,31.25,41.79,1008.30
1136,102.15,32.12,31.24,41.80,1008.30
1137,102.24,32.14,31.24,41.82,1008.29
1138,102.33,32.14,31.23,41.80,1008.29
1139,102.42,32.14,31.24,41.84,1008.28
1140,102.51,32.15,31.22,41.86,1008.27
1141,102.60,32.13,31.21,41.88,1008.26
1142,102.69,32.11,31.19,41.89,1008.27
1143,102.78,32.10,31.17,41.89,1008.26
1144,102.87,32.10,31.18,41.90,1008.27
1145,102.96,32.09,31.17,41.90,1008.26
1146,103.05,32.08,31.18,41.90,1008.27
1147,103.14,32.09,31.19,41.90,1008.26
1148,103.23,32.07,31.16,41.92,1008.27
1149,103.32,32.08,31.12,41.95,1008.28
1150,103.41,32.09,31.10,41.96,1008.28
1151,103.50,32.08,31.08,41.97,1008.28
1152,103.59,32.10,31.09,41.99,1008.30
1153,103.68,32.10,31.09,42.03,1008.32
1154,103.77,32.09,31.09,42.05,1008.31
1155,103.86,32.08,31.09,42.04,1008.31
1156,103.95,32.08,31.09,42.03,1008.32
1157,104.04,32.06,31.10,42.04,1008.33
1158,104.13,32.07,31.10,42.06,1008.34
1159,104.22,32.05,31.09,42.07,1008.34
1160,104.31,32.05,31.08,42.07,1008.34
1161,104.40,32.05,31.10,42.08,1008.35
1162,104.49,32.05,31.11,42.09,1008.37
1163,104.58,32.06,31.10,42.07,1008.37
1164,104.67,32.05,31.11,42.05,1008.37
1165,104.76,32.04,31.08,42.04,1008.37
1166,104.85,32.05,31.07,42.04,1008.38
1167,104.94,32.05,31.08,42.05,1008.36
1168,105.03,32.04,31.09,42.05,1008.36
1169,105.12,32.03,31.09,42.05,1008.36
1170,105.21,32.02,31.09,42.04,1008.36
1171,105.30,32.02,31.08,42.06,1008.37
1172,105.39,32.03,31.10,42.03,1008.38
1173,105.48,32.02,31.10,42.05,1008.36
1174,105.57,31.99,31.11,42.05,1008.36
1175,105.66,31.99,31.12,42.07,1008.36
1176,105.75,31.97,31.13,42.06,1008.36
1177,105.84,31.96,31.10,42.06,1008.37
1178,105.93,31.96,31.10,42.04,1008.36
1179,106.02,31.95,31.10,42.05,1008.35
1180,106.11,31.95,31.11,42.03,1008.35
1181,106.20,31.97,31.10,42.02,1008.33
1182,106.29,31.95,31.08,42.02,1008.33
1183,106.38,31.96,31.10,42.05,1008.33
1184,106.47,31.95,31.12,42.03,1008.32
1185,106.56,31.94,31.11,41.98,1008.31
1186,106.65,31.92,31.07,41.98,1008.31
1187,106.74,31.91,31.07,41.95,1008.30
1188,106.83,31.92,31.07,41.95,1008.29
1189,106.92,31.91,31.09,41.93,1008.29
1190,107.01,31.89,31.09,41.90,1008.29
1191,107.10,31.88,31.08,41.87,1008.30
1192,107.19,31.88,31.09,41.86,1008.30
1193,107.28,31.88,31.05,41.86,1008.30
1194,107.37,31.88,31.05,41.87,1008.31
1195,107.46,31.86,31.03,41.86,1008.30
1196,107.55,31.86,31.03,41.82,1008.30
1197,107.64,31.85,31.04,41.81,1008.30
1198,107.73,31.83,31.03,41.81,1008.29
1199,107.82,31.82,31.03,41.79,1008.30
1200,107.91,31.81,31.02,41.76,1008.31
1201,108.00,31.82,31.01,41.78,1008.31
1202,108.09,31.80,31.01,41.79,1008.31
1203,108.18,31.80,31.01,41.78,1008.32
1204,108.27,31.81,31.01,41.78,1008.34
1205,108.36,31.80,30.99,41.80,1008.34
1206,108.45,31.78,31.00,41.80,1008.35
1207,108.54,31.78,31.00,41.78,1008.35
1208,108.63,31.76,31.00,41.82,1008.36
1209,108.72,31.73,30.99,41.77,1008.35
1210,108.81,31.73,30.96,41.76,1008.35
1211,108.90,31.73,30.95,41.77,1008.37
1212,108.99,31.73,30.96,41.77,1008.36
1213,109.08,31.73,30.95,41.77,1008.38
1214,109.17,31.71,30.97,41.75,1008.38
1215,109.26,31.70,30.95,41.75,1008.38
1216,109.35,31.69,30.95,41.73,1008.38
1217,109.44,31.70,30.92,41.75,1008.39
1218,109.53,31.69,30.93,41.73,1008.39
1219,109.62,31.68,30.93,41.71,1008.38
1220,109.71,31.68,30.91,41.70,1008.37
1221,109.80,31.68,30.88,41.71,1008.37
1222,109.89,31.67,30.87,41.69,1008.36
1223,109.98,31.66,30.85,41.70,1008.36
1224,110.07,31.65,30.85,41.72,1008.36
1225,110.16,31.63,30.87,41.69,1008.37
1226,110.25,31.61,30.86,41.68,1008.36
1227,110.34,31.62,30.87,41.66,1008.37
1228,110.43,31.62,30.84,41.65,1008.37
1229,110.52,31.59,30.84,41.66,1008.35
1230,110.61,31.60,30.81,41.66,1008.35
1231,110.70,31.58,30.81,41.69,1008.34
1232,110.79,31.58,30.80,41.70,1008.34
1233,110.88,31.57,30.79,41.72,1008.33
1234,110.97,31.58,30.80,41.72,1008.32
1235,111.06,31.57,30.80,41.73,1008.30
1236,111.15,31.58,30.81,41.69,1008.30
1237,111.24,31.58,30.80,41.69,1008.30
1238,111.33,31.59,30.79,41.69,1008.30
1239,111.42,31.60,30.78,41.72,1008.30
1240,111.51,31.61,30.76,41.71,1008.30
1241,111.60,31.60,30.74,41.73,1008.30
1242,111.69,31.61,30.76,41.71,1008.29
1243,111.78,31.59,30.76,41.70,1008.30
1244,111.87,31.59,30.77,41.72,1008.31
1245,111.96,31.58,30.77,41.71,1008.33
1246,112.05,31.58,30.76,41.74,1008.33
1247,112.14,31.58,30.76,41.72,1008.32
1248,112.23,31.59,30.78,41.74,1008.33
1249,112.32,31.58,30.76,41.74,1008.33
1250,112.41,31.56,30.76,41.73,1008.34
1251,112.50,31.56,30.78,41.73,1008.33
1252,112.59,31.55,30.77,41.74,1008.36
1253,112.68,31.55,30.74,41.75,1008.35
1254,112.77,31.57,30.74,41.74,1008.36
1255,112.86,31.57,30.74,41.73,1008.35
1256,112.95,31.59,30.75,41.75,1008.35
1257,113.04,31.59,30.76,41.76,1008.35
1258,113.13,31.59,30.74,41.78,1008.36
1259,113.22,31.59,30.74,41.78,1008.36
1260,113.31,31.59,30.73,41.77,1008.37
1261,113.40,31.57,30.73,41.77,1008.39
1262,113.49,31.55,30.74,41.75,1008.40
1263,113.58,31.54,30.75,41.73,1008.41
1264,113.67,31.55,30.74,41.72,1008.41
1265,113.76,31.57,30.73,41.70,1008.42
1266,113.85,31.55,30.73,41.71,1008.42
1267,113.94,31.57,30.73,41.71,1008.42
1268,114.03,31.56,30.71,41.72,1008.41
1269,114.12,31.57,30.70,41.69,1008.41
1270,114.21,31.57,30.73,41.70,1008.41
1271,114.30,31.57,30.73,41.67,1008.39
1272,114.39,31.58,30.72,41.68,1008.39
1273,114.48,31.58,30.72,41.69,1008.40
1274,114.57,31.57,30.72,41.69,1008.41
1275,114.66,31.58,30.71,41.70,1008.39
1276,114.75,31.56,30.69,41.69,1008.38
1277,114.84,31.56,30.69,41.71,1008.38
1278,114.93,31.55,30.70,41.70,1008.38
1279,115.02,31.54,30.68,41.68,1008.37
1280,115.11,31.53,30.67,41.71,1008.34
1281,115.20,31.52,30.67,41.68,1008.34
1282,115.29,31.50,30.67,41.67,1008.36
1283,115.38,31.47,30.66,41.68,1008.35
1284,115.47,31.46,30.65,41.68,1008.34
1285,115.56,31.45,30.66,41.69,1008.33
1286,115.65,31.43,30.65,41.69,1008.31
1287,115.74,31.42,30.66,41.71,1008.30
1288,115.83,31.41,30.66,41.69,1008.30
1289,115.92,31.40,30.66,41.68,1008.32
1290,116.01,31.39,30.64,41.69,1008.31
1291,116.10,31.38,30.65,41.70,1008.31
1292,116.19,31.38,30.65,41.67,1008.32
1293,116.28,31.36,30.66,41.68,1008.33
1294,116.37,31.34,30.65,41.73,1008.30
1295,116.46,31.33,30.64,41.75,1008.31
1296,116.55,31.32,30.64,41.74,1008.32
1297,116.64,31.31,30.63,41.75,1008.31
1298,116.73,31.32,30.62,41.76,1008.30
1299,116.82,31.28,30.60,41.76,1008.31
1300,116.91,31.28,30.58,41.77,1008.34
1301,117.00,31.30,30.58,41.78,1008.33
1302,117.09,31.28,30.60,41.75,1008.34
1303,117.18,31.27,30.61,41.74,1008.34
1304,117.27,31.26,30.61,41.75,1008.35
1305,117.36,31.25,30.61,41.77,1008.35
1306,117.45,31.25,30.59,41.76,1008.37
1307,117.54,31.25,30.57,41.76,1008.37
1308,117.63,31.27,30.57,41.74,1008.38
1309,117.72,31.29,30.58,41.73,1008.37
1310,117.81,31.28,30.57,41.76,1008.39
1311,117.90,31.28,30.56,41.76,1008.39
1312,117.99,31.26,30.56,41.77,1008.39
1313,118.08,31.24,30.55,41.75,1008.39
1314,118.17,31.24,30.55,41.75,1008.40
1315,118.26,31.25,30.55,41.73,1008.39
1316,118.35,31.23,30.56,41.71,1008.40
1317,118.44,31.23,30.55,41.69,1008.41
1318,118.53,31.24,30.54,41.69,1008.40
1319,118.62,31.25,30.54,41.72,1008.40
1320,118.71,31.25,30.50,41.70,1008.40
1321,118.80,31.25,30.47,41.70,1008.41
1322,118.89,31.24,30.49,41.71,1008.41
1323,118.98,31.24,30.49,41.74,1008.40
1324,119.07,31.25,30.50,41.73,1008.39
1325,119.16,31.26,30.49,41.76,1008.38
1326,119.25,31.25,30.47,41.78,1008.37
1327,119.34,31.27,30.44,41.78,1008.35
1328,119.43,31.27,30.46,41.80,1008.35
1329,119.52,31.26,30.46,41.79,1008.35
1330,119.61,31.25,30.45,41.80,1008.36
1331,119.70,31.24,30.43,41.81,1008.35
1332,119.79,31.22,30.42,41.80,1008.32
1333,119.88,31.21,30.41,41.81,1008.33
1334,119.97,31.21,30.40,41.82,1008.32
1335,120.06,31.20,30.41,41.81,1008.31
1336,120.15,31.22,30.39,41.80,1008.30
1337,120.24,31.22,30.37,41.82,1008.29
1338,120.33,31.20,30.38,41.81,1008.30
1339,120.42,31.20,30.37,41.81,1008.30
1340,120.51,31.21,30.37,41.79,1008.30
1341,120.60,31.19,30.35,41.78,1008.31
1342,120.69,31.19,30.36,41.80,1008.31
1343,120.78,31.18,30.38,41.79,1008.32
1344,120.87,31.18,30.37,41.80,1008.32
1345,120.96,31.18,30.36,41.80,1008.32
1346,121.05,31.19,30.36,41.79,1008.33
1347,121.14,31.18,30.36,41.75,1008.33
1348,121.23,31.16,30.39,41.75,1008.33
1349,121.32,31.15,30.40,41.74,1008.34
1350,121.41,31.17,30.42,41.74,1008.35
1351,121.50,31.18,30.43,41.77,1008.34
1352,121.59,31.18,30.42,41.75,1008.35
1353,121.68,31.19,30.43,41.73,1008.36
1354,121.77,31.18,30.41,41.72,1008.38
1355,121.86,31.17,30.40,41.76,1008.38
1356,121.95,31.17,30.40,41.76,1008.37
1357,122.04,31.16,30.38,41.75,1008.36
1358,122.13,31.17,30.41,41.74,1008.37
1359,122.22,31.17,30.39,41.75,1008.38
1360,122.31,31.17,30.40,41.75,1008.40
1361,122.40,31.18,30.42,41.75,1008.39
1362,122.49,31.17,30.42,41.76,1008.40
1363,122.58,31.18,30.41,41.75,1008.38
1364,122.67,31.18,30.41,41.76,1008.39
1365,122.76,31.18,30.41,41.74,1008.38
1366,122.85,31.18,30.39,41.72,1008.38
1367,122.94,31.17,30.38,41.70,1008.37
1368,123.03,31.16,30.38,41.69,1008.37
1369,123.12,31.14,30.39,41.67,1008.37
1370,123.21,31.14,30.37,41.65,1008.37
1371,123.30,31.13,30.35,41.66,1008.37
1372,123.39,31.12,30.33,41.65,1008.37
1373,123.48,31.11,30.34,41.66,1008.37
1374,123.57,31.10,30.34,41.69,1008.36
1375,123.66,31.08,30.32,41.68,1008.34
1376,123.75,31.08,30.33,41.71,1008.34
1377,123.84,31.07,30.34,41.75,1008.35
1378,123.93,31.06,30.36,41.76,1008.35
1379,124.02,31.06,30.34,41.77,1008.34
1380,124.11,31.06,30.33,41.79,1008.34
1381,124.20,31.06,30.34,41.78,1008.32
1382,124.29,31.07,30.35,41.81,1008.31
1383,124.38,31.06,30.34,41.81,1008.30
1384,124.47,31.06,30.34,41.82,1008.30
1385,124.56,31.07,30.35,41.84,1008.30
1386,124.65,31.08,30.34,41.84,1008.30
1387,124.74,31.07,30.33,41.81,1008.30
1388,124.83,31.07,30.30,41.82,1008.29
1389,124.92,31.06,30.30,41.83,1008.28
1390,125.01,31.07,30.29,41.85,1008.29
1391,125.10,31.06,30.28,41.86,1008.29
1392,125.19,31.05,30.28,41.85,1008.29
1393,125.28,31.03,30.26,41.84,1008.29
1394,125.37,31.02,30.27,41.84,1008.31
1395,125.46,31.01,30.25,41.82,1008.30
1396,125.55,31.00,30.24,41.81,1008.30
1397,125.64,30.98,30.26,41.79,1008.31
1398,125.73,30.98,30.25,41.77,1008.32
1399,125.82,30.98,30.23,41.79,1008.32
1400,125.91,30.98,30.24,41.76,1008.33
1401,126.00,30.97,30.23,41.74,1008.33
1402,126.09,30.97,30.21,41.74,1008.34
1403,126.18,30.96,30.20,41.74,1008.35
1404,126.27,30.96,30.19,41.74,1008.36
1405,126.36,30.94,30.19,41.76,1008.37
1406,126.45,30.95,30.19,41.78,1008.38
1407,126.54,30.92,30.18,41.80,1008.38
1408,126.63,30.92,30.17,41.78,1008.38
1409,126.72,30.92,30.15,41.77,1008.38
1410,126.81,30.91,30.16,41.76,1008.38
1411,126.90,30.91,30.14,41.75,1008.37
1412,126.99,31.26,30.14,41.71,1008.35
1413,127.08,30.90,30.14,41.72,1008.34
1414,127.17,30.98,30.14,41.75,1008.32
1415,127.26,30.91,30.14,41.77,1008.32
1416,127.35,30.90,30.16,41.77,1008.36
1417,127.44,30.89,30.15,41.77,1008.39
1418,127.53,30.90,30.17,41.76,1008.38
1419,127.62,30.90,30.16,41.75,1008.40
1420,127.71,30.90,30.16,41.75,1008.41
1421,127.80,30.90,30.13,41.76,1008.39
1422,127.89,30.91,30.14,41.74,1008.38
1423,127.98,30.89,30.13,41.72,1008.36
1424,128.07,30.89,30.13,41.75,1008.36
1425,128.16,30.90,30.14,41.75,1008.37
1426,128.25,30.89,30.13,41.73,1008.35
1427,128.34,30.86,30.12,41.72,1008.35
1428,128.43,30.85,30.11,41.71,1008.34
1429,128.52,30.86,30.09,41.71,1008.35
1430,128.61,30.86,30.06,41.70,1008.35
1431,128.70,30.84,30.06,41.70,1008.35
1432,128.79,30.82,30.07,41.73,1008.34
1433,128.88,30.82,30.07,41.72,1008.35
1434,128.97,30.85,30.10,41.74,1008.33
1435,129.06,30.84,30.08,41.71,1008.32
1436,129.15,30.85,30.12,41.68,1008.30
1437,129.24,30.84,30.12,41.67,1008.30
1438,129.33,30.85,30.11,41.67,1008.31
1439,129.42,30.85,30.10,41.66,1008.29
1440,129.51,30.86,30.10,41.65,1008.28
1441,129.60,30.87,30.11,41.68,1008.28
1442,129.69,30.86,30.11,41.70,1008.28
1443,129.78,30.85,30.10,41.71,1008.30
1444,129.87,30.83,30.09,41.72,1008.29
1445,129.96,30.83,30.08,41.72,1008.29
1446,130.05,30.81,30.08,41.72,1008.28
1447,130.14,30.81,30.10,41.72,1008.29
1448,130.23,30.81,30.10,41.73,1008.29
1449,130.32,30.80,30.10,41.72,1008.30
1450,130.41,30.81,30.12,41.72,1008.31
1451,130.50,30.81,30.12,41.73,1008.31
1452,130.59,30.81,30.11,41.71,1008.32
1453,130.68,30.79,30.11,41.71,1008.32
1454,130.77,30.78,30.12,41.71,1008.34
1455,130.86,30.78,30.12,41.71,1008.35
1456,130.95,30.78,30.13,41.70,1008.35
1457,131.04,30.77,30.16,41.67,1008.35
1458,131.13,30.77,30.15,41.66,1008.35
1459,131.22,30.77,30.13,41.66,1008.35
1460,131.31,30.76,30.12,41.68,1008.36
1461,131.40,30.76,30.11,41.66,1008.36
1462,131.49,30.75,30.09,41.66,1008.37
1463,131.58,30.75,30.10,41.68,1008.35
1464,131.67,30.74,30.09,41.66,1008.34
1465,131.76,30.74,30.09,41.66,1008.34
1466,131.85,30.75,30.10,41.66,1008.34
1467,131.94,30.75,30.09,41.68,1008.34
1468,132.03,30.75,30.09,41.67,1008.34
1469,132.12,30.74,30.10,41.67,1008.33
1470,132.21,30.73,30.09,41.64,1008.35
1471,132.30,30.73,30.08,41.62,1008.35
1472,132.39,30.74,30.08,41.64,1008.35
1473,132.48,30.73,30.08,41.62,1008.35
1474,132.57,30.73,30.10,41.62,1008.33
1475,132.66,30.73,30.09,41.63,1008.30
1476,132.75,30.74,30.07,41.62,1008.30
1477,132.84,30.73,30.08,41.61,1008.29
1478,132.93,30.71,30.06,41.62,1008.28
1479,133.02,30.72,30.05,41.64,1008.29
1480,133.11,30.72,30.05,41.64,1008.29
1481,133.20,30.72,30.03,41.63,1008.27
1482,133.29,30.72,30.03,41.62,1008.28
1483,133.38,30.72,30.04,41.61,1008.28
1484,133.47,30.73,30.02,41.62,1008.28
1485,133.56,30.73,30.00,41.64,1008.27
1486,133.65,30.73,30.01,41.65,1008.25
1487,133.74,30.72,30.00,41.64,1008.26
1488,133.83,30.71,30.01,41.60,1008.25
1489,133.92,30.72,29.99,41.61,1008.26
1490,134.01,30.73,30.00,41.63,1008.26
1491,134.10,30.71,30.00,41.65,1008.26
1492,134.19,30.72,29.99,41.65,1008.27
1493,134.28,30.72,29.98,41.65,1008.27
1494,134.37,30.71,29.97,41.67,1008.27
1495,134.46,30.70,29.96,41.68,1008.26
1496,134.55,30.71,29.95,41.68,1008.26
1497,134.64,30.71,29.97,41.67,1008.25
1498,134.73,30.70,29.97,41.65,1008.26
1499,134.82,30.68,29.97,41.66,1008.26
1500,134.91,30.65,29.97,41.66,1008.27
1501,135.00,30.63,29.97,41.65,1008.29
1502,135.09,30.63,29.97,41.62,1008.29
1503,135.18,30.63,29.96,41.62,1008.31
1504,135.27,30.62,29.94,41.60,1008.32
1505,135.36,30.62,29.94,41.60,1008.35
1506,135.45,30.62,29.92,41.60,1008.36
1507,135.54,30.60,29.91,41.61,1008.36
1508,135.63,30.60,29.89,41.61,1008.38
1509,135.72,30.59,29.88,41.61,1008.39
1510,135.81,30.58,29.85,41.57,1008.38
1511,135.90,30.58,29.83,41.58,1008.38
1512,135.99,30.59,29.84,41.57,1008.37
1513,136.08,30.59,29.83,41.57,1008.37
1514,136.17,30.58,29.82,41.58,1008.38
1515,136.26,30.57,29.81,41.57,1008.39
1516,136.35,30.56,29.81,41.56,1008.38
1517,136.44,30.57,29.81,41.55,1008.39
1518,136.53,30.57,29.81,41.55,1008.39
1519,136.62,30.59,29.83,41.55,1008.38
1520,136.71,30.57,29.81,41.57,1008.38
1521,136.80,30.56,29.83,41.56,1008.37
1522,136.89,30.55,29.82,41.53,1008.37
1523,136.98,30.54,29.82,41.53,1008.36
1524,137.07,30.56,29.81,41.52,1008.36
1525,137.16,30.54,29.80,41.53,1008.35
1526,137.25,30.53,29.81,41.55,1008.33
1527,137.34,30.53,29.83,41.55,1008.31
1528,137.43,30.54,29.84,41.57,1008.29
1529,137.52,30.53,29.84,41.59,1008.30
1530,137.61,30.52,29.84,41.62,1008.30
1531,137.70,30.53,29.84,41.64,1008.29
1532,137.79,30.55,29.84,41.64,1008.29
1533,137.88,30.55,29.85,41.65,1008.29
1534,137.97,30.53,29.86,41.65,1008.29
1535,138.06,30.54,29.84,41.64,1008.28
1536,138.15,30.53,29.86,41.63,1008.27
1537,138.24,30.53,29.85,41.66,1008.27
1538,138.33,30.51,29.84,41.64,1008.27
1539,138.42,30.50,29.86,41.64,1008.27
1540,138.51,30.50,29.86,41.64,1008.25
1541,138.60,30.51,29.85,41.64,1008.26
1542,138.69,30.51,29.85,41.64,1008.26
1543,138.78,30.50,29.84,41.63,1008.26
1544,138.87,30.50,29.82,41.61,1008.26
1545,138.96,30.49,29.82,41.61,1008.29
1546,139.05,30.47,29.82,41.62,1008.27
1547,139.14,30.46,29.83,41.61,1008.28
1548,139.23,30.46,29.83,41.59,1008.28
1549,139.32,30.47,29.82,41.59,1008.28
1550,139.41,30.47,29.82,41.59,1008.29
1551,139.50,30.45,29.82,41.61,1008.30
1552,139.59,30.45,29.81,41.60,1008.30
1553,139.68,30.45,29.84,41.60,1008.31
1554,139.77,30.45,29.84,41.58,1008.33
1555,139.86,30.45,29.83,41.57,1008.33
1556,139.95,30.45,29.83,41.56,1008.33
1557,140.04,30.46,29.83,41.56,1008.33
1558,140.13,30.45,29.81,41.56,1008.34
1559,140.22,30.45,29.82,41.57,1008.35
1560,140.31,30.46,29.80,41.56,1008.35
1561,140.40,30.45,29.80,41.56,1008.35
1562,140.49,30.45,29.82,41.55,1008.36
1563,140.58,30.44,29.81,41.55,1008.37
1564,140.67,30.42,29.82,41.58,1008.37
1565,140.76,30.41,29.81,41.59,1008.38
1566,140.85,30.40,29.82,41.60,1008.37
1567,140.94,30.40,29.79,41.62,1008.36
1568,141.03,30.40,29.78,41.65,1008.35
1569,141.12,30.40,29.78,41.67,1008.34
1570,141.21,30.39,29.77,41.69,1008.34
1571,141.30,30.38,29.77,41.71,1008.34
1572,141.39,30.37,29.78,41.71,1008.35
1573,141.48,30.38,29.76,41.71,1008.33
1574,141.57,30.37,29.76,41.68,1008.33
1575,141.66,30.36,29.75,41.68,1008.33
1576,141.75,30.37,29.73,41.68,1008.34
1577,141.84,30.38,29.72,41.64,1008.33
1578,141.93,30.39,29.73,41.63,1008.33
1579,142.02,30.38,29.72,41.64,1008.33
1580,142.11,30.37,29.71,41.66,1008.33
1581,142.20,30.37,29.70,41.67,1008.31
1582,142.29,30.35,29.69,41.67,1008.30
1583,142.38,30.34,29.68,41.66,1008.30
1584,142.47,30.34,29.69,41.63,1008.29
1585,142.56,30.33,29.68,41.63,1008.29
1586,142.65,30.35,29.68,41.60,1008.27
1587,142.74,30.35,29.66,41.57,1008.28
1588,142.83,30.36,29.66,41.53,1008.28
1589,142.92,30.37,29.65,41.55,1008.27
1590,143.01,30.37,29.66,41.57,1008.26
1591,143.10,30.36,29.64,41.56,1008.26
1592,143.19,30.36,29.64,41.54,1008.27
1593,143.28,30.38,29.64,41.52,1008.26
1594,143.37,30.38,29.63,41.54,1008.27
1595,143.46,30.38,29.62,41.55,1008.28
1596,143.55,30.37,29.62,41.53,1008.29
1597,143.64,30.36,29.63,41.52,1008.31
1598,143.73,30.35,29.64,41.50,1008.30
1599,143.82,30.34,29.64,41.49,1008.32
1600,143.91,30.34,29.63,41.52,1008.33
1601,144.00,30.33,29.64,41.52,1008.34
1602,144.09,30.32,29.62,41.52,1008.34
1603,144.18,30.33,29.61,41.52,1008.35
1604,144.27,30.34,29.61,41.51,1008.34
1605,144.36,30.34,29.61,41.50,1008.34
1606,144.45,30.33,29.60,41.52,1008.34
1607,144.54,30.34,29.58,41.51,1008.34
1608,144.63,30.34,29.60,41.52,1008.35
1609,144.72,30.35,29.59,41.53,1008.35
1610,144.81,30.34,29.58,41.51,1008.36
1611,144.90,30.34,29.56,41.50,1008.36
1612,144.99,30.33,29.58,41.49,1008.37
1613,145.08,30.32,29.58,41.49,1008.38
1614,145.17,30.29,29.58,41.48,1008.39
1615,145.26,30.30,29.58,41.49,1008.39
1616,145.35,30.28,29.60,41.48,1008.39
1617,145.44,30.30,29.59,41.48,1008.39
1618,145.53,30.29,29.60,41.48,1008.39
1619,145.62,30.29,29.61,41.49,1008.39
1620,145.71,30.28,29.62,41.51,1008.40
1621,145.80,30.27,29.61,41.51,1008.39
1622,145.89,30.27,29.63,41.53,1008.38
1623,145.98,30.27,29.63,41.53,1008.36
1624,146.07,30.25,29.62,41.55,1008.36
1625,146.16,30.25,29.63,41.56,1008.37
1626,146.25,30.25,29.61,41.56,1008.36
1627,146.34,30.25,29.62,41.56,1008.35
1628,146.43,30.24,29.60,41.54,1008.35
1629,146.52,30.24,29.60,41.54,1008.33
1630,146.61,30.24,29.59,41.55,1008.34
1631,146.70,30.23,29.57,41.53,1008.33
1632,146.79,30.23,29.58,41.54,1008.34
1633,146.88,30.22,29.56,41.53,1008.33
1634,146.97,30.19,29.57,41.52,1008.33
1635,147.06,30.22,29.57,41.53,1008.33
1636,147.15,30.21,29.59,41.54,1008.32
1637,147.24,30.21,29.60,41.55,1008.30
1638,147.33,30.22,29.58,41.55,1008.30
1639,147.42,30.21,29.60,41.53,1008.31
1640,147.51,30.19,29.61,41.51,1008.31
1641,147.60,30.19,29.60,41.52,1008.30
1642,147.69,30.20,29.59,41.51,1008.30
1643,147.78,30.19,29.58,41.51,1008.29
1644,147.87,30.19,29.59,41.52,1008.29
1645,147.96,30.19,29.58,41.53,1008.29
1646,148.05,30.22,29.59,41.53,1008.30
1647,148.14,30.22,29.58,41.51,1008.31
1648,148.23,30.20,29.56,41.54,1008.32
1649,148.32,30.19,29.54,41.52,1008.33
1650,148.41,30.18,29.52,41.52,1008.33
1651,148.50,30.18,29.51,41.51,1008.35
1652,148.59,30.17,29.53,41.48,1008.37
1653,148.68,30.16,29.53,41.50,1008.38
1654,148.77,30.16,29.53,41.47,1008.39
1655,148.86,30.16,29.53,41.47,1008.39
1656,148.95,30.16,29.55,41.46,1008.39
1657,149.04,30.17,29.55,41.45,1008.39
1658,149.13,30.16,29.54,41.44,1008.38
1659,149.22,30.15,29.53,41.43,1008.39
1660,149.31,30.16,29.51,41.40,1008.39
1661,149.40,30.15,29.52,41.36,1008.41
1662,149.49,30.19,29.52,41.36,1008.40
1663,149.58,30.18,29.51,41.36,1008.40
1664,149.67,30.17,29.49,41.36,1008.41
1665,149.76,30.17,29.49,41.37,1008.41
1666,149.85,30.19,29.47,41.37,1008.39
1667,149.94,30.19,29.45,41.38,1008.40
1668,150.03,30.20,29.45,41.42,1008.39
1669,150.12,30.19,29.44,41.42,1008.39
1670,150.21,30.19,29.43,41.41,1008.40
1671,150.30,30.20,29.43,41.42,1008.40
1672,150.39,30.20,29.43,41.42,1008.39
1673,150.48,30.18,29.44,41.42,1008.39
1674,150.57,30.19,29.44,41.40,1008.38
1675,150.66,30.18,29.44,41.43,1008.38
1676,150.75,30.19,29.43,41.42,1008.38
1677,150.84,30.18,29.44,41.44,1008.38
1678,150.93,30.17,29.45,41.46,1008.38
1679,151.02,30.15,29.43,41.45,1008.37
1680,151.11,30.13,29.44,41.46,1008.36
1681,151.20,30.13,29.42,41.48,1008.34
1682,151.29,30.13,29.42,41.48,1008.34
1683,151.38,30.14,29.41,41.48,1008.33
1684,151.47,30.14,29.39,41.47,1008.33
1685,151.56,30.14,29.39,41.46,1008.34
1686,151.65,30.13,29.39,41.46,1008.33
1687,151.74,30.11,29.38,41.48,1008.33
1688,151.83,30.12,29.38,41.49,1008.34
1689,151.92,30.11,29.36,41.49,1008.34
1690,152.01,30.11,29.37,41.47,1008.34
1691,152.10,30.09,29.38,41.47,1008.33
1692,152.19,30.09,29.37,41.48,1008.32
1693,152.28,30.09,29.38,41.50,1008.32
1694,152.37,30.09,29.37,41.49,1008.33
1695,152.46,30.09,29.36,41.51,1008.33
1696,152.55,30.08,29.35,41.51,1008.33
1697,152.64,30.07,29.34,41.49,1008.33
1698,152.73,30.06,29.34,41.50,1008.34
1699,152.82,30.07,29.33,41.52,1008.33
1700,152.91,30.08,29.33,41.51,1008.34
1701,153.00,30.09,29.33,41.51,1008.34
1702,153.09,30.07,29.33,41.52,1008.34
1703,153.18,30.07,29.33,41.52,1008.35
1704,153.27,30.07,29.35,41.52,1008.35
1705,153.36,30.06,29.35,41.53,1008.36
1706,153.45,30.04,29.35,41.51,1008.37
1707,153.54,30.04,29.33,41.51,1008.38
1708,153.63,30.04,29.31,41.51,1008.39
1709,153.72,30.05,29.30,41.53,1008.38
1710,153.81,30.05,29.31,41.52,1008.38
1711,153.90,30.04,29.35,41.52,1008.39
1712,153.99,30.02,29.36,41.53,1008.39
1713,154.08,30.02,29.35,41.54,1008.38
1714,154.17,30.01,29.34,41.55,1008.38
1715,154.26,29.99,29.35,41.56,1008.38
1716,154.35,29.97,29.36,41.56,1008.38
1717,154.44,29.96,29.37,41.57,1008.37
1718,154.53,29.94,29.37,41.58,1008.36
1719,154.62,29.94,29.38,41.58,1008.35
1720,154.71,29.96,29.40,41.59,1008.34
1721,154.80,29.94,29.41,41.59,1008.34
1722,154.89,29.94,29.40,41.60,1008.34
1723,154.98,29.95,29.39,41.61,1008.34
1724,155.07,29.96,29.38,41.60,1008.33
1725,155.16,29.94,29.35,41.64,1008.33
1726,155.25,29.93,29.35,41.65,1008.31
1727,155.34,29.92,29.36,41.64,1008.31
1728,155.43,29.91,29.37,41.63,1008.31
1729,155.52,29.93,29.39,41.61,1008.30
1730,155.61,29.93,29.39,41.62,1008.31
1731,155.70,29.91,29.38,41.63,1008.31
1732,155.79,29.92,29.37,41.63,1008.29
1733,155.88,29.92,29.37,41.62,1008.28
1734,155.97,29.91,29.37,41.60,1008.27
1735,156.06,29.90,29.37,41.59,1008.27
1736,156.15,29.90,29.37,41.58,1008.28
1737,156.24,29.90,29.36,41.58,1008.29
1738,156.33,29.89,29.34,41.60,1008.29
1739,156.42,29.90,29.33,41.61,1008.28
1740,156.51,29.89,29.33,41.63,1008.28
1741,156.60,29.90,29.35,41.65,1008.28
1742,156.69,29.91,29.38,41.64,1008.29
1743,156.78,29.91,29.36,41.62,1008.30
1744,156.87,29.90,29.35,41.61,1008.31
1745,156.96,29.91,29.33,41.63,1008.32
1746,157.05,29.90,29.33,41.66,1008.32
1747,157.14,29.89,29.33,41.67,1008.34
1748,157.23,29.89,29.32,41.67,1008.35
1749,157.32,29.88,29.33,41.68,1008.35
1750,157.41,29.87,29.35,41.66,1008.36
1751,157.50,29.88,29.34,41.62,1008.37
1752,157.59,29.87,29.35,41.66,1008.37
1753,157.68,29.89,29.36,41.67,1008.38
1754,157.77,29.89,29.36,41.68,1008.38
1755,157.86,29.89,29.36,41.67,1008.38
1756,157.95,29.90,29.34,41.65,1008.39
1757,158.04,29.88,29.33,41.67,1008.40
1758,158.13,29.88,29.34,41.66,1008.41
1759,158.22,29.88,29.33,41.67,1008.41
1760,158.31,29.88,29.34,41.66,1008.41
1761,158.40,29.88,29.32,41.63,1008.41
1762,158.49,29.89,29.32,41.63,1008.41
1763,158.58,29.90,29.30,41.62,1008.41
1764,158.67,29.90,29.31,41.62,1008.41
1765,158.76,29.89,29.30,41.64,1008.41
1766,158.85,29.89,29.30,41.66,1008.41
1767,158.94,29.89,29.30,41.66,1008.40
1768,159.03,29.88,29.30,41.67,1008.40
1769,159.12,29.88,29.31,41.65,1008.39
1770,159.21,29.89,29.30,41.62,1008.38
1771,159.30,29.89,29.32,41.62,1008.39
1772,159.39,29.88,29.30,41.62,1008.36
1773,159.48,29.87,29.32,41.63,1008.35
1774,159.57,29.86,29.31,41.64,1008.34
1775,159.66,29.85,29.28,41.66,1008.33
1776,159.75,29.83,29.29,41.65,1008.34
1777,159.84,29.83,29.28,41.66,1008.33
1778,159.93,29.84,29.26,41.66,1008.33
1779,160.02,29.83,29.26,41.69,1008.32
1780,160.11,29.84,29.23,41.69,1008.31
1781,160.20,29.85,29.23,41.67,1008.29
1782,160.29,29.84,29.20,41.65,1008.28
1783,160.38,29.85,29.18,41.66,1008.28
1784,160.47,29.85,29.17,41.65,1008.28
1785,160.56,29.85,29.18,41.63,1008.29
1786,160.65,29.85,29.19,41.65,1008.31
1787,160.74,29.84,29.17,41.66,1008.30
1788,160.83,29.85,29.17,41.65,1008.30
1789,160.92,29.85,29.18,41.65,1008.30
1790,161.01,29.86,29.17,41.63,1008.30
1791,161.10,29.84,29.16,41.63,1008.30
1792,161.19,29.85,29.15,41.64,1008.29
1793,161.28,29.84,29.16,41.63,1008.29
1794,161.37,29.83,29.17,41.64,1008.29
1795,161.46,29.83,29.16,41.65,1008.29
1796,161.55,29.86,29.14,41.65,1008.29
1797,161.64,29.86,29.14,41.63,1008.28
1798,161.73,29.86,29.13,41.67,1008.28
1799,161.82,29.85,29.17,41.67,1008.29
1800,161.91,29.85,29.16,41.66,1008.30
1801,162.00,29.84,29.14,41.66,1008.31
1802,162.09,29.84,29.14,41.65,1008.34
1803,162.18,29.85,29.15,41.66,1008.36
1804,162.27,29.85,29.16,41.66,1008.36
1805,162.36,29.82,29.16,41.67,1008.36
1806,162.45,29.82,29.18,41.63,1008.35
1807,162.54,29.80,29.19,41.64,1008.37
1808,162.63,29.81,29.21,41.65,1008.37
1809,162.72,29.79,29.18,41.64,1008.37
1810,162.81,29.79,29.20,41.67,1008.37
1811,162.90,29.79,29.20,41.67,1008.37
1812,162.99,29.78,29.21,41.66,1008.35
1813,163.08,29.78,29.22,41.65,1008.35
1814,163.17,29.77,29.23,41.64,1008.35
1815,163.26,29.75,29.25,41.60,1008.36
1816,163.35,29.73,29.26,41.61,1008.35
1817,163.44,29.73,29.28,41.58,1008.36
1818,163.53,29.73,29.26,41.59,1008.35
1819,163.62,29.74,29.25,41.60,1008.35
1820,163.71,29.72,29.29,41.64,1008.35
1821,163.80,29.72,29.28,41.63,1008.36
1822,163.89,29.71,29.28,41.62,1008.37
1823,163.98,29.69,29.28,41.64,1008.37
1824,164.07,29.71,29.29,41.65,1008.35
1825,164.16,29.70,29.28,41.67,1008.34
1826,164.25,29.69,29.27,41.66,1008.31
1827,164.34,29.69,29.25,41.69,1008.31
1828,164.43,29.69,29.25,41.70,1008.31
1829,164.52,29.70,29.24,41.72,1008.31
1830,164.61,29.69,29.22,41.71,1008.31
1831,164.70,29.66,29.22,41.72,1008.31
1832,164.79,29.64,29.20,41.72,1008.30
1833,164.88,29.64,29.20,41.70,1008.30
1834,164.97,29.64,29.19,41.68,1008.29
1835,165.06,29.64,29.18,41.69,1008.29
1836,165.15,29.65,29.18,41.69,1008.30
1837,165.24,29.66,29.19,41.66,1008.30
1838,165.33,29.66,29.19,41.67,1008.31
1839,165.42,29.65,29.19,41.67,1008.31
1840,165.51,29.67,29.20,41.66,1008.32
1841,165.60,29.69,29.19,41.67,1008.31
1842,165.69,29.68,29.18,41.67,1008.30
1843,165.78,29.71,29.17,41.66,1008.31
1844,165.87,29.70,29.16,41.67,1008.30
1845,165.96,29.69,29.16,41.66,1008.31
1846,166.05,29.68,29.15,41.65,1008.31
1847,166.14,29.67,29.15,41.64,1008.31
1848,166.23,29.67,29.15,41.65,1008.31
1849,166.32,29.67,29.17,41.64,1008.32
1850,166.41,29.67,29.18,41.65,1008.32
1851,166.50,29.68,29.18,41.64,1008.33
1852,166.59,29.67,29.17,41.64,1008.33
1853,166.68,29.67,29.18,41.66,1008.33
1854,166.77,29.67,29.17,41.64,1008.34
1855,166.86,29.67,29.16,41.63,1008.34
1856,166.95,29.67,29.14,41.62,1008.35
1857,167.04,29.69,29.14,41.60,1008.36
1858,167.13,29.69,29.11,41.62,1008.36
1859,167.22,29.68,29.09,41.62,1008.37
1860,167.31,29.68,29.08,41.60,1008.36
1861,167.40,29.69,29.08,41.59,1008.36
1862,167.49,29.70,29.10,41.58,1008.37
1863,167.58,29.70,29.07,41.57,1008.37
1864,167.67,29.70,29.07,41.56,1008.37
1865,167.76,29.71,29.07,41.55,1008.37
1866,167.85,29.70,29.06,41.53,1008.36
1867,167.94,29.70,29.05,41.55,1008.35
1868,168.03,29.70,29.05,41.56,1008.35
1869,168.12,29.71,29.04,41.56,1008.34
1870,168.21,29.75,29.03,41.56,1008.33
1871,168.30,29.73,29.03,41.59,1008.33
1872,168.39,29.73,29.04,41.56,1008.33
1873,168.48,29.72,29.03,41.55,1008.33
1874,168.57,29.71,29.05,41.55,1008.31
1875,168.66,29.71,29.03,41.55,1008.30
1876,168.75,29.73,29.01,41.56,1008.29
1877,168.84,29.74,29.03,41.57,1008.28
1878,168.93,29.74,29.02,41.56,1008.29
1879,169.02,29.72,29.02,41.57,1008.29
1880,169.11,29.71,29.01,41.57,1008.29
1881,169.20,29.71,29.03,41.57,1008.28
1882,169.29,29.70,29.03,41.56,1008.27
1883,169.38,29.69,29.04,41.58,1008.27
1884,169.47,29.69,29.05,41.56,1008.27
1885,169.56,29.68,29.05,41.56,1008.26
1886,169.65,29.67,29.05,41.57,1008.26
1887,169.74,29.66,29.02,41.55,1008.27
1888,169.83,29.65,29.00,41.54,1008.27
1889,169.92,29.66,29.00,41.54,1008.25
1890,170.01,29.65,29.03,41.57,1008.26
1891,170.10,29.64,29.02,41.59,1008.27
1892,170.19,29.63,29.01,41.61,1008.29
1893,170.28,29.62,29.01,41.60,1008.30
1894,170.37,29.62,29.02,41.60,1008.30
1895,170.46,29.61,29.04,41.61,1008.30
1896,170.55,29.60,29.04,41.62,1008.29
1897,170.64,29.60,29.03,41.62,1008.29
1898,170.73,29.59,29.03,41.63,1008.28
1899,170.82,29.58,29.04,41.60,1008.31
1900,170.91,29.58,29.05,41.63,1008.32
1901,171.00,29.58,29.04,41.63,1008.33
1902,171.09,29.57,29.04,41.62,1008.33
1903,171.18,29.57,29.04,41.61,1008.33
1904,171.27,29.56,29.02,41.62,1008.34
1905,171.36,29.57,29.04,41.63,1008.35
1906,171.45,29.57,29.04,41.66,1008.35
1907,171.54,29.57,29.06,41.66,1008.35
1908,171.63,29.57,29.05,41.66,1008.35
1909,171.72,29.56,29.05,41.65,1008.37
1910,171.81,29.56,29.06,41.65,1008.37
1911,171.90,29.57,29.07,41.67,1008.37
1912,171.99,29.56,29.05,41.68,1008.37
1913,172.08,29.55,29.06,41.71,1008.37
1914,172.17,29.55,29.08,41.72,1008.37
1915,172.26,29.56,29.07,41.71,1008.38
1916,172.35,29.56,29.08,41.71,1008.37
1917,172.44,29.57,29.07,41.73,1008.36
1918,172.53,29.56,29.10,41.74,1008.37
1919,172.62,29.55,29.08,41.75,1008.35
1920,172.71,29.53,29.08,41.73,1008.34
1921,172.80,29.52,29.05,41.72,1008.33
1922,172.89,29.50,29.06,41.73,1008.32
1923,172.98,29.49,29.04,41.70,1008.32
1924,173.07,29.49,29.05,41.71,1008.31
1925,173.16,29.51,29.04,41.70,1008.31
1926,173.25,29.51,29.06,41.70,1008.31
1927,173.34,29.50,29.04,41.69,1008.30
1928,173.43,29.50,29.03,41.70,1008.31
1929,173.52,29.50,29.02,41.67,1008.31
1930,173.61,29.51,29.02,41.70,1008.30
1931,173.70,29.52,29.00,41.69,1008.31
1932,173.79,29.54,29.00,41.68,1008.30
1933,173.88,29.57,29.00,41.66,1008.27
1934,173.97,29.58,28.99,41.68,1008.28
1935,174.06,29.60,28.96,41.68,1008.28
1936,174.15,29.60,28.96,41.70,1008.28
1937,174.24,29.61,28.97,41.70,1008.28
1938,174.33,29.63,28.95,41.72,1008.28
1939,174.42,29.64,28.94,41.74,1008.27
1940,174.51,29.63,28.92,41.73,1008.28
1941,174.60,29.63,28.91,41.72,1008.30
1942,174.69,29.61,28.92,41.73,1008.30
1943,174.78,29.59,28.93,41.70,1008.31
1944,174.87,29.57,28.95,41.71,1008.32
1945,174.96,29.55,28.94,41.70,1008.33
1946,175.05,29.54,28.94,41.69,1008.33
1947,175.14,29.54,28.93,41.70,1008.34
1948,175.23,29.51,28.94,41.68,1008.33
1949,175.32,29.51,28.93,41.69,1008.33
1950,175.41,29.49,28.92,41.69,1008.35
1951,175.50,29.48,28.91,41.71,1008.35
1952,175.59,29.47,28.91,41.73,1008.34
1953,175.68,29.47,28.88,41.75,1008.35
1954,175.77,29.46,28.86,41.77,1008.35
1955,175.86,29.48,28.87,41.77,1008.36
1956,175.95,29.47,28.88,41.77,1008.37
1957,176.04,29.47,28.87,41.77,1008.36
1958,176.13,29.48,28.86,41.75,1008.35
1959,176.22,29.48,28.86,41.75,1008.36
1960,176.31,29.50,28.85,41.77,1008.36
1961,176.40,29.49,28.87,41.78,1008.36
1962,176.49,29.49,28.87,41.77,1008.36
1963,176.58,29.50,28.89,41.77,1008.36
1964,176.67,29.50,28.87,41.78,1008.36
1965,176.76,29.50,28.87,41.75,1008.36
1966,176.85,29.48,28.86,41.74,1008.38
1967,176.94,29.48,28.88,41.72,1008.38
1968,177.03,29.47,28.87,41.73,1008.37
1969,177.12,29.46,28.89,41.73,1008.35
1970,177.21,29.47,28.88,41.74,1008.34
1971,177.30,29.48,28.90,41.74,1008.33
1972,177.39,29.48,28.90,41.73,1008.32
1973,177.48,29.49,28.91,41.73,1008.32
1974,177.57,29.49,28.89,41.73,1008.31
1975,177.66,29.47,28.88,41.72,1008.30
1976,177.75,29.48,28.87,41.70,1008.30
1977,177.84,29.48,28.88,41.70,1008.29
1978,177.93,29.48,28.88,41.70,1008.29
1979,178.02,29.47,28.89,41.66,1008.28
1980,178.11,29.48,28.87,41.66,1008.28
1981,178.20,29.47,28.88,41.67,1008.27
1982,178.29,29.47,28.89,41.70,1008.26
1983,178.38,29.46,28.88,41.72,1008.27
1984,178.47,29.46,28.88,41.73,1008.27
1985,178.56,29.45,28.90,41.74,1008.28
1986,178.65,29.44,28.89,41.74,1008.28
1987,178.74,29.45,28.89,41.75,1008.28
1988,178.83,29.45,28.89,41.74,1008.29
1989,178.92,29.46,28.90,41.72,1008.29
1990,179.01,29.46,28.91,41.74,1008.29
1991,179.10,29.48,28.91,41.74,1008.30
1992,179.19,29.50,28.93,41.74,1008.31
1993,179.28,29.49,28.93,41.76,1008.30
1994,179.37,29.49,28.91,41.75,1008.32
1995,179.46,29.48,28.90,41.72,1008.33
1996,179.55,29.46,28.88,41.70,1008.34
1997,179.64,29.45,28.87,41.69,1008.34
1998,179.73,29.45,28.89,41.69,1008.35
1999,179.82,29.45,28.88,41.67,1008.36
2000,179.91,29.44,28.88,41.69,1008.38
2001,180.00,29.43,28.85,41.68,1008.38
2002,180.09,29.43,28.86,41.69,1008.39
2003,180.18,29.40,28.88,41.70,1008.38
2004,180.27,29.41,28.89,41.69,1008.39
2005,180.36,29.43,28.91,41.70,1008.39
2006,180.45,29.43,28.90,41.70,1008.40
2007,180.54,29.41,28.90,41.71,1008.40
2008,180.63,29.38,28.91,41.74,1008.41
2009,180.72,29.38,28.92,41.75,1008.42
2010,180.81,29.39,28.91,41.75,1008.41
2011,180.90,29.40,28.91,41.78,1008.42
2012,180.99,29.40,28.91,41.80,1008.40
2013,181.08,29.41,28.91,41.81,1008.38
2014,181.17,29.40,28.91,41.80,1008.38
2015,181.26,29.37,28.93,41.82,1008.38
2016,181.35,29.37,28.94,41.82,1008.39
2017,181.44,29.38,28.93,41.83,1008.39
2018,181.53,29.36,28.92,41.82,1008.38
2019,181.62,29.35,28.91,41.82,1008.36
2020,181.71,29.35,28.91,41.80,1008.37
2021,181.80,29.35,28.90,41.81,1008.37
2022,181.89,29.36,28.90,41.82,1008.36
2023,181.98,29.38,28.92,41.79,1008.36
2024,182.07,29.37,28.93,41.81,1008.37
2025,182.16,29.36,28.92,41.83,1008.35
2026,182.25,29.35,28.91,41.84,1008.36
2027,182.34,29.35,28.92,41.86,1008.35
2028,182.43,29.36,28.89,41.87,1008.33
2029,182.52,29.35,28.87,41.87,1008.34
2030,182.61,29.33,28.87,41.85,1008.34
2031,182.70,29.33,28.85,41.83,1008.36
2032,182.79,29.33,28.82,41.86,1008.36
2033,182.88,29.32,28.80,41.86,1008.35
2034,182.97,29.31,28.80,41.86,1008.35
2035,183.06,29.31,28.79,41.88,1008.33
2036,183.15,29.30,28.79,41.89,1008.33
2037,183.24,29.28,28.79,41.87,1008.33
2038,183.33,29.29,28.81,41.87,1008.32
2039,183.42,29.31,28.79,41.88,1008.32
2040,183.51,29.30,28.76,41.88,1008.30
2041,183.60,29.31,28.77,41.88,1008.29
2042,183.69,29.32,28.76,41.90,1008.29
2043,183.78,29.33,28.76,41.90,1008.30
2044,183.87,29.34,28.75,41.88,1008.31
2045,183.96,29.33,28.74,41.86,1008.31
2046,184.05,29.33,28.74,41.85,1008.31
2047,184.14,29.32,28.75,41.82,1008.32
2048,184.23,29.32,28.76,41.84,1008.34
2049,184.32,29.32,28.74,41.83,1008.34
2050,184.41,29.34,28.73,41.85,1008.35
2051,184.50,29.34,28.72,41.86,1008.35
2052,184.59,29.34,28.71,41.86,1008.36
2053,184.68,29.33,28.69,41.86,1008.38
2054,184.77,29.31,28.70,41.84,1008.40
2055,184.86,29.31,28.69,41.83,1008.41
2056,184.95,29.31,28.70,41.83,1008.40
2057,185.04,29.31,28.70,41.84,1008.40
2058,185.13,29.30,28.67,41.86,1008.40
2059,185.22,29.32,28.68,41.88,1008.41
2060,185.31,29.32,28.68,41.89,1008.41
2061,185.40,29.33,28.68,41.92,1008.40
2062,185.49,29.32,28.68,41.91,1008.41
2063,185.58,29.32,28.69,41.90,1008.40
2064,185.67,29.32,28.70,41.91,1008.41
2065,185.76,29.32,28.70,41.91,1008.40
2066,185.85,29.34,28.68,41.90,1008.38
2067,185.94,29.35,28.70,41.88,1008.37
2068,186.03,29.34,28.71,41.87,1008.37
2069,186.12,29.35,28.72,41.87,1008.36
2070,186.21,29.34,28.74,41.88,1008.36
2071,186.30,29.34,28.72,41.89,1008.34
2072,186.39,29.34,28.72,41.90,1008.33
2073,186.48,29.34,28.72,41.92,1008.32
2074,186.57,29.35,28.70,41.95,1008.32
2075,186.66,29.34,28.71,41.94,1008.32
2076,186.75,29.34,28.69,41.94,1008.32
2077,186.84,29.33,28.71,41.95,1008.30
2078,186.93,29.31,28.72,41.96,1008.30
2079,187.02,29.32,28.71,41.95,1008.32
2080,187.11,29.31,28.70,41.90,1008.33
2081,187.20,29.32,28.71,41.88,1008.33
2082,187.29,29.32,28.73,41.85,1008.34
2083,187.38,29.33,28.73,41.87,1008.33
2084,187.47,29.32,28.73,41.85,1008.34
2085,187.56,29.31,28.74,41.86,1008.33
2086,187.65,29.31,28.75,41.85,1008.32
2087,187.74,29.30,28.75,41.83,1008.32
2088,187.83,29.30,28.75,41.82,1008.33
2089,187.92,29.30,28.77,41.85,1008.36
2090,188.01,29.31,28.77,41.84,1008.37
2091,188.10,29.31,28.75,41.85,1008.37
2092,188.19,29.32,28.75,41.82,1008.37
2093,188.28,29.31,28.75,41.82,1008.36
2094,188.37,29.31,28.73,41.82,1008.37
2095,188.46,29.29,28.74,41.82,1008.36
2096,188.55,29.26,28.76,41.83,1008.36
2097,188.64,29.26,28.76,41.84,1008.36
2098,188.73,29.27,28.77,41.85,1008.35
2099,188.82,29.26,28.76,41.83,1008.35
2100,188.91,29.26,28.75,41.82,1008.36
2101,189.00,29.25,28.76,41.82,1008.37
2102,189.09,29.24,28.75,41.82,1008.39
2103,189.18,29.25,28.75,41.83,1008.40
2104,189.27,29.26,28.75,41.80,1008.41
2105,189.36,29.25,28.74,41.79,1008.40
2106,189.45,29.25,28.76,41.77,1008.40
2107,189.54,29.24,28.77,41.79,1008.40
2108,189.63,29.25,28.76,41.78,1008.40
2109,189.72,29.23,28.77,41.77,1008.41
2110,189.81,29.22,28.75,41.78,1008.41
2111,189.90,29.21,28.76,41.80,1008.41
2112,189.99,29.21,28.77,41.81,1008.41
2113,190.08,29.21,28.77,41.81,1008.41
2114,190.17,29.19,28.77,41.80,1008.40
2115,190.26,29.18,28.78,41.80,1008.40
2116,190.35,29.18,28.79,41.82,1008.39
2117,190.44,29.18,28.76,41.83,1008.40
2118,190.53,29.17,28.76,41.85,1008.38
2119,190.62,29.18,28.76,41.86,1008.37
2120,190.71,29.19,28.76,41.85,1008.36
2121,190.80,29.18,28.77,41.84,1008.36
2122,190.89,29.19,28.76,41.84,1008.35
2123,190.98,29.19,28.74,41.85,1008.34
2124,191.07,29.15,28.73,41.85,1008.32
2125,191.16,29.15,28.73,41.83,1008.31
2126,191.25,29.16,28.73,41.81,1008.32
2127,191.34,29.15,28.71,41.83,1008.32
2128,191.43,29.14,28.72,41.82,1008.31
2129,191.52,29.13,28.71,41.82,1008.30
2130,191.61,29.12,28.72,41.83,1008.30
2131,191.70,29.14,28.71,41.82,1008.29
2132,191.79,29.13,28.70,41.82,1008.28
2133,191.88,29.14,28.68,41.81,1008.28
2134,191.97,29.14,28.70,41.80,1008.27
2135,192.06,29.14,28.70,41.81,1008.27
2136,192.15,29.12,28.70,41.82,1008.27
2137,192.24,29.13,28.70,41.82,1008.28
2138,192.33,29.13,28.70,41.81,1008.29
2139,192.42,29.15,28.70,41.85,1008.31
2140,192.51,29.15,28.68,41.85,1008.30
2141,192.60,29.16,28.66,41.86,1008.31
2142,192.69,29.16,28.66,41.87,1008.30
2143,192.78,29.16,28.64,41.86,1008.32
2144,192.87,29.17,28.66,41.83,1008.32
2145,192.96,29.18,28.67,41.84,1008.33
2146,193.05,29.17,28.65,41.84,1008.33
2147,193.14,29.17,28.63,41.84,1008.35
2148,193.23,29.17,28.63,41.82,1008.35
2149,193.32,29.17,28.62,41.85,1008.36
2150,193.41,29.16,28.61,41.86,1008.37
2151,193.50,29.16,28.59,41.87,1008.38
2152,193.59,29.16,28.60,41.89,1008.38
2153,193.68,29.15,28.60,41.90,1008.39
2154,193.77,29.15,28.59,41.90,1008.41
2155,193.86,29.16,28.60,41.89,1008.41
2156,193.95,29.16,28.58,41.87,1008.43
2157,194.04,29.16,28.59,41.87,1008.42
2158,194.13,29.16,28.59,41.87,1008.41
2159,194.22,29.17,28.60,41.88,1008.40
2160,194.31,29.17,28.59,41.85,1008.40
2161,194.40,29.16,28.57,41.86,1008.40
2162,194.49,29.17,28.58,41.88,1008.39
2163,194.58,29.19,28.59,41.88,1008.39
2164,194.67,29.18,28.61,41.90,1008.38
2165,194.76,29.19,28.61,41.89,1008.37
2166,194.85,29.18,28.62,41.88,1008.36
2167,194.94,29.19,28.60,41.86,1008.36
2168,195.03,29.19,28.60,41.87,1008.35
2169,195.12,29.19,28.61,41.89,1008.34
2170,195.21,29.17,28.60,41.89,1008.33
2171,195.30,29.17,28.60,41.88,1008.32
2172,195.39,29.17,28.60,41.88,1008.31
2173,195.48,29.16,28.61,41.89,1008.31
2174,195.57,29.18,28.62,41.90,1008.30
2175,195.66,29.19,28.63,41.92,1008.30
2176,195.75,29.17,28.62,41.93,1008.30
2177,195.84,29.16,28.60,41.92,1008.30
2178,195.93,29.17,28.60,41.93,1008.30
2179,196.02,29.17,28.61,41.94,1008.29
2180,196.11,29.17,28.60,41.94,1008.29
2181,196.20,29.17,28.62,41.95,1008.29
2182,196.29,29.15,28.63,41.95,1008.30
2183,196.38,29.15,28.63,41.95,1008.29
2184,196.47,29.15,28.63,41.95,1008.29
2185,196.56,29.14,28.60,41.97,1008.28
2186,196.65,29.13,28.62,41.96,1008.28
2187,196.74,29.15,28.63,41.99,1008.27
2188,196.83,29.14,28.63,41.98,1008.26
2189,196.92,29.14,28.63,41.98,1008.28
2190,197.01,29.14,28.64,41.96,1008.28
2191,197.10,29.13,28.67,41.97,1008.29
2192,197.19,29.13,28.67,41.98,1008.29
2193,197.28,29.13,28.69,41.98,1008.31
2194,197.37,29.13,28.69,41.98,1008.31
2195,197.46,29.12,28.68,41.97,1008.32
2196,197.55,29.13,28.69,41.94,1008.32
2197,197.64,29.14,28.69,41.93,1008.33
2198,197.73,29.12,28.69,41.93,1008.34
2199,197.82,29.12,28.69,41.93,1008.34
2200,197.91,29.12,28.70,41.93,1008.35
2201,198.00,29.14,28.68,41.95,1008.34
2202,198.09,29.13,28.66,41.94,1008.35
2203,198.18,29.13,28.67,41.91,1008.35
2204,198.27,29.13,28.66,41.92,1008.36
2205,198.36,29.14,28.64,41.93,1008.35
2206,198.45,29.12,28.65,41.93,1008.36
2207,198.54,29.10,28.64,41.90,1008.35
2208,198.63,29.10,28.65,41.92,1008.36
2209,198.72,29.11,28.64,41.92,1008.36
2210,198.81,29.12,28.63,41.91,1008.36
2211,198.90,29.13,28.62,41.92,1008.37
2212,198.99,29.12,28.59,41.93,1008.38
2213,199.08,29.10,28.60,41.91,1008.36
2214,199.17,29.09,28.60,41.92,1008.36
2215,199.26,29.09,28.58,41.92,1008.35
2216,199.35,29.08,28.56,41.91,1008.33
2217,199.44,29.08,28.56,41.90,1008.32
2218,199.53,29.07,28.54,41.89,1008.32
2219,199.62,29.06,28.53,41.87,1008.32
2220,199.71,29.05,28.51,41.89,1008.31
2221,199.80,29.03,28.52,41.89,1008.31
2222,199.89,29.01,28.52,41.89,1008.31
2223,199.98,29.04,28.52,41.88,1008.31
2224,200.07,29.04,28.54,41.86,1008.30
2225,200.16,29.04,28.56,41.86,1008.30
2226,200.25,29.04,28.54,41.86,1008.29
2227,200.34,29.03,28.54,41.85,1008.27
2228,200.43,29.04,28.53,41.82,1008.26
2229,200.52,29.03,28.52,41.84,1008.26
2230,200.61,29.03,28.53,41.81,1008.25
2231,200.70,29.01,28.52,41.82,1008.25
2232,200.79,29.02,28.51,41.82,1008.26
2233,200.88,29.02,28.51,41.81,1008.25
2234,200.97,29.03,28.51,41.78,1008.25
2235,201.06,29.02,28.50,41.80,1008.24
2236,201.15,29.00,28.53,41.81,1008.23
2237,201.24,29.00,28.55,41.80,1008.23
2238,201.33,28.99,28.56,41.85,1008.23
2239,201.42,29.00,28.55,41.86,1008.24
2240,201.51,29.00,28.54,41.86,1008.25
2241,201.60,29.01,28.52,41.83,1008.27
2242,201.69,29.00,28.52,41.87,1008.27
2243,201.78,28.98,28.50,41.87,1008.29
2244,201.87,28.98,28.50,41.87,1008.30
2245,201.96,28.96,28.49,41.88,1008.31
2246,202.05,28.96,28.49,41.88,1008.33
2247,202.14,28.96,28.49,41.89,1008.35
2248,202.23,28.96,28.49,41.91,1008.36
2249,202.32,28.98,28.50,41.90,1008.36
2250,202.41,28.98,28.49,41.89,1008.35
2251,202.50,28.98,28.49,41.90,1008.36
2252,202.59,28.98,28.50,41.89,1008.37
2253,202.68,28.97,28.49,41.92,1008.38
2254,202.77,28.97,28.50,41.94,1008.39
2255,202.86,28.99,28.50,41.92,1008.40
2256,202.95,28.99,28.49,41.92,1008.40
2257,203.04,29.00,28.50,41.92,1008.41
2258,203.13,28.99,28.51,41.92,1008.40
2259,203.22,29.01,28.52,41.93,1008.40
2260,203.31,29.02,28.54,41.91,1008.39
2261,203.40,29.02,28.54,41.93,1008.40
2262,203.49,29.02,28.56,41.91,1008.41
2263,203.58,29.01,28.55,41.93,1008.41
2264,203.67,29.02,28.55,41.90,1008.41
2265,203.76,29.02,28.53,41.88,1008.39
2266,203.85,29.03,28.50,41.88,1008.37
2267,203.94,29.03,28.51,41.86,1008.36
2268,204.03,29.04,28.48,41.84,1008.36
2269,204.12,29.05,28.48,41.87,1008.36
2270,204.21,29.05,28.50,41.87,1008.36
2271,204.30,29.05,28.51,41.87,1008.35
2272,204.39,29.04,28.53,41.88,1008.35
2273,204.48,29.02,28.54,41.87,1008.34
2274,204.57,29.02,28.53,41.88,1008.33
2275,204.66,29.03,28.50,41.85,1008.34
2276,204.75,29.03,28.51,41.83,1008.34
2277,204.84,29.03,28.53,41.82,1008.33
2278,204.93,29.02,28.53,41.83,1008.32
2279,205.02,29.01,28.52,41.83,1008.31
2280,205.11,29.01,28.52,41.81,1008.30
2281,205.20,29.00,28.51,41.81,1008.31
2282,205.29,28.99,28.52,41.81,1008.31
2283,205.38,29.00,28.53,41.81,1008.32
2284,205.47,29.02,28.53,41.79,1008.32
2285,205.56,29.01,28.54,41.79,1008.32
2286,205.65,29.01,28.54,41.79,1008.31
2287,205.74,29.02,28.53,41.79,1008.32
2288,205.83,29.04,28.56,41.79,1008.32
2289,205.92,29.03,28.56,41.78,1008.31
2290,206.01,29.02,28.57,41.75,1008.31
2291,206.10,29.01,28.55,41.75,1008.31
2292,206.19,29.01,28.53,41.76,1008.32
2293,206.28,29.01,28.54,41.74,1008.33
2294,206.37,29.01,28.55,41.75,1008.34
2295,206.46,29.02,28.54,41.73,1008.35
2296,206.55,29.02,28.54,41.72,1008.34
2297,206.64,29.01,28.54,41.72,1008.35
2298,206.73,29.02,28.53,41.73,1008.35
2299,206.82,29.01,28.53,41.75,1008.36
2300,206.91,29.02,28.53,41.75,1008.38
2301,207.00,29.01,28.50,41.74,1008.37
2302,207.09,29.01,28.50,41.76,1008.37
2303,207.18,28.99,28.52,41.76,1008.38
2304,207.27,29.01,28.51,41.78,1008.38
2305,207.36,29.00,28.53,41.78,1008.38
2306,207.45,29.02,28.51,41.77,1008.38
2307,207.54,29.02,28.50,41.80,1008.38
2308,207.63,29.03,28.47,41.81,1008.38
2309,207.72,29.04,28.46,41.81,1008.38
2310,207.81,29.02,28.46,41.82,1008.39
2311,207.90,29.03,28.45,41.81,1008.38
2312,207.99,29.03,28.43,41.83,1008.37
2313,208.08,29.03,28.43,41.83,1008.38
2314,208.17,29.02,28.42,41.84,1008.38
2315,208.26,29.03,28.43,41.84,1008.37
2316,208.35,29.01,28.44,41.85,1008.36
2317,208.44,28.99,28.46,41.85,1008.34
2318,208.53,28.99,28.46,41.87,1008.34
2319,208.62,28.99,28.47,41.85,1008.33
2320,208.71,28.98,28.48,41.86,1008.32
2321,208.80,28.98,28.47,41.88,1008.32
2322,208.89,28.97,28.46,41.88,1008.33
2323,208.98,28.96,28.44,41.88,1008.31
2324,209.07,28.98,28.43,41.89,1008.32
2325,209.16,28.98,28.43,41.88,1008.32
2326,209.25,28.97,28.42,41.89,1008.31
2327,209.34,28.95,28.43,41.89,1008.31
2328,209.43,28.96,28.42,41.89,1008.31
2329,209.52,28.95,28.42,41.90,1008.30
2330,209.61,28.94,28.41,41.90,1008.30
2331,209.70,28.95,28.39,41.91,1008.29
2332,209.79,28.95,28.38,41.93,1008.30
2333,209.88,28.94,28.34,41.95,1008.30
2334,209.97,28.93,28.34,41.96,1008.30
2335,210.06,28.94,28.36,41.97,1008.27
2336,210.15,28.93,28.37,41.95,1008.27
2337,210.24,28.92,28.39,41.95,1008.30
2338,210.33,28.92,28.41,41.95,1008.29
2339,210.42,28.91,28.40,41.96,1008.30
2340,210.51,28.90,28.40,41.96,1008.30
2341,210.60,28.89,28.37,41.95,1008.32
2342,210.69,28.89,28.38,41.95,1008.33
2343,210.78,28.88,28.39,41.95,1008.35
2344,210.87,28.87,28.40,41.95,1008.36
2345,210.96,28.85,28.41,41.96,1008.36
2346,211.05,28.85,28.42,41.98,1008.38
2347,211.14,28.85,28.43,42.00,1008.38
2348,211.23,28.86,28.41,42.01,1008.39
2349,211.32,28.87,28.43,42.01,1008.40
2350,211.41,28.88,28.46,41.99,1008.42
2351,211.50,28.87,28.47,41.97,1008.42
2352,211.59,28.87,28.46,41.97,1008.41
2353,211.68,28.89,28.46,41.98,1008.41
2354,211.77,28.89,28.48,41.98,1008.40
2355,211.86,28.89,28.46,42.00,1008.40
2356,211.95,28.90,28.46,42.00,1008.40
2357,212.04,28.88,28.45,42.01,1008.39
2358,212.13,28.88,28.47,42.00,1008.39
2359,212.22,28.89,28.45,42.02,1008.39
2360,212.31,28.89,28.46,42.01,1008.40
2361,212.40,28.89,28.45,42.02,1008.39
2362,212.49,28.87,28.47,41.99,1008.39
2363,212.58,28.87,28.46,42.01,1008.36
2364,212.67,28.86,28.48,42.00,1008.36
2365,212.76,28.86,28.49,42.02,1008.36
2366,212.85,28.86,28.48,41.99,1008.34
2367,212.94,28.87,28.51,41.97,1008.34
2368,213.03,28.88,28.50,41.98,1008.34
2369,213.12,28.89,28.50,41.99,1008.33
2370,213.21,28.89,28.51,41.99,1008.31
2371,213.30,28.89,28.51,41.99,1008.30
2372,213.39,28.89,28.50,41.99,1008.30
2373,213.48,28.88,28.50,41.98,1008.29
2374,213.57,28.88,28.50,41.99,1008.28
2375,213.66,28.88,28.51,41.97,1008.28
2376,213.75,28.87,28.51,41.98,1008.29
2377,213.84,28.88,28.50,41.98,1008.29
2378,213.93,28.88,28.50,42.00,1008.28
2379,214.02,28.86,28.51,42.02,1008.28
2380,214.11,28.88,28.52,42.01,1008.28
2381,214.20,28.88,28.50,42.00,1008.29
2382,214.29,28.88,28.49,42.00,1008.28
2383,214.38,28.89,28.48,41.97,1008.28
2384,214.47,28.88,28.47,41.99,1008.30
2385,214.56,28.88,28.46,42.00,1008.31
2386,214.65,28.89,28.46,42.01,1008.31
2387,214.74,28.89,28.44,41.99,1008.30
2388,214.83,28.91,28.43,41.98,1008.31
2389,214.92,28.90,28.43,41.98,1008.30
2390,215.01,28.90,28.43,41.98,1008.31
2391,215.10,28.89,28.45,41.98,1008.31
2392,215.19,28.90,28.44,41.97,1008.32
2393,215.28,28.90,28.44,41.97,1008.33
2394,215.37,28.90,28.44,42.01,1008.33
2395,215.46,28.88,28.43,41.99,1008.34
2396,215.55,28.88,28.44,41.97,1008.34
2397,215.64,28.87,28.43,41.97,1008.36
2398,215.73,28.87,28.45,41.98,1008.36
2399,215.82,28.86,28.42,41.99,1008.36
2400,215.91,28.86,28.42,41.98,1008.37
2401,216.00,28.86,28.42,41.99,1008.37
2402,216.09,28.85,28.40,41.97,1008.38
2403,216.18,28.85,28.39,41.99,1008.39
2404,216.27,28.85,28.40,41.97,1008.40
2405,216.36,28.84,28.39,41.97,1008.39
2406,216.45,28.84,28.39,41.96,1008.39
2407,216.54,28.84,28.40,41.97,1008.38
2408,216.63,28.84,28.37,41.96,1008.38
2409,216.72,28.85,28.37,41.97,1008.39
2410,216.81,28.84,28.35,41.97,1008.39
2411,216.90,28.82,28.34,41.96,1008.38
2412,216.99,28.82,28.35,41.94,1008.38
2413,217.08,28.81,28.33,41.94,1008.38
2414,217.17,28.81,28.32,41.95,1008.36
2415,217.26,28.80,28.32,41.93,1008.36
2416,217.35,28.80,28.33,41.94,1008.37
2417,217.44,28.79,28.33,41.95,1008.36
2418,217.53,28.77,28.32,41.97,1008.35
2419,217.62,28.79,28.31,41.96,1008.34
2420,217.71,28.80,28.32,41.94,1008.33
2421,217.80,28.80,28.31,41.96,1008.33
2422,217.89,28.80,28.31,41.96,1008.32
2423,217.98,28.79,28.29,41.94,1008.33
2424,218.07,28.79,28.27,41.94,1008.32
2425,218.16,28.80,28.29,41.94,1008.31
2426,218.25,28.79,28.27,41.94,1008.31
2427,218.34,28.79,28.29,41.94,1008.30
2428,218.43,28.78,28.27,41.93,1008.29
2429,218.52,28.76,28.26,41.92,1008.27
2430,218.61,28.76,28.26,41.93,1008.28
2431,218.70,28.76,28.28,41.92,1008.28
2432,218.79,28.76,28.27,41.90,1008.28
2433,218.88,28.77,28.30,41.92,1008.28
2434,218.97,28.77,28.33,41.92,1008.28
2435,219.06,28.77,28.32,41.92,1008.30
2436,219.15,28.76,28.33,41.91,1008.29
2437,219.24,28.76,28.32,41.91,1008.30
2438,219.33,28.76,28.33,41.90,1008.31
2439,219.42,28.77,28.35,41.89,1008.33
2440,219.51,28.77,28.35,41.88,1008.35
2441,219.60,28.78,28.35,41.89,1008.35
2442,219.69,28.78,28.36,41.92,1008.37
2443,219.78,28.79,28.37,41.92,1008.38
2444,219.87,28.80,28.36,41.93,1008.38
2445,219.96,28.79,28.35,41.92,1008.38
2446,220.05,28.79,28.33,41.93,1008.39
2447,220.14,28.80,28.31,41.93,1008.39
2448,220.23,28.81,28.32,41.93,1008.40
2449,220.32,28.82,28.32,41.93,1008.40
2450,220.41,28.79,28.32,41.91,1008.40
2451,220.50,28.81,28.32,41.92,1008.41
2452,220.59,28.82,28.34,41.93,1008.40
2453,220.68,28.82,28.35,41.92,1008.40
2454,220.77,28.82,28.36,41.90,1008.40
2455,220.86,28.82,28.37,41.91,1008.41
2456,220.95,28.80,28.37,41.92,1008.40
2457,221.04,28.80,28.38,41.93,1008.40
2458,221.13,28.83,28.40,41.92,1008.39
2459,221.22,28.81,28.39,41.91,1008.39
2460,221.31,28.80,28.39,41.93,1008.40
2461,221.40,28.79,28.39,41.91,1008.40
2462,221.49,28.79,28.42,41.89,1008.41
2463,221.58,28.79,28.43,41.87,1008.40
2464,221.67,28.77,28.44,41.88,1008.41
2465,221.76,28.78,28.45,41.87,1008.41
2466,221.85,28.78,28.43,41.89,1008.41
2467,221.94,28.77,28.41,41.89,1008.40
2468,222.03,28.76,28.41,41.88,1008.39
2469,222.12,28.76,28.43,41.88,1008.37
2470,222.21,28.76,28.43,41.88,1008.36
2471,222.30,28.76,28.43,41.88,1008.35
2472,222.39,28.76,28.42,41.90,1008.35
2473,222.48,28.78,28.42,41.91,1008.34
2474,222.57,28.77,28.40,41.90,1008.35
2475,222.66,28.77,28.41,41.89,1008.33
2476,222.75,28.77,28.40,41.88,1008.32
2477,222.84,28.79,28.39,41.87,1008.30
2478,222.93,28.78,28.40,41.87,1008.30
2479,223.02,28.79,28.40,41.86,1008.29
2480,223.11,28.80,28.39,41.85,1008.30
2481,223.20,28.80,28.40,41.86,1008.30
2482,223.29,28.80,28.39,41.84,1008.29
2483,223.38,28.82,28.41,41.83,1008.30
2484,223.47,28.81,28.39,41.81,1008.31
2485,223.56,28.81,28.41,41.81,1008.30
2486,223.65,28.81,28.36,41.79,1008.30
2487,223.74,28.81,28.35,41.80,1008.32
2488,223.83,28.81,28.35,41.79,1008.33
2489,223.92,28.80,28.35,41.79,1008.33
2490,224.01,28.80,28.35,41.78,1008.34
2491,224.10,28.80,28.35,41.77,1008.33
2492,224.19,28.81,28.33,41.81,1008.24
2493,224.28,28.81,28.30,41.82,1008.35
2494,224.37,28.81,28.30,41.79,1008.35
2495,224.46,28.80,28.27,41.81,1008.36
2496,224.55,28.81,28.27,41.80,1008.36
2497,224.64,28.80,28.27,41.79,1008.36
2498,224.73,28.79,28.27,41.80,1008.35
2499,224.82,28.78,28.29,41.82,1008.36
2500,224.91,28.79,28.27,41.80,1008.36
2501,225.00,28.79,28.27,41.77,1008.36
2502,225.09,28.80,28.27,41.77,1008.36
2503,225.18,28.80,28.26,41.80,1008.35
2504,225.27,28.81,28.27,41.82,1008.37
2505,225.36,28.82,28.28,41.81,1008.37
2506,225.45,28.83,28.29,41.82,1008.38
2507,225.54,28.82,28.28,41.81,1008.38
2508,225.63,28.81,28.27,41.83,1008.38
2509,225.72,28.79,28.25,41.83,1008.36
2510,225.81,28.79,28.26,41.82,1008.37
2511,225.90,28.78,28.27,41.80,1008.37
2512,225.99,28.77,28.27,41.77,1008.36
2513,226.08,28.78,28.26,41.78,1008.33
2514,226.17,28.78,28.25,41.76,1008.33
2515,226.26,28.76,28.24,41.74,1008.34
2516,226.35,28.78,28.25,41.76,1008.34
2517,226.44,28.79,28.25,41.77,1008.34
2518,226.53,28.79,28.25,41.76,1008.33
2519,226.62,28.78,28.25,41.73,1008.33
2520,226.71,28.77,28.25,41.74,1008.32
2521,226.80,28.77,28.25,41.75,1008.32
2522,226.89,28.76,28.25,41.75,1008.29
2523,226.98,28.76,28.26,41.76,1008.29
2524,227.07,28.76,28.25,41.73,1008.29
2525,227.16,28.76,28.26,41.72,1008.28
2526,227.25,28.76,28.27,41.73,1008.27
2527,227.34,28.76,28.28,41.75,1008.28
2528,227.43,28.75,28.29,41.75,1008.27
2529,227.52,28.74,28.29,41.76,1008.27
2530,227.61,28.73,28.30,41.78,1008.27
2531,227.70,28.74,28.27,41.76,1008.27
2532,227.79,28.74,28.27,41.74,1008.28
2533,227.88,28.72,28.26,41.75,1008.29
2534,227.97,28.71,28.26,41.74,1008.30
2535,228.06,28.70,28.27,41.76,1008.33
2536,228.15,28.69,28.28,41.76,1008.33
2537,228.24,28.70,28.28,41.76,1008.32
2538,228.33,28.70,28.27,41.77,1008.33
2539,228.42,28.70,28.28,41.77,1008.35
2540,228.51,28.70,28.30,41.80,1008.35
2541,228.60,28.69,28.31,41.81,1008.36
2542,228.69,28.71,28.33,41.82,1008.35
2543,228.78,28.70,28.34,41.82,1008.35
2544,228.87,28.70,28.33,41.83,1008.35
2545,228.96,28.69,28.34,41.87,1008.36
2546,229.05,28.70,28.34,41.86,1008.38
2547,229.14,28.70,28.35,41.86,1008.38
2548,229.23,28.68,28.34,41.88,1008.38
2549,229.32,28.69,28.33,41.86,1008.38
2550,229.41,28.68,28.32,41.86,1008.39
2551,229.50,28.67,28.34,41.86,1008.39
2552,229.59,28.68,28.33,41.86,1008.38
2553,229.68,28.69,28.32,41.89,1008.39
2554,229.77,28.68,28.31,41.90,1008.39
2555,229.86,28.69,28.31,41.88,1008.39
2556,229.95,28.70,28.29,41.87,1008.38
2557,230.04,28.70,28.27,41.85,1008.38
2558,230.13,28.70,28.29,41.83,1008.38
2559,230.22,28.71,28.29,41.82,1008.38
2560,230.31,28.72,28.29,41.83,1008.37
2561,230.40,28.72,28.31,41.85,1008.37
2562,230.49,28.72,28.32,41.87,1008.36
2563,230.58,28.72,28.32,41.87,1008.36
2564,230.67,28.73,28.32,41.86,1008.37
2565,230.76,28.74,28.28,41.85,1008.36
2566,230.85,28.73,28.28,41.84,1008.35
2567,230.94,28.74,28.28,41.84,1008.33
2568,231.03,28.73,28.29,41.84,1008.33
2569,231.12,28.73,28.29,41.83,1008.32
2570,231.21,28.73,28.30,41.82,1008.31
2571,231.30,28.73,28.32,41.81,1008.31
2572,231.39,28.73,28.31,41.82,1008.31
2573,231.48,28.72,28.31,41.83,1008.32
2574,231.57,28.72,28.30,41.82,1008.32
2575,231.66,28.70,28.29,41.83,1008.31
2576,231.75,28.69,28.31,41.85,1008.32
2577,231.84,28.70,28.30,41.83,1008.33
2578,231.93,28.70,28.29,41.84,1008.33
2579,232.02,28.70,28.29,41.83,1008.32
2580,232.11,28.72,28.30,41.83,1008.32
2581,232.20,28.72,28.30,41.83,1008.32
2582,232.29,28.73,28.27,41.84,1008.31
2583,232.38,28.72,28.29,41.83,1008.32
2584,232.47,28.74,28.25,41.83,1008.33
2585,232.56,28.74,28.25,41.82,1008.33
2586,232.65,28.75,28.26,41.83,1008.34
2587,232.74,28.76,28.26,41.79,1008.35
2588,232.83,28.76,28.27,41.81,1008.36
2589,232.92,28.78,28.27,41.77,1008.34
2590,233.01,28.77,28.27,41.80,1008.35
2591,233.10,28.76,28.28,41.78,1008.36
2592,233.19,28.75,28.28,41.79,1008.37
2593,233.28,28.74,28.28,41.76,1008.37
2594,233.37,28.74,28.27,41.76,1008.37
2595,233.46,28.75,28.27,41.77,1008.37
2596,233.55,28.72,28.27,41.78,1008.38
2597,233.64,28.73,28.26,41.79,1008.37
2598,233.73,28.72,28.25,41.79,1008.38
2599,233.82,28.72,28.24,41.78,1008.38
2600,233.91,28.73,28.23,41.79,1008.39
2601,234.00,28.74,28.21,41.79,1008.39
2602,234.09,28.72,28.22,41.79,1008.38
2603,234.18,28.73,28.22,41.80,1008.38
2604,234.27,28.74,28.22,41.81,1008.38
2605,234.36,28.74,28.22,41.81,1008.36
2606,234.45,28.73,28.20,41.79,1008.35
2607,234.54,28.72,28.21,41.80,1008.35
2608,234.63,28.71,28.20,41.80,1008.36
2609,234.72,28.72,28.19,41.82,1008.35
2610,234.81,28.72,28.21,41.83,1008.33
2611,234.90,28.71,28.20,41.85,1008.33
2612,234.99,28.70,28.18,41.85,1008.33
2613,235.08,28.71,28.19,41.81,1008.32
2614,235.17,28.71,28.19,41.83,1008.31
2615,235.26,28.70,28.17,41.80,1008.30
2616,235.35,28.70,28.18,41.81,1008.30
2617,235.44,28.68,28.15,41.80,1008.30
2618,235.53,28.67,28.18,41.82,1008.29
2619,235.62,28.65,28.18,41.83,1008.28
2620,235.71,28.63,28.17,41.82,1008.28
2621,235.80,28.61,28.17,41.82,1008.27
2622,235.89,28.64,28.17,41.83,1008.28
2623,235.98,28.65,28.18,41.84,1008.26
2624,236.07,28.65,28.16,41.83,1008.26
2625,236.16,28.63,28.18,41.84,1008.26
2626,236.25,28.62,28.17,41.85,1008.26
2627,236.34,28.62,28.19,41.85,1008.26
2628,236.43,28.63,28.18,41.84,1008.28
2629,236.52,28.63,28.19,41.83,1008.28
2630,236.61,28.64,28.19,41.83,1008.28
2631,236.70,28.63,28.18,41.79,1008.28
2632,236.79,28.63,28.19,41.79,1008.27
2633,236.88,28.64,28.19,41.78,1008.29
2634,236.97,28.64,28.19,41.79,1008.29
2635,237.06,28.63,28.20,41.78,1008.29
2636,237.15,28.64,28.20,41.78,1008.28
2637,237.24,28.63,28.19,41.77,1008.29
2638,237.33,28.65,28.18,41.77,1008.30
2639,237.42,28.65,28.18,41.77,1008.31
2640,237.51,28.63,28.17,41.74,1008.31
2641,237.60,28.63,28.17,41.76,1008.31
2642,237.69,28.59,28.17,41.77,1008.33
2643,237.78,28.60,28.19,41.77,1008.33
2644,237.87,28.59,28.21,41.80,1008.35
2645,237.96,28.60,28.21,41.78,1008.35
2646,238.05,28.58,28.21,41.77,1008.35
2647,238.14,28.60,28.24,41.77,1008.36
2648,238.23,28.60,28.26,41.79,1008.37
2649,238.32,28.60,28.25,41.78,1008.37
2650,238.41,28.59,28.24,41.79,1008.37
2651,238.50,28.59,28.24,41.79,1008.38
2652,238.59,28.60,28.23,41.79,1008.38
2653,238.68,28.61,28.24,41.79,1008.39
2654,238.77,28.61,28.24,41.77,1008.38
2655,238.86,28.62,28.26,41.80,1008.38
2656,238.95,28.62,28.28,41.79,1008.38
2657,239.04,28.61,28.27,41.79,1008.39
2658,239.13,28.63,28.28,41.78,1008.39
2659,239.22,28.63,28.28,41.75,1008.40
2660,239.31,28.63,28.26,41.72,1008.39
2661,239.40,28.63,28.26,41.71,1008.38
2662,239.49,28.62,28.27,41.73,1008.38
2663,239.58,28.61,28.27,41.74,1008.37
2664,239.67,28.61,28.25,41.74,1008.36
2665,239.76,28.62,28.25,41.73,1008.35
2666,239.85,28.62,28.24,41.71,1008.35
2667,239.94,28.61,28.24,41.72,1008.35
2668,240.03,28.61,28.24,41.73,1008.33
2669,240.12,28.61,28.22,41.72,1008.32
2670,240.21,28.60,28.22,41.71,1008.31
2671,240.30,28.60,28.22,41.70,1008.31
2672,240.39,28.59,28.21,41.70,1008.29
2673,240.48,28.61,28.21,41.69,1008.27
2674,240.57,28.59,28.21,41.67,1008.26
2675,240.66,28.60,28.22,41.69,1008.24
2676,240.75,28.61,28.23,41.66,1008.24
2677,240.84,28.63,28.21,41.66,1008.26
2678,240.93,28.63,28.22,41.69,1008.26
2679,241.02,28.64,28.19,41.68,1008.25
2680,241.11,28.64,28.19,41.70,1008.26
2681,241.20,28.65,28.19,41.69,1008.26
2682,241.29,28.65,28.19,41.69,1008.27
2683,241.38,28.65,28.18,41.70,1008.26
2684,241.47,28.65,28.18,41.70,1008.26
2685,241.56,28.65,28.19,41.71,1008.28
2686,241.65,28.64,28.17,41.67,1008.28
2687,241.74,28.65,28.17,41.66,1008.30
2688,241.83,28.65,28.16,41.66,1008.30
2689,241.92,28.67,28.18,41.68,1008.31
2690,242.01,28.66,28.18,41.68,1008.31
2691,242.10,28.67,28.16,41.67,1008.31
2692,242.19,28.65,28.14,41.70,1008.32
2693,242.28,28.63,28.15,41.68,1008.34
2694,242.37,28.63,28.16,41.70,1008.35
2695,242.46,28.64,28.14,41.69,1008.35
2696,242.55,28.65,28.13,41.66,1008.34
2697,242.64,28.63,28.12,41.68,1008.36
2698,242.73,28.64,28.11,41.68,1008.36
2699,242.82,28.65,28.12,41.69,1008.35
2700,242.91,28.64,28.15,41.70,1008.36
2701,243.00,28.64,28.16,41.69,1008.36
2702,243.09,28.63,28.16,41.67,1008.36
2703,243.18,28.63,28.16,41.67,1008.37
2704,243.27,28.63,28.18,41.63,1008.38
2705,243.36,28.63,28.16,41.64,1008.40
2706,243.45,28.63,28.17,41.61,1008.41
2707,243.54,28.62,28.17,41.63,1008.41
2708,243.63,28.62,28.18,41.62,1008.39
2709,243.72,28.63,28.19,41.65,1008.39
2710,243.81,28.62,28.19,41.65,1008.40
2711,243.90,28.61,28.20,41.64,1008.39
2712,243.99,28.62,28.21,41.67,1008.38
2713,244.08,28.61,28.21,41.67,1008.37
2714,244.17,28.61,28.20,41.69,1008.37
2715,244.26,28.60,28.23,41.69,1008.36
2716,244.35,28.59,28.23,41.69,1008.35
2717,244.44,28.58,28.25,41.69,1008.34
2718,244.53,28.57,28.23,41.66,1008.34
2719,244.62,28.58,28.24,41.64,1008.31
2720,244.71,28.59,28.23,41.63,1008.31
2721,244.80,28.56,28.21,41.63,1008.31
2722,244.89,28.55,28.21,41.62,1008.30
2723,244.98,28.54,28.24,41.62,1008.31
2724,245.07,28.55,28.23,41.62,1008.30
2725,245.16,28.53,28.22,41.64,1008.30
2726,245.25,28.53,28.21,41.64,1008.29
2727,245.34,28.53,28.22,41.66,1008.29
2728,245.43,28.53,28.22,41.65,1008.29
2729,245.52,28.53,28.22,41.65,1008.30
2730,245.61,28.53,28.22,41.66,1008.30
2731,245.70,28.53,28.23,41.67,1008.30
2732,245.79,28.55,28.22,41.70,1008.31
2733,245.88,28.54,28.21,41.71,1008.31
2734,245.97,28.56,28.21,41.70,1008.34
2735,246.06,28.55,28.21,41.71,1008.34
2736,246.15,28.54,28.20,41.70,1008.36
2737,246.24,28.54,28.19,41.72,1008.37
2738,246.33,28.57,28.19,41.74,1008.38
2739,246.42,28.57,28.23,41.72,1008.38
2740,246.51,28.57,28.23,41.70,1008.38
2741,246.60,28.56,28.25,41.69,1008.39
2742,246.69,28.55,28.23,41.69,1008.39
2743,246.78,28.55,28.23,41.68,1008.40
2744,246.87,28.56,28.23,41.68,1008.42
2745,246.96,28.55,28.24,41.69,1008.42
2746,247.05,28.56,28.23,41.70,1008.43
2747,247.14,28.56,28.22,41.67,1008.42
2748,247.23,28.57,28.22,41.68,1008.43
2749,247.32,28.57,28.24,41.68,1008.43
2750,247.41,28.56,28.22,41.70,1008.44
2751,247.50,28.56,28.21,41.71,1008.43
2752,247.59,28.56,28.21,41.74,1008.41
2753,247.68,28.57,28.21,41.71,1008.42
2754,247.77,28.56,28.21,41.71,1008.43
2755,247.86,28.54,28.20,41.70,1008.42
2756,247.95,28.53,28.21,41.70,1008.43
2757,248.04,28.54,28.20,41.70,1008.41
2758,248.13,28.54,28.21,41.71,1008.40
2759,248.22,28.52,28.20,41.71,1008.39
2760,248.31,28.55,28.19,41.69,1008.38
2761,248.40,28.56,28.17,41.66,1008.39
2762,248.49,28.56,28.17,41.69,1008.38
2763,248.58,28.56,28.17,41.69,1008.36
2764,248.67,28.55,28.32,41.67,1008.36
2765,248.76,28.56,28.15,41.71,1008.35
2766,248.85,28.56,28.16,41.72,1008.33
2767,248.94,28.56,28.14,41.72,1008.33
2768,249.03,28.58,28.16,41.71,1008.32
2769,249.12,28.58,28.15,41.71,1008.31
2770,249.21,28.58,28.14,41.69,1008.29
2771,249.30,28.59,28.14,41.70,1008.28
2772,249.39,28.59,28.12,41.69,1008.29
2773,249.48,28.59,28.12,41.71,1008.29
2774,249.57,28.61,28.12,41.69,1008.29
2775,249.66,28.61,28.11,41.69,1008.29
2776,249.75,28.61,28.10,41.68,1008.30
2777,249.84,28.59,28.11,41.68,1008.30
2778,249.93,28.58,28.09,41.69,1008.30
2779,250.02,28.55,28.09,41.68,1008.31
2780,250.11,28.56,28.08,41.67,1008.30
2781,250.20,28.53,28.07,41.68,1008.30
2782,250.29,28.52,28.06,41.69,1008.29
2783,250.38,28.52,28.07,41.70,1008.29
2784,250.47,28.53,28.06,41.71,1008.30
2785,250.56,28.53,28.05,41.71,1008.31
2786,250.65,28.53,28.05,41.70,1008.31
2787,250.74,28.54,28.06,41.70,1008.33
2788,250.83,28.54,28.04,41.73,1008.33
2789,250.92,28.55,28.03,41.74,1008.34
2790,251.01,28.55,28.02,41.72,1008.35
2791,251.10,28.56,28.01,41.75,1008.36
2792,251.19,28.58,27.99,41.72,1008.35
2793,251.28,28.58,28.00,41.72,1008.34
2794,251.37,28.57,27.99,41.72,1008.34
2795,251.46,28.57,27.99,41.74,1008.34
2796,251.55,28.56,28.01,41.78,1008.36
2797,251.64,28.54,28.04,41.78,1008.36
2798,251.73,28.53,28.04,41.80,1008.38
2799,251.82,28.54,28.06,41.79,1008.38
2800,251.91,28.54,28.06,41.80,1008.39
2801,252.00,28.53,28.04,41.80,1008.38
2802,252.09,28.52,28.03,41.76,1008.40
2803,252.18,28.53,28.03,41.77,1008.40
2804,252.27,28.52,28.04,41.75,1008.40
2805,252.36,28.53,28.03,41.72,1008.40
2806,252.45,28.52,28.04,41.74,1008.39
2807,252.54,28.52,28.06,41.73,1008.40
2808,252.63,28.52,28.08,41.72,1008.38
2809,252.72,28.52,28.09,41.72,1008.39
2810,252.81,28.52,28.11,41.71,1008.39
2811,252.90,28.52,28.13,41.72,1008.38
2812,252.99,28.51,28.15,41.72,1008.39
2813,253.08,28.50,28.14,41.70,1008.39
2814,253.17,28.49,28.13,41.70,1008.40
2815,253.26,28.48,28.13,41.70,1008.38
2816,253.35,28.49,28.12,41.70,1008.36
2817,253.44,28.48,28.10,41.70,1008.34
2818,253.53,28.48,28.12,41.72,1008.33
2819,253.62,28.49,28.10,41.73,1008.32
2820,253.71,28.50,28.11,41.72,1008.32
2821,253.80,28.48,28.13,41.72,1008.31
2822,253.89,28.49,28.14,41.69,1008.32
2823,253.98,28.48,28.12,41.69,1008.32
2824,254.07,28.49,28.13,41.68,1008.31
2825,254.16,28.49,28.13,41.69,1008.31
2826,254.25,28.50,28.13,41.68,1008.32
2827,254.34,28.50,28.14,41.68,1008.31
2828,254.43,28.49,28.15,41.68,1008.32
2829,254.52,28.49,28.16,41.67,1008.31
2830,254.61,28.48,28.18,41.68,1008.31
2831,254.70,28.48,28.18,41.70,1008.31
2832,254.79,28.48,28.17,41.70,1008.33
2833,254.88,28.49,28.18,41.69,1008.33
2834,254.97,28.48,28.19,41.69,1008.34
2835,255.06,28.49,28.17,41.69,1008.34
2836,255.15,28.48,28.20,41.69,1008.35
2837,255.24,28.48,28.20,41.68,1008.35
2838,255.33,28.47,28.18,41.68,1008.36
2839,255.42,28.48,28.17,41.67,1008.35
2840,255.51,28.49,28.18,41.67,1008.37
2841,255.60,28.48,28.18,41.67,1008.36
2842,255.69,28.50,28.21,41.68,1008.36
2843,255.78,28.48,28.19,41.70,1008.37
2844,255.87,28.49,28.17,41.69,1008.37
2845,255.96,28.48,28.15,41.66,1008.37
2846,256.05,28.47,28.16,41.68,1008.36
2847,256.14,28.46,28.14,41.69,1008.37
2848,256.23,28.46,28.14,41.68,1008.36
2849,256.32,28.45,28.14,41.66,1008.37
2850,256.41,28.44,28.13,41.66,1008.39
2851,256.50,28.44,28.12,41.67,1008.39
2852,256.59,28.46,28.12,41.67,1008.40
2853,256.68,28.47,28.11,41.67,1008.40
2854,256.77,28.47,28.11,41.66,1008.39
2855,256.86,28.46,28.11,41.68,1008.39
2856,256.95,28.46,28.11,41.68,1008.37
2857,257.04,28.47,28.11,41.68,1008.36
2858,257.13,28.45,28.10,41.66,1008.35
2859,257.22,28.46,28.09,41.67,1008.34
2860,257.31,28.47,28.06,41.68,1008.34
2861,257.40,28.46,28.08,41.67,1008.32
2862,257.49,28.47,28.07,41.70,1008.33
2863,257.58,28.49,28.05,41.70,1008.32
2864,257.67,28.48,28.05,41.69,1008.33
2865,257.76,28.48,28.04,41.68,1008.33
2866,257.85,28.49,28.04,41.65,1008.31
2867,257.94,28.50,28.03,41.64,1008.31
2868,258.03,28.52,28.03,41.63,1008.31
2869,258.12,28.51,28.04,41.62,1008.31
2870,258.21,28.50,28.03,41.61,1008.30
2871,258.30,28.50,28.01,41.64,1008.30
2872,258.39,28.50,28.03,41.64,1008.29
2873,258.48,28.50,28.01,41.63,1008.28
2874,258.57,28.52,28.02,41.62,1008.28
2875,258.66,28.52,28.01,41.65,1008.28
2876,258.75,28.52,28.01,41.65,1008.29
2877,258.84,28.54,28.03,41.63,1008.29
2878,258.93,28.53,28.02,41.64,1008.28
2879,259.02,28.54,28.03,41.66,1008.28
2880,259.11,28.54,28.03,41.66,1008.29
2881,259.20,28.53,28.01,41.66,1008.31
2882,259.29,28.53,28.01,41.64,1008.30
2883,259.38,28.54,28.03,41.64,1008.29
2884,259.47,28.54,28.02,41.67,1008.31
2885,259.56,28.56,28.02,41.66,1008.31
2886,259.65,28.54,28.02,41.68,1008.32
2887,259.74,28.53,28.03,41.67,1008.33
2888,259.83,28.52,28.02,41.66,1008.34
2889,259.92,28.53,28.03,41.66,1008.34
2890,260.01,28.53,28.04,41.67,1008.36
2891,260.10,28.54,28.05,41.66,1008.37
2892,260.19,28.53,28.06,41.68,1008.37
2893,260.28,28.53,28.06,41.67,1008.37
2894,260.37,28.53,28.04,41.69,1008.38
2895,260.46,28.53,28.06,41.66,1008.38
2896,260.55,28.52,28.05,41.65,1008.39
2897,260.64,28.52,28.04,41.68,1008.39
2898,260.73,28.51,28.04,41.69,1008.38
2899,260.82,28.51,28.06,41.70,1008.39
2900,260.91,28.52,28.05,41.68,1008.39
2901,261.00,28.51,28.06,41.68,1008.39
2902,261.09,28.52,28.06,41.67,1008.40
2903,261.18,28.52,28.07,41.68,1008.41
2904,261.27,28.51,28.06,41.69,1008.40
2905,261.36,28.51,28.07,41.69,1008.39
2906,261.45,28.50,28.06,41.70,1008.39
2907,261.54,28.50,28.04,41.71,1008.39
2908,261.63,28.50,28.05,41.69,1008.38
2909,261.72,28.52,28.06,41.69,1008.38
2910,261.81,28.53,28.07,41.67,1008.38
2911,261.90,28.52,28.08,41.66,1008.37
2912,261.99,28.52,28.08,41.67,1008.35
2913,262.08,28.52,28.09,41.67,1008.35
2914,262.17,28.52,28.11,41.69,1008.35
2915,262.26,28.52,28.09,41.69,1008.33
2916,262.35,28.53,28.10,41.70,1008.33
2917,262.44,28.53,28.10,41.71,1008.32
2918,262.53,28.51,28.11,41.73,1008.32
2919,262.62,28.49,28.11,41.75,1008.30
2920,262.71,28.50,28.13,41.74,1008.30
2921,262.80,28.51,28.12,41.76,1008.29
2922,262.89,28.49,28.12,41.76,1008.31
2923,262.98,28.48,28.12,41.76,1008.34
2924,263.07,28.48,28.12,41.76,1008.34
2925,263.16,28.47,28.13,41.76,1008.33
2926,263.25,28.46,28.14,41.78,1008.30
2927,263.34,28.46,28.14,41.80,1008.29
2928,263.43,28.46,28.15,41.79,1008.28
2929,263.52,28.47,28.14,41.80,1008.28
2930,263.61,28.48,28.13,41.83,1008.28
2931,263.70,28.49,28.14,41.83,1008.27
2932,263.79,28.49,28.14,41.84,1008.27
2933,263.88,28.49,28.14,41.82,1008.26
2934,263.97,28.48,28.15,41.83,1008.28
2935,264.06,28.46,28.12,41.82,1008.29
2936,264.15,28.46,28.14,41.81,1008.29
2937,264.24,28.46,28.13,41.83,1008.29
2938,264.33,28.45,28.10,41.85,1008.30
2939,264.42,28.44,28.10,41.84,1008.31
2940,264.51,28.44,28.11,41.83,1008.31
2941,264.60,28.42,28.10,41.83,1008.30
2942,264.69,28.42,28.11,41.81,1008.32
2943,264.78,28.43,28.12,41.82,1008.32
2944,264.87,28.42,28.10,41.83,1008.33
2945,264.96,28.44,28.10,41.78,1008.34
2946,265.05,28.42,28.09,41.79,1008.36
2947,265.14,28.42,28.07,41.80,1008.36
2948,265.23,28.13,28.05,41.79,1008.35
2949,265.32,28.30,28.08,41.76,1008.35
2950,265.41,28.44,28.07,41.78,1008.35
2951,265.50,28.44,28.05,41.78,1008.35
2952,265.59,28.45,28.04,41.78,1008.36
2953,265.68,28.44,28.05,41.79,1008.36
2954,265.77,28.44,28.04,41.79,1008.36
2955,265.86,28.44,28.05,41.77,1008.38
2956,265.95,28.44,28.04,41.76,1008.38
2957,266.04,28.45,28.03,41.76,1008.37
2958,266.13,28.45,28.02,41.75,1008.37
2959,266.22,28.44,28.04,41.75,1008.36
2960,266.31,28.43,28.04,41.76,1008.35
2961,266.40,28.43,28.04,41.76,1008.34
2962,266.49,28.42,28.04,41.75,1008.33
2963,266.58,28.42,28.04,41.74,1008.32
2964,266.67,28.42,28.03,41.77,1008.31
2965,266.76,28.44,28.03,41.79,1008.29
2966,266.85,28.45,28.04,41.78,1008.29
2967,266.94,28.46,28.02,41.77,1008.29
2968,267.03,28.47,28.01,41.79,1008.28
2969,267.12,28.48,28.03,41.78,1008.28
2970,267.21,28.48,28.03,41.77,1008.27
2971,267.30,28.48,28.00,41.78,1008.27
2972,267.39,28.46,28.01,41.79,1008.28
2973,267.48,28.46,27.99,41.80,1008.29
2974,267.57,28.45,27.98,41.80,1008.28
2975,267.66,28.44,27.98,41.79,1008.29
2976,267.75,28.45,27.98,41.79,1008.28
2977,267.84,28.45,27.99,41.80,1008.27
2978,267.93,28.47,27.97,41.79,1008.26
2979,268.02,28.45,27.99,41.81,1008.27
2980,268.11,28.46,27.99,41.81,1008.27
2981,268.20,28.46,28.01,41.80,1008.27
2982,268.29,28.45,27.99,41.80,1008.27
2983,268.38,28.46,28.00,41.81,1008.28
2984,268.47,28.45,28.00,41.79,1008.29
2985,268.56,28.45,27.98,41.79,1008.29
2986,268.65,28.45,27.99,41.78,1008.28
2987,268.74,28.45,28.01,41.77,1008.30
2988,268.83,28.44,28.03,41.78,1008.31
2989,268.92,28.43,28.04,41.77,1008.32
2990,269.01,28.42,28.05,41.75,1008.34
2991,269.10,28.42,28.06,41.76,1008.33
2992,269.19,28.41,28.07,41.75,1008.33
2993,269.28,28.39,28.06,41.76,1008.34
2994,269.37,28.38,28.05,41.75,1008.34
2995,269.46,28.37,28.06,41.75,1008.33
2996,269.55,28.37,28.05,41.75,1008.33
2997,269.64,28.38,28.07,41.73,1008.34
2998,269.73,28.38,28.05,41.73,1008.35
2999,269.82,28.38,28.06,41.74,1008.34
3000,269.91,28.40,28.05,41.77,1008.35
3001,270.00,28.41,28.04,41.76,1008.37
3002,270.09,28.39,28.05,41.77,1008.37
3003,270.18,28.39,28.05,41.79,1008.37
3004,270.27,28.39,28.05,41.80,1008.37
3005,270.36,28.40,28.06,41.82,1008.37
3006,270.45,28.40,28.05,41.86,1008.36
3007,270.54,28.42,28.05,41.86,1008.36
3008,270.63,28.42,28.06,41.85,1008.35
3009,270.72,28.41,28.06,41.84,1008.34
3010,270.81,28.42,28.09,41.83,1008.32
3011,270.90,28.43,28.09,41.83,1008.32
3012,270.99,28.45,28.10,41.83,1008.32
3013,271.08,28.46,28.10,41.86,1008.31
3014,271.17,28.47,28.09,41.86,1008.31
3015,271.26,28.46,28.10,41.88,1008.29
3016,271.35,28.47,28.08,41.88,1008.29
3017,271.44,28.47,28.08,41.87,1008.30
3018,271.53,28.47,28.07,41.90,1008.29
3019,271.62,28.45,28.07,41.93,1008.30
3020,271.71,28.45,28.06,41.95,1008.29
3021,271.80,28.46,28.07,41.95,1008.30
3022,271.89,28.45,28.07,41.93,1008.29
3023,271.98,28.43,28.08,41.95,1008.29
3024,272.07,28.43,28.07,41.95,1008.28
3025,272.16,28.44,28.06,41.95,1008.26
3026,272.25,28.42,28.05,41.95,1008.28
3027,272.34,28.42,28.05,41.95,1008.28
3028,272.43,28.42,28.07,41.93,1008.29
3029,272.52,28.42,28.06,41.92,1008.30
3030,272.61,28.42,28.06,41.92,1008.30
3031,272.70,28.40,28.06,41.89,1008.30
3032,272.79,28.37,28.07,41.91,1008.31
3033,272.88,28.37,28.07,41.91,1008.31
3034,272.97,28.38,28.06,41.89,1008.31
3035,273.06,28.37,28.04,41.89,1008.32
3036,273.15,28.36,28.05,41.86,1008.31
3037,273.24,28.38,28.05,41.89,1008.30
3038,273.33,28.38,28.02,41.88,1008.32
3039,273.42,28.39,28.01,41.87,1008.33
3040,273.51,28.38,28.01,41.85,1008.34
3041,273.60,28.38,28.03,41.86,1008.36
3042,273.69,28.37,28.00,41.87,1008.36
3043,273.78,28.36,27.99,41.88,1008.37
3044,273.87,28.37,27.98,41.87,1008.38
3045,273.96,28.36,27.96,41.88,1008.39
3046,274.05,28.34,27.95,41.86,1008.38
3047,274.14,28.33,27.63,41.88,1008.39
3048,274.23,28.34,27.97,41.87,1008.39
3049,274.32,28.34,27.98,41.86,1008.40
3050,274.41,28.34,27.99,41.85,1008.40
3051,274.50,28.34,27.98,41.85,1008.41
3052,274.59,28.35,27.95,41.83,1008.41
3053,274.68,28.36,27.96,41.84,1008.41
3054,274.77,28.35,27.95,41.85,1008.41
3055,274.86,28.35,27.97,41.84,1008.39
3056,274.95,28.35,27.96,41.83,1008.39
3057,275.04,28.35,27.97,41.82,1008.39
3058,275.13,28.34,27.95,41.81,1008.39
3059,275.22,28.36,27.97,41.78,1008.39
3060,275.31,28.37,27.97,41.76,1008.38
3061,275.40,28.37,27.97,41.74,1008.37
3062,275.49,28.38,27.97,41.76,1008.38
3063,275.58,28.37,27.98,41.74,1008.37
3064,275.67,28.37,27.98,41.74,1008.36
3065,275.76,28.37,27.99,41.73,1008.34
3066,275.85,28.37,28.01,41.71,1008.31
3067,275.94,28.38,27.99,41.72,1008.30
3068,276.03,28.38,27.99,41.71,1008.31
3069,276.12,28.38,27.99,41.69,1008.31
3070,276.21,28.36,27.98,41.69,1008.31
3071,276.30,28.37,27.98,41.70,1008.32
3072,276.39,28.36,27.99,41.71,1008.33
3073,276.48,28.36,27.98,41.73,1008.32
3074,276.57,28.37,27.97,41.72,1008.32
3075,276.66,28.39,27.96,41.70,1008.32
3076,276.75,28.39,27.96,41.68,1008.32
3077,276.84,28.39,27.94,41.68,1008.32
3078,276.93,28.40,27.95,41.68,1008.33
3079,277.02,28.39,27.94,41.69,1008.34
3080,277.11,28.40,27.94,41.69,1008.36
3081,277.20,28.40,27.95,41.67,1008.36
3082,277.29,28.40,27.95,41.66,1008.37
3083,277.38,28.41,27.93,41.67,1008.37
3084,277.47,28.41,27.94,41.66,1008.37
3085,277.56,28.42,27.97,41.65,1008.37
3086,277.65,28.41,27.97,41.66,1008.38
3087,277.74,28.40,27.97,41.66,1008.38
3088,277.83,28.40,27.96,41.66,1008.40
3089,277.92,28.40,27.97,41.67,1008.41
3090,278.01,28.42,27.99,41.68,1008.41
3091,278.10,28.42,28.00,41.69,1008.42
3092,278.19,28.42,28.00,41.69,1008.42
3093,278.28,28.42,28.00,41.67,1008.42
3094,278.37,28.40,28.00,41.67,1008.43
3095,278.46,28.39,27.99,41.70,1008.43
3096,278.55,28.40,27.99,41.68,1008.43
3097,278.64,28.41,27.99,41.67,1008.41
3098,278.73,28.40,28.01,41.66,1008.42
3099,278.82,28.43,28.01,41.66,1008.40
3100,278.91,28.42,28.01,41.67,1008.40
3101,279.00,28.40,28.01,41.65,1008.40
3102,279.09,28.40,28.02,41.65,1008.41
3103,279.18,28.40,28.02,41.64,1008.40
3104,279.27,28.40,28.02,41.64,1008.40
3105,279.36,28.40,28.03,41.65,1008.39
3106,279.45,28.40,28.04,41.66,1008.38
3107,279.54,28.39,28.05,41.69,1008.37
3108,279.63,28.39,28.04,41.70,1008.37
3109,279.72,28.38,28.02,41.69,1008.36
3110,279.81,28.38,28.02,41.69,1008.37
3111,279.90,28.38,28.02,41.65,1008.37
3112,279.99,28.37,28.02,41.64,1008.36
3113,280.08,28.37,28.03,41.63,1008.34
3114,280.17,28.37,28.03,41.66,1008.34
3115,280.26,28.35,28.04,41.65,1008.33
3116,280.35,28.35,28.04,41.65,1008.31
3117,280.44,28.35,28.05,41.65,1008.30
3118,280.53,28.36,28.05,41.67,1008.31
3119,280.62,28.34,28.04,41.65,1008.30
3120,280.71,28.33,28.07,41.64,1008.30
3121,280.80,28.32,28.04,41.63,1008.30
3122,280.89,28.32,28.03,41.65,1008.30
3123,280.98,28.31,28.01,41.63,1008.30
3124,281.07,28.31,28.01,41.60,1008.30
3125,281.16,28.30,28.00,41.61,1008.31
3126,281.25,28.30,28.00,41.62,1008.32
3127,281.34,28.31,27.98,41.63,1008.32
3128,281.43,28.32,27.96,41.63,1008.32
3129,281.52,28.30,27.98,41.62,1008.33
3130,281.61,28.30,27.98,41.60,1008.33
3131,281.70,28.28,27.97,41.63,1008.34
3132,281.79,28.29,27.97,41.63,1008.33
3133,281.88,28.28,27.96,41.63,1008.34
3134,281.97,28.28,27.96,41.66,1008.34
3135,282.06,28.28,27.95,41.66,1008.35
3136,282.15,28.28,27.95,41.68,1008.36
3137,282.24,28.29,27.93,41.68,1008.37
3138,282.33,28.29,27.97,41.68,1008.38
3139,282.42,28.29,27.96,41.71,1008.38
3140,282.51,28.31,27.94,41.69,1008.40
3141,282.60,28.32,27.93,41.72,1008.41
3142,282.69,28.32,27.93,41.71,1008.42
3143,282.78,28.33,27.92,41.72,1008.42
3144,282.87,28.32,27.93,41.73,1008.43
3145,282.96,28.33,27.90,41.73,1008.43
3146,283.05,28.33,27.89,41.73,1008.42
3147,283.14,28.30,27.88,41.73,1008.42
3148,283.23,28.30,27.87,41.72,1008.42
3149,283.32,28.30,27.89,41.71,1008.42
3150,283.41,28.31,27.90,41.70,1008.41
3151,283.50,28.32,27.89,41.68,1008.42
3152,283.59,28.33,27.89,41.69,1008.41
3153,283.68,28.33,27.88,41.69,1008.41
3154,283.77,28.32,27.90,41.68,1008.41
3155,283.86,28.33,27.91,41.69,1008.41
3156,283.95,28.33,27.91,41.70,1008.39
3157,284.04,28.32,27.91,41.72,1008.38
3158,284.13,28.33,27.90,41.75,1008.37
3159,284.22,28.34,27.93,41.75,1008.36
3160,284.31,28.34,27.95,41.77,1008.37
3161,284.40,28.36,27.95,41.77,1008.35
3162,284.49,28.35,27.96,41.77,1008.34
3163,284.58,28.36,27.95,41.75,1008.34
3164,284.67,28.37,27.97,41.75,1008.34
3165,284.76,28.36,27.97,41.74,1008.33
3166,284.85,28.34,27.95,41.72,1008.34
3167,284.94,28.33,27.93,41.70,1008.33
3168,285.03,28.34,27.93,41.71,1008.32
3169,285.12,28.35,27.93,41.74,1008.31
3170,285.21,28.35,27.92,41.75,1008.31
3171,285.30,28.35,27.91,41.75,1008.31
3172,285.39,28.34,27.90,41.75,1008.31
3173,285.48,28.33,27.91,41.74,1008.30
3174,285.57,28.32,27.93,41.74,1008.30
3175,285.66,28.32,27.94,41.74,1008.31
3176,285.75,28.32,27.94,41.75,1008.33
3177,285.84,28.32,27.94,41.73,1008.32
3178,285.93,28.32,27.96,41.74,1008.32
3179,286.02,28.32,27.96,41.75,1008.32
3180,286.11,28.35,27.96,41.73,1008.32
3181,286.20,28.35,27.98,41.73,1008.35
3182,286.29,28.35,27.99,41.70,1008.34
3183,286.38,28.34,28.02,41.69,1008.32
3184,286.47,28.36,28.00,41.69,1008.32
3185,286.56,28.38,28.02,41.69,1008.33
3186,286.65,28.36,28.03,41.70,1008.33
3187,286.74,28.35,28.01,41.68,1008.32
3188,286.83,28.37,28.01,41.71,1008.34
3189,286.92,28.37,28.00,41.74,1008.35
3190,287.01,28.37,27.99,41.73,1008.35
3191,287.10,28.37,27.98,41.72,1008.35
3192,287.19,28.37,27.99,41.73,1008.35
3193,287.28,28.39,27.98,41.73,1008.36
3194,287.37,28.39,28.00,41.73,1008.37
3195,287.46,28.40,28.00,41.73,1008.37
3196,287.55,28.39,28.00,41.77,1008.38
3197,287.64,28.38,28.00,41.77,1008.38
3198,287.73,28.37,28.00,41.77,1008.40
3199,287.82,28.37,28.01,41.80,1008.40
3200,287.91,28.38,28.01,41.79,1008.39
3201,288.00,28.36,28.02,41.80,1008.38
3202,288.09,28.35,28.00,41.79,1008.38
3203,288.18,28.33,27.99,41.81,1008.37
3204,288.27,28.33,28.00,41.82,1008.37
3205,288.36,28.33,28.00,41.82,1008.37
3206,288.45,28.35,28.00,41.83,1008.36
3207,288.54,28.34,27.98,41.83,1008.37
3208,288.63,28.32,27.97,41.81,1008.37
3209,288.72,28.32,27.98,41.81,1008.36
3210,288.81,28.31,27.99,41.78,1008.35
3211,288.90,28.32,28.01,41.77,1008.33
3212,288.99,28.33,28.01,41.80,1008.33
3213,289.08,28.34,28.01,41.80,1008.33
3214,289.17,28.34,28.00,41.80,1008.32
3215,289.26,28.33,27.99,41.81,1008.31
3216,289.35,28.33,28.00,41.80,1008.30
3217,289.44,28.34,27.99,41.81,1008.32
3218,289.53,28.35,27.98,41.82,1008.32
3219,289.62,28.33,27.94,41.82,1008.32
3220,289.71,28.32,27.94,41.84,1008.32
3221,289.80,28.34,27.92,41.86,1008.30
3222,289.89,28.33,27.92,41.88,1008.29
3223,289.98,28.33,27.91,41.88,1008.30
3224,290.07,28.33,27.90,41.86,1008.30
3225,290.16,28.33,27.88,41.84,1008.30
3226,290.25,28.33,27.87,41.83,1008.30
3227,290.34,28.32,27.86,41.82,1008.29
3228,290.43,28.32,27.87,41.81,1008.30
3229,290.52,28.33,27.88,41.83,1008.31
3230,290.61,28.31,27.85,41.86,1008.32
3231,290.70,28.31,27.87,41.86,1008.32
3232,290.79,28.30,27.86,41.86,1008.34
3233,290.88,28.30,27.87,41.86,1008.34
3234,290.97,28.30,27.85,41.82,1008.36
3235,291.06,28.29,27.86,41.84,1008.35
3236,291.15,28.30,27.86,41.86,1008.36
3237,291.24,28.31,27.87,41.84,1008.35
3238,291.33,28.31,27.90,41.82,1008.35
3239,291.42,28.29,27.91,41.84,1008.35
3240,291.51,28.29,27.90,41.83,1008.36
3241,291.60,28.29,27.90,41.84,1008.36
3242,291.69,28.30,27.89,41.84,1008.37
3243,291.78,28.28,27.88,41.87,1008.39
3244,291.87,28.28,27.89,41.88,1008.40
3245,291.96,28.28,27.89,41.87,1008.40
3246,292.05,28.29,27.89,41.88,1008.38
3247,292.14,28.28,27.92,41.86,1008.39
3248,292.23,28.28,27.91,41.88,1008.38
3249,292.32,28.28,27.92,41.87,1008.38
3250,292.41,28.30,27.92,41.84,1008.38
3251,292.50,28.30,27.93,41.84,1008.38
3252,292.59,28.29,27.93,41.82,1008.39
3253,292.68,28.29,27.95,41.82,1008.38
3254,292.77,28.30,27.94,41.81,1008.37
3255,292.86,28.31,27.93,41.84,1008.37
3256,292.95,28.31,27.93,41.83,1008.36
3257,293.04,28.30,27.93,41.82,1008.35
3258,293.13,28.29,27.93,41.81,1008.34
3259,293.22,28.29,27.95,41.80,1008.33
3260,293.31,28.28,27.95,41.81,1008.34
3261,293.40,28.28,27.93,41.83,1008.33
3262,293.49,28.31,27.92,41.84,1008.32
3263,293.58,28.29,27.92,41.84,1008.31
3264,293.67,28.28,27.91,41.83,1008.31
3265,293.76,28.30,27.91,41.82,1008.29
3266,293.85,28.29,27.91,41.80,1008.29
3267,293.94,28.29,27.90,41.81,1008.29
3268,294.03,28.28,27.90,41.82,1008.29
3269,294.12,28.27,27.90,41.83,1008.29
3270,294.21,28.28,27.89,41.84,1008.29
3271,294.30,28.24,27.91,41.84,1008.27
3272,294.39,28.24,27.91,41.85,1008.27
3273,294.48,28.27,27.92,41.87,1008.27
3274,294.57,28.28,27.92,41.88,1008.26
3275,294.66,28.27,27.92,41.87,1008.27
3276,294.75,28.27,27.94,41.88,1008.28
3277,294.84,28.28,27.93,41.89,1008.29
3278,294.93,28.30,27.93,41.87,1008.29
3279,295.02,28.28,27.93,41.87,1008.30
3280,295.11,28.28,27.94,41.88,1008.31
3281,295.20,28.28,27.95,41.87,1008.31
3282,295.29,28.28,27.96,41.89,1008.30
3283,295.38,28.29,27.95,41.88,1008.31
3284,295.47,28.31,27.96,41.91,1008.31
3285,295.56,28.31,27.97,41.93,1008.31
3286,295.65,28.31,27.96,41.91,1008.31
3287,295.74,28.29,27.98,41.90,1008.31
3288,295.83,28.29,28.00,41.92,1008.33
3289,295.92,28.29,28.00,41.94,1008.35
3290,296.01,28.28,28.00,41.96,1008.35
3291,296.10,28.27,28.00,41.92,1008.35
3292,296.19,28.29,28.00,41.91,1008.36
3293,296.28,28.29,28.02,41.92,1008.35
3294,296.37,28.29,28.00,41.95,1008.35
3295,296.46,28.31,28.01,41.94,1008.34
3296,296.55,28.31,27.98,41.96,1008.35
3297,296.64,28.31,27.99,41.95,1008.35
3298,296.73,28.31,27.98,41.96,1008.36
3299,296.82,28.31,27.98,41.96,1008.35
3300,296.91,28.32,27.98,41.97,1008.35
3301,297.00,28.32,27.98,41.97,1008.34
3302,297.09,28.32,27.97,41.97,1008.34
3303,297.18,28.33,27.97,41.97,1008.33
3304,297.27,28.32,27.97,41.98,1008.34
3305,297.36,28.34,27.97,41.98,1008.33
3306,297.45,28.32,27.98,41.96,1008.32
3307,297.54,28.31,27.99,41.97,1008.31
3308,297.63,28.31,27.97,41.95,1008.31
3309,297.72,28.30,27.96,41.93,1008.30
3310,297.81,28.30,27.97,41.91,1008.30
3311,297.90,28.30,27.95,41.92,1008.30
3312,297.99,28.30,27.94,41.94,1008.30
3313,298.08,28.29,27.92,41.94,1008.28
3314,298.17,28.30,27.93,41.95,1008.28
3315,298.26,28.29,27.90,41.96,1008.29
3316,298.35,28.28,27.90,41.94,1008.28
3317,298.44,28.29,27.92,41.97,1008.27
3318,298.53,28.30,27.92,41.99,1008.27
3319,298.62,28.30,27.92,42.00,1008.26
3320,298.71,28.31,27.90,42.00,1008.27
3321,298.80,28.30,27.90,41.99,1008.27
3322,298.89,28.29,27.90,41.99,1008.27
3323,298.98,28.29,27.90,42.00,1008.26
3324,299.07,28.29,27.89,42.00,1008.26
3325,299.16,28.27,27.89,41.99,1008.27
3326,299.25,28.28,27.89,42.03,1008.28
3327,299.34,28.29,27.88,42.05,1008.28
3328,299.43,28.29,27.87,42.03,1008.30
3329,299.52,28.28,27.86,42.00,1008.29
3330,299.61,28.29,27.85,41.98,1008.30
3331,299.70,28.29,27.87,41.98,1008.31
3332,299.79,28.30,27.87,41.98,1008.30
3333,299.88,28.31,27.89,41.97,1008.30
3334,299.97,28.31,27.88,41.99,1008.31
3335,300.06,28.32,27.87,42.02,1008.31
3336,300.15,28.32,27.89,42.01,1008.32
3337,300.24,28.31,27.89,42.02,1008.34
3338,300.33,28.29,27.89,42.02,1008.33
3339,300.42,28.30,27.89,42.04,1008.34
3340,300.51,28.29,27.88,42.04,1008.35
3341,300.60,28.29,27.88,42.01,1008.37
3342,300.69,28.29,27.89,41.97,1008.36
3343,300.78,28.29,27.90,41.96,1008.37
3344,300.87,28.30,27.88,41.96,1008.38
3345,300.96,28.29,27.88,41.96,1008.37
3346,301.05,28.28,27.89,41.97,1008.38
3347,301.14,28.27,27.90,41.99,1008.39
3348,301.23,28.26,27.88,41.97,1008.37
3349,301.32,28.27,27.88,41.98,1008.37
3350,301.41,28.27,27.88,41.99,1008.37
3351,301.50,28.27,27.91,41.99,1008.39
3352,301.59,28.26,27.90,42.00,1008.38
3353,301.68,28.26,27.90,42.03,1008.37
3354,301.77,28.26,27.90,42.05,1008.36
3355,301.86,28.24,27.90,42.04,1008.35
3356,301.95,28.24,27.90,42.04,1008.33
3357,302.04,28.23,27.90,42.04,1008.31
3358,302.13,28.24,27.89,42.04,1008.32
3359,302.22,28.25,27.88,42.08,1008.32
3360,302.31,28.26,27.88,42.07,1008.31
3361,302.40,28.27,27.87,42.08,1008.31
3362,302.49,28.28,27.87,42.08,1008.30
3363,302.58,28.27,27.88,42.07,1008.30
3364,302.67,28.27,27.89,42.05,1008.30
3365,302.76,28.27,27.87,42.07,1008.28
3366,302.85,28.28,27.87,42.09,1008.27
3367,302.94,28.27,27.88,42.07,1008.26
3368,303.03,28.27,27.89,42.06,1008.26
3369,303.12,28.26,27.89,42.07,1008.25
3370,303.21,28.26,27.91,42.05,1008.25
3371,303.30,28.27,27.91,42.05,1008.24
3372,303.39,28.26,27.90,42.04,1008.24
3373,303.48,28.27,27.90,42.02,1008.24
3374,303.57,28.25,27.91,42.03,1008.25
3375,303.66,28.25,27.91,42.04,1008.26
3376,303.75,28.25,27.93,42.03,1008.26
3377,303.84,28.25,27.93,42.03,1008.27
3378,303.93,28.25,27.93,42.03,1008.27
3379,304.02,28.25,27.91,42.03,1008.25
3380,304.11,28.25,27.91,42.04,1008.26
3381,304.20,28.26,27.91,42.06,1008.28
3382,304.29,28.27,27.92,42.06,1008.29
3383,304.38,28.28,27.92,42.09,1008.28
3384,304.47,28.29,27.93,42.10,1008.30
3385,304.56,28.27,27.93,42.10,1008.31
3386,304.65,28.26,27.95,42.12,1008.32
3387,304.74,28.25,27.94,42.09,1008.33
3388,304.83,28.23,27.95,42.07,1008.34
3389,304.92,28.24,27.97,42.04,1008.34
3390,305.01,28.25,27.98,42.01,1008.35
3391,305.10,28.24,27.97,42.00,1008.35
3392,305.19,28.25,27.97,42.01,1008.36
3393,305.28,28.24,27.98,42.02,1008.37
3394,305.37,28.22,27.99,42.01,1008.38
3395,305.46,28.22,27.98,41.99,1008.38
3396,305.55,28.22,27.98,41.95,1008.37
3397,305.64,28.23,27.97,41.98,1008.38
3398,305.73,28.24,27.99,41.98,1008.38
3399,305.82,28.24,27.97,41.98,1008.38
3400,305.91,28.25,27.95,41.98,1008.40
3401,306.00,28.25,27.95,41.98,1008.39
3402,306.09,28.25,27.92,41.98,1008.40
3403,306.18,28.24,27.93,41.97,1008.39
3404,306.27,28.25,27.93,41.97,1008.37
3405,306.36,28.24,27.93,41.99,1008.38
3406,306.45,28.24,27.91,41.99,1008.36
3407,306.54,28.24,27.89,41.97,1008.35
3408,306.63,28.24,27.87,41.99,1008.34
3409,306.72,28.22,27.88,41.99,1008.33
3410,306.81,28.20,27.89,41.97,1008.32
3411,306.90,28.20,27.90,41.99,1008.32
3412,306.99,28.21,27.89,41.97,1008.33
3413,307.08,28.21,27.87,41.94,1008.32
3414,307.17,28.19,27.86,41.96,1008.32
3415,307.26,28.19,27.86,41.95,1008.32
3416,307.35,28.19,27.87,41.94,1008.31
3417,307.44,28.19,27.86,41.92,1008.30
3418,307.53,28.20,27.86,41.91,1008.30
3419,307.62,28.19,27.85,41.92,1008.29
3420,307.71,28.19,27.85,41.91,1008.30
3421,307.80,28.19,27.85,41.92,1008.30
3422,307.89,28.20,27.84,41.94,1008.30
3423,307.98,28.21,27.84,41.96,1008.30
3424,308.07,28.21,27.85,41.96,1008.30
3425,308.16,28.21,27.86,41.97,1008.30
3426,308.25,28.21,27.84,42.00,1008.30
3427,308.34,28.20,27.82,42.03,1008.31
3428,308.43,28.21,27.84,41.99,1008.32
3429,308.52,28.22,27.84,41.99,1008.33
3430,308.61,28.22,27.84,42.00,1008.31
3431,308.70,28.21,27.85,41.99,1008.31
3432,308.79,28.21,27.87,42.00,1008.31
3433,308.88,28.22,27.87,42.02,1008.32
3434,308.97,28.20,27.87,41.98,1008.32
3435,309.06,28.20,27.85,41.99,1008.34
3436,309.15,28.20,27.85,41.99,1008.35
3437,309.24,28.19,27.88,42.00,1008.34
3438,309.33,28.18,27.89,41.99,1008.33
3439,309.42,28.17,27.88,42.00,1008.34
3440,309.51,28.18,27.89,42.01,1008.35
3441,309.60,28.18,27.89,42.00,1008.36
3442,309.69,28.19,27.89,42.02,1008.36
3443,309.78,28.17,27.88,42.01,1008.36
3444,309.87,28.17,27.88,42.04,1008.38
3445,309.96,28.17,27.90,42.04,1008.37
3446,310.05,28.18,27.91,42.05,1008.38
3447,310.14,28.20,27.92,42.04,1008.38
3448,310.23,28.20,27.93,42.02,1008.38
3449,310.32,28.20,27.92,42.01,1008.38
3450,310.41,28.17,27.90,42.01,1008.38
3451,310.50,28.17,27.91,42.04,1008.38
3452,310.59,28.17,27.93,42.03,1008.38
3453,310.68,28.17,27.91,42.03,1008.37
3454,310.77,28.19,27.91,42.01,1008.36
3455,310.86,28.18,27.92,42.01,1008.36
3456,310.95,28.18,27.93,41.99,1008.36
3457,311.04,28.19,27.92,42.01,1008.34
3458,311.13,28.19,27.93,42.03,1008.35
3459,311.22,28.19,27.94,42.04,1008.35
3460,311.31,28.20,27.95,42.02,1008.33
3461,311.40,28.19,27.95,42.02,1008.31
3462,311.49,28.19,27.91,42.01,1008.30
3463,311.58,28.18,27.93,42.00,1008.32
3464,311.67,28.18,27.92,41.99,1008.31
3465,311.76,28.19,27.91,42.00,1008.30
3466,311.85,28.19,27.93,41.98,1008.32
3467,311.94,28.19,27.94,41.98,1008.30
3468,312.03,28.20,27.94,42.00,1008.31
3469,312.12,28.20,27.93,41.97,1008.32
3470,312.21,28.22,27.94,41.97,1008.31
3471,312.30,28.23,27.92,41.98,1008.31
3472,312.39,28.21,27.93,41.98,1008.31
3473,312.48,28.21,27.93,41.99,1008.30
3474,312.57,28.21,27.92,41.99,1008.30
3475,312.66,28.20,27.94,42.02,1008.31
3476,312.75,28.21,27.93,42.02,1008.32
3477,312.84,28.21,27.93,42.00,1008.31
3478,312.93,28.21,27.92,41.99,1008.33
3479,313.02,28.21,27.90,42.00,1008.34
3480,313.11,28.22,27.90,42.02,1008.35
3481,313.20,28.23,27.91,42.02,1008.35
3482,313.29,28.24,27.89,42.00,1008.37
3483,313.38,28.24,27.88,41.99,1008.37
3484,313.47,28.24,27.85,42.00,1008.36
3485,313.56,28.26,27.83,42.04,1008.36
3486,313.65,28.26,27.85,42.04,1008.36
3487,313.74,28.26,27.86,42.03,1008.39
3488,313.83,28.26,27.87,42.04,1008.40
3489,313.92,28.27,27.87,42.04,1008.39
3490,314.01,28.27,27.88,42.05,1008.40
3491,314.10,28.28,27.89,42.03,1008.40
3492,314.19,28.29,27.90,42.04,1008.40
3493,314.28,28.29,27.89,42.05,1008.39
3494,314.37,28.28,27.88,42.07,1008.40
3495,314.46,28.28,27.90,42.09,1008.41
3496,314.55,28.27,27.88,42.12,1008.43
3497,314.64,28.27,27.87,42.15,1008.43
3498,314.73,28.28,27.86,42.15,1008.43
3499,314.82,28.27,27.84,42.15,1008.40
3500,314.91,28.28,27.84,42.15,1008.39
3501,315.00,28.27,27.84,42.13,1008.39
3502,315.09,28.25,27.83,42.13,1008.39
3503,315.18,28.24,27.86,42.11,1008.37
3504,315.27,28.25,27.84,42.10,1008.37
3505,315.36,28.24,27.84,42.10,1008.37
3506,315.45,28.25,27.86,42.12,1008.36
3507,315.54,28.23,27.85,42.11,1008.35
3508,315.63,28.22,27.83,42.12,1008.34
3509,315.72,28.22,27.84,42.13,1008.35
3510,315.81,28.22,27.83,42.13,1008.33
3511,315.90,28.22,27.81,42.11,1008.34
3512,315.99,28.23,27.82,42.11,1008.35
3513,316.08,28.23,27.83,42.13,1008.33
3514,316.17,28.23,27.85,42.16,1008.33
3515,316.26,28.24,27.84,42.13,1008.32
3516,316.35,28.24,27.81,42.14,1008.31
3517,316.44,28.24,27.79,42.15,1008.31
3518,316.53,28.25,27.77,42.14,1008.31
3519,316.62,28.24,27.78,42.10,1008.31
3520,316.71,28.23,27.76,42.12,1008.31
3521,316.80,28.21,27.76,42.09,1008.31
3522,316.89,28.19,27.78,42.10,1008.31
3523,316.98,28.19,27.77,42.09,1008.32
3524,317.07,28.19,27.76,42.06,1008.33
3525,317.16,28.19,27.75,42.06,1008.33
3526,317.25,28.18,27.76,42.07,1008.35
3527,317.34,28.20,27.78,42.08,1008.36
3528,317.43,28.19,27.77,42.10,1008.36
3529,317.52,28.16,27.80,42.07,1008.36
3530,317.61,28.17,27.79,42.05,1008.35
3531,317.70,28.17,27.78,42.05,1008.35
3532,317.79,28.18,27.79,42.05,1008.35
3533,317.88,28.20,27.78,42.02,1008.36
3534,317.97,28.19,27.77,42.01,1008.36
3535,318.06,28.18,27.78,42.03,1008.38
3536,318.15,28.19,27.78,42.04,1008.37
3537,318.24,28.18,27.79,42.05,1008.37
3538,318.33,28.19,27.79,42.06,1008.38
3539,318.42,28.18,27.80,42.05,1008.38
3540,318.51,28.18,27.80,42.04,1008.38
3541,318.60,28.19,27.81,42.06,1008.38
3542,318.69,28.19,27.81,42.06,1008.38
3543,318.78,28.18,27.81,42.06,1008.40
3544,318.87,28.19,27.83,42.07,1008.41
3545,318.96,28.18,27.84,42.06,1008.41
3546,319.05,28.18,27.85,42.08,1008.42
3547,319.14,28.18,27.85,42.05,1008.42
3548,319.23,28.17,27.86,42.07,1008.41
3549,319.32,28.16,27.86,42.05,1008.42
3550,319.41,28.15,27.85,42.06,1008.41
3551,319.50,28.16,27.84,42.04,1008.41
3552,319.59,28.16,27.84,42.05,1008.39
3553,319.68,28.16,27.84,42.05,1008.38
3554,319.77,28.15,27.83,42.06,1008.37
3555,319.86,28.15,27.84,42.06,1008.37
3556,319.95,28.15,27.85,42.05,1008.35
3557,320.04,28.16,27.85,42.05,1008.33
3558,320.13,28.15,27.86,42.06,1008.32
3559,320.22,28.16,27.86,42.03,1008.31
3560,320.31,28.17,27.85,42.04,1008.31
3561,320.40,28.17,27.87,42.05,1008.31
3562,320.49,28.18,27.87,42.07,1008.31
3563,320.58,28.17,27.85,42.04,1008.31
3564,320.67,28.17,27.86,42.03,1008.31
3565,320.76,28.19,27.87,42.05,1008.30
3566,320.85,28.19,27.88,42.05,1008.31
3567,320.94,28.19,27.88,42.06,1008.31
3568,321.03,28.37,27.89,42.06,1008.31
3569,321.12,28.27,27.90,42.07,1008.29
3570,321.21,28.23,27.89,42.04,1008.29
3571,321.30,28.23,27.89,42.04,1008.30
3572,321.39,28.23,27.87,42.06,1008.29
3573,321.48,28.23,27.86,42.04,1008.29
3574,321.57,28.24,27.86,42.04,1008.30
3575,321.66,28.23,27.85,42.05,1008.29
3576,321.75,28.26,27.84,42.04,1008.29
3577,321.84,28.26,27.83,42.04,1008.30
3578,321.93,28.26,27.80,42.05,1008.32
3579,322.02,28.26,27.80,42.03,1008.32
3580,322.11,28.25,27.82,42.00,1008.33
3581,322.20,28.25,27.81,42.01,1008.32
3582,322.29,28.24,27.82,42.02,1008.31
3583,322.38,28.24,27.83,42.03,1008.33
3584,322.47,28.25,27.85,42.03,1008.33
3585,322.56,28.26,27.85,42.04,1008.34
3586,322.65,28.25,27.84,42.03,1008.34
3587,322.74,28.24,27.85,42.03,1008.36
3588,322.83,28.23,27.84,42.02,1008.37
3589,322.92,28.23,27.83,42.01,1008.39
3590,323.01,28.23,27.83,42.00,1008.39
3591,323.10,28.22,27.85,42.01,1008.39
3592,323.19,28.22,27.83,42.02,1008.39
3593,323.28,28.21,27.83,42.03,1008.38
3594,323.37,28.22,27.82,42.02,1008.39
3595,323.46,28.22,27.81,42.01,1008.39
3596,323.55,28.22,27.81,42.02,1008.40
3597,323.64,28.22,27.82,42.03,1008.40
3598,323.73,28.22,27.82,42.03,1008.39
3599,323.82,28.22,27.83,42.02,1008.40
3600,323.91,28.22,27.81,42.01,1008.39
3601,324.00,28.21,27.82,42.03,1008.38
3602,324.09,28.19,27.81,42.01,1008.37
3603,324.18,28.20,27.82,42.01,1008.34
3604,324.27,28.22,27.84,42.00,1008.34
3605,324.36,28.21,27.84,41.98,1008.33
3606,324.45,28.19,27.82,41.99,1008.33
3607,324.54,28.19,27.82,41.99,1008.31
3608,324.63,28.20,27.83,42.00,1008.29
3609,324.72,28.19,27.84,42.00,1008.29
3610,324.81,28.18,27.84,42.00,1008.30
3611,324.90,28.16,27.85,42.00,1008.29
3612,324.99,28.15,27.84,42.03,1008.29
3613,325.08,28.16,27.84,42.07,1008.28
3614,325.17,28.16,27.87,42.09,1008.29
3615,325.26,28.17,27.85,42.10,1008.28
3616,325.35,28.18,27.86,42.10,1008.27
3617,325.44,28.19,27.86,42.08,1008.27
3618,325.53,28.19,27.86,42.08,1008.27
3619,325.62,28.18,27.85,42.09,1008.25
3620,325.71,28.18,27.87,42.08,1008.26
3621,325.80,28.17,27.85,42.06,1008.27
3622,325.89,28.17,27.85,42.05,1008.26
3623,325.98,28.16,27.85,42.04,1008.25
3624,326.07,28.16,27.86,42.04,1008.27
3625,326.16,28.16,27.85,42.05,1008.28
3626,326.25,28.15,27.87,42.04,1008.29
3627,326.34,28.16,27.88,42.03,1008.31
3628,326.43,28.15,27.86,42.03,1008.31
3629,326.52,28.15,27.87,42.05,1008.32
3630,326.61,28.14,27.87,42.04,1008.33
3631,326.70,28.13,27.88,42.02,1008.34
3632,326.79,28.14,27.87,41.99,1008.36
3633,326.88,28.14,27.84,41.96,1008.36
3634,326.97,28.14,27.84,41.95,1008.35
3635,327.06,28.13,27.86,41.93,1008.36
3636,327.15,28.13,27.87,41.92,1008.37
3637,327.24,28.13,27.87,41.93,1008.40
3638,327.33,28.13,27.86,41.94,1008.40
3639,327.42,28.12,27.87,41.97,1008.41
3640,327.51,28.12,27.87,41.95,1008.41
3641,327.60,28.13,27.87,41.94,1008.40
3642,327.69,28.14,27.88,41.94,1008.39
3643,327.78,28.14,27.87,41.93,1008.39
3644,327.87,28.15,27.86,41.92,1008.40
3645,327.96,28.15,27.85,41.92,1008.40
3646,328.05,28.15,27.85,41.93,1008.40
3647,328.14,28.15,27.84,41.94,1008.39
3648,328.23,28.15,27.83,41.94,1008.39
3649,328.32,28.15,27.84,41.90,1008.38
3650,328.41,28.15,27.84,41.88,1008.38
3651,328.50,28.16,27.85,41.87,1008.38
3652,328.59,28.17,27.84,41.87,1008.37
3653,328.68,28.16,27.85,41.89,1008.37
3654,328.77,28.17,27.83,41.90,1008.37
3655,328.86,28.16,27.83,41.90,1008.35
3656,328.95,28.16,27.84,41.92,1008.34
3657,329.04,28.15,27.84,41.90,1008.33
3658,329.13,28.15,27.84,41.89,1008.33
3659,329.22,28.15,27.83,41.89,1008.31
3660,329.31,28.14,27.85,41.91,1008.31
3661,329.40,28.14,27.84,41.92,1008.29
3662,329.49,28.15,27.84,41.91,1008.29
3663,329.58,28.15,27.86,41.91,1008.29
3664,329.67,28.14,27.88,41.92,1008.28
3665,329.76,28.16,27.88,41.91,1008.27
3666,329.85,28.16,27.86,41.92,1008.28
3667,329.94,28.17,27.84,41.89,1008.27
3668,330.03,28.17,27.84,41.88,1008.27
3669,330.12,28.18,27.85,41.91,1008.27
3670,330.21,28.18,27.86,41.90,1008.28
3671,330.30,28.17,27.86,41.89,1008.29
3672,330.39,28.19,27.83,41.90,1008.28
3673,330.48,28.18,27.82,41.91,1008.28
3674,330.57,28.20,27.85,41.91,1008.29
3675,330.66,28.20,27.84,41.92,1008.30
3676,330.75,28.20,27.83,41.92,1008.30
3677,330.84,28.22,27.80,41.92,1008.29
3678,330.93,28.24,27.80,41.92,1008.30
3679,331.02,28.23,27.78,41.93,1008.31
3680,331.11,28.23,27.78,41.94,1008.31
3681,331.20,28.22,27.78,41.94,1008.31
3682,331.29,28.23,27.79,41.95,1008.31
3683,331.38,28.23,27.81,41.95,1008.33
3684,331.47,28.23,27.80,41.94,1008.34
3685,331.56,28.22,27.80,41.94,1008.35
3686,331.65,28.22,27.79,41.95,1008.36
3687,331.74,28.21,27.81,41.98,1008.36
3688,331.83,28.22,27.81,41.98,1008.38
3689,331.92,28.23,27.79,41.99,1008.38
3690,332.01,28.23,27.79,42.00,1008.38
3691,332.10,28.22,27.79,42.02,1008.37
3692,332.19,28.21,27.78,42.03,1008.38
3693,332.28,28.21,27.77,42.03,1008.39
3694,332.37,28.21,27.78,42.02,1008.39
3695,332.46,28.22,27.77,42.03,1008.39
3696,332.55,28.23,27.78,42.04,1008.39
3697,332.64,28.23,27.79,42.06,1008.40
3698,332.73,28.22,27.80,42.05,1008.38
3699,332.82,28.21,27.79,42.02,1008.39
3700,332.91,28.20,27.81,42.01,1008.37
3701,333.00,28.20,27.79,42.02,1008.37
3702,333.09,28.19,27.81,42.01,1008.37
3703,333.18,28.20,27.79,42.01,1008.37
3704,333.27,28.19,27.79,42.01,1008.35
3705,333.36,28.20,27.80,42.02,1008.34
3706,333.45,28.18,27.79,41.99,1008.33
3707,333.54,28.18,27.81,42.00,1008.31
3708,333.63,28.18,27.80,41.98,1008.30
3709,333.72,28.17,27.80,42.00,1008.30
3710,333.81,28.17,27.79,42.00,1008.29
3711,333.90,28.16,27.80,42.01,1008.29
3712,333.99,28.16,27.80,41.97,1008.29
3713,334.08,28.16,27.79,41.98,1008.28
3714,334.17,28.16,27.78,41.97,1008.28
3715,334.26,28.16,27.80,41.99,1008.27
3716,334.35,28.16,28.06,41.98,1008.28
3717,334.44,28.16,27.90,41.99,1008.28
3718,334.53,28.16,27.77,42.00,1008.28
3719,334.62,28.16,27.76,41.98,1008.28
3720,334.71,28.16,27.78,41.98,1008.29
3721,334.80,28.15,27.77,42.00,1008.28
3722,334.89,28.16,27.77,41.98,1008.28
3723,334.98,28.16,27.78,41.99,1008.27
3724,335.07,28.15,27.78,41.97,1008.26
3725,335.16,28.15,27.79,41.95,1008.26
3726,335.25,28.13,27.81,41.96,1008.27
3727,335.34,28.12,27.82,41.96,1008.28
3728,335.43,28.13,27.80,41.95,1008.29
3729,335.52,28.11,27.82,41.95,1008.30
3730,335.61,28.12,27.80,41.94,1008.30
3731,335.70,28.12,27.82,41.94,1008.30
3732,335.79,28.12,27.83,41.96,1008.30
3733,335.88,28.11,27.82,41.95,1008.30
3734,335.97,28.11,27.81,41.94,1008.30
3735,336.06,28.10,27.81,41.95,1008.32
3736,336.15,28.09,27.83,41.96,1008.33
3737,336.24,28.08,27.84,41.97,1008.35
3738,336.33,28.09,27.83,41.96,1008.36
3739,336.42,28.10,27.84,41.96,1008.36
3740,336.51,28.10,27.85,41.97,1008.34
3741,336.60,28.11,27.88,41.99,1008.35
3742,336.69,28.09,27.87,42.00,1008.36
3743,336.78,28.08,27.86,41.98,1008.35
3744,336.87,28.09,27.86,41.96,1008.35
3745,336.96,28.08,27.86,41.95,1008.34
3746,337.05,28.08,27.85,41.96,1008.33
3747,337.14,28.09,27.86,41.95,1008.33
3748,337.23,28.10,27.87,41.94,1008.33
3749,337.32,28.10,27.85,41.96,1008.33
3750,337.41,28.11,27.86,41.97,1008.32
3751,337.50,28.12,27.85,41.96,1008.32
3752,337.59,28.13,27.85,41.96,1008.30
3753,337.68,28.13,27.84,41.95,1008.30
3754,337.77,28.13,27.85,41.95,1008.30
3755,337.86,28.14,27.85,41.94,1008.30
3756,337.95,28.13,27.86,41.93,1008.30
3757,338.04,28.16,27.87,41.93,1008.30
3758,338.13,28.15,27.87,41.92,1008.31
3759,338.22,28.15,27.87,41.92,1008.30
3760,338.31,28.15,27.84,41.91,1008.29
3761,338.40,28.15,27.84,41.94,1008.29
3762,338.49,28.15,27.81,41.95,1008.28
3763,338.58,28.15,27.81,41.94,1008.28
3764,338.67,28.17,27.80,41.96,1008.28
3765,338.76,28.16,27.82,41.98,1008.27
3766,338.85,28.15,27.80,41.97,1008.27
3767,338.94,28.15,27.80,41.97,1008.27
3768,339.03,28.15,27.80,41.99,1008.27
3769,339.12,28.14,27.78,42.01,1008.26
3770,339.21,28.13,27.80,42.02,1008.26
3771,339.30,28.14,27.80,42.00,1008.27
3772,339.39,28.12,27.81,42.01,1008.27
3773,339.48,28.13,27.81,42.00,1008.27
3774,339.57,28.13,27.81,42.02,1008.27
3775,339.66,28.14,27.78,42.02,1008.29
3776,339.75,28.16,27.77,42.00,1008.30
3777,339.84,28.17,27.74,41.98,1008.31
3778,339.93,28.18,27.73,41.99,1008.33
3779,340.02,28.16,27.71,41.96,1008.33
3780,340.11,28.17,27.71,41.94,1008.33
3781,340.20,28.18,27.69,41.96,1008.34
3782,340.29,28.18,27.67,41.96,1008.35
3783,340.38,28.17,27.69,41.98,1008.35
3784,340.47,28.18,27.68,41.98,1008.36
3785,340.56,28.18,27.68,41.97,1008.36
3786,340.65,28.19,27.66,41.98,1008.37
3787,340.74,28.19,27.67,41.97,1008.37
3788,340.83,28.19,27.65,41.99,1008.37
3789,340.92,28.18,27.65,41.99,1008.37
3790,341.01,28.18,27.63,41.98,1008.37
3791,341.10,28.19,27.63,41.97,1008.37
3792,341.19,28.19,27.63,41.97,1008.37
3793,341.28,28.19,27.64,42.01,1008.37
3794,341.37,28.19,27.65,42.00,1008.38
3795,341.46,28.19,27.64,42.00,1008.38
3796,341.55,28.19,27.64,42.01,1008.38
3797,341.64,28.18,27.63,42.00,1008.38
3798,341.73,28.17,27.64,42.00,1008.38
3799,341.82,28.18,27.61,41.97,1008.38
3800,341.91,28.18,27.60,41.98,1008.38
3801,342.00,28.19,27.62,41.99,1008.37
3802,342.09,28.18,27.63,41.99,1008.36
3803,342.18,28.19,27.62,42.00,1008.35
3804,342.27,28.18,27.64,42.00,1008.36
3805,342.36,28.17,27.64,42.02,1008.36
3806,342.45,28.17,27.63,42.01,1008.34
3807,342.54,28.16,27.63,41.99,1008.35
3808,342.63,28.16,27.64,42.01,1008.33
3809,342.72,28.16,27.65,42.00,1008.32
3810,342.81,28.16,27.66,41.99,1008.31
3811,342.90,28.15,27.66,41.98,1008.31
3812,342.99,28.13,27.66,41.99,1008.30
3813,343.08,28.13,27.69,41.97,1008.30
3814,343.17,28.13,27.69,41.97,1008.30
3815,343.26,28.13,27.72,41.95,1008.30
3816,343.35,28.12,27.72,41.96,1008.30
3817,343.44,28.13,27.73,41.96,1008.29
3818,343.53,28.12,27.75,41.96,1008.29
3819,343.62,28.12,27.76,41.98,1008.29
3820,343.71,28.12,27.76,42.00,1008.29
3821,343.80,28.13,27.75,41.99,1008.28
3822,343.89,28.13,27.76,41.97,1008.28
3823,343.98,28.13,27.77,41.96,1008.28
3824,344.07,28.13,27.77,41.93,1008.28
3825,344.16,28.13,27.77,41.93,1008.29
3826,344.25,28.12,27.79,41.95,1008.29
3827,344.34,28.11,27.80,41.95,1008.29
3828,344.43,28.11,27.81,41.95,1008.30
3829,344.52,28.11,27.81,41.94,1008.31
3830,344.61,28.12,27.84,41.94,1008.31
3831,344.70,28.11,27.83,41.95,1008.31
3832,344.79,28.13,27.85,41.95,1008.32
3833,344.88,28.12,27.85,41.98,1008.33
3834,344.97,28.10,27.85,41.99,1008.35
3835,345.06,28.11,27.86,41.98,1008.36
3836,345.15,28.10,27.87,41.97,1008.37
3837,345.24,28.10,27.88,41.95,1008.39
3838,345.33,28.11,27.89,41.93,1008.38
3839,345.42,28.11,27.88,41.95,1008.39
3840,345.51,28.13,27.90,41.93,1008.39
3841,345.60,28.12,27.89,41.94,1008.37
3842,345.69,28.13,27.90,41.93,1008.37
3843,345.78,28.13,27.87,41.93,1008.38
3844,345.87,28.14,27.86,41.93,1008.37
3845,345.96,28.14,27.84,41.95,1008.39
3846,346.05,28.12,27.84,41.94,1008.39
3847,346.14,28.13,27.86,41.94,1008.40
3848,346.23,28.12,27.86,41.94,1008.40
3849,346.32,28.13,27.86,41.93,1008.39
3850,346.41,28.12,27.85,41.95,1008.38
3851,346.50,28.12,27.86,41.94,1008.37
3852,346.59,28.10,27.85,41.92,1008.37
3853,346.68,28.11,27.84,41.94,1008.37
3854,346.77,28.09,27.83,41.93,1008.36
3855,346.86,28.10,27.82,41.93,1008.36
3856,346.95,28.09,27.82,41.95,1008.36
3857,347.04,28.09,27.81,41.96,1008.36
3858,347.13,28.09,27.81,41.96,1008.36
3859,347.22,28.07,27.80,41.97,1008.36
3860,347.31,28.07,27.80,41.96,1008.36
3861,347.40,28.08,27.80,41.97,1008.37
3862,347.49,28.09,27.78,41.97,1008.36
3863,347.58,28.09,27.79,41.96,1008.36
3864,347.67,28.08,27.79,41.94,1008.34
3865,347.76,28.08,27.81,41.97,1008.34
3866,347.85,28.09,27.81,41.98,1008.32
3867,347.94,28.10,27.79,41.99,1008.32
3868,348.03,28.11,27.80,42.00,1008.32
3869,348.12,28.12,27.78,42.00,1008.34
3870,348.21,28.12,27.80,42.02,1008.33
3871,348.30,28.13,27.78,42.02,1008.31
3872,348.39,28.13,27.77,42.01,1008.32
3873,348.48,28.12,27.77,42.02,1008.31
3874,348.57,28.12,27.76,42.00,1008.32
3875,348.66,28.12,27.76,42.01,1008.34
3876,348.75,28.12,27.78,42.00,1008.35
3877,348.84,28.12,27.76,41.99,1008.35
3878,348.93,28.13,27.75,42.01,1008.36
3879,349.02,28.12,27.74,41.98,1008.36
3880,349.11,28.12,27.73,41.95,1008.38
3881,349.20,28.10,27.71,41.97,1008.38
3882,349.29,28.10,27.71,41.96,1008.38
3883,349.38,28.11,27.69,41.96,1008.38
3884,349.47,28.12,27.70,41.98,1008.41
3885,349.56,28.12,27.71,42.00,1008.41
3886,349.65,28.12,27.72,41.99,1008.42
3887,349.74,28.13,27.73,41.99,1008.42
3888,349.83,28.13,27.74,41.98,1008.44
3889,349.92,28.14,27.75,41.96,1008.45
3890,350.01,28.13,27.76,41.94,1008.44
3891,350.10,28.13,27.77,41.93,1008.43
3892,350.19,28.14,27.77,41.90,1008.42
3893,350.28,28.14,27.78,41.90,1008.42
3894,350.37,28.14,27.79,41.88,1008.42
3895,350.46,28.13,27.78,41.88,1008.41
3896,350.55,28.11,27.78,41.88,1008.41
3897,350.64,28.12,27.79,41.86,1008.40
3898,350.73,28.12,27.78,41.85,1008.40
3899,350.82,28.12,27.76,41.85,1008.39
3900,350.91,28.12,27.75,41.84,1008.39
3901,351.00,28.11,27.75,41.81,1008.37
3902,351.09,28.11,27.74,41.81,1008.36
3903,351.18,28.10,27.74,41.82,1008.35
3904,351.27,28.11,27.74,41.81,1008.35
3905,351.36,28.10,27.76,41.83,1008.33
3906,351.45,28.09,27.79,41.85,1008.32
3907,351.54,28.09,27.80,41.83,1008.31
3908,351.63,28.08,27.80,41.82,1008.31
3909,351.72,28.08,27.81,41.82,1008.31
3910,351.81,28.08,27.83,41.82,1008.30
3911,351.90,28.08,27.84,41.83,1008.30
3912,351.99,28.08,27.81,41.81,1008.31
3913,352.08,28.09,27.82,41.79,1008.29
3914,352.17,28.10,27.84,41.81,1008.30
3915,352.26,28.09,27.85,41.80,1008.29
3916,352.35,28.09,27.84,41.81,1008.30
3917,352.44,28.10,27.83,41.81,1008.30
3918,352.53,28.09,27.84,41.83,1008.31
3919,352.62,28.10,27.83,41.83,1008.32
3920,352.71,28.10,27.82,41.84,1008.32
3921,352.80,28.10,27.81,41.80,1008.33
3922,352.89,28.11,27.81,41.83,1008.34
3923,352.98,28.10,27.80,41.80,1008.35
3924,353.07,28.10,27.80,41.81,1008.35
3925,353.16,28.11,27.80,41.84,1008.35
3926,353.25,28.12,27.80,41.82,1008.34
3927,353.34,28.13,27.81,41.82,1008.34
3928,353.43,28.11,27.81,41.82,1008.35
3929,353.52,28.12,27.82,41.85,1008.36
3930,353.61,28.11,27.82,41.82,1008.36
3931,353.70,28.11,27.82,41.81,1008.38
3932,353.79,28.11,27.84,41.79,1008.39
3933,353.88,28.09,27.85,41.80,1008.39
3934,353.97,28.08,27.84,41.81,1008.40
3935,354.06,28.08,27.85,41.83,1008.40
3936,354.15,28.07,27.85,41.82,1008.39
3937,354.24,28.06,27.83,41.82,1008.38
3938,354.33,28.05,27.84,41.82,1008.39
3939,354.42,28.06,27.81,41.79,1008.40
3940,354.51,28.06,27.82,41.78,1008.39
3941,354.60,28.05,27.82,41.79,1008.39
3942,354.69,28.04,27.81,41.77,1008.38
3943,354.78,28.03,27.82,41.75,1008.38
3944,354.87,28.03,27.81,41.74,1008.38
3945,354.96,28.04,27.80,41.75,1008.39
3946,355.05,28.03,27.79,41.73,1008.38
3947,355.14,28.05,27.80,41.73,1008.37
3948,355.23,28.04,27.79,41.72,1008.36
3949,355.32,28.06,27.77,41.70,1008.36
3950,355.41,28.04,27.78,41.71,1008.35
3951,355.50,28.05,27.78,41.71,1008.35
3952,355.59,28.05,27.78,41.73,1008.35
3953,355.68,28.05,27.78,41.73,1008.35
3954,355.77,28.05,27.77,41.73,1008.34
3955,355.86,28.05,27.77,41.73,1008.33
3956,355.95,28.07,27.76,41.74,1008.32
3957,356.04,28.07,27.76,41.76,1008.30
3958,356.13,28.08,27.76,41.78,1008.30
3959,356.22,28.07,27.76,41.77,1008.30
3960,356.31,28.08,27.75,41.80,1008.31
3961,356.40,28.07,27.76,41.80,1008.30
3962,356.49,28.07,27.74,41.81,1008.30
3963,356.58,28.07,27.75,41.79,1008.31
3964,356.67,28.07,27.74,41.79,1008.30
3965,356.76,28.07,27.75,41.79,1008.31
3966,356.85,28.08,27.75,41.80,1008.31
3967,356.94,28.08,27.74,41.83,1008.32
3968,357.03,28.09,27.74,41.84,1008.31
3969,357.12,28.11,27.72,41.85,1008.31
3970,357.21,28.11,27.72,41.82,1008.32
3971,357.30,28.10,27.72,41.82,1008.32
3972,357.39,28.09,27.71,41.85,1008.33
3973,357.48,28.09,27.69,41.82,1008.33
3974,357.57,28.11,27.71,41.80,1008.34
3975,357.66,28.10,27.68,41.80,1008.34
3976,357.75,28.09,27.68,41.77,1008.35
3977,357.84,28.10,27.70,41.77,1008.37
3978,357.93,28.10,27.69,41.79,1008.36
3979,358.02,28.10,27.71,41.79,1008.37
3980,358.11,28.10,27.72,41.79,1008.37
3981,358.20,28.10,27.72,41.79,1008.36
3982,358.29,28.10,27.70,41.77,1008.36
3983,358.38,28.11,27.71,41.78,1008.37
3984,358.47,28.11,27.71,41.78,1008.37
3985,358.56,28.10,27.71,41.78,1008.40
3986,358.65,28.12,27.72,41.78,1008.40
3987,358.74,28.13,27.73,41.75,1008.40
3988,358.83,28.13,27.74,41.75,1008.41
3989,358.92,28.13,27.74,41.75,1008.40
3990,359.01,28.14,27.75,41.74,1008.39
3991,359.10,28.13,27.74,41.73,1008.39
3992,359.19,28.12,27.75,41.73,1008.39
3993,359.28,28.12,27.76,41.75,1008.40
3994,359.37,28.11,27.75,41.75,1008.40
3995,359.46,28.12,27.76,41.75,1008.39
3996,359.55,28.13,27.76,41.75,1008.38
3997,359.64,28.12,27.76,41.73,1008.38
3998,359.73,28.12,27.76,41.72,1008.36
3999,359.82,28.12,27.76,41.71,1008.34
4000,359.91,28.12,27.77,41.69,1008.35
4001,360.00,28.13,27.75,41.70,1008.35
4002,360.09,28.14,27.75,41.72,1008.34
4003,360.18,28.13,27.75,41.74,1008.33
4004,360.27,28.13,27.76,41.77,1008.31
4005,360.36,28.12,27.75,41.74,1008.30
4006,360.45,28.11,27.75,41.73,1008.29
4007,360.54,28.11,27.76,41.75,1008.27
4008,360.63,28.10,27.74,41.74,1008.29
4009,360.72,28.11,27.76,41.74,1008.28
4010,360.81,28.12,27.77,41.74,1008.29
4011,360.90,28.10,27.76,41.74,1008.29
4012,360.99,28.10,27.76,41.74,1008.28
4013,361.08,28.10,27.78,41.74,1008.27
4014,361.17,28.10,27.77,41.74,1008.26
4015,361.26,28.10,27.80,41.73,1008.25
4016,361.35,28.10,27.83,41.73,1008.25
4017,361.44,28.13,27.84,41.75,1008.25
4018,361.53,28.12,27.83,41.73,1008.26
4019,361.62,28.14,27.84,41.76,1008.27
4020,361.71,28.16,27.83,41.76,1008.29
4021,361.80,28.16,27.80,41.76,1008.30
4022,361.89,28.17,27.80,41.73,1008.32
4023,361.98,28.15,27.79,41.74,1008.33
4024,362.07,28.13,27.82,41.74,1008.34
4025,362.16,28.13,27.81,41.72,1008.35
4026,362.25,28.11,27.82,41.72,1008.36
4027,362.34,28.12,27.81,41.74,1008.37
4028,362.43,28.13,27.79,41.74,1008.37
4029,362.52,28.13,27.77,41.73,1008.37
4030,362.61,28.13,27.79,41.72,1008.35
4031,362.70,28.16,27.79,41.72,1008.33
4032,362.79,28.15,27.79,41.75,1008.34
4033,362.88,28.15,27.79,41.74,1008.34
4034,362.97,28.14,27.78,41.69,1008.35
4035,363.06,28.14,27.78,41.69,1008.36
4036,363.15,28.12,27.78,41.70,1008.36
4037,363.24,28.14,27.77,41.69,1008.37
4038,363.33,28.12,27.77,41.69,1008.38
4039,363.42,28.12,27.75,41.68,1008.37
4040,363.51,28.12,27.74,41.68,1008.37
4041,363.60,28.10,27.76,41.68,1008.37
4042,363.69,28.09,27.76,41.66,1008.37
4043,363.78,28.07,27.75,41.66,1008.37
4044,363.87,28.07,27.76,41.67,1008.36
4045,363.96,28.05,27.76,41.67,1008.36
4046,364.05,28.06,27.76,41.70,1008.36
4047,364.14,28.05,27.73,41.71,1008.36
4048,364.23,28.04,27.75,41.72,1008.36
4049,364.32,28.04,27.74,41.73,1008.34
4050,364.41,28.05,27.73,41.77,1008.33
4051,364.50,28.05,27.74,41.77,1008.32
4052,364.59,28.04,27.76,41.78,1008.32
4053,364.68,28.03,27.75,41.76,1008.33
4054,364.77,28.04,27.75,41.73,1008.31
4055,364.86,28.04,27.75,41.75,1008.31
4056,364.95,28.03,27.73,41.76,1008.30
4057,365.04,28.03,27.72,41.74,1008.29
4058,365.13,28.05,27.73,41.72,1008.29
4059,365.22,28.06,27.73,41.71,1008.29
4060,365.31,28.06,27.72,41.72,1008.28
4061,365.40,28.05,27.73,41.75,1008.27
4062,365.49,28.05,27.73,41.75,1008.27
4063,365.58,28.05,27.72,41.74,1008.25
4064,365.67,28.06,27.72,41.75,1008.24
4065,365.76,28.06,27.70,41.76,1008.23
4066,365.85,28.06,27.70,41.75,1008.23
4067,365.94,28.07,27.70,41.74,1008.24
4068,366.03,28.07,27.68,41.72,1008.26
4069,366.12,28.07,27.68,41.75,1008.26
4070,366.21,28.08,27.68,41.74,1008.26
4071,366.30,28.09,27.69,41.74,1008.26
4072,366.39,28.08,27.69,41.75,1008.27
4073,366.48,28.08,27.69,41.73,1008.27
4074,366.57,28.09,27.68,41.72,1008.27
4075,366.66,28.09,27.69,41.73,1008.29
4076,366.75,28.10,27.68,41.75,1008.30
4077,366.84,28.11,27.68,41.74,1008.30
4078,366.93,28.11,27.68,41.75,1008.29
4079,367.02,28.12,27.69,41.75,1008.30
4080,367.11,28.13,27.71,41.76,1008.30
4081,367.20,28.12,27.73,41.77,1008.32
4082,367.29,28.12,27.73,41.77,1008.32
4083,367.38,28.12,27.73,41.77,1008.34
4084,367.47,28.13,27.72,41.77,1008.35
4085,367.56,28.14,27.72,41.76,1008.36
4086,367.65,28.13,27.72,41.77,1008.35
4087,367.74,28.13,27.71,41.76,1008.34
4088,367.83,28.13,27.72,41.77,1008.34
4089,367.92,28.13,27.72,41.78,1008.35
4090,368.01,28.13,27.74,41.77,1008.34
4091,368.10,28.13,27.74,41.76,1008.33
4092,368.19,28.13,27.72,41.77,1008.31
4093,368.28,28.13,27.72,41.79,1008.32
4094,368.37,28.12,27.73,41.79,1008.32
4095,368.46,28.12,27.72,41.80,1008.33
4096,368.55,28.12,27.71,41.77,1008.33
4097,368.64,28.11,27.72,41.80,1008.32
4098,368.73,28.12,27.73,41.80,1008.33
4099,368.82,28.11,27.74,41.83,1008.32
4100,368.91,28.11,27.76,41.83,1008.32
4101,369.00,28.12,27.76,41.82,1008.32
4102,369.09,28.11,27.76,41.81,1008.32
4103,369.18,28.12,27.78,41.83,1008.31
4104,369.27,28.10,27.78,41.80,1008.30
4105,369.36,28.09,27.77,41.79,1008.28
4106,369.45,28.09,27.77,41.78,1008.26
4107,369.54,28.08,27.77,41.79,1008.25
4108,369.63,28.11,27.79,41.79,1008.25
4109,369.72,28.10,27.79,41.82,1008.24
4110,369.81,28.11,27.79,41.83,1008.24
4111,369.90,28.11,27.79,41.83,1008.24
4112,369.99,28.10,27.79,41.82,1008.26
4113,370.08,28.10,27.80,41.83,1008.27
4114,370.17,28.08,27.81,41.81,1008.26
4115,370.26,28.09,27.83,41.81,1008.27
4116,370.35,28.08,27.82,41.82,1008.26
4117,370.44,28.07,27.80,41.82,1008.26
4118,370.53,28.06,27.79,41.82,1008.27
4119,370.62,28.05,27.78,41.82,1008.28
4120,370.71,28.04,27.80,41.81,1008.30
4121,370.80,28.04,27.78,41.81,1008.31
4122,370.89,28.05,27.78,41.83,1008.31
4123,370.98,28.05,27.78,41.81,1008.32
4124,371.07,28.06,27.77,41.81,1008.33
4125,371.16,28.07,27.78,41.82,1008.32
4126,371.25,28.06,27.79,41.81,1008.33
4127,371.34,28.06,27.78,41.82,1008.34
4128,371.43,28.06,27.77,41.81,1008.34
4129,371.52,28.05,27.77,41.82,1008.33
4130,371.61,28.05,27.77,41.83,1008.34
4131,371.70,28.04,27.77,41.82,1008.34
4132,371.79,28.05,27.78,41.88,1008.36
4133,371.88,28.05,27.80,41.90,1008.35
4134,371.97,28.05,27.77,41.88,1008.36
4135,372.06,28.04,27.77,41.90,1008.38
4136,372.15,28.05,27.78,41.89,1008.39
4137,372.24,28.04,27.77,41.88,1008.38
4138,372.33,28.03,27.78,41.88,1008.39
4139,372.42,28.04,27.78,41.86,1008.40
4140,372.51,28.03,27.79,41.84,1008.41
4141,372.60,28.03,27.75,41.86,1008.41
4142,372.69,28.03,27.74,41.87,1008.40
4143,372.78,28.01,27.75,41.84,1008.40
4144,372.87,28.02,27.72,41.87,1008.39
4145,372.96,28.02,27.71,41.86,1008.39
4146,373.05,28.03,27.73,41.85,1008.38
4147,373.14,28.05,27.73,41.83,1008.38
4148,373.23,28.05,27.74,41.84,1008.37
4149,373.32,28.06,27.75,41.83,1008.36
4150,373.41,28.06,27.77,41.81,1008.36
4151,373.50,28.07,27.76,41.79,1008.35
4152,373.59,28.07,27.75,41.79,1008.33
4153,373.68,28.07,27.74,41.78,1008.33
4154,373.77,28.07,27.75,41.76,1008.32
4155,373.86,28.07,27.75,41.75,1008.31
4156,373.95,28.06,27.73,41.77,1008.29
4157,374.04,28.05,27.72,41.77,1008.27
4158,374.13,28.05,27.73,41.77,1008.28
4159,374.22,28.06,27.73,41.80,1008.28
4160,374.31,28.05,27.75,41.80,1008.28
4161,374.40,28.04,27.73,41.82,1008.29
4162,374.49,28.04,27.74,41.83,1008.29
4163,374.58,28.04,27.75,41.85,1008.29
4164,374.67,28.04,27.76,41.85,1008.27
4165,374.76,28.05,27.73,41.84,1008.26
4166,374.85,28.05,27.72,41.84,1008.29
4167,374.94,28.06,27.71,41.83,1008.30
4168,375.03,28.05,27.71,41.84,1008.29
4169,375.12,28.05,27.74,41.83,1008.30
4170,375.21,28.07,27.75,41.83,1008.29
4171,375.30,28.07,27.73,41.88,1008.31
4172,375.39,28.08,27.74,41.88,1008.32
4173,375.48,28.09,27.73,41.89,1008.34
4174,375.57,28.09,27.75,41.90,1008.35
4175,375.66,28.10,27.75,41.87,1008.34
4176,375.75,28.09,27.75,41.86,1008.35
4177,375.84,28.09,27.74,41.84,1008.35
4178,375.93,28.10,27.74,41.84,1008.36
4179,376.02,28.09,27.75,41.82,1008.36
4180,376.11,28.11,27.77,41.80,1008.37
4181,376.20,28.12,27.76,41.81,1008.38
4182,376.29,28.12,27.76,41.80,1008.39
4183,376.38,28.12,27.75,41.82,1008.39
4184,376.47,28.12,27.74,41.80,1008.38
4185,376.56,28.13,27.73,41.79,1008.39
4186,376.65,28.13,27.74,41.79,1008.39
4187,376.74,28.12,27.75,41.80,1008.40
4188,376.83,28.13,27.77,41.79,1008.39
4189,376.92,28.14,27.77,41.78,1008.39
4190,377.01,28.14,27.78,41.80,1008.39
4191,377.10,28.17,27.80,41.81,1008.39
4192,377.19,28.16,27.80,41.79,1008.39
4193,377.28,28.17,27.81,41.78,1008.39
4194,377.37,28.17,27.81,41.79,1008.39
4195,377.46,28.15,27.80,41.77,1008.39
4196,377.55,28.15,27.80,41.79,1008.39
4197,377.64,28.16,27.81,41.79,1008.37
4198,377.73,28.15,27.80,41.79,1008.37
4199,377.82,28.16,27.80,41.80,1008.38
4200,377.91,28.14,27.82,41.79,1008.36
4201,378.00,28.14,27.80,41.80,1008.36
4202,378.09,28.15,27.80,41.80,1008.34
4203,378.18,28.14,27.81,41.81,1008.35
4204,378.27,28.12,27.83,41.82,1008.36
4205,378.36,28.14,27.84,41.84,1008.35
4206,378.45,28.13,27.85,41.83,1008.34
4207,378.54,28.13,27.87,41.80,1008.32
4208,378.63,28.13,27.88,41.79,1008.32
4209,378.72,28.13,27.89,41.79,1008.31
4210,378.81,28.11,27.91,41.82,1008.32
4211,378.90,28.10,27.92,41.83,1008.31
4212,378.99,28.11,27.92,41.83,1008.31
4213,379.08,28.09,27.94,41.82,1008.30
4214,379.17,28.09,27.95,41.79,1008.31
4215,379.26,28.08,27.93,41.78,1008.30
4216,379.35,28.07,27.93,41.78,1008.32
4217,379.44,28.08,27.93,41.78,1008.33
4218,379.53,28.09,27.93,41.78,1008.32
4219,379.62,28.09,27.94,41.77,1008.33
4220,379.71,28.08,27.93,41.74,1008.32
4221,379.80,28.06,27.93,41.75,1008.32
4222,379.89,28.07,27.93,41.74,1008.34
4223,379.98,28.05,27.93,41.74,1008.34
4224,380.07,28.06,27.91,41.73,1008.34
4225,380.16,28.05,27.90,41.75,1008.34
4226,380.25,28.03,27.89,41.76,1008.35
4227,380.34,28.04,27.88,41.76,1008.36
4228,380.43,28.03,27.86,41.74,1008.37
4229,380.52,28.03,27.85,41.78,1008.37
4230,380.61,28.05,27.85,41.76,1008.38
4231,380.70,28.04,27.83,41.76,1008.38
4232,380.79,28.04,27.83,41.79,1008.38
4233,380.88,28.04,27.80,41.80,1008.38
4234,380.97,28.05,27.81,41.83,1008.39
4235,381.06,28.05,27.81,41.82,1008.40
4236,381.15,28.04,27.81,41.82,1008.40
4237,381.24,28.03,27.81,41.83,1008.41
4238,381.33,28.03,27.78,41.81,1008.42
4239,381.42,28.04,27.78,41.80,1008.42
4240,381.51,28.04,27.78,41.76,1008.42
4241,381.60,28.04,27.79,41.77,1008.43
4242,381.69,28.04,27.78,41.80,1008.43
4243,381.78,28.04,27.78,41.81,1008.41
4244,381.87,28.05,27.77,41.80,1008.41
4245,381.96,28.05,27.75,41.83,1008.40
4246,382.05,28.05,27.73,41.84,1008.41
4247,382.14,28.03,27.71,41.84,1008.39
4248,382.23,28.01,27.71,41.86,1008.40
4249,382.32,28.01,27.71,41.88,1008.39
4250,382.41,28.02,27.71,41.90,1008.39
4251,382.50,28.04,27.71,41.91,1008.40
4252,382.59,28.03,27.72,41.91,1008.39
4253,382.68,28.03,27.72,41.90,1008.38
4254,382.77,28.06,27.71,41.91,1008.37
4255,382.86,28.06,27.71,41.93,1008.37
4256,382.95,28.07,27.72,41.95,1008.36
4257,383.04,28.06,27.70,41.96,1008.36
4258,383.13,28.07,27.72,41.96,1008.34
4259,383.22,28.06,27.72,41.98,1008.33
4260,383.31,28.04,27.71,42.00,1008.32
4261,383.40,28.05,27.71,42.02,1008.31
4262,383.49,28.05,27.71,42.01,1008.32
4263,383.58,28.06,27.71,42.00,1008.33
4264,383.67,28.06,27.71,42.01,1008.32
4265,383.76,28.04,27.71,42.01,1008.33
4266,383.85,28.04,27.72,41.99,1008.31
4267,383.94,28.05,27.72,42.00,1008.31
4268,384.03,28.03,27.72,41.99,1008.31
4269,384.12,28.05,27.74,41.98,1008.32
4270,384.21,28.06,27.74,41.97,1008.32
4271,384.30,28.06,27.75,41.95,1008.33
4272,384.39,28.07,27.77,41.95,1008.35
4273,384.48,28.08,27.77,41.97,1008.36
4274,384.57,28.08,27.75,41.95,1008.36
4275,384.66,28.08,27.73,41.98,1008.36
4276,384.75,28.08,27.72,41.98,1008.36
4277,384.84,28.08,27.72,41.97,1008.37
4278,384.93,28.08,27.71,41.96,1008.37
4279,385.02,28.09,27.72,41.97,1008.39
4280,385.11,28.10,27.75,41.97,1008.39
4281,385.20,28.10,27.76,41.98,1008.42
4282,385.29,28.09,27.75,41.96,1008.42
4283,385.38,28.08,27.76,41.98,1008.43
4284,385.47,28.08,27.76,41.99,1008.45
4285,385.56,28.08,27.75,41.98,1008.44
4286,385.65,28.08,27.76,41.96,1008.44
4287,385.74,28.07,27.76,41.96,1008.44
4288,385.83,28.06,27.75,41.95,1008.45
4289,385.92,28.05,27.75,41.96,1008.46
4290,386.01,28.06,27.75,41.96,1008.46
4291,386.10,28.06,27.76,41.95,1008.46
4292,386.19,28.08,27.74,41.94,1008.44
4293,386.28,28.07,27.73,41.96,1008.43
4294,386.37,28.06,27.73,41.94,1008.42
4295,386.46,28.06,27.76,41.92,1008.41
4296,386.55,28.08,27.77,41.92,1008.41
4297,386.64,28.06,27.78,41.93,1008.40
4298,386.73,28.06,27.78,41.95,1008.38
4299,386.82,28.07,27.78,41.93,1008.38
4300,386.91,28.06,27.79,41.93,1008.37
4301,387.00,28.06,27.79,41.93,1008.37
4302,387.09,28.08,27.78,41.93,1008.37
4303,387.18,28.07,27.76,41.92,1008.35
4304,387.27,28.08,27.79,41.92,1008.35
4305,387.36,28.09,27.76,41.93,1008.34
4306,387.45,28.09,27.75,41.91,1008.33
4307,387.54,28.10,27.74,41.89,1008.33
4308,387.63,28.10,27.74,41.90,1008.31
4309,387.72,28.11,27.75,41.90,1008.30
4310,387.81,28.11,27.79,41.92,1008.28
4311,387.90,28.10,27.77,41.93,1008.28
4312,387.99,28.09,27.77,41.92,1008.28
4313,388.08,28.09,27.77,41.92,1008.28
4314,388.17,28.08,27.75,41.90,1008.29
4315,388.26,28.08,27.76,41.91,1008.29
4316,388.35,28.08,27.75,41.91,1008.29
4317,388.44,28.06,27.75,41.93,1008.30
4318,388.53,28.05,27.73,41.93,1008.30
4319,388.62,28.08,27.74,41.92,1008.32
4320,388.71,28.07,27.73,41.92,1008.33
4321,388.80,28.07,27.75,41.91,1008.34
4322,388.89,28.05,27.74,41.89,1008.34
4323,388.98,28.03,27.74,41.86,1008.35
4324,389.07,28.03,27.71,41.87,1008.36
4325,389.16,28.03,27.72,41.88,1008.36
4326,389.25,28.04,27.73,41.89,1008.36
4327,389.34,28.03,27.71,41.87,1008.38
4328,389.43,28.03,27.69,41.89,1008.38
4329,389.52,28.02,27.69,41.89,1008.38
4330,389.61,28.04,27.70,41.90,1008.38
4331,389.70,28.03,27.70,41.94,1008.38
4332,389.79,28.04,27.71,41.93,1008.38
4333,389.88,28.06,27.72,41.93,1008.37
4334,389.97,28.07,27.71,41.90,1008.37
4335,390.06,28.07,27.71,41.92,1008.39
4336,390.15,28.07,27.72,41.94,1008.38
4337,390.24,28.06,27.70,41.94,1008.38
4338,390.33,28.06,27.70,41.94,1008.39
4339,390.42,28.05,27.70,41.92,1008.38
4340,390.51,28.05,27.69,41.90,1008.36
4341,390.60,28.04,27.67,41.91,1008.36
4342,390.69,28.02,27.69,41.90,1008.36
4343,390.78,28.02,27.66,41.90,1008.35
4344,390.87,28.02,27.67,41.93,1008.35
4345,390.96,28.02,27.68,41.92,1008.34
4346,391.05,28.02,27.68,41.94,1008.33
4347,391.14,28.00,27.68,41.95,1008.34
4348,391.23,28.01,27.70,41.95,1008.35
4349,391.32,28.03,27.68,41.96,1008.33
4350,391.41,28.04,27.68,41.97,1008.33
4351,391.50,28.04,27.68,41.97,1008.33
4352,391.59,28.03,27.68,41.95,1008.33
4353,391.68,28.01,27.69,41.95,1008.32
4354,391.77,28.01,27.69,41.94,1008.32
4355,391.86,28.01,27.70,41.95,1008.31
4356,391.95,28.00,27.69,41.97,1008.31
4357,392.04,28.00,27.68,41.97,1008.31
4358,392.13,28.00,27.68,41.98,1008.31
4359,392.22,28.01,27.67,41.98,1008.31
4360,392.31,28.02,27.67,41.95,1008.30
4361,392.40,28.04,27.67,41.94,1008.30
4362,392.49,28.04,27.67,41.96,1008.30
4363,392.58,28.02,27.69,41.96,1008.30
4364,392.67,28.02,27.70,41.97,1008.29
4365,392.76,28.03,27.69,41.98,1008.29
4366,392.85,28.03,27.70,41.99,1008.29
4367,392.94,28.05,27.69,42.00,1008.28
4368,393.03,28.05,27.69,41.99,1008.30
4369,393.12,28.05,27.70,42.00,1008.31
4370,393.21,28.05,27.70,42.00,1008.32
4371,393.30,28.05,27.71,41.98,1008.34
4372,393.39,28.05,27.73,42.01,1008.33
4373,393.48,28.04,27.74,42.01,1008.33
4374,393.57,28.05,27.73,42.01,1008.34
4375,393.66,28.05,27.73,42.03,1008.34
4376,393.75,28.06,27.73,42.05,1008.34
4377,393.84,28.04,27.74,42.04,1008.34
4378,393.93,28.04,27.75,42.02,1008.34
4379,394.02,28.05,27.76,42.04,1008.35
4380,394.11,28.05,27.75,42.02,1008.35
4381,394.20,28.04,27.77,42.02,1008.37
4382,394.29,28.05,27.78,42.03,1008.38
4383,394.38,28.05,27.78,42.05,1008.37
4384,394.47,28.05,27.77,42.06,1008.38
4385,394.56,28.04,27.76,42.08,1008.39
4386,394.65,28.03,27.76,42.07,1008.39
4387,394.74,28.03,27.78,42.08,1008.37
4388,394.83,28.04,27.77,42.06,1008.37
4389,394.92,28.06,27.78,42.05,1008.35
4390,395.01,28.05,27.76,42.05,1008.35
4391,395.10,28.06,27.78,42.02,1008.36
4392,395.19,28.08,27.77,42.00,1008.36
4393,395.28,28.07,27.78,41.99,1008.36
4394,395.37,28.07,27.78,41.99,1008.36
4395,395.46,28.07,27.80,41.98,1008.36
4396,395.55,28.07,27.78,41.95,1008.37
4397,395.64,28.07,27.76,41.96,1008.35
4398,395.73,28.06,27.76,42.00,1008.34
4399,395.82,28.05,27.77,42.02,1008.33
4400,395.91,28.03,27.76,42.01,1008.33
4401,396.00,28.04,27.74,42.01,1008.32
4402,396.09,28.07,27.74,42.00,1008.31
4403,396.18,28.06,27.72,42.01,1008.30
4404,396.27,28.06,27.74,41.99,1008.30
4405,396.36,28.04,27.75,41.95,1008.28
4406,396.45,28.04,27.75,41.95,1008.27
4407,396.54,28.04,27.73,41.94,1008.26
4408,396.63,28.04,27.72,41.93,1008.25
4409,396.72,28.04,27.72,41.94,1008.25
4410,396.81,28.04,27.71,41.93,1008.25
4411,396.90,28.05,27.70,41.94,1008.24
4412,396.99,28.06,27.70,41.94,1008.26
4413,397.08,28.07,27.70,41.93,1008.26
4414,397.17,28.09,27.69,41.93,1008.26
4415,397.26,28.07,27.70,41.92,1008.26
4416,397.35,28.07,27.68,41.90,1008.26
4417,397.44,28.06,27.68,41.91,1008.26
4418,397.53,28.05,27.69,41.92,1008.26
4419,397.62,28.05,27.70,41.92,1008.27
4420,397.71,28.06,27.69,41.92,1008.28
4421,397.80,28.06,27.68,41.91,1008.28
4422,397.89,28.06,27.70,41.89,1008.29
4423,397.98,28.04,27.71,41.91,1008.29
4424,398.07,28.04,27.70,41.91,1008.29
4425,398.16,28.02,27.69,41.89,1008.31
4426,398.25,28.02,27.70,41.89,1008.30
4427,398.34,28.03,27.70,41.88,1008.32
4428,398.43,28.04,27.70,41.87,1008.33
4429,398.52,28.05,27.68,41.89,1008.34
4430,398.61,28.04,27.70,41.89,1008.33
4431,398.70,28.04,27.68,41.91,1008.33
4432,398.79,28.04,27.69,41.92,1008.34
4433,398.88,28.05,27.67,41.92,1008.33
4434,398.97,28.05,27.67,41.93,1008.34
4435,399.06,28.04,27.67,41.93,1008.34
4436,399.15,28.04,27.68,41.92,1008.35
4437,399.24,28.05,27.69,41.91,1008.34
4438,399.33,28.04,27.70,41.93,1008.35
4439,399.42,28.05,27.69,41.93,1008.36
4440,399.51,28.03,27.70,41.94,1008.35
4441,399.60,28.02,27.68,41.93,1008.35
4442,399.69,28.02,27.70,41.96,1008.35
4443,399.78,28.00,27.70,41.95,1008.35
4444,399.87,27.99,27.69,41.93,1008.34
4445,399.96,27.98,27.68,41.93,1008.33
4446,400.05,27.98,27.68,41.94,1008.33
4447,400.14,27.96,27.68,41.91,1008.32
4448,400.23,27.97,27.68,41.90,1008.32
4449,400.32,27.97,27.68,41.91,1008.31
4450,400.41,27.98,27.69,41.91,1008.31
4451,400.50,27.97,27.70,41.92,1008.30
4452,400.59,27.97,27.70,41.91,1008.29
4453,400.68,27.97,27.72,41.91,1008.28
4454,400.77,27.95,27.74,41.91,1008.27
4455,400.86,27.95,27.73,41.90,1008.27
4456,400.95,27.96,27.72,41.90,1008.26
4457,401.04,27.97,27.73,41.88,1008.27
4458,401.13,27.97,27.75,41.88,1008.27
4459,401.22,27.98,27.75,41.91,1008.27
4460,401.31,27.98,27.76,41.89,1008.25
4461,401.40,27.99,27.77,41.92,1008.25
4462,401.49,27.99,27.78,41.94,1008.26
4463,401.58,27.99,27.77,41.93,1008.27
4464,401.67,27.99,27.77,41.89,1008.27
4465,401.76,27.99,27.79,41.91,1008.27
4466,401.85,27.99,27.78,41.91,1008.28
4467,401.94,27.99,27.78,41.91,1008.28
4468,402.03,27.98,27.79,41.93,1008.29
4469,402.12,28.00,27.77,41.95,1008.31
4470,402.21,28.00,27.78,41.97,1008.29
4471,402.30,28.00,27.77,41.97,1008.30
4472,402.39,28.00,27.75,41.96,1008.31
4473,402.48,28.01,27.75,41.95,1008.31
4474,402.57,28.02,27.76,41.96,1008.31
4475,402.66,28.03,27.76,41.93,1008.31
4476,402.75,28.02,27.77,41.92,1008.31
4477,402.84,28.01,27.78,41.92,1008.31
4478,402.93,28.01,27.79,41.93,1008.31
4479,403.02,28.01,27.79,41.94,1008.32
4480,403.11,28.02,27.77,41.95,1008.31
4481,403.20,28.01,27.78,41.94,1008.32
4482,403.29,28.01,27.78,41.93,1008.33
4483,403.38,28.01,27.76,41.92,1008.34
4484,403.47,28.03,27.75,41.93,1008.35
4485,403.56,28.04,27.74,41.93,1008.36
4486,403.65,28.04,27.74,41.93,1008.36
4487,403.74,28.06,27.73,41.93,1008.35
4488,403.83,28.04,27.72,41.93,1008.35
4489,403.92,28.03,27.74,41.91,1008.35
4490,404.01,28.02,27.74,41.92,1008.34
4491,404.10,28.02,27.74,41.95,1008.33
4492,404.19,28.02,27.72,41.95,1008.33
4493,404.28,28.01,27.73,41.95,1008.33
4494,404.37,28.02,27.73,41.95,1008.33
4495,404.46,28.03,27.73,41.95,1008.34
4496,404.55,28.03,27.71,41.95,1008.33
4497,404.64,28.04,27.71,41.96,1008.33
4498,404.73,28.03,27.71,41.98,1008.33
4499,404.82,28.04,27.72,42.00,1008.33
4500,404.91,28.03,27.72,42.01,1008.32
4501,405.00,28.02,27.72,42.03,1008.31
4502,405.09,28.03,27.72,42.01,1008.31
4503,405.18,28.04,27.73,42.00,1008.29
4504,405.27,28.05,27.72,41.99,1008.30
4505,405.36,28.06,27.69,42.00,1008.29
4506,405.45,28.06,27.70,41.99,1008.28
4507,405.54,28.08,27.69,41.99,1008.27
4508,405.63,28.07,27.70,41.97,1008.28
4509,405.72,28.09,27.70,42.01,1008.28
4510,405.81,28.07,27.71,41.98,1008.30
4511,405.90,28.08,27.71,41.98,1008.29
4512,405.99,28.08,27.71,41.97,1008.29
4513,406.08,28.08,27.69,41.96,1008.30
4514,406.17,28.07,27.69,41.97,1008.29
4515,406.26,28.05,27.69,41.97,1008.30
4516,406.35,28.04,27.72,41.97,1008.29
4517,406.44,28.04,27.72,41.94,1008.30
4518,406.53,28.05,27.71,41.93,1008.31
4519,406.62,28.05,27.72,41.94,1008.31
4520,406.71,28.06,27.71,41.94,1008.32
4521,406.80,28.04,27.70,41.95,1008.32
4522,406.89,28.05,27.71,41.96,1008.35
4523,406.98,28.04,27.70,41.97,1008.34
4524,407.07,28.03,27.69,41.98,1008.34
4525,407.16,28.02,27.68,41.98,1008.35
4526,407.25,28.02,27.67,42.01,1008.35
4527,407.34,28.01,27.69,41.99,1008.36
4528,407.43,28.02,27.67,41.97,1008.36
4529,407.52,28.01,27.66,41.96,1008.38
4530,407.61,28.01,27.65,41.95,1008.39
4531,407.70,28.00,27.65,41.98,1008.39
4532,407.79,28.01,27.64,41.98,1008.40
4533,407.88,28.01,27.65,41.98,1008.40
4534,407.97,28.01,27.68,41.97,1008.40
4535,408.06,27.99,27.70,41.98,1008.39
4536,408.15,28.00,27.72,41.99,1008.37
4537,408.24,27.98,27.71,41.99,1008.39
4538,408.33,27.98,27.72,41.99,1008.40
4539,408.42,28.00,27.74,42.00,1008.41
4540,408.51,27.99,27.72,42.01,1008.41
4541,408.60,27.98,27.72,42.01,1008.41
4542,408.69,27.96,27.72,42.00,1008.41
4543,408.78,27.96,27.72,42.02,1008.40
4544,408.87,27.95,27.73,42.03,1008.40
4545,408.96,27.96,27.75,42.01,1008.39
4546,409.05,27.98,27.75,42.00,1008.38
4547,409.14,27.96,27.77,41.99,1008.36
4548,409.23,27.97,27.78,41.97,1008.34
4549,409.32,27.96,27.80,41.96,1008.33
4550,409.41,27.97,27.82,41.99,1008.32
4551,409.50,27.97,27.84,42.01,1008.32
4552,409.59,27.97,27.88,42.01,1008.32
4553,409.68,27.95,27.87,42.02,1008.31
4554,409.77,27.95,27.87,42.01,1008.30
4555,409.86,27.95,27.87,42.00,1008.30
4556,409.95,27.96,27.88,42.00,1008.29
4557,410.04,27.97,27.89,41.99,1008.28
4558,410.13,27.96,27.88,42.00,1008.28
4559,410.22,27.96,27.88,42.01,1008.28
4560,410.31,27.96,27.88,42.01,1008.28
4561,410.40,27.96,27.88,42.00,1008.28
4562,410.49,27.96,27.88,42.03,1008.29
4563,410.58,27.96,27.88,42.02,1008.28
4564,410.67,27.97,27.89,42.00,1008.29
4565,410.76,27.98,27.90,42.01,1008.28
4566,410.85,27.99,27.90,42.00,1008.31
4567,410.94,28.01,27.88,42.01,1008.30
4568,411.03,28.04,27.86,42.01,1008.30
4569,411.12,28.05,27.85,42.01,1008.31
4570,411.21,28.06,27.83,42.02,1008.32
4571,411.30,28.06,27.82,42.03,1008.33
4572,411.39,28.07,27.81,42.02,1008.33
4573,411.48,28.06,27.80,42.04,1008.32
4574,411.57,28.07,27.77,42.04,1008.33
4575,411.66,28.06,27.76,42.01,1008.35
4576,411.75,28.06,27.74,41.99,1008.37
4577,411.84,28.04,27.75,42.00,1008.37
4578,411.93,28.04,27.72,42.00,1008.37
4579,412.02,28.02,27.73,42.02,1008.37
4580,412.11,28.01,27.70,42.01,1008.37
4581,412.20,28.02,27.71,42.00,1008.37
4582,412.29,28.01,27.72,42.01,1008.37
4583,412.38,28.01,27.74,42.02,1008.39
4584,412.47,28.04,27.73,42.02,1008.38
4585,412.56,28.04,27.71,42.04,1008.38
4586,412.65,28.04,27.69,42.03,1008.38
4587,412.74,28.04,27.69,42.02,1008.37
4588,412.83,28.04,27.69,42.02,1008.37
4589,412.92,28.04,27.67,42.02,1008.36
4590,413.01,28.05,27.67,42.03,1008.35
4591,413.10,28.05,27.68,42.05,1008.36
4592,413.19,28.05,27.68,42.07,1008.35
4593,413.28,28.04,27.67,42.05,1008.37
4594,413.37,28.04,27.68,42.07,1008.36
4595,413.46,28.05,27.66,42.08,1008.35
4596,413.55,28.06,27.67,42.08,1008.36
4597,413.64,28.05,27.68,42.08,1008.34
4598,413.73,28.05,27.66,42.06,1008.34
4599,413.82,28.05,27.63,42.07,1008.34
4600,413.91,28.05,27.62,42.05,1008.31
4601,414.00,28.06,27.61,42.05,1008.30
4602,414.09,28.05,27.59,42.04,1008.29
4603,414.18,28.04,27.60,42.04,1008.29
4604,414.27,28.05,27.61,42.05,1008.29
4605,414.36,28.05,27.63,42.05,1008.28
4606,414.45,28.03,27.65,42.06,1008.27
4607,414.54,28.03,27.66,42.07,1008.27
4608,414.63,28.04,27.66,42.06,1008.26
4609,414.72,28.04,27.64,42.06,1008.28
4610,414.81,28.05,27.66,42.06,1008.28
4611,414.90,28.06,27.66,42.07,1008.29
4612,414.99,28.05,27.67,42.05,1008.30
4613,415.08,28.04,27.67,42.05,1008.30
4614,415.17,28.04,27.65,42.06,1008.31
4615,415.26,28.04,27.66,42.05,1008.31
4616,415.35,28.03,27.66,42.04,1008.32
4617,415.44,28.00,27.67,42.03,1008.33
4618,415.53,27.99,27.67,42.02,1008.33
4619,415.62,27.99,27.67,42.00,1008.34
4620,415.71,27.97,27.70,42.01,1008.35
4621,415.80,27.98,27.68,42.01,1008.36
4622,415.89,27.98,27.69,42.02,1008.38
4623,415.98,28.01,27.69,41.99,1008.38
4624,416.07,28.01,27.71,41.99,1008.39
4625,416.16,28.01,27.70,42.01,1008.38
4626,416.25,28.00,27.70,42.02,1008.38
4627,416.34,28.02,27.71,42.01,1008.38
4628,416.43,28.02,27.71,42.00,1008.39
4629,416.52,28.01,27.71,42.00,1008.38
4630,416.61,28.03,27.70,42.00,1008.39
4631,416.70,28.04,27.73,42.01,1008.40
4632,416.79,28.02,27.72,42.02,1008.41
4633,416.88,28.02,27.71,42.00,1008.40
4634,416.97,28.01,27.72,42.02,1008.39
4635,417.06,28.02,27.71,42.00,1008.39
4636,417.15,28.01,27.70,42.00,1008.38
4637,417.24,27.99,27.71,41.97,1008.36
4638,417.33,28.00,27.71,41.97,1008.36
4639,417.42,28.00,27.70,41.96,1008.36
4640,417.51,27.99,27.74,41.97,1008.35
4641,417.60,27.99,27.76,41.95,1008.35
4642,417.69,27.99,27.76,41.95,1008.37
4643,417.78,27.98,27.75,41.95,1008.37
4644,417.87,27.98,27.74,41.92,1008.35
4645,417.96,27.99,27.75,41.95,1008.33
4646,418.05,27.96,27.76,41.93,1008.31
4647,418.14,27.97,27.76,41.93,1008.30
4648,418.23,27.95,27.76,41.93,1008.30
4649,418.32,27.95,27.78,41.93,1008.29
4650,418.41,27.97,27.78,41.94,1008.30
4651,418.50,27.96,27.79,41.95,1008.30
4652,418.59,27.96,27.78,41.95,1008.29
4653,418.68,27.96,27.78,41.95,1008.28
4654,418.77,27.93,27.80,41.97,1008.27
4655,418.86,27.95,27.81,41.99,1008.28
4656,418.95,27.94,27.80,42.01,1008.27
4657,419.04,27.94,27.81,42.03,1008.26
4658,419.13,27.94,27.81,42.05,1008.26
4659,419.22,27.94,27.79,42.04,1008.26
4660,419.31,27.96,27.77,42.05,1008.25
4661,419.40,27.96,27.76,42.04,1008.26
4662,419.49,27.96,27.77,42.05,1008.27
4663,419.58,27.98,27.79,42.06,1008.28
4664,419.67,27.98,27.80,42.09,1008.28
4665,419.76,27.99,27.78,42.09,1008.28
4666,419.85,27.99,27.79,42.06,1008.28
4667,419.94,28.00,27.79,42.06,1008.28
4668,420.03,28.01,27.79,42.08,1008.29
4669,420.12,28.02,27.80,42.08,1008.28
4670,420.21,28.03,27.80,42.07,1008.29
4671,420.30,28.02,27.83,42.07,1008.32
4672,420.39,28.02,27.81,42.03,1008.33
4673,420.48,28.01,27.82,42.01,1008.35
4674,420.57,28.02,27.79,42.02,1008.36
4675,420.66,28.03,27.78,42.02,1008.37
4676,420.75,28.04,27.79,42.02,1008.38
4677,420.84,28.05,27.77,42.04,1008.38
4678,420.93,28.04,27.77,42.04,1008.37
4679,421.02,28.05,27.77,42.01,1008.39
4680,421.11,28.05,27.75,41.99,1008.40
4681,421.20,28.05,27.74,41.98,1008.40
4682,421.29,28.06,27.73,41.99,1008.41
4683,421.38,28.07,27.73,41.98,1008.41
4684,421.47,28.06,27.70,41.98,1008.41
4685,421.56,28.07,27.70,42.01,1008.40
4686,421.65,28.07,27.70,42.02,1008.40
4687,421.74,28.06,27.70,42.03,1008.40
4688,421.83,28.07,27.72,42.01,1008.41
4689,421.92,28.06,27.72,42.00,1008.40
4690,422.01,28.06,27.71,41.99,1008.40
4691,422.10,28.07,27.69,41.99,1008.40
4692,422.19,28.07,27.68,42.00,1008.40
4693,422.28,28.07,27.68,42.03,1008.40
4694,422.37,28.08,27.67,42.06,1008.39
4695,422.46,28.09,27.67,42.05,1008.40
4696,422.55,28.09,27.67,42.03,1008.38
4697,422.64,28.08,27.65,42.01,1008.36
4698,422.73,28.08,27.64,41.99,1008.35
4699,422.82,28.09,27.62,42.00,1008.35
4700,422.91,28.10,27.62,41.99,1008.33
4701,423.00,28.09,27.62,41.99,1008.32
4702,423.09,28.08,27.63,42.01,1008.30
4703,423.18,28.07,27.61,42.00,1008.29
4704,423.27,28.06,27.62,41.98,1008.29
4705,423.36,28.06,27.61,41.99,1008.29
4706,423.45,28.06,27.63,41.96,1008.29
4707,423.54,28.05,27.64,41.96,1008.28
4708,423.63,28.05,27.65,41.97,1008.28
4709,423.72,28.04,27.64,41.97,1008.28
4710,423.81,28.04,27.64,41.99,1008.28
4711,423.90,28.04,27.63,42.00,1008.27
4712,423.99,28.03,27.64,42.01,1008.26
4713,424.08,28.03,27.64,42.01,1008.25
4714,424.17,28.03,27.65,42.02,1008.26
4715,424.26,28.04,27.66,42.02,1008.26
4716,424.35,28.03,27.66,42.04,1008.28
4717,424.44,28.01,27.67,42.03,1008.28
4718,424.53,28.00,27.67,42.03,1008.29
4719,424.62,28.00,27.66,42.02,1008.30
4720,424.71,28.01,27.65,42.02,1008.31
4721,424.80,28.03,27.65,42.03,1008.31
4722,424.89,28.01,27.68,42.02,1008.30
4723,424.98,28.01,27.67,42.00,1008.31
4724,425.07,28.02,27.68,42.01,1008.32
4725,425.16,28.02,27.67,42.03,1008.32
4726,425.25,27.99,27.67,42.02,1008.33
4727,425.34,27.99,27.67,42.05,1008.33
4728,425.43,27.99,27.67,42.05,1008.33
4729,425.52,27.99,27.67,42.06,1008.34
4730,425.61,27.99,27.69,42.09,1008.35
4731,425.70,27.98,27.70,42.07,1008.36
4732,425.79,27.98,27.70,42.08,1008.37
4733,425.88,27.98,27.69,42.06,1008.37
4734,425.97,27.98,27.69,42.08,1008.38
4735,426.06,27.99,27.72,42.08,1008.38
4736,426.15,27.98,27.72,42.10,1008.37
4737,426.24,27.98,27.70,42.09,1008.38
4738,426.33,27.98,27.69,42.08,1008.37
4739,426.42,27.99,27.69,42.07,1008.36
4740,426.51,27.99,27.71,42.06,1008.35
4741,426.60,27.99,27.71,42.07,1008.35
4742,426.69,28.01,27.72,42.07,1008.35
4743,426.78,28.00,27.74,42.06,1008.34
4744,426.87,28.01,27.75,42.07,1008.34
4745,426.96,28.00,27.74,42.06,1008.35
4746,427.05,27.99,27.75,42.04,1008.33
4747,427.14,27.98,27.74,42.05,1008.32
4748,427.23,27.98,27.73,42.06,1008.31
4749,427.32,27.98,27.74,42.05,1008.31
4750,427.41,27.98,27.77,42.03,1008.30
4751,427.50,27.98,27.77,42.02,1008.31
4752,427.59,27.98,27.77,42.02,1008.30
4753,427.68,27.97,27.78,42.03,1008.29
4754,427.77,27.98,27.78,42.03,1008.29
4755,427.86,27.95,27.79,42.04,1008.28
4756,427.95,27.95,27.79,42.05,1008.28
4757,428.04,27.96,27.79,42.08,1008.29
4758,428.13,27.97,27.79,42.09,1008.28
4759,428.22,27.98,27.79,42.08,1008.26
4760,428.31,27.99,27.78,42.05,1008.28
4761,428.40,28.00,27.80,42.06,1008.28
4762,428.49,28.00,27.79,42.11,1008.29
4763,428.58,28.00,27.79,42.12,1008.30
4764,428.67,28.01,27.78,42.13,1008.30
4765,428.76,28.00,27.78,42.15,1008.31
4766,428.85,28.01,27.77,42.16,1008.31
4767,428.94,27.99,27.78,42.18,1008.30
4768,429.03,27.98,27.75,42.18,1008.29
4769,429.12,27.98,27.76,42.18,1008.30
4770,429.21,27.98,27.76,42.20,1008.31
4771,429.30,27.97,27.75,42.23,1008.32
4772,429.39,27.98,27.74,42.21,1008.35
4773,429.48,27.97,27.71,42.18,1008.35
4774,429.57,27.98,27.69,42.19,1008.35
4775,429.66,27.99,27.66,42.21,1008.36
4776,429.75,28.01,27.67,42.22,1008.37
4777,429.84,28.00,27.68,42.22,1008.38
4778,429.93,28.00,27.68,42.22,1008.39
4779,430.02,28.01,27.69,42.23,1008.39
4780,430.11,28.02,27.68,42.23,1008.37
4781,430.20,28.03,27.68,42.21,1008.36
4782,430.29,28.04,27.68,42.23,1008.36
4783,430.38,28.04,27.67,42.23,1008.37
4784,430.47,28.06,27.67,42.23,1008.36
4785,430.56,28.06,27.69,42.21,1008.37
4786,430.65,28.05,27.68,42.20,1008.38
4787,430.74,28.06,27.69,42.20,1008.37
4788,430.83,28.05,27.67,42.17,1008.37
4789,430.92,28.05,27.67,42.19,1008.37
4790,431.01,28.06,27.66,42.18,1008.36
4791,431.10,28.08,27.65,42.17,1008.35
4792,431.19,28.07,27.67,42.18,1008.34
4793,431.28,28.06,27.67,42.16,1008.34
4794,431.37,28.07,27.66,42.14,1008.34
4795,431.46,28.07,27.65,42.15,1008.33
4796,431.55,28.09,27.66,42.12,1008.33
4797,431.64,28.10,27.65,42.14,1008.31
4798,431.73,28.09,27.66,42.16,1008.31
4799,431.82,28.09,27.65,42.19,1008.29
4800,431.91,28.08,27.66,42.19,1008.28
4801,432.00,28.08,27.66,42.20,1008.28
4802,432.09,28.08,27.64,42.17,1008.27
4803,432.18,28.07,27.63,42.15,1008.26
4804,432.27,28.06,27.64,42.17,1008.26
4805,432.36,28.05,27.64,42.17,1008.25
4806,432.45,28.04,27.63,42.16,1008.25
4807,432.54,28.04,27.65,42.18,1008.25
4808,432.63,28.04,27.65,42.15,1008.25
4809,432.72,28.05,27.66,42.15,1008.25
4810,432.81,28.05,27.65,42.16,1008.25
4811,432.90,28.05,27.66,42.14,1008.24
4812,432.99,28.06,27.64,42.16,1008.26
4813,433.08,28.07,27.67,42.15,1008.25
4814,433.17,28.06,27.66,42.15,1008.24
4815,433.26,28.06,27.67,42.17,1008.25
4816,433.35,28.07,27.65,42.17,1008.25
4817,433.44,28.08,27.66,42.17,1008.27
4818,433.53,28.07,27.67,42.16,1008.28
4819,433.62,28.06,27.66,42.15,1008.29
4820,433.71,28.06,27.68,42.15,1008.30
4821,433.80,28.05,27.70,42.17,1008.30
4822,433.89,28.04,27.71,42.15,1008.31
4823,433.98,28.02,27.73,42.15,1008.31
4824,434.07,28.01,27.72,42.14,1008.34
4825,434.16,28.01,27.72,42.14,1008.34
4826,434.25,28.03,27.72,42.15,1008.34
4827,434.34,28.03,27.70,42.15,1008.34
4828,434.43,28.02,27.69,42.15,1008.35
4829,434.52,28.01,27.69,42.17,1008.35
4830,434.61,28.00,27.70,42.14,1008.35
4831,434.70,27.99,27.72,42.16,1008.35
4832,434.79,28.01,27.72,42.16,1008.34
4833,434.88,28.00,27.73,42.15,1008.33
4834,434.97,27.99,27.75,42.15,1008.32
4835,435.06,28.00,27.75,42.18,1008.33
4836,435.15,28.00,27.74,42.16,1008.32
4837,435.24,27.99,27.75,42.15,1008.31
4838,435.33,27.99,27.74,42.16,1008.31
4839,435.42,27.99,27.73,42.17,1008.31
4840,435.51,27.99,27.75,42.16,1008.32
4841,435.60,27.99,27.74,42.14,1008.31
4842,435.69,27.99,27.76,42.09,1008.31
4843,435.78,27.99,27.77,42.08,1008.33
4844,435.87,27.98,27.76,42.10,1008.32
4845,435.96,27.99,27.79,42.12,1008.31
4846,436.05,27.98,27.80,42.11,1008.29
4847,436.14,27.98,27.78,42.12,1008.28
4848,436.23,27.98,27.78,42.08,1008.28
4849,436.32,27.99,27.77,42.06,1008.28
4850,436.41,27.99,27.80,42.05,1008.27
4851,436.50,27.98,27.81,42.05,1008.27
4852,436.59,27.98,27.83,42.06,1008.29
4853,436.68,27.97,27.82,42.04,1008.29
4854,436.77,27.97,27.82,42.01,1008.28
4855,436.86,28.00,27.82,42.01,1008.29
4856,436.95,28.00,27.81,42.02,1008.28
4857,437.04,27.99,27.81,42.02,1008.29
4858,437.13,27.98,27.82,42.01,1008.28
4859,437.22,27.97,27.80,41.98,1008.27
4860,437.31,27.96,27.78,41.94,1008.28
4861,437.40,27.96,27.79,41.91,1008.28
4862,437.49,27.95,27.76,41.89,1008.30
4863,437.58,27.94,27.77,41.89,1008.30
4864,437.67,27.96,27.76,41.90,1008.31
4865,437.76,27.97,27.76,41.88,1008.33
4866,437.85,27.99,27.73,41.85,1008.32
4867,437.94,27.98,27.72,41.85,1008.32
4868,438.03,27.98,27.71,41.81,1008.32
4869,438.12,27.99,27.71,41.81,1008.33
4870,438.21,27.98,27.71,41.79,1008.33
4871,438.30,27.99,27.69,41.78,1008.36
4872,438.39,28.02,27.70,41.76,1008.36
4873,438.48,28.00,27.69,41.79,1008.37
4874,438.57,28.02,27.67,41.78,1008.38
4875,438.66,28.01,27.67,41.76,1008.38
4876,438.75,28.01,27.66,41.77,1008.39
4877,438.84,28.02,27.65,41.76,1008.38
4878,438.93,28.01,27.65,41.77,1008.38
4879,439.02,27.99,27.66,41.77,1008.36
4880,439.11,28.01,27.65,41.77,1008.36
4881,439.20,28.01,27.64,41.79,1008.36
4882,439.29,28.00,27.65,41.79,1008.36
4883,439.38,28.00,27.65,41.79,1008.37
4884,439.47,28.00,27.64,41.78,1008.35
4885,439.56,28.03,27.64,41.77,1008.36
4886,439.65,28.04,27.65,41.77,1008.36
4887,439.74,28.03,27.64,41.75,1008.37
4888,439.83,28.04,27.65,41.73,1008.35
4889,439.92,28.05,27.65,41.73,1008.35
4890,440.01,28.06,27.65,41.70,1008.34
4891,440.10,28.07,27.65,41.69,1008.33
4892,440.19,28.08,27.67,41.70,1008.33
4893,440.28,28.07,27.65,41.71,1008.31
4894,440.37,28.07,27.65,41.71,1008.31
4895,440.46,28.07,27.66,41.69,1008.30
4896,440.55,28.06,27.68,41.71,1008.30
4897,440.64,28.06,27.68,41.71,1008.28
4898,440.73,28.06,27.68,41.72,1008.29
4899,440.82,28.07,27.67,41.73,1008.29
4900,440.91,28.07,27.66,41.73,1008.30
4901,441.00,28.08,27.65,41.76,1008.30
4902,441.09,28.06,27.65,41.76,1008.30
4903,441.18,28.06,27.66,41.78,1008.30
4904,441.27,28.06,27.67,41.77,1008.30
4905,441.36,28.06,27.68,41.79,1008.30
4906,441.45,28.06,27.68,41.80,1008.29
4907,441.54,28.04,27.67,41.79,1008.29
4908,441.63,28.02,27.67,41.79,1008.30
4909,441.72,28.02,27.70,41.79,1008.30
4910,441.81,28.02,27.71,41.83,1008.30
4911,441.90,28.01,27.70,41.85,1008.30
4912,441.99,28.01,27.69,41.84,1008.30
4913,442.08,28.02,27.68,41.84,1008.29
4914,442.17,28.01,27.68,41.87,1008.30
4915,442.26,28.02,27.68,41.90,1008.31
4916,442.35,28.01,27.68,41.90,1008.32
4917,442.44,28.00,27.68,41.93,1008.34
4918,442.53,28.00,27.69,41.95,1008.35
4919,442.62,28.01,27.70,41.95,1008.36
4920,442.71,28.01,27.72,41.97,1008.36
4921,442.80,28.00,27.71,41.99,1008.36
4922,442.89,28.00,27.71,41.99,1008.38
4923,442.98,27.99,27.72,41.99,1008.39
4924,443.07,28.01,27.72,42.01,1008.39
4925,443.16,28.01,27.73,41.99,1008.40
4926,443.25,28.00,27.74,42.02,1008.39
4927,443.34,27.99,27.74,42.02,1008.40
4928,443.43,27.99,27.75,41.99,1008.40
4929,443.52,27.98,27.76,41.98,1008.41
4930,443.61,27.99,27.77,42.01,1008.41
4931,443.70,27.97,27.76,42.01,1008.41
4932,443.79,27.97,27.75,42.03,1008.41
4933,443.88,27.97,27.72,42.06,1008.41
4934,443.97,27.97,27.74,42.03,1008.41
4935,444.06,27.99,27.72,42.03,1008.42
4936,444.15,27.99,27.74,42.04,1008.42
4937,444.24,27.99,27.74,42.02,1008.42
4938,444.33,27.96,27.75,42.02,1008.42
4939,444.42,27.97,27.75,42.03,1008.40
4940,444.51,27.98,27.74,42.05,1008.40
4941,444.60,27.97,27.74,42.04,1008.40
4942,444.69,27.99,27.75,42.04,1008.39
4943,444.78,27.97,27.76,42.04,1008.40
4944,444.87,27.97,27.77,42.05,1008.39
4945,444.96,27.97,27.76,42.03,1008.38
4946,445.05,27.96,27.76,42.05,1008.39
4947,445.14,27.97,27.75,42.05,1008.37
4948,445.23,27.96,27.77,42.09,1008.35
4949,445.32,27.96,27.74,42.09,1008.33
4950,445.41,27.98,27.74,42.09,1008.33
4951,445.50,27.98,27.74,42.12,1008.32
4952,445.59,28.00,27.74,42.11,1008.31
4953,445.68,28.01,27.75,42.12,1008.31
4954,445.77,28.00,27.73,42.12,1008.30
4955,445.86,27.99,27.73,42.11,1008.29
4956,445.95,28.00,27.73,42.11,1008.31
4957,446.04,28.00,27.71,42.13,1008.31
4958,446.13,28.00,27.71,42.10,1008.30
4959,446.22,28.00,27.71,42.10,1008.30
4960,446.31,27.99,27.70,42.09,1008.30
4961,446.40,27.98,27.69,42.08,1008.29
4962,446.49,27.98,27.70,42.08,1008.28
4963,446.58,27.98,27.70,42.08,1008.30
4964,446.67,27.99,27.70,42.08,1008.30
4965,446.76,27.98,27.71,42.11,1008.31
4966,446.85,27.96,27.70,42.10,1008.30
4967,446.94,27.96,27.69,42.13,1008.30
4968,447.03,27.97,27.69,42.12,1008.31
4969,447.12,27.97,27.69,42.12,1008.34
4970,447.21,27.97,27.70,42.12,1008.35
4971,447.30,27.98,27.70,42.12,1008.33
4972,447.39,27.97,27.70,42.12,1008.33
4973,447.48,27.98,27.69,42.12,1008.34
4974,447.57,27.99,27.68,42.14,1008.35
4975,447.66,27.99,27.70,42.13,1008.36
4976,447.75,27.97,27.68,42.12,1008.38
4977,447.84,27.98,27.67,42.13,1008.39
4978,447.93,27.98,27.68,42.15,1008.38
4979,448.02,28.00,27.66,42.17,1008.38
4980,448.11,28.02,27.67,42.15,1008.39
4981,448.20,28.02,27.68,42.14,1008.41
4982,448.29,28.01,27.65,42.14,1008.41
4983,448.38,28.01,27.65,42.11,1008.41
4984,448.47,28.03,27.65,42.11,1008.41
4985,448.56,28.05,27.64,42.13,1008.42
4986,448.65,28.05,27.65,42.15,1008.42
4987,448.74,28.03,27.65,42.13,1008.43
4988,448.83,28.03,27.65,42.12,1008.41
4989,448.92,28.02,27.67,42.13,1008.40
4990,449.01,28.03,27.67,42.14,1008.40
4991,449.10,28.02,27.67,42.16,1008.40
4992,449.19,28.01,27.68,42.17,1008.38
4993,449.28,28.01,27.68,42.16,1008.37
4994,449.37,27.98,27.68,42.16,1008.36
4995,449.46,27.96,27.70,42.15,1008.36
4996,449.55,27.97,27.70,42.14,1008.36
4997,449.64,27.97,27.70,42.15,1008.36
4998,449.73,27.96,27.68,42.15,1008.35
4999,449.82,27.97,27.70,42.14,1008.34
5000,449.91,27.98,27.71,42.15,1008.34
5001,450.00,28.00,27.73,42.16,1008.34
5002,450.09,28.00,27.73,42.17,1008.34
5003,450.18,27.98,27.73,42.18,1008.33
5004,450.27,27.99,27.73,42.18,1008.34
5005,450.36,27.99,27.72,42.16,1008.34
5006,450.45,28.00,27.73,42.18,1008.33
5007,450.54,28.00,27.72,42.18,1008.33
5008,450.63,27.99,27.73,42.16,1008.34
5009,450.72,28.00,27.72,42.17,1008.34
5010,450.81,28.00,27.74,42.18,1008.35
5011,450.90,28.00,27.72,42.19,1008.34
5012,450.99,28.02,27.72,42.19,1008.34
5013,451.08,28.00,27.72,42.21,1008.34
5014,451.17,27.99,27.72,42.20,1008.35
5015,451.26,27.98,27.73,42.23,1008.35
5016,451.35,27.98,27.72,42.22,1008.34
5017,451.44,27.97,27.73,42.18,1008.36
5018,451.53,27.98,27.73,42.18,1008.36
5019,451.62,27.99,27.74,42.19,1008.36
5020,451.71,28.02,27.76,42.21,1008.37
5021,451.80,28.03,27.77,42.22,1008.37
5022,451.89,28.04,27.77,42.20,1008.38
5023,451.98,28.06,27.75,42.20,1008.39
5024,452.07,28.08,27.75,42.20,1008.37
5025,452.16,28.12,27.76,42.21,1008.38
5026,452.25,28.13,27.75,42.21,1008.38
5027,452.34,28.15,27.76,42.20,1008.39
5028,452.43,28.16,27.77,42.18,1008.40
5029,452.52,28.16,27.78,42.18,1008.40
5030,452.61,28.12,27.77,42.18,1008.40
5031,452.70,28.07,27.77,42.21,1008.38
5032,452.79,28.03,27.78,42.21,1008.38
5033,452.88,28.01,27.76,42.19,1008.38
5034,452.97,27.99,27.73,42.21,1008.38
5035,453.06,27.97,27.73,42.20,1008.39
5036,453.15,27.98,27.73,42.18,1008.39
5037,453.24,27.98,27.72,42.18,1008.38
5038,453.33,27.97,27.69,42.19,1008.38
5039,453.42,27.96,27.71,42.17,1008.37
5040,453.51,27.95,27.72,42.17,1008.37
5041,453.60,27.95,27.70,42.17,1008.36
5042,453.69,27.94,27.70,42.16,1008.34
5043,453.78,27.95,27.71,42.16,1008.34
5044,453.87,27.95,27.71,42.17,1008.33
5045,453.96,27.95,27.72,42.17,1008.32
5046,454.05,27.95,27.70,42.18,1008.30
5047,454.14,27.94,27.71,42.17,1008.29
5048,454.23,27.94,27.72,42.16,1008.28
5049,454.32,27.95,27.71,42.17,1008.26
5050,454.41,27.94,27.70,42.17,1008.26
5051,454.50,27.94,27.70,42.16,1008.27
5052,454.59,27.96,27.71,42.15,1008.29
5053,454.68,27.97,27.70,42.14,1008.29
5054,454.77,27.96,27.70,42.14,1008.28
5055,454.86,27.95,27.72,42.10,1008.29
5056,454.95,27.94,27.72,42.09,1008.29
5057,455.04,27.94,27.71,42.08,1008.29
5058,455.13,27.95,27.71,42.09,1008.29
5059,455.22,27.95,27.70,42.08,1008.29
5060,455.31,27.94,27.71,42.09,1008.30
5061,455.40,27.95,27.70,42.09,1008.32
5062,455.49,27.95,27.68,42.05,1008.32
5063,455.58,27.95,27.68,42.04,1008.32
5064,455.67,27.95,27.67,42.04,1008.33
5065,455.76,27.96,27.68,42.04,1008.35
5066,455.85,27.95,27.67,42.05,1008.36
5067,455.94,27.97,27.67,42.07,1008.35
5068,456.03,27.96,27.66,42.07,1008.35
5069,456.12,27.96,27.66,42.08,1008.37
5070,456.21,27.96,27.67,42.09,1008.36
5071,456.30,27.97,27.66,42.08,1008.37
5072,456.39,27.97,27.66,42.05,1008.37
5073,456.48,27.98,27.64,42.07,1008.38
5074,456.57,27.98,27.63,42.09,1008.39
5075,456.66,27.99,27.65,42.10,1008.40
5076,456.75,28.00,27.63,42.11,1008.41
5077,456.84,28.02,27.63,42.13,1008.42
5078,456.93,28.01,27.66,42.13,1008.42
5079,457.02,28.00,27.65,42.14,1008.42
5080,457.11,27.99,27.65,42.14,1008.41
5081,457.20,28.00,27.62,42.12,1008.41
5082,457.29,27.99,27.65,42.12,1008.40
5083,457.38,27.99,27.63,42.11,1008.39
5084,457.47,27.99,27.64,42.11,1008.37
5085,457.56,27.98,27.65,42.10,1008.37
5086,457.65,27.99,27.64,42.12,1008.36
5087,457.74,28.00,27.65,42.09,1008.36
5088,457.83,28.00,27.67,42.09,1008.37
5089,457.92,28.00,27.67,42.07,1008.37
5090,458.01,28.01,27.66,42.07,1008.37
5091,458.10,28.00,27.67,42.07,1008.36
5092,458.19,28.02,27.68,42.10,1008.35
5093,458.28,28.02,27.68,42.08,1008.33
5094,458.37,28.02,27.67,42.06,1008.33
5095,458.46,28.02,27.68,42.07,1008.33
5096,458.55,28.02,27.69,42.07,1008.32
5097,458.64,28.03,27.70,42.08,1008.31
5098,458.73,28.05,27.69,42.07,1008.31
5099,458.82,28.05,27.71,42.07,1008.31
5100,458.91,28.06,27.73,42.07,1008.31
5101,459.00,28.03,27.72,42.07,1008.30
5102,459.09,28.04,27.73,42.07,1008.30
5103,459.18,28.03,27.73,42.06,1008.31
5104,459.27,28.02,27.73,42.09,1008.30
5105,459.36,28.02,27.72,42.09,1008.30
5106,459.45,28.02,27.72,42.09,1008.29
5107,459.54,28.03,27.74,42.08,1008.30
5108,459.63,28.03,27.75,42.07,1008.30
5109,459.72,28.05,27.75,42.06,1008.31
5110,459.81,28.03,27.74,42.04,1008.30
5111,459.90,28.03,27.74,42.04,1008.31
5112,459.99,28.02,27.75,42.02,1008.31
5113,460.08,28.02,27.73,42.00,1008.31
5114,460.17,28.02,27.71,42.01,1008.34
5115,460.26,28.01,27.69,42.00,1008.34
5116,460.35,28.01,27.70,42.00,1008.33
5117,460.44,28.02,27.68,42.02,1008.33
5118,460.53,28.02,27.68,42.02,1008.34
5119,460.62,28.03,27.68,42.02,1008.34
5120,460.71,28.02,27.68,42.01,1008.36
5121,460.80,28.03,27.69,42.04,1008.36
5122,460.89,28.04,27.67,42.02,1008.36
5123,460.98,28.03,27.68,42.01,1008.36
5124,461.07,28.04,27.69,42.00,1008.37
5125,461.16,28.07,27.70,41.99,1008.38
5126,461.25,28.07,27.70,42.01,1008.37
5127,461.34,28.07,27.69,41.99,1008.36
5128,461.43,28.07,27.69,41.99,1008.36
5129,461.52,28.07,27.69,41.99,1008.37
5130,461.61,28.07,27.68,42.00,1008.37
5131,461.70,28.07,27.68,41.98,1008.38
5132,461.79,28.08,27.67,41.97,1008.38
5133,461.88,28.06,27.67,41.99,1008.38
5134,461.97,28.07,27.69,42.01,1008.38
5135,462.06,28.03,27.67,41.98,1008.37
5136,462.15,28.02,27.68,41.96,1008.36
5137,462.24,28.01,27.67,41.95,1008.35
5138,462.33,28.00,27.68,41.95,1008.35
5139,462.42,27.99,27.68,41.97,1008.34
5140,462.51,27.98,27.70,42.00,1008.33
5141,462.60,27.98,27.70,42.01,1008.33
5142,462.69,27.98,27.69,42.00,1008.33
5143,462.78,27.97,27.69,41.98,1008.32
5144,462.87,27.97,27.69,41.99,1008.31
5145,462.96,27.97,27.70,41.99,1008.32
5146,463.05,27.98,27.70,41.95,1008.31
5147,463.14,27.98,27.68,41.97,1008.28
5148,463.23,27.99,27.68,41.94,1008.27
5149,463.32,27.97,27.66,41.94,1008.28
5150,463.41,27.96,27.67,41.93,1008.27
5151,463.50,27.95,27.68,41.91,1008.27
5152,463.59,27.95,27.69,41.92,1008.28
5153,463.68,27.95,27.69,41.92,1008.28
5154,463.77,27.93,27.69,41.90,1008.29
5155,463.86,27.95,27.69,41.92,1008.29
5156,463.95,27.94,27.69,41.92,1008.30
5157,464.04,27.94,27.69,41.94,1008.29
5158,464.13,27.93,27.69,41.90,1008.28
5159,464.22,27.93,27.68,41.90,1008.29
5160,464.31,27.94,27.67,41.91,1008.30
5161,464.40,27.95,27.68,41.92,1008.31
5162,464.49,27.96,27.66,41.90,1008.32
5163,464.58,27.97,27.65,41.91,1008.32
5164,464.67,27.97,27.64,41.91,1008.33
5165,464.76,27.94,27.65,41.91,1008.34
5166,464.85,27.98,27.67,41.93,1008.34
5167,464.94,27.98,27.68,41.90,1008.34
5168,465.03,27.99,27.69,41.92,1008.36
5169,465.12,27.97,27.68,41.93,1008.36
5170,465.21,27.97,27.69,41.93,1008.36
5171,465.30,27.98,27.68,41.92,1008.37
5172,465.39,27.97,27.68,41.90,1008.38
5173,465.48,27.97,27.69,41.89,1008.38
5174,465.57,27.98,27.69,41.89,1008.36
5175,465.66,28.00,27.68,41.90,1008.37
5176,465.75,28.00,27.69,41.90,1008.38
5177,465.84,27.99,27.67,41.92,1008.37
5178,465.93,28.00,27.68,41.93,1008.37
5179,466.02,27.99,27.67,41.94,1008.37
5180,466.11,28.00,27.69,41.97,1008.37
5181,466.20,27.99,27.68,41.97,1008.38
5182,466.29,27.99,27.68,41.96,1008.38
5183,466.38,27.98,27.69,41.94,1008.37
5184,466.47,27.99,27.71,41.95,1008.37
5185,466.56,27.97,27.72,41.95,1008.36
5186,466.65,27.95,27.73,41.98,1008.36
5187,466.74,27.96,27.72,41.95,1008.37
5188,466.83,27.96,27.72,41.92,1008.38
5189,466.92,27.95,27.72,41.93,1008.37
5190,467.01,27.94,27.72,41.94,1008.36
5191,467.10,27.95,27.74,41.93,1008.35
5192,467.19,27.96,27.76,41.94,1008.34
5193,467.28,27.96,27.73,41.92,1008.34
5194,467.37,27.94,27.72,41.91,1008.31
5195,467.46,27.96,27.73,41.90,1008.32
5196,467.55,27.95,27.71,41.90,1008.30
5197,467.64,27.97,27.72,41.88,1008.29
5198,467.73,27.97,27.72,41.91,1008.27
5199,467.82,27.99,27.71,41.90,1008.28
5200,467.91,27.99,27.71,41.91,1008.27
5201,468.00,27.99,27.71,41.92,1008.26
5202,468.09,27.99,27.70,41.92,1008.27
5203,468.18,27.98,27.71,41.94,1008.27
5204,468.27,27.99,27.73,41.95,1008.28
5205,468.36,28.00,27.72,41.97,1008.27
5206,468.45,28.00,27.71,41.97,1008.27
5207,468.54,27.98,27.71,41.96,1008.27
5208,468.63,27.99,27.70,41.97,1008.27
5209,468.72,27.98,27.72,41.98,1008.28
5210,468.81,27.98,27.71,41.96,1008.29
5211,468.90,27.96,27.71,41.94,1008.30
5212,468.99,27.96,27.70,41.94,1008.31
5213,469.08,27.96,27.71,41.95,1008.32
5214,469.17,27.95,27.72,41.97,1008.32
5215,469.26,27.95,27.73,41.95,1008.33
5216,469.35,27.97,27.71,41.95,1008.34
5217,469.44,27.98,27.72,41.95,1008.35
5218,469.53,27.98,27.74,41.92,1008.35
5219,469.62,27.99,27.72,41.91,1008.35
5220,469.71,28.00,27.73,41.88,1008.37
5221,469.80,27.99,27.72,41.89,1008.36
5222,469.89,27.99,27.73,41.88,1008.43
5223,469.98,27.99,27.76,41.90,1008.39
5224,470.07,27.99,27.76,41.88,1008.37
5225,470.16,27.99,27.76,41.89,1008.36
5226,470.25,27.99,27.78,41.86,1008.37
5227,470.34,27.99,27.77,41.85,1008.36
5228,470.43,27.99,27.76,41.84,1008.35
5229,470.52,28.01,27.76,41.83,1008.35
5230,470.61,28.01,27.76,41.85,1008.35
5231,470.70,28.02,27.76,41.87,1008.35
5232,470.79,28.01,27.75,41.86,1008.34
5233,470.88,28.01,27.76,41.85,1008.34
5234,470.97,28.02,27.73,41.86,1008.33
5235,471.06,28.02,27.70,41.85,1008.32
5236,471.15,28.00,27.69,41.84,1008.33
5237,471.24,28.00,27.70,41.85,1008.33
5238,471.33,28.01,27.68,41.87,1008.32
5239,471.42,28.00,27.68,41.88,1008.32
5240,471.51,28.00,27.70,41.87,1008.31
5241,471.60,28.00,27.69,41.87,1008.32
5242,471.69,28.00,27.70,41.87,1008.31
5243,471.78,27.99,27.68,41.87,1008.31
5244,471.87,27.99,27.67,41.90,1008.31
5245,471.96,27.99,27.69,41.87,1008.30
5246,472.05,27.96,27.69,41.89,1008.30
5247,472.14,27.99,27.70,41.88,1008.30
5248,472.23,28.00,27.71,41.91,1008.30
5249,472.32,27.99,27.71,41.90,1008.30
5250,472.41,28.00,27.70,41.91,1008.30
5251,472.50,27.98,27.70,41.91,1008.30
5252,472.59,27.97,27.70,41.91,1008.30
5253,472.68,27.97,27.71,41.94,1008.30
5254,472.77,27.97,27.71,41.89,1008.29
5255,472.86,27.97,27.70,41.87,1008.28
5256,472.95,27.97,27.70,41.87,1008.30
5257,473.04,27.99,27.71,41.84,1008.30
5258,473.13,28.00,27.68,41.88,1008.31
5259,473.22,27.99,27.69,41.89,1008.31
5260,473.31,28.00,27.68,41.88,1008.32
5261,473.40,27.99,27.68,41.87,1008.33
5262,473.49,27.98,27.66,41.88,1008.34
5263,473.58,27.98,27.66,41.87,1008.34
5264,473.67,27.98,27.67,41.87,1008.35
5265,473.76,27.99,27.66,41.89,1008.36
5266,473.85,27.99,27.65,41.87,1008.37
5267,473.94,27.99,27.65,41.87,1008.37
5268,474.03,27.98,27.66,41.87,1008.37
5269,474.12,27.98,27.67,41.89,1008.37
5270,474.21,27.97,27.68,41.92,1008.40
5271,474.30,27.96,27.69,41.90,1008.40
5272,474.39,27.95,27.68,41.92,1008.42
5273,474.48,27.95,27.66,41.93,1008.42
5274,474.57,27.95,27.68,41.90,1008.42
5275,474.66,27.95,27.69,41.89,1008.42
5276,474.75,27.95,27.68,41.88,1008.43
5277,474.84,27.91,27.69,41.87,1008.44
5278,474.93,27.96,27.69,41.84,1008.43
5279,475.02,27.97,27.70,41.83,1008.42
5280,475.11,27.98,27.70,41.81,1008.43
5281,475.20,27.98,27.68,41.81,1008.41
5282,475.29,27.96,27.70,41.80,1008.40
5283,475.38,27.96,27.70,41.82,1008.40
5284,475.47,27.95,27.70,41.83,1008.38
5285,475.56,27.95,27.71,41.80,1008.38
5286,475.65,27.96,27.73,41.78,1008.39
5287,475.74,27.94,27.73,41.80,1008.37
5288,475.83,27.93,27.71,41.82,1008.37
5289,475.92,27.96,27.71,41.87,1008.37
5290,476.01,27.96,27.73,41.88,1008.37
5291,476.10,27.96,27.72,41.89,1008.36
5292,476.19,27.96,27.74,41.87,1008.35
5293,476.28,27.96,27.75,41.86,1008.34
5294,476.37,27.98,27.73,41.88,1008.32
5295,476.46,27.99,27.72,41.86,1008.31
5296,476.55,27.98,27.71,41.84,1008.31
5297,476.64,27.99,27.71,41.83,1008.30
5298,476.73,28.00,27.70,41.83,1008.29
5299,476.82,28.02,27.72,41.83,1008.29
5300,476.91,28.01,27.74,41.86,1008.29
5301,477.00,28.02,27.75,41.87,1008.28
5302,477.09,28.03,27.77,41.85,1008.28
5303,477.18,28.06,27.77,41.83,1008.28
5304,477.27,28.05,27.79,41.81,1008.27
5305,477.36,28.04,27.80,41.79,1008.29
5306,477.45,28.05,27.79,41.81,1008.29
5307,477.54,28.05,27.79,41.79,1008.29
5308,477.63,28.04,27.80,41.80,1008.29
5309,477.72,28.03,27.81,41.81,1008.29
5310,477.81,28.04,27.81,41.83,1008.29
5311,477.90,28.03,27.80,41.86,1008.31
5312,477.99,28.03,27.81,41.87,1008.33
5313,478.08,28.03,27.79,41.88,1008.34
5314,478.17,28.02,27.79,41.89,1008.35
5315,478.26,28.02,27.80,41.89,1008.36
5316,478.35,28.02,27.79,41.90,1008.35
5317,478.44,28.03,27.79,41.87,1008.35
5318,478.53,28.01,27.77,41.85,1008.34
5319,478.62,28.00,27.75,41.84,1008.35
5320,478.71,27.99,27.73,41.82,1008.36
5321,478.80,27.98,27.74,41.85,1008.37
5322,478.89,27.97,27.73,41.85,1008.37
5323,478.98,27.97,27.72,41.85,1008.37
5324,479.07,27.97,27.73,41.85,1008.37
5325,479.16,27.97,27.71,41.84,1008.38
5326,479.25,27.97,27.70,41.84,1008.38
5327,479.34,27.96,27.70,41.85,1008.40
5328,479.43,27.96,27.68,41.85,1008.41
5329,479.52,27.96,27.68,41.85,1008.40
5330,479.61,27.96,27.68,41.84,1008.42
5331,479.70,27.94,27.69,41.86,1008.40
5332,479.79,27.94,27.68,41.86,1008.40
5333,479.88,27.93,27.69,41.87,1008.38
5334,479.97,27.95,27.67,41.88,1008.37
5335,480.06,27.94,27.69,41.89,1008.37
5336,480.15,27.95,27.69,41.88,1008.37
5337,480.24,27.94,27.69,41.88,1008.37
5338,480.33,27.94,27.68,41.91,1008.36
5339,480.42,27.93,27.67,41.90,1008.36
5340,480.51,27.93,27.67,41.91,1008.38
5341,480.60,27.94,27.68,41.90,1008.38
5342,480.69,27.94,27.69,41.89,1008.37
5343,480.78,27.95,27.69,41.88,1008.37
5344,480.87,27.94,27.70,41.88,1008.37
5345,480.96,27.95,27.69,41.85,1008.35
5346,481.05,27.94,27.69,41.85,1008.35
5347,481.14,27.94,27.68,41.85,1008.35
5348,481.23,27.94,27.68,41.82,1008.35
5349,481.32,27.94,27.67,41.79,1008.34
5350,481.41,27.93,27.67,41.82,1008.34
5351,481.50,27.92,27.68,41.80,1008.35
5352,481.59,27.92,27.68,41.82,1008.34
5353,481.68,27.92,27.67,41.81,1008.35
5354,481.77,27.92,27.67,41.83,1008.35
5355,481.86,27.92,27.67,41.85,1008.35
5356,481.95,27.93,27.65,41.86,1008.35
5357,482.04,27.93,27.65,41.86,1008.36
5358,482.13,27.94,27.65,41.84,1008.34
5359,482.22,27.94,27.65,41.86,1008.33
5360,482.31,27.93,27.65,41.87,1008.33
5361,482.40,27.92,27.65,41.89,1008.34
5362,482.49,27.92,27.66,41.91,1008.35
5363,482.58,27.93,27.66,41.92,1008.36
5364,482.67,27.93,27.68,41.91,1008.35
5365,482.76,27.94,27.66,41.89,1008.36
5366,482.85,27.93,27.66,41.89,1008.37
5367,482.94,27.93,27.67,41.87,1008.38
5368,483.03,27.93,27.66,41.87,1008.37
5369,483.12,27.93,27.65,41.85,1008.37
5370,483.21,27.94,27.67,41.84,1008.36
5371,483.30,27.94,27.66,41.86,1008.37
5372,483.39,27.95,27.68,41.85,1008.38
5373,483.48,27.95,27.69,41.88,1008.38
5374,483.57,27.96,27.70,41.87,1008.39
5375,483.66,27.98,27.71,41.87,1008.40
5376,483.75,27.99,27.72,41.90,1008.39
5377,483.84,27.98,27.70,41.92,1008.40
5378,483.93,27.98,27.70,41.93,1008.42
5379,484.02,27.97,27.70,41.95,1008.40
5380,484.11,27.97,27.70,41.96,1008.40
5381,484.20,27.99,27.71,41.98,1008.40
5382,484.29,27.99,27.69,41.98,1008.39
5383,484.38,27.98,27.69,42.01,1008.39
5384,484.47,27.99,27.68,42.02,1008.38
5385,484.56,27.98,27.70,42.03,1008.37
5386,484.65,27.97,27.69,42.03,1008.37
5387,484.74,27.99,27.68,42.03,1008.36
5388,484.83,27.99,27.68,42.01,1008.36
5389,484.92,28.00,27.67,42.03,1008.35
5390,485.01,28.01,27.68,42.02,1008.34
5391,485.10,28.01,27.67,42.01,1008.34
5392,485.19,28.02,27.66,41.99,1008.33
5393,485.28,28.02,27.63,41.95,1008.33
5394,485.37,28.01,27.64,41.94,1008.32
5395,485.46,28.03,27.64,41.93,1008.31
5396,485.55,28.03,27.64,41.95,1008.31
5397,485.64,28.03,27.65,41.93,1008.31
5398,485.73,28.01,27.64,41.92,1008.30
5399,485.82,28.02,27.62,41.92,1008.29
5400,485.91,28.03,27.62,41.91,1008.29
5401,486.00,28.03,27.62,41.91,1008.27
5402,486.09,28.02,27.60,41.93,1008.29
5403,486.18,28.02,27.60,41.93,1008.29
5404,486.27,28.03,27.60,41.93,1008.29
5405,486.36,28.03,27.60,41.92,1008.29
5406,486.45,28.02,27.61,41.93,1008.30
5407,486.54,28.00,27.65,41.92,1008.32
5408,486.63,27.99,27.63,41.92,1008.31
5409,486.72,27.99,27.63,41.93,1008.31
5410,486.81,27.98,27.63,41.91,1008.31
5411,486.90,28.00,27.64,41.91,1008.32
5412,486.99,28.00,27.64,41.89,1008.33
5413,487.08,27.99,27.66,41.88,1008.33
5414,487.17,27.97,27.67,41.91,1008.35
5415,487.26,27.98,27.69,41.92,1008.35
5416,487.35,27.99,27.68,41.90,1008.37
5417,487.44,28.00,27.67,41.89,1008.37
5418,487.53,28.00,27.66,41.88,1008.38
5419,487.62,27.98,27.68,41.91,1008.40
5420,487.71,27.98,27.67,41.91,1008.39
5421,487.80,27.99,27.68,41.92,1008.41
5422,487.89,28.01,27.67,41.94,1008.40
5423,487.98,28.01,27.67,41.95,1008.39
5424,488.07,28.00,27.65,41.96,1008.38
5425,488.16,27.98,27.64,41.98,1008.39
5426,488.25,27.97,27.63,41.95,1008.40
5427,488.34,27.97,27.63,41.96,1008.40
5428,488.43,27.97,27.63,41.94,1008.41
5429,488.52,27.98,27.64,41.93,1008.39
5430,488.61,27.97,27.65,41.93,1008.39
5431,488.70,27.96,27.63,41.93,1008.40
5432,488.79,27.97,27.62,41.95,1008.40
5433,488.88,27.98,27.64,41.95,1008.41
5434,488.97,27.98,27.63,41.96,1008.40
5435,489.06,27.99,27.63,41.96,1008.41
5436,489.15,27.98,27.63,41.97,1008.40
5437,489.24,27.99,27.63,41.97,1008.39
5438,489.33,27.99,27.64,41.97,1008.38
5439,489.42,27.99,27.65,41.94,1008.37
5440,489.51,27.98,27.64,41.96,1008.37
5441,489.60,27.97,27.63,41.97,1008.38
5442,489.69,27.97,27.64,41.96,1008.36
5443,489.78,27.96,27.65,41.93,1008.36
5444,489.87,27.96,27.67,41.93,1008.34
5445,489.96,27.95,27.68,41.93,1008.33
5446,490.05,27.95,27.69,41.91,1008.33
5447,490.14,27.96,27.72,41.93,1008.32
5448,490.23,27.96,27.71,41.94,1008.31
5449,490.32,27.96,27.73,41.95,1008.30
5450,490.41,27.96,27.74,41.94,1008.29
5451,490.50,27.98,27.74,41.92,1008.26
5452,490.59,27.99,27.74,41.92,1008.27
5453,490.68,27.97,27.75,41.93,1008.26
5454,490.77,27.97,27.76,41.91,1008.28
5455,490.86,27.96,27.77,41.92,1008.27
5456,490.95,27.96,27.79,41.93,1008.29
5457,491.04,27.93,27.82,41.93,1008.28
5458,491.13,27.92,27.83,41.93,1008.28
5459,491.22,27.92,27.84,41.93,1008.29
5460,491.31,27.92,27.84,41.94,1008.28
5461,491.40,27.92,27.84,41.94,1008.29
5462,491.49,27.93,27.85,41.95,1008.28
5463,491.58,27.93,27.85,41.96,1008.29
5464,491.67,27.92,27.84,41.96,1008.31
5465,491.76,27.93,27.85,41.99,1008.31
5466,491.85,27.93,27.84,42.00,1008.32
5467,491.94,27.94,27.81,42.00,1008.31
5468,492.03,27.94,27.83,41.99,1008.31
5469,492.12,27.95,27.82,42.01,1008.33
5470,492.21,27.95,27.80,42.01,1008.33
5471,492.30,27.94,27.79,42.00,1008.32
5472,492.39,27.94,27.80,41.97,1008.33
5473,492.48,27.93,27.78,41.96,1008.34
5474,492.57,27.94,27.78,41.96,1008.34
5475,492.66,27.92,27.78,41.97,1008.33
5476,492.75,27.92,27.78,41.97,1008.33
5477,492.84,27.92,27.75,41.96,1008.35
5478,492.93,27.92,27.75,41.96,1008.35
5479,493.02,27.92,27.75,41.96,1008.35
5480,493.11,27.92,27.74,41.97,1008.36
5481,493.20,27.94,27.73,41.96,1008.35
5482,493.29,27.96,27.73,41.97,1008.35
5483,493.38,27.97,27.71,41.95,1008.35
5484,493.47,27.98,27.72,41.96,1008.35
5485,493.56,27.97,27.67,41.97,1008.34
5486,493.65,27.98,27.68,41.95,1008.33
5487,493.74,27.96,27.70,41.94,1008.34
5488,493.83,27.98,27.71,41.93,1008.34
5489,493.92,27.98,27.73,41.92,1008.33
5490,494.01,27.99,27.73,41.93,1008.33
5491,494.10,27.99,27.72,41.94,1008.31
5492,494.19,28.01,27.72,41.93,1008.30
5493,494.28,28.00,27.73,41.91,1008.30
5494,494.37,28.00,27.73,41.91,1008.29
5495,494.46,28.01,27.74,41.92,1008.29
5496,494.55,28.01,27.75,41.90,1008.29
5497,494.64,28.01,27.76,41.90,1008.29
5498,494.73,28.01,27.74,41.92,1008.28
5499,494.82,28.01,27.73,41.91,1008.28
5500,494.91,28.01,27.72,41.90,1008.27
5501,495.00,28.02,27.71,41.89,1008.26
5502,495.09,28.03,27.70,41.90,1008.27
5503,495.18,28.03,27.71,41.90,1008.28
5504,495.27,28.04,27.71,41.91,1008.28
5505,495.36,28.03,27.72,41.90,1008.28
5506,495.45,28.04,27.72,41.93,1008.28
5507,495.54,28.03,27.71,41.91,1008.29
5508,495.63,28.02,27.71,41.92,1008.29
5509,495.72,28.02,27.70,41.96,1008.31
5510,495.81,28.01,27.69,41.97,1008.31
5511,495.90,27.99,27.68,42.00,1008.31
5512,495.99,28.00,27.68,42.01,1008.31
5513,496.08,27.99,27.68,42.01,1008.31
5514,496.17,27.99,27.70,41.99,1008.32
5515,496.26,28.00,27.70,41.99,1008.33
5516,496.35,28.00,27.71,41.96,1008.34
5517,496.44,28.00,27.72,41.97,1008.34
5518,496.53,28.02,27.72,41.96,1008.35
5519,496.62,28.01,27.72,41.97,1008.34
5520,496.71,28.01,27.70,41.95,1008.35
5521,496.80,28.01,27.70,41.95,1008.34
5522,496.89,28.02,27.68,41.94,1008.35
5523,496.98,28.00,27.67,41.94,1008.37
5524,497.07,27.98,27.69,41.92,1008.37
5525,497.16,27.98,27.71,41.91,1008.38
5526,497.25,27.98,27.71,41.90,1008.37
5527,497.34,27.97,27.70,41.92,1008.36
5528,497.43,27.98,27.69,41.93,1008.38
5529,497.52,27.99,27.69,41.93,1008.38
5530,497.61,28.00,27.70,41.93,1008.37
5531,497.70,28.00,27.71,41.92,1008.36
5532,497.79,28.00,27.71,41.90,1008.35
5533,497.88,27.99,27.73,41.91,1008.37
5534,497.97,27.99,27.71,41.92,1008.36
5535,498.06,27.97,27.71,41.93,1008.36
5536,498.15,27.97,27.72,41.92,1008.34
5537,498.24,27.95,27.70,41.91,1008.32
5538,498.33,27.95,27.73,41.91,1008.32
5539,498.42,27.96,27.74,41.93,1008.29
5540,498.51,27.97,27.74,41.94,1008.28
5541,498.60,27.98,27.73,41.95,1008.27
5542,498.69,27.98,27.73,41.96,1008.27
5543,498.78,27.98,27.73,41.95,1008.25
5544,498.87,27.98,27.75,41.93,1008.26
5545,498.96,27.98,27.74,41.94,1008.25
5546,499.05,27.99,27.74,41.94,1008.24
5547,499.14,27.99,27.75,41.97,1008.24
5548,499.23,27.99,27.76,41.98,1008.23
5549,499.32,27.99,27.77,41.98,1008.22
5550,499.41,28.00,27.78,41.99,1008.22
5551,499.50,27.99,27.80,41.98,1008.23
5552,499.59,27.99,27.81,41.96,1008.24
5553,499.68,27.98,27.83,41.96,1008.25
5554,499.77,27.96,27.80,41.92,1008.25
5555,499.86,27.96,27.81,41.92,1008.26
5556,499.95,27.95,27.80,41.91,1008.27
5557,500.04,27.96,27.81,41.90,1008.26
5558,500.13,27.96,27.82,41.91,1008.25
5559,500.22,27.94,27.81,41.93,1008.27
5560,500.31,27.95,27.82,41.90,1008.29
5561,500.40,27.96,27.82,41.88,1008.30
5562,500.49,27.95,27.80,41.86,1008.31
5563,500.58,27.96,27.79,41.85,1008.32
5564,500.67,27.96,27.80,41.85,1008.33
5565,500.76,27.97,27.81,41.86,1008.34
5566,500.85,27.97,27.80,41.86,1008.36
5567,500.94,27.97,27.81,41.88,1008.35
5568,501.03,27.99,27.82,41.88,1008.36
5569,501.12,27.99,27.81,41.87,1008.36
5570,501.21,27.99,27.81,41.86,1008.37
5571,501.30,27.98,27.79,41.86,1008.37
5572,501.39,28.00,27.77,41.84,1008.37
5573,501.48,27.99,27.78,41.86,1008.38
5574,501.57,27.99,27.78,41.86,1008.38
5575,501.66,28.00,27.77,41.87,1008.37
5576,501.75,27.99,27.75,41.86,1008.37
5577,501.84,28.00,27.74,41.87,1008.38
5578,501.93,28.00,27.72,41.87,1008.38
5579,502.02,28.00,27.73,41.88,1008.38
5580,502.11,28.01,27.73,41.88,1008.38
5581,502.20,28.00,27.73,41.88,1008.38
5582,502.29,28.00,27.73,41.88,1008.38
5583,502.38,28.00,27.74,41.85,1008.37
5584,502.47,28.02,27.75,41.88,1008.36
5585,502.56,28.01,27.75,41.90,1008.36
5586,502.65,28.01,27.75,41.94,1008.36
5587,502.74,28.03,27.76,41.96,1008.34
5588,502.83,28.03,27.78,41.96,1008.32
5589,502.92,28.03,27.77,41.97,1008.32
5590,503.01,28.02,27.74,41.95,1008.32
5591,503.10,28.03,27.75,41.93,1008.31
5592,503.19,28.02,27.74,41.94,1008.31
5593,503.28,28.01,27.74,41.95,1008.30
5594,503.37,28.01,27.75,41.95,1008.30
5595,503.46,28.00,27.76,41.95,1008.30
5596,503.55,28.01,27.76,41.94,1008.29
5597,503.64,28.01,27.74,41.92,1008.29
5598,503.73,28.01,27.75,41.90,1008.28
5599,503.82,28.00,27.75,41.89,1008.28
5600,503.91,28.00,27.74,41.88,1008.27
5601,504.00,28.00,27.73,41.87,1008.27
5602,504.09,28.01,27.72,41.87,1008.27
5603,504.18,28.01,27.71,41.88,1008.27
5604,504.27,28.00,27.68,41.90,1008.26
5605,504.36,28.01,27.68,41.91,1008.26
5606,504.45,28.01,27.66,41.91,1008.26
5607,504.54,28.02,27.67,41.92,1008.28
5608,504.63,28.01,27.67,41.92,1008.28
5609,504.72,28.02,27.66,41.93,1008.29
5610,504.81,28.02,27.68,41.94,1008.29
5611,504.90,28.02,27.68,41.94,1008.28
5612,504.99,28.02,27.67,41.93,1008.29
5613,505.08,28.02,27.67,41.94,1008.29
5614,505.17,28.01,27.67,41.94,1008.30
5615,505.26,27.99,27.68,41.96,1008.30
5616,505.35,27.99,27.68,41.94,1008.31
5617,505.44,27.99,27.68,41.95,1008.31
5618,505.53,27.98,27.67,41.96,1008.33
5619,505.62,27.99,27.66,41.97,1008.34
5620,505.71,28.01,27.66,41.96,1008.34
5621,505.80,28.01,27.65,41.96,1008.34
5622,505.89,28.00,27.65,41.96,1008.35
5623,505.98,28.00,27.64,41.95,1008.36
5624,506.07,28.01,27.64,41.96,1008.35
5625,506.16,28.01,27.65,41.95,1008.35
5626,506.25,28.02,27.64,41.94,1008.35
5627,506.34,28.01,27.67,41.95,1008.36
5628,506.43,28.01,27.68,41.95,1008.36
5629,506.52,28.03,27.66,41.96,1008.36
5630,506.61,28.03,27.68,41.95,1008.35
5631,506.70,28.02,27.69,41.96,1008.35
5632,506.79,28.01,27.66,41.93,1008.35
5633,506.88,27.99,27.65,41.94,1008.34
5634,506.97,27.99,27.65,41.91,1008.32
5635,507.06,27.99,27.66,41.91,1008.32
5636,507.15,27.98,27.67,41.92,1008.33
5637,507.24,27.96,27.68,41.93,1008.31
5638,507.33,27.95,27.69,41.95,1008.33
5639,507.42,27.95,27.69,41.95,1008.34
5640,507.51,27.96,27.70,41.96,1008.34
5641,507.60,27.98,27.72,41.96,1008.32
5642,507.69,27.97,27.74,41.96,1008.30
5643,507.78,27.98,27.74,41.97,1008.30
5644,507.87,27.99,27.74,41.96,1008.30
5645,507.96,27.97,27.74,41.98,1008.30
5646,508.05,27.97,27.75,41.99,1008.31
5647,508.14,27.96,27.74,41.97,1008.31
5648,508.23,27.94,27.76,41.97,1008.30
5649,508.32,27.94,27.76,41.96,1008.30
5650,508.41,27.94,27.75,41.96,1008.30
5651,508.50,27.95,27.75,41.99,1008.31
5652,508.59,27.93,27.75,41.98,1008.30
5653,508.68,27.94,27.73,41.99,1008.30
5654,508.77,27.95,27.73,42.00,1008.30
5655,508.86,27.94,27.72,42.01,1008.30
5656,508.95,27.93,27.73,42.01,1008.29
5657,509.04,27.92,27.74,42.05,1008.30
5658,509.13,27.92,27.75,42.05,1008.30
5659,509.22,27.92,27.73,42.03,1008.31
5660,509.31,27.93,27.72,42.02,1008.32
5661,509.40,27.92,27.74,42.02,1008.32
5662,509.49,27.93,27.72,42.00,1008.34
5663,509.58,27.92,27.73,42.04,1008.34
5664,509.67,27.93,27.72,42.04,1008.35
5665,509.76,27.94,27.72,42.03,1008.35
5666,509.85,27.94,27.74,42.06,1008.36
5667,509.94,27.95,27.72,42.08,1008.37
5668,510.03,27.95,27.73,42.10,1008.36
5669,510.12,27.94,27.72,42.12,1008.35
5670,510.21,27.95,27.71,42.12,1008.36
5671,510.30,27.95,27.72,42.12,1008.37
5672,510.39,27.95,27.72,42.12,1008.39
5673,510.48,27.96,27.73,42.11,1008.39
5674,510.57,27.96,27.73,42.10,1008.40
5675,510.66,27.96,27.73,42.08,1008.40
5676,510.75,27.98,27.73,42.07,1008.39
5677,510.84,27.96,27.75,42.04,1008.40
5678,510.93,27.96,27.76,42.03,1008.39
5679,511.02,27.96,27.74,42.00,1008.39
5680,511.11,27.97,27.74,42.01,1008.40
5681,511.20,27.97,27.75,42.03,1008.41
5682,511.29,27.97,27.75,42.03,1008.40
5683,511.38,27.98,27.73,42.06,1008.41
5684,511.47,27.99,27.73,42.03,1008.39
5685,511.56,27.98,27.73,42.06,1008.39
5686,511.65,28.00,27.73,42.06,1008.39
5687,511.74,28.01,27.73,42.07,1008.38
5688,511.83,28.01,27.73,42.05,1008.37
5689,511.92,28.03,27.72,42.07,1008.36
5690,512.01,28.01,27.71,42.06,1008.35
5691,512.10,28.00,27.68,42.04,1008.35
5692,512.19,28.00,27.67,42.04,1008.35
5693,512.28,27.99,27.67,42.04,1008.36
5694,512.37,27.99,27.68,41.99,1008.36
5695,512.46,27.99,27.69,41.99,1008.33
5696,512.55,27.98,27.69,42.00,1008.32
5697,512.64,27.99,27.68,42.00,1008.32
5698,512.73,27.98,27.69,42.01,1008.32
5699,512.82,28.00,27.71,42.02,1008.32
5700,512.91,28.02,27.70,42.03,1008.31
5701,513.00,28.01,27.69,42.02,1008.32
5702,513.09,28.02,27.70,42.02,1008.32
5703,513.18,28.02,27.68,42.01,1008.31
5704,513.27,28.02,27.66,42.03,1008.32
5705,513.36,28.01,27.65,42.04,1008.32
5706,513.45,28.03,27.67,42.05,1008.33
5707,513.54,28.02,27.67,42.04,1008.33
5708,513.63,28.01,27.66,42.05,1008.33
5709,513.72,28.00,27.65,42.02,1008.33
5710,513.81,28.00,27.64,42.01,1008.34
5711,513.90,28.00,27.62,42.01,1008.35
5712,513.99,28.00,27.63,42.01,1008.35
5713,514.08,27.99,27.63,42.00,1008.36
5714,514.17,27.98,27.64,42.02,1008.36
5715,514.26,27.99,27.63,42.00,1008.36
5716,514.35,27.98,27.64,42.02,1008.37
5717,514.44,27.98,27.64,42.04,1008.37
5718,514.53,27.98,27.61,42.05,1008.37
5719,514.62,27.99,27.61,42.06,1008.37
5720,514.71,27.99,27.60,42.08,1008.37
5721,514.80,28.00,27.62,42.08,1008.38
5722,514.89,28.00,27.63,42.06,1008.38
5723,514.98,27.98,27.63,42.09,1008.40
5724,515.07,27.98,27.65,42.08,1008.40
5725,515.16,27.97,27.64,42.07,1008.39
5726,515.25,27.96,27.65,42.06,1008.38
5727,515.34,27.95,27.66,42.06,1008.38
5728,515.43,27.98,27.66,42.07,1008.39
5729,515.52,27.98,27.65,42.06,1008.38
5730,515.61,27.98,27.65,42.04,1008.38
5731,515.70,27.97,27.65,42.04,1008.37
5732,515.79,27.97,27.66,42.01,1008.38
5733,515.88,27.97,27.66,42.01,1008.38
5734,515.97,27.96,27.66,42.00,1008.36
5735,516.06,27.94,27.68,42.00,1008.36
5736,516.15,27.94,27.68,41.99,1008.35
5737,516.24,27.94,27.69,41.99,1008.36
5738,516.33,27.94,27.70,41.98,1008.36
5739,516.42,27.95,27.70,41.96,1008.36
5740,516.51,27.95,27.72,41.97,1008.33
5741,516.60,27.95,27.73,41.98,1008.34
5742,516.69,27.94,27.73,41.99,1008.34
5743,516.78,27.94,27.71,41.96,1008.34
5744,516.87,27.94,27.74,41.94,1008.32
5745,516.96,27.95,27.72,41.95,1008.32
5746,517.05,27.95,27.72,41.95,1008.32
5747,517.14,27.94,27.71,41.93,1008.32
5748,517.23,27.94,27.70,41.92,1008.32
5749,517.32,27.94,27.71,41.95,1008.33
5750,517.41,27.93,27.72,41.96,1008.33
5751,517.50,27.94,27.73,41.96,1008.33
5752,517.59,27.95,27.74,41.95,1008.33
5753,517.68,27.95,27.73,41.95,1008.33
5754,517.77,27.96,27.76,41.96,1008.33
5755,517.86,27.98,27.75,41.96,1008.34
5756,517.95,27.97,27.76,41.98,1008.35
5757,518.04,27.97,27.75,42.01,1008.34
5758,518.13,27.98,27.74,42.03,1008.34
5759,518.22,27.96,27.73,42.04,1008.36
5760,518.31,27.96,27.73,42.04,1008.36
5761,518.40,27.96,27.74,42.05,1008.36
5762,518.49,27.97,27.73,42.04,1008.36
5763,518.58,27.98,27.73,42.02,1008.36
5764,518.67,27.97,27.73,42.00,1008.37
5765,518.76,27.98,27.74,42.00,1008.37
5766,518.85,27.98,27.72,42.00,1008.38
5767,518.94,27.99,27.74,42.01,1008.39
5768,519.03,27.99,27.73,42.02,1008.41
5769,519.12,27.99,27.75,42.01,1008.41
5770,519.21,28.00,27.75,42.00,1008.42
5771,519.30,28.00,27.75,42.01,1008.42
5772,519.39,28.00,27.76,42.02,1008.42
5773,519.48,28.00,27.76,42.03,1008.42
5774,519.57,28.00,27.77,42.04,1008.43
5775,519.66,28.01,27.75,42.04,1008.43
5776,519.75,28.01,27.74,42.05,1008.42
5777,519.84,28.01,27.75,42.06,1008.41
5778,519.93,28.01,27.74,42.05,1008.42
5779,520.02,28.02,27.75,42.04,1008.41
5780,520.11,28.02,27.74,42.03,1008.41
5781,520.20,28.03,27.73,42.04,1008.39
5782,520.29,28.04,27.72,42.03,1008.39
5783,520.38,28.03,27.71,42.01,1008.37
5784,520.47,28.04,27.70,42.00,1008.37
5785,520.56,28.04,27.68,42.00,1008.35
5786,520.65,28.02,27.66,42.00,1008.33
5787,520.74,28.02,27.66,41.98,1008.33
5788,520.83,28.03,27.65,41.99,1008.32
5789,520.92,28.04,27.63,42.01,1008.32
5790,521.01,28.05,27.62,42.01,1008.32
5791,521.10,28.05,27.61,42.01,1008.31
5792,521.19,28.05,27.59,42.01,1008.30
5793,521.28,28.06,27.56,42.00,1008.30
5794,521.37,28.05,27.54,41.97,1008.30
5795,521.46,28.06,27.53,41.98,1008.28
5796,521.55,28.06,27.52,41.98,1008.28
5797,521.64,28.06,27.53,41.99,1008.28
5798,521.73,28.05,27.51,42.00,1008.30
5799,521.82,28.06,27.51,41.98,1008.30
5800,521.91,28.06,27.52,41.98,1008.31
5801,522.00,28.04,27.51,41.99,1008.30
5802,522.09,28.05,27.50,41.98,1008.30
5803,522.18,28.07,27.49,41.98,1008.31
5804,522.27,28.07,27.48,41.99,1008.33
5805,522.36,28.05,27.47,42.00,1008.32
5806,522.45,28.08,27.49,42.00,1008.33
5807,522.54,28.08,27.49,42.00,1008.33
5808,522.63,28.09,27.49,42.01,1008.32
5809,522.72,28.08,27.50,42.01,1008.31
5810,522.81,28.09,27.49,41.98,1008.32
5811,522.90,28.08,27.47,41.98,1008.33
5812,522.99,28.07,27.47,41.99,1008.33
5813,523.08,28.06,27.49,41.99,1008.32
5814,523.17,28.05,27.51,42.00,1008.34
5815,523.26,28.06,27.51,41.99,1008.33
5816,523.35,28.05,27.53,41.97,1008.33
5817,523.44,28.03,27.54,41.97,1008.35
5818,523.53,28.02,27.58,42.00,1008.35
5819,523.62,27.99,27.59,41.99,1008.36
5820,523.71,27.98,27.59,41.98,1008.37
5821,523.80,27.99,27.60,41.99,1008.36
5822,523.89,27.99,27.62,42.00,1008.37
5823,523.98,27.99,27.64,42.00,1008.37
5824,524.07,28.00,27.64,42.00,1008.38
5825,524.16,28.00,27.64,42.01,1008.39
5826,524.25,27.99,27.67,42.02,1008.39
5827,524.34,27.99,27.65,41.99,1008.39
5828,524.43,27.97,27.67,42.00,1008.39
5829,524.52,27.96,27.67,42.02,1008.38
5830,524.61,27.95,27.67,42.04,1008.38
5831,524.70,27.96,27.67,42.04,1008.36
5832,524.79,27.98,27.68,42.02,1008.37
5833,524.88,27.97,27.70,42.02,1008.35
5834,524.97,27.97,27.69,42.04,1008.35
5835,525.06,27.97,27.68,42.07,1008.33
5836,525.15,27.96,27.70,42.10,1008.34
5837,525.24,27.97,27.71,42.09,1008.33
5838,525.33,27.97,27.72,42.07,1008.34
5839,525.42,27.96,27.72,42.06,1008.33
5840,525.51,27.96,27.71,42.05,1008.32
5841,525.60,27.95,27.72,42.06,1008.31
5842,525.69,27.95,27.72,42.06,1008.31
5843,525.78,27.95,27.74,42.07,1008.30
5844,525.87,27.95,27.74,42.08,1008.29
5845,525.96,27.97,27.75,42.09,1008.28
5846,526.05,27.97,27.73,42.10,1008.28
5847,526.14,27.97,27.74,42.11,1008.28
5848,526.23,27.97,27.74,42.11,1008.27
5849,526.32,27.96,27.75,42.13,1008.27
5850,526.41,27.96,27.76,42.11,1008.27
5851,526.50,27.97,27.76,42.12,1008.28
5852,526.59,27.97,27.76,42.13,1008.28
5853,526.68,27.97,27.76,42.14,1008.29
5854,526.77,27.98,27.77,42.16,1008.30
5855,526.86,27.97,27.75,42.17,1008.32
5856,526.95,27.98,27.74,42.17,1008.32
5857,527.04,27.98,27.75,42.16,1008.33
5858,527.13,27.97,27.76,42.15,1008.35
5859,527.22,27.98,27.75,42.17,1008.35
5860,527.31,27.96,27.76,42.18,1008.36
5861,527.40,27.96,27.77,42.18,1008.36
5862,527.49,27.96,27.79,42.17,1008.37
5863,527.58,27.97,27.77,42.15,1008.37
5864,527.67,27.97,27.75,42.14,1008.37
5865,527.76,27.96,27.73,42.12,1008.37
5866,527.85,27.94,27.72,42.11,1008.35
5867,527.94,27.93,27.71,42.12,1008.37
5868,528.03,27.93,27.71,42.09,1008.37
5869,528.12,27.93,27.71,42.10,1008.37
5870,528.21,27.93,27.69,42.06,1008.37
5871,528.30,27.93,27.71,42.05,1008.37
5872,528.39,27.93,27.71,42.05,1008.37
5873,528.48,27.93,27.72,42.02,1008.37
5874,528.57,27.93,27.71,42.02,1008.36
5875,528.66,27.93,27.71,42.01,1008.36
5876,528.75,27.93,27.71,42.03,1008.35
5877,528.84,27.93,27.70,42.01,1008.34
5878,528.93,27.94,27.68,42.03,1008.33
5879,529.02,27.93,27.66,42.02,1008.34
5880,529.11,27.95,27.67,42.01,1008.35
5881,529.20,27.97,27.66,42.01,1008.34
5882,529.29,27.98,27.66,42.03,1008.34
5883,529.38,27.98,27.63,42.02,1008.33
5884,529.47,27.99,27.63,42.01,1008.32
5885,529.56,28.01,27.64,42.04,1008.32
5886,529.65,28.00,27.65,42.06,1008.30
5887,529.74,28.00,27.65,42.08,1008.30
5888,529.83,28.01,27.65,42.07,1008.29
5889,529.92,28.02,27.64,42.05,1008.28
5890,530.01,28.01,27.64,42.08,1008.27
5891,530.10,28.01,27.63,42.06,1008.27
5892,530.19,28.00,27.62,42.04,1008.27
5893,530.28,28.00,27.61,42.05,1008.26
5894,530.37,28.01,27.62,42.05,1008.27
5895,530.46,28.00,27.65,42.03,1008.26
5896,530.55,28.01,27.65,42.00,1008.24
5897,530.64,28.00,27.64,42.01,1008.23
5898,530.73,28.00,27.63,42.02,1008.23
5899,530.82,28.00,27.63,42.03,1008.24
5900,530.91,28.01,27.64,42.04,1008.23
5901,531.00,28.01,27.64,42.04,1008.24
5902,531.09,28.02,27.64,42.05,1008.26
5903,531.18,28.01,27.62,42.03,1008.26
5904,531.27,28.00,27.63,42.04,1008.26
5905,531.36,28.00,27.63,42.07,1008.26
5906,531.45,27.99,27.62,42.09,1008.27
5907,531.54,27.99,27.64,42.10,1008.28
5908,531.63,27.98,27.64,42.10,1008.30
5909,531.72,27.96,27.65,42.10,1008.31
5910,531.81,27.96,27.67,42.10,1008.32
5911,531.90,27.95,27.66,42.11,1008.34
5912,531.99,27.96,27.63,42.11,1008.35
5913,532.08,27.97,27.62,42.10,1008.36
5914,532.17,27.96,27.62,42.10,1008.37
5915,532.26,27.98,27.64,42.11,1008.38
5916,532.35,27.98,27.63,42.10,1008.39
5917,532.44,27.98,27.64,42.09,1008.40
5918,532.53,28.00,27.64,42.08,1008.41
5919,532.62,28.00,27.65,42.10,1008.41
5920,532.71,28.00,27.66,42.11,1008.41
5921,532.80,27.98,27.68,42.11,1008.42
5922,532.89,27.98,27.70,42.12,1008.42
5923,532.98,28.00,27.69,42.12,1008.41
5924,533.07,27.99,27.69,42.14,1008.40
5925,533.16,28.01,27.70,42.14,1008.40
5926,533.25,28.01,27.70,42.11,1008.39
5927,533.34,28.01,27.72,42.13,1008.38
5928,533.43,28.01,27.74,42.15,1008.37
5929,533.52,28.02,27.75,42.17,1008.37
5930,533.61,28.03,27.76,42.19,1008.37
5931,533.70,28.02,27.74,42.18,1008.36
5932,533.79,28.02,27.73,42.20,1008.36
5933,533.88,28.01,27.74,42.18,1008.35
5934,533.97,28.01,27.73,42.21,1008.33
5935,534.06,28.01,27.75,42.21,1008.32
5936,534.15,28.01,27.78,42.21,1008.31
5937,534.24,27.99,27.76,42.20,1008.30
5938,534.33,27.97,27.75,42.21,1008.30
5939,534.42,27.97,27.77,42.22,1008.29
5940,534.51,27.96,27.78,42.22,1008.28
5941,534.60,27.94,27.77,42.20,1008.28
5942,534.69,27.93,27.78,42.23,1008.28
5943,534.78,27.93,27.78,42.22,1008.28
5944,534.87,27.93,27.77,42.21,1008.28
5945,534.96,27.93,27.77,42.22,1008.27
5946,535.05,27.93,27.77,42.20,1008.27
5947,535.14,27.93,27.75,42.21,1008.29
5948,535.23,27.94,27.75,42.22,1008.29
5949,535.32,27.95,27.75,42.22,1008.29
5950,535.41,27.94,27.75,42.22,1008.28
5951,535.50,27.94,27.76,42.22,1008.30
5952,535.59,27.95,27.78,42.22,1008.30
5953,535.68,27.94,27.78,42.22,1008.31
5954,535.77,27.94,27.79,42.22,1008.31
5955,535.86,27.94,27.79,42.22,1008.29
5956,535.95,27.93,27.78,42.21,1008.27
5957,536.04,27.93,27.78,42.20,1008.28
5958,536.13,27.93,27.78,42.21,1008.29
5959,536.22,27.93,27.77,42.24,1008.31
5960,536.31,27.93,27.77,42.24,1008.31
5961,536.40,27.94,27.76,42.24,1008.33
5962,536.49,27.93,27.76,42.22,1008.33
5963,536.58,27.94,27.73,42.21,1008.33
5964,536.67,27.95,27.72,42.23,1008.35
5965,536.76,27.95,27.71,42.23,1008.33
5966,536.85,27.96,27.70,42.21,1008.33
5967,536.94,27.97,27.70,42.22,1008.35
5968,537.03,27.97,27.69,42.22,1008.36
5969,537.12,27.98,27.69,42.22,1008.34
5970,537.21,27.96,27.68,42.22,1008.34
5971,537.30,27.96,27.67,42.20,1008.34
5972,537.39,27.97,27.67,42.17,1008.35
5973,537.48,27.99,27.66,42.17,1008.34
5974,537.57,28.00,27.65,42.19,1008.34
5975,537.66,28.01,27.65,42.17,1008.33
5976,537.75,28.01,27.66,42.17,1008.33
5977,537.84,28.02,27.65,42.20,1008.32
5978,537.93,28.02,27.65,42.19,1008.31
5979,538.02,28.01,27.66,42.19,1008.31
5980,538.11,28.01,27.66,42.17,1008.31
5981,538.20,28.01,27.65,42.17,1008.29
5982,538.29,28.02,27.66,42.18,1008.31
5983,538.38,28.02,27.67,42.18,1008.30
5984,538.47,28.02,27.66,42.19,1008.30
5985,538.56,28.01,27.64,42.20,1008.30
5986,538.65,28.00,27.63,42.19,1008.29
5987,538.74,27.99,27.63,42.19,1008.28
5988,538.83,27.99,27.63,42.20,1008.30
5989,538.92,27.98,27.62,42.19,1008.29
5990,539.01,27.98,27.64,42.20,1008.28
5991,539.10,27.98,27.65,42.20,1008.27
5992,539.19,28.00,27.64,42.20,1008.27
5993,539.28,27.98,27.63,42.19,1008.27
5994,539.37,27.98,27.65,42.18,1008.26
5995,539.46,27.99,27.66,42.18,1008.25
5996,539.55,27.99,27.65,42.20,1008.26
5997,539.64,28.00,27.65,42.21,1008.28
5998,539.73,27.99,27.66,42.20,1008.27
5999,539.82,27.99,27.67,42.18,1008.27
6000,539.91,27.99,27.68,42.18,1008.27
6001,540.00,27.99,27.68,42.16,1008.28
6002,540.09,28.01,27.68,42.15,1008.28
6003,540.18,28.01,27.69,42.14,1008.29
6004,540.27,28.02,27.71,42.15,1008.28
6005,540.36,28.03,27.71,42.16,1008.29
6006,540.45,28.03,27.70,42.16,1008.29
6007,540.54,28.03,27.69,42.18,1008.31
6008,540.63,28.03,27.68,42.18,1008.32
6009,540.72,28.02,27.69,42.17,1008.33
6010,540.81,28.03,27.67,42.16,1008.34
6011,540.90,28.02,27.69,42.16,1008.36
6012,540.99,28.02,27.69,42.17,1008.36
6013,541.08,28.01,27.71,42.17,1008.35
6014,541.17,28.02,27.70,42.17,1008.37
6015,541.26,28.02,27.71,42.17,1008.36
6016,541.35,28.01,27.74,42.15,1008.38
6017,541.44,28.00,27.74,42.12,1008.39
6018,541.53,27.99,27.75,42.14,1008.38
6019,541.62,27.99,27.74,42.14,1008.38
6020,541.71,27.98,27.74,42.15,1008.38
6021,541.80,27.97,27.75,42.14,1008.38
6022,541.89,27.97,27.75,42.15,1008.37
6023,541.98,27.96,27.73,42.15,1008.38
6024,542.07,27.96,27.72,42.14,1008.37
6025,542.16,27.95,27.72,42.14,1008.37
6026,542.25,27.95,27.72,42.15,1008.37
6027,542.34,27.96,27.73,42.16,1008.36
6028,542.43,27.95,27.71,42.15,1008.36
6029,542.52,27.95,27.72,42.16,1008.36
6030,542.61,27.97,27.73,42.15,1008.36
6031,542.70,27.96,27.71,42.15,1008.35
6032,542.79,27.98,27.72,42.13,1008.34
6033,542.88,27.97,27.72,42.14,1008.34
6034,542.97,27.97,27.71,42.16,1008.34
6035,543.06,27.97,27.72,42.17,1008.34
6036,543.15,27.96,27.75,42.20,1008.32
6037,543.24,27.96,27.75,42.18,1008.32
6038,543.33,27.95,27.74,42.19,1008.32
6039,543.42,27.95,27.75,42.20,1008.30
6040,543.51,27.95,27.77,42.17,1008.30
6041,543.60,27.96,27.77,42.18,1008.30
6042,543.69,27.95,27.76,42.19,1008.28
6043,543.78,27.93,27.77,42.21,1008.29
6044,543.87,27.95,27.78,42.21,1008.29
6045,543.96,27.95,27.79,42.20,1008.28
6046,544.05,27.94,27.79,42.19,1008.27
6047,544.14,27.95,27.79,42.20,1008.27
6048,544.23,27.94,27.78,42.20,1008.28
6049,544.32,27.93,27.78,42.19,1008.28
6050,544.41,27.94,27.78,42.18,1008.27
6051,544.50,27.93,27.76,42.20,1008.27
6052,544.59,27.93,27.74,42.22,1008.28
6053,544.68,27.93,27.73,42.22,1008.29
6054,544.77,27.93,27.74,42.23,1008.30
6055,544.86,27.93,27.74,42.24,1008.32
6056,544.95,27.93,27.74,42.23,1008.34
6057,545.04,27.93,27.72,42.22,1008.35
6058,545.13,27.93,27.73,42.21,1008.36
6059,545.22,27.94,27.69,42.22,1008.36
6060,545.31,27.95,27.69,42.22,1008.36
6061,545.40,27.94,27.68,42.22,1008.38
6062,545.49,27.95,27.69,42.20,1008.38
6063,545.58,27.96,27.69,42.20,1008.37
6064,545.67,27.98,27.69,42.20,1008.39
6065,545.76,27.98,27.68,42.19,1008.41
6066,545.85,27.98,27.67,42.22,1008.41
6067,545.94,28.00,27.66,42.23,1008.41
6068,546.03,28.01,27.66,42.23,1008.40
6069,546.12,28.00,27.68,42.24,1008.41
6070,546.21,27.99,27.66,42.23,1008.41
6071,546.30,28.01,27.66,42.23,1008.40
6072,546.39,27.99,27.67,42.21,1008.41
6073,546.48,28.01,27.67,42.22,1008.41
6074,546.57,28.02,27.68,42.22,1008.42
6075,546.66,28.02,27.68,42.23,1008.42
6076,546.75,28.04,27.68,42.23,1008.41
6077,546.84,28.04,27.68,42.22,1008.41
6078,546.93,28.04,27.70,42.22,1008.42
6079,547.02,28.03,27.69,42.21,1008.42
6080,547.11,28.02,27.70,42.20,1008.41
6081,547.20,28.02,27.69,42.18,1008.40
6082,547.29,28.04,27.71,42.15,1008.40
6083,547.38,28.03,27.70,42.17,1008.38
6084,547.47,28.04,27.68,42.18,1008.37
6085,547.56,28.04,27.69,42.16,1008.35
6086,547.65,28.04,27.67,42.16,1008.34
6087,547.74,28.03,27.68,42.16,1008.33
6088,547.83,28.04,27.67,42.14,1008.32
6089,547.92,28.04,27.66,42.13,1008.32
6090,548.01,28.04,27.67,42.15,1008.31
6091,548.10,28.04,27.68,42.16,1008.32
6092,548.19,28.05,27.67,42.16,1008.31
6093,548.28,28.06,27.69,42.17,1008.30
6094,548.37,28.05,27.70,42.17,1008.30
6095,548.46,28.06,27.69,42.17,1008.30
6096,548.55,28.07,27.71,42.18,1008.30
6097,548.64,28.07,27.72,42.19,1008.29
6098,548.73,28.07,27.71,42.17,1008.30
6099,548.82,28.05,27.73,42.16,1008.30
6100,548.91,28.05,27.72,42.17,1008.30
6101,549.00,28.06,27.73,42.17,1008.31
6102,549.09,28.07,27.75,42.18,1008.31
6103,549.18,28.07,27.73,42.16,1008.31
6104,549.27,28.06,27.74,42.15,1008.32
6105,549.36,28.06,27.73,42.12,1008.33
6106,549.45,28.08,27.73,42.12,1008.34
6107,549.54,28.11,27.75,42.14,1008.34
6108,549.63,28.12,27.74,42.13,1008.34
6109,549.72,28.13,27.75,42.12,1008.35
6110,549.81,28.12,27.76,42.10,1008.36
6111,549.90,28.12,27.76,42.11,1008.37
6112,549.99,28.14,27.78,42.10,1008.37
6113,550.08,28.16,27.77,42.12,1008.37
6114,550.17,28.15,27.77,42.14,1008.38
6115,550.26,28.16,27.77,42.15,1008.38
6116,550.35,28.14,27.77,42.17,1008.39
6117,550.44,28.14,27.78,42.16,1008.39
6118,550.53,28.15,27.78,42.15,1008.39
6119,550.62,28.15,27.77,42.14,1008.39
6120,550.71,28.15,27.77,42.14,1008.39
6121,550.80,28.15,27.74,42.12,1008.42
6122,550.89,28.16,27.74,42.13,1008.41
6123,550.98,28.16,27.73,42.11,1008.41
6124,551.07,28.16,27.72,42.10,1008.41
6125,551.16,28.16,27.72,42.11,1008.41
6126,551.25,28.15,27.73,42.13,1008.38
6127,551.34,28.15,27.76,42.13,1008.36
6128,551.43,28.14,27.75,42.15,1008.37
6129,551.52,28.13,27.76,42.16,1008.35
6130,551.61,28.12,27.75,42.16,1008.36
6131,551.70,28.09,27.76,42.17,1008.35
6132,551.79,28.07,27.77,42.19,1008.34
6133,551.88,28.06,27.77,42.19,1008.35
6134,551.97,28.06,27.78,42.20,1008.34
6135,552.06,28.07,27.75,42.20,1008.34
6136,552.15,28.07,27.73,42.18,1008.34
6137,552.24,28.07,27.72,42.17,1008.33
6138,552.33,28.04,27.72,42.13,1008.33
6139,552.42,28.03,27.71,42.14,1008.32
6140,552.51,28.01,27.71,42.16,1008.31
6141,552.60,27.99,27.73,42.17,1008.31
6142,552.69,27.98,27.74,42.16,1008.30
6143,552.78,27.97,27.75,42.13,1008.30
6144,552.87,27.97,27.73,42.14,1008.30
6145,552.96,27.97,27.73,42.16,1008.31
6146,553.05,27.97,27.74,42.16,1008.31
6147,553.14,27.96,27.73,42.15,1008.29
6148,553.23,27.96,27.73,41.88,1008.30
6149,553.32,27.95,27.70,42.13,1008.30
6150,553.41,27.94,27.69,42.11,1008.31
6151,553.50,27.94,27.69,42.12,1008.29
6152,553.59,27.94,27.70,42.12,1008.30
6153,553.68,27.94,27.71,42.12,1008.32
6154,553.77,27.94,27.71,42.11,1008.33
6155,553.86,27.94,27.70,42.12,1008.34
6156,553.95,27.94,27.69,42.09,1008.34
6157,554.04,27.94,27.70,42.11,1008.36
6158,554.13,27.94,27.70,42.12,1008.36
6159,554.22,27.94,27.69,42.14,1008.37
6160,554.31,27.94,27.71,42.14,1008.37
6161,554.40,27.94,27.68,42.12,1008.39
6162,554.49,27.94,27.68,42.12,1008.39
6163,554.58,27.94,27.69,42.14,1008.40
6164,554.67,27.94,27.68,42.14,1008.40
6165,554.76,27.94,27.68,42.14,1008.41
6166,554.85,27.94,27.65,42.14,1008.41
6167,554.94,27.94,27.66,42.15,1008.40
6168,555.03,27.94,27.64,42.17,1008.41
6169,555.12,27.94,27.66,42.17,1008.40
6170,555.21,27.94,27.64,42.18,1008.40
6171,555.30,27.95,27.64,42.20,1008.41
6172,555.39,27.94,27.67,42.20,1008.41
6173,555.48,27.94,27.66,42.22,1008.41
6174,555.57,27.96,27.67,42.21,1008.41
6175,555.66,27.97,27.65,42.22,1008.41
6176,555.75,27.97,27.66,42.23,1008.41
6177,555.84,27.97,27.66,42.22,1008.39
6178,555.93,27.95,27.68,42.20,1008.37
6179,556.02,27.95,27.66,42.20,1008.37
6180,556.11,27.97,27.66,42.19,1008.35
6181,556.20,27.97,27.68,42.19,1008.34
6182,556.29,27.96,27.71,42.19,1008.32
6183,556.38,27.96,27.70,42.20,1008.32
6184,556.47,27.97,27.71,42.17,1008.31
6185,556.56,27.97,27.70,42.17,1008.31
6186,556.65,27.98,27.70,42.17,1008.30
6187,556.74,27.99,27.71,42.17,1008.29
6188,556.83,28.00,27.70,42.18,1008.29
6189,556.92,28.01,27.71,42.18,1008.28
6190,557.01,27.98,27.71,42.19,1008.28
6191,557.10,27.97,27.71,42.19,1008.29
6192,557.19,27.97,27.73,42.20,1008.28
6193,557.28,27.96,27.72,42.20,1008.28
6194,557.37,27.96,27.70,42.22,1008.28
6195,557.46,27.94,27.71,42.25,1008.26
6196,557.55,27.95,27.72,42.23,1008.27
6197,557.64,27.95,27.73,42.22,1008.28
6198,557.73,27.94,27.73,42.22,1008.28
6199,557.82,27.96,27.76,42.22,1008.28
6200,557.91,27.98,27.75,42.20,1008.28
6201,558.00,27.97,27.75,42.17,1008.28
6202,558.09,27.98,27.75,42.18,1008.28
6203,558.18,27.99,27.75,42.18,1008.29
6204,558.27,27.99,27.76,42.18,1008.29
6205,558.36,27.99,27.78,42.18,1008.30
6206,558.45,27.99,27.79,42.19,1008.31
6207,558.54,27.98,27.79,42.17,1008.31
6208,558.63,27.97,27.78,42.17,1008.30
6209,558.72,27.97,27.79,42.16,1008.31
6210,558.81,27.98,27.78,42.17,1008.32
6211,558.90,27.99,27.76,42.16,1008.34
6212,558.99,28.01,27.76,42.14,1008.34
6213,559.08,27.99,27.78,42.15,1008.35
6214,559.17,28.00,27.76,42.14,1008.36
6215,559.26,27.98,27.73,42.16,1008.35
6216,559.35,27.97,27.75,42.16,1008.36
6217,559.44,27.97,27.74,42.15,1008.36
6218,559.53,27.97,27.75,42.17,1008.36
6219,559.62,27.97,27.77,42.17,1008.37
6220,559.71,27.97,27.77,42.17,1008.37
6221,559.80,27.97,27.76,42.18,1008.35
6222,559.89,27.99,27.76,42.16,1008.34
6223,559.98,28.00,27.74,42.15,1008.33
6224,560.07,28.00,27.74,42.15,1008.34
6225,560.16,27.98,27.72,42.16,1008.35
6226,560.25,27.99,27.74,42.16,1008.35
6227,560.34,28.00,27.75,42.15,1008.35
6228,560.43,28.00,27.75,42.12,1008.33
6229,560.52,27.99,27.73,42.11,1008.32
6230,560.61,28.01,27.73,42.11,1008.31
6231,560.70,27.94,27.75,42.13,1008.30
6232,560.79,27.94,27.76,42.13,1008.30
6233,560.88,28.02,27.75,42.15,1008.29
6234,560.97,28.03,27.76,42.14,1008.28
6235,561.06,28.03,27.75,42.16,1008.26
6236,561.15,28.02,27.73,42.14,1008.25
6237,561.24,28.01,27.76,42.15,1008.27
6238,561.33,28.01,27.74,42.18,1008.27
6239,561.42,28.01,27.72,42.18,1008.27
6240,561.51,28.00,27.72,42.15,1008.28
6241,561.60,28.00,27.74,42.18,1008.27
6242,561.69,28.01,27.73,42.19,1008.27
6243,561.78,28.00,27.71,42.22,1008.28
6244,561.87,27.99,27.71,42.21,1008.28
6245,561.96,27.98,27.68,42.20,1008.29
6246,562.05,27.96,27.70,42.21,1008.29
6247,562.14,27.97,27.68,42.22,1008.29
6248,562.23,27.98,27.68,42.20,1008.29
6249,562.32,27.98,27.68,42.18,1008.30
6250,562.41,27.97,27.66,42.16,1008.30
6251,562.50,27.96,27.66,42.15,1008.29
6252,562.59,27.95,27.67,42.15,1008.30
6253,562.68,27.95,27.68,42.12,1008.31
6254,562.77,27.95,27.69,42.11,1008.32
6255,562.86,27.94,27.68,42.13,1008.32
6256,562.95,27.95,27.67,42.14,1008.31
6257,563.04,27.94,27.66,42.15,1008.30
6258,563.13,27.94,27.65,42.15,1008.31
6259,563.22,27.94,27.65,42.14,1008.33
6260,563.31,27.94,27.66,42.14,1008.33
6261,563.40,27.94,27.66,42.13,1008.35
6262,563.49,27.94,27.66,42.12,1008.35
6263,563.58,27.94,27.65,42.13,1008.34
6264,563.67,27.95,27.68,42.13,1008.35
6265,563.76,27.94,27.67,42.11,1008.35
6266,563.85,27.94,27.67,42.11,1008.35
6267,563.94,27.94,27.67,42.09,1008.35
6268,564.03,27.95,27.68,42.07,1008.34
6269,564.12,27.95,27.68,42.08,1008.34
6270,564.21,27.95,27.68,42.07,1008.35
6271,564.30,27.94,27.68,42.07,1008.35
6272,564.39,27.94,27.69,42.03,1008.35
6273,564.48,27.95,27.70,42.04,1008.36
6274,564.57,27.94,27.71,42.04,1008.34
6275,564.66,27.94,27.71,42.05,1008.34
6276,564.75,27.94,27.72,42.05,1008.34
6277,564.84,27.94,27.71,42.08,1008.33
6278,564.93,27.94,27.70,42.09,1008.32
6279,565.02,27.94,27.69,42.10,1008.32
6280,565.11,27.95,27.70,42.10,1008.31
6281,565.20,27.96,27.72,42.12,1008.30
6282,565.29,27.95,27.73,42.12,1008.30
6283,565.38,27.95,27.72,42.10,1008.30
6284,565.47,27.96,27.74,42.07,1008.30
6285,565.56,27.96,27.73,42.07,1008.30
6286,565.65,27.97,27.72,42.07,1008.30
6287,565.74,27.97,27.73,42.08,1008.31
6288,565.83,27.99,27.74,42.06,1008.31
6289,565.92,27.97,27.74,42.06,1008.31
6290,566.01,27.97,27.75,42.08,1008.31
6291,566.10,27.96,27.77,42.07,1008.30
6292,566.19,27.95,27.78,42.06,1008.30
6293,566.28,27.96,27.77,42.08,1008.30
6294,566.37,27.97,27.76,42.08,1008.30
6295,566.46,27.97,27.76,42.07,1008.29
6296,566.55,27.98,27.77,42.07,1008.29
6297,566.64,27.97,27.77,42.07,1008.29
6298,566.73,27.99,27.76,42.05,1008.28
6299,566.82,28.00,27.76,42.07,1008.28
6300,566.91,28.00,27.76,42.06,1008.28
6301,567.00,28.00,27.76,42.08,1008.29
6302,567.09,28.00,27.74,42.09,1008.30
6303,567.18,28.01,27.75,42.11,1008.30
6304,567.27,27.99,27.74,42.10,1008.29
6305,567.36,27.97,27.74,42.08,1008.29
6306,567.45,27.97,27.75,42.08,1008.29
6307,567.54,27.98,27.78,42.06,1008.30
6308,567.63,27.99,27.77,42.06,1008.30
6309,567.72,27.99,27.74,42.09,1008.30
6310,567.81,28.00,27.74,42.11,1008.32
6311,567.90,28.00,27.74,42.12,1008.31
6312,567.99,27.99,27.72,42.12,1008.32
6313,568.08,28.00,27.74,42.09,1008.32
6314,568.17,27.99,27.73,42.09,1008.33
6315,568.26,27.99,27.75,42.09,1008.34
6316,568.35,27.99,27.74,42.08,1008.33
6317,568.44,27.99,27.73,42.07,1008.33
6318,568.53,28.00,27.74,42.05,1008.33
6319,568.62,27.99,27.76,42.05,1008.33
6320,568.71,27.98,27.76,42.06,1008.34
6321,568.80,27.98,27.74,42.07,1008.33
6322,568.89,28.00,27.73,42.05,1008.33
6323,568.98,28.00,27.73,42.05,1008.34
6324,569.07,28.00,27.73,42.08,1008.34
6325,569.16,28.00,27.73,42.09,1008.34
6326,569.25,27.99,27.74,42.11,1008.32
6327,569.34,27.98,27.72,42.10,1008.32
6328,569.43,27.97,27.72,42.10,1008.33
6329,569.52,27.98,27.71,42.07,1008.34
6330,569.61,27.98,27.71,42.07,1008.34
6331,569.70,27.99,27.68,42.06,1008.34
6332,569.79,27.99,27.67,42.09,1008.32
6333,569.88,28.00,27.67,42.12,1008.32
6334,569.97,27.98,27.67,42.12,1008.32
6335,570.06,27.98,27.68,42.11,1008.32
6336,570.15,27.97,27.67,42.12,1008.31
6337,570.24,27.98,27.66,42.11,1008.31
6338,570.33,27.97,27.66,42.08,1008.30
6339,570.42,27.97,27.67,42.10,1008.30
6340,570.51,27.98,27.67,42.10,1008.29
6341,570.60,27.99,27.67,42.09,1008.28
6342,570.69,27.97,27.65,42.09,1008.27
6343,570.78,27.98,27.65,42.12,1008.28
6344,570.87,27.95,27.67,42.11,1008.26
6345,570.96,27.95,27.67,42.12,1008.27
6346,571.05,27.94,27.67,42.10,1008.29
6347,571.14,27.94,27.67,42.10,1008.27
6348,571.23,27.94,27.69,42.08,1008.29
6349,571.32,27.94,27.71,42.08,1008.29
6350,571.41,27.94,27.70,42.10,1008.29
6351,571.50,27.94,27.67,42.09,1008.31
6352,571.59,27.94,27.66,42.11,1008.29
6353,571.68,27.94,27.65,42.11,1008.30
6354,571.77,27.94,27.64,42.08,1008.32
6355,571.86,27.94,27.64,42.06,1008.32
6356,571.95,27.94,27.62,42.05,1008.32
6357,572.04,27.94,27.64,42.06,1008.32
6358,572.13,27.94,27.66,42.08,1008.33
6359,572.22,27.94,27.66,42.10,1008.35
6360,572.31,27.94,27.66,42.09,1008.36
6361,572.40,27.94,27.67,42.07,1008.37
6362,572.49,27.94,27.67,42.08,1008.36
6363,572.58,27.94,27.67,42.05,1008.35
6364,572.67,27.94,27.68,42.08,1008.36
6365,572.76,27.94,27.68,42.06,1008.36
6366,572.85,27.94,27.69,42.08,1008.36
6367,572.94,27.94,27.69,42.07,1008.37
6368,573.03,27.94,27.69,42.06,1008.36
6369,573.12,27.94,27.69,42.08,1008.35
6370,573.21,27.94,27.71,42.08,1008.34
6371,573.30,27.94,27.72,42.09,1008.34
6372,573.39,27.94,27.73,42.11,1008.35
6373,573.48,27.94,27.71,42.12,1008.36
6374,573.57,27.94,27.70,42.11,1008.36
6375,573.66,27.95,27.71,42.12,1008.36
6376,573.75,27.95,27.71,42.12,1008.37
6377,573.84,27.95,27.70,42.13,1008.35
6378,573.93,27.95,27.70,42.14,1008.35
6379,574.02,27.94,27.72,42.12,1008.36
6380,574.11,27.95,27.71,42.12,1008.34
6381,574.20,27.95,27.73,42.12,1008.34
6382,574.29,27.95,27.75,42.11,1008.34
6383,574.38,27.97,27.76,42.11,1008.33
6384,574.47,27.97,27.78,42.11,1008.32
6385,574.56,27.97,27.77,42.10,1008.32
6386,574.65,27.98,27.76,42.11,1008.32
6387,574.74,27.99,27.74,42.13,1008.32
6388,574.83,28.00,27.75,42.12,1008.33
6389,574.92,27.98,27.75,42.15,1008.32
6390,575.01,27.99,27.76,42.15,1008.33
6391,575.10,28.00,27.76,42.15,1008.34
6392,575.19,28.00,27.77,42.16,1008.33
6393,575.28,28.01,27.76,42.16,1008.33
6394,575.37,28.02,27.77,42.16,1008.33
6395,575.46,28.04,27.75,42.15,1008.34
6396,575.55,28.03,27.74,42.13,1008.33
6397,575.64,28.04,27.75,42.14,1008.33
6398,575.73,28.02,27.77,42.13,1008.33
6399,575.82,28.01,27.78,42.11,1008.33
6400,575.91,28.01,27.79,42.10,1008.33
6401,576.00,28.02,27.78,42.10,1008.35
6402,576.09,28.01,27.80,42.11,1008.35
6403,576.18,28.01,27.79,42.12,1008.37
6404,576.27,28.00,27.81,42.14,1008.37
6405,576.36,28.01,27.80,42.13,1008.38
6406,576.45,28.01,27.80,42.11,1008.38
6407,576.54,28.00,27.78,42.11,1008.39
6408,576.63,27.99,27.80,42.10,1008.40
6409,576.72,27.99,27.80,42.10,1008.41
6410,576.81,27.98,27.80,42.11,1008.41
6411,576.90,27.98,27.79,42.11,1008.41
6412,576.99,27.99,27.79,42.09,1008.41
6413,577.08,27.98,27.81,42.08,1008.42
6414,577.17,27.99,27.80,42.08,1008.43
6415,577.26,27.98,27.79,42.07,1008.43
6416,577.35,27.99,27.78,42.09,1008.45
6417,577.44,27.98,27.78,42.11,1008.46
6418,577.53,27.98,27.78,42.12,1008.45
6419,577.62,27.99,27.77,42.12,1008.46
6420,577.71,27.99,27.76,42.14,1008.45
6421,577.80,27.99,27.74,42.12,1008.44
6422,577.89,27.98,27.72,42.11,1008.43
6423,577.98,27.98,27.72,42.10,1008.42
6424,578.07,27.97,27.71,42.10,1008.39
6425,578.16,27.97,27.73,42.09,1008.38
6426,578.25,27.98,27.73,42.09,1008.39
6427,578.34,27.99,27.73,42.09,1008.39
6428,578.43,27.99,27.73,42.08,1008.38
6429,578.52,27.99,27.74,42.09,1008.37
6430,578.61,27.99,27.74,42.06,1008.36
6431,578.70,27.98,27.74,42.08,1008.36
6432,578.79,27.97,27.73,42.06,1008.34
6433,578.88,27.98,27.71,42.06,1008.34
6434,578.97,27.98,27.69,42.04,1008.33
6435,579.06,27.96,27.70,42.04,1008.33
6436,579.15,27.96,27.68,42.04,1008.32
6437,579.24,27.96,27.70,42.06,1008.32
6438,579.33,27.98,27.71,42.07,1008.31
6439,579.42,27.96,27.71,42.06,1008.31
6440,579.51,27.95,27.71,42.08,1008.31
6441,579.60,27.95,27.70,42.12,1008.30
6442,579.69,27.95,27.70,42.14,1008.31
6443,579.78,27.94,27.71,42.14,1008.31
6444,579.87,27.95,27.70,42.13,1008.32
6445,579.96,27.95,27.71,42.12,1008.31
6446,580.05,27.95,27.72,42.10,1008.32
6447,580.14,27.95,27.73,42.10,1008.31
6448,580.23,27.95,27.73,42.09,1008.32
6449,580.32,27.95,27.72,42.09,1008.31
6450,580.41,27.96,27.69,42.10,1008.31
6451,580.50,27.95,27.68,42.10,1008.31
6452,580.59,27.95,27.68,42.10,1008.32
6453,580.68,27.94,27.68,42.13,1008.33
6454,580.77,27.96,27.66,42.13,1008.33
6455,580.86,27.96,27.66,42.09,1008.34
6456,580.95,27.95,27.65,42.09,1008.35
6457,581.04,27.96,27.65,42.12,1008.36
6458,581.13,27.95,27.66,42.11,1008.36
6459,581.22,27.96,27.69,42.11,1008.37
6460,581.31,27.97,27.69,42.08,1008.36
6461,581.40,27.96,27.69,42.05,1008.39
6462,581.49,27.95,27.70,42.04,1008.39
6463,581.58,27.95,27.69,42.05,1008.38
6464,581.67,27.95,27.71,42.04,1008.40
6465,581.76,27.95,27.71,42.01,1008.40
6466,581.85,27.96,27.70,42.03,1008.40
6467,581.94,27.95,27.71,42.02,1008.41
6468,582.03,27.96,27.71,42.01,1008.42
6469,582.12,27.96,27.71,42.01,1008.42
6470,582.21,27.96,27.73,42.01,1008.40
6471,582.30,27.96,27.74,42.03,1008.40
6472,582.39,27.95,27.74,42.00,1008.41
6473,582.48,27.96,27.73,42.01,1008.41
6474,582.57,27.96,27.72,42.00,1008.41
6475,582.66,27.96,27.73,42.05,1008.40
6476,582.75,27.96,27.72,42.04,1008.40
6477,582.84,27.95,27.72,42.01,1008.40
6478,582.93,27.96,27.73,42.01,1008.40
6479,583.02,27.97,27.74,41.99,1008.39
6480,583.11,27.97,27.76,42.00,1008.38
6481,583.20,27.98,27.75,41.99,1008.37
6482,583.29,27.98,27.74,42.00,1008.38
6483,583.38,27.97,27.75,41.98,1008.36
6484,583.47,27.98,27.75,41.97,1008.37
6485,583.56,28.00,27.78,41.97,1008.35
6486,583.65,28.02,27.77,41.97,1008.36
6487,583.74,28.02,27.75,41.97,1008.35
6488,583.83,28.04,27.77,41.96,1008.34
6489,583.92,28.03,27.75,41.96,1008.34
6490,584.01,28.03,27.75,41.96,1008.33
6491,584.10,28.01,27.74,41.97,1008.33
6492,584.19,28.04,27.76,41.96,1008.34
6493,584.28,28.01,27.76,41.97,1008.33
6494,584.37,27.99,27.75,41.97,1008.33
6495,584.46,27.99,27.74,41.94,1008.32
6496,584.55,27.98,27.73,41.98,1008.33
6497,584.64,27.97,27.74,41.96,1008.33
6498,584.73,27.99,27.76,41.94,1008.33
6499,584.82,27.98,27.77,41.97,1008.34
6500,584.91,27.97,27.75,41.97,1008.34
6501,585.00,27.98,27.74,41.98,1008.34
6502,585.09,27.98,27.75,42.00,1008.34
6503,585.18,27.98,27.75,42.03,1008.36
6504,585.27,27.99,27.73,42.00,1008.37
6505,585.36,27.99,27.73,41.99,1008.37
6506,585.45,28.01,27.73,41.98,1008.39
6507,585.54,28.02,27.72,41.97,1008.39
6508,585.63,28.01,27.72,41.98,1008.39
6509,585.72,28.00,27.71,41.95,1008.39
6510,585.81,28.01,27.71,41.93,1008.39
6511,585.90,28.01,27.74,41.92,1008.40
6512,585.99,28.02,27.72,41.95,1008.40
6513,586.08,28.02,27.73,41.93,1008.40
6514,586.17,28.01,27.72,41.94,1008.41
6515,586.26,28.01,27.73,41.94,1008.41
6516,586.35,28.02,27.75,41.92,1008.41
6517,586.44,28.03,27.74,41.92,1008.43
6518,586.53,28.02,27.73,41.92,1008.43
6519,586.62,28.02,27.72,41.93,1008.43
6520,586.71,28.01,27.73,41.93,1008.44
6521,586.80,28.02,27.72,41.93,1008.44
6522,586.89,28.01,27.73,41.93,1008.44
6523,586.98,28.01,27.71,41.95,1008.42
6524,587.07,28.00,27.70,41.97,1008.40
6525,587.16,28.00,27.71,41.96,1008.39
6526,587.25,28.00,27.69,41.94,1008.38
6527,587.34,27.98,27.70,41.93,1008.37
6528,587.43,27.98,27.70,41.94,1008.35
6529,587.52,27.97,27.70,41.93,1008.35
6530,587.61,27.96,27.71,41.95,1008.32
6531,587.70,27.95,27.72,41.94,1008.32
6532,587.79,27.94,27.70,41.93,1008.32
6533,587.88,27.95,27.71,41.91,1008.31
6534,587.97,27.94,27.68,41.89,1008.31
6535,588.06,27.94,27.69,41.91,1008.31
6536,588.15,27.94,27.68,41.92,1008.31
6537,588.24,27.96,27.68,41.91,1008.31
6538,588.33,27.96,27.69,41.93,1008.30
6539,588.42,27.96,27.69,41.94,1008.29
6540,588.51,27.98,27.69,41.95,1008.29
6541,588.60,27.97,27.69,41.96,1008.30
6542,588.69,27.97,27.68,41.96,1008.29
6543,588.78,27.96,27.69,41.98,1008.30
6544,588.87,27.96,27.69,41.99,1008.30
6545,588.96,27.94,27.69,42.00,1008.30
6546,589.05,27.95,27.70,42.00,1008.31
6547,589.14,27.95,27.70,42.01,1008.31
6548,589.23,27.95,27.70,41.98,1008.31
6549,589.32,27.94,27.70,41.96,1008.32
6550,589.41,27.94,27.70,41.96,1008.31
6551,589.50,27.95,27.72,41.94,1008.32
6552,589.59,27.95,27.72,41.95,1008.32
6553,589.68,27.94,27.71,41.94,1008.33
6554,589.77,27.94,27.71,41.94,1008.34
6555,589.86,27.94,27.69,41.95,1008.34
6556,589.95,27.94,27.69,41.96,1008.34
6557,590.04,27.95,27.70,41.98,1008.36
6558,590.13,27.96,27.72,41.97,1008.36
6559,590.22,27.96,27.70,41.97,1008.38
6560,590.31,27.96,27.68,41.97,1008.38
6561,590.40,27.97,27.68,41.97,1008.38
6562,590.49,27.96,27.68,41.98,1008.39
6563,590.58,27.97,27.69,41.96,1008.39
6564,590.67,27.97,27.69,41.97,1008.39
6565,590.76,27.98,27.69,41.98,1008.40
6566,590.85,27.99,27.69,42.01,1008.39
6567,590.94,28.00,27.70,41.98,1008.38
6568,591.03,28.00,27.71,41.99,1008.38
6569,591.12,28.00,27.71,42.02,1008.39
6570,591.21,27.99,27.73,42.02,1008.38
6571,591.30,27.99,27.71,41.99,1008.36
6572,591.39,27.99,27.71,42.01,1008.35
6573,591.48,27.99,27.71,42.02,1008.34
6574,591.57,27.99,27.71,42.01,1008.35
6575,591.66,28.00,27.70,42.03,1008.33
6576,591.75,28.00,27.70,42.03,1008.34
6577,591.84,28.01,27.70,42.01,1008.32
6578,591.93,28.01,27.69,42.02,1008.33
6579,592.02,28.01,27.69,41.99,1008.33
6580,592.11,28.01,27.71,42.00,1008.33
6581,592.20,28.02,27.73,41.99,1008.31
6582,592.29,28.01,27.72,42.00,1008.29
6583,592.38,28.01,27.72,41.99,1008.28
6584,592.47,28.02,27.72,41.99,1008.27
6585,592.56,28.03,27.73,41.98,1008.27
6586,592.65,28.03,27.71,41.98,1008.29
6587,592.74,28.02,27.72,42.00,1008.28
6588,592.83,28.02,27.73,42.00,1008.27
6589,592.92,28.03,27.73,41.99,1008.26
6590,593.01,28.03,27.73,42.00,1008.27
6591,593.10,28.04,27.74,42.02,1008.27
6592,593.19,28.04,27.75,42.03,1008.27
6593,593.28,28.04,27.73,42.04,1008.27
6594,593.37,28.05,27.72,42.05,1008.28
6595,593.46,28.05,27.73,42.05,1008.27
6596,593.55,28.06,27.72,42.05,1008.28
6597,593.64,28.04,27.71,42.06,1008.28
6598,593.73,28.03,27.73,42.07,1008.27
6599,593.82,28.04,27.73,42.04,1008.29
6600,593.91,28.03,27.75,42.04,1008.30
6601,594.00,28.02,27.74,42.02,1008.31
6602,594.09,28.03,27.73,42.02,1008.31
6603,594.18,28.03,27.72,42.03,1008.33
6604,594.27,28.02,27.70,42.01,1008.34
6605,594.36,28.02,27.70,42.00,1008.34
6606,594.45,28.03,27.72,41.96,1008.35
6607,594.54,28.03,27.70,41.94,1008.34
6608,594.63,28.03,27.70,41.95,1008.35
6609,594.72,28.04,27.71,41.96,1008.36
6610,594.81,28.01,27.69,41.97,1008.37
6611,594.90,28.01,27.70,41.98,1008.37
6612,594.99,28.01,27.72,41.99,1008.37
6613,595.08,28.02,27.72,42.01,1008.37
6614,595.17,28.01,27.70,42.03,1008.37
6615,595.26,28.01,27.70,42.02,1008.37
6616,595.35,28.01,27.69,42.03,1008.37
6617,595.44,28.01,27.68,42.03,1008.36
6618,595.53,28.00,27.69,42.03,1008.35
6619,595.62,27.99,27.67,42.03,1008.35
6620,595.71,27.98,27.68,42.05,1008.33
6621,595.80,27.98,27.67,42.02,1008.34
6622,595.89,27.99,27.67,42.00,1008.33
6623,595.98,27.98,27.68,41.99,1008.32
6624,596.07,27.99,27.68,42.02,1008.30
6625,596.16,27.99,27.68,42.03,1008.30
6626,596.25,27.98,27.69,42.02,1008.30
6627,596.34,27.97,27.69,42.02,1008.28
6628,596.43,27.97,27.66,42.01,1008.27
6629,596.52,27.98,27.67,42.00,1008.27
6630,596.61,27.98,27.65,42.00,1008.26
6631,596.70,27.98,27.67,41.99,1008.25
6632,596.79,27.98,27.67,41.99,1008.24
6633,596.88,27.99,27.68,41.99,1008.24
6634,596.97,27.99,27.66,41.98,1008.25
6635,597.06,28.00,27.66,41.98,1008.25
6636,597.15,27.99,27.66,41.98,1008.23
6637,597.24,27.98,27.67,41.97,1008.24
6638,597.33,27.99,27.68,41.96,1008.24
6639,597.42,27.99,27.69,41.96,1008.25
6640,597.51,27.99,27.69,41.97,1008.24
6641,597.60,27.97,27.69,41.98,1008.25
6642,597.69,27.96,27.69,41.98,1008.26
6643,597.78,27.96,27.69,42.02,1008.27
6644,597.87,27.95,27.72,42.01,1008.27
6645,597.96,27.96,27.72,42.01,1008.28
6646,598.05,27.95,27.73,42.02,1008.29
6647,598.14,27.95,27.73,42.04,1008.29
6648,598.23,27.94,27.73,42.03,1008.29
6649,598.32,27.95,27.73,42.03,1008.30
6650,598.41,27.94,27.74,42.01,1008.30
6651,598.50,27.94,27.76,41.97,1008.30
6652,598.59,27.94,27.74,41.97,1008.31
6653,598.68,27.94,27.75,41.95,1008.32
6654,598.77,27.94,27.73,41.94,1008.32
6655,598.86,27.95,27.74,41.94,1008.33
6656,598.95,27.95,27.76,41.93,1008.32
6657,599.04,27.96,27.76,41.95,1008.34
6658,599.13,27.96,27.76,41.95,1008.35
6659,599.22,27.97,27.76,41.96,1008.36
6660,599.31,27.96,27.76,41.93,1008.36
6661,599.40,27.96,27.75,41.91,1008.37
6662,599.49,27.97,27.76,41.88,1008.36
6663,599.58,27.96,27.75,41.90,1008.37
6664,599.67,27.95,27.75,41.88,1008.38
6665,599.76,27.96,27.76,41.88,1008.37
6666,599.85,27.94,27.76,41.89,1008.37
6667,599.94,27.94,27.77,41.87,1008.36
