Index,Relative Time (s),PT100 (degC),BME280 T (degC),Humidity (%),Pressure (hPa)
1,0.00,45.00,43.80,41.20,1008.85
2,0.09,44.98,43.80,41.20,1008.86
3,0.18,44.97,43.79,41.21,1008.85
4,0.27,44.96,43.78,41.19,1008.85
5,0.36,44.95,43.78,41.21,1008.85
6,0.45,44.94,43.78,41.21,1008.86
7,0.54,44.93,43.77,41.21,1008.86
8,0.63,44.92,43.76,41.20,1008.86
9,0.72,44.91,43.75,41.21,1008.85
10,0.81,44.90,43.74,41.21,1008.85
11,0.90,44.90,43.73,41.20,1008.85
12,0.99,44.89,43.71,41.20,1008.85
13,1.08,44.88,43.69,41.20,1008.85
14,1.17,44.87,43.69,41.22,1008.85
15,1.26,44.86,43.68,41.21,1008.85
16,1.35,44.86,43.67,41.22,1008.85
17,1.44,44.84,43.66,41.22,1008.85
18,1.53,44.84,43.66,41.22,1008.85
19,1.62,44.83,43.65,41.21,1008.85
20,1.71,44.82,43.63,41.21,1008.85
21,1.80,44.81,43.62,41.23,1008.85
22,1.89,44.81,43.62,41.24,1008.85
23,1.98,44.80,43.60,41.24,1008.85
24,2.07,44.79,43.60,41.23,1008.85
25,2.16,44.78,43.59,41.23,1008.85
26,2.25,44.77,43.58,41.23,1008.85
27,2.34,44.76,43.57,41.23,1008.85
28,2.43,44.75,43.56,41.22,1008.85
29,2.52,44.74,43.56,41.23,1008.85
30,2.61,44.74,43.55,41.24,1008.85
31,2.70,44.72,43.53,41.25,1008.85
32,2.79,44.72,43.53,41.26,1008.85
33,2.88,44.71,43.52,41.26,1008.85
34,2.97,44.70,43.52,41.24,1008.85
35,3.06,44.70,43.51,41.25,1008.86
36,3.15,44.69,43.50,41.24,1008.85
37,3.24,44.68,43.48,41.25,1008.85
38,3.33,44.67,43.47,41.24,1008.86
39,3.42,44.66,43.47,41.24,1008.86
40,3.51,44.65,43.46,41.24,1008.86
41,3.60,44.64,43.45,41.24,1008.86
42,3.69,44.63,43.44,41.24,1008.86
43,3.78,44.63,43.43,41.25,1008.86
44,3.87,44.62,43.42,41.26,1008.86
45,3.96,44.61,43.42,41.26,1008.86
46,4.05,44.60,43.42,41.26,1008.86
47,4.14,44.59,43.40,41.26,1008.86
48,4.23,44.58,43.39,41.25,1008.86
49,4.32,44.57,43.38,41.27,1008.86
50,4.41,44.56,43.37,41.26,1008.86
51,4.50,44.55,43.36,41.24,1008.86
52,4.59,44.54,43.35,41.27,1008.86
53,4.68,44.53,43.33,41.27,1008.86
54,4.77,44.52,43.33,41.27,1008.86
55,4.86,44.51,43.32,41.27,1008.86
56,4.95,44.50,43.31,41.28,1008.86
57,5.04,44.49,43.31,41.29,1008.86
58,5.13,44.47,43.30,41.30,1008.86
59,5.22,44.46,43.29,41.30,1008.86
60,5.31,44.45,43.28,41.30,1008.87
61,5.40,44.44,43.27,41.30,1008.87
62,5.49,44.43,43.26,41.30,1008.87
63,5.58,44.43,43.25,41.31,1008.87
64,5.67,44.41,43.25,41.31,1008.87
65,5.76,44.40,43.23,41.29,1008.87
66,5.85,44.39,43.22,41.31,1008.87
67,5.94,44.39,43.21,41.30,1008.88
68,6.03,44.38,43.20,41.32,1008.88
69,6.12,44.38,43.19,41.33,1008.88
70,6.21,44.37,43.19,41.32,1008.88
71,6.30,44.36,43.18,41.32,1008.88
72,6.39,44.35,43.17,41.32,1008.88
73,6.48,44.34,43.16,41.30,1008.88
74,6.57,44.33,43.15,41.30,1008.88
75,6.66,44.32,43.14,41.31,1008.88
76,6.75,44.31,43.14,41.31,1008.88
77,6.84,44.30,43.13,41.31,1008.88
78,6.93,44.29,43.12,41.30,1008.88
79,7.02,44.28,43.11,41.29,1008.88
80,7.11,44.27,43.10,41.30,1008.88
81,7.20,44.26,43.09,41.30,1008.88
82,7.29,44.26,43.09,41.29,1008.89
83,7.38,44.24,43.07,41.30,1008.88
84,7.47,44.23,43.07,41.29,1008.88
85,7.56,44.22,43.06,41.28,1008.88
86,7.65,44.21,43.05,41.29,1008.88
87,7.74,44.20,43.05,41.29,1008.88
88,7.83,44.20,43.05,41.30,1008.88
89,7.92,44.19,43.04,41.30,1008.88
90,8.01,44.18,43.03,41.31,1008.88
91,8.10,44.17,43.02,41.31,1008.88
92,8.19,44.16,43.01,41.30,1008.88
93,8.28,44.15,43.00,41.30,1008.88
94,8.37,44.14,42.99,41.28,1008.88
95,8.46,44.14,42.98,41.27,1008.88
96,8.55,44.13,42.97,41.27,1008.88
97,8.64,44.12,42.96,41.26,1008.88
98,8.73,44.12,42.95,41.26,1008.88
99,8.82,44.11,42.95,41.26,1008.88
100,8.91,44.10,42.93,41.27,1008.88
101,9.00,44.09,42.93,41.27,1008.88
102,9.09,44.08,42.93,41.26,1008.88
103,9.18,44.07,42.92,41.25,1008.88
104,9.27,44.06,42.91,41.25,1008.87
105,9.36,44.05,42.90,41.25,1008.88
106,9.45,44.04,42.90,41.24,1008.88
107,9.54,44.03,42.89,41.23,1008.84
108,9.63,44.03,42.88,41.23,1008.86
109,9.72,44.02,42.87,41.24,1008.88
110,9.81,44.01,42.87,41.24,1008.87
111,9.90,44.00,42.86,41.23,1008.87
112,9.99,44.00,42.86,41.23,1008.87
113,10.08,43.99,42.85,41.24,1008.88
114,10.17,43.97,42.84,41.25,1008.88
115,10.26,43.97,42.83,41.25,1008.88
116,10.35,43.96,42.82,41.26,1008.88
117,10.44,43.95,42.81,41.27,1008.88
118,10.53,43.94,42.80,41.27,1008.88
119,10.62,43.93,42.79,41.27,1008.88
120,10.71,43.93,42.78,41.26,1008.88
121,10.80,43.92,42.77,41.27,1008.88
122,10.89,43.91,42.77,41.27,1008.88
123,10.98,43.91,42.76,41.28,1008.88
124,11.07,43.90,42.76,41.27,1008.88
125,11.16,43.89,42.81,41.26,1008.88
126,11.25,43.88,42.74,41.26,1008.89
127,11.34,43.88,42.74,41.26,1008.89
128,11.43,43.87,42.73,41.26,1008.89
129,11.52,43.86,42.71,41.27,1008.89
130,11.61,43.85,42.70,41.29,1008.89
131,11.70,43.84,42.69,41.29,1008.89
132,11.79,43.83,42.67,41.27,1008.89
133,11.88,43.81,42.66,41.28,1008.89
134,11.97,43.81,42.65,41.28,1008.89
135,12.06,43.80,42.63,41.28,1008.89
136,12.15,43.79,42.63,41.29,1008.89
137,12.24,43.77,42.61,41.30,1008.89
138,12.33,43.77,42.61,41.30,1008.89
139,12.42,43.76,42.59,41.29,1008.89
140,12.51,43.75,42.58,41.30,1008.89
141,12.60,43.74,42.57,41.29,1008.89
142,12.69,43.73,42.57,41.29,1008.89
143,12.78,43.72,42.56,41.29,1008.88
144,12.87,43.71,42.55,41.29,1008.88
145,12.96,43.71,42.54,41.28,1008.88
146,13.05,43.70,42.54,41.28,1008.88
147,13.14,43.69,42.53,41.28,1008.88
148,13.23,43.69,42.53,41.27,1008.88
149,13.32,43.67,42.52,41.27,1008.88
150,13.41,43.67,42.52,41.27,1008.88
151,13.50,43.66,42.51,41.27,1008.88
152,13.59,43.65,42.49,41.29,1008.88
153,13.68,43.64,42.48,41.29,1008.88
154,13.77,43.63,42.48,41.29,1008.88
155,13.86,43.63,42.47,41.28,1008.88
156,13.95,43.62,42.46,41.28,1008.88
157,14.04,43.61,42.46,41.28,1008.88
158,14.13,43.61,42.45,41.29,1008.88
159,14.22,43.60,42.44,41.28,1008.88
160,14.31,43.60,42.44,41.28,1008.88
161,14.40,43.59,42.42,41.27,1008.87
162,14.49,43.58,42.41,41.28,1008.87
163,14.58,43.57,42.40,41.28,1008.87
164,14.67,43.56,42.39,41.28,1008.87
165,14.76,43.55,42.40,41.27,1008.87
166,14.85,43.54,42.39,41.26,1008.87
167,14.94,43.53,42.38,41.25,1008.87
168,15.03,43.52,42.37,41.26,1008.87
169,15.12,43.51,42.37,41.26,1008.87
170,15.21,43.51,42.35,41.26,1008.87
171,15.30,43.50,42.35,41.28,1008.87
172,15.39,43.50,42.34,41.27,1008.87
173,15.48,43.49,42.34,41.28,1008.87
174,15.57,43.48,42.34,41.27,1008.87
175,15.66,43.46,42.34,41.28,1008.88
176,15.75,43.45,42.33,41.29,1008.88
177,15.84,43.45,42.32,41.29,1008.88
178,15.93,43.44,42.31,41.29,1008.88
179,16.02,43.43,42.30,41.30,1008.88
180,16.11,43.42,42.29,41.31,1008.88
181,16.20,43.41,42.29,41.32,1008.88
182,16.29,43.40,42.28,41.33,1008.88
183,16.38,43.39,42.28,41.33,1008.88
184,16.47,43.38,42.27,41.33,1008.88
185,16.56,43.37,42.27,41.33,1008.88
186,16.65,43.37,42.26,41.35,1008.88
187,16.74,43.35,42.25,41.34,1008.88
188,16.83,43.35,42.24,41.34,1008.88
189,16.92,43.34,42.24,41.33,1008.88
190,17.01,43.34,42.23,41.31,1008.88
191,17.10,43.33,42.22,41.32,1008.88
192,17.19,43.32,42.21,41.31,1008.88
193,17.28,43.31,42.20,41.31,1008.88
194,17.37,43.30,42.19,41.32,1008.88
195,17.46,43.30,42.18,41.33,1008.88
196,17.55,43.29,42.18,41.33,1008.88
197,17.64,43.28,42.17,41.32,1008.88
198,17.73,43.27,42.15,41.32,1008.88
199,17.82,43.26,42.15,41.32,1008.88
200,17.91,43.25,42.14,41.32,1008.88
201,18.00,43.24,42.14,41.32,1008.88
202,18.09,43.24,42.13,41.32,1008.87
203,18.18,43.23,42.12,41.32,1008.88
204,18.27,43.22,42.12,41.30,1008.87
205,18.36,43.21,42.11,41.29,1008.87
206,18.45,43.20,42.10,41.29,1008.87
207,18.54,43.19,42.09,41.28,1008.87
208,18.63,43.18,42.07,41.30,1008.87
209,18.72,43.16,42.06,41.32,1008.86
210,18.81,43.16,42.06,41.31,1008.87
211,18.90,43.15,42.05,41.32,1008.87
212,18.99,43.14,42.05,41.33,1008.87
213,19.08,43.13,42.04,41.34,1008.87
214,19.17,43.12,42.02,41.35,1008.86
215,19.26,43.12,42.02,41.35,1008.86
216,19.35,43.11,42.01,41.36,1008.86
217,19.44,43.10,42.01,41.34,1008.86
218,19.53,43.10,42.00,41.34,1008.86
219,19.62,43.09,41.99,41.33,1008.86
220,19.71,43.08,41.97,41.34,1008.86
221,19.80,43.07,41.96,41.35,1008.86
222,19.89,43.06,41.96,41.36,1008.86
223,19.98,43.06,41.95,41.35,1008.86
224,20.07,43.05,41.94,41.35,1008.86
225,20.16,43.04,41.94,41.35,1008.86
226,20.25,43.03,41.94,41.34,1008.86
227,20.34,43.03,41.94,41.34,1008.86
228,20.43,43.02,41.93,41.34,1008.86
229,20.52,43.01,41.93,41.34,1008.86
230,20.61,43.00,41.92,41.37,1008.86
231,20.70,43.00,41.91,41.38,1008.86
232,20.79,42.99,41.90,41.38,1008.86
233,20.88,42.98,41.89,41.39,1008.86
234,20.97,42.98,41.87,41.38,1008.86
235,21.06,42.97,41.86,41.38,1008.86
236,21.15,42.96,41.85,41.37,1008.86
237,21.24,42.95,41.84,41.36,1008.86
238,21.33,42.94,41.84,41.37,1008.86
239,21.42,42.94,41.83,41.37,1008.86
240,21.51,42.93,41.82,41.37,1008.86
241,21.60,42.92,41.82,41.36,1008.86
242,21.69,42.91,41.81,41.36,1008.86
243,21.78,42.90,41.80,41.37,1008.86
244,21.87,42.90,41.79,41.36,1008.86
245,21.96,42.89,41.78,41.35,1008.86
246,22.05,42.88,41.77,41.35,1008.86
247,22.14,42.87,41.77,41.34,1008.86
248,22.23,42.86,41.76,41.35,1008.86
249,22.32,42.86,41.76,41.33,1008.86
250,22.41,42.86,41.75,41.33,1008.85
251,22.50,42.84,41.74,41.33,1008.85
252,22.59,42.83,41.74,41.33,1008.86
253,22.68,42.82,41.72,41.32,1008.86
254,22.77,42.82,41.72,41.33,1008.86
255,22.86,42.82,41.70,41.34,1008.85
256,22.95,42.81,41.70,41.33,1008.85
257,23.04,42.80,41.69,41.33,1008.85
258,23.13,42.79,41.68,41.34,1008.85
259,23.22,42.79,41.66,41.34,1008.85
260,23.31,42.78,41.66,41.35,1008.85
261,23.40,42.78,41.65,41.35,1008.85
262,23.49,42.77,41.65,41.34,1008.85
263,23.58,42.76,41.64,41.33,1008.85
264,23.67,42.75,41.64,41.34,1008.85
265,23.76,42.75,41.63,41.35,1008.85
266,23.85,42.74,41.62,41.34,1008.85
267,23.94,42.73,41.62,41.34,1008.85
268,24.03,42.72,41.61,41.33,1008.85
269,24.12,42.71,41.60,41.34,1008.85
270,24.21,42.70,41.59,41.34,1008.85
271,24.30,42.69,41.58,41.34,1008.84
272,24.39,42.68,41.57,41.34,1008.84
273,24.48,42.67,41.56,41.33,1008.84
274,24.57,42.67,41.55,41.33,1008.84
275,24.66,42.66,41.54,41.33,1008.84
276,24.75,42.65,41.53,41.34,1008.84
277,24.84,42.64,41.53,41.34,1008.84
278,24.93,42.62,41.53,41.32,1008.84
279,25.02,42.62,41.52,41.32,1008.84
280,25.11,42.61,41.51,41.32,1008.84
281,25.20,42.60,41.51,41.32,1008.84
282,25.29,42.58,41.51,41.32,1008.84
283,25.38,42.57,41.50,41.32,1008.84
284,25.47,42.56,41.49,41.31,1008.85
285,25.56,42.55,41.48,41.31,1008.85
286,25.65,42.54,41.47,41.31,1008.85
287,25.74,42.52,41.45,41.31,1008.85
288,25.83,42.51,41.45,41.30,1008.85
289,25.92,42.49,41.44,41.29,1008.85
290,26.01,42.48,41.43,41.30,1008.85
291,26.10,42.47,41.43,41.31,1008.85
292,26.19,42.46,41.42,41.31,1008.85
293,26.28,42.45,41.42,41.31,1008.85
294,26.37,42.44,41.41,41.29,1008.85
295,26.46,42.44,41.39,41.29,1008.85
296,26.55,42.42,41.38,41.29,1008.85
297,26.64,42.42,41.37,41.30,1008.85
298,26.73,42.41,41.36,41.28,1008.86
299,26.82,42.40,41.35,41.28,1008.85
300,26.91,42.40,41.34,41.27,1008.86
301,27.00,42.39,41.34,41.28,1008.85
302,27.09,42.38,41.33,41.27,1008.85
303,27.18,42.37,41.32,41.27,1008.85
304,27.27,42.37,41.31,41.27,1008.85
305,27.36,42.36,41.31,41.29,1008.85
306,27.45,42.36,41.30,41.28,1008.85
307,27.54,42.35,41.29,41.30,1008.85
308,27.63,42.35,41.29,41.29,1008.85
309,27.72,42.34,41.28,41.30,1008.85
310,27.81,42.33,41.27,41.31,1008.85
311,27.90,42.33,41.26,41.31,1008.85
312,27.99,42.32,41.26,41.31,1008.85
313,28.08,42.32,41.25,41.31,1008.85
314,28.17,42.31,41.24,41.29,1008.85
315,28.26,42.31,41.23,41.28,1008.85
316,28.35,42.30,41.23,41.28,1008.85
317,28.44,42.29,41.22,41.29,1008.85
318,28.53,42.29,41.21,41.30,1008.85
319,28.62,42.28,41.21,41.30,1008.85
320,28.71,42.27,41.20,41.30,1008.85
321,28.80,42.26,41.20,41.30,1008.85
322,28.89,42.25,41.19,41.29,1008.85
323,28.98,42.13,41.18,41.30,1008.85
324,29.07,42.24,41.17,41.31,1008.85
325,29.16,42.24,41.16,41.32,1008.85
326,29.25,42.24,41.15,41.30,1008.85
327,29.34,42.23,41.15,41.32,1008.85
328,29.43,42.22,41.15,41.31,1008.85
329,29.52,42.22,41.15,41.31,1008.85
330,29.61,42.21,41.15,41.32,1008.85
331,29.70,42.21,41.14,41.32,1008.86
332,29.79,42.20,41.13,41.30,1008.86
333,29.88,42.19,41.12,41.29,1008.86
334,29.97,42.18,41.11,41.29,1008.86
335,30.06,42.18,41.10,41.28,1008.86
336,30.15,42.18,41.09,41.29,1008.86
337,30.24,42.17,41.09,41.28,1008.86
338,30.33,42.16,41.08,41.27,1008.86
339,30.42,42.15,41.08,41.26,1008.86
340,30.51,42.15,41.07,41.27,1008.86
341,30.60,42.14,41.06,41.28,1008.86
342,30.69,42.13,41.05,41.29,1008.86
343,30.78,42.13,41.05,41.30,1008.86
344,30.87,42.12,41.04,41.31,1008.87
345,30.96,42.12,41.03,41.31,1008.87
346,31.05,42.11,41.02,41.30,1008.87
347,31.14,42.11,41.02,41.30,1008.87
348,31.23,42.10,41.02,41.29,1008.87
349,31.32,42.09,41.01,41.30,1008.87
350,31.41,42.09,41.01,41.30,1008.87
351,31.50,42.08,41.00,41.30,1008.87
352,31.59,42.08,40.98,41.17,1008.87
353,31.68,42.08,40.98,41.25,1008.87
354,31.77,42.07,40.97,41.30,1008.87
355,31.86,42.07,40.97,41.11,1008.87
356,31.95,42.07,40.96,41.23,1008.87
357,32.04,42.06,40.95,41.32,1008.87
358,32.13,42.05,40.94,41.31,1008.87
359,32.22,42.05,40.93,41.30,1008.88
360,32.31,42.03,40.92,41.30,1008.88
361,32.40,42.02,40.92,41.28,1008.87
362,32.49,42.02,40.91,41.28,1008.87
363,32.58,42.01,40.91,41.29,1008.87
364,32.67,42.00,40.90,41.29,1008.87
365,32.76,41.99,40.89,41.29,1008.87
366,32.85,41.98,40.89,41.29,1008.87
367,32.94,41.97,40.88,41.29,1008.87
368,33.03,41.96,40.87,41.28,1008.87
369,33.12,41.96,40.86,41.28,1008.87
370,33.21,41.94,40.85,41.29,1008.87
371,33.30,41.94,40.83,41.29,1008.87
372,33.39,41.93,40.83,41.28,1008.87
373,33.48,41.92,40.83,41.28,1008.87
374,33.57,41.92,40.82,41.29,1008.87
375,33.66,41.91,40.81,41.30,1008.87
376,33.75,41.89,40.80,41.28,1008.87
377,33.84,41.88,40.79,41.28,1008.87
378,33.93,41.87,40.78,41.28,1008.87
379,34.02,41.87,40.78,41.30,1008.87
380,34.11,41.86,40.76,41.30,1008.87
381,34.20,41.86,40.75,41.31,1008.87
382,34.29,41.85,40.73,41.31,1008.87
383,34.38,41.84,40.73,41.32,1008.87
384,34.47,41.83,40.72,41.32,1008.87
385,34.56,41.82,40.71,41.32,1008.87
386,34.65,41.81,40.71,41.31,1008.87
387,34.74,41.80,40.69,41.32,1008.87
388,34.83,41.80,40.69,41.32,1008.87
389,34.92,41.79,40.68,41.32,1008.87
390,35.01,41.78,40.67,41.33,1008.87
391,35.10,41.77,40.66,41.33,1008.88
392,35.19,41.76,40.66,41.34,1008.88
393,35.28,41.75,40.65,41.34,1008.88
394,35.37,41.74,40.65,41.33,1008.88
395,35.46,41.73,40.64,41.33,1008.88
396,35.55,41.72,40.64,41.34,1008.88
397,35.64,41.72,40.63,41.34,1008.88
398,35.73,41.71,40.63,41.33,1008.88
399,35.82,41.70,40.62,41.33,1008.88
400,35.91,41.68,40.62,41.33,1008.88
401,36.00,41.68,40.61,41.33,1008.88
402,36.09,41.67,40.60,41.34,1008.88
403,36.18,41.66,40.59,41.34,1008.88
404,36.27,41.65,40.59,41.33,1008.88
405,36.36,41.64,40.58,41.32,1008.88
406,36.45,41.64,40.57,41.34,1008.88
407,36.54,41.63,40.56,41.34,1008.88
408,36.63,41.62,40.55,41.34,1008.88
409,36.72,41.62,40.54,41.34,1008.88
410,36.81,41.61,40.54,41.34,1008.88
411,36.90,41.61,40.53,41.33,1008.88
412,36.99,41.60,40.52,41.32,1008.88
413,37.08,41.59,40.53,41.32,1008.88
414,37.17,41.58,40.52,41.32,1008.89
415,37.26,41.58,40.52,41.32,1008.88
416,37.35,41.57,40.51,41.32,1008.89
417,37.44,41.57,40.51,41.31,1008.88
418,37.53,41.56,40.50,41.32,1008.88
419,37.62,41.55,40.50,41.32,1008.88
420,37.71,41.54,40.50,41.31,1008.88
421,37.80,41.53,40.50,41.32,1008.88
422,37.89,41.52,40.48,41.32,1008.88
423,37.98,41.51,40.47,41.32,1008.88
424,38.07,41.51,40.47,41.32,1008.88
425,38.16,41.51,40.46,41.32,1008.88
426,38.25,41.50,40.45,41.31,1008.88
427,38.34,41.50,40.44,41.32,1008.88
428,38.43,41.49,40.44,41.33,1008.88
429,38.52,41.48,40.42,41.32,1008.88
430,38.61,41.47,40.42,41.32,1008.88
431,38.70,41.46,40.40,41.31,1008.88
432,38.79,41.45,40.40,41.32,1008.87
433,38.88,41.45,40.39,41.30,1008.87
434,38.97,41.44,40.39,41.31,1008.88
435,39.06,41.44,40.39,41.30,1008.87
436,39.15,41.43,40.38,41.31,1008.88
437,39.24,41.43,40.38,41.30,1008.88
438,39.33,41.42,40.37,41.30,1008.88
439,39.42,41.41,40.37,41.32,1008.88
440,39.51,41.40,40.35,41.31,1008.88
441,39.60,41.39,40.35,41.31,1008.88
442,39.69,41.38,40.34,41.31,1008.88
443,39.78,41.37,40.33,41.30,1008.88
444,39.87,41.36,40.33,41.30,1008.88
445,39.96,41.36,40.32,41.27,1008.88
446,40.05,41.35,40.32,41.28,1008.88
447,40.14,41.34,40.30,41.29,1008.88
448,40.23,41.33,40.30,41.30,1008.88
449,40.32,41.33,40.29,41.30,1008.88
450,40.41,41.32,40.29,41.28,1008.88
451,40.50,41.30,40.28,41.28,1008.88
452,40.59,41.29,40.27,41.27,1008.88
453,40.68,41.28,40.26,41.27,1008.88
454,40.77,41.27,40.26,41.28,1008.88
455,40.86,41.27,40.25,41.29,1008.88
456,40.95,41.26,40.24,41.26,1008.88
457,41.04,41.25,40.24,41.28,1008.88
458,41.13,41.25,40.23,41.29,1008.88
459,41.22,41.24,40.22,41.27,1008.88
460,41.31,41.23,40.22,41.26,1008.88
461,41.40,41.22,40.22,41.26,1008.88
462,41.49,41.22,40.21,41.25,1008.88
463,41.58,41.21,40.20,41.25,1008.87
464,41.67,41.20,40.19,41.26,1008.87
465,41.76,41.19,40.19,41.27,1008.88
466,41.85,41.19,40.18,41.28,1008.88
467,41.94,41.18,40.17,41.29,1008.88
468,42.03,41.17,40.17,41.29,1008.88
469,42.12,41.16,40.17,41.29,1008.88
470,42.21,41.16,40.17,41.29,1008.88
471,42.30,41.15,40.16,41.30,1008.88
472,42.39,41.14,40.15,41.31,1008.88
473,42.48,41.14,40.14,41.31,1008.88
474,42.57,41.13,40.14,41.29,1008.88
475,42.66,41.12,40.13,41.28,1008.88
476,42.75,41.11,40.12,41.29,1008.88
477,42.84,41.11,40.11,41.29,1008.88
478,42.93,41.10,40.11,41.30,1008.88
479,43.02,41.10,40.10,41.30,1008.88
480,43.11,41.09,40.09,41.30,1008.88
481,43.20,41.08,40.08,41.29,1008.88
482,43.29,41.08,40.07,41.28,1008.88
483,43.38,41.08,40.06,41.28,1008.88
484,43.47,41.06,40.05,41.29,1008.88
485,43.56,41.06,40.05,41.30,1008.88
486,43.65,41.05,40.05,41.29,1008.88
487,43.74,41.04,40.05,41.28,1008.88
488,43.83,41.03,40.04,41.28,1008.88
489,43.92,41.02,40.04,41.27,1008.88
490,44.01,41.02,40.04,41.27,1008.88
491,44.10,41.00,40.04,41.27,1008.88
492,44.19,40.99,40.04,41.28,1008.88
493,44.28,40.98,40.03,41.28,1008.88
494,44.37,40.98,40.03,41.29,1008.88
495,44.46,40.96,40.04,41.30,1008.88
496,44.55,40.96,40.04,41.31,1008.88
497,44.64,40.95,40.03,41.30,1008.88
498,44.73,40.94,40.02,41.30,1008.87
499,44.82,40.94,40.02,41.29,1008.87
500,44.91,40.93,40.01,41.30,1008.87
501,45.00,40.92,40.01,41.29,1008.87
502,45.09,40.92,39.99,41.29,1008.87
503,45.18,40.91,39.98,41.30,1008.87
504,45.27,40.91,39.97,41.28,1008.87
505,45.36,40.90,39.95,41.28,1008.86
506,45.45,40.89,39.94,41.27,1008.86
507,45.54,40.88,39.93,41.27,1008.86
508,45.63,40.88,39.91,41.29,1008.86
509,45.72,40.87,39.90,41.28,1008.86
510,45.81,40.86,39.89,41.28,1008.86
511,45.90,40.85,39.88,41.27,1008.86
512,45.99,40.85,39.87,41.29,1008.86
513,46.08,40.84,39.86,41.30,1008.86
514,46.17,40.83,39.85,41.30,1008.86
515,46.26,40.82,39.84,41.29,1008.86
516,46.35,40.82,39.83,41.30,1008.86
517,46.44,40.81,39.82,41.30,1008.86
518,46.53,40.81,39.81,41.29,1008.86
519,46.62,40.80,39.80,41.28,1008.86
520,46.71,40.80,39.79,41.29,1008.86
521,46.80,40.80,39.79,41.29,1008.85
522,46.89,40.80,39.78,41.30,1008.86
523,46.98,40.79,39.77,41.30,1008.86
524,47.07,40.78,39.76,41.30,1008.86
525,47.16,40.77,39.75,41.30,1008.86
526,47.25,40.76,39.75,41.32,1008.86
527,47.34,40.76,39.74,41.33,1008.85
528,47.43,40.75,39.74,41.32,1008.85
529,47.52,40.75,39.73,41.32,1008.85
530,47.61,40.74,39.72,41.31,1008.86
531,47.70,40.73,39.71,41.31,1008.86
532,47.79,40.72,39.71,41.32,1008.86
533,47.88,40.72,39.70,41.31,1008.86
534,47.97,40.72,39.70,41.32,1008.86
535,48.06,40.71,39.70,41.32,1008.86
536,48.15,40.71,39.69,41.32,1008.86
537,48.24,40.70,39.69,41.31,1008.86
538,48.33,40.70,39.68,41.30,1008.86
539,48.42,40.69,39.68,41.30,1008.86
540,48.51,40.68,39.68,41.32,1008.86
541,48.60,40.68,39.68,41.31,1008.86
542,48.69,40.67,39.67,41.29,1008.87
543,48.78,40.67,39.66,41.30,1008.87
544,48.87,40.66,39.66,41.29,1008.87
545,48.96,40.65,39.65,41.29,1008.87
546,49.05,40.64,39.64,41.29,1008.87
547,49.14,40.64,39.63,41.29,1008.87
548,49.23,40.63,39.61,41.29,1008.87
549,49.32,40.63,39.60,41.29,1008.87
550,49.41,40.63,39.60,41.30,1008.87
551,49.50,40.62,39.60,41.31,1008.87
552,49.59,40.61,39.59,41.31,1008.87
553,49.68,40.60,39.59,41.32,1008.87
554,49.77,40.59,39.59,41.31,1008.87
555,49.86,40.59,39.58,41.32,1008.87
556,49.95,40.58,39.58,41.33,1008.87
557,50.04,40.57,39.58,41.33,1008.87
558,50.13,40.56,39.57,41.33,1008.87
559,50.22,40.54,39.57,41.33,1008.87
560,50.31,40.54,39.56,41.32,1008.87
561,50.40,40.53,39.56,41.31,1008.87
562,50.49,40.52,39.55,41.32,1008.87
563,50.58,40.51,39.54,41.32,1008.87
564,50.67,40.51,39.53,41.32,1008.86
565,50.76,40.50,39.52,41.30,1008.86
566,50.85,40.49,39.51,41.31,1008.86
567,50.94,40.49,39.51,41.31,1008.86
568,51.03,40.48,39.50,41.30,1008.86
569,51.12,40.47,39.50,41.32,1008.86
570,51.21,40.47,39.49,41.29,1008.86
571,51.30,40.47,39.48,41.30,1008.85
572,51.39,40.46,39.48,41.31,1008.86
573,51.48,40.45,39.48,41.30,1008.85
574,51.57,40.44,39.47,41.32,1008.85
575,51.66,40.44,39.46,41.31,1008.85
576,51.75,40.43,39.46,41.30,1008.85
577,51.84,40.42,39.45,41.29,1008.85
578,51.93,40.41,39.44,41.28,1008.85
579,52.02,40.41,39.43,41.28,1008.85
580,52.11,40.40,39.42,41.29,1008.85
581,52.20,40.39,39.41,41.28,1008.85
582,52.29,40.39,39.41,41.28,1008.85
583,52.38,40.37,39.40,41.29,1008.85
584,52.47,40.37,39.39,41.30,1008.85
585,52.56,40.36,39.38,41.30,1008.85
586,52.65,40.36,39.37,41.31,1008.86
587,52.74,40.35,39.36,41.31,1008.86
588,52.83,40.35,39.36,41.30,1008.86
589,52.92,40.34,39.36,41.30,1008.86
590,53.01,40.33,39.36,41.30,1008.86
591,53.10,40.32,39.35,41.29,1008.86
592,53.19,40.31,39.34,41.31,1008.86
593,53.28,40.30,39.32,41.31,1008.86
594,53.37,40.29,39.32,41.31,1008.86
595,53.46,40.27,39.31,41.32,1008.86
596,53.55,40.26,39.31,41.33,1008.86
597,53.64,40.25,39.29,41.33,1008.87
598,53.73,40.23,39.28,41.35,1008.87
599,53.82,40.26,39.28,41.36,1008.87
600,53.91,40.21,39.27,41.35,1008.87
601,54.00,40.20,39.25,41.35,1008.87
602,54.09,40.20,39.24,41.35,1008.87
603,54.18,40.20,39.24,41.35,1008.87
604,54.27,40.20,39.23,41.35,1008.87
605,54.36,40.20,39.23,41.35,1008.87
606,54.45,40.20,39.22,41.34,1008.87
607,54.54,40.20,39.21,41.33,1008.87
608,54.63,40.20,39.21,41.31,1008.87
609,54.72,40.20,39.20,41.33,1008.87
610,54.81,40.19,39.20,41.32,1008.87
611,54.90,40.19,39.20,41.31,1008.87
612,54.99,40.18,39.19,41.31,1008.87
613,55.08,40.17,39.19,41.31,1008.87
614,55.17,40.17,39.19,41.31,1008.87
615,55.26,40.16,39.18,41.31,1008.87
616,55.35,40.15,39.17,41.32,1008.87
617,55.44,40.14,39.17,41.32,1008.87
618,55.53,40.13,39.16,41.34,1008.87
619,55.62,40.12,39.15,41.34,1008.87
620,55.71,40.11,39.16,41.34,1008.87
621,55.80,40.11,39.15,41.33,1008.87
622,55.89,40.10,39.15,41.33,1008.86
623,55.98,40.10,39.14,41.34,1008.86
624,56.07,40.09,39.13,41.35,1008.86
625,56.16,40.08,39.12,41.37,1008.86
626,56.25,40.08,39.12,41.38,1008.86
627,56.34,40.07,39.12,41.36,1008.86
628,56.43,40.06,39.11,41.37,1008.86
629,56.52,40.06,39.11,41.38,1008.86
630,56.61,40.05,39.10,41.37,1008.86
631,56.70,40.04,39.04,41.37,1008.86
632,56.79,40.03,39.06,41.38,1008.86
633,56.88,40.03,39.08,41.39,1008.86
634,56.97,40.02,39.07,41.39,1008.86
635,57.06,40.01,39.06,41.40,1008.85
636,57.15,40.00,39.06,41.41,1008.85
637,57.24,40.00,39.06,41.42,1008.85
638,57.33,39.99,39.05,41.43,1008.85
639,57.42,39.98,39.04,41.43,1008.85
640,57.51,39.97,39.02,41.43,1008.85
641,57.60,39.97,39.01,41.42,1008.85
642,57.69,39.96,39.01,41.42,1008.85
643,57.78,39.95,39.01,41.42,1008.85
644,57.87,39.95,39.00,41.42,1008.86
645,57.96,39.94,39.00,41.41,1008.86
646,58.05,39.93,39.00,41.41,1008.86
647,58.14,39.93,38.99,41.40,1008.86
648,58.23,39.92,38.98,41.42,1008.86
649,58.32,39.92,38.97,41.40,1008.86
650,58.41,39.92,38.97,41.40,1008.86
651,58.50,39.91,38.96,41.39,1008.87
652,58.59,39.91,38.96,41.40,1008.86
653,58.68,39.90,38.95,41.40,1008.86
654,58.77,39.90,38.95,41.40,1008.87
655,58.86,39.89,38.94,41.40,1008.87
656,58.95,39.88,38.93,41.40,1008.87
657,59.04,39.88,38.93,41.40,1008.87
658,59.13,39.88,38.92,41.40,1008.87
659,59.22,39.88,38.92,41.40,1008.87
660,59.31,39.87,38.92,41.40,1008.87
661,59.40,39.87,38.91,41.41,1008.87
662,59.49,39.86,38.90,41.42,1008.87
663,59.58,39.85,38.89,41.44,1008.87
664,59.67,39.85,38.89,41.44,1008.87
665,59.76,39.84,38.88,41.45,1008.87
666,59.85,39.84,38.88,41.44,1008.87
667,59.94,39.83,38.88,41.43,1008.87
668,60.03,39.83,38.87,41.44,1008.87
669,60.12,39.83,38.86,41.45,1008.87
670,60.21,39.82,38.85,41.45,1008.87
671,60.30,39.81,38.84,41.44,1008.87
672,60.39,39.81,38.78,41.44,1008.87
673,60.48,39.81,38.81,41.44,1008.87
674,60.57,39.80,38.83,41.44,1008.87
675,60.66,39.79,38.82,41.44,1008.86
676,60.75,39.79,38.81,41.44,1008.86
677,60.84,39.79,38.81,41.44,1008.86
678,60.93,39.78,38.80,41.44,1008.86
679,61.02,39.78,38.80,41.43,1008.86
680,61.11,39.77,38.80,41.44,1008.86
681,61.20,39.76,38.80,41.45,1008.86
682,61.29,39.75,38.79,41.44,1008.86
683,61.38,39.74,38.79,41.45,1008.87
684,61.47,39.74,38.78,41.44,1008.87
685,61.56,39.73,38.77,41.44,1008.87
686,61.65,39.72,38.76,41.42,1008.87
687,61.74,39.71,38.75,41.43,1008.87
688,61.83,39.71,38.74,41.44,1008.87
689,61.92,39.71,38.73,41.44,1008.87
690,62.01,39.70,38.73,41.44,1008.87
691,62.10,39.70,38.73,41.42,1008.87
692,62.19,39.69,38.72,41.42,1008.87
693,62.28,39.68,38.72,41.42,1008.87
694,62.37,39.68,38.71,41.42,1008.87
695,62.46,39.67,38.71,41.42,1008.87
696,62.55,39.67,38.70,41.41,1008.87
697,62.64,39.66,38.69,41.42,1008.87
698,62.73,39.65,38.69,41.44,1008.88
699,62.82,39.65,38.68,41.43,1008.87
700,62.91,39.64,38.67,41.43,1008.87
701,63.00,39.63,38.66,41.43,1008.87
702,63.09,39.62,38.65,41.45,1008.87
703,63.18,39.62,38.65,41.45,1008.87
704,63.27,39.61,38.65,41.46,1008.87
705,63.36,39.60,38.64,41.44,1008.87
706,63.45,39.60,38.63,41.44,1008.87
707,63.54,39.59,38.63,41.43,1008.87
708,63.63,39.49,38.63,41.44,1008.87
709,63.72,39.58,38.62,41.44,1008.87
710,63.81,39.55,38.61,41.43,1008.86
711,63.90,39.56,38.61,41.43,1008.87
712,63.99,39.55,38.60,41.43,1008.86
713,64.08,39.55,38.59,41.42,1008.87
714,64.17,39.54,38.59,41.43,1008.87
715,64.26,39.53,38.58,41.44,1008.87
716,64.35,39.52,38.58,41.45,1008.87
717,64.44,39.52,38.58,41.45,1008.87
718,64.53,39.51,38.57,41.44,1008.87
719,64.62,39.50,38.57,41.44,1008.87
720,64.71,39.50,38.55,41.43,1008.87
721,64.80,39.49,38.54,41.44,1008.87
722,64.89,39.48,38.54,41.44,1008.87
723,64.98,39.48,38.53,41.46,1008.87
724,65.07,39.47,38.52,41.45,1008.87
725,65.16,39.47,38.51,41.45,1008.87
726,65.25,39.46,38.50,41.43,1008.87
727,65.34,39.45,38.49,41.44,1008.87
728,65.43,39.44,38.48,41.44,1008.87
729,65.52,39.44,38.48,41.44,1008.87
730,65.61,39.43,38.47,41.44,1008.87
731,65.70,39.42,38.47,41.44,1008.87
732,65.79,39.41,38.47,41.44,1008.87
733,65.88,39.41,38.45,41.45,1008.87
734,65.97,39.41,38.45,41.45,1008.87
735,66.06,39.40,38.45,41.45,1008.87
736,66.15,39.39,38.44,41.44,1008.86
737,66.24,39.39,38.44,41.43,1008.87
738,66.33,39.37,38.43,41.42,1008.87
739,66.42,39.37,38.42,41.42,1008.87
740,66.51,39.36,38.42,41.42,1008.87
741,66.60,39.35,38.42,41.43,1008.87
742,66.69,39.34,38.41,41.43,1008.87
743,66.78,39.33,38.40,41.43,1008.87
744,66.87,39.33,38.40,41.44,1008.87
745,66.96,39.32,38.39,41.45,1008.87
746,67.05,39.32,38.39,41.45,1008.87
747,67.14,39.30,38.38,41.44,1008.87
748,67.23,39.30,38.38,41.45,1008.87
749,67.32,39.29,38.37,41.45,1008.87
750,67.41,39.29,38.37,41.45,1008.88
751,67.50,39.29,38.36,41.45,1008.88
752,67.59,39.28,38.35,41.47,1008.88
753,67.68,39.27,38.35,41.45,1008.88
754,67.77,39.27,38.35,41.45,1008.88
755,67.86,39.26,38.34,41.45,1008.88
756,67.95,39.25,38.33,41.45,1008.88
757,68.04,39.25,38.33,41.46,1008.88
758,68.13,39.24,38.32,41.46,1008.88
759,68.22,39.23,38.32,41.45,1008.87
760,68.31,39.23,38.32,41.44,1008.87
761,68.40,39.22,38.31,41.44,1008.87
762,68.49,39.21,38.31,41.46,1008.87
763,68.58,39.21,38.31,41.49,1008.87
764,68.67,39.21,38.30,41.49,1008.87
765,68.76,39.20,38.29,41.50,1008.87
766,68.85,39.19,38.29,41.49,1008.87
767,68.94,39.18,38.28,41.51,1008.87
768,69.03,39.17,38.28,41.52,1008.87
769,69.12,39.17,38.27,41.51,1008.87
770,69.21,39.16,38.26,41.49,1008.87
771,69.30,39.16,38.25,41.49,1008.87
772,69.39,39.15,38.25,41.50,1008.87
773,69.48,39.15,38.26,41.49,1008.87
774,69.57,39.15,38.25,41.48,1008.87
775,69.66,39.14,38.23,41.48,1008.87
776,69.75,39.14,38.22,41.49,1008.87
777,69.84,39.14,38.22,41.48,1008.87
778,69.93,39.13,38.21,41.47,1008.87
779,70.02,39.13,38.20,41.46,1008.87
780,70.11,39.12,38.20,41.45,1008.86
781,70.20,39.12,38.19,41.45,1008.86
782,70.29,39.11,38.19,41.45,1008.86
783,70.38,39.11,38.19,41.45,1008.86
784,70.47,39.10,38.17,41.45,1008.86
785,70.56,39.10,38.17,41.46,1008.86
786,70.65,39.09,38.16,41.47,1008.86
787,70.74,39.08,38.15,41.45,1008.86
788,70.83,39.08,38.15,41.45,1008.87
789,70.92,39.07,38.14,41.46,1008.86
790,71.01,39.07,38.13,41.47,1008.87
791,71.10,39.07,38.12,41.47,1008.86
792,71.19,39.06,38.11,41.47,1008.86
793,71.28,39.05,38.10,41.46,1008.86
794,71.37,39.04,38.10,41.44,1008.86
795,71.46,39.04,38.09,41.46,1008.87
796,71.55,39.03,38.09,41.47,1008.87
797,71.64,39.02,38.09,41.47,1008.87
798,71.73,39.01,38.08,41.46,1008.87
799,71.82,39.01,38.07,41.46,1008.87
800,71.91,39.00,38.07,41.46,1008.87
801,72.00,39.00,38.07,41.47,1008.87
802,72.09,38.99,38.06,41.47,1008.87
803,72.18,38.98,38.05,41.48,1008.87
804,72.27,38.97,38.05,41.48,1008.87
805,72.36,38.97,38.04,41.48,1008.87
806,72.45,38.96,38.03,41.47,1008.87
807,72.54,38.95,38.02,41.47,1008.87
808,72.63,38.95,38.01,41.48,1008.87
809,72.72,38.94,38.01,41.48,1008.88
810,72.81,38.94,38.02,41.50,1008.88
811,72.90,38.93,38.01,41.50,1008.88
812,72.99,38.92,38.01,41.51,1008.88
813,73.08,38.92,37.99,41.52,1008.88
814,73.17,38.92,37.99,41.53,1008.88
815,73.26,38.91,37.98,41.51,1008.88
816,73.35,38.91,37.98,41.52,1008.88
817,73.44,38.90,37.97,41.51,1008.88
818,73.53,38.89,37.97,41.49,1008.88
819,73.62,38.88,37.96,41.48,1008.88
820,73.71,38.88,37.95,41.44,1008.88
821,73.80,38.88,37.94,41.43,1008.88
822,73.89,38.87,37.94,41.42,1008.88
823,73.98,38.87,37.94,41.44,1008.88
824,74.07,38.86,37.93,41.44,1008.88
825,74.16,38.85,37.93,41.43,1008.88
826,74.25,38.85,37.92,41.45,1008.87
827,74.34,38.84,37.91,41.45,1008.87
828,74.43,38.84,37.91,41.45,1008.87
829,74.52,38.82,37.91,41.46,1008.87
830,74.61,38.83,37.91,41.47,1008.87
831,74.70,38.82,37.91,41.46,1008.87
832,74.79,38.81,37.90,41.47,1008.87
833,74.88,38.81,37.90,41.47,1008.87
834,74.97,38.80,37.89,41.47,1008.87
835,75.06,38.80,37.89,41.48,1008.87
836,75.15,38.79,37.89,41.48,1008.87
837,75.24,38.78,37.88,41.49,1008.87
838,75.33,38.78,37.88,41.48,1008.87
839,75.42,38.77,37.87,41.47,1008.87
840,75.51,38.77,37.86,41.48,1008.87
841,75.60,38.76,37.86,41.46,1008.87
842,75.69,38.76,37.76,41.46,1008.87
843,75.78,38.74,37.80,41.46,1008.87
844,75.87,38.73,37.83,41.47,1008.87
845,75.96,38.73,37.83,41.47,1008.87
846,76.05,38.73,37.82,41.47,1008.87
847,76.14,38.72,37.82,41.45,1008.87
848,76.23,38.72,37.81,41.45,1008.87
849,76.32,38.71,37.81,41.45,1008.87
850,76.41,38.70,37.80,41.45,1008.87
851,76.50,38.70,37.80,41.46,1008.87
852,76.59,38.70,37.80,41.46,1008.87
853,76.68,38.70,37.79,41.46,1008.87
854,76.77,38.68,37.78,41.45,1008.87
855,76.86,38.68,37.78,41.44,1008.87
856,76.95,38.67,37.78,41.45,1008.87
857,77.04,38.67,37.77,41.47,1008.87
858,77.13,38.67,37.77,41.45,1008.87
859,77.22,38.66,37.76,41.46,1008.87
860,77.31,38.66,37.75,41.49,1008.87
861,77.40,38.65,37.75,41.51,1008.87
862,77.49,38.64,37.74,41.50,1008.89
863,77.58,38.64,37.74,41.49,1008.87
864,77.67,38.63,37.73,41.50,1008.87
865,77.76,38.63,37.72,41.48,1008.87
866,77.85,38.62,37.71,41.48,1008.87
867,77.94,38.61,37.71,41.50,1008.87
868,78.03,38.61,37.70,41.50,1008.87
869,78.12,38.60,37.70,41.50,1008.87
870,78.21,38.60,37.69,41.50,1008.87
871,78.30,38.59,37.68,41.50,1008.87
872,78.39,38.69,37.68,41.50,1008.87
873,78.48,38.62,37.67,41.49,1008.87
874,78.57,38.59,37.66,41.49,1008.87
875,78.66,38.56,37.66,41.48,1008.87
876,78.75,38.56,37.67,41.49,1008.87
877,78.84,38.55,37.66,41.48,1008.87
878,78.93,38.54,37.65,41.48,1008.87
879,79.02,38.54,37.64,41.46,1008.87
880,79.11,38.54,37.64,41.46,1008.87
881,79.20,38.54,37.64,41.44,1008.87
882,79.29,38.53,37.63,41.45,1008.87
883,79.38,38.53,37.62,41.43,1008.87
884,79.47,38.53,37.61,41.43,1008.87
885,79.56,38.52,37.60,41.43,1008.87
886,79.65,38.51,37.60,41.43,1008.87
887,79.74,38.50,37.60,41.45,1008.87
888,79.83,38.50,37.59,41.44,1008.87
889,79.92,38.49,37.58,41.44,1008.87
890,80.01,38.49,37.58,41.43,1008.87
891,80.10,38.48,37.57,41.44,1008.86
892,80.19,38.48,37.56,41.43,1008.87
893,80.28,38.47,37.56,41.44,1008.87
894,80.37,38.46,37.55,41.45,1008.87
895,80.46,38.45,37.54,41.44,1008.87
896,80.55,38.45,37.54,41.44,1008.87
897,80.64,38.44,37.53,41.45,1008.87
898,80.73,38.44,37.53,41.44,1008.87
899,80.82,38.43,37.52,41.44,1008.87
900,80.91,38.42,37.51,41.42,1008.87
901,81.00,38.42,37.50,41.40,1008.87
902,81.09,38.42,37.50,41.40,1008.87
903,81.18,38.42,37.49,41.41,1008.87
904,81.27,38.41,37.48,41.41,1008.86
905,81.36,38.41,37.47,41.42,1008.86
906,81.45,38.40,37.47,41.43,1008.86
907,81.54,38.39,37.47,41.44,1008.86
908,81.63,38.39,37.47,41.46,1008.86
909,81.72,38.38,37.47,41.46,1008.86
910,81.81,38.37,37.46,41.47,1008.86
911,81.90,38.37,37.45,41.47,1008.86
912,81.99,38.36,37.45,41.47,1008.86
913,82.08,38.36,37.45,41.47,1008.85
914,82.17,38.35,37.45,41.48,1008.85
915,82.26,38.35,37.44,41.49,1008.85
916,82.35,38.35,37.44,41.50,1008.85
917,82.44,38.34,37.43,41.49,1008.85
918,82.53,38.34,37.42,41.50,1008.85
919,82.62,38.33,37.42,41.51,1008.85
920,82.71,38.32,37.41,41.52,1008.85
921,82.80,38.32,37.41,41.52,1008.85
922,82.89,38.32,37.41,41.54,1008.85
923,82.98,38.32,37.41,41.55,1008.85
924,83.07,38.31,37.40,41.56,1008.85
925,83.16,38.30,37.39,41.56,1008.85
926,83.25,38.30,37.39,41.58,1008.86
927,83.34,38.29,37.38,41.59,1008.86
928,83.43,38.28,37.38,41.60,1008.85
929,83.52,38.28,37.37,41.60,1008.85
930,83.61,38.26,37.37,41.60,1008.85
931,83.70,38.25,37.36,41.59,1008.86
932,83.79,38.24,37.35,41.60,1008.86
933,83.88,38.24,37.34,41.59,1008.86
934,83.97,38.23,37.34,41.58,1008.85
935,84.06,38.23,37.33,41.59,1008.85
936,84.15,38.22,37.32,41.58,1008.85
937,84.24,38.22,37.32,41.59,1008.85
938,84.33,38.21,37.31,41.59,1008.86
939,84.42,38.21,37.30,41.59,1008.86
940,84.51,38.21,37.29,41.60,1008.86
941,84.60,38.20,37.28,41.59,1008.86
942,84.69,38.19,37.26,41.58,1008.86
943,84.78,38.19,37.26,41.58,1008.86
944,84.87,38.18,37.25,41.57,1008.86
945,84.96,38.18,37.24,41.57,1008.86
946,85.05,38.17,37.23,41.56,1008.86
947,85.14,38.16,37.22,41.58,1008.86
948,85.23,38.16,37.21,41.60,1008.86
949,85.32,38.16,37.30,41.59,1008.86
950,85.41,38.15,37.23,41.60,1008.86
951,85.50,38.14,37.19,41.61,1008.86
952,85.59,38.13,37.19,41.61,1008.86
953,85.68,38.13,37.19,41.60,1008.86
954,85.77,38.12,37.18,41.59,1008.86
955,85.86,38.12,37.17,41.59,1008.86
956,85.95,38.11,37.18,41.61,1008.86
957,86.04,38.10,37.18,41.61,1008.86
958,86.13,38.10,37.18,41.61,1008.86
959,86.22,38.09,37.18,41.61,1008.87
960,86.31,38.09,37.17,41.61,1008.87
961,86.40,38.09,37.17,41.62,1008.87
962,86.49,38.08,37.16,41.61,1008.87
963,86.58,38.07,37.16,41.60,1008.86
964,86.67,38.07,37.16,41.60,1008.87
965,86.76,38.06,37.16,41.60,1008.87
966,86.85,38.05,37.16,41.59,1008.87
967,86.94,38.04,37.17,41.58,1008.86
968,87.03,38.03,37.16,41.60,1008.87
969,87.12,38.03,37.15,41.60,1008.87
970,87.21,38.02,37.14,41.59,1008.86
971,87.30,38.02,37.14,41.59,1008.86
972,87.39,38.02,37.14,41.59,1008.86
973,87.48,38.01,37.13,41.59,1008.86
974,87.57,38.00,37.14,41.57,1008.86
975,87.66,38.00,37.12,41.58,1008.86
976,87.75,37.99,37.12,41.57,1008.85
977,87.84,37.98,37.11,41.59,1008.85
978,87.93,37.98,37.11,41.58,1008.85
979,88.02,37.97,37.10,41.59,1008.85
980,88.11,37.97,37.10,41.58,1008.85
981,88.20,37.97,37.09,41.57,1008.85
982,88.29,37.96,37.09,41.59,1008.85
983,88.38,37.96,37.09,41.58,1008.85
984,88.47,37.96,37.08,41.57,1008.85
985,88.56,37.95,37.07,41.58,1008.85
986,88.65,37.94,37.06,41.58,1008.85
987,88.74,37.93,37.06,41.58,1008.85
988,88.83,37.92,37.06,41.58,1008.85
989,88.92,37.92,37.05,41.58,1008.84
990,89.01,37.92,37.04,41.58,1008.84
991,89.10,37.91,37.04,41.59,1008.85
992,89.19,37.91,37.03,41.59,1008.84
993,89.28,37.90,37.03,41.58,1008.84
994,89.37,37.89,37.02,41.59,1008.84
995,89.46,37.89,37.02,41.59,1008.84
996,89.55,37.88,37.01,41.58,1008.85
997,89.64,37.87,37.00,41.59,1008.85
998,89.73,37.87,37.01,41.60,1008.85
999,89.82,37.86,37.00,41.61,1008.85
1000,89.91,37.85,37.00,41.60,1008.85
1001,90.00,37.86,37.00,41.59,1008.85
1002,90.09,37.85,36.99,41.59,1008.85
1003,90.18,37.84,36.98,41.58,1008.85
1004,90.27,37.84,36.98,41.56,1008.86
1005,90.36,37.83,36.98,41.56,1008.86
1006,90.45,37.83,36.98,41.57,1008.86
1007,90.54,37.84,36.98,41.57,1008.86
1008,90.63,37.83,36.97,41.55,1008.86
1009,90.72,37.82,36.97,41.55,1008.86
1010,90.81,37.82,36.96,41.55,1008.86
1011,90.90,37.81,36.96,41.56,1008.86
1012,90.99,37.81,36.95,41.56,1008.87
1013,91.08,37.81,36.95,41.54,1008.87
1014,91.17,37.80,36.95,41.53,1008.87
1015,91.26,37.80,36.95,41.54,1008.87
1016,91.35,37.80,36.93,41.53,1008.87
1017,91.44,37.79,36.93,41.52,1008.87
1018,91.53,37.78,36.93,41.53,1008.87
1019,91.62,37.78,36.92,41.54,1008.87
1020,91.71,37.77,36.91,41.54,1008.87
1021,91.80,37.77,36.91,41.55,1008.87
1022,91.89,37.76,36.90,41.54,1008.87
1023,91.98,37.76,36.90,41.55,1008.87
1024,92.07,37.75,36.90,41.55,1008.87
1025,92.16,37.75,36.89,41.55,1008.87
1026,92.25,37.74,36.88,41.55,1008.87
1027,92.34,37.74,36.88,41.55,1008.87
1028,92.43,37.74,36.87,41.55,1008.87
1029,92.52,37.73,36.86,41.54,1008.87
1030,92.61,37.73,36.85,41.54,1008.87
1031,92.70,37.72,36.84,41.55,1008.85
1032,92.79,37.72,36.84,41.53,1008.87
1033,92.88,37.72,36.83,41.54,1008.87
1034,92.97,37.71,36.82,41.54,1008.87
1035,93.06,37.70,36.81,41.52,1008.87
1036,93.15,37.69,36.81,41.53,1008.86
1037,93.24,37.69,36.80,41.52,1008.86
1038,93.33,37.68,36.79,41.51,1008.86
1039,93.42,37.68,36.78,41.51,1008.86
1040,93.51,37.68,36.77,41.51,1008.86
1041,93.60,37.67,36.77,41.51,1008.86
1042,93.69,37.66,36.76,41.52,1008.86
1043,93.78,37.65,36.76,41.52,1008.86
1044,93.87,37.65,36.76,41.51,1008.86
1045,93.96,37.64,36.75,41.51,1008.86
1046,94.05,37.63,36.75,41.50,1008.86
1047,94.14,37.63,36.75,41.51,1008.86
1048,94.23,37.62,36.75,41.52,1008.86
1049,94.32,37.62,36.74,41.52,1008.85
1050,94.41,37.61,36.75,41.53,1008.85
1051,94.50,37.60,36.75,41.52,1008.85
1052,94.59,37.60,36.75,41.51,1008.85
1053,94.68,37.60,36.74,41.50,1008.85
1054,94.77,37.59,36.74,41.51,1008.85
1055,94.86,37.58,36.74,41.51,1008.86
1056,94.95,37.57,36.73,41.53,1008.86
1057,95.04,37.57,36.72,41.54,1008.86
1058,95.13,37.57,36.72,41.53,1008.86
1059,95.22,37.56,36.71,41.53,1008.86
1060,95.31,37.56,36.71,41.53,1008.86
1061,95.40,37.55,36.70,41.53,1008.86
1062,95.49,37.54,36.70,41.53,1008.87
1063,95.58,37.53,36.69,41.52,1008.87
1064,95.67,37.53,36.70,41.53,1008.87
1065,95.76,37.53,36.71,41.54,1008.87
1066,95.85,37.53,36.71,41.53,1008.87
1067,95.94,37.52,36.71,41.53,1008.87
1068,96.03,37.52,36.71,41.53,1008.87
1069,96.12,37.51,36.71,41.54,1008.87
1070,96.21,37.51,36.71,41.54,1008.87
1071,96.30,37.50,36.70,41.53,1008.87
1072,96.39,37.50,36.69,41.54,1008.88
1073,96.48,37.49,36.68,41.53,1008.88
1074,96.57,37.48,36.67,41.54,1008.88
1075,96.66,37.48,36.66,41.54,1008.88
1076,96.75,37.48,36.65,41.55,1008.88
1077,96.84,37.47,36.63,41.56,1008.88
1078,96.93,37.46,36.62,41.56,1008.88
1079,97.02,37.46,36.61,41.56,1008.88
1080,97.11,37.45,36.61,41.56,1008.88
1081,97.20,37.45,36.61,41.56,1008.88
1082,97.29,37.44,36.60,41.56,1008.88
1083,97.38,37.43,36.59,41.54,1008.88
1084,97.47,37.43,36.58,41.53,1008.87
1085,97.56,37.42,36.58,41.53,1008.87
1086,97.65,37.41,36.57,41.54,1008.87
1087,97.74,37.41,36.57,41.55,1008.87
1088,97.83,37.41,36.56,41.55,1008.88
1089,97.92,37.40,36.56,41.54,1008.87
1090,98.01,37.39,36.55,41.53,1008.88
1091,98.10,37.38,36.54,41.54,1008.88
1092,98.19,37.38,36.52,41.55,1008.88
1093,98.28,37.38,36.51,41.55,1008.88
1094,98.37,37.37,36.49,41.56,1008.88
1095,98.46,37.37,36.48,41.57,1008.88
1096,98.55,37.36,36.48,41.56,1008.88
1097,98.64,37.36,36.47,41.56,1008.88
1098,98.73,37.35,36.47,41.59,1008.88
1099,98.82,37.35,36.46,41.59,1008.88
1100,98.91,37.35,36.45,41.60,1008.87
1101,99.00,37.33,36.44,41.60,1008.88
1102,99.09,37.33,36.43,41.60,1008.88
1103,99.18,37.33,36.43,41.59,1008.88
1104,99.27,37.32,36.42,41.59,1008.87
1105,99.36,37.32,36.42,41.58,1008.87
1106,99.45,37.31,36.41,41.58,1008.87
1107,99.54,37.31,36.41,41.58,1008.87
1108,99.63,37.30,36.40,41.57,1008.87
1109,99.72,37.29,36.40,41.57,1008.87
1110,99.81,37.29,36.40,41.56,1008.87
1111,99.90,37.28,36.39,41.56,1008.87
1112,99.99,37.28,36.39,41.56,1008.87
1113,100.08,37.28,36.39,41.54,1008.87
1114,100.17,37.27,36.40,41.53,1008.87
1115,100.26,37.26,36.39,41.53,1008.88
1116,100.35,37.25,36.39,41.53,1008.88
1117,100.44,37.25,36.39,41.52,1008.88
1118,100.53,37.25,36.39,41.54,1008.88
1119,100.62,37.25,36.39,41.54,1008.88
1120,100.71,37.25,36.39,41.52,1008.88
1121,100.80,37.24,36.39,41.55,1008.88
1122,100.89,37.23,36.40,41.54,1008.88
1123,100.98,37.23,36.39,41.56,1008.88
1124,101.07,37.23,36.39,41.55,1008.89
1125,101.16,37.22,36.39,41.55,1008.89
1126,101.25,37.22,36.39,41.54,1008.89
1127,101.34,37.21,36.39,41.53,1008.89
1128,101.43,37.21,36.39,41.55,1008.88
1129,101.52,37.20,36.38,41.54,1008.88
1130,101.61,37.20,36.38,41.54,1008.88
1131,101.70,37.19,36.37,41.54,1008.88
1132,101.79,37.19,36.37,41.56,1008.88
1133,101.88,37.18,36.36,41.56,1008.88
1134,101.97,37.18,36.36,41.57,1008.88
1135,102.06,37.18,36.36,41.56,1008.88
1136,102.15,37.17,36.35,41.55,1008.88
1137,102.24,37.17,36.34,41.56,1008.88
1138,102.33,37.16,36.34,41.56,1008.88
1139,102.42,37.16,36.33,41.56,1008.88
1140,102.51,37.15,36.33,41.56,1008.88
1141,102.60,37.15,36.33,41.56,1008.88
1142,102.69,37.15,36.32,41.57,1008.88
1143,102.78,37.14,36.31,41.57,1008.88
1144,102.87,37.13,36.31,41.59,1008.88
1145,102.96,37.12,36.30,41.60,1008.88
1146,103.05,37.12,36.29,41.62,1008.88
1147,103.14,37.11,36.28,41.59,1008.88
1148,103.23,37.10,36.27,41.60,1008.88
1149,103.32,37.10,36.27,41.60,1008.88
1150,103.41,37.09,36.26,41.60,1008.88
1151,103.50,37.08,36.26,41.61,1008.88
1152,103.59,37.08,36.25,41.61,1008.88
1153,103.68,37.08,36.25,41.62,1008.88
1154,103.77,37.08,36.25,41.62,1008.87
1155,103.86,37.07,36.25,41.62,1008.87
1156,103.95,37.07,36.24,41.63,1008.87
1157,104.04,37.06,36.23,41.64,1008.87
1158,104.13,37.06,36.23,41.64,1008.87
1159,104.22,37.05,36.22,41.65,1008.87
1160,104.31,37.05,36.21,41.63,1008.88
1161,104.40,37.04,36.21,41.65,1008.88
1162,104.49,37.04,36.21,41.65,1008.88
1163,104.58,37.04,36.21,41.64,1008.88
1164,104.67,37.03,36.20,41.63,1008.87
1165,104.76,37.02,36.20,41.62,1008.87
1166,104.85,37.02,36.19,41.63,1008.87
1167,104.94,37.02,36.18,41.62,1008.88
1168,105.03,37.01,36.17,41.60,1008.88
1169,105.12,37.00,36.17,41.62,1008.88
1170,105.21,37.00,36.16,41.62,1008.88
1171,105.30,36.99,36.16,41.62,1008.88
1172,105.39,36.98,36.15,41.62,1008.88
1173,105.48,36.98,36.15,41.62,1008.88
1174,105.57,36.97,36.14,41.63,1008.88
1175,105.66,36.96,36.14,41.62,1008.88
1176,105.75,36.95,36.13,41.59,1008.88
1177,105.84,36.94,36.13,41.59,1008.88
1178,105.93,36.93,36.12,41.58,1008.88
1179,106.02,36.92,36.13,41.58,1008.88
1180,106.11,36.92,36.12,41.59,1008.88
1181,106.20,36.91,36.11,41.58,1008.88
1182,106.29,36.91,36.11,41.57,1008.88
1183,106.38,36.90,36.11,41.58,1008.88
1184,106.47,36.90,36.10,41.57,1008.87
1185,106.56,36.89,36.10,41.58,1008.87
1186,106.65,36.88,36.09,41.58,1008.88
1187,106.74,36.88,36.09,41.57,1008.87
1188,106.83,36.87,36.08,41.57,1008.87
1189,106.92,36.86,36.07,41.55,1008.87
1190,107.01,36.86,36.07,41.55,1008.87
1191,107.10,36.86,36.07,41.55,1008.87
1192,107.19,36.87,36.07,41.54,1008.87
1193,107.28,36.86,36.07,41.54,1008.87
1194,107.37,36.86,36.06,41.54,1008.87
1195,107.46,36.86,36.05,41.53,1008.87
1196,107.55,36.85,36.05,41.54,1008.87
1197,107.64,36.84,36.05,41.54,1008.86
1198,107.73,36.84,36.05,41.53,1008.86
1199,107.82,36.84,36.04,41.54,1008.86
1200,107.91,36.83,36.04,41.55,1008.86
1201,108.00,36.83,36.04,41.55,1008.86
1202,108.09,36.83,36.04,41.54,1008.86
1203,108.18,36.83,36.04,41.54,1008.86
1204,108.27,36.82,36.04,41.52,1008.86
1205,108.36,36.82,36.03,41.52,1008.86
1206,108.45,36.82,36.03,41.51,1008.86
1207,108.54,36.81,36.03,41.51,1008.86
1208,108.63,36.81,36.02,41.52,1008.86
1209,108.72,36.80,36.01,41.51,1008.86
1210,108.81,36.80,36.01,41.52,1008.86
1211,108.90,36.80,36.00,41.53,1008.87
1212,108.99,36.79,35.99,41.55,1008.86
1213,109.08,36.79,35.99,41.55,1008.86
1214,109.17,36.79,35.99,41.55,1008.86
1215,109.26,36.78,35.98,41.56,1008.86
1216,109.35,36.78,35.97,41.57,1008.86
1217,109.44,36.77,35.97,41.56,1008.86
1218,109.53,36.77,35.95,41.57,1008.86
1219,109.62,36.77,35.95,41.57,1008.86
1220,109.71,36.76,35.95,41.57,1008.86
1221,109.80,36.76,35.94,41.58,1008.86
1222,109.89,36.75,35.93,41.58,1008.86
1223,109.98,36.74,35.93,41.57,1008.86
1224,110.07,36.74,35.92,41.58,1008.86
1225,110.16,36.73,35.91,41.57,1008.86
1226,110.25,36.73,35.92,41.57,1008.86
1227,110.34,36.72,35.91,41.56,1008.86
1228,110.43,36.72,35.90,41.57,1008.86
1229,110.52,36.71,35.90,41.59,1008.86
1230,110.61,36.70,35.89,41.59,1008.86
1231,110.70,36.69,35.88,41.58,1008.86
1232,110.79,36.69,35.87,41.57,1008.86
1233,110.88,36.68,35.87,41.56,1008.86
1234,110.97,36.67,35.86,41.56,1008.86
1235,111.06,36.67,35.86,41.56,1008.86
1236,111.15,36.66,35.85,41.55,1008.86
1237,111.24,36.65,35.85,41.56,1008.86
1238,111.33,36.65,35.84,41.56,1008.86
1239,111.42,36.64,35.84,41.54,1008.86
1240,111.51,36.64,35.83,41.55,1008.86
1241,111.60,36.64,35.83,41.55,1008.86
1242,111.69,36.63,35.82,41.56,1008.86
1243,111.78,36.62,35.81,41.55,1008.86
1244,111.87,36.61,35.81,41.56,1008.86
1245,111.96,36.61,35.80,41.57,1008.86
1246,112.05,36.60,35.80,41.56,1008.86
1247,112.14,36.60,35.80,41.57,1008.86
1248,112.23,36.59,35.79,41.56,1008.86
1249,112.32,36.58,35.78,41.57,1008.86
1250,112.41,36.57,35.78,41.57,1008.86
1251,112.50,36.57,35.77,41.56,1008.86
1252,112.59,36.57,35.77,41.57,1008.85
1253,112.68,36.56,35.77,41.57,1008.85
1254,112.77,36.56,35.77,41.57,1008.86
1255,112.86,36.56,35.76,41.56,1008.85
1256,112.95,36.55,35.76,41.57,1008.85
1257,113.04,36.55,35.75,41.57,1008.86
1258,113.13,36.55,35.74,41.57,1008.85
1259,113.22,36.55,35.74,41.55,1008.86
1260,113.31,36.54,35.74,41.57,1008.86
1261,113.40,36.54,35.73,41.57,1008.85
1262,113.49,36.54,35.73,41.55,1008.85
1263,113.58,36.54,35.72,41.55,1008.85
1264,113.67,36.53,35.72,41.56,1008.85
1265,113.76,36.53,35.71,41.56,1008.85
1266,113.85,36.53,35.71,41.56,1008.85
1267,113.94,36.52,35.71,41.55,1008.85
1268,114.03,36.52,35.72,41.55,1008.85
1269,114.12,36.51,35.71,41.54,1008.84
1270,114.21,36.51,35.70,41.53,1008.84
1271,114.30,36.50,35.70,41.54,1008.84
1272,114.39,36.50,35.70,41.56,1008.84
1273,114.48,36.49,35.71,41.56,1008.85
1274,114.57,36.49,35.71,41.55,1008.85
1275,114.66,36.49,35.71,41.57,1008.84
1276,114.75,36.49,35.69,41.58,1008.85
1277,114.84,36.48,35.69,41.57,1008.85
1278,114.93,36.48,35.68,41.58,1008.85
1279,115.02,36.46,35.68,41.58,1008.85
1280,115.11,36.46,35.67,41.59,1008.85
1281,115.20,36.45,35.67,41.60,1008.85
1282,115.29,36.45,35.66,41.61,1008.85
1283,115.38,36.45,35.66,41.61,1008.85
1284,115.47,36.45,35.65,41.61,1008.85
1285,115.56,36.45,35.65,41.59,1008.85
1286,115.65,36.44,35.64,41.59,1008.85
1287,115.74,36.44,35.63,41.58,1008.85
1288,115.83,36.43,35.63,41.57,1008.85
1289,115.92,36.42,35.62,41.57,1008.85
1290,116.01,36.42,35.62,41.57,1008.85
1291,116.10,36.41,35.61,41.56,1008.85
1292,116.19,36.41,35.61,41.56,1008.85
1293,116.28,36.41,35.61,41.55,1008.85
1294,116.37,36.40,35.61,41.55,1008.85
1295,116.46,36.40,35.60,41.55,1008.85
1296,116.55,36.39,35.59,41.54,1008.85
1297,116.64,36.38,35.59,41.54,1008.85
1298,116.73,36.37,35.59,41.56,1008.85
1299,116.82,36.37,35.59,41.56,1008.85
1300,116.91,36.37,35.58,41.55,1008.85
1301,117.00,36.37,35.57,41.56,1008.85
1302,117.09,36.36,35.57,41.54,1008.85
1303,117.18,36.35,35.57,41.52,1008.85
1304,117.27,36.35,35.57,41.50,1008.85
1305,117.36,36.35,35.56,41.48,1008.85
1306,117.45,36.35,35.56,41.47,1008.85
1307,117.54,36.34,35.56,41.45,1008.85
1308,117.63,36.34,35.55,41.44,1008.85
1309,117.72,36.33,35.55,41.43,1008.85
1310,117.81,36.34,35.55,41.42,1008.86
1311,117.90,36.33,35.54,41.42,1008.86
1312,117.99,36.33,35.54,41.43,1008.85
1313,118.08,36.33,35.54,41.44,1008.86
1314,118.17,36.33,35.53,41.44,1008.86
1315,118.26,36.32,35.52,41.45,1008.86
1316,118.35,36.32,35.52,41.47,1008.86
1317,118.44,36.32,35.52,41.48,1008.85
1318,118.53,36.31,35.52,41.49,1008.85
1319,118.62,36.31,35.51,41.50,1008.85
1320,118.71,36.30,35.51,41.51,1008.85
1321,118.80,36.30,35.50,41.51,1008.85
1322,118.89,36.29,35.50,41.53,1008.86
1323,118.98,36.29,35.50,41.54,1008.86
1324,119.07,36.29,35.50,41.55,1008.86
1325,119.16,36.27,35.49,41.57,1008.86
1326,119.25,36.27,35.48,41.59,1008.86
1327,119.34,36.27,35.47,41.59,1008.86
1328,119.43,36.26,35.48,41.60,1008.86
1329,119.52,36.26,35.48,41.61,1008.86
1330,119.61,36.13,35.47,41.62,1008.86
1331,119.70,36.20,35.47,41.64,1008.86
1332,119.79,36.24,35.46,41.64,1008.86
1333,119.88,36.24,35.46,41.65,1008.86
1334,119.97,36.23,35.45,41.66,1008.86
1335,120.06,36.23,35.45,41.65,1008.86
1336,120.15,36.22,35.45,41.64,1008.86
1337,120.24,36.22,35.44,41.66,1008.86
1338,120.33,36.21,35.43,41.65,1008.86
1339,120.42,36.21,35.43,41.65,1008.86
1340,120.51,36.21,35.43,41.67,1008.86
1341,120.60,36.20,35.42,41.66,1008.86
1342,120.69,36.19,35.41,41.66,1008.86
1343,120.78,36.19,35.41,41.67,1008.86
1344,120.87,36.19,35.40,41.66,1008.86
1345,120.96,36.18,35.40,41.65,1008.86
1346,121.05,36.18,35.39,41.64,1008.86
1347,121.14,36.18,35.38,41.64,1008.86
1348,121.23,36.18,35.39,41.64,1008.86
1349,121.32,36.18,35.37,41.64,1008.86
1350,121.41,36.17,35.37,41.64,1008.87
1351,121.50,36.17,35.36,41.64,1008.86
1352,121.59,36.16,35.36,41.63,1008.87
1353,121.68,36.16,35.36,41.63,1008.87
1354,121.77,36.15,35.36,41.63,1008.87
1355,121.86,36.15,35.35,41.64,1008.87
1356,121.95,36.15,35.35,41.65,1008.87
1357,122.04,36.15,35.35,41.63,1008.87
1358,122.13,36.14,35.34,41.64,1008.87
1359,122.22,36.13,35.33,41.64,1008.87
1360,122.31,36.13,35.33,41.64,1008.87
1361,122.40,36.12,35.33,41.64,1008.87
1362,122.49,36.12,35.33,41.63,1008.87
1363,122.58,36.11,35.32,41.62,1008.87
1364,122.67,36.11,35.30,41.63,1008.87
1365,122.76,36.10,35.30,41.64,1008.87
1366,122.85,36.09,35.29,41.64,1008.88
1367,122.94,36.09,35.27,41.65,1008.88
1368,123.03,36.09,35.26,41.65,1008.88
1369,123.12,36.08,35.25,41.64,1008.88
1370,123.21,36.07,35.23,41.65,1008.88
1371,123.30,36.07,35.22,41.65,1008.88
1372,123.39,36.08,35.22,41.65,1008.88
1373,123.48,36.07,35.21,41.66,1008.88
1374,123.57,36.07,35.22,41.65,1008.88
1375,123.66,36.07,35.22,41.65,1008.88
1376,123.75,36.07,35.23,41.65,1008.88
1377,123.84,36.06,35.24,41.65,1008.88
1378,123.93,36.06,35.24,41.65,1008.89
1379,124.02,36.05,35.23,41.63,1008.89
1380,124.11,36.04,35.23,41.64,1008.88
1381,124.20,36.03,35.22,41.63,1008.88
1382,124.29,36.02,35.22,41.63,1008.88
1383,124.38,36.02,35.22,41.64,1008.88
1384,124.47,36.00,35.22,41.64,1008.88
1385,124.56,36.00,35.22,41.62,1008.88
1386,124.65,35.99,35.22,41.62,1008.88
1387,124.74,35.99,35.21,41.61,1008.88
1388,124.83,35.99,35.21,41.61,1008.88
1389,124.92,35.98,35.21,41.62,1008.88
1390,125.01,35.98,35.22,41.62,1008.88
1391,125.10,35.98,35.21,41.64,1008.88
1392,125.19,35.97,35.21,41.64,1008.88
1393,125.28,35.96,35.20,41.63,1008.88
1394,125.37,35.96,35.19,41.63,1008.88
1395,125.46,35.95,35.18,41.63,1008.88
1396,125.55,35.95,35.18,41.63,1008.88
1397,125.64,35.94,35.18,41.62,1008.87
1398,125.73,35.94,35.17,41.62,1008.87
1399,125.82,35.93,35.17,41.62,1008.87
1400,125.91,35.92,35.16,41.63,1008.87
1401,126.00,35.92,35.16,41.62,1008.87
1402,126.09,35.91,35.15,41.62,1008.87
1403,126.18,35.91,35.15,41.61,1008.87
1404,126.27,35.92,35.15,41.62,1008.87
1405,126.36,35.91,35.15,41.62,1008.87
1406,126.45,35.91,35.14,41.61,1008.87
1407,126.54,35.91,35.13,41.62,1008.87
1408,126.63,35.90,35.12,41.63,1008.87
1409,126.72,35.90,35.13,41.64,1008.87
1410,126.81,35.89,35.13,41.63,1008.87
1411,126.90,35.89,35.13,41.63,1008.87
1412,126.99,35.89,35.12,41.63,1008.87
1413,127.08,35.88,35.11,41.63,1008.87
1414,127.17,35.88,35.11,41.62,1008.87
1415,127.26,35.87,35.11,41.61,1008.87
1416,127.35,35.87,35.11,41.63,1008.87
1417,127.44,35.86,35.10,41.63,1008.88
1418,127.53,35.85,35.10,41.62,1008.88
1419,127.62,35.84,35.09,41.62,1008.88
1420,127.71,35.82,35.09,41.62,1008.88
1421,127.80,35.81,35.09,41.61,1008.88
1422,127.89,35.80,35.09,41.63,1008.88
1423,127.98,35.79,35.09,41.62,1008.88
1424,128.07,35.78,35.08,41.61,1008.88
1425,128.16,35.78,35.07,41.62,1008.88
1426,128.25,35.78,35.07,41.62,1008.89
1427,128.34,35.79,35.06,41.62,1008.89
1428,128.43,35.79,35.05,41.61,1008.89
1429,128.52,35.80,35.05,41.61,1008.89
1430,128.61,35.80,35.05,41.60,1008.89
1431,128.70,35.80,35.05,41.60,1008.89
1432,128.79,35.79,35.05,41.61,1008.89
1433,128.88,35.78,35.04,41.60,1008.89
1434,128.97,35.78,35.04,41.60,1008.89
1435,129.06,35.76,35.03,41.62,1008.89
1436,129.15,35.76,35.03,41.62,1008.89
1437,129.24,35.77,35.03,41.61,1008.89
1438,129.33,35.77,35.02,41.61,1008.89
1439,129.42,35.76,35.02,41.60,1008.89
1440,129.51,35.76,35.02,41.60,1008.89
1441,129.60,35.75,35.01,41.61,1008.89
1442,129.69,35.75,35.01,41.58,1008.88
1443,129.78,35.74,35.00,41.57,1008.88
1444,129.87,35.74,35.00,41.55,1008.88
1445,129.96,35.73,35.00,41.56,1008.88
1446,130.05,35.73,34.99,41.56,1008.88
1447,130.14,35.73,34.99,41.55,1008.88
1448,130.23,35.72,34.98,41.55,1008.88
1449,130.32,35.72,34.97,41.56,1008.88
1450,130.41,35.72,34.96,41.56,1008.88
1451,130.50,35.72,34.95,41.55,1008.88
1452,130.59,35.72,34.96,41.55,1008.88
1453,130.68,35.72,34.96,41.56,1008.88
1454,130.77,35.72,34.96,41.57,1008.87
1455,130.86,35.71,34.95,41.57,1008.87
1456,130.95,35.71,34.95,41.58,1008.87
1457,131.04,35.70,34.94,41.58,1008.87
1458,131.13,35.69,34.94,41.60,1008.87
1459,131.22,35.69,34.94,41.60,1008.87
1460,131.31,35.69,34.93,41.59,1008.87
1461,131.40,35.69,34.92,41.60,1008.87
1462,131.49,35.68,34.91,41.61,1008.87
1463,131.58,35.69,34.91,41.62,1008.87
1464,131.67,35.69,34.90,41.62,1008.87
1465,131.76,35.68,34.89,41.63,1008.87
1466,131.85,35.68,34.89,41.62,1008.87
1467,131.94,35.68,34.89,41.63,1008.87
1468,132.03,35.66,34.89,41.63,1008.87
1469,132.12,35.66,34.87,41.63,1008.87
1470,132.21,35.66,34.87,41.63,1008.87
1471,132.30,35.65,34.87,41.63,1008.87
1472,132.39,35.65,34.86,41.63,1008.86
1473,132.48,35.64,34.85,41.62,1008.87
1474,132.57,35.64,34.84,41.63,1008.87
1475,132.66,35.64,34.84,41.63,1008.87
1476,132.75,35.64,34.84,41.64,1008.87
1477,132.84,35.64,34.84,41.65,1008.87
1478,132.93,35.63,34.84,41.65,1008.87
1479,133.02,35.63,34.84,41.64,1008.87
1480,133.11,35.62,34.84,41.64,1008.87
1481,133.20,35.62,34.83,41.65,1008.87
1482,133.29,35.62,34.83,41.65,1008.87
1483,133.38,35.61,34.83,41.67,1008.87
1484,133.47,35.61,34.82,41.67,1008.87
1485,133.56,35.61,34.82,41.66,1008.87
1486,133.65,35.60,34.81,41.65,1008.87
1487,133.74,35.59,34.81,41.66,1008.87
1488,133.83,35.59,34.80,41.67,1008.87
1489,133.92,35.58,34.80,41.67,1008.87
1490,134.01,35.57,34.80,41.68,1008.87
1491,134.10,35.56,34.80,41.68,1008.87
1492,134.19,35.56,34.79,41.69,1008.87
1493,134.28,35.55,34.79,41.70,1008.87
1494,134.37,35.54,34.79,41.69,1008.87
1495,134.46,35.54,34.79,41.69,1008.87
1496,134.55,35.54,34.79,41.69,1008.87
1497,134.64,35.54,34.78,41.68,1008.87
1498,134.73,35.54,34.78,41.68,1008.87
1499,134.82,35.53,34.77,41.69,1008.87
1500,134.91,35.52,34.77,41.70,1008.87
1501,135.00,35.51,34.77,41.69,1008.86
1502,135.09,35.51,34.77,41.70,1008.86
1503,135.18,35.51,34.76,41.70,1008.86
1504,135.27,35.51,34.75,41.69,1008.86
1505,135.36,35.50,34.75,41.69,1008.86
1506,135.45,35.50,34.75,41.69,1008.86
1507,135.54,35.49,34.75,41.69,1008.86
1508,135.63,35.49,34.74,41.69,1008.86
1509,135.72,35.49,34.74,41.69,1008.86
1510,135.81,35.48,34.74,41.69,1008.86
1511,135.90,35.47,34.74,41.69,1008.86
1512,135.99,35.47,34.74,41.69,1008.86
1513,136.08,35.46,34.74,41.69,1008.86
1514,136.17,35.46,34.73,41.69,1008.86
1515,136.26,35.46,34.72,41.69,1008.86
1516,136.35,35.46,34.71,41.69,1008.86
1517,136.44,35.45,34.71,41.70,1008.86
1518,136.53,35.45,34.71,41.70,1008.86
1519,136.62,35.44,34.71,41.70,1008.86
1520,136.71,35.44,34.70,41.71,1008.86
1521,136.80,35.43,34.70,41.71,1008.86
1522,136.89,35.42,34.69,41.71,1008.86
1523,136.98,35.42,34.69,41.71,1008.86
1524,137.07,35.41,34.69,41.72,1008.86
1525,137.16,35.41,34.68,41.70,1008.86
1526,137.25,35.41,34.68,41.70,1008.86
1527,137.34,35.40,34.68,41.71,1008.86
1528,137.43,35.40,34.67,41.71,1008.86
1529,137.52,35.39,34.67,41.71,1008.86
1530,137.61,35.39,34.67,41.71,1008.86
1531,137.70,35.38,34.67,41.72,1008.86
1532,137.79,35.38,34.67,41.72,1008.86
1533,137.88,35.37,34.68,41.72,1008.86
1534,137.97,35.37,34.67,41.73,1008.86
1535,138.06,35.36,34.67,41.72,1008.86
1536,138.15,35.36,34.67,41.73,1008.86
1537,138.24,35.36,34.67,41.73,1008.86
1538,138.33,35.36,34.68,41.73,1008.86
1539,138.42,35.36,34.68,41.73,1008.86
1540,138.51,35.36,34.68,41.72,1008.86
1541,138.60,35.35,34.68,41.71,1008.86
1542,138.69,35.34,34.67,41.70,1008.86
1543,138.78,35.33,34.67,41.71,1008.85
1544,138.87,35.33,34.66,41.71,1008.85
1545,138.96,35.32,34.66,41.71,1008.85
1546,139.05,35.32,34.66,41.71,1008.85
1547,139.14,35.32,34.66,41.71,1008.85
1548,139.23,35.31,34.66,41.72,1008.85
1549,139.32,35.31,34.65,41.74,1008.86
1550,139.41,35.32,34.65,41.75,1008.86
1551,139.50,35.32,34.63,41.75,1008.85
1552,139.59,35.31,34.62,41.75,1008.85
1553,139.68,35.30,34.61,41.75,1008.85
1554,139.77,35.30,34.60,41.75,1008.85
1555,139.86,35.29,34.59,41.74,1008.85
1556,139.95,35.29,34.58,41.74,1008.85
1557,140.04,35.29,34.58,41.74,1008.85
1558,140.13,35.29,34.57,41.72,1008.85
1559,140.22,35.29,34.57,41.71,1008.85
1560,140.31,35.28,34.56,41.71,1008.85
1561,140.40,35.28,34.56,41.73,1008.85
1562,140.49,35.27,34.54,41.72,1008.85
1563,140.58,35.27,34.55,41.73,1008.85
1564,140.67,35.27,34.54,41.74,1008.85
1565,140.76,35.26,34.54,41.73,1008.85
1566,140.85,35.26,34.54,41.75,1008.85
1567,140.94,35.25,34.53,41.75,1008.85
1568,141.03,35.25,34.53,41.75,1008.85
1569,141.12,35.25,34.53,41.75,1008.85
1570,141.21,35.24,34.52,41.75,1008.85
1571,141.30,35.23,34.51,41.76,1008.85
1572,141.39,35.23,34.52,41.76,1008.85
1573,141.48,35.22,34.51,41.75,1008.85
1574,141.57,35.22,34.50,41.76,1008.85
1575,141.66,35.22,34.50,41.77,1008.85
1576,141.75,35.21,34.49,41.76,1008.85
1577,141.84,35.21,34.49,41.77,1008.85
1578,141.93,35.21,34.49,41.77,1008.85
1579,142.02,35.21,34.48,41.78,1008.86
1580,142.11,35.20,34.48,41.77,1008.86
1581,142.20,35.20,34.47,41.77,1008.86
1582,142.29,35.20,34.47,41.77,1008.86
1583,142.38,35.20,34.46,41.78,1008.86
1584,142.47,35.19,34.47,41.78,1008.86
1585,142.56,35.19,34.47,41.78,1008.86
1586,142.65,35.18,34.46,41.78,1008.86
1587,142.74,35.17,34.46,41.77,1008.86
1588,142.83,35.16,34.46,41.79,1008.86
1589,142.92,35.15,34.45,41.79,1008.86
1590,143.01,35.15,34.45,41.78,1008.86
1591,143.10,35.15,34.44,41.78,1008.87
1592,143.19,35.15,34.44,41.78,1008.87
1593,143.28,35.14,34.44,41.78,1008.87
1594,143.37,35.14,34.43,41.78,1008.87
1595,143.46,35.13,34.43,41.79,1008.87
1596,143.55,35.13,34.43,41.80,1008.87
1597,143.64,35.13,34.42,41.81,1008.87
1598,143.73,35.13,34.41,41.80,1008.88
1599,143.82,35.12,34.41,41.82,1008.88
1600,143.91,35.12,34.40,41.82,1008.88
1601,144.00,35.12,34.40,41.82,1008.88
1602,144.09,35.12,34.39,41.82,1008.88
1603,144.18,35.11,34.39,41.83,1008.88
1604,144.27,35.11,34.38,41.83,1008.88
1605,144.36,35.10,34.38,41.83,1008.88
1606,144.45,35.10,34.37,41.83,1008.87
1607,144.54,35.09,34.36,41.82,1008.87
1608,144.63,35.09,34.36,41.83,1008.87
1609,144.72,35.08,34.36,41.84,1008.87
1610,144.81,35.08,34.36,41.84,1008.87
1611,144.90,35.07,34.35,41.83,1008.87
1612,144.99,35.06,34.34,41.81,1008.86
1613,145.08,35.06,34.33,41.83,1008.86
1614,145.17,35.06,34.34,41.83,1008.86
1615,145.26,35.05,34.33,41.81,1008.86
1616,145.35,35.05,34.33,41.78,1008.86
1617,145.44,35.05,34.32,41.78,1008.86
1618,145.53,35.05,34.32,41.78,1008.86
1619,145.62,35.05,34.32,41.77,1008.86
1620,145.71,35.05,34.31,41.78,1008.85
1621,145.80,35.05,34.30,41.78,1008.85
1622,145.89,35.05,34.30,41.78,1008.86
1623,145.98,35.04,34.29,41.76,1008.86
1624,146.07,35.04,34.28,41.77,1008.85
1625,146.16,35.03,34.29,41.77,1008.86
1626,146.25,35.03,34.29,41.77,1008.85
1627,146.34,35.03,34.28,41.78,1008.86
1628,146.43,35.03,34.28,41.79,1008.86
1629,146.52,35.02,34.28,41.78,1008.86
1630,146.61,35.02,34.26,41.78,1008.86
1631,146.70,35.01,34.26,41.79,1008.86
1632,146.79,35.00,34.26,41.80,1008.86
1633,146.88,34.99,34.26,41.79,1008.86
1634,146.97,34.99,34.25,41.79,1008.86
1635,147.06,34.98,34.25,41.78,1008.86
1636,147.15,34.98,34.25,41.76,1008.86
1637,147.24,34.98,34.24,41.76,1008.86
1638,147.33,34.98,34.24,41.77,1008.87
1639,147.42,34.98,34.24,41.76,1008.87
1640,147.51,34.97,34.24,41.77,1008.86
1641,147.60,34.97,34.23,41.78,1008.86
1642,147.69,34.97,34.22,41.77,1008.87
1643,147.78,34.96,34.21,41.78,1008.87
1644,147.87,34.96,34.21,41.78,1008.87
1645,147.96,34.95,34.20,41.78,1008.87
1646,148.05,34.95,34.20,41.78,1008.87
1647,148.14,34.95,34.20,41.77,1008.87
1648,148.23,34.86,34.20,41.77,1008.87
1649,148.32,34.94,34.20,41.77,1008.87
1650,148.41,34.94,34.20,41.77,1008.87
1651,148.50,34.93,34.20,41.77,1008.87
1652,148.59,34.93,34.20,41.78,1008.87
1653,148.68,34.93,34.20,41.78,1008.87
1654,148.77,34.94,34.20,41.78,1008.87
1655,148.86,34.94,34.19,41.77,1008.87
1656,148.95,34.93,34.19,41.77,1008.87
1657,149.04,34.92,34.18,41.78,1008.87
1658,149.13,34.92,34.18,41.79,1008.87
1659,149.22,34.91,34.19,41.80,1008.87
1660,149.31,34.91,34.18,41.79,1008.87
1661,149.40,34.90,34.18,41.80,1008.87
1662,149.49,34.90,34.18,41.80,1008.87
1663,149.58,34.90,34.17,41.81,1008.86
1664,149.67,34.89,34.17,41.80,1008.86
1665,149.76,34.88,34.16,41.80,1008.86
1666,149.85,34.88,34.15,41.82,1008.86
1667,149.94,34.88,34.15,41.83,1008.86
1668,150.03,34.87,34.15,41.82,1008.86
1669,150.12,34.87,34.14,41.83,1008.86
1670,150.21,34.87,34.14,41.82,1008.86
1671,150.30,34.87,34.14,41.83,1008.86
1672,150.39,34.86,34.13,41.82,1008.86
1673,150.48,34.86,34.13,41.83,1008.86
1674,150.57,34.86,34.13,41.81,1008.86
1675,150.66,34.86,34.13,41.81,1008.87
1676,150.75,34.85,34.13,41.80,1008.87
1677,150.84,34.85,34.13,41.79,1008.86
1678,150.93,34.84,34.12,41.80,1008.86
1679,151.02,34.84,34.12,41.80,1008.87
1680,151.11,34.84,34.12,41.81,1008.87
1681,151.20,34.84,34.11,41.81,1008.87
1682,151.29,34.83,34.10,41.82,1008.87
1683,151.38,34.82,34.10,41.82,1008.87
1684,151.47,34.82,34.09,41.82,1008.87
1685,151.56,34.81,34.09,41.81,1008.87
1686,151.65,34.81,34.09,41.82,1008.87
1687,151.74,34.80,34.08,41.81,1008.87
1688,151.83,34.79,34.07,41.81,1008.87
1689,151.92,34.79,34.06,41.81,1008.87
1690,152.01,34.78,34.06,41.81,1008.87
1691,152.10,34.78,34.06,41.80,1008.87
1692,152.19,34.77,34.05,41.81,1008.87
1693,152.28,34.77,34.05,41.80,1008.87
1694,152.37,34.77,34.05,41.79,1008.87
1695,152.46,34.77,34.04,41.80,1008.88
1696,152.55,34.77,34.04,41.80,1008.88
1697,152.64,34.76,34.04,41.81,1008.88
1698,152.73,34.76,34.03,41.81,1008.88
1699,152.82,34.76,34.02,41.81,1008.88
1700,152.91,34.76,34.02,41.81,1008.88
1701,153.00,34.75,34.02,41.82,1008.88
1702,153.09,34.75,34.01,41.82,1008.88
1703,153.18,34.74,34.01,41.82,1008.88
1704,153.27,34.73,34.00,41.82,1008.88
1705,153.36,34.73,34.00,41.84,1008.88
1706,153.45,34.73,34.00,41.83,1008.88
1707,153.54,34.73,34.01,41.82,1008.88
1708,153.63,34.73,34.01,41.79,1008.88
1709,153.72,34.72,34.01,41.78,1008.88
1710,153.81,34.72,34.00,41.77,1008.88
1711,153.90,34.71,34.00,41.78,1008.88
1712,153.99,34.71,34.00,41.77,1008.88
1713,154.08,34.71,33.99,41.77,1008.87
1714,154.17,34.71,34.00,41.77,1008.87
1715,154.26,34.70,33.99,41.76,1008.88
1716,154.35,34.70,33.98,41.76,1008.87
1717,154.44,34.69,33.98,41.77,1008.88
1718,154.53,34.69,33.97,41.76,1008.88
1719,154.62,34.69,33.96,41.76,1008.88
1720,154.71,34.68,33.96,41.74,1008.87
1721,154.80,34.67,33.96,41.74,1008.88
1722,154.89,34.67,33.95,41.75,1008.88
1723,154.98,34.66,33.94,41.74,1008.88
1724,155.07,34.66,33.94,41.74,1008.88
1725,155.16,34.66,33.94,41.73,1008.88
1726,155.25,34.66,33.94,41.72,1008.88
1727,155.34,34.65,33.93,41.72,1008.88
1728,155.43,34.65,33.93,41.73,1008.88
1729,155.52,34.64,33.93,41.73,1008.88
1730,155.61,34.64,33.92,41.72,1008.88
1731,155.70,34.64,33.91,41.72,1008.88
1732,155.79,34.64,33.91,41.73,1008.88
1733,155.88,34.63,33.91,41.72,1008.88
1734,155.97,34.63,33.90,41.71,1008.87
1735,156.06,34.62,33.91,41.69,1008.87
1736,156.15,34.62,33.90,41.70,1008.87
1737,156.24,34.61,33.89,41.69,1008.87
1738,156.33,34.61,33.90,41.70,1008.87
1739,156.42,34.61,33.90,41.71,1008.87
1740,156.51,34.60,33.90,41.72,1008.87
1741,156.60,34.59,33.89,41.73,1008.87
1742,156.69,34.59,33.88,41.71,1008.87
1743,156.78,34.59,33.88,41.73,1008.87
1744,156.87,34.59,33.88,41.73,1008.87
1745,156.96,34.59,33.88,41.74,1008.87
1746,157.05,34.59,33.87,41.72,1008.87
1747,157.14,34.58,33.87,41.72,1008.87
1748,157.23,34.58,33.87,41.73,1008.87
1749,157.32,34.57,33.87,41.73,1008.87
1750,157.41,34.57,33.86,41.72,1008.87
1751,157.50,34.57,33.86,41.72,1008.87
1752,157.59,34.56,33.86,41.71,1008.87
1753,157.68,34.56,33.85,41.72,1008.87
1754,157.77,34.56,33.85,41.72,1008.87
1755,157.86,34.56,33.85,41.71,1008.87
1756,157.95,34.56,33.84,41.71,1008.87
1757,158.04,34.55,33.82,41.71,1008.87
1758,158.13,34.55,33.82,41.71,1008.87
1759,158.22,34.55,33.82,41.72,1008.87
1760,158.31,34.55,33.82,41.72,1008.87
1761,158.40,34.54,33.82,41.71,1008.87
1762,158.49,34.55,33.81,41.72,1008.87
1763,158.58,34.54,33.81,41.72,1008.87
1764,158.67,34.53,33.81,41.71,1008.87
1765,158.76,34.53,33.81,41.70,1008.87
1766,158.85,34.52,33.81,41.69,1008.87
1767,158.94,34.52,33.81,41.71,1008.87
1768,159.03,34.51,33.81,41.72,1008.87
1769,159.12,34.50,33.80,41.72,1008.87
1770,159.21,34.50,33.80,41.71,1008.87
1771,159.30,34.50,33.80,41.70,1008.87
1772,159.39,34.49,33.79,41.70,1008.87
1773,159.48,34.49,33.80,41.70,1008.88
1774,159.57,34.48,33.80,41.70,1008.87
1775,159.66,34.48,33.80,41.70,1008.87
1776,159.75,34.48,33.80,41.70,1008.87
1777,159.84,34.48,33.79,41.69,1008.87
1778,159.93,34.47,33.79,41.69,1008.87
1779,160.02,34.47,33.79,41.70,1008.87
1780,160.11,34.47,33.79,41.70,1008.87
1781,160.20,34.47,33.79,41.70,1008.87
1782,160.29,34.46,33.78,41.72,1008.87
1783,160.38,34.46,33.78,41.72,1008.87
1784,160.47,34.46,33.77,41.73,1008.87
1785,160.56,34.46,33.76,41.73,1008.87
1786,160.65,34.45,33.76,41.72,1008.87
1787,160.74,34.45,33.76,41.72,1008.87
1788,160.83,34.45,33.75,41.72,1008.87
1789,160.92,34.45,33.75,41.73,1008.87
1790,161.01,34.44,33.74,41.71,1008.87
1791,161.10,34.44,33.74,41.72,1008.87
1792,161.19,34.43,33.74,41.73,1008.87
1793,161.28,34.43,33.74,41.73,1008.87
1794,161.37,34.43,33.74,41.73,1008.87
1795,161.46,34.43,33.73,41.72,1008.87
1796,161.55,34.42,33.73,41.72,1008.86
1797,161.64,34.42,33.73,41.72,1008.87
1798,161.73,34.42,33.72,41.72,1008.87
1799,161.82,34.41,33.72,41.72,1008.87
1800,161.91,34.41,33.71,41.72,1008.87
1801,162.00,34.41,33.70,41.74,1008.87
1802,162.09,34.40,33.70,41.74,1008.86
1803,162.18,34.40,33.70,41.74,1008.86
1804,162.27,34.40,33.70,41.73,1008.86
1805,162.36,34.39,33.70,41.72,1008.86
1806,162.45,34.39,33.69,41.71,1008.86
1807,162.54,34.38,33.69,41.72,1008.86
1808,162.63,34.38,33.69,41.73,1008.86
1809,162.72,34.37,33.68,41.73,1008.86
1810,162.81,34.37,33.68,41.74,1008.86
1811,162.90,34.36,33.68,41.73,1008.86
1812,162.99,34.36,33.67,41.73,1008.85
1813,163.08,34.35,33.66,41.74,1008.86
1814,163.17,34.34,33.66,41.74,1008.85
1815,163.26,34.34,33.66,41.74,1008.85
1816,163.35,34.34,33.65,41.75,1008.86
1817,163.44,34.33,33.64,41.73,1008.85
1818,163.53,34.33,33.64,41.74,1008.85
1819,163.62,34.33,33.64,41.75,1008.85
1820,163.71,34.33,33.63,41.75,1008.86
1821,163.80,34.32,33.62,41.75,1008.86
1822,163.89,34.32,33.62,41.74,1008.86
1823,163.98,34.31,33.61,41.75,1008.86
1824,164.07,34.31,33.61,41.75,1008.86
1825,164.16,34.30,33.60,41.75,1008.86
1826,164.25,34.29,33.61,41.74,1008.86
1827,164.34,34.29,33.60,41.74,1008.86
1828,164.43,34.29,33.59,41.77,1008.86
1829,164.52,34.28,33.58,41.78,1008.87
1830,164.61,34.27,33.58,41.78,1008.87
1831,164.70,34.26,33.57,41.78,1008.87
1832,164.79,34.26,33.56,41.79,1008.87
1833,164.88,34.25,33.56,41.79,1008.87
1834,164.97,34.25,33.56,41.80,1008.87
1835,165.06,34.25,33.56,41.80,1008.87
1836,165.15,34.25,33.56,41.80,1008.87
1837,165.24,34.25,33.56,41.80,1008.87
1838,165.33,34.24,33.56,41.79,1008.87
1839,165.42,34.24,33.56,41.78,1008.87
1840,165.51,34.23,33.55,41.77,1008.87
1841,165.60,34.23,33.55,41.76,1008.87
1842,165.69,34.22,33.54,41.76,1008.87
1843,165.78,34.22,33.55,41.76,1008.87
1844,165.87,34.22,33.55,41.76,1008.87
1845,165.96,34.22,33.54,41.77,1008.87
1846,166.05,34.22,33.54,41.76,1008.87
1847,166.14,34.22,33.54,41.77,1008.87
1848,166.23,34.22,33.53,41.77,1008.87
1849,166.32,34.21,33.53,41.76,1008.87
1850,166.41,34.21,33.52,41.76,1008.87
1851,166.50,34.21,33.52,41.75,1008.87
1852,166.59,34.21,33.52,41.74,1008.87
1853,166.68,34.20,33.51,41.75,1008.87
1854,166.77,34.20,33.51,41.74,1008.87
1855,166.86,34.20,33.60,41.71,1008.86
1856,166.95,34.20,33.50,41.70,1008.86
1857,167.04,34.19,33.50,41.72,1008.86
1858,167.13,34.19,33.50,41.72,1008.86
1859,167.22,34.19,33.50,41.72,1008.86
1860,167.31,34.18,33.49,41.72,1008.86
1861,167.40,34.18,33.49,41.73,1008.85
1862,167.49,34.18,33.50,41.72,1008.86
1863,167.58,34.17,33.50,41.74,1008.86
1864,167.67,34.17,33.50,41.74,1008.86
1865,167.76,34.16,33.50,41.72,1008.85
1866,167.85,34.16,33.49,41.72,1008.86
1867,167.94,34.16,33.49,41.72,1008.85
1868,168.03,34.16,33.48,41.73,1008.85
1869,168.12,34.15,33.49,41.73,1008.85
1870,168.21,34.15,33.49,41.73,1008.85
1871,168.30,34.15,33.48,41.73,1008.85
1872,168.39,34.14,33.48,41.72,1008.85
1873,168.48,34.14,33.48,41.72,1008.85
1874,168.57,34.14,33.47,41.72,1008.85
1875,168.66,34.13,33.47,41.72,1008.85
1876,168.75,34.13,33.46,41.71,1008.85
1877,168.84,34.13,33.46,41.71,1008.85
1878,168.93,34.12,33.46,41.72,1008.85
1879,169.02,34.12,33.46,41.72,1008.85
1880,169.11,34.12,33.46,41.72,1008.86
1881,169.20,34.12,33.45,41.73,1008.86
1882,169.29,34.11,33.44,41.72,1008.86
1883,169.38,34.11,33.44,41.73,1008.86
1884,169.47,34.10,33.44,41.72,1008.86
1885,169.56,34.10,33.44,41.74,1008.86
1886,169.65,34.09,33.44,41.74,1008.86
1887,169.74,34.09,33.43,41.75,1008.86
1888,169.83,34.09,33.43,41.75,1008.86
1889,169.92,34.09,33.43,41.74,1008.86
1890,170.01,34.09,33.42,41.73,1008.86
1891,170.10,34.08,33.42,41.74,1008.86
1892,170.19,34.09,33.42,41.74,1008.87
1893,170.28,34.09,33.41,41.75,1008.87
1894,170.37,34.08,33.41,41.75,1008.87
1895,170.46,34.07,33.41,41.73,1008.87
1896,170.55,34.07,33.41,41.73,1008.87
1897,170.64,34.07,33.40,41.72,1008.87
1898,170.73,34.07,33.41,41.72,1008.87
1899,170.82,34.07,33.40,41.73,1008.87
1900,170.91,34.07,33.39,41.73,1008.87
1901,171.00,34.07,33.39,41.72,1008.87
1902,171.09,34.07,33.39,41.72,1008.87
1903,171.18,34.06,33.39,41.71,1008.87
1904,171.27,34.05,33.38,41.70,1008.87
1905,171.36,34.05,33.38,41.70,1008.87
1906,171.45,34.04,33.37,41.71,1008.87
1907,171.54,34.03,33.37,41.69,1008.87
1908,171.63,34.03,33.37,41.69,1008.87
1909,171.72,34.02,33.36,41.69,1008.87
1910,171.81,34.02,33.36,41.69,1008.87
1911,171.90,34.01,33.36,41.68,1008.87
1912,171.99,34.02,33.36,41.69,1008.87
1913,172.08,34.01,33.35,41.69,1008.87
1914,172.17,34.01,33.34,41.69,1008.87
1915,172.26,34.01,33.34,41.67,1008.86
1916,172.35,34.01,33.33,41.68,1008.86
1917,172.44,34.01,33.33,41.68,1008.86
1918,172.53,34.00,33.32,41.67,1008.86
1919,172.62,33.99,33.32,41.68,1008.86
1920,172.71,33.99,33.32,41.68,1008.86
1921,172.80,33.99,33.31,41.68,1008.86
1922,172.89,33.98,33.31,41.68,1008.86
1923,172.98,33.98,33.31,41.68,1008.86
1924,173.07,33.97,33.30,41.70,1008.86
1925,173.16,33.97,33.30,41.70,1008.85
1926,173.25,33.96,33.29,41.68,1008.85
1927,173.34,33.96,33.29,41.68,1008.85
1928,173.43,33.96,33.29,41.67,1008.85
1929,173.52,33.96,33.29,41.67,1008.85
1930,173.61,33.95,33.28,41.67,1008.85
1931,173.70,33.95,33.27,41.65,1008.85
1932,173.79,33.95,33.27,41.66,1008.85
1933,173.88,33.94,33.27,41.66,1008.85
1934,173.97,33.94,33.27,41.67,1008.85
1935,174.06,33.94,33.26,41.70,1008.85
1936,174.15,33.93,33.25,41.70,1008.85
1937,174.24,33.93,33.24,41.70,1008.85
1938,174.33,33.93,33.24,41.70,1008.85
1939,174.42,33.93,33.25,41.71,1008.85
1940,174.51,33.92,33.24,41.71,1008.85
1941,174.60,33.92,33.24,41.70,1008.86
1942,174.69,33.92,33.23,41.70,1008.86
1943,174.78,33.92,33.24,41.70,1008.86
1944,174.87,33.91,33.24,41.71,1008.86
1945,174.96,33.90,33.24,41.70,1008.86
1946,175.05,33.90,33.24,41.70,1008.86
1947,175.14,33.89,33.23,41.70,1008.86
1948,175.23,33.89,33.23,41.70,1008.86
1949,175.32,33.89,33.23,41.69,1008.87
1950,175.41,33.89,33.23,41.70,1008.87
1951,175.50,33.88,33.23,41.68,1008.87
1952,175.59,33.88,33.23,41.69,1008.87
1953,175.68,33.87,33.23,41.69,1008.87
1954,175.77,33.87,33.23,41.69,1008.87
1955,175.86,33.86,33.24,41.68,1008.87
1956,175.95,33.86,33.24,41.69,1008.88
1957,176.04,33.86,33.23,41.70,1008.88
1958,176.13,33.86,33.23,41.68,1008.87
1959,176.22,33.86,33.22,41.68,1008.87
1960,176.31,33.86,33.22,41.67,1008.88
1961,176.40,33.86,33.21,41.67,1008.87
1962,176.49,33.86,33.21,41.67,1008.87
1963,176.58,33.85,33.20,41.66,1008.87
1964,176.67,33.84,33.20,41.66,1008.87
1965,176.76,33.84,33.20,41.65,1008.87
1966,176.85,33.84,33.20,41.65,1008.87
1967,176.94,33.83,33.20,41.68,1008.87
1968,177.03,33.83,33.19,41.67,1008.87
1969,177.12,33.83,33.18,41.67,1008.87
1970,177.21,33.82,33.18,41.68,1008.87
1971,177.30,33.82,33.18,41.69,1008.87
1972,177.39,33.82,33.17,41.69,1008.87
1973,177.48,33.83,33.17,41.70,1008.87
1974,177.57,33.82,33.16,41.71,1008.87
1975,177.66,33.82,33.16,41.70,1008.87
1976,177.75,33.81,33.16,41.69,1008.87
1977,177.84,33.80,33.15,41.69,1008.87
1978,177.93,33.80,33.15,41.69,1008.87
1979,178.02,33.80,33.15,41.69,1008.87
1980,178.11,33.79,33.15,41.68,1008.87
1981,178.20,33.79,33.14,41.68,1008.87
1982,178.29,33.79,33.14,41.68,1008.86
1983,178.38,33.79,33.13,41.68,1008.86
1984,178.47,33.79,33.13,41.69,1008.86
1985,178.56,33.78,33.12,41.68,1008.86
1986,178.65,33.78,33.12,41.68,1008.86
1987,178.74,33.78,33.11,41.69,1008.86
1988,178.83,33.78,33.10,41.67,1008.87
1989,178.92,33.77,33.10,41.66,1008.87
1990,179.01,33.77,33.10,41.67,1008.87
1991,179.10,33.77,33.09,41.66,1008.86
1992,179.19,33.76,33.10,41.65,1008.86
1993,179.28,33.76,33.09,41.65,1008.87
1994,179.37,33.76,33.10,41.66,1008.87
1995,179.46,33.76,33.09,41.66,1008.87
1996,179.55,33.75,33.09,41.65,1008.87
1997,179.64,33.74,33.09,41.66,1008.86
1998,179.73,33.74,33.09,41.67,1008.87
1999,179.82,33.74,33.08,41.69,1008.86
2000,179.91,33.73,33.08,41.69,1008.86
2001,180.00,33.73,33.08,41.68,1008.86
2002,180.09,33.72,33.08,41.68,1008.86
2003,180.18,33.73,33.07,41.70,1008.86
2004,180.27,33.73,33.07,41.69,1008.86
2005,180.36,33.73,33.06,41.69,1008.86
2006,180.45,33.72,33.06,41.69,1008.86
2007,180.54,33.72,33.05,41.69,1008.87
2008,180.63,33.72,33.04,41.69,1008.86
2009,180.72,33.71,33.04,41.69,1008.86
2010,180.81,33.70,33.04,41.69,1008.87
2011,180.90,33.70,33.03,41.70,1008.87
2012,180.99,33.69,33.03,41.70,1008.87
2013,181.08,33.69,33.03,41.71,1008.87
2014,181.17,33.69,33.03,41.70,1008.87
2015,181.26,33.69,33.02,41.71,1008.87
2016,181.35,33.68,33.02,41.70,1008.87
2017,181.44,33.68,33.01,41.69,1008.87
2018,181.53,33.68,32.95,41.70,1008.87
2019,181.62,33.68,33.02,41.69,1008.87
2020,181.71,33.67,33.01,41.67,1008.87
2021,181.80,33.67,33.01,41.67,1008.86
2022,181.89,33.67,33.02,41.66,1008.87
2023,181.98,33.66,33.02,41.67,1008.87
2024,182.07,33.66,33.01,41.68,1008.87
2025,182.16,33.66,33.01,41.67,1008.87
2026,182.25,33.65,33.01,41.69,1008.87
2027,182.34,33.65,33.01,41.68,1008.87
2028,182.43,33.65,33.00,41.68,1008.87
2029,182.52,33.65,33.00,41.67,1008.87
2030,182.61,33.65,33.00,41.69,1008.87
2031,182.70,33.64,32.99,41.68,1008.87
2032,182.79,33.63,32.99,41.69,1008.87
2033,182.88,33.63,32.99,41.69,1008.87
2034,182.97,33.62,32.98,41.69,1008.87
2035,183.06,33.62,32.98,41.69,1008.87
2036,183.15,33.62,32.98,41.68,1008.87
2037,183.24,33.62,32.97,41.68,1008.87
2038,183.33,33.62,32.97,41.68,1008.87
2039,183.42,33.61,32.97,41.68,1008.87
2040,183.51,33.61,32.97,41.67,1008.87
2041,183.60,33.60,32.96,41.68,1008.87
2042,183.69,33.59,32.96,41.67,1008.87
2043,183.78,33.59,32.95,41.66,1008.87
2044,183.87,33.59,32.95,41.67,1008.87
2045,183.96,33.58,32.95,41.67,1008.87
2046,184.05,33.58,32.94,41.68,1008.87
2047,184.14,33.58,32.94,41.69,1008.87
2048,184.23,33.57,32.93,41.70,1008.87
2049,184.32,33.57,32.93,41.70,1008.87
2050,184.41,33.56,32.93,41.70,1008.87
2051,184.50,33.56,32.92,41.69,1008.87
2052,184.59,33.56,32.92,41.69,1008.87
2053,184.68,33.55,32.92,41.69,1008.87
2054,184.77,33.55,32.92,41.69,1008.87
2055,184.86,33.54,32.92,41.69,1008.87
2056,184.95,33.54,32.92,41.69,1008.87
2057,185.04,33.54,32.91,41.70,1008.87
2058,185.13,33.54,32.91,41.70,1008.87
2059,185.22,33.54,32.91,41.71,1008.87
2060,185.31,33.53,32.91,41.70,1008.87
2061,185.40,33.53,32.91,41.72,1008.87
2062,185.49,33.53,32.91,41.72,1008.87
2063,185.58,33.52,32.91,41.71,1008.87
2064,185.67,33.52,32.90,41.71,1008.87
2065,185.76,33.52,32.90,41.71,1008.86
2066,185.85,33.52,32.89,41.72,1008.86
2067,185.94,33.51,32.88,41.72,1008.86
2068,186.03,33.51,32.88,41.74,1008.87
2069,186.12,33.51,32.88,41.74,1008.87
2070,186.21,33.51,32.87,41.74,1008.87
2071,186.30,33.51,32.87,41.75,1008.87
2072,186.39,33.50,32.87,41.74,1008.87
2073,186.48,33.50,32.87,41.74,1008.87
2074,186.57,33.50,32.88,41.74,1008.87
2075,186.66,33.50,32.87,41.73,1008.87
2076,186.75,33.50,32.86,41.73,1008.87
2077,186.84,33.49,32.86,41.74,1008.87
2078,186.93,33.49,32.85,41.74,1008.87
2079,187.02,33.49,32.85,41.74,1008.86
2080,187.11,33.48,32.84,41.75,1008.86
2081,187.20,33.48,32.84,41.76,1008.86
2082,187.29,33.48,32.85,41.76,1008.87
2083,187.38,33.48,32.85,41.76,1008.87
2084,187.47,33.47,32.85,41.75,1008.87
2085,187.56,33.47,32.77,41.74,1008.87
2086,187.65,33.46,32.81,41.74,1008.87
2087,187.74,33.46,32.84,41.74,1008.87
2088,187.83,33.46,32.85,41.73,1008.87
2089,187.92,33.46,32.84,41.72,1008.87
2090,188.01,33.46,32.85,41.73,1008.87
2091,188.10,33.46,32.84,41.74,1008.87
2092,188.19,33.46,32.84,41.75,1008.87
2093,188.28,33.46,32.83,41.73,1008.87
2094,188.37,33.45,32.83,41.72,1008.87
2095,188.46,33.45,32.82,41.71,1008.87
2096,188.55,33.45,32.82,41.71,1008.87
2097,188.64,33.45,32.82,41.71,1008.87
2098,188.73,33.45,32.81,41.72,1008.87
2099,188.82,33.44,32.81,41.72,1008.87
2100,188.91,33.44,32.81,41.72,1008.87
2101,189.00,33.43,32.81,41.72,1008.87
2102,189.09,33.44,32.80,41.72,1008.87
2103,189.18,33.43,32.85,41.71,1008.87
2104,189.27,33.43,32.80,41.71,1008.87
2105,189.36,33.43,32.79,41.71,1008.87
2106,189.45,33.42,32.79,41.69,1008.87
2107,189.54,33.41,32.78,41.69,1008.87
2108,189.63,33.41,32.77,41.70,1008.87
2109,189.72,33.40,32.77,41.71,1008.87
2110,189.81,33.40,32.76,41.71,1008.87
2111,189.90,33.40,32.76,41.71,1008.87
2112,189.99,33.40,32.76,41.71,1008.87
2113,190.08,33.40,32.75,41.72,1008.87
2114,190.17,33.39,32.74,41.72,1008.87
2115,190.26,33.39,32.74,41.72,1008.87
2116,190.35,33.39,32.74,41.71,1008.87
2117,190.44,33.38,32.74,41.72,1008.87
2118,190.53,33.38,32.74,41.72,1008.87
2119,190.62,33.38,32.74,41.72,1008.87
2120,190.71,33.38,32.74,41.71,1008.87
2121,190.80,33.37,32.74,41.72,1008.87
2122,190.89,33.38,32.74,41.72,1008.87
2123,190.98,33.37,32.74,41.73,1008.87
2124,191.07,33.37,32.74,41.73,1008.87
2125,191.16,33.36,32.74,41.73,1008.87
2126,191.25,33.36,32.73,41.76,1008.87
2127,191.34,33.37,32.73,41.76,1008.87
2128,191.43,33.36,32.74,41.77,1008.87
2129,191.52,33.36,32.74,41.76,1008.87
2130,191.61,33.35,32.64,41.77,1008.87
2131,191.70,33.35,32.69,41.76,1008.87
2132,191.79,33.35,32.71,41.78,1008.87
2133,191.88,33.35,32.71,41.77,1008.87
2134,191.97,33.35,32.71,41.76,1008.87
2135,192.06,33.35,32.71,41.75,1008.87
2136,192.15,33.34,32.71,41.74,1008.87
2137,192.24,33.34,32.71,41.75,1008.87
2138,192.33,33.33,32.70,41.75,1008.87
2139,192.42,33.33,32.70,41.76,1008.87
2140,192.51,33.32,32.69,41.74,1008.87
2141,192.60,33.32,32.69,41.74,1008.87
2142,192.69,33.31,32.69,41.75,1008.88
2143,192.78,33.31,32.68,41.75,1008.88
2144,192.87,33.30,32.68,41.75,1008.88
2145,192.96,33.31,32.68,41.74,1008.88
2146,193.05,33.30,32.68,41.74,1008.88
2147,193.14,33.29,32.67,41.72,1008.87
2148,193.23,33.29,32.67,41.72,1008.88
2149,193.32,33.28,32.66,41.72,1008.88
2150,193.41,33.28,32.66,41.71,1008.88
2151,193.50,33.27,32.66,41.72,1008.88
2152,193.59,33.27,32.65,41.71,1008.88
2153,193.68,33.27,32.65,41.71,1008.88
2154,193.77,33.26,32.65,41.71,1008.88
2155,193.86,33.26,32.65,41.70,1008.88
2156,193.95,33.26,32.64,41.72,1008.88
2157,194.04,33.26,32.64,41.72,1008.88
2158,194.13,33.26,32.64,41.72,1008.88
2159,194.22,33.26,32.64,41.73,1008.88
2160,194.31,33.25,32.63,41.73,1008.88
2161,194.40,33.24,32.63,41.72,1008.88
2162,194.49,33.24,32.63,41.70,1008.88
2163,194.58,33.24,32.63,41.70,1008.88
2164,194.67,33.23,32.62,41.71,1008.88
2165,194.76,33.23,32.62,41.71,1008.88
2166,194.85,33.23,32.62,41.71,1008.88
2167,194.94,33.23,32.62,41.70,1008.88
2168,195.03,33.23,32.62,41.72,1008.88
2169,195.12,33.23,32.62,41.70,1008.88
2170,195.21,33.22,32.61,41.71,1008.88
2171,195.30,33.22,32.61,41.70,1008.88
2172,195.39,33.22,32.60,41.71,1008.88
2173,195.48,33.21,32.59,41.71,1008.87
2174,195.57,33.21,32.59,41.71,1008.87
2175,195.66,33.21,32.59,41.71,1008.87
2176,195.75,33.20,32.59,41.72,1008.87
2177,195.84,33.19,32.58,41.73,1008.87
2178,195.93,33.19,32.58,41.73,1008.87
2179,196.02,33.19,32.58,41.72,1008.87
2180,196.11,33.19,32.58,41.72,1008.87
2181,196.20,33.18,32.58,41.73,1008.87
2182,196.29,33.17,32.58,41.71,1008.87
2183,196.38,33.17,32.59,41.73,1008.87
2184,196.47,33.16,32.59,41.75,1008.87
2185,196.56,33.16,32.58,41.75,1008.87
2186,196.65,33.15,32.57,41.75,1008.87
2187,196.74,33.14,32.57,41.75,1008.87
2188,196.83,33.13,32.57,41.73,1008.87
2189,196.92,33.12,32.56,41.74,1008.87
2190,197.01,33.12,32.56,41.73,1008.87
2191,197.10,33.11,32.56,41.72,1008.87
2192,197.19,33.11,32.56,41.73,1008.87
2193,197.28,33.11,32.55,41.73,1008.87
2194,197.37,33.10,32.54,41.74,1008.87
2195,197.46,33.09,32.53,41.75,1008.87
2196,197.55,33.09,32.53,41.76,1008.87
2197,197.64,33.09,32.53,41.76,1008.87
2198,197.73,33.09,32.54,41.77,1008.87
2199,197.82,33.09,32.53,41.77,1008.87
2200,197.91,33.09,32.53,41.77,1008.87
2201,198.00,33.09,32.52,41.77,1008.87
2202,198.09,33.09,32.52,41.76,1008.87
2203,198.18,33.09,32.51,41.76,1008.87
2204,198.27,33.09,32.50,41.75,1008.87
2205,198.36,33.10,32.50,41.76,1008.87
2206,198.45,33.10,32.50,41.76,1008.87
2207,198.54,33.09,32.49,41.76,1008.87
2208,198.63,33.09,32.49,41.77,1008.87
2209,198.72,33.08,32.49,41.76,1008.87
2210,198.81,33.08,32.49,41.76,1008.86
2211,198.90,33.08,32.49,41.76,1008.86
2212,198.99,33.08,32.48,41.76,1008.86
2213,199.08,33.08,32.48,41.76,1008.86
2214,199.17,33.08,32.47,41.75,1008.86
2215,199.26,33.08,32.48,41.76,1008.86
2216,199.35,33.08,32.47,41.77,1008.86
2217,199.44,33.08,32.47,41.78,1008.87
2218,199.53,33.08,32.47,41.76,1008.86
2219,199.62,33.07,32.46,41.77,1008.86
2220,199.71,33.07,32.46,41.77,1008.86
2221,199.80,33.07,32.46,41.77,1008.86
2222,199.89,33.06,32.46,41.77,1008.86
2223,199.98,33.05,32.46,41.78,1008.86
2224,200.07,33.05,32.46,41.79,1008.86
2225,200.16,33.04,32.46,41.78,1008.86
2226,200.25,33.04,32.46,41.78,1008.86
2227,200.34,33.04,32.46,41.79,1008.86
2228,200.43,33.04,32.46,41.80,1008.86
2229,200.52,33.04,32.46,41.81,1008.86
2230,200.61,33.04,32.46,41.82,1008.86
2231,200.70,33.04,32.46,41.82,1008.86
2232,200.79,33.04,32.46,41.82,1008.86
2233,200.88,33.03,32.46,41.83,1008.86
2234,200.97,33.03,32.46,41.81,1008.86
2235,201.06,33.03,32.46,41.82,1008.86
2236,201.15,33.03,32.46,41.83,1008.86
2237,201.24,33.03,32.45,41.83,1008.86
2238,201.33,33.03,32.45,41.84,1008.86
2239,201.42,33.03,32.45,41.85,1008.86
2240,201.51,33.03,32.44,41.84,1008.86
2241,201.60,33.02,32.44,41.83,1008.86
2242,201.69,33.02,32.44,41.85,1008.86
2243,201.78,33.02,32.43,41.84,1008.86
2244,201.87,33.01,32.44,41.86,1008.86
2245,201.96,33.01,32.44,41.85,1008.86
2246,202.05,33.02,32.43,41.87,1008.86
2247,202.14,33.02,32.43,41.88,1008.86
2248,202.23,33.01,32.43,41.87,1008.86
2249,202.32,33.00,32.43,41.86,1008.86
2250,202.41,33.00,32.42,41.86,1008.86
2251,202.50,33.00,32.41,41.84,1008.86
2252,202.59,33.00,32.40,41.81,1008.86
2253,202.68,32.99,32.41,41.80,1008.86
2254,202.77,32.99,32.40,41.81,1008.86
2255,202.86,32.99,32.39,41.81,1008.86
2256,202.95,32.99,32.38,41.81,1008.86
2257,203.04,32.99,32.38,41.81,1008.86
2258,203.13,32.99,32.38,41.81,1008.86
2259,203.22,32.99,32.38,41.81,1008.86
2260,203.31,32.98,32.37,41.80,1008.86
2261,203.40,32.98,32.37,41.82,1008.86
2262,203.49,32.98,32.36,41.80,1008.86
2263,203.58,32.98,32.35,41.81,1008.86
2264,203.67,32.98,32.35,41.83,1008.86
2265,203.76,32.97,32.35,41.82,1008.86
2266,203.85,32.97,32.35,41.83,1008.86
2267,203.94,32.97,32.34,41.84,1008.86
2268,204.03,32.96,32.34,41.85,1008.86
2269,204.12,32.96,32.34,41.84,1008.86
2270,204.21,32.95,32.35,41.85,1008.86
2271,204.30,32.95,32.34,41.85,1008.86
2272,204.39,32.95,32.33,41.85,1008.86
2273,204.48,32.95,32.33,41.85,1008.85
2274,204.57,32.95,32.32,41.85,1008.85
2275,204.66,32.95,32.32,41.85,1008.85
2276,204.75,32.94,32.32,41.86,1008.85
2277,204.84,32.94,32.31,41.88,1008.85
2278,204.93,32.94,32.31,41.89,1008.85
2279,205.02,32.94,32.30,41.90,1008.85
2280,205.11,32.93,32.30,41.90,1008.85
2281,205.20,32.93,32.31,41.89,1008.85
2282,205.29,32.92,32.30,41.89,1008.85
2283,205.38,32.92,32.30,41.88,1008.85
2284,205.47,32.91,32.30,41.89,1008.85
2285,205.56,32.92,32.29,41.88,1008.85
2286,205.65,32.91,32.29,41.87,1008.85
2287,205.74,32.91,32.29,41.87,1008.85
2288,205.83,32.90,32.29,41.87,1008.85
2289,205.92,32.90,32.29,41.87,1008.85
2290,206.01,32.89,32.29,41.86,1008.85
2291,206.10,32.90,32.29,41.87,1008.85
2292,206.19,32.90,32.29,41.87,1008.86
2293,206.28,32.89,32.28,41.88,1008.86
2294,206.37,32.89,32.27,41.88,1008.86
2295,206.46,32.89,32.27,41.87,1008.86
2296,206.55,32.88,32.27,41.88,1008.86
2297,206.64,32.88,32.27,41.89,1008.86
2298,206.73,32.88,32.26,41.88,1008.86
2299,206.82,32.88,32.26,41.88,1008.86
2300,206.91,32.87,32.26,41.87,1008.86
2301,207.00,32.88,32.25,41.86,1008.86
2302,207.09,32.88,32.25,41.86,1008.86
2303,207.18,32.88,32.25,41.87,1008.86
2304,207.27,32.88,32.25,41.87,1008.86
2305,207.36,32.88,32.25,41.88,1008.86
2306,207.45,32.88,32.26,41.89,1008.87
2307,207.54,32.87,32.26,41.88,1008.87
2308,207.63,32.87,32.24,41.88,1008.87
2309,207.72,32.87,32.24,41.88,1008.87
2310,207.81,32.86,32.23,41.89,1008.86
2311,207.90,32.85,32.24,41.88,1008.86
2312,207.99,32.85,32.24,41.87,1008.86
2313,208.08,32.85,32.23,41.86,1008.86
2314,208.17,32.85,32.23,41.88,1008.86
2315,208.26,32.84,32.23,41.87,1008.86
2316,208.35,32.84,32.23,41.88,1008.86
2317,208.44,32.84,32.23,41.89,1008.86
2318,208.53,32.84,32.23,41.89,1008.86
2319,208.62,32.84,32.24,41.89,1008.86
2320,208.71,32.84,32.24,41.89,1008.86
2321,208.80,32.83,32.24,41.90,1008.86
2322,208.89,32.83,32.24,41.91,1008.86
2323,208.98,32.82,32.24,41.93,1008.86
2324,209.07,32.82,32.23,41.91,1008.86
2325,209.16,32.82,32.24,41.91,1008.86
2326,209.25,32.81,32.23,41.91,1008.86
2327,209.34,32.80,32.22,41.91,1008.86
2328,209.43,32.80,32.22,41.90,1008.86
2329,209.52,32.80,32.22,41.90,1008.86
2330,209.61,32.80,32.22,41.89,1008.85
2331,209.70,32.79,32.22,41.90,1008.86
2332,209.79,32.79,32.22,41.90,1008.86
2333,209.88,32.78,32.21,41.90,1008.86
2334,209.97,32.78,32.20,41.91,1008.86
2335,210.06,32.78,32.20,41.89,1008.86
2336,210.15,32.78,32.19,41.90,1008.86
2337,210.24,32.77,32.20,41.89,1008.86
2338,210.33,32.77,32.19,41.89,1008.86
2339,210.42,32.78,32.18,41.89,1008.86
2340,210.51,32.77,32.17,41.90,1008.86
2341,210.60,32.77,32.17,41.90,1008.86
2342,210.69,32.76,32.17,41.93,1008.86
2343,210.78,32.77,32.17,41.94,1008.86
2344,210.87,32.76,32.17,41.95,1008.86
2345,210.96,32.75,32.16,41.95,1008.86
2346,211.05,32.75,32.16,41.95,1008.87
2347,211.14,32.74,32.16,41.95,1008.87
2348,211.23,32.74,32.15,41.95,1008.87
2349,211.32,32.73,32.15,41.96,1008.87
2350,211.41,32.73,32.15,41.96,1008.87
2351,211.50,32.72,32.15,41.96,1008.87
2352,211.59,32.71,32.15,41.96,1008.87
2353,211.68,32.70,32.15,41.97,1008.87
2354,211.77,32.70,32.15,41.97,1008.87
2355,211.86,32.70,32.15,41.96,1008.87
2356,211.95,32.71,32.15,41.95,1008.88
2357,212.04,32.70,32.15,41.96,1008.88
2358,212.13,32.70,32.15,41.95,1008.88
2359,212.22,32.70,32.15,41.95,1008.88
2360,212.31,32.70,32.14,41.96,1008.88
2361,212.40,32.69,32.13,41.95,1008.88
2362,212.49,32.69,32.13,41.93,1008.88
2363,212.58,32.69,32.12,41.94,1008.88
2364,212.67,32.68,32.12,41.93,1008.88
2365,212.76,32.68,32.11,41.91,1008.88
2366,212.85,32.68,32.11,41.92,1008.88
2367,212.94,32.68,32.10,41.90,1008.88
2368,213.03,32.68,32.09,41.90,1008.88
2369,213.12,32.67,32.09,41.90,1008.88
2370,213.21,32.67,32.08,41.90,1008.88
2371,213.30,32.67,32.08,41.88,1008.88
2372,213.39,32.67,32.07,41.87,1008.88
2373,213.48,32.67,32.07,41.88,1008.88
2374,213.57,32.67,32.07,41.88,1008.88
2375,213.66,32.67,32.07,41.88,1008.88
2376,213.75,32.66,32.06,41.88,1008.88
2377,213.84,32.66,32.05,41.87,1008.88
2378,213.93,32.66,32.05,41.86,1008.88
2379,214.02,32.65,32.04,41.86,1008.87
2380,214.11,32.66,32.03,41.86,1008.88
2381,214.20,32.65,32.02,41.86,1008.87
2382,214.29,32.66,32.02,41.86,1008.87
2383,214.38,32.65,32.02,41.87,1008.87
2384,214.47,32.66,32.01,41.86,1008.87
2385,214.56,32.66,32.01,41.87,1008.87
2386,214.65,32.65,32.01,41.87,1008.87
2387,214.74,32.65,32.01,41.87,1008.87
2388,214.83,32.64,32.00,41.89,1008.87
2389,214.92,32.64,31.99,41.88,1008.87
2390,215.01,32.63,31.99,41.90,1008.87
2391,215.10,32.63,31.98,41.89,1008.87
2392,215.19,32.62,31.98,41.89,1008.86
2393,215.28,32.61,31.98,41.88,1008.87
2394,215.37,32.62,31.98,41.88,1008.87
2395,215.46,32.62,31.99,41.90,1008.87
2396,215.55,32.61,31.99,41.90,1008.87
2397,215.64,32.61,32.00,41.89,1008.87
2398,215.73,32.61,32.00,41.90,1008.87
2399,215.82,32.60,32.01,41.90,1008.87
2400,215.91,32.59,32.01,41.90,1008.87
2401,216.00,32.59,32.01,41.88,1008.87
2402,216.09,32.59,32.00,41.87,1008.88
2403,216.18,32.59,32.01,41.87,1008.88
2404,216.27,32.58,32.01,41.86,1008.88
2405,216.36,32.59,32.01,41.86,1008.88
2406,216.45,32.59,32.01,41.86,1008.88
2407,216.54,32.58,32.00,41.86,1008.88
2408,216.63,32.58,32.01,41.88,1008.88
2409,216.72,32.58,32.01,41.90,1008.88
2410,216.81,32.58,32.00,41.91,1008.88
2411,216.90,32.58,32.00,41.92,1008.88
2412,216.99,32.58,31.99,41.93,1008.88
2413,217.08,32.58,31.99,41.92,1008.88
2414,217.17,32.58,31.98,41.93,1008.88
2415,217.26,32.58,31.98,41.94,1008.88
2416,217.35,32.58,31.98,41.96,1008.88
2417,217.44,32.58,31.98,41.96,1008.88
2418,217.53,32.58,31.97,41.96,1008.88
2419,217.62,32.58,31.97,41.96,1008.88
2420,217.71,32.57,31.97,41.96,1008.88
2421,217.80,32.57,31.97,41.95,1008.88
2422,217.89,32.57,31.98,41.96,1008.88
2423,217.98,32.56,31.98,41.97,1008.88
2424,218.07,32.57,31.98,41.96,1008.88
2425,218.16,32.57,31.97,41.98,1008.88
2426,218.25,32.57,31.97,41.97,1008.88
2427,218.34,32.56,31.97,41.96,1008.88
2428,218.43,32.55,31.96,41.96,1008.88
2429,218.52,32.54,31.96,41.95,1008.88
2430,218.61,32.54,31.96,41.97,1008.88
2431,218.70,32.53,31.96,41.96,1008.88
2432,218.79,32.54,31.96,41.95,1008.88
2433,218.88,32.53,31.96,41.96,1008.88
2434,218.97,32.53,31.95,41.95,1008.88
2435,219.06,32.53,31.95,41.95,1008.88
2436,219.15,32.52,31.95,41.95,1008.88
2437,219.24,32.52,31.94,41.95,1008.87
2438,219.33,32.52,31.94,41.95,1008.87
2439,219.42,32.52,31.94,41.94,1008.87
2440,219.51,32.52,31.93,41.94,1008.87
2441,219.60,32.52,31.93,41.94,1008.87
2442,219.69,32.51,31.93,41.94,1008.87
2443,219.78,32.51,31.93,41.94,1008.87
2444,219.87,32.51,31.93,41.95,1008.87
2445,219.96,32.51,31.93,41.95,1008.87
2446,220.05,32.51,31.92,41.96,1008.87
2447,220.14,32.51,31.92,41.97,1008.87
2448,220.23,32.51,31.92,41.96,1008.87
2449,220.32,32.50,31.93,41.97,1008.87
2450,220.41,32.50,31.93,41.97,1008.87
2451,220.50,32.50,31.92,41.97,1008.87
2452,220.59,32.50,31.92,41.97,1008.87
2453,220.68,32.49,31.91,41.96,1008.87
2454,220.77,32.49,31.91,41.98,1008.87
2455,220.86,32.49,31.91,41.98,1008.87
2456,220.95,32.48,31.91,41.98,1008.87
2457,221.04,32.48,31.91,41.97,1008.87
2458,221.13,32.48,31.91,41.97,1008.87
2459,221.22,32.47,31.90,41.98,1008.87
2460,221.31,32.47,31.91,41.98,1008.87
2461,221.40,32.46,31.90,41.97,1008.87
2462,221.49,32.46,31.90,41.96,1008.87
2463,221.58,32.46,31.89,41.95,1008.87
2464,221.67,32.45,31.88,41.94,1008.87
2465,221.76,32.45,31.88,41.94,1008.87
2466,221.85,32.45,31.88,41.95,1008.87
2467,221.94,32.45,31.87,41.94,1008.88
2468,222.03,32.44,31.88,41.95,1008.88
2469,222.12,32.44,31.87,41.95,1008.87
2470,222.21,32.44,31.87,41.95,1008.88
2471,222.30,32.44,31.86,41.97,1008.88
2472,222.39,32.44,31.86,41.98,1008.88
2473,222.48,32.43,31.86,41.97,1008.88
2474,222.57,32.42,31.86,41.97,1008.88
2475,222.66,32.42,31.86,41.98,1008.88
2476,222.75,32.41,31.86,41.99,1008.88
2477,222.84,32.42,31.86,41.99,1008.88
2478,222.93,32.41,31.86,42.01,1008.88
2479,223.02,32.41,31.85,42.01,1008.88
2480,223.11,32.40,31.86,42.01,1008.88
2481,223.20,32.41,31.85,41.99,1008.88
2482,223.29,32.41,31.85,41.98,1008.88
2483,223.38,32.40,31.84,41.98,1008.88
2484,223.47,32.40,31.84,41.97,1008.88
2485,223.56,32.40,31.83,41.97,1008.88
2486,223.65,32.40,31.83,41.95,1008.88
2487,223.74,32.40,31.82,41.95,1008.88
2488,223.83,32.39,31.82,41.95,1008.88
2489,223.92,32.39,31.81,41.95,1008.87
2490,224.01,32.39,31.80,41.95,1008.87
2491,224.10,32.38,31.81,41.95,1008.87
2492,224.19,32.38,31.80,41.95,1008.87
2493,224.28,32.38,31.81,41.94,1008.87
2494,224.37,32.38,31.80,41.92,1008.86
2495,224.46,32.37,31.79,41.91,1008.86
2496,224.55,32.37,31.79,41.91,1008.86
2497,224.64,32.37,31.79,41.91,1008.86
2498,224.73,32.37,31.80,41.89,1008.86
2499,224.82,32.37,31.79,41.90,1008.86
2500,224.91,32.37,31.79,41.90,1008.86
2501,225.00,32.37,31.79,41.90,1008.86
2502,225.09,32.37,31.77,41.89,1008.86
2503,225.18,32.36,31.77,41.88,1008.86
2504,225.27,32.36,31.77,41.89,1008.86
2505,225.36,32.36,31.77,41.88,1008.86
2506,225.45,32.35,31.77,41.87,1008.86
2507,225.54,32.35,31.76,41.89,1008.86
2508,225.63,32.35,31.76,41.90,1008.86
2509,225.72,32.35,31.76,41.91,1008.86
2510,225.81,32.35,31.76,41.90,1008.86
2511,225.90,32.35,31.77,41.91,1008.86
2512,225.99,32.35,31.76,41.91,1008.85
2513,226.08,32.35,31.76,41.90,1008.85
2514,226.17,32.35,31.76,41.88,1008.85
2515,226.26,32.35,31.76,41.88,1008.85
2516,226.35,32.35,31.75,41.89,1008.86
2517,226.44,32.35,31.75,41.89,1008.85
2518,226.53,32.35,31.75,41.88,1008.85
2519,226.62,32.35,31.75,41.88,1008.85
2520,226.71,32.35,31.75,41.87,1008.85
2521,226.80,32.36,31.75,41.89,1008.85
2522,226.89,32.35,31.75,41.92,1008.85
2523,226.98,32.34,31.75,41.91,1008.85
2524,227.07,32.34,31.75,41.92,1008.85
2525,227.16,32.33,31.75,41.92,1008.85
2526,227.25,32.33,31.74,41.91,1008.85
2527,227.34,32.33,31.74,41.91,1008.85
2528,227.43,32.32,31.73,41.92,1008.85
2529,227.52,32.31,31.73,41.93,1008.85
2530,227.61,32.31,31.74,41.92,1008.85
2531,227.70,32.30,31.74,41.92,1008.85
2532,227.79,32.29,31.74,41.92,1008.85
2533,227.88,32.29,31.74,41.92,1008.85
2534,227.97,32.29,31.73,41.92,1008.86
2535,228.06,32.28,31.73,41.92,1008.86
2536,228.15,32.28,31.73,41.92,1008.86
2537,228.24,32.28,31.73,41.91,1008.86
2538,228.33,32.28,31.73,41.92,1008.86
2539,228.42,32.27,31.73,41.92,1008.86
2540,228.51,32.28,31.73,41.92,1008.86
2541,228.60,32.27,31.72,41.91,1008.86
2542,228.69,32.28,31.73,41.90,1008.86
2543,228.78,32.27,31.72,41.90,1008.86
2544,228.87,32.27,31.72,41.89,1008.86
2545,228.96,32.26,31.72,41.88,1008.86
2546,229.05,32.26,31.71,41.88,1008.86
2547,229.14,32.26,31.71,41.91,1008.86
2548,229.23,32.26,31.71,41.91,1008.86
2549,229.32,32.27,31.71,41.91,1008.86
2550,229.41,32.27,31.70,41.93,1008.86
2551,229.50,32.26,31.70,41.94,1008.86
2552,229.59,32.26,31.70,41.92,1008.86
2553,229.68,32.26,31.70,41.92,1008.86
2554,229.77,32.25,31.70,41.91,1008.86
2555,229.86,32.24,31.71,41.93,1008.86
2556,229.95,32.24,31.69,41.93,1008.86
2557,230.04,32.25,31.70,41.92,1008.86
2558,230.13,32.24,31.69,41.94,1008.86
2559,230.22,32.23,31.68,41.94,1008.86
2560,230.31,32.23,31.68,41.93,1008.86
2561,230.40,32.23,31.68,41.93,1008.86
2562,230.49,32.23,31.67,41.91,1008.86
2563,230.58,32.22,31.67,41.90,1008.86
2564,230.67,32.22,31.67,41.90,1008.86
2565,230.76,32.22,31.67,41.90,1008.86
2566,230.85,32.22,31.67,41.90,1008.86
2567,230.94,32.22,31.67,41.90,1008.86
2568,231.03,32.21,31.66,41.89,1008.86
2569,231.12,32.21,31.65,41.89,1008.86
2570,231.21,32.21,31.65,41.90,1008.86
2571,231.30,32.21,31.65,41.89,1008.85
2572,231.39,32.20,31.64,41.88,1008.85
2573,231.48,32.20,31.64,41.89,1008.85
2574,231.57,32.20,31.64,41.90,1008.85
2575,231.66,32.19,31.63,41.91,1008.85
2576,231.75,32.19,31.63,41.90,1008.84
2577,231.84,32.29,31.62,41.89,1008.84
2578,231.93,32.23,31.62,41.89,1008.84
2579,232.02,32.19,31.62,41.88,1008.84
2580,232.11,32.18,31.61,41.87,1008.84
2581,232.20,32.18,31.61,41.87,1008.84
2582,232.29,32.18,31.60,41.87,1008.84
2583,232.38,32.18,31.60,41.88,1008.84
2584,232.47,32.17,31.60,41.88,1008.84
2585,232.56,32.17,31.59,41.89,1008.84
2586,232.65,32.16,31.59,41.90,1008.84
2587,232.74,32.15,31.58,41.90,1008.84
2588,232.83,32.15,31.58,41.89,1008.84
2589,232.92,32.16,31.58,41.89,1008.84
2590,233.01,32.16,31.58,41.89,1008.84
2591,233.10,32.15,31.57,41.89,1008.85
2592,233.19,32.16,31.57,41.89,1008.85
2593,233.28,32.16,31.57,41.90,1008.85
2594,233.37,32.16,31.58,41.91,1008.85
2595,233.46,32.15,31.59,41.91,1008.85
2596,233.55,32.15,31.58,41.89,1008.85
2597,233.64,32.15,31.58,41.89,1008.85
2598,233.73,32.14,31.57,41.89,1008.85
2599,233.82,32.14,31.58,41.88,1008.86
2600,233.91,32.06,31.58,41.88,1008.86
2601,234.00,32.10,31.58,41.89,1008.86
2602,234.09,32.13,31.59,41.89,1008.86
2603,234.18,32.13,31.58,41.88,1008.86
2604,234.27,32.13,31.57,41.89,1008.86
2605,234.36,32.13,31.57,41.89,1008.86
2606,234.45,32.12,31.57,41.89,1008.86
2607,234.54,32.12,31.58,41.89,1008.86
2608,234.63,32.12,31.57,41.89,1008.86
2609,234.72,32.11,31.57,41.90,1008.86
2610,234.81,32.11,31.56,41.91,1008.87
2611,234.90,32.10,31.56,41.90,1008.87
2612,234.99,32.10,31.56,41.89,1008.87
2613,235.08,32.10,31.56,41.89,1008.87
2614,235.17,32.10,31.57,41.91,1008.87
2615,235.26,32.10,31.57,41.90,1008.87
2616,235.35,32.10,31.57,41.91,1008.88
2617,235.44,32.10,31.57,41.91,1008.88
2618,235.53,32.09,31.56,41.91,1008.88
2619,235.62,32.09,31.56,41.90,1008.88
2620,235.71,32.09,31.56,41.91,1008.88
2621,235.80,32.09,31.56,41.91,1008.88
2622,235.89,32.09,31.56,41.90,1008.88
2623,235.98,32.09,31.55,41.91,1008.87
2624,236.07,32.08,31.53,41.92,1008.87
2625,236.16,32.08,31.53,41.92,1008.87
2626,236.25,32.18,31.53,41.92,1008.87
2627,236.34,32.07,31.53,41.93,1008.87
2628,236.43,32.07,31.52,41.93,1008.87
2629,236.52,32.07,31.52,41.93,1008.87
2630,236.61,32.06,31.52,41.94,1008.87
2631,236.70,32.06,31.51,41.93,1008.87
2632,236.79,32.06,31.51,41.93,1008.87
2633,236.88,32.06,31.51,41.93,1008.87
2634,236.97,32.06,31.51,41.93,1008.87
2635,237.06,32.06,31.50,41.92,1008.87
2636,237.15,32.06,31.51,41.91,1008.86
2637,237.24,32.05,31.50,41.91,1008.86
2638,237.33,32.05,31.51,41.91,1008.86
2639,237.42,32.05,31.51,41.91,1008.86
2640,237.51,32.05,31.51,41.90,1008.86
2641,237.60,32.05,31.50,41.90,1008.86
2642,237.69,32.04,31.50,41.90,1008.86
2643,237.78,32.04,31.50,41.91,1008.86
2644,237.87,32.04,31.50,41.91,1008.86
2645,237.96,32.04,31.49,41.90,1008.86
2646,238.05,32.03,31.49,41.90,1008.86
2647,238.14,32.03,31.49,41.89,1008.86
2648,238.23,32.03,31.49,41.90,1008.86
2649,238.32,32.02,31.48,41.91,1008.86
2650,238.41,32.02,31.48,41.92,1008.86
2651,238.50,32.01,31.48,41.90,1008.86
2652,238.59,32.01,31.48,41.91,1008.86
2653,238.68,32.00,31.47,41.90,1008.87
2654,238.77,32.00,31.47,41.92,1008.87
2655,238.86,32.00,31.47,41.92,1008.86
2656,238.95,32.00,31.47,41.92,1008.86
2657,239.04,32.00,31.46,41.92,1008.87
2658,239.13,32.00,31.46,41.91,1008.87
2659,239.22,32.00,31.46,41.90,1008.87
2660,239.31,31.99,31.46,41.91,1008.87
2661,239.40,31.99,31.46,41.93,1008.87
2662,239.49,31.99,31.46,41.93,1008.87
2663,239.58,31.98,31.47,41.95,1008.88
2664,239.67,31.98,31.46,41.94,1008.88
2665,239.76,31.98,31.45,41.93,1008.88
2666,239.85,31.98,31.45,41.93,1008.88
2667,239.94,31.98,31.45,41.93,1008.88
2668,240.03,31.97,31.44,41.93,1008.88
2669,240.12,31.96,31.45,41.93,1008.88
2670,240.21,31.96,31.45,41.93,1008.89
2671,240.30,31.96,31.44,41.94,1008.89
2672,240.39,31.96,31.44,41.94,1008.89
2673,240.48,31.96,31.43,41.94,1008.89
2674,240.57,31.95,31.44,41.95,1008.89
2675,240.66,31.96,31.44,41.94,1008.89
2676,240.75,31.95,31.44,41.94,1008.89
2677,240.84,31.95,31.43,41.93,1008.89
2678,240.93,31.95,31.43,41.93,1008.89
2679,241.02,31.95,31.44,41.92,1008.89
2680,241.11,31.94,31.43,41.91,1008.89
2681,241.20,31.94,31.43,41.91,1008.89
2682,241.29,31.94,31.43,41.91,1008.89
2683,241.38,31.93,31.42,41.89,1008.89
2684,241.47,31.93,31.42,41.89,1008.88
2685,241.56,31.93,31.41,41.89,1008.88
2686,241.65,31.93,31.41,41.91,1008.88
2687,241.74,31.93,31.41,41.90,1008.88
2688,241.83,31.93,31.41,41.91,1008.88
2689,241.92,31.93,31.41,41.90,1008.88
2690,242.01,31.92,31.41,41.89,1008.88
2691,242.10,31.92,31.41,41.89,1008.88
2692,242.19,31.92,31.41,41.88,1008.88
2693,242.28,31.92,31.40,41.89,1008.88
2694,242.37,31.93,31.39,41.88,1008.88
2695,242.46,31.93,31.39,41.89,1008.88
2696,242.55,31.93,31.38,41.89,1008.88
2697,242.64,31.93,31.37,41.89,1008.88
2698,242.73,31.92,31.38,41.89,1008.87
2699,242.82,31.92,31.38,41.89,1008.87
2700,242.91,31.91,31.38,41.90,1008.88
2701,243.00,31.91,31.37,41.89,1008.87
2702,243.09,31.90,31.37,41.87,1008.87
2703,243.18,31.90,31.38,41.86,1008.87
2704,243.27,31.90,31.37,41.86,1008.87
2705,243.36,31.90,31.37,41.87,1008.87
2706,243.45,31.90,31.37,41.87,1008.87
2707,243.54,31.90,31.37,41.86,1008.87
2708,243.63,31.90,31.37,41.86,1008.87
2709,243.72,31.89,31.36,41.85,1008.87
2710,243.81,31.89,31.36,41.86,1008.87
2711,243.90,31.89,31.36,41.87,1008.87
2712,243.99,31.90,31.36,41.87,1008.87
2713,244.08,31.90,31.35,41.87,1008.87
2714,244.17,31.90,31.35,41.86,1008.87
2715,244.26,31.89,31.34,41.86,1008.87
2716,244.35,31.89,31.34,41.87,1008.87
2717,244.44,31.89,31.35,41.87,1008.87
2718,244.53,31.88,31.34,41.88,1008.87
2719,244.62,31.88,31.34,41.89,1008.88
2720,244.71,31.87,31.34,41.88,1008.88
2721,244.80,31.87,31.33,41.88,1008.88
2722,244.89,31.86,31.33,41.87,1008.87
2723,244.98,31.86,31.31,41.87,1008.87
2724,245.07,31.86,31.31,41.85,1008.87
2725,245.16,31.86,31.31,41.85,1008.87
2726,245.25,31.85,31.31,41.85,1008.87
2727,245.34,31.85,31.31,41.86,1008.87
2728,245.43,31.84,31.31,41.86,1008.88
2729,245.52,31.84,31.31,41.87,1008.88
2730,245.61,31.82,31.30,41.87,1008.88
2731,245.70,31.82,31.30,41.87,1008.88
2732,245.79,31.81,31.30,41.86,1008.88
2733,245.88,31.81,31.30,41.88,1008.89
2734,245.97,31.81,31.31,41.88,1008.89
2735,246.06,31.81,31.32,41.87,1008.90
2736,246.15,31.81,31.31,41.87,1008.90
2737,246.24,31.80,31.31,41.87,1008.90
2738,246.33,31.80,31.31,41.87,1008.90
2739,246.42,31.80,31.31,41.87,1008.90
2740,246.51,31.81,31.30,41.87,1008.90
2741,246.60,31.81,31.30,41.87,1008.90
2742,246.69,31.82,31.30,41.87,1008.89
2743,246.78,31.82,31.30,41.86,1008.89
2744,246.87,31.82,31.29,41.87,1008.88
2745,246.96,31.82,31.29,41.86,1008.88
2746,247.05,31.82,31.28,41.85,1008.88
2747,247.14,31.82,31.29,41.87,1008.88
2748,247.23,31.83,31.28,41.88,1008.88
2749,247.32,31.83,31.29,41.88,1008.88
2750,247.41,31.83,31.27,41.89,1008.88
2751,247.50,31.83,31.27,41.89,1008.88
2752,247.59,31.83,31.26,41.88,1008.88
2753,247.68,31.83,31.26,41.89,1008.88
2754,247.77,31.82,31.26,41.89,1008.88
2755,247.86,31.82,31.26,41.88,1008.87
2756,247.95,31.81,31.25,41.88,1008.87
2757,248.04,31.81,31.25,41.87,1008.87
2758,248.13,31.81,31.24,41.87,1008.87
2759,248.22,31.81,31.25,41.87,1008.87
2760,248.31,31.81,31.25,41.87,1008.87
2761,248.40,31.81,31.25,41.87,1008.87
2762,248.49,31.81,31.25,41.88,1008.87
2763,248.58,31.81,31.25,41.88,1008.86
2764,248.67,31.80,31.25,41.88,1008.87
2765,248.76,31.80,31.24,41.89,1008.87
2766,248.85,31.80,31.24,41.90,1008.87
2767,248.94,31.79,31.23,41.89,1008.87
2768,249.03,31.79,31.23,41.89,1008.87
2769,249.12,31.78,31.22,41.89,1008.87
2770,249.21,31.78,31.22,41.88,1008.87
2771,249.30,31.78,31.21,41.88,1008.87
2772,249.39,31.78,31.21,41.87,1008.87
2773,249.48,31.77,31.20,41.86,1008.86
2774,249.57,31.77,31.20,41.87,1008.86
2775,249.66,31.77,31.19,41.89,1008.86
2776,249.75,31.77,31.19,41.89,1008.86
2777,249.84,31.76,31.18,41.88,1008.86
2778,249.93,31.76,31.18,41.89,1008.86
2779,250.02,31.76,31.18,41.89,1008.86
2780,250.11,31.76,31.17,41.90,1008.86
2781,250.20,31.75,31.17,41.90,1008.86
2782,250.29,31.75,31.17,41.89,1008.86
2783,250.38,31.74,31.17,41.91,1008.86
2784,250.47,31.73,31.16,41.91,1008.85
2785,250.56,31.73,31.16,41.92,1008.86
2786,250.65,31.73,31.15,41.92,1008.86
2787,250.74,31.73,31.15,41.92,1008.86
2788,250.83,31.72,31.16,41.92,1008.86
2789,250.92,31.72,31.16,41.92,1008.85
2790,251.01,31.71,31.17,41.91,1008.86
2791,251.10,31.72,31.17,41.92,1008.85
2792,251.19,31.72,31.17,41.91,1008.85
2793,251.28,31.71,31.17,41.91,1008.86
2794,251.37,31.71,31.17,41.93,1008.86
2795,251.46,31.71,31.18,41.91,1008.86
2796,251.55,31.71,31.18,41.90,1008.86
2797,251.64,31.70,31.18,41.90,1008.86
2798,251.73,31.70,31.17,41.90,1008.86
2799,251.82,31.70,31.17,41.91,1008.86
2800,251.91,31.69,31.18,41.90,1008.86
2801,252.00,31.69,31.18,41.88,1008.86
2802,252.09,31.68,31.18,41.88,1008.86
2803,252.18,31.69,31.18,41.87,1008.86
2804,252.27,31.68,31.18,41.87,1008.86
2805,252.36,31.69,31.17,41.88,1008.86
2806,252.45,31.68,31.17,41.89,1008.86
2807,252.54,31.68,31.16,41.88,1008.86
2808,252.63,31.68,31.16,41.89,1008.86
2809,252.72,31.68,31.16,41.87,1008.86
2810,252.81,31.68,31.17,41.86,1008.86
2811,252.90,31.68,31.17,41.85,1008.86
2812,252.99,31.69,31.17,41.87,1008.86
2813,253.08,31.69,31.16,41.87,1008.87
2814,253.17,31.68,31.16,41.87,1008.87
2815,253.26,31.68,31.16,41.86,1008.87
2816,253.35,31.68,31.16,41.85,1008.87
2817,253.44,31.67,31.15,41.85,1008.87
2818,253.53,31.67,31.15,41.85,1008.87
2819,253.62,31.68,31.15,41.86,1008.87
2820,253.71,31.68,31.16,41.84,1008.87
2821,253.80,31.68,31.15,41.85,1008.87
2822,253.89,31.68,31.15,41.86,1008.87
2823,253.98,31.68,31.15,41.87,1008.87
2824,254.07,31.68,31.15,41.88,1008.87
2825,254.16,31.67,31.15,41.88,1008.87
2826,254.25,31.67,31.15,41.89,1008.87
2827,254.34,31.67,31.15,41.90,1008.87
2828,254.43,31.67,31.16,41.90,1008.87
2829,254.52,31.66,31.15,41.90,1008.87
2830,254.61,31.66,31.14,41.90,1008.87
2831,254.70,31.66,31.14,41.90,1008.87
2832,254.79,31.65,31.14,41.89,1008.87
2833,254.88,31.65,31.14,41.91,1008.87
2834,254.97,31.65,31.14,41.91,1008.86
2835,255.06,31.64,31.14,41.91,1008.86
2836,255.15,31.64,31.13,41.91,1008.86
2837,255.24,31.64,31.13,41.93,1008.86
2838,255.33,31.64,31.13,41.94,1008.86
2839,255.42,31.63,31.13,41.93,1008.86
2840,255.51,31.63,31.12,41.93,1008.85
2841,255.60,31.63,31.12,41.93,1008.85
2842,255.69,31.62,31.11,41.92,1008.85
2843,255.78,31.62,31.11,41.91,1008.85
2844,255.87,31.62,31.11,41.92,1008.85
2845,255.96,31.62,31.11,41.92,1008.85
2846,256.05,31.62,31.11,41.93,1008.85
2847,256.14,31.63,31.11,41.94,1008.85
2848,256.23,31.62,31.10,41.96,1008.85
2849,256.32,31.62,31.09,41.97,1008.85
2850,256.41,31.61,31.08,41.98,1008.86
2851,256.50,31.61,31.07,41.97,1008.87
2852,256.59,31.61,31.07,41.96,1008.87
2853,256.68,31.61,31.07,41.96,1008.87
2854,256.77,31.60,31.06,41.97,1008.87
2855,256.86,31.60,31.06,41.97,1008.86
2856,256.95,31.59,31.06,41.97,1008.85
2857,257.04,31.59,31.06,41.98,1008.85
2858,257.13,31.59,31.06,41.99,1008.85
2859,257.22,31.59,31.05,41.99,1008.85
2860,257.31,31.58,31.05,41.98,1008.84
2861,257.40,31.59,31.05,41.99,1008.84
2862,257.49,31.59,31.05,42.00,1008.84
2863,257.58,31.58,31.05,41.99,1008.84
2864,257.67,31.58,31.05,41.99,1008.84
2865,257.76,31.58,31.05,41.99,1008.85
2866,257.85,31.57,31.05,41.99,1008.85
2867,257.94,31.57,31.05,41.99,1008.85
2868,258.03,31.57,31.05,41.98,1008.85
2869,258.12,31.57,31.05,41.98,1008.85
2870,258.21,31.57,31.04,41.99,1008.85
2871,258.30,31.57,31.04,41.98,1008.85
2872,258.39,31.57,31.04,41.98,1008.86
2873,258.48,31.58,31.04,41.99,1008.86
2874,258.57,31.57,31.04,41.98,1008.86
2875,258.66,31.56,31.04,41.99,1008.86
2876,258.75,31.56,31.04,41.99,1008.87
2877,258.84,31.55,31.04,41.99,1008.87
2878,258.93,31.55,31.04,42.00,1008.87
2879,259.02,31.55,31.03,41.99,1008.87
2880,259.11,31.55,31.02,42.00,1008.88
2881,259.20,31.55,31.03,42.00,1008.88
2882,259.29,31.56,31.03,42.01,1008.88
2883,259.38,31.55,31.02,42.01,1008.88
2884,259.47,31.55,31.03,42.00,1008.87
2885,259.56,31.55,31.03,41.99,1008.87
2886,259.65,31.54,31.03,42.00,1008.87
2887,259.74,31.54,31.03,41.97,1008.88
2888,259.83,31.54,31.03,41.95,1008.88
2889,259.92,31.53,31.03,41.95,1008.88
2890,260.01,31.53,31.03,41.94,1008.87
2891,260.10,31.53,31.04,41.95,1008.87
2892,260.19,31.53,31.04,41.95,1008.87
2893,260.28,31.53,31.04,41.94,1008.87
2894,260.37,31.52,31.04,41.93,1008.87
2895,260.46,31.52,31.04,41.93,1008.87
2896,260.55,31.52,31.03,41.95,1008.87
2897,260.64,31.51,31.03,41.95,1008.87
2898,260.73,31.51,31.02,41.94,1008.87
2899,260.82,31.51,31.02,41.94,1008.86
2900,260.91,31.51,31.02,41.94,1008.87
2901,261.00,31.51,31.02,41.94,1008.86
2902,261.09,31.50,31.02,41.94,1008.86
2903,261.18,31.50,31.02,41.94,1008.86
2904,261.27,31.50,31.02,41.94,1008.86
2905,261.36,31.50,31.02,41.94,1008.86
2906,261.45,31.49,31.01,41.94,1008.86
2907,261.54,31.49,31.01,41.95,1008.86
2908,261.63,31.48,31.02,41.94,1008.86
2909,261.72,31.49,31.01,41.95,1008.86
2910,261.81,31.48,31.01,41.95,1008.85
2911,261.90,31.48,31.01,41.95,1008.85
2912,261.99,31.48,31.00,41.95,1008.85
2913,262.08,31.48,31.00,41.95,1008.85
2914,262.17,31.49,31.00,41.96,1008.85
2915,262.26,31.48,31.00,41.96,1008.86
2916,262.35,31.48,31.00,41.95,1008.85
2917,262.44,31.48,30.99,41.93,1008.85
2918,262.53,31.47,30.99,41.92,1008.86
2919,262.62,31.47,30.99,41.92,1008.86
2920,262.71,31.47,30.98,41.91,1008.86
2921,262.80,31.47,30.98,41.90,1008.86
2922,262.89,31.47,30.97,41.90,1008.86
2923,262.98,31.46,30.97,41.90,1008.86
2924,263.07,31.46,30.97,41.88,1008.86
2925,263.16,31.46,30.95,41.87,1008.86
2926,263.25,31.46,30.94,41.88,1008.86
2927,263.34,31.45,30.94,41.88,1008.86
2928,263.43,31.46,30.94,41.87,1008.86
2929,263.52,31.45,30.93,41.88,1008.86
2930,263.61,31.45,30.94,41.88,1008.86
2931,263.70,31.45,30.94,41.88,1008.86
2932,263.79,31.44,30.92,41.89,1008.87
2933,263.88,31.44,30.92,41.90,1008.87
2934,263.97,31.44,30.92,41.91,1008.87
2935,264.06,31.44,30.92,41.92,1008.87
2936,264.15,31.44,30.93,41.92,1008.87
2937,264.24,31.44,30.93,41.92,1008.87
2938,264.33,31.44,30.92,41.92,1008.88
2939,264.42,31.44,30.92,41.91,1008.88
2940,264.51,31.44,30.92,41.90,1008.88
2941,264.60,31.44,30.92,41.91,1008.88
2942,264.69,31.44,30.92,41.90,1008.89
2943,264.78,31.44,30.92,41.90,1008.89
2944,264.87,31.43,30.92,41.90,1008.89
2945,264.96,31.43,30.91,41.89,1008.89
2946,265.05,31.43,30.91,41.90,1008.89
2947,265.14,31.43,30.90,41.91,1008.89
2948,265.23,31.42,30.90,41.93,1008.89
2949,265.32,31.43,30.91,41.93,1008.89
2950,265.41,31.42,30.91,41.93,1008.89
2951,265.50,31.43,30.91,41.92,1008.89
2952,265.59,31.43,30.91,41.92,1008.88
2953,265.68,31.43,30.90,41.93,1008.88
2954,265.77,31.43,30.90,41.94,1008.88
2955,265.86,31.43,30.90,41.95,1008.88
2956,265.95,31.43,30.90,41.94,1008.88
2957,266.04,31.43,30.89,41.94,1008.88
2958,266.13,31.42,30.89,41.95,1008.88
2959,266.22,31.42,30.89,41.95,1008.88
2960,266.31,31.42,30.88,41.96,1008.88
2961,266.40,31.42,30.87,41.96,1008.88
2962,266.49,31.41,30.88,41.97,1008.88
2963,266.58,31.41,30.87,41.96,1008.88
2964,266.67,31.41,30.87,41.96,1008.88
2965,266.76,31.41,30.87,41.95,1008.88
2966,266.85,31.40,30.87,41.94,1008.88
2967,266.94,31.40,30.87,41.94,1008.87
2968,267.03,31.40,30.87,41.95,1008.87
2969,267.12,31.40,30.87,41.94,1008.87
2970,267.21,31.40,30.87,41.96,1008.87
2971,267.30,31.40,30.87,41.94,1008.87
2972,267.39,31.40,30.86,41.94,1008.86
2973,267.48,31.31,30.86,41.93,1008.86
2974,267.57,31.36,30.86,41.93,1008.86
2975,267.66,31.38,30.86,41.94,1008.86
2976,267.75,31.40,30.86,41.95,1008.86
2977,267.84,31.40,30.87,41.96,1008.86
2978,267.93,31.40,30.87,41.96,1008.86
2979,268.02,31.39,30.87,41.97,1008.86
2980,268.11,31.39,30.87,41.97,1008.86
2981,268.20,31.39,30.87,41.98,1008.86
2982,268.29,31.38,30.87,41.97,1008.86
2983,268.38,31.37,30.87,41.98,1008.86
2984,268.47,31.38,30.87,41.98,1008.86
2985,268.56,31.38,30.88,41.97,1008.86
2986,268.65,31.38,30.89,41.97,1008.86
2987,268.74,31.38,30.89,41.96,1008.86
2988,268.83,31.37,30.88,41.98,1008.86
2989,268.92,31.36,30.88,41.97,1008.86
2990,269.01,31.36,30.88,41.97,1008.86
2991,269.10,31.36,30.88,41.97,1008.86
2992,269.19,31.35,30.87,41.97,1008.86
2993,269.28,31.35,30.87,41.96,1008.86
2994,269.37,31.35,30.87,41.96,1008.86
2995,269.46,31.35,30.86,41.96,1008.86
2996,269.55,31.35,30.86,41.98,1008.87
2997,269.64,31.35,30.86,41.98,1008.87
2998,269.73,31.34,30.85,41.98,1008.87
2999,269.82,31.34,30.86,41.98,1008.87
3000,269.91,31.34,30.85,41.99,1008.87
3001,270.00,31.34,30.85,41.99,1008.87
3002,270.09,31.33,30.85,41.99,1008.87
3003,270.18,31.32,30.85,42.00,1008.87
3004,270.27,31.32,30.85,41.99,1008.87
3005,270.36,31.32,30.84,41.99,1008.87
3006,270.45,31.32,30.84,41.98,1008.87
3007,270.54,31.32,30.84,41.97,1008.87
3008,270.63,31.32,30.83,41.98,1008.87
3009,270.72,31.31,30.84,41.98,1008.87
3010,270.81,31.30,30.83,41.97,1008.87
3011,270.90,31.30,30.83,41.96,1008.87
3012,270.99,31.30,30.82,41.96,1008.88
3013,271.08,31.29,30.81,41.97,1008.88
3014,271.17,31.29,30.81,41.95,1008.88
3015,271.26,31.29,30.81,41.96,1008.88
3016,271.35,31.29,30.81,41.94,1008.88
3017,271.44,31.29,30.80,41.92,1008.88
3018,271.53,31.28,30.81,41.92,1008.88
3019,271.62,31.28,30.80,41.91,1008.88
3020,271.71,31.28,30.80,41.92,1008.88
3021,271.80,31.28,30.80,41.91,1008.88
3022,271.89,31.28,30.79,41.91,1008.88
3023,271.98,31.27,30.79,41.90,1008.88
3024,272.07,31.27,30.78,41.91,1008.88
3025,272.16,31.27,30.77,41.91,1008.88
3026,272.25,31.27,30.77,41.92,1008.88
3027,272.34,31.27,30.77,41.92,1008.88
3028,272.43,31.27,30.76,41.92,1008.87
3029,272.52,31.27,30.76,41.91,1008.87
3030,272.61,31.27,30.76,41.91,1008.87
3031,272.70,31.27,30.77,41.91,1008.87
3032,272.79,31.26,30.76,41.91,1008.87
3033,272.88,31.27,30.76,41.92,1008.87
3034,272.97,31.27,30.75,41.91,1008.87
3035,273.06,31.26,30.75,41.92,1008.87
3036,273.15,31.26,30.75,41.92,1008.87
3037,273.24,31.26,30.76,41.92,1008.87
3038,273.33,31.26,30.76,41.93,1008.86
3039,273.42,31.25,30.75,41.93,1008.86
3040,273.51,31.25,30.74,41.95,1008.86
3041,273.60,31.26,30.75,41.94,1008.86
3042,273.69,31.26,30.74,41.92,1008.85
3043,273.78,31.26,30.74,41.93,1008.85
3044,273.87,31.25,30.74,41.93,1008.85
3045,273.96,31.26,30.74,41.92,1008.85
3046,274.05,31.25,30.74,41.91,1008.85
3047,274.14,31.25,30.74,41.92,1008.85
3048,274.23,31.25,30.73,41.91,1008.85
3049,274.32,31.25,30.73,41.92,1008.85
3050,274.41,31.25,30.73,41.94,1008.85
3051,274.50,31.25,30.73,41.94,1008.85
3052,274.59,31.25,30.74,41.93,1008.85
3053,274.68,31.24,30.73,41.93,1008.85
3054,274.77,31.24,30.73,41.91,1008.86
3055,274.86,31.24,30.73,41.92,1008.86
3056,274.95,31.24,30.73,41.93,1008.85
3057,275.04,31.24,30.73,41.94,1008.86
3058,275.13,31.23,30.73,41.93,1008.86
3059,275.22,31.23,30.72,41.94,1008.86
3060,275.31,31.23,30.72,41.96,1008.86
3061,275.40,31.30,30.71,41.96,1008.86
3062,275.49,31.22,30.71,41.95,1008.86
3063,275.58,31.24,30.71,41.95,1008.86
3064,275.67,31.22,30.72,41.93,1008.86
3065,275.76,31.22,30.72,41.93,1008.86
3066,275.85,31.22,30.72,41.94,1008.86
3067,275.94,31.22,30.72,41.93,1008.86
3068,276.03,31.22,30.73,41.92,1008.86
3069,276.12,31.22,30.72,41.92,1008.86
3070,276.21,31.21,30.72,41.93,1008.87
3071,276.30,31.21,30.72,41.91,1008.87
3072,276.39,31.20,30.72,41.92,1008.87
3073,276.48,31.21,30.72,41.91,1008.87
3074,276.57,31.21,30.71,41.91,1008.88
3075,276.66,31.21,30.72,41.89,1008.88
3076,276.75,31.21,30.71,41.90,1008.88
3077,276.84,31.21,30.71,41.91,1008.88
3078,276.93,31.21,30.70,41.90,1008.88
3079,277.02,31.21,30.70,41.90,1008.88
3080,277.11,31.21,30.69,41.88,1008.88
3081,277.20,31.21,30.69,41.89,1008.88
3082,277.29,31.21,30.69,41.89,1008.88
3083,277.38,31.20,30.69,41.88,1008.88
3084,277.47,31.20,30.69,41.87,1008.88
3085,277.56,31.20,30.69,41.88,1008.88
3086,277.65,31.20,30.69,41.89,1008.88
3087,277.74,31.19,30.68,41.89,1008.88
3088,277.83,31.19,30.68,41.89,1008.88
3089,277.92,31.19,30.68,41.90,1008.88
3090,278.01,31.18,30.68,41.90,1008.88
3091,278.10,31.18,30.67,41.90,1008.88
3092,278.19,31.18,30.67,41.92,1008.88
3093,278.28,31.18,30.67,41.91,1008.87
3094,278.37,31.17,30.67,41.91,1008.87
3095,278.46,31.17,30.66,41.91,1008.87
3096,278.55,31.17,30.67,41.91,1008.87
3097,278.64,31.16,30.66,41.92,1008.87
3098,278.73,31.16,30.67,41.92,1008.87
3099,278.82,31.16,30.66,41.93,1008.86
3100,278.91,31.16,30.67,41.92,1008.86
3101,279.00,31.16,30.67,41.92,1008.86
3102,279.09,31.16,30.67,41.93,1008.86
3103,279.18,31.16,30.66,41.94,1008.86
3104,279.27,31.16,30.66,41.93,1008.86
3105,279.36,31.16,30.66,41.92,1008.86
3106,279.45,31.15,30.66,41.91,1008.85
3107,279.54,31.15,30.66,41.91,1008.85
3108,279.63,31.14,30.65,41.91,1008.85
3109,279.72,31.14,30.66,41.91,1008.85
3110,279.81,31.14,30.66,41.92,1008.85
3111,279.90,31.15,30.66,41.92,1008.85
3112,279.99,31.14,30.65,41.92,1008.85
3113,280.08,31.14,30.65,41.93,1008.84
3114,280.17,31.14,30.65,41.93,1008.84
3115,280.26,31.14,30.65,41.92,1008.85
3116,280.35,31.13,30.65,41.95,1008.85
3117,280.44,31.12,30.64,41.95,1008.85
3118,280.53,31.11,30.64,41.94,1008.85
3119,280.62,31.11,30.65,41.94,1008.85
3120,280.71,31.11,30.65,41.93,1008.85
3121,280.80,31.11,30.64,41.93,1008.85
3122,280.89,31.10,30.64,41.92,1008.85
3123,280.98,31.10,30.64,41.93,1008.86
3124,281.07,31.09,30.63,41.93,1008.86
3125,281.16,31.09,30.63,41.93,1008.86
3126,281.25,31.09,30.62,41.92,1008.86
3127,281.34,31.09,30.62,41.92,1008.86
3128,281.43,31.09,30.62,41.92,1008.87
3129,281.52,31.08,30.62,41.91,1008.87
3130,281.61,31.09,30.62,41.92,1008.87
3131,281.70,31.10,30.62,41.93,1008.87
3132,281.79,31.09,30.62,41.93,1008.87
3133,281.88,31.09,30.62,41.93,1008.87
3134,281.97,31.08,30.62,41.92,1008.88
3135,282.06,31.08,30.62,41.92,1008.88
3136,282.15,31.07,30.62,41.91,1008.88
3137,282.24,31.07,30.61,41.92,1008.88
3138,282.33,31.07,30.60,41.91,1008.88
3139,282.42,31.06,30.60,41.92,1008.88
3140,282.51,31.06,30.60,41.92,1008.89
3141,282.60,31.06,30.59,41.94,1008.89
3142,282.69,31.07,30.59,41.93,1008.89
3143,282.78,31.06,30.59,41.93,1008.88
3144,282.87,31.06,30.58,41.94,1008.88
3145,282.96,31.06,30.59,41.93,1008.88
3146,283.05,31.06,30.58,41.94,1008.88
3147,283.14,31.05,30.58,41.96,1008.88
3148,283.23,31.05,30.58,41.98,1008.88
3149,283.32,31.05,30.58,41.98,1008.88
3150,283.41,31.05,30.57,41.97,1008.88
3151,283.50,31.05,30.58,41.96,1008.88
3152,283.59,31.04,30.57,41.97,1008.87
3153,283.68,31.05,30.57,41.95,1008.88
3154,283.77,31.05,30.56,41.94,1008.88
3155,283.86,31.05,30.57,41.94,1008.88
3156,283.95,31.05,30.57,41.94,1008.87
3157,284.04,31.06,30.57,41.93,1008.87
3158,284.13,31.06,30.56,41.92,1008.87
3159,284.22,31.06,30.55,41.92,1008.87
3160,284.31,31.06,30.56,41.91,1008.87
3161,284.40,31.05,30.56,41.91,1008.87
3162,284.49,31.05,30.55,41.91,1008.86
3163,284.58,31.04,30.55,41.89,1008.86
3164,284.67,31.03,30.55,41.90,1008.87
3165,284.76,31.03,30.55,41.90,1008.86
3166,284.85,31.03,30.54,41.90,1008.86
3167,284.94,31.02,30.54,41.89,1008.86
3168,285.03,31.03,30.53,41.90,1008.86
3169,285.12,31.02,30.54,41.91,1008.86
3170,285.21,31.02,30.53,41.92,1008.86
3171,285.30,31.01,30.53,41.92,1008.86
3172,285.39,31.02,30.53,41.92,1008.85
3173,285.48,31.02,30.53,41.94,1008.85
3174,285.57,31.02,30.53,41.94,1008.85
3175,285.66,31.02,30.53,41.92,1008.85
3176,285.75,31.02,30.53,41.91,1008.85
3177,285.84,31.02,30.53,41.92,1008.85
3178,285.93,31.01,30.53,41.93,1008.85
3179,286.02,31.02,30.53,41.93,1008.85
3180,286.11,31.02,30.53,41.93,1008.85
3181,286.20,31.02,30.53,41.92,1008.85
3182,286.29,31.02,30.53,41.92,1008.86
3183,286.38,31.02,30.53,41.91,1008.86
3184,286.47,31.02,30.53,41.90,1008.86
3185,286.56,31.02,30.53,41.90,1008.86
3186,286.65,31.01,30.53,41.90,1008.86
3187,286.74,31.02,30.53,41.90,1008.86
3188,286.83,31.01,30.53,41.90,1008.87
3189,286.92,31.01,30.53,41.90,1008.87
3190,287.01,31.01,30.53,41.90,1008.87
3191,287.10,31.01,30.53,41.92,1008.87
3192,287.19,31.01,30.52,41.92,1008.87
3193,287.28,31.01,30.53,41.92,1008.87
3194,287.37,31.01,30.52,41.91,1008.87
3195,287.46,31.01,30.52,41.91,1008.87
3196,287.55,31.02,30.53,41.91,1008.87
3197,287.64,31.01,30.53,41.91,1008.87
3198,287.73,31.00,30.52,41.92,1008.87
3199,287.82,31.00,30.52,41.90,1008.88
3200,287.91,31.00,30.51,41.90,1008.88
3201,288.00,30.99,30.51,41.90,1008.88
3202,288.09,30.99,30.50,41.90,1008.87
3203,288.18,30.99,30.50,41.90,1008.88
3204,288.27,30.99,30.50,41.90,1008.88
3205,288.36,30.99,30.50,41.90,1008.87
3206,288.45,30.99,30.50,41.91,1008.88
3207,288.54,30.98,30.50,41.91,1008.88
3208,288.63,30.98,30.51,41.91,1008.88
3209,288.72,30.98,30.50,41.92,1008.88
3210,288.81,30.98,30.50,41.93,1008.88
3211,288.90,30.98,30.49,41.92,1008.88
3212,288.99,30.97,30.49,41.93,1008.88
3213,289.08,30.97,30.50,41.92,1008.88
3214,289.17,30.96,30.50,41.91,1008.87
3215,289.26,30.96,30.50,41.91,1008.88
3216,289.35,30.96,30.50,41.91,1008.88
3217,289.44,30.95,30.50,41.90,1008.88
3218,289.53,30.95,30.50,41.89,1008.88
3219,289.62,30.95,30.49,41.90,1008.88
3220,289.71,30.95,30.49,41.90,1008.88
3221,289.80,30.95,30.49,41.90,1008.87
3222,289.89,30.95,30.48,41.91,1008.87
3223,289.98,30.95,30.48,41.93,1008.87
3224,290.07,30.95,30.47,41.92,1008.87
3225,290.16,30.94,30.47,41.91,1008.87
3226,290.25,30.94,30.47,41.93,1008.87
3227,290.34,30.94,30.47,41.93,1008.87
3228,290.43,30.93,30.47,41.92,1008.87
3229,290.52,30.93,30.47,41.92,1008.87
3230,290.61,30.93,30.47,41.92,1008.87
3231,290.70,30.93,30.47,41.92,1008.87
3232,290.79,30.93,30.46,41.92,1008.87
3233,290.88,30.93,30.46,41.91,1008.87
3234,290.97,30.93,30.45,41.92,1008.87
3235,291.06,30.92,30.46,41.92,1008.87
3236,291.15,30.92,30.46,41.92,1008.86
3237,291.24,30.92,30.46,41.92,1008.86
3238,291.33,30.92,30.44,41.90,1008.86
3239,291.42,30.92,30.44,41.92,1008.86
3240,291.51,30.91,30.44,41.92,1008.86
3241,291.60,30.91,30.45,41.92,1008.86
3242,291.69,30.91,30.44,41.92,1008.86
3243,291.78,30.91,30.43,41.91,1008.86
3244,291.87,30.92,30.43,41.91,1008.86
3245,291.96,30.91,30.43,41.92,1008.86
3246,292.05,30.91,30.43,41.92,1008.86
3247,292.14,30.91,30.44,41.92,1008.86
3248,292.23,30.91,30.44,41.93,1008.86
3249,292.32,30.91,30.43,41.94,1008.86
3250,292.41,30.91,30.44,41.94,1008.86
3251,292.50,30.91,30.43,41.95,1008.86
3252,292.59,30.91,30.43,41.95,1008.86
3253,292.68,30.90,30.42,41.95,1008.86
3254,292.77,30.90,30.42,41.96,1008.86
3255,292.86,30.90,30.42,41.96,1008.86
3256,292.95,30.89,30.42,41.95,1008.86
3257,293.04,30.89,30.42,41.96,1008.86
3258,293.13,30.88,30.42,41.96,1008.86
3259,293.22,30.88,30.41,41.96,1008.86
3260,293.31,30.87,30.41,41.96,1008.86
3261,293.40,30.87,30.42,41.97,1008.86
3262,293.49,30.87,30.42,41.97,1008.86
3263,293.58,30.87,30.42,41.97,1008.86
3264,293.67,30.87,30.42,41.97,1008.87
3265,293.76,30.87,30.42,41.97,1008.87
3266,293.85,30.86,30.42,41.96,1008.87
3267,293.94,30.86,30.41,41.98,1008.86
3268,294.03,30.86,30.41,41.98,1008.86
3269,294.12,30.85,30.41,41.98,1008.87
3270,294.21,30.86,30.40,41.99,1008.87
3271,294.30,30.86,30.39,41.99,1008.87
3272,294.39,30.86,30.40,42.01,1008.87
3273,294.48,30.85,30.40,42.01,1008.87
3274,294.57,30.85,30.39,42.00,1008.87
3275,294.66,30.85,30.40,42.02,1008.87
3276,294.75,30.85,30.40,42.01,1008.87
3277,294.84,30.85,30.40,42.00,1008.87
3278,294.93,30.85,30.40,41.99,1008.87
3279,295.02,30.85,30.40,41.98,1008.87
3280,295.11,30.85,30.40,41.97,1008.87
3281,295.20,30.84,30.40,41.97,1008.87
3282,295.29,30.84,30.40,41.97,1008.87
3283,295.38,30.84,30.40,41.97,1008.87
3284,295.47,30.83,30.39,41.96,1008.87
3285,295.56,30.83,30.39,41.95,1008.87
3286,295.65,30.83,30.39,41.96,1008.87
3287,295.74,30.83,30.38,41.95,1008.87
3288,295.83,30.83,30.38,41.97,1008.87
3289,295.92,30.83,30.37,41.95,1008.87
3290,296.01,30.83,30.38,41.96,1008.87
3291,296.10,30.83,30.38,41.97,1008.87
3292,296.19,30.83,30.37,41.97,1008.87
3293,296.28,30.83,30.37,41.97,1008.87
3294,296.37,30.83,30.37,41.97,1008.87
3295,296.46,30.83,30.37,41.96,1008.87
3296,296.55,30.82,30.37,41.96,1008.87
3297,296.64,30.82,30.37,41.95,1008.87
3298,296.73,30.81,30.36,41.94,1008.87
3299,296.82,30.81,30.36,41.94,1008.87
3300,296.91,30.82,30.36,41.94,1008.87
3301,297.00,30.82,30.36,41.93,1008.87
3302,297.09,30.81,30.36,41.94,1008.87
3303,297.18,30.82,30.35,41.95,1008.86
3304,297.27,30.82,30.35,41.94,1008.86
3305,297.36,30.81,30.34,41.93,1008.86
3306,297.45,30.81,30.33,41.94,1008.86
3307,297.54,30.81,30.34,41.95,1008.86
3308,297.63,30.81,30.34,41.93,1008.86
3309,297.72,30.81,30.33,41.92,1008.86
3310,297.81,30.81,30.33,41.92,1008.86
3311,297.90,30.81,30.34,41.92,1008.86
3312,297.99,30.80,30.33,41.90,1008.86
3313,298.08,30.81,30.33,41.90,1008.86
3314,298.17,30.80,30.34,41.89,1008.86
3315,298.26,30.79,30.34,41.90,1008.85
3316,298.35,30.80,30.33,41.89,1008.85
3317,298.44,30.79,30.33,41.89,1008.85
3318,298.53,30.80,30.34,41.89,1008.85
3319,298.62,30.79,30.34,41.90,1008.85
3320,298.71,30.78,30.34,41.90,1008.85
3321,298.80,30.78,30.34,41.89,1008.85
3322,298.89,30.79,30.34,41.89,1008.85
3323,298.98,30.79,30.34,41.88,1008.85
3324,299.07,30.79,30.34,41.89,1008.85
3325,299.16,30.79,30.34,41.90,1008.85
3326,299.25,30.69,30.34,41.89,1008.85
3327,299.34,30.75,30.33,41.89,1008.85
3328,299.43,30.78,30.33,41.90,1008.85
3329,299.52,30.78,30.33,41.90,1008.85
3330,299.61,30.78,30.33,41.90,1008.86
3331,299.70,30.78,30.33,41.87,1008.86
3332,299.79,30.78,30.34,41.87,1008.86
3333,299.88,30.78,30.33,41.87,1008.86
3334,299.97,30.77,30.34,41.84,1008.86
3335,300.06,30.78,30.33,41.84,1008.86
3336,300.15,30.77,30.33,41.84,1008.86
3337,300.24,30.77,30.33,41.86,1008.87
3338,300.33,30.76,30.32,41.85,1008.87
3339,300.42,30.76,30.32,41.86,1008.87
3340,300.51,30.77,30.32,41.88,1008.87
3341,300.60,30.76,30.33,41.88,1008.87
3342,300.69,30.76,30.33,41.88,1008.87
3343,300.78,30.76,30.33,41.89,1008.87
3344,300.87,30.75,30.33,41.89,1008.87
3345,300.96,30.75,30.34,41.89,1008.87
3346,301.05,30.75,30.34,41.87,1008.87
3347,301.14,30.75,30.33,41.87,1008.87
3348,301.23,30.75,30.32,41.87,1008.87
3349,301.32,30.75,30.32,41.87,1008.87
3350,301.41,30.75,30.33,41.87,1008.87
3351,301.50,30.75,30.34,41.86,1008.87
3352,301.59,30.75,30.34,41.86,1008.87
3353,301.68,30.75,30.34,41.87,1008.87
3354,301.77,30.75,30.35,41.88,1008.87
3355,301.86,30.75,30.35,41.89,1008.87
3356,301.95,30.76,30.35,41.89,1008.87
3357,302.04,30.76,30.34,41.89,1008.87
3358,302.13,30.75,30.34,41.89,1008.87
3359,302.22,30.75,30.34,41.89,1008.87
3360,302.31,30.74,30.35,41.89,1008.87
3361,302.40,30.75,30.35,41.89,1008.87
3362,302.49,30.74,30.35,41.91,1008.87
3363,302.58,30.74,30.35,41.89,1008.87
3364,302.67,30.74,30.35,41.89,1008.86
3365,302.76,30.74,30.35,41.88,1008.86
3366,302.85,30.73,30.35,41.87,1008.86
3367,302.94,30.73,30.35,41.88,1008.86
3368,303.03,30.73,30.34,41.88,1008.86
3369,303.12,30.73,30.33,41.89,1008.86
3370,303.21,30.73,30.32,41.89,1008.86
3371,303.30,30.73,30.32,41.89,1008.86
3372,303.39,30.72,30.31,41.89,1008.86
3373,303.48,30.73,30.30,41.90,1008.86
3374,303.57,30.72,30.30,41.89,1008.86
3375,303.66,30.73,30.31,41.90,1008.86
3376,303.75,30.73,30.30,41.90,1008.86
3377,303.84,30.73,30.29,41.90,1008.86
3378,303.93,30.73,30.29,41.90,1008.86
3379,304.02,30.73,30.29,41.91,1008.86
3380,304.11,30.72,30.28,41.92,1008.86
3381,304.20,30.73,30.27,41.91,1008.86
3382,304.29,30.72,30.28,41.92,1008.86
3383,304.38,30.72,30.27,41.92,1008.86
3384,304.47,30.72,30.27,41.89,1008.86
3385,304.56,30.72,30.26,41.89,1008.86
3386,304.65,30.72,30.26,41.91,1008.86
3387,304.74,30.71,30.25,41.90,1008.86
3388,304.83,30.71,30.25,41.91,1008.86
3389,304.92,30.70,30.25,41.91,1008.86
3390,305.01,30.70,30.25,41.91,1008.86
3391,305.10,30.70,30.24,41.90,1008.86
3392,305.19,30.70,30.25,41.89,1008.86
3393,305.28,30.69,30.25,41.90,1008.86
3394,305.37,30.69,30.24,41.90,1008.87
3395,305.46,30.68,30.25,41.90,1008.87
3396,305.55,30.69,30.24,41.89,1008.87
3397,305.64,30.68,30.24,41.90,1008.87
3398,305.73,30.68,30.23,41.89,1008.87
3399,305.82,30.68,30.24,41.89,1008.87
3400,305.91,30.68,30.23,41.90,1008.87
3401,306.00,30.68,30.22,41.89,1008.87
3402,306.09,30.68,30.23,41.89,1008.87
3403,306.18,30.68,30.22,41.88,1008.88
3404,306.27,30.68,30.22,41.87,1008.88
3405,306.36,30.68,30.21,41.87,1008.88
3406,306.45,30.68,30.21,41.88,1008.88
3407,306.54,30.68,30.21,41.88,1008.88
3408,306.63,30.68,30.21,41.86,1008.87
3409,306.72,30.68,30.21,41.87,1008.88
3410,306.81,30.67,30.20,41.86,1008.88
3411,306.90,30.68,30.20,41.85,1008.88
3412,306.99,30.68,30.20,41.85,1008.88
3413,307.08,30.68,30.21,41.85,1008.88
3414,307.17,30.68,30.20,41.86,1008.88
3415,307.26,30.68,30.20,41.87,1008.88
3416,307.35,30.67,30.19,41.85,1008.88
3417,307.44,30.68,30.19,41.85,1008.88
3418,307.53,30.67,30.19,41.85,1008.88
3419,307.62,30.67,30.19,41.84,1008.88
3420,307.71,30.67,30.19,41.84,1008.88
3421,307.80,30.67,30.19,41.84,1008.88
3422,307.89,30.67,30.19,41.84,1008.88
3423,307.98,30.66,30.19,41.85,1008.88
3424,308.07,30.67,30.18,41.86,1008.88
3425,308.16,30.67,30.18,41.85,1008.88
3426,308.25,30.66,30.18,41.85,1008.88
3427,308.34,30.66,30.18,41.87,1008.88
3428,308.43,30.66,30.17,41.87,1008.88
3429,308.52,30.65,30.18,41.85,1008.87
3430,308.61,30.65,30.18,41.85,1008.88
3431,308.70,30.65,30.18,41.86,1008.87
3432,308.79,30.64,30.17,41.85,1008.87
3433,308.88,30.64,30.17,41.85,1008.87
3434,308.97,30.64,30.17,41.85,1008.88
3435,309.06,30.63,30.17,41.86,1008.87
3436,309.15,30.63,30.17,41.85,1008.87
3437,309.24,30.63,30.17,41.87,1008.87
3438,309.33,30.62,30.16,41.87,1008.87
3439,309.42,30.62,30.16,41.88,1008.87
3440,309.51,30.61,30.16,41.88,1008.87
3441,309.60,30.61,30.16,41.89,1008.87
3442,309.69,30.62,30.16,41.88,1008.87
3443,309.78,30.61,30.16,41.88,1008.87
3444,309.87,30.61,30.16,41.88,1008.87
3445,309.96,30.60,30.16,41.87,1008.87
3446,310.05,30.60,30.16,41.87,1008.86
3447,310.14,30.60,30.17,41.87,1008.86
3448,310.23,30.60,30.16,41.89,1008.86
3449,310.32,30.59,30.15,41.89,1008.86
3450,310.41,30.59,30.15,41.88,1008.86
3451,310.50,30.60,30.15,41.88,1008.86
3452,310.59,30.60,30.14,41.87,1008.86
3453,310.68,30.60,30.15,41.86,1008.86
3454,310.77,30.60,30.15,41.86,1008.87
3455,310.86,30.59,30.14,41.87,1008.86
3456,310.95,30.60,30.14,41.87,1008.87
3457,311.04,30.60,30.14,41.87,1008.87
3458,311.13,30.59,30.14,41.87,1008.87
3459,311.22,30.59,30.15,41.85,1008.87
3460,311.31,30.59,30.15,41.85,1008.87
3461,311.40,30.59,30.15,41.85,1008.87
3462,311.49,30.59,30.14,41.84,1008.87
3463,311.58,30.60,30.14,41.84,1008.87
3464,311.67,30.60,30.15,41.82,1008.87
3465,311.76,30.60,30.14,41.81,1008.87
3466,311.85,30.60,30.15,41.81,1008.87
3467,311.94,30.60,30.14,41.82,1008.87
3468,312.03,30.60,30.15,41.81,1008.87
3469,312.12,30.60,30.15,41.81,1008.87
3470,312.21,30.60,30.14,41.82,1008.87
3471,312.30,30.61,30.14,41.83,1008.87
3472,312.39,30.61,30.14,41.84,1008.87
3473,312.48,30.62,30.14,41.84,1008.87
3474,312.57,30.62,30.13,41.83,1008.87
3475,312.66,30.62,30.13,41.82,1008.87
3476,312.75,30.62,30.13,41.81,1008.87
3477,312.84,30.62,30.13,41.82,1008.87
3478,312.93,30.61,30.13,41.84,1008.87
3479,313.02,30.60,30.13,41.85,1008.87
3480,313.11,30.60,30.13,41.86,1008.87
3481,313.20,30.59,30.12,41.87,1008.87
3482,313.29,30.58,30.12,41.89,1008.88
3483,313.38,30.58,30.11,41.88,1008.88
3484,313.47,30.57,30.11,41.90,1008.87
3485,313.56,30.57,30.10,41.90,1008.87
3486,313.65,30.57,30.09,41.90,1008.87
3487,313.74,30.57,30.10,41.90,1008.87
3488,313.83,30.57,30.10,41.89,1008.87
3489,313.92,30.56,30.11,41.89,1008.87
3490,314.01,30.56,30.11,41.90,1008.88
3491,314.10,30.55,30.10,41.91,1008.88
3492,314.19,30.55,30.10,41.91,1008.88
3493,314.28,30.55,30.10,41.93,1008.87
3494,314.37,30.55,30.10,41.94,1008.88
3495,314.46,30.54,30.09,41.93,1008.87
3496,314.55,30.54,30.09,41.93,1008.87
3497,314.64,30.54,30.09,41.91,1008.87
3498,314.73,30.54,30.09,41.91,1008.87
3499,314.82,30.54,30.08,41.91,1008.87
3500,314.91,30.54,30.08,41.90,1008.87
3501,315.00,30.54,30.08,41.90,1008.87
3502,315.09,30.54,30.08,41.90,1008.86
3503,315.18,30.54,30.09,41.91,1008.86
3504,315.27,30.54,30.09,41.91,1008.86
3505,315.36,30.53,30.09,41.92,1008.86
3506,315.45,30.53,30.09,41.93,1008.86
3507,315.54,30.53,30.08,41.92,1008.86
3508,315.63,30.53,30.09,41.93,1008.86
3509,315.72,30.53,30.08,41.94,1008.86
3510,315.81,30.52,30.07,41.93,1008.86
3511,315.90,30.53,30.07,41.94,1008.86
3512,315.99,30.52,30.07,41.93,1008.86
3513,316.08,30.53,30.07,41.92,1008.86
3514,316.17,30.53,30.07,41.92,1008.86
3515,316.26,30.53,30.07,41.92,1008.85
3516,316.35,30.53,30.06,41.91,1008.85
3517,316.44,30.53,30.06,41.93,1008.85
3518,316.53,30.52,30.06,41.93,1008.85
3519,316.62,30.52,30.06,41.92,1008.85
3520,316.71,30.52,30.06,41.92,1008.85
3521,316.80,30.52,30.06,41.91,1008.85
3522,316.89,30.52,30.05,41.92,1008.85
3523,316.98,30.51,30.05,41.92,1008.85
3524,317.07,30.51,30.05,41.92,1008.86
3525,317.16,30.51,30.05,41.92,1008.86
3526,317.25,30.51,30.04,41.91,1008.86
3527,317.34,30.51,30.03,41.90,1008.86
3528,317.43,30.51,30.03,41.90,1008.86
3529,317.52,30.51,30.03,41.91,1008.86
3530,317.61,30.51,30.03,41.89,1008.86
3531,317.70,30.51,30.03,41.89,1008.86
3532,317.79,30.52,30.03,41.89,1008.86
3533,317.88,30.51,30.02,41.90,1008.86
3534,317.97,30.50,30.02,41.91,1008.86
3535,318.06,30.50,30.03,41.92,1008.86
3536,318.15,30.50,30.03,41.92,1008.87
3537,318.24,30.50,30.03,41.91,1008.87
3538,318.33,30.49,30.03,41.91,1008.87
3539,318.42,30.49,30.03,41.92,1008.87
3540,318.51,30.48,30.04,41.92,1008.87
3541,318.60,30.48,30.03,41.92,1008.87
3542,318.69,30.48,30.03,41.92,1008.87
3543,318.78,30.48,30.03,41.91,1008.87
3544,318.87,30.48,30.03,41.92,1008.87
3545,318.96,30.48,30.03,41.92,1008.87
3546,319.05,30.47,30.03,41.91,1008.87
3547,319.14,30.47,30.04,41.90,1008.87
3548,319.23,30.47,30.04,41.93,1008.87
3549,319.32,30.47,30.03,41.92,1008.87
3550,319.41,30.47,30.03,41.91,1008.87
3551,319.50,30.47,30.03,41.92,1008.87
3552,319.59,30.47,30.03,41.92,1008.87
3553,319.68,30.46,30.04,41.92,1008.87
3554,319.77,30.46,30.03,41.93,1008.87
3555,319.86,30.46,30.03,41.94,1008.86
3556,319.95,30.46,30.02,41.93,1008.86
3557,320.04,30.45,30.03,41.95,1008.86
3558,320.13,30.46,30.03,41.94,1008.86
3559,320.22,30.45,30.03,41.94,1008.86
3560,320.31,30.45,30.04,41.96,1008.86
3561,320.40,30.45,30.04,41.96,1008.86
3562,320.49,30.45,30.03,41.96,1008.86
3563,320.58,30.43,30.04,41.97,1008.86
3564,320.67,30.43,30.04,41.96,1008.86
3565,320.76,30.42,30.03,41.96,1008.86
3566,320.85,30.42,30.02,41.96,1008.85
3567,320.94,30.42,30.02,41.97,1008.85
3568,321.03,30.42,30.02,41.97,1008.85
3569,321.12,30.42,30.02,41.98,1008.85
3570,321.21,30.42,30.03,41.98,1008.85
3571,321.30,30.42,30.03,41.98,1008.85
3572,321.39,30.42,30.03,41.97,1008.85
3573,321.48,30.42,30.03,41.97,1008.85
3574,321.57,30.42,30.03,41.98,1008.85
3575,321.66,30.42,30.03,41.98,1008.84
3576,321.75,30.42,30.03,41.98,1008.84
3577,321.84,30.43,30.02,41.99,1008.84
3578,321.93,30.43,30.01,41.99,1008.84
3579,322.02,30.42,30.02,41.97,1008.84
3580,322.11,30.42,30.01,41.97,1008.84
3581,322.20,30.42,30.01,41.96,1008.84
3582,322.29,30.42,30.01,41.96,1008.85
3583,322.38,30.42,30.01,41.96,1008.85
3584,322.47,30.42,30.01,41.95,1008.85
3585,322.56,30.42,30.00,41.94,1008.85
3586,322.65,30.41,30.00,41.93,1008.85
3587,322.74,30.41,29.99,41.94,1008.85
3588,322.83,30.41,29.99,41.95,1008.86
3589,322.92,30.41,29.98,41.94,1008.86
3590,323.01,30.41,29.99,41.95,1008.86
3591,323.10,30.41,29.98,41.94,1008.86
3592,323.19,30.41,29.98,41.95,1008.86
3593,323.28,30.41,29.98,41.96,1008.86
3594,323.37,30.41,29.97,41.96,1008.86
3595,323.46,30.41,29.97,41.98,1008.87
3596,323.55,30.41,29.97,41.98,1008.87
3597,323.64,30.40,29.97,42.00,1008.87
3598,323.73,30.40,29.97,42.00,1008.87
3599,323.82,30.40,29.96,42.00,1008.87
3600,323.91,30.39,29.96,42.02,1008.87
3601,324.00,30.39,29.96,42.01,1008.87
3602,324.09,30.39,29.95,42.01,1008.87
3603,324.18,30.39,29.95,42.00,1008.88
3604,324.27,30.39,29.95,42.01,1008.87
3605,324.36,30.39,29.94,42.01,1008.88
3606,324.45,30.40,29.95,42.01,1008.88
3607,324.54,30.39,29.95,42.00,1008.87
3608,324.63,30.39,29.94,41.99,1008.87
3609,324.72,30.39,29.94,42.00,1008.87
3610,324.81,30.39,29.94,42.01,1008.87
3611,324.90,30.39,29.94,42.02,1008.87
3612,324.99,30.40,29.94,42.01,1008.87
3613,325.08,30.40,29.94,42.01,1008.87
3614,325.17,30.40,29.93,42.01,1008.88
3615,325.26,30.39,29.93,42.02,1008.87
3616,325.35,30.39,29.93,42.00,1008.87
3617,325.44,30.39,29.93,41.99,1008.87
3618,325.53,30.38,29.93,41.98,1008.87
3619,325.62,30.38,29.94,41.99,1008.87
3620,325.71,30.37,29.94,42.00,1008.87
3621,325.80,30.38,29.94,42.01,1008.86
3622,325.89,30.38,29.94,42.01,1008.87
3623,325.98,30.37,29.94,42.01,1008.87
3624,326.07,30.37,29.93,42.00,1008.87
3625,326.16,30.37,29.93,42.01,1008.87
3626,326.25,30.37,29.94,42.01,1008.86
3627,326.34,30.37,29.94,42.01,1008.86
3628,326.43,30.37,29.94,42.02,1008.86
3629,326.52,30.37,29.94,42.03,1008.86
3630,326.61,30.38,29.94,42.03,1008.86
3631,326.70,30.37,29.94,42.03,1008.86
3632,326.79,30.37,29.94,42.03,1008.86
3633,326.88,30.37,29.93,42.02,1008.86
3634,326.97,30.38,29.93,42.04,1008.86
3635,327.06,30.38,29.93,42.04,1008.86
3636,327.15,30.37,29.93,42.05,1008.86
3637,327.24,30.37,29.93,42.06,1008.86
3638,327.33,30.37,29.93,42.07,1008.86
3639,327.42,30.37,29.92,42.08,1008.86
3640,327.51,30.37,29.92,42.09,1008.86
3641,327.60,30.37,29.92,42.09,1008.86
3642,327.69,30.37,29.93,42.09,1008.86
3643,327.78,30.37,29.93,42.10,1008.86
3644,327.87,30.36,29.92,42.09,1008.86
3645,327.96,30.36,29.93,42.11,1008.86
3646,328.05,30.35,29.93,42.11,1008.86
3647,328.14,30.35,29.93,42.10,1008.86
3648,328.23,30.36,29.93,42.08,1008.86
3649,328.32,30.36,29.92,42.08,1008.86
3650,328.41,30.36,29.92,42.07,1008.87
3651,328.50,30.36,29.91,42.07,1008.87
3652,328.59,30.36,29.91,42.08,1008.87
3653,328.68,30.36,29.92,42.06,1008.87
3654,328.77,30.36,29.91,42.07,1008.87
3655,328.86,30.36,29.90,42.06,1008.87
3656,328.95,30.35,29.90,42.05,1008.87
3657,329.04,30.35,29.89,42.06,1008.88
3658,329.13,30.35,29.90,42.06,1008.88
3659,329.22,30.35,29.90,42.06,1008.88
3660,329.31,30.35,29.90,42.07,1008.88
3661,329.40,30.35,29.90,42.05,1008.88
3662,329.49,30.36,29.89,42.04,1008.88
3663,329.58,30.36,29.89,42.05,1008.88
3664,329.67,30.36,29.88,42.06,1008.89
3665,329.76,30.35,29.89,42.05,1008.89
3666,329.85,30.35,29.89,42.06,1008.89
3667,329.94,30.35,29.89,42.06,1008.89
3668,330.03,30.35,29.88,42.06,1008.88
3669,330.12,30.35,29.87,42.06,1008.88
3670,330.21,30.35,29.88,42.05,1008.88
3671,330.30,30.35,29.88,42.06,1008.88
3672,330.39,30.35,29.87,42.05,1008.88
3673,330.48,30.34,29.88,42.05,1008.88
3674,330.57,30.34,29.88,42.06,1008.88
3675,330.66,30.35,29.87,42.04,1008.88
3676,330.75,30.34,29.88,42.05,1008.88
3677,330.84,30.33,29.87,42.06,1008.88
3678,330.93,30.33,29.87,42.07,1008.88
3679,331.02,30.33,29.87,42.08,1008.88
3680,331.11,30.33,29.87,42.08,1008.87
3681,331.20,30.32,29.87,42.09,1008.87
3682,331.29,30.32,29.87,42.09,1008.87
3683,331.38,30.32,29.87,42.08,1008.87
3684,331.47,30.31,29.88,42.06,1008.87
3685,331.56,30.32,29.87,42.07,1008.87
3686,331.65,30.31,29.87,42.07,1008.87
3687,331.74,30.32,29.87,42.06,1008.87
3688,331.83,30.32,29.86,42.05,1008.86
3689,331.92,30.32,29.85,42.06,1008.87
3690,332.01,30.32,29.85,42.05,1008.87
3691,332.10,30.32,29.85,42.05,1008.87
3692,332.19,30.32,29.84,42.06,1008.87
3693,332.28,30.31,29.85,42.05,1008.87
3694,332.37,30.31,29.85,42.06,1008.87
3695,332.46,30.31,29.85,42.08,1008.87
3696,332.55,30.31,29.85,42.07,1008.87
3697,332.64,30.31,29.85,42.06,1008.87
3698,332.73,30.31,29.85,42.06,1008.87
3699,332.82,30.31,29.84,42.05,1008.87
3700,332.91,30.31,29.85,42.06,1008.87
3701,333.00,30.30,29.85,42.07,1008.87
3702,333.09,30.31,29.85,42.08,1008.87
3703,333.18,30.31,29.84,42.08,1008.87
3704,333.27,30.30,29.84,42.09,1008.87
3705,333.36,30.30,29.84,42.09,1008.88
3706,333.45,30.30,29.84,42.10,1008.87
3707,333.54,30.29,29.84,42.08,1008.87
3708,333.63,30.29,29.83,42.07,1008.87
3709,333.72,30.29,29.83,42.08,1008.87
3710,333.81,30.29,29.83,42.07,1008.87
3711,333.90,30.29,29.82,42.07,1008.87
3712,333.99,30.29,29.82,42.07,1008.87
3713,334.08,30.28,29.83,42.07,1008.87
3714,334.17,30.28,29.82,42.07,1008.87
3715,334.26,30.28,29.82,42.06,1008.87
3716,334.35,30.28,29.82,42.07,1008.88
3717,334.44,30.28,29.82,42.06,1008.88
3718,334.53,30.27,29.83,42.05,1008.88
3719,334.62,30.27,29.83,42.06,1008.88
3720,334.71,30.26,29.83,42.05,1008.88
3721,334.80,30.26,29.83,42.08,1008.88
3722,334.89,30.26,29.84,42.09,1008.88
3723,334.98,30.26,29.83,42.09,1008.88
3724,335.07,30.26,29.84,42.09,1008.88
3725,335.16,30.25,29.84,42.09,1008.88
3726,335.25,30.25,29.83,42.09,1008.88
3727,335.34,30.25,29.83,42.09,1008.88
3728,335.43,30.25,29.84,42.08,1008.88
3729,335.52,30.25,29.83,42.08,1008.88
3730,335.61,30.26,29.83,42.09,1008.87
3731,335.70,30.25,29.83,42.08,1008.87
3732,335.79,30.25,29.82,42.08,1008.87
3733,335.88,30.25,29.82,42.08,1008.87
3734,335.97,30.25,29.82,42.07,1008.87
3735,336.06,30.25,29.81,42.05,1008.87
3736,336.15,30.24,29.81,42.05,1008.87
3737,336.24,30.24,29.81,42.03,1008.87
3738,336.33,30.24,29.81,42.01,1008.87
3739,336.42,30.23,29.81,42.00,1008.87
3740,336.51,30.23,29.81,41.99,1008.87
3741,336.60,30.23,29.81,41.98,1008.87
3742,336.69,30.23,29.81,41.99,1008.88
3743,336.78,30.23,29.81,41.99,1008.87
3744,336.87,30.23,29.80,42.01,1008.87
3745,336.96,30.23,29.80,42.01,1008.87
3746,337.05,30.23,29.80,42.03,1008.87
3747,337.14,30.23,29.80,42.04,1008.87
3748,337.23,30.22,29.79,42.05,1008.87
3749,337.32,30.22,29.79,42.06,1008.87
3750,337.41,30.22,29.79,42.07,1008.87
3751,337.50,30.22,29.80,42.09,1008.87
3752,337.59,30.22,29.79,42.09,1008.87
3753,337.68,30.22,29.79,42.09,1008.87
3754,337.77,30.22,29.79,42.10,1008.87
3755,337.86,30.21,29.79,42.11,1008.87
3756,337.95,30.21,29.79,42.12,1008.87
3757,338.04,30.21,29.79,42.12,1008.87
3758,338.13,30.21,29.79,42.12,1008.87
3759,338.22,30.21,29.79,42.12,1008.87
3760,338.31,30.21,29.79,42.12,1008.87
3761,338.40,30.21,29.78,42.12,1008.87
3762,338.49,30.21,29.77,42.13,1008.87
3763,338.58,30.21,29.78,42.13,1008.87
3764,338.67,30.21,29.77,42.13,1008.87
3765,338.76,30.21,29.78,42.12,1008.87
3766,338.85,30.21,29.78,42.12,1008.87
3767,338.94,30.21,29.78,42.12,1008.87
3768,339.03,30.20,29.79,42.12,1008.87
3769,339.12,30.20,29.78,42.13,1008.87
3770,339.21,30.19,29.78,42.12,1008.87
3771,339.30,30.19,29.78,42.12,1008.87
3772,339.39,30.18,29.78,42.11,1008.87
3773,339.48,30.18,29.77,42.12,1008.87
3774,339.57,30.19,29.78,42.11,1008.87
3775,339.66,30.18,29.78,42.12,1008.87
3776,339.75,30.18,29.78,42.14,1008.87
3777,339.84,30.18,29.77,42.13,1008.87
3778,339.93,30.18,29.77,42.13,1008.87
3779,340.02,30.17,29.77,42.14,1008.87
3780,340.11,30.17,29.77,42.13,1008.87
3781,340.20,30.17,29.77,42.13,1008.87
3782,340.29,30.17,29.77,42.13,1008.87
3783,340.38,30.17,29.76,42.13,1008.87
3784,340.47,30.16,29.76,42.16,1008.87
3785,340.56,30.16,29.76,42.16,1008.87
3786,340.65,30.16,29.75,42.15,1008.87
3787,340.74,30.16,29.75,42.16,1008.87
3788,340.83,30.16,29.76,42.17,1008.86
3789,340.92,30.16,29.76,42.17,1008.87
3790,341.01,30.16,29.75,42.19,1008.87
3791,341.10,30.15,29.75,42.18,1008.87
3792,341.19,30.15,29.75,42.20,1008.86
3793,341.28,30.15,29.75,42.19,1008.87
3794,341.37,30.15,29.75,42.19,1008.87
3795,341.46,30.15,29.74,42.19,1008.87
3796,341.55,30.15,29.75,42.18,1008.87
3797,341.64,30.15,29.75,42.18,1008.87
3798,341.73,30.16,29.74,42.20,1008.87
3799,341.82,30.15,29.74,42.20,1008.86
3800,341.91,30.16,29.74,42.18,1008.86
3801,342.00,30.15,29.74,42.18,1008.87
3802,342.09,30.15,29.73,42.17,1008.87
3803,342.18,30.16,29.74,42.17,1008.87
3804,342.27,30.16,29.74,42.16,1008.87
3805,342.36,30.16,29.74,42.17,1008.87
3806,342.45,30.16,29.73,42.18,1008.86
3807,342.54,30.16,29.73,42.18,1008.86
3808,342.63,30.16,29.73,42.19,1008.86
3809,342.72,30.16,29.73,42.18,1008.86
3810,342.81,30.15,29.73,42.18,1008.86
3811,342.90,30.15,29.73,42.19,1008.86
3812,342.99,30.15,29.73,42.19,1008.86
3813,343.08,30.14,29.74,42.20,1008.86
3814,343.17,30.14,29.74,42.20,1008.86
3815,343.26,30.13,29.73,42.20,1008.86
3816,343.35,30.13,29.73,42.20,1008.86
3817,343.44,30.13,29.72,42.20,1008.86
3818,343.53,30.13,29.72,42.19,1008.86
3819,343.62,30.13,29.72,42.18,1008.86
3820,343.71,30.13,29.72,42.16,1008.86
3821,343.80,30.14,29.72,42.14,1008.86
3822,343.89,30.14,29.72,42.15,1008.86
3823,343.98,30.13,29.72,42.16,1008.86
3824,344.07,30.13,29.71,42.15,1008.86
3825,344.16,30.13,29.70,42.15,1008.86
3826,344.25,30.13,29.70,42.13,1008.86
3827,344.34,30.13,29.70,42.13,1008.86
3828,344.43,30.14,29.70,42.14,1008.86
3829,344.52,30.14,29.70,42.15,1008.86
3830,344.61,30.13,29.70,42.14,1008.86
3831,344.70,30.13,29.70,42.13,1008.86
3832,344.79,30.13,29.70,42.12,1008.85
3833,344.88,30.13,29.70,42.12,1008.86
3834,344.97,30.12,29.70,42.12,1008.86
3835,345.06,30.12,29.70,42.11,1008.86
3836,345.15,30.12,29.70,42.11,1008.86
3837,345.24,30.12,29.70,42.11,1008.86
3838,345.33,30.12,29.70,42.12,1008.86
3839,345.42,30.12,29.70,42.13,1008.86
3840,345.51,30.12,29.69,42.12,1008.86
3841,345.60,30.12,29.70,42.13,1008.86
3842,345.69,30.12,29.70,42.14,1008.86
3843,345.78,30.12,29.69,42.14,1008.86
3844,345.87,30.11,29.68,42.12,1008.86
3845,345.96,30.11,29.67,42.12,1008.86
3846,346.05,30.10,29.67,42.12,1008.86
3847,346.14,30.10,29.68,42.12,1008.86
3848,346.23,30.10,29.69,42.12,1008.86
3849,346.32,30.11,29.68,42.12,1008.86
3850,346.41,30.11,29.68,42.13,1008.86
3851,346.50,30.10,29.68,42.14,1008.86
3852,346.59,30.11,29.67,42.15,1008.86
3853,346.68,30.11,29.67,42.17,1008.86
3854,346.77,30.10,29.67,42.17,1008.86
3855,346.86,30.11,29.68,42.19,1008.86
3856,346.95,30.10,29.68,42.20,1008.87
3857,347.04,30.10,29.68,42.21,1008.86
3858,347.13,30.10,29.68,42.20,1008.86
3859,347.22,30.10,29.68,42.20,1008.86
3860,347.31,30.10,29.68,42.19,1008.86
3861,347.40,30.10,29.68,42.21,1008.86
3862,347.49,30.09,29.68,42.20,1008.86
3863,347.58,30.09,29.68,42.18,1008.86
3864,347.67,30.08,29.68,42.18,1008.86
3865,347.76,30.09,29.68,42.18,1008.86
3866,347.85,30.08,29.68,42.17,1008.86
3867,347.94,30.09,29.68,42.16,1008.86
3868,348.03,30.08,29.68,42.15,1008.86
3869,348.12,30.08,29.69,42.14,1008.86
3870,348.21,30.08,29.68,42.14,1008.86
3871,348.30,30.08,29.68,42.12,1008.86
3872,348.39,30.07,29.68,42.11,1008.86
3873,348.48,30.07,29.67,42.12,1008.86
3874,348.57,30.08,29.67,42.12,1008.86
3875,348.66,30.08,29.67,42.10,1008.86
3876,348.75,30.08,29.67,42.09,1008.86
3877,348.84,30.08,29.67,42.09,1008.86
3878,348.93,30.08,29.66,42.09,1008.86
3879,349.02,30.08,29.66,42.09,1008.86
3880,349.11,30.08,29.66,42.08,1008.86
3881,349.20,30.07,29.66,42.08,1008.86
3882,349.29,30.07,29.66,42.08,1008.86
3883,349.38,30.07,29.66,42.07,1008.86
3884,349.47,30.06,29.66,42.07,1008.86
3885,349.56,30.06,29.65,42.08,1008.86
3886,349.65,30.06,29.65,42.06,1008.86
3887,349.74,30.06,29.66,42.05,1008.86
3888,349.83,30.06,29.66,42.05,1008.86
3889,349.92,30.06,29.66,42.05,1008.86
3890,350.01,30.05,29.66,42.06,1008.86
3891,350.10,30.05,29.67,42.06,1008.86
3892,350.19,30.04,29.67,42.07,1008.86
3893,350.28,30.04,29.66,42.07,1008.86
3894,350.37,30.04,29.66,42.07,1008.86
3895,350.46,30.04,29.66,42.06,1008.86
3896,350.55,30.04,29.65,42.06,1008.86
3897,350.64,30.04,29.65,42.07,1008.86
3898,350.73,30.03,29.65,42.05,1008.87
3899,350.82,30.03,29.65,42.06,1008.87
3900,350.91,30.02,29.64,42.05,1008.87
3901,351.00,30.02,29.64,42.06,1008.87
3902,351.09,30.02,29.64,42.06,1008.87
3903,351.18,30.02,29.64,42.08,1008.87
3904,351.27,30.02,29.64,42.08,1008.87
3905,351.36,30.02,29.64,42.08,1008.87
3906,351.45,30.03,29.65,42.08,1008.87
3907,351.54,30.02,29.65,42.09,1008.87
3908,351.63,30.02,29.64,42.10,1008.87
3909,351.72,30.02,29.63,42.10,1008.87
3910,351.81,30.02,29.63,42.11,1008.87
3911,351.90,30.02,29.62,42.12,1008.87
3912,351.99,30.02,29.62,42.10,1008.87
3913,352.08,30.02,29.63,42.12,1008.87
3914,352.17,30.02,29.63,42.11,1008.87
3915,352.26,30.02,29.63,42.12,1008.87
3916,352.35,30.01,29.63,42.12,1008.87
3917,352.44,30.01,29.63,42.14,1008.88
3918,352.53,30.01,29.63,42.14,1008.88
3919,352.62,30.01,29.62,42.14,1008.88
3920,352.71,30.01,29.63,42.14,1008.88
3921,352.80,30.01,29.63,42.15,1008.88
3922,352.89,30.01,29.63,42.14,1008.88
3923,352.98,30.01,29.62,42.15,1008.88
3924,353.07,30.01,29.63,42.14,1008.88
3925,353.16,30.01,29.62,42.13,1008.88
3926,353.25,30.01,29.63,42.12,1008.88
3927,353.34,30.00,29.63,42.12,1008.88
3928,353.43,30.00,29.63,42.12,1008.88
3929,353.52,30.00,29.63,42.12,1008.88
3930,353.61,29.99,29.62,42.12,1008.87
3931,353.70,29.99,29.62,42.11,1008.87
3932,353.79,29.99,29.62,42.10,1008.87
3933,353.88,29.99,29.62,42.10,1008.87
3934,353.97,29.99,29.61,42.10,1008.87
3935,354.06,29.99,29.61,42.10,1008.87
3936,354.15,29.99,29.61,42.11,1008.87
3937,354.24,29.99,29.60,42.11,1008.87
3938,354.33,29.99,29.60,42.10,1008.87
3939,354.42,29.99,29.60,42.10,1008.87
3940,354.51,29.99,29.60,42.12,1008.87
3941,354.60,29.99,29.60,42.12,1008.86
3942,354.69,29.99,29.61,42.11,1008.86
3943,354.78,29.99,29.60,42.10,1008.86
3944,354.87,29.99,29.60,42.11,1008.86
3945,354.96,29.99,29.61,42.12,1008.85
3946,355.05,30.00,29.61,42.12,1008.85
3947,355.14,29.99,29.60,42.11,1008.85
3948,355.23,29.99,29.60,42.12,1008.85
3949,355.32,29.99,29.61,42.14,1008.85
3950,355.41,30.00,29.61,42.14,1008.85
3951,355.50,30.00,29.60,42.14,1008.86
3952,355.59,29.99,29.60,42.13,1008.86
3953,355.68,29.99,29.60,42.14,1008.86
3954,355.77,29.98,29.59,42.14,1008.86
3955,355.86,29.99,29.60,42.15,1008.86
3956,355.95,29.99,29.60,42.14,1008.86
3957,356.04,29.99,29.59,42.15,1008.87
3958,356.13,29.98,29.59,42.15,1008.87
3959,356.22,29.99,29.59,42.16,1008.87
3960,356.31,29.99,29.59,42.17,1008.87
3961,356.40,30.00,29.58,42.15,1008.87
3962,356.49,29.99,29.58,42.16,1008.87
3963,356.58,30.00,29.57,42.17,1008.87
3964,356.67,30.00,29.57,42.16,1008.88
3965,356.76,30.00,29.57,42.15,1008.88
3966,356.85,30.00,29.57,42.15,1008.88
3967,356.94,30.00,29.57,42.14,1008.88
3968,357.03,30.00,29.57,42.15,1008.88
3969,357.12,29.99,29.56,42.16,1008.88
3970,357.21,29.99,29.56,42.14,1008.88
3971,357.30,29.99,29.56,42.15,1008.88
3972,357.39,29.98,29.55,42.15,1008.88
3973,357.48,29.98,29.56,42.14,1008.88
3974,357.57,29.97,29.56,42.14,1008.88
3975,357.66,29.97,29.56,42.14,1008.88
3976,357.75,29.97,29.56,42.15,1008.88
3977,357.84,29.96,29.55,42.14,1008.88
3978,357.93,29.96,29.55,42.13,1008.88
3979,358.02,29.96,29.55,42.13,1008.88
3980,358.11,29.95,29.54,42.13,1008.88
3981,358.20,29.95,29.54,42.13,1008.88
3982,358.29,29.95,29.54,42.14,1008.88
3983,358.38,29.95,29.54,42.14,1008.88
3984,358.47,29.95,29.53,42.13,1008.88
3985,358.56,29.95,29.53,42.13,1008.88
3986,358.65,29.94,29.53,42.14,1008.87
3987,358.74,29.94,29.53,42.14,1008.87
3988,358.83,29.94,29.53,42.14,1008.87
3989,358.92,29.94,29.53,42.13,1008.87
3990,359.01,29.94,29.53,42.13,1008.87
3991,359.10,29.94,29.53,42.15,1008.87
3992,359.19,29.94,29.53,42.15,1008.87
3993,359.28,29.93,29.54,42.13,1008.87
3994,359.37,29.93,29.54,42.15,1008.87
3995,359.46,29.93,29.54,42.14,1008.87
3996,359.55,29.93,29.54,42.13,1008.87
3997,359.64,29.94,29.55,42.13,1008.87
3998,359.73,29.93,29.56,42.12,1008.87
3999,359.82,29.93,29.55,42.11,1008.87
4000,359.91,29.92,29.55,42.12,1008.87
4001,360.00,29.92,29.54,42.13,1008.87
4002,360.09,29.92,29.54,42.14,1008.87
4003,360.18,29.92,29.54,42.14,1008.87
4004,360.27,29.92,29.54,42.14,1008.87
4005,360.36,29.92,29.54,42.14,1008.87
4006,360.45,29.92,29.55,42.14,1008.87
4007,360.54,29.92,29.55,42.13,1008.87
4008,360.63,29.93,29.55,42.13,1008.87
4009,360.72,29.93,29.54,42.13,1008.87
4010,360.81,29.93,29.55,42.12,1008.87
4011,360.90,29.93,29.55,42.11,1008.87
4012,360.99,29.92,29.55,42.12,1008.87
4013,361.08,29.93,29.55,42.12,1008.87
4014,361.17,29.93,29.54,42.12,1008.87
4015,361.26,29.91,29.55,42.12,1008.87
4016,361.35,29.92,29.55,42.13,1008.87
4017,361.44,29.91,29.54,42.12,1008.87
4018,361.53,29.91,29.54,42.12,1008.87
4019,361.62,29.91,29.54,42.12,1008.87
4020,361.71,29.91,29.53,42.12,1008.87
4021,361.80,29.91,29.53,42.14,1008.87
4022,361.89,29.91,29.54,42.13,1008.87
4023,361.98,29.92,29.53,42.14,1008.86
4024,362.07,29.91,29.53,42.15,1008.87
4025,362.16,29.92,29.53,42.16,1008.86
4026,362.25,29.92,29.53,42.17,1008.86
4027,362.34,29.92,29.52,42.17,1008.86
4028,362.43,29.92,29.52,42.16,1008.87
4029,362.52,29.92,29.52,42.15,1008.87
4030,362.61,29.92,29.52,42.14,1008.86
4031,362.70,29.91,29.51,42.14,1008.86
4032,362.79,29.91,29.51,42.14,1008.86
4033,362.88,29.92,29.51,42.13,1008.86
4034,362.97,29.92,29.51,42.11,1008.86
4035,363.06,29.92,29.50,42.12,1008.86
4036,363.15,29.92,29.49,42.10,1008.86
4037,363.24,29.92,29.49,42.09,1008.86
4038,363.33,29.91,29.48,42.09,1008.86
4039,363.42,29.91,29.49,42.10,1008.86
4040,363.51,29.91,29.49,42.09,1008.86
4041,363.60,29.91,29.49,42.09,1008.86
4042,363.69,29.90,29.48,42.06,1008.86
4043,363.78,29.90,29.48,42.08,1008.86
4044,363.87,29.90,29.48,42.09,1008.86
4045,363.96,29.90,29.48,42.08,1008.86
4046,364.05,29.89,29.49,42.08,1008.86
4047,364.14,29.89,29.48,42.11,1008.86
4048,364.23,29.89,29.48,42.10,1008.86
4049,364.32,29.89,29.48,42.10,1008.86
4050,364.41,29.89,29.48,42.10,1008.86
4051,364.50,29.88,29.48,42.11,1008.86
4052,364.59,29.89,29.47,42.10,1008.86
4053,364.68,29.88,29.47,42.09,1008.86
4054,364.77,29.89,29.48,42.10,1008.86
4055,364.86,29.89,29.48,42.10,1008.86
4056,364.95,29.88,29.48,42.10,1008.86
4057,365.04,29.88,29.48,42.11,1008.86
4058,365.13,29.88,29.48,42.11,1008.86
4059,365.22,29.88,29.48,42.11,1008.86
4060,365.31,29.88,29.47,42.10,1008.86
4061,365.40,29.88,29.47,42.09,1008.86
4062,365.49,29.87,29.47,42.08,1008.87
4063,365.58,29.87,29.47,42.07,1008.87
4064,365.67,29.87,29.47,42.08,1008.87
4065,365.76,29.86,29.47,42.10,1008.87
4066,365.85,29.87,29.47,42.10,1008.87
4067,365.94,29.87,29.47,42.09,1008.87
4068,366.03,29.86,29.47,42.09,1008.87
4069,366.12,29.86,29.47,42.08,1008.87
4070,366.21,29.85,29.48,42.07,1008.87
4071,366.30,29.85,29.48,42.06,1008.87
4072,366.39,29.86,29.48,42.05,1008.87
4073,366.48,29.86,29.47,42.05,1008.87
4074,366.57,29.86,29.47,42.06,1008.87
4075,366.66,29.86,29.46,42.07,1008.87
4076,366.75,29.85,29.46,42.08,1008.86
4077,366.84,29.85,29.46,42.08,1008.86
4078,366.93,29.85,29.46,42.07,1008.86
4079,367.02,29.84,29.46,42.06,1008.86
4080,367.11,29.84,29.46,42.06,1008.86
4081,367.20,29.84,29.46,42.05,1008.86
4082,367.29,29.83,29.46,42.05,1008.86
4083,367.38,29.83,29.46,42.04,1008.86
4084,367.47,29.83,29.45,42.04,1008.86
4085,367.56,29.83,29.46,42.04,1008.86
4086,367.65,29.83,29.46,42.04,1008.85
4087,367.74,29.83,29.46,42.05,1008.85
4088,367.83,29.83,29.45,42.04,1008.85
4089,367.92,29.83,29.45,42.03,1008.85
4090,368.01,29.84,29.45,42.03,1008.85
4091,368.10,29.83,29.45,42.04,1008.85
4092,368.19,29.83,29.44,42.05,1008.85
4093,368.28,29.83,29.45,42.05,1008.85
4094,368.37,29.83,29.45,42.03,1008.85
4095,368.46,29.83,29.44,42.03,1008.85
4096,368.55,29.83,29.44,42.03,1008.85
4097,368.64,29.83,29.43,42.04,1008.85
4098,368.73,29.82,29.43,42.04,1008.85
4099,368.82,29.82,29.42,42.04,1008.85
4100,368.91,29.82,29.43,42.03,1008.85
4101,369.00,29.81,29.43,42.05,1008.85
4102,369.09,29.82,29.44,42.03,1008.85
4103,369.18,29.82,29.44,42.03,1008.86
4104,369.27,29.81,29.44,42.04,1008.86
4105,369.36,29.81,29.45,42.05,1008.86
4106,369.45,29.81,29.45,42.05,1008.86
4107,369.54,29.81,29.45,42.04,1008.86
4108,369.63,29.80,29.45,42.04,1008.86
4109,369.72,29.81,29.44,42.04,1008.86
4110,369.81,29.81,29.43,42.05,1008.86
4111,369.90,29.81,29.43,42.05,1008.86
4112,369.99,29.82,29.43,42.06,1008.86
4113,370.08,29.81,29.43,42.06,1008.86
4114,370.17,29.81,29.43,42.06,1008.87
4115,370.26,29.81,29.43,42.06,1008.86
4116,370.35,29.81,29.42,42.07,1008.87
4117,370.44,29.81,29.43,42.07,1008.87
4118,370.53,29.80,29.43,42.07,1008.87
4119,370.62,29.80,29.43,42.08,1008.87
4120,370.71,29.81,29.43,42.08,1008.87
4121,370.80,29.81,29.43,42.08,1008.87
4122,370.89,29.81,29.42,42.07,1008.87
4123,370.98,29.81,29.43,42.07,1008.87
4124,371.07,29.81,29.42,42.07,1008.87
4125,371.16,29.81,29.42,42.06,1008.87
4126,371.25,29.81,29.42,42.06,1008.87
4127,371.34,29.81,29.42,42.07,1008.88
4128,371.43,29.81,29.42,42.08,1008.88
4129,371.52,29.81,29.41,42.07,1008.88
4130,371.61,29.81,29.41,42.07,1008.88
4131,371.70,29.81,29.42,42.06,1008.88
4132,371.79,29.82,29.42,42.07,1008.88
4133,371.88,29.82,29.42,42.06,1008.87
4134,371.97,29.82,29.42,42.06,1008.87
4135,372.06,29.83,29.42,42.05,1008.88
4136,372.15,29.83,29.42,42.06,1008.87
4137,372.24,29.83,29.42,42.06,1008.87
4138,372.33,29.83,29.41,42.05,1008.87
4139,372.42,29.83,29.41,42.05,1008.87
4140,372.51,29.83,29.40,42.06,1008.87
4141,372.60,29.83,29.41,42.06,1008.87
4142,372.69,29.83,29.40,42.05,1008.87
4143,372.78,29.82,29.40,42.04,1008.87
4144,372.87,29.82,29.40,42.03,1008.87
4145,372.96,29.81,29.40,42.01,1008.87
4146,373.05,29.82,29.39,42.02,1008.86
4147,373.14,29.81,29.39,42.02,1008.86
4148,373.23,29.82,29.39,42.03,1008.86
4149,373.32,29.81,29.38,42.04,1008.86
4150,373.41,29.82,29.38,42.05,1008.86
4151,373.50,29.81,29.37,42.18,1008.86
4152,373.59,29.81,29.37,42.05,1008.86
4153,373.68,29.81,29.37,42.05,1008.86
4154,373.77,29.81,29.37,42.04,1008.86
4155,373.86,29.81,29.37,42.04,1008.86
4156,373.95,29.81,29.37,42.04,1008.86
4157,374.04,29.82,29.36,42.06,1008.86
4158,374.13,29.81,29.37,42.05,1008.86
4159,374.22,29.81,29.36,42.04,1008.86
4160,374.31,29.81,29.36,42.04,1008.86
4161,374.40,29.81,29.35,42.03,1008.86
4162,374.49,29.81,29.35,42.03,1008.86
4163,374.58,29.80,29.35,42.03,1008.86
4164,374.67,29.79,29.35,42.04,1008.86
4165,374.76,29.80,29.35,42.04,1008.86
4166,374.85,29.79,29.35,42.03,1008.86
4167,374.94,29.79,29.36,42.03,1008.86
4168,375.03,29.79,29.36,42.03,1008.87
4169,375.12,29.79,29.36,42.05,1008.87
4170,375.21,29.78,29.37,42.04,1008.87
4171,375.30,29.78,29.36,42.04,1008.87
4172,375.39,29.78,29.36,42.03,1008.87
4173,375.48,29.78,29.36,42.03,1008.87
4174,375.57,29.77,29.36,42.03,1008.87
4175,375.66,29.77,29.36,42.01,1008.87
4176,375.75,29.77,29.36,42.01,1008.87
4177,375.84,29.77,29.35,42.00,1008.87
4178,375.93,29.76,29.36,41.98,1008.87
4179,376.02,29.76,29.36,41.98,1008.88
4180,376.11,29.76,29.35,41.98,1008.87
4181,376.20,29.76,29.35,41.98,1008.88
4182,376.29,29.76,29.35,41.98,1008.88
4183,376.38,29.76,29.35,41.99,1008.88
4184,376.47,29.76,29.33,42.00,1008.88
4185,376.56,29.76,29.34,42.00,1008.88
4186,376.65,29.76,29.34,41.99,1008.88
4187,376.74,29.76,29.34,42.01,1008.88
4188,376.83,29.75,29.34,41.99,1008.88
4189,376.92,29.75,29.34,41.99,1008.88
4190,377.01,29.75,29.34,42.01,1008.88
4191,377.10,29.74,29.34,41.99,1008.88
4192,377.19,29.74,29.35,42.00,1008.88
4193,377.28,29.74,29.36,42.02,1008.88
4194,377.37,29.74,29.36,42.03,1008.88
4195,377.46,29.74,29.37,42.03,1008.88
4196,377.55,29.74,29.36,42.04,1008.88
4197,377.64,29.73,29.36,42.03,1008.88
4198,377.73,29.73,29.35,42.03,1008.88
4199,377.82,29.73,29.35,42.03,1008.88
4200,377.91,29.73,29.35,42.02,1008.88
4201,378.00,29.74,29.35,42.03,1008.88
4202,378.09,29.73,29.35,42.02,1008.88
4203,378.18,29.73,29.35,42.01,1008.88
4204,378.27,29.73,29.35,42.01,1008.88
4205,378.36,29.73,29.35,42.01,1008.88
4206,378.45,29.72,29.35,42.01,1008.87
4207,378.54,29.72,29.35,42.00,1008.87
4208,378.63,29.71,29.36,41.99,1008.87
4209,378.72,29.71,29.35,41.99,1008.87
4210,378.81,29.71,29.35,41.99,1008.87
4211,378.90,29.71,29.35,41.97,1008.87
4212,378.99,29.70,29.35,41.98,1008.87
4213,379.08,29.70,29.36,41.99,1008.87
4214,379.17,29.70,29.36,42.00,1008.87
4215,379.26,29.70,29.37,41.99,1008.87
4216,379.35,29.71,29.37,41.99,1008.87
4217,379.44,29.71,29.37,41.98,1008.87
4218,379.53,29.70,29.37,41.99,1008.87
4219,379.62,29.70,29.37,42.00,1008.87
4220,379.71,29.70,29.37,41.99,1008.87
4221,379.80,29.70,29.36,41.98,1008.87
4222,379.89,29.69,29.36,41.99,1008.87
4223,379.98,29.69,29.36,41.98,1008.87
4224,380.07,29.69,29.36,41.97,1008.87
4225,380.16,29.69,29.36,41.97,1008.87
4226,380.25,29.69,29.37,41.96,1008.87
4227,380.34,29.69,29.37,41.97,1008.87
4228,380.43,29.70,29.37,41.98,1008.87
4229,380.52,29.69,29.37,41.97,1008.87
4230,380.61,29.69,29.37,41.97,1008.87
4231,380.70,29.69,29.37,41.97,1008.87
4232,380.79,29.69,29.37,41.98,1008.87
4233,380.88,29.68,29.36,41.99,1008.87
4234,380.97,29.68,29.36,42.00,1008.87
4235,381.06,29.67,29.36,42.00,1008.87
4236,381.15,29.68,29.36,42.00,1008.87
4237,381.24,29.68,29.36,42.00,1008.87
4238,381.33,29.67,29.36,41.99,1008.87
4239,381.42,29.67,29.35,41.98,1008.87
4240,381.51,29.67,29.35,41.98,1008.87
4241,381.60,29.67,29.35,41.96,1008.87
4242,381.69,29.67,29.35,41.96,1008.87
4243,381.78,29.67,29.34,41.95,1008.88
4244,381.87,29.67,29.34,41.94,1008.87
4245,381.96,29.68,29.34,41.96,1008.88
4246,382.05,29.68,29.35,41.96,1008.88
4247,382.14,29.68,29.34,41.97,1008.88
4248,382.23,29.68,29.35,41.98,1008.88
4249,382.32,29.68,29.34,41.99,1008.88
4250,382.41,29.68,29.35,41.99,1008.88
4251,382.50,29.67,29.34,42.00,1008.88
4252,382.59,29.67,29.34,42.01,1008.87
4253,382.68,29.67,29.33,42.01,1008.87
4254,382.77,29.67,29.33,42.02,1008.87
4255,382.86,29.66,29.32,42.02,1008.87
4256,382.95,29.66,29.32,42.00,1008.87
4257,383.04,29.67,29.32,42.00,1008.87
4258,383.13,29.67,29.32,42.01,1008.87
4259,383.22,29.66,29.32,42.00,1008.87
4260,383.31,29.67,29.32,42.01,1008.87
4261,383.40,29.67,29.32,42.03,1008.87
4262,383.49,29.67,29.32,42.03,1008.87
4263,383.58,29.67,29.31,42.04,1008.87
4264,383.67,29.67,29.30,42.04,1008.87
4265,383.76,29.68,29.29,42.04,1008.87
4266,383.85,29.67,29.29,42.03,1008.87
4267,383.94,29.67,29.29,42.03,1008.87
4268,384.03,29.68,29.29,42.03,1008.87
4269,384.12,29.68,29.28,42.04,1008.87
4270,384.21,29.68,29.28,42.04,1008.87
4271,384.30,29.68,29.28,42.05,1008.87
4272,384.39,29.68,29.28,42.05,1008.87
4273,384.48,29.68,29.28,42.04,1008.87
4274,384.57,29.68,29.27,42.04,1008.87
4275,384.66,29.69,29.28,42.06,1008.87
4276,384.75,29.68,29.28,42.06,1008.87
4277,384.84,29.68,29.28,42.06,1008.87
4278,384.93,29.68,29.28,42.06,1008.87
4279,385.02,29.68,29.28,42.06,1008.87
4280,385.11,29.68,29.28,42.07,1008.87
4281,385.20,29.68,29.28,42.09,1008.86
4282,385.29,29.68,29.27,42.10,1008.86
4283,385.38,29.68,29.27,42.10,1008.86
4284,385.47,29.68,29.27,42.11,1008.86
4285,385.56,29.68,29.27,42.11,1008.86
4286,385.65,29.67,29.27,42.11,1008.86
4287,385.74,29.67,29.28,42.12,1008.86
4288,385.83,29.68,29.27,42.12,1008.86
4289,385.92,29.67,29.27,42.12,1008.86
4290,386.01,29.67,29.27,42.12,1008.86
4291,386.10,29.67,29.27,42.13,1008.86
4292,386.19,29.66,29.27,42.13,1008.86
4293,386.28,29.66,29.27,42.13,1008.86
4294,386.37,29.66,29.27,42.12,1008.86
4295,386.46,29.66,29.27,42.10,1008.85
4296,386.55,29.66,29.27,42.11,1008.85
4297,386.64,29.66,29.27,42.10,1008.85
4298,386.73,29.65,29.27,42.09,1008.85
4299,386.82,29.65,29.27,42.08,1008.85
4300,386.91,29.65,29.27,42.06,1008.85
4301,387.00,29.65,29.27,42.05,1008.85
4302,387.09,29.65,29.27,42.04,1008.85
4303,387.18,29.66,29.27,42.01,1008.86
4304,387.27,29.66,29.27,42.00,1008.85
4305,387.36,29.66,29.27,42.02,1008.85
4306,387.45,29.66,29.27,42.00,1008.86
4307,387.54,29.65,29.27,42.01,1008.86
4308,387.63,29.65,29.27,42.01,1008.86
4309,387.72,29.65,29.27,42.00,1008.86
4310,387.81,29.65,29.27,42.00,1008.86
4311,387.90,29.65,29.27,42.00,1008.86
4312,387.99,29.65,29.27,42.01,1008.86
4313,388.08,29.65,29.28,42.00,1008.86
4314,388.17,29.65,29.28,42.00,1008.86
4315,388.26,29.64,29.27,42.00,1008.86
4316,388.35,29.64,29.27,42.00,1008.86
4317,388.44,29.63,29.27,41.99,1008.87
4318,388.53,29.64,29.27,41.98,1008.87
4319,388.62,29.63,29.26,41.99,1008.87
4320,388.71,29.64,29.26,42.00,1008.87
4321,388.80,29.64,29.26,41.99,1008.87
4322,388.89,29.63,29.27,41.99,1008.87
4323,388.98,29.63,29.27,41.99,1008.87
4324,389.07,29.64,29.27,41.99,1008.87
4325,389.16,29.63,29.27,42.00,1008.87
4326,389.25,29.63,29.27,41.99,1008.87
4327,389.34,29.63,29.27,42.00,1008.87
4328,389.43,29.63,29.27,42.00,1008.87
4329,389.52,29.63,29.27,42.01,1008.87
4330,389.61,29.62,29.27,42.01,1008.87
4331,389.70,29.62,29.27,42.01,1008.87
4332,389.79,29.62,29.27,42.00,1008.87
4333,389.88,29.61,29.27,42.00,1008.87
4334,389.97,29.62,29.27,41.99,1008.86
4335,390.06,29.62,29.27,42.02,1008.86
4336,390.15,29.62,29.26,42.02,1008.86
4337,390.24,29.62,29.25,42.01,1008.86
4338,390.33,29.62,29.25,42.02,1008.86
4339,390.42,29.63,29.24,42.02,1008.86
4340,390.51,29.62,29.24,42.02,1008.86
4341,390.60,29.62,29.25,42.02,1008.86
4342,390.69,29.62,29.25,42.03,1008.86
4343,390.78,29.62,29.24,42.02,1008.86
4344,390.87,29.61,29.24,42.03,1008.86
4345,390.96,29.61,29.24,42.05,1008.85
4346,391.05,29.61,29.24,42.05,1008.86
4347,391.14,29.61,29.23,42.05,1008.85
4348,391.23,29.61,29.23,42.05,1008.85
4349,391.32,29.61,29.22,42.03,1008.85
4350,391.41,29.61,29.22,42.03,1008.85
4351,391.50,29.61,29.22,42.04,1008.85
4352,391.59,29.61,29.23,42.03,1008.85
4353,391.68,29.60,29.22,42.03,1008.85
4354,391.77,29.61,29.22,42.04,1008.85
4355,391.86,29.60,29.22,42.05,1008.85
4356,391.95,29.60,29.30,42.05,1008.85
4357,392.04,29.60,29.21,42.04,1008.85
4358,392.13,29.59,29.22,42.05,1008.85
4359,392.22,29.59,29.22,42.04,1008.85
4360,392.31,29.60,29.22,42.06,1008.85
4361,392.40,29.59,29.22,42.04,1008.85
4362,392.49,29.59,29.22,42.04,1008.85
4363,392.58,29.59,29.23,42.03,1008.85
4364,392.67,29.59,29.23,42.03,1008.85
4365,392.76,29.59,29.23,42.05,1008.85
4366,392.85,29.59,29.23,42.05,1008.85
4367,392.94,29.59,29.23,42.05,1008.86
4368,393.03,29.59,29.23,42.06,1008.86
4369,393.12,29.59,29.23,42.05,1008.86
4370,393.21,29.59,29.23,42.06,1008.86
4371,393.30,29.58,29.23,42.07,1008.86
4372,393.39,29.58,29.23,42.08,1008.86
4373,393.48,29.58,29.23,42.08,1008.86
4374,393.57,29.58,29.24,42.06,1008.87
4375,393.66,29.57,29.24,42.06,1008.87
4376,393.75,29.57,29.24,42.07,1008.87
4377,393.84,29.57,29.23,42.07,1008.87
4378,393.93,29.57,29.23,42.07,1008.87
4379,394.02,29.57,29.21,42.07,1008.87
4380,394.11,29.57,29.22,42.06,1008.87
4381,394.20,29.57,29.21,42.05,1008.86
4382,394.29,29.57,29.22,42.06,1008.86
4383,394.38,29.57,29.22,42.06,1008.87
4384,394.47,29.57,29.22,42.06,1008.87
4385,394.56,29.57,29.22,42.06,1008.87
4386,394.65,29.56,29.22,42.05,1008.87
4387,394.74,29.55,29.21,42.05,1008.87
4388,394.83,29.55,29.20,42.06,1008.87
4389,394.92,29.55,29.20,42.04,1008.87
4390,395.01,29.55,29.20,42.04,1008.87
4391,395.10,29.55,29.20,42.04,1008.87
4392,395.19,29.56,29.20,42.04,1008.87
4393,395.28,29.56,29.20,42.04,1008.87
4394,395.37,29.56,29.21,42.06,1008.87
4395,395.46,29.56,29.20,42.05,1008.87
4396,395.55,29.56,29.21,42.06,1008.87
4397,395.64,29.56,29.22,42.05,1008.87
4398,395.73,29.55,29.22,42.05,1008.87
4399,395.82,29.55,29.22,42.05,1008.87
4400,395.91,29.54,29.23,42.07,1008.87
4401,396.00,29.55,29.23,42.07,1008.87
4402,396.09,29.55,29.22,42.08,1008.87
4403,396.18,29.55,29.21,42.08,1008.87
4404,396.27,29.54,29.20,42.06,1008.87
4405,396.36,29.54,29.18,42.05,1008.86
4406,396.45,29.54,29.18,42.06,1008.86
4407,396.54,29.54,29.17,42.06,1008.86
4408,396.63,29.54,29.17,42.07,1008.86
4409,396.72,29.54,29.18,42.07,1008.86
4410,396.81,29.54,29.17,42.09,1008.86
4411,396.90,29.54,29.17,42.09,1008.86
4412,396.99,29.54,29.17,42.08,1008.86
4413,397.08,29.54,29.18,42.09,1008.86
4414,397.17,29.55,29.17,42.10,1008.86
4415,397.26,29.54,29.18,42.10,1008.86
4416,397.35,29.54,29.18,42.10,1008.86
4417,397.44,29.55,29.18,42.09,1008.86
4418,397.53,29.55,29.17,42.09,1008.86
4419,397.62,29.54,29.17,42.09,1008.86
4420,397.71,29.54,29.17,42.09,1008.86
4421,397.80,29.54,29.17,42.09,1008.86
4422,397.89,29.54,29.18,42.09,1008.86
4423,397.98,29.54,29.17,42.09,1008.87
4424,398.07,29.54,29.17,42.09,1008.87
4425,398.16,29.54,29.17,42.08,1008.87
4426,398.25,29.54,29.17,42.09,1008.87
4427,398.34,29.54,29.17,42.09,1008.87
4428,398.43,29.53,29.17,42.10,1008.87
4429,398.52,29.53,29.17,42.10,1008.87
4430,398.61,29.53,29.17,42.10,1008.87
4431,398.70,29.53,29.16,42.09,1008.87
4432,398.79,29.53,29.16,42.09,1008.87
4433,398.88,29.54,29.16,42.10,1008.87
4434,398.97,29.54,29.15,42.10,1008.87
4435,399.06,29.54,29.16,42.10,1008.87
4436,399.15,29.54,29.16,42.10,1008.87
4437,399.24,29.54,29.15,42.09,1008.87
4438,399.33,29.55,29.16,42.10,1008.87
4439,399.42,29.55,29.16,42.11,1008.87
4440,399.51,29.54,29.16,42.11,1008.87
4441,399.60,29.54,29.16,42.11,1008.87
4442,399.69,29.54,29.17,42.10,1008.87
4443,399.78,29.54,29.16,42.11,1008.87
4444,399.87,29.54,29.16,42.10,1008.87
4445,399.96,29.54,29.16,42.11,1008.87
4446,400.05,29.55,29.17,42.12,1008.87
4447,400.14,29.54,29.17,42.13,1008.87
4448,400.23,29.55,29.16,42.13,1008.87
4449,400.32,29.54,29.15,42.12,1008.87
4450,400.41,29.54,29.15,42.11,1008.87
4451,400.50,29.54,29.15,42.10,1008.88
4452,400.59,29.54,29.15,42.10,1008.87
4453,400.68,29.54,29.15,42.09,1008.87
4454,400.77,29.54,29.16,42.10,1008.87
4455,400.86,29.53,29.15,42.10,1008.87
4456,400.95,29.53,29.14,42.09,1008.87
4457,401.04,29.53,29.14,42.09,1008.87
4458,401.13,29.53,29.14,42.09,1008.87
4459,401.22,29.53,29.14,42.08,1008.87
4460,401.31,29.53,29.14,41.88,1008.87
4461,401.40,29.52,29.14,42.06,1008.87
4462,401.49,29.52,29.14,42.07,1008.87
4463,401.58,29.52,29.14,42.06,1008.87
4464,401.67,29.52,29.14,42.03,1008.87
4465,401.76,29.52,29.13,42.04,1008.87
4466,401.85,29.52,29.13,42.04,1008.87
4467,401.94,29.52,29.13,42.05,1008.87
4468,402.03,29.52,29.12,42.07,1008.87
4469,402.12,29.51,29.12,42.07,1008.88
4470,402.21,29.51,29.12,42.07,1008.87
4471,402.30,29.52,29.12,42.08,1008.87
4472,402.39,29.51,29.12,42.09,1008.87
4473,402.48,29.51,29.12,42.08,1008.87
4474,402.57,29.51,29.12,42.08,1008.87
4475,402.66,29.45,29.12,42.10,1008.87
4476,402.75,29.51,29.12,42.10,1008.87
4477,402.84,29.51,29.12,42.09,1008.87
4478,402.93,29.51,29.12,42.10,1008.87
4479,403.02,29.51,29.12,42.09,1008.87
4480,403.11,29.51,29.11,42.08,1008.87
4481,403.20,29.51,29.12,42.09,1008.87
4482,403.29,29.51,29.12,42.08,1008.87
4483,403.38,29.50,29.12,42.08,1008.87
4484,403.47,29.50,29.12,42.09,1008.87
4485,403.56,29.50,29.12,42.08,1008.87
4486,403.65,29.50,29.12,42.07,1008.87
4487,403.74,29.49,29.11,42.07,1008.88
4488,403.83,29.49,29.11,42.06,1008.88
4489,403.92,29.49,29.11,42.07,1008.87
4490,404.01,29.49,29.11,42.07,1008.87
4491,404.10,29.49,29.12,42.08,1008.87
4492,404.19,29.49,29.12,42.09,1008.87
4493,404.28,29.49,29.12,42.09,1008.88
4494,404.37,29.49,29.11,42.08,1008.87
4495,404.46,29.49,29.11,42.07,1008.87
4496,404.55,29.48,29.11,42.06,1008.87
4497,404.64,29.48,29.11,42.06,1008.87
4498,404.73,29.48,29.11,42.06,1008.87
4499,404.82,29.47,29.11,42.06,1008.88
4500,404.91,29.47,29.11,42.06,1008.88
4501,405.00,29.47,29.11,42.04,1008.87
4502,405.09,29.47,29.11,42.05,1008.87
4503,405.18,29.47,29.11,42.04,1008.87
4504,405.27,29.47,29.10,42.03,1008.87
4505,405.36,29.47,29.10,42.02,1008.87
4506,405.45,29.47,29.10,42.02,1008.87
4507,405.54,29.47,29.10,42.02,1008.87
4508,405.63,29.47,29.10,42.01,1008.86
4509,405.72,29.47,29.10,42.01,1008.86
4510,405.81,29.47,29.11,42.01,1008.86
4511,405.90,29.47,29.12,42.01,1008.87
4512,405.99,29.46,29.12,42.02,1008.86
4513,406.08,29.46,29.12,42.01,1008.87
4514,406.17,29.45,29.11,42.01,1008.87
4515,406.26,29.45,29.11,42.02,1008.87
4516,406.35,29.44,29.11,42.02,1008.87
4517,406.44,29.44,29.11,42.03,1008.87
4518,406.53,29.44,29.11,42.05,1008.87
4519,406.62,29.44,29.11,42.06,1008.87
4520,406.71,29.44,29.11,42.05,1008.87
4521,406.80,29.43,29.11,42.05,1008.87
4522,406.89,29.43,29.11,42.06,1008.87
4523,406.98,29.43,29.12,42.07,1008.87
4524,407.07,29.44,29.11,42.08,1008.87
4525,407.16,29.43,29.11,42.08,1008.87
4526,407.25,29.43,29.11,42.08,1008.87
4527,407.34,29.42,29.11,42.08,1008.87
4528,407.43,29.42,29.11,42.09,1008.87
4529,407.52,29.43,29.10,42.08,1008.87
4530,407.61,29.43,29.10,42.08,1008.87
4531,407.70,29.42,29.11,42.09,1008.87
4532,407.79,29.41,29.11,42.09,1008.87
4533,407.88,29.42,29.11,42.10,1008.88
4534,407.97,29.43,29.12,42.10,1008.87
4535,408.06,29.43,29.11,42.10,1008.87
4536,408.15,29.43,29.11,42.09,1008.87
4537,408.24,29.42,29.11,42.10,1008.87
4538,408.33,29.42,29.11,42.11,1008.87
4539,408.42,29.41,29.10,42.11,1008.87
4540,408.51,29.41,29.10,42.12,1008.87
4541,408.60,29.41,29.09,42.13,1008.87
4542,408.69,29.41,29.08,42.11,1008.87
4543,408.78,29.40,29.09,42.11,1008.87
4544,408.87,29.39,29.08,42.09,1008.87
4545,408.96,29.39,29.08,42.10,1008.87
4546,409.05,29.39,29.07,42.10,1008.87
4547,409.14,29.39,29.08,42.10,1008.87
4548,409.23,29.39,29.08,42.10,1008.87
4549,409.32,29.39,29.07,42.09,1008.87
4550,409.41,29.39,29.07,42.08,1008.87
4551,409.50,29.40,29.07,42.07,1008.87
4552,409.59,29.40,29.08,42.08,1008.87
4553,409.68,29.41,29.08,42.07,1008.86
4554,409.77,29.42,29.08,42.08,1008.86
4555,409.86,29.41,29.08,42.09,1008.86
4556,409.95,29.41,29.08,42.10,1008.86
4557,410.04,29.42,29.08,42.09,1008.86
4558,410.13,29.42,29.09,42.09,1008.86
4559,410.22,29.43,29.08,42.09,1008.86
4560,410.31,29.43,29.08,42.09,1008.86
4561,410.40,29.42,29.08,42.08,1008.86
4562,410.49,29.42,29.08,42.09,1008.86
4563,410.58,29.42,29.08,42.09,1008.86
4564,410.67,29.42,29.07,42.08,1008.86
4565,410.76,29.42,29.07,42.10,1008.86
4566,410.85,29.42,29.07,42.11,1008.86
4567,410.94,29.43,29.07,42.11,1008.86
4568,411.03,29.43,29.07,42.12,1008.86
4569,411.12,29.43,29.07,42.11,1008.86
4570,411.21,29.43,29.07,42.12,1008.86
4571,411.30,29.43,29.08,42.11,1008.86
4572,411.39,29.43,29.08,42.11,1008.86
4573,411.48,29.43,29.08,42.12,1008.86
4574,411.57,29.44,29.07,42.11,1008.86
4575,411.66,29.45,29.08,42.10,1008.86
4576,411.75,29.45,29.07,42.10,1008.86
4577,411.84,29.45,29.07,42.10,1008.86
4578,411.93,29.45,29.06,42.10,1008.86
4579,412.02,29.45,29.07,42.11,1008.86
4580,412.11,29.45,29.06,42.11,1008.86
4581,412.20,29.45,29.06,42.11,1008.86
4582,412.29,29.45,29.06,42.12,1008.86
4583,412.38,29.45,29.06,42.12,1008.86
4584,412.47,29.45,29.06,42.14,1008.86
4585,412.56,29.44,29.07,42.14,1008.86
4586,412.65,29.44,29.07,42.13,1008.86
4587,412.74,29.44,29.07,42.14,1008.86
4588,412.83,29.43,29.07,42.13,1008.86
4589,412.92,29.43,29.06,42.15,1008.86
4590,413.01,29.42,29.06,42.14,1008.87
4591,413.10,29.42,29.05,42.14,1008.87
4592,413.19,29.41,29.05,42.13,1008.87
4593,413.28,29.41,29.05,42.13,1008.87
4594,413.37,29.41,29.05,42.12,1008.87
4595,413.46,29.42,29.05,42.14,1008.86
4596,413.55,29.41,29.05,42.12,1008.86
4597,413.64,29.41,29.05,42.13,1008.87
4598,413.73,29.42,29.05,42.13,1008.86
4599,413.82,29.42,29.04,42.11,1008.87
4600,413.91,29.42,29.04,42.10,1008.87
4601,414.00,29.42,29.04,42.10,1008.87
4602,414.09,29.42,29.03,42.12,1008.87
4603,414.18,29.42,29.03,42.11,1008.87
4604,414.27,29.41,29.03,42.11,1008.86
4605,414.36,29.42,29.03,42.11,1008.86
4606,414.45,29.41,29.03,42.12,1008.86
4607,414.54,29.41,29.02,42.12,1008.86
4608,414.63,29.40,29.02,42.11,1008.86
4609,414.72,29.40,29.02,42.11,1008.86
4610,414.81,29.40,29.01,42.11,1008.86
4611,414.90,29.40,29.02,42.09,1008.86
4612,414.99,29.40,29.02,42.11,1008.86
4613,415.08,29.40,29.02,42.12,1008.86
4614,415.17,29.40,29.01,42.11,1008.86
4615,415.26,29.40,29.01,42.11,1008.86
4616,415.35,29.40,29.02,42.11,1008.86
4617,415.44,29.40,29.02,42.14,1008.86
4618,415.53,29.40,29.02,42.12,1008.86
4619,415.62,29.39,29.02,42.12,1008.86
4620,415.71,29.39,29.01,42.13,1008.86
4621,415.80,29.39,29.01,42.12,1008.85
4622,415.89,29.39,29.02,42.12,1008.85
4623,415.98,29.38,29.01,42.13,1008.85
4624,416.07,29.38,29.02,42.13,1008.85
4625,416.16,29.37,29.02,42.14,1008.85
4626,416.25,29.37,29.02,42.14,1008.85
4627,416.34,29.37,29.02,42.15,1008.85
4628,416.43,29.37,29.01,42.14,1008.85
4629,416.52,29.37,29.00,42.15,1008.85
4630,416.61,29.37,29.01,42.15,1008.85
4631,416.70,29.37,29.01,42.14,1008.85
4632,416.79,29.37,29.01,42.15,1008.85
4633,416.88,29.36,29.02,42.14,1008.85
4634,416.97,29.35,29.01,42.13,1008.85
4635,417.06,29.35,29.01,42.13,1008.86
4636,417.15,29.35,29.01,42.12,1008.86
4637,417.24,29.35,29.00,42.10,1008.86
4638,417.33,29.35,29.00,42.11,1008.86
4639,417.42,29.36,29.00,42.10,1008.86
4640,417.51,29.35,28.99,42.10,1008.86
4641,417.60,29.35,28.99,42.09,1008.86
4642,417.69,29.35,28.99,42.11,1008.86
4643,417.78,29.35,28.99,42.10,1008.86
4644,417.87,29.35,28.99,42.10,1008.86
4645,417.96,29.34,29.00,42.11,1008.86
4646,418.05,29.34,28.99,42.11,1008.87
4647,418.14,29.34,28.99,42.11,1008.87
4648,418.23,29.34,29.00,42.11,1008.87
4649,418.32,29.34,28.99,42.11,1008.87
4650,418.41,29.34,28.99,42.11,1008.87
4651,418.50,29.34,28.99,42.12,1008.87
4652,418.59,29.34,29.00,42.12,1008.87
4653,418.68,29.33,29.00,42.11,1008.87
4654,418.77,29.34,29.00,42.12,1008.87
4655,418.86,29.33,29.01,42.12,1008.87
4656,418.95,29.34,29.01,42.12,1008.87
4657,419.04,29.34,29.01,42.12,1008.87
4658,419.13,29.35,29.01,42.12,1008.87
4659,419.22,29.35,29.02,42.10,1008.87
4660,419.31,29.36,29.01,42.10,1008.87
4661,419.40,29.36,29.01,42.10,1008.87
4662,419.49,29.35,29.00,42.09,1008.87
4663,419.58,29.35,29.00,42.09,1008.87
4664,419.67,29.35,29.00,42.08,1008.87
4665,419.76,29.35,29.00,42.09,1008.87
4666,419.85,29.35,29.01,42.09,1008.87
4667,419.94,29.35,29.00,42.11,1008.87
4668,420.03,29.34,29.00,42.10,1008.87
4669,420.12,29.34,29.00,42.10,1008.86
4670,420.21,29.34,29.00,42.08,1008.86
4671,420.30,29.34,29.00,42.08,1008.86
4672,420.39,29.34,29.01,42.11,1008.86
4673,420.48,29.34,29.00,42.10,1008.86
4674,420.57,29.34,29.00,42.10,1008.86
4675,420.66,29.33,29.00,42.10,1008.86
4676,420.75,29.33,29.00,42.09,1008.86
4677,420.84,29.33,28.99,42.10,1008.86
4678,420.93,29.32,28.98,42.09,1008.86
4679,421.02,29.33,28.98,42.08,1008.86
4680,421.11,29.33,28.97,42.09,1008.86
4681,421.20,29.32,28.97,42.08,1008.86
4682,421.29,29.32,28.96,42.09,1008.86
4683,421.38,29.32,28.96,42.09,1008.86
4684,421.47,29.32,28.96,42.09,1008.86
4685,421.56,29.33,28.95,42.10,1008.86
4686,421.65,29.32,28.95,42.09,1008.86
4687,421.74,29.32,28.94,42.10,1008.86
4688,421.83,29.32,28.94,42.10,1008.86
4689,421.92,29.32,28.94,42.09,1008.86
4690,422.01,29.33,28.93,42.09,1008.86
4691,422.10,29.33,28.93,42.10,1008.86
4692,422.19,29.33,28.92,42.09,1008.87
4693,422.28,29.33,28.92,42.08,1008.87
4694,422.37,29.33,28.93,42.08,1008.87
4695,422.46,29.33,28.92,42.09,1008.87
4696,422.55,29.33,28.92,42.10,1008.86
4697,422.64,29.33,28.92,42.11,1008.87
4698,422.73,29.33,28.93,42.11,1008.87
4699,422.82,29.32,28.93,42.12,1008.86
4700,422.91,29.33,28.94,42.12,1008.86
4701,423.00,29.32,28.93,42.12,1008.86
4702,423.09,29.32,28.93,42.11,1008.86
4703,423.18,29.32,28.94,42.10,1008.86
4704,423.27,29.32,28.94,42.11,1008.86
4705,423.36,29.32,28.94,42.11,1008.87
4706,423.45,29.33,28.94,42.11,1008.87
4707,423.54,29.33,28.94,42.10,1008.87
4708,423.63,29.34,28.94,42.10,1008.87
4709,423.72,29.34,28.94,42.09,1008.87
4710,423.81,29.34,28.94,42.08,1008.87
4711,423.90,29.34,28.95,42.09,1008.87
4712,423.99,29.34,28.95,42.10,1008.87
4713,424.08,29.34,28.94,42.07,1008.87
4714,424.17,29.33,28.95,42.07,1008.87
4715,424.26,29.33,28.95,42.09,1008.87
4716,424.35,29.33,28.95,42.09,1008.87
4717,424.44,29.33,28.95,42.09,1008.88
4718,424.53,29.33,28.96,42.11,1008.88
4719,424.62,29.33,28.96,42.12,1008.87
4720,424.71,29.33,28.96,42.11,1008.87
4721,424.80,29.33,28.96,42.11,1008.87
4722,424.89,29.32,28.95,42.12,1008.87
4723,424.98,29.32,28.94,42.12,1008.88
4724,425.07,29.32,28.94,42.11,1008.87
4725,425.16,29.32,28.94,42.11,1008.88
4726,425.25,29.32,28.94,42.13,1008.88
4727,425.34,29.32,28.93,42.14,1008.88
4728,425.43,29.31,28.93,42.13,1008.88
4729,425.52,29.31,28.93,42.13,1008.88
4730,425.61,29.31,28.93,42.14,1008.88
4731,425.70,29.31,28.94,42.14,1008.88
4732,425.79,29.31,28.94,42.14,1008.87
4733,425.88,29.31,28.94,42.13,1008.87
4734,425.97,29.31,28.94,42.10,1008.87
4735,426.06,29.31,28.94,42.10,1008.87
4736,426.15,29.31,28.94,42.09,1008.88
4737,426.24,29.31,28.93,42.09,1008.87
4738,426.33,29.30,28.92,42.09,1008.87
4739,426.42,29.31,28.93,42.08,1008.87
4740,426.51,29.31,28.93,42.07,1008.87
4741,426.60,29.31,28.93,42.08,1008.87
4742,426.69,29.31,28.93,42.09,1008.87
4743,426.78,29.30,28.93,42.09,1008.87
4744,426.87,29.30,28.92,42.10,1008.87
4745,426.96,29.30,28.92,42.10,1008.87
4746,427.05,29.30,28.92,42.08,1008.87
4747,427.14,29.30,28.93,42.08,1008.87
4748,427.23,29.30,28.92,42.08,1008.87
4749,427.32,29.30,28.93,42.09,1008.87
4750,427.41,29.30,28.93,42.09,1008.87
4751,427.50,29.30,28.92,42.09,1008.87
4752,427.59,29.30,28.92,42.10,1008.87
4753,427.68,29.30,28.91,42.10,1008.87
4754,427.77,29.30,28.93,42.10,1008.87
4755,427.86,29.30,28.93,42.10,1008.87
4756,427.95,29.29,28.93,42.10,1008.87
4757,428.04,29.29,28.93,42.10,1008.87
4758,428.13,29.28,28.93,42.10,1008.87
4759,428.22,29.29,28.93,42.10,1008.87
4760,428.31,29.29,28.93,42.11,1008.87
4761,428.40,29.29,28.93,42.10,1008.86
4762,428.49,29.29,28.93,42.10,1008.87
4763,428.58,29.29,28.94,42.11,1008.87
4764,428.67,29.29,28.93,42.09,1008.87
4765,428.76,29.29,28.93,42.10,1008.87
4766,428.85,29.29,28.94,42.11,1008.87
4767,428.94,29.28,28.93,42.11,1008.87
4768,429.03,29.28,28.94,42.11,1008.87
4769,429.12,29.28,28.93,42.11,1008.87
4770,429.21,29.28,28.94,42.12,1008.86
4771,429.30,29.28,28.95,42.10,1008.87
4772,429.39,29.28,28.94,42.11,1008.87
4773,429.48,29.28,28.95,42.11,1008.87
4774,429.57,29.28,28.94,42.12,1008.87
4775,429.66,29.29,28.94,42.12,1008.87
4776,429.75,29.28,28.94,42.13,1008.87
4777,429.84,29.28,28.95,42.12,1008.87
4778,429.93,29.28,28.94,42.12,1008.87
4779,430.02,29.28,28.95,42.13,1008.87
4780,430.11,29.28,28.94,42.15,1008.87
4781,430.20,29.28,28.94,42.15,1008.88
4782,430.29,29.28,28.94,42.16,1008.88
4783,430.38,29.28,28.94,42.16,1008.88
4784,430.47,29.28,28.94,42.16,1008.88
4785,430.56,29.28,28.94,42.15,1008.88
4786,430.65,29.27,28.93,42.15,1008.88
4787,430.74,29.27,28.93,42.14,1008.88
4788,430.83,29.27,28.93,42.13,1008.88
4789,430.92,29.27,28.93,42.13,1008.88
4790,431.01,29.27,28.92,42.14,1008.88
4791,431.10,29.27,28.91,42.13,1008.88
4792,431.19,29.27,28.92,42.12,1008.88
4793,431.28,29.26,28.92,42.10,1008.88
4794,431.37,29.16,28.89,42.10,1008.89
4795,431.46,29.22,28.91,42.10,1008.89
4796,431.55,29.26,28.91,42.11,1008.88
4797,431.64,29.26,28.91,42.09,1008.88
4798,431.73,29.26,28.91,42.11,1008.88
4799,431.82,29.26,28.91,42.12,1008.88
4800,431.91,29.26,28.91,42.14,1008.88
4801,432.00,29.26,28.91,42.13,1008.88
4802,432.09,29.26,28.92,42.12,1008.88
4803,432.18,29.26,28.92,42.11,1008.88
4804,432.27,29.26,28.92,42.10,1008.88
4805,432.36,29.27,28.92,42.10,1008.88
4806,432.45,29.26,28.92,42.09,1008.88
4807,432.54,29.26,28.91,42.09,1008.88
4808,432.63,29.26,28.91,42.09,1008.87
4809,432.72,29.26,28.91,42.10,1008.87
4810,432.81,29.26,28.92,42.10,1008.87
4811,432.90,29.25,28.91,42.08,1008.87
4812,432.99,29.25,28.91,42.07,1008.87
4813,433.08,29.26,28.91,42.06,1008.87
4814,433.17,29.25,28.91,42.05,1008.87
4815,433.26,29.25,28.91,42.05,1008.87
4816,433.35,29.25,28.90,42.05,1008.87
4817,433.44,29.25,28.90,42.05,1008.87
4818,433.53,29.25,28.89,42.06,1008.87
4819,433.62,29.25,28.88,42.04,1008.86
4820,433.71,29.24,28.89,42.02,1008.86
4821,433.80,29.24,28.89,42.03,1008.86
4822,433.89,29.24,28.88,42.03,1008.86
4823,433.98,29.25,28.88,42.04,1008.86
4824,434.07,29.24,28.88,42.03,1008.86
4825,434.16,29.24,28.88,42.03,1008.86
4826,434.25,29.24,28.88,42.03,1008.86
4827,434.34,29.24,28.89,42.02,1008.86
4828,434.43,29.23,28.89,42.02,1008.86
4829,434.52,29.23,28.88,42.01,1008.86
4830,434.61,29.24,28.88,42.01,1008.86
4831,434.70,29.24,28.88,41.98,1008.86
4832,434.79,29.23,28.88,41.98,1008.86
4833,434.88,29.23,28.88,41.99,1008.86
4834,434.97,29.23,28.88,41.98,1008.86
4835,435.06,29.23,28.88,41.98,1008.86
4836,435.15,29.23,28.88,41.98,1008.86
4837,435.24,29.22,28.88,41.98,1008.86
4838,435.33,29.22,28.88,41.98,1008.86
4839,435.42,29.22,28.87,41.97,1008.86
4840,435.51,29.22,28.87,41.98,1008.87
4841,435.60,29.22,28.87,41.98,1008.87
4842,435.69,29.22,28.88,41.98,1008.87
4843,435.78,29.23,28.88,41.97,1008.87
4844,435.87,29.22,28.87,41.96,1008.87
4845,435.96,29.22,28.88,41.96,1008.87
4846,436.05,29.22,28.88,41.97,1008.87
4847,436.14,29.23,28.87,41.98,1008.87
4848,436.23,29.23,28.87,42.00,1008.87
4849,436.32,29.23,28.88,42.00,1008.87
4850,436.41,29.22,28.87,42.01,1008.87
4851,436.50,29.22,28.87,42.02,1008.87
4852,436.59,29.22,28.87,42.03,1008.87
4853,436.68,29.21,28.87,42.03,1008.87
4854,436.77,29.21,28.87,42.04,1008.87
4855,436.86,29.21,28.88,42.05,1008.87
4856,436.95,29.22,28.88,42.06,1008.87
4857,437.04,29.21,28.88,42.06,1008.87
4858,437.13,29.21,28.87,42.09,1008.87
4859,437.22,29.21,28.87,42.10,1008.87
4860,437.31,29.21,28.87,42.10,1008.87
4861,437.40,29.21,28.87,42.11,1008.87
4862,437.49,29.21,28.87,42.11,1008.86
4863,437.58,29.21,28.87,42.10,1008.86
4864,437.67,29.20,28.87,42.11,1008.86
4865,437.76,29.21,28.86,42.11,1008.86
4866,437.85,29.21,28.86,42.11,1008.86
4867,437.94,29.21,28.85,42.11,1008.86
4868,438.03,29.21,28.85,42.12,1008.86
4869,438.12,29.21,28.85,42.12,1008.86
4870,438.21,29.21,28.85,42.12,1008.86
4871,438.30,29.20,28.85,42.12,1008.86
4872,438.39,29.20,28.85,42.12,1008.86
4873,438.48,29.21,28.85,42.13,1008.86
4874,438.57,29.21,28.84,42.12,1008.86
4875,438.66,29.20,28.83,42.11,1008.86
4876,438.75,29.20,28.83,42.11,1008.86
4877,438.84,29.20,28.84,42.11,1008.86
4878,438.93,29.20,28.84,42.13,1008.86
4879,439.02,29.20,28.84,42.12,1008.86
4880,439.11,29.20,28.83,42.13,1008.86
4881,439.20,29.20,28.83,42.14,1008.86
4882,439.29,29.20,28.83,42.12,1008.86
4883,439.38,29.19,28.84,42.10,1008.86
4884,439.47,29.19,28.84,42.10,1008.86
4885,439.56,29.20,28.84,42.11,1008.86
4886,439.65,29.19,28.84,42.12,1008.86
4887,439.74,29.19,28.84,42.11,1008.86
4888,439.83,29.18,28.84,42.10,1008.86
4889,439.92,29.18,28.83,42.09,1008.86
4890,440.01,29.17,28.83,42.10,1008.86
4891,440.10,29.18,28.84,42.11,1008.86
4892,440.19,29.17,28.84,42.11,1008.86
4893,440.28,29.17,28.84,42.11,1008.87
4894,440.37,29.17,28.85,42.12,1008.86
4895,440.46,29.18,28.85,42.12,1008.86
4896,440.55,29.18,28.85,42.12,1008.86
4897,440.64,29.18,28.85,42.12,1008.86
4898,440.73,29.18,28.85,42.11,1008.86
4899,440.82,29.18,28.85,42.11,1008.86
4900,440.91,29.18,28.85,42.12,1008.87
4901,441.00,29.18,28.85,42.10,1008.87
4902,441.09,29.18,28.84,42.12,1008.87
4903,441.18,29.18,28.84,42.11,1008.87
4904,441.27,29.18,28.83,42.11,1008.87
4905,441.36,29.18,28.83,42.10,1008.87
4906,441.45,29.18,28.83,42.10,1008.87
4907,441.54,29.19,28.83,42.09,1008.87
4908,441.63,29.19,28.84,42.09,1008.87
4909,441.72,29.19,28.84,42.08,1008.87
4910,441.81,29.19,28.84,42.08,1008.87
4911,441.90,29.19,28.85,42.09,1008.87
4912,441.99,29.18,28.85,42.10,1008.87
4913,442.08,29.18,28.84,42.10,1008.87
4914,442.17,29.19,28.85,42.09,1008.87
4915,442.26,29.18,28.85,42.10,1008.87
4916,442.35,29.18,28.84,42.09,1008.87
4917,442.44,29.18,28.84,42.08,1008.87
4918,442.53,29.18,28.84,42.10,1008.87
4919,442.62,29.18,28.84,42.10,1008.86
4920,442.71,29.18,28.84,42.11,1008.86
4921,442.80,29.17,28.83,42.11,1008.86
4922,442.89,29.18,28.84,42.11,1008.86
4923,442.98,29.18,28.83,42.11,1008.86
4924,443.07,29.17,28.83,42.11,1008.86
4925,443.16,29.17,28.83,42.13,1008.86
4926,443.25,29.17,28.83,42.14,1008.86
4927,443.34,29.17,28.83,42.12,1008.86
4928,443.43,29.17,28.82,42.13,1008.86
4929,443.52,29.16,28.82,42.13,1008.86
4930,443.61,29.16,28.82,42.15,1008.86
4931,443.70,29.16,28.82,42.15,1008.86
4932,443.79,29.16,28.81,42.16,1008.86
4933,443.88,29.16,28.81,42.14,1008.86
4934,443.97,29.16,28.81,42.13,1008.86
4935,444.06,29.16,28.81,42.13,1008.87
4936,444.15,29.16,28.82,42.12,1008.87
4937,444.24,29.16,28.82,42.11,1008.87
4938,444.33,29.16,28.82,42.10,1008.87
4939,444.42,29.15,28.81,42.08,1008.87
4940,444.51,29.16,28.81,42.10,1008.87
4941,444.60,29.15,28.81,42.11,1008.87
4942,444.69,29.16,28.82,42.11,1008.88
4943,444.78,29.16,28.81,42.12,1008.88
4944,444.87,29.16,28.81,42.12,1008.88
4945,444.96,29.17,28.81,42.12,1008.88
4946,445.05,29.17,28.81,42.12,1008.88
4947,445.14,29.17,28.81,42.12,1008.87
4948,445.23,29.17,28.81,42.13,1008.87
4949,445.32,29.17,28.81,42.12,1008.87
4950,445.41,29.17,28.82,42.13,1008.87
4951,445.50,29.17,28.82,42.14,1008.87
4952,445.59,29.16,28.82,42.15,1008.87
4953,445.68,29.16,28.82,42.15,1008.87
4954,445.77,29.15,28.82,42.14,1008.87
4955,445.86,29.15,28.82,42.13,1008.87
4956,445.95,29.16,28.82,42.13,1008.87
4957,446.04,29.15,28.82,42.13,1008.87
4958,446.13,29.15,28.81,42.15,1008.88
4959,446.22,29.14,28.81,42.15,1008.88
4960,446.31,29.14,28.82,42.15,1008.87
4961,446.40,29.15,28.82,42.16,1008.87
4962,446.49,29.15,28.81,42.16,1008.87
4963,446.58,29.15,28.81,42.17,1008.87
4964,446.67,29.15,28.82,42.16,1008.87
4965,446.76,29.15,28.82,42.17,1008.87
4966,446.85,29.15,28.82,42.16,1008.87
4967,446.94,29.15,28.82,42.16,1008.87
4968,447.03,29.16,28.82,42.15,1008.87
4969,447.12,29.15,28.82,42.15,1008.87
4970,447.21,29.15,28.81,42.15,1008.86
4971,447.30,29.15,28.82,42.15,1008.86
4972,447.39,29.15,28.82,42.16,1008.86
4973,447.48,29.15,28.82,42.14,1008.86
4974,447.57,29.15,28.82,42.14,1008.86
4975,447.66,29.15,28.81,42.14,1008.86
4976,447.75,29.14,28.82,42.15,1008.86
4977,447.84,29.14,28.82,42.15,1008.86
4978,447.93,29.13,28.81,42.14,1008.86
4979,448.02,29.14,28.81,42.13,1008.86
4980,448.11,29.14,28.81,42.14,1008.86
4981,448.20,29.14,28.80,42.16,1008.86
4982,448.29,29.14,28.81,42.16,1008.86
4983,448.38,29.14,28.80,42.17,1008.86
4984,448.47,29.14,28.80,42.18,1008.86
4985,448.56,29.13,28.80,42.17,1008.86
4986,448.65,29.13,28.80,42.18,1008.86
4987,448.74,29.12,28.80,42.17,1008.86
4988,448.83,29.12,28.80,42.12,1008.86
4989,448.92,29.12,28.80,42.19,1008.86
4990,449.01,29.12,28.80,42.17,1008.86
4991,449.10,29.12,28.80,42.18,1008.86
4992,449.19,29.12,28.80,42.17,1008.86
4993,449.28,29.11,28.80,42.17,1008.86
4994,449.37,29.12,28.80,42.16,1008.86
4995,449.46,29.12,28.80,42.16,1008.86
4996,449.55,29.12,28.78,42.15,1008.87
4997,449.64,29.12,28.78,42.14,1008.87
4998,449.73,29.12,28.78,42.12,1008.87
4999,449.82,29.12,28.78,42.13,1008.87
5000,449.91,29.12,28.78,42.12,1008.87
5001,450.00,29.12,28.78,42.11,1008.87
5002,450.09,29.11,28.78,42.12,1008.87
5003,450.18,29.11,28.78,42.13,1008.87
5004,450.27,29.12,28.78,42.15,1008.87
5005,450.36,29.12,28.78,42.14,1008.87
5006,450.45,29.12,28.78,42.15,1008.87
5007,450.54,29.13,28.77,42.16,1008.87
5008,450.63,29.12,28.77,42.16,1008.87
5009,450.72,29.12,28.77,42.16,1008.87
5010,450.81,29.12,28.78,42.15,1008.87
5011,450.90,29.12,28.78,42.14,1008.87
5012,450.99,29.12,28.78,42.13,1008.87
5013,451.08,29.12,28.79,42.13,1008.87
5014,451.17,29.12,28.78,42.13,1008.87
5015,451.26,29.11,28.78,42.14,1008.87
5016,451.35,29.11,28.78,42.15,1008.87
5017,451.44,29.11,28.78,42.15,1008.87
5018,451.53,29.11,28.78,42.16,1008.87
5019,451.62,29.11,28.77,42.15,1008.87
5020,451.71,29.11,28.77,42.14,1008.87
5021,451.80,29.11,28.77,42.17,1008.87
5022,451.89,29.11,28.78,42.16,1008.87
5023,451.98,29.11,28.77,42.17,1008.87
5024,452.07,29.11,28.78,42.16,1008.86
5025,452.16,29.11,28.78,42.16,1008.86
5026,452.25,29.11,28.78,42.14,1008.86
5027,452.34,29.10,28.77,42.14,1008.86
5028,452.43,29.10,28.77,42.12,1008.86
5029,452.52,29.10,28.77,42.13,1008.86
5030,452.61,29.10,28.77,42.12,1008.86
5031,452.70,29.10,28.77,42.11,1008.86
5032,452.79,29.09,28.77,42.12,1008.86
5033,452.88,29.09,28.77,42.10,1008.86
5034,452.97,29.09,28.78,42.10,1008.86
5035,453.06,29.09,28.77,42.11,1008.86
5036,453.15,29.09,28.77,42.13,1008.86
5037,453.24,29.09,28.77,42.13,1008.86
5038,453.33,29.10,28.77,42.13,1008.86
5039,453.42,29.09,28.77,42.12,1008.86
5040,453.51,29.09,28.78,42.12,1008.86
5041,453.60,29.09,28.78,42.12,1008.86
5042,453.69,29.09,28.78,42.13,1008.86
5043,453.78,29.09,28.78,42.14,1008.86
5044,453.87,29.09,28.78,42.13,1008.86
5045,453.96,29.08,28.78,42.13,1008.86
5046,454.05,29.08,28.77,42.14,1008.86
5047,454.14,29.08,28.78,42.13,1008.86
5048,454.23,29.08,28.77,42.14,1008.86
5049,454.32,29.08,28.77,42.16,1008.86
5050,454.41,29.08,28.77,42.16,1008.86
5051,454.50,29.08,28.77,42.14,1008.86
5052,454.59,29.08,28.78,42.14,1008.86
5053,454.68,29.08,28.77,42.14,1008.86
5054,454.77,29.07,28.77,42.14,1008.86
5055,454.86,29.07,28.77,42.15,1008.86
5056,454.95,29.07,28.76,42.15,1008.86
5057,455.04,29.07,28.77,42.17,1008.86
5058,455.13,29.07,28.77,42.17,1008.86
5059,455.22,29.07,28.76,42.16,1008.86
5060,455.31,29.08,28.76,42.17,1008.87
5061,455.40,29.07,28.75,42.16,1008.87
5062,455.49,29.07,28.76,42.17,1008.87
5063,455.58,29.08,28.75,42.18,1008.87
5064,455.67,29.08,28.75,42.19,1008.87
5065,455.76,29.08,28.75,42.19,1008.87
5066,455.85,29.08,28.75,42.20,1008.87
5067,455.94,29.08,28.75,42.19,1008.87
5068,456.03,29.08,28.75,42.20,1008.87
5069,456.12,29.08,28.75,42.20,1008.87
5070,456.21,29.09,28.75,42.19,1008.87
5071,456.30,29.08,28.75,42.19,1008.87
5072,456.39,29.09,28.75,42.19,1008.87
5073,456.48,29.08,28.75,42.18,1008.87
5074,456.57,29.08,28.74,42.18,1008.87
5075,456.66,29.09,28.75,42.19,1008.87
5076,456.75,29.09,28.74,42.18,1008.87
5077,456.84,29.08,28.75,42.18,1008.87
5078,456.93,29.08,28.74,42.19,1008.87
5079,457.02,29.08,28.73,42.19,1008.87
5080,457.11,29.08,28.74,42.19,1008.87
5081,457.20,29.08,28.74,42.21,1008.87
5082,457.29,29.08,28.74,42.22,1008.87
5083,457.38,29.08,28.73,42.21,1008.87
5084,457.47,29.07,28.73,42.22,1008.87
5085,457.56,29.08,28.73,42.22,1008.87
5086,457.65,29.08,28.73,42.22,1008.87
5087,457.74,29.08,28.72,42.22,1008.87
5088,457.83,29.08,28.72,42.21,1008.87
5089,457.92,29.08,28.73,42.20,1008.87
5090,458.01,29.07,28.73,42.21,1008.87
5091,458.10,29.07,28.73,42.21,1008.87
5092,458.19,29.07,28.73,42.23,1008.87
5093,458.28,29.07,28.73,42.24,1008.86
5094,458.37,29.07,28.73,42.25,1008.86
5095,458.46,29.07,28.73,42.27,1008.86
5096,458.55,29.08,28.74,42.28,1008.86
5097,458.64,29.08,28.73,42.29,1008.86
5098,458.73,29.07,28.73,42.29,1008.86
5099,458.82,29.07,28.74,42.29,1008.86
5100,458.91,29.07,28.73,42.30,1008.86
5101,459.00,29.07,28.74,42.29,1008.86
5102,459.09,29.07,28.73,42.29,1008.86
5103,459.18,29.07,28.74,42.29,1008.86
5104,459.27,29.06,28.74,42.28,1008.86
5105,459.36,29.06,28.74,42.28,1008.86
5106,459.45,29.07,28.73,42.28,1008.86
5107,459.54,29.06,28.73,42.28,1008.86
5108,459.63,29.06,28.73,42.28,1008.86
5109,459.72,29.06,28.73,42.28,1008.86
5110,459.81,29.06,28.73,42.29,1008.86
5111,459.90,29.06,28.73,42.30,1008.86
5112,459.99,29.06,28.73,42.28,1008.86
5113,460.08,29.06,28.74,42.27,1008.87
5114,460.17,29.06,28.74,42.27,1008.87
5115,460.26,29.05,28.74,42.26,1008.87
5116,460.35,29.05,28.74,42.25,1008.87
5117,460.44,29.05,28.74,42.24,1008.87
5118,460.53,29.06,28.74,42.24,1008.87
5119,460.62,29.06,28.75,42.22,1008.87
5120,460.71,29.06,28.75,42.21,1008.87
5121,460.80,29.06,28.75,42.20,1008.87
5122,460.89,29.06,28.75,42.22,1008.87
5123,460.98,29.06,28.74,42.21,1008.87
5124,461.07,29.06,28.74,42.20,1008.87
5125,461.16,29.06,28.74,42.19,1008.87
5126,461.25,29.05,28.74,42.19,1008.87
5127,461.34,29.05,28.74,42.17,1008.88
5128,461.43,29.05,28.74,42.16,1008.87
5129,461.52,29.04,28.74,42.15,1008.88
5130,461.61,29.04,28.74,42.14,1008.87
5131,461.70,29.04,28.73,42.15,1008.87
5132,461.79,29.04,28.73,42.16,1008.87
5133,461.88,29.04,28.73,42.15,1008.87
5134,461.97,29.04,28.72,42.16,1008.87
5135,462.06,29.04,28.72,42.16,1008.87
5136,462.15,29.04,28.72,42.16,1008.87
5137,462.24,29.04,28.73,42.16,1008.87
5138,462.33,29.04,28.73,42.18,1008.88
5139,462.42,29.04,28.73,42.18,1008.88
5140,462.51,29.04,28.73,42.19,1008.87
5141,462.60,29.04,28.73,42.20,1008.87
5142,462.69,29.04,28.73,42.20,1008.87
5143,462.78,29.04,28.73,42.20,1008.87
5144,462.87,29.04,28.73,42.21,1008.87
5145,462.96,29.04,28.73,42.22,1008.87
5146,463.05,29.04,28.72,42.23,1008.87
5147,463.14,29.04,28.72,42.24,1008.87
5148,463.23,29.04,28.72,42.26,1008.87
5149,463.32,29.04,28.72,42.25,1008.87
5150,463.41,29.04,28.71,42.24,1008.87
5151,463.50,29.03,28.71,42.23,1008.87
5152,463.59,29.03,28.71,42.24,1008.87
5153,463.68,29.03,28.71,42.25,1008.88
5154,463.77,29.03,28.71,42.25,1008.87
5155,463.86,29.03,28.70,42.26,1008.88
5156,463.95,29.03,28.70,42.25,1008.88
5157,464.04,29.03,28.70,42.24,1008.88
5158,464.13,29.03,28.71,42.24,1008.88
5159,464.22,29.02,28.70,42.23,1008.88
5160,464.31,29.03,28.70,42.23,1008.88
5161,464.40,29.02,28.69,42.25,1008.88
5162,464.49,29.02,28.70,42.24,1008.88
5163,464.58,29.01,28.69,42.24,1008.87
5164,464.67,29.02,28.69,42.24,1008.87
5165,464.76,29.01,28.69,42.23,1008.87
5166,464.85,29.01,28.70,42.25,1008.87
5167,464.94,29.01,28.71,42.25,1008.87
5168,465.03,29.01,28.70,42.25,1008.87
5169,465.12,29.01,28.69,42.25,1008.87
5170,465.21,29.01,28.70,42.26,1008.86
5171,465.30,29.01,28.70,42.26,1008.86
5172,465.39,29.01,28.69,42.25,1008.86
5173,465.48,29.01,28.69,42.24,1008.86
5174,465.57,29.01,28.69,42.24,1008.86
5175,465.66,29.01,28.69,42.23,1008.86
5176,465.75,29.01,28.70,42.23,1008.86
5177,465.84,29.01,28.70,42.23,1008.86
5178,465.93,29.01,28.70,42.23,1008.86
5179,466.02,29.01,28.70,42.24,1008.86
5180,466.11,29.01,28.70,42.24,1008.86
5181,466.20,29.01,28.70,42.26,1008.86
5182,466.29,29.00,28.70,42.26,1008.86
5183,466.38,29.01,28.70,42.27,1008.87
5184,466.47,29.00,28.70,42.26,1008.87
5185,466.56,29.00,28.70,42.27,1008.86
5186,466.65,29.00,28.71,42.30,1008.86
5187,466.74,29.00,28.70,42.29,1008.86
5188,466.83,29.00,28.70,42.31,1008.86
5189,466.92,29.00,28.70,42.32,1008.86
5190,467.01,29.01,28.71,42.31,1008.87
5191,467.10,29.01,28.70,42.30,1008.87
5192,467.19,29.01,28.70,42.30,1008.82
5193,467.28,29.01,28.70,42.30,1008.87
5194,467.37,29.02,28.70,42.31,1008.87
5195,467.46,29.01,28.70,42.29,1008.87
5196,467.55,29.01,28.70,42.29,1008.87
5197,467.64,29.00,28.70,42.29,1008.87
5198,467.73,29.00,28.70,42.29,1008.87
5199,467.82,29.00,28.70,42.31,1008.87
5200,467.91,29.00,28.70,42.31,1008.87
5201,468.00,29.01,28.70,42.30,1008.87
5202,468.09,29.01,28.70,42.29,1008.87
5203,468.18,29.01,28.71,42.29,1008.88
5204,468.27,29.01,28.69,42.30,1008.88
5205,468.36,29.01,28.69,42.31,1008.87
5206,468.45,29.00,28.69,42.29,1008.88
5207,468.54,29.00,28.68,42.30,1008.88
5208,468.63,29.00,28.68,42.30,1008.88
5209,468.72,29.00,28.67,42.30,1008.88
5210,468.81,29.00,28.67,42.30,1008.88
5211,468.90,29.00,28.67,42.30,1008.88
5212,468.99,29.00,28.67,42.32,1008.88
5213,469.08,29.00,28.67,42.31,1008.88
5214,469.17,28.99,28.68,42.32,1008.88
5215,469.26,28.99,28.68,42.32,1008.88
5216,469.35,29.00,28.68,42.30,1008.88
5217,469.44,29.00,28.68,42.29,1008.88
5218,469.53,29.01,28.68,42.29,1008.88
5219,469.62,29.00,28.68,42.29,1008.88
5220,469.71,29.01,28.68,42.30,1008.88
5221,469.80,29.00,28.68,42.30,1008.88
5222,469.89,29.00,28.68,42.29,1008.88
5223,469.98,29.00,28.69,42.29,1008.88
5224,470.07,29.00,28.69,42.29,1008.88
5225,470.16,29.00,28.69,42.28,1008.88
5226,470.25,29.00,28.68,42.29,1008.88
5227,470.34,29.00,28.68,42.29,1008.88
5228,470.43,29.00,28.67,42.30,1008.88
5229,470.52,29.00,28.67,42.29,1008.88
5230,470.61,29.00,28.67,42.29,1008.88
5231,470.70,29.01,28.68,42.28,1008.88
5232,470.79,29.01,28.68,42.29,1008.88
5233,470.88,29.01,28.68,42.28,1008.87
5234,470.97,29.01,28.68,42.27,1008.87
5235,471.06,29.01,28.68,42.26,1008.87
5236,471.15,29.01,28.68,42.27,1008.87
5237,471.24,29.02,28.68,42.28,1008.87
5238,471.33,29.02,28.68,42.29,1008.87
5239,471.42,29.02,28.68,42.30,1008.87
5240,471.51,29.02,28.68,42.30,1008.87
5241,471.60,29.02,28.68,42.29,1008.87
5242,471.69,29.02,28.68,42.28,1008.87
5243,471.78,29.02,28.67,42.28,1008.87
5244,471.87,29.03,28.67,42.27,1008.87
5245,471.96,29.02,28.67,42.27,1008.87
5246,472.05,29.02,28.67,42.26,1008.87
5247,472.14,29.02,28.67,42.26,1008.87
5248,472.23,29.02,28.67,42.25,1008.87
5249,472.32,29.02,28.67,42.25,1008.87
5250,472.41,29.01,28.67,42.25,1008.87
5251,472.50,29.01,28.68,42.25,1008.87
5252,472.59,29.00,28.69,42.26,1008.87
5253,472.68,29.00,28.69,42.25,1008.87
5254,472.77,29.01,28.68,42.26,1008.87
5255,472.86,29.00,28.67,42.25,1008.87
5256,472.95,29.00,28.68,42.26,1008.87
5257,473.04,29.00,28.68,42.27,1008.87
5258,473.13,29.00,28.67,42.27,1008.87
5259,473.22,29.01,28.67,42.27,1008.87
5260,473.31,29.01,28.67,42.27,1008.87
5261,473.40,29.00,28.66,42.28,1008.87
5262,473.49,29.00,28.66,42.28,1008.87
5263,473.58,28.99,28.66,42.28,1008.87
5264,473.67,29.00,28.66,42.27,1008.87
5265,473.76,28.99,28.67,42.26,1008.87
5266,473.85,28.99,28.66,42.28,1008.87
5267,473.94,28.99,28.66,42.30,1008.87
5268,474.03,28.99,28.65,42.29,1008.87
5269,474.12,28.99,28.66,42.30,1008.87
5270,474.21,28.98,28.65,42.29,1008.87
5271,474.30,28.98,28.66,42.28,1008.87
5272,474.39,28.97,28.66,42.28,1008.87
5273,474.48,28.98,28.66,42.28,1008.87
5274,474.57,28.98,28.67,42.27,1008.88
5275,474.66,28.98,28.67,42.27,1008.88
5276,474.75,28.98,28.66,42.27,1008.88
5277,474.84,28.98,28.66,42.27,1008.88
5278,474.93,28.98,28.66,42.27,1008.88
5279,475.02,28.97,28.66,42.27,1008.87
5280,475.11,28.97,28.65,42.27,1008.88
5281,475.20,28.97,28.65,42.26,1008.88
5282,475.29,28.96,28.64,42.26,1008.88
5283,475.38,28.96,28.65,42.26,1008.88
5284,475.47,28.96,28.64,42.27,1008.89
5285,475.56,28.96,28.64,42.25,1008.89
5286,475.65,28.96,28.64,42.24,1008.89
5287,475.74,28.96,28.63,42.25,1008.89
5288,475.83,28.95,28.63,42.25,1008.89
5289,475.92,28.96,28.64,42.25,1008.89
5290,476.01,28.96,28.63,42.26,1008.89
5291,476.10,28.96,28.62,42.25,1008.88
5292,476.19,28.96,28.62,42.26,1008.88
5293,476.28,28.95,28.62,42.27,1008.88
5294,476.37,28.95,28.62,42.28,1008.88
5295,476.46,28.95,28.62,42.27,1008.87
5296,476.55,28.94,28.61,42.26,1008.87
5297,476.64,28.94,28.61,42.27,1008.86
5298,476.73,28.95,28.61,42.27,1008.86
5299,476.82,28.95,28.61,42.27,1008.86
5300,476.91,28.95,28.61,42.25,1008.86
5301,477.00,28.95,28.61,42.26,1008.86
5302,477.09,28.95,28.61,42.24,1008.86
5303,477.18,28.95,28.61,42.24,1008.86
5304,477.27,28.94,28.60,42.24,1008.86
5305,477.36,28.94,28.60,42.25,1008.86
5306,477.45,28.94,28.61,42.26,1008.86
5307,477.54,28.94,28.61,42.27,1008.86
5308,477.63,28.93,28.61,42.28,1008.86
5309,477.72,28.93,28.61,42.29,1008.86
5310,477.81,28.93,28.62,42.30,1008.86
5311,477.90,28.93,28.61,42.29,1008.86
5312,477.99,28.93,28.61,42.30,1008.85
5313,478.08,28.93,28.62,42.30,1008.85
5314,478.17,28.93,28.61,42.30,1008.85
5315,478.26,28.94,28.62,42.30,1008.85
5316,478.35,28.94,28.62,42.30,1008.85
5317,478.44,28.95,28.62,42.31,1008.85
5318,478.53,28.96,28.62,42.30,1008.85
5319,478.62,28.97,28.62,42.30,1008.85
5320,478.71,28.98,28.62,42.30,1008.86
5321,478.80,28.99,28.62,42.29,1008.85
5322,478.89,29.00,28.63,42.29,1008.86
5323,478.98,29.00,28.63,42.29,1008.86
5324,479.07,29.00,28.63,42.31,1008.86
5325,479.16,28.99,28.63,42.29,1008.86
5326,479.25,28.98,28.63,42.30,1008.86
5327,479.34,28.98,28.63,42.29,1008.86
5328,479.43,28.97,28.63,42.29,1008.85
5329,479.52,28.96,28.63,42.29,1008.85
5330,479.61,28.95,28.63,42.28,1008.85
5331,479.70,28.95,28.63,42.29,1008.85
5332,479.79,28.94,28.63,42.27,1008.85
5333,479.88,28.94,28.64,42.25,1008.85
5334,479.97,28.94,28.64,42.25,1008.85
5335,480.06,28.94,28.64,42.25,1008.85
5336,480.15,28.93,28.64,42.24,1008.85
5337,480.24,28.93,28.64,42.24,1008.85
5338,480.33,28.94,28.64,42.24,1008.85
5339,480.42,28.94,28.64,42.25,1008.85
5340,480.51,28.94,28.64,42.24,1008.85
5341,480.60,28.94,28.65,42.26,1008.85
5342,480.69,28.93,28.64,42.26,1008.85
5343,480.78,28.93,28.64,42.26,1008.85
5344,480.87,28.94,28.64,42.27,1008.85
5345,480.96,28.93,28.64,42.27,1008.86
5346,481.05,28.94,28.64,42.27,1008.86
5347,481.14,28.94,28.64,42.27,1008.86
5348,481.23,28.93,28.63,42.27,1008.86
5349,481.32,28.93,28.64,42.28,1008.86
5350,481.41,28.93,28.64,42.27,1008.86
5351,481.50,28.93,28.64,42.28,1008.86
5352,481.59,28.93,28.64,42.27,1008.86
5353,481.68,28.93,28.64,42.26,1008.86
5354,481.77,28.93,28.64,42.26,1008.86
5355,481.86,28.93,28.62,42.24,1008.87
5356,481.95,28.93,28.63,42.25,1008.87
5357,482.04,28.93,28.63,42.25,1008.87
5358,482.13,28.93,28.63,42.26,1008.87
5359,482.22,28.93,28.63,42.28,1008.87
5360,482.31,28.93,28.63,42.28,1008.87
5361,482.40,28.93,28.63,42.28,1008.87
5362,482.49,28.93,28.62,42.28,1008.87
5363,482.58,28.93,28.62,42.27,1008.87
5364,482.67,28.93,28.62,42.26,1008.87
5365,482.76,28.93,28.62,42.26,1008.86
5366,482.85,28.93,28.62,42.26,1008.86
5367,482.94,28.94,28.62,42.25,1008.86
5368,483.03,28.94,28.62,42.24,1008.86
5369,483.12,28.94,28.62,42.25,1008.86
5370,483.21,28.94,28.61,42.25,1008.87
5371,483.30,28.94,28.61,42.25,1008.87
5372,483.39,28.94,28.61,42.26,1008.87
5373,483.48,28.95,28.60,42.26,1008.86
5374,483.57,28.94,28.60,42.26,1008.86
5375,483.66,28.94,28.60,42.25,1008.86
5376,483.75,28.94,28.60,42.25,1008.86
5377,483.84,28.94,28.59,42.26,1008.86
5378,483.93,28.94,28.60,42.27,1008.86
5379,484.02,28.94,28.59,42.26,1008.86
5380,484.11,28.94,28.59,42.28,1008.85
5381,484.20,28.93,28.58,42.27,1008.85
5382,484.29,28.93,28.59,42.26,1008.85
5383,484.38,28.92,28.58,42.26,1008.85
5384,484.47,28.93,28.59,42.26,1008.85
5385,484.56,28.92,28.59,42.27,1008.85
5386,484.65,28.92,28.59,42.26,1008.85
5387,484.74,28.92,28.59,42.27,1008.85
5388,484.83,28.92,28.59,42.25,1008.86
5389,484.92,28.92,28.59,42.26,1008.86
5390,485.01,28.92,28.60,42.26,1008.86
5391,485.10,28.92,28.60,42.27,1008.85
5392,485.19,28.92,28.60,42.27,1008.86
5393,485.28,28.92,28.59,42.26,1008.85
5394,485.37,28.92,28.59,42.25,1008.85
5395,485.46,28.92,28.58,42.26,1008.86
5396,485.55,28.91,28.59,42.26,1008.86
5397,485.64,28.91,28.59,42.25,1008.86
5398,485.73,28.91,28.58,42.26,1008.86
5399,485.82,28.91,28.59,42.27,1008.86
5400,485.91,28.91,28.58,42.28,1008.86
5401,486.00,28.90,28.59,42.27,1008.86
5402,486.09,28.90,28.59,42.26,1008.86
5403,486.18,28.90,28.59,42.26,1008.86
5404,486.27,28.90,28.59,42.26,1008.86
5405,486.36,28.90,28.59,42.25,1008.86
5406,486.45,28.90,28.59,42.24,1008.87
5407,486.54,28.90,28.59,42.24,1008.86
5408,486.63,28.90,28.59,42.24,1008.87
5409,486.72,28.89,28.59,42.25,1008.87
5410,486.81,28.89,28.58,42.25,1008.87
5411,486.90,28.90,28.58,42.25,1008.87
5412,486.99,28.91,28.58,42.25,1008.87
5413,487.08,28.91,28.59,42.24,1008.87
5414,487.17,28.90,28.58,42.24,1008.87
5415,487.26,28.90,28.58,42.24,1008.87
5416,487.35,28.90,28.58,42.24,1008.88
5417,487.44,28.90,28.57,42.23,1008.88
5418,487.53,28.90,28.57,42.23,1008.88
5419,487.62,28.90,28.58,42.21,1008.88
5420,487.71,28.90,28.58,42.21,1008.88
5421,487.80,28.90,28.58,42.22,1008.88
5422,487.89,28.90,28.58,42.22,1008.88
5423,487.98,28.91,28.59,42.22,1008.88
5424,488.07,28.90,28.59,42.24,1008.88
5425,488.16,28.90,28.59,42.24,1008.88
5426,488.25,28.90,28.59,42.25,1008.88
5427,488.34,28.90,28.59,42.25,1008.88
5428,488.43,28.90,28.58,42.26,1008.88
5429,488.52,28.89,28.59,42.25,1008.88
5430,488.61,28.89,28.58,42.08,1008.88
5431,488.70,28.89,28.58,42.17,1008.88
5432,488.79,28.89,28.58,42.23,1008.88
5433,488.88,28.89,28.59,42.21,1008.88
5434,488.97,28.89,28.59,42.21,1008.88
5435,489.06,28.89,28.59,42.22,1008.88
5436,489.15,28.89,28.58,42.21,1008.88
5437,489.24,28.89,28.58,42.22,1008.88
5438,489.33,28.89,28.57,42.21,1008.87
5439,489.42,28.89,28.58,42.20,1008.87
5440,489.51,28.89,28.58,42.20,1008.87
5441,489.60,28.90,28.58,42.19,1008.87
5442,489.69,28.90,28.58,42.19,1008.87
5443,489.78,28.90,28.58,42.19,1008.87
5444,489.87,28.90,28.58,42.20,1008.87
5445,489.96,28.90,28.58,42.20,1008.87
5446,490.05,28.90,28.57,42.19,1008.87
5447,490.14,28.89,28.57,42.19,1008.87
5448,490.23,28.88,28.58,42.19,1008.87
5449,490.32,28.88,28.57,42.19,1008.87
5450,490.41,28.89,28.57,42.19,1008.87
5451,490.50,28.88,28.57,42.20,1008.87
5452,490.59,28.88,28.57,42.21,1008.87
5453,490.68,28.88,28.56,42.19,1008.87
5454,490.77,28.88,28.52,42.19,1008.87
5455,490.86,28.88,28.55,42.18,1008.87
5456,490.95,28.89,28.57,42.17,1008.87
5457,491.04,28.88,28.57,42.16,1008.87
5458,491.13,28.88,28.57,42.17,1008.87
5459,491.22,28.89,28.58,42.16,1008.87
5460,491.31,28.89,28.58,42.17,1008.87
5461,491.40,28.88,28.57,42.17,1008.87
5462,491.49,28.88,28.58,42.17,1008.87
5463,491.58,28.88,28.58,42.18,1008.87
5464,491.67,28.89,28.58,42.21,1008.87
5465,491.76,28.89,28.58,42.20,1008.87
5466,491.85,28.89,28.58,42.20,1008.88
5467,491.94,28.88,28.57,42.21,1008.88
5468,492.03,28.88,28.57,42.21,1008.88
5469,492.12,28.88,28.58,42.20,1008.88
5470,492.21,28.88,28.57,42.20,1008.88
5471,492.30,28.89,28.56,42.21,1008.88
5472,492.39,28.89,28.56,42.20,1008.88
5473,492.48,28.88,28.56,42.20,1008.89
5474,492.57,28.88,28.56,42.19,1008.89
5475,492.66,28.88,28.56,42.20,1008.89
5476,492.75,28.88,28.56,42.20,1008.89
5477,492.84,28.87,28.56,42.20,1008.89
5478,492.93,28.88,28.56,42.19,1008.89
5479,493.02,28.88,28.56,42.21,1008.89
5480,493.11,28.87,28.56,42.21,1008.89
5481,493.20,28.88,28.56,42.21,1008.89
5482,493.29,28.87,28.56,42.19,1008.89
5483,493.38,28.87,28.57,42.20,1008.89
5484,493.47,28.88,28.56,42.19,1008.89
5485,493.56,28.88,28.56,42.18,1008.89
5486,493.65,28.88,28.56,42.18,1008.89
5487,493.74,28.88,28.56,42.17,1008.89
5488,493.83,28.88,28.56,42.18,1008.89
5489,493.92,28.88,28.56,42.16,1008.89
5490,494.01,28.88,28.56,42.17,1008.88
5491,494.10,28.87,28.56,42.16,1008.88
5492,494.19,28.87,28.56,42.15,1008.88
5493,494.28,28.87,28.56,42.15,1008.88
5494,494.37,28.87,28.56,42.14,1008.88
5495,494.46,28.87,28.56,42.13,1008.88
5496,494.55,28.87,28.56,42.12,1008.88
5497,494.64,28.87,28.56,42.12,1008.88
5498,494.73,28.87,28.57,42.12,1008.88
5499,494.82,28.86,28.57,42.10,1008.88
5500,494.91,28.86,28.57,42.11,1008.88
5501,495.00,28.86,28.57,42.10,1008.88
5502,495.09,28.86,28.57,42.08,1008.88
5503,495.18,28.86,28.57,42.09,1008.88
5504,495.27,28.86,28.57,42.11,1008.87
5505,495.36,28.86,28.57,42.12,1008.87
5506,495.45,28.86,28.57,42.11,1008.87
5507,495.54,28.86,28.58,42.11,1008.87
5508,495.63,28.86,28.58,42.10,1008.87
5509,495.72,28.86,28.58,42.10,1008.87
5510,495.81,28.85,28.58,42.09,1008.87
5511,495.90,28.85,28.58,42.10,1008.87
5512,495.99,28.85,28.58,42.10,1008.87
5513,496.08,28.85,28.58,42.11,1008.87
5514,496.17,28.86,28.59,42.12,1008.87
5515,496.26,28.85,28.59,42.13,1008.87
5516,496.35,28.85,28.59,42.12,1008.86
5517,496.44,28.85,28.58,42.12,1008.86
5518,496.53,28.85,28.58,42.12,1008.87
5519,496.62,28.85,28.57,42.12,1008.86
5520,496.71,28.85,28.57,42.13,1008.87
5521,496.80,28.85,28.56,42.14,1008.87
5522,496.89,28.84,28.56,42.13,1008.87
5523,496.98,28.84,28.57,42.13,1008.86
5524,497.07,28.84,28.56,42.13,1008.86
5525,497.16,28.84,28.56,42.15,1008.86
5526,497.25,28.84,28.56,42.15,1008.86
5527,497.34,28.84,28.56,42.14,1008.87
5528,497.43,28.84,28.55,42.14,1008.87
5529,497.52,28.84,28.56,42.15,1008.87
5530,497.61,28.85,28.56,42.15,1008.87
5531,497.70,28.85,28.56,42.14,1008.87
5532,497.79,28.85,28.56,42.15,1008.87
5533,497.88,28.86,28.56,42.15,1008.87
5534,497.97,28.85,28.56,42.16,1008.87
5535,498.06,28.85,28.56,42.16,1008.87
5536,498.15,28.85,28.55,42.16,1008.87
5537,498.24,28.85,28.55,42.17,1008.87
5538,498.33,28.85,28.55,42.18,1008.87
5539,498.42,28.85,28.55,42.18,1008.87
5540,498.51,28.85,28.56,42.17,1008.87
5541,498.60,28.85,28.55,42.18,1008.87
5542,498.69,28.85,28.55,42.18,1008.87
5543,498.78,28.85,28.55,42.19,1008.87
5544,498.87,28.86,28.55,42.18,1008.88
5545,498.96,28.85,28.55,42.18,1008.88
5546,499.05,28.85,28.55,42.16,1008.88
5547,499.14,28.85,28.56,42.16,1008.87
5548,499.23,28.85,28.55,42.16,1008.87
5549,499.32,28.85,28.55,42.17,1008.87
5550,499.41,28.85,28.55,42.17,1008.87
5551,499.50,28.84,28.56,42.16,1008.87
5552,499.59,28.84,28.56,42.16,1008.87
5553,499.68,28.83,28.55,42.16,1008.87
5554,499.77,28.83,28.54,42.17,1008.87
5555,499.86,28.83,28.54,42.17,1008.87
5556,499.95,28.83,28.53,42.16,1008.87
5557,500.04,28.83,28.53,42.16,1008.87
5558,500.13,28.82,28.53,42.16,1008.87
5559,500.22,28.83,28.53,42.16,1008.87
5560,500.31,28.82,28.54,42.15,1008.86
5561,500.40,28.83,28.54,42.17,1008.86
5562,500.49,28.82,28.54,42.16,1008.86
5563,500.58,28.82,28.54,42.16,1008.86
5564,500.67,28.83,28.55,42.16,1008.86
5565,500.76,28.82,28.54,42.14,1008.86
5566,500.85,28.81,28.54,42.12,1008.86
5567,500.94,28.82,28.53,42.12,1008.86
5568,501.03,28.82,28.53,42.12,1008.86
5569,501.12,28.82,28.53,42.11,1008.86
5570,501.21,28.82,28.53,42.11,1008.86
5571,501.30,28.82,28.53,42.11,1008.86
5572,501.39,28.82,28.53,42.12,1008.86
5573,501.48,28.82,28.53,42.12,1008.86
5574,501.57,28.82,28.53,42.12,1008.86
5575,501.66,28.82,28.53,42.13,1008.86
5576,501.75,28.83,28.53,42.13,1008.86
5577,501.84,28.83,28.53,42.13,1008.86
5578,501.93,28.82,28.52,42.13,1008.85
5579,502.02,28.82,28.53,42.13,1008.85
5580,502.11,28.82,28.53,42.12,1008.85
5581,502.20,28.82,28.53,42.13,1008.85
5582,502.29,28.82,28.53,42.16,1008.85
5583,502.38,28.82,28.53,42.18,1008.85
5584,502.47,28.81,28.53,42.18,1008.85
5585,502.56,28.81,28.53,42.18,1008.85
5586,502.65,28.81,28.53,42.17,1008.85
5587,502.74,28.82,28.53,42.15,1008.85
5588,502.83,28.82,28.53,42.14,1008.85
5589,502.92,28.82,28.53,42.15,1008.85
5590,503.01,28.82,28.53,42.15,1008.85
5591,503.10,28.81,28.52,42.15,1008.85
5592,503.19,28.82,28.52,42.15,1008.85
5593,503.28,28.82,28.52,42.15,1008.85
5594,503.37,28.82,28.52,42.15,1008.85
5595,503.46,28.82,28.52,42.13,1008.85
5596,503.55,28.82,28.51,42.13,1008.85
5597,503.64,28.82,28.50,42.13,1008.85
5598,503.73,28.82,28.51,42.12,1008.85
5599,503.82,28.81,28.50,42.11,1008.85
5600,503.91,28.81,28.51,42.11,1008.86
5601,504.00,28.81,28.51,42.10,1008.86
5602,504.09,28.81,28.51,42.11,1008.86
5603,504.18,28.81,28.51,42.10,1008.86
5604,504.27,28.82,28.51,42.10,1008.85
5605,504.36,28.82,28.50,42.11,1008.86
5606,504.45,28.81,28.50,42.10,1008.86
5607,504.54,28.82,28.50,42.11,1008.86
5608,504.63,28.82,28.50,42.09,1008.86
5609,504.72,28.82,28.50,42.10,1008.86
5610,504.81,28.81,28.50,42.10,1008.86
5611,504.90,28.81,28.50,42.10,1008.86
5612,504.99,28.80,28.50,42.10,1008.86
5613,505.08,28.80,28.50,42.09,1008.86
5614,505.17,28.80,28.50,42.09,1008.86
5615,505.26,28.80,28.50,42.07,1008.86
5616,505.35,28.80,28.50,42.06,1008.86
5617,505.44,28.80,28.50,42.07,1008.86
5618,505.53,28.80,28.51,42.06,1008.86
5619,505.62,28.80,28.51,42.05,1008.86
5620,505.71,28.80,28.51,42.05,1008.86
5621,505.80,28.79,28.50,42.04,1008.86
5622,505.89,28.79,28.50,42.04,1008.86
5623,505.98,28.79,28.50,42.05,1008.86
5624,506.07,28.79,28.50,42.05,1008.86
5625,506.16,28.79,28.50,42.06,1008.86
5626,506.25,28.79,28.50,42.05,1008.86
5627,506.34,28.79,28.50,42.05,1008.86
5628,506.43,28.79,28.50,42.07,1008.86
5629,506.52,28.78,28.50,42.07,1008.86
5630,506.61,28.78,28.50,42.06,1008.86
5631,506.70,28.78,28.50,42.06,1008.86
5632,506.79,28.78,28.50,42.07,1008.86
5633,506.88,28.78,28.50,42.06,1008.86
5634,506.97,28.78,28.50,42.06,1008.86
5635,507.06,28.78,28.51,42.05,1008.85
5636,507.15,28.78,28.51,42.04,1008.85
5637,507.24,28.79,28.51,42.03,1008.85
5638,507.33,28.78,28.51,42.03,1008.85
5639,507.42,28.78,28.51,42.03,1008.85
5640,507.51,28.79,28.51,42.04,1008.85
5641,507.60,28.78,28.51,42.04,1008.85
5642,507.69,28.78,28.51,42.03,1008.85
5643,507.78,28.79,28.51,42.04,1008.85
5644,507.87,28.79,28.51,42.06,1008.85
5645,507.96,28.79,28.50,42.06,1008.85
5646,508.05,28.79,28.50,42.05,1008.85
5647,508.14,28.79,28.50,42.06,1008.85
5648,508.23,28.79,28.51,42.05,1008.85
5649,508.32,28.79,28.50,42.04,1008.85
5650,508.41,28.79,28.50,42.04,1008.85
5651,508.50,28.79,28.51,42.05,1008.85
5652,508.59,28.80,28.51,42.04,1008.85
5653,508.68,28.80,28.50,42.05,1008.85
5654,508.77,28.80,28.50,42.05,1008.85
5655,508.86,28.80,28.51,42.04,1008.85
5656,508.95,28.80,28.50,42.05,1008.85
5657,509.04,28.81,28.50,42.04,1008.85
5658,509.13,28.81,28.50,42.04,1008.85
5659,509.22,28.81,28.50,42.02,1008.85
5660,509.31,28.81,28.50,42.01,1008.85
5661,509.40,28.81,28.50,42.02,1008.85
5662,509.49,28.81,28.49,42.03,1008.85
5663,509.58,28.80,28.48,42.04,1008.86
5664,509.67,28.81,28.48,42.03,1008.86
5665,509.76,28.80,28.48,42.03,1008.86
5666,509.85,28.80,28.47,42.03,1008.86
5667,509.94,28.80,28.48,42.03,1008.86
5668,510.03,28.80,28.48,42.05,1008.86
5669,510.12,28.79,28.48,42.04,1008.86
5670,510.21,28.79,28.47,42.06,1008.87
5671,510.30,28.78,28.48,42.06,1008.87
5672,510.39,28.78,28.48,42.07,1008.87
5673,510.48,28.79,28.47,42.07,1008.87
5674,510.57,28.79,28.47,42.08,1008.87
5675,510.66,28.79,28.47,42.08,1008.87
5676,510.75,28.79,28.47,42.09,1008.87
5677,510.84,28.79,28.48,42.07,1008.87
5678,510.93,28.79,28.48,42.07,1008.87
5679,511.02,28.79,28.47,42.06,1008.87
5680,511.11,28.78,28.46,42.07,1008.87
5681,511.20,28.78,28.47,42.06,1008.87
5682,511.29,28.78,28.47,42.06,1008.87
5683,511.38,28.79,28.47,42.06,1008.87
5684,511.47,28.79,28.48,42.05,1008.87
5685,511.56,28.79,28.49,42.05,1008.87
5686,511.65,28.79,28.48,42.06,1008.87
5687,511.74,28.78,28.49,42.06,1008.87
5688,511.83,28.78,28.49,42.06,1008.87
5689,511.92,28.78,28.49,42.06,1008.87
5690,512.01,28.78,28.49,42.06,1008.87
5691,512.10,28.77,28.49,42.07,1008.87
5692,512.19,28.77,28.49,42.08,1008.86
5693,512.28,28.77,28.49,42.09,1008.86
5694,512.37,28.77,28.49,42.09,1008.87
5695,512.46,28.77,28.49,42.09,1008.87
5696,512.55,28.77,28.49,42.09,1008.87
5697,512.64,28.77,28.49,42.08,1008.87
5698,512.73,28.76,28.49,42.08,1008.87
5699,512.82,28.76,28.49,42.07,1008.87
5700,512.91,28.77,28.50,42.09,1008.87
5701,513.00,28.76,28.50,42.07,1008.87
5702,513.09,28.77,28.50,42.08,1008.87
5703,513.18,28.77,28.49,42.07,1008.87
5704,513.27,28.77,28.49,42.05,1008.86
5705,513.36,28.77,28.48,42.05,1008.86
5706,513.45,28.77,28.48,42.06,1008.86
5707,513.54,28.78,28.48,42.06,1008.86
5708,513.63,28.78,28.48,42.06,1008.87
5709,513.72,28.78,28.48,42.07,1008.86
5710,513.81,28.77,28.49,42.08,1008.87
5711,513.90,28.78,28.49,42.09,1008.87
5712,513.99,28.78,28.48,42.09,1008.87
5713,514.08,28.77,28.48,42.10,1008.87
5714,514.17,28.77,28.48,42.09,1008.87
5715,514.26,28.77,28.48,42.07,1008.87
5716,514.35,28.76,28.48,42.06,1008.87
5717,514.44,28.76,28.48,42.06,1008.87
5718,514.53,28.75,28.48,42.07,1008.87
5719,514.62,28.76,28.47,42.07,1008.87
5720,514.71,28.76,28.47,42.07,1008.87
5721,514.80,28.76,28.47,42.07,1008.88
5722,514.89,28.76,28.47,42.08,1008.88
5723,514.98,28.75,28.46,42.08,1008.88
5724,515.07,28.75,28.47,42.08,1008.88
5725,515.16,28.75,28.46,42.09,1008.88
5726,515.25,28.75,28.47,42.08,1008.88
5727,515.34,28.75,28.47,42.08,1008.88
5728,515.43,28.74,28.47,42.09,1008.88
5729,515.52,28.75,28.46,42.07,1008.88
5730,515.61,28.75,28.46,42.05,1008.88
5731,515.70,28.74,28.46,42.06,1008.88
5732,515.79,28.75,28.46,42.06,1008.88
5733,515.88,28.74,28.46,42.04,1008.89
5734,515.97,28.74,28.46,42.04,1008.88
5735,516.06,28.73,28.46,42.05,1008.88
5736,516.15,28.73,28.46,42.06,1008.88
5737,516.24,28.73,28.45,42.05,1008.88
5738,516.33,28.73,28.45,42.04,1008.88
5739,516.42,28.73,28.45,42.05,1008.88
5740,516.51,28.74,28.45,42.05,1008.88
5741,516.60,28.74,28.45,42.05,1008.88
5742,516.69,28.73,28.44,42.04,1008.88
5743,516.78,28.73,28.44,42.05,1008.88
5744,516.87,28.73,28.44,42.06,1008.88
5745,516.96,28.73,28.44,42.06,1008.88
5746,517.05,28.73,28.44,42.07,1008.88
5747,517.14,28.73,28.43,42.06,1008.88
5748,517.23,28.73,28.44,42.05,1008.88
5749,517.32,28.73,28.43,42.06,1008.87
5750,517.41,28.73,28.44,42.06,1008.87
5751,517.50,28.73,28.44,42.07,1008.88
5752,517.59,28.73,28.44,42.08,1008.88
5753,517.68,28.73,28.44,42.09,1008.88
5754,517.77,28.74,28.44,42.09,1008.88
5755,517.86,28.74,28.44,42.10,1008.88
5756,517.95,28.74,28.44,42.09,1008.88
5757,518.04,28.74,28.44,42.10,1008.88
5758,518.13,28.74,28.44,42.10,1008.88
5759,518.22,28.74,28.44,42.11,1008.88
5760,518.31,28.74,28.44,42.09,1008.88
5761,518.40,28.73,28.44,42.10,1008.88
5762,518.49,28.73,28.43,42.09,1008.88
5763,518.58,28.73,28.43,42.09,1008.88
5764,518.67,28.74,28.44,42.10,1008.89
5765,518.76,28.74,28.45,42.10,1008.89
5766,518.85,28.74,28.45,42.11,1008.89
5767,518.94,28.74,28.45,42.12,1008.89
5768,519.03,28.74,28.46,42.12,1008.89
5769,519.12,28.74,28.46,42.12,1008.89
5770,519.21,28.74,28.46,42.12,1008.89
5771,519.30,28.75,28.46,42.12,1008.90
5772,519.39,28.75,28.46,42.13,1008.89
5773,519.48,28.75,28.46,42.13,1008.89
5774,519.57,28.74,28.45,42.13,1008.89
5775,519.66,28.74,28.45,42.13,1008.89
5776,519.75,28.74,28.45,42.14,1008.89
5777,519.84,28.75,28.46,42.15,1008.89
5778,519.93,28.74,28.45,42.15,1008.88
5779,520.02,28.75,28.45,42.13,1008.88
5780,520.11,28.74,28.46,42.13,1008.88
5781,520.20,28.74,28.46,42.13,1008.88
5782,520.29,28.74,28.46,42.13,1008.88
5783,520.38,28.74,28.46,42.15,1008.88
5784,520.47,28.74,28.45,42.13,1008.88
5785,520.56,28.74,28.46,42.13,1008.88
5786,520.65,28.74,28.46,42.12,1008.88
5787,520.74,28.74,28.46,42.11,1008.88
5788,520.83,28.74,28.47,42.09,1008.88
5789,520.92,28.74,28.46,42.12,1008.87
5790,521.01,28.74,28.47,42.11,1008.87
5791,521.10,28.74,28.47,42.10,1008.87
5792,521.19,28.74,28.47,42.11,1008.87
5793,521.28,28.74,28.47,42.11,1008.87
5794,521.37,28.73,28.47,42.11,1008.87
5795,521.46,28.73,28.46,42.11,1008.87
5796,521.55,28.73,28.46,42.12,1008.87
5797,521.64,28.74,28.46,42.12,1008.87
5798,521.73,28.73,28.46,42.11,1008.87
5799,521.82,28.73,28.46,42.11,1008.87
5800,521.91,28.73,28.46,42.12,1008.87
5801,522.00,28.73,28.46,42.11,1008.87
5802,522.09,28.74,28.46,42.10,1008.87
5803,522.18,28.74,28.46,42.11,1008.87
5804,522.27,28.73,28.46,42.11,1008.87
5805,522.36,28.74,28.46,42.11,1008.87
5806,522.45,28.74,28.45,42.11,1008.87
5807,522.54,28.74,28.44,42.11,1008.87
5808,522.63,28.75,28.44,42.12,1008.87
5809,522.72,28.74,28.45,42.12,1008.87
5810,522.81,28.74,28.45,42.13,1008.87
5811,522.90,28.74,28.45,42.13,1008.87
5812,522.99,28.74,28.45,42.14,1008.87
5813,523.08,28.73,28.45,42.14,1008.87
5814,523.17,28.74,28.44,42.15,1008.87
5815,523.26,28.74,28.44,42.15,1008.87
5816,523.35,28.74,28.44,42.13,1008.87
5817,523.44,28.74,28.43,42.14,1008.87
5818,523.53,28.73,28.44,42.15,1008.87
5819,523.62,28.73,28.43,42.14,1008.87
5820,523.71,28.73,28.43,42.14,1008.87
5821,523.80,28.73,28.43,42.14,1008.87
5822,523.89,28.72,28.43,42.15,1008.88
5823,523.98,28.73,28.44,42.15,1008.88
5824,524.07,28.73,28.44,42.14,1008.88
5825,524.16,28.73,28.44,42.14,1008.87
5826,524.25,28.73,28.44,42.14,1008.87
5827,524.34,28.73,28.44,42.15,1008.87
5828,524.43,28.72,28.44,42.16,1008.87
5829,524.52,28.72,28.44,42.16,1008.88
5830,524.61,28.72,28.44,42.15,1008.88
5831,524.70,28.72,28.43,42.16,1008.88
5832,524.79,28.72,28.42,42.14,1008.87
5833,524.88,28.72,28.42,42.14,1008.88
5834,524.97,28.71,28.42,42.16,1008.88
5835,525.06,28.71,28.42,42.15,1008.88
5836,525.15,28.70,28.41,42.15,1008.88
5837,525.24,28.71,28.41,42.15,1008.88
5838,525.33,28.71,28.41,42.15,1008.88
5839,525.42,28.71,28.41,42.15,1008.88
5840,525.51,28.70,28.41,42.15,1008.87
5841,525.60,28.70,28.41,42.15,1008.87
5842,525.69,28.69,28.41,42.17,1008.87
5843,525.78,28.69,28.41,42.17,1008.87
5844,525.87,28.69,28.41,42.17,1008.87
5845,525.96,28.69,28.41,42.16,1008.87
5846,526.05,28.69,28.41,42.17,1008.87
5847,526.14,28.70,28.41,42.16,1008.87
5848,526.23,28.70,28.41,42.14,1008.87
5849,526.32,28.70,28.41,42.14,1008.87
5850,526.41,28.71,28.40,42.14,1008.87
5851,526.50,28.70,28.40,42.16,1008.87
5852,526.59,28.70,28.40,42.15,1008.87
5853,526.68,28.70,28.40,42.15,1008.87
5854,526.77,28.70,28.40,42.16,1008.88
5855,526.86,28.70,28.41,42.14,1008.88
5856,526.95,28.70,28.41,42.15,1008.88
5857,527.04,28.71,28.41,42.15,1008.87
5858,527.13,28.70,28.41,42.15,1008.87
5859,527.22,28.70,28.40,42.14,1008.87
5860,527.31,28.70,28.41,42.15,1008.87
5861,527.40,28.70,28.41,42.16,1008.86
5862,527.49,28.70,28.40,42.16,1008.86
5863,527.58,28.70,28.40,42.14,1008.85
5864,527.67,28.71,28.39,42.13,1008.85
5865,527.76,28.70,28.40,42.14,1008.85
5866,527.85,28.70,28.40,42.13,1008.85
5867,527.94,28.70,28.39,42.12,1008.85
5868,528.03,28.70,28.39,42.12,1008.85
5869,528.12,28.70,28.39,42.12,1008.85
5870,528.21,28.70,28.40,42.13,1008.85
5871,528.30,28.71,28.40,42.12,1008.85
5872,528.39,28.71,28.39,42.13,1008.86
5873,528.48,28.71,28.39,42.13,1008.86
5874,528.57,28.71,28.39,42.13,1008.86
5875,528.66,28.72,28.40,42.14,1008.86
5876,528.75,28.72,28.41,42.14,1008.86
5877,528.84,28.72,28.40,42.13,1008.86
5878,528.93,28.72,28.41,42.15,1008.87
5879,529.02,28.71,28.41,42.15,1008.87
5880,529.11,28.71,28.41,42.15,1008.86
5881,529.20,28.71,28.41,42.17,1008.86
5882,529.29,28.71,28.40,42.17,1008.86
5883,529.38,28.71,28.40,42.16,1008.87
5884,529.47,28.70,28.41,42.16,1008.87
5885,529.56,28.70,28.42,42.16,1008.87
5886,529.65,28.71,28.42,42.16,1008.87
5887,529.74,28.71,28.41,42.19,1008.87
5888,529.83,28.71,28.42,42.17,1008.87
5889,529.92,28.71,28.41,42.15,1008.87
5890,530.01,28.71,28.41,42.16,1008.87
5891,530.10,28.71,28.42,42.18,1008.87
5892,530.19,28.70,28.42,42.16,1008.87
5893,530.28,28.70,28.42,42.17,1008.87
5894,530.37,28.71,28.41,42.18,1008.86
5895,530.46,28.70,28.41,42.18,1008.87
5896,530.55,28.71,28.41,42.18,1008.87
5897,530.64,28.71,28.41,42.18,1008.87
5898,530.73,28.71,28.41,42.18,1008.87
5899,530.82,28.71,28.41,42.18,1008.87
5900,530.91,28.71,28.41,42.17,1008.86
5901,531.00,28.71,28.41,42.16,1008.87
5902,531.09,28.71,28.41,42.15,1008.86
5903,531.18,28.71,28.42,42.15,1008.86
5904,531.27,28.71,28.42,42.15,1008.86
5905,531.36,28.71,28.41,42.15,1008.86
5906,531.45,28.71,28.42,42.17,1008.86
5907,531.54,28.71,28.42,42.17,1008.86
5908,531.63,28.71,28.41,42.16,1008.86
5909,531.72,28.71,28.41,42.16,1008.86
5910,531.81,28.70,28.42,42.18,1008.86
5911,531.90,28.71,28.41,42.18,1008.86
5912,531.99,28.71,28.41,42.18,1008.85
5913,532.08,28.71,28.40,42.17,1008.86
5914,532.17,28.70,28.40,42.17,1008.86
5915,532.26,28.69,28.40,42.16,1008.85
5916,532.35,28.69,28.40,42.16,1008.86
5917,532.44,28.69,28.40,42.17,1008.86
5918,532.53,28.69,28.40,42.19,1008.85
5919,532.62,28.70,28.40,42.19,1008.85
5920,532.71,28.69,28.40,42.18,1008.85
5921,532.80,28.69,28.41,42.18,1008.85
5922,532.89,28.69,28.41,42.19,1008.85
5923,532.98,28.69,28.41,42.18,1008.85
5924,533.07,28.69,28.41,42.18,1008.85
5925,533.16,28.69,28.42,42.18,1008.85
5926,533.25,28.69,28.41,42.17,1008.86
5927,533.34,28.69,28.41,42.18,1008.86
5928,533.43,28.68,28.41,42.18,1008.85
5929,533.52,28.68,28.41,42.19,1008.85
5930,533.61,28.68,28.40,42.19,1008.86
5931,533.70,28.68,28.39,42.19,1008.86
5932,533.79,28.68,28.40,42.20,1008.86
5933,533.88,28.67,28.40,42.20,1008.86
5934,533.97,28.67,28.40,42.19,1008.85
5935,534.06,28.67,28.40,42.19,1008.86
5936,534.15,28.67,28.40,42.19,1008.86
5937,534.24,28.67,28.39,42.20,1008.86
5938,534.33,28.67,28.39,42.21,1008.86
5939,534.42,28.67,28.40,42.21,1008.86
5940,534.51,28.67,28.39,42.22,1008.86
5941,534.60,28.68,28.39,42.22,1008.86
5942,534.69,28.68,28.39,42.21,1008.86
5943,534.78,28.68,28.39,42.20,1008.86
5944,534.87,28.68,28.39,42.20,1008.86
5945,534.96,28.68,28.39,42.22,1008.86
5946,535.05,28.67,28.38,42.23,1008.86
5947,535.14,28.67,28.39,42.24,1008.86
5948,535.23,28.67,28.38,42.23,1008.86
5949,535.32,28.67,28.39,42.23,1008.86
5950,535.41,28.67,28.39,42.23,1008.86
5951,535.50,28.67,28.38,42.25,1008.86
5952,535.59,28.66,28.39,42.26,1008.86
5953,535.68,28.66,28.39,42.27,1008.86
5954,535.77,28.66,28.39,42.27,1008.86
5955,535.86,28.66,28.39,42.26,1008.86
5956,535.95,28.66,28.39,42.26,1008.86
5957,536.04,28.66,28.39,42.27,1008.86
5958,536.13,28.66,28.39,42.27,1008.86
5959,536.22,28.65,28.39,42.27,1008.86
5960,536.31,28.66,28.39,42.26,1008.86
5961,536.40,28.65,28.39,42.27,1008.86
5962,536.49,28.65,28.38,42.26,1008.86
5963,536.58,28.66,28.38,42.27,1008.86
5964,536.67,28.65,28.38,42.26,1008.86
5965,536.76,28.66,28.27,42.26,1008.86
5966,536.85,28.66,28.37,42.26,1008.86
5967,536.94,28.66,28.37,42.27,1008.86
5968,537.03,28.66,28.36,42.27,1008.86
5969,537.12,28.67,28.36,42.28,1008.86
5970,537.21,28.67,28.36,42.28,1008.87
5971,537.30,28.67,28.37,42.27,1008.86
5972,537.39,28.66,28.37,42.26,1008.86
5973,537.48,28.66,28.37,42.26,1008.86
5974,537.57,28.66,28.37,42.28,1008.86
5975,537.66,28.66,28.38,42.28,1008.86
5976,537.75,28.66,28.38,42.28,1008.86
5977,537.84,28.66,28.38,42.27,1008.86
5978,537.93,28.66,28.38,42.26,1008.87
5979,538.02,28.66,28.37,42.25,1008.86
5980,538.11,28.66,28.37,42.24,1008.86
5981,538.20,28.66,28.38,42.23,1008.86
5982,538.29,28.65,28.38,42.23,1008.86
5983,538.38,28.65,28.38,42.23,1008.86
5984,538.47,28.65,28.39,42.23,1008.86
5985,538.56,28.65,28.39,42.22,1008.86
5986,538.65,28.65,28.38,42.21,1008.86
5987,538.74,28.65,28.38,42.22,1008.86
5988,538.83,28.65,28.38,42.23,1008.86
5989,538.92,28.65,28.38,42.23,1008.86
5990,539.01,28.65,28.39,42.24,1008.86
5991,539.10,28.66,28.39,42.24,1008.86
5992,539.19,28.65,28.39,42.25,1008.86
5993,539.28,28.66,28.39,42.26,1008.86
5994,539.37,28.66,28.39,42.26,1008.86
5995,539.46,28.67,28.39,42.25,1008.86
5996,539.55,28.67,28.39,42.25,1008.86
5997,539.64,28.67,28.39,42.26,1008.86
5998,539.73,28.67,28.39,42.27,1008.86
5999,539.82,28.67,28.39,42.27,1008.86
6000,539.91,28.67,28.39,42.26,1008.86
6001,540.00,28.66,28.39,42.27,1008.87
6002,540.09,28.66,28.39,42.26,1008.87
6003,540.18,28.67,28.39,42.27,1008.87
6004,540.27,28.66,28.39,42.27,1008.87
6005,540.36,28.66,28.39,42.28,1008.87
6006,540.45,28.66,28.39,42.27,1008.87
6007,540.54,28.66,28.39,42.26,1008.86
6008,540.63,28.66,28.39,42.25,1008.86
6009,540.72,28.66,28.38,42.26,1008.86
6010,540.81,28.66,28.38,42.25,1008.87
6011,540.90,28.65,28.38,42.24,1008.87
6012,540.99,28.65,28.38,42.24,1008.87
6013,541.08,28.65,28.38,42.24,1008.87
6014,541.17,28.65,28.38,42.23,1008.87
6015,541.26,28.65,28.38,42.22,1008.87
6016,541.35,28.65,28.37,42.22,1008.87
6017,541.44,28.64,28.36,42.23,1008.87
6018,541.53,28.64,28.37,42.22,1008.87
6019,541.62,28.64,28.37,42.22,1008.87
6020,541.71,28.63,28.37,42.20,1008.87
6021,541.80,28.63,28.37,42.19,1008.87
6022,541.89,28.62,28.36,42.18,1008.87
6023,541.98,28.63,28.36,42.18,1008.87
6024,542.07,28.63,28.36,42.18,1008.87
6025,542.16,28.63,28.36,42.19,1008.87
6026,542.25,28.64,28.37,42.19,1008.87
6027,542.34,28.64,28.37,42.19,1008.87
6028,542.43,28.64,28.37,42.18,1008.87
6029,542.52,28.64,28.37,42.18,1008.87
6030,542.61,28.64,28.37,42.17,1008.87
6031,542.70,28.64,28.35,42.16,1008.87
6032,542.79,28.64,28.35,42.16,1008.87
6033,542.88,28.64,28.35,42.16,1008.87
6034,542.97,28.64,28.35,42.17,1008.88
6035,543.06,28.63,28.35,42.19,1008.88
6036,543.15,28.63,28.35,42.20,1008.88
6037,543.24,28.63,28.35,42.19,1008.88
6038,543.33,28.63,28.35,42.19,1008.88
6039,543.42,28.63,28.35,42.20,1008.88
6040,543.51,28.63,28.35,42.20,1008.88
6041,543.60,28.63,28.35,42.20,1008.88
6042,543.69,28.63,28.35,42.19,1008.88
6043,543.78,28.63,28.35,42.20,1008.87
6044,543.87,28.62,28.35,42.20,1008.88
6045,543.96,28.63,28.35,42.20,1008.87
6046,544.05,28.63,28.33,42.19,1008.87
6047,544.14,28.62,28.34,42.21,1008.87
6048,544.23,28.62,28.34,42.21,1008.87
6049,544.32,28.62,28.34,42.21,1008.87
6050,544.41,28.62,28.33,42.20,1008.87
6051,544.50,28.62,28.34,42.20,1008.87
6052,544.59,28.62,28.34,42.22,1008.87
6053,544.68,28.62,28.34,42.23,1008.86
6054,544.77,28.62,28.34,42.23,1008.86
6055,544.86,28.62,28.34,42.23,1008.86
6056,544.95,28.62,28.35,42.24,1008.86
6057,545.04,28.62,28.34,42.25,1008.86
6058,545.13,28.62,28.34,42.24,1008.86
6059,545.22,28.63,28.35,42.24,1008.86
6060,545.31,28.63,28.34,42.25,1008.86
6061,545.40,28.63,28.34,42.26,1008.86
6062,545.49,28.64,28.34,42.28,1008.86
6063,545.58,28.63,28.34,42.29,1008.86
6064,545.67,28.63,28.34,42.28,1008.86
6065,545.76,28.63,28.33,42.28,1008.86
6066,545.85,28.63,28.34,42.29,1008.86
6067,545.94,28.63,28.33,42.29,1008.87
6068,546.03,28.63,28.33,42.29,1008.87
6069,546.12,28.62,28.33,42.30,1008.87
6070,546.21,28.62,28.33,42.29,1008.87
6071,546.30,28.62,28.33,42.30,1008.87
6072,546.39,28.62,28.32,42.32,1008.87
6073,546.48,28.62,28.33,42.33,1008.87
6074,546.57,28.62,28.33,42.32,1008.87
6075,546.66,28.62,28.33,42.31,1008.87
6076,546.75,28.62,28.32,42.30,1008.87
6077,546.84,28.62,28.33,42.30,1008.87
6078,546.93,28.62,28.33,42.29,1008.87
6079,547.02,28.62,28.33,42.29,1008.87
6080,547.11,28.63,28.33,42.29,1008.87
6081,547.20,28.63,28.33,42.30,1008.87
6082,547.29,28.63,28.33,42.31,1008.87
6083,547.38,28.62,28.32,42.32,1008.88
6084,547.47,28.62,28.32,42.32,1008.88
6085,547.56,28.62,28.32,42.31,1008.88
6086,547.65,28.62,28.32,42.32,1008.88
6087,547.74,28.62,28.33,42.32,1008.88
6088,547.83,28.61,28.33,42.32,1008.88
6089,547.92,28.61,28.33,42.33,1008.88
6090,548.01,28.61,28.34,42.32,1008.88
6091,548.10,28.62,28.34,42.33,1008.88
6092,548.19,28.62,28.34,42.33,1008.88
6093,548.28,28.62,28.35,42.32,1008.88
6094,548.37,28.62,28.34,42.33,1008.88
6095,548.46,28.62,28.34,42.33,1008.88
6096,548.55,28.62,28.34,42.33,1008.88
6097,548.64,28.62,28.34,42.33,1008.88
6098,548.73,28.62,28.34,42.33,1008.88
6099,548.82,28.73,28.34,42.33,1008.87
6100,548.91,28.62,28.33,42.32,1008.88
6101,549.00,28.63,28.33,42.33,1008.87
6102,549.09,28.63,28.34,42.33,1008.87
6103,549.18,28.63,28.33,42.33,1008.87
6104,549.27,28.63,28.33,42.35,1008.87
6105,549.36,28.62,28.34,42.35,1008.87
6106,549.45,28.62,28.33,42.36,1008.87
6107,549.54,28.61,28.33,42.35,1008.87
6108,549.63,28.61,28.33,42.35,1008.87
6109,549.72,28.61,28.33,42.36,1008.87
6110,549.81,28.61,28.34,42.37,1008.87
6111,549.90,28.60,28.34,42.37,1008.86
6112,549.99,28.60,28.34,42.37,1008.86
6113,550.08,28.60,28.34,42.38,1008.86
6114,550.17,28.60,28.34,42.36,1008.86
6115,550.26,28.60,28.33,42.37,1008.86
6116,550.35,28.61,28.34,42.36,1008.86
6117,550.44,28.60,28.34,42.36,1008.86
6118,550.53,28.60,28.34,42.35,1008.86
6119,550.62,28.61,28.34,42.36,1008.86
6120,550.71,28.61,28.34,42.37,1008.86
6121,550.80,28.60,28.34,42.36,1008.86
6122,550.89,28.60,28.34,42.35,1008.86
6123,550.98,28.60,28.34,42.34,1008.86
6124,551.07,28.60,28.34,42.35,1008.86
6125,551.16,28.60,28.33,42.35,1008.86
6126,551.25,28.60,28.33,42.35,1008.86
6127,551.34,28.61,28.33,42.36,1008.86
6128,551.43,28.60,28.33,42.35,1008.87
6129,551.52,28.60,28.32,42.37,1008.87
6130,551.61,28.60,28.32,42.36,1008.87
6131,551.70,28.60,28.32,42.36,1008.87
6132,551.79,28.60,28.32,42.36,1008.87
6133,551.88,28.61,28.32,42.36,1008.87
6134,551.97,28.61,28.32,42.37,1008.87
6135,552.06,28.61,28.32,42.38,1008.87
6136,552.15,28.61,28.32,42.37,1008.87
6137,552.24,28.61,28.32,42.37,1008.87
6138,552.33,28.61,28.32,42.36,1008.87
6139,552.42,28.61,28.32,42.37,1008.87
6140,552.51,28.61,28.32,42.37,1008.87
6141,552.60,28.60,28.32,42.36,1008.87
6142,552.69,28.60,28.32,42.35,1008.87
6143,552.78,28.60,28.31,42.35,1008.87
6144,552.87,28.60,28.32,42.34,1008.87
6145,552.96,28.60,28.32,42.34,1008.87
6146,553.05,28.60,28.33,42.34,1008.87
6147,553.14,28.60,28.33,42.35,1008.87
6148,553.23,28.60,28.33,42.34,1008.87
6149,553.32,28.60,28.32,42.34,1008.87
6150,553.41,28.60,28.32,42.33,1008.87
6151,553.50,28.60,28.32,42.34,1008.87
6152,553.59,28.60,28.33,42.33,1008.87
6153,553.68,28.60,28.32,42.34,1008.87
6154,553.77,28.60,28.32,42.34,1008.87
6155,553.86,28.60,28.32,42.36,1008.87
6156,553.95,28.60,28.33,42.36,1008.87
6157,554.04,28.59,28.33,42.36,1008.87
6158,554.13,28.59,28.33,42.37,1008.87
6159,554.22,28.59,28.32,42.36,1008.87
6160,554.31,28.58,28.32,42.36,1008.87
6161,554.40,28.59,28.32,42.35,1008.87
6162,554.49,28.59,28.31,42.35,1008.87
6163,554.58,28.59,28.31,42.35,1008.87
6164,554.67,28.59,28.32,42.36,1008.87
6165,554.76,28.59,28.32,42.36,1008.87
6166,554.85,28.59,28.32,42.37,1008.87
6167,554.94,28.59,28.32,42.36,1008.87
6168,555.03,28.59,28.33,42.36,1008.87
6169,555.12,28.59,28.32,42.36,1008.87
6170,555.21,28.59,28.33,42.36,1008.87
6171,555.30,28.60,28.33,42.37,1008.87
6172,555.39,28.60,28.33,42.37,1008.87
6173,555.48,28.59,28.33,42.36,1008.87
6174,555.57,28.60,28.33,42.35,1008.87
6175,555.66,28.60,28.32,42.36,1008.87
6176,555.75,28.60,28.32,42.36,1008.86
6177,555.84,28.60,28.33,42.37,1008.86
6178,555.93,28.60,28.32,42.36,1008.86
6179,556.02,28.60,28.32,42.35,1008.86
6180,556.11,28.60,28.32,42.36,1008.86
6181,556.20,28.60,28.32,42.36,1008.86
6182,556.29,28.60,28.32,42.37,1008.87
6183,556.38,28.59,28.32,42.36,1008.87
6184,556.47,28.59,28.32,42.36,1008.86
6185,556.56,28.59,28.31,42.36,1008.87
6186,556.65,28.59,28.31,42.34,1008.87
6187,556.74,28.59,28.31,42.34,1008.87
6188,556.83,28.59,28.31,42.34,1008.86
6189,556.92,28.59,28.32,42.33,1008.87
6190,557.01,28.58,28.31,42.33,1008.87
6191,557.10,28.59,28.31,42.32,1008.87
6192,557.19,28.59,28.31,42.32,1008.87
6193,557.28,28.59,28.31,42.32,1008.87
6194,557.37,28.58,28.31,42.32,1008.87
6195,557.46,28.58,28.31,42.32,1008.87
6196,557.55,28.58,28.30,42.33,1008.87
6197,557.64,28.59,28.31,42.33,1008.87
6198,557.73,28.59,28.31,42.33,1008.87
6199,557.82,28.60,28.31,42.34,1008.87
6200,557.91,28.60,28.32,42.36,1008.87
6201,558.00,28.60,28.32,42.35,1008.87
6202,558.09,28.59,28.32,42.33,1008.87
6203,558.18,28.60,28.33,42.33,1008.87
6204,558.27,28.60,28.32,42.33,1008.86
6205,558.36,28.59,28.32,42.33,1008.86
6206,558.45,28.59,28.32,42.32,1008.86
6207,558.54,28.59,28.32,42.33,1008.86
6208,558.63,28.59,28.32,42.33,1008.86
6209,558.72,28.59,28.32,42.34,1008.86
6210,558.81,28.59,28.32,42.32,1008.86
6211,558.90,28.60,28.32,42.33,1008.86
6212,558.99,28.59,28.33,42.33,1008.86
6213,559.08,28.58,28.32,42.32,1008.86
6214,559.17,28.58,28.32,42.31,1008.86
6215,559.26,28.58,28.32,42.30,1008.86
6216,559.35,28.59,28.32,42.30,1008.86
6217,559.44,28.59,28.32,42.30,1008.86
6218,559.53,28.59,28.32,42.30,1008.86
6219,559.62,28.58,28.32,42.31,1008.86
6220,559.71,28.58,28.32,42.32,1008.86
6221,559.80,28.58,28.33,42.33,1008.86
6222,559.89,28.59,28.33,42.34,1008.86
6223,559.98,28.59,28.33,42.34,1008.86
6224,560.07,28.59,28.32,42.34,1008.86
6225,560.16,28.59,28.32,42.33,1008.86
6226,560.25,28.59,28.32,42.33,1008.86
6227,560.34,28.59,28.32,42.34,1008.86
6228,560.43,28.59,28.32,42.33,1008.86
6229,560.52,28.58,28.32,42.33,1008.86
6230,560.61,28.58,28.32,42.32,1008.86
6231,560.70,28.57,28.32,42.32,1008.86
6232,560.79,28.57,28.32,42.32,1008.86
6233,560.88,28.58,28.32,42.31,1008.86
6234,560.97,28.58,28.32,42.31,1008.86
6235,561.06,28.57,28.31,42.33,1008.86
6236,561.15,28.57,28.31,42.31,1008.86
6237,561.24,28.57,28.31,42.31,1008.86
6238,561.33,28.58,28.31,42.30,1008.86
6239,561.42,28.57,28.30,42.28,1008.86
6240,561.51,28.57,28.30,42.29,1008.86
6241,561.60,28.57,28.29,42.27,1008.87
6242,561.69,28.57,28.30,42.27,1008.86
6243,561.78,28.56,28.29,42.27,1008.87
6244,561.87,28.57,28.30,42.28,1008.87
6245,561.96,28.57,28.29,42.29,1008.87
6246,562.05,28.58,28.29,42.29,1008.87
6247,562.14,28.58,28.29,42.28,1008.87
6248,562.23,28.59,28.29,42.29,1008.87
6249,562.32,28.60,28.29,42.30,1008.87
6250,562.41,28.60,28.29,42.29,1008.87
6251,562.50,28.60,28.29,42.29,1008.87
6252,562.59,28.59,28.29,42.30,1008.87
6253,562.68,28.59,28.29,42.30,1008.87
6254,562.77,28.57,28.29,42.30,1008.87
6255,562.86,28.56,28.29,42.30,1008.86
6256,562.95,28.56,28.30,42.31,1008.87
6257,563.04,28.55,28.30,42.31,1008.86
6258,563.13,28.55,28.30,42.32,1008.86
6259,563.22,28.54,28.29,42.32,1008.86
6260,563.31,28.55,28.30,42.33,1008.86
6261,563.40,28.55,28.30,42.33,1008.86
6262,563.49,28.54,28.30,42.32,1008.86
6263,563.58,28.54,28.30,42.33,1008.86
6264,563.67,28.55,28.30,42.33,1008.86
6265,563.76,28.54,28.30,42.33,1008.86
6266,563.85,28.55,28.30,42.32,1008.85
6267,563.94,28.54,28.30,42.32,1008.85
6268,564.03,28.55,28.30,42.32,1008.85
6269,564.12,28.55,28.30,42.32,1008.86
6270,564.21,28.55,28.30,42.32,1008.85
6271,564.30,28.55,28.30,42.33,1008.85
6272,564.39,28.55,28.30,42.33,1008.85
6273,564.48,28.55,28.30,42.33,1008.85
6274,564.57,28.55,28.30,42.32,1008.85
6275,564.66,28.55,28.30,42.30,1008.85
6276,564.75,28.55,28.30,42.30,1008.85
6277,564.84,28.55,28.30,42.30,1008.86
6278,564.93,28.54,28.30,42.31,1008.85
6279,565.02,28.54,28.30,42.31,1008.86
6280,565.11,28.55,28.30,42.32,1008.86
6281,565.20,28.55,28.30,42.32,1008.86
6282,565.29,28.55,28.31,42.32,1008.86
6283,565.38,28.55,28.30,42.32,1008.86
6284,565.47,28.55,28.30,42.33,1008.86
6285,565.56,28.55,28.30,42.33,1008.86
6286,565.65,28.55,28.23,42.33,1008.86
6287,565.74,28.55,28.26,42.33,1008.86
6288,565.83,28.56,28.28,42.31,1008.86
6289,565.92,28.56,28.28,42.33,1008.86
6290,566.01,28.56,28.28,42.33,1008.86
6291,566.10,28.56,28.28,42.34,1008.86
6292,566.19,28.56,28.28,42.33,1008.86
6293,566.28,28.56,28.28,42.34,1008.86
6294,566.37,28.56,28.28,42.34,1008.86
6295,566.46,28.56,28.28,42.35,1008.87
6296,566.55,28.56,28.28,42.34,1008.86
6297,566.64,28.56,28.28,42.34,1008.87
6298,566.73,28.56,28.29,42.34,1008.87
6299,566.82,28.56,28.28,42.34,1008.87
6300,566.91,28.56,28.28,42.34,1008.87
6301,567.00,28.56,28.28,42.35,1008.87
6302,567.09,28.56,28.28,42.36,1008.87
6303,567.18,28.56,28.27,42.35,1008.87
6304,567.27,28.56,28.27,42.35,1008.87
6305,567.36,28.56,28.27,42.33,1008.87
6306,567.45,28.56,28.28,42.32,1008.87
6307,567.54,28.56,28.29,42.32,1008.87
6308,567.63,28.56,28.29,42.34,1008.87
6309,567.72,28.55,28.29,42.33,1008.87
6310,567.81,28.55,28.29,42.34,1008.87
6311,567.90,28.55,28.30,42.33,1008.87
6312,567.99,28.56,28.29,42.34,1008.87
6313,568.08,28.56,28.28,42.34,1008.87
6314,568.17,28.56,28.28,42.35,1008.87
6315,568.26,28.56,28.28,42.34,1008.87
6316,568.35,28.56,28.28,42.34,1008.86
6317,568.44,28.56,28.28,42.34,1008.86
6318,568.53,28.55,28.28,42.35,1008.86
6319,568.62,28.55,28.27,42.34,1008.86
6320,568.71,28.55,28.28,42.35,1008.86
6321,568.80,28.55,28.28,42.35,1008.86
6322,568.89,28.55,28.28,42.34,1008.86
6323,568.98,28.55,28.29,42.35,1008.86
6324,569.07,28.56,28.28,42.34,1008.86
6325,569.16,28.56,28.28,42.33,1008.86
6326,569.25,28.56,28.28,42.32,1008.85
6327,569.34,28.57,28.28,42.31,1008.89
6328,569.43,28.57,28.28,42.31,1008.85
6329,569.52,28.57,28.28,42.31,1008.85
6330,569.61,28.56,28.28,42.31,1008.86
6331,569.70,28.56,28.28,42.29,1008.85
6332,569.79,28.56,28.28,42.30,1008.85
6333,569.88,28.56,28.27,42.32,1008.85
6334,569.97,28.56,28.27,42.31,1008.85
6335,570.06,28.56,28.28,42.30,1008.85
6336,570.15,28.56,28.27,42.31,1008.85
6337,570.24,28.56,28.27,42.31,1008.85
6338,570.33,28.56,28.27,42.31,1008.85
6339,570.42,28.56,28.26,42.31,1008.85
6340,570.51,28.57,28.27,42.31,1008.86
6341,570.60,28.56,28.28,42.30,1008.85
6342,570.69,28.56,28.27,42.30,1008.86
6343,570.78,28.56,28.26,42.28,1008.86
6344,570.87,28.57,28.26,42.29,1008.86
6345,570.96,28.56,28.26,42.29,1008.86
6346,571.05,28.56,28.26,42.28,1008.86
6347,571.14,28.56,28.26,42.28,1008.86
6348,571.23,28.56,28.26,42.28,1008.86
6349,571.32,28.55,28.27,42.28,1008.86
6350,571.41,28.55,28.27,42.28,1008.86
6351,571.50,28.55,28.27,42.28,1008.86
6352,571.59,28.54,28.28,42.28,1008.87
6353,571.68,28.55,28.28,42.29,1008.87
6354,571.77,28.55,28.28,42.28,1008.87
6355,571.86,28.54,28.28,42.28,1008.87
6356,571.95,28.54,28.28,42.28,1008.87
6357,572.04,28.54,28.28,42.28,1008.86
6358,572.13,28.54,28.28,42.29,1008.86
6359,572.22,28.54,28.28,42.30,1008.87
6360,572.31,28.54,28.27,42.31,1008.87
6361,572.40,28.54,28.27,42.31,1008.87
6362,572.49,28.54,28.27,42.30,1008.87
6363,572.58,28.54,28.27,42.31,1008.87
6364,572.67,28.54,28.26,42.32,1008.87
6365,572.76,28.54,28.25,42.31,1008.87
6366,572.85,28.53,28.26,42.31,1008.87
6367,572.94,28.53,28.26,42.31,1008.87
6368,573.03,28.53,28.27,42.29,1008.87
6369,573.12,28.53,28.26,42.30,1008.87
6370,573.21,28.53,28.26,42.31,1008.87
6371,573.30,28.53,28.26,42.32,1008.87
6372,573.39,28.52,28.26,42.33,1008.87
6373,573.48,28.52,28.26,42.33,1008.87
6374,573.57,28.53,28.27,42.33,1008.87
6375,573.66,28.53,28.27,42.34,1008.87
6376,573.75,28.53,28.26,42.34,1008.87
6377,573.84,28.52,28.26,42.33,1008.87
6378,573.93,28.53,28.26,42.34,1008.87
6379,574.02,28.52,28.25,42.33,1008.87
6380,574.11,28.52,28.24,42.32,1008.87
6381,574.20,28.52,28.23,42.33,1008.87
6382,574.29,28.52,28.23,42.32,1008.87
6383,574.38,28.53,28.23,42.31,1008.86
6384,574.47,28.52,28.23,42.32,1008.87
6385,574.56,28.52,28.23,42.31,1008.86
6386,574.65,28.52,28.22,42.32,1008.86
6387,574.74,28.51,28.22,42.32,1008.86
6388,574.83,28.51,28.22,42.31,1008.87
6389,574.92,28.51,28.22,42.30,1008.87
6390,575.01,28.51,28.22,42.30,1008.86
6391,575.10,28.51,28.21,42.29,1008.86
6392,575.19,28.51,28.20,42.28,1008.87
6393,575.28,28.51,28.20,42.27,1008.86
6394,575.37,28.52,28.20,42.27,1008.86
6395,575.46,28.51,28.20,42.27,1008.86
6396,575.55,28.52,28.21,42.27,1008.87
6397,575.64,28.52,28.22,42.28,1008.87
6398,575.73,28.52,28.23,42.27,1008.87
6399,575.82,28.51,28.23,42.28,1008.87
6400,575.91,28.51,28.23,42.27,1008.87
6401,576.00,28.51,28.23,42.28,1008.87
6402,576.09,28.51,28.23,42.28,1008.86
6403,576.18,28.51,28.24,42.29,1008.86
6404,576.27,28.51,28.24,42.27,1008.87
6405,576.36,28.51,28.24,42.28,1008.87
6406,576.45,28.52,28.23,42.27,1008.87
6407,576.54,28.51,28.23,42.27,1008.87
6408,576.63,28.51,28.24,42.28,1008.87
6409,576.72,28.51,28.23,42.28,1008.87
6410,576.81,28.51,28.23,42.27,1008.86
6411,576.90,28.51,28.23,42.28,1008.86
6412,576.99,28.51,28.23,42.26,1008.86
6413,577.08,28.51,28.23,42.26,1008.86
6414,577.17,28.51,28.23,42.25,1008.86
6415,577.26,28.51,28.23,42.25,1008.86
6416,577.35,28.51,28.23,42.25,1008.87
6417,577.44,28.51,28.23,42.25,1008.87
6418,577.53,28.52,28.24,42.24,1008.87
6419,577.62,28.51,28.24,42.27,1008.87
6420,577.71,28.51,28.23,42.28,1008.87
6421,577.80,28.51,28.24,42.29,1008.87
6422,577.89,28.50,28.24,42.28,1008.87
6423,577.98,28.51,28.23,42.28,1008.87
6424,578.07,28.51,28.24,42.28,1008.87
6425,578.16,28.50,28.24,42.26,1008.87
6426,578.25,28.50,28.24,42.26,1008.87
6427,578.34,28.51,28.24,42.26,1008.87
6428,578.43,28.51,28.24,42.26,1008.87
6429,578.52,28.50,28.24,42.27,1008.87
6430,578.61,28.51,28.24,42.27,1008.87
6431,578.70,28.50,28.25,42.27,1008.87
6432,578.79,28.50,28.25,42.27,1008.87
6433,578.88,28.50,28.24,42.26,1008.87
6434,578.97,28.50,28.25,42.27,1008.88
6435,579.06,28.49,28.26,42.27,1008.88
6436,579.15,28.49,28.26,42.28,1008.88
6437,579.24,28.50,28.25,42.29,1008.88
6438,579.33,28.50,28.25,42.29,1008.88
6439,579.42,28.50,28.26,42.29,1008.88
6440,579.51,28.50,28.26,42.29,1008.88
6441,579.60,28.50,28.26,42.29,1008.88
6442,579.69,28.50,28.25,42.29,1008.88
6443,579.78,28.50,28.25,42.29,1008.88
6444,579.87,28.50,28.25,42.28,1008.88
6445,579.96,28.50,28.25,42.27,1008.88
6446,580.05,28.51,28.24,42.26,1008.88
6447,580.14,28.51,28.24,42.26,1008.89
6448,580.23,28.50,28.24,42.26,1008.89
6449,580.32,28.51,28.24,42.24,1008.88
6450,580.41,28.51,28.24,42.24,1008.88
6451,580.50,28.51,28.25,42.24,1008.88
6452,580.59,28.51,28.25,42.25,1008.88
6453,580.68,28.52,28.25,42.25,1008.88
6454,580.77,28.52,28.25,42.25,1008.88
6455,580.86,28.52,28.25,42.25,1008.88
6456,580.95,28.52,28.25,42.26,1008.88
6457,581.04,28.52,28.25,42.27,1008.88
6458,581.13,28.52,28.25,42.27,1008.88
6459,581.22,28.52,28.25,42.28,1008.88
6460,581.31,28.52,28.26,42.28,1008.88
6461,581.40,28.52,28.25,42.27,1008.88
6462,581.49,28.52,28.25,42.28,1008.87
6463,581.58,28.52,28.25,42.29,1008.88
6464,581.67,28.52,28.25,42.28,1008.88
6465,581.76,28.52,28.25,42.28,1008.87
6466,581.85,28.52,28.25,42.30,1008.87
6467,581.94,28.52,28.25,42.28,1008.87
6468,582.03,28.51,28.25,42.26,1008.87
6469,582.12,28.50,28.25,42.27,1008.87
6470,582.21,28.50,28.25,42.27,1008.87
6471,582.30,28.50,28.24,42.27,1008.87
6472,582.39,28.50,28.24,42.27,1008.88
6473,582.48,28.49,28.25,42.26,1008.87
6474,582.57,28.50,28.24,42.27,1008.87
6475,582.66,28.49,28.24,42.27,1008.87
6476,582.75,28.49,28.24,42.28,1008.87
6477,582.84,28.49,28.24,42.28,1008.87
6478,582.93,28.49,28.24,42.27,1008.87
6479,583.02,28.50,28.23,42.27,1008.87
6480,583.11,28.50,28.24,42.28,1008.87
6481,583.20,28.50,28.23,42.28,1008.87
6482,583.29,28.50,28.24,42.28,1008.87
6483,583.38,28.50,28.23,42.29,1008.87
6484,583.47,28.49,28.24,42.26,1008.87
6485,583.56,28.49,28.23,42.26,1008.87
6486,583.65,28.49,28.23,42.28,1008.88
6487,583.74,28.50,28.23,42.29,1008.88
6488,583.83,28.50,28.24,42.28,1008.88
6489,583.92,28.50,28.24,42.28,1008.88
6490,584.01,28.50,28.24,42.28,1008.88
6491,584.10,28.50,28.23,42.28,1008.88
6492,584.19,28.50,28.24,42.28,1008.88
6493,584.28,28.49,28.24,42.30,1008.88
6494,584.37,28.49,28.23,42.31,1008.88
6495,584.46,28.49,28.23,42.30,1008.88
6496,584.55,28.49,28.23,42.29,1008.89
6497,584.64,28.50,28.23,42.29,1008.89
6498,584.73,28.50,28.23,42.29,1008.88
6499,584.82,28.49,28.24,42.29,1008.88
6500,584.91,28.49,28.24,42.28,1008.89
6501,585.00,28.49,28.23,42.28,1008.88
6502,585.09,28.49,28.23,42.29,1008.88
6503,585.18,28.49,28.23,42.27,1008.88
6504,585.27,28.49,28.23,42.26,1008.88
6505,585.36,28.49,28.23,42.27,1008.88
6506,585.45,28.48,28.22,42.27,1008.88
6507,585.54,28.48,28.22,42.27,1008.88
6508,585.63,28.49,28.22,42.27,1008.88
6509,585.72,28.49,28.23,42.27,1008.88
6510,585.81,28.49,28.23,42.27,1008.88
6511,585.90,28.49,28.23,42.26,1008.88
6512,585.99,28.49,28.23,42.28,1008.88
6513,586.08,28.49,28.23,42.26,1008.88
6514,586.17,28.48,28.23,42.27,1008.88
6515,586.26,28.48,28.23,42.25,1008.88
6516,586.35,28.48,28.23,42.23,1008.88
6517,586.44,28.49,28.23,42.24,1008.88
6518,586.53,28.49,28.23,42.26,1008.89
6519,586.62,28.49,28.23,42.26,1008.88
6520,586.71,28.49,28.22,42.27,1008.89
6521,586.80,28.48,28.23,42.28,1008.89
6522,586.89,28.49,28.22,42.27,1008.89
6523,586.98,28.49,28.22,42.27,1008.89
6524,587.07,28.49,28.23,42.28,1008.88
6525,587.16,28.50,28.24,42.27,1008.88
6526,587.25,28.50,28.24,42.26,1008.88
6527,587.34,28.50,28.24,42.26,1008.88
6528,587.43,28.50,28.24,42.26,1008.88
6529,587.52,28.50,28.24,42.25,1008.88
6530,587.61,28.50,28.24,42.25,1008.88
6531,587.70,28.50,28.24,42.25,1008.88
6532,587.79,28.50,28.23,42.24,1008.88
6533,587.88,28.50,28.23,42.24,1008.87
6534,587.97,28.50,28.23,42.25,1008.87
6535,588.06,28.50,28.23,42.25,1008.87
6536,588.15,28.49,28.23,42.26,1008.87
6537,588.24,28.49,28.23,42.26,1008.87
6538,588.33,28.50,28.23,42.25,1008.87
6539,588.42,28.49,28.23,42.25,1008.86
6540,588.51,28.49,28.23,42.26,1008.86
6541,588.60,28.48,28.23,42.26,1008.86
6542,588.69,28.48,28.24,42.26,1008.86
6543,588.78,28.48,28.23,42.26,1008.86
6544,588.87,28.48,28.24,42.26,1008.86
6545,588.96,28.48,28.25,42.26,1008.86
6546,589.05,28.48,28.25,42.27,1008.86
6547,589.14,28.48,28.24,42.25,1008.86
6548,589.23,28.48,28.24,42.25,1008.86
6549,589.32,28.49,28.23,42.26,1008.86
6550,589.41,28.49,28.23,42.26,1008.86
6551,589.50,28.49,28.23,42.24,1008.86
6552,589.59,28.49,28.23,42.23,1008.86
6553,589.68,28.49,28.24,42.22,1008.87
6554,589.77,28.49,28.24,42.22,1008.87
6555,589.86,28.49,28.24,42.21,1008.87
6556,589.95,28.48,28.25,42.22,1008.87
6557,590.04,28.49,28.24,42.23,1008.87
6558,590.13,28.48,28.24,42.24,1008.87
6559,590.22,28.48,28.24,42.25,1008.87
6560,590.31,28.48,28.25,42.26,1008.87
6561,590.40,28.48,28.25,42.26,1008.86
6562,590.49,28.48,28.25,42.25,1008.87
6563,590.58,28.48,28.24,42.26,1008.87
6564,590.67,28.49,28.24,42.25,1008.87
6565,590.76,28.49,28.23,42.27,1008.87
6566,590.85,28.49,28.23,42.26,1008.87
6567,590.94,28.49,28.23,42.25,1008.86
6568,591.03,28.48,28.23,42.24,1008.86
6569,591.12,28.49,28.23,42.23,1008.86
6570,591.21,28.49,28.23,42.23,1008.86
6571,591.30,28.49,28.23,42.23,1008.86
6572,591.39,28.48,28.22,42.24,1008.86
6573,591.48,28.48,28.23,42.25,1008.86
6574,591.57,28.48,28.22,42.25,1008.86
6575,591.66,28.47,28.23,42.25,1008.86
6576,591.75,28.47,28.23,42.25,1008.85
6577,591.84,28.47,28.23,42.23,1008.85
6578,591.93,28.47,28.23,42.22,1008.85
6579,592.02,28.47,28.23,42.23,1008.85
6580,592.11,28.47,28.22,42.22,1008.85
6581,592.20,28.47,28.22,42.22,1008.85
6582,592.29,28.48,28.22,42.22,1008.85
6583,592.38,28.48,28.22,42.21,1008.85
6584,592.47,28.48,28.21,42.21,1008.85
6585,592.56,28.48,28.22,42.21,1008.85
6586,592.65,28.48,28.22,42.23,1008.85
6587,592.74,28.49,28.22,42.23,1008.85
6588,592.83,28.48,28.21,42.23,1008.85
6589,592.92,28.48,28.21,42.23,1008.85
6590,593.01,28.49,28.21,42.22,1008.84
6591,593.10,28.49,28.21,42.22,1008.85
6592,593.19,28.49,28.21,42.23,1008.85
6593,593.28,28.49,28.21,42.23,1008.84
6594,593.37,28.49,28.21,42.23,1008.85
6595,593.46,28.49,28.21,42.23,1008.85
6596,593.55,28.49,28.21,42.23,1008.85
6597,593.64,28.48,28.21,42.23,1008.85
6598,593.73,28.48,28.21,42.23,1008.85
6599,593.82,28.48,28.21,42.22,1008.85
6600,593.91,28.48,28.21,42.22,1008.85
6601,594.00,28.47,28.21,42.22,1008.85
6602,594.09,28.48,28.21,42.22,1008.85
6603,594.18,28.48,28.20,42.23,1008.86
6604,594.27,28.48,28.21,42.24,1008.86
6605,594.36,28.48,28.21,42.25,1008.86
6606,594.45,28.48,28.21,42.25,1008.86
6607,594.54,28.47,28.21,42.26,1008.86
6608,594.63,28.48,28.21,42.26,1008.86
6609,594.72,28.47,28.21,42.27,1008.86
6610,594.81,28.48,28.20,42.27,1008.86
6611,594.90,28.47,28.20,42.28,1008.86
6612,594.99,28.47,28.20,42.29,1008.85
6613,595.08,28.47,28.20,42.29,1008.85
6614,595.17,28.46,28.21,42.29,1008.85
6615,595.26,28.46,28.20,42.28,1008.86
6616,595.35,28.46,28.20,42.28,1008.86
6617,595.44,28.47,28.20,42.28,1008.86
6618,595.53,28.47,28.20,42.27,1008.86
6619,595.62,28.47,28.19,42.27,1008.86
6620,595.71,28.47,28.18,42.28,1008.86
6621,595.80,28.46,28.18,42.26,1008.86
6622,595.89,28.46,28.18,42.26,1008.85
6623,595.98,28.46,28.18,42.25,1008.85
6624,596.07,28.46,28.18,42.24,1008.85
6625,596.16,28.47,28.17,42.24,1008.86
6626,596.25,28.46,28.17,42.24,1008.86
6627,596.34,28.46,28.17,42.25,1008.85
6628,596.43,28.46,28.17,42.25,1008.85
6629,596.52,28.46,28.17,42.25,1008.85
6630,596.61,28.46,28.17,42.27,1008.85
6631,596.70,28.46,28.17,42.25,1008.85
6632,596.79,28.46,28.17,42.26,1008.85
6633,596.88,28.46,28.17,42.27,1008.85
6634,596.97,28.46,28.17,42.27,1008.85
6635,597.06,28.47,28.18,42.27,1008.85
6636,597.15,28.47,28.19,42.27,1008.85
6637,597.24,28.48,28.19,42.28,1008.85
6638,597.33,28.48,28.19,42.27,1008.85
6639,597.42,28.48,28.20,42.28,1008.85
6640,597.51,28.48,28.20,42.29,1008.85
6641,597.60,28.48,28.21,42.29,1008.85
6642,597.69,28.48,28.20,42.30,1008.85
6643,597.78,28.47,28.20,42.30,1008.85
6644,597.87,28.47,28.21,42.30,1008.85
6645,597.96,28.47,28.21,42.30,1008.85
6646,598.05,28.47,28.21,42.30,1008.85
6647,598.14,28.47,28.21,42.32,1008.85
6648,598.23,28.47,28.20,42.33,1008.85
6649,598.32,28.47,28.21,42.31,1008.85
6650,598.41,28.47,28.21,42.30,1008.86
6651,598.50,28.47,28.21,42.29,1008.86
6652,598.59,28.47,28.21,42.29,1008.86
6653,598.68,28.46,28.21,42.27,1008.86
6654,598.77,28.46,28.21,42.26,1008.86
6655,598.86,28.46,28.22,42.27,1008.86
6656,598.95,28.45,28.22,42.28,1008.86
6657,599.04,28.45,28.23,42.28,1008.86
6658,599.13,28.45,28.23,42.30,1008.86
6659,599.22,28.44,28.23,42.30,1008.86
6660,599.31,28.44,28.23,42.30,1008.86
6661,599.40,28.44,28.23,42.30,1008.86
6662,599.49,28.45,28.24,42.30,1008.86
6663,599.58,28.44,28.23,42.32,1008.86
6664,599.67,28.44,28.23,42.32,1008.86
6665,599.76,28.45,28.23,42.31,1008.86
6666,599.85,28.45,28.24,42.31,1008.86
6667,599.94,28.46,28.24,42.29,1008.87
