Index,Relative Time (s),PT100 (degC),BME280 T (degC),Humidity (%),Pressure (hPa)
1,0.00,45.00,43.20,42.97,1008.80
2,0.09,44.96,42.99,42.98,1008.81
3,0.18,44.93,42.97,43.01,1008.80
4,0.27,44.91,42.96,43.02,1008.80
5,0.36,44.89,42.94,43.02,1008.80
6,0.45,44.87,42.92,43.03,1008.80
7,0.54,44.86,42.90,43.05,1008.80
8,0.63,44.85,42.88,43.04,1008.81
9,0.72,44.84,42.86,43.06,1008.80
10,0.81,44.82,42.85,43.08,1008.80
11,0.90,44.80,42.83,43.09,1008.80
12,0.99,44.78,42.81,43.10,1008.80
13,1.08,44.77,42.80,43.11,1008.80
14,1.17,44.75,42.78,43.10,1008.81
15,1.26,44.73,42.77,43.11,1008.80
16,1.35,44.71,42.75,43.10,1008.80
17,1.44,44.69,42.74,43.11,1008.80
18,1.53,44.68,42.71,43.12,1008.80
19,1.62,44.66,42.69,43.15,1008.80
20,1.71,44.65,42.68,43.18,1008.80
21,1.80,44.63,42.66,43.20,1008.80
22,1.89,44.60,42.66,43.24,1008.80
23,1.98,44.59,42.64,43.23,1008.80
24,2.07,44.57,42.61,43.26,1008.80
25,2.16,44.54,42.59,43.28,1008.79
26,2.25,44.52,42.57,43.29,1008.79
27,2.34,44.50,42.55,43.32,1008.79
28,2.43,44.48,42.53,43.34,1008.79
29,2.52,44.46,42.52,43.35,1008.79
30,2.61,44.45,42.50,43.36,1008.79
31,2.70,44.43,42.48,43.36,1008.80
32,2.79,44.42,42.47,43.34,1008.79
33,2.88,44.40,42.44,43.34,1008.79
34,2.97,44.38,42.42,43.34,1008.79
35,3.06,44.37,42.41,43.36,1008.80
36,3.15,44.36,42.38,43.37,1008.80
37,3.24,44.35,42.37,43.36,1008.80
38,3.33,44.33,42.35,43.37,1008.80
39,3.42,44.32,42.34,43.39,1008.80
40,3.51,44.30,42.31,43.39,1008.79
41,3.60,44.28,42.29,43.40,1008.79
42,3.69,44.27,42.28,43.42,1008.79
43,3.78,44.26,42.27,43.45,1008.79
44,3.87,44.25,42.25,43.46,1008.79
45,3.96,44.23,42.23,43.48,1008.79
46,4.05,44.21,42.21,43.49,1008.79
47,4.14,44.19,42.20,43.51,1008.79
48,4.23,44.17,42.18,43.50,1008.79
49,4.32,44.16,42.15,43.52,1008.80
50,4.41,44.15,42.14,43.54,1008.79
51,4.50,44.14,42.13,43.55,1008.79
52,4.59,44.12,42.12,43.57,1008.80
53,4.68,44.09,42.10,43.58,1008.80
54,4.77,44.07,42.09,43.58,1008.80
55,4.86,44.05,42.06,43.59,1008.80
56,4.95,44.04,42.05,43.61,1008.80
57,5.04,44.01,42.03,43.62,1008.80
58,5.13,44.00,42.01,43.63,1008.80
59,5.22,43.98,42.00,43.63,1008.80
60,5.31,43.96,41.98,43.64,1008.80
61,5.40,43.94,41.97,43.63,1008.80
62,5.49,43.93,41.95,43.62,1008.80
63,5.58,43.91,41.94,43.62,1008.80
64,5.67,43.89,41.92,43.65,1008.81
65,5.76,43.87,41.90,43.67,1008.81
66,5.85,43.85,41.88,43.68,1008.81
67,5.94,43.83,41.87,43.69,1008.81
68,6.03,43.81,41.86,43.69,1008.81
69,6.12,43.80,41.84,43.67,1008.80
70,6.21,43.78,41.83,43.68,1008.80
71,6.30,43.76,41.81,43.70,1008.80
72,6.39,43.73,41.80,43.69,1008.80
73,6.48,43.71,41.79,43.70,1008.80
74,6.57,43.69,41.77,43.71,1008.80
75,6.66,43.68,41.77,43.71,1008.80
76,6.75,43.66,41.75,43.72,1008.80
77,6.84,43.64,41.73,43.73,1008.80
78,6.93,43.62,41.71,43.73,1008.80
79,7.02,43.60,41.69,43.72,1008.79
80,7.11,43.58,41.68,43.75,1008.79
81,7.20,43.57,41.67,43.78,1008.79
82,7.29,43.56,41.65,43.78,1008.79
83,7.38,43.54,41.64,43.78,1008.79
84,7.47,43.52,41.63,43.81,1008.80
85,7.56,43.50,41.60,43.82,1008.80
86,7.65,43.47,41.58,43.83,1008.80
87,7.74,43.45,41.57,43.85,1008.80
88,7.83,43.44,41.55,43.87,1008.80
89,7.92,43.41,41.55,43.86,1008.80
90,8.01,43.40,41.53,43.87,1008.80
91,8.10,43.38,41.53,43.91,1008.80
92,8.19,43.37,41.51,43.91,1008.80
93,8.28,43.35,41.49,43.93,1008.81
94,8.37,43.33,41.48,43.94,1008.80
95,8.46,43.32,41.46,43.96,1008.81
96,8.55,43.30,41.45,43.96,1008.81
97,8.64,43.28,41.43,43.96,1008.81
98,8.73,43.26,41.41,43.95,1008.81
99,8.82,43.25,41.40,43.95,1008.81
100,8.91,43.23,41.38,43.96,1008.81
101,9.00,43.22,41.37,43.98,1008.81
102,9.09,43.21,41.35,43.99,1008.81
103,9.18,43.19,41.33,43.99,1008.81
104,9.27,43.17,41.32,44.02,1008.81
105,9.36,43.15,41.31,44.03,1008.81
106,9.45,43.13,41.29,44.03,1008.80
107,9.54,43.10,41.27,44.04,1008.80
108,9.63,43.09,41.26,44.05,1008.80
109,9.72,43.07,41.24,44.07,1008.79
110,9.81,43.05,41.23,44.08,1008.79
111,9.90,43.04,41.21,44.11,1008.79
112,9.99,43.02,41.20,44.11,1008.79
113,10.08,43.01,41.18,44.14,1008.79
114,10.17,42.98,41.15,44.15,1008.79
115,10.26,42.96,41.14,44.16,1008.79
116,10.35,42.95,41.12,44.16,1008.78
117,10.44,42.94,41.11,44.18,1008.78
118,10.53,42.92,41.08,44.19,1008.78
119,10.62,42.91,41.07,44.19,1008.78
120,10.71,42.89,41.06,44.20,1008.78
121,10.80,42.87,41.03,44.21,1008.78
122,10.89,42.86,41.01,44.22,1008.77
123,10.98,42.84,41.00,44.22,1008.78
124,11.07,42.83,40.98,44.22,1008.77
125,11.16,42.81,40.96,44.22,1008.77
126,11.25,42.78,40.94,44.23,1008.77
127,11.34,42.76,40.93,44.25,1008.77
128,11.43,42.75,40.92,44.23,1008.77
129,11.52,42.74,40.91,44.24,1008.77
130,11.61,42.72,40.89,44.25,1008.76
131,11.70,42.70,40.89,44.25,1008.76
132,11.79,42.69,40.87,44.26,1008.76
133,11.88,42.67,40.86,44.28,1008.76
134,11.97,42.65,40.84,44.29,1008.76
135,12.06,42.64,40.83,44.30,1008.76
136,12.15,42.63,40.81,44.29,1008.76
137,12.24,42.62,40.79,44.29,1008.76
138,12.33,42.61,40.77,44.30,1008.76
139,12.42,42.58,40.75,44.31,1008.76
140,12.51,42.56,40.74,44.32,1008.76
141,12.60,42.55,40.72,44.33,1008.76
142,12.69,42.53,40.70,44.34,1008.76
143,12.78,42.52,40.69,44.34,1008.77
144,12.87,42.51,40.67,44.36,1008.77
145,12.96,42.50,40.66,44.38,1008.77
146,13.05,42.48,40.65,44.37,1008.77
147,13.14,42.47,40.63,44.38,1008.77
148,13.23,42.45,40.62,44.38,1008.77
149,13.32,42.44,40.61,44.37,1008.78
150,13.41,42.43,40.60,44.38,1008.78
151,13.50,42.41,40.58,44.38,1008.78
152,13.59,42.40,40.56,44.39,1008.78
153,13.68,42.39,40.54,44.39,1008.78
154,13.77,42.37,40.53,44.40,1008.78
155,13.86,42.36,40.53,44.41,1008.79
156,13.95,42.35,40.51,44.41,1008.79
157,14.04,42.34,40.50,44.41,1008.79
158,14.13,42.32,40.49,44.42,1008.79
159,14.22,42.31,40.48,44.45,1008.80
160,14.31,42.29,40.46,44.48,1008.80
161,14.40,42.28,40.46,44.50,1008.80
162,14.49,42.27,40.44,44.50,1008.80
163,14.58,42.25,40.43,44.51,1008.80
164,14.67,42.23,40.41,44.52,1008.80
165,14.76,42.21,40.40,44.52,1008.80
166,14.85,42.20,40.38,44.53,1008.80
167,14.94,42.19,40.37,44.55,1008.80
168,15.03,42.16,40.45,44.56,1008.80
169,15.12,42.14,40.38,44.57,1008.80
170,15.21,42.13,40.33,44.57,1008.79
171,15.30,42.11,40.32,44.58,1008.79
172,15.39,42.09,40.31,44.59,1008.79
173,15.48,42.08,40.29,44.61,1008.79
174,15.57,42.06,40.27,44.61,1008.79
175,15.66,42.04,40.26,44.62,1008.79
176,15.75,42.02,40.24,44.63,1008.79
177,15.84,42.00,40.22,44.65,1008.78
178,15.93,41.99,40.21,44.63,1008.79
179,16.02,41.98,40.19,44.62,1008.78
180,16.11,41.97,40.17,44.62,1008.78
181,16.20,41.95,40.15,44.62,1008.78
182,16.29,41.93,40.13,44.64,1008.78
183,16.38,41.92,40.12,44.63,1008.77
184,16.47,41.91,40.10,44.65,1008.77
185,16.56,41.89,40.09,44.67,1008.77
186,16.65,41.87,40.07,44.67,1008.77
187,16.74,41.85,40.06,44.67,1008.77
188,16.83,41.84,40.05,44.66,1008.77
189,16.92,41.83,40.05,44.68,1008.76
190,17.01,41.81,40.04,44.71,1008.76
191,17.10,41.80,40.02,44.73,1008.76
192,17.19,41.78,40.02,44.73,1008.76
193,17.28,41.76,40.01,44.75,1008.76
194,17.37,41.75,40.00,44.76,1008.76
195,17.46,41.73,39.99,44.75,1008.76
196,17.55,41.72,39.98,44.78,1008.76
197,17.64,41.70,39.96,44.78,1008.76
198,17.73,41.69,39.94,44.76,1008.76
199,17.82,41.67,39.93,44.76,1008.76
200,17.91,41.66,39.93,44.76,1008.76
201,18.00,41.64,39.91,44.76,1008.76
202,18.09,41.63,39.89,44.78,1008.76
203,18.18,41.61,39.88,44.79,1008.75
204,18.27,41.60,39.86,44.81,1008.75
205,18.36,41.59,39.84,44.82,1008.76
206,18.45,41.57,39.83,44.84,1008.76
207,18.54,41.56,39.82,44.86,1008.77
208,18.63,41.55,39.80,44.87,1008.76
209,18.72,41.53,39.79,44.88,1008.77
210,18.81,41.51,39.77,44.90,1008.77
211,18.90,41.50,39.75,44.88,1008.77
212,18.99,41.48,39.73,44.88,1008.77
213,19.08,41.47,39.71,44.90,1008.77
214,19.17,41.45,39.68,44.90,1008.77
215,19.26,41.43,39.68,44.90,1008.77
216,19.35,41.42,39.67,44.91,1008.77
217,19.44,41.41,39.66,44.90,1008.78
218,19.53,41.39,39.64,44.91,1008.78
219,19.62,41.38,39.62,44.90,1008.78
220,19.71,41.37,39.62,44.91,1008.78
221,19.80,41.36,39.60,44.94,1008.79
222,19.89,41.34,39.59,44.95,1008.79
223,19.98,41.32,39.58,44.96,1008.78
224,20.07,41.31,39.57,44.95,1008.79
225,20.16,41.30,39.55,44.97,1008.79
226,20.25,41.28,39.54,44.97,1008.79
227,20.34,41.27,39.52,44.98,1008.79
228,20.43,41.26,39.51,44.98,1008.79
229,20.52,41.24,39.49,44.97,1008.80
230,20.61,41.23,39.48,44.97,1008.79
231,20.70,41.21,39.47,44.98,1008.79
232,20.79,41.20,39.45,44.97,1008.80
233,20.88,41.18,39.44,44.98,1008.80
234,20.97,41.17,39.43,45.01,1008.81
235,21.06,41.15,39.42,45.00,1008.81
236,21.15,41.12,39.40,45.02,1008.81
237,21.24,41.10,39.39,45.03,1008.81
238,21.33,41.08,39.36,45.03,1008.81
239,21.42,41.07,39.35,45.03,1008.81
240,21.51,41.05,39.34,45.07,1008.81
241,21.60,41.03,39.34,45.07,1008.81
242,21.69,41.02,39.32,45.07,1008.81
243,21.78,41.00,39.32,45.07,1008.80
244,21.87,40.99,39.31,45.06,1008.80
245,21.96,40.98,39.30,45.07,1008.81
246,22.05,40.96,39.29,45.08,1008.80
247,22.14,40.95,39.28,45.09,1008.80
248,22.23,40.93,39.27,44.83,1008.80
249,22.32,40.92,39.26,45.09,1008.80
250,22.41,40.91,39.24,45.04,1008.80
251,22.50,40.90,39.24,45.11,1008.80
252,22.59,40.88,39.23,45.10,1008.80
253,22.68,40.86,39.22,45.11,1008.80
254,22.77,40.84,39.20,45.12,1008.80
255,22.86,40.83,39.18,45.13,1008.79
256,22.95,40.81,39.18,45.14,1008.79
257,23.04,40.79,39.16,45.13,1008.79
258,23.13,40.77,39.15,45.13,1008.79
259,23.22,40.76,39.12,45.13,1008.80
260,23.31,40.74,39.11,45.15,1008.80
261,23.40,40.73,39.09,45.17,1008.79
262,23.49,40.72,39.08,45.17,1008.79
263,23.58,40.71,39.07,45.18,1008.79
264,23.67,40.69,39.05,45.19,1008.79
265,23.76,40.69,39.04,45.19,1008.79
266,23.85,40.67,39.03,45.19,1008.79
267,23.94,40.66,39.02,45.20,1008.79
268,24.03,40.64,39.00,45.21,1008.79
269,24.12,40.63,38.98,45.21,1008.79
270,24.21,40.62,38.96,45.23,1008.79
271,24.30,40.61,38.94,45.25,1008.79
272,24.39,40.59,38.93,45.25,1008.79
273,24.48,40.57,38.91,45.27,1008.78
274,24.57,40.56,38.90,45.27,1008.79
275,24.66,40.56,38.89,45.28,1008.79
276,24.75,40.54,38.87,45.27,1008.79
277,24.84,40.52,38.86,45.28,1008.79
278,24.93,40.51,38.84,45.28,1008.79
279,25.02,40.49,38.83,45.30,1008.79
280,25.11,40.48,38.82,45.32,1008.79
281,25.20,40.47,38.81,45.30,1008.79
282,25.29,40.44,38.79,45.33,1008.79
283,25.38,40.43,38.77,45.32,1008.79
284,25.47,40.43,38.77,45.30,1008.79
285,25.56,40.41,38.74,45.32,1008.79
286,25.65,40.40,38.73,45.33,1008.79
287,25.74,40.38,38.72,45.33,1008.79
288,25.83,40.37,38.71,45.34,1008.79
289,25.92,40.36,38.70,45.34,1008.80
290,26.01,40.34,38.68,45.36,1008.80
291,26.10,40.33,38.67,45.34,1008.80
292,26.19,40.31,38.66,45.37,1008.80
293,26.28,40.30,38.65,45.36,1008.80
294,26.37,40.29,38.63,45.36,1008.80
295,26.46,40.27,38.62,45.35,1008.80
296,26.55,40.26,38.60,45.34,1008.80
297,26.64,40.25,38.59,45.35,1008.80
298,26.73,40.23,38.58,45.38,1008.81
299,26.82,40.22,38.57,45.39,1008.80
300,26.91,40.21,38.56,45.40,1008.81
301,27.00,40.20,38.55,45.40,1008.81
302,27.09,40.18,38.53,45.40,1008.80
303,27.18,40.17,38.52,45.42,1008.81
304,27.27,40.15,38.51,45.43,1008.81
305,27.36,40.14,38.50,45.46,1008.81
306,27.45,40.14,38.49,45.46,1008.81
307,27.54,40.13,38.48,45.47,1008.81
308,27.63,40.12,38.46,45.46,1008.81
309,27.72,40.11,38.45,45.46,1008.80
310,27.81,40.09,38.44,45.47,1008.80
311,27.90,40.08,38.43,45.44,1008.80
312,27.99,40.07,38.42,45.46,1008.80
313,28.08,40.06,38.40,45.47,1008.80
314,28.17,40.05,38.39,45.48,1008.80
315,28.26,40.03,38.37,45.50,1008.81
316,28.35,40.02,38.37,45.51,1008.81
317,28.44,40.01,38.35,45.53,1008.81
318,28.53,40.00,38.34,45.53,1008.81
319,28.62,39.99,38.33,45.56,1008.81
320,28.71,39.97,38.33,45.57,1008.81
321,28.80,39.95,38.32,45.58,1008.81
322,28.89,39.94,38.31,45.59,1008.81
323,28.98,39.92,38.30,45.61,1008.81
324,29.07,39.91,38.29,45.63,1008.81
325,29.16,39.90,38.28,45.65,1008.81
326,29.25,39.89,38.27,45.67,1008.81
327,29.34,39.87,38.25,45.67,1008.81
328,29.43,39.86,38.23,45.67,1008.81
329,29.52,39.85,38.23,45.67,1008.81
330,29.61,39.84,38.21,45.68,1008.82
331,29.70,39.83,38.20,45.67,1008.82
332,29.79,39.81,38.18,45.66,1008.83
333,29.88,39.79,38.17,45.67,1008.83
334,29.97,39.78,38.17,45.65,1008.83
335,30.06,39.77,38.16,45.67,1008.82
336,30.15,39.75,38.14,45.70,1008.82
337,30.24,39.73,38.12,45.69,1008.82
338,30.33,39.72,38.10,45.71,1008.82
339,30.42,39.70,38.09,45.71,1008.82
340,30.51,39.68,38.08,45.71,1008.82
341,30.60,39.66,38.07,45.73,1008.82
342,30.69,39.65,38.06,45.73,1008.82
343,30.78,39.64,38.05,45.74,1008.82
344,30.87,39.63,38.04,45.75,1008.82
345,30.96,39.62,38.04,45.77,1008.82
346,31.05,39.59,38.02,45.78,1008.82
347,31.14,39.58,38.01,45.79,1008.82
348,31.23,39.57,38.00,45.79,1008.82
349,31.32,39.54,37.99,45.81,1008.83
350,31.41,39.54,37.97,45.82,1008.82
351,31.50,39.52,37.96,45.83,1008.83
352,31.59,39.51,37.95,45.83,1008.82
353,31.68,39.49,37.94,45.84,1008.82
354,31.77,39.47,37.93,45.82,1008.82
355,31.86,39.46,37.91,45.83,1008.82
356,31.95,39.44,37.89,45.84,1008.82
357,32.04,39.43,37.89,45.85,1008.82
358,32.13,39.42,37.87,45.85,1008.82
359,32.22,39.40,37.87,45.84,1008.82
360,32.31,39.39,37.85,45.84,1008.82
361,32.40,39.38,37.84,45.86,1008.81
362,32.49,39.37,37.83,45.86,1008.82
363,32.58,39.35,37.82,45.87,1008.82
364,32.67,39.34,37.82,45.88,1008.82
365,32.76,39.32,37.81,45.87,1008.81
366,32.85,39.31,37.80,45.87,1008.82
367,32.94,39.30,37.79,45.88,1008.81
368,33.03,39.28,37.79,45.89,1008.81
369,33.12,39.27,37.77,45.90,1008.81
370,33.21,39.25,37.76,45.91,1008.81
371,33.30,39.24,37.74,45.91,1008.80
372,33.39,39.23,37.73,45.92,1008.80
373,33.48,39.22,37.71,45.93,1008.80
374,33.57,39.20,37.71,45.95,1008.79
375,33.66,39.19,37.69,45.95,1008.79
376,33.75,39.18,37.67,45.97,1008.79
377,33.84,39.17,37.66,45.96,1008.79
378,33.93,39.16,37.64,45.96,1008.79
379,34.02,39.14,37.63,45.97,1008.78
380,34.11,39.13,37.61,45.98,1008.78
381,34.20,39.12,37.60,46.00,1008.78
382,34.29,39.10,37.59,45.96,1008.79
383,34.38,39.10,37.57,45.98,1008.78
384,34.47,39.10,37.56,45.98,1008.78
385,34.56,39.08,37.56,45.98,1008.78
386,34.65,39.07,37.54,45.99,1008.78
387,34.74,39.06,37.52,45.99,1008.79
388,34.83,39.05,37.51,45.99,1008.79
389,34.92,39.03,37.50,46.00,1008.78
390,35.01,39.02,37.48,46.01,1008.78
391,35.10,39.00,37.47,46.01,1008.78
392,35.19,38.99,37.46,46.01,1008.78
393,35.28,38.99,37.45,46.01,1008.78
394,35.37,38.97,37.44,46.03,1008.78
395,35.46,38.96,37.42,46.03,1008.79
396,35.55,38.95,37.42,46.02,1008.79
397,35.64,38.95,37.41,46.01,1008.79
398,35.73,38.94,37.39,46.03,1008.80
399,35.82,38.92,37.38,46.02,1008.80
400,35.91,38.91,37.38,46.02,1008.79
401,36.00,38.89,37.36,46.03,1008.79
402,36.09,38.88,37.36,46.04,1008.79
403,36.18,38.87,37.35,46.03,1008.80
404,36.27,38.86,37.33,46.03,1008.80
405,36.36,38.84,37.32,46.04,1008.80
406,36.45,38.83,37.31,46.05,1008.81
407,36.54,38.82,37.30,46.05,1008.80
408,36.63,38.81,37.30,46.05,1008.80
409,36.72,38.80,37.28,46.03,1008.80
410,36.81,38.79,37.28,46.04,1008.80
411,36.90,38.77,37.27,46.05,1008.80
412,36.99,38.76,37.26,46.05,1008.80
413,37.08,38.75,37.25,46.06,1008.80
414,37.17,38.73,37.24,46.06,1008.80
415,37.26,38.72,37.23,46.08,1008.80
416,37.35,38.71,37.22,46.09,1008.80
417,37.44,38.70,37.21,46.12,1008.80
418,37.53,38.69,37.20,46.10,1008.80
419,37.62,38.68,37.19,46.09,1008.80
420,37.71,38.67,37.19,46.12,1008.79
421,37.80,38.66,37.18,46.12,1008.80
422,37.89,38.65,37.16,46.12,1008.79
423,37.98,38.65,37.15,46.12,1008.79
424,38.07,38.63,37.14,46.12,1008.79
425,38.16,38.62,37.11,46.13,1008.79
426,38.25,38.61,37.11,46.14,1008.79
427,38.34,38.60,37.09,46.15,1008.79
428,38.43,38.59,37.09,46.15,1008.79
429,38.52,38.57,37.07,46.16,1008.79
430,38.61,38.56,37.07,46.16,1008.79
431,38.70,38.55,37.05,46.16,1008.78
432,38.79,38.54,37.03,46.16,1008.78
433,38.88,38.53,37.03,46.18,1008.78
434,38.97,38.51,37.01,46.18,1008.78
435,39.06,38.50,36.99,46.17,1008.79
436,39.15,38.49,36.98,46.16,1008.78
437,39.24,38.48,36.96,46.19,1008.78
438,39.33,38.46,36.95,46.18,1008.78
439,39.42,38.45,36.95,46.18,1008.78
440,39.51,38.44,36.93,46.19,1008.77
441,39.60,38.43,36.92,46.21,1008.77
442,39.69,38.42,36.91,46.21,1008.77
443,39.78,38.40,36.90,46.22,1008.77
444,39.87,38.40,36.89,46.27,1008.77
445,39.96,38.39,36.88,46.25,1008.76
446,40.05,38.37,36.87,46.25,1008.76
447,40.14,38.35,36.86,46.25,1008.76
448,40.23,38.34,36.84,46.25,1008.77
449,40.32,38.33,36.83,46.25,1008.77
450,40.41,38.32,36.81,46.26,1008.77
451,40.50,38.32,36.80,46.26,1008.77
452,40.59,38.31,36.80,46.26,1008.77
453,40.68,38.29,36.78,46.27,1008.77
454,40.77,38.28,36.78,46.26,1008.77
455,40.86,38.27,36.77,46.25,1008.77
456,40.95,38.25,36.76,46.27,1008.77
457,41.04,38.24,36.76,46.25,1008.77
458,41.13,38.23,36.74,46.24,1008.77
459,41.22,38.21,36.73,46.25,1008.77
460,41.31,38.19,36.72,46.26,1008.77
461,41.40,38.18,36.71,46.26,1008.77
462,41.49,38.17,36.71,46.26,1008.77
463,41.58,38.16,36.70,46.28,1008.77
464,41.67,38.15,36.68,46.29,1008.77
465,41.76,38.14,36.67,46.29,1008.77
466,41.85,38.12,36.67,46.30,1008.78
467,41.94,38.12,36.67,46.31,1008.78
468,42.03,38.11,36.66,46.33,1008.78
469,42.12,38.09,36.65,46.34,1008.78
470,42.21,38.08,36.64,46.35,1008.78
471,42.30,38.07,36.64,46.36,1008.78
472,42.39,38.06,36.63,46.36,1008.79
473,42.48,38.03,36.61,46.38,1008.79
474,42.57,38.02,36.60,46.37,1008.79
475,42.66,38.01,36.59,46.36,1008.79
476,42.75,38.01,36.58,46.36,1008.79
477,42.84,37.99,36.57,46.38,1008.79
478,42.93,37.99,36.56,46.39,1008.78
479,43.02,37.98,36.55,46.40,1008.78
480,43.11,37.96,36.54,46.40,1008.78
481,43.20,37.96,36.52,46.41,1008.78
482,43.29,37.95,36.51,46.40,1008.78
483,43.38,37.94,36.50,46.40,1008.79
484,43.47,37.92,36.49,46.42,1008.79
485,43.56,37.92,36.48,46.41,1008.79
486,43.65,37.90,36.46,46.40,1008.78
487,43.74,37.89,36.43,46.39,1008.78
488,43.83,37.88,36.42,46.39,1008.78
489,43.92,37.87,36.40,46.37,1008.78
490,44.01,37.86,36.39,46.36,1008.78
491,44.10,37.85,36.38,46.33,1008.78
492,44.19,37.83,36.37,46.32,1008.78
493,44.28,37.82,36.35,46.34,1008.78
494,44.37,37.81,36.34,46.36,1008.78
495,44.46,37.79,36.33,46.36,1008.78
496,44.55,37.78,36.32,46.37,1008.78
497,44.64,37.77,36.30,46.38,1008.79
498,44.73,37.76,36.30,46.37,1008.78
499,44.82,37.76,36.29,46.36,1008.79
500,44.91,37.74,36.28,46.34,1008.78
501,45.00,37.74,36.27,46.34,1008.78
502,45.09,37.72,36.26,46.34,1008.78
503,45.18,37.71,36.26,46.36,1008.78
504,45.27,37.69,36.26,46.34,1008.78
505,45.36,37.68,36.25,46.34,1008.78
506,45.45,37.67,36.23,46.33,1008.77
507,45.54,37.66,36.22,46.34,1008.77
508,45.63,37.65,36.22,46.36,1008.77
509,45.72,37.62,36.21,46.36,1008.77
510,45.81,37.61,36.20,46.38,1008.77
511,45.90,37.60,36.19,46.39,1008.77
512,45.99,37.59,36.19,46.41,1008.77
513,46.08,37.58,36.17,46.44,1008.77
514,46.17,37.57,36.15,46.45,1008.77
515,46.26,37.56,36.14,46.46,1008.77
516,46.35,37.54,36.13,46.46,1008.77
517,46.44,37.53,36.11,46.46,1008.77
518,46.53,37.51,36.11,46.45,1008.77
519,46.62,37.51,36.10,46.47,1008.77
520,46.71,37.50,36.09,46.48,1008.77
521,46.80,37.49,36.08,46.48,1008.78
522,46.89,37.47,36.07,46.49,1008.78
523,46.98,37.47,36.06,46.50,1008.78
524,47.07,37.46,36.05,46.50,1008.78
525,47.16,37.44,36.05,46.50,1008.78
526,47.25,37.43,36.04,46.49,1008.78
527,47.34,37.42,36.04,46.50,1008.78
528,47.43,37.41,36.04,46.51,1008.78
529,47.52,37.40,36.03,46.52,1008.78
530,47.61,37.30,36.02,46.51,1008.78
531,47.70,37.35,36.01,46.52,1008.78
532,47.79,37.38,36.00,46.50,1008.78
533,47.88,37.37,36.00,46.53,1008.78
534,47.97,37.36,35.98,46.53,1008.79
535,48.06,37.34,35.98,46.53,1008.79
536,48.15,37.34,35.97,46.55,1008.79
537,48.24,37.33,35.96,46.56,1008.79
538,48.33,37.31,35.95,46.56,1008.79
539,48.42,37.29,35.94,46.56,1008.79
540,48.51,37.29,35.92,46.57,1008.79
541,48.60,37.28,35.90,46.58,1008.79
542,48.69,37.27,35.89,46.58,1008.79
543,48.78,37.25,35.88,46.59,1008.79
544,48.87,37.25,35.87,46.60,1008.79
545,48.96,37.24,35.86,46.60,1008.79
546,49.05,37.23,35.84,46.61,1008.78
547,49.14,37.21,35.83,46.60,1008.78
548,49.23,37.27,35.82,46.62,1008.79
549,49.32,37.19,35.82,46.61,1008.79
550,49.41,37.18,35.80,46.63,1008.79
551,49.50,37.17,35.79,46.65,1008.78
552,49.59,37.15,35.77,46.64,1008.78
553,49.68,37.15,35.76,46.64,1008.78
554,49.77,37.14,35.75,46.64,1008.78
555,49.86,37.12,35.73,46.64,1008.78
556,49.95,37.11,35.71,46.63,1008.79
557,50.04,37.10,35.71,46.65,1008.78
558,50.13,37.09,35.70,46.65,1008.78
559,50.22,37.08,35.69,46.63,1008.77
560,50.31,37.07,35.69,46.63,1008.78
561,50.40,37.07,35.67,46.65,1008.78
562,50.49,37.05,35.66,46.66,1008.78
563,50.58,37.05,35.65,46.68,1008.77
564,50.67,37.04,35.64,46.66,1008.77
565,50.76,37.03,35.63,46.68,1008.77
566,50.85,37.02,35.62,46.66,1008.78
567,50.94,37.01,35.61,46.67,1008.78
568,51.03,37.00,35.60,46.67,1008.78
569,51.12,36.99,35.59,46.64,1008.78
570,51.21,36.98,35.58,46.66,1008.78
571,51.30,36.96,35.57,46.65,1008.78
572,51.39,36.95,35.55,46.67,1008.78
573,51.48,36.94,35.55,46.69,1008.78
574,51.57,36.94,35.55,46.68,1008.78
575,51.66,36.93,35.53,46.68,1008.78
576,51.75,36.92,35.52,46.68,1008.78
577,51.84,36.91,35.52,46.69,1008.78
578,51.93,36.90,35.50,46.67,1008.78
579,52.02,36.89,35.49,46.67,1008.78
580,52.11,36.89,35.49,46.66,1008.79
581,52.20,36.87,35.48,46.65,1008.78
582,52.29,36.86,35.47,46.65,1008.79
583,52.38,36.86,35.46,46.65,1008.79
584,52.47,36.84,35.46,46.67,1008.79
585,52.56,36.83,35.46,46.68,1008.79
586,52.65,36.82,35.45,46.69,1008.79
587,52.74,36.82,35.44,46.66,1008.79
588,52.83,36.80,35.44,46.68,1008.79
589,52.92,36.79,35.43,46.68,1008.80
590,53.01,36.78,35.42,46.71,1008.80
591,53.10,36.77,35.42,46.71,1008.80
592,53.19,36.76,35.41,46.71,1008.80
593,53.28,36.74,35.39,46.73,1008.81
594,53.37,36.73,35.39,46.73,1008.81
595,53.46,36.73,35.39,46.74,1008.81
596,53.55,36.71,35.38,46.75,1008.81
597,53.64,36.70,35.37,46.76,1008.81
598,53.73,36.69,35.36,46.75,1008.81
599,53.82,36.69,35.37,46.77,1008.81
600,53.91,36.68,35.36,46.78,1008.82
601,54.00,36.67,35.35,46.78,1008.82
602,54.09,36.66,35.33,46.80,1008.82
603,54.18,36.64,35.32,46.81,1008.82
604,54.27,36.63,35.32,46.82,1008.82
605,54.36,36.62,35.31,46.82,1008.82
606,54.45,36.62,35.31,46.82,1008.82
607,54.54,36.60,35.30,46.80,1008.82
608,54.63,36.57,35.29,46.81,1008.82
609,54.72,36.56,35.29,46.80,1008.82
610,54.81,36.56,35.29,46.81,1008.82
611,54.90,36.54,35.28,46.80,1008.81
612,54.99,36.53,35.27,46.79,1008.81
613,55.08,36.51,35.26,46.79,1008.81
614,55.17,36.50,35.25,46.78,1008.81
615,55.26,36.49,35.24,46.78,1008.81
616,55.35,36.49,35.23,46.78,1008.81
617,55.44,36.48,35.22,46.78,1008.81
618,55.53,36.47,35.22,46.79,1008.81
619,55.62,36.46,35.20,46.79,1008.81
620,55.71,36.45,35.20,46.80,1008.81
621,55.80,36.44,35.19,46.82,1008.81
622,55.89,36.43,35.18,46.83,1008.81
623,55.98,36.42,35.17,46.85,1008.81
624,56.07,36.42,35.17,46.86,1008.80
625,56.16,36.41,35.16,46.85,1008.80
626,56.25,36.40,35.15,46.86,1008.80
627,56.34,36.39,35.15,46.88,1008.79
628,56.43,36.39,35.14,46.88,1008.79
629,56.52,36.37,35.12,46.90,1008.79
630,56.61,36.36,35.11,46.89,1008.79
631,56.70,36.34,35.10,46.89,1008.79
632,56.79,36.33,35.08,46.89,1008.79
633,56.88,36.33,35.06,46.88,1008.78
634,56.97,36.32,35.05,46.90,1008.78
635,57.06,36.30,35.03,46.92,1008.78
636,57.15,36.29,35.02,46.91,1008.78
637,57.24,36.28,35.00,46.90,1008.78
638,57.33,36.28,34.99,46.91,1008.78
639,57.42,36.27,34.98,46.91,1008.78
640,57.51,36.25,34.97,46.90,1008.78
641,57.60,36.25,34.96,46.89,1008.79
642,57.69,36.24,34.95,46.88,1008.79
643,57.78,36.14,34.94,46.88,1008.78
644,57.87,36.23,34.93,46.88,1008.79
645,57.96,36.22,34.92,46.87,1008.78
646,58.05,36.21,34.91,46.89,1008.79
647,58.14,36.20,34.90,46.88,1008.79
648,58.23,36.20,34.89,46.89,1008.79
649,58.32,36.19,34.88,46.88,1008.79
650,58.41,36.18,34.87,46.87,1008.79
651,58.50,36.17,34.86,46.88,1008.79
652,58.59,36.15,34.84,46.89,1008.79
653,58.68,36.15,34.83,46.89,1008.79
654,58.77,36.14,34.81,46.91,1008.79
655,58.86,36.13,34.81,46.95,1008.79
656,58.95,36.12,34.80,46.97,1008.80
657,59.04,36.11,34.80,46.99,1008.80
658,59.13,36.10,34.80,46.97,1008.80
659,59.22,36.10,34.79,46.98,1008.81
660,59.31,36.09,34.79,46.98,1008.80
661,59.40,36.09,34.79,46.99,1008.80
662,59.49,36.09,34.79,47.00,1008.81
663,59.58,36.08,34.79,47.00,1008.81
664,59.67,36.07,34.78,47.00,1008.81
665,59.76,36.06,34.77,47.02,1008.80
666,59.85,36.05,34.76,47.01,1008.80
667,59.94,36.03,34.76,47.01,1008.81
668,60.03,36.03,34.75,46.99,1008.81
669,60.12,36.02,34.74,46.97,1008.81
670,60.21,36.01,34.72,46.96,1008.81
671,60.30,36.01,34.72,46.95,1008.81
672,60.39,35.99,34.72,46.95,1008.81
673,60.48,35.98,34.71,46.93,1008.81
674,60.57,35.98,34.69,46.93,1008.81
675,60.66,35.97,34.69,46.93,1008.81
676,60.75,35.96,34.68,46.93,1008.81
677,60.84,35.95,34.67,46.90,1008.81
678,60.93,35.94,34.66,46.90,1008.82
679,61.02,35.94,34.65,46.90,1008.81
680,61.11,35.93,34.64,46.90,1008.81
681,61.20,35.92,34.63,46.88,1008.81
682,61.29,35.91,34.63,46.88,1008.81
683,61.38,35.89,34.61,46.89,1008.81
684,61.47,35.87,34.61,46.87,1008.81
685,61.56,35.87,34.60,46.84,1008.81
686,61.65,35.86,34.60,46.84,1008.81
687,61.74,35.84,34.59,46.84,1008.81
688,61.83,35.83,34.58,46.85,1008.81
689,61.92,35.83,34.57,46.85,1008.81
690,62.01,35.82,34.56,46.86,1008.81
691,62.10,35.82,34.55,46.84,1008.80
692,62.19,35.81,34.54,46.83,1008.80
693,62.28,35.79,34.53,46.82,1008.80
694,62.37,35.78,34.52,46.81,1008.80
695,62.46,35.77,34.52,46.79,1008.80
696,62.55,35.77,34.51,46.78,1008.80
697,62.64,35.76,34.49,46.78,1008.79
698,62.73,35.75,34.48,46.77,1008.79
699,62.82,35.73,34.47,46.77,1008.79
700,62.91,35.73,34.47,46.75,1008.79
701,63.00,35.72,34.46,46.76,1008.79
702,63.09,35.71,34.44,46.75,1008.79
703,63.18,35.71,34.43,46.75,1008.79
704,63.27,35.69,34.47,46.73,1008.79
705,63.36,35.67,34.44,46.73,1008.79
706,63.45,35.67,34.42,46.72,1008.79
707,63.54,35.66,34.41,46.72,1008.79
708,63.63,35.66,34.40,46.71,1008.79
709,63.72,35.64,34.38,46.69,1008.78
710,63.81,35.64,34.38,46.70,1008.79
711,63.90,35.63,34.37,46.70,1008.78
712,63.99,35.61,34.38,46.70,1008.78
713,64.08,35.61,34.36,46.69,1008.78
714,64.17,35.60,34.35,46.69,1008.78
715,64.26,35.60,34.34,46.71,1008.78
716,64.35,35.59,34.33,46.70,1008.78
717,64.44,35.58,34.32,46.71,1008.78
718,64.53,35.57,34.31,46.72,1008.78
719,64.62,35.56,34.30,46.70,1008.78
720,64.71,35.55,34.29,46.71,1008.78
721,64.80,35.54,34.28,46.72,1008.78
722,64.89,35.54,34.27,46.73,1008.77
723,64.98,35.53,34.27,46.72,1008.78
724,65.07,35.51,34.27,46.72,1008.78
725,65.16,35.51,34.26,46.71,1008.78
726,65.25,35.50,34.24,46.73,1008.78
727,65.34,35.49,34.22,46.74,1008.78
728,65.43,35.48,34.23,46.76,1008.78
729,65.52,35.47,34.22,46.78,1008.78
730,65.61,35.46,34.22,46.78,1008.77
731,65.70,35.45,34.20,46.79,1008.77
732,65.79,35.44,34.19,46.81,1008.77
733,65.88,35.43,34.18,46.81,1008.78
734,65.97,35.42,34.17,46.82,1008.78
735,66.06,35.40,34.16,46.83,1008.77
736,66.15,35.39,34.15,46.84,1008.78
737,66.24,35.38,34.14,46.83,1008.78
738,66.33,35.37,34.13,46.83,1008.78
739,66.42,35.37,34.12,46.85,1008.78
740,66.51,35.35,34.12,46.85,1008.77
741,66.60,35.34,34.11,46.87,1008.78
742,66.69,35.33,34.11,46.90,1008.78
743,66.78,35.32,34.10,46.92,1008.78
744,66.87,35.31,34.10,46.94,1008.78
745,66.96,35.30,34.10,46.93,1008.78
746,67.05,35.30,34.10,46.95,1008.78
747,67.14,35.29,34.08,46.96,1008.79
748,67.23,35.28,34.08,46.97,1008.79
749,67.32,35.27,34.07,46.98,1008.79
750,67.41,35.27,34.07,46.97,1008.79
751,67.50,35.26,34.06,46.99,1008.79
752,67.59,35.25,34.04,46.99,1008.79
753,67.68,35.23,34.04,46.99,1008.79
754,67.77,35.22,34.03,47.01,1008.80
755,67.86,35.21,34.03,47.03,1008.79
756,67.95,35.21,34.03,47.05,1008.79
757,68.04,35.20,34.02,47.04,1008.79
758,68.13,35.19,34.01,47.07,1008.79
759,68.22,35.19,34.00,47.08,1008.79
760,68.31,35.18,33.99,47.09,1008.79
761,68.40,35.17,33.98,47.09,1008.79
762,68.49,35.17,33.98,47.08,1008.80
763,68.58,35.16,33.96,47.09,1008.80
764,68.67,35.15,33.96,47.11,1008.80
765,68.76,35.15,33.94,47.10,1008.80
766,68.85,35.14,33.93,47.09,1008.80
767,68.94,35.14,33.92,47.07,1008.80
768,69.03,35.13,33.91,47.05,1008.80
769,69.12,35.11,33.91,47.03,1008.80
770,69.21,35.10,33.90,47.03,1008.80
771,69.30,35.09,33.89,47.04,1008.81
772,69.39,35.07,33.89,47.03,1008.81
773,69.48,35.07,33.89,47.04,1008.81
774,69.57,35.06,33.89,47.06,1008.81
775,69.66,35.05,33.88,47.07,1008.81
776,69.75,35.04,33.87,47.08,1008.81
777,69.84,35.04,33.86,47.06,1008.81
778,69.93,35.03,33.85,47.06,1008.81
779,70.02,35.02,33.84,47.06,1008.81
780,70.11,35.01,33.82,47.07,1008.81
781,70.20,35.01,33.82,47.08,1008.80
782,70.29,34.99,33.81,47.08,1008.80
783,70.38,34.99,33.80,47.07,1008.80
784,70.47,34.97,33.80,47.05,1008.80
785,70.56,34.97,33.78,47.06,1008.80
786,70.65,34.95,33.77,47.06,1008.79
787,70.74,34.94,33.77,47.07,1008.79
788,70.83,34.93,33.77,47.08,1008.80
789,70.92,34.92,33.75,47.10,1008.79
790,71.01,34.92,33.75,47.09,1008.79
791,71.10,34.92,33.74,47.09,1008.79
792,71.19,34.91,33.73,47.11,1008.79
793,71.28,34.91,33.73,47.10,1008.79
794,71.37,34.90,33.72,47.10,1008.79
795,71.46,34.90,33.71,47.10,1008.79
796,71.55,34.89,33.70,47.08,1008.78
797,71.64,34.89,33.70,47.11,1008.78
798,71.73,34.88,33.69,47.10,1008.78
799,71.82,34.87,33.69,47.09,1008.78
800,71.91,34.87,33.67,47.09,1008.78
801,72.00,34.87,33.66,47.10,1008.77
802,72.09,34.86,33.66,47.12,1008.77
803,72.18,34.85,33.65,47.11,1008.77
804,72.27,34.84,33.64,47.12,1008.77
805,72.36,34.84,33.63,47.13,1008.77
806,72.45,34.83,33.62,47.13,1008.77
807,72.54,34.82,33.61,47.12,1008.77
808,72.63,34.81,33.60,47.13,1008.77
809,72.72,34.80,33.59,47.10,1008.76
810,72.81,34.80,33.59,47.10,1008.76
811,72.90,34.79,33.58,47.09,1008.76
812,72.99,34.78,33.58,47.07,1008.76
813,73.08,34.77,33.57,47.08,1008.76
814,73.17,34.76,33.56,47.08,1008.76
815,73.26,34.75,33.56,47.09,1008.76
816,73.35,34.74,33.54,47.08,1008.76
817,73.44,34.73,33.53,47.08,1008.76
818,73.53,34.73,33.53,47.08,1008.77
819,73.62,34.71,33.52,47.07,1008.77
820,73.71,34.71,33.51,47.08,1008.77
821,73.80,34.70,33.51,47.09,1008.77
822,73.89,34.70,33.51,47.08,1008.76
823,73.98,34.68,33.50,47.09,1008.76
824,74.07,34.66,33.50,47.07,1008.76
825,74.16,34.66,33.48,47.08,1008.77
826,74.25,34.65,33.47,47.10,1008.77
827,74.34,34.64,33.46,47.10,1008.77
828,74.43,34.63,33.45,47.09,1008.77
829,74.52,34.62,33.44,47.09,1008.78
830,74.61,34.60,33.43,47.09,1008.78
831,74.70,34.60,33.43,47.08,1008.78
832,74.79,34.59,33.43,47.08,1008.78
833,74.88,34.58,33.43,47.07,1008.78
834,74.97,34.58,33.41,47.07,1008.78
835,75.06,34.57,33.41,47.07,1008.79
836,75.15,34.57,33.41,47.07,1008.79
837,75.24,34.56,33.39,47.07,1008.79
838,75.33,34.55,33.39,47.09,1008.79
839,75.42,34.55,33.38,47.12,1008.80
840,75.51,34.54,33.38,47.12,1008.80
841,75.60,34.54,33.37,47.12,1008.80
842,75.69,34.52,33.38,47.14,1008.80
843,75.78,34.52,33.37,47.16,1008.80
844,75.87,34.51,33.37,47.17,1008.81
845,75.96,34.50,33.37,47.18,1008.81
846,76.05,34.50,33.36,47.17,1008.81
847,76.14,34.49,33.35,47.18,1008.81
848,76.23,34.47,33.35,47.16,1008.81
849,76.32,34.47,33.34,47.14,1008.81
850,76.41,34.46,33.34,47.14,1008.81
851,76.50,34.46,33.33,47.13,1008.81
852,76.59,34.45,33.33,47.13,1008.81
853,76.68,34.44,33.32,47.14,1008.81
854,76.77,34.43,33.31,47.15,1008.81
855,76.86,34.43,33.29,47.15,1008.81
856,76.95,34.42,33.29,47.15,1008.80
857,77.04,34.40,33.29,47.13,1008.80
858,77.13,34.40,33.27,47.13,1008.80
859,77.22,34.40,33.26,47.13,1008.80
860,77.31,34.39,33.25,47.13,1008.80
861,77.40,34.38,33.24,47.13,1008.80
862,77.49,34.37,33.23,47.12,1008.80
863,77.58,34.36,33.22,47.12,1008.80
864,77.67,34.35,33.22,47.13,1008.80
865,77.76,34.34,33.21,47.14,1008.80
866,77.85,34.33,33.20,47.15,1008.79
867,77.94,34.33,33.19,47.14,1008.79
868,78.03,34.33,33.19,47.16,1008.79
869,78.12,34.31,33.18,47.14,1008.79
870,78.21,34.30,33.17,47.12,1008.79
871,78.30,34.30,33.16,47.13,1008.78
872,78.39,34.29,33.15,47.13,1008.78
873,78.48,34.28,33.13,47.14,1008.78
874,78.57,34.27,33.12,47.14,1008.78
875,78.66,34.26,33.12,47.14,1008.78
876,78.75,34.25,33.13,47.14,1008.78
877,78.84,34.25,33.12,47.15,1008.77
878,78.93,34.24,33.10,47.15,1008.77
879,79.02,34.22,33.08,47.17,1008.76
880,79.11,34.20,33.07,47.18,1008.76
881,79.20,34.19,33.06,47.19,1008.76
882,79.29,34.18,33.05,47.19,1008.76
883,79.38,34.17,33.05,47.19,1008.76
884,79.47,34.16,33.04,47.16,1008.76
885,79.56,34.16,33.03,47.14,1008.76
886,79.65,34.16,33.03,47.13,1008.76
887,79.74,34.15,33.02,47.14,1008.76
888,79.83,34.15,33.02,47.12,1008.76
889,79.92,34.14,33.02,47.12,1008.76
890,80.01,34.14,33.01,47.14,1008.76
891,80.10,34.13,32.99,47.15,1008.76
892,80.19,34.11,32.98,47.16,1008.76
893,80.28,34.10,32.99,47.15,1008.77
894,80.37,34.09,32.99,47.14,1008.77
895,80.46,34.07,32.98,47.13,1008.76
896,80.55,34.07,32.97,47.12,1008.77
897,80.64,34.06,32.96,47.12,1008.77
898,80.73,34.05,32.96,47.11,1008.77
899,80.82,34.05,32.96,47.12,1008.77
900,80.91,34.05,32.96,47.12,1008.78
901,81.00,34.03,32.96,47.13,1008.78
902,81.09,34.03,32.94,47.13,1008.79
903,81.18,34.02,32.93,47.14,1008.79
904,81.27,34.01,32.93,47.14,1008.78
905,81.36,34.00,32.92,47.15,1008.79
906,81.45,34.00,32.92,47.14,1008.79
907,81.54,33.99,32.92,47.14,1008.79
908,81.63,33.99,32.91,47.02,1008.79
909,81.72,33.98,32.90,47.08,1008.80
910,81.81,33.98,32.89,47.12,1008.80
911,81.90,33.97,32.89,47.13,1008.80
912,81.99,33.97,32.89,47.14,1008.81
913,82.08,33.97,32.88,47.15,1008.81
914,82.17,33.96,32.87,47.15,1008.81
915,82.26,33.95,32.87,47.17,1008.81
916,82.35,33.95,32.87,47.16,1008.81
917,82.44,33.93,32.86,47.17,1008.81
918,82.53,33.92,32.87,47.16,1008.81
919,82.62,33.91,32.86,47.16,1008.81
920,82.71,33.91,32.86,47.18,1008.81
921,82.80,33.90,32.86,47.17,1008.81
922,82.89,33.90,32.85,47.16,1008.81
923,82.98,33.89,32.85,47.16,1008.81
924,83.07,33.88,32.85,47.15,1008.81
925,83.16,33.88,32.85,47.16,1008.81
926,83.25,33.88,32.83,47.14,1008.81
927,83.34,33.87,32.83,47.14,1008.81
928,83.43,33.86,32.82,47.14,1008.81
929,83.52,33.86,32.82,47.14,1008.80
930,83.61,33.86,32.81,47.14,1008.80
931,83.70,33.85,32.81,47.13,1008.80
932,83.79,33.85,32.79,47.13,1008.80
933,83.88,33.83,32.78,47.13,1008.81
934,83.97,33.83,32.78,47.12,1008.81
935,84.06,33.83,32.77,47.12,1008.80
936,84.15,33.83,32.76,47.10,1008.80
937,84.24,33.82,32.75,47.10,1008.80
938,84.33,33.82,32.74,47.11,1008.80
939,84.42,33.82,32.73,47.11,1008.80
940,84.51,33.81,32.72,47.12,1008.80
941,84.60,33.80,32.71,47.11,1008.80
942,84.69,33.79,32.70,47.10,1008.80
943,84.78,33.79,32.69,47.11,1008.80
944,84.87,33.78,32.68,47.11,1008.79
945,84.96,33.77,32.67,47.12,1008.79
946,85.05,33.76,32.66,47.10,1008.79
947,85.14,33.76,32.66,47.11,1008.79
948,85.23,33.76,32.65,47.11,1008.79
949,85.32,33.75,32.63,47.12,1008.78
950,85.41,33.74,32.62,47.13,1008.78
951,85.50,33.74,32.61,47.15,1008.78
952,85.59,33.72,32.61,47.14,1008.78
953,85.68,33.72,32.61,47.17,1008.78
954,85.77,33.72,32.59,47.17,1008.78
955,85.86,33.71,32.60,47.18,1008.78
956,85.95,33.70,32.59,47.17,1008.78
957,86.04,33.68,32.59,47.17,1008.78
958,86.13,33.68,32.59,47.19,1008.78
959,86.22,33.67,32.57,47.18,1008.78
960,86.31,33.66,32.57,47.18,1008.78
961,86.40,33.66,32.56,47.18,1008.78
962,86.49,33.65,32.56,47.19,1008.78
963,86.58,33.65,32.55,47.20,1008.78
964,86.67,33.65,32.55,47.20,1008.78
965,86.76,33.64,32.55,47.22,1008.78
966,86.85,33.63,32.55,47.21,1008.79
967,86.94,33.62,32.55,47.19,1008.78
968,87.03,33.61,32.54,47.20,1008.78
969,87.12,33.60,32.53,47.19,1008.78
970,87.21,33.59,32.52,47.18,1008.78
971,87.30,33.59,32.51,47.18,1008.78
972,87.39,33.58,32.50,47.17,1008.78
973,87.48,33.57,32.50,47.15,1008.78
974,87.57,33.56,32.49,47.16,1008.79
975,87.66,33.56,32.49,47.16,1008.79
976,87.75,33.56,32.48,47.13,1008.79
977,87.84,33.55,32.47,47.12,1008.79
978,87.93,33.55,32.47,47.12,1008.79
979,88.02,33.54,32.46,47.14,1008.79
980,88.11,33.54,32.46,47.13,1008.79
981,88.20,33.53,32.45,47.14,1008.78
982,88.29,33.52,32.45,47.15,1008.79
983,88.38,33.51,32.44,47.15,1008.78
984,88.47,33.50,32.43,47.16,1008.79
985,88.56,33.49,32.42,47.16,1008.79
986,88.65,33.49,32.42,47.15,1008.79
987,88.74,33.49,32.42,47.15,1008.79
988,88.83,33.48,32.42,47.15,1008.79
989,88.92,33.46,32.41,47.13,1008.80
990,89.01,33.46,32.41,47.13,1008.79
991,89.10,33.46,32.40,47.14,1008.79
992,89.19,33.45,32.40,47.15,1008.79
993,89.28,33.45,32.39,47.15,1008.79
994,89.37,33.44,32.39,47.15,1008.79
995,89.46,33.44,32.38,47.13,1008.78
996,89.55,33.43,32.30,47.12,1008.79
997,89.64,33.42,32.33,47.13,1008.79
998,89.73,33.41,32.35,47.11,1008.79
999,89.82,33.41,32.34,47.11,1008.79
1000,89.91,33.39,32.33,47.13,1008.79
1001,90.00,33.39,32.32,47.13,1008.79
1002,90.09,33.38,32.33,47.14,1008.79
1003,90.18,33.36,32.33,47.15,1008.79
1004,90.27,33.36,32.32,47.17,1008.80
1005,90.36,33.36,32.31,47.17,1008.80
1006,90.45,33.35,32.31,47.16,1008.80
1007,90.54,33.34,32.30,47.17,1008.80
1008,90.63,33.35,32.29,47.16,1008.80
1009,90.72,33.34,32.28,47.14,1008.80
1010,90.81,33.33,32.28,47.13,1008.80
1011,90.90,33.32,32.28,47.12,1008.80
1012,90.99,33.31,32.27,47.13,1008.80
1013,91.08,33.30,32.27,47.12,1008.80
1014,91.17,33.30,32.27,47.12,1008.80
1015,91.26,33.29,32.27,47.12,1008.80
1016,91.35,33.28,32.26,47.13,1008.81
1017,91.44,33.27,32.24,47.12,1008.80
1018,91.53,33.26,32.24,47.11,1008.80
1019,91.62,33.26,32.25,47.10,1008.80
1020,91.71,33.25,32.24,47.11,1008.80
1021,91.80,33.24,32.22,47.09,1008.80
1022,91.89,33.24,32.21,47.10,1008.80
1023,91.98,33.23,32.20,47.09,1008.80
1024,92.07,33.22,32.20,47.09,1008.80
1025,92.16,33.21,32.19,47.10,1008.80
1026,92.25,33.21,32.18,47.10,1008.80
1027,92.34,33.20,32.16,47.09,1008.80
1028,92.43,33.19,32.15,47.10,1008.80
1029,92.52,33.19,32.15,47.09,1008.79
1030,92.61,33.18,32.14,47.09,1008.79
1031,92.70,33.17,32.14,47.08,1008.79
1032,92.79,33.16,32.13,47.09,1008.79
1033,92.88,33.15,32.13,47.09,1008.79
1034,92.97,33.14,32.12,47.10,1008.79
1035,93.06,33.14,32.12,47.11,1008.79
1036,93.15,33.13,32.13,47.12,1008.79
1037,93.24,33.13,32.12,47.12,1008.79
1038,93.33,33.14,32.12,47.15,1008.79
1039,93.42,33.13,32.11,47.17,1008.79
1040,93.51,33.12,32.10,47.20,1008.79
1041,93.60,33.11,32.09,47.20,1008.79
1042,93.69,33.11,32.10,47.20,1008.79
1043,93.78,33.10,32.09,47.20,1008.79
1044,93.87,33.09,32.09,47.20,1008.79
1045,93.96,33.09,32.08,47.19,1008.79
1046,94.05,33.07,32.08,47.21,1008.79
1047,94.14,33.07,32.06,47.22,1008.79
1048,94.23,33.07,32.06,47.25,1008.79
1049,94.32,33.07,32.05,47.24,1008.79
1050,94.41,33.06,32.05,47.26,1008.79
1051,94.50,33.06,32.05,47.24,1008.79
1052,94.59,33.05,32.04,47.23,1008.79
1053,94.68,33.04,32.04,47.22,1008.79
1054,94.77,33.04,32.04,47.21,1008.79
1055,94.86,33.03,32.04,47.21,1008.79
1056,94.95,33.02,32.03,47.22,1008.79
1057,95.04,33.01,32.03,47.20,1008.78
1058,95.13,33.00,32.03,47.21,1008.78
1059,95.22,33.00,32.02,47.23,1008.78
1060,95.31,32.99,32.00,47.21,1008.78
1061,95.40,32.98,32.00,47.19,1008.78
1062,95.49,32.98,31.99,47.19,1008.78
1063,95.58,32.98,31.98,47.19,1008.78
1064,95.67,32.97,31.98,47.22,1008.79
1065,95.76,32.96,31.98,47.23,1008.79
1066,95.85,32.95,31.98,47.23,1008.79
1067,95.94,32.95,31.97,47.22,1008.79
1068,96.03,32.94,31.97,47.22,1008.79
1069,96.12,32.94,31.96,47.23,1008.79
1070,96.21,32.93,31.94,47.24,1008.79
1071,96.30,32.92,31.93,47.26,1008.80
1072,96.39,32.91,31.93,47.27,1008.79
1073,96.48,32.90,31.92,47.27,1008.79
1074,96.57,32.90,31.91,47.26,1008.79
1075,96.66,32.89,31.90,47.26,1008.79
1076,96.75,32.89,31.89,47.26,1008.80
1077,96.84,32.88,31.89,47.26,1008.80
1078,96.93,32.88,31.88,47.25,1008.79
1079,97.02,32.87,31.88,47.25,1008.79
1080,97.11,32.87,31.88,47.24,1008.80
1081,97.20,32.86,31.88,47.24,1008.80
1082,97.29,32.85,31.87,47.25,1008.80
1083,97.38,32.84,31.86,47.26,1008.80
1084,97.47,32.84,31.85,47.25,1008.80
1085,97.56,32.84,31.85,47.23,1008.80
1086,97.65,32.83,31.84,47.24,1008.80
1087,97.74,32.83,31.84,47.24,1008.80
1088,97.83,32.82,31.83,47.25,1008.80
1089,97.92,32.81,31.83,47.26,1008.80
1090,98.01,32.80,31.82,47.25,1008.80
1091,98.10,32.80,31.82,47.25,1008.79
1092,98.19,32.80,31.81,47.25,1008.80
1093,98.28,32.79,31.80,47.25,1008.80
1094,98.37,32.78,31.79,47.25,1008.79
1095,98.46,32.78,31.79,47.27,1008.80
1096,98.55,32.77,31.77,47.26,1008.80
1097,98.64,32.77,31.77,47.24,1008.80
1098,98.73,32.77,31.76,47.23,1008.80
1099,98.82,32.77,31.75,47.23,1008.80
1100,98.91,32.76,31.74,47.23,1008.80
1101,99.00,32.76,31.74,47.22,1008.80
1102,99.09,32.75,31.74,47.23,1008.80
1103,99.18,32.75,31.75,47.26,1008.80
1104,99.27,32.75,31.74,47.26,1008.80
1105,99.36,32.75,31.74,47.26,1008.80
1106,99.45,32.74,31.73,47.27,1008.79
1107,99.54,32.73,31.73,47.28,1008.79
1108,99.63,32.73,31.73,47.28,1008.79
1109,99.72,32.72,31.73,47.28,1008.79
1110,99.81,32.72,31.72,47.26,1008.79
1111,99.90,32.71,31.72,47.26,1008.79
1112,99.99,32.70,31.70,47.25,1008.79
1113,100.08,32.69,31.70,47.26,1008.79
1114,100.17,32.68,31.69,47.25,1008.79
1115,100.26,32.67,31.68,47.27,1008.79
1116,100.35,32.67,31.68,47.27,1008.79
1117,100.44,32.66,31.69,47.27,1008.78
1118,100.53,32.65,31.68,47.27,1008.78
1119,100.62,32.64,31.67,47.27,1008.78
1120,100.71,32.63,31.67,47.27,1008.77
1121,100.80,32.63,31.67,47.26,1008.77
1122,100.89,32.62,31.67,47.26,1008.77
1123,100.98,32.61,31.66,47.26,1008.78
1124,101.07,32.61,31.67,47.26,1008.78
1125,101.16,32.61,31.67,47.26,1008.78
1126,101.25,32.60,31.66,47.25,1008.78
1127,101.34,32.60,31.66,47.25,1008.78
1128,101.43,32.59,31.66,47.27,1008.77
1129,101.52,32.58,31.66,47.25,1008.77
1130,101.61,32.58,31.66,47.27,1008.77
1131,101.70,32.58,31.65,47.28,1008.77
1132,101.79,32.57,31.64,47.29,1008.78
1133,101.88,32.57,31.64,47.29,1008.78
1134,101.97,32.55,31.64,47.29,1008.78
1135,102.06,32.55,31.62,47.28,1008.78
1136,102.15,32.55,31.62,47.28,1008.78
1137,102.24,32.54,31.61,47.27,1008.79
1138,102.33,32.53,31.61,47.27,1008.78
1139,102.42,32.53,31.60,47.27,1008.78
1140,102.51,32.51,31.59,47.26,1008.78
1141,102.60,32.51,31.58,47.28,1008.78
1142,102.69,32.51,31.58,47.29,1008.78
1143,102.78,32.50,31.58,47.30,1008.78
1144,102.87,32.49,31.57,47.29,1008.78
1145,102.96,32.49,31.56,47.29,1008.78
1146,103.05,32.48,31.56,47.29,1008.78
1147,103.14,32.47,31.55,47.30,1008.78
1148,103.23,32.46,31.54,47.32,1008.78
1149,103.32,32.46,31.53,47.31,1008.77
1150,103.41,32.45,31.53,47.30,1008.77
1151,103.50,32.45,31.52,47.30,1008.77
1152,103.59,32.44,31.51,47.29,1008.77
1153,103.68,32.43,31.50,47.28,1008.77
1154,103.77,32.43,31.51,47.27,1008.77
1155,103.86,32.42,31.50,47.29,1008.77
1156,103.95,32.42,31.49,47.27,1008.77
1157,104.04,32.41,31.49,47.28,1008.77
1158,104.13,32.40,31.48,47.27,1008.77
1159,104.22,32.40,31.48,47.26,1008.77
1160,104.31,32.39,31.47,47.27,1008.77
1161,104.40,32.38,31.46,47.28,1008.78
1162,104.49,32.38,31.44,47.28,1008.78
1163,104.58,32.38,31.43,47.24,1008.78
1164,104.67,32.38,31.42,47.26,1008.78
1165,104.76,32.37,31.42,47.28,1008.78
1166,104.85,32.36,31.42,47.29,1008.78
1167,104.94,32.36,31.42,47.28,1008.78
1168,105.03,32.35,31.41,47.27,1008.78
1169,105.12,32.34,31.42,47.27,1008.78
1170,105.21,32.34,31.41,47.30,1008.78
1171,105.30,32.34,31.40,47.29,1008.78
1172,105.39,32.33,31.39,47.31,1008.78
1173,105.48,32.32,31.39,47.29,1008.78
1174,105.57,32.32,31.39,47.31,1008.78
1175,105.66,32.32,31.39,47.33,1008.78
1176,105.75,32.31,31.38,47.34,1008.78
1177,105.84,32.31,31.37,47.36,1008.78
1178,105.93,32.31,31.37,47.34,1008.78
1179,106.02,32.30,31.36,47.34,1008.79
1180,106.11,32.30,31.35,47.35,1008.79
1181,106.20,32.30,31.35,47.32,1008.79
1182,106.29,32.30,31.35,47.34,1008.78
1183,106.38,32.29,31.35,47.34,1008.78
1184,106.47,32.29,31.36,47.33,1008.78
1185,106.56,32.28,31.36,47.32,1008.78
1186,106.65,32.27,31.35,47.31,1008.78
1187,106.74,32.27,31.34,47.31,1008.78
1188,106.83,32.26,31.34,47.31,1008.78
1189,106.92,32.26,31.34,47.32,1008.78
1190,107.01,32.25,31.33,47.30,1008.78
1191,107.10,32.25,31.33,47.29,1008.78
1192,107.19,32.24,31.33,47.29,1008.78
1193,107.28,32.24,31.32,47.29,1008.78
1194,107.37,32.23,31.31,47.29,1008.78
1195,107.46,32.22,31.30,47.30,1008.79
1196,107.55,32.22,31.30,47.30,1008.78
1197,107.64,32.21,31.30,47.30,1008.78
1198,107.73,32.21,31.29,47.28,1008.79
1199,107.82,32.20,31.29,47.29,1008.79
1200,107.91,32.20,31.28,47.30,1008.79
1201,108.00,32.20,31.28,47.31,1008.79
1202,108.09,32.19,31.28,47.30,1008.79
1203,108.18,32.18,31.28,47.31,1008.79
1204,108.27,32.18,31.28,47.29,1008.80
1205,108.36,32.17,31.28,47.31,1008.80
1206,108.45,32.16,31.27,47.31,1008.80
1207,108.54,32.15,31.27,47.30,1008.80
1208,108.63,32.15,31.27,47.30,1008.80
1209,108.72,32.15,31.25,47.31,1008.80
1210,108.81,32.14,31.25,47.32,1008.80
1211,108.90,32.13,31.24,47.32,1008.80
1212,108.99,32.13,31.23,47.31,1008.80
1213,109.08,32.13,31.23,47.30,1008.80
1214,109.17,32.13,31.23,47.31,1008.80
1215,109.26,32.12,31.21,47.31,1008.80
1216,109.35,32.12,31.19,47.31,1008.80
1217,109.44,32.11,31.19,47.33,1008.80
1218,109.53,32.10,31.18,47.32,1008.80
1219,109.62,32.09,31.17,47.32,1008.80
1220,109.71,32.08,31.16,47.31,1008.80
1221,109.80,32.08,31.15,47.29,1008.80
1222,109.89,32.08,31.15,47.32,1008.80
1223,109.98,32.07,31.14,47.32,1008.80
1224,110.07,32.07,31.14,47.31,1008.80
1225,110.16,32.06,31.14,47.32,1008.80
1226,110.25,32.05,31.14,47.32,1008.80
1227,110.34,32.05,31.14,47.30,1008.80
1228,110.43,32.04,31.13,47.31,1008.80
1229,110.52,32.04,31.12,47.34,1008.80
1230,110.61,32.03,31.11,47.33,1008.80
1231,110.70,32.03,31.10,47.34,1008.80
1232,110.79,32.01,31.10,47.35,1008.80
1233,110.88,32.01,31.10,47.35,1008.79
1234,110.97,32.00,31.10,47.36,1008.79
1235,111.06,32.00,31.09,47.38,1008.80
1236,111.15,32.00,31.09,47.38,1008.80
1237,111.24,31.98,31.08,47.38,1008.80
1238,111.33,31.98,31.08,47.38,1008.80
1239,111.42,31.98,31.07,47.38,1008.80
1240,111.51,31.96,31.07,47.37,1008.80
1241,111.60,31.96,31.05,47.39,1008.80
1242,111.69,31.96,31.05,47.37,1008.80
1243,111.78,31.95,31.05,47.35,1008.81
1244,111.87,31.94,31.05,47.34,1008.80
1245,111.96,31.93,31.05,47.34,1008.81
1246,112.05,31.92,31.05,47.36,1008.80
1247,112.14,31.92,31.05,47.34,1008.80
1248,112.23,31.92,31.04,47.36,1008.79
1249,112.32,31.91,31.03,47.36,1008.79
1250,112.41,31.91,31.02,47.37,1008.79
1251,112.50,31.90,31.02,47.38,1008.79
1252,112.59,31.90,31.02,47.39,1008.79
1253,112.68,31.90,31.02,47.38,1008.79
1254,112.77,31.89,31.02,47.37,1008.79
1255,112.86,31.88,31.01,47.37,1008.78
1256,112.95,31.95,31.01,47.38,1008.78
1257,113.04,31.90,31.01,47.40,1008.78
1258,113.13,31.86,31.01,47.41,1008.78
1259,113.22,31.86,31.01,47.40,1008.78
1260,113.31,31.85,31.01,47.39,1008.78
1261,113.40,31.85,31.00,47.39,1008.78
1262,113.49,31.84,31.00,47.37,1008.78
1263,113.58,31.84,31.00,47.36,1008.78
1264,113.67,31.83,30.99,47.36,1008.78
1265,113.76,31.82,30.98,47.36,1008.78
1266,113.85,31.81,30.99,47.36,1008.78
1267,113.94,31.81,30.98,47.36,1008.78
1268,114.03,31.80,30.98,47.39,1008.79
1269,114.12,31.79,30.98,47.40,1008.79
1270,114.21,31.79,30.97,47.41,1008.79
1271,114.30,31.78,30.95,47.43,1008.79
1272,114.39,31.77,30.95,47.42,1008.79
1273,114.48,31.77,30.94,47.43,1008.79
1274,114.57,31.77,30.94,47.42,1008.80
1275,114.66,31.76,30.94,47.42,1008.80
1276,114.75,31.75,30.94,47.40,1008.80
1277,114.84,31.74,30.93,47.38,1008.81
1278,114.93,31.74,30.93,47.38,1008.81
1279,115.02,31.75,30.92,47.37,1008.81
1280,115.11,31.74,30.92,47.38,1008.81
1281,115.20,31.74,30.92,47.40,1008.81
1282,115.29,31.73,30.91,47.42,1008.81
1283,115.38,31.73,30.90,47.41,1008.81
1284,115.47,31.72,30.89,47.41,1008.81
1285,115.56,31.73,30.88,47.41,1008.81
1286,115.65,31.73,30.88,47.41,1008.80
1287,115.74,31.72,30.87,47.42,1008.80
1288,115.83,31.71,30.87,47.44,1008.80
1289,115.92,31.71,30.86,47.44,1008.80
1290,116.01,31.71,30.86,47.44,1008.79
1291,116.10,31.71,30.84,47.45,1008.80
1292,116.19,31.70,30.83,47.45,1008.80
1293,116.28,31.70,30.83,47.42,1008.80
1294,116.37,31.69,30.82,47.43,1008.80
1295,116.46,31.69,30.81,47.43,1008.80
1296,116.55,31.68,30.80,47.43,1008.80
1297,116.64,31.67,30.80,47.42,1008.80
1298,116.73,31.67,30.80,47.44,1008.80
1299,116.82,31.67,30.80,47.44,1008.79
1300,116.91,31.67,30.79,47.44,1008.79
1301,117.00,31.66,30.78,47.46,1008.79
1302,117.09,31.65,30.77,47.48,1008.78
1303,117.18,31.65,30.77,47.47,1008.78
1304,117.27,31.65,30.76,47.45,1008.78
1305,117.36,31.64,30.75,47.43,1008.78
1306,117.45,31.65,30.73,47.42,1008.78
1307,117.54,31.64,30.73,47.42,1008.78
1308,117.63,31.64,30.73,47.42,1008.77
1309,117.72,31.63,30.73,47.43,1008.78
1310,117.81,31.62,30.72,47.44,1008.77
1311,117.90,31.62,30.71,47.42,1008.77
1312,117.99,31.61,30.71,47.42,1008.78
1313,118.08,31.60,30.71,47.44,1008.78
1314,118.17,31.60,30.71,47.44,1008.78
1315,118.26,31.61,30.71,47.44,1008.78
1316,118.35,31.60,30.70,47.42,1008.77
1317,118.44,31.59,30.70,47.44,1008.77
1318,118.53,31.58,30.70,47.45,1008.77
1319,118.62,31.59,30.70,47.45,1008.77
1320,118.71,31.59,30.70,47.45,1008.77
1321,118.80,31.58,30.70,47.44,1008.77
1322,118.89,31.56,30.69,47.43,1008.77
1323,118.98,31.56,30.69,47.42,1008.77
1324,119.07,31.56,30.68,47.42,1008.77
1325,119.16,31.56,30.68,47.43,1008.77
1326,119.25,31.55,30.69,47.43,1008.77
1327,119.34,31.55,30.69,47.43,1008.77
1328,119.43,31.55,30.68,47.44,1008.77
1329,119.52,31.54,30.68,47.45,1008.77
1330,119.61,31.53,30.67,47.45,1008.77
1331,119.70,31.52,30.67,47.45,1008.77
1332,119.79,31.52,30.67,47.45,1008.78
1333,119.88,31.52,30.67,47.47,1008.78
1334,119.97,31.51,30.67,47.47,1008.78
1335,120.06,31.51,30.66,47.46,1008.78
1336,120.15,31.50,30.67,47.46,1008.78
1337,120.24,31.49,30.66,47.45,1008.78
1338,120.33,31.49,30.66,47.45,1008.78
1339,120.42,31.48,30.66,47.43,1008.78
1340,120.51,31.48,30.66,47.41,1008.79
1341,120.60,31.47,30.66,47.40,1008.79
1342,120.69,31.47,30.65,47.42,1008.79
1343,120.78,31.46,30.65,47.42,1008.79
1344,120.87,31.44,30.65,47.43,1008.80
1345,120.96,31.44,30.65,47.42,1008.80
1346,121.05,31.43,30.64,47.42,1008.80
1347,121.14,31.43,30.64,47.42,1008.79
1348,121.23,31.44,30.64,47.43,1008.79
1349,121.32,31.43,30.63,47.43,1008.80
1350,121.41,31.43,30.62,47.43,1008.79
1351,121.50,31.42,30.62,47.44,1008.80
1352,121.59,31.41,30.62,47.44,1008.79
1353,121.68,31.41,30.61,47.45,1008.80
1354,121.77,31.40,30.61,47.45,1008.79
1355,121.86,31.39,30.60,47.46,1008.79
1356,121.95,31.39,30.60,47.47,1008.79
1357,122.04,31.38,30.59,47.46,1008.79
1358,122.13,31.37,30.59,47.47,1008.79
1359,122.22,31.37,30.58,47.47,1008.79
1360,122.31,31.36,30.56,47.49,1008.79
1361,122.40,31.36,30.56,47.51,1008.79
1362,122.49,31.35,30.54,47.49,1008.79
1363,122.58,31.35,30.54,47.49,1008.80
1364,122.67,31.34,30.53,47.49,1008.80
1365,122.76,31.34,30.53,47.49,1008.79
1366,122.85,31.33,30.53,47.48,1008.79
1367,122.94,31.33,30.53,47.52,1008.79
1368,123.03,31.33,30.52,47.50,1008.78
1369,123.12,31.32,30.52,47.50,1008.78
1370,123.21,31.32,30.51,47.49,1008.78
1371,123.30,31.31,30.50,47.50,1008.78
1372,123.39,31.31,30.50,47.50,1008.79
1373,123.48,31.30,30.50,47.49,1008.79
1374,123.57,31.31,30.50,47.49,1008.79
1375,123.66,31.31,30.48,47.48,1008.79
1376,123.75,31.30,30.48,47.45,1008.79
1377,123.84,31.31,30.48,47.47,1008.79
1378,123.93,31.30,30.47,47.46,1008.79
1379,124.02,31.30,30.46,47.46,1008.79
1380,124.11,31.29,30.46,47.48,1008.79
1381,124.20,31.28,30.44,47.47,1008.79
1382,124.29,31.28,30.44,47.49,1008.79
1383,124.38,31.27,30.44,47.49,1008.78
1384,124.47,31.26,30.42,47.48,1008.79
1385,124.56,31.26,30.42,47.48,1008.79
1386,124.65,31.26,30.41,47.49,1008.79
1387,124.74,31.25,30.41,47.49,1008.79
1388,124.83,31.25,30.41,47.52,1008.79
1389,124.92,31.24,30.40,47.51,1008.78
1390,125.01,31.24,30.41,47.49,1008.79
1391,125.10,31.23,30.41,47.49,1008.79
1392,125.19,31.22,30.41,47.48,1008.79
1393,125.28,31.21,30.40,47.48,1008.79
1394,125.37,31.21,30.40,47.48,1008.79
1395,125.46,31.20,30.40,47.49,1008.79
1396,125.55,31.20,30.39,47.50,1008.78
1397,125.64,31.19,30.39,47.50,1008.78
1398,125.73,31.19,30.39,47.51,1008.78
1399,125.82,31.18,30.38,47.51,1008.78
1400,125.91,31.18,30.38,47.50,1008.77
1401,126.00,31.18,30.38,47.50,1008.78
1402,126.09,31.17,30.38,47.51,1008.78
1403,126.18,31.17,30.38,47.51,1008.78
1404,126.27,31.17,30.37,47.50,1008.78
1405,126.36,31.17,30.37,47.49,1008.78
1406,126.45,31.17,30.36,47.50,1008.78
1407,126.54,31.15,30.36,47.51,1008.79
1408,126.63,31.15,30.36,47.50,1008.79
1409,126.72,31.14,30.36,47.51,1008.79
1410,126.81,31.15,30.37,47.51,1008.79
1411,126.90,31.14,30.35,47.53,1008.79
1412,126.99,31.13,30.36,47.54,1008.79
1413,127.08,31.13,30.35,47.54,1008.78
1414,127.17,31.12,30.36,47.54,1008.79
1415,127.26,31.12,30.36,47.53,1008.79
1416,127.35,31.11,30.35,47.55,1008.78
1417,127.44,31.11,30.35,47.55,1008.79
1418,127.53,31.10,30.35,47.55,1008.78
1419,127.62,31.10,30.35,47.53,1008.79
1420,127.71,31.09,30.34,47.53,1008.78
1421,127.80,31.09,30.34,47.54,1008.78
1422,127.89,31.09,30.34,47.53,1008.79
1423,127.98,31.09,30.33,47.52,1008.79
1424,128.07,31.08,30.33,47.53,1008.79
1425,128.16,31.07,30.32,47.52,1008.79
1426,128.25,31.07,30.32,47.53,1008.79
1427,128.34,31.07,30.30,47.54,1008.79
1428,128.43,31.07,30.31,47.54,1008.79
1429,128.52,31.06,30.29,47.54,1008.80
1430,128.61,31.06,30.28,47.55,1008.79
1431,128.70,31.05,30.27,47.55,1008.80
1432,128.79,31.05,30.27,47.56,1008.79
1433,128.88,31.05,30.27,47.54,1008.80
1434,128.97,31.04,30.27,47.55,1008.80
1435,129.06,31.03,30.27,47.56,1008.80
1436,129.15,31.04,30.26,47.55,1008.80
1437,129.24,31.02,30.26,47.54,1008.80
1438,129.33,31.02,30.26,47.53,1008.80
1439,129.42,31.02,30.26,47.52,1008.80
1440,129.51,31.01,30.26,47.52,1008.81
1441,129.60,31.00,30.26,47.53,1008.81
1442,129.69,31.00,30.25,47.54,1008.81
1443,129.78,31.00,30.25,47.54,1008.80
1444,129.87,30.99,30.24,47.54,1008.81
1445,129.96,30.99,30.23,47.55,1008.81
1446,130.05,30.99,30.23,47.55,1008.80
1447,130.14,30.98,30.23,47.55,1008.81
1448,130.23,30.98,30.22,47.52,1008.81
1449,130.32,30.98,30.22,47.50,1008.81
1450,130.41,30.97,30.21,47.51,1008.81
1451,130.50,30.97,30.20,47.51,1008.81
1452,130.59,30.96,30.20,47.50,1008.81
1453,130.68,30.96,30.20,47.52,1008.81
1454,130.77,30.97,30.20,47.51,1008.81
1455,130.86,30.96,30.20,47.50,1008.81
1456,130.95,30.96,30.20,47.46,1008.81
1457,131.04,30.95,30.19,47.44,1008.82
1458,131.13,30.95,30.20,47.46,1008.82
1459,131.22,30.94,30.19,47.45,1008.82
1460,131.31,30.95,30.18,47.44,1008.81
1461,131.40,30.95,30.17,47.44,1008.81
1462,131.49,30.94,30.17,47.43,1008.82
1463,131.58,30.95,30.17,47.42,1008.82
1464,131.67,30.94,30.16,47.42,1008.82
1465,131.76,30.94,30.15,47.42,1008.82
1466,131.85,30.93,30.14,47.42,1008.81
1467,131.94,30.93,30.13,47.43,1008.81
1468,132.03,30.93,30.13,47.44,1008.81
1469,132.12,30.92,30.12,47.45,1008.81
1470,132.21,30.91,30.12,47.45,1008.81
1471,132.30,30.91,30.12,47.45,1008.81
1472,132.39,30.90,30.11,47.46,1008.80
1473,132.48,30.89,30.10,47.46,1008.80
1474,132.57,30.89,30.10,47.45,1008.80
1475,132.66,30.88,30.09,47.43,1008.80
1476,132.75,30.88,30.09,47.45,1008.80
1477,132.84,30.88,30.09,47.43,1008.80
1478,132.93,30.86,30.08,47.44,1008.80
1479,133.02,30.86,30.07,47.43,1008.80
1480,133.11,30.85,30.07,47.44,1008.79
1481,133.20,30.85,30.07,47.43,1008.79
1482,133.29,30.85,30.07,47.41,1008.79
1483,133.38,30.85,30.07,47.43,1008.79
1484,133.47,30.84,30.07,47.44,1008.79
1485,133.56,30.84,30.07,47.44,1008.79
1486,133.65,30.83,30.07,47.45,1008.79
1487,133.74,30.82,30.07,47.43,1008.78
1488,133.83,30.82,30.06,47.41,1008.78
1489,133.92,30.81,30.07,47.41,1008.78
1490,134.01,30.81,30.06,47.45,1008.78
1491,134.10,30.81,30.06,47.46,1008.78
1492,134.19,30.80,30.05,47.45,1008.77
1493,134.28,30.79,30.04,47.46,1008.77
1494,134.37,30.78,30.04,47.46,1008.77
1495,134.46,30.78,30.04,47.45,1008.78
1496,134.55,30.78,30.04,47.46,1008.78
1497,134.64,30.77,30.03,47.45,1008.78
1498,134.73,30.77,30.02,47.44,1008.78
1499,134.82,30.76,30.03,47.44,1008.77
1500,134.91,30.76,30.02,47.44,1008.78
1501,135.00,30.75,30.02,47.44,1008.78
1502,135.09,30.74,30.02,47.46,1008.78
1503,135.18,30.73,30.01,47.45,1008.78
1504,135.27,30.73,30.00,47.44,1008.78
1505,135.36,30.72,30.00,47.45,1008.78
1506,135.45,30.71,30.01,47.44,1008.78
1507,135.54,30.72,30.00,47.45,1008.78
1508,135.63,30.71,30.00,47.46,1008.78
1509,135.72,30.70,30.00,47.46,1008.79
1510,135.81,30.69,29.99,47.46,1008.79
1511,135.90,30.68,29.99,47.44,1008.80
1512,135.99,30.68,29.98,47.45,1008.80
1513,136.08,30.67,29.99,47.46,1008.80
1514,136.17,30.67,29.99,47.45,1008.80
1515,136.26,30.67,29.98,47.44,1008.80
1516,136.35,30.66,29.97,47.44,1008.80
1517,136.44,30.66,29.97,47.44,1008.80
1518,136.53,30.65,29.97,47.43,1008.80
1519,136.62,30.64,29.98,47.40,1008.81
1520,136.71,30.63,29.98,47.41,1008.81
1521,136.80,30.62,29.98,47.40,1008.81
1522,136.89,30.61,29.98,47.41,1008.81
1523,136.98,30.61,29.98,47.42,1008.81
1524,137.07,30.60,29.98,47.42,1008.81
1525,137.16,30.59,29.97,47.42,1008.81
1526,137.25,30.59,29.97,47.43,1008.81
1527,137.34,30.60,29.97,47.44,1008.81
1528,137.43,30.60,29.96,47.43,1008.81
1529,137.52,30.61,29.96,47.44,1008.81
1530,137.61,30.61,29.96,47.43,1008.81
1531,137.70,30.62,29.95,47.45,1008.81
1532,137.79,30.62,29.94,47.44,1008.80
1533,137.88,30.62,29.94,47.44,1008.81
1534,137.97,30.62,29.94,47.42,1008.81
1535,138.06,30.63,29.93,47.42,1008.81
1536,138.15,30.62,29.92,47.43,1008.81
1537,138.24,30.62,29.93,47.43,1008.81
1538,138.33,30.61,29.91,47.44,1008.81
1539,138.42,30.61,29.91,47.45,1008.81
1540,138.51,30.61,29.90,47.45,1008.81
1541,138.60,30.61,29.90,47.47,1008.80
1542,138.69,30.61,29.90,47.43,1008.80
1543,138.78,30.60,29.90,47.44,1008.80
1544,138.87,30.60,29.90,47.44,1008.80
1545,138.96,30.60,29.88,47.45,1008.80
1546,139.05,30.60,29.87,47.44,1008.79
1547,139.14,30.60,29.87,47.43,1008.78
1548,139.23,30.59,29.86,47.42,1008.79
1549,139.32,30.59,29.86,47.40,1008.78
1550,139.41,30.59,29.85,47.40,1008.78
1551,139.50,30.59,29.84,47.40,1008.77
1552,139.59,30.59,29.85,47.40,1008.78
1553,139.68,30.59,29.84,47.39,1008.77
1554,139.77,30.59,29.84,47.40,1008.77
1555,139.86,30.58,29.83,47.38,1008.76
1556,139.95,30.58,29.84,47.38,1008.76
1557,140.04,30.58,29.83,47.39,1008.76
1558,140.13,30.58,29.84,47.39,1008.75
1559,140.22,30.57,29.83,47.37,1008.75
1560,140.31,30.57,29.82,47.38,1008.75
1561,140.40,30.57,29.82,47.37,1008.75
1562,140.49,30.57,29.82,47.37,1008.75
1563,140.58,30.56,29.82,47.35,1008.75
1564,140.67,30.55,29.82,47.36,1008.75
1565,140.76,30.56,29.81,47.37,1008.75
1566,140.85,30.55,29.81,47.36,1008.75
1567,140.94,30.55,29.80,47.37,1008.75
1568,141.03,30.55,29.81,47.36,1008.75
1569,141.12,30.54,29.80,47.36,1008.74
1570,141.21,30.54,29.79,47.34,1008.74
1571,141.30,30.53,29.80,47.34,1008.75
1572,141.39,30.53,29.79,47.35,1008.75
1573,141.48,30.53,29.79,47.35,1008.75
1574,141.57,30.53,29.78,47.34,1008.76
1575,141.66,30.53,29.79,47.34,1008.76
1576,141.75,30.52,29.78,47.32,1008.76
1577,141.84,30.51,29.79,47.33,1008.76
1578,141.93,30.51,29.80,47.34,1008.76
1579,142.02,30.51,29.79,47.36,1008.76
1580,142.11,30.50,29.80,47.34,1008.76
1581,142.20,30.50,29.79,47.33,1008.76
1582,142.29,30.50,29.79,47.33,1008.77
1583,142.38,30.49,29.78,47.32,1008.77
1584,142.47,30.48,29.77,47.34,1008.77
1585,142.56,30.47,29.77,47.34,1008.77
1586,142.65,30.47,29.77,47.35,1008.77
1587,142.74,30.47,29.77,47.35,1008.78
1588,142.83,30.47,29.76,47.36,1008.78
1589,142.92,30.47,29.77,47.34,1008.78
1590,143.01,30.46,29.76,47.35,1008.78
1591,143.10,30.46,29.75,47.36,1008.78
1592,143.19,30.45,29.76,47.37,1008.78
1593,143.28,30.45,29.75,47.37,1008.78
1594,143.37,30.45,29.74,47.38,1008.79
1595,143.46,30.44,29.75,47.39,1008.78
1596,143.55,30.43,29.74,47.39,1008.78
1597,143.64,30.43,29.74,47.39,1008.79
1598,143.73,30.42,29.73,47.39,1008.79
1599,143.82,30.41,29.74,47.38,1008.79
1600,143.91,30.41,29.73,47.39,1008.79
1601,144.00,30.40,29.72,47.39,1008.79
1602,144.09,30.40,29.72,47.39,1008.79
1603,144.18,30.40,29.71,47.39,1008.79
1604,144.27,30.39,29.70,47.40,1008.79
1605,144.36,30.39,29.70,47.38,1008.79
1606,144.45,30.39,29.69,47.37,1008.79
1607,144.54,30.39,29.68,47.35,1008.79
1608,144.63,30.38,29.68,47.36,1008.79
1609,144.72,30.38,29.69,47.37,1008.78
1610,144.81,30.38,29.68,47.39,1008.78
1611,144.90,30.38,29.69,47.40,1008.77
1612,144.99,30.38,29.67,47.39,1008.78
1613,145.08,30.37,29.67,47.40,1008.78
1614,145.17,30.37,29.66,47.40,1008.78
1615,145.26,30.37,29.65,47.40,1008.78
1616,145.35,30.36,29.65,47.37,1008.78
1617,145.44,30.35,29.66,47.36,1008.78
1618,145.53,30.35,29.65,47.37,1008.78
1619,145.62,30.34,29.65,47.40,1008.77
1620,145.71,30.34,29.64,47.40,1008.77
1621,145.80,30.34,29.63,47.41,1008.77
1622,145.89,30.34,29.63,47.41,1008.77
1623,145.98,30.33,29.62,47.39,1008.77
1624,146.07,30.34,29.61,47.38,1008.78
1625,146.16,30.34,29.60,47.38,1008.78
1626,146.25,30.34,29.59,47.38,1008.77
1627,146.34,30.34,29.59,47.38,1008.77
1628,146.43,30.34,29.59,47.38,1008.77
1629,146.52,30.33,29.58,47.39,1008.77
1630,146.61,30.33,29.58,47.38,1008.77
1631,146.70,30.33,29.58,47.37,1008.77
1632,146.79,30.33,29.57,47.36,1008.77
1633,146.88,30.32,29.57,47.36,1008.77
1634,146.97,30.32,29.56,47.36,1008.77
1635,147.06,30.32,29.56,47.37,1008.77
1636,147.15,30.32,29.56,47.38,1008.77
1637,147.24,30.32,29.57,47.36,1008.77
1638,147.33,30.32,29.57,47.36,1008.77
1639,147.42,30.32,29.57,47.36,1008.77
1640,147.51,30.33,29.58,47.36,1008.77
1641,147.60,30.33,29.58,47.37,1008.77
1642,147.69,30.34,29.57,47.37,1008.77
1643,147.78,30.33,29.57,47.38,1008.77
1644,147.87,30.32,29.56,47.39,1008.77
1645,147.96,30.32,29.55,47.39,1008.77
1646,148.05,30.32,29.56,47.39,1008.77
1647,148.14,30.31,29.55,47.38,1008.77
1648,148.23,30.31,29.55,47.37,1008.77
1649,148.32,30.31,29.54,47.38,1008.78
1650,148.41,30.30,29.54,47.39,1008.78
1651,148.50,30.30,29.54,47.41,1008.77
1652,148.59,30.29,29.55,47.42,1008.78
1653,148.68,30.29,29.54,47.43,1008.78
1654,148.77,30.28,29.55,47.43,1008.77
1655,148.86,30.28,29.54,47.42,1008.78
1656,148.95,30.28,29.54,47.43,1008.78
1657,149.04,30.27,29.54,47.43,1008.78
1658,149.13,30.27,29.54,47.43,1008.78
1659,149.22,30.26,29.53,47.41,1008.78
1660,149.31,30.26,29.53,47.42,1008.78
1661,149.40,30.25,29.53,47.40,1008.78
1662,149.49,30.25,29.54,47.38,1008.79
1663,149.58,30.24,29.53,47.38,1008.79
1664,149.67,30.24,29.53,47.37,1008.79
1665,149.76,30.22,29.53,47.35,1008.79
1666,149.85,30.22,29.53,47.36,1008.79
1667,149.94,30.21,29.54,47.36,1008.79
1668,150.03,30.21,29.60,47.34,1008.79
1669,150.12,30.20,29.55,47.34,1008.79
1670,150.21,30.20,29.53,47.32,1008.79
1671,150.30,30.19,29.50,47.31,1008.79
1672,150.39,30.19,29.50,47.29,1008.79
1673,150.48,30.19,29.50,47.30,1008.79
1674,150.57,30.19,29.49,47.29,1008.79
1675,150.66,30.18,29.48,47.28,1008.80
1676,150.75,30.18,29.47,47.29,1008.80
1677,150.84,30.17,29.47,47.28,1008.80
1678,150.93,30.16,29.46,47.29,1008.80
1679,151.02,30.15,29.46,47.29,1008.80
1680,151.11,30.15,29.45,47.29,1008.79
1681,151.20,30.14,29.44,47.27,1008.79
1682,151.29,30.14,29.44,47.26,1008.80
1683,151.38,30.14,29.44,47.25,1008.79
1684,151.47,30.14,29.44,47.23,1008.79
1685,151.56,30.14,29.44,47.23,1008.80
1686,151.65,30.12,29.44,47.24,1008.80
1687,151.74,30.13,29.45,47.22,1008.80
1688,151.83,30.13,29.44,47.20,1008.80
1689,151.92,30.12,29.44,47.18,1008.80
1690,152.01,30.12,29.43,47.18,1008.80
1691,152.10,30.11,29.43,47.16,1008.80
1692,152.19,30.11,29.43,47.14,1008.81
1693,152.28,30.10,29.42,47.14,1008.81
1694,152.37,30.10,29.43,47.16,1008.81
1695,152.46,30.10,29.42,47.15,1008.81
1696,152.55,30.10,29.41,47.14,1008.81
1697,152.64,30.10,29.41,47.13,1008.82
1698,152.73,30.09,29.42,47.12,1008.81
1699,152.82,30.09,29.42,47.13,1008.81
1700,152.91,30.09,29.42,47.12,1008.81
1701,153.00,30.08,29.42,47.12,1008.81
1702,153.09,30.08,29.42,47.11,1008.81
1703,153.18,30.07,29.41,47.11,1008.81
1704,153.27,30.07,29.41,47.11,1008.81
1705,153.36,30.07,29.41,47.10,1008.81
1706,153.45,30.07,29.41,47.08,1008.81
1707,153.54,30.07,29.41,47.10,1008.82
1708,153.63,30.07,29.41,47.10,1008.81
1709,153.72,30.06,29.41,47.12,1008.81
1710,153.81,30.05,29.40,47.12,1008.82
1711,153.90,30.04,29.40,47.13,1008.82
1712,153.99,30.03,29.40,47.14,1008.82
1713,154.08,30.03,29.40,47.12,1008.82
1714,154.17,30.02,29.40,47.14,1008.82
1715,154.26,30.02,29.39,47.16,1008.82
1716,154.35,30.02,29.40,47.16,1008.82
1717,154.44,30.02,29.39,47.16,1008.82
1718,154.53,30.02,29.39,47.15,1008.82
1719,154.62,30.02,29.39,47.15,1008.81
1720,154.71,30.01,29.39,47.14,1008.81
1721,154.80,30.01,29.39,47.12,1008.81
1722,154.89,30.01,29.38,47.12,1008.81
1723,154.98,30.00,29.38,47.13,1008.81
1724,155.07,30.00,29.38,47.13,1008.80
1725,155.16,30.00,29.37,47.15,1008.80
1726,155.25,30.00,29.38,47.16,1008.80
1727,155.34,30.00,29.37,47.14,1008.79
1728,155.43,30.00,29.37,47.13,1008.80
1729,155.52,29.99,29.37,47.15,1008.79
1730,155.61,29.98,29.37,47.15,1008.80
1731,155.70,29.97,29.37,47.17,1008.79
1732,155.79,29.97,29.37,47.19,1008.80
1733,155.88,29.97,29.36,47.19,1008.80
1734,155.97,29.98,29.36,47.19,1008.80
1735,156.06,29.97,29.36,47.18,1008.80
1736,156.15,29.97,29.35,47.18,1008.80
1737,156.24,29.98,29.34,47.20,1008.80
1738,156.33,29.97,29.33,47.22,1008.80
1739,156.42,29.96,29.33,47.21,1008.80
1740,156.51,29.96,29.33,47.19,1008.80
1741,156.60,29.96,29.33,47.16,1008.80
1742,156.69,29.96,29.32,47.19,1008.79
1743,156.78,29.96,29.32,47.19,1008.79
1744,156.87,29.95,29.31,47.17,1008.79
1745,156.96,29.95,29.31,47.17,1008.79
1746,157.05,29.95,29.31,47.18,1008.79
1747,157.14,29.96,29.31,47.16,1008.79
1748,157.23,29.95,29.30,47.13,1008.79
1749,157.32,29.90,29.31,47.14,1008.79
1750,157.41,29.94,29.31,47.14,1008.79
1751,157.50,29.93,29.31,47.13,1008.80
1752,157.59,29.93,29.31,47.12,1008.80
1753,157.68,29.93,29.31,47.12,1008.79
1754,157.77,29.93,29.30,47.12,1008.80
1755,157.86,29.92,29.30,47.11,1008.80
1756,157.95,29.92,29.29,47.10,1008.80
1757,158.04,29.92,29.29,47.08,1008.80
1758,158.13,29.91,29.29,47.08,1008.80
1759,158.22,29.91,29.29,47.08,1008.80
1760,158.31,29.91,29.30,47.10,1008.80
1761,158.40,29.90,29.29,47.09,1008.80
1762,158.49,29.90,29.28,47.08,1008.80
1763,158.58,29.90,29.29,47.07,1008.80
1764,158.67,29.89,29.28,47.09,1008.80
1765,158.76,29.88,29.28,47.10,1008.80
1766,158.85,29.88,29.27,47.09,1008.81
1767,158.94,29.87,29.27,47.08,1008.81
1768,159.03,29.87,29.27,47.10,1008.81
1769,159.12,29.86,29.26,47.09,1008.81
1770,159.21,29.87,29.26,47.08,1008.81
1771,159.30,29.86,29.25,47.07,1008.82
1772,159.39,29.86,29.25,47.05,1008.82
1773,159.48,29.86,29.25,47.06,1008.81
1774,159.57,29.85,29.25,47.07,1008.81
1775,159.66,29.85,29.23,47.10,1008.81
1776,159.75,29.85,29.23,47.10,1008.81
1777,159.84,29.85,29.22,47.14,1008.81
1778,159.93,29.85,29.22,47.15,1008.81
1779,160.02,29.85,29.22,47.16,1008.80
1780,160.11,29.84,29.21,47.13,1008.80
1781,160.20,29.83,29.21,47.14,1008.81
1782,160.29,29.83,29.21,47.14,1008.80
1783,160.38,29.82,29.21,47.15,1008.80
1784,160.47,29.82,29.21,47.14,1008.80
1785,160.56,29.82,29.21,47.14,1008.80
1786,160.65,29.82,29.21,47.15,1008.80
1787,160.74,29.81,29.20,47.14,1008.80
1788,160.83,29.81,29.21,47.15,1008.79
1789,160.92,29.80,29.20,47.15,1008.80
1790,161.01,29.80,29.20,47.16,1008.79
1791,161.10,29.80,29.19,47.16,1008.79
1792,161.19,29.79,29.19,47.19,1008.79
1793,161.28,29.79,29.19,47.19,1008.79
1794,161.37,29.78,29.19,47.17,1008.79
1795,161.46,29.79,29.19,47.17,1008.79
1796,161.55,29.78,29.19,47.15,1008.79
1797,161.64,29.78,29.19,47.15,1008.78
1798,161.73,29.77,29.19,47.15,1008.78
1799,161.82,29.77,29.19,47.14,1008.78
1800,161.91,29.77,29.19,47.13,1008.78
1801,162.00,29.77,29.19,47.14,1008.78
1802,162.09,29.77,29.18,47.15,1008.78
1803,162.18,29.77,29.17,47.13,1008.78
1804,162.27,29.76,29.16,47.13,1008.78
1805,162.36,29.75,29.16,47.12,1008.79
1806,162.45,29.75,29.15,47.11,1008.78
1807,162.54,29.75,29.15,47.10,1008.78
1808,162.63,29.74,29.14,47.11,1008.78
1809,162.72,29.74,29.13,47.08,1008.78
1810,162.81,29.74,29.13,47.08,1008.78
1811,162.90,29.74,29.13,47.09,1008.78
1812,162.99,29.74,29.12,47.10,1008.78
1813,163.08,29.74,29.12,47.09,1008.78
1814,163.17,29.74,29.11,47.09,1008.78
1815,163.26,29.73,29.11,47.08,1008.78
1816,163.35,29.73,29.11,47.09,1008.78
1817,163.44,29.74,29.10,47.08,1008.77
1818,163.53,29.74,29.10,47.07,1008.78
1819,163.62,29.74,29.09,47.07,1008.78
1820,163.71,29.74,29.09,47.07,1008.78
1821,163.80,29.74,29.08,47.08,1008.78
1822,163.89,29.74,29.08,47.09,1008.77
1823,163.98,29.74,29.08,47.12,1008.78
1824,164.07,29.73,29.07,47.12,1008.78
1825,164.16,29.73,29.07,47.13,1008.78
1826,164.25,29.72,29.06,47.13,1008.78
1827,164.34,29.72,29.07,47.13,1008.78
1828,164.43,29.72,29.08,47.11,1008.78
1829,164.52,29.72,29.08,47.12,1008.78
1830,164.61,29.71,29.08,47.11,1008.78
1831,164.70,29.71,29.07,47.11,1008.78
1832,164.79,29.70,29.06,47.11,1008.78
1833,164.88,29.70,29.06,47.11,1008.78
1834,164.97,29.70,29.07,47.12,1008.78
1835,165.06,29.69,29.07,47.12,1008.78
1836,165.15,29.70,29.07,47.13,1008.78
1837,165.24,29.68,29.07,47.14,1008.78
1838,165.33,29.69,29.06,47.14,1008.79
1839,165.42,29.68,29.05,47.11,1008.78
1840,165.51,29.69,29.06,47.12,1008.78
1841,165.60,29.68,29.05,47.12,1008.78
1842,165.69,29.68,29.06,47.11,1008.78
1843,165.78,29.68,29.05,47.09,1008.78
1844,165.87,29.68,29.05,47.09,1008.78
1845,165.96,29.68,29.05,47.07,1008.77
1846,166.05,29.67,29.05,47.07,1008.77
1847,166.14,29.66,29.06,47.06,1008.78
1848,166.23,29.66,29.06,47.07,1008.78
1849,166.32,29.65,29.06,47.07,1008.78
1850,166.41,29.65,29.06,47.06,1008.79
1851,166.50,29.65,29.07,47.07,1008.79
1852,166.59,29.65,29.07,47.05,1008.79
1853,166.68,29.64,29.06,47.04,1008.79
1854,166.77,29.64,29.06,47.04,1008.78
1855,166.86,29.64,29.06,47.05,1008.78
1856,166.95,29.64,29.05,47.07,1008.78
1857,167.04,29.64,29.05,47.07,1008.78
1858,167.13,29.63,29.05,47.07,1008.78
1859,167.22,29.63,29.04,47.06,1008.77
1860,167.31,29.63,29.04,47.06,1008.77
1861,167.40,29.62,29.04,47.05,1008.77
1862,167.49,29.63,29.03,47.05,1008.77
1863,167.58,29.62,29.03,47.05,1008.77
1864,167.67,29.61,29.03,47.04,1008.77
1865,167.76,29.62,29.03,47.02,1008.78
1866,167.85,29.61,29.02,47.02,1008.78
1867,167.94,29.61,29.03,47.01,1008.77
1868,168.03,29.61,29.02,47.01,1008.77
1869,168.12,29.59,29.02,47.00,1008.78
1870,168.21,29.60,29.02,46.98,1008.77
1871,168.30,29.59,29.02,46.98,1008.77
1872,168.39,29.59,29.01,46.99,1008.77
1873,168.48,29.60,29.01,47.01,1008.77
1874,168.57,29.59,29.00,47.00,1008.78
1875,168.66,29.59,29.00,47.00,1008.78
1876,168.75,29.58,29.00,47.00,1008.77
1877,168.84,29.57,29.00,46.99,1008.78
1878,168.93,29.56,28.99,46.97,1008.78
1879,169.02,29.56,29.00,46.98,1008.78
1880,169.11,29.55,28.98,47.00,1008.78
1881,169.20,29.54,28.98,47.00,1008.78
1882,169.29,29.55,28.98,46.97,1008.78
1883,169.38,29.55,28.99,46.99,1008.78
1884,169.47,29.55,28.99,46.97,1008.78
1885,169.56,29.55,28.98,46.96,1008.78
1886,169.65,29.55,28.98,46.95,1008.78
1887,169.74,29.55,28.97,46.94,1008.78
1888,169.83,29.56,28.96,46.94,1008.78
1889,169.92,29.55,28.95,46.97,1008.78
1890,170.01,29.55,28.95,46.96,1008.78
1891,170.10,29.55,28.94,46.96,1008.78
1892,170.19,29.55,28.93,46.95,1008.79
1893,170.28,29.55,28.94,46.94,1008.79
1894,170.37,29.55,28.93,46.95,1008.80
1895,170.46,29.55,28.92,46.96,1008.79
1896,170.55,29.54,28.91,46.95,1008.79
1897,170.64,29.54,28.91,46.94,1008.79
1898,170.73,29.53,28.91,46.93,1008.79
1899,170.82,29.53,28.90,46.93,1008.79
1900,170.91,29.52,28.90,46.93,1008.79
1901,171.00,29.53,28.90,46.93,1008.79
1902,171.09,29.52,28.90,46.91,1008.80
1903,171.18,29.52,28.90,46.91,1008.80
1904,171.27,29.52,28.90,46.92,1008.80
1905,171.36,29.52,28.89,46.94,1008.79
1906,171.45,29.52,28.89,46.93,1008.79
1907,171.54,29.52,28.90,46.94,1008.79
1908,171.63,29.51,28.90,46.94,1008.79
1909,171.72,29.52,28.91,46.93,1008.79
1910,171.81,29.51,28.90,46.94,1008.79
1911,171.90,29.50,28.89,46.94,1008.79
1912,171.99,29.50,28.89,46.93,1008.79
1913,172.08,29.50,28.90,46.94,1008.79
1914,172.17,29.49,28.90,46.94,1008.79
1915,172.26,29.49,28.90,46.94,1008.79
1916,172.35,29.49,28.90,46.97,1008.78
1917,172.44,29.49,28.90,46.96,1008.78
1918,172.53,29.48,28.90,46.96,1008.78
1919,172.62,29.48,28.90,46.94,1008.78
1920,172.71,29.48,28.91,46.93,1008.78
1921,172.80,29.48,28.90,46.92,1008.77
1922,172.89,29.47,28.90,46.93,1008.77
1923,172.98,29.46,28.91,46.93,1008.78
1924,173.07,29.45,28.90,46.93,1008.77
1925,173.16,29.46,28.90,46.92,1008.77
1926,173.25,29.45,28.91,46.93,1008.77
1927,173.34,29.45,28.90,46.93,1008.77
1928,173.43,29.44,28.90,46.95,1008.77
1929,173.52,29.45,28.90,46.95,1008.77
1930,173.61,29.44,28.90,46.95,1008.77
1931,173.70,29.44,28.90,46.97,1008.77
1932,173.79,29.45,28.90,46.96,1008.77
1933,173.88,29.45,28.91,46.96,1008.77
1934,173.97,29.44,28.91,46.98,1008.77
1935,174.06,29.44,28.90,46.99,1008.77
1936,174.15,29.43,28.91,46.99,1008.77
1937,174.24,29.43,28.91,46.99,1008.78
1938,174.33,29.43,28.91,46.98,1008.78
1939,174.42,29.42,28.89,46.97,1008.78
1940,174.51,29.42,28.89,46.99,1008.78
1941,174.60,29.42,28.88,46.99,1008.78
1942,174.69,29.43,28.87,46.97,1008.78
1943,174.78,29.42,28.87,46.98,1008.77
1944,174.87,29.41,28.87,47.00,1008.78
1945,174.96,29.42,28.87,46.99,1008.78
1946,175.05,29.41,28.86,46.99,1008.78
1947,175.14,29.40,28.85,46.99,1008.79
1948,175.23,29.41,28.85,46.99,1008.79
1949,175.32,29.41,28.85,46.98,1008.79
1950,175.41,29.41,28.83,46.96,1008.79
1951,175.50,29.41,28.83,46.94,1008.79
1952,175.59,29.40,28.83,46.95,1008.79
1953,175.68,29.40,28.82,46.94,1008.80
1954,175.77,29.40,28.82,46.94,1008.80
1955,175.86,29.40,28.81,46.93,1008.80
1956,175.95,29.40,28.80,46.90,1008.80
1957,176.04,29.40,28.79,46.90,1008.80
1958,176.13,29.38,28.79,46.89,1008.80
1959,176.22,29.38,28.79,46.89,1008.80
1960,176.31,29.38,28.78,46.89,1008.81
1961,176.40,29.37,28.79,46.91,1008.81
1962,176.49,29.37,28.86,46.91,1008.80
1963,176.58,29.36,28.81,46.91,1008.80
1964,176.67,29.36,28.78,46.91,1008.80
1965,176.76,29.36,28.78,46.93,1008.81
1966,176.85,29.35,28.78,46.95,1008.80
1967,176.94,29.36,28.78,46.95,1008.80
1968,177.03,29.36,28.78,46.94,1008.80
1969,177.12,29.35,28.78,46.95,1008.80
1970,177.21,29.35,28.78,46.93,1008.80
1971,177.30,29.35,28.78,46.94,1008.80
1972,177.39,29.34,28.78,46.92,1008.80
1973,177.48,29.33,28.78,46.92,1008.80
1974,177.57,29.33,28.78,46.94,1008.80
1975,177.66,29.32,28.78,46.92,1008.80
1976,177.75,29.32,28.77,46.93,1008.80
1977,177.84,29.32,28.76,46.94,1008.80
1978,177.93,29.31,28.76,46.95,1008.80
1979,178.02,29.31,28.76,46.93,1008.80
1980,178.11,29.31,28.76,46.95,1008.80
1981,178.20,29.32,28.75,46.95,1008.80
1982,178.29,29.32,28.75,46.95,1008.79
1983,178.38,29.31,28.75,46.96,1008.79
1984,178.47,29.31,28.75,46.97,1008.79
1985,178.56,29.31,28.75,46.96,1008.79
1986,178.65,29.30,28.74,46.95,1008.79
1987,178.74,29.30,28.74,46.94,1008.78
1988,178.83,29.29,28.74,46.94,1008.78
1989,178.92,29.29,28.75,46.94,1008.78
1990,179.01,29.28,28.75,46.94,1008.77
1991,179.10,29.28,28.75,46.92,1008.78
1992,179.19,29.28,28.76,46.92,1008.78
1993,179.28,29.28,28.76,46.93,1008.78
1994,179.37,29.28,28.76,46.92,1008.77
1995,179.46,29.29,28.76,46.94,1008.77
1996,179.55,29.29,28.76,46.96,1008.77
1997,179.64,29.28,28.75,46.96,1008.77
1998,179.73,29.28,28.76,46.96,1008.78
1999,179.82,29.27,28.76,46.97,1008.77
2000,179.91,29.28,28.75,46.96,1008.77
2001,180.00,29.29,28.74,46.93,1008.77
2002,180.09,29.28,28.74,46.92,1008.77
2003,180.18,29.28,28.74,46.92,1008.77
2004,180.27,29.27,28.74,46.92,1008.77
2005,180.36,29.28,28.73,46.91,1008.77
2006,180.45,29.26,28.73,46.90,1008.77
2007,180.54,29.26,28.72,46.88,1008.77
2008,180.63,29.26,28.73,46.89,1008.78
2009,180.72,29.26,28.73,46.91,1008.77
2010,180.81,29.26,28.73,46.91,1008.78
2011,180.90,29.26,28.73,46.92,1008.77
2012,180.99,29.26,28.72,46.91,1008.77
2013,181.08,29.25,28.72,46.92,1008.77
2014,181.17,29.24,28.72,46.92,1008.78
2015,181.26,29.24,28.71,46.90,1008.78
2016,181.35,29.24,28.71,46.89,1008.78
2017,181.44,29.23,28.71,46.90,1008.79
2018,181.53,29.22,28.70,46.89,1008.79
2019,181.62,29.22,28.71,46.89,1008.79
2020,181.71,29.22,28.70,46.88,1008.79
2021,181.80,29.22,28.70,46.86,1008.79
2022,181.89,29.22,28.69,46.85,1008.79
2023,181.98,29.21,28.69,46.85,1008.79
2024,182.07,29.21,28.68,46.84,1008.79
2025,182.16,29.21,28.68,46.85,1008.79
2026,182.25,29.22,28.69,46.85,1008.80
2027,182.34,29.21,28.67,46.84,1008.81
2028,182.43,29.21,28.67,46.82,1008.81
2029,182.52,29.21,28.67,46.81,1008.81
2030,182.61,29.21,28.68,46.80,1008.80
2031,182.70,29.20,28.67,46.82,1008.80
2032,182.79,29.19,28.67,46.83,1008.80
2033,182.88,29.19,28.66,46.83,1008.80
2034,182.97,29.19,28.66,46.82,1008.81
2035,183.06,29.19,28.66,46.83,1008.80
2036,183.15,29.19,28.66,46.83,1008.81
2037,183.24,29.19,28.66,46.84,1008.81
2038,183.33,29.19,28.66,46.85,1008.81
2039,183.42,29.18,28.66,46.84,1008.81
2040,183.51,29.18,28.65,46.84,1008.80
2041,183.60,29.18,28.65,46.84,1008.81
2042,183.69,29.17,28.66,46.85,1008.80
2043,183.78,29.16,28.66,46.87,1008.81
2044,183.87,29.16,28.64,46.87,1008.81
2045,183.96,29.17,28.64,46.87,1008.81
2046,184.05,29.17,28.65,46.86,1008.80
2047,184.14,29.17,28.64,46.85,1008.81
2048,184.23,29.16,28.64,46.87,1008.81
2049,184.32,29.17,28.63,46.87,1008.81
2050,184.41,29.17,28.63,46.87,1008.80
2051,184.50,29.17,28.64,46.89,1008.80
2052,184.59,29.16,28.63,46.89,1008.81
2053,184.68,29.16,28.63,46.89,1008.80
2054,184.77,29.16,28.62,46.87,1008.80
2055,184.86,29.16,28.62,46.87,1008.80
2056,184.95,29.15,28.61,46.87,1008.80
2057,185.04,29.15,28.62,46.86,1008.80
2058,185.13,29.14,28.61,46.89,1008.80
2059,185.22,29.14,28.60,46.88,1008.80
2060,185.31,29.13,28.60,46.87,1008.80
2061,185.40,29.13,28.59,46.87,1008.80
2062,185.49,29.13,28.59,46.88,1008.80
2063,185.58,29.14,28.59,46.89,1008.79
2064,185.67,29.13,28.59,46.89,1008.79
2065,185.76,29.14,28.59,46.89,1008.79
2066,185.85,29.14,28.60,46.89,1008.79
2067,185.94,29.14,28.60,46.90,1008.79
2068,186.03,29.14,28.59,46.91,1008.79
2069,186.12,29.13,28.60,46.89,1008.79
2070,186.21,29.14,28.59,46.91,1008.79
2071,186.30,29.13,28.59,46.91,1008.78
2072,186.39,29.13,28.59,46.89,1008.78
2073,186.48,29.13,28.59,46.89,1008.78
2074,186.57,29.13,28.58,46.91,1008.78
2075,186.66,29.13,28.59,46.93,1008.78
2076,186.75,29.13,28.60,46.92,1008.78
2077,186.84,29.13,28.60,46.92,1008.78
2078,186.93,29.12,28.61,46.91,1008.78
2079,187.02,29.12,28.61,46.92,1008.78
2080,187.11,29.12,28.62,46.92,1008.78
2081,187.20,29.12,28.61,46.92,1008.78
2082,187.29,29.12,28.60,46.94,1008.78
2083,187.38,29.11,28.61,46.93,1008.78
2084,187.47,29.11,28.60,46.92,1008.78
2085,187.56,29.11,28.60,46.89,1008.78
2086,187.65,29.11,28.60,46.91,1008.78
2087,187.74,29.12,28.60,46.92,1008.78
2088,187.83,29.12,28.60,46.94,1008.77
2089,187.92,29.12,28.59,46.93,1008.78
2090,188.01,29.12,28.58,46.93,1008.78
2091,188.10,29.12,28.58,46.95,1008.78
2092,188.19,29.13,28.57,46.95,1008.78
2093,188.28,29.12,28.57,46.95,1008.78
2094,188.37,29.12,28.57,46.94,1008.79
2095,188.46,29.12,28.57,46.95,1008.79
2096,188.55,29.12,28.58,46.95,1008.78
2097,188.64,29.11,28.58,46.94,1008.78
2098,188.73,29.11,28.59,46.94,1008.78
2099,188.82,29.11,28.58,46.93,1008.78
2100,188.91,29.11,28.57,46.95,1008.78
2101,189.00,29.10,28.57,46.94,1008.79
2102,189.09,29.10,28.57,46.94,1008.79
2103,189.18,29.10,28.58,46.93,1008.79
2104,189.27,29.09,28.58,46.94,1008.79
2105,189.36,29.08,28.57,46.94,1008.79
2106,189.45,29.07,28.57,46.95,1008.79
2107,189.54,29.07,28.56,46.95,1008.79
2108,189.63,29.07,28.57,46.99,1008.79
2109,189.72,29.07,28.56,46.98,1008.79
2110,189.81,29.06,28.55,46.98,1008.79
2111,189.90,29.05,28.55,46.98,1008.79
2112,189.99,29.05,28.54,46.97,1008.79
2113,190.08,29.04,28.55,46.98,1008.79
2114,190.17,29.04,28.55,46.96,1008.80
2115,190.26,29.04,28.54,46.95,1008.80
2116,190.35,29.04,28.54,46.95,1008.80
2117,190.44,29.03,28.53,46.95,1008.80
2118,190.53,29.03,28.52,46.94,1008.81
2119,190.62,29.02,28.51,46.93,1008.81
2120,190.71,29.02,28.51,46.92,1008.81
2121,190.80,29.03,28.51,46.91,1008.81
2122,190.89,29.02,28.51,46.93,1008.81
2123,190.98,29.01,28.51,46.94,1008.81
2124,191.07,29.01,28.51,46.95,1008.81
2125,191.16,29.01,28.50,46.94,1008.81
2126,191.25,29.01,28.51,46.93,1008.81
2127,191.34,29.00,28.50,46.92,1008.81
2128,191.43,29.00,28.50,46.91,1008.81
2129,191.52,28.99,28.50,46.91,1008.81
2130,191.61,28.99,28.51,46.91,1008.80
2131,191.70,28.99,28.51,46.93,1008.80
2132,191.79,28.99,28.50,46.95,1008.81
2133,191.88,28.99,28.50,46.98,1008.81
2134,191.97,28.99,28.50,46.96,1008.81
2135,192.06,28.98,28.49,46.96,1008.80
2136,192.15,28.99,28.49,46.97,1008.80
2137,192.24,28.99,28.48,46.97,1008.80
2138,192.33,28.99,28.48,46.97,1008.80
2139,192.42,28.99,28.48,46.94,1008.80
2140,192.51,28.99,28.47,46.93,1008.80
2141,192.60,28.99,28.47,46.95,1008.80
2142,192.69,28.99,28.47,46.96,1008.80
2143,192.78,28.98,28.47,46.95,1008.79
2144,192.87,29.03,28.47,46.94,1008.79
2145,192.96,29.00,28.47,46.93,1008.79
2146,193.05,28.98,28.47,46.94,1008.78
2147,193.14,28.97,28.47,46.96,1008.78
2148,193.23,28.96,28.47,46.94,1008.78
2149,193.32,28.96,28.47,46.95,1008.78
2150,193.41,28.95,28.46,46.94,1008.78
2151,193.50,28.95,28.46,46.93,1008.77
2152,193.59,28.95,28.46,46.92,1008.78
2153,193.68,28.95,28.46,46.93,1008.78
2154,193.77,28.96,28.46,46.94,1008.78
2155,193.86,28.96,28.45,46.93,1008.78
2156,193.95,28.95,28.46,46.91,1008.78
2157,194.04,28.95,28.46,46.91,1008.78
2158,194.13,28.95,28.47,46.90,1008.78
2159,194.22,28.95,28.46,46.89,1008.78
2160,194.31,28.95,28.46,46.90,1008.78
2161,194.40,28.95,28.46,46.91,1008.77
2162,194.49,28.94,28.46,46.89,1008.78
2163,194.58,28.94,28.46,46.90,1008.78
2164,194.67,28.93,28.46,46.91,1008.78
2165,194.76,28.93,28.47,46.89,1008.78
2166,194.85,28.93,28.47,46.90,1008.78
2167,194.94,28.93,28.46,46.92,1008.77
2168,195.03,28.93,28.45,46.90,1008.78
2169,195.12,28.93,28.45,46.89,1008.78
2170,195.21,28.94,28.44,46.88,1008.78
2171,195.30,28.94,28.45,46.86,1008.78
2172,195.39,28.93,28.43,46.86,1008.78
2173,195.48,28.94,28.44,46.84,1008.78
2174,195.57,28.94,28.43,46.83,1008.78
2175,195.66,28.94,28.43,46.83,1008.78
2176,195.75,28.93,28.42,46.84,1008.78
2177,195.84,28.92,28.42,46.84,1008.78
2178,195.93,28.93,28.42,46.83,1008.78
2179,196.02,28.93,28.43,46.83,1008.79
2180,196.11,28.93,28.43,46.81,1008.79
2181,196.20,28.93,28.43,46.81,1008.79
2182,196.29,28.93,28.43,46.81,1008.80
2183,196.38,28.92,28.43,46.80,1008.80
2184,196.47,28.92,28.43,46.77,1008.80
2185,196.56,28.92,28.42,46.78,1008.80
2186,196.65,28.93,28.42,46.78,1008.80
2187,196.74,28.92,28.41,46.78,1008.80
2188,196.83,28.91,28.41,46.78,1008.80
2189,196.92,28.90,28.41,46.78,1008.80
2190,197.01,28.90,28.41,46.78,1008.82
2191,197.10,28.91,28.40,46.79,1008.81
2192,197.19,28.90,28.41,46.80,1008.81
2193,197.28,28.90,28.41,46.82,1008.80
2194,197.37,28.90,28.41,46.85,1008.81
2195,197.46,28.90,28.41,46.84,1008.81
2196,197.55,28.89,28.40,46.82,1008.81
2197,197.64,28.89,28.40,46.82,1008.82
2198,197.73,28.90,28.41,46.82,1008.82
2199,197.82,28.89,28.41,46.82,1008.82
2200,197.91,28.89,28.40,46.82,1008.82
2201,198.00,28.89,28.39,46.82,1008.82
2202,198.09,28.89,28.39,46.82,1008.82
2203,198.18,28.89,28.39,46.83,1008.82
2204,198.27,28.88,28.39,46.85,1008.82
2205,198.36,28.88,28.39,46.83,1008.82
2206,198.45,28.88,28.38,46.83,1008.82
2207,198.54,28.87,28.38,46.85,1008.81
2208,198.63,28.86,28.39,46.85,1008.81
2209,198.72,28.86,28.39,46.85,1008.81
2210,198.81,28.85,28.39,46.85,1008.81
2211,198.90,28.85,28.39,46.87,1008.81
2212,198.99,28.85,28.38,46.86,1008.81
2213,199.08,28.84,28.37,46.86,1008.81
2214,199.17,28.84,28.37,46.85,1008.81
2215,199.26,28.83,28.37,46.87,1008.81
2216,199.35,28.83,28.37,46.88,1008.80
2217,199.44,28.83,28.37,46.88,1008.80
2218,199.53,28.84,28.36,46.91,1008.80
2219,199.62,28.83,28.36,46.92,1008.80
2220,199.71,28.83,28.36,46.93,1008.79
2221,199.80,28.83,28.35,46.94,1008.79
2222,199.89,28.83,28.35,46.94,1008.79
2223,199.98,28.83,28.34,46.96,1008.79
2224,200.07,28.83,28.35,46.96,1008.79
2225,200.16,28.84,28.36,46.98,1008.78
2226,200.25,28.84,28.36,46.99,1008.78
2227,200.34,28.84,28.35,47.00,1008.78
2228,200.43,28.84,28.34,47.00,1008.78
2229,200.52,28.84,28.34,47.00,1008.78
2230,200.61,28.83,28.33,47.00,1008.78
2231,200.70,28.83,28.33,47.01,1008.77
2232,200.79,28.83,28.32,47.02,1008.77
2233,200.88,28.82,28.33,47.03,1008.77
2234,200.97,28.82,28.33,47.02,1008.76
2235,201.06,28.82,28.33,47.00,1008.76
2236,201.15,28.82,28.33,46.98,1008.76
2237,201.24,28.83,28.33,46.97,1008.76
2238,201.33,28.83,28.34,46.96,1008.76
2239,201.42,28.83,28.34,46.95,1008.76
2240,201.51,28.83,28.34,46.95,1008.77
2241,201.60,28.83,28.34,46.96,1008.77
2242,201.69,28.83,28.34,46.95,1008.77
2243,201.78,28.83,28.34,46.94,1008.77
2244,201.87,28.82,28.33,46.94,1008.77
2245,201.96,28.83,28.33,46.95,1008.77
2246,202.05,28.83,28.33,46.95,1008.77
2247,202.14,28.83,28.33,46.94,1008.77
2248,202.23,28.83,28.33,46.94,1008.77
2249,202.32,28.84,28.33,46.96,1008.77
2250,202.41,28.83,28.33,46.96,1008.77
2251,202.50,28.83,28.33,46.96,1008.77
2252,202.59,28.84,28.33,46.95,1008.78
2253,202.68,28.84,28.33,46.96,1008.78
2254,202.77,28.84,28.33,46.96,1008.78
2255,202.86,28.83,28.32,46.96,1008.78
2256,202.95,28.83,28.32,46.95,1008.78
2257,203.04,28.82,28.31,46.94,1008.79
2258,203.13,28.82,28.31,46.94,1008.78
2259,203.22,28.82,28.32,46.95,1008.79
2260,203.31,28.82,28.32,46.95,1008.79
2261,203.40,28.82,28.31,46.94,1008.79
2262,203.49,28.82,28.32,46.93,1008.79
2263,203.58,28.83,28.33,46.92,1008.79
2264,203.67,28.82,28.33,46.92,1008.79
2265,203.76,28.82,28.32,46.93,1008.79
2266,203.85,28.82,28.32,46.91,1008.79
2267,203.94,28.82,28.32,46.88,1008.79
2268,204.03,28.82,28.32,46.86,1008.79
2269,204.12,28.81,28.32,46.85,1008.79
2270,204.21,28.81,28.32,46.85,1008.79
2271,204.30,28.81,28.32,46.83,1008.79
2272,204.39,28.80,28.31,46.84,1008.79
2273,204.48,28.80,28.31,46.85,1008.79
2274,204.57,28.80,28.30,46.86,1008.79
2275,204.66,28.80,28.30,46.85,1008.79
2276,204.75,28.79,28.30,46.83,1008.79
2277,204.84,28.79,28.30,46.84,1008.79
2278,204.93,28.78,28.30,46.83,1008.79
2279,205.02,28.77,28.29,46.81,1008.79
2280,205.11,28.77,28.29,46.83,1008.79
2281,205.20,28.77,28.28,46.82,1008.79
2282,205.29,28.77,28.28,46.82,1008.79
2283,205.38,28.76,28.27,46.82,1008.79
2284,205.47,28.76,28.27,46.83,1008.78
2285,205.56,28.75,28.26,46.83,1008.78
2286,205.65,28.75,28.26,46.85,1008.78
2287,205.74,28.75,28.25,46.86,1008.78
2288,205.83,28.75,28.25,46.86,1008.78
2289,205.92,28.74,28.25,46.85,1008.78
2290,206.01,28.73,28.24,46.85,1008.78
2291,206.10,28.72,28.25,46.85,1008.78
2292,206.19,28.72,28.24,46.87,1008.78
2293,206.28,28.71,28.24,46.87,1008.78
2294,206.37,28.71,28.24,46.88,1008.78
2295,206.46,28.71,28.25,46.62,1008.78
2296,206.55,28.70,28.24,46.87,1008.78
2297,206.64,28.71,28.24,46.86,1008.77
2298,206.73,28.71,28.24,46.83,1008.78
2299,206.82,28.71,28.23,46.84,1008.77
2300,206.91,28.71,28.23,46.84,1008.78
2301,207.00,28.71,28.22,46.82,1008.77
2302,207.09,28.71,28.22,46.81,1008.78
2303,207.18,28.70,28.22,46.82,1008.78
2304,207.27,28.70,28.22,46.81,1008.77
2305,207.36,28.70,28.23,46.80,1008.77
2306,207.45,28.70,28.22,46.81,1008.77
2307,207.54,28.69,28.22,46.81,1008.77
2308,207.63,28.70,28.22,46.82,1008.77
2309,207.72,28.69,28.22,46.80,1008.77
2310,207.81,28.69,28.22,46.80,1008.78
2311,207.90,28.69,28.23,46.78,1008.78
2312,207.99,28.70,28.23,46.76,1008.78
2313,208.08,28.69,28.23,46.75,1008.79
2314,208.17,28.69,28.23,46.76,1008.79
2315,208.26,28.69,28.22,46.76,1008.79
2316,208.35,28.68,28.22,46.75,1008.79
2317,208.44,28.68,28.22,46.77,1008.79
2318,208.53,28.68,28.22,46.78,1008.78
2319,208.62,28.68,28.21,46.80,1008.78
2320,208.71,28.67,28.22,46.80,1008.78
2321,208.80,28.67,28.23,46.78,1008.78
2322,208.89,28.67,28.22,46.77,1008.78
2323,208.98,28.67,28.22,46.76,1008.78
2324,209.07,28.67,28.21,46.77,1008.78
2325,209.16,28.66,28.21,46.76,1008.78
2326,209.25,28.66,28.21,46.77,1008.78
2327,209.34,28.67,28.20,46.74,1008.78
2328,209.43,28.66,28.20,46.74,1008.78
2329,209.52,28.66,28.20,46.74,1008.78
2330,209.61,28.66,28.21,46.74,1008.78
2331,209.70,28.66,28.21,46.74,1008.79
2332,209.79,28.66,28.22,46.75,1008.79
2333,209.88,28.66,28.21,46.75,1008.78
2334,209.97,28.66,28.21,46.96,1008.78
2335,210.06,28.65,28.21,46.82,1008.78
2336,210.15,28.65,28.20,46.74,1008.78
2337,210.24,28.64,28.21,46.74,1008.77
2338,210.33,28.65,28.21,46.73,1008.77
2339,210.42,28.65,28.21,46.74,1008.76
2340,210.51,28.65,28.21,46.75,1008.76
2341,210.60,28.65,28.20,46.74,1008.76
2342,210.69,28.65,28.19,46.73,1008.76
2343,210.78,28.65,28.19,46.74,1008.76
2344,210.87,28.65,28.18,46.72,1008.76
2345,210.96,28.65,28.18,46.72,1008.76
2346,211.05,28.64,28.18,46.73,1008.77
2347,211.14,28.64,28.18,46.73,1008.77
2348,211.23,28.64,28.18,46.73,1008.77
2349,211.32,28.63,28.18,46.73,1008.77
2350,211.41,28.63,28.17,46.75,1008.77
2351,211.50,28.63,28.16,46.73,1008.77
2352,211.59,28.62,28.17,46.75,1008.78
2353,211.68,28.63,28.17,46.75,1008.78
2354,211.77,28.61,28.18,46.76,1008.78
2355,211.86,28.60,28.18,46.75,1008.78
2356,211.95,28.60,28.18,46.74,1008.78
2357,212.04,28.60,28.18,46.74,1008.79
2358,212.13,28.60,28.18,46.73,1008.78
2359,212.22,28.60,28.18,46.74,1008.79
2360,212.31,28.60,28.17,46.73,1008.79
2361,212.40,28.61,28.18,46.73,1008.79
2362,212.49,28.61,28.18,46.72,1008.79
2363,212.58,28.61,28.18,46.74,1008.79
2364,212.67,28.61,28.18,46.74,1008.79
2365,212.76,28.60,28.17,46.74,1008.79
2366,212.85,28.60,28.18,46.74,1008.79
2367,212.94,28.59,28.17,46.74,1008.79
2368,213.03,28.59,28.18,46.73,1008.79
2369,213.12,28.58,28.17,46.73,1008.79
2370,213.21,28.58,28.18,46.75,1008.79
2371,213.30,28.58,28.18,46.73,1008.79
2372,213.39,28.57,28.17,46.71,1008.79
2373,213.48,28.57,28.17,46.70,1008.80
2374,213.57,28.57,28.17,46.69,1008.80
2375,213.66,28.56,28.17,46.70,1008.80
2376,213.75,28.57,28.16,46.71,1008.81
2377,213.84,28.57,28.15,46.72,1008.81
2378,213.93,28.56,28.16,46.72,1008.81
2379,214.02,28.55,28.14,46.73,1008.81
2380,214.11,28.56,28.16,46.75,1008.81
2381,214.20,28.56,28.16,46.75,1008.81
2382,214.29,28.55,28.17,46.73,1008.81
2383,214.38,28.55,28.17,46.72,1008.81
2384,214.47,28.55,28.17,46.71,1008.81
2385,214.56,28.56,28.17,46.70,1008.81
2386,214.65,28.56,28.17,46.69,1008.81
2387,214.74,28.55,28.17,46.68,1008.80
2388,214.83,28.55,28.17,46.68,1008.80
2389,214.92,28.55,28.16,46.67,1008.80
2390,215.01,28.55,28.16,46.67,1008.81
2391,215.10,28.55,28.15,46.67,1008.80
2392,215.19,28.55,28.15,46.65,1008.81
2393,215.28,28.55,28.14,46.65,1008.81
2394,215.37,28.55,28.14,46.66,1008.80
2395,215.46,28.54,28.15,46.67,1008.81
2396,215.55,28.54,28.14,46.66,1008.80
2397,215.64,28.54,28.14,46.67,1008.80
2398,215.73,28.55,28.14,46.66,1008.80
2399,215.82,28.55,28.14,46.65,1008.79
2400,215.91,28.54,28.13,46.64,1008.79
2401,216.00,28.55,28.13,46.65,1008.79
2402,216.09,28.54,28.13,46.67,1008.79
2403,216.18,28.54,28.13,46.66,1008.79
2404,216.27,28.53,28.12,46.68,1008.79
2405,216.36,28.53,28.13,46.68,1008.80
2406,216.45,28.54,28.13,46.69,1008.80
2407,216.54,28.54,28.12,46.69,1008.80
2408,216.63,28.54,28.12,46.69,1008.80
2409,216.72,28.54,28.11,46.69,1008.80
2410,216.81,28.53,28.11,46.68,1008.80
2411,216.90,28.52,28.11,46.68,1008.79
2412,216.99,28.52,28.12,46.71,1008.79
2413,217.08,28.52,28.12,46.69,1008.79
2414,217.17,28.52,28.12,46.69,1008.79
2415,217.26,28.51,28.11,46.69,1008.79
2416,217.35,28.51,28.12,46.67,1008.79
2417,217.44,28.52,28.12,46.67,1008.79
2418,217.53,28.52,28.12,46.66,1008.78
2419,217.62,28.52,28.12,46.66,1008.79
2420,217.71,28.51,28.12,46.67,1008.79
2421,217.80,28.52,28.12,46.66,1008.79
2422,217.89,28.52,28.12,46.66,1008.79
2423,217.98,28.52,28.12,46.66,1008.79
2424,218.07,28.53,28.12,46.65,1008.79
2425,218.16,28.53,28.10,46.64,1008.79
2426,218.25,28.53,28.10,46.65,1008.79
2427,218.34,28.53,28.10,46.65,1008.79
2428,218.43,28.53,28.09,46.63,1008.80
2429,218.52,28.53,28.10,46.64,1008.80
2430,218.61,28.52,28.09,46.66,1008.80
2431,218.70,28.52,28.09,46.65,1008.80
2432,218.79,28.51,28.09,46.67,1008.80
2433,218.88,28.51,28.09,46.68,1008.80
2434,218.97,28.50,28.09,46.67,1008.80
2435,219.06,28.50,28.09,46.67,1008.80
2436,219.15,28.50,28.08,46.66,1008.80
2437,219.24,28.50,28.08,46.65,1008.80
2438,219.33,28.50,28.08,46.67,1008.80
2439,219.42,28.50,28.08,46.69,1008.80
2440,219.51,28.51,28.08,46.71,1008.80
2441,219.60,28.50,28.08,46.69,1008.80
2442,219.69,28.51,28.08,46.69,1008.80
2443,219.78,28.51,28.08,46.70,1008.80
2444,219.87,28.50,28.08,46.70,1008.80
2445,219.96,28.51,28.08,46.71,1008.80
2446,220.05,28.51,28.08,46.70,1008.80
2447,220.14,28.50,28.07,46.70,1008.80
2448,220.23,28.51,28.08,46.69,1008.80
2449,220.32,28.50,28.09,46.69,1008.80
2450,220.41,28.50,28.08,46.70,1008.80
2451,220.50,28.50,28.07,46.67,1008.80
2452,220.59,28.50,28.07,46.66,1008.80
2453,220.68,28.50,28.07,46.65,1008.80
2454,220.77,28.49,28.07,46.66,1008.80
2455,220.86,28.49,28.07,46.65,1008.80
2456,220.95,28.49,28.07,46.64,1008.79
2457,221.04,28.48,28.07,46.63,1008.79
2458,221.13,28.48,28.06,46.61,1008.80
2459,221.22,28.48,28.06,46.61,1008.80
2460,221.31,28.48,28.06,46.60,1008.80
2461,221.40,28.47,28.06,46.61,1008.80
2462,221.49,28.47,28.05,46.61,1008.80
2463,221.58,28.47,28.05,46.62,1008.80
2464,221.67,28.47,28.05,46.61,1008.80
2465,221.76,28.47,28.04,46.60,1008.79
2466,221.85,28.47,28.04,46.58,1008.79
2467,221.94,28.46,28.04,46.58,1008.79
2468,222.03,28.46,28.05,46.58,1008.79
2469,222.12,28.46,28.04,46.60,1008.79
2470,222.21,28.46,28.04,46.59,1008.79
2471,222.30,28.46,28.05,46.57,1008.79
2472,222.39,28.46,28.04,46.55,1008.78
2473,222.48,28.45,28.04,46.53,1008.78
2474,222.57,28.45,28.03,46.53,1008.78
2475,222.66,28.44,28.04,46.54,1008.78
2476,222.75,28.44,28.04,46.53,1008.78
2477,222.84,28.43,28.02,46.52,1008.78
2478,222.93,28.43,28.02,46.52,1008.78
2479,223.02,28.44,28.02,46.53,1008.78
2480,223.11,28.43,28.01,46.52,1008.79
2481,223.20,28.43,28.01,46.53,1008.79
2482,223.29,28.43,28.00,46.53,1008.79
2483,223.38,28.42,28.00,46.54,1008.78
2484,223.47,28.43,28.00,46.54,1008.78
2485,223.56,28.42,28.00,46.55,1008.78
2486,223.65,28.42,27.99,46.56,1008.78
2487,223.74,28.42,27.99,46.58,1008.79
2488,223.83,28.41,27.99,46.59,1008.79
2489,223.92,28.41,27.99,46.58,1008.79
2490,224.01,28.42,27.98,46.58,1008.79
2491,224.10,28.41,27.98,46.57,1008.79
2492,224.19,28.41,27.99,46.55,1008.79
2493,224.28,28.41,27.98,46.55,1008.79
2494,224.37,28.41,27.97,46.54,1008.79
2495,224.46,28.40,27.98,46.54,1008.80
2496,224.55,28.40,27.99,46.55,1008.79
2497,224.64,28.40,28.00,46.58,1008.78
2498,224.73,28.40,28.00,46.57,1008.78
2499,224.82,28.40,28.00,46.57,1008.78
2500,224.91,28.40,28.01,46.58,1008.79
2501,225.00,28.40,28.01,46.59,1008.79
2502,225.09,28.40,28.02,46.56,1008.79
2503,225.18,28.40,28.01,46.55,1008.79
2504,225.27,28.40,28.02,46.52,1008.79
2505,225.36,28.39,28.02,46.50,1008.79
2506,225.45,28.39,28.02,46.51,1008.79
2507,225.54,28.39,28.02,46.52,1008.79
2508,225.63,28.39,28.03,46.52,1008.80
2509,225.72,28.40,28.03,46.53,1008.80
2510,225.81,28.40,28.03,46.50,1008.79
2511,225.90,28.39,28.03,46.50,1008.79
2512,225.99,28.40,28.03,46.51,1008.79
2513,226.08,28.40,28.03,46.55,1008.79
2514,226.17,28.40,28.03,46.55,1008.79
2515,226.26,28.40,28.03,46.55,1008.78
2516,226.35,28.40,28.04,46.54,1008.78
2517,226.44,28.40,28.05,46.51,1008.78
2518,226.53,28.41,28.05,46.50,1008.78
2519,226.62,28.41,28.05,46.50,1008.78
2520,226.71,28.40,28.04,46.51,1008.78
2521,226.80,28.40,28.04,46.49,1008.78
2522,226.89,28.40,28.04,46.50,1008.78
2523,226.98,28.40,28.04,46.49,1008.78
2524,227.07,28.40,28.05,46.46,1008.78
2525,227.16,28.40,28.05,46.46,1008.78
2526,227.25,28.41,28.05,46.44,1008.77
2527,227.34,28.41,28.04,46.46,1008.77
2528,227.43,28.41,28.04,46.45,1008.78
2529,227.52,28.41,28.04,46.45,1008.77
2530,227.61,28.40,28.04,46.43,1008.77
2531,227.70,28.41,28.03,46.43,1008.77
2532,227.79,28.41,28.04,46.43,1008.77
2533,227.88,28.41,28.03,46.43,1008.78
2534,227.97,28.41,28.04,46.45,1008.78
2535,228.06,28.40,28.03,46.45,1008.78
2536,228.15,28.40,28.03,46.45,1008.77
2537,228.24,28.40,28.03,46.45,1008.77
2538,228.33,28.39,28.02,46.42,1008.77
2539,228.42,28.40,28.02,46.43,1008.78
2540,228.51,28.40,28.01,46.43,1008.77
2541,228.60,28.40,28.01,46.42,1008.77
2542,228.69,28.41,28.00,46.42,1008.77
2543,228.78,28.40,28.01,46.42,1008.77
2544,228.87,28.40,28.00,46.42,1008.78
2545,228.96,28.40,27.99,46.43,1008.78
2546,229.05,28.40,27.99,46.44,1008.78
2547,229.14,28.40,27.98,46.43,1008.78
2548,229.23,28.39,27.98,46.43,1008.78
2549,229.32,28.40,27.97,46.44,1008.79
2550,229.41,28.39,27.98,46.46,1008.79
2551,229.50,28.38,27.97,46.46,1008.81
2552,229.59,28.37,27.97,46.47,1008.79
2553,229.68,28.37,27.95,46.46,1008.79
2554,229.77,28.38,27.95,46.48,1008.79
2555,229.86,28.37,27.94,46.49,1008.79
2556,229.95,28.37,27.94,46.49,1008.79
2557,230.04,28.37,27.94,46.49,1008.79
2558,230.13,28.37,27.93,46.51,1008.80
2559,230.22,28.37,27.94,46.51,1008.80
2560,230.31,28.37,27.94,46.52,1008.80
2561,230.40,28.37,27.94,46.52,1008.80
2562,230.49,28.36,27.93,46.52,1008.81
2563,230.58,28.36,27.94,46.51,1008.81
2564,230.67,28.36,27.94,46.51,1008.81
2565,230.76,28.35,27.94,46.48,1008.81
2566,230.85,28.35,27.94,46.47,1008.81
2567,230.94,28.35,27.94,46.49,1008.82
2568,231.03,28.35,27.93,46.49,1008.82
2569,231.12,28.35,27.94,46.48,1008.82
2570,231.21,28.34,27.95,46.48,1008.82
2571,231.30,28.33,27.96,46.51,1008.81
2572,231.39,28.32,27.96,46.51,1008.81
2573,231.48,28.33,27.95,46.48,1008.81
2574,231.57,28.33,27.96,46.47,1008.81
2575,231.66,28.32,27.96,46.47,1008.81
2576,231.75,28.32,27.96,46.47,1008.80
2577,231.84,28.33,27.95,46.46,1008.81
2578,231.93,28.33,27.95,46.47,1008.80
2579,232.02,28.33,27.95,46.47,1008.80
2580,232.11,28.31,27.95,46.47,1008.80
2581,232.20,28.31,27.95,46.46,1008.80
2582,232.29,28.31,27.95,46.45,1008.80
2583,232.38,28.31,27.96,46.46,1008.79
2584,232.47,28.30,27.97,46.45,1008.79
2585,232.56,28.31,27.97,46.47,1008.79
2586,232.65,28.31,27.98,46.47,1008.79
2587,232.74,28.31,27.98,46.46,1008.79
2588,232.83,28.30,27.97,46.46,1008.79
2589,232.92,28.30,27.98,46.44,1008.78
2590,233.01,28.31,27.97,46.47,1008.78
2591,233.10,28.31,27.98,46.45,1008.78
2592,233.19,28.30,27.98,46.47,1008.78
2593,233.28,28.30,27.99,46.48,1008.78
2594,233.37,28.30,27.99,46.49,1008.78
2595,233.46,28.30,27.99,46.49,1008.77
2596,233.55,28.29,27.99,46.49,1008.77
2597,233.64,28.29,27.99,46.51,1008.77
2598,233.73,28.29,27.98,46.49,1008.77
2599,233.82,28.29,27.98,46.48,1008.77
2600,233.91,28.29,27.99,46.49,1008.77
2601,234.00,28.28,28.00,46.48,1008.78
2602,234.09,28.29,27.99,46.50,1008.78
2603,234.18,28.29,28.00,46.52,1008.78
2604,234.27,28.29,28.01,46.52,1008.78
2605,234.36,28.29,28.01,46.53,1008.78
2606,234.45,28.29,28.01,46.53,1008.77
2607,234.54,28.29,28.01,46.51,1008.77
2608,234.63,28.29,28.00,46.51,1008.78
2609,234.72,28.29,27.99,46.50,1008.78
2610,234.81,28.29,27.98,46.50,1008.78
2611,234.90,28.29,27.99,46.50,1008.78
2612,234.99,28.29,27.99,46.49,1008.78
2613,235.08,28.28,27.99,46.49,1008.78
2614,235.17,28.27,27.99,46.47,1008.78
2615,235.26,28.27,27.99,46.47,1008.78
2616,235.35,28.27,27.98,46.45,1008.79
2617,235.44,28.26,27.98,46.46,1008.79
2618,235.53,28.26,27.98,46.46,1008.80
2619,235.62,28.26,27.97,46.46,1008.80
2620,235.71,28.26,27.97,46.46,1008.80
2621,235.80,28.26,27.96,46.44,1008.80
2622,235.89,28.26,27.96,46.45,1008.80
2623,235.98,28.26,27.96,46.44,1008.80
2624,236.07,28.26,27.96,46.44,1008.80
2625,236.16,28.26,27.96,46.43,1008.80
2626,236.25,28.26,27.96,46.45,1008.80
2627,236.34,28.26,27.96,46.45,1008.80
2628,236.43,28.27,27.94,46.45,1008.81
2629,236.52,28.26,27.95,46.45,1008.81
2630,236.61,28.26,27.94,46.44,1008.81
2631,236.70,28.26,27.93,46.45,1008.81
2632,236.79,28.25,27.93,46.44,1008.81
2633,236.88,28.25,27.92,46.43,1008.81
2634,236.97,28.25,27.92,46.41,1008.81
2635,237.06,28.24,27.93,46.42,1008.81
2636,237.15,28.25,27.93,46.43,1008.81
2637,237.24,28.25,27.92,46.42,1008.81
2638,237.33,28.25,27.92,46.41,1008.81
2639,237.42,28.25,27.92,46.41,1008.82
2640,237.51,28.26,27.91,46.40,1008.81
2641,237.60,28.27,27.91,46.42,1008.81
2642,237.69,28.27,27.90,46.41,1008.81
2643,237.78,28.27,27.90,46.40,1008.81
2644,237.87,28.27,27.90,46.41,1008.81
2645,237.96,28.26,27.90,46.41,1008.81
2646,238.05,28.25,27.91,46.41,1008.81
2647,238.14,28.25,27.91,46.42,1008.81
2648,238.23,28.25,27.91,46.42,1008.81
2649,238.32,28.25,27.91,46.42,1008.81
2650,238.41,28.25,27.91,46.44,1008.80
2651,238.50,28.25,27.99,46.43,1008.80
2652,238.59,28.24,27.90,46.46,1008.80
2653,238.68,28.24,27.91,46.46,1008.79
2654,238.77,28.25,27.91,46.46,1008.79
2655,238.86,28.25,27.90,46.45,1008.79
2656,238.95,28.25,27.91,46.45,1008.80
2657,239.04,28.24,27.90,46.46,1008.80
2658,239.13,28.24,27.89,46.47,1008.80
2659,239.22,28.24,27.89,46.48,1008.80
2660,239.31,28.24,27.89,46.48,1008.80
2661,239.40,28.23,27.89,46.48,1008.80
2662,239.49,28.24,27.89,46.48,1008.79
2663,239.58,28.24,27.89,46.48,1008.79
2664,239.67,28.24,27.88,46.48,1008.79
2665,239.76,28.24,27.88,46.46,1008.78
2666,239.85,28.24,27.89,46.45,1008.78
2667,239.94,28.24,27.90,46.44,1008.78
2668,240.03,28.24,27.89,46.42,1008.78
2669,240.12,28.24,27.89,46.42,1008.77
2670,240.21,28.25,27.89,46.40,1008.77
2671,240.30,28.24,27.89,46.41,1008.77
2672,240.39,28.24,27.88,46.43,1008.77
2673,240.48,28.25,27.88,46.43,1008.76
2674,240.57,28.24,27.87,46.44,1008.77
2675,240.66,28.24,27.87,46.45,1008.77
2676,240.75,28.24,27.88,46.44,1008.77
2677,240.84,28.23,27.89,46.43,1008.77
2678,240.93,28.23,27.89,46.41,1008.77
2679,241.02,28.22,27.89,46.41,1008.77
2680,241.11,28.22,27.90,46.39,1008.77
2681,241.20,28.22,27.89,46.39,1008.77
2682,241.29,28.22,27.89,46.39,1008.77
2683,241.38,28.21,27.88,46.39,1008.77
2684,241.47,28.21,27.88,46.37,1008.77
2685,241.56,28.20,27.87,46.35,1008.77
2686,241.65,28.20,27.88,46.34,1008.77
2687,241.74,28.20,27.88,46.32,1008.77
2688,241.83,28.20,27.87,46.30,1008.77
2689,241.92,28.19,27.87,46.29,1008.78
2690,242.01,28.18,27.87,46.30,1008.78
2691,242.10,28.19,27.88,46.32,1008.78
2692,242.19,28.19,27.88,46.32,1008.79
2693,242.28,28.19,27.88,46.33,1008.79
2694,242.37,28.19,27.87,46.34,1008.79
2695,242.46,28.18,27.87,46.35,1008.79
2696,242.55,28.18,27.87,46.36,1008.79
2697,242.64,28.18,27.86,46.36,1008.78
2698,242.73,28.19,27.86,46.35,1008.78
2699,242.82,28.19,27.86,46.35,1008.79
2700,242.91,28.19,27.86,46.35,1008.79
2701,243.00,28.20,27.85,46.34,1008.79
2702,243.09,28.19,27.84,46.35,1008.79
2703,243.18,28.20,27.85,46.36,1008.80
2704,243.27,28.20,27.87,46.37,1008.80
2705,243.36,28.20,27.87,46.35,1008.80
2706,243.45,28.20,27.86,46.35,1008.80
2707,243.54,28.21,27.86,46.36,1008.80
2708,243.63,28.20,27.86,46.37,1008.80
2709,243.72,28.22,27.85,46.38,1008.80
2710,243.81,28.21,27.84,46.38,1008.80
2711,243.90,28.20,27.83,46.39,1008.80
2712,243.99,28.21,27.83,46.41,1008.80
2713,244.08,28.20,27.84,46.40,1008.80
2714,244.17,28.20,27.83,46.40,1008.80
2715,244.26,28.21,27.83,46.38,1008.80
2716,244.35,28.21,27.83,46.38,1008.80
2717,244.44,28.21,27.84,46.39,1008.80
2718,244.53,28.20,27.83,46.40,1008.80
2719,244.62,28.20,27.83,46.38,1008.80
2720,244.71,28.19,27.81,46.39,1008.80
2721,244.80,28.19,27.81,46.39,1008.80
2722,244.89,28.19,27.81,46.41,1008.80
2723,244.98,28.19,27.81,46.42,1008.79
2724,245.07,28.18,27.81,46.41,1008.79
2725,245.16,28.18,27.81,46.42,1008.80
2726,245.25,28.18,27.81,46.42,1008.79
2727,245.34,28.17,27.81,46.44,1008.80
2728,245.43,28.17,27.82,46.44,1008.79
2729,245.52,28.17,27.82,46.42,1008.78
2730,245.61,28.17,27.81,46.42,1008.78
2731,245.70,28.17,27.82,46.43,1008.78
2732,245.79,28.17,27.82,46.45,1008.78
2733,245.88,28.17,27.82,46.46,1008.78
2734,245.97,28.17,27.82,46.45,1008.78
2735,246.06,28.17,27.82,46.44,1008.78
2736,246.15,28.16,27.82,46.43,1008.78
2737,246.24,28.16,27.81,46.43,1008.78
2738,246.33,28.16,27.81,46.45,1008.78
2739,246.42,28.15,27.81,46.44,1008.78
2740,246.51,28.16,27.81,46.43,1008.78
2741,246.60,28.15,27.82,46.42,1008.78
2742,246.69,28.15,27.82,46.42,1008.78
2743,246.78,28.15,27.82,46.44,1008.78
2744,246.87,28.14,27.82,46.43,1008.77
2745,246.96,28.15,27.83,46.45,1008.77
2746,247.05,28.15,27.83,46.46,1008.78
2747,247.14,28.15,27.83,46.46,1008.78
2748,247.23,28.15,27.82,46.44,1008.78
2749,247.32,28.14,27.83,46.44,1008.77
2750,247.41,28.15,27.82,46.46,1008.78
2751,247.50,28.15,27.83,46.48,1008.77
2752,247.59,28.14,27.82,46.46,1008.77
2753,247.68,28.14,27.83,46.46,1008.77
2754,247.77,28.15,27.83,46.46,1008.77
2755,247.86,28.14,27.81,46.45,1008.77
2756,247.95,28.15,27.82,46.45,1008.77
2757,248.04,28.15,27.83,46.42,1008.77
2758,248.13,28.15,27.82,46.43,1008.77
2759,248.22,28.15,27.82,46.44,1008.77
2760,248.31,28.15,27.83,46.44,1008.77
2761,248.40,28.14,27.83,46.44,1008.77
2762,248.49,28.15,27.84,46.44,1008.77
2763,248.58,28.15,27.84,46.45,1008.78
2764,248.67,28.15,27.84,46.45,1008.78
2765,248.76,28.14,27.84,46.45,1008.78
2766,248.85,28.14,27.82,46.45,1008.78
2767,248.94,28.15,27.83,46.45,1008.77
2768,249.03,28.15,27.82,46.48,1008.77
2769,249.12,28.15,27.81,46.48,1008.77
2770,249.21,28.15,27.81,46.47,1008.77
2771,249.30,28.15,27.81,46.47,1008.77
2772,249.39,28.15,27.81,46.47,1008.78
2773,249.48,28.15,27.81,46.49,1008.78
2774,249.57,28.14,27.82,46.48,1008.77
2775,249.66,28.15,27.82,46.46,1008.77
2776,249.75,28.14,27.82,46.45,1008.77
2777,249.84,28.14,27.81,46.44,1008.77
2778,249.93,28.15,27.81,46.44,1008.77
2779,250.02,28.15,27.81,46.42,1008.77
2780,250.11,28.14,27.81,46.45,1008.77
2781,250.20,28.14,27.81,46.43,1008.77
2782,250.29,28.14,27.82,46.46,1008.77
2783,250.38,28.15,27.82,46.47,1008.77
2784,250.47,28.14,27.81,46.47,1008.77
2785,250.56,28.14,27.81,46.46,1008.78
2786,250.65,28.14,27.80,46.47,1008.78
2787,250.74,28.14,27.80,46.48,1008.78
2788,250.83,28.14,27.80,46.46,1008.78
2789,250.92,28.14,27.80,46.46,1008.79
2790,251.01,28.14,27.79,46.45,1008.79
2791,251.10,28.13,27.79,46.46,1008.79
2792,251.19,28.14,27.79,46.47,1008.79
2793,251.28,28.13,27.79,46.48,1008.80
2794,251.37,28.13,27.79,46.47,1008.80
2795,251.46,28.13,27.79,46.48,1008.80
2796,251.55,28.13,27.78,46.47,1008.80
2797,251.64,28.13,27.78,46.45,1008.80
2798,251.73,28.13,27.78,46.44,1008.80
2799,251.82,28.12,27.78,46.43,1008.80
2800,251.91,28.12,27.77,46.43,1008.80
2801,252.00,28.12,27.77,46.42,1008.80
2802,252.09,28.11,27.78,46.43,1008.80
2803,252.18,28.11,27.77,46.44,1008.80
2804,252.27,28.12,27.78,46.45,1008.80
2805,252.36,28.12,27.78,46.44,1008.80
2806,252.45,28.12,27.78,46.45,1008.80
2807,252.54,28.12,27.78,46.43,1008.81
2808,252.63,28.11,27.77,46.44,1008.81
2809,252.72,28.11,27.77,46.44,1008.81
2810,252.81,28.11,27.78,46.45,1008.81
2811,252.90,28.10,27.77,46.44,1008.81
2812,252.99,28.10,27.76,46.43,1008.81
2813,253.08,28.10,27.76,46.43,1008.81
2814,253.17,28.09,27.77,46.42,1008.81
2815,253.26,28.10,27.77,46.43,1008.81
2816,253.35,28.09,27.76,46.43,1008.81
2817,253.44,28.09,27.75,46.42,1008.81
2818,253.53,28.09,27.75,46.40,1008.81
2819,253.62,28.10,27.76,46.41,1008.81
2820,253.71,28.10,27.76,46.40,1008.81
2821,253.80,28.10,27.76,46.42,1008.81
2822,253.89,28.17,27.76,46.42,1008.80
2823,253.98,28.13,27.77,46.42,1008.81
2824,254.07,28.11,27.77,46.44,1008.81
2825,254.16,28.11,27.77,46.43,1008.81
2826,254.25,28.10,27.77,46.41,1008.81
2827,254.34,28.11,27.77,46.42,1008.81
2828,254.43,28.10,27.78,46.40,1008.81
2829,254.52,28.10,27.78,46.39,1008.81
2830,254.61,28.10,27.78,46.39,1008.81
2831,254.70,28.09,27.78,46.39,1008.80
2832,254.79,28.09,27.77,46.40,1008.80
2833,254.88,28.09,27.77,46.40,1008.80
2834,254.97,28.08,27.78,46.40,1008.80
2835,255.06,28.08,27.78,46.40,1008.80
2836,255.15,28.07,27.79,46.39,1008.80
2837,255.24,28.08,27.79,46.38,1008.80
2838,255.33,28.07,27.79,46.38,1008.79
2839,255.42,28.07,27.79,46.37,1008.79
2840,255.51,28.07,27.78,46.35,1008.78
2841,255.60,28.07,27.78,46.34,1008.78
2842,255.69,28.08,27.78,46.31,1008.78
2843,255.78,28.08,27.77,46.30,1008.78
2844,255.87,28.08,27.77,46.31,1008.78
2845,255.96,28.09,27.77,46.32,1008.79
2846,256.05,27.99,27.75,46.32,1008.79
2847,256.14,28.08,27.77,46.32,1008.79
2848,256.23,28.05,27.77,46.28,1008.78
2849,256.32,28.07,27.78,46.28,1008.78
2850,256.41,28.06,27.77,46.29,1008.78
2851,256.50,28.06,27.77,46.28,1008.78
2852,256.59,28.06,27.76,46.27,1008.78
2853,256.68,28.06,27.76,46.26,1008.78
2854,256.77,28.06,27.76,46.24,1008.78
2855,256.86,28.05,27.76,46.25,1008.78
2856,256.95,28.05,27.76,46.24,1008.78
2857,257.04,28.04,27.76,46.20,1008.79
2858,257.13,28.04,27.76,46.22,1008.79
2859,257.22,28.04,27.75,46.24,1008.80
2860,257.31,28.04,27.75,46.24,1008.80
2861,257.40,28.04,27.75,46.24,1008.81
2862,257.49,28.04,27.75,46.23,1008.81
2863,257.58,28.04,27.75,46.24,1008.82
2864,257.67,28.04,27.74,46.23,1008.83
2865,257.76,28.03,27.74,46.24,1008.83
2866,257.85,28.03,27.74,46.25,1008.83
2867,257.94,28.04,27.75,46.25,1008.82
2868,258.03,28.04,27.75,46.25,1008.82
2869,258.12,28.04,27.75,46.24,1008.82
2870,258.21,28.04,27.74,46.24,1008.82
2871,258.30,28.05,27.73,46.24,1008.81
2872,258.39,28.05,27.73,46.24,1008.81
2873,258.48,28.05,27.74,46.25,1008.81
2874,258.57,28.05,27.73,46.26,1008.81
2875,258.66,28.05,27.73,46.25,1008.81
2876,258.75,28.05,27.73,46.25,1008.81
2877,258.84,28.05,27.73,46.24,1008.81
2878,258.93,28.05,27.73,46.24,1008.82
2879,259.02,28.04,27.72,46.24,1008.81
2880,259.11,28.04,27.72,46.26,1008.81
2881,259.20,28.04,27.71,46.27,1008.81
2882,259.29,28.04,27.70,46.25,1008.81
2883,259.38,28.05,27.70,46.28,1008.82
2884,259.47,28.04,27.71,46.27,1008.82
2885,259.56,28.04,27.71,46.28,1008.82
2886,259.65,28.04,27.71,46.27,1008.82
2887,259.74,28.04,27.71,46.27,1008.82
2888,259.83,28.04,27.71,46.29,1008.82
2889,259.92,28.04,27.72,46.28,1008.82
2890,260.01,28.04,27.72,46.30,1008.81
2891,260.10,28.03,27.73,46.29,1008.82
2892,260.19,28.04,27.73,46.30,1008.82
2893,260.28,28.04,27.74,46.28,1008.82
2894,260.37,28.03,27.74,46.26,1008.81
2895,260.46,28.04,27.74,46.26,1008.81
2896,260.55,28.04,27.74,46.26,1008.81
2897,260.64,28.04,27.74,46.25,1008.81
2898,260.73,28.04,27.74,46.26,1008.81
2899,260.82,28.04,27.73,46.25,1008.80
2900,260.91,28.04,27.74,46.27,1008.80
2901,261.00,28.04,27.74,46.25,1008.80
2902,261.09,28.04,27.73,46.23,1008.81
2903,261.18,28.04,27.72,46.24,1008.81
2904,261.27,28.03,27.73,46.24,1008.80
2905,261.36,28.03,27.73,46.24,1008.80
2906,261.45,28.02,27.73,46.23,1008.80
2907,261.54,28.03,27.73,46.24,1008.80
2908,261.63,28.03,27.73,46.24,1008.80
2909,261.72,28.02,27.74,46.23,1008.80
2910,261.81,28.02,27.73,46.22,1008.80
2911,261.90,28.01,27.73,46.21,1008.79
2912,261.99,28.01,27.74,46.20,1008.79
2913,262.08,28.02,27.74,46.22,1008.78
2914,262.17,28.01,27.74,46.23,1008.78
2915,262.26,28.01,27.74,46.21,1008.78
2916,262.35,28.01,27.73,46.23,1008.77
2917,262.44,28.00,27.73,46.21,1008.77
2918,262.53,28.00,27.73,46.25,1008.78
2919,262.62,28.00,27.74,46.25,1008.78
2920,262.71,28.00,27.74,46.25,1008.78
2921,262.80,28.00,27.74,46.27,1008.77
2922,262.89,28.01,27.73,46.24,1008.77
2923,262.98,28.00,27.73,46.23,1008.77
2924,263.07,28.01,27.74,46.24,1008.76
2925,263.16,28.00,27.74,46.25,1008.77
2926,263.25,28.00,27.74,46.25,1008.77
2927,263.34,28.00,27.73,46.26,1008.77
2928,263.43,28.01,27.73,46.27,1008.77
2929,263.52,28.00,27.74,46.28,1008.77
2930,263.61,28.00,27.73,46.28,1008.77
2931,263.70,28.00,27.73,46.27,1008.77
2932,263.79,28.01,27.72,46.26,1008.77
2933,263.88,28.01,27.73,46.25,1008.78
2934,263.97,28.00,27.72,46.24,1008.78
2935,264.06,27.99,27.72,46.25,1008.78
2936,264.15,28.00,27.72,46.24,1008.78
2937,264.24,28.01,27.73,46.23,1008.78
2938,264.33,28.00,27.74,46.23,1008.78
2939,264.42,28.00,27.74,46.23,1008.78
2940,264.51,28.02,27.73,46.22,1008.78
2941,264.60,28.01,27.73,46.23,1008.79
2942,264.69,28.01,27.72,46.23,1008.78
2943,264.78,28.01,27.72,46.23,1008.78
2944,264.87,28.01,27.72,46.23,1008.78
2945,264.96,28.02,27.71,46.23,1008.78
2946,265.05,28.03,27.72,46.22,1008.78
2947,265.14,28.03,27.72,46.26,1008.78
2948,265.23,28.03,27.71,46.25,1008.78
2949,265.32,28.02,27.70,46.23,1008.78
2950,265.41,28.01,27.70,46.22,1008.78
2951,265.50,28.01,27.70,46.21,1008.78
2952,265.59,28.01,27.69,46.20,1008.78
2953,265.68,28.01,27.70,46.19,1008.78
2954,265.77,28.00,27.71,46.19,1008.78
2955,265.86,28.01,27.71,46.18,1008.78
2956,265.95,28.01,27.70,46.17,1008.78
2957,266.04,28.00,27.70,46.17,1008.78
2958,266.13,28.01,27.70,46.16,1008.78
2959,266.22,28.00,27.70,46.17,1008.78
2960,266.31,28.01,27.70,46.17,1008.78
2961,266.40,28.00,27.70,46.18,1008.77
2962,266.49,28.00,27.70,46.18,1008.78
2963,266.58,27.99,27.70,46.17,1008.77
2964,266.67,27.99,27.70,46.18,1008.77
2965,266.76,27.99,27.70,46.18,1008.77
2966,266.85,27.99,27.70,46.19,1008.77
2967,266.94,27.99,27.70,46.19,1008.77
2968,267.03,28.00,27.71,46.20,1008.77
2969,267.12,27.99,27.70,46.19,1008.77
2970,267.21,28.00,27.70,46.20,1008.77
2971,267.30,28.00,27.70,46.20,1008.77
2972,267.39,28.00,27.70,46.20,1008.76
2973,267.48,28.00,27.69,46.20,1008.76
2974,267.57,28.00,27.70,46.19,1008.76
2975,267.66,28.01,27.70,46.21,1008.76
2976,267.75,28.00,27.70,46.22,1008.77
2977,267.84,28.00,27.68,46.21,1008.77
2978,267.93,28.00,27.68,46.22,1008.77
2979,268.02,27.99,27.69,46.22,1008.77
2980,268.11,27.99,27.69,46.21,1008.77
2981,268.20,27.99,27.69,46.23,1008.77
2982,268.29,27.99,27.69,46.22,1008.77
2983,268.38,27.98,27.69,46.23,1008.77
2984,268.47,27.98,27.69,46.24,1008.77
2985,268.56,27.98,27.69,46.23,1008.77
2986,268.65,27.96,27.70,46.22,1008.77
2987,268.74,27.96,27.70,46.21,1008.77
2988,268.83,27.96,27.71,46.21,1008.77
2989,268.92,27.96,27.71,46.20,1008.77
2990,269.01,27.97,27.71,46.18,1008.77
2991,269.10,27.96,27.70,46.18,1008.77
2992,269.19,27.96,27.70,46.19,1008.78
2993,269.28,27.96,27.70,46.20,1008.78
2994,269.37,27.96,27.76,46.19,1008.77
2995,269.46,27.95,27.72,46.18,1008.77
2996,269.55,27.95,27.69,46.20,1008.77
2997,269.64,27.95,27.69,46.22,1008.78
2998,269.73,27.95,27.69,46.22,1008.78
2999,269.82,27.95,27.68,46.23,1008.78
3000,269.91,27.94,27.68,46.24,1008.77
3001,270.00,27.93,27.69,46.23,1008.77
3002,270.09,27.93,27.69,46.24,1008.77
3003,270.18,27.93,27.69,46.24,1008.76
3004,270.27,27.93,27.68,46.25,1008.77
3005,270.36,27.93,27.68,46.26,1008.77
3006,270.45,27.93,27.67,46.25,1008.77
3007,270.54,27.93,27.68,46.26,1008.78
3008,270.63,27.92,27.68,46.27,1008.78
3009,270.72,27.93,27.68,46.27,1008.78
3010,270.81,27.93,27.68,46.27,1008.77
3011,270.90,27.93,27.69,46.27,1008.77
3012,270.99,27.93,27.69,46.26,1008.77
3013,271.08,27.93,27.69,46.25,1008.77
3014,271.17,27.94,27.69,46.25,1008.77
3015,271.26,27.94,27.68,46.26,1008.77
3016,271.35,27.93,27.68,46.24,1008.77
3017,271.44,27.92,27.68,46.25,1008.77
3018,271.53,27.92,27.68,46.23,1008.77
3019,271.62,27.92,27.67,46.22,1008.77
3020,271.71,27.92,27.67,46.20,1008.77
3021,271.80,27.92,27.68,46.21,1008.77
3022,271.89,27.92,27.68,46.22,1008.77
3023,271.98,27.92,27.67,46.23,1008.77
3024,272.07,27.92,27.67,46.23,1008.77
3025,272.16,27.92,27.66,46.25,1008.77
3026,272.25,27.93,27.67,46.27,1008.77
3027,272.34,27.93,27.67,46.27,1008.77
3028,272.43,27.92,27.67,46.26,1008.77
3029,272.52,27.92,27.68,46.28,1008.77
3030,272.61,27.93,27.68,46.26,1008.77
3031,272.70,27.93,27.68,46.26,1008.77
3032,272.79,27.93,27.67,46.25,1008.77
3033,272.88,27.93,27.67,46.25,1008.78
3034,272.97,27.93,27.67,46.24,1008.78
3035,273.06,27.93,27.67,46.23,1008.78
3036,273.15,27.92,27.68,46.22,1008.78
3037,273.24,27.92,27.67,46.19,1008.78
3038,273.33,27.92,27.68,46.18,1008.78
3039,273.42,27.93,27.68,46.19,1008.78
3040,273.51,27.94,27.68,46.19,1008.79
3041,273.60,27.94,27.68,46.19,1008.78
3042,273.69,27.94,27.67,46.19,1008.78
3043,273.78,27.94,27.68,46.18,1008.78
3044,273.87,27.94,27.68,46.17,1008.78
3045,273.96,27.94,27.68,46.15,1008.79
3046,274.05,27.94,27.69,46.15,1008.78
3047,274.14,27.94,27.68,46.14,1008.78
3048,274.23,27.94,27.68,46.17,1008.79
3049,274.32,27.93,27.68,46.16,1008.79
3050,274.41,27.92,27.68,46.16,1008.78
3051,274.50,27.92,27.69,46.16,1008.78
3052,274.59,27.92,27.68,46.17,1008.78
3053,274.68,27.93,27.69,46.18,1008.78
3054,274.77,27.93,27.67,46.17,1008.78
3055,274.86,27.92,27.67,46.17,1008.79
3056,274.95,27.93,27.66,46.17,1008.79
3057,275.04,27.93,27.66,46.16,1008.79
3058,275.13,27.94,27.66,46.16,1008.79
3059,275.22,27.94,27.65,46.15,1008.79
3060,275.31,27.94,27.66,46.17,1008.79
3061,275.40,27.94,27.67,46.18,1008.79
3062,275.49,27.94,27.66,46.18,1008.79
3063,275.58,27.93,27.65,46.18,1008.80
3064,275.67,27.93,27.65,46.16,1008.80
3065,275.76,27.92,27.65,46.15,1008.80
3066,275.85,27.92,27.65,46.18,1008.80
3067,275.94,27.92,27.65,46.17,1008.80
3068,276.03,27.92,27.64,46.18,1008.80
3069,276.12,27.92,27.64,46.20,1008.80
3070,276.21,27.91,27.64,46.22,1008.80
3071,276.30,27.91,27.63,46.22,1008.80
3072,276.39,27.90,27.63,46.23,1008.81
3073,276.48,27.91,27.62,46.24,1008.80
3074,276.57,27.92,27.62,46.23,1008.80
3075,276.66,27.92,27.61,46.22,1008.80
3076,276.75,27.92,27.61,46.20,1008.81
3077,276.84,27.91,27.60,46.20,1008.80
3078,276.93,27.91,27.59,46.20,1008.80
3079,277.02,27.91,27.59,46.21,1008.80
3080,277.11,27.91,27.60,46.18,1008.80
3081,277.20,27.91,27.60,46.20,1008.80
3082,277.29,27.90,27.60,46.19,1008.80
3083,277.38,27.90,27.60,46.19,1008.80
3084,277.47,27.90,27.60,46.18,1008.79
3085,277.56,27.90,27.60,46.17,1008.79
3086,277.65,27.90,27.60,46.15,1008.80
3087,277.74,27.90,27.60,46.15,1008.80
3088,277.83,27.91,27.61,46.16,1008.80
3089,277.92,27.91,27.61,46.16,1008.79
3090,278.01,27.91,27.62,46.16,1008.80
3091,278.10,27.91,27.62,46.17,1008.80
3092,278.19,27.90,27.62,46.17,1008.80
3093,278.28,27.91,27.62,46.17,1008.80
3094,278.37,27.91,27.62,46.16,1008.79
3095,278.46,27.90,27.62,46.18,1008.80
3096,278.55,27.91,27.62,46.17,1008.80
3097,278.64,27.90,27.61,46.18,1008.80
3098,278.73,27.91,27.61,46.18,1008.80
3099,278.82,27.90,27.61,46.16,1008.80
3100,278.91,27.91,27.61,46.15,1008.79
3101,279.00,27.91,27.61,46.15,1008.79
3102,279.09,27.91,27.62,46.16,1008.79
3103,279.18,27.91,27.63,46.16,1008.79
3104,279.27,27.91,27.64,46.17,1008.79
3105,279.36,27.90,27.65,46.17,1008.79
3106,279.45,27.89,27.66,46.19,1008.79
3107,279.54,27.89,27.65,46.18,1008.79
3108,279.63,27.89,27.66,46.18,1008.79
3109,279.72,27.89,27.66,46.18,1008.80
3110,279.81,27.89,27.66,46.18,1008.80
3111,279.90,27.88,27.66,46.19,1008.80
3112,279.99,27.88,27.65,46.19,1008.80
3113,280.08,27.88,27.65,46.18,1008.80
3114,280.17,27.89,27.65,46.18,1008.80
3115,280.26,27.88,27.65,46.17,1008.79
3116,280.35,27.88,27.65,46.17,1008.79
3117,280.44,27.87,27.65,46.17,1008.80
3118,280.53,27.87,27.65,46.15,1008.79
3119,280.62,27.87,27.64,46.17,1008.80
3120,280.71,27.87,27.65,46.16,1008.79
3121,280.80,27.87,27.65,46.15,1008.80
3122,280.89,27.87,27.64,46.14,1008.80
3123,280.98,27.86,27.64,46.13,1008.80
3124,281.07,27.87,27.63,46.13,1008.80
3125,281.16,27.86,27.64,46.12,1008.80
3126,281.25,27.86,27.63,46.13,1008.80
3127,281.34,27.86,27.63,46.12,1008.81
3128,281.43,27.86,27.63,46.14,1008.80
3129,281.52,27.86,27.63,46.14,1008.81
3130,281.61,27.86,27.63,46.14,1008.81
3131,281.70,27.86,27.62,46.15,1008.81
3132,281.79,27.87,27.62,46.15,1008.81
3133,281.88,27.87,27.62,46.14,1008.81
3134,281.97,27.87,27.61,46.15,1008.81
3135,282.06,27.87,27.61,46.14,1008.81
3136,282.15,27.87,27.61,46.13,1008.81
3137,282.24,27.87,27.61,46.11,1008.81
3138,282.33,27.87,27.61,46.13,1008.81
3139,282.42,27.87,27.60,46.12,1008.81
3140,282.51,27.87,27.60,46.12,1008.81
3141,282.60,27.87,27.60,46.12,1008.81
3142,282.69,27.87,27.59,46.13,1008.82
3143,282.78,27.88,27.59,46.11,1008.81
3144,282.87,27.88,27.59,46.10,1008.81
3145,282.96,27.88,27.59,46.10,1008.82
3146,283.05,27.88,27.59,46.11,1008.82
3147,283.14,27.88,27.59,46.09,1008.82
3148,283.23,27.88,27.59,46.08,1008.82
3149,283.32,27.88,27.58,46.10,1008.81
3150,283.41,27.88,27.58,46.10,1008.81
3151,283.50,27.89,27.59,46.09,1008.81
3152,283.59,27.89,27.59,46.08,1008.81
3153,283.68,27.88,27.58,46.09,1008.80
3154,283.77,27.88,27.57,46.10,1008.80
3155,283.86,27.89,27.57,46.09,1008.80
3156,283.95,27.89,27.57,46.07,1008.80
3157,284.04,27.89,27.57,46.06,1008.80
3158,284.13,27.89,27.56,46.05,1008.80
3159,284.22,27.88,27.56,46.02,1008.80
3160,284.31,27.88,27.56,46.03,1008.80
3161,284.40,27.89,27.57,46.01,1008.81
3162,284.49,27.88,27.57,46.00,1008.81
3163,284.58,27.88,27.56,45.99,1008.80
3164,284.67,27.88,27.57,45.98,1008.80
3165,284.76,27.88,27.57,45.98,1008.80
3166,284.85,27.88,27.57,45.99,1008.80
3167,284.94,27.88,27.58,45.98,1008.80
3168,285.03,27.87,27.58,45.98,1008.80
3169,285.12,27.88,27.58,45.99,1008.80
3170,285.21,27.88,27.57,45.97,1008.80
3171,285.30,27.88,27.58,45.96,1008.80
3172,285.39,27.88,27.58,45.96,1008.80
3173,285.48,27.88,27.59,45.96,1008.80
3174,285.57,27.87,27.59,45.96,1008.79
3175,285.66,27.88,27.59,45.96,1008.79
3176,285.75,27.88,27.60,45.97,1008.79
3177,285.84,27.87,27.61,45.96,1008.80
3178,285.93,27.87,27.62,45.97,1008.80
3179,286.02,27.87,27.62,45.95,1008.79
3180,286.11,27.87,27.62,45.95,1008.79
3181,286.20,27.87,27.62,45.96,1008.79
3182,286.29,27.87,27.62,45.96,1008.79
3183,286.38,27.87,27.62,45.96,1008.79
3184,286.47,27.87,27.63,45.99,1008.79
3185,286.56,27.88,27.64,45.96,1008.79
3186,286.65,27.88,27.65,45.97,1008.79
3187,286.74,27.88,27.65,45.97,1008.79
3188,286.83,27.88,27.64,45.97,1008.79
3189,286.92,27.88,27.64,45.98,1008.79
3190,287.01,27.87,27.65,45.98,1008.79
3191,287.10,27.87,27.66,45.98,1008.78
3192,287.19,27.87,27.65,45.97,1008.78
3193,287.28,27.87,27.66,45.96,1008.78
3194,287.37,27.86,27.66,45.98,1008.79
3195,287.46,27.86,27.66,45.99,1008.79
3196,287.55,27.86,27.66,45.98,1008.79
3197,287.64,27.86,27.66,45.98,1008.79
3198,287.73,27.86,27.65,45.97,1008.79
3199,287.82,27.86,27.64,45.97,1008.79
3200,287.91,27.85,27.63,45.96,1008.78
3201,288.00,27.85,27.63,45.95,1008.78
3202,288.09,27.85,27.63,45.92,1008.78
3203,288.18,27.84,27.63,45.94,1008.79
3204,288.27,27.85,27.62,45.94,1008.79
3205,288.36,27.85,27.61,45.93,1008.80
3206,288.45,27.85,27.61,45.93,1008.80
3207,288.54,27.85,27.61,45.92,1008.79
3208,288.63,27.86,27.61,45.92,1008.80
3209,288.72,27.86,27.60,45.90,1008.79
3210,288.81,27.87,27.60,45.91,1008.79
3211,288.90,27.86,27.60,45.92,1008.79
3212,288.99,27.86,27.60,45.92,1008.79
3213,289.08,27.85,27.59,45.91,1008.79
3214,289.17,27.86,27.60,45.88,1008.79
3215,289.26,27.85,27.58,45.88,1008.78
3216,289.35,27.85,27.57,45.91,1008.78
3217,289.44,27.85,27.57,45.89,1008.78
3218,289.53,27.85,27.57,45.89,1008.78
3219,289.62,27.85,27.57,45.91,1008.79
3220,289.71,27.84,27.57,45.90,1008.79
3221,289.80,27.84,27.57,45.90,1008.79
3222,289.89,27.84,27.56,45.90,1008.79
3223,289.98,27.84,27.55,45.92,1008.79
3224,290.07,27.83,27.54,45.91,1008.79
3225,290.16,27.82,27.54,45.94,1008.78
3226,290.25,27.82,27.55,45.95,1008.79
3227,290.34,27.82,27.54,45.96,1008.78
3228,290.43,27.82,27.54,45.96,1008.78
3229,290.52,27.83,27.54,45.96,1008.78
3230,290.61,27.82,27.53,45.96,1008.79
3231,290.70,27.83,27.53,45.95,1008.79
3232,290.79,27.83,27.53,45.98,1008.79
3233,290.88,27.83,27.53,45.97,1008.79
3234,290.97,27.84,27.53,45.99,1008.79
3235,291.06,27.83,27.53,45.97,1008.79
3236,291.15,27.83,27.53,45.97,1008.79
3237,291.24,27.82,27.54,45.98,1008.79
3238,291.33,27.83,27.54,45.98,1008.79
3239,291.42,27.83,27.54,45.97,1008.79
3240,291.51,27.83,27.54,45.97,1008.79
3241,291.60,27.83,27.54,45.97,1008.79
3242,291.69,27.83,27.54,45.97,1008.79
3243,291.78,27.82,27.54,45.97,1008.79
3244,291.87,27.83,27.55,45.95,1008.79
3245,291.96,27.83,27.55,45.95,1008.79
3246,292.05,27.83,27.55,45.96,1008.79
3247,292.14,27.83,27.55,45.96,1008.80
3248,292.23,27.82,27.56,45.95,1008.79
3249,292.32,27.81,27.56,45.93,1008.79
3250,292.41,27.81,27.56,45.94,1008.79
3251,292.50,27.81,27.55,45.94,1008.79
3252,292.59,27.81,27.55,45.93,1008.79
3253,292.68,27.81,27.55,45.94,1008.79
3254,292.77,27.81,27.55,45.94,1008.79
3255,292.86,27.81,27.56,45.93,1008.78
3256,292.95,27.81,27.57,45.93,1008.78
3257,293.04,27.81,27.57,45.93,1008.78
3258,293.13,27.80,27.58,45.92,1008.78
3259,293.22,27.81,27.58,45.95,1008.78
3260,293.31,27.80,27.59,45.94,1008.78
3261,293.40,27.80,27.58,45.95,1008.78
3262,293.49,27.81,27.59,45.93,1008.77
3263,293.58,27.80,27.58,45.93,1008.77
3264,293.67,27.81,27.58,45.91,1008.77
3265,293.76,27.81,27.58,45.93,1008.77
3266,293.85,27.80,27.58,45.95,1008.77
3267,293.94,27.80,27.57,45.97,1008.76
3268,294.03,27.80,27.58,45.97,1008.77
3269,294.12,27.80,27.58,45.96,1008.77
3270,294.21,27.80,27.58,45.95,1008.77
3271,294.30,27.81,27.58,45.94,1008.77
3272,294.39,27.81,27.58,45.94,1008.77
3273,294.48,27.81,27.58,45.94,1008.76
3274,294.57,27.80,27.58,45.95,1008.76
3275,294.66,27.80,27.59,45.92,1008.76
3276,294.75,27.80,27.58,45.94,1008.77
3277,294.84,27.79,27.59,45.95,1008.77
3278,294.93,27.80,27.58,45.95,1008.77
3279,295.02,27.80,27.58,45.94,1008.77
3280,295.11,27.80,27.58,45.94,1008.77
3281,295.20,27.80,27.57,45.92,1008.76
3282,295.29,27.80,27.56,45.91,1008.76
3283,295.38,27.80,27.56,45.95,1008.76
3284,295.47,27.79,27.56,45.94,1008.76
3285,295.56,27.79,27.55,45.95,1008.76
3286,295.65,27.79,27.55,45.95,1008.76
3287,295.74,27.79,27.55,45.95,1008.76
3288,295.83,27.79,27.55,45.93,1008.77
3289,295.92,27.80,27.54,45.92,1008.77
3290,296.01,27.80,27.53,45.90,1008.77
3291,296.10,27.80,27.52,45.90,1008.77
3292,296.19,27.80,27.52,45.89,1008.78
3293,296.28,27.81,27.53,45.88,1008.78
3294,296.37,27.82,27.53,45.88,1008.78
3295,296.46,27.81,27.52,45.87,1008.78
3296,296.55,27.81,27.51,45.86,1008.78
3297,296.64,27.81,27.51,45.87,1008.78
3298,296.73,27.81,27.52,45.88,1008.79
3299,296.82,27.82,27.52,45.89,1008.79
3300,296.91,27.83,27.53,45.91,1008.79
3301,297.00,27.83,27.53,45.89,1008.80
3302,297.09,27.83,27.54,45.92,1008.80
3303,297.18,27.84,27.54,45.95,1008.79
3304,297.27,27.84,27.55,45.94,1008.79
3305,297.36,27.84,27.55,45.93,1008.80
3306,297.45,27.84,27.55,45.93,1008.79
3307,297.54,27.84,27.56,45.94,1008.80
3308,297.63,27.84,27.56,45.93,1008.79
3309,297.72,27.83,27.56,45.94,1008.80
3310,297.81,27.84,27.56,45.95,1008.80
3311,297.90,27.84,27.56,45.96,1008.80
3312,297.99,27.84,27.55,45.95,1008.80
3313,298.08,27.84,27.56,45.96,1008.80
3314,298.17,27.85,27.56,45.97,1008.80
3315,298.26,27.85,27.56,45.94,1008.80
3316,298.35,27.86,27.56,45.96,1008.80
3317,298.44,27.86,27.57,45.96,1008.80
3318,298.53,27.86,27.56,45.96,1008.80
3319,298.62,27.87,27.55,45.98,1008.80
3320,298.71,27.87,27.56,45.97,1008.80
3321,298.80,27.87,27.56,45.96,1008.80
3322,298.89,27.87,27.56,45.95,1008.80
3323,298.98,27.87,27.56,45.95,1008.80
3324,299.07,27.87,27.56,45.96,1008.80
3325,299.16,27.87,27.55,45.96,1008.80
3326,299.25,27.87,27.55,45.98,1008.80
3327,299.34,27.87,27.55,46.00,1008.80
3328,299.43,27.88,27.54,45.97,1008.80
3329,299.52,27.88,27.54,45.97,1008.80
3330,299.61,27.87,27.55,45.98,1008.80
3331,299.70,27.87,27.55,45.99,1008.80
3332,299.79,27.86,27.55,45.98,1008.80
3333,299.88,27.86,27.56,46.00,1008.80
3334,299.97,27.85,27.55,45.98,1008.79
3335,300.06,27.85,27.57,45.98,1008.79
3336,300.15,27.85,27.57,45.97,1008.78
3337,300.24,27.85,27.58,45.97,1008.78
3338,300.33,27.84,27.58,45.97,1008.79
3339,300.42,27.84,27.59,45.97,1008.78
3340,300.51,27.83,27.60,45.98,1008.78
3341,300.60,27.83,27.60,45.97,1008.78
3342,300.69,27.83,27.59,45.97,1008.78
3343,300.78,27.82,27.60,45.96,1008.78
3344,300.87,27.82,27.60,45.99,1008.78
3345,300.96,27.82,27.61,45.98,1008.78
3346,301.05,27.82,27.60,45.99,1008.78
3347,301.14,27.82,27.59,45.97,1008.79
3348,301.23,27.82,27.58,45.94,1008.78
3349,301.32,27.81,27.58,45.94,1008.78
3350,301.41,27.80,27.56,45.92,1008.78
3351,301.50,27.79,27.56,45.93,1008.78
3352,301.59,27.80,27.55,45.92,1008.78
3353,301.68,27.80,27.54,45.92,1008.78
3354,301.77,27.79,27.54,45.92,1008.78
3355,301.86,27.79,27.53,45.90,1008.78
3356,301.95,27.79,27.53,45.90,1008.78
3357,302.04,27.79,27.52,45.89,1008.78
3358,302.13,27.78,27.52,45.88,1008.78
3359,302.22,27.78,27.52,45.90,1008.79
3360,302.31,27.78,27.51,45.88,1008.78
3361,302.40,27.78,27.51,45.89,1008.78
3362,302.49,27.78,27.51,45.87,1008.79
3363,302.58,27.78,27.50,45.86,1008.79
3364,302.67,27.78,27.51,45.86,1008.79
3365,302.76,27.78,27.50,45.88,1008.79
3366,302.85,27.77,27.50,45.87,1008.79
3367,302.94,27.78,27.52,45.86,1008.79
3368,303.03,27.77,27.51,45.85,1008.79
3369,303.12,27.77,27.51,45.86,1008.79
3370,303.21,27.77,27.51,45.86,1008.80
3371,303.30,27.77,27.52,45.87,1008.81
3372,303.39,27.76,27.51,45.88,1008.80
3373,303.48,27.76,27.50,45.89,1008.80
3374,303.57,27.76,27.51,45.89,1008.80
3375,303.66,27.75,27.51,45.89,1008.80
3376,303.75,27.75,27.50,45.90,1008.80
3377,303.84,27.76,27.49,45.91,1008.80
3378,303.93,27.75,27.48,45.91,1008.80
3379,304.02,27.75,27.48,45.88,1008.80
3380,304.11,27.76,27.48,45.87,1008.80
3381,304.20,27.75,27.49,45.87,1008.80
3382,304.29,27.75,27.49,45.86,1008.80
3383,304.38,27.75,27.48,45.86,1008.79
3384,304.47,27.75,27.48,45.85,1008.79
3385,304.56,27.76,27.49,45.88,1008.79
3386,304.65,27.75,27.48,45.89,1008.80
3387,304.74,27.74,27.48,45.88,1008.80
3388,304.83,27.74,27.49,45.88,1008.80
3389,304.92,27.74,27.49,45.87,1008.80
3390,305.01,27.74,27.49,45.87,1008.80
3391,305.10,27.75,27.48,45.88,1008.80
3392,305.19,27.75,27.49,45.87,1008.80
3393,305.28,27.75,27.49,45.89,1008.80
3394,305.37,27.76,27.48,45.88,1008.80
3395,305.46,27.76,27.47,45.86,1008.80
3396,305.55,27.76,27.47,45.86,1008.80
3397,305.64,27.76,27.47,45.86,1008.80
3398,305.73,27.76,27.47,45.85,1008.80
3399,305.82,27.76,27.47,45.84,1008.80
3400,305.91,27.76,27.47,45.83,1008.80
3401,306.00,27.76,27.47,45.84,1008.81
3402,306.09,27.76,27.47,45.84,1008.81
3403,306.18,27.76,27.47,45.85,1008.80
3404,306.27,27.76,27.47,45.84,1008.80
3405,306.36,27.77,27.48,45.85,1008.80
3406,306.45,27.77,27.47,45.85,1008.80
3407,306.54,27.77,27.48,45.86,1008.80
3408,306.63,27.77,27.47,45.85,1008.80
3409,306.72,27.78,27.47,45.83,1008.80
3410,306.81,27.78,27.48,45.82,1008.80
3411,306.90,27.77,27.48,45.81,1008.80
3412,306.99,27.77,27.48,45.82,1008.79
3413,307.08,27.77,27.48,45.81,1008.79
3414,307.17,27.77,27.48,45.81,1008.79
3415,307.26,27.77,27.49,45.81,1008.79
3416,307.35,27.77,27.48,45.81,1008.79
3417,307.44,27.77,27.48,45.81,1008.80
3418,307.53,27.77,27.48,45.81,1008.80
3419,307.62,27.77,27.48,45.81,1008.80
3420,307.71,27.76,27.49,45.84,1008.80
3421,307.80,27.77,27.49,45.85,1008.80
3422,307.89,27.77,27.50,45.85,1008.80
3423,307.98,27.77,27.50,45.84,1008.80
3424,308.07,27.77,27.49,45.84,1008.79
3425,308.16,27.77,27.50,45.85,1008.79
3426,308.25,27.77,27.51,45.85,1008.80
3427,308.34,27.77,27.50,45.83,1008.80
3428,308.43,27.77,27.50,45.83,1008.80
3429,308.52,27.77,27.50,45.82,1008.80
3430,308.61,27.77,27.49,45.81,1008.79
3431,308.70,27.77,27.49,45.82,1008.79
3432,308.79,27.76,27.49,45.82,1008.79
3433,308.88,27.75,27.49,45.81,1008.79
3434,308.97,27.75,27.48,45.82,1008.79
3435,309.06,27.76,27.48,45.82,1008.79
3436,309.15,27.75,27.48,45.81,1008.79
3437,309.24,27.75,27.48,45.80,1008.79
3438,309.33,27.75,27.48,45.80,1008.78
3439,309.42,27.75,27.49,45.80,1008.78
3440,309.51,27.75,27.48,45.80,1008.78
3441,309.60,27.75,27.47,45.81,1008.78
3442,309.69,27.75,27.47,45.82,1008.78
3443,309.78,27.75,27.47,45.82,1008.78
3444,309.87,27.75,27.48,45.85,1008.78
3445,309.96,27.76,27.49,45.83,1008.78
3446,310.05,27.76,27.50,45.83,1008.78
3447,310.14,27.76,27.49,45.85,1008.78
3448,310.23,27.75,27.49,45.85,1008.78
3449,310.32,27.75,27.49,45.85,1008.78
3450,310.41,27.75,27.50,45.85,1008.78
3451,310.50,27.75,27.50,45.85,1008.78
3452,310.59,27.75,27.50,45.85,1008.78
3453,310.68,27.75,27.50,45.85,1008.78
3454,310.77,27.76,27.49,45.84,1008.78
3455,310.86,27.76,27.49,45.86,1008.78
3456,310.95,27.76,27.49,45.84,1008.77
3457,311.04,27.76,27.50,45.81,1008.77
3458,311.13,27.76,27.50,45.81,1008.77
3459,311.22,27.76,27.51,45.83,1008.77
3460,311.31,27.76,27.51,45.82,1008.77
3461,311.40,27.76,27.51,45.82,1008.77
3462,311.49,27.76,27.51,45.83,1008.77
3463,311.58,27.75,27.51,45.81,1008.77
3464,311.67,27.76,27.50,45.81,1008.77
3465,311.76,27.75,27.49,45.84,1008.77
3466,311.85,27.75,27.49,45.85,1008.78
3467,311.94,27.75,27.49,45.84,1008.78
3468,312.03,27.74,27.49,45.85,1008.78
3469,312.12,27.74,27.50,45.85,1008.78
3470,312.21,27.75,27.49,45.88,1008.79
3471,312.30,27.75,27.48,45.87,1008.79
3472,312.39,27.75,27.48,45.86,1008.79
3473,312.48,27.75,27.49,45.85,1008.79
3474,312.57,27.75,27.48,45.85,1008.79
3475,312.66,27.75,27.49,45.86,1008.79
3476,312.75,27.75,27.49,45.87,1008.79
3477,312.84,27.75,27.49,45.85,1008.80
3478,312.93,27.75,27.49,45.85,1008.80
3479,313.02,27.75,27.48,45.84,1008.81
3480,313.11,27.75,27.48,45.84,1008.81
3481,313.20,27.76,27.48,45.85,1008.81
3482,313.29,27.76,27.46,45.85,1008.81
3483,313.38,27.77,27.46,45.84,1008.81
3484,313.47,27.78,27.45,45.82,1008.82
3485,313.56,27.78,27.45,45.82,1008.82
3486,313.65,27.79,27.45,45.84,1008.82
3487,313.74,27.79,27.45,45.82,1008.82
3488,313.83,27.79,27.46,45.81,1008.82
3489,313.92,27.79,27.45,45.81,1008.81
3490,314.01,27.79,27.45,45.84,1008.81
3491,314.10,27.79,27.46,45.87,1008.82
3492,314.19,27.78,27.46,45.87,1008.82
3493,314.28,27.78,27.47,45.87,1008.82
3494,314.37,27.79,27.46,45.84,1008.82
3495,314.46,27.78,27.46,45.85,1008.82
3496,314.55,27.77,27.45,45.86,1008.82
3497,314.64,27.77,27.46,45.85,1008.82
3498,314.73,27.76,27.46,46.04,1008.82
3499,314.82,27.76,27.45,45.93,1008.82
3500,314.91,27.75,27.45,45.87,1008.81
3501,315.00,27.74,27.46,45.86,1008.81
3502,315.09,27.74,27.46,45.88,1008.81
3503,315.18,27.74,27.46,45.91,1008.80
3504,315.27,27.73,27.46,45.89,1008.80
3505,315.36,27.73,27.46,45.88,1008.80
3506,315.45,27.73,27.46,45.88,1008.79
3507,315.54,27.73,27.47,45.89,1008.79
3508,315.63,27.74,27.48,45.88,1008.79
3509,315.72,27.73,27.49,45.87,1008.79
3510,315.81,27.73,27.49,45.85,1008.79
3511,315.90,27.73,27.49,45.86,1008.78
3512,315.99,27.73,27.49,45.84,1008.78
3513,316.08,27.73,27.48,45.83,1008.78
3514,316.17,27.74,27.48,45.83,1008.77
3515,316.26,27.74,27.48,45.82,1008.77
3516,316.35,27.74,27.48,45.84,1008.77
3517,316.44,27.74,27.48,45.83,1008.77
3518,316.53,27.74,27.47,45.83,1008.77
3519,316.62,27.73,27.47,45.84,1008.77
3520,316.71,27.73,27.47,45.83,1008.77
3521,316.80,27.73,27.46,45.82,1008.77
3522,316.89,27.73,27.45,45.83,1008.76
3523,316.98,27.73,27.46,45.82,1008.76
3524,317.07,27.73,27.46,45.80,1008.75
3525,317.16,27.73,27.45,45.77,1008.75
3526,317.25,27.74,27.46,45.78,1008.75
3527,317.34,27.74,27.47,45.80,1008.75
3528,317.43,27.74,27.47,45.77,1008.76
3529,317.52,27.74,27.47,45.79,1008.75
3530,317.61,27.74,27.47,45.80,1008.75
3531,317.70,27.74,27.46,45.79,1008.76
3532,317.79,27.74,27.47,45.78,1008.76
3533,317.88,27.73,27.47,45.78,1008.76
3534,317.97,27.74,27.47,45.78,1008.76
3535,318.06,27.74,27.46,45.77,1008.76
3536,318.15,27.73,27.46,45.78,1008.76
3537,318.24,27.73,27.46,45.79,1008.77
3538,318.33,27.73,27.46,45.80,1008.77
3539,318.42,27.73,27.45,45.79,1008.77
3540,318.51,27.73,27.45,45.80,1008.77
3541,318.60,27.73,27.45,45.80,1008.78
3542,318.69,27.73,27.45,45.79,1008.77
3543,318.78,27.73,27.45,45.78,1008.78
3544,318.87,27.73,27.45,45.81,1008.78
3545,318.96,27.73,27.46,45.82,1008.79
3546,319.05,27.73,27.46,45.83,1008.79
3547,319.14,27.73,27.46,45.84,1008.79
3548,319.23,27.73,27.47,45.84,1008.79
3549,319.32,27.73,27.47,45.82,1008.79
3550,319.41,27.73,27.47,45.81,1008.79
3551,319.50,27.73,27.47,45.80,1008.80
3552,319.59,27.73,27.47,45.81,1008.80
3553,319.68,27.74,27.47,45.80,1008.80
3554,319.77,27.74,27.46,45.80,1008.80
3555,319.86,27.74,27.46,45.78,1008.80
3556,319.95,27.74,27.46,45.77,1008.80
3557,320.04,27.74,27.45,45.77,1008.80
3558,320.13,27.74,27.44,45.78,1008.80
3559,320.22,27.74,27.45,45.79,1008.80
3560,320.31,27.74,27.45,45.78,1008.80
3561,320.40,27.74,27.45,45.78,1008.81
3562,320.49,27.74,27.45,45.76,1008.81
3563,320.58,27.74,27.44,45.77,1008.81
3564,320.67,27.74,27.45,45.77,1008.81
3565,320.76,27.75,27.45,45.77,1008.81
3566,320.85,27.75,27.44,45.76,1008.81
3567,320.94,27.75,27.44,45.76,1008.81
3568,321.03,27.74,27.44,45.75,1008.81
3569,321.12,27.74,27.43,45.74,1008.81
3570,321.21,27.74,27.44,45.75,1008.80
3571,321.30,27.74,27.44,45.75,1008.80
3572,321.39,27.74,27.44,45.73,1008.80
3573,321.48,27.74,27.45,45.73,1008.80
3574,321.57,27.74,27.45,45.73,1008.80
3575,321.66,27.74,27.45,45.71,1008.80
3576,321.75,27.74,27.45,45.70,1008.80
3577,321.84,27.74,27.45,45.71,1008.80
3578,321.93,27.74,27.45,45.74,1008.79
3579,322.02,27.73,27.45,45.73,1008.79
3580,322.11,27.73,27.45,45.71,1008.79
3581,322.20,27.74,27.45,45.70,1008.79
3582,322.29,27.74,27.45,45.70,1008.78
3583,322.38,27.73,27.45,45.71,1008.78
3584,322.47,27.73,27.45,45.71,1008.78
3585,322.56,27.73,27.45,45.70,1008.78
3586,322.65,27.73,27.44,45.71,1008.78
3587,322.74,27.73,27.43,45.72,1008.78
3588,322.83,27.73,27.43,45.73,1008.78
3589,322.92,27.73,27.43,45.73,1008.78
3590,323.01,27.74,27.43,45.73,1008.78
3591,323.10,27.73,27.43,45.75,1008.77
3592,323.19,27.73,27.44,45.76,1008.77
3593,323.28,27.73,27.44,45.75,1008.77
3594,323.37,27.73,27.46,45.76,1008.77
3595,323.46,27.73,27.46,45.76,1008.77
3596,323.55,27.73,27.47,45.77,1008.77
3597,323.64,27.73,27.47,45.78,1008.77
3598,323.73,27.73,27.46,45.80,1008.76
3599,323.82,27.73,27.46,45.79,1008.76
3600,323.91,27.73,27.45,45.80,1008.77
3601,324.00,27.73,27.45,45.81,1008.77
3602,324.09,27.73,27.45,45.80,1008.77
3603,324.18,27.73,27.44,45.78,1008.78
3604,324.27,27.73,27.45,45.78,1008.77
3605,324.36,27.73,27.45,45.77,1008.77
3606,324.45,27.73,27.45,45.76,1008.77
3607,324.54,27.73,27.45,45.77,1008.77
3608,324.63,27.73,27.45,45.77,1008.78
3609,324.72,27.73,27.44,45.77,1008.78
3610,324.81,27.73,27.45,45.77,1008.78
3611,324.90,27.74,27.44,45.77,1008.79
3612,324.99,27.74,27.45,45.77,1008.79
3613,325.08,27.74,27.45,45.78,1008.79
3614,325.17,27.73,27.45,45.77,1008.78
3615,325.26,27.74,27.45,45.78,1008.78
3616,325.35,27.73,27.45,45.77,1008.79
3617,325.44,27.73,27.45,45.76,1008.79
3618,325.53,27.73,27.45,45.76,1008.79
3619,325.62,27.73,27.45,45.75,1008.79
3620,325.71,27.73,27.44,45.76,1008.79
3621,325.80,27.73,27.45,45.76,1008.80
3622,325.89,27.73,27.44,45.78,1008.79
3623,325.98,27.73,27.45,45.76,1008.79
3624,326.07,27.73,27.46,45.75,1008.80
3625,326.16,27.73,27.46,45.75,1008.80
3626,326.25,27.73,27.45,45.73,1008.80
3627,326.34,27.73,27.45,45.74,1008.80
3628,326.43,27.73,27.45,45.75,1008.80
3629,326.52,27.73,27.45,45.74,1008.80
3630,326.61,27.73,27.45,45.75,1008.80
3631,326.70,27.73,27.45,45.73,1008.80
3632,326.79,27.73,27.45,45.74,1008.80
3633,326.88,27.73,27.44,45.73,1008.80
3634,326.97,27.73,27.45,45.76,1008.80
3635,327.06,27.73,27.45,45.76,1008.79
3636,327.15,27.73,27.46,45.76,1008.80
3637,327.24,27.73,27.45,45.76,1008.80
3638,327.33,27.73,27.45,45.76,1008.80
3639,327.42,27.73,27.45,45.76,1008.80
3640,327.51,27.74,27.46,45.75,1008.80
3641,327.60,27.74,27.45,45.74,1008.80
3642,327.69,27.74,27.45,45.71,1008.80
3643,327.78,27.74,27.44,45.72,1008.79
3644,327.87,27.74,27.44,45.71,1008.79
3645,327.96,27.74,27.44,45.71,1008.79
3646,328.05,27.74,27.45,45.71,1008.80
3647,328.14,27.74,27.45,45.71,1008.80
3648,328.23,27.74,27.45,45.71,1008.80
3649,328.32,27.74,27.45,45.71,1008.80
3650,328.41,27.74,27.45,45.70,1008.79
3651,328.50,27.74,27.45,45.70,1008.79
3652,328.59,27.74,27.46,45.70,1008.79
3653,328.68,27.74,27.45,45.69,1008.79
3654,328.77,27.74,27.45,45.70,1008.79
3655,328.86,27.74,27.45,45.69,1008.79
3656,328.95,27.74,27.45,45.68,1008.78
3657,329.04,27.74,27.45,45.69,1008.78
3658,329.13,27.74,27.46,45.71,1008.78
3659,329.22,27.74,27.46,45.70,1008.78
3660,329.31,27.74,27.46,45.71,1008.79
3661,329.40,27.74,27.46,45.73,1008.79
3662,329.49,27.74,27.47,45.71,1008.79
3663,329.58,27.74,27.47,45.73,1008.79
3664,329.67,27.74,27.47,45.73,1008.79
3665,329.76,27.74,27.46,45.72,1008.79
3666,329.85,27.74,27.46,45.73,1008.78
3667,329.94,27.74,27.46,45.73,1008.78
3668,330.03,27.74,27.46,45.74,1008.78
3669,330.12,27.74,27.45,45.76,1008.78
3670,330.21,27.74,27.46,45.77,1008.78
3671,330.30,27.74,27.45,45.75,1008.78
3672,330.39,27.74,27.46,45.74,1008.78
3673,330.48,27.74,27.46,45.73,1008.78
3674,330.57,27.74,27.46,45.74,1008.78
3675,330.66,27.74,27.45,45.73,1008.77
3676,330.75,27.74,27.44,45.72,1008.77
3677,330.84,27.74,27.44,45.72,1008.77
3678,330.93,27.74,27.44,45.72,1008.77
3679,331.02,27.74,27.44,45.73,1008.77
3680,331.11,27.74,27.43,45.72,1008.76
3681,331.20,27.74,27.43,45.71,1008.76
3682,331.29,27.74,27.43,45.69,1008.77
3683,331.38,27.74,27.43,45.69,1008.77
3684,331.47,27.74,27.43,45.68,1008.77
3685,331.56,27.74,27.44,45.67,1008.78
3686,331.65,27.74,27.44,45.68,1008.78
3687,331.74,27.74,27.44,45.66,1008.78
3688,331.83,27.74,27.44,45.66,1008.78
3689,331.92,27.74,27.44,45.67,1008.78
3690,332.01,27.74,27.44,45.69,1008.78
3691,332.10,27.74,27.44,45.69,1008.79
3692,332.19,27.74,27.43,45.69,1008.79
3693,332.28,27.74,27.43,45.67,1008.79
3694,332.37,27.74,27.44,45.66,1008.79
3695,332.46,27.74,27.45,45.65,1008.79
3696,332.55,27.74,27.45,45.64,1008.78
3697,332.64,27.74,27.45,45.66,1008.78
3698,332.73,27.74,27.46,45.67,1008.78
3699,332.82,27.74,27.46,45.68,1008.78
3700,332.91,27.74,27.46,45.68,1008.78
3701,333.00,27.74,27.45,45.70,1008.78
3702,333.09,27.74,27.45,45.70,1008.78
3703,333.18,27.74,27.45,45.72,1008.78
3704,333.27,27.74,27.45,45.70,1008.78
3705,333.36,27.74,27.44,45.69,1008.78
3706,333.45,27.74,27.44,45.68,1008.78
3707,333.54,27.74,27.43,45.66,1008.78
3708,333.63,27.74,27.43,45.68,1008.78
3709,333.72,27.74,27.43,45.67,1008.79
3710,333.81,27.74,27.43,45.67,1008.79
3711,333.90,27.74,27.43,45.66,1008.78
3712,333.99,27.74,27.43,45.65,1008.79
3713,334.08,27.74,27.42,45.66,1008.79
3714,334.17,27.74,27.42,45.65,1008.79
3715,334.26,27.74,27.42,45.66,1008.79
3716,334.35,27.74,27.42,45.66,1008.80
3717,334.44,27.74,27.42,45.65,1008.79
3718,334.53,27.74,27.43,45.65,1008.79
3719,334.62,27.74,27.43,45.67,1008.80
3720,334.71,27.74,27.43,45.66,1008.79
3721,334.80,27.74,27.42,45.64,1008.79
3722,334.89,27.74,27.42,45.63,1008.79
3723,334.98,27.74,27.42,45.64,1008.79
3724,335.07,27.74,27.42,45.65,1008.79
3725,335.16,27.74,27.41,45.66,1008.79
3726,335.25,27.74,27.41,45.67,1008.79
3727,335.34,27.74,27.41,45.68,1008.79
3728,335.43,27.74,27.41,45.69,1008.79
3729,335.52,27.74,27.42,45.68,1008.78
3730,335.61,27.74,27.41,45.68,1008.78
3731,335.70,27.74,27.42,45.67,1008.78
3732,335.79,27.74,27.42,45.68,1008.78
3733,335.88,27.74,27.42,45.66,1008.79
3734,335.97,27.74,27.43,45.66,1008.79
3735,336.06,27.74,27.43,45.66,1008.79
3736,336.15,27.74,27.43,45.65,1008.79
3737,336.24,27.74,27.43,45.66,1008.79
3738,336.33,27.74,27.43,45.68,1008.79
3739,336.42,27.74,27.43,45.67,1008.80
3740,336.51,27.74,27.44,45.67,1008.80
3741,336.60,27.74,27.44,45.67,1008.80
3742,336.69,27.74,27.44,45.66,1008.80
3743,336.78,27.74,27.43,45.67,1008.80
3744,336.87,27.74,27.42,45.66,1008.80
3745,336.96,27.74,27.41,45.67,1008.80
3746,337.05,27.74,27.41,45.66,1008.80
3747,337.14,27.74,27.42,45.67,1008.80
3748,337.23,27.74,27.42,45.66,1008.80
3749,337.32,27.74,27.42,45.64,1008.80
3750,337.41,27.74,27.42,45.62,1008.81
3751,337.50,27.74,27.40,45.62,1008.81
3752,337.59,27.74,27.40,45.63,1008.80
3753,337.68,27.74,27.40,45.61,1008.80
3754,337.77,27.74,27.41,45.63,1008.80
3755,337.86,27.74,27.40,45.62,1008.80
3756,337.95,27.74,27.40,45.61,1008.79
3757,338.04,27.74,27.41,45.61,1008.79
3758,338.13,27.74,27.41,45.60,1008.79
3759,338.22,27.74,27.41,45.60,1008.79
3760,338.31,27.74,27.41,45.61,1008.79
3761,338.40,27.74,27.42,45.61,1008.79
3762,338.49,27.74,27.42,45.62,1008.79
3763,338.58,27.74,27.41,45.62,1008.79
3764,338.67,27.74,27.42,45.62,1008.79
3765,338.76,27.74,27.42,45.61,1008.79
3766,338.85,27.74,27.42,45.63,1008.79
3767,338.94,27.74,27.42,45.64,1008.79
3768,339.03,27.74,27.42,45.64,1008.78
3769,339.12,27.74,27.42,45.65,1008.78
3770,339.21,27.74,27.43,45.66,1008.78
3771,339.30,27.74,27.43,45.65,1008.78
3772,339.39,27.74,27.43,45.67,1008.78
3773,339.48,27.74,27.42,45.66,1008.78
3774,339.57,27.74,27.42,45.67,1008.78
3775,339.66,27.74,27.41,45.68,1008.80
3776,339.75,27.74,27.42,45.67,1008.79
3777,339.84,27.74,27.42,45.66,1008.78
3778,339.93,27.74,27.43,45.66,1008.79
3779,340.02,27.74,27.44,45.65,1008.79
3780,340.11,27.74,27.43,45.64,1008.79
3781,340.20,27.74,27.43,45.62,1008.79
3782,340.29,27.74,27.44,45.62,1008.79
3783,340.38,27.74,27.44,45.63,1008.79
3784,340.47,27.74,27.44,45.61,1008.79
3785,340.56,27.74,27.44,45.62,1008.79
3786,340.65,27.74,27.45,45.63,1008.80
3787,340.74,27.74,27.45,45.63,1008.80
3788,340.83,27.74,27.44,45.63,1008.80
3789,340.92,27.74,27.45,45.65,1008.80
3790,341.01,27.74,27.44,45.64,1008.80
3791,341.10,27.74,27.44,45.63,1008.80
3792,341.19,27.74,27.43,45.62,1008.80
3793,341.28,27.74,27.42,45.62,1008.80
3794,341.37,27.74,27.42,45.62,1008.81
3795,341.46,27.74,27.42,45.62,1008.80
3796,341.55,27.74,27.41,45.62,1008.80
3797,341.64,27.74,27.41,45.63,1008.80
3798,341.73,27.74,27.41,45.62,1008.80
3799,341.82,27.74,27.41,45.62,1008.80
3800,341.91,27.74,27.41,45.62,1008.80
3801,342.00,27.74,27.41,45.62,1008.80
3802,342.09,27.74,27.41,45.63,1008.80
3803,342.18,27.74,27.41,45.62,1008.80
3804,342.27,27.74,27.40,45.63,1008.80
3805,342.36,27.74,27.40,45.62,1008.80
3806,342.45,27.74,27.39,45.61,1008.81
3807,342.54,27.74,27.40,45.63,1008.81
3808,342.63,27.74,27.39,45.66,1008.81
3809,342.72,27.74,27.39,45.64,1008.81
3810,342.81,27.74,27.39,45.65,1008.81
3811,342.90,27.74,27.38,45.66,1008.81
3812,342.99,27.74,27.37,45.64,1008.81
3813,343.08,27.74,27.38,45.64,1008.80
3814,343.17,27.74,27.37,45.65,1008.80
3815,343.26,27.74,27.38,45.66,1008.81
3816,343.35,27.74,27.39,45.65,1008.80
3817,343.44,27.74,27.39,45.63,1008.80
3818,343.53,27.74,27.39,45.64,1008.80
3819,343.62,27.74,27.40,45.63,1008.80
3820,343.71,27.74,27.41,45.62,1008.80
3821,343.80,27.74,27.40,45.61,1008.80
3822,343.89,27.74,27.40,45.60,1008.80
3823,343.98,27.74,27.40,45.61,1008.80
3824,344.07,27.74,27.40,45.60,1008.80
3825,344.16,27.74,27.40,45.60,1008.80
3826,344.25,27.74,27.40,45.62,1008.79
3827,344.34,27.74,27.40,45.62,1008.80
3828,344.43,27.74,27.40,45.62,1008.79
3829,344.52,27.74,27.40,45.62,1008.79
3830,344.61,27.76,27.40,45.62,1008.79
3831,344.70,27.74,27.39,45.64,1008.79
3832,344.79,27.74,27.40,45.63,1008.79
3833,344.88,27.74,27.40,45.62,1008.79
3834,344.97,27.74,27.41,45.63,1008.79
3835,345.06,27.74,27.40,45.65,1008.79
3836,345.15,27.74,27.41,45.65,1008.79
3837,345.24,27.74,27.41,45.67,1008.79
3838,345.33,27.74,27.41,45.67,1008.79
3839,345.42,27.74,27.42,45.67,1008.79
3840,345.51,27.74,27.42,45.66,1008.79
3841,345.60,27.74,27.41,45.64,1008.79
3842,345.69,27.74,27.41,45.64,1008.79
3843,345.78,27.74,27.41,45.63,1008.79
3844,345.87,27.74,27.41,45.61,1008.79
3845,345.96,27.74,27.41,45.62,1008.80
3846,346.05,27.74,27.41,45.62,1008.80
3847,346.14,27.74,27.41,45.64,1008.80
3848,346.23,27.74,27.41,45.63,1008.80
3849,346.32,27.74,27.40,45.65,1008.80
3850,346.41,27.74,27.41,45.65,1008.80
3851,346.50,27.74,27.41,45.64,1008.80
3852,346.59,27.74,27.41,45.62,1008.80
3853,346.68,27.74,27.41,45.62,1008.80
3854,346.77,27.74,27.41,45.61,1008.80
3855,346.86,27.74,27.41,45.59,1008.81
3856,346.95,27.74,27.40,45.59,1008.81
3857,347.04,27.74,27.40,45.58,1008.81
3858,347.13,27.74,27.40,45.57,1008.81
3859,347.22,27.74,27.40,45.58,1008.80
3860,347.31,27.74,27.40,45.59,1008.80
3861,347.40,27.74,27.39,45.62,1008.81
3862,347.49,27.74,27.39,45.61,1008.80
3863,347.58,27.74,27.41,45.61,1008.80
3864,347.67,27.74,27.41,45.61,1008.80
3865,347.76,27.74,27.41,45.58,1008.80
3866,347.85,27.74,27.40,45.56,1008.80
3867,347.94,27.74,27.40,45.54,1008.80
3868,348.03,27.74,27.40,45.53,1008.80
3869,348.12,27.74,27.39,45.54,1008.79
3870,348.21,27.74,27.40,45.51,1008.79
3871,348.30,27.74,27.40,45.52,1008.79
3872,348.39,27.74,27.40,45.51,1008.79
3873,348.48,27.74,27.40,45.48,1008.79
3874,348.57,27.74,27.39,45.51,1008.79
3875,348.66,27.74,27.39,45.50,1008.79
3876,348.75,27.74,27.40,45.49,1008.79
3877,348.84,27.74,27.39,45.51,1008.79
3878,348.93,27.74,27.40,45.49,1008.79
3879,349.02,27.74,27.40,45.48,1008.79
3880,349.11,27.74,27.39,45.49,1008.79
3881,349.20,27.74,27.40,45.49,1008.79
3882,349.29,27.74,27.39,45.49,1008.79
3883,349.38,27.74,27.38,45.51,1008.79
3884,349.47,27.74,27.38,45.52,1008.78
3885,349.56,27.74,27.38,45.49,1008.78
3886,349.65,27.74,27.39,45.52,1008.78
3887,349.74,27.74,27.39,45.53,1008.78
3888,349.83,27.74,27.38,45.51,1008.78
3889,349.92,27.74,27.38,45.50,1008.78
3890,350.01,27.74,27.39,45.50,1008.78
3891,350.10,27.74,27.39,45.51,1008.78
3892,350.19,27.74,27.38,45.52,1008.78
3893,350.28,27.74,27.38,45.49,1008.78
3894,350.37,27.74,27.37,45.48,1008.78
3895,350.46,27.74,27.37,45.49,1008.78
3896,350.55,27.74,27.37,45.49,1008.78
3897,350.64,27.74,27.37,45.49,1008.78
3898,350.73,27.74,27.37,45.50,1008.78
3899,350.82,27.74,27.36,45.49,1008.78
3900,350.91,27.74,27.37,45.49,1008.78
3901,351.00,27.74,27.37,45.48,1008.78
3902,351.09,27.74,27.38,45.47,1008.79
3903,351.18,27.74,27.37,45.48,1008.78
3904,351.27,27.74,27.38,45.47,1008.78
3905,351.36,27.74,27.37,45.48,1008.78
3906,351.45,27.74,27.37,45.49,1008.79
3907,351.54,27.74,27.38,45.49,1008.78
3908,351.63,27.74,27.37,45.48,1008.78
3909,351.72,27.74,27.37,45.47,1008.79
3910,351.81,27.74,27.38,45.46,1008.79
3911,351.90,27.74,27.38,45.47,1008.79
3912,351.99,27.74,27.39,45.45,1008.79
3913,352.08,27.74,27.39,45.45,1008.79
3914,352.17,27.74,27.39,45.46,1008.80
3915,352.26,27.74,27.40,45.49,1008.79
3916,352.35,27.74,27.41,45.49,1008.80
3917,352.44,27.74,27.41,45.47,1008.80
3918,352.53,27.74,27.41,45.47,1008.80
3919,352.62,27.74,27.40,45.47,1008.80
3920,352.71,27.74,27.40,45.48,1008.80
3921,352.80,27.74,27.39,45.49,1008.81
3922,352.89,27.74,27.39,45.50,1008.81
3923,352.98,27.74,27.40,45.49,1008.81
3924,353.07,27.74,27.39,45.48,1008.81
3925,353.16,27.74,27.39,45.48,1008.81
3926,353.25,27.74,27.39,45.48,1008.82
3927,353.34,27.74,27.40,45.47,1008.82
3928,353.43,27.74,27.39,45.48,1008.81
3929,353.52,27.74,27.40,45.47,1008.81
3930,353.61,27.74,27.40,45.48,1008.81
3931,353.70,27.74,27.40,45.49,1008.81
3932,353.79,27.74,27.39,45.48,1008.81
3933,353.88,27.74,27.39,45.48,1008.81
3934,353.97,27.74,27.39,45.50,1008.81
3935,354.06,27.74,27.39,45.52,1008.81
3936,354.15,27.74,27.39,45.51,1008.80
3937,354.24,27.74,27.38,45.53,1008.80
3938,354.33,27.74,27.39,45.54,1008.80
3939,354.42,27.74,27.39,45.54,1008.81
3940,354.51,27.74,27.39,45.53,1008.80
3941,354.60,27.74,27.38,45.52,1008.80
3942,354.69,27.74,27.39,45.51,1008.79
3943,354.78,27.74,27.39,45.51,1008.79
3944,354.87,27.74,27.40,45.52,1008.79
3945,354.96,27.74,27.39,45.50,1008.79
3946,355.05,27.74,27.40,45.51,1008.79
3947,355.14,27.74,27.39,45.49,1008.80
3948,355.23,27.74,27.38,45.50,1008.80
3949,355.32,27.74,27.38,45.48,1008.79
3950,355.41,27.74,27.38,45.47,1008.79
3951,355.50,27.74,27.38,45.48,1008.79
3952,355.59,27.74,27.38,45.46,1008.79
3953,355.68,27.74,27.38,45.47,1008.78
3954,355.77,27.74,27.38,45.47,1008.78
3955,355.86,27.74,27.36,45.48,1008.78
3956,355.95,27.74,27.37,45.48,1008.77
3957,356.04,27.74,27.36,45.48,1008.77
3958,356.13,27.74,27.35,45.49,1008.77
3959,356.22,27.74,27.36,45.48,1008.77
3960,356.31,27.74,27.37,45.46,1008.77
3961,356.40,27.74,27.37,45.48,1008.76
3962,356.49,27.74,27.37,45.48,1008.76
3963,356.58,27.74,27.37,45.50,1008.77
3964,356.67,27.74,27.37,45.49,1008.76
3965,356.76,27.74,27.37,45.50,1008.77
3966,356.85,27.74,27.36,45.48,1008.77
3967,356.94,27.74,27.36,45.47,1008.77
3968,357.03,27.74,27.36,45.46,1008.77
3969,357.12,27.74,27.37,45.45,1008.77
3970,357.21,27.74,27.37,45.45,1008.77
3971,357.30,27.74,27.36,45.44,1008.77
3972,357.39,27.74,27.35,45.44,1008.77
3973,357.48,27.74,27.35,45.47,1008.77
3974,357.57,27.74,27.36,45.49,1008.78
3975,357.66,27.74,27.36,45.49,1008.77
3976,357.75,27.74,27.35,45.50,1008.77
3977,357.84,27.74,27.36,45.49,1008.77
3978,357.93,27.74,27.36,45.48,1008.78
3979,358.02,27.74,27.36,45.48,1008.78
3980,358.11,27.74,27.36,45.48,1008.78
3981,358.20,27.74,27.37,45.47,1008.78
3982,358.29,27.74,27.37,45.48,1008.78
3983,358.38,27.74,27.37,45.46,1008.78
3984,358.47,27.74,27.36,45.48,1008.78
3985,358.56,27.74,27.37,45.47,1008.79
3986,358.65,27.74,27.38,45.46,1008.79
3987,358.74,27.74,27.39,45.46,1008.79
3988,358.83,27.74,27.39,45.45,1008.79
3989,358.92,27.74,27.39,45.45,1008.79
3990,359.01,27.74,27.39,45.45,1008.80
3991,359.10,27.74,27.39,45.46,1008.80
3992,359.19,27.74,27.39,45.44,1008.81
3993,359.28,27.74,27.40,45.44,1008.81
3994,359.37,27.74,27.40,45.43,1008.81
3995,359.46,27.74,27.39,45.43,1008.82
3996,359.55,27.74,27.39,45.45,1008.82
3997,359.64,27.74,27.39,45.46,1008.82
3998,359.73,27.74,27.40,45.44,1008.81
3999,359.82,27.74,27.40,45.45,1008.81
4000,359.91,27.74,27.40,45.45,1008.81
4001,360.00,27.74,27.40,45.47,1008.81
4002,360.09,27.74,27.40,45.49,1008.81
4003,360.18,27.74,27.40,45.47,1008.81
4004,360.27,27.74,27.40,45.49,1008.81
4005,360.36,27.74,27.41,45.50,1008.81
4006,360.45,27.74,27.41,45.48,1008.80
4007,360.54,27.74,27.40,45.47,1008.81
4008,360.63,27.74,27.41,45.44,1008.80
4009,360.72,27.74,27.41,45.44,1008.80
4010,360.81,27.74,27.40,45.45,1008.80
4011,360.90,27.74,27.40,45.44,1008.80
4012,360.99,27.74,27.40,45.43,1008.80
4013,361.08,27.74,27.40,45.43,1008.80
4014,361.17,27.74,27.40,45.44,1008.80
4015,361.26,27.74,27.40,45.44,1008.79
4016,361.35,27.74,27.39,45.43,1008.80
4017,361.44,27.74,27.39,45.41,1008.80
4018,361.53,27.74,27.38,45.42,1008.79
4019,361.62,27.74,27.38,45.44,1008.79
4020,361.71,27.74,27.38,45.43,1008.79
4021,361.80,27.74,27.38,45.42,1008.79
4022,361.89,27.74,27.38,45.41,1008.79
4023,361.98,27.74,27.39,45.40,1008.79
4024,362.07,27.74,27.39,45.40,1008.79
4025,362.16,27.74,27.39,45.38,1008.79
4026,362.25,27.74,27.39,45.38,1008.79
4027,362.34,27.74,27.39,45.39,1008.80
4028,362.43,27.74,27.40,45.41,1008.80
4029,362.52,27.74,27.41,45.41,1008.79
4030,362.61,27.74,27.41,45.42,1008.79
4031,362.70,27.74,27.41,45.42,1008.79
4032,362.79,27.74,27.40,45.42,1008.79
4033,362.88,27.74,27.41,45.42,1008.79
4034,362.97,27.75,27.40,45.40,1008.79
4035,363.06,27.75,27.40,45.40,1008.78
4036,363.15,27.75,27.39,45.40,1008.78
4037,363.24,27.75,27.39,45.37,1008.78
4038,363.33,27.74,27.39,45.38,1008.79
4039,363.42,27.74,27.39,45.40,1008.79
4040,363.51,27.74,27.39,45.43,1008.79
4041,363.60,27.74,27.38,45.45,1008.78
4042,363.69,27.74,27.37,45.46,1008.79
4043,363.78,27.74,27.38,45.45,1008.79
4044,363.87,27.74,27.38,45.43,1008.79
4045,363.96,27.74,27.38,45.44,1008.79
4046,364.05,27.74,27.38,45.43,1008.79
4047,364.14,27.74,27.38,45.43,1008.78
4048,364.23,27.74,27.38,45.43,1008.78
4049,364.32,27.74,27.38,45.42,1008.78
4050,364.41,27.74,27.38,45.42,1008.78
4051,364.50,27.74,27.39,45.43,1008.78
4052,364.59,27.74,27.39,45.42,1008.78
4053,364.68,27.74,27.39,45.42,1008.79
4054,364.77,27.74,27.39,45.43,1008.79
4055,364.86,27.74,27.39,45.43,1008.79
4056,364.95,27.74,27.39,45.46,1008.79
4057,365.04,27.74,27.39,45.45,1008.79
4058,365.13,27.74,27.39,45.43,1008.79
4059,365.22,27.74,27.39,45.44,1008.79
4060,365.31,27.74,27.39,45.46,1008.79
4061,365.40,27.74,27.39,45.45,1008.78
4062,365.49,27.74,27.39,45.45,1008.78
4063,365.58,27.74,27.39,45.44,1008.78
4064,365.67,27.74,27.39,45.44,1008.79
4065,365.76,27.74,27.39,45.45,1008.79
4066,365.85,27.74,27.39,45.45,1008.79
4067,365.94,27.74,27.39,45.45,1008.79
4068,366.03,27.74,27.39,45.46,1008.79
4069,366.12,27.74,27.39,45.44,1008.79
4070,366.21,27.74,27.40,45.45,1008.80
4071,366.30,27.74,27.41,45.46,1008.80
4072,366.39,27.74,27.41,45.48,1008.80
4073,366.48,27.74,27.41,45.47,1008.80
4074,366.57,27.74,27.40,45.47,1008.80
4075,366.66,27.74,27.40,45.49,1008.80
4076,366.75,27.74,27.39,45.50,1008.80
4077,366.84,27.74,27.39,45.49,1008.80
4078,366.93,27.74,27.39,45.50,1008.80
4079,367.02,27.74,27.39,45.48,1008.80
4080,367.11,27.74,27.39,45.50,1008.80
4081,367.20,27.74,27.38,45.49,1008.80
4082,367.29,27.74,27.38,45.49,1008.81
4083,367.38,27.74,27.38,45.50,1008.80
4084,367.47,27.74,27.37,45.50,1008.80
4085,367.56,27.74,27.37,45.52,1008.80
4086,367.65,27.74,27.37,45.52,1008.80
4087,367.74,27.74,27.37,45.53,1008.80
4088,367.83,27.74,27.37,45.52,1008.80
4089,367.92,27.74,27.37,45.53,1008.80
4090,368.01,27.74,27.36,45.52,1008.79
4091,368.10,27.74,27.36,45.53,1008.79
4092,368.19,27.74,27.36,45.52,1008.79
4093,368.28,27.74,27.36,45.51,1008.79
4094,368.37,27.74,27.36,45.49,1008.79
4095,368.46,27.74,27.36,45.49,1008.79
4096,368.55,27.74,27.37,45.49,1008.79
4097,368.64,27.74,27.38,45.47,1008.79
4098,368.73,27.74,27.39,45.45,1008.79
4099,368.82,27.74,27.39,45.47,1008.79
4100,368.91,27.74,27.39,45.48,1008.79
4101,369.00,27.74,27.39,45.48,1008.79
4102,369.09,27.74,27.39,45.47,1008.79
4103,369.18,27.74,27.38,45.46,1008.79
4104,369.27,27.74,27.39,45.47,1008.79
4105,369.36,27.74,27.39,45.47,1008.78
4106,369.45,27.74,27.39,45.46,1008.78
4107,369.54,27.74,27.39,45.46,1008.78
4108,369.63,27.74,27.40,45.45,1008.77
4109,369.72,27.74,27.39,45.45,1008.77
4110,369.81,27.74,27.40,45.43,1008.77
4111,369.90,27.74,27.39,45.41,1008.77
4112,369.99,27.74,27.39,45.41,1008.77
4113,370.08,27.74,27.39,45.40,1008.77
4114,370.17,27.74,27.39,45.39,1008.77
4115,370.26,27.74,27.39,45.38,1008.77
4116,370.35,27.74,27.39,45.37,1008.77
4117,370.44,27.74,27.39,45.39,1008.77
4118,370.53,27.74,27.40,45.39,1008.77
4119,370.62,27.74,27.40,45.38,1008.77
4120,370.71,27.74,27.40,45.38,1008.78
4121,370.80,27.74,27.40,45.40,1008.78
4122,370.89,27.74,27.40,45.39,1008.77
4123,370.98,27.74,27.40,45.40,1008.77
4124,371.07,27.74,27.40,45.39,1008.77
4125,371.16,27.74,27.39,45.39,1008.77
4126,371.25,27.74,27.39,45.38,1008.77
4127,371.34,27.74,27.39,45.38,1008.77
4128,371.43,27.74,27.39,45.40,1008.77
4129,371.52,27.74,27.39,45.42,1008.77
4130,371.61,27.74,27.38,45.42,1008.77
4131,371.70,27.74,27.39,45.41,1008.76
4132,371.79,27.74,27.38,45.41,1008.76
4133,371.88,27.74,27.39,45.40,1008.76
4134,371.97,27.74,27.40,45.40,1008.76
4135,372.06,27.74,27.39,45.41,1008.77
4136,372.15,27.74,27.38,45.40,1008.77
4137,372.24,27.74,27.38,45.43,1008.77
4138,372.33,27.74,27.38,45.43,1008.77
4139,372.42,27.74,27.38,45.43,1008.77
4140,372.51,27.74,27.38,45.45,1008.77
4141,372.60,27.74,27.39,45.44,1008.77
4142,372.69,27.74,27.38,45.45,1008.77
4143,372.78,27.74,27.38,45.44,1008.77
4144,372.87,27.74,27.39,45.45,1008.78
4145,372.96,27.74,27.38,45.44,1008.78
4146,373.05,27.74,27.38,45.43,1008.78
4147,373.14,27.74,27.39,45.42,1008.78
4148,373.23,27.74,27.38,45.43,1008.79
4149,373.32,27.74,27.39,45.43,1008.79
4150,373.41,27.74,27.38,45.42,1008.79
4151,373.50,27.74,27.38,45.41,1008.79
4152,373.59,27.74,27.38,45.41,1008.79
4153,373.68,27.74,27.38,45.42,1008.79
4154,373.77,27.74,27.37,45.43,1008.80
4155,373.86,27.74,27.38,45.44,1008.80
4156,373.95,27.74,27.37,45.44,1008.80
4157,374.04,27.74,27.37,45.44,1008.80
4158,374.13,27.74,27.37,45.44,1008.80
4159,374.22,27.74,27.36,45.44,1008.81
4160,374.31,27.74,27.37,45.43,1008.81
4161,374.40,27.74,27.37,45.42,1008.80
4162,374.49,27.74,27.37,45.41,1008.80
4163,374.58,27.74,27.37,45.42,1008.80
4164,374.67,27.74,27.38,45.41,1008.80
4165,374.76,27.74,27.38,45.40,1008.81
4166,374.85,27.74,27.37,45.41,1008.81
4167,374.94,27.74,27.37,45.42,1008.81
4168,375.03,27.74,27.37,45.40,1008.81
4169,375.12,27.74,27.37,45.40,1008.81
4170,375.21,27.74,27.38,45.40,1008.82
4171,375.30,27.74,27.37,45.41,1008.81
4172,375.39,27.74,27.38,45.41,1008.81
4173,375.48,27.74,27.38,45.40,1008.81
4174,375.57,27.74,27.37,45.42,1008.81
4175,375.66,27.74,27.38,45.42,1008.81
4176,375.75,27.74,27.38,45.43,1008.80
4177,375.84,27.74,27.38,45.45,1008.81
4178,375.93,27.74,27.38,45.46,1008.80
4179,376.02,27.75,27.37,45.45,1008.80
4180,376.11,27.75,27.37,45.45,1008.81
4181,376.20,27.75,27.38,45.46,1008.80
4182,376.29,27.75,27.38,45.44,1008.80
4183,376.38,27.75,27.38,45.44,1008.80
4184,376.47,27.75,27.37,45.44,1008.80
4185,376.56,27.75,27.38,45.44,1008.80
4186,376.65,27.75,27.38,45.45,1008.79
4187,376.74,27.75,27.38,45.48,1008.79
4188,376.83,27.75,27.39,45.48,1008.79
4189,376.92,27.75,27.39,45.45,1008.79
4190,377.01,27.75,27.38,45.44,1008.79
4191,377.10,27.75,27.38,45.44,1008.79
4192,377.19,27.75,27.37,45.44,1008.79
4193,377.28,27.75,27.37,45.45,1008.78
4194,377.37,27.75,27.37,45.46,1008.79
4195,377.46,27.75,27.37,45.45,1008.79
4196,377.55,27.75,27.37,45.44,1008.78
4197,377.64,27.75,27.36,45.45,1008.78
4198,377.73,27.75,27.36,45.45,1008.78
4199,377.82,27.75,27.37,45.44,1008.79
4200,377.91,27.75,27.38,45.43,1008.78
4201,378.00,27.75,27.38,45.44,1008.79
4202,378.09,27.75,27.38,45.45,1008.78
4203,378.18,27.75,27.38,45.45,1008.78
4204,378.27,27.75,27.38,45.44,1008.78
4205,378.36,27.75,27.38,45.44,1008.78
4206,378.45,27.75,27.37,45.43,1008.78
4207,378.54,27.75,27.37,45.44,1008.78
4208,378.63,27.75,27.37,45.43,1008.78
4209,378.72,27.75,27.36,45.41,1008.78
4210,378.81,27.75,27.36,45.40,1008.78
4211,378.90,27.75,27.36,45.40,1008.79
4212,378.99,27.75,27.36,45.40,1008.78
4213,379.08,27.75,27.36,45.39,1008.79
4214,379.17,27.75,27.36,45.41,1008.79
4215,379.26,27.75,27.36,45.44,1008.79
4216,379.35,27.75,27.37,45.43,1008.79
4217,379.44,27.75,27.37,45.41,1008.79
4218,379.53,27.75,27.37,45.41,1008.80
4219,379.62,27.75,27.37,45.39,1008.80
4220,379.71,27.75,27.37,45.37,1008.80
4221,379.80,27.75,27.37,45.38,1008.81
4222,379.89,27.75,27.38,45.37,1008.81
4223,379.98,27.75,27.38,45.37,1008.81
4224,380.07,27.75,27.38,45.35,1008.81
4225,380.16,27.75,27.38,45.33,1008.81
4226,380.25,27.75,27.37,45.33,1008.81
4227,380.34,27.75,27.36,45.32,1008.82
4228,380.43,27.75,27.35,45.32,1008.82
4229,380.52,27.75,27.35,45.31,1008.82
4230,380.61,27.75,27.35,45.31,1008.82
4231,380.70,27.75,27.36,45.31,1008.82
4232,380.79,27.75,27.35,45.32,1008.82
4233,380.88,27.75,27.35,45.32,1008.82
4234,380.97,27.75,27.36,45.34,1008.82
4235,381.06,27.75,27.36,45.34,1008.82
4236,381.15,27.75,27.37,45.35,1008.83
4237,381.24,27.75,27.37,45.34,1008.83
4238,381.33,27.75,27.37,45.34,1008.83
4239,381.42,27.75,27.37,45.33,1008.83
4240,381.51,27.75,27.37,45.34,1008.83
4241,381.60,27.75,27.36,45.35,1008.82
4242,381.69,27.75,27.37,45.34,1008.82
4243,381.78,27.75,27.37,45.36,1008.82
4244,381.87,27.75,27.37,45.36,1008.82
4245,381.96,27.75,27.38,45.35,1008.82
4246,382.05,27.75,27.38,45.35,1008.82
4247,382.14,27.75,27.38,45.33,1008.82
4248,382.23,27.75,27.39,45.34,1008.81
4249,382.32,27.75,27.38,45.32,1008.81
4250,382.41,27.75,27.39,45.34,1008.81
4251,382.50,27.75,27.38,45.34,1008.81
4252,382.59,27.75,27.38,45.34,1008.81
4253,382.68,27.75,27.38,45.33,1008.81
4254,382.77,27.75,27.38,45.34,1008.81
4255,382.86,27.75,27.39,45.36,1008.80
4256,382.95,27.75,27.38,45.37,1008.81
4257,383.04,27.75,27.38,45.36,1008.80
4258,383.13,27.75,27.39,45.35,1008.80
4259,383.22,27.75,27.39,45.37,1008.80
4260,383.31,27.75,27.40,45.37,1008.80
4261,383.40,27.75,27.40,45.36,1008.80
4262,383.49,27.75,27.40,45.35,1008.80
4263,383.58,27.75,27.41,45.37,1008.80
4264,383.67,27.75,27.40,45.40,1008.80
4265,383.76,27.75,27.40,45.43,1008.80
4266,383.85,27.75,27.40,45.42,1008.79
4267,383.94,27.75,27.40,45.42,1008.79
4268,384.03,27.75,27.40,45.40,1008.79
4269,384.12,27.75,27.40,45.39,1008.79
4270,384.21,27.75,27.39,45.39,1008.79
4271,384.30,27.75,27.38,45.39,1008.79
4272,384.39,27.75,27.39,45.39,1008.79
4273,384.48,27.75,27.38,45.38,1008.79
4274,384.57,27.75,27.39,45.39,1008.79
4275,384.66,27.75,27.39,45.39,1008.79
4276,384.75,27.75,27.40,45.38,1008.79
4277,384.84,27.75,27.39,45.38,1008.79
4278,384.93,27.75,27.40,45.35,1008.79
4279,385.02,27.75,27.40,45.34,1008.79
4280,385.11,27.75,27.39,45.32,1008.79
4281,385.20,27.75,27.39,45.33,1008.79
4282,385.29,27.75,27.40,45.32,1008.79
4283,385.38,27.75,27.40,45.31,1008.79
4284,385.47,27.75,27.40,45.31,1008.79
4285,385.56,27.75,27.40,45.31,1008.79
4286,385.65,27.75,27.40,45.30,1008.79
4287,385.74,27.75,27.40,45.32,1008.79
4288,385.83,27.75,27.40,45.32,1008.79
4289,385.92,27.75,27.40,45.32,1008.79
4290,386.01,27.75,27.40,45.33,1008.79
4291,386.10,27.75,27.41,45.34,1008.80
4292,386.19,27.75,27.40,45.34,1008.80
4293,386.28,27.75,27.39,45.36,1008.80
4294,386.37,27.75,27.39,45.36,1008.80
4295,386.46,27.75,27.39,45.36,1008.80
4296,386.55,27.75,27.40,45.34,1008.80
4297,386.64,27.75,27.39,45.34,1008.81
4298,386.73,27.75,27.39,45.33,1008.81
4299,386.82,27.75,27.39,45.34,1008.81
4300,386.91,27.75,27.39,45.34,1008.80
4301,387.00,27.75,27.39,45.35,1008.80
4302,387.09,27.75,27.39,45.34,1008.80
4303,387.18,27.75,27.39,45.33,1008.80
4304,387.27,27.75,27.39,45.33,1008.81
4305,387.36,27.75,27.39,45.33,1008.80
4306,387.45,27.75,27.38,45.34,1008.81
4307,387.54,27.75,27.38,45.34,1008.80
4308,387.63,27.75,27.38,45.34,1008.80
4309,387.72,27.75,27.37,45.34,1008.80
4310,387.81,27.75,27.37,45.35,1008.80
4311,387.90,27.75,27.37,45.35,1008.80
4312,387.99,27.75,27.38,45.35,1008.80
4313,388.08,27.75,27.39,45.33,1008.80
4314,388.17,27.75,27.39,45.34,1008.80
4315,388.26,27.75,27.38,45.34,1008.80
4316,388.35,27.75,27.38,45.34,1008.79
4317,388.44,27.75,27.37,45.34,1008.79
4318,388.53,27.75,27.38,45.31,1008.79
4319,388.62,27.75,27.37,45.29,1008.79
4320,388.71,27.75,27.37,45.29,1008.79
4321,388.80,27.75,27.37,45.31,1008.79
4322,388.89,27.75,27.38,45.30,1008.79
4323,388.98,27.75,27.38,45.30,1008.79
4324,389.07,27.75,27.38,45.27,1008.79
4325,389.16,27.75,27.38,45.28,1008.79
4326,389.25,27.75,27.38,45.29,1008.79
4327,389.34,27.75,27.37,45.30,1008.78
4328,389.43,27.75,27.37,45.30,1008.79
4329,389.52,27.75,27.36,45.29,1008.78
4330,389.61,27.75,27.37,45.30,1008.78
4331,389.70,27.75,27.36,45.30,1008.79
4332,389.79,27.75,27.38,45.29,1008.79
4333,389.88,27.75,27.38,45.29,1008.79
4334,389.97,27.75,27.38,45.29,1008.78
4335,390.06,27.75,27.38,45.32,1008.79
4336,390.15,27.75,27.37,45.29,1008.78
4337,390.24,27.75,27.38,45.31,1008.79
4338,390.33,27.75,27.39,45.30,1008.79
4339,390.42,27.75,27.38,45.30,1008.78
4340,390.51,27.75,27.37,45.29,1008.79
4341,390.60,27.75,27.37,45.29,1008.79
4342,390.69,27.75,27.36,45.28,1008.78
4343,390.78,27.75,27.35,45.26,1008.78
4344,390.87,27.75,27.35,45.24,1008.79
4345,390.96,27.75,27.35,45.24,1008.79
4346,391.05,27.75,27.36,45.24,1008.79
4347,391.14,27.75,27.37,45.22,1008.78
4348,391.23,27.75,27.38,45.21,1008.79
4349,391.32,27.75,27.37,45.23,1008.78
4350,391.41,27.75,27.37,45.22,1008.78
4351,391.50,27.75,27.38,45.24,1008.78
4352,391.59,27.75,27.38,45.23,1008.78
4353,391.68,27.75,27.37,45.24,1008.78
4354,391.77,27.75,27.37,45.24,1008.78
4355,391.86,27.75,27.37,45.24,1008.78
4356,391.95,27.75,27.37,45.23,1008.78
4357,392.04,27.75,27.37,45.26,1008.77
4358,392.13,27.75,27.37,45.25,1008.77
4359,392.22,27.75,27.37,45.26,1008.78
4360,392.31,27.75,27.37,45.28,1008.78
4361,392.40,27.75,27.38,45.27,1008.78
4362,392.49,27.75,27.38,45.29,1008.78
4363,392.58,27.75,27.38,45.27,1008.79
4364,392.67,27.75,27.38,45.26,1008.75
4365,392.76,27.75,27.38,45.28,1008.77
4366,392.85,27.75,27.38,45.27,1008.78
4367,392.94,27.75,27.38,45.28,1008.78
4368,393.03,27.75,27.38,45.29,1008.78
4369,393.12,27.75,27.38,45.29,1008.79
4370,393.21,27.75,27.39,45.29,1008.78
4371,393.30,27.75,27.39,45.30,1008.78
4372,393.39,27.75,27.39,45.30,1008.77
4373,393.48,27.75,27.39,45.29,1008.77
4374,393.57,27.75,27.38,45.30,1008.77
4375,393.66,27.75,27.39,45.30,1008.77
4376,393.75,27.75,27.40,45.30,1008.77
4377,393.84,27.75,27.40,45.31,1008.77
4378,393.93,27.75,27.40,45.30,1008.77
4379,394.02,27.75,27.41,45.30,1008.77
4380,394.11,27.75,27.41,45.29,1008.77
4381,394.20,27.75,27.41,45.30,1008.76
4382,394.29,27.75,27.41,45.30,1008.76
4383,394.38,27.75,27.41,45.28,1008.76
4384,394.47,27.75,27.41,45.27,1008.76
4385,394.56,27.75,27.40,45.26,1008.76
4386,394.65,27.75,27.41,45.27,1008.76
4387,394.74,27.75,27.41,45.27,1008.76
4388,394.83,27.75,27.40,45.28,1008.76
4389,394.92,27.75,27.40,45.29,1008.76
4390,395.01,27.75,27.39,45.29,1008.76
4391,395.10,27.75,27.39,45.27,1008.76
4392,395.19,27.75,27.39,45.27,1008.76
4393,395.28,27.75,27.39,45.27,1008.76
4394,395.37,27.75,27.38,45.26,1008.76
4395,395.46,27.75,27.38,45.23,1008.76
4396,395.55,27.75,27.38,45.22,1008.77
4397,395.64,27.75,27.38,45.21,1008.76
4398,395.73,27.75,27.38,45.21,1008.77
4399,395.82,27.75,27.38,45.22,1008.77
4400,395.91,27.75,27.37,45.21,1008.77
4401,396.00,27.75,27.37,45.18,1008.77
4402,396.09,27.75,27.37,45.18,1008.77
4403,396.18,27.75,27.37,45.21,1008.77
4404,396.27,27.75,27.37,45.21,1008.77
4405,396.36,27.75,27.37,45.18,1008.77
4406,396.45,27.75,27.37,45.18,1008.77
4407,396.54,27.75,27.37,45.16,1008.77
4408,396.63,27.75,27.37,45.16,1008.77
4409,396.72,27.75,27.37,45.15,1008.77
4410,396.81,27.75,27.37,45.14,1008.77
4411,396.90,27.75,27.38,45.16,1008.77
4412,396.99,27.75,27.38,45.16,1008.78
4413,397.08,27.75,27.37,45.15,1008.77
4414,397.17,27.75,27.38,45.16,1008.78
4415,397.26,27.75,27.37,45.19,1008.78
4416,397.35,27.75,27.38,45.20,1008.78
4417,397.44,27.75,27.38,45.20,1008.77
4418,397.53,27.75,27.38,45.20,1008.78
4419,397.62,27.75,27.38,45.20,1008.78
4420,397.71,27.75,27.38,45.18,1008.78
4421,397.80,27.75,27.39,45.16,1008.78
4422,397.89,27.75,27.38,45.13,1008.78
4423,397.98,27.75,27.38,45.14,1008.78
4424,398.07,27.75,27.38,45.13,1008.78
4425,398.16,27.75,27.39,45.14,1008.78
4426,398.25,27.75,27.38,45.14,1008.78
4427,398.34,27.75,27.37,45.12,1008.79
4428,398.43,27.75,27.38,45.10,1008.79
4429,398.52,27.75,27.38,45.10,1008.78
4430,398.61,27.75,27.39,45.09,1008.78
4431,398.70,27.75,27.39,45.10,1008.77
4432,398.79,27.75,27.39,45.07,1008.78
4433,398.88,27.75,27.39,45.07,1008.78
4434,398.97,27.75,27.40,45.07,1008.78
4435,399.06,27.75,27.40,45.10,1008.78
4436,399.15,27.75,27.41,45.08,1008.77
4437,399.24,27.75,27.40,45.09,1008.78
4438,399.33,27.75,27.40,45.09,1008.78
4439,399.42,27.75,27.41,45.08,1008.78
4440,399.51,27.75,27.40,45.06,1008.78
4441,399.60,27.75,27.41,45.07,1008.78
4442,399.69,27.75,27.41,45.06,1008.78
4443,399.78,27.75,27.42,45.07,1008.78
4444,399.87,27.75,27.42,45.05,1008.78
4445,399.96,27.75,27.41,45.07,1008.79
4446,400.05,27.75,27.41,45.08,1008.79
4447,400.14,27.75,27.40,45.09,1008.79
4448,400.23,27.75,27.40,45.10,1008.78
4449,400.32,27.75,27.40,45.09,1008.78
4450,400.41,27.75,27.40,45.08,1008.78
4451,400.50,27.75,27.41,45.09,1008.79
4452,400.59,27.75,27.41,45.07,1008.79
4453,400.68,27.75,27.41,45.07,1008.79
4454,400.77,27.75,27.41,45.06,1008.79
4455,400.86,27.75,27.41,45.08,1008.78
4456,400.95,27.75,27.40,45.09,1008.79
4457,401.04,27.75,27.39,45.11,1008.78
4458,401.13,27.75,27.40,45.10,1008.79
4459,401.22,27.75,27.39,45.10,1008.79
4460,401.31,27.75,27.39,45.10,1008.78
4461,401.40,27.75,27.39,45.11,1008.78
4462,401.49,27.75,27.38,45.11,1008.78
4463,401.58,27.75,27.38,45.11,1008.77
4464,401.67,27.75,27.38,45.12,1008.77
4465,401.76,27.75,27.37,45.09,1008.78
4466,401.85,27.75,27.36,45.11,1008.78
4467,401.94,27.75,27.37,45.12,1008.78
4468,402.03,27.75,27.36,45.11,1008.78
4469,402.12,27.75,27.36,45.10,1008.79
4470,402.21,27.75,27.37,45.10,1008.79
4471,402.30,27.75,27.36,45.10,1008.79
4472,402.39,27.75,27.35,45.11,1008.79
4473,402.48,27.75,27.35,45.11,1008.80
4474,402.57,27.75,27.35,45.12,1008.79
4475,402.66,27.75,27.35,45.12,1008.79
4476,402.75,27.75,27.35,45.12,1008.79
4477,402.84,27.75,27.35,45.12,1008.79
4478,402.93,27.75,27.35,45.12,1008.79
4479,403.02,27.75,27.35,45.12,1008.79
4480,403.11,27.75,27.34,45.13,1008.79
4481,403.20,27.75,27.34,45.14,1008.79
4482,403.29,27.75,27.35,45.14,1008.79
4483,403.38,27.75,27.33,45.13,1008.79
4484,403.47,27.75,27.33,45.13,1008.79
4485,403.56,27.75,27.33,45.13,1008.79
4486,403.65,27.75,27.32,45.13,1008.79
4487,403.74,27.75,27.33,45.15,1008.79
4488,403.83,27.75,27.33,45.15,1008.79
4489,403.92,27.75,27.33,45.14,1008.80
4490,404.01,27.75,27.33,45.14,1008.79
4491,404.10,27.75,27.34,45.13,1008.79
4492,404.19,27.75,27.34,45.12,1008.79
4493,404.28,27.75,27.35,45.12,1008.79
4494,404.37,27.75,27.36,45.12,1008.79
4495,404.46,27.75,27.35,45.14,1008.79
4496,404.55,27.75,27.35,45.16,1008.79
4497,404.64,27.75,27.35,45.16,1008.79
4498,404.73,27.75,27.35,45.13,1008.79
4499,404.82,27.75,27.36,45.12,1008.79
4500,404.91,27.75,27.37,45.14,1008.79
4501,405.00,27.75,27.37,45.13,1008.79
4502,405.09,27.75,27.37,45.15,1008.79
4503,405.18,27.75,27.36,45.15,1008.80
4504,405.27,27.75,27.36,45.13,1008.80
4505,405.36,27.75,27.35,45.15,1008.81
4506,405.45,27.75,27.37,45.16,1008.80
4507,405.54,27.75,27.37,45.18,1008.80
4508,405.63,27.75,27.38,45.17,1008.80
4509,405.72,27.75,27.38,45.19,1008.80
4510,405.81,27.75,27.39,45.16,1008.80
4511,405.90,27.75,27.41,45.16,1008.80
4512,405.99,27.75,27.41,45.16,1008.80
4513,406.08,27.75,27.41,45.13,1008.80
4514,406.17,27.75,27.42,45.13,1008.80
4515,406.26,27.75,27.41,45.14,1008.80
4516,406.35,27.75,27.42,45.13,1008.80
4517,406.44,27.75,27.42,45.13,1008.80
4518,406.53,27.75,27.42,45.14,1008.81
4519,406.62,27.75,27.42,45.14,1008.81
4520,406.71,27.75,27.43,45.13,1008.81
4521,406.80,27.75,27.43,45.14,1008.82
4522,406.89,27.75,27.42,45.15,1008.82
4523,406.98,27.75,27.43,45.13,1008.82
4524,407.07,27.75,27.43,45.12,1008.82
4525,407.16,27.75,27.44,45.13,1008.82
4526,407.25,27.75,27.44,45.13,1008.82
4527,407.34,27.75,27.44,45.13,1008.82
4528,407.43,27.75,27.44,45.13,1008.82
4529,407.52,27.75,27.45,45.13,1008.82
4530,407.61,27.75,27.46,45.14,1008.82
4531,407.70,27.75,27.46,45.13,1008.82
4532,407.79,27.75,27.46,45.12,1008.82
4533,407.88,27.75,27.47,45.13,1008.82
4534,407.97,27.75,27.47,45.11,1008.82
4535,408.06,27.75,27.46,45.12,1008.82
4536,408.15,27.75,27.45,45.12,1008.82
4537,408.24,27.75,27.44,45.12,1008.81
4538,408.33,27.75,27.42,45.10,1008.81
4539,408.42,27.75,27.41,45.09,1008.81
4540,408.51,27.75,27.40,45.08,1008.82
4541,408.60,27.75,27.39,45.07,1008.82
4542,408.69,27.75,27.39,45.08,1008.82
4543,408.78,27.75,27.39,45.08,1008.82
4544,408.87,27.75,27.38,45.08,1008.82
4545,408.96,27.75,27.38,45.07,1008.82
4546,409.05,27.75,27.38,45.05,1008.82
4547,409.14,27.75,27.38,45.05,1008.82
4548,409.23,27.75,27.37,45.05,1008.82
4549,409.32,27.75,27.36,45.05,1008.81
4550,409.41,27.75,27.36,45.05,1008.81
4551,409.50,27.75,27.35,45.04,1008.81
4552,409.59,27.75,27.35,45.04,1008.80
4553,409.68,27.75,27.35,45.02,1008.80
4554,409.77,27.75,27.35,44.99,1008.80
4555,409.86,27.75,27.35,45.02,1008.79
4556,409.95,27.75,27.36,45.02,1008.79
4557,410.04,27.75,27.35,45.00,1008.79
4558,410.13,27.75,27.35,45.00,1008.79
4559,410.22,27.75,27.35,45.01,1008.79
4560,410.31,27.75,27.35,45.02,1008.79
4561,410.40,27.75,27.36,44.99,1008.79
4562,410.49,27.75,27.36,45.01,1008.79
4563,410.58,27.75,27.37,45.02,1008.79
4564,410.67,27.75,27.37,45.01,1008.79
4565,410.76,27.75,27.37,45.02,1008.79
4566,410.85,27.75,27.37,45.02,1008.79
4567,410.94,27.75,27.38,45.01,1008.79
4568,411.03,27.75,27.38,45.00,1008.79
4569,411.12,27.75,27.38,45.00,1008.79
4570,411.21,27.75,27.38,45.00,1008.79
4571,411.30,27.75,27.39,45.01,1008.79
4572,411.39,27.75,27.39,45.02,1008.79
4573,411.48,27.75,27.39,45.03,1008.79
4574,411.57,27.75,27.39,45.04,1008.79
4575,411.66,27.75,27.40,45.03,1008.79
4576,411.75,27.75,27.39,45.07,1008.79
4577,411.84,27.75,27.39,45.07,1008.80
4578,411.93,27.75,27.39,45.06,1008.79
4579,412.02,27.75,27.49,45.05,1008.79
4580,412.11,27.75,27.43,45.06,1008.80
4581,412.20,27.75,27.39,45.06,1008.79
4582,412.29,27.75,27.39,45.06,1008.80
4583,412.38,27.75,27.40,45.07,1008.80
4584,412.47,27.75,27.40,45.07,1008.80
4585,412.56,27.75,27.40,45.06,1008.80
4586,412.65,27.75,27.39,45.03,1008.79
4587,412.74,27.75,27.39,45.03,1008.79
4588,412.83,27.75,27.40,45.01,1008.79
4589,412.92,27.75,27.39,45.02,1008.79
4590,413.01,27.75,27.39,45.03,1008.80
4591,413.10,27.75,27.38,45.03,1008.80
4592,413.19,27.75,27.38,45.02,1008.80
4593,413.28,27.75,27.39,45.01,1008.80
4594,413.37,27.75,27.38,45.04,1008.80
4595,413.46,27.75,27.39,45.03,1008.80
4596,413.55,27.75,27.39,45.04,1008.80
4597,413.64,27.75,27.39,45.03,1008.80
4598,413.73,27.75,27.39,45.02,1008.80
4599,413.82,27.75,27.39,45.01,1008.80
4600,413.91,27.75,27.40,45.00,1008.80
4601,414.00,27.75,27.38,44.97,1008.81
4602,414.09,27.75,27.38,44.97,1008.81
4603,414.18,27.75,27.38,44.97,1008.81
4604,414.27,27.75,27.37,44.99,1008.81
4605,414.36,27.75,27.37,44.99,1008.81
4606,414.45,27.75,27.38,44.99,1008.81
4607,414.54,27.75,27.38,44.98,1008.81
4608,414.63,27.75,27.38,44.97,1008.81
4609,414.72,27.75,27.38,44.97,1008.81
4610,414.81,27.75,27.38,45.00,1008.81
4611,414.90,27.75,27.38,45.02,1008.81
4612,414.99,27.75,27.37,45.01,1008.81
4613,415.08,27.75,27.37,45.01,1008.81
4614,415.17,27.75,27.37,45.01,1008.80
4615,415.26,27.75,27.37,45.03,1008.80
4616,415.35,27.75,27.37,45.03,1008.80
4617,415.44,27.75,27.38,45.00,1008.80
4618,415.53,27.75,27.37,44.99,1008.80
4619,415.62,27.75,27.37,44.99,1008.80
4620,415.71,27.75,27.37,44.99,1008.80
4621,415.80,27.75,27.38,44.99,1008.80
4622,415.89,27.75,27.27,45.02,1008.79
4623,415.98,27.75,27.33,45.02,1008.79
4624,416.07,27.75,27.37,45.01,1008.79
4625,416.16,27.75,27.36,45.02,1008.79
4626,416.25,27.75,27.37,45.02,1008.79
4627,416.34,27.75,27.38,45.03,1008.78
4628,416.43,27.75,27.38,45.04,1008.78
4629,416.52,27.75,27.39,45.03,1008.78
4630,416.61,27.75,27.39,45.04,1008.77
4631,416.70,27.75,27.39,45.05,1008.77
4632,416.79,27.75,27.38,45.06,1008.77
4633,416.88,27.75,27.38,45.05,1008.77
4634,416.97,27.75,27.39,45.06,1008.77
4635,417.06,27.75,27.39,45.06,1008.77
4636,417.15,27.75,27.39,45.05,1008.77
4637,417.24,27.75,27.39,45.05,1008.77
4638,417.33,27.75,27.38,45.05,1008.76
4639,417.42,27.75,27.39,45.06,1008.76
4640,417.51,27.75,27.39,45.05,1008.76
4641,417.60,27.75,27.39,45.05,1008.75
4642,417.69,27.75,27.40,45.05,1008.75
4643,417.78,27.75,27.40,45.07,1008.75
4644,417.87,27.75,27.41,45.06,1008.75
4645,417.96,27.75,27.40,45.07,1008.76
4646,418.05,27.75,27.40,45.08,1008.76
4647,418.14,27.75,27.40,45.09,1008.76
4648,418.23,27.75,27.40,45.09,1008.76
4649,418.32,27.75,27.41,45.08,1008.76
4650,418.41,27.75,27.40,45.10,1008.76
4651,418.50,27.75,27.40,45.10,1008.76
4652,418.59,27.75,27.41,45.09,1008.76
4653,418.68,27.75,27.41,45.09,1008.76
4654,418.77,27.75,27.42,45.08,1008.77
4655,418.86,27.75,27.41,45.06,1008.77
4656,418.95,27.75,27.41,45.07,1008.77
4657,419.04,27.75,27.40,45.06,1008.77
4658,419.13,27.75,27.40,45.07,1008.78
4659,419.22,27.75,27.40,45.05,1008.78
4660,419.31,27.75,27.40,45.03,1008.78
4661,419.40,27.75,27.40,45.03,1008.79
4662,419.49,27.75,27.41,45.01,1008.79
4663,419.58,27.75,27.41,45.01,1008.79
4664,419.67,27.75,27.40,44.99,1008.79
4665,419.76,27.75,27.40,44.97,1008.79
4666,419.85,27.75,27.40,44.97,1008.79
4667,419.94,27.75,27.39,44.98,1008.79
4668,420.03,27.75,27.40,44.96,1008.79
4669,420.12,27.75,27.40,44.95,1008.79
4670,420.21,27.75,27.39,44.95,1008.80
4671,420.30,27.75,27.39,44.95,1008.80
4672,420.39,27.75,27.39,44.96,1008.80
4673,420.48,27.75,27.40,44.97,1008.80
4674,420.57,27.75,27.40,44.99,1008.80
4675,420.66,27.75,27.40,45.00,1008.80
4676,420.75,27.75,27.41,44.99,1008.80
4677,420.84,27.75,27.41,44.98,1008.80
4678,420.93,27.75,27.41,44.97,1008.80
4679,421.02,27.75,27.41,44.97,1008.80
4680,421.11,27.75,27.41,44.98,1008.80
4681,421.20,27.75,27.41,44.97,1008.80
4682,421.29,27.75,27.41,44.98,1008.80
4683,421.38,27.75,27.40,44.99,1008.80
4684,421.47,27.75,27.40,44.99,1008.80
4685,421.56,27.75,27.40,45.00,1008.79
4686,421.65,27.75,27.40,45.00,1008.79
4687,421.74,27.75,27.39,45.02,1008.79
4688,421.83,27.75,27.39,45.01,1008.80
4689,421.92,27.75,27.39,45.02,1008.79
4690,422.01,27.75,27.39,45.02,1008.79
4691,422.10,27.75,27.39,45.01,1008.79
4692,422.19,27.75,27.39,45.01,1008.79
4693,422.28,27.75,27.39,45.01,1008.79
4694,422.37,27.75,27.38,44.98,1008.78
4695,422.46,27.75,27.38,44.98,1008.78
4696,422.55,27.75,27.38,44.98,1008.78
4697,422.64,27.75,27.39,44.96,1008.78
4698,422.73,27.75,27.39,44.96,1008.78
4699,422.82,27.75,27.39,44.97,1008.78
4700,422.91,27.75,27.40,44.96,1008.77
4701,423.00,27.75,27.39,44.97,1008.77
4702,423.09,27.75,27.40,44.97,1008.77
4703,423.18,27.75,27.40,44.96,1008.77
4704,423.27,27.75,27.40,44.96,1008.77
4705,423.36,27.75,27.40,44.96,1008.77
4706,423.45,27.75,27.40,44.96,1008.77
4707,423.54,27.75,27.40,44.97,1008.77
4708,423.63,27.75,27.39,44.96,1008.77
4709,423.72,27.75,27.39,44.96,1008.77
4710,423.81,27.75,27.39,44.97,1008.77
4711,423.90,27.75,27.40,44.97,1008.77
4712,423.99,27.75,27.41,44.98,1008.77
4713,424.08,27.75,27.41,44.97,1008.77
4714,424.17,27.75,27.41,44.96,1008.77
4715,424.26,27.75,27.41,44.97,1008.77
4716,424.35,27.75,27.40,44.97,1008.77
4717,424.44,27.75,27.40,44.98,1008.77
4718,424.53,27.75,27.40,44.99,1008.77
4719,424.62,27.75,27.40,45.00,1008.77
4720,424.71,27.75,27.40,45.01,1008.77
4721,424.80,27.75,27.40,45.01,1008.77
4722,424.89,27.75,27.41,45.01,1008.77
4723,424.98,27.75,27.41,45.00,1008.77
4724,425.07,27.75,27.41,45.01,1008.78
4725,425.16,27.75,27.41,45.00,1008.78
4726,425.25,27.75,27.40,45.01,1008.78
4727,425.34,27.75,27.39,45.00,1008.78
4728,425.43,27.75,27.39,45.00,1008.78
4729,425.52,27.75,27.41,45.01,1008.78
4730,425.61,27.75,27.40,44.99,1008.79
4731,425.70,27.75,27.40,45.01,1008.79
4732,425.79,27.75,27.40,45.01,1008.79
4733,425.88,27.75,27.41,45.03,1008.79
4734,425.97,27.75,27.41,45.01,1008.79
4735,426.06,27.75,27.41,45.03,1008.79
4736,426.15,27.75,27.40,45.01,1008.79
4737,426.24,27.75,27.40,45.00,1008.80
4738,426.33,27.75,27.39,45.00,1008.80
4739,426.42,27.75,27.39,45.01,1008.80
4740,426.51,27.75,27.39,44.99,1008.80
4741,426.60,27.75,27.38,44.99,1008.80
4742,426.69,27.75,27.37,45.01,1008.80
4743,426.78,27.75,27.37,45.00,1008.80
4744,426.87,27.75,27.37,45.00,1008.80
4745,426.96,27.75,27.38,45.01,1008.80
4746,427.05,27.75,27.38,45.00,1008.80
4747,427.14,27.75,27.38,45.01,1008.80
4748,427.23,27.75,27.39,45.01,1008.80
4749,427.32,27.75,27.39,45.02,1008.80
4750,427.41,27.75,27.39,45.00,1008.80
4751,427.50,27.75,27.39,45.01,1008.80
4752,427.59,27.75,27.40,45.00,1008.80
4753,427.68,27.75,27.39,45.00,1008.80
4754,427.77,27.75,27.39,44.99,1008.80
4755,427.86,27.75,27.38,44.97,1008.80
4756,427.95,27.75,27.39,44.98,1008.80
4757,428.04,27.75,27.39,45.00,1008.80
4758,428.13,27.75,27.38,45.02,1008.80
4759,428.22,27.75,27.38,45.03,1008.81
4760,428.31,27.75,27.38,45.02,1008.80
4761,428.40,27.75,27.38,45.01,1008.80
4762,428.49,27.75,27.39,45.03,1008.81
4763,428.58,27.75,27.40,45.04,1008.81
4764,428.67,27.75,27.40,45.04,1008.81
4765,428.76,27.75,27.39,45.06,1008.81
4766,428.85,27.75,27.39,45.06,1008.81
4767,428.94,27.75,27.40,45.05,1008.81
4768,429.03,27.75,27.40,45.03,1008.80
4769,429.12,27.75,27.39,45.04,1008.81
4770,429.21,27.75,27.38,45.04,1008.80
4771,429.30,27.75,27.39,45.05,1008.81
4772,429.39,27.75,27.38,45.03,1008.81
4773,429.48,27.75,27.39,45.03,1008.81
4774,429.57,27.75,27.38,45.04,1008.80
4775,429.66,27.75,27.40,45.04,1008.80
4776,429.75,27.75,27.40,45.05,1008.80
4777,429.84,27.75,27.40,45.03,1008.80
4778,429.93,27.75,27.41,45.03,1008.80
4779,430.02,27.75,27.40,45.04,1008.80
4780,430.11,27.75,27.41,45.04,1008.80
4781,430.20,27.75,27.40,45.05,1008.80
4782,430.29,27.75,27.40,45.06,1008.80
4783,430.38,27.75,27.40,45.06,1008.80
4784,430.47,27.75,27.41,45.06,1008.80
4785,430.56,27.75,27.41,45.05,1008.80
4786,430.65,27.75,27.41,45.06,1008.81
4787,430.74,27.75,27.41,45.04,1008.80
4788,430.83,27.75,27.42,45.03,1008.80
4789,430.92,27.75,27.41,45.04,1008.80
4790,431.01,27.75,27.41,45.04,1008.80
4791,431.10,27.75,27.41,45.03,1008.80
4792,431.19,27.75,27.40,45.03,1008.80
4793,431.28,27.75,27.40,45.05,1008.79
4794,431.37,27.75,27.40,45.06,1008.79
4795,431.46,27.75,27.40,45.05,1008.79
4796,431.55,27.75,27.41,45.05,1008.79
4797,431.64,27.75,27.41,45.05,1008.79
4798,431.73,27.75,27.41,45.05,1008.79
4799,431.82,27.75,27.42,45.05,1008.79
4800,431.91,27.75,27.41,45.07,1008.79
4801,432.00,27.75,27.41,45.07,1008.79
4802,432.09,27.75,27.40,45.05,1008.79
4803,432.18,27.75,27.40,45.06,1008.79
4804,432.27,27.75,27.40,45.05,1008.79
4805,432.36,27.75,27.40,45.06,1008.79
4806,432.45,27.75,27.41,45.08,1008.79
4807,432.54,27.75,27.40,45.07,1008.79
4808,432.63,27.75,27.40,45.06,1008.79
4809,432.72,27.75,27.40,45.05,1008.78
4810,432.81,27.75,27.40,45.04,1008.78
4811,432.90,27.75,27.40,45.04,1008.78
4812,432.99,27.75,27.40,45.05,1008.78
4813,433.08,27.75,27.40,45.06,1008.78
4814,433.17,27.75,27.40,45.07,1008.79
4815,433.26,27.75,27.40,45.08,1008.79
4816,433.35,27.75,27.40,45.09,1008.78
4817,433.44,27.75,27.40,45.08,1008.78
4818,433.53,27.75,27.40,45.07,1008.78
4819,433.62,27.75,27.41,45.06,1008.79
4820,433.71,27.75,27.42,45.06,1008.78
4821,433.80,27.75,27.42,45.08,1008.78
4822,433.89,27.75,27.40,45.09,1008.79
4823,433.98,27.75,27.41,45.11,1008.79
4824,434.07,27.75,27.40,45.11,1008.78
4825,434.16,27.75,27.40,45.11,1008.78
4826,434.25,27.75,27.40,45.11,1008.79
4827,434.34,27.75,27.40,45.11,1008.79
4828,434.43,27.75,27.39,45.12,1008.80
4829,434.52,27.75,27.39,45.10,1008.80
4830,434.61,27.75,27.39,45.12,1008.80
4831,434.70,27.75,27.39,45.10,1008.80
4832,434.79,27.75,27.39,45.09,1008.80
4833,434.88,27.75,27.38,45.08,1008.81
4834,434.97,27.75,27.38,45.08,1008.80
4835,435.06,27.75,27.38,45.09,1008.80
4836,435.15,27.75,27.38,45.10,1008.81
4837,435.24,27.75,27.39,45.10,1008.80
4838,435.33,27.75,27.39,45.09,1008.81
4839,435.42,27.75,27.39,45.08,1008.81
4840,435.51,27.75,27.38,45.09,1008.81
4841,435.60,27.75,27.39,45.09,1008.81
4842,435.69,27.75,27.39,45.09,1008.81
4843,435.78,27.75,27.39,45.08,1008.81
4844,435.87,27.75,27.39,45.09,1008.81
4845,435.96,27.75,27.39,45.09,1008.81
4846,436.05,27.75,27.39,45.08,1008.80
4847,436.14,27.75,27.39,45.10,1008.80
4848,436.23,27.75,27.40,45.11,1008.80
4849,436.32,27.75,27.40,45.09,1008.80
4850,436.41,27.75,27.41,45.08,1008.80
4851,436.50,27.75,27.42,45.07,1008.80
4852,436.59,27.75,27.42,45.09,1008.80
4853,436.68,27.75,27.41,45.09,1008.80
4854,436.77,27.75,27.40,45.11,1008.80
4855,436.86,27.75,27.40,45.13,1008.80
4856,436.95,27.75,27.41,45.14,1008.80
4857,437.04,27.75,27.41,45.15,1008.80
4858,437.13,27.75,27.41,45.14,1008.80
4859,437.22,27.75,27.41,45.14,1008.80
4860,437.31,27.75,27.40,45.13,1008.80
4861,437.40,27.75,27.41,45.15,1008.80
4862,437.49,27.75,27.41,45.17,1008.80
4863,437.58,27.75,27.41,45.16,1008.80
4864,437.67,27.75,27.41,45.15,1008.80
4865,437.76,27.75,27.42,45.14,1008.80
4866,437.85,27.75,27.41,45.12,1008.80
4867,437.94,27.75,27.41,45.09,1008.79
4868,438.03,27.75,27.41,45.09,1008.79
4869,438.12,27.75,27.40,45.08,1008.79
4870,438.21,27.75,27.41,45.08,1008.79
4871,438.30,27.75,27.40,45.08,1008.79
4872,438.39,27.75,27.41,45.08,1008.79
4873,438.48,27.75,27.41,45.07,1008.78
4874,438.57,27.75,27.40,45.06,1008.78
4875,438.66,27.75,27.41,45.04,1008.78
4876,438.75,27.75,27.41,45.04,1008.78
4877,438.84,27.76,27.41,45.04,1008.78
4878,438.93,27.76,27.41,45.01,1008.78
4879,439.02,27.77,27.41,45.00,1008.77
4880,439.11,27.77,27.41,44.98,1008.77
4881,439.20,27.77,27.41,44.97,1008.77
4882,439.29,27.77,27.41,44.98,1008.77
4883,439.38,27.77,27.40,44.96,1008.77
4884,439.47,27.77,27.40,44.95,1008.77
4885,439.56,27.76,27.40,44.97,1008.77
4886,439.65,27.76,27.40,44.99,1008.77
4887,439.74,27.76,27.40,44.98,1008.77
4888,439.83,27.75,27.39,44.99,1008.77
4889,439.92,27.75,27.40,45.00,1008.77
4890,440.01,27.75,27.39,44.98,1008.78
4891,440.10,27.75,27.39,44.97,1008.78
4892,440.19,27.75,27.39,44.97,1008.78
4893,440.28,27.75,27.39,44.98,1008.78
4894,440.37,27.75,27.40,45.00,1008.78
4895,440.46,27.75,27.39,44.99,1008.79
4896,440.55,27.75,27.39,44.98,1008.79
4897,440.64,27.75,27.39,44.99,1008.79
4898,440.73,27.75,27.40,45.00,1008.80
4899,440.82,27.75,27.39,45.00,1008.80
4900,440.91,27.75,27.39,45.01,1008.80
4901,441.00,27.75,27.39,45.03,1008.80
4902,441.09,27.75,27.40,45.02,1008.81
4903,441.18,27.75,27.40,45.01,1008.80
4904,441.27,27.75,27.39,45.02,1008.80
4905,441.36,27.75,27.40,45.02,1008.80
4906,441.45,27.75,27.40,45.02,1008.81
4907,441.54,27.75,27.39,45.00,1008.80
4908,441.63,27.75,27.39,45.02,1008.80
4909,441.72,27.75,27.40,45.03,1008.81
4910,441.81,27.75,27.40,45.04,1008.81
4911,441.90,27.75,27.40,45.05,1008.81
4912,441.99,27.75,27.40,45.06,1008.81
4913,442.08,27.75,27.41,45.06,1008.81
4914,442.17,27.75,27.40,45.06,1008.81
4915,442.26,27.75,27.40,45.07,1008.81
4916,442.35,27.75,27.41,45.08,1008.81
4917,442.44,27.75,27.40,45.07,1008.81
4918,442.53,27.75,27.39,45.08,1008.81
4919,442.62,27.75,27.39,45.09,1008.81
4920,442.71,27.75,27.39,45.08,1008.80
4921,442.80,27.75,27.38,45.09,1008.80
4922,442.89,27.75,27.39,45.07,1008.80
4923,442.98,27.75,27.39,45.08,1008.80
4924,443.07,27.75,27.39,45.08,1008.80
4925,443.16,27.75,27.39,45.08,1008.80
4926,443.25,27.74,27.39,45.07,1008.80
4927,443.34,27.74,27.38,45.07,1008.80
4928,443.43,27.74,27.39,45.10,1008.79
4929,443.52,27.74,27.39,45.10,1008.79
4930,443.61,27.74,27.38,45.11,1008.78
4931,443.70,27.74,27.38,45.12,1008.79
4932,443.79,27.74,27.39,45.12,1008.79
4933,443.88,27.74,27.39,45.13,1008.78
4934,443.97,27.74,27.39,45.13,1008.78
4935,444.06,27.74,27.40,45.12,1008.77
4936,444.15,27.74,27.40,45.14,1008.77
4937,444.24,27.74,27.39,45.15,1008.77
4938,444.33,27.74,27.40,45.14,1008.77
4939,444.42,27.74,27.39,45.14,1008.77
4940,444.51,27.74,27.40,45.12,1008.77
4941,444.60,27.74,27.40,45.12,1008.77
4942,444.69,27.74,27.41,45.12,1008.77
4943,444.78,27.74,27.41,45.13,1008.77
4944,444.87,27.74,27.42,45.10,1008.77
4945,444.96,27.74,27.43,45.10,1008.77
4946,445.05,27.74,27.43,45.10,1008.77
4947,445.14,27.74,27.42,45.11,1008.77
4948,445.23,27.74,27.42,45.11,1008.77
4949,445.32,27.74,27.41,45.09,1008.77
4950,445.41,27.74,27.41,45.06,1008.77
4951,445.50,27.74,27.41,45.06,1008.77
4952,445.59,27.74,27.42,45.05,1008.78
4953,445.68,27.74,27.41,45.03,1008.78
4954,445.77,27.74,27.42,45.02,1008.78
4955,445.86,27.74,27.41,45.06,1008.77
4956,445.95,27.74,27.41,45.06,1008.78
4957,446.04,27.74,27.40,45.05,1008.77
4958,446.13,27.74,27.39,45.05,1008.78
4959,446.22,27.74,27.40,45.05,1008.78
4960,446.31,27.74,27.40,45.03,1008.78
4961,446.40,27.74,27.41,45.02,1008.78
4962,446.49,27.74,27.41,45.01,1008.78
4963,446.58,27.74,27.42,45.01,1008.79
4964,446.67,27.74,27.42,45.02,1008.79
4965,446.76,27.74,27.43,45.04,1008.79
4966,446.85,27.74,27.44,45.04,1008.79
4967,446.94,27.74,27.44,45.05,1008.78
4968,447.03,27.74,27.44,45.04,1008.79
4969,447.12,27.74,27.43,45.05,1008.79
4970,447.21,27.74,27.43,45.05,1008.79
4971,447.30,27.74,27.43,45.05,1008.80
4972,447.39,27.74,27.43,45.05,1008.80
4973,447.48,27.74,27.41,45.03,1008.80
4974,447.57,27.74,27.40,45.05,1008.80
4975,447.66,27.74,27.39,45.03,1008.80
4976,447.75,27.74,27.40,45.05,1008.80
4977,447.84,27.74,27.40,45.06,1008.80
4978,447.93,27.74,27.39,45.05,1008.80
4979,448.02,27.74,27.39,45.07,1008.80
4980,448.11,27.74,27.39,45.08,1008.79
4981,448.20,27.74,27.39,45.07,1008.80
4982,448.29,27.74,27.38,45.07,1008.79
4983,448.38,27.74,27.38,45.06,1008.79
4984,448.47,27.74,27.37,45.08,1008.79
4985,448.56,27.74,27.38,45.08,1008.79
4986,448.65,27.74,27.37,45.10,1008.79
4987,448.74,27.74,27.38,45.07,1008.79
4988,448.83,27.74,27.38,45.06,1008.78
4989,448.92,27.74,27.39,45.06,1008.78
4990,449.01,27.74,27.39,45.06,1008.78
4991,449.10,27.74,27.38,45.04,1008.78
4992,449.19,27.74,27.38,45.05,1008.78
4993,449.28,27.74,27.38,45.03,1008.78
4994,449.37,27.74,27.37,45.04,1008.78
4995,449.46,27.74,27.37,45.03,1008.78
4996,449.55,27.74,27.38,45.02,1008.78
4997,449.64,27.74,27.37,45.01,1008.77
4998,449.73,27.74,27.38,45.01,1008.77
4999,449.82,27.74,27.37,45.03,1008.78
5000,449.91,27.74,27.37,45.04,1008.78
5001,450.00,27.74,27.37,45.03,1008.78
5002,450.09,27.74,27.38,45.03,1008.78
5003,450.18,27.74,27.39,45.03,1008.78
5004,450.27,27.74,27.39,45.04,1008.78
5005,450.36,27.74,27.39,45.02,1008.78
5006,450.45,27.74,27.40,45.03,1008.77
5007,450.54,27.74,27.40,45.04,1008.77
5008,450.63,27.74,27.40,45.06,1008.78
5009,450.72,27.74,27.40,45.05,1008.78
5010,450.81,27.74,27.41,45.06,1008.78
5011,450.90,27.74,27.40,45.05,1008.78
5012,450.99,27.74,27.39,45.05,1008.78
5013,451.08,27.74,27.39,45.06,1008.78
5014,451.17,27.74,27.41,45.06,1008.78
5015,451.26,27.74,27.41,45.04,1008.78
5016,451.35,27.74,27.41,45.03,1008.78
5017,451.44,27.74,27.41,45.05,1008.78
5018,451.53,27.74,27.41,45.06,1008.79
5019,451.62,27.74,27.42,45.05,1008.79
5020,451.71,27.74,27.42,45.03,1008.79
5021,451.80,27.74,27.42,45.04,1008.79
5022,451.89,27.74,27.41,45.04,1008.79
5023,451.98,27.74,27.41,45.04,1008.79
5024,452.07,27.74,27.41,45.05,1008.79
5025,452.16,27.74,27.42,45.05,1008.79
5026,452.25,27.74,27.41,45.06,1008.79
5027,452.34,27.74,27.41,45.05,1008.79
5028,452.43,27.74,27.42,45.06,1008.79
5029,452.52,27.74,27.43,45.04,1008.79
5030,452.61,27.74,27.43,45.04,1008.79
5031,452.70,27.74,27.43,45.04,1008.79
5032,452.79,27.74,27.43,45.06,1008.79
5033,452.88,27.74,27.43,45.08,1008.79
5034,452.97,27.74,27.42,45.07,1008.79
5035,453.06,27.74,27.42,45.08,1008.79
5036,453.15,27.74,27.43,45.08,1008.79
5037,453.24,27.74,27.43,45.06,1008.79
5038,453.33,27.74,27.44,45.06,1008.79
5039,453.42,27.74,27.43,45.05,1008.79
5040,453.51,27.74,27.43,45.05,1008.79
5041,453.60,27.74,27.42,45.04,1008.80
5042,453.69,27.74,27.42,45.04,1008.80
5043,453.78,27.74,27.43,45.04,1008.80
5044,453.87,27.74,27.43,45.03,1008.80
5045,453.96,27.74,27.43,45.05,1008.80
5046,454.05,27.74,27.43,45.03,1008.80
5047,454.14,27.74,27.43,45.04,1008.81
5048,454.23,27.74,27.44,45.04,1008.80
5049,454.32,27.74,27.43,45.04,1008.80
5050,454.41,27.74,27.42,45.04,1008.80
5051,454.50,27.74,27.43,45.05,1008.80
5052,454.59,27.74,27.43,45.04,1008.80
5053,454.68,27.74,27.43,45.03,1008.80
5054,454.77,27.74,27.43,45.02,1008.79
5055,454.86,27.74,27.42,45.01,1008.79
5056,454.95,27.74,27.41,45.01,1008.80
5057,455.04,27.74,27.41,45.02,1008.79
5058,455.13,27.74,27.39,45.01,1008.79
5059,455.22,27.74,27.39,45.01,1008.79
5060,455.31,27.74,27.38,44.99,1008.79
5061,455.40,27.74,27.38,44.99,1008.79
5062,455.49,27.74,27.39,45.00,1008.78
5063,455.58,27.74,27.39,45.01,1008.78
5064,455.67,27.74,27.39,45.00,1008.78
5065,455.76,27.74,27.40,45.00,1008.78
5066,455.85,27.74,27.41,44.99,1008.78
5067,455.94,27.74,27.41,44.98,1008.78
5068,456.03,27.74,27.40,44.94,1008.78
5069,456.12,27.74,27.40,44.96,1008.78
5070,456.21,27.74,27.41,44.95,1008.77
5071,456.30,27.74,27.40,44.95,1008.77
5072,456.39,27.74,27.40,44.92,1008.77
5073,456.48,27.74,27.39,44.92,1008.77
5074,456.57,27.74,27.34,44.93,1008.77
5075,456.66,27.74,27.39,44.96,1008.77
5076,456.75,27.74,27.39,44.97,1008.77
5077,456.84,27.74,27.39,44.96,1008.77
5078,456.93,27.74,27.39,44.97,1008.78
5079,457.02,27.74,27.38,44.97,1008.78
5080,457.11,27.74,27.38,44.96,1008.78
5081,457.20,27.74,27.38,44.94,1008.78
5082,457.29,27.74,27.39,44.97,1008.77
5083,457.38,27.74,27.39,44.95,1008.78
5084,457.47,27.74,27.39,44.96,1008.77
5085,457.56,27.74,27.40,44.96,1008.78
5086,457.65,27.74,27.40,44.98,1008.78
5087,457.74,27.74,27.40,44.97,1008.78
5088,457.83,27.74,27.41,44.94,1008.78
5089,457.92,27.74,27.41,44.94,1008.78
5090,458.01,27.74,27.41,44.94,1008.78
5091,458.10,27.74,27.41,44.95,1008.79
5092,458.19,27.74,27.41,44.98,1008.78
5093,458.28,27.74,27.40,44.97,1008.78
5094,458.37,27.74,27.40,44.96,1008.78
5095,458.46,27.74,27.41,44.96,1008.78
5096,458.55,27.74,27.42,44.94,1008.79
5097,458.64,27.74,27.42,44.95,1008.79
5098,458.73,27.74,27.43,44.93,1008.79
5099,458.82,27.74,27.43,44.94,1008.79
5100,458.91,27.74,27.43,44.92,1008.79
5101,459.00,27.74,27.43,44.92,1008.79
5102,459.09,27.74,27.43,44.91,1008.80
5103,459.18,27.74,27.44,44.90,1008.79
5104,459.27,27.74,27.44,44.91,1008.79
5105,459.36,27.74,27.45,44.91,1008.80
5106,459.45,27.74,27.46,44.91,1008.80
5107,459.54,27.74,27.46,44.87,1008.80
5108,459.63,27.74,27.45,44.89,1008.79
5109,459.72,27.74,27.45,44.89,1008.79
5110,459.81,27.74,27.45,44.90,1008.79
5111,459.90,27.74,27.45,44.91,1008.80
5112,459.99,27.74,27.46,44.90,1008.80
5113,460.08,27.74,27.46,44.90,1008.80
5114,460.17,27.74,27.46,44.90,1008.80
5115,460.26,27.74,27.46,44.89,1008.80
5116,460.35,27.74,27.45,44.91,1008.80
5117,460.44,27.74,27.45,44.90,1008.80
5118,460.53,27.74,27.46,44.90,1008.80
5119,460.62,27.74,27.45,44.93,1008.79
5120,460.71,27.74,27.45,44.92,1008.79
5121,460.80,27.74,27.45,44.91,1008.79
5122,460.89,27.74,27.45,44.92,1008.79
5123,460.98,27.74,27.45,44.92,1008.79
5124,461.07,27.74,27.46,44.90,1008.80
5125,461.16,27.74,27.46,44.88,1008.80
5126,461.25,27.74,27.46,44.88,1008.80
5127,461.34,27.74,27.45,44.88,1008.80
5128,461.43,27.74,27.44,44.87,1008.80
5129,461.52,27.74,27.44,44.87,1008.80
5130,461.61,27.74,27.42,44.87,1008.79
5131,461.70,27.74,27.42,44.87,1008.79
5132,461.79,27.74,27.42,44.87,1008.79
5133,461.88,27.74,27.40,44.85,1008.79
5134,461.97,27.74,27.40,44.86,1008.79
5135,462.06,27.74,27.40,44.84,1008.79
5136,462.15,27.74,27.41,44.85,1008.78
5137,462.24,27.74,27.41,44.85,1008.79
5138,462.33,27.74,27.40,44.85,1008.79
5139,462.42,27.74,27.39,44.87,1008.79
5140,462.51,27.74,27.38,44.87,1008.78
5141,462.60,27.74,27.39,44.85,1008.78
5142,462.69,27.74,27.39,44.85,1008.78
5143,462.78,27.74,27.39,44.83,1008.78
5144,462.87,27.74,27.39,44.83,1008.79
5145,462.96,27.74,27.39,44.82,1008.79
5146,463.05,27.74,27.39,44.82,1008.79
5147,463.14,27.74,27.39,44.80,1008.79
5148,463.23,27.74,27.40,44.81,1008.79
5149,463.32,27.74,27.40,44.82,1008.79
5150,463.41,27.74,27.40,44.82,1008.79
5151,463.50,27.74,27.41,44.80,1008.79
5152,463.59,27.74,27.40,44.79,1008.79
5153,463.68,27.74,27.40,44.80,1008.79
5154,463.77,27.74,27.39,44.79,1008.79
5155,463.86,27.74,27.40,44.80,1008.79
5156,463.95,27.74,27.39,44.83,1008.79
5157,464.04,27.74,27.39,44.82,1008.79
5158,464.13,27.74,27.40,44.82,1008.78
5159,464.22,27.74,27.40,44.83,1008.79
5160,464.31,27.74,27.40,44.84,1008.78
5161,464.40,27.74,27.40,44.83,1008.79
5162,464.49,27.74,27.41,44.84,1008.79
5163,464.58,27.74,27.41,44.84,1008.79
5164,464.67,27.74,27.41,44.84,1008.79
5165,464.76,27.74,27.43,44.83,1008.80
5166,464.85,27.74,27.43,44.82,1008.80
5167,464.94,27.74,27.43,44.82,1008.79
5168,465.03,27.74,27.42,44.82,1008.79
5169,465.12,27.74,27.42,44.82,1008.79
5170,465.21,27.74,27.43,44.81,1008.79
5171,465.30,27.74,27.43,44.81,1008.79
5172,465.39,27.74,27.43,44.80,1008.79
5173,465.48,27.74,27.42,44.81,1008.80
5174,465.57,27.74,27.43,44.83,1008.80
5175,465.66,27.74,27.43,44.82,1008.80
5176,465.75,27.74,27.43,44.82,1008.80
5177,465.84,27.74,27.43,44.82,1008.80
5178,465.93,27.74,27.44,44.82,1008.80
5179,466.02,27.74,27.43,44.82,1008.80
5180,466.11,27.74,27.45,44.83,1008.80
5181,466.20,27.74,27.45,44.81,1008.81
5182,466.29,27.74,27.45,44.84,1008.81
5183,466.38,27.74,27.45,44.87,1008.80
5184,466.47,27.74,27.45,44.86,1008.80
5185,466.56,27.74,27.45,44.86,1008.80
5186,466.65,27.74,27.45,44.85,1008.80
5187,466.74,27.74,27.45,44.84,1008.80
5188,466.83,27.74,27.45,44.84,1008.80
5189,466.92,27.74,27.45,44.85,1008.80
5190,467.01,27.74,27.43,44.86,1008.80
5191,467.10,27.74,27.43,44.84,1008.81
5192,467.19,27.74,27.43,44.84,1008.81
5193,467.28,27.74,27.44,44.85,1008.81
5194,467.37,27.74,27.43,44.84,1008.81
5195,467.46,27.74,27.43,44.85,1008.81
5196,467.55,27.74,27.44,44.86,1008.81
5197,467.64,27.74,27.44,44.88,1008.81
5198,467.73,27.74,27.44,44.86,1008.81
5199,467.82,27.74,27.43,44.84,1008.81
5200,467.91,27.74,27.43,44.86,1008.81
5201,468.00,27.74,27.42,44.86,1008.81
5202,468.09,27.74,27.42,44.86,1008.81
5203,468.18,27.74,27.42,44.84,1008.82
5204,468.27,27.74,27.42,44.83,1008.82
5205,468.36,27.74,27.42,44.82,1008.81
5206,468.45,27.74,27.42,44.82,1008.82
5207,468.54,27.74,27.42,44.83,1008.81
5208,468.63,27.74,27.42,44.83,1008.81
5209,468.72,27.74,27.41,44.81,1008.81
5210,468.81,27.74,27.41,44.79,1008.81
5211,468.90,27.74,27.40,44.78,1008.82
5212,468.99,27.74,27.41,44.77,1008.82
5213,469.08,27.74,27.41,44.74,1008.82
5214,469.17,27.74,27.40,44.75,1008.82
5215,469.26,27.74,27.40,44.75,1008.82
5216,469.35,27.74,27.40,44.75,1008.82
5217,469.44,27.74,27.41,44.75,1008.81
5218,469.53,27.74,27.41,44.77,1008.81
5219,469.62,27.74,27.41,44.78,1008.81
5220,469.71,27.74,27.40,44.77,1008.81
5221,469.80,27.74,27.40,44.74,1008.81
5222,469.89,27.74,27.40,44.73,1008.81
5223,469.98,27.74,27.39,44.74,1008.81
5224,470.07,27.74,27.40,44.75,1008.81
5225,470.16,27.74,27.39,44.74,1008.81
5226,470.25,27.74,27.39,44.73,1008.80
5227,470.34,27.74,27.39,44.74,1008.79
5228,470.43,27.74,27.39,44.75,1008.79
5229,470.52,27.74,27.38,44.75,1008.79
5230,470.61,27.74,27.39,44.73,1008.79
5231,470.70,27.74,27.39,44.71,1008.78
5232,470.79,27.74,27.38,44.71,1008.75
5233,470.88,27.74,27.38,44.67,1008.77
5234,470.97,27.74,27.39,44.67,1008.77
5235,471.06,27.74,27.40,44.66,1008.77
5236,471.15,27.74,27.39,44.64,1008.77
5237,471.24,27.74,27.40,44.65,1008.77
5238,471.33,27.74,27.40,44.64,1008.77
5239,471.42,27.74,27.40,44.66,1008.77
5240,471.51,27.74,27.41,44.66,1008.77
5241,471.60,27.74,27.41,44.65,1008.77
5242,471.69,27.74,27.42,44.65,1008.77
5243,471.78,27.74,27.43,44.65,1008.77
5244,471.87,27.74,27.43,44.63,1008.77
5245,471.96,27.74,27.45,44.65,1008.77
5246,472.05,27.74,27.44,44.65,1008.77
5247,472.14,27.74,27.44,44.64,1008.77
5248,472.23,27.74,27.46,44.65,1008.77
5249,472.32,27.74,27.46,44.64,1008.77
5250,472.41,27.74,27.45,44.63,1008.77
5251,472.50,27.74,27.45,44.65,1008.77
5252,472.59,27.74,27.46,44.68,1008.77
5253,472.68,27.74,27.45,44.69,1008.74
5254,472.77,27.74,27.45,44.69,1008.77
5255,472.86,27.74,27.44,44.70,1008.77
5256,472.95,27.74,27.45,44.70,1008.77
5257,473.04,27.74,27.45,44.67,1008.77
5258,473.13,27.74,27.44,44.68,1008.78
5259,473.22,27.74,27.44,44.68,1008.78
5260,473.31,27.74,27.44,44.67,1008.79
5261,473.40,27.74,27.44,44.69,1008.79
5262,473.49,27.74,27.43,44.68,1008.79
5263,473.58,27.74,27.43,44.67,1008.79
5264,473.67,27.74,27.43,44.65,1008.79
5265,473.76,27.74,27.44,44.65,1008.79
5266,473.85,27.74,27.43,44.66,1008.80
5267,473.94,27.74,27.43,44.65,1008.80
5268,474.03,27.74,27.42,44.64,1008.80
5269,474.12,27.74,27.42,44.64,1008.80
5270,474.21,27.74,27.42,44.63,1008.80
5271,474.30,27.74,27.42,44.64,1008.80
5272,474.39,27.74,27.41,44.63,1008.81
5273,474.48,27.74,27.41,44.63,1008.81
5274,474.57,27.74,27.41,44.64,1008.81
5275,474.66,27.74,27.40,44.63,1008.81
5276,474.75,27.74,27.41,44.63,1008.81
5277,474.84,27.74,27.42,44.65,1008.81
5278,474.93,27.74,27.42,44.64,1008.81
5279,475.02,27.74,27.42,44.62,1008.81
5280,475.11,27.74,27.42,44.61,1008.81
5281,475.20,27.74,27.42,44.62,1008.81
5282,475.29,27.74,27.42,44.62,1008.81
5283,475.38,27.74,27.41,44.62,1008.81
5284,475.47,27.74,27.41,44.65,1008.81
5285,475.56,27.74,27.42,44.66,1008.82
5286,475.65,27.74,27.42,44.65,1008.81
5287,475.74,27.74,27.43,44.64,1008.81
5288,475.83,27.74,27.43,44.66,1008.81
5289,475.92,27.74,27.44,44.66,1008.80
5290,476.01,27.74,27.43,44.67,1008.80
5291,476.10,27.74,27.43,44.67,1008.80
5292,476.19,27.74,27.42,44.66,1008.80
5293,476.28,27.74,27.41,44.67,1008.80
5294,476.37,27.74,27.41,44.67,1008.80
5295,476.46,27.74,27.42,44.68,1008.79
5296,476.55,27.74,27.42,44.69,1008.79
5297,476.64,27.74,27.42,44.70,1008.79
5298,476.73,27.74,27.42,44.69,1008.79
5299,476.82,27.74,27.41,44.69,1008.79
5300,476.91,27.74,27.41,44.68,1008.78
5301,477.00,27.74,27.43,44.67,1008.78
5302,477.09,27.74,27.42,44.67,1008.78
5303,477.18,27.74,27.42,44.68,1008.78
5304,477.27,27.74,27.42,44.66,1008.78
5305,477.36,27.74,27.42,44.67,1008.78
5306,477.45,27.74,27.42,44.68,1008.78
5307,477.54,27.74,27.42,44.68,1008.77
5308,477.63,27.74,27.43,44.69,1008.77
5309,477.72,27.74,27.43,44.68,1008.77
5310,477.81,27.74,27.44,44.66,1008.77
5311,477.90,27.74,27.44,44.66,1008.77
5312,477.99,27.74,27.44,44.65,1008.77
5313,478.08,27.74,27.44,44.65,1008.76
5314,478.17,27.74,27.45,44.65,1008.76
5315,478.26,27.74,27.45,44.66,1008.76
5316,478.35,27.74,27.44,44.65,1008.76
5317,478.44,27.74,27.45,44.64,1008.76
5318,478.53,27.74,27.44,44.64,1008.76
5319,478.62,27.74,27.44,44.63,1008.76
5320,478.71,27.74,27.44,44.62,1008.77
5321,478.80,27.74,27.44,44.65,1008.77
5322,478.89,27.74,27.44,44.66,1008.77
5323,478.98,27.74,27.44,44.66,1008.76
5324,479.07,27.74,27.45,44.67,1008.77
5325,479.16,27.74,27.45,44.66,1008.77
5326,479.25,27.74,27.44,44.68,1008.77
5327,479.34,27.74,27.46,44.68,1008.77
5328,479.43,27.74,27.45,44.67,1008.77
5329,479.52,27.74,27.45,44.68,1008.77
5330,479.61,27.74,27.44,44.66,1008.77
5331,479.70,27.74,27.44,44.66,1008.78
5332,479.79,27.74,27.44,44.65,1008.77
5333,479.88,27.74,27.43,44.66,1008.78
5334,479.97,27.74,27.42,44.65,1008.78
5335,480.06,27.74,27.43,44.65,1008.78
5336,480.15,27.74,27.43,44.65,1008.78
5337,480.24,27.74,27.43,44.65,1008.78
5338,480.33,27.74,27.43,44.66,1008.79
5339,480.42,27.74,27.43,44.65,1008.79
5340,480.51,27.74,27.43,44.65,1008.79
5341,480.60,27.74,27.43,44.65,1008.79
5342,480.69,27.74,27.42,44.67,1008.80
5343,480.78,27.74,27.43,44.67,1008.80
5344,480.87,27.74,27.42,44.67,1008.80
5345,480.96,27.74,27.42,44.66,1008.80
5346,481.05,27.74,27.42,44.66,1008.80
5347,481.14,27.74,27.41,44.65,1008.80
5348,481.23,27.74,27.41,44.63,1008.80
5349,481.32,27.74,27.40,44.64,1008.80
5350,481.41,27.74,27.42,44.65,1008.80
5351,481.50,27.74,27.41,44.63,1008.80
5352,481.59,27.74,27.42,44.64,1008.80
5353,481.68,27.74,27.43,44.62,1008.80
5354,481.77,27.74,27.43,44.60,1008.80
5355,481.86,27.74,27.43,44.60,1008.80
5356,481.95,27.74,27.43,44.61,1008.80
5357,482.04,27.74,27.44,44.60,1008.80
5358,482.13,27.74,27.44,44.60,1008.80
5359,482.22,27.74,27.44,44.60,1008.80
5360,482.31,27.74,27.43,44.58,1008.80
5361,482.40,27.74,27.43,44.59,1008.80
5362,482.49,27.74,27.43,44.57,1008.80
5363,482.58,27.74,27.44,44.55,1008.80
5364,482.67,27.74,27.43,44.53,1008.80
5365,482.76,27.74,27.43,44.50,1008.80
5366,482.85,27.74,27.43,44.49,1008.80
5367,482.94,27.74,27.43,44.50,1008.80
5368,483.03,27.74,27.44,44.50,1008.80
5369,483.12,27.74,27.45,44.46,1008.80
5370,483.21,27.74,27.45,44.46,1008.80
5371,483.30,27.74,27.46,44.46,1008.79
5372,483.39,27.74,27.45,44.42,1008.79
5373,483.48,27.74,27.44,44.41,1008.79
5374,483.57,27.74,27.45,44.43,1008.79
5375,483.66,27.74,27.45,44.42,1008.79
5376,483.75,27.74,27.45,44.42,1008.79
5377,483.84,27.74,27.45,44.42,1008.79
5378,483.93,27.74,27.45,44.43,1008.79
5379,484.02,27.74,27.46,44.43,1008.78
5380,484.11,27.74,27.46,44.46,1008.79
5381,484.20,27.74,27.47,44.47,1008.79
5382,484.29,27.74,27.47,44.47,1008.79
5383,484.38,27.74,27.48,44.47,1008.79
5384,484.47,27.74,27.48,44.47,1008.79
5385,484.56,27.74,27.48,44.48,1008.79
5386,484.65,27.74,27.47,44.49,1008.78
5387,484.74,27.74,27.48,44.49,1008.78
5388,484.83,27.77,27.47,44.50,1008.78
5389,484.92,27.74,27.47,44.51,1008.78
5390,485.01,27.74,27.46,44.51,1008.79
5391,485.10,27.74,27.47,44.51,1008.79
5392,485.19,27.73,27.47,44.51,1008.79
5393,485.28,27.73,27.46,44.50,1008.78
5394,485.37,27.73,27.47,44.49,1008.79
5395,485.46,27.73,27.47,44.49,1008.78
5396,485.55,27.73,27.47,44.50,1008.78
5397,485.64,27.73,27.47,44.51,1008.78
5398,485.73,27.73,27.46,44.67,1008.78
5399,485.82,27.73,27.46,44.55,1008.78
5400,485.91,27.73,27.45,44.54,1008.78
5401,486.00,27.73,27.45,44.53,1008.78
5402,486.09,27.73,27.45,44.50,1008.78
5403,486.18,27.73,27.45,44.51,1008.79
5404,486.27,27.73,27.45,44.49,1008.79
5405,486.36,27.73,27.45,44.50,1008.79
5406,486.45,27.73,27.45,44.52,1008.79
5407,486.54,27.73,27.44,44.52,1008.78
5408,486.63,27.73,27.45,44.52,1008.78
5409,486.72,27.73,27.44,44.51,1008.78
5410,486.81,27.73,27.45,44.49,1008.78
5411,486.90,27.73,27.44,44.48,1008.78
5412,486.99,27.73,27.45,44.48,1008.79
5413,487.08,27.73,27.44,44.47,1008.79
5414,487.17,27.73,27.43,44.45,1008.79
5415,487.26,27.73,27.43,44.44,1008.79
5416,487.35,27.73,27.44,44.44,1008.79
5417,487.44,27.73,27.44,44.43,1008.79
5418,487.53,27.73,27.43,44.45,1008.80
5419,487.62,27.73,27.43,44.44,1008.80
5420,487.71,27.73,27.42,44.45,1008.80
5421,487.80,27.73,27.43,44.45,1008.80
5422,487.89,27.73,27.43,44.43,1008.80
5423,487.98,27.73,27.42,44.43,1008.80
5424,488.07,27.73,27.42,44.43,1008.80
5425,488.16,27.73,27.42,44.44,1008.80
5426,488.25,27.73,27.43,44.45,1008.80
5427,488.34,27.73,27.42,44.47,1008.80
5428,488.43,27.73,27.43,44.48,1008.80
5429,488.52,27.73,27.43,44.48,1008.80
5430,488.61,27.73,27.43,44.48,1008.81
5431,488.70,27.73,27.43,44.47,1008.81
5432,488.79,27.73,27.43,44.48,1008.81
5433,488.88,27.73,27.43,44.47,1008.81
5434,488.97,27.73,27.44,44.47,1008.81
5435,489.06,27.73,27.43,44.46,1008.81
5436,489.15,27.73,27.43,44.45,1008.81
5437,489.24,27.73,27.43,44.48,1008.81
5438,489.33,27.73,27.44,44.46,1008.81
5439,489.42,27.73,27.45,44.44,1008.81
5440,489.51,27.73,27.45,44.44,1008.81
5441,489.60,27.73,27.44,44.45,1008.81
5442,489.69,27.73,27.44,44.45,1008.81
5443,489.78,27.73,27.45,44.44,1008.81
5444,489.87,27.73,27.45,44.42,1008.81
5445,489.96,27.73,27.45,44.41,1008.81
5446,490.05,27.73,27.46,44.42,1008.80
5447,490.14,27.73,27.46,44.44,1008.81
5448,490.23,27.73,27.46,44.45,1008.81
5449,490.32,27.73,27.46,44.44,1008.81
5450,490.41,27.73,27.46,44.44,1008.81
5451,490.50,27.73,27.47,44.44,1008.81
5452,490.59,27.73,27.47,44.45,1008.81
5453,490.68,27.73,27.47,44.46,1008.81
5454,490.77,27.73,27.47,44.48,1008.81
5455,490.86,27.73,27.47,44.50,1008.80
5456,490.95,27.73,27.47,44.52,1008.80
5457,491.04,27.73,27.46,44.52,1008.80
5458,491.13,27.73,27.46,44.51,1008.80
5459,491.22,27.73,27.46,44.51,1008.80
5460,491.31,27.73,27.46,44.51,1008.80
5461,491.40,27.73,27.46,44.50,1008.80
5462,491.49,27.73,27.46,44.50,1008.80
5463,491.58,27.73,27.46,44.50,1008.80
5464,491.67,27.73,27.46,44.47,1008.79
5465,491.76,27.76,27.46,44.45,1008.79
5466,491.85,27.73,27.45,44.45,1008.79
5467,491.94,27.73,27.45,44.46,1008.79
5468,492.03,27.73,27.45,44.48,1008.79
5469,492.12,27.73,27.45,44.47,1008.79
5470,492.21,27.73,27.45,44.49,1008.79
5471,492.30,27.73,27.45,44.49,1008.80
5472,492.39,27.73,27.44,44.52,1008.79
5473,492.48,27.84,27.44,44.53,1008.79
5474,492.57,27.77,27.44,44.55,1008.79
5475,492.66,27.73,27.43,44.57,1008.79
5476,492.75,27.73,27.43,44.59,1008.79
5477,492.84,27.73,27.44,44.58,1008.79
5478,492.93,27.73,27.43,44.58,1008.79
5479,493.02,27.73,27.43,44.59,1008.78
5480,493.11,27.73,27.43,44.58,1008.79
5481,493.20,27.73,27.44,44.58,1008.78
5482,493.29,27.73,27.44,44.59,1008.78
5483,493.38,27.73,27.43,44.58,1008.78
5484,493.47,27.73,27.43,44.58,1008.78
5485,493.56,27.73,27.43,44.59,1008.79
5486,493.65,27.73,27.44,44.60,1008.78
5487,493.74,27.73,27.44,44.59,1008.78
5488,493.83,27.73,27.44,44.59,1008.79
5489,493.92,27.73,27.43,44.57,1008.79
5490,494.01,27.73,27.43,44.56,1008.78
5491,494.10,27.73,27.43,44.57,1008.78
5492,494.19,27.73,27.44,44.59,1008.78
5493,494.28,27.73,27.44,44.60,1008.78
5494,494.37,27.73,27.44,44.62,1008.78
5495,494.46,27.73,27.44,44.61,1008.79
5496,494.55,27.73,27.43,44.62,1008.79
5497,494.64,27.73,27.43,44.62,1008.79
5498,494.73,27.73,27.43,44.62,1008.79
5499,494.82,27.73,27.43,44.60,1008.78
5500,494.91,27.73,27.44,44.60,1008.78
5501,495.00,27.73,27.44,44.60,1008.79
5502,495.09,27.73,27.44,44.62,1008.78
5503,495.18,27.73,27.44,44.60,1008.78
5504,495.27,27.73,27.44,44.61,1008.78
5505,495.36,27.73,27.44,44.63,1008.78
5506,495.45,27.73,27.45,44.64,1008.78
5507,495.54,27.73,27.45,44.63,1008.79
5508,495.63,27.73,27.45,44.62,1008.79
5509,495.72,27.73,27.45,44.62,1008.79
5510,495.81,27.73,27.45,44.62,1008.79
5511,495.90,27.73,27.45,44.62,1008.80
5512,495.99,27.73,27.46,44.61,1008.80
5513,496.08,27.73,27.46,44.61,1008.80
5514,496.17,27.73,27.46,44.61,1008.80
5515,496.26,27.73,27.47,44.63,1008.80
5516,496.35,27.73,27.47,44.62,1008.80
5517,496.44,27.73,27.47,44.61,1008.80
5518,496.53,27.73,27.47,44.60,1008.80
5519,496.62,27.73,27.47,44.59,1008.80
5520,496.71,27.73,27.47,44.59,1008.80
5521,496.80,27.73,27.47,44.60,1008.80
5522,496.89,27.73,27.47,44.59,1008.80
5523,496.98,27.73,27.46,44.60,1008.80
5524,497.07,27.73,27.46,44.60,1008.80
5525,497.16,27.73,27.45,44.60,1008.80
5526,497.25,27.73,27.45,44.60,1008.80
5527,497.34,27.73,27.46,44.61,1008.80
5528,497.43,27.73,27.46,44.61,1008.79
5529,497.52,27.73,27.46,44.62,1008.80
5530,497.61,27.73,27.47,44.63,1008.80
5531,497.70,27.73,27.47,44.64,1008.80
5532,497.79,27.73,27.47,44.64,1008.80
5533,497.88,27.73,27.46,44.65,1008.79
5534,497.97,27.73,27.46,44.65,1008.80
5535,498.06,27.73,27.46,44.65,1008.79
5536,498.15,27.73,27.45,44.64,1008.79
5537,498.24,27.73,27.46,44.65,1008.79
5538,498.33,27.73,27.46,44.64,1008.79
5539,498.42,27.73,27.46,44.63,1008.79
5540,498.51,27.73,27.46,44.64,1008.79
5541,498.60,27.73,27.45,44.64,1008.79
5542,498.69,27.73,27.46,44.64,1008.79
5543,498.78,27.73,27.45,44.62,1008.78
5544,498.87,27.73,27.46,44.64,1008.78
5545,498.96,27.73,27.46,44.64,1008.78
5546,499.05,27.73,27.46,44.63,1008.78
5547,499.14,27.73,27.46,44.63,1008.77
5548,499.23,27.73,27.47,44.63,1008.77
5549,499.32,27.73,27.46,44.65,1008.77
5550,499.41,27.73,27.47,44.64,1008.77
5551,499.50,27.73,27.47,44.65,1008.77
5552,499.59,27.73,27.47,44.65,1008.76
5553,499.68,27.73,27.47,44.66,1008.76
5554,499.77,27.73,27.48,44.67,1008.76
5555,499.86,27.73,27.46,44.65,1008.76
5556,499.95,27.73,27.46,44.67,1008.76
5557,500.04,27.73,27.46,44.65,1008.77
5558,500.13,27.73,27.46,44.67,1008.77
5559,500.22,27.73,27.45,44.67,1008.77
5560,500.31,27.73,27.44,44.68,1008.77
5561,500.40,27.73,27.44,44.67,1008.77
5562,500.49,27.73,27.44,44.66,1008.77
5563,500.58,27.73,27.44,44.67,1008.77
5564,500.67,27.73,27.44,44.68,1008.77
5565,500.76,27.73,27.43,44.66,1008.77
5566,500.85,27.73,27.43,44.65,1008.77
5567,500.94,27.73,27.42,44.65,1008.77
5568,501.03,27.73,27.43,44.65,1008.77
5569,501.12,27.73,27.42,44.65,1008.77
5570,501.21,27.73,27.42,44.63,1008.77
5571,501.30,27.73,27.42,44.61,1008.78
5572,501.39,27.73,27.42,44.64,1008.78
5573,501.48,27.73,27.41,44.65,1008.79
5574,501.57,27.73,27.40,44.65,1008.79
5575,501.66,27.73,27.41,44.64,1008.78
5576,501.75,27.73,27.41,44.65,1008.79
5577,501.84,27.73,27.41,44.64,1008.79
5578,501.93,27.73,27.42,44.63,1008.79
5579,502.02,27.73,27.43,44.63,1008.79
5580,502.11,27.73,27.42,44.61,1008.79
5581,502.20,27.73,27.42,44.62,1008.79
5582,502.29,27.73,27.43,44.63,1008.79
5583,502.38,27.74,27.44,44.65,1008.79
5584,502.47,27.74,27.45,44.68,1008.79
5585,502.56,27.73,27.45,44.66,1008.79
5586,502.65,27.73,27.45,44.65,1008.80
5587,502.74,27.73,27.45,44.63,1008.80
5588,502.83,27.73,27.46,44.62,1008.80
5589,502.92,27.73,27.45,44.60,1008.81
5590,503.01,27.73,27.46,44.60,1008.80
5591,503.10,27.73,27.45,44.63,1008.80
5592,503.19,27.73,27.45,44.62,1008.81
5593,503.28,27.73,27.46,44.63,1008.81
5594,503.37,27.73,27.46,44.65,1008.81
5595,503.46,27.73,27.45,44.65,1008.81
5596,503.55,27.73,27.45,44.64,1008.81
5597,503.64,27.73,27.45,44.63,1008.81
5598,503.73,27.73,27.45,44.63,1008.81
5599,503.82,27.73,27.45,44.63,1008.80
5600,503.91,27.73,27.45,44.63,1008.80
5601,504.00,27.73,27.46,44.63,1008.80
5602,504.09,27.73,27.46,44.62,1008.80
5603,504.18,27.73,27.45,44.60,1008.80
5604,504.27,27.73,27.46,44.61,1008.81
5605,504.36,27.73,27.46,44.62,1008.80
5606,504.45,27.73,27.46,44.62,1008.80
5607,504.54,27.73,27.46,44.64,1008.80
5608,504.63,27.73,27.46,44.63,1008.80
5609,504.72,27.73,27.47,44.62,1008.80
5610,504.81,27.73,27.47,44.62,1008.80
5611,504.90,27.73,27.47,44.61,1008.79
5612,504.99,27.73,27.47,44.63,1008.79
5613,505.08,27.73,27.47,44.61,1008.79
5614,505.17,27.73,27.47,44.61,1008.79
5615,505.26,27.73,27.47,44.63,1008.80
5616,505.35,27.73,27.47,44.63,1008.79
5617,505.44,27.73,27.47,44.62,1008.79
5618,505.53,27.73,27.47,44.62,1008.80
5619,505.62,27.73,27.47,44.64,1008.79
5620,505.71,27.73,27.47,44.65,1008.79
5621,505.80,27.73,27.46,44.63,1008.79
5622,505.89,27.73,27.46,44.63,1008.79
5623,505.98,27.73,27.46,44.65,1008.79
5624,506.07,27.73,27.45,44.66,1008.79
5625,506.16,27.73,27.45,44.66,1008.79
5626,506.25,27.73,27.45,44.67,1008.79
5627,506.34,27.73,27.44,44.67,1008.79
5628,506.43,27.73,27.44,44.67,1008.80
5629,506.52,27.73,27.44,44.66,1008.80
5630,506.61,27.73,27.44,44.66,1008.80
5631,506.70,27.73,27.43,44.65,1008.80
5632,506.79,27.73,27.42,44.66,1008.80
5633,506.88,27.73,27.43,44.67,1008.80
5634,506.97,27.73,27.44,44.67,1008.80
5635,507.06,27.73,27.44,44.68,1008.81
5636,507.15,27.73,27.44,44.68,1008.81
5637,507.24,27.73,27.44,44.69,1008.81
5638,507.33,27.73,27.45,44.69,1008.81
5639,507.42,27.73,27.45,44.70,1008.81
5640,507.51,27.73,27.45,44.70,1008.81
5641,507.60,27.73,27.44,44.70,1008.81
5642,507.69,27.73,27.45,44.72,1008.81
5643,507.78,27.73,27.45,44.72,1008.81
5644,507.87,27.73,27.43,44.71,1008.81
5645,507.96,27.73,27.44,44.72,1008.81
5646,508.05,27.73,27.43,44.70,1008.81
5647,508.14,27.73,27.44,44.70,1008.81
5648,508.23,27.73,27.43,44.71,1008.81
5649,508.32,27.73,27.44,44.70,1008.81
5650,508.41,27.73,27.44,44.70,1008.81
5651,508.50,27.73,27.44,44.71,1008.81
5652,508.59,27.73,27.44,44.71,1008.81
5653,508.68,27.73,27.44,44.70,1008.81
5654,508.77,27.73,27.44,44.70,1008.82
5655,508.86,27.73,27.44,44.69,1008.82
5656,508.95,27.73,27.45,44.70,1008.82
5657,509.04,27.73,27.45,44.68,1008.82
5658,509.13,27.73,27.45,44.68,1008.82
5659,509.22,27.73,27.45,44.67,1008.82
5660,509.31,27.73,27.45,44.66,1008.82
5661,509.40,27.73,27.46,44.65,1008.82
5662,509.49,27.73,27.46,44.66,1008.82
5663,509.58,27.73,27.45,44.66,1008.82
5664,509.67,27.73,27.45,44.66,1008.82
5665,509.76,27.73,27.45,44.64,1008.82
5666,509.85,27.73,27.45,44.63,1008.82
5667,509.94,27.73,27.45,44.62,1008.81
5668,510.03,27.73,27.45,44.61,1008.81
5669,510.12,27.73,27.46,44.61,1008.81
5670,510.21,27.73,27.47,44.60,1008.81
5671,510.30,27.73,27.46,44.62,1008.80
5672,510.39,27.73,27.46,44.61,1008.80
5673,510.48,27.73,27.47,44.61,1008.80
5674,510.57,27.73,27.47,44.61,1008.80
5675,510.66,27.73,27.46,44.63,1008.80
5676,510.75,27.73,27.46,44.65,1008.79
5677,510.84,27.73,27.45,44.66,1008.80
5678,510.93,27.73,27.45,44.64,1008.80
5679,511.02,27.73,27.44,44.63,1008.79
5680,511.11,27.73,27.45,44.64,1008.80
5681,511.20,27.73,27.45,44.65,1008.80
5682,511.29,27.73,27.45,44.67,1008.80
5683,511.38,27.73,27.45,44.66,1008.80
5684,511.47,27.73,27.46,44.65,1008.80
5685,511.56,27.73,27.46,44.68,1008.80
5686,511.65,27.73,27.46,44.66,1008.80
5687,511.74,27.73,27.45,44.67,1008.80
5688,511.83,27.73,27.45,44.68,1008.80
5689,511.92,27.73,27.45,44.69,1008.79
5690,512.01,27.73,27.45,44.68,1008.79
5691,512.10,27.73,27.45,44.67,1008.79
5692,512.19,27.73,27.45,44.67,1008.80
5693,512.28,27.73,27.46,44.66,1008.80
5694,512.37,27.73,27.46,44.63,1008.80
5695,512.46,27.73,27.46,44.62,1008.80
5696,512.55,27.73,27.46,44.63,1008.80
5697,512.64,27.73,27.46,44.60,1008.81
5698,512.73,27.73,27.46,44.61,1008.81
5699,512.82,27.73,27.46,44.60,1008.80
5700,512.91,27.73,27.46,44.62,1008.80
5701,513.00,27.73,27.46,44.62,1008.81
5702,513.09,27.73,27.47,44.64,1008.81
5703,513.18,27.73,27.47,44.64,1008.81
5704,513.27,27.73,27.47,44.64,1008.81
5705,513.36,27.73,27.46,44.64,1008.82
5706,513.45,27.73,27.47,44.66,1008.82
5707,513.54,27.73,27.47,44.64,1008.82
5708,513.63,27.73,27.47,44.64,1008.82
5709,513.72,27.73,27.47,44.65,1008.82
5710,513.81,27.73,27.47,44.65,1008.82
5711,513.90,27.73,27.47,44.67,1008.82
5712,513.99,27.73,27.48,44.68,1008.82
5713,514.08,27.73,27.48,44.65,1008.81
5714,514.17,27.73,27.48,44.64,1008.81
5715,514.26,27.73,27.48,44.64,1008.81
5716,514.35,27.73,27.48,44.65,1008.81
5717,514.44,27.73,27.47,44.67,1008.82
5718,514.53,27.73,27.47,44.66,1008.81
5719,514.62,27.73,27.48,44.67,1008.81
5720,514.71,27.73,27.47,44.69,1008.81
5721,514.80,27.73,27.47,44.69,1008.81
5722,514.89,27.73,27.48,44.70,1008.81
5723,514.98,27.73,27.48,44.70,1008.81
5724,515.07,27.74,27.48,44.69,1008.81
5725,515.16,27.74,27.49,44.71,1008.81
5726,515.25,27.74,27.48,44.73,1008.81
5727,515.34,27.74,27.48,44.72,1008.80
5728,515.43,27.74,27.48,44.73,1008.81
5729,515.52,27.74,27.46,44.72,1008.80
5730,515.61,27.74,27.46,44.71,1008.80
5731,515.70,27.74,27.46,44.72,1008.79
5732,515.79,27.74,27.46,44.73,1008.79
5733,515.88,27.74,27.46,44.71,1008.80
5734,515.97,27.74,27.45,44.70,1008.80
5735,516.06,27.74,27.46,44.70,1008.79
5736,516.15,27.74,27.46,44.72,1008.79
5737,516.24,27.80,27.45,44.72,1008.79
5738,516.33,27.73,27.46,44.72,1008.78
5739,516.42,27.73,27.45,44.71,1008.78
5740,516.51,27.73,27.44,44.70,1008.78
5741,516.60,27.73,27.45,44.68,1008.77
5742,516.69,27.73,27.45,44.67,1008.77
5743,516.78,27.73,27.45,44.67,1008.76
5744,516.87,27.73,27.45,44.67,1008.77
5745,516.96,27.73,27.44,44.66,1008.77
5746,517.05,27.73,27.44,44.65,1008.76
5747,517.14,27.73,27.44,44.64,1008.76
5748,517.23,27.73,27.44,44.63,1008.76
5749,517.32,27.73,27.44,44.62,1008.76
5750,517.41,27.73,27.45,44.62,1008.76
5751,517.50,27.73,27.45,44.63,1008.76
5752,517.59,27.73,27.46,44.64,1008.76
5753,517.68,27.73,27.46,44.63,1008.76
5754,517.77,27.73,27.45,44.62,1008.76
5755,517.86,27.73,27.46,44.64,1008.76
5756,517.95,27.73,27.45,44.64,1008.76
5757,518.04,27.73,27.46,44.62,1008.76
5758,518.13,27.73,27.45,44.64,1008.76
5759,518.22,27.73,27.47,44.66,1008.76
5760,518.31,27.73,27.47,44.65,1008.77
5761,518.40,27.73,27.48,44.66,1008.77
5762,518.49,27.73,27.48,44.66,1008.76
5763,518.58,27.73,27.49,44.66,1008.76
5764,518.67,27.73,27.48,44.65,1008.76
5765,518.76,27.73,27.49,44.64,1008.76
5766,518.85,27.73,27.49,44.64,1008.77
5767,518.94,27.73,27.50,44.63,1008.77
5768,519.03,27.73,27.51,44.61,1008.78
5769,519.12,27.73,27.50,44.63,1008.77
5770,519.21,27.73,27.49,44.63,1008.77
5771,519.30,27.73,27.50,44.64,1008.77
5772,519.39,27.73,27.50,44.66,1008.78
5773,519.48,27.73,27.50,44.65,1008.78
5774,519.57,27.73,27.51,44.64,1008.78
5775,519.66,27.73,27.52,44.64,1008.78
5776,519.75,27.73,27.52,44.64,1008.78
5777,519.84,27.73,27.52,44.64,1008.78
5778,519.93,27.73,27.52,44.63,1008.78
5779,520.02,27.73,27.51,44.62,1008.78
5780,520.11,27.73,27.52,44.62,1008.78
5781,520.20,27.73,27.51,44.62,1008.78
5782,520.29,27.73,27.51,44.63,1008.78
5783,520.38,27.73,27.50,44.63,1008.78
5784,520.47,27.73,27.49,44.65,1008.78
5785,520.56,27.73,27.50,44.64,1008.78
5786,520.65,27.73,27.50,44.63,1008.78
5787,520.74,27.73,27.49,44.64,1008.78
5788,520.83,27.73,27.48,44.65,1008.78
5789,520.92,27.73,27.47,44.64,1008.78
5790,521.01,27.73,27.47,44.62,1008.79
5791,521.10,27.73,27.47,44.61,1008.78
5792,521.19,27.73,27.48,44.63,1008.78
5793,521.28,27.73,27.47,44.62,1008.78
5794,521.37,27.73,27.47,44.62,1008.78
5795,521.46,27.73,27.46,44.63,1008.78
5796,521.55,27.73,27.46,44.63,1008.78
5797,521.64,27.73,27.47,44.64,1008.78
5798,521.73,27.73,27.47,44.64,1008.78
5799,521.82,27.73,27.47,44.64,1008.78
5800,521.91,27.73,27.46,44.63,1008.78
5801,522.00,27.73,27.46,44.64,1008.77
5802,522.09,27.73,27.46,44.63,1008.77
5803,522.18,27.73,27.46,44.66,1008.77
5804,522.27,27.73,27.46,44.66,1008.77
5805,522.36,27.73,27.45,44.66,1008.77
5806,522.45,27.73,27.44,44.66,1008.77
5807,522.54,27.73,27.44,44.66,1008.77
5808,522.63,27.73,27.44,44.68,1008.77
5809,522.72,27.73,27.44,44.67,1008.77
5810,522.81,27.73,27.43,44.66,1008.77
5811,522.90,27.73,27.43,44.66,1008.77
5812,522.99,27.73,27.43,44.66,1008.76
5813,523.08,27.73,27.43,44.66,1008.76
5814,523.17,27.73,27.42,44.64,1008.76
5815,523.26,27.73,27.42,44.65,1008.76
5816,523.35,27.72,27.43,44.64,1008.76
5817,523.44,27.72,27.43,44.64,1008.76
5818,523.53,27.72,27.43,44.62,1008.76
5819,523.62,27.72,27.44,44.61,1008.76
5820,523.71,27.72,27.45,44.61,1008.77
5821,523.80,27.72,27.45,44.60,1008.77
5822,523.89,27.72,27.45,44.58,1008.77
5823,523.98,27.73,27.45,44.60,1008.77
5824,524.07,27.73,27.45,44.58,1008.77
5825,524.16,27.73,27.46,44.59,1008.77
5826,524.25,27.73,27.47,44.60,1008.77
5827,524.34,27.72,27.47,44.62,1008.77
5828,524.43,27.73,27.48,44.61,1008.77
5829,524.52,27.73,27.48,44.60,1008.78
5830,524.61,27.73,27.48,44.60,1008.78
5831,524.70,27.73,27.49,44.60,1008.78
5832,524.79,27.74,27.49,44.59,1008.78
5833,524.88,27.74,27.49,44.61,1008.78
5834,524.97,27.74,27.50,44.60,1008.78
5835,525.06,27.74,27.49,44.60,1008.77
5836,525.15,27.74,27.49,44.60,1008.78
5837,525.24,27.75,27.50,44.60,1008.78
5838,525.33,27.75,27.50,44.60,1008.78
5839,525.42,27.75,27.48,44.61,1008.78
5840,525.51,27.75,27.49,44.63,1008.78
5841,525.60,27.74,27.49,44.61,1008.78
5842,525.69,27.74,27.48,44.61,1008.78
5843,525.78,27.74,27.49,44.61,1008.78
5844,525.87,27.73,27.50,44.60,1008.78
5845,525.96,27.73,27.50,44.60,1008.79
5846,526.05,27.73,27.49,44.61,1008.79
5847,526.14,27.73,27.49,44.60,1008.79
5848,526.23,27.72,27.50,44.61,1008.78
5849,526.32,27.72,27.49,44.62,1008.79
5850,526.41,27.72,27.49,44.64,1008.78
5851,526.50,27.72,27.49,44.64,1008.78
5852,526.59,27.72,27.50,44.63,1008.78
5853,526.68,27.72,27.50,44.64,1008.79
5854,526.77,27.72,27.50,44.65,1008.79
5855,526.86,27.72,27.49,44.65,1008.79
5856,526.95,27.72,27.49,44.63,1008.79
5857,527.04,27.72,27.48,44.61,1008.78
5858,527.13,27.72,27.48,44.60,1008.79
5859,527.22,27.72,27.47,44.60,1008.79
5860,527.31,27.72,27.47,44.61,1008.78
5861,527.40,27.72,27.47,44.60,1008.78
5862,527.49,27.72,27.47,44.62,1008.78
5863,527.58,27.72,27.48,44.61,1008.78
5864,527.67,27.72,27.48,44.62,1008.78
5865,527.76,27.72,27.47,44.62,1008.78
5866,527.85,27.73,27.48,44.62,1008.79
5867,527.94,27.72,27.48,44.62,1008.79
5868,528.03,27.72,27.47,44.62,1008.79
5869,528.12,27.72,27.47,44.63,1008.79
5870,528.21,27.72,27.46,44.62,1008.79
5871,528.30,27.72,27.47,44.61,1008.79
5872,528.39,27.72,27.48,44.63,1008.80
5873,528.48,27.72,27.47,44.64,1008.80
5874,528.57,27.72,27.47,44.65,1008.80
5875,528.66,27.72,27.46,44.64,1008.79
5876,528.75,27.72,27.46,44.63,1008.80
5877,528.84,27.72,27.46,44.63,1008.80
5878,528.93,27.72,27.47,44.65,1008.80
5879,529.02,27.72,27.46,44.65,1008.80
5880,529.11,27.72,27.45,44.64,1008.80
5881,529.20,27.72,27.46,44.64,1008.80
5882,529.29,27.72,27.36,44.65,1008.80
5883,529.38,27.72,27.41,44.63,1008.80
5884,529.47,27.72,27.45,44.63,1008.80
5885,529.56,27.72,27.46,44.63,1008.80
5886,529.65,27.72,27.46,44.63,1008.81
5887,529.74,27.72,27.46,44.63,1008.80
5888,529.83,27.72,27.46,44.62,1008.80
5889,529.92,27.72,27.46,44.60,1008.80
5890,530.01,27.72,27.47,44.60,1008.80
5891,530.10,27.72,27.48,44.61,1008.80
5892,530.19,27.72,27.48,44.61,1008.80
5893,530.28,27.72,27.47,44.59,1008.80
5894,530.37,27.72,27.48,44.60,1008.80
5895,530.46,27.72,27.47,44.59,1008.80
5896,530.55,27.72,27.47,44.57,1008.80
5897,530.64,27.72,27.47,44.59,1008.80
5898,530.73,27.72,27.46,44.59,1008.80
5899,530.82,27.73,27.46,44.59,1008.80
5900,530.91,27.72,27.46,44.58,1008.80
5901,531.00,27.72,27.46,44.58,1008.80
5902,531.09,27.72,27.46,44.58,1008.80
5903,531.18,27.72,27.46,44.60,1008.81
5904,531.27,27.72,27.47,44.61,1008.80
5905,531.36,27.72,27.47,44.61,1008.81
5906,531.45,27.72,27.46,44.62,1008.80
5907,531.54,27.72,27.47,44.62,1008.80
5908,531.63,27.72,27.48,44.62,1008.80
5909,531.72,27.73,27.49,44.63,1008.80
5910,531.81,27.72,27.49,44.63,1008.79
5911,531.90,27.72,27.49,44.62,1008.79
5912,531.99,27.72,27.49,44.59,1008.79
5913,532.08,27.72,27.49,44.58,1008.79
5914,532.17,27.72,27.50,44.57,1008.79
5915,532.26,27.73,27.51,44.56,1008.79
5916,532.35,27.72,27.51,44.57,1008.79
5917,532.44,27.72,27.51,44.57,1008.79
5918,532.53,27.72,27.51,44.57,1008.80
5919,532.62,27.72,27.52,44.57,1008.79
5920,532.71,27.72,27.52,44.57,1008.79
5921,532.80,27.72,27.52,44.55,1008.79
5922,532.89,27.72,27.52,44.55,1008.79
5923,532.98,27.72,27.52,44.54,1008.78
5924,533.07,27.73,27.52,44.53,1008.78
5925,533.16,27.73,27.53,44.52,1008.78
5926,533.25,27.73,27.53,44.54,1008.79
5927,533.34,27.73,27.52,44.53,1008.79
5928,533.43,27.73,27.52,44.53,1008.79
5929,533.52,27.73,27.51,44.52,1008.78
5930,533.61,27.73,27.51,44.53,1008.79
5931,533.70,27.73,27.51,44.52,1008.79
5932,533.79,27.73,27.51,44.53,1008.79
5933,533.88,27.73,27.51,44.53,1008.79
5934,533.97,27.73,27.51,44.53,1008.78
5935,534.06,27.73,27.51,44.51,1008.78
5936,534.15,27.72,27.51,44.51,1008.78
5937,534.24,27.73,27.50,44.51,1008.78
5938,534.33,27.73,27.50,44.53,1008.78
5939,534.42,27.72,27.50,44.55,1008.78
5940,534.51,27.72,27.51,44.52,1008.79
5941,534.60,27.72,27.52,44.53,1008.79
5942,534.69,27.72,27.52,44.54,1008.79
5943,534.78,27.72,27.52,44.56,1008.79
5944,534.87,27.72,27.52,44.55,1008.79
5945,534.96,27.72,27.52,44.54,1008.80
5946,535.05,27.72,27.52,44.53,1008.80
5947,535.14,27.72,27.51,44.54,1008.80
5948,535.23,27.72,27.51,44.54,1008.81
5949,535.32,27.72,27.50,44.54,1008.81
5950,535.41,27.72,27.50,44.54,1008.81
5951,535.50,27.73,27.50,44.53,1008.81
5952,535.59,27.73,27.50,44.54,1008.81
5953,535.68,27.73,27.50,44.54,1008.81
5954,535.77,27.73,27.50,44.50,1008.81
5955,535.86,27.73,27.49,44.50,1008.81
5956,535.95,27.73,27.50,44.50,1008.80
5957,536.04,27.72,27.50,44.51,1008.81
5958,536.13,27.72,27.49,44.49,1008.81
5959,536.22,27.73,27.48,44.52,1008.81
5960,536.31,27.73,27.49,44.51,1008.81
5961,536.40,27.73,27.49,44.51,1008.81
5962,536.49,27.73,27.49,44.51,1008.81
5963,536.58,27.72,27.49,44.52,1008.81
5964,536.67,27.72,27.48,44.50,1008.81
5965,536.76,27.72,27.47,44.50,1008.81
5966,536.85,27.72,27.47,44.49,1008.81
5967,536.94,27.72,27.48,44.50,1008.81
5968,537.03,27.72,27.49,44.51,1008.81
5969,537.12,27.72,27.48,44.53,1008.81
5970,537.21,27.72,27.49,44.53,1008.81
5971,537.30,27.72,27.49,44.54,1008.81
5972,537.39,27.73,27.48,44.55,1008.80
5973,537.48,27.73,27.48,44.55,1008.80
5974,537.57,27.73,27.49,44.54,1008.80
5975,537.66,27.72,27.49,44.54,1008.80
5976,537.75,27.72,27.49,44.55,1008.81
5977,537.84,27.72,27.49,44.54,1008.80
5978,537.93,27.72,27.49,44.52,1008.80
5979,538.02,27.72,27.50,44.48,1008.80
5980,538.11,27.72,27.50,44.49,1008.80
5981,538.20,27.72,27.50,44.50,1008.80
5982,538.29,27.72,27.49,44.49,1008.80
5983,538.38,27.72,27.49,44.49,1008.80
5984,538.47,27.72,27.50,44.49,1008.79
5985,538.56,27.72,27.50,44.48,1008.78
5986,538.65,27.72,27.51,44.47,1008.78
5987,538.74,27.72,27.52,44.49,1008.78
5988,538.83,27.73,27.53,44.50,1008.78
5989,538.92,27.73,27.53,44.51,1008.78
5990,539.01,27.73,27.53,44.51,1008.78
5991,539.10,27.73,27.53,44.50,1008.77
5992,539.19,27.73,27.53,44.51,1008.78
5993,539.28,27.73,27.52,44.52,1008.77
5994,539.37,27.73,27.52,44.51,1008.77
5995,539.46,27.73,27.51,44.50,1008.77
5996,539.55,27.73,27.49,44.49,1008.77
5997,539.64,27.73,27.48,44.48,1008.78
5998,539.73,27.73,27.48,44.50,1008.77
5999,539.82,27.73,27.48,44.51,1008.77
6000,539.91,27.73,27.48,44.51,1008.78
6001,540.00,27.72,27.48,44.52,1008.78
6002,540.09,27.72,27.48,44.51,1008.78
6003,540.18,27.73,27.47,44.50,1008.78
6004,540.27,27.72,27.48,44.50,1008.78
6005,540.36,27.72,27.48,44.50,1008.78
6006,540.45,27.72,27.48,44.51,1008.79
6007,540.54,27.72,27.47,44.54,1008.79
6008,540.63,27.72,27.47,44.53,1008.79
6009,540.72,27.72,27.47,44.53,1008.79
6010,540.81,27.72,27.47,44.51,1008.78
6011,540.90,27.72,27.46,44.52,1008.78
6012,540.99,27.72,27.46,44.50,1008.78
6013,541.08,27.72,27.46,44.50,1008.78
6014,541.17,27.72,27.47,44.51,1008.78
6015,541.26,27.72,27.47,44.52,1008.78
6016,541.35,27.72,27.47,44.50,1008.78
6017,541.44,27.73,27.46,44.51,1008.78
6018,541.53,27.72,27.46,44.51,1008.79
6019,541.62,27.72,27.46,44.51,1008.78
6020,541.71,27.73,27.46,44.51,1008.79
6021,541.80,27.73,27.46,44.50,1008.79
6022,541.89,27.72,27.48,44.50,1008.79
6023,541.98,27.72,27.48,44.50,1008.79
6024,542.07,27.73,27.48,44.50,1008.79
6025,542.16,27.72,27.49,44.50,1008.79
6026,542.25,27.73,27.49,44.50,1008.79
6027,542.34,27.72,27.51,44.52,1008.79
6028,542.43,27.72,27.50,44.52,1008.79
6029,542.52,27.72,27.50,44.54,1008.79
6030,542.61,27.73,27.49,44.54,1008.79
6031,542.70,27.73,27.49,44.53,1008.79
6032,542.79,27.73,27.50,44.54,1008.80
6033,542.88,27.72,27.50,44.54,1008.79
6034,542.97,27.72,27.50,44.53,1008.79
6035,543.06,27.73,27.50,44.53,1008.79
6036,543.15,27.73,27.50,44.53,1008.79
6037,543.24,27.73,27.50,44.53,1008.79
6038,543.33,27.74,27.51,44.51,1008.79
6039,543.42,27.74,27.51,44.52,1008.80
6040,543.51,27.74,27.51,44.51,1008.80
6041,543.60,27.74,27.51,44.50,1008.79
6042,543.69,27.74,27.51,44.51,1008.80
6043,543.78,27.74,27.50,44.52,1008.80
6044,543.87,27.74,27.50,44.51,1008.79
6045,543.96,27.73,27.50,44.51,1008.79
6046,544.05,27.73,27.49,44.52,1008.80
6047,544.14,27.73,27.49,44.52,1008.79
6048,544.23,27.73,27.49,44.51,1008.79
6049,544.32,27.73,27.48,44.55,1008.79
6050,544.41,27.73,27.49,44.58,1008.79
6051,544.50,27.74,27.49,44.58,1008.79
6052,544.59,27.74,27.49,44.57,1008.78
6053,544.68,27.74,27.49,44.56,1008.78
6054,544.77,27.74,27.48,44.58,1008.78
6055,544.86,27.74,27.49,44.58,1008.78
6056,544.95,27.74,27.49,44.57,1008.78
6057,545.04,27.74,27.50,44.59,1008.78
6058,545.13,27.75,27.49,44.60,1008.78
6059,545.22,27.74,27.50,44.58,1008.78
6060,545.31,27.74,27.50,44.61,1008.78
6061,545.40,27.75,27.50,44.61,1008.77
6062,545.49,27.75,27.50,44.62,1008.77
6063,545.58,27.74,27.50,44.63,1008.78
6064,545.67,27.75,27.50,44.64,1008.78
6065,545.76,27.75,27.50,44.67,1008.77
6066,545.85,27.74,27.50,44.66,1008.77
6067,545.94,27.75,27.49,44.68,1008.77
6068,546.03,27.74,27.49,44.66,1008.77
6069,546.12,27.83,27.48,44.66,1008.77
6070,546.21,27.78,27.48,44.66,1008.78
6071,546.30,27.75,27.49,44.67,1008.78
6072,546.39,27.75,27.48,44.67,1008.78
6073,546.48,27.75,27.48,44.65,1008.77
6074,546.57,27.75,27.48,44.65,1008.78
6075,546.66,27.75,27.48,44.66,1008.77
6076,546.75,27.74,27.48,44.65,1008.77
6077,546.84,27.75,27.47,44.64,1008.77
6078,546.93,27.75,27.47,44.64,1008.77
6079,547.02,27.75,27.46,44.65,1008.77
6080,547.11,27.74,27.46,44.64,1008.77
6081,547.20,27.74,27.46,44.64,1008.78
6082,547.29,27.74,27.46,44.63,1008.78
6083,547.38,27.74,27.47,44.64,1008.78
6084,547.47,27.74,27.47,44.63,1008.78
6085,547.56,27.74,27.48,44.62,1008.78
6086,547.65,27.74,27.48,44.60,1008.78
6087,547.74,27.74,27.48,44.61,1008.78
6088,547.83,27.74,27.48,44.62,1008.78
6089,547.92,27.75,27.48,44.60,1008.78
6090,548.01,27.75,27.49,44.59,1008.78
6091,548.10,27.76,27.49,44.59,1008.78
6092,548.19,27.75,27.49,44.58,1008.78
6093,548.28,27.74,27.50,44.54,1008.77
6094,548.37,27.75,27.50,44.54,1008.78
6095,548.46,27.75,27.50,44.54,1008.77
6096,548.55,27.75,27.50,44.53,1008.78
6097,548.64,27.75,27.51,44.53,1008.78
6098,548.73,27.74,27.51,44.52,1008.78
6099,548.82,27.74,27.50,44.51,1008.78
6100,548.91,27.74,27.50,44.51,1008.78
6101,549.00,27.74,27.50,44.50,1008.78
6102,549.09,27.74,27.51,44.50,1008.78
6103,549.18,27.74,27.51,44.51,1008.78
6104,549.27,27.74,27.52,44.51,1008.78
6105,549.36,27.74,27.53,44.48,1008.78
6106,549.45,27.74,27.54,44.47,1008.78
6107,549.54,27.74,27.55,44.46,1008.78
6108,549.63,27.73,27.54,44.45,1008.78
6109,549.72,27.74,27.54,44.46,1008.79
6110,549.81,27.74,27.53,44.46,1008.79
6111,549.90,27.74,27.52,44.45,1008.79
6112,549.99,27.74,27.52,44.45,1008.79
6113,550.08,27.74,27.52,44.46,1008.79
6114,550.17,27.74,27.52,44.45,1008.79
6115,550.26,27.74,27.53,44.44,1008.79
6116,550.35,27.74,27.52,44.43,1008.79
6117,550.44,27.73,27.51,44.45,1008.80
6118,550.53,27.73,27.51,44.48,1008.79
6119,550.62,27.73,27.50,44.47,1008.79
6120,550.71,27.73,27.50,44.49,1008.79
6121,550.80,27.73,27.50,44.49,1008.79
6122,550.89,27.73,27.50,44.46,1008.79
6123,550.98,27.73,27.50,44.43,1008.79
6124,551.07,27.73,27.50,44.43,1008.79
6125,551.16,27.74,27.50,44.43,1008.79
6126,551.25,27.74,27.50,44.44,1008.79
6127,551.34,27.74,27.51,44.42,1008.79
6128,551.43,27.74,27.50,44.42,1008.79
6129,551.52,27.74,27.50,44.42,1008.79
6130,551.61,27.73,27.50,44.42,1008.79
6131,551.70,27.74,27.50,44.45,1008.79
6132,551.79,27.73,27.51,44.44,1008.79
6133,551.88,27.73,27.51,44.43,1008.79
6134,551.97,27.72,27.50,44.43,1008.79
6135,552.06,27.72,27.50,44.43,1008.79
6136,552.15,27.72,27.50,44.43,1008.78
6137,552.24,27.72,27.49,44.42,1008.79
6138,552.33,27.72,27.50,44.44,1008.79
6139,552.42,27.72,27.49,44.43,1008.79
6140,552.51,27.72,27.50,44.42,1008.79
6141,552.60,27.72,27.50,44.43,1008.79
6142,552.69,27.72,27.49,44.43,1008.79
6143,552.78,27.72,27.49,44.43,1008.79
6144,552.87,27.72,27.49,44.43,1008.79
6145,552.96,27.72,27.49,44.42,1008.79
6146,553.05,27.72,27.49,44.43,1008.79
6147,553.14,27.72,27.48,44.43,1008.79
6148,553.23,27.72,27.47,44.43,1008.79
6149,553.32,27.72,27.47,44.44,1008.79
6150,553.41,27.72,27.46,44.43,1008.79
6151,553.50,27.72,27.46,44.42,1008.79
6152,553.59,27.73,27.46,44.44,1008.79
6153,553.68,27.72,27.46,44.41,1008.79
6154,553.77,27.73,27.47,44.42,1008.79
6155,553.86,27.73,27.48,44.39,1008.79
6156,553.95,27.73,27.48,44.38,1008.79
6157,554.04,27.72,27.47,44.37,1008.79
6158,554.13,27.73,27.48,44.39,1008.79
6159,554.22,27.74,27.47,44.37,1008.79
6160,554.31,27.73,27.47,44.37,1008.79
6161,554.40,27.73,27.48,44.37,1008.79
6162,554.49,27.73,27.47,44.38,1008.79
6163,554.58,27.74,27.46,44.37,1008.79
6164,554.67,27.74,27.45,44.39,1008.78
6165,554.76,27.74,27.46,44.40,1008.79
6166,554.85,27.74,27.46,44.40,1008.79
6167,554.94,27.74,27.46,44.40,1008.79
6168,555.03,27.74,27.47,44.41,1008.79
6169,555.12,27.75,27.47,44.42,1008.79
6170,555.21,27.75,27.48,44.41,1008.80
6171,555.30,27.75,27.48,44.42,1008.79
6172,555.39,27.75,27.48,44.42,1008.79
6173,555.48,27.75,27.48,44.40,1008.79
6174,555.57,27.75,27.48,44.38,1008.79
6175,555.66,27.75,27.49,44.37,1008.79
6176,555.75,27.74,27.48,44.36,1008.79
6177,555.84,27.74,27.47,44.37,1008.79
6178,555.93,27.74,27.46,44.37,1008.79
6179,556.02,27.73,27.47,44.38,1008.79
6180,556.11,27.74,27.47,44.37,1008.79
6181,556.20,27.74,27.47,44.36,1008.79
6182,556.29,27.74,27.48,44.36,1008.79
6183,556.38,27.74,27.49,44.36,1008.79
6184,556.47,27.75,27.50,44.35,1008.79
6185,556.56,27.75,27.50,44.35,1008.79
6186,556.65,27.75,27.50,44.35,1008.79
6187,556.74,27.74,27.50,44.34,1008.79
6188,556.83,27.74,27.50,44.33,1008.79
6189,556.92,27.75,27.51,44.33,1008.79
6190,557.01,27.74,27.51,44.34,1008.79
6191,557.10,27.74,27.50,44.32,1008.79
6192,557.19,27.75,27.51,44.32,1008.79
6193,557.28,27.74,27.51,44.31,1008.80
6194,557.37,27.75,27.52,44.30,1008.79
6195,557.46,27.75,27.52,44.28,1008.80
6196,557.55,27.75,27.52,44.29,1008.80
6197,557.64,27.75,27.51,44.28,1008.80
6198,557.73,27.74,27.52,44.27,1008.80
6199,557.82,27.74,27.52,44.28,1008.80
6200,557.91,27.75,27.51,44.28,1008.81
6201,558.00,27.76,27.51,44.29,1008.81
6202,558.09,27.75,27.50,44.31,1008.81
6203,558.18,27.75,27.51,44.30,1008.81
6204,558.27,27.75,27.52,44.29,1008.81
6205,558.36,27.75,27.52,44.30,1008.81
6206,558.45,27.76,27.51,44.30,1008.81
6207,558.54,27.76,27.51,44.30,1008.81
6208,558.63,27.76,27.51,44.31,1008.81
6209,558.72,27.75,27.51,44.33,1008.81
6210,558.81,27.75,27.51,44.33,1008.81
6211,558.90,27.74,27.51,44.34,1008.81
6212,558.99,27.74,27.51,44.34,1008.81
6213,559.08,27.74,27.50,44.32,1008.80
6214,559.17,27.74,27.51,44.32,1008.79
6215,559.26,27.74,27.51,44.33,1008.79
6216,559.35,27.74,27.51,44.32,1008.79
6217,559.44,27.73,27.51,44.30,1008.79
6218,559.53,27.73,27.51,44.31,1008.79
6219,559.62,27.73,27.50,44.31,1008.79
6220,559.71,27.73,27.50,44.33,1008.79
6221,559.80,27.73,27.50,44.35,1008.79
6222,559.89,27.73,27.49,44.36,1008.79
6223,559.98,27.73,27.49,44.37,1008.78
6224,560.07,27.74,27.48,44.37,1008.79
6225,560.16,27.74,27.49,44.36,1008.79
6226,560.25,27.74,27.50,44.34,1008.79
6227,560.34,27.73,27.50,44.35,1008.79
6228,560.43,27.74,27.50,44.34,1008.79
6229,560.52,27.74,27.50,44.33,1008.78
6230,560.61,27.74,27.49,44.33,1008.79
6231,560.70,27.74,27.49,44.32,1008.78
6232,560.79,27.73,27.50,44.32,1008.78
6233,560.88,27.73,27.49,44.33,1008.78
6234,560.97,27.73,27.49,44.32,1008.78
6235,561.06,27.73,27.49,44.33,1008.78
6236,561.15,27.73,27.49,44.34,1008.77
6237,561.24,27.73,27.50,44.33,1008.77
6238,561.33,27.73,27.50,44.32,1008.78
6239,561.42,27.74,27.50,44.31,1008.78
6240,561.51,27.74,27.49,44.32,1008.78
6241,561.60,27.73,27.49,44.32,1008.77
6242,561.69,27.74,27.49,44.32,1008.78
6243,561.78,27.74,27.48,44.32,1008.78
6244,561.87,27.74,27.50,44.33,1008.78
6245,561.96,27.73,27.49,44.33,1008.78
6246,562.05,27.73,27.48,44.32,1008.78
6247,562.14,27.73,27.48,44.33,1008.79
6248,562.23,27.74,27.50,44.34,1008.78
6249,562.32,27.74,27.50,44.35,1008.79
6250,562.41,27.74,27.50,44.36,1008.79
6251,562.50,27.73,27.51,44.36,1008.79
6252,562.59,27.73,27.51,44.35,1008.79
6253,562.68,27.73,27.51,44.35,1008.79
6254,562.77,27.73,27.51,44.35,1008.78
6255,562.86,27.74,27.52,44.34,1008.79
6256,562.95,27.74,27.52,44.34,1008.79
6257,563.04,27.73,27.53,44.34,1008.79
6258,563.13,27.73,27.53,44.34,1008.79
6259,563.22,27.73,27.53,44.35,1008.79
6260,563.31,27.73,27.52,44.35,1008.79
6261,563.40,27.73,27.52,44.36,1008.79
6262,563.49,27.73,27.52,44.35,1008.79
6263,563.58,27.72,27.52,44.35,1008.79
6264,563.67,27.73,27.53,44.35,1008.79
6265,563.76,27.73,27.52,44.38,1008.80
6266,563.85,27.73,27.52,44.38,1008.80
6267,563.94,27.73,27.51,44.40,1008.80
6268,564.03,27.73,27.51,44.39,1008.80
6269,564.12,27.73,27.52,44.40,1008.80
6270,564.21,27.73,27.52,44.38,1008.80
6271,564.30,27.73,27.52,44.39,1008.81
6272,564.39,27.73,27.52,44.40,1008.81
6273,564.48,27.74,27.52,44.38,1008.81
6274,564.57,27.73,27.52,44.37,1008.81
6275,564.66,27.74,27.51,44.37,1008.81
6276,564.75,27.74,27.51,44.36,1008.80
6277,564.84,27.75,27.51,44.35,1008.80
6278,564.93,27.74,27.52,44.33,1008.80
6279,565.02,27.75,27.52,44.34,1008.80
6280,565.11,27.74,27.51,44.33,1008.80
6281,565.20,27.75,27.51,44.35,1008.80
6282,565.29,27.76,27.51,44.35,1008.80
6283,565.38,27.76,27.51,44.35,1008.80
6284,565.47,27.76,27.50,44.35,1008.80
6285,565.56,27.75,27.50,44.36,1008.80
6286,565.65,27.75,27.50,44.36,1008.80
6287,565.74,27.74,27.51,44.36,1008.80
6288,565.83,27.74,27.51,44.37,1008.80
6289,565.92,27.74,27.52,44.36,1008.79
6290,566.01,27.74,27.52,44.35,1008.79
6291,566.10,27.73,27.52,44.37,1008.79
6292,566.19,27.74,27.52,44.40,1008.79
6293,566.28,27.74,27.53,44.39,1008.79
6294,566.37,27.74,27.53,44.40,1008.79
6295,566.46,27.74,27.52,44.40,1008.79
6296,566.55,27.74,27.52,44.41,1008.79
6297,566.64,27.74,27.53,44.42,1008.78
6298,566.73,27.74,27.53,44.42,1008.79
6299,566.82,27.74,27.53,44.42,1008.79
6300,566.91,27.73,27.53,44.41,1008.78
6301,567.00,27.74,27.52,44.41,1008.78
6302,567.09,27.74,27.52,44.41,1008.79
6303,567.18,27.74,27.52,44.43,1008.79
6304,567.27,27.74,27.51,44.43,1008.79
6305,567.36,27.74,27.50,44.45,1008.79
6306,567.45,27.74,27.51,44.44,1008.79
6307,567.54,27.74,27.51,44.44,1008.79
6308,567.63,27.75,27.51,44.44,1008.78
6309,567.72,27.75,27.51,44.43,1008.78
6310,567.81,27.75,27.50,44.41,1008.78
6311,567.90,27.75,27.50,44.42,1008.78
6312,567.99,27.76,27.50,44.41,1008.78
6313,568.08,27.76,27.50,44.43,1008.78
6314,568.17,27.75,27.50,44.45,1008.79
6315,568.26,27.75,27.51,44.44,1008.78
6316,568.35,27.75,27.51,44.43,1008.79
6317,568.44,27.75,27.50,44.45,1008.79
6318,568.53,27.75,27.50,44.45,1008.79
6319,568.62,27.74,27.50,44.44,1008.80
6320,568.71,27.74,27.51,44.44,1008.80
6321,568.80,27.74,27.50,44.46,1008.80
6322,568.89,27.74,27.51,44.47,1008.80
6323,568.98,27.74,27.50,44.45,1008.80
6324,569.07,27.74,27.50,44.45,1008.80
6325,569.16,27.74,27.50,44.44,1008.80
6326,569.25,27.75,27.50,44.44,1008.80
6327,569.34,27.74,27.50,44.45,1008.79
6328,569.43,27.74,27.49,44.45,1008.80
6329,569.52,27.74,27.49,44.44,1008.80
6330,569.61,27.75,27.50,44.43,1008.80
6331,569.70,27.75,27.50,44.44,1008.80
6332,569.79,27.75,27.49,44.43,1008.80
6333,569.88,27.76,27.49,44.44,1008.81
6334,569.97,27.76,27.49,44.44,1008.80
6335,570.06,27.77,27.50,44.45,1008.81
6336,570.15,27.76,27.50,44.45,1008.81
6337,570.24,27.77,27.50,44.45,1008.81
6338,570.33,27.77,27.51,44.45,1008.81
6339,570.42,27.76,27.51,44.43,1008.80
6340,570.51,27.77,27.50,44.44,1008.80
6341,570.60,27.76,27.50,44.45,1008.81
6342,570.69,27.76,27.51,44.46,1008.80
6343,570.78,27.76,27.50,44.45,1008.80
6344,570.87,27.76,27.50,44.43,1008.80
6345,570.96,27.75,27.50,44.44,1008.79
6346,571.05,27.75,27.50,44.42,1008.79
6347,571.14,27.75,27.50,44.40,1008.79
6348,571.23,27.75,27.50,44.41,1008.79
6349,571.32,27.75,27.50,44.41,1008.79
6350,571.41,27.75,27.51,44.42,1008.79
6351,571.50,27.76,27.51,44.40,1008.79
6352,571.59,27.76,27.51,44.40,1008.79
6353,571.68,27.76,27.52,44.41,1008.79
6354,571.77,27.76,27.52,44.40,1008.79
6355,571.86,27.76,27.52,44.37,1008.78
6356,571.95,27.75,27.52,44.37,1008.78
6357,572.04,27.75,27.52,44.38,1008.78
6358,572.13,27.74,27.52,44.37,1008.78
6359,572.22,27.75,27.53,44.37,1008.78
6360,572.31,27.75,27.52,44.38,1008.78
6361,572.40,27.75,27.53,44.38,1008.79
6362,572.49,27.74,27.53,44.39,1008.79
6363,572.58,27.74,27.54,44.40,1008.79
6364,572.67,27.75,27.53,44.40,1008.79
6365,572.76,27.74,27.53,44.41,1008.79
6366,572.85,27.74,27.53,44.41,1008.78
6367,572.94,27.74,27.53,44.40,1008.79
6368,573.03,27.75,27.54,44.40,1008.79
6369,573.12,27.74,27.54,44.41,1008.79
6370,573.21,27.74,27.54,44.39,1008.79
6371,573.30,27.73,27.55,44.39,1008.79
6372,573.39,27.74,27.54,44.38,1008.79
6373,573.48,27.74,27.54,44.39,1008.79
6374,573.57,27.74,27.55,44.38,1008.79
6375,573.66,27.73,27.54,44.39,1008.79
6376,573.75,27.74,27.54,44.38,1008.80
6377,573.84,27.73,27.54,44.38,1008.80
6378,573.93,27.72,27.54,44.36,1008.80
6379,574.02,27.73,27.54,44.35,1008.80
6380,574.11,27.73,27.53,44.33,1008.80
6381,574.20,27.72,27.52,44.34,1008.80
6382,574.29,27.72,27.51,44.33,1008.80
6383,574.38,27.73,27.51,44.35,1008.80
6384,574.47,27.73,27.50,44.36,1008.80
6385,574.56,27.73,27.51,44.35,1008.81
6386,574.65,27.73,27.51,44.34,1008.81
6387,574.74,27.72,27.51,44.35,1008.81
6388,574.83,27.72,27.51,44.36,1008.81
6389,574.92,27.72,27.50,44.36,1008.80
6390,575.01,27.72,27.50,44.36,1008.80
6391,575.10,27.72,27.49,44.38,1008.80
6392,575.19,27.72,27.50,44.37,1008.80
6393,575.28,27.72,27.51,44.38,1008.80
6394,575.37,27.72,27.50,44.36,1008.79
6395,575.46,27.72,27.49,44.35,1008.79
6396,575.55,27.73,27.49,44.34,1008.79
6397,575.64,27.72,27.49,44.33,1008.79
6398,575.73,27.72,27.49,44.33,1008.79
6399,575.82,27.73,27.49,44.34,1008.80
6400,575.91,27.72,27.49,44.34,1008.80
6401,576.00,27.72,27.48,44.34,1008.80
6402,576.09,27.73,27.49,44.33,1008.80
6403,576.18,27.73,27.49,44.30,1008.80
6404,576.27,27.73,27.49,44.28,1008.79
6405,576.36,27.74,27.49,44.28,1008.79
6406,576.45,27.73,27.50,44.27,1008.80
6407,576.54,27.73,27.49,44.28,1008.79
6408,576.63,27.73,27.50,44.29,1008.80
6409,576.72,27.74,27.51,44.28,1008.79
6410,576.81,27.74,27.50,44.27,1008.79
6411,576.90,27.75,27.51,44.27,1008.79
6412,576.99,27.75,27.51,44.25,1008.79
6413,577.08,27.75,27.52,44.26,1008.79
6414,577.17,27.74,27.52,44.25,1008.79
6415,577.26,27.74,27.52,44.26,1008.78
6416,577.35,27.74,27.52,44.28,1008.78
6417,577.44,27.74,27.52,44.28,1008.78
6418,577.53,27.74,27.53,44.28,1008.78
6419,577.62,27.74,27.53,44.28,1008.78
6420,577.71,27.75,27.52,44.28,1008.78
6421,577.80,27.75,27.52,44.29,1008.78
6422,577.89,27.75,27.52,44.28,1008.78
6423,577.98,27.75,27.52,44.26,1008.78
6424,578.07,27.76,27.52,44.26,1008.78
6425,578.16,27.75,27.52,44.27,1008.78
6426,578.25,27.76,27.53,44.27,1008.78
6427,578.34,27.75,27.52,44.27,1008.78
6428,578.43,27.75,27.53,44.26,1008.78
6429,578.52,27.75,27.53,44.26,1008.78
6430,578.61,27.75,27.53,44.26,1008.78
6431,578.70,27.75,27.52,44.28,1008.78
6432,578.79,27.76,27.52,44.25,1008.78
6433,578.88,27.75,27.52,44.27,1008.77
6434,578.97,27.75,27.53,44.29,1008.78
6435,579.06,27.75,27.53,44.29,1008.78
6436,579.15,27.75,27.54,44.28,1008.78
6437,579.24,27.75,27.54,44.28,1008.78
6438,579.33,27.75,27.54,44.30,1008.78
6439,579.42,27.75,27.54,44.32,1008.78
6440,579.51,27.76,27.54,44.31,1008.78
6441,579.60,27.76,27.55,44.29,1008.78
6442,579.69,27.76,27.55,44.29,1008.78
6443,579.78,27.75,27.54,44.29,1008.78
6444,579.87,27.76,27.54,44.30,1008.78
6445,579.96,27.75,27.54,44.32,1008.78
6446,580.05,27.75,27.54,44.30,1008.78
6447,580.14,27.75,27.54,44.30,1008.78
6448,580.23,27.74,27.58,44.32,1008.79
6449,580.32,27.75,27.56,44.34,1008.79
6450,580.41,27.74,27.54,44.35,1008.78
6451,580.50,27.74,27.52,44.37,1008.79
6452,580.59,27.75,27.53,44.36,1008.78
6453,580.68,27.75,27.52,44.38,1008.79
6454,580.77,27.76,27.52,44.35,1008.79
6455,580.86,27.76,27.51,44.35,1008.79
6456,580.95,27.76,27.51,44.32,1008.79
6457,581.04,27.76,27.51,44.31,1008.79
6458,581.13,27.75,27.51,44.32,1008.79
6459,581.22,27.75,27.50,44.31,1008.79
6460,581.31,27.75,27.50,44.33,1008.78
6461,581.40,27.75,27.50,44.31,1008.78
6462,581.49,27.74,27.50,44.30,1008.78
6463,581.58,27.75,27.49,44.30,1008.78
6464,581.67,27.74,27.49,44.30,1008.78
6465,581.76,27.74,27.49,44.30,1008.78
6466,581.85,27.74,27.49,44.28,1008.78
6467,581.94,27.74,27.48,44.26,1008.78
6468,582.03,27.74,27.48,44.24,1008.78
6469,582.12,27.75,27.48,44.25,1008.78
6470,582.21,27.76,27.49,44.24,1008.78
6471,582.30,27.75,27.48,44.25,1008.78
6472,582.39,27.75,27.49,44.25,1008.78
6473,582.48,27.75,27.49,44.26,1008.78
6474,582.57,27.75,27.49,44.22,1008.78
6475,582.66,27.75,27.49,44.20,1008.78
6476,582.75,27.75,27.49,44.21,1008.78
6477,582.84,27.75,27.49,44.21,1008.78
6478,582.93,27.75,27.50,44.20,1008.77
6479,583.02,27.75,27.50,44.19,1008.78
6480,583.11,27.75,27.51,44.31,1008.77
6481,583.20,27.75,27.51,44.20,1008.77
6482,583.29,27.75,27.51,44.21,1008.77
6483,583.38,27.75,27.52,44.20,1008.77
6484,583.47,27.75,27.51,44.21,1008.78
6485,583.56,27.75,27.51,44.19,1008.78
6486,583.65,27.75,27.52,44.22,1008.78
6487,583.74,27.75,27.53,44.22,1008.78
6488,583.83,27.76,27.53,44.22,1008.78
6489,583.92,27.76,27.52,44.21,1008.78
6490,584.01,27.75,27.56,44.25,1008.78
6491,584.10,27.75,27.51,44.25,1008.78
6492,584.19,27.75,27.52,44.23,1008.78
6493,584.28,27.75,27.52,44.23,1008.78
6494,584.37,27.75,27.53,44.23,1008.79
6495,584.46,27.75,27.53,44.24,1008.79
6496,584.55,27.75,27.52,44.23,1008.79
6497,584.64,27.75,27.52,44.23,1008.79
6498,584.73,27.75,27.53,44.22,1008.79
6499,584.82,27.75,27.52,44.22,1008.79
6500,584.91,27.75,27.53,44.22,1008.78
6501,585.00,27.75,27.53,44.22,1008.79
6502,585.09,27.74,27.53,44.22,1008.79
6503,585.18,27.74,27.53,44.23,1008.79
6504,585.27,27.74,27.53,44.22,1008.79
6505,585.36,27.74,27.53,44.23,1008.78
6506,585.45,27.74,27.54,44.22,1008.78
6507,585.54,27.74,27.54,44.23,1008.78
6508,585.63,27.73,27.54,44.23,1008.78
6509,585.72,27.74,27.53,44.26,1008.78
6510,585.81,27.74,27.53,44.25,1008.78
6511,585.90,27.74,27.53,44.22,1008.78
6512,585.99,27.74,27.53,44.22,1008.78
6513,586.08,27.74,27.54,44.22,1008.78
6514,586.17,27.74,27.55,44.20,1008.79
6515,586.26,27.74,27.55,44.19,1008.79
6516,586.35,27.74,27.55,44.19,1008.79
6517,586.44,27.74,27.56,44.20,1008.79
6518,586.53,27.74,27.54,44.20,1008.79
6519,586.62,27.74,27.55,44.20,1008.79
6520,586.71,27.74,27.55,44.19,1008.79
6521,586.80,27.74,27.55,44.18,1008.79
6522,586.89,27.74,27.55,44.18,1008.79
6523,586.98,27.74,27.54,44.19,1008.79
6524,587.07,27.75,27.55,44.18,1008.79
6525,587.16,27.75,27.55,44.19,1008.79
6526,587.25,27.75,27.55,44.19,1008.78
6527,587.34,27.75,27.55,44.17,1008.78
6528,587.43,27.74,27.56,44.17,1008.78
6529,587.52,27.74,27.55,44.17,1008.78
6530,587.61,27.74,27.54,44.19,1008.78
6531,587.70,27.74,27.54,44.19,1008.78
6532,587.79,27.73,27.53,44.16,1008.78
6533,587.88,27.73,27.53,44.17,1008.78
6534,587.97,27.73,27.52,44.15,1008.78
6535,588.06,27.73,27.52,44.16,1008.78
6536,588.15,27.74,27.51,44.17,1008.78
6537,588.24,27.74,27.52,44.15,1008.77
6538,588.33,27.74,27.51,44.16,1008.78
6539,588.42,27.74,27.51,44.16,1008.78
6540,588.51,27.74,27.51,44.18,1008.78
6541,588.60,27.74,27.52,44.18,1008.78
6542,588.69,27.74,27.52,44.18,1008.78
6543,588.78,27.75,27.53,44.18,1008.79
6544,588.87,27.75,27.52,44.18,1008.79
6545,588.96,27.75,27.52,44.19,1008.79
6546,589.05,27.75,27.52,44.20,1008.79
6547,589.14,27.75,27.52,44.20,1008.78
6548,589.23,27.75,27.51,44.20,1008.79
6549,589.32,27.75,27.52,44.21,1008.77
6550,589.41,27.75,27.51,44.21,1008.79
6551,589.50,27.76,27.50,44.20,1008.79
6552,589.59,27.76,27.50,44.17,1008.79
6553,589.68,27.76,27.50,44.20,1008.79
6554,589.77,27.76,27.50,44.18,1008.80
6555,589.86,27.76,27.50,44.19,1008.80
6556,589.95,27.76,27.50,44.19,1008.80
6557,590.04,27.77,27.50,44.19,1008.80
6558,590.13,27.76,27.50,44.19,1008.80
6559,590.22,27.76,27.51,44.20,1008.80
6560,590.31,27.76,27.51,44.18,1008.81
6561,590.40,27.76,27.51,44.19,1008.81
6562,590.49,27.76,27.51,44.19,1008.81
6563,590.58,27.76,27.51,44.20,1008.81
6564,590.67,27.75,27.51,44.19,1008.81
6565,590.76,27.76,27.51,44.21,1008.81
6566,590.85,27.75,27.51,44.20,1008.81
6567,590.94,27.76,27.52,44.20,1008.81
6568,591.03,27.76,27.52,44.20,1008.81
6569,591.12,27.75,27.52,44.20,1008.81
6570,591.21,27.75,27.53,44.21,1008.81
6571,591.30,27.76,27.52,44.20,1008.81
6572,591.39,27.76,27.52,44.21,1008.81
6573,591.48,27.76,27.53,44.22,1008.81
6574,591.57,27.76,27.54,44.22,1008.81
6575,591.66,27.76,27.53,44.20,1008.81
6576,591.75,27.76,27.52,44.20,1008.81
6577,591.84,27.77,27.52,44.21,1008.81
6578,591.93,27.77,27.53,44.21,1008.81
6579,592.02,27.77,27.54,44.22,1008.81
6580,592.11,27.76,27.53,44.21,1008.80
6581,592.20,27.76,27.53,44.21,1008.80
6582,592.29,27.76,27.53,44.22,1008.80
6583,592.38,27.77,27.54,44.23,1008.80
6584,592.47,27.77,27.54,44.23,1008.80
6585,592.56,27.78,27.54,44.22,1008.80
6586,592.65,27.78,27.54,44.22,1008.80
6587,592.74,27.78,27.54,44.22,1008.80
6588,592.83,27.77,27.54,44.22,1008.80
6589,592.92,27.78,27.54,44.22,1008.79
6590,593.01,27.77,27.55,44.21,1008.79
6591,593.10,27.78,27.53,44.17,1008.79
6592,593.19,27.77,27.53,44.16,1008.79
6593,593.28,27.77,27.53,44.15,1008.79
6594,593.37,27.77,27.53,44.15,1008.79
6595,593.46,27.77,27.53,44.13,1008.78
6596,593.55,27.78,27.53,44.15,1008.78
6597,593.64,27.78,27.53,44.15,1008.78
6598,593.73,27.77,27.53,44.13,1008.78
6599,593.82,27.77,27.53,44.15,1008.77
6600,593.91,27.77,27.53,44.16,1008.77
6601,594.00,27.78,27.52,44.17,1008.78
6602,594.09,27.77,27.52,44.17,1008.78
6603,594.18,27.77,27.52,44.17,1008.78
6604,594.27,27.76,27.52,44.19,1008.78
6605,594.36,27.76,27.53,44.21,1008.78
6606,594.45,27.77,27.53,44.22,1008.78
6607,594.54,27.77,27.53,44.22,1008.78
6608,594.63,27.76,27.54,44.22,1008.78
6609,594.72,27.75,27.54,44.24,1008.78
6610,594.81,27.76,27.53,44.21,1008.78
6611,594.90,27.77,27.52,44.21,1008.78
6612,594.99,27.77,27.52,44.22,1008.77
6613,595.08,27.77,27.53,44.22,1008.78
6614,595.17,27.77,27.52,44.21,1008.78
6615,595.26,27.77,27.52,44.20,1008.78
6616,595.35,27.77,27.52,44.20,1008.79
6617,595.44,27.76,27.53,44.20,1008.79
6618,595.53,27.76,27.53,44.22,1008.79
6619,595.62,27.76,27.53,44.23,1008.79
6620,595.71,27.76,27.54,44.21,1008.79
6621,595.80,27.76,27.53,44.22,1008.80
6622,595.89,27.75,27.52,44.22,1008.80
6623,595.98,27.74,27.52,44.22,1008.80
6624,596.07,27.75,27.52,44.19,1008.80
6625,596.16,27.75,27.52,44.19,1008.80
6626,596.25,27.75,27.52,44.18,1008.80
6627,596.34,27.75,27.52,44.22,1008.80
6628,596.43,27.76,27.51,44.23,1008.80
6629,596.52,27.76,27.51,44.23,1008.80
6630,596.61,27.76,27.51,44.24,1008.81
6631,596.70,27.76,27.51,44.21,1008.81
6632,596.79,27.75,27.52,44.20,1008.81
6633,596.88,27.75,27.52,44.19,1008.81
6634,596.97,27.75,27.52,44.17,1008.82
6635,597.06,27.75,27.51,44.20,1008.82
6636,597.15,27.75,27.51,44.21,1008.82
6637,597.24,27.75,27.53,44.20,1008.82
6638,597.33,27.74,27.54,44.20,1008.81
6639,597.42,27.74,27.54,44.20,1008.82
6640,597.51,27.74,27.53,44.20,1008.82
6641,597.60,27.73,27.54,44.20,1008.81
6642,597.69,27.73,27.55,44.22,1008.81
6643,597.78,27.73,27.55,44.24,1008.81
6644,597.87,27.74,27.55,44.24,1008.81
6645,597.96,27.74,27.55,44.22,1008.81
6646,598.05,27.74,27.55,44.23,1008.81
6647,598.14,27.74,27.55,44.20,1008.81
6648,598.23,27.74,27.55,44.22,1008.81
6649,598.32,27.74,27.55,44.20,1008.81
6650,598.41,27.73,27.55,44.18,1008.81
6651,598.50,27.74,27.55,44.19,1008.80
6652,598.59,27.74,27.55,44.17,1008.80
6653,598.68,27.74,27.55,44.16,1008.80
6654,598.77,27.74,27.55,44.16,1008.79
6655,598.86,27.74,27.55,44.17,1008.80
6656,598.95,27.74,27.55,44.17,1008.79
6657,599.04,27.74,27.55,44.16,1008.80
6658,599.13,27.74,27.56,44.15,1008.79
6659,599.22,27.74,27.55,44.15,1008.79
6660,599.31,27.74,27.54,44.16,1008.79
6661,599.40,27.75,27.55,44.15,1008.78
6662,599.49,27.75,27.56,44.15,1008.78
6663,599.58,27.75,27.55,44.15,1008.78
6664,599.67,27.75,27.54,44.15,1008.78
6665,599.76,27.75,27.53,44.14,1008.78
6666,599.85,27.75,27.53,44.13,1008.78
6667,599.94,27.75,27.53,44.13,1008.77
