Index,Relative Time (s),PT100 (degC),BME280 T (degC),Humidity (%),Pressure (hPa)
1,0.00,45.00,42.80,42.45,1008.32
2,0.09,45.00,42.60,42.50,1008.31
3,0.18,44.96,42.56,42.52,1008.30
4,0.27,44.94,42.55,42.54,1008.30
5,0.36,44.91,42.54,42.56,1008.29
6,0.45,44.90,42.52,42.55,1008.28
7,0.54,44.87,42.49,42.53,1008.27
8,0.63,44.84,42.48,42.55,1008.28
9,0.72,44.80,42.45,42.55,1008.28
10,0.81,44.78,42.43,42.61,1008.28
11,0.90,44.75,42.41,42.66,1008.27
12,0.99,44.73,42.38,42.65,1008.27
13,1.08,44.69,42.36,42.66,1008.27
14,1.17,44.67,42.34,42.67,1008.25
15,1.26,44.64,42.33,42.68,1008.27
16,1.35,44.61,42.30,42.69,1008.28
17,1.44,44.57,42.27,42.67,1008.27
18,1.53,44.54,42.23,42.69,1008.27
19,1.62,44.54,42.19,42.69,1008.28
20,1.71,44.52,42.18,42.69,1008.27
21,1.80,44.49,42.14,42.71,1008.27
22,1.89,44.46,42.12,42.72,1008.29
23,1.98,44.44,42.10,42.77,1008.30
24,2.07,44.39,42.07,42.79,1008.30
25,2.16,44.38,42.08,42.77,1008.30
26,2.25,44.33,42.06,42.80,1008.32
27,2.34,44.30,42.04,42.82,1008.32
28,2.43,44.27,42.01,42.86,1008.32
29,2.52,44.23,41.99,42.87,1008.32
30,2.61,44.22,41.98,42.87,1008.32
31,2.70,44.19,41.94,42.88,1008.32
32,2.79,44.17,41.92,42.88,1008.34
33,2.88,44.14,41.90,42.90,1008.35
34,2.97,44.12,41.88,42.87,1008.34
35,3.06,44.09,41.85,42.90,1008.34
36,3.15,44.08,41.80,42.93,1008.34
37,3.24,44.07,41.78,42.92,1008.34
38,3.33,44.04,41.76,42.96,1008.34
39,3.42,44.01,41.73,42.94,1008.34
40,3.51,43.97,41.70,42.98,1008.34
41,3.60,43.94,41.67,42.97,1008.33
42,3.69,43.92,41.64,42.98,1008.36
43,3.78,43.90,41.64,43.01,1008.36
44,3.87,43.89,41.62,43.02,1008.35
45,3.96,43.84,41.61,43.06,1008.37
46,4.05,43.82,41.58,43.05,1008.38
47,4.14,43.79,41.54,43.04,1008.39
48,4.23,43.75,41.51,43.04,1008.39
49,4.32,43.73,41.50,43.05,1008.37
50,4.41,43.71,41.47,43.08,1008.37
51,4.50,43.68,41.44,43.09,1008.38
52,4.59,43.67,41.40,43.07,1008.38
53,4.68,43.63,41.38,43.09,1008.37
54,4.77,43.61,41.36,43.10,1008.37
55,4.86,43.57,41.34,43.10,1008.37
56,4.95,43.53,41.33,43.10,1008.36
57,5.04,43.51,41.29,43.13,1008.35
58,5.13,43.48,41.25,43.15,1008.34
59,5.22,43.46,41.22,43.15,1008.35
60,5.31,43.42,41.20,43.17,1008.34
61,5.40,43.40,41.16,43.20,1008.33
62,5.49,43.38,41.15,43.22,1008.32
63,5.58,43.36,41.14,43.21,1008.31
64,5.67,43.33,41.12,43.24,1008.32
65,5.76,43.32,41.07,43.26,1008.32
66,5.85,43.28,41.04,43.26,1008.33
67,5.94,43.26,41.02,43.23,1008.34
68,6.03,43.23,41.00,43.24,1008.32
69,6.12,43.22,40.96,43.27,1008.32
70,6.21,43.18,40.92,43.26,1008.31
71,6.30,43.15,40.90,43.31,1008.31
72,6.39,43.10,40.88,43.31,1008.31
73,6.48,43.09,40.86,43.30,1008.31
74,6.57,43.07,40.84,43.31,1008.30
75,6.66,43.04,40.79,43.35,1008.30
76,6.75,43.01,40.76,43.33,1008.30
77,6.84,42.99,40.74,43.36,1008.30
78,6.93,42.96,40.70,43.34,1008.29
79,7.02,42.94,40.68,43.38,1008.29
80,7.11,42.92,40.67,43.38,1008.28
81,7.20,42.88,40.65,43.40,1008.28
82,7.29,42.87,40.64,43.39,1008.29
83,7.38,42.86,40.61,43.42,1008.29
84,7.47,42.85,40.59,43.43,1008.29
85,7.56,42.83,40.57,43.41,1008.28
86,7.65,42.79,40.55,43.38,1008.28
87,7.74,42.76,40.55,43.39,1008.29
88,7.83,42.73,40.50,43.44,1008.29
89,7.92,42.68,40.49,43.44,1008.28
90,8.01,42.67,40.47,43.44,1008.29
91,8.10,42.66,40.45,43.44,1008.28
92,8.19,42.64,40.44,43.47,1008.30
93,8.28,42.61,40.42,43.45,1008.32
94,8.37,42.58,40.41,43.49,1008.32
95,8.46,42.58,40.40,43.50,1008.33
96,8.55,42.55,40.39,43.56,1008.34
97,8.64,42.56,40.38,43.57,1008.35
98,8.73,42.54,40.35,43.59,1008.35
99,8.82,42.51,40.32,43.53,1008.34
100,8.91,42.52,40.30,43.54,1008.34
101,9.00,42.49,40.27,43.57,1008.34
102,9.09,42.45,40.26,43.57,1008.36
103,9.18,42.43,40.25,43.54,1008.37
104,9.27,42.39,40.22,43.53,1008.35
105,9.36,42.37,40.19,43.53,1008.34
106,9.45,42.36,40.15,43.53,1008.33
107,9.54,42.34,40.14,43.55,1008.34
108,9.63,42.31,40.12,43.60,1008.35
109,9.72,42.30,40.12,43.63,1008.35
110,9.81,42.27,40.11,43.63,1008.36
111,9.90,42.24,40.11,43.68,1008.37
112,9.99,42.21,40.09,43.66,1008.38
113,10.08,42.19,40.06,43.68,1008.37
114,10.17,42.18,40.05,43.70,1008.37
115,10.26,42.15,40.04,43.71,1008.36
116,10.35,42.14,40.03,43.74,1008.38
117,10.44,42.12,39.99,43.73,1008.38
118,10.53,42.11,40.00,43.71,1008.38
119,10.62,42.07,39.98,43.68,1008.38
120,10.71,42.05,39.95,43.69,1008.37
121,10.80,42.02,39.91,43.68,1008.37
122,10.89,41.98,39.89,43.71,1008.38
123,10.98,41.96,39.87,43.73,1008.39
124,11.07,41.96,39.86,43.74,1008.39
125,11.16,41.95,39.82,43.75,1008.40
126,11.25,41.93,39.81,43.77,1008.39
127,11.34,41.91,39.79,43.76,1008.39
128,11.43,41.89,39.78,43.74,1008.39
129,11.52,41.87,39.77,43.73,1008.38
130,11.61,41.85,39.74,43.75,1008.37
131,11.70,41.84,39.71,43.76,1008.36
132,11.79,41.84,39.69,43.74,1008.36
133,11.88,41.83,39.67,43.72,1008.36
134,11.97,41.82,39.65,43.73,1008.36
135,12.06,41.80,39.62,43.75,1008.36
136,12.15,41.78,39.60,43.73,1008.35
137,12.24,41.76,39.58,43.71,1008.33
138,12.33,41.72,39.57,43.72,1008.32
139,12.42,41.70,39.55,43.74,1008.32
140,12.51,41.68,39.54,43.76,1008.32
141,12.60,41.66,39.51,43.77,1008.31
142,12.69,41.64,39.52,43.81,1008.30
143,12.78,41.63,39.50,43.82,1008.31
144,12.87,41.59,39.46,43.85,1008.31
145,12.96,41.57,39.43,43.84,1008.31
146,13.05,41.55,39.42,43.87,1008.30
147,13.14,41.52,39.39,43.88,1008.30
148,13.23,41.49,39.37,43.90,1008.31
149,13.32,41.46,39.37,43.88,1008.31
150,13.41,41.43,39.34,43.88,1008.29
151,13.50,41.43,39.32,43.92,1008.29
152,13.59,41.40,39.29,43.95,1008.30
153,13.68,41.39,39.29,43.96,1008.29
154,13.77,41.36,39.26,43.97,1008.29
155,13.86,41.35,39.25,44.02,1008.29
156,13.95,41.33,39.22,44.01,1008.23
157,14.04,41.32,39.20,44.01,1008.31
158,14.13,41.31,39.18,44.02,1008.32
159,14.22,41.29,39.16,44.04,1008.31
160,14.31,41.25,39.14,44.53,1008.33
161,14.40,41.22,39.11,44.28,1008.32
162,14.49,41.21,39.09,44.19,1008.31
163,14.58,41.20,39.06,44.08,1008.31
164,14.67,41.16,39.02,44.10,1008.31
165,14.76,41.13,38.99,44.10,1008.32
166,14.85,41.11,38.99,44.09,1008.30
167,14.94,41.09,38.97,44.13,1008.34
168,15.03,41.07,38.96,44.17,1008.34
169,15.12,41.04,38.94,44.22,1008.34
170,15.21,41.01,38.93,44.20,1008.34
171,15.30,40.99,38.91,44.17,1008.34
172,15.39,40.96,38.89,44.17,1008.34
173,15.48,40.92,38.85,44.18,1008.35
174,15.57,40.89,38.84,44.19,1008.36
175,15.66,40.86,38.82,44.21,1008.37
176,15.75,40.83,38.78,44.21,1008.38
177,15.84,40.80,38.75,44.22,1008.38
178,15.93,40.78,38.73,44.22,1008.38
179,16.02,40.75,38.72,44.21,1008.38
180,16.11,40.74,38.71,44.24,1008.37
181,16.20,40.71,38.70,44.26,1008.37
182,16.29,40.69,38.69,44.31,1008.38
183,16.38,40.67,38.67,44.32,1008.39
184,16.47,40.64,38.67,44.31,1008.39
185,16.56,40.61,38.64,44.29,1008.39
186,16.65,40.59,38.62,44.31,1008.40
187,16.74,40.56,38.61,44.32,1008.39
188,16.83,40.55,38.58,44.31,1008.40
189,16.92,40.52,38.56,44.33,1008.40
190,17.01,40.52,38.53,44.34,1008.40
191,17.10,40.51,38.50,44.35,1008.39
192,17.19,40.48,38.49,44.36,1008.38
193,17.28,40.47,38.45,44.34,1008.39
194,17.37,40.43,38.42,44.31,1008.38
195,17.46,40.41,38.41,44.28,1008.39
196,17.55,40.41,38.39,44.29,1008.38
197,17.64,40.39,38.40,44.31,1008.38
198,17.73,40.36,38.36,44.31,1008.38
199,17.82,40.34,38.35,44.35,1008.36
200,17.91,40.32,38.33,44.41,1008.35
201,18.00,40.33,38.32,44.42,1008.34
202,18.09,40.32,38.29,44.43,1008.33
203,18.18,40.29,38.25,44.42,1008.33
204,18.27,40.28,38.20,44.40,1008.32
205,18.36,40.26,38.18,44.40,1008.31
206,18.45,40.23,38.17,44.36,1008.30
207,18.54,40.23,38.16,44.33,1008.30
208,18.63,40.20,38.15,44.34,1008.29
209,18.72,40.18,38.14,44.38,1008.29
210,18.81,40.16,38.12,44.40,1008.29
211,18.90,40.14,38.11,44.40,1008.28
212,18.99,40.13,38.09,44.43,1008.29
213,19.08,40.10,38.08,44.48,1008.29
214,19.17,40.07,38.06,44.49,1008.29
215,19.26,40.05,38.07,44.54,1008.30
216,19.35,40.02,38.04,44.52,1008.29
217,19.44,40.00,38.03,44.54,1008.28
218,19.53,39.97,38.01,44.50,1008.29
219,19.62,39.96,37.99,44.54,1008.29
220,19.71,39.95,37.97,44.54,1008.31
221,19.80,39.93,37.96,44.53,1008.32
222,19.89,39.90,37.96,44.54,1008.34
223,19.98,39.89,37.96,44.55,1008.34
224,20.07,39.87,37.93,44.54,1008.33
225,20.16,39.86,37.92,44.53,1008.32
226,20.25,39.84,37.91,44.54,1008.33
227,20.34,39.83,37.89,44.50,1008.33
228,20.43,39.81,37.89,44.49,1008.33
229,20.52,39.81,37.85,44.49,1008.34
230,20.61,39.79,37.82,44.50,1008.34
231,20.70,39.77,37.81,44.50,1008.34
232,20.79,39.76,37.80,44.51,1008.33
233,20.88,39.73,37.78,44.51,1008.34
234,20.97,39.71,37.78,44.52,1008.34
235,21.06,39.71,37.76,44.55,1008.34
236,21.15,39.69,37.76,44.55,1008.34
237,21.24,39.66,37.75,44.58,1008.35
238,21.33,39.65,37.74,44.60,1008.35
239,21.42,39.64,37.74,44.62,1008.36
240,21.51,39.62,37.72,44.61,1008.36
241,21.60,39.62,37.70,44.61,1008.37
242,21.69,39.59,37.68,44.62,1008.38
243,21.78,39.57,37.65,44.57,1008.39
244,21.87,39.55,37.62,44.59,1008.40
245,21.96,39.53,37.60,44.60,1008.41
246,22.05,39.52,37.57,44.58,1008.41
247,22.14,39.49,37.59,44.59,1008.42
248,22.23,39.49,37.56,44.57,1008.44
249,22.32,39.47,37.54,44.56,1008.43
250,22.41,39.45,37.51,44.56,1008.43
251,22.50,39.44,37.51,44.58,1008.43
252,22.59,39.41,37.47,44.54,1008.43
253,22.68,39.38,37.46,44.52,1008.42
254,22.77,39.37,37.45,44.55,1008.42
255,22.86,39.36,37.43,44.56,1008.41
256,22.95,39.34,37.42,44.55,1008.40
257,23.04,39.31,37.41,44.57,1008.40
258,23.13,39.29,37.40,44.57,1008.39
259,23.22,39.27,37.39,44.59,1008.39
260,23.31,39.24,37.37,44.62,1008.39
261,23.40,39.23,37.36,44.65,1008.38
262,23.49,39.21,37.35,44.66,1008.39
263,23.58,39.21,37.36,44.67,1008.39
264,23.67,39.20,37.33,44.68,1008.38
265,23.76,39.19,37.32,44.68,1008.38
266,23.85,39.17,37.28,44.74,1008.37
267,23.94,39.14,37.24,44.74,1008.37
268,24.03,39.13,37.23,44.73,1008.35
269,24.12,39.11,37.21,44.71,1008.35
270,24.21,39.09,37.19,44.72,1008.34
271,24.30,39.07,37.17,44.73,1008.33
272,24.39,39.04,37.14,44.71,1008.33
273,24.48,39.03,37.13,44.68,1008.33
274,24.57,39.00,37.10,44.69,1008.32
275,24.66,38.98,37.08,44.72,1008.31
276,24.75,38.96,37.07,44.72,1008.30
277,24.84,38.93,37.06,44.67,1008.29
278,24.93,38.90,37.02,44.65,1008.30
279,25.02,38.88,37.00,44.64,1008.30
280,25.11,38.87,36.97,44.64,1008.30
281,25.20,38.86,36.96,44.67,1008.29
282,25.29,38.84,36.96,44.69,1008.30
283,25.38,38.82,36.93,44.66,1008.29
284,25.47,38.79,36.92,44.66,1008.30
285,25.56,38.76,36.90,44.67,1008.31
286,25.65,38.76,36.88,44.69,1008.31
287,25.74,38.72,36.89,44.70,1008.30
288,25.83,38.71,36.87,44.67,1008.31
289,25.92,38.67,36.84,44.65,1008.31
290,26.01,38.66,36.84,44.66,1008.32
291,26.10,38.63,36.81,44.67,1008.31
292,26.19,38.62,36.79,44.69,1008.31
293,26.28,38.62,36.77,44.71,1008.31
294,26.37,38.58,36.74,44.72,1008.30
295,26.46,38.57,36.75,44.73,1008.30
296,26.55,38.55,36.72,44.76,1008.30
297,26.64,38.55,36.69,44.79,1008.30
298,26.73,38.53,36.70,44.78,1008.30
299,26.82,38.52,36.69,44.79,1008.31
300,26.91,38.47,36.67,44.77,1008.31
301,27.00,38.46,36.64,44.78,1008.32
302,27.09,38.45,36.63,44.81,1008.32
303,27.18,38.43,36.59,44.82,1008.33
304,27.27,38.41,36.58,44.81,1008.32
305,27.36,38.38,36.57,44.82,1008.33
306,27.45,38.38,36.55,44.86,1008.33
307,27.54,38.34,36.54,44.85,1008.35
308,27.63,38.32,36.52,44.84,1008.37
309,27.72,38.29,36.51,44.86,1008.38
310,27.81,38.26,36.50,44.86,1008.38
311,27.90,38.27,36.49,44.86,1008.37
312,27.99,38.24,36.49,44.86,1008.38
313,28.08,38.23,36.47,44.85,1008.38
314,28.17,38.22,36.48,44.85,1008.40
315,28.26,38.19,36.45,44.84,1008.40
316,28.35,38.17,36.42,44.87,1008.40
317,28.44,38.16,36.41,44.87,1008.40
318,28.53,38.16,36.39,44.87,1008.39
319,28.62,38.14,36.38,44.85,1008.39
320,28.71,38.10,36.37,44.83,1008.39
321,28.80,38.08,36.34,44.89,1008.39
322,28.89,38.08,36.32,44.92,1008.39
323,28.98,38.08,36.32,44.94,1008.40
324,29.07,38.05,36.32,44.97,1008.39
325,29.16,38.03,36.31,44.97,1008.38
326,29.25,38.00,36.29,44.98,1008.37
327,29.34,37.98,36.27,44.99,1008.37
328,29.43,37.97,36.26,44.97,1008.39
329,29.52,37.95,36.25,44.99,1008.39
330,29.61,37.95,36.21,45.00,1008.38
331,29.70,37.93,36.21,44.99,1008.38
332,29.79,37.91,36.19,45.01,1008.37
333,29.88,37.90,36.17,44.98,1008.37
334,29.97,37.88,36.18,44.99,1008.37
335,30.06,37.87,36.17,44.97,1008.35
336,30.15,37.85,36.15,44.98,1008.36
337,30.24,37.84,36.15,45.01,1008.35
338,30.33,37.82,36.13,45.04,1008.35
339,30.42,37.81,36.11,45.03,1008.35
340,30.51,37.80,36.13,45.03,1008.35
341,30.60,37.80,36.09,45.02,1008.35
342,30.69,37.78,36.07,45.04,1008.34
343,30.78,37.75,36.06,45.03,1008.33
344,30.87,37.75,36.03,45.03,1008.33
345,30.96,37.74,36.03,45.06,1008.32
346,31.05,37.73,36.02,45.05,1008.31
347,31.14,37.74,36.01,45.00,1008.31
348,31.23,37.72,35.99,44.99,1008.30
349,31.32,37.69,35.99,45.03,1008.29
350,31.41,37.67,35.97,45.06,1008.28
351,31.50,37.65,35.95,45.05,1008.28
352,31.59,37.61,35.91,45.08,1008.26
353,31.68,37.60,35.91,45.10,1008.26
354,31.77,37.57,35.91,45.08,1008.27
355,31.86,37.58,35.90,45.07,1008.26
356,31.95,37.57,35.90,45.08,1008.28
357,32.04,37.54,35.89,45.08,1008.29
358,32.13,37.52,35.87,45.10,1008.29
359,32.22,37.51,35.85,45.06,1008.30
360,32.31,37.49,35.83,45.04,1008.30
361,32.40,37.48,35.82,45.04,1008.31
362,32.49,37.47,35.81,45.09,1008.30
363,32.58,37.44,35.77,45.10,1008.31
364,32.67,37.42,35.76,45.14,1008.32
365,32.76,37.41,35.73,45.14,1008.32
366,32.85,37.39,35.70,45.15,1008.32
367,32.94,37.39,35.69,45.16,1008.34
368,33.03,37.37,35.69,45.17,1008.35
369,33.12,37.36,35.65,45.19,1008.37
370,33.21,37.35,35.65,45.20,1008.37
371,33.30,37.34,35.64,45.22,1008.37
372,33.39,37.34,35.64,45.19,1008.36
373,33.48,37.33,35.63,45.22,1008.35
374,33.57,37.30,35.61,45.24,1008.36
375,33.66,37.27,35.58,45.25,1008.36
376,33.75,37.25,35.56,45.25,1008.35
377,33.84,37.24,35.55,45.24,1008.36
378,33.93,37.23,35.54,45.24,1008.37
379,34.02,37.21,35.51,45.25,1008.37
380,34.11,37.19,35.52,45.21,1008.37
381,34.20,37.16,35.50,45.15,1008.37
382,34.29,37.15,35.47,45.12,1008.37
383,34.38,37.14,35.45,45.09,1008.37
384,34.47,37.14,35.43,45.08,1008.38
385,34.56,37.11,35.41,45.10,1008.39
386,34.65,37.09,35.39,45.09,1008.39
387,34.74,37.07,35.36,45.08,1008.38
388,34.83,37.06,35.34,45.09,1008.38
389,34.92,37.06,35.32,45.07,1008.38
390,35.01,37.05,35.31,45.08,1008.37
391,35.10,37.02,35.29,45.11,1008.36
392,35.19,37.00,35.29,45.09,1008.35
393,35.28,36.99,35.27,45.10,1008.36
394,35.37,36.98,35.27,45.12,1008.36
395,35.46,36.95,35.25,45.13,1008.36
396,35.55,36.93,35.25,45.13,1008.37
397,35.64,36.92,35.21,45.17,1008.36
398,35.73,36.90,35.21,45.17,1008.35
399,35.82,36.89,35.19,45.15,1008.35
400,35.91,36.87,35.16,45.17,1008.33
401,36.00,36.86,35.17,45.17,1008.35
402,36.09,36.84,35.16,45.19,1008.35
403,36.18,36.82,35.15,45.19,1008.35
404,36.27,36.83,35.15,45.19,1008.34
405,36.36,36.82,35.14,45.20,1008.34
406,36.45,36.80,35.14,45.20,1008.34
407,36.54,36.77,35.14,45.20,1008.34
408,36.63,36.77,35.12,45.24,1008.33
409,36.72,36.74,35.11,45.27,1008.34
410,36.81,36.73,35.06,45.25,1008.33
411,36.90,36.72,35.06,45.23,1008.31
412,36.99,36.72,35.04,45.24,1008.31
413,37.08,36.70,35.02,45.24,1008.31
414,37.17,36.69,34.98,45.25,1008.30
415,37.26,36.65,34.98,45.27,1008.29
416,37.35,36.64,34.97,45.28,1008.29
417,37.44,36.63,34.97,45.30,1008.29
418,37.53,36.59,34.96,45.30,1008.27
419,37.62,36.57,34.97,45.35,1008.28
420,37.71,36.56,34.95,45.33,1008.28
421,37.80,36.54,34.95,45.35,1008.27
422,37.89,36.53,34.92,45.33,1008.26
423,37.98,36.50,34.91,45.33,1008.27
424,38.07,36.50,34.90,45.34,1008.26
425,38.16,36.47,34.88,45.34,1008.26
426,38.25,36.45,34.87,45.34,1008.26
427,38.34,36.44,34.85,45.35,1008.26
428,38.43,36.44,34.86,45.33,1008.28
429,38.52,36.41,34.84,45.32,1008.27
430,38.61,36.39,34.81,45.33,1008.28
431,38.70,36.37,34.79,45.37,1008.27
432,38.79,36.38,34.78,45.38,1008.28
433,38.88,36.36,34.77,45.39,1008.29
434,38.97,36.33,34.75,45.35,1008.29
435,39.06,36.33,34.72,45.35,1008.30
436,39.15,36.32,34.73,45.31,1008.31
437,39.24,36.29,34.69,45.33,1008.31
438,39.33,36.27,34.70,45.35,1008.32
439,39.42,36.27,34.69,45.35,1008.33
440,39.51,36.25,34.67,45.34,1008.33
441,39.60,36.23,34.67,45.34,1008.34
442,39.69,36.23,34.67,45.36,1008.33
443,39.78,36.23,34.68,45.37,1008.34
444,39.87,36.23,34.69,45.39,1008.34
445,39.96,36.22,34.68,45.41,1008.35
446,40.05,36.21,34.66,45.38,1008.36
447,40.14,36.19,34.64,45.38,1008.36
448,40.23,36.17,34.62,45.41,1008.36
449,40.32,36.15,34.63,45.39,1008.36
450,40.41,36.14,34.62,45.39,1008.37
451,40.50,36.14,34.59,45.38,1008.37
452,40.59,36.13,34.59,45.41,1008.39
453,40.68,35.88,34.57,45.42,1008.39
454,40.77,36.12,34.56,45.46,1008.39
455,40.86,36.10,34.55,45.45,1008.40
456,40.95,36.08,34.53,45.50,1008.42
457,41.04,36.08,34.52,45.52,1008.41
458,41.13,36.06,34.52,45.55,1008.40
459,41.22,36.04,34.52,45.54,1008.40
460,41.31,36.03,34.51,45.56,1008.39
461,41.40,36.01,34.52,45.56,1008.38
462,41.49,36.00,34.50,45.56,1008.39
463,41.58,35.98,34.48,45.56,1008.37
464,41.67,35.95,34.47,45.55,1008.37
465,41.76,35.93,34.47,45.53,1008.35
466,41.85,35.92,34.45,45.51,1008.35
467,41.94,35.91,34.44,45.54,1008.35
468,42.03,35.90,34.42,45.54,1008.34
469,42.12,35.89,34.41,45.50,1008.34
470,42.21,35.88,34.42,45.51,1008.34
471,42.30,35.87,34.42,45.50,1008.33
472,42.39,35.86,34.40,45.49,1008.34
473,42.48,35.85,34.39,45.47,1008.34
474,42.57,35.85,34.38,45.45,1008.33
475,42.66,35.85,34.39,45.47,1008.34
476,42.75,35.82,34.35,45.48,1008.35
477,42.84,35.82,34.35,45.49,1008.34
478,42.93,35.80,34.33,45.49,1008.33
479,43.02,35.79,34.32,45.55,1008.33
480,43.11,35.77,34.29,45.54,1008.32
481,43.20,35.76,34.27,45.55,1008.31
482,43.29,35.77,34.27,45.54,1008.31
483,43.38,35.74,34.24,45.53,1008.31
484,43.47,35.73,34.21,45.51,1008.31
485,43.56,35.71,34.21,45.55,1008.30
486,43.65,35.70,34.19,45.58,1008.29
487,43.74,35.70,34.18,45.58,1008.29
488,43.83,35.69,34.16,45.57,1008.29
489,43.92,35.67,34.14,45.59,1008.30
490,44.01,35.64,34.12,45.60,1008.29
491,44.10,35.62,34.12,45.60,1008.29
492,44.19,35.62,34.11,45.61,1008.28
493,44.28,35.60,34.10,45.62,1008.28
494,44.37,35.59,34.11,45.61,1008.28
495,44.46,35.56,34.10,45.61,1008.29
496,44.55,35.54,34.10,45.60,1008.28
497,44.64,35.53,34.07,45.63,1008.28
498,44.73,35.52,34.07,45.60,1008.30
499,44.82,35.52,34.05,45.60,1008.32
500,44.91,35.50,34.03,45.61,1008.32
501,45.00,35.49,34.01,45.59,1008.31
502,45.09,35.48,33.98,45.62,1008.33
503,45.18,35.47,33.95,45.63,1008.33
504,45.27,35.46,33.94,45.60,1008.32
505,45.36,35.45,33.91,45.58,1008.33
506,45.45,35.43,33.91,45.58,1008.34
507,45.54,35.42,33.91,45.54,1008.33
508,45.63,35.40,33.89,45.58,1008.34
509,45.72,35.37,33.87,45.59,1008.34
510,45.81,35.38,33.86,45.57,1008.35
511,45.90,35.35,33.82,45.57,1008.35
512,45.99,35.35,33.79,45.56,1008.36
513,46.08,35.32,33.77,45.53,1008.37
514,46.17,35.31,33.77,45.51,1008.38
515,46.26,35.29,33.76,45.51,1008.38
516,46.35,35.26,33.76,45.52,1008.38
517,46.44,35.26,33.76,45.51,1008.38
518,46.53,35.24,33.74,45.52,1008.40
519,46.62,35.24,33.73,45.52,1008.40
520,46.71,35.23,33.72,45.51,1008.40
521,46.80,35.21,33.71,45.47,1008.39
522,46.89,35.21,33.70,45.45,1008.40
523,46.98,35.19,33.69,45.44,1008.38
524,47.07,35.17,33.67,45.44,1008.38
525,47.16,35.14,33.65,45.42,1008.36
526,47.25,35.13,33.62,45.41,1008.36
527,47.34,35.12,33.62,45.42,1008.36
528,47.43,35.09,33.63,45.43,1008.34
529,47.52,35.09,33.63,45.46,1008.35
530,47.61,35.09,33.61,45.49,1008.34
531,47.70,35.07,33.59,45.49,1008.35
532,47.79,35.07,33.57,45.51,1008.34
533,47.88,35.07,33.56,45.53,1008.35
534,47.97,35.05,33.55,45.54,1008.35
535,48.06,35.04,33.55,45.55,1008.36
536,48.15,35.03,33.53,45.56,1008.36
537,48.24,35.02,33.54,45.56,1008.37
538,48.33,35.00,33.53,45.56,1008.36
539,48.42,35.00,33.50,45.53,1008.36
540,48.51,34.99,33.52,45.54,1008.36
541,48.60,34.96,33.50,45.54,1008.35
542,48.69,34.93,33.50,45.56,1008.35
543,48.78,34.93,33.48,45.57,1008.34
544,48.87,34.92,33.48,45.59,1008.33
545,48.96,34.90,33.47,45.59,1008.34
546,49.05,34.89,33.46,45.59,1008.34
547,49.14,34.88,33.46,45.57,1008.33
548,49.23,34.87,33.47,45.58,1008.32
549,49.32,34.86,33.45,45.58,1008.31
550,49.41,34.84,33.42,45.59,1008.31
551,49.50,34.82,33.40,45.58,1008.31
552,49.59,34.80,33.39,45.59,1008.31
553,49.68,34.78,33.38,45.61,1008.31
554,49.77,34.76,33.37,45.62,1008.31
555,49.86,34.74,33.37,45.63,1008.31
556,49.95,34.73,33.36,45.63,1008.30
557,50.04,34.72,33.33,45.66,1008.30
558,50.13,34.71,33.32,45.66,1008.31
559,50.22,34.71,33.33,45.68,1008.31
560,50.31,34.71,33.33,45.70,1008.30
561,50.40,34.70,33.32,45.67,1008.30
562,50.49,34.68,33.30,45.68,1008.29
563,50.58,34.68,33.27,45.65,1008.31
564,50.67,34.67,33.24,45.68,1008.32
565,50.76,34.66,33.24,45.69,1008.32
566,50.85,34.65,33.21,45.68,1008.32
567,50.94,34.65,33.18,45.72,1008.31
568,51.03,34.64,33.18,45.73,1008.32
569,51.12,34.63,33.16,45.76,1008.33
570,51.21,34.62,33.16,45.78,1008.34
571,51.30,34.62,33.13,45.78,1008.34
572,51.39,34.59,33.11,45.77,1008.33
573,51.48,34.58,33.11,45.81,1008.34
574,51.57,34.58,33.10,45.78,1008.36
575,51.66,34.55,33.10,45.76,1008.37
576,51.75,34.54,33.10,45.77,1008.39
577,51.84,34.53,33.10,45.77,1008.38
578,51.93,34.52,33.09,45.78,1008.39
579,52.02,34.51,33.08,45.78,1008.38
580,52.11,34.50,33.09,45.79,1008.37
581,52.20,34.49,33.10,45.80,1008.38
582,52.29,34.48,33.09,45.78,1008.38
583,52.38,34.46,33.09,45.78,1008.38
584,52.47,34.44,33.08,45.80,1008.38
585,52.56,34.46,33.07,45.80,1008.38
586,52.65,34.44,33.07,45.79,1008.39
587,52.74,34.45,33.06,45.83,1008.37
588,52.83,34.42,33.07,45.80,1008.38
589,52.92,34.41,33.09,45.83,1008.39
590,53.01,34.38,33.09,45.85,1008.38
591,53.10,34.37,33.08,45.82,1008.38
592,53.19,34.36,33.06,45.82,1008.36
593,53.28,34.35,33.05,45.83,1008.37
594,53.37,34.36,33.05,45.82,1008.38
595,53.46,34.34,33.04,45.81,1008.38
596,53.55,34.34,33.00,45.82,1008.38
597,53.64,34.33,33.00,45.79,1008.37
598,53.73,34.32,33.01,45.76,1008.38
599,53.82,34.32,33.00,45.78,1008.36
600,53.91,34.32,33.01,45.80,1008.36
601,54.00,34.31,32.99,45.82,1008.36
602,54.09,34.30,32.98,45.82,1008.36
603,54.18,34.29,32.96,45.85,1008.36
604,54.27,34.28,32.95,45.86,1008.37
605,54.36,34.27,32.95,45.87,1008.36
606,54.45,34.28,32.92,45.88,1008.37
607,54.54,34.27,32.90,45.89,1008.37
608,54.63,34.25,32.91,45.88,1008.36
609,54.72,34.24,32.89,45.86,1008.35
610,54.81,34.23,32.88,45.88,1008.35
611,54.90,34.22,32.87,45.89,1008.34
612,54.99,34.20,32.84,45.86,1008.34
613,55.08,34.19,32.82,45.83,1008.33
614,55.17,34.17,32.81,45.83,1008.33
615,55.26,34.16,32.80,45.80,1008.33
616,55.35,34.16,32.79,45.77,1008.33
617,55.44,34.14,32.76,45.76,1008.32
618,55.53,34.13,32.75,45.79,1008.31
619,55.62,34.13,32.72,45.78,1008.31
620,55.71,34.11,32.74,45.77,1008.31
621,55.80,34.11,32.71,45.78,1008.31
622,55.89,34.11,32.67,45.79,1008.31
623,55.98,34.09,32.68,45.79,1008.31
624,56.07,34.08,32.65,45.80,1008.32
625,56.16,34.08,32.63,45.84,1008.32
626,56.25,34.06,32.63,45.82,1008.33
627,56.34,34.04,32.63,45.81,1008.33
628,56.43,34.03,32.63,45.82,1008.33
629,56.52,34.01,32.60,45.80,1008.32
630,56.61,34.01,32.59,45.79,1008.31
631,56.70,33.99,32.59,45.82,1008.32
632,56.79,33.99,32.59,45.86,1008.32
633,56.88,33.98,32.58,45.83,1008.32
634,56.97,33.97,32.56,45.85,1008.33
635,57.06,33.97,32.59,45.83,1008.33
636,57.15,33.97,32.58,45.84,1008.33
637,57.24,33.95,32.56,45.85,1008.32
638,57.33,33.94,32.54,45.83,1008.32
639,57.42,33.91,32.53,45.85,1008.31
640,57.51,33.89,32.54,45.84,1008.33
641,57.60,33.87,32.50,45.83,1008.33
642,57.69,33.87,32.50,45.87,1008.35
643,57.78,33.84,32.50,45.86,1008.35
644,57.87,33.84,32.49,45.86,1008.36
645,57.96,33.83,32.49,45.87,1008.36
646,58.05,33.84,32.48,45.88,1008.36
647,58.14,33.83,32.47,45.88,1008.34
648,58.23,33.82,32.46,45.87,1008.33
649,58.32,33.80,32.44,45.86,1008.34
650,58.41,33.77,32.44,45.89,1008.34
651,58.50,33.75,32.44,45.92,1008.36
652,58.59,33.73,32.45,45.90,1008.37
653,58.68,33.73,32.42,45.90,1008.36
654,58.77,33.71,32.42,45.89,1008.37
655,58.86,33.70,32.43,45.88,1008.40
656,58.95,33.70,32.44,45.88,1008.39
657,59.04,33.69,32.44,45.89,1008.39
658,59.13,33.68,32.44,45.87,1008.38
659,59.22,33.67,32.44,45.86,1008.39
660,59.31,33.65,32.42,45.86,1008.39
661,59.40,33.63,32.42,45.87,1008.38
662,59.49,33.62,32.41,45.87,1008.38
663,59.58,33.60,32.41,45.83,1008.38
664,59.67,33.58,32.39,45.81,1008.38
665,59.76,33.56,32.38,45.79,1008.40
666,59.85,33.57,32.38,45.79,1008.40
667,59.94,33.55,32.39,45.78,1008.39
668,60.03,33.53,32.37,45.77,1008.39
669,60.12,33.51,32.36,45.81,1008.39
670,60.21,33.50,32.34,45.87,1008.38
671,60.30,33.49,32.32,45.86,1008.37
672,60.39,33.47,32.29,45.86,1008.38
673,60.48,33.45,32.29,45.85,1008.37
674,60.57,33.44,32.26,45.85,1008.37
675,60.66,33.45,32.25,45.85,1008.36
676,60.75,33.44,32.24,45.85,1008.35
677,60.84,33.43,32.22,45.85,1008.34
678,60.93,33.41,32.21,45.84,1008.33
679,61.02,33.41,32.23,45.83,1008.32
680,61.11,33.37,32.22,45.85,1008.32
681,61.20,33.37,32.22,45.86,1008.33
682,61.29,33.34,32.19,45.89,1008.33
683,61.38,33.34,32.19,45.91,1008.31
684,61.47,33.33,32.20,45.93,1008.33
685,61.56,33.34,32.20,45.95,1008.31
686,61.65,33.35,32.20,45.97,1008.30
687,61.74,33.34,32.18,45.98,1008.29
688,61.83,33.34,32.17,45.98,1008.28
689,61.92,33.31,32.15,46.00,1008.26
690,62.01,33.31,32.14,45.97,1008.25
691,62.10,33.31,32.13,45.98,1008.25
692,62.19,33.31,32.12,45.98,1008.26
693,62.28,33.31,32.10,45.99,1008.25
694,62.37,33.32,32.12,45.98,1008.25
695,62.46,33.30,32.10,45.99,1008.25
696,62.55,33.27,32.10,46.01,1008.25
697,62.64,33.27,32.09,46.03,1008.26
698,62.73,33.27,32.08,46.01,1008.26
699,62.82,33.25,32.08,46.02,1008.27
700,62.91,33.25,32.09,46.01,1008.28
701,63.00,33.24,32.09,46.02,1008.28
702,63.09,33.23,32.07,46.01,1008.28
703,63.18,33.22,32.06,46.02,1008.28
704,63.27,33.21,32.05,46.03,1008.29
705,63.36,33.21,32.07,46.04,1008.30
706,63.45,33.21,32.05,46.04,1008.30
707,63.54,33.23,32.03,46.06,1008.31
708,63.63,33.21,32.00,46.04,1008.31
709,63.72,33.19,32.01,46.03,1008.44
710,63.81,33.17,32.00,46.00,1008.32
711,63.90,33.16,31.97,46.00,1008.34
712,63.99,33.14,31.97,46.05,1008.34
713,64.08,33.12,31.98,46.06,1008.34
714,64.17,33.11,31.97,46.08,1008.35
715,64.26,33.11,31.95,46.07,1008.35
716,64.35,33.10,31.93,46.08,1008.35
717,64.44,33.09,31.94,46.06,1008.35
718,64.53,33.07,31.92,46.02,1008.35
719,64.62,33.08,31.92,46.05,1008.37
720,64.71,33.09,31.91,46.05,1008.37
721,64.80,33.08,31.91,46.04,1008.37
722,64.89,33.06,31.90,46.06,1008.38
723,64.98,33.06,31.89,46.04,1008.39
724,65.07,33.04,31.86,46.05,1008.39
725,65.16,33.04,31.87,46.06,1008.40
726,65.25,33.04,31.85,46.07,1008.38
727,65.34,33.03,31.85,46.04,1008.38
728,65.43,33.02,31.83,46.06,1008.39
729,65.52,33.01,31.82,46.06,1008.39
730,65.61,32.99,31.81,46.04,1008.38
731,65.70,32.99,31.78,46.05,1008.38
732,65.79,32.98,31.77,46.07,1008.38
733,65.88,32.97,31.77,46.05,1008.37
734,65.97,32.95,31.76,46.09,1008.36
735,66.06,32.95,31.74,46.09,1008.35
736,66.15,32.94,31.72,46.05,1008.36
737,66.24,32.92,31.69,46.06,1008.36
738,66.33,32.91,31.71,46.07,1008.35
739,66.42,32.91,31.70,46.08,1008.35
740,66.51,32.90,31.65,46.07,1008.37
741,66.60,32.90,31.66,46.08,1008.36
742,66.69,32.91,31.66,46.08,1008.35
743,66.78,32.89,31.65,46.06,1008.35
744,66.87,32.88,31.64,46.10,1008.34
745,66.96,32.87,31.65,46.10,1008.34
746,67.05,32.87,31.64,46.09,1008.33
747,67.14,32.87,31.65,46.10,1008.32
748,67.23,32.87,31.64,46.10,1008.32
749,67.32,32.86,31.64,46.09,1008.32
750,67.41,32.86,31.63,46.11,1008.31
751,67.50,32.83,31.62,46.10,1008.30
752,67.59,32.81,31.60,46.13,1008.28
753,67.68,32.78,31.60,46.13,1008.29
754,67.77,32.77,31.60,46.10,1008.29
755,67.86,32.77,31.61,46.10,1008.27
756,67.95,32.77,31.60,46.12,1008.26
757,68.04,32.77,31.57,46.13,1008.25
758,68.13,32.76,31.56,46.10,1008.25
759,68.22,32.75,31.54,46.09,1008.26
760,68.31,32.73,31.53,46.08,1008.25
761,68.40,32.72,31.52,46.09,1008.25
762,68.49,32.71,31.53,46.11,1008.26
763,68.58,32.71,31.52,46.11,1008.25
764,68.67,32.70,31.51,46.11,1008.25
765,68.76,32.68,31.46,46.10,1008.25
766,68.85,32.67,31.47,46.07,1008.25
767,68.94,32.64,31.48,46.09,1008.25
768,69.03,32.62,31.48,46.10,1008.27
769,69.12,32.59,31.46,46.09,1008.27
770,69.21,32.59,31.45,46.10,1008.27
771,69.30,32.59,31.45,46.10,1008.27
772,69.39,32.57,31.43,46.08,1008.27
773,69.48,32.56,31.44,46.07,1008.27
774,69.57,32.56,31.43,46.07,1008.27
775,69.66,32.56,31.42,46.07,1008.27
776,69.75,32.55,31.41,46.07,1008.27
777,69.84,32.54,31.41,46.05,1008.28
778,69.93,32.54,31.40,46.04,1008.29
779,70.02,32.54,31.39,46.06,1008.32
780,70.11,32.53,31.38,46.11,1008.34
781,70.20,32.50,31.39,46.11,1008.35
782,70.29,32.50,31.37,46.12,1008.35
783,70.38,32.50,31.35,46.13,1008.35
784,70.47,32.49,31.35,46.14,1008.36
785,70.56,32.48,31.35,46.18,1008.36
786,70.65,32.48,31.36,46.21,1008.36
787,70.74,32.47,31.34,46.21,1008.38
788,70.83,32.45,31.34,46.19,1008.38
789,70.92,32.43,31.35,46.23,1008.38
790,71.01,32.41,31.33,46.20,1008.39
791,71.10,32.39,31.31,46.21,1008.41
792,71.19,32.38,31.31,46.21,1008.40
793,71.28,32.40,31.33,46.20,1008.40
794,71.37,32.39,31.35,46.20,1008.40
795,71.46,32.40,31.34,46.21,1008.40
796,71.55,32.40,31.32,46.19,1008.41
797,71.64,32.39,31.34,46.21,1008.41
798,71.73,32.38,31.31,46.22,1008.40
799,71.82,32.39,31.31,46.22,1008.41
800,71.91,32.40,31.30,46.22,1008.41
801,72.00,32.39,31.27,46.21,1008.41
802,72.09,32.39,31.25,46.18,1008.40
803,72.18,32.37,31.26,46.16,1008.41
804,72.27,32.35,31.27,46.17,1008.40
805,72.36,32.34,31.28,46.15,1008.39
806,72.45,32.31,31.28,46.13,1008.38
807,72.54,32.30,31.27,46.13,1008.36
808,72.63,32.30,31.27,46.14,1008.36
809,72.72,32.26,31.26,46.13,1008.36
810,72.81,32.27,31.24,46.15,1008.36
811,72.90,32.27,31.23,46.14,1008.35
812,72.99,32.26,31.21,46.14,1008.33
813,73.08,32.26,31.19,46.13,1008.34
814,73.17,32.26,31.18,46.12,1008.33
815,73.26,32.26,31.16,46.17,1008.33
816,73.35,32.24,31.16,46.19,1008.35
817,73.44,32.25,31.15,46.20,1008.34
818,73.53,32.23,31.14,46.23,1008.32
819,73.62,32.22,31.16,46.22,1008.32
820,73.71,32.20,31.14,46.20,1008.30
821,73.80,32.20,31.10,46.22,1008.31
822,73.89,32.18,31.09,46.22,1008.31
823,73.98,32.18,31.09,46.21,1008.31
824,74.07,32.18,31.10,46.22,1008.31
825,74.16,32.17,31.08,46.25,1008.31
826,74.25,32.18,31.08,46.26,1008.31
827,74.34,32.18,31.07,46.29,1008.31
828,74.43,32.15,31.06,46.31,1008.29
829,74.52,32.14,31.06,46.31,1008.29
830,74.61,32.13,31.05,46.29,1008.29
831,74.70,32.12,31.04,46.30,1008.29
832,74.79,32.12,31.03,46.30,1008.29
833,74.88,32.11,31.02,46.28,1008.29
834,74.97,32.10,31.01,46.26,1008.30
835,75.06,32.08,31.01,46.26,1008.32
836,75.15,32.07,31.00,46.26,1008.32
837,75.24,32.05,31.00,46.28,1008.31
838,75.33,32.06,30.98,46.26,1008.32
839,75.42,32.04,30.95,46.28,1008.34
840,75.51,32.02,30.95,46.26,1008.35
841,75.60,32.02,30.93,46.26,1008.35
842,75.69,32.04,30.90,46.27,1008.35
843,75.78,32.03,30.89,46.28,1008.35
844,75.87,32.03,30.92,46.25,1008.36
845,75.96,32.02,30.91,46.24,1008.38
846,76.05,32.02,30.90,46.24,1008.39
847,76.14,32.04,30.90,46.28,1008.37
848,76.23,32.02,30.90,46.26,1008.38
849,76.32,32.03,30.91,46.28,1008.39
850,76.41,32.02,30.90,46.29,1008.38
851,76.50,32.02,30.89,46.30,1008.38
852,76.59,32.03,30.89,46.32,1008.39
853,76.68,32.03,30.87,46.29,1008.38
854,76.77,32.02,30.87,46.33,1008.38
855,76.86,32.00,30.86,46.29,1008.37
856,76.95,31.99,30.85,46.28,1008.39
857,77.04,31.98,30.85,46.27,1008.38
858,77.13,31.97,30.83,46.26,1008.39
859,77.22,31.96,30.85,46.25,1008.39
860,77.31,31.95,30.85,46.25,1008.39
861,77.40,31.94,30.83,46.27,1008.39
862,77.49,31.94,30.82,46.27,1008.38
863,77.58,31.94,30.81,46.30,1008.39
864,77.67,31.92,30.80,46.31,1008.39
865,77.76,31.91,30.80,46.34,1008.40
866,77.85,31.89,30.82,46.34,1008.40
867,77.94,31.89,30.80,46.33,1008.42
868,78.03,31.89,30.79,46.30,1008.42
869,78.12,31.90,30.77,46.30,1008.41
870,78.21,31.89,30.76,46.32,1008.41
871,78.30,31.87,30.76,46.36,1008.39
872,78.39,31.86,30.72,46.38,1008.41
873,78.48,31.83,30.73,46.37,1008.40
874,78.57,31.84,30.73,46.37,1008.40
875,78.66,31.83,30.73,46.34,1008.40
876,78.75,31.81,30.72,46.32,1008.41
877,78.84,31.80,30.71,46.31,1008.40
878,78.93,31.79,30.71,46.33,1008.38
879,79.02,31.79,30.71,46.31,1008.38
880,79.11,31.77,30.73,46.33,1008.37
881,79.20,31.76,30.72,46.33,1008.38
882,79.29,31.76,30.70,46.34,1008.39
883,79.38,31.75,30.69,46.31,1008.40
884,79.47,31.73,30.69,46.32,1008.38
885,79.56,31.74,30.68,46.36,1008.37
886,79.65,31.73,30.67,46.38,1008.38
887,79.74,31.70,30.66,46.38,1008.37
888,79.83,31.69,30.66,46.36,1008.37
889,79.92,31.68,30.66,46.35,1008.37
890,80.01,31.69,30.64,46.34,1008.35
891,80.10,31.69,30.66,46.33,1008.35
892,80.19,31.68,30.64,46.33,1008.34
893,80.28,31.67,30.63,46.33,1008.35
894,80.37,31.67,30.63,46.31,1008.36
895,80.46,31.67,30.64,46.30,1008.35
896,80.55,31.67,30.63,46.30,1008.34
897,80.64,31.68,30.62,46.30,1008.33
898,80.73,31.68,30.63,46.32,1008.34
899,80.82,31.66,30.62,46.31,1008.33
900,80.91,31.66,30.61,46.35,1008.32
901,81.00,31.64,30.59,46.35,1008.32
902,81.09,31.63,30.60,46.33,1008.33
903,81.18,31.63,30.61,46.34,1008.32
904,81.27,31.61,30.60,46.32,1008.30
905,81.36,31.59,30.60,46.31,1008.31
906,81.45,31.59,30.58,46.32,1008.30
907,81.54,31.58,30.58,46.30,1008.31
908,81.63,31.56,30.58,46.26,1008.31
909,81.72,31.54,30.58,46.26,1008.33
910,81.81,31.54,30.57,46.27,1008.34
911,81.90,31.53,30.57,46.25,1008.35
912,81.99,31.51,30.56,46.26,1008.36
913,82.08,31.51,30.54,46.29,1008.35
914,82.17,31.50,30.52,46.30,1008.35
915,82.26,31.50,30.52,46.34,1008.35
916,82.35,31.48,30.50,46.32,1008.36
917,82.44,31.47,30.50,46.31,1008.37
918,82.53,31.44,30.48,46.33,1008.36
919,82.62,31.44,30.48,46.31,1008.36
920,82.71,31.44,30.47,46.29,1008.36
921,82.80,31.44,30.47,46.26,1008.37
922,82.89,31.43,30.47,46.27,1008.38
923,82.98,31.42,30.47,46.27,1008.38
924,83.07,31.41,30.46,46.26,1008.39
925,83.16,31.41,30.46,46.29,1008.39
926,83.25,31.41,30.42,46.27,1008.39
927,83.34,31.41,30.43,46.24,1008.39
928,83.43,31.38,30.42,46.25,1008.40
929,83.52,31.38,30.41,46.25,1008.39
930,83.61,31.38,30.41,46.28,1008.40
931,83.70,31.38,30.40,46.29,1008.40
932,83.79,31.38,30.41,46.28,1008.40
933,83.88,31.38,30.41,46.28,1008.40
934,83.97,31.38,30.41,46.29,1008.40
935,84.06,31.38,30.42,46.28,1008.41
936,84.15,31.37,30.40,46.30,1008.41
937,84.24,31.35,30.38,46.36,1008.41
938,84.33,31.35,30.35,46.35,1008.41
939,84.42,31.34,30.33,46.34,1008.42
940,84.51,31.33,30.33,46.33,1008.43
941,84.60,31.33,30.33,46.38,1008.43
942,84.69,31.31,30.32,46.37,1008.42
943,84.78,31.32,30.32,46.40,1008.42
944,84.87,31.33,30.31,46.42,1008.42
945,84.96,31.34,30.31,46.41,1008.41
946,85.05,31.33,30.29,46.41,1008.40
947,85.14,31.32,30.30,46.41,1008.40
948,85.23,31.32,30.29,46.39,1008.40
949,85.32,31.31,30.28,46.38,1008.40
950,85.41,31.31,30.27,46.38,1008.39
951,85.50,31.30,30.27,46.37,1008.38
952,85.59,31.29,30.23,46.34,1008.38
953,85.68,31.28,30.24,46.34,1008.37
954,85.77,31.28,30.27,46.32,1008.38
955,85.86,31.28,30.26,46.30,1008.36
956,85.95,31.28,30.25,46.29,1008.36
957,86.04,31.29,30.23,46.34,1008.33
958,86.13,31.27,30.25,46.35,1008.32
959,86.22,31.27,30.26,46.32,1008.32
960,86.31,31.27,30.25,46.32,1008.32
961,86.40,31.26,30.25,46.31,1008.32
962,86.49,31.26,30.24,46.32,1008.32
963,86.58,31.26,30.23,46.29,1008.31
964,86.67,31.24,30.23,46.30,1008.32
965,86.76,31.23,30.20,46.29,1008.31
966,86.85,31.23,30.19,46.31,1008.33
967,86.94,31.22,30.19,46.31,1008.32
968,87.03,31.23,30.15,46.32,1008.32
969,87.12,31.23,30.15,46.31,1008.32
970,87.21,31.21,30.15,46.31,1008.32
971,87.30,31.19,30.15,46.33,1008.32
972,87.39,31.18,30.14,46.35,1008.32
973,87.48,31.18,30.13,46.36,1008.31
974,87.57,31.19,30.13,46.37,1008.32
975,87.66,31.19,30.14,46.36,1008.32
976,87.75,31.19,30.15,46.34,1008.32
977,87.84,31.19,30.13,46.34,1008.34
978,87.93,31.18,30.13,46.32,1008.34
979,88.02,31.17,30.13,46.35,1008.35
980,88.11,31.17,30.13,46.32,1008.36
981,88.20,31.16,30.13,46.33,1008.36
982,88.29,31.16,30.10,46.32,1008.37
983,88.38,31.14,30.10,46.33,1008.37
984,88.47,31.13,30.10,46.38,1008.37
985,88.56,31.12,30.11,46.39,1008.38
986,88.65,31.10,30.10,46.37,1008.37
987,88.74,31.10,30.11,46.35,1008.36
988,88.83,31.10,30.13,46.36,1008.37
989,88.92,31.10,30.12,46.35,1008.37
990,89.01,31.09,30.12,46.37,1008.38
991,89.10,31.10,30.11,46.37,1008.39
992,89.19,31.09,30.11,46.39,1008.40
993,89.28,31.10,30.11,46.39,1008.41
994,89.37,31.11,30.09,46.40,1008.40
995,89.46,31.08,30.06,46.41,1008.40
996,89.55,31.07,30.06,46.40,1008.41
997,89.64,31.06,30.07,46.37,1008.41
998,89.73,31.06,30.05,46.40,1008.42
999,89.82,31.04,30.02,46.38,1008.41
1000,89.91,31.04,30.03,46.40,1008.42
1001,90.00,31.03,30.03,46.41,1008.43
1002,90.09,31.02,30.02,46.41,1008.44
1003,90.18,31.02,30.03,46.38,1008.44
1004,90.27,31.00,30.03,46.37,1008.43
1005,90.36,31.01,30.05,46.37,1008.42
1006,90.45,31.02,30.04,46.37,1008.43
1007,90.54,31.00,30.03,46.37,1008.43
1008,90.63,31.00,30.02,46.38,1008.41
1009,90.72,30.98,30.02,46.37,1008.41
1010,90.81,30.98,30.01,46.38,1008.41
1011,90.90,30.96,30.00,46.38,1008.40
1012,90.99,30.94,30.00,46.38,1008.40
1013,91.08,30.93,30.00,46.36,1008.39
1014,91.17,30.92,29.99,46.38,1008.40
1015,91.26,30.92,29.99,46.37,1008.39
1016,91.35,30.91,29.98,46.36,1008.38
1017,91.44,30.89,29.98,46.33,1008.37
1018,91.53,30.88,29.97,46.36,1008.36
1019,91.62,30.87,29.96,46.35,1008.36
1020,91.71,30.86,29.96,46.41,1008.35
1021,91.80,30.84,29.95,46.42,1008.34
1022,91.89,30.85,29.96,46.44,1008.34
1023,91.98,30.84,29.96,46.47,1008.33
1024,92.07,30.83,29.94,46.47,1008.33
1025,92.16,30.82,29.93,46.46,1008.32
1026,92.25,30.79,29.91,46.44,1008.31
1027,92.34,30.78,29.91,46.43,1008.31
1028,92.43,30.77,29.91,46.40,1008.30
1029,92.52,30.75,29.90,46.40,1008.29
1030,92.61,30.74,29.90,46.35,1008.29
1031,92.70,30.75,29.90,46.36,1008.29
1032,92.79,30.75,29.91,46.36,1008.28
1033,92.88,30.73,29.91,46.36,1008.27
1034,92.97,30.71,29.90,46.34,1008.28
1035,93.06,30.72,29.91,46.35,1008.29
1036,93.15,30.70,29.90,46.36,1008.28
1037,93.24,30.70,29.90,46.37,1008.28
1038,93.33,30.69,29.89,46.38,1008.28
1039,93.42,30.69,29.88,46.36,1008.28
1040,93.51,30.68,29.89,46.41,1008.30
1041,93.60,30.67,29.90,46.43,1008.30
1042,93.69,30.68,29.87,46.43,1008.28
1043,93.78,30.69,29.87,46.43,1008.28
1044,93.87,30.67,29.86,46.43,1008.29
1045,93.96,30.66,29.86,46.41,1008.28
1046,94.05,30.64,29.84,46.36,1008.29
1047,94.14,30.63,29.84,46.36,1008.30
1048,94.23,30.62,29.81,46.34,1008.31
1049,94.32,30.62,29.80,46.35,1008.30
1050,94.41,30.62,29.79,46.37,1008.31
1051,94.50,30.61,29.81,46.37,1008.33
1052,94.59,30.61,29.79,46.36,1008.33
1053,94.68,30.60,29.78,46.37,1008.32
1054,94.77,30.62,29.76,46.38,1008.32
1055,94.86,30.62,29.76,46.37,1008.33
1056,94.95,30.63,29.75,46.37,1008.33
1057,95.04,30.64,29.75,46.40,1008.34
1058,95.13,30.63,29.75,46.38,1008.35
1059,95.22,30.63,29.74,46.42,1008.36
1060,95.31,30.62,29.74,46.42,1008.35
1061,95.40,30.62,29.71,46.40,1008.37
1062,95.49,30.62,29.71,46.40,1008.36
1063,95.58,30.61,29.71,46.39,1008.36
1064,95.67,30.60,29.71,46.37,1008.37
1065,95.76,30.59,29.69,46.37,1008.37
1066,95.85,30.60,29.71,46.36,1008.37
1067,95.94,30.59,29.73,46.35,1008.37
1068,96.03,30.59,29.71,46.35,1008.36
1069,96.12,30.58,29.72,46.34,1008.36
1070,96.21,30.58,29.70,46.32,1008.36
1071,96.30,30.56,29.70,46.32,1008.36
1072,96.39,30.56,29.69,46.34,1008.37
1073,96.48,30.56,29.70,46.33,1008.38
1074,96.57,30.58,29.70,46.34,1008.38
1075,96.66,30.56,29.68,46.32,1008.37
1076,96.75,30.56,29.65,46.36,1008.37
1077,96.84,30.57,29.65,46.38,1008.36
1078,96.93,30.57,29.65,46.36,1008.35
1079,97.02,30.57,29.66,46.37,1008.36
1080,97.11,30.56,29.67,46.35,1008.35
1081,97.20,30.54,29.66,46.37,1008.33
1082,97.29,30.53,29.68,46.35,1008.32
1083,97.38,30.51,29.67,46.37,1008.32
1084,97.47,30.50,29.65,46.37,1008.32
1085,97.56,30.51,29.64,46.40,1008.32
1086,97.65,30.50,29.64,46.42,1008.32
1087,97.74,30.51,29.65,46.38,1008.32
1088,97.83,30.50,29.63,46.37,1008.32
1089,97.92,30.50,29.63,46.41,1008.32
1090,98.01,30.52,29.63,46.41,1008.31
1091,98.10,30.53,29.63,46.46,1008.29
1092,98.19,30.53,29.64,46.49,1008.28
1093,98.28,30.53,29.65,46.51,1008.27
1094,98.37,30.52,29.63,46.50,1008.28
1095,98.46,30.51,29.64,46.46,1008.28
1096,98.55,30.49,29.63,46.45,1008.29
1097,98.64,30.47,29.61,46.39,1008.29
1098,98.73,30.48,29.62,46.38,1008.28
1099,98.82,30.47,29.60,46.37,1008.28
1100,98.91,30.46,29.58,46.36,1008.27
1101,99.00,30.46,29.56,46.34,1008.28
1102,99.09,30.46,29.56,46.29,1008.28
1103,99.18,30.44,29.55,46.28,1008.29
1104,99.27,30.44,29.55,46.27,1008.29
1105,99.36,30.43,29.57,46.27,1008.29
1106,99.45,30.42,29.57,46.28,1008.28
1107,99.54,30.42,29.56,46.25,1008.29
1108,99.63,30.41,29.57,46.25,1008.29
1109,99.72,30.39,29.59,46.24,1008.29
1110,99.81,30.40,29.58,46.23,1008.30
1111,99.90,30.41,29.57,46.25,1008.32
1112,99.99,30.40,29.56,46.23,1008.31
1113,100.08,30.42,29.55,46.21,1008.32
1114,100.17,30.42,29.54,46.21,1008.33
1115,100.26,30.43,29.55,46.22,1008.34
1116,100.35,30.41,29.53,46.23,1008.34
1117,100.44,30.40,29.53,46.24,1008.34
1118,100.53,30.38,29.51,46.22,1008.34
1119,100.62,30.37,29.50,46.23,1008.35
1120,100.71,30.36,29.52,46.26,1008.36
1121,100.80,30.35,29.51,46.26,1008.35
1122,100.89,30.36,29.52,46.26,1008.35
1123,100.98,30.36,29.52,46.25,1008.34
1124,101.07,30.34,29.52,46.24,1008.37
1125,101.16,30.33,29.51,46.29,1008.38
1126,101.25,30.33,29.53,46.31,1008.38
1127,101.34,30.33,29.51,46.33,1008.38
1128,101.43,30.34,29.51,46.32,1008.37
1129,101.52,30.33,29.50,46.35,1008.37
1130,101.61,30.31,29.49,46.37,1008.38
1131,101.70,30.30,29.48,46.42,1008.38
1132,101.79,30.30,29.49,46.45,1008.38
1133,101.88,30.29,29.50,46.44,1008.40
1134,101.97,30.29,29.50,46.43,1008.39
1135,102.06,30.28,29.51,46.45,1008.40
1136,102.15,30.26,29.49,46.45,1008.39
1137,102.24,30.25,29.51,46.41,1008.37
1138,102.33,30.25,29.52,46.43,1008.37
1139,102.42,30.24,29.50,46.39,1008.37
1140,102.51,30.24,29.52,46.38,1008.37
1141,102.60,30.24,29.52,46.39,1008.39
1142,102.69,30.23,29.51,46.40,1008.39
1143,102.78,30.22,29.51,46.39,1008.39
1144,102.87,30.20,29.49,46.37,1008.38
1145,102.96,30.21,29.48,46.37,1008.38
1146,103.05,30.21,29.45,46.36,1008.36
1147,103.14,30.20,29.46,46.38,1008.35
1148,103.23,30.19,29.47,46.37,1008.35
1149,103.32,30.18,29.46,46.36,1008.35
1150,103.41,30.17,29.46,46.34,1008.35
1151,103.50,30.17,29.46,46.32,1008.34
1152,103.59,30.16,29.46,46.32,1008.33
1153,103.68,30.15,29.44,46.31,1008.32
1154,103.77,30.17,29.45,46.30,1008.33
1155,103.86,30.16,29.45,46.32,1008.33
1156,103.95,30.16,29.46,46.33,1008.33
1157,104.04,30.14,29.46,46.33,1008.32
1158,104.13,30.14,29.46,46.32,1008.31
1159,104.22,30.13,29.46,46.34,1008.29
1160,104.31,30.12,29.49,46.34,1008.29
1161,104.40,30.12,29.50,46.36,1008.28
1162,104.49,30.12,29.49,46.33,1008.28
1163,104.58,30.11,29.48,46.31,1008.28
1164,104.67,30.11,29.48,46.31,1008.27
1165,104.76,30.10,29.51,46.35,1008.26
1166,104.85,30.10,29.50,46.38,1008.26
1167,104.94,30.09,29.50,46.38,1008.26
1168,105.03,30.09,29.49,46.36,1008.26
1169,105.12,30.08,29.49,46.33,1008.27
1170,105.21,30.07,29.50,46.33,1008.27
1171,105.30,30.05,29.51,46.35,1008.29
1172,105.39,30.06,29.49,46.38,1008.29
1173,105.48,30.05,29.47,46.40,1008.30
1174,105.57,30.08,29.47,46.42,1008.31
1175,105.66,30.07,29.47,46.40,1008.30
1176,105.75,30.05,29.47,46.41,1008.31
1177,105.84,30.05,29.47,46.39,1008.31
1178,105.93,30.05,29.46,46.42,1008.31
1179,106.02,30.04,29.44,46.39,1008.31
1180,106.11,30.03,29.42,46.40,1008.31
1181,106.20,30.01,29.41,46.43,1008.32
1182,106.29,30.01,29.36,46.46,1008.31
1183,106.38,30.02,29.35,46.47,1008.31
1184,106.47,30.02,29.35,46.48,1008.30
1185,106.56,30.03,29.32,46.48,1008.31
1186,106.65,30.02,29.30,46.49,1008.32
1187,106.74,30.02,29.27,46.47,1008.32
1188,106.83,30.03,29.26,46.50,1008.32
1189,106.92,30.01,29.24,46.49,1008.33
1190,107.01,30.01,29.23,46.46,1008.33
1191,107.10,30.01,29.22,46.48,1008.33
1192,107.19,30.01,29.19,46.47,1008.33
1193,107.28,30.00,29.19,46.46,1008.34
1194,107.37,30.00,29.17,46.47,1008.36
1195,107.46,30.00,29.17,46.46,1008.36
1196,107.55,30.01,29.16,46.43,1008.36
1197,107.64,30.01,29.14,46.43,1008.37
1198,107.73,30.02,29.13,46.43,1008.37
1199,107.82,30.02,29.13,46.42,1008.37
1200,107.91,30.02,29.12,46.42,1008.37
1201,108.00,30.02,29.11,46.41,1008.37
1202,108.09,30.01,29.11,46.37,1008.37
1203,108.18,30.00,29.10,46.39,1008.38
1204,108.27,30.00,29.13,46.38,1008.38
1205,108.36,30.01,29.12,46.38,1008.36
1206,108.45,30.01,29.12,46.38,1008.37
1207,108.54,30.00,29.11,46.37,1008.37
1208,108.63,30.01,29.10,46.34,1008.38
1209,108.72,30.01,29.11,46.32,1008.37
1210,108.81,29.99,29.12,46.32,1008.37
1211,108.90,29.99,29.12,46.33,1008.38
1212,108.99,29.99,29.10,46.35,1008.37
1213,109.08,29.98,29.08,46.40,1008.37
1214,109.17,29.98,29.08,46.38,1008.35
1215,109.26,29.98,29.07,46.38,1008.34
1216,109.35,29.98,29.08,46.40,1008.33
1217,109.44,29.98,29.09,46.40,1008.34
1218,109.53,29.99,29.10,46.41,1008.33
1219,109.62,29.99,29.10,46.42,1008.33
1220,109.71,29.99,29.09,46.42,1008.32
1221,109.80,29.98,29.07,46.41,1008.33
1222,109.89,29.99,29.06,46.39,1008.32
1223,109.98,29.99,29.08,46.42,1008.32
1224,110.07,29.99,29.07,46.41,1008.31
1225,110.16,29.99,29.05,46.39,1008.30
1226,110.25,29.97,29.04,46.42,1008.27
1227,110.34,29.96,29.07,46.44,1008.27
1228,110.43,29.96,29.08,46.43,1008.28
1229,110.52,29.95,29.06,46.41,1008.28
1230,110.61,29.94,29.07,46.40,1008.27
1231,110.70,29.94,29.06,46.42,1008.29
1232,110.79,29.95,29.05,46.44,1008.27
1233,110.88,29.94,29.05,46.39,1008.28
1234,110.97,29.94,29.03,46.40,1008.29
1235,111.06,29.93,29.02,46.38,1008.28
1236,111.15,29.92,29.05,46.39,1008.30
1237,111.24,29.91,29.05,46.38,1008.29
1238,111.33,29.90,29.05,46.40,1008.28
1239,111.42,29.90,29.04,46.43,1008.28
1240,111.51,29.89,29.05,46.46,1008.28
1241,111.60,29.88,29.02,46.44,1008.29
1242,111.69,29.87,29.02,46.43,1008.27
1243,111.78,29.85,29.01,46.45,1008.29
1244,111.87,29.86,29.04,46.45,1008.30
1245,111.96,29.85,29.04,46.44,1008.30
1246,112.05,29.85,29.05,46.44,1008.30
1247,112.14,29.83,29.01,46.43,1008.31
1248,112.23,29.81,29.00,46.43,1008.32
1249,112.32,29.80,29.02,46.41,1008.31
1250,112.41,29.79,29.03,46.39,1008.31
1251,112.50,29.79,29.01,46.38,1008.31
1252,112.59,29.79,29.00,46.36,1008.33
1253,112.68,29.78,28.99,46.34,1008.35
1254,112.77,29.77,28.98,46.34,1008.33
1255,112.86,29.75,29.00,46.32,1008.34
1256,112.95,29.74,29.01,46.34,1008.35
1257,113.04,29.73,29.01,46.36,1008.36
1258,113.13,29.72,29.01,46.32,1008.35
1259,113.22,29.72,29.01,46.35,1008.36
1260,113.31,29.72,28.99,46.38,1008.36
1261,113.40,29.72,28.99,46.39,1008.37
1262,113.49,29.72,29.00,46.37,1008.37
1263,113.58,29.69,28.99,46.36,1008.36
1264,113.67,29.69,28.97,46.35,1008.37
1265,113.76,29.68,28.97,46.37,1008.37
1266,113.85,29.68,28.98,46.38,1008.38
1267,113.94,29.66,28.97,46.38,1008.39
1268,114.03,29.66,28.97,46.37,1008.40
1269,114.12,29.65,28.96,46.39,1008.40
1270,114.21,29.65,28.95,46.39,1008.40
1271,114.30,29.64,28.94,46.36,1008.40
1272,114.39,29.65,28.94,46.40,1008.40
1273,114.48,29.65,28.92,46.37,1008.40
1274,114.57,29.63,28.91,46.32,1008.40
1275,114.66,29.62,28.91,46.31,1008.42
1276,114.75,29.62,28.92,46.29,1008.43
1277,114.84,29.61,28.89,46.29,1008.42
1278,114.93,29.61,28.89,46.31,1008.42
1279,115.02,29.61,28.88,46.32,1008.41
1280,115.11,29.61,28.90,46.34,1008.42
1281,115.20,29.60,28.87,46.37,1008.41
1282,115.29,29.61,28.85,46.38,1008.41
1283,115.38,29.59,28.85,46.37,1008.39
1284,115.47,29.59,28.83,46.36,1008.37
1285,115.56,29.59,28.83,46.39,1008.36
1286,115.65,29.58,28.83,46.37,1008.36
1287,115.74,29.59,28.84,46.42,1008.36
1288,115.83,29.59,28.84,46.37,1008.35
1289,115.92,29.58,28.83,46.34,1008.34
1290,116.01,29.57,28.83,46.31,1008.34
1291,116.10,29.57,28.82,46.30,1008.33
1292,116.19,29.56,28.81,46.31,1008.33
1293,116.28,29.55,28.81,46.31,1008.35
1294,116.37,29.55,28.82,46.33,1008.33
1295,116.46,29.54,28.80,46.32,1008.33
1296,116.55,29.53,28.81,46.34,1008.32
1297,116.64,29.52,28.82,46.36,1008.34
1298,116.73,29.53,28.83,46.34,1008.33
1299,116.82,29.51,28.81,46.38,1008.33
1300,116.91,29.51,28.81,46.38,1008.33
1301,117.00,29.50,28.79,46.36,1008.34
1302,117.09,29.50,28.78,46.37,1008.34
1303,117.18,29.50,28.76,46.39,1008.33
1304,117.27,29.50,28.75,46.42,1008.32
1305,117.36,29.50,28.73,46.41,1008.31
1306,117.45,29.50,28.71,46.43,1008.32
1307,117.54,29.49,28.69,46.42,1008.33
1308,117.63,29.48,28.69,46.45,1008.34
1309,117.72,29.49,28.71,46.42,1008.35
1310,117.81,29.50,28.70,46.41,1008.34
1311,117.90,29.49,28.71,46.42,1008.35
1312,117.99,29.49,28.71,46.43,1008.34
1313,118.08,29.48,28.72,46.46,1008.34
1314,118.17,29.45,28.73,46.42,1008.34
1315,118.26,29.46,28.75,46.43,1008.35
1316,118.35,29.46,28.75,46.42,1008.35
1317,118.44,29.47,28.76,46.41,1008.37
1318,118.53,29.47,28.76,46.43,1008.35
1319,118.62,29.48,28.77,46.41,1008.34
1320,118.71,29.48,28.79,46.37,1008.35
1321,118.80,29.45,28.80,46.36,1008.36
1322,118.89,29.46,28.79,46.36,1008.37
1323,118.98,29.46,28.79,46.38,1008.38
1324,119.07,29.45,28.79,46.40,1008.39
1325,119.16,29.45,28.79,46.35,1008.39
1326,119.25,29.45,28.79,46.34,1008.40
1327,119.34,29.44,28.79,46.32,1008.40
1328,119.43,29.44,28.80,46.34,1008.40
1329,119.52,29.45,28.78,46.34,1008.39
1330,119.61,29.45,28.77,46.30,1008.40
1331,119.70,29.44,28.77,46.29,1008.40
1332,119.79,29.43,28.76,46.27,1008.40
1333,119.88,29.43,28.76,46.29,1008.39
1334,119.97,29.43,28.75,46.30,1008.39
1335,120.06,29.42,28.75,46.30,1008.38
1336,120.15,29.41,28.74,46.29,1008.38
1337,120.24,29.41,28.75,46.30,1008.39
1338,120.33,29.42,28.75,46.32,1008.40
1339,120.42,29.42,28.76,46.33,1008.41
1340,120.51,29.44,28.76,46.36,1008.41
1341,120.60,29.44,28.75,46.37,1008.41
1342,120.69,29.42,28.76,46.31,1008.40
1343,120.78,29.42,28.76,46.32,1008.39
1344,120.87,29.42,28.77,46.32,1008.39
1345,120.96,29.41,28.77,46.34,1008.40
1346,121.05,29.41,28.78,46.33,1008.38
1347,121.14,29.40,28.77,46.36,1008.38
1348,121.23,29.39,28.74,46.37,1008.37
1349,121.32,29.40,28.74,46.34,1008.37
1350,121.41,29.39,28.75,46.34,1008.38
1351,121.50,29.38,28.75,46.33,1008.37
1352,121.59,29.39,28.75,46.31,1008.36
1353,121.68,29.39,28.75,46.33,1008.36
1354,121.77,29.38,28.77,46.34,1008.36
1355,121.86,29.38,28.77,46.36,1008.36
1356,121.95,29.39,28.77,46.34,1008.37
1357,122.04,29.39,28.76,46.31,1008.36
1358,122.13,29.37,28.75,46.33,1008.35
1359,122.22,29.37,28.75,46.33,1008.34
1360,122.31,29.38,28.76,46.34,1008.34
1361,122.40,29.38,28.75,46.33,1008.34
1362,122.49,29.37,28.72,46.30,1008.32
1363,122.58,29.38,28.73,46.28,1008.32
1364,122.67,29.37,28.72,46.27,1008.31
1365,122.76,29.37,28.71,46.25,1008.30
1366,122.85,29.38,28.70,46.23,1008.31
1367,122.94,29.35,28.69,46.24,1008.31
1368,123.03,29.34,28.67,46.22,1008.30
1369,123.12,29.33,28.66,46.22,1008.31
1370,123.21,29.34,28.68,46.22,1008.31
1371,123.30,29.34,28.65,46.25,1008.31
1372,123.39,29.34,28.64,46.25,1008.32
1373,123.48,29.33,28.62,46.25,1008.32
1374,123.57,29.32,28.62,46.23,1008.31
1375,123.66,29.33,28.61,46.26,1008.31
1376,123.75,29.32,28.63,46.23,1008.31
1377,123.84,29.33,28.63,46.25,1008.31
1378,123.93,29.31,28.62,46.24,1008.32
1379,124.02,29.31,28.63,46.25,1008.32
1380,124.11,29.30,28.63,46.25,1008.33
1381,124.20,29.30,28.61,46.29,1008.33
1382,124.29,29.31,28.62,46.28,1008.33
1383,124.38,29.30,28.60,46.31,1008.34
1384,124.47,29.29,28.61,46.34,1008.34
1385,124.56,29.28,28.60,46.34,1008.35
1386,124.65,29.28,28.59,46.32,1008.36
1387,124.74,29.27,28.60,46.30,1008.35
1388,124.83,29.25,28.59,46.35,1008.36
1389,124.92,29.27,28.59,46.39,1008.37
1390,125.01,29.25,28.59,46.36,1008.38
1391,125.10,29.25,28.59,46.33,1008.39
1392,125.19,29.24,28.59,46.32,1008.40
1393,125.28,29.23,28.58,46.29,1008.39
1394,125.37,29.22,28.57,46.27,1008.38
1395,125.46,29.21,28.56,46.27,1008.38
1396,125.55,29.21,28.57,46.23,1008.38
1397,125.64,29.21,28.56,46.26,1008.39
1398,125.73,29.21,28.53,46.29,1008.39
1399,125.82,29.20,28.54,46.30,1008.38
1400,125.91,29.19,28.53,46.30,1008.39
1401,126.00,29.21,28.54,46.26,1008.39
1402,126.09,29.20,28.57,46.28,1008.38
1403,126.18,29.18,28.55,46.28,1008.38
1404,126.27,29.17,28.53,46.26,1008.37
1405,126.36,29.18,28.54,46.24,1008.37
1406,126.45,29.18,28.52,46.24,1008.38
1407,126.54,29.15,28.53,46.21,1008.38
1408,126.63,29.13,28.52,46.20,1008.37
1409,126.72,29.13,28.50,46.20,1008.37
1410,126.81,29.12,28.47,46.19,1008.37
1411,126.90,29.12,28.46,46.20,1008.37
1412,126.99,29.11,28.46,46.20,1008.36
1413,127.08,29.12,28.46,46.19,1008.37
1414,127.17,29.10,28.47,46.21,1008.37
1415,127.26,29.09,28.48,46.20,1008.36
1416,127.35,29.09,28.49,46.22,1008.36
1417,127.44,29.06,28.48,46.22,1008.37
1418,127.53,29.05,28.48,46.21,1008.36
1419,127.62,29.03,28.49,46.23,1008.36
1420,127.71,29.01,28.49,46.24,1008.35
1421,127.80,28.99,28.49,46.23,1008.35
1422,127.89,28.95,28.46,46.21,1008.35
1423,127.98,28.93,28.45,46.21,1008.34
1424,128.07,28.93,28.47,46.20,1008.33
1425,128.16,28.92,28.46,46.20,1008.32
1426,128.25,28.91,28.46,46.21,1008.31
1427,128.34,28.90,28.47,46.16,1008.29
1428,128.43,28.89,28.46,46.17,1008.29
1429,128.52,28.90,28.47,46.16,1008.30
1430,128.61,28.90,28.48,46.20,1008.30
1431,128.70,28.93,28.47,46.20,1008.31
1432,128.79,28.95,28.47,46.22,1008.30
1433,128.88,28.96,28.47,46.22,1008.29
1434,128.97,28.97,28.46,46.20,1008.27
1435,129.06,28.99,28.48,46.17,1008.26
1436,129.15,29.02,28.48,46.16,1008.26
1437,129.24,29.02,28.49,46.13,1008.27
1438,129.33,29.02,28.48,46.15,1008.27
1439,129.42,29.03,28.48,46.13,1008.26
1440,129.51,29.02,28.48,46.15,1008.26
1441,129.60,28.99,28.47,46.14,1008.28
1442,129.69,29.00,28.47,46.15,1008.28
1443,129.78,29.00,28.46,46.16,1008.28
1444,129.87,29.00,28.46,46.17,1008.29
1445,129.96,29.01,28.44,46.17,1008.30
1446,130.05,29.00,28.44,46.13,1008.31
1447,130.14,29.01,28.45,46.15,1008.30
1448,130.23,29.02,28.45,46.15,1008.30
1449,130.32,29.01,28.44,46.14,1008.31
1450,130.41,29.02,28.45,46.13,1008.30
1451,130.50,29.03,28.45,46.13,1008.31
1452,130.59,29.03,28.45,46.11,1008.31
1453,130.68,29.01,28.44,46.11,1008.30
1454,130.77,29.00,28.43,46.13,1008.32
1455,130.86,29.03,28.42,46.13,1008.31
1456,130.95,29.05,28.43,46.11,1008.32
1457,131.04,29.04,28.43,46.11,1008.32
1458,131.13,29.03,28.42,46.09,1008.32
1459,131.22,29.03,28.43,46.09,1008.32
1460,131.31,29.02,28.44,46.07,1008.33
1461,131.40,29.00,28.45,46.09,1008.34
1462,131.49,29.01,28.45,46.10,1008.35
1463,131.58,29.01,28.45,46.09,1008.36
1464,131.67,28.99,28.48,46.08,1008.35
1465,131.76,29.01,28.48,46.10,1008.36
1466,131.85,29.01,28.49,46.12,1008.36
1467,131.94,29.02,28.48,46.13,1008.37
1468,132.03,29.01,28.47,46.17,1008.37
1469,132.12,29.01,28.47,46.21,1008.37
1470,132.21,29.02,28.47,46.19,1008.37
1471,132.30,29.01,28.46,46.16,1008.37
1472,132.39,29.00,28.47,46.15,1008.37
1473,132.48,29.00,28.47,46.15,1008.35
1474,132.57,28.97,28.47,46.19,1008.36
1475,132.66,28.97,28.46,46.16,1008.38
1476,132.75,28.96,28.45,46.14,1008.38
1477,132.84,28.95,28.48,46.11,1008.38
1478,132.93,28.96,28.47,46.08,1008.39
1479,133.02,28.95,28.47,46.07,1008.38
1480,133.11,28.94,28.47,46.10,1008.38
1481,133.20,28.93,28.48,46.10,1008.38
1482,133.29,28.92,28.48,46.13,1008.37
1483,133.38,28.93,28.48,46.16,1008.36
1484,133.47,28.92,28.46,46.16,1008.34
1485,133.56,28.92,28.44,46.15,1008.35
1486,133.65,28.93,28.41,46.10,1008.35
1487,133.74,28.92,28.41,46.07,1008.34
1488,133.83,28.92,28.41,46.08,1008.34
1489,133.92,28.91,28.39,46.10,1008.35
1490,134.01,28.91,28.41,46.11,1008.34
1491,134.10,28.92,28.39,46.11,1008.34
1492,134.19,28.92,28.37,46.10,1008.33
1493,134.28,28.91,28.34,46.08,1008.32
1494,134.37,28.89,28.34,46.11,1008.31
1495,134.46,28.88,28.34,46.06,1008.31
1496,134.55,28.87,28.36,46.07,1008.32
1497,134.64,28.86,28.35,46.07,1008.31
1498,134.73,28.85,28.37,46.06,1008.31
1499,134.82,28.86,28.38,46.07,1008.31
1500,134.91,28.84,28.38,46.07,1008.30
1501,135.00,28.84,28.38,46.07,1008.30
1502,135.09,28.86,28.38,46.09,1008.30
1503,135.18,28.85,28.36,46.09,1008.30
1504,135.27,28.86,28.34,46.05,1008.29
1505,135.36,28.86,28.32,46.06,1008.30
1506,135.45,28.87,28.30,46.09,1008.30
1507,135.54,28.88,28.29,46.10,1008.29
1508,135.63,28.87,28.31,46.09,1008.32
1509,135.72,28.85,28.31,46.10,1008.31
1510,135.81,28.83,28.30,46.13,1008.31
1511,135.90,28.82,28.29,46.16,1008.32
1512,135.99,28.82,28.26,46.12,1008.31
1513,136.08,28.83,28.26,46.11,1008.30
1514,136.17,28.82,28.24,46.12,1008.30
1515,136.26,28.82,28.23,46.12,1008.31
1516,136.35,28.81,28.22,46.13,1008.30
1517,136.44,28.82,28.24,46.10,1008.32
1518,136.53,28.82,28.27,46.11,1008.33
1519,136.62,28.81,28.25,46.11,1008.33
1520,136.71,28.81,28.22,46.09,1008.32
1521,136.80,28.83,28.21,46.11,1008.33
1522,136.89,28.82,28.22,46.10,1008.34
1523,136.98,28.83,28.20,46.11,1008.35
1524,137.07,28.81,28.21,46.11,1008.34
1525,137.16,28.80,28.19,46.12,1008.33
1526,137.25,28.80,28.19,46.12,1008.35
1527,137.34,28.81,28.19,46.12,1008.36
1528,137.43,28.80,28.19,46.13,1008.35
1529,137.52,28.79,28.18,46.10,1008.34
1530,137.61,28.78,28.17,46.07,1008.35
1531,137.70,28.78,28.20,46.06,1008.35
1532,137.79,28.78,28.21,46.06,1008.37
1533,137.88,28.78,28.22,46.07,1008.36
1534,137.97,28.78,28.23,46.09,1008.37
1535,138.06,28.77,28.23,46.06,1008.37
1536,138.15,28.77,28.22,46.03,1008.39
1537,138.24,28.76,28.23,46.02,1008.39
1538,138.33,28.76,28.22,46.00,1008.38
1539,138.42,28.76,28.23,45.99,1008.38
1540,138.51,28.76,28.23,46.01,1008.38
1541,138.60,28.76,28.22,46.04,1008.38
1542,138.69,28.76,28.22,46.05,1008.37
1543,138.78,28.76,28.23,46.07,1008.37
1544,138.87,28.74,28.22,46.04,1008.36
1545,138.96,28.74,28.21,46.01,1008.38
1546,139.05,28.76,28.21,46.03,1008.38
1547,139.14,28.75,28.20,46.01,1008.38
1548,139.23,28.75,28.18,46.02,1008.40
1549,139.32,28.75,28.16,45.99,1008.40
1550,139.41,28.74,28.15,46.01,1008.40
1551,139.50,28.74,28.16,46.04,1008.39
1552,139.59,28.72,28.16,46.01,1008.37
1553,139.68,28.73,28.15,46.05,1008.36
1554,139.77,28.74,28.18,46.04,1008.36
1555,139.86,28.74,28.17,46.01,1008.36
1556,139.95,28.73,28.19,46.02,1008.35
1557,140.04,28.74,28.20,46.02,1008.35
1558,140.13,28.74,28.20,46.00,1008.32
1559,140.22,28.74,28.22,46.02,1008.31
1560,140.31,28.76,28.23,46.02,1008.32
1561,140.40,28.76,28.22,46.02,1008.32
1562,140.49,28.76,28.24,46.03,1008.32
1563,140.58,28.77,28.24,46.02,1008.32
1564,140.67,28.77,28.26,46.01,1008.30
1565,140.76,28.76,28.24,46.05,1008.31
1566,140.85,28.75,28.26,46.02,1008.31
1567,140.94,28.74,28.25,46.02,1008.30
1568,141.03,28.74,28.25,46.02,1008.29
1569,141.12,28.75,28.24,46.01,1008.30
1570,141.21,28.77,28.24,45.99,1008.30
1571,141.30,28.75,28.24,45.98,1008.28
1572,141.39,28.77,28.23,46.00,1008.26
1573,141.48,28.77,28.23,46.04,1008.26
1574,141.57,28.77,28.23,46.05,1008.26
1575,141.66,28.76,28.22,46.06,1008.26
1576,141.75,28.76,28.22,46.04,1008.27
1577,141.84,28.77,28.20,46.04,1008.26
1578,141.93,28.77,28.21,46.01,1008.25
1579,142.02,28.77,28.21,46.02,1008.26
1580,142.11,28.76,28.22,46.00,1008.27
1581,142.20,28.76,28.22,46.01,1008.28
1582,142.29,28.76,28.21,45.99,1008.28
1583,142.38,28.78,28.22,46.02,1008.29
1584,142.47,28.78,28.22,45.99,1008.29
1585,142.56,28.78,28.20,46.00,1008.28
1586,142.65,28.78,28.21,45.97,1008.30
1587,142.74,28.77,28.21,45.97,1008.30
1588,142.83,28.78,28.19,45.98,1008.31
1589,142.92,28.74,28.19,46.00,1008.32
1590,143.01,28.74,28.19,46.00,1008.33
1591,143.10,28.73,28.18,45.98,1008.33
1592,143.19,28.73,28.18,45.96,1008.34
1593,143.28,28.72,28.19,45.96,1008.36
1594,143.37,28.73,28.20,45.94,1008.37
1595,143.46,28.72,28.20,45.96,1008.39
1596,143.55,28.72,28.19,45.98,1008.39
1597,143.64,28.72,28.18,46.02,1008.39
1598,143.73,28.73,28.19,46.00,1008.39
1599,143.82,28.74,28.19,46.02,1008.39
1600,143.91,28.74,28.19,46.03,1008.39
1601,144.00,28.75,28.19,46.00,1008.39
1602,144.09,28.73,28.17,46.04,1008.39
1603,144.18,28.73,28.16,46.01,1008.40
1604,144.27,28.72,28.16,45.98,1008.40
1605,144.36,28.72,28.14,46.00,1008.40
1606,144.45,28.72,28.12,46.03,1008.40
1607,144.54,28.70,28.11,45.97,1008.39
1608,144.63,28.69,28.13,45.97,1008.40
1609,144.72,28.68,28.11,45.98,1008.41
1610,144.81,28.67,28.11,45.97,1008.40
1611,144.90,28.65,28.12,45.97,1008.39
1612,144.99,28.67,28.13,45.98,1008.39
1613,145.08,28.66,28.12,45.98,1008.40
1614,145.17,28.65,28.11,45.96,1008.40
1615,145.26,28.65,28.12,45.96,1008.39
1616,145.35,28.64,28.11,45.98,1008.39
1617,145.44,28.63,28.07,45.98,1008.38
1618,145.53,28.63,28.08,46.00,1008.37
1619,145.62,28.64,28.09,45.99,1008.38
1620,145.71,28.63,28.08,45.98,1008.38
1621,145.80,28.64,28.06,46.00,1008.38
1622,145.89,28.63,28.06,45.97,1008.38
1623,145.98,28.63,28.07,45.96,1008.38
1624,146.07,28.61,28.07,45.97,1008.36
1625,146.16,28.61,28.06,45.98,1008.35
1626,146.25,28.60,28.06,46.02,1008.35
1627,146.34,28.62,28.06,45.99,1008.35
1628,146.43,28.61,28.06,45.98,1008.35
1629,146.52,28.61,28.07,45.99,1008.36
1630,146.61,28.63,28.08,45.98,1008.35
1631,146.70,28.62,28.08,45.96,1008.35
1632,146.79,28.61,28.06,45.98,1008.34
1633,146.88,28.60,28.07,45.98,1008.33
1634,146.97,28.61,28.06,45.99,1008.33
1635,147.06,28.60,28.05,46.00,1008.31
1636,147.15,28.60,28.03,45.98,1008.31
1637,147.24,28.60,28.03,45.97,1008.30
1638,147.33,28.59,28.01,45.97,1008.30
1639,147.42,28.58,28.01,45.96,1008.31
1640,147.51,28.55,28.01,45.98,1008.30
1641,147.60,28.55,27.99,45.96,1008.32
1642,147.69,28.55,28.00,45.95,1008.32
1643,147.78,28.54,27.99,45.94,1008.32
1644,147.87,28.53,27.98,45.96,1008.32
1645,147.96,28.53,27.98,45.94,1008.32
1646,148.05,28.52,27.97,45.95,1008.32
1647,148.14,28.51,27.98,45.93,1008.32
1648,148.23,28.50,27.98,45.94,1008.32
1649,148.32,28.52,28.01,45.91,1008.32
1650,148.41,28.52,28.00,45.92,1008.34
1651,148.50,28.51,28.01,45.92,1008.33
1652,148.59,28.50,28.00,45.90,1008.32
1653,148.68,28.49,28.02,45.88,1008.32
1654,148.77,28.50,28.03,45.89,1008.33
1655,148.86,28.48,28.03,45.90,1008.33
1656,148.95,28.48,28.03,45.88,1008.35
1657,149.04,28.48,28.02,45.90,1008.34
1658,149.13,28.48,28.02,45.92,1008.35
1659,149.22,28.47,28.02,45.91,1008.34
1660,149.31,28.48,28.00,45.91,1008.36
1661,149.40,28.49,28.02,45.90,1008.36
1662,149.49,28.49,28.02,45.90,1008.36
1663,149.58,28.48,28.04,45.91,1008.36
1664,149.67,28.49,28.03,45.86,1008.38
1665,149.76,28.50,28.02,45.85,1008.38
1666,149.85,28.50,28.04,45.85,1008.38
1667,149.94,28.49,28.04,45.81,1008.38
1668,150.03,28.49,28.03,45.82,1008.38
1669,150.12,28.50,28.02,45.84,1008.39
1670,150.21,28.50,28.01,45.82,1008.37
1671,150.30,28.51,28.03,45.81,1008.38
1672,150.39,28.50,28.05,45.80,1008.38
1673,150.48,28.51,28.04,45.83,1008.39
1674,150.57,28.49,28.04,45.85,1008.38
1675,150.66,28.49,28.03,45.83,1008.38
1676,150.75,28.49,28.03,45.86,1008.38
1677,150.84,28.49,28.05,45.86,1008.38
1678,150.93,28.48,28.04,45.86,1008.39
1679,151.02,28.47,28.05,45.85,1008.38
1680,151.11,28.46,28.06,45.81,1008.38
1681,151.20,28.45,28.06,45.80,1008.38
1682,151.29,28.44,28.06,45.78,1008.38
1683,151.38,28.44,28.09,45.78,1008.39
1684,151.47,28.45,28.09,45.76,1008.40
1685,151.56,28.45,28.09,45.77,1008.42
1686,151.65,28.44,28.09,45.78,1008.43
1687,151.74,28.43,28.09,45.77,1008.43
1688,151.83,28.43,28.08,45.79,1008.44
1689,151.92,28.43,28.09,45.77,1008.42
1690,152.01,28.44,28.07,45.74,1008.42
1691,152.10,28.44,28.06,45.73,1008.42
1692,152.19,28.44,28.06,45.72,1008.41
1693,152.28,28.46,28.07,45.72,1008.41
1694,152.37,28.47,28.05,45.73,1008.41
1695,152.46,28.48,28.04,45.72,1008.39
1696,152.55,28.45,28.03,45.69,1008.39
1697,152.64,28.47,28.03,45.67,1008.38
1698,152.73,28.48,28.03,45.69,1008.38
1699,152.82,28.47,28.00,45.68,1008.37
1700,152.91,28.47,28.02,45.67,1008.36
1701,153.00,28.46,28.03,45.64,1008.34
1702,153.09,28.46,28.03,45.63,1008.34
1703,153.18,28.45,28.00,45.60,1008.34
1704,153.27,28.46,28.03,45.61,1008.34
1705,153.36,28.43,28.02,45.61,1008.33
1706,153.45,28.43,28.02,45.60,1008.33
1707,153.54,28.44,28.02,45.62,1008.33
1708,153.63,28.46,28.02,45.64,1008.33
1709,153.72,28.48,28.00,45.62,1008.33
1710,153.81,28.48,28.00,45.57,1008.33
1711,153.90,28.47,28.00,45.56,1008.32
1712,153.99,28.45,28.00,45.56,1008.31
1713,154.08,28.45,28.00,45.56,1008.32
1714,154.17,28.45,27.99,45.55,1008.31
1715,154.26,28.44,27.97,45.57,1008.32
1716,154.35,28.44,27.96,45.59,1008.32
1717,154.44,28.44,27.95,45.59,1008.34
1718,154.53,28.44,27.95,45.60,1008.35
1719,154.62,28.42,27.95,45.68,1008.35
1720,154.71,28.42,27.93,45.68,1008.35
1721,154.80,28.43,27.94,45.69,1008.34
1722,154.89,28.42,27.94,45.70,1008.35
1723,154.98,28.43,27.95,45.70,1008.33
1724,155.07,28.42,27.93,45.69,1008.34
1725,155.16,28.42,27.94,45.66,1008.36
1726,155.25,28.42,27.94,45.66,1008.36
1727,155.34,28.42,27.94,45.66,1008.37
1728,155.43,28.41,27.94,45.66,1008.37
1729,155.52,28.41,27.92,45.69,1008.36
1730,155.61,28.43,27.91,45.67,1008.37
1731,155.70,28.43,27.88,45.67,1008.37
1732,155.79,28.42,27.87,45.69,1008.39
1733,155.88,28.44,27.84,45.68,1008.37
1734,155.97,28.44,27.82,45.66,1008.39
1735,156.06,28.44,27.80,45.68,1008.41
1736,156.15,28.44,27.79,45.67,1008.41
1737,156.24,28.45,27.79,45.70,1008.43
1738,156.33,28.44,27.79,45.73,1008.43
1739,156.42,28.44,27.79,45.74,1008.43
1740,156.51,28.44,27.78,45.71,1008.44
1741,156.60,28.43,27.77,45.71,1008.43
1742,156.69,28.41,27.76,45.68,1008.42
1743,156.78,28.41,27.76,45.69,1008.43
1744,156.87,28.41,27.74,45.71,1008.43
1745,156.96,28.42,27.76,45.69,1008.43
1746,157.05,28.43,27.77,45.68,1008.43
1747,157.14,28.42,27.78,45.70,1008.43
1748,157.23,28.41,27.81,45.71,1008.43
1749,157.32,28.40,27.81,45.76,1008.43
1750,157.41,28.39,27.81,45.76,1008.44
1751,157.50,28.37,27.83,45.78,1008.44
1752,157.59,28.37,27.86,45.74,1008.44
1753,157.68,28.37,27.84,45.72,1008.42
1754,157.77,28.37,27.84,45.73,1008.42
1755,157.86,28.36,27.83,45.72,1008.42
1756,157.95,28.36,27.84,45.71,1008.42
1757,158.04,28.34,27.85,45.68,1008.40
1758,158.13,28.33,27.88,45.68,1008.40
1759,158.22,28.33,27.88,45.68,1008.40
1760,158.31,28.31,27.89,45.67,1008.39
1761,158.40,28.30,27.87,45.68,1008.38
1762,158.49,28.30,27.85,45.71,1008.37
1763,158.58,28.31,27.85,45.70,1008.37
1764,158.67,28.31,27.85,45.68,1008.37
1765,158.76,28.30,27.85,45.69,1008.36
1766,158.85,28.29,27.84,45.67,1008.36
1767,158.94,28.29,27.84,45.68,1008.34
1768,159.03,28.30,27.85,45.68,1008.34
1769,159.12,28.29,27.87,45.68,1008.33
1770,159.21,28.30,27.86,45.67,1008.32
1771,159.30,28.31,27.86,45.71,1008.31
1772,159.39,28.29,27.85,45.72,1008.32
1773,159.48,28.29,27.84,45.72,1008.31
1774,159.57,28.28,27.85,45.72,1008.29
1775,159.66,28.30,27.84,45.74,1008.29
1776,159.75,28.30,27.84,45.72,1008.30
1777,159.84,28.30,27.83,45.71,1008.29
1778,159.93,28.30,27.82,45.70,1008.29
1779,160.02,28.28,27.84,45.71,1008.28
1780,160.11,28.28,27.84,45.72,1008.27
1781,160.20,28.27,27.85,45.71,1008.27
1782,160.29,28.27,27.85,45.69,1008.28
1783,160.38,28.27,27.84,45.69,1008.27
1784,160.47,28.27,27.84,45.68,1008.27
1785,160.56,28.27,27.84,45.68,1008.26
1786,160.65,28.27,27.85,45.70,1008.26
1787,160.74,28.27,27.84,45.67,1008.26
1788,160.83,28.27,27.86,45.66,1008.27
1789,160.92,28.27,27.87,45.66,1008.28
1790,161.01,28.28,27.88,45.67,1008.27
1791,161.10,28.29,27.89,45.68,1008.27
1792,161.19,28.28,27.88,45.67,1008.28
1793,161.28,28.26,27.88,45.68,1008.29
1794,161.37,28.29,27.88,45.68,1008.30
1795,161.46,28.30,27.87,45.66,1008.31
1796,161.55,28.30,27.87,45.66,1008.30
1797,161.64,28.28,27.85,45.68,1008.31
1798,161.73,28.28,27.84,45.69,1008.32
1799,161.82,28.28,27.85,45.69,1008.32
1800,161.91,28.28,27.85,45.68,1008.32
1801,162.00,28.29,27.83,45.67,1008.32
1802,162.09,28.29,27.82,45.65,1008.35
1803,162.18,28.28,27.83,45.68,1008.36
1804,162.27,28.26,27.83,45.67,1008.35
1805,162.36,28.26,27.84,45.69,1008.36
1806,162.45,28.25,27.86,45.68,1008.36
1807,162.54,28.26,27.87,45.74,1008.37
1808,162.63,28.25,27.86,45.74,1008.36
1809,162.72,28.24,27.85,45.76,1008.36
1810,162.81,28.24,27.87,45.76,1008.36
1811,162.90,28.22,27.89,45.75,1008.37
1812,162.99,28.23,27.88,45.75,1008.36
1813,163.08,28.24,27.90,45.74,1008.36
1814,163.17,28.23,27.89,45.76,1008.37
1815,163.26,28.22,27.88,45.78,1008.37
1816,163.35,28.22,27.88,45.79,1008.38
1817,163.44,28.22,27.91,45.76,1008.37
1818,163.53,28.21,27.91,45.73,1008.38
1819,163.62,28.20,27.90,45.74,1008.38
1820,163.71,28.20,27.91,45.75,1008.39
1821,163.80,28.19,27.90,45.73,1008.39
1822,163.89,28.21,27.89,45.74,1008.39
1823,163.98,28.23,27.89,45.75,1008.40
1824,164.07,28.22,27.88,45.73,1008.41
1825,164.16,28.23,27.88,45.71,1008.41
1826,164.25,28.25,27.86,45.71,1008.39
1827,164.34,28.25,27.87,45.69,1008.40
1828,164.43,28.24,27.88,45.69,1008.39
1829,164.52,28.24,27.88,45.69,1008.40
1830,164.61,28.23,27.88,45.68,1008.38
1831,164.70,28.23,27.86,45.67,1008.37
1832,164.79,28.24,27.84,45.71,1008.35
1833,164.88,28.23,27.84,45.74,1008.36
1834,164.97,28.21,27.84,45.73,1008.35
1835,165.06,28.22,27.82,45.77,1008.33
1836,165.15,28.21,27.82,45.79,1008.33
1837,165.24,28.22,27.83,45.82,1008.32
1838,165.33,28.22,27.82,45.82,1008.31
1839,165.42,28.23,27.79,45.81,1008.30
1840,165.51,28.23,27.77,45.80,1008.29
1841,165.60,28.23,27.76,45.85,1008.28
1842,165.69,28.23,27.73,45.87,1008.29
1843,165.78,28.23,27.74,45.88,1008.28
1844,165.87,28.25,27.76,45.85,1008.27
1845,165.96,28.25,27.74,45.85,1008.27
1846,166.05,28.25,27.76,45.83,1008.26
1847,166.14,28.25,27.76,45.84,1008.27
1848,166.23,28.24,27.75,45.85,1008.27
1849,166.32,28.23,27.77,45.84,1008.27
1850,166.41,28.23,27.77,45.84,1008.26
1851,166.50,28.22,27.78,45.82,1008.25
1852,166.59,28.22,27.76,45.86,1008.24
1853,166.68,28.22,27.77,45.85,1008.25
1854,166.77,28.22,27.79,45.82,1008.25
1855,166.86,28.21,27.76,45.76,1008.26
1856,166.95,28.20,27.76,45.73,1008.26
1857,167.04,28.21,27.76,45.72,1008.24
1858,167.13,28.20,27.75,45.72,1008.24
1859,167.22,28.18,27.76,45.73,1008.26
1860,167.31,28.17,27.76,45.73,1008.27
1861,167.40,28.15,27.76,45.75,1008.27
1862,167.49,28.16,27.76,45.74,1008.29
1863,167.58,28.16,27.76,45.76,1008.30
1864,167.67,28.17,27.75,45.73,1008.30
1865,167.76,28.17,27.76,45.73,1008.30
1866,167.85,28.18,27.76,45.73,1008.31
1867,167.94,28.17,27.76,45.73,1008.32
1868,168.03,28.17,27.76,45.71,1008.32
1869,168.12,28.18,27.76,45.70,1008.33
1870,168.21,28.18,27.77,45.70,1008.34
1871,168.30,28.19,27.77,45.71,1008.36
1872,168.39,28.19,27.77,45.75,1008.35
1873,168.48,28.22,27.77,45.75,1008.37
1874,168.57,28.24,27.77,45.76,1008.38
1875,168.66,28.23,27.79,45.76,1008.36
1876,168.75,28.22,27.82,45.78,1008.36
1877,168.84,28.22,27.81,45.82,1008.36
1878,168.93,28.21,27.81,45.76,1008.37
1879,169.02,28.19,27.82,45.73,1008.35
1880,169.11,28.16,27.81,45.71,1008.36
1881,169.20,28.15,27.83,45.74,1008.37
1882,169.29,28.14,27.83,45.72,1008.36
1883,169.38,28.13,27.83,45.68,1008.37
1884,169.47,28.13,27.83,45.70,1008.36
1885,169.56,28.15,27.81,45.68,1008.38
1886,169.65,28.15,27.83,45.69,1008.38
1887,169.74,28.14,27.82,45.70,1008.37
1888,169.83,28.14,27.84,45.70,1008.36
1889,169.92,28.14,27.85,45.73,1008.36
1890,170.01,28.13,27.84,45.74,1008.36
1891,170.10,28.13,27.85,45.73,1008.35
1892,170.19,28.14,27.86,45.73,1008.35
1893,170.28,28.14,27.87,45.72,1008.35
1894,170.37,28.15,27.88,45.69,1008.36
1895,170.46,28.14,27.87,45.66,1008.35
1896,170.55,28.14,27.89,45.68,1008.36
1897,170.64,28.13,27.91,45.68,1008.35
1898,170.73,28.13,27.90,45.69,1008.36
1899,170.82,28.12,27.88,45.72,1008.35
1900,170.91,28.13,27.87,45.71,1008.35
1901,171.00,28.12,27.87,45.66,1008.35
1902,171.09,28.11,27.85,45.67,1008.35
1903,171.18,28.11,27.83,45.66,1008.33
1904,171.27,28.10,27.82,45.66,1008.32
1905,171.36,28.10,27.81,45.64,1008.32
1906,171.45,28.10,27.82,45.65,1008.33
1907,171.54,28.11,27.80,45.65,1008.32
1908,171.63,28.10,27.83,45.64,1008.30
1909,171.72,28.10,27.82,45.65,1008.30
1910,171.81,28.10,27.82,45.67,1008.30
1911,171.90,28.10,27.85,45.70,1008.30
1912,171.99,28.08,27.84,45.68,1008.30
1913,172.08,28.10,27.84,45.67,1008.29
1914,172.17,28.11,27.84,45.66,1008.28
1915,172.26,28.11,27.83,45.62,1008.28
1916,172.35,28.11,27.82,45.58,1008.27
1917,172.44,28.11,27.82,45.57,1008.28
1918,172.53,28.12,27.84,45.58,1008.29
1919,172.62,28.12,27.84,45.59,1008.29
1920,172.71,28.11,27.84,45.56,1008.30
1921,172.80,28.12,27.83,45.57,1008.31
1922,172.89,28.11,27.81,45.56,1008.31
1923,172.98,28.09,27.80,45.54,1008.31
1924,173.07,28.09,27.78,45.54,1008.32
1925,173.16,28.09,27.80,45.56,1008.32
1926,173.25,28.09,27.77,45.57,1008.33
1927,173.34,28.08,27.79,45.57,1008.34
1928,173.43,28.08,27.79,45.55,1008.34
1929,173.52,28.08,27.79,45.54,1008.33
1930,173.61,28.07,27.77,45.53,1008.34
1931,173.70,28.08,27.77,45.52,1008.34
1932,173.79,28.10,27.78,45.54,1008.34
1933,173.88,28.10,27.80,45.57,1008.34
1934,173.97,28.10,27.79,45.59,1008.34
1935,174.06,28.12,27.77,45.59,1008.35
1936,174.15,28.09,27.75,45.58,1008.34
1937,174.24,28.09,27.74,45.59,1008.35
1938,174.33,28.08,27.75,45.60,1008.35
1939,174.42,28.08,27.74,45.61,1008.36
1940,174.51,28.08,27.76,45.61,1008.36
1941,174.60,28.08,27.76,45.57,1008.36
1942,174.69,28.08,27.75,45.56,1008.36
1943,174.78,28.10,27.74,45.60,1008.37
1944,174.87,28.11,27.76,45.58,1008.37
1945,174.96,28.11,27.76,45.55,1008.38
1946,175.05,28.10,27.77,45.57,1008.39
1947,175.14,28.09,27.76,45.61,1008.39
1948,175.23,28.10,27.76,45.61,1008.39
1949,175.32,28.09,27.76,45.56,1008.38
1950,175.41,28.10,27.76,45.55,1008.38
1951,175.50,28.10,27.76,45.59,1008.38
1952,175.59,28.11,27.75,45.60,1008.38
1953,175.68,28.11,27.76,45.60,1008.37
1954,175.77,28.11,27.76,45.60,1008.38
1955,175.86,28.11,27.74,45.61,1008.39
1956,175.95,28.11,27.73,45.59,1008.41
1957,176.04,28.11,27.72,45.58,1008.41
1958,176.13,28.12,27.68,45.55,1008.40
1959,176.22,28.11,27.68,45.54,1008.40
1960,176.31,28.10,27.67,45.55,1008.40
1961,176.40,28.13,27.67,45.56,1008.39
1962,176.49,28.12,27.67,45.52,1008.39
1963,176.58,28.13,27.63,45.52,1008.39
1964,176.67,28.11,27.62,45.48,1008.37
1965,176.76,28.12,27.66,45.48,1008.38
1966,176.85,28.11,27.65,45.46,1008.37
1967,176.94,28.11,27.66,45.46,1008.36
1968,177.03,28.10,27.64,45.47,1008.35
1969,177.12,28.10,27.64,45.49,1008.34
1970,177.21,28.09,27.64,45.52,1008.35
1971,177.30,28.07,27.65,45.51,1008.34
1972,177.39,28.07,27.66,45.50,1008.32
1973,177.48,28.08,27.66,45.49,1008.31
1974,177.57,28.07,27.66,45.50,1008.29
1975,177.66,28.07,27.65,45.50,1008.30
1976,177.75,28.06,27.65,45.49,1008.30
1977,177.84,28.08,27.65,45.52,1008.29
1978,177.93,28.07,27.63,45.53,1008.29
1979,178.02,28.07,27.63,45.56,1008.28
1980,178.11,28.08,27.63,45.58,1008.28
1981,178.20,28.10,27.65,45.59,1008.29
1982,178.29,28.11,27.64,45.59,1008.28
1983,178.38,28.13,27.63,45.59,1008.29
1984,178.47,28.12,27.64,45.61,1008.29
1985,178.56,28.12,27.63,45.61,1008.28
1986,178.65,28.13,27.62,45.64,1008.29
1987,178.74,28.11,27.61,45.61,1008.29
1988,178.83,28.09,27.61,45.64,1008.30
1989,178.92,28.09,27.63,45.65,1008.30
1990,179.01,28.10,27.63,45.66,1008.30
1991,179.10,28.10,27.66,45.65,1008.31
1992,179.19,28.09,27.64,45.66,1008.33
1993,179.28,28.07,27.67,45.69,1008.32
1994,179.37,28.06,27.68,45.69,1008.32
1995,179.46,28.06,27.69,45.65,1008.32
1996,179.55,28.03,27.68,45.68,1008.32
1997,179.64,28.00,27.67,45.67,1008.31
1998,179.73,27.99,27.66,45.68,1008.32
1999,179.82,27.99,27.68,45.68,1008.33
2000,179.91,27.98,27.70,45.68,1008.34
2001,180.00,27.98,27.68,45.66,1008.35
2002,180.09,28.00,27.68,45.64,1008.37
2003,180.18,27.98,27.69,45.64,1008.38
2004,180.27,27.97,27.70,45.63,1008.39
2005,180.36,27.96,27.69,45.64,1008.39
2006,180.45,27.96,27.68,45.62,1008.41
2007,180.54,27.96,27.68,45.64,1008.41
2008,180.63,27.95,27.67,45.60,1008.41
2009,180.72,27.95,27.67,45.64,1008.43
2010,180.81,27.95,27.67,45.64,1008.43
2011,180.90,27.95,27.68,45.61,1008.43
2012,180.99,27.96,27.69,45.60,1008.43
2013,181.08,27.97,27.71,45.59,1008.44
2014,181.17,27.97,27.73,45.60,1008.44
2015,181.26,27.96,27.72,45.59,1008.44
2016,181.35,27.96,27.72,45.57,1008.44
2017,181.44,27.95,27.70,45.57,1008.43
2018,181.53,27.96,27.70,45.58,1008.41
2019,181.62,27.96,27.69,45.59,1008.41
2020,181.71,27.96,27.69,45.59,1008.41
2021,181.80,27.95,27.71,45.60,1008.41
2022,181.89,27.96,27.70,45.59,1008.41
2023,181.98,27.95,27.69,45.61,1008.39
2024,182.07,27.97,27.71,45.60,1008.40
2025,182.16,27.98,27.72,45.61,1008.40
2026,182.25,27.97,27.70,45.64,1008.39
2027,182.34,27.98,27.69,45.63,1008.40
2028,182.43,27.98,27.70,45.61,1008.38
2029,182.52,27.96,27.69,45.59,1008.40
2030,182.61,27.96,27.69,45.57,1008.39
2031,182.70,27.96,27.70,45.56,1008.39
2032,182.79,27.96,27.70,45.53,1008.40
2033,182.88,27.94,27.69,45.54,1008.39
2034,182.97,27.94,27.68,45.56,1008.39
2035,183.06,27.94,27.68,45.54,1008.39
2036,183.15,27.94,27.67,45.56,1008.39
2037,183.24,27.95,27.68,45.55,1008.39
2038,183.33,27.97,27.70,45.53,1008.40
2039,183.42,27.96,27.72,45.54,1008.38
2040,183.51,27.98,27.72,45.51,1008.36
2041,183.60,27.98,27.71,45.53,1008.36
2042,183.69,27.96,27.70,45.55,1008.35
2043,183.78,27.95,27.68,45.55,1008.34
2044,183.87,27.95,27.68,45.54,1008.33
2045,183.96,27.95,27.66,45.53,1008.31
2046,184.05,27.96,27.64,45.57,1008.32
2047,184.14,27.95,27.63,45.56,1008.33
2048,184.23,27.94,27.62,45.58,1008.33
2049,184.32,27.95,27.62,45.58,1008.34
2050,184.41,27.95,27.63,45.59,1008.34
2051,184.50,27.96,27.63,45.58,1008.32
2052,184.59,27.95,27.63,45.54,1008.33
2053,184.68,27.94,27.63,45.53,1008.33
2054,184.77,27.94,27.65,45.52,1008.34
2055,184.86,27.94,27.65,45.50,1008.35
2056,184.95,27.93,27.64,45.50,1008.34
2057,185.04,27.92,27.66,45.49,1008.34
2058,185.13,27.90,27.65,45.49,1008.34
2059,185.22,27.90,27.63,45.48,1008.34
2060,185.31,27.90,27.61,45.48,1008.34
2061,185.40,27.91,27.60,45.47,1008.33
2062,185.49,27.91,27.60,45.46,1008.33
2063,185.58,27.92,27.62,45.45,1008.33
2064,185.67,27.92,27.61,45.46,1008.33
2065,185.76,27.92,27.62,45.48,1008.33
2066,185.85,27.93,27.61,45.46,1008.33
2067,185.94,27.94,27.61,45.49,1008.33
2068,186.03,27.96,27.60,45.50,1008.35
2069,186.12,27.96,27.59,45.49,1008.36
2070,186.21,27.96,27.58,45.49,1008.37
2071,186.30,27.93,27.57,45.51,1008.37
2072,186.39,27.93,27.57,45.54,1008.38
2073,186.48,27.94,27.58,45.58,1008.37
2074,186.57,27.95,27.59,45.59,1008.37
2075,186.66,27.95,27.58,45.59,1008.38
2076,186.75,27.95,27.58,45.59,1008.38
2077,186.84,27.95,27.55,45.60,1008.38
2078,186.93,27.97,27.55,45.62,1008.41
2079,187.02,27.96,27.51,45.64,1008.41
2080,187.11,27.95,27.53,45.66,1008.41
2081,187.20,27.95,27.52,45.65,1008.40
2082,187.29,27.95,27.52,45.65,1008.40
2083,187.38,27.94,27.54,45.65,1008.39
2084,187.47,27.92,27.56,45.64,1008.40
2085,187.56,27.91,27.56,45.65,1008.38
2086,187.65,27.91,27.57,45.66,1008.39
2087,187.74,27.90,27.58,45.65,1008.39
2088,187.83,27.90,27.58,45.59,1008.38
2089,187.92,27.90,27.57,45.57,1008.39
2090,188.01,27.90,27.57,45.56,1008.39
2091,188.10,27.91,27.54,45.56,1008.41
2092,188.19,27.90,27.56,45.55,1008.41
2093,188.28,27.90,27.55,45.56,1008.41
2094,188.37,27.90,27.54,45.57,1008.42
2095,188.46,27.91,27.56,45.60,1008.41
2096,188.55,27.91,27.58,45.63,1008.41
2097,188.64,27.93,27.58,45.63,1008.41
2098,188.73,27.91,27.59,45.62,1008.40
2099,188.82,27.89,27.60,45.60,1008.39
2100,188.91,27.88,27.62,45.59,1008.38
2101,189.00,27.88,27.60,45.57,1008.37
2102,189.09,27.88,27.59,45.60,1008.38
2103,189.18,27.87,27.59,45.62,1008.35
2104,189.27,27.87,27.61,45.61,1008.34
2105,189.36,27.87,27.62,45.61,1008.33
2106,189.45,27.85,27.63,45.57,1008.33
2107,189.54,27.85,27.63,45.57,1008.33
2108,189.63,27.86,27.61,45.55,1008.32
2109,189.72,27.84,27.62,45.57,1008.32
2110,189.81,27.84,27.60,45.56,1008.31
2111,189.90,27.84,27.61,45.60,1008.30
2112,189.99,27.84,27.61,45.60,1008.28
2113,190.08,27.84,27.62,45.57,1008.28
2114,190.17,27.84,27.61,45.58,1008.28
2115,190.26,27.84,27.57,45.58,1008.29
2116,190.35,27.84,27.58,45.57,1008.31
2117,190.44,27.84,27.59,45.56,1008.31
2118,190.53,27.84,27.60,45.57,1008.31
2119,190.62,27.84,27.61,45.58,1008.31
2120,190.71,27.84,27.60,45.60,1008.32
2121,190.80,27.84,27.60,45.61,1008.31
2122,190.89,27.84,27.60,45.59,1008.32
2123,190.98,27.84,27.60,45.59,1008.33
2124,191.07,27.84,27.60,45.58,1008.32
2125,191.16,27.84,27.59,45.59,1008.32
2126,191.25,27.84,27.57,45.56,1008.32
2127,191.34,27.84,27.56,45.58,1008.33
2128,191.43,27.84,27.56,45.60,1008.33
2129,191.52,27.84,27.56,45.60,1008.33
2130,191.61,27.84,27.58,45.58,1008.33
2131,191.70,27.84,27.60,45.61,1008.34
2132,191.79,27.84,27.58,45.60,1008.33
2133,191.88,27.84,27.57,45.63,1008.33
2134,191.97,27.84,27.60,45.64,1008.35
2135,192.06,27.84,27.60,45.62,1008.35
2136,192.15,27.84,27.60,45.62,1008.36
2137,192.24,27.84,27.61,45.62,1008.34
2138,192.33,27.84,27.61,45.64,1008.33
2139,192.42,27.85,27.61,45.66,1008.34
2140,192.51,27.84,27.60,45.65,1008.34
2141,192.60,27.85,27.60,45.63,1008.35
2142,192.69,27.86,27.62,45.67,1008.36
2143,192.78,27.84,27.64,45.67,1008.37
2144,192.87,27.85,27.64,45.66,1008.37
2145,192.96,27.85,27.62,45.66,1008.37
2146,193.05,27.85,27.61,45.63,1008.38
2147,193.14,27.86,27.61,45.66,1008.38
2148,193.23,27.85,27.60,45.67,1008.38
2149,193.32,27.85,27.59,45.65,1008.37
2150,193.41,27.85,27.58,45.64,1008.37
2151,193.50,27.84,27.59,45.65,1008.38
2152,193.59,27.84,27.60,45.65,1008.39
2153,193.68,27.84,27.59,45.64,1008.40
2154,193.77,27.85,27.59,45.64,1008.38
2155,193.86,27.84,27.60,45.62,1008.39
2156,193.95,27.84,27.59,45.64,1008.39
2157,194.04,27.85,27.59,45.63,1008.39
2158,194.13,27.84,27.60,45.62,1008.37
2159,194.22,27.84,27.58,45.62,1008.37
2160,194.31,27.84,27.58,45.63,1008.37
2161,194.40,27.84,27.60,45.59,1008.37
2162,194.49,27.84,27.60,45.57,1008.37
2163,194.58,27.84,27.61,45.60,1008.36
2164,194.67,27.84,27.60,45.61,1008.34
2165,194.76,27.84,27.60,45.59,1008.33
2166,194.85,27.84,27.58,45.55,1008.34
2167,194.94,27.84,27.58,45.55,1008.34
2168,195.03,27.84,27.56,45.56,1008.34
2169,195.12,27.84,27.55,45.53,1008.34
2170,195.21,27.84,27.53,45.51,1008.32
2171,195.30,27.84,27.52,45.54,1008.31
2172,195.39,27.84,27.55,45.53,1008.32
2173,195.48,27.84,27.51,45.50,1008.30
2174,195.57,27.84,27.52,45.47,1008.29
2175,195.66,27.84,27.50,45.49,1008.30
2176,195.75,27.85,27.50,45.51,1008.29
2177,195.84,27.84,27.51,45.51,1008.29
2178,195.93,27.84,27.49,45.55,1008.29
2179,196.02,27.84,27.51,45.53,1008.28
2180,196.11,27.84,27.51,45.55,1008.29
2181,196.20,27.84,27.51,45.55,1008.30
2182,196.29,27.84,27.49,45.52,1008.32
2183,196.38,27.84,27.49,45.50,1008.33
2184,196.47,27.84,27.49,45.50,1008.32
2185,196.56,27.85,27.51,45.50,1008.32
2186,196.65,27.85,27.49,45.53,1008.31
2187,196.74,27.85,27.49,45.54,1008.31
2188,196.83,27.86,27.50,45.55,1008.31
2189,196.92,27.85,27.51,45.53,1008.31
2190,197.01,27.85,27.50,45.52,1008.31
2191,197.10,27.86,27.47,45.54,1008.31
2192,197.19,27.87,27.46,45.55,1008.30
2193,197.28,27.86,27.46,45.55,1008.30
2194,197.37,27.87,27.49,45.57,1008.29
2195,197.46,27.87,27.50,45.56,1008.28
2196,197.55,27.87,27.50,45.55,1008.28
2197,197.64,27.85,27.49,45.54,1008.29
2198,197.73,27.84,27.48,45.52,1008.29
2199,197.82,27.84,27.48,45.55,1008.28
2200,197.91,27.84,27.49,45.62,1008.28
2201,198.00,27.84,27.47,45.60,1008.28
2202,198.09,27.84,27.46,45.61,1008.29
2203,198.18,27.84,27.46,45.59,1008.30
2204,198.27,27.84,27.48,45.61,1008.33
2205,198.36,27.85,27.49,45.63,1008.32
2206,198.45,27.85,27.48,45.63,1008.32
2207,198.54,27.85,27.47,45.62,1008.33
2208,198.63,27.86,27.48,45.63,1008.33
2209,198.72,27.86,27.49,45.60,1008.33
2210,198.81,27.86,27.48,45.61,1008.32
2211,198.90,27.85,27.49,45.64,1008.33
2212,198.99,27.84,27.49,45.62,1008.33
2213,199.08,27.84,27.49,45.68,1008.33
2214,199.17,27.84,27.48,45.67,1008.33
2215,199.26,27.85,27.47,45.68,1008.34
2216,199.35,27.85,27.47,45.69,1008.35
2217,199.44,27.85,27.47,45.68,1008.35
2218,199.53,27.86,27.49,45.71,1008.34
2219,199.62,27.87,27.49,45.72,1008.35
2220,199.71,27.86,27.50,45.72,1008.34
2221,199.80,27.85,27.49,45.73,1008.35
2222,199.89,27.87,27.50,45.74,1008.35
2223,199.98,27.88,27.50,45.72,1008.37
2224,200.07,27.88,27.49,45.70,1008.37
2225,200.16,27.88,27.49,45.69,1008.37
2226,200.25,27.89,27.50,45.66,1008.37
2227,200.34,27.89,27.52,45.66,1008.38
2228,200.43,27.88,27.52,45.67,1008.38
2229,200.52,27.88,27.52,45.66,1008.37
2230,200.61,27.89,27.52,45.65,1008.37
2231,200.70,27.88,27.51,45.64,1008.36
2232,200.79,27.89,27.52,45.64,1008.36
2233,200.88,27.88,27.53,45.59,1008.36
2234,200.97,27.88,27.52,45.62,1008.35
2235,201.06,27.87,27.50,45.60,1008.36
2236,201.15,27.86,27.50,45.58,1008.36
2237,201.24,27.85,27.53,45.61,1008.36
2238,201.33,27.85,27.52,45.62,1008.36
2239,201.42,27.85,27.54,45.60,1008.36
2240,201.51,27.84,27.54,45.62,1008.35
2241,201.60,27.84,27.52,45.60,1008.36
2242,201.69,27.84,27.52,45.63,1008.37
2243,201.78,27.84,27.53,45.63,1008.36
2244,201.87,27.84,27.53,45.59,1008.35
2245,201.96,27.84,27.52,45.60,1008.32
2246,202.05,27.84,27.52,45.57,1008.33
2247,202.14,27.84,27.53,45.58,1008.31
2248,202.23,27.84,27.53,45.56,1008.30
2249,202.32,27.84,27.52,45.56,1008.29
2250,202.41,27.84,27.52,45.55,1008.29
2251,202.50,27.84,27.51,45.52,1008.27
2252,202.59,27.84,27.51,45.54,1008.27
2253,202.68,27.84,27.52,45.52,1008.28
2254,202.77,27.84,27.52,45.53,1008.28
2255,202.86,27.84,27.52,45.50,1008.29
2256,202.95,27.84,27.50,45.53,1008.29
2257,203.04,27.84,27.50,45.53,1008.30
2258,203.13,27.84,27.50,45.54,1008.31
2259,203.22,27.84,27.49,45.55,1008.31
2260,203.31,27.84,27.48,45.54,1008.31
2261,203.40,27.84,27.48,45.54,1008.32
2262,203.49,27.84,27.48,45.54,1008.33
2263,203.58,27.84,27.47,45.57,1008.32
2264,203.67,27.84,27.47,45.59,1008.32
2265,203.76,27.84,27.49,45.60,1008.32
2266,203.85,27.84,27.45,45.59,1008.33
2267,203.94,27.84,27.47,45.60,1008.32
2268,204.03,27.84,27.44,45.59,1008.33
2269,204.12,27.84,27.42,45.54,1008.34
2270,204.21,27.84,27.41,45.57,1008.33
2271,204.30,27.84,27.42,45.56,1008.33
2272,204.39,27.84,27.40,45.59,1008.34
2273,204.48,27.84,27.42,45.55,1008.35
2274,204.57,27.84,27.42,45.54,1008.35
2275,204.66,27.84,27.43,45.55,1008.35
2276,204.75,27.84,27.44,45.57,1008.34
2277,204.84,27.84,27.44,45.55,1008.34
2278,204.93,27.84,27.42,45.55,1008.35
2279,205.02,27.84,27.40,45.57,1008.36
2280,205.11,27.84,27.39,45.56,1008.37
2281,205.20,27.84,27.40,45.58,1008.38
2282,205.29,27.84,27.38,45.58,1008.37
2283,205.38,27.84,27.39,45.56,1008.36
2284,205.47,27.84,27.40,45.54,1008.37
2285,205.56,27.84,27.42,45.51,1008.38
2286,205.65,27.84,27.43,45.53,1008.39
2287,205.74,27.84,27.44,45.52,1008.39
2288,205.83,27.84,27.44,45.50,1008.40
2289,205.92,27.84,27.44,45.48,1008.42
2290,206.01,27.84,27.46,45.51,1008.40
2291,206.10,27.84,27.45,45.52,1008.40
2292,206.19,27.84,27.43,45.50,1008.40
2293,206.28,27.84,27.43,45.50,1008.40
2294,206.37,27.84,27.43,45.47,1008.40
2295,206.46,27.84,27.44,45.50,1008.42
2296,206.55,27.84,27.45,45.50,1008.41
2297,206.64,27.84,27.44,45.49,1008.41
2298,206.73,27.84,27.43,45.51,1008.41
2299,206.82,27.84,27.41,45.53,1008.40
2300,206.91,27.84,27.40,45.52,1008.41
2301,207.00,27.84,27.39,45.54,1008.41
2302,207.09,27.84,27.39,45.55,1008.40
2303,207.18,27.84,27.41,45.56,1008.40
2304,207.27,27.84,27.39,45.55,1008.38
2305,207.36,27.84,27.39,45.54,1008.36
2306,207.45,27.84,27.39,45.56,1008.36
2307,207.54,27.84,27.40,45.54,1008.36
2308,207.63,27.84,27.39,45.54,1008.36
2309,207.72,27.84,27.40,45.57,1008.36
2310,207.81,27.84,27.42,45.56,1008.35
2311,207.90,27.84,27.40,45.55,1008.34
2312,207.99,27.84,27.39,45.59,1008.34
2313,208.08,27.84,27.42,45.59,1008.33
2314,208.17,27.84,27.40,45.60,1008.33
2315,208.26,27.84,27.39,45.61,1008.32
2316,208.35,27.84,27.39,45.59,1008.31
2317,208.44,27.84,27.38,45.62,1008.31
2318,208.53,27.84,27.39,45.62,1008.31
2319,208.62,27.84,27.41,45.63,1008.29
2320,208.71,27.84,27.39,45.66,1008.28
2321,208.80,27.84,27.39,45.66,1008.29
2322,208.89,27.84,27.40,45.70,1008.29
2323,208.98,27.84,27.40,45.72,1008.31
2324,209.07,27.84,27.41,45.67,1008.31
2325,209.16,27.84,27.43,45.66,1008.31
2326,209.25,27.84,27.43,45.65,1008.30
2327,209.34,27.84,27.44,45.62,1008.29
2328,209.43,27.84,27.44,45.64,1008.29
2329,209.52,27.84,27.44,45.60,1008.29
2330,209.61,27.84,27.41,45.58,1008.29
2331,209.70,27.84,27.41,45.57,1008.30
2332,209.79,27.84,27.40,45.58,1008.29
2333,209.88,27.84,27.42,45.58,1008.29
2334,209.97,27.84,27.43,45.57,1008.30
2335,210.06,27.84,27.43,45.60,1008.30
2336,210.15,27.84,27.45,45.61,1008.29
2337,210.24,27.84,27.44,45.63,1008.30
2338,210.33,27.84,27.42,45.64,1008.30
2339,210.42,27.84,27.42,45.64,1008.30
2340,210.51,27.84,27.42,45.63,1008.30
2341,210.60,27.84,27.43,45.68,1008.29
2342,210.69,27.84,27.43,45.69,1008.30
2343,210.78,27.84,27.45,45.66,1008.31
2344,210.87,27.84,27.47,45.65,1008.34
2345,210.96,27.84,27.46,45.62,1008.35
2346,211.05,27.84,27.47,45.68,1008.35
2347,211.14,27.84,27.48,45.70,1008.37
2348,211.23,27.84,27.47,45.71,1008.38
2349,211.32,27.84,27.46,45.73,1008.38
2350,211.41,27.84,27.48,45.72,1008.38
2351,211.50,27.84,27.47,45.72,1008.39
2352,211.59,27.84,27.47,45.68,1008.38
2353,211.68,27.84,27.49,45.68,1008.38
2354,211.77,27.84,27.50,45.69,1008.39
2355,211.86,27.84,27.49,45.69,1008.39
2356,211.95,27.84,27.48,45.69,1008.39
2357,212.04,27.84,27.48,45.68,1008.40
2358,212.13,27.84,27.49,45.67,1008.40
2359,212.22,27.84,27.48,45.66,1008.41
2360,212.31,27.84,27.48,45.65,1008.42
2361,212.40,27.84,27.47,45.66,1008.42
2362,212.49,27.84,27.45,45.64,1008.41
2363,212.58,27.84,27.46,45.65,1008.40
2364,212.67,27.84,27.45,45.64,1008.39
2365,212.76,27.84,27.45,45.63,1008.40
2366,212.85,27.84,27.45,45.60,1008.41
2367,212.94,27.84,27.45,45.57,1008.40
2368,213.03,27.84,27.44,45.57,1008.40
2369,213.12,27.84,27.44,45.58,1008.39
2370,213.21,27.84,27.43,45.60,1008.39
2371,213.30,27.84,27.42,45.60,1008.37
2372,213.39,27.84,27.42,45.61,1008.37
2373,213.48,27.84,27.42,45.59,1008.37
2374,213.57,27.84,27.44,45.60,1008.37
2375,213.66,27.84,27.43,45.59,1008.35
2376,213.75,27.84,27.44,45.59,1008.35
2377,213.84,27.84,27.43,45.61,1008.34
2378,213.93,27.84,27.42,45.60,1008.34
2379,214.02,27.84,27.43,45.59,1008.33
2380,214.11,27.84,27.42,45.61,1008.33
2381,214.20,27.84,27.40,45.60,1008.33
2382,214.29,27.84,27.40,45.57,1008.33
2383,214.38,27.84,27.39,45.55,1008.31
2384,214.47,27.84,27.39,45.56,1008.30
2385,214.56,27.84,27.40,45.56,1008.29
2386,214.65,27.84,27.39,45.61,1008.28
2387,214.74,27.84,27.37,45.60,1008.29
2388,214.83,27.84,27.39,45.61,1008.29
2389,214.92,27.84,27.38,45.60,1008.29
2390,215.01,27.84,27.37,45.60,1008.30
2391,215.10,27.84,27.35,45.58,1008.30
2392,215.19,27.84,27.37,45.58,1008.31
2393,215.28,27.84,27.38,45.61,1008.31
2394,215.37,27.84,27.38,45.63,1008.31
2395,215.46,27.84,27.39,45.58,1008.31
2396,215.55,27.84,27.38,45.59,1008.31
2397,215.64,27.84,27.37,45.60,1008.31
2398,215.73,27.84,27.37,45.62,1008.31
2399,215.82,27.84,27.36,45.60,1008.32
2400,215.91,27.84,27.38,45.60,1008.31
2401,216.00,27.84,27.38,45.60,1008.31
2402,216.09,27.84,27.37,45.61,1008.32
2403,216.18,27.84,27.37,45.60,1008.32
2404,216.27,27.84,27.38,45.59,1008.34
2405,216.36,27.84,27.36,45.59,1008.34
2406,216.45,27.84,27.36,45.62,1008.35
2407,216.54,27.84,27.35,45.62,1008.36
2408,216.63,27.84,27.35,45.61,1008.37
2409,216.72,27.84,27.32,45.63,1008.38
2410,216.81,27.84,27.34,45.60,1008.38
2411,216.90,27.84,27.32,45.58,1008.38
2412,216.99,27.84,27.34,45.57,1008.39
2413,217.08,27.84,27.33,45.57,1008.39
2414,217.17,27.84,27.34,45.57,1008.40
2415,217.26,27.84,27.34,45.56,1008.39
2416,217.35,27.84,27.35,45.57,1008.40
2417,217.44,27.84,27.33,45.60,1008.42
2418,217.53,27.84,27.31,45.62,1008.43
2419,217.62,27.84,27.34,45.63,1008.43
2420,217.71,27.84,27.32,45.66,1008.44
2421,217.80,27.84,27.32,45.69,1008.45
2422,217.89,27.84,27.31,45.71,1008.44
2423,217.98,27.84,27.31,45.70,1008.44
2424,218.07,27.84,27.32,45.73,1008.44
2425,218.16,27.84,27.34,45.74,1008.44
2426,218.25,27.84,27.35,45.74,1008.44
2427,218.34,27.84,27.34,45.73,1008.43
2428,218.43,27.84,27.34,45.71,1008.43
2429,218.52,27.84,27.35,45.69,1008.44
2430,218.61,27.84,27.34,45.70,1008.43
2431,218.70,27.84,27.34,45.72,1008.43
2432,218.79,27.84,27.33,45.70,1008.42
2433,218.88,27.84,27.33,45.69,1008.43
2434,218.97,27.84,27.35,45.67,1008.42
2435,219.06,27.84,27.35,45.70,1008.42
2436,219.15,27.84,27.33,45.70,1008.40
2437,219.24,27.84,27.33,45.66,1008.40
2438,219.33,27.84,27.34,45.67,1008.40
2439,219.42,27.84,27.35,45.69,1008.40
2440,219.51,27.84,27.35,45.68,1008.40
2441,219.60,27.84,27.35,45.68,1008.40
2442,219.69,27.84,27.36,45.68,1008.39
2443,219.78,27.84,27.35,45.66,1008.38
2444,219.87,27.84,27.38,45.67,1008.37
2445,219.96,27.84,27.39,45.67,1008.35
2446,220.05,27.84,27.39,45.69,1008.35
2447,220.14,27.84,27.38,45.70,1008.35
2448,220.23,27.84,27.38,45.71,1008.33
2449,220.32,27.84,27.38,45.69,1008.33
2450,220.41,27.84,27.39,45.67,1008.33
2451,220.50,27.84,27.39,45.64,1008.32
2452,220.59,27.84,27.39,45.61,1008.31
2453,220.68,27.84,27.38,45.61,1008.30
2454,220.77,27.84,27.38,45.60,1008.30
2455,220.86,27.84,27.37,45.60,1008.30
2456,220.95,27.84,27.38,45.60,1008.30
2457,221.04,27.84,27.41,45.63,1008.30
2458,221.13,27.84,27.42,45.60,1008.29
2459,221.22,27.84,27.42,45.61,1008.30
2460,221.31,27.84,27.43,45.62,1008.30
2461,221.40,27.84,27.44,45.64,1008.31
2462,221.49,27.84,27.43,45.63,1008.31
2463,221.58,27.84,27.43,45.62,1008.31
2464,221.67,27.84,27.44,45.56,1008.31
2465,221.76,27.84,27.44,45.56,1008.31
2466,221.85,27.84,27.45,45.57,1008.31
2467,221.94,27.84,27.46,45.57,1008.31
2468,222.03,27.84,27.45,45.57,1008.31
2469,222.12,27.84,27.43,45.59,1008.31
2470,222.21,27.84,27.43,45.59,1008.31
2471,222.30,27.84,27.42,45.56,1008.31
2472,222.39,27.84,27.42,45.57,1008.32
2473,222.48,27.84,27.43,45.58,1008.34
2474,222.57,27.84,27.43,45.59,1008.34
2475,222.66,27.84,27.43,45.61,1008.35
2476,222.75,27.84,27.44,45.62,1008.35
2477,222.84,27.84,27.43,45.60,1008.37
2478,222.93,27.84,27.42,45.62,1008.36
2479,223.02,27.84,27.42,45.61,1008.36
2480,223.11,27.84,27.43,45.62,1008.36
2481,223.20,27.84,27.41,45.65,1008.37
2482,223.29,27.84,27.41,45.64,1008.37
2483,223.38,27.84,27.41,45.64,1008.38
2484,223.47,27.84,27.40,45.62,1008.39
2485,223.56,27.84,27.39,45.63,1008.41
2486,223.65,27.84,27.40,45.62,1008.40
2487,223.74,27.84,27.40,45.60,1008.38
2488,223.83,27.84,27.39,45.59,1008.38
2489,223.92,27.84,27.38,45.56,1008.38
2490,224.01,27.84,27.39,45.56,1008.37
2491,224.10,27.84,27.39,45.55,1008.38
2492,224.19,27.84,27.39,45.55,1008.38
2493,224.28,27.84,27.40,45.57,1008.38
2494,224.37,27.84,27.38,45.55,1008.38
2495,224.46,27.84,27.38,45.53,1008.37
2496,224.55,27.84,27.37,45.50,1008.37
2497,224.64,27.84,27.39,45.48,1008.37
2498,224.73,27.84,27.39,45.48,1008.38
2499,224.82,27.84,27.41,45.45,1008.36
2500,224.91,27.84,27.40,45.50,1008.37
2501,225.00,27.84,27.39,45.48,1008.36
2502,225.09,27.84,27.40,45.47,1008.35
2503,225.18,27.84,27.39,45.48,1008.35
2504,225.27,27.84,27.39,45.50,1008.35
2505,225.36,27.84,27.37,45.51,1008.34
2506,225.45,27.84,27.36,45.52,1008.34
2507,225.54,27.84,27.34,45.56,1008.35
2508,225.63,27.84,27.33,45.53,1008.36
2509,225.72,27.84,27.35,45.53,1008.35
2510,225.81,27.84,27.36,45.51,1008.35
2511,225.90,27.84,27.38,45.47,1008.34
2512,225.99,27.84,27.37,45.45,1008.33
2513,226.08,27.84,27.36,45.48,1008.32
2514,226.17,27.84,27.35,45.47,1008.32
2515,226.26,27.84,27.37,45.47,1008.32
2516,226.35,27.84,27.35,45.46,1008.32
2517,226.44,27.84,27.34,45.51,1008.31
2518,226.53,27.84,27.36,45.53,1008.30
2519,226.62,27.84,27.36,45.54,1008.30
2520,226.71,27.84,27.35,45.52,1008.30
2521,226.80,27.84,27.35,45.54,1008.29
2522,226.89,27.84,27.36,45.53,1008.29
2523,226.98,27.84,27.36,45.53,1008.29
2524,227.07,27.84,27.36,45.55,1008.27
2525,227.16,27.84,27.36,45.55,1008.28
2526,227.25,27.84,27.35,45.57,1008.26
2527,227.34,27.84,27.34,45.57,1008.25
2528,227.43,27.84,27.34,45.53,1008.25
2529,227.52,27.84,27.32,45.53,1008.26
2530,227.61,27.84,27.34,45.55,1008.26
2531,227.70,27.84,27.32,45.54,1008.26
2532,227.79,27.84,27.32,45.52,1008.25
2533,227.88,27.84,27.34,45.53,1008.26
2534,227.97,27.84,27.33,45.53,1008.26
2535,228.06,27.84,27.34,45.52,1008.27
2536,228.15,27.84,27.32,45.50,1008.28
2537,228.24,27.84,27.34,45.48,1008.30
2538,228.33,27.84,27.35,45.49,1008.30
2539,228.42,27.84,27.33,45.49,1008.30
2540,228.51,27.84,27.33,45.47,1008.32
2541,228.60,27.84,27.32,45.44,1008.32
2542,228.69,27.84,27.31,45.45,1008.32
2543,228.78,27.84,27.34,45.46,1008.32
2544,228.87,27.84,27.34,45.46,1008.33
2545,228.96,27.84,27.33,45.45,1008.34
2546,229.05,27.84,27.33,45.45,1008.34
2547,229.14,27.84,27.35,45.47,1008.34
2548,229.23,27.84,27.36,45.45,1008.34
2549,229.32,27.84,27.38,45.49,1008.34
2550,229.41,27.84,27.39,45.49,1008.36
2551,229.50,27.84,27.39,45.49,1008.37
2552,229.59,27.84,27.40,45.48,1008.36
2553,229.68,27.84,27.39,45.48,1008.38
2554,229.77,27.84,27.37,45.48,1008.38
2555,229.86,27.84,27.39,45.46,1008.38
2556,229.95,27.84,27.39,45.45,1008.39
2557,230.04,27.84,27.38,45.44,1008.39
2558,230.13,27.84,27.37,45.43,1008.39
2559,230.22,27.84,27.37,45.41,1008.38
2560,230.31,27.84,27.36,45.38,1008.39
2561,230.40,27.84,27.38,45.40,1008.39
2562,230.49,27.84,27.39,45.41,1008.39
2563,230.58,27.84,27.40,45.40,1008.39
2564,230.67,27.84,27.39,45.41,1008.39
2565,230.76,27.84,27.39,45.36,1008.38
2566,230.85,27.84,27.41,45.34,1008.37
2567,230.94,27.84,27.41,45.32,1008.37
2568,231.03,27.84,27.42,45.34,1008.36
2569,231.12,27.84,27.43,45.37,1008.36
2570,231.21,27.84,27.43,45.34,1008.36
2571,231.30,27.84,27.45,45.34,1008.37
2572,231.39,27.84,27.45,45.32,1008.38
2573,231.48,27.84,27.44,45.33,1008.37
2574,231.57,27.84,27.42,45.30,1008.36
2575,231.66,27.84,27.40,45.35,1008.35
2576,231.75,27.84,27.40,45.32,1008.34
2577,231.84,27.84,27.40,45.31,1008.34
2578,231.93,27.84,27.38,45.32,1008.33
2579,232.02,27.84,27.40,45.34,1008.31
2580,232.11,27.84,27.39,45.34,1008.32
2581,232.20,27.84,27.39,45.36,1008.32
2582,232.29,27.84,27.38,45.34,1008.32
2583,232.38,27.84,27.39,45.36,1008.31
2584,232.47,27.84,27.37,45.36,1008.31
2585,232.56,27.84,27.37,45.34,1008.31
2586,232.65,27.84,27.39,45.35,1008.30
2587,232.74,27.84,27.39,45.34,1008.30
2588,232.83,27.84,27.37,45.33,1008.30
2589,232.92,27.84,27.38,45.33,1008.30
2590,233.01,27.84,27.38,45.33,1008.29
2591,233.10,27.84,27.37,45.32,1008.29
2592,233.19,27.84,27.36,45.31,1008.27
2593,233.28,27.84,27.37,45.31,1008.27
2594,233.37,27.84,27.38,45.27,1008.28
2595,233.46,27.84,27.38,45.27,1008.28
2596,233.55,27.84,27.37,45.28,1008.28
2597,233.64,27.84,27.38,45.29,1008.29
2598,233.73,27.84,27.39,45.29,1008.29
2599,233.82,27.84,27.38,45.29,1008.30
2600,233.91,27.84,27.39,45.27,1008.32
2601,234.00,27.84,27.39,45.27,1008.31
2602,234.09,27.84,27.38,45.27,1008.31
2603,234.18,27.84,27.36,45.27,1008.30
2604,234.27,27.84,27.37,45.29,1008.30
2605,234.36,27.84,27.35,45.27,1008.30
2606,234.45,27.84,27.34,45.24,1008.30
2607,234.54,27.84,27.35,45.22,1008.30
2608,234.63,27.84,27.35,45.21,1008.29
2609,234.72,27.84,27.36,45.22,1008.28
2610,234.81,27.84,27.34,45.22,1008.28
2611,234.90,27.84,27.35,45.19,1008.30
2612,234.99,27.84,27.35,45.19,1008.32
2613,235.08,27.84,27.36,45.18,1008.32
2614,235.17,27.84,27.37,45.21,1008.33
2615,235.26,27.84,27.40,45.23,1008.34
2616,235.35,27.84,27.39,45.20,1008.34
2617,235.44,27.84,27.38,45.20,1008.35
2618,235.53,27.84,27.39,45.18,1008.36
2619,235.62,27.84,27.40,45.19,1008.36
2620,235.71,27.84,27.40,45.19,1008.36
2621,235.80,27.84,27.39,45.21,1008.36
2622,235.89,27.84,27.39,45.22,1008.39
2623,235.98,27.84,27.38,45.20,1008.40
2624,236.07,27.84,27.38,45.25,1008.39
2625,236.16,27.84,27.36,45.27,1008.40
2626,236.25,27.84,27.36,45.26,1008.39
2627,236.34,27.84,27.34,45.24,1008.42
2628,236.43,27.84,27.32,45.22,1008.43
2629,236.52,27.84,27.33,45.22,1008.42
2630,236.61,27.84,27.33,45.21,1008.42
2631,236.70,27.84,27.33,45.20,1008.41
2632,236.79,27.84,27.30,45.20,1008.40
2633,236.88,27.84,27.31,45.17,1008.39
2634,236.97,27.84,27.33,45.17,1008.39
2635,237.06,27.84,27.34,45.19,1008.39
2636,237.15,27.84,27.32,45.18,1008.41
2637,237.24,27.84,27.33,45.18,1008.40
2638,237.33,27.84,27.32,45.21,1008.40
2639,237.42,27.84,27.31,45.20,1008.41
2640,237.51,27.84,27.31,45.18,1008.40
2641,237.60,27.84,27.32,45.20,1008.40
2642,237.69,27.84,27.31,45.22,1008.40
2643,237.78,27.84,27.30,45.23,1008.39
2644,237.87,27.84,27.29,45.21,1008.38
2645,237.96,27.84,27.28,45.18,1008.37
2646,238.05,27.84,27.27,45.14,1008.36
2647,238.14,27.84,27.27,45.16,1008.36
2648,238.23,27.84,27.27,45.18,1008.35
2649,238.32,27.84,27.29,45.16,1008.35
2650,238.41,27.84,27.29,45.17,1008.35
2651,238.50,27.84,27.29,45.15,1008.34
2652,238.59,27.84,27.27,45.17,1008.33
2653,238.68,27.84,27.28,45.18,1008.32
2654,238.77,27.84,27.30,45.20,1008.32
2655,238.86,27.84,27.29,45.23,1008.32
2656,238.95,27.84,27.31,45.25,1008.31
2657,239.04,27.84,27.31,45.24,1008.31
2658,239.13,27.84,27.31,45.25,1008.31
2659,239.22,27.84,27.29,45.26,1008.30
2660,239.31,27.84,27.29,45.24,1008.30
2661,239.40,27.84,27.28,45.24,1008.29
2662,239.49,27.84,27.29,45.27,1008.29
2663,239.58,27.84,27.32,45.27,1008.29
2664,239.67,27.84,27.34,45.22,1008.28
2665,239.76,27.84,27.34,45.20,1008.29
2666,239.85,27.84,27.36,45.19,1008.30
2667,239.94,27.84,27.37,45.21,1008.30
2668,240.03,27.84,27.36,45.20,1008.30
2669,240.12,27.84,27.35,45.20,1008.31
2670,240.21,27.84,27.34,45.20,1008.30
2671,240.30,27.84,27.33,45.18,1008.30
2672,240.39,27.84,27.35,45.17,1008.30
2673,240.48,27.84,27.33,45.17,1008.31
2674,240.57,27.84,27.35,45.19,1008.31
2675,240.66,27.84,27.36,45.18,1008.30
2676,240.75,27.84,27.35,45.16,1008.31
2677,240.84,27.84,27.33,45.15,1008.31
2678,240.93,27.84,27.34,45.16,1008.32
2679,241.02,27.84,27.36,45.17,1008.32
2680,241.11,27.84,27.37,45.17,1008.33
2681,241.20,27.84,27.37,45.15,1008.34
2682,241.29,27.84,27.37,45.15,1008.36
2683,241.38,27.84,27.37,45.16,1008.36
2684,241.47,27.84,27.37,45.14,1008.36
2685,241.56,27.84,27.37,45.16,1008.36
2686,241.65,27.84,27.37,45.15,1008.37
2687,241.74,27.84,27.40,45.11,1008.39
2688,241.83,27.84,27.38,45.13,1008.38
2689,241.92,27.84,27.37,45.15,1008.39
2690,242.01,27.84,27.38,45.18,1008.39
2691,242.10,27.84,27.38,45.15,1008.40
2692,242.19,27.84,27.39,45.15,1008.40
2693,242.28,27.84,27.40,45.18,1008.40
2694,242.37,27.84,27.37,45.18,1008.39
2695,242.46,27.83,27.38,45.15,1008.39
2696,242.55,27.83,27.36,45.17,1008.38
2697,242.64,27.83,27.35,45.20,1008.39
2698,242.73,27.83,27.35,45.21,1008.39
2699,242.82,27.83,27.34,45.22,1008.40
2700,242.91,27.83,27.33,45.22,1008.39
2701,243.00,27.83,27.33,45.21,1008.39
2702,243.09,27.83,27.32,45.25,1008.38
2703,243.18,27.83,27.32,45.21,1008.36
2704,243.27,27.83,27.33,45.22,1008.37
2705,243.36,27.83,27.35,45.23,1008.37
2706,243.45,27.83,27.35,45.20,1008.39
2707,243.54,27.83,27.36,45.20,1008.38
2708,243.63,27.83,27.37,45.19,1008.38
2709,243.72,27.83,27.38,45.22,1008.37
2710,243.81,27.83,27.37,45.20,1008.37
2711,243.90,27.83,27.33,45.21,1008.36
2712,243.99,27.83,27.32,45.22,1008.34
2713,244.08,27.83,27.31,45.25,1008.35
2714,244.17,27.83,27.34,45.25,1008.34
2715,244.26,27.83,27.32,45.28,1008.34
2716,244.35,27.83,27.31,45.29,1008.33
2717,244.44,27.83,27.30,45.29,1008.33
2718,244.53,27.83,27.29,45.25,1008.33
2719,244.62,27.83,27.30,45.27,1008.32
2720,244.71,27.83,27.29,45.26,1008.32
2721,244.80,27.83,27.31,45.24,1008.34
2722,244.89,27.83,27.30,45.24,1008.33
2723,244.98,27.83,27.31,45.22,1008.33
2724,245.07,27.83,27.31,45.20,1008.33
2725,245.16,27.83,27.33,45.20,1008.31
2726,245.25,27.83,27.31,45.20,1008.31
2727,245.34,27.83,27.31,45.21,1008.32
2728,245.43,27.83,27.30,45.19,1008.34
2729,245.52,27.83,27.28,45.18,1008.33
2730,245.61,27.83,27.27,45.16,1008.34
2731,245.70,27.83,27.27,45.16,1008.33
2732,245.79,27.83,27.26,45.15,1008.33
2733,245.88,27.83,27.25,45.14,1008.34
2734,245.97,27.83,27.26,45.12,1008.34
2735,246.06,27.83,27.28,45.11,1008.32
2736,246.15,27.83,27.28,45.09,1008.32
2737,246.24,27.83,27.29,45.09,1008.33
2738,246.33,27.83,27.30,45.10,1008.32
2739,246.42,27.83,27.30,45.11,1008.32
2740,246.51,27.83,27.29,45.12,1008.32
2741,246.60,27.83,27.31,45.13,1008.31
2742,246.69,27.83,27.31,45.12,1008.31
2743,246.78,27.83,27.28,45.10,1008.31
2744,246.87,27.83,27.27,45.16,1008.33
2745,246.96,27.83,27.26,45.22,1008.33
2746,247.05,27.83,27.26,45.24,1008.33
2747,247.14,27.83,27.26,45.25,1008.34
2748,247.23,27.83,27.28,45.23,1008.34
2749,247.32,27.83,27.28,45.24,1008.34
2750,247.41,27.83,27.30,45.25,1008.33
2751,247.50,27.83,27.29,45.25,1008.32
2752,247.59,27.83,27.28,45.26,1008.32
2753,247.68,27.83,27.28,45.26,1008.33
2754,247.77,27.83,27.26,45.29,1008.33
2755,247.86,27.83,27.24,45.30,1008.34
2756,247.95,27.83,27.26,45.31,1008.35
2757,248.04,27.83,27.27,45.32,1008.34
2758,248.13,27.83,27.27,45.30,1008.35
2759,248.22,27.83,27.27,45.31,1008.35
2760,248.31,27.83,27.27,45.36,1008.34
2761,248.40,27.83,27.27,45.35,1008.35
2762,248.49,27.83,27.26,45.37,1008.35
2763,248.58,27.83,27.25,45.38,1008.35
2764,248.67,27.83,27.26,45.41,1008.35
2765,248.76,27.83,27.24,45.40,1008.36
2766,248.85,27.83,27.24,45.36,1008.36
2767,248.94,27.83,27.26,45.37,1008.36
2768,249.03,27.83,27.26,45.37,1008.36
2769,249.12,27.83,27.24,45.39,1008.36
2770,249.21,27.83,27.26,45.40,1008.35
2771,249.30,27.83,27.26,45.37,1008.36
2772,249.39,27.83,27.25,45.36,1008.36
2773,249.48,27.83,27.25,45.36,1008.36
2774,249.57,27.83,27.25,45.37,1008.37
2775,249.66,27.83,27.26,45.32,1008.38
2776,249.75,27.83,27.26,45.30,1008.39
2777,249.84,27.83,27.26,45.29,1008.38
2778,249.93,27.83,27.28,45.27,1008.38
2779,250.02,27.83,27.29,45.25,1008.38
2780,250.11,27.83,27.30,45.24,1008.38
2781,250.20,27.83,27.31,45.21,1008.38
2782,250.29,27.83,27.33,45.21,1008.40
2783,250.38,27.83,27.35,45.22,1008.39
2784,250.47,27.83,27.35,45.21,1008.38
2785,250.56,27.83,27.33,45.24,1008.37
2786,250.65,27.83,27.34,45.21,1008.35
2787,250.74,27.83,27.34,45.18,1008.34
2788,250.83,27.83,27.37,45.16,1008.35
2789,250.92,27.83,27.36,45.19,1008.35
2790,251.01,27.83,27.35,45.20,1008.37
2791,251.10,27.83,27.34,45.20,1008.37
2792,251.19,27.83,27.35,45.18,1008.36
2793,251.28,27.83,27.34,45.17,1008.35
2794,251.37,27.83,27.34,45.14,1008.35
2795,251.46,27.83,27.35,45.09,1008.34
2796,251.55,27.83,27.36,45.11,1008.35
2797,251.64,27.83,27.38,45.10,1008.35
2798,251.73,27.83,27.38,45.13,1008.34
2799,251.82,27.83,27.38,45.13,1008.33
2800,251.91,27.83,27.34,45.16,1008.32
2801,252.00,27.83,27.34,45.15,1008.31
2802,252.09,27.83,27.33,45.17,1008.30
2803,252.18,27.83,27.32,45.14,1008.30
2804,252.27,27.83,27.33,45.11,1008.30
2805,252.36,27.83,27.32,45.09,1008.29
2806,252.45,27.83,27.31,45.08,1008.29
2807,252.54,27.83,27.30,45.06,1008.29
2808,252.63,27.83,27.28,45.07,1008.30
2809,252.72,27.83,27.29,45.08,1008.31
2810,252.81,27.83,27.32,45.08,1008.32
2811,252.90,27.83,27.33,45.05,1008.31
2812,252.99,27.83,27.34,45.08,1008.31
2813,253.08,27.83,27.35,45.09,1008.30
2814,253.17,27.83,27.35,45.08,1008.30
2815,253.26,27.83,27.34,45.08,1008.31
2816,253.35,27.83,27.33,45.11,1008.30
2817,253.44,27.83,27.34,45.09,1008.30
2818,253.53,27.83,27.33,45.13,1008.31
2819,253.62,27.83,27.34,45.11,1008.32
2820,253.71,27.83,27.32,45.08,1008.33
2821,253.80,27.83,27.34,45.09,1008.34
2822,253.89,27.83,27.34,45.04,1008.34
2823,253.98,27.83,27.32,45.01,1008.34
2824,254.07,27.83,27.32,45.02,1008.35
2825,254.16,27.83,27.33,45.02,1008.36
2826,254.25,27.83,27.31,44.99,1008.35
2827,254.34,27.83,27.32,45.01,1008.35
2828,254.43,27.83,27.32,44.99,1008.35
2829,254.52,27.83,27.31,45.01,1008.34
2830,254.61,27.83,27.30,44.99,1008.34
2831,254.70,27.83,27.28,45.03,1008.34
2832,254.79,27.83,27.27,45.03,1008.35
2833,254.88,27.83,27.26,45.05,1008.37
2834,254.97,27.83,27.27,45.03,1008.37
2835,255.06,27.83,27.27,45.03,1008.39
2836,255.15,27.83,27.27,45.03,1008.40
2837,255.24,27.83,27.27,45.00,1008.40
2838,255.33,27.83,27.26,45.01,1008.39
2839,255.42,27.83,27.27,44.98,1008.39
2840,255.51,27.83,27.28,44.96,1008.39
2841,255.60,27.83,27.26,44.97,1008.38
2842,255.69,27.83,27.25,44.98,1008.38
2843,255.78,27.83,27.26,45.00,1008.38
2844,255.87,27.83,27.25,45.01,1008.37
2845,255.96,27.83,27.24,45.00,1008.35
2846,256.05,27.83,27.25,45.00,1008.36
2847,256.14,27.83,27.25,44.98,1008.35
2848,256.23,27.83,27.27,44.98,1008.35
2849,256.32,27.83,27.27,44.96,1008.35
2850,256.41,27.83,27.26,44.98,1008.35
2851,256.50,27.83,27.26,44.98,1008.35
2852,256.59,27.83,27.23,45.03,1008.34
2853,256.68,27.83,27.23,45.02,1008.34
2854,256.77,27.83,27.23,45.02,1008.34
2855,256.86,27.83,27.24,45.01,1008.34
2856,256.95,27.83,27.24,45.00,1008.34
2857,257.04,27.83,27.23,44.98,1008.35
2858,257.13,27.83,27.23,44.97,1008.33
2859,257.22,27.83,27.23,44.97,1008.32
2860,257.31,27.83,27.22,44.96,1008.32
2861,257.40,27.83,27.24,44.96,1008.31
2862,257.49,27.83,27.24,44.99,1008.30
2863,257.58,27.83,27.23,44.96,1008.30
2864,257.67,27.83,27.23,44.95,1008.29
2865,257.76,27.83,27.24,44.97,1008.28
2866,257.85,27.83,27.21,45.03,1008.28
2867,257.94,27.83,27.21,45.03,1008.27
2868,258.03,27.83,27.23,45.02,1008.26
2869,258.12,27.83,27.24,45.03,1008.26
2870,258.21,27.83,27.23,44.98,1008.27
2871,258.30,27.83,27.25,44.96,1008.26
2872,258.39,27.83,27.25,44.96,1008.27
2873,258.48,27.83,27.24,45.00,1008.26
2874,258.57,27.83,27.25,44.98,1008.25
2875,258.66,27.83,27.25,44.97,1008.25
2876,258.75,27.83,27.25,45.00,1008.27
2877,258.84,27.83,27.24,44.99,1008.28
2878,258.93,27.83,27.26,44.99,1008.27
2879,259.02,27.83,27.26,44.99,1008.26
2880,259.11,27.83,27.25,45.00,1008.27
2881,259.20,27.83,27.27,44.97,1008.28
2882,259.29,27.83,27.28,44.99,1008.28
2883,259.38,27.83,27.30,44.95,1008.28
2884,259.47,27.83,27.31,44.94,1008.29
2885,259.56,27.83,27.30,44.93,1008.30
2886,259.65,27.83,27.28,44.91,1008.31
2887,259.74,27.83,27.29,44.91,1008.31
2888,259.83,27.83,27.30,44.88,1008.32
2889,259.92,27.83,27.29,44.87,1008.35
2890,260.01,27.83,27.32,44.88,1008.36
2891,260.10,27.83,27.31,44.89,1008.36
2892,260.19,27.83,27.33,44.88,1008.37
2893,260.28,27.83,27.34,44.89,1008.38
2894,260.37,27.83,27.34,44.89,1008.39
2895,260.46,27.83,27.35,44.89,1008.39
2896,260.55,27.83,27.36,44.90,1008.39
2897,260.64,27.83,27.34,44.92,1008.40
2898,260.73,27.83,27.34,44.91,1008.40
2899,260.82,27.83,27.33,44.89,1008.41
2900,260.91,27.83,27.31,44.51,1008.41
2901,261.00,27.83,27.31,44.91,1008.41
2902,261.09,27.83,27.31,44.81,1008.40
2903,261.18,27.83,27.31,44.88,1008.40
2904,261.27,27.83,27.32,44.87,1008.38
2905,261.36,27.83,27.32,44.90,1008.37
2906,261.45,27.83,27.31,44.87,1008.37
2907,261.54,27.83,27.33,44.88,1008.37
2908,261.63,27.83,27.34,44.87,1008.38
2909,261.72,27.83,27.34,44.88,1008.38
2910,261.81,27.83,27.34,44.87,1008.37
2911,261.90,27.83,27.33,44.88,1008.38
2912,261.99,27.83,27.35,44.86,1008.37
2913,262.08,27.83,27.34,44.90,1008.37
2914,262.17,27.83,27.33,44.90,1008.35
2915,262.26,27.83,27.32,44.92,1008.34
2916,262.35,27.83,27.32,44.88,1008.33
2917,262.44,27.83,27.33,44.90,1008.33
2918,262.53,27.83,27.34,44.90,1008.33
2919,262.62,27.83,27.34,44.91,1008.33
2920,262.71,27.83,27.33,44.93,1008.32
2921,262.80,27.83,27.35,44.96,1008.32
2922,262.89,27.83,27.35,44.94,1008.31
2923,262.98,27.83,27.35,44.94,1008.32
2924,263.07,27.83,27.35,44.96,1008.30
2925,263.16,27.83,27.35,44.92,1008.29
2926,263.25,27.83,27.36,44.92,1008.29
2927,263.34,27.83,27.35,44.90,1008.29
2928,263.43,27.83,27.33,44.89,1008.30
2929,263.52,27.83,27.33,44.88,1008.30
2930,263.61,27.83,27.33,44.89,1008.29
2931,263.70,27.83,27.35,44.90,1008.29
2932,263.79,27.83,27.35,44.89,1008.27
2933,263.88,27.83,27.35,44.90,1008.27
2934,263.97,27.83,27.34,44.93,1008.26
2935,264.06,27.83,27.35,44.93,1008.26
2936,264.15,27.83,27.36,44.93,1008.26
2937,264.24,27.83,27.34,44.90,1008.26
2938,264.33,27.83,27.33,44.91,1008.26
2939,264.42,27.83,27.32,44.90,1008.27
2940,264.51,27.83,27.32,44.89,1008.28
2941,264.60,27.83,27.31,44.89,1008.28
2942,264.69,27.83,27.30,44.91,1008.27
2943,264.78,27.83,27.31,44.91,1008.25
2944,264.87,27.83,27.31,44.86,1008.27
2945,264.96,27.83,27.29,44.88,1008.28
2946,265.05,27.83,27.30,44.84,1008.28
2947,265.14,27.83,27.30,44.84,1008.29
2948,265.23,27.83,27.32,44.82,1008.29
2949,265.32,27.83,27.30,44.82,1008.29
2950,265.41,27.83,27.28,44.83,1008.30
2951,265.50,27.83,27.27,44.81,1008.30
2952,265.59,27.83,27.27,44.84,1008.32
2953,265.68,27.83,27.26,44.86,1008.32
2954,265.77,27.83,27.28,44.84,1008.33
2955,265.86,27.83,27.25,44.86,1008.33
2956,265.95,27.83,27.24,44.84,1008.33
2957,266.04,27.83,27.24,44.85,1008.33
2958,266.13,27.83,27.23,44.89,1008.33
2959,266.22,27.83,27.25,44.83,1008.35
2960,266.31,27.83,27.26,44.82,1008.34
2961,266.40,27.83,27.25,44.82,1008.34
2962,266.49,27.83,27.24,44.80,1008.35
2963,266.58,27.83,27.24,44.80,1008.36
2964,266.67,27.83,27.23,44.81,1008.37
2965,266.76,27.83,27.25,44.81,1008.37
2966,266.85,27.83,27.26,44.81,1008.36
2967,266.94,27.83,27.24,44.81,1008.36
2968,267.03,27.83,27.22,44.79,1008.37
2969,267.12,27.83,27.22,44.79,1008.37
2970,267.21,27.83,27.21,44.80,1008.37
2971,267.30,27.83,27.22,44.81,1008.36
2972,267.39,27.83,27.21,44.79,1008.37
2973,267.48,27.83,27.22,44.77,1008.37
2974,267.57,27.83,27.23,44.78,1008.38
2975,267.66,27.83,27.22,44.77,1008.37
2976,267.75,27.83,27.24,44.77,1008.38
2977,267.84,27.83,27.24,44.78,1008.37
2978,267.93,27.83,27.22,44.78,1008.35
2979,268.02,27.83,27.22,44.79,1008.35
2980,268.11,27.83,27.23,44.80,1008.34
2981,268.20,27.83,27.22,44.80,1008.35
2982,268.29,27.83,27.20,44.79,1008.34
2983,268.38,27.83,27.18,44.78,1008.34
2984,268.47,27.83,27.20,44.79,1008.34
2985,268.56,27.83,27.20,44.78,1008.33
2986,268.65,27.83,27.22,44.78,1008.32
2987,268.74,27.83,27.25,44.78,1008.32
2988,268.83,27.83,27.25,44.79,1008.30
2989,268.92,27.83,27.23,44.79,1008.31
2990,269.01,27.83,27.24,44.79,1008.31
2991,269.10,27.83,27.25,44.78,1008.32
2992,269.19,27.83,27.26,44.78,1008.32
2993,269.28,27.83,27.26,44.74,1008.32
2994,269.37,27.83,27.26,44.73,1008.32
2995,269.46,27.83,27.24,44.74,1008.32
2996,269.55,27.83,27.25,44.73,1008.33
2997,269.64,27.83,27.28,44.74,1008.32
2998,269.73,27.83,27.28,44.72,1008.32
2999,269.82,27.83,27.27,44.75,1008.32
3000,269.91,27.83,27.28,44.70,1008.31
3001,270.00,27.83,27.29,44.72,1008.32
3002,270.09,27.83,27.29,44.73,1008.33
3003,270.18,27.83,27.29,44.74,1008.31
3004,270.27,27.83,27.27,44.73,1008.32
3005,270.36,27.83,27.28,44.72,1008.33
3006,270.45,27.83,27.29,44.69,1008.32
3007,270.54,27.83,27.30,44.67,1008.32
3008,270.63,27.83,27.31,44.66,1008.32
3009,270.72,27.83,27.30,44.64,1008.31
3010,270.81,27.83,27.30,44.67,1008.34
3011,270.90,27.83,27.31,44.64,1008.33
3012,270.99,27.83,27.28,44.65,1008.31
3013,271.08,27.83,27.27,44.63,1008.32
3014,271.17,27.83,27.27,44.64,1008.33
3015,271.26,27.83,27.24,44.65,1008.33
3016,271.35,27.83,27.25,44.64,1008.33
3017,271.44,27.83,27.24,44.60,1008.33
3018,271.53,27.83,27.22,44.62,1008.33
3019,271.62,27.83,27.22,44.62,1008.33
3020,271.71,27.83,27.20,44.63,1008.35
3021,271.80,27.83,27.19,44.65,1008.35
3022,271.89,27.83,27.20,44.66,1008.34
3023,271.98,27.83,27.22,44.66,1008.34
3024,272.07,27.83,27.22,44.70,1008.34
3025,272.16,27.83,27.23,44.68,1008.35
3026,272.25,27.83,27.24,44.70,1008.35
3027,272.34,27.83,27.25,44.69,1008.35
3028,272.43,27.83,27.26,44.71,1008.35
3029,272.52,27.83,27.25,44.71,1008.35
3030,272.61,27.83,27.25,44.73,1008.35
3031,272.70,27.83,27.27,44.75,1008.37
3032,272.79,27.83,27.29,44.75,1008.37
3033,272.88,27.83,27.30,44.74,1008.38
3034,272.97,27.83,27.32,44.75,1008.38
3035,273.06,27.83,27.36,44.74,1008.37
3036,273.15,27.83,27.37,44.76,1008.37
3037,273.24,27.83,27.37,44.77,1008.38
3038,273.33,27.83,27.38,44.76,1008.39
3039,273.42,27.83,27.37,44.76,1008.39
3040,273.51,27.83,27.38,44.78,1008.39
3041,273.60,27.83,27.37,44.80,1008.37
3042,273.69,27.83,27.39,44.83,1008.37
3043,273.78,27.83,27.39,44.83,1008.38
3044,273.87,27.83,27.41,44.83,1008.37
3045,273.96,27.83,27.39,44.82,1008.37
3046,274.05,27.83,27.38,44.79,1008.37
3047,274.14,27.83,27.37,44.77,1008.37
3048,274.23,27.83,27.34,44.76,1008.37
3049,274.32,27.83,27.34,44.77,1008.36
3050,274.41,27.83,27.32,44.81,1008.38
3051,274.50,27.83,27.32,44.81,1008.38
3052,274.59,27.83,27.30,44.81,1008.38
3053,274.68,27.83,27.30,44.78,1008.35
3054,274.77,27.83,27.29,44.77,1008.38
3055,274.86,27.83,27.28,44.77,1008.37
3056,274.95,27.83,27.28,44.78,1008.38
3057,275.04,27.83,27.29,44.79,1008.38
3058,275.13,27.83,27.27,44.76,1008.38
3059,275.22,27.83,27.27,44.78,1008.38
3060,275.31,27.83,27.27,44.77,1008.36
3061,275.40,27.83,27.27,44.75,1008.34
3062,275.49,27.83,27.25,44.77,1008.33
3063,275.58,27.83,27.24,44.77,1008.32
3064,275.67,27.83,27.25,44.76,1008.33
3065,275.76,27.83,27.25,44.76,1008.33
3066,275.85,27.83,27.25,44.77,1008.34
3067,275.94,27.83,27.25,44.77,1008.33
3068,276.03,27.83,27.27,44.77,1008.32
3069,276.12,27.83,27.28,44.75,1008.33
3070,276.21,27.83,27.29,44.72,1008.35
3071,276.30,27.83,27.30,44.74,1008.35
3072,276.39,27.83,27.29,44.75,1008.34
3073,276.48,27.83,27.29,44.74,1008.33
3074,276.57,27.83,27.28,44.76,1008.34
3075,276.66,27.83,27.28,44.77,1008.32
3076,276.75,27.83,27.27,44.75,1008.33
3077,276.84,27.83,27.26,44.76,1008.35
3078,276.93,27.83,27.28,44.79,1008.34
3079,277.02,27.83,27.30,44.78,1008.35
3080,277.11,27.83,27.29,44.77,1008.35
3081,277.20,27.83,27.30,44.75,1008.35
3082,277.29,27.83,27.29,44.77,1008.34
3083,277.38,27.83,27.29,44.78,1008.33
3084,277.47,27.83,27.28,44.75,1008.32
3085,277.56,27.83,27.29,44.79,1008.32
3086,277.65,27.83,27.27,44.78,1008.33
3087,277.74,27.83,27.27,44.77,1008.33
3088,277.83,27.83,27.29,44.77,1008.34
3089,277.92,27.83,27.27,44.79,1008.35
3090,278.01,27.83,27.23,44.80,1008.36
3091,278.10,27.83,27.24,44.77,1008.36
3092,278.19,27.83,27.23,44.75,1008.36
3093,278.28,27.83,27.21,44.73,1008.35
3094,278.37,27.83,27.22,44.76,1008.36
3095,278.46,27.83,27.22,44.75,1008.37
3096,278.55,27.83,27.23,44.74,1008.38
3097,278.64,27.83,27.24,44.72,1008.39
3098,278.73,27.83,27.26,44.72,1008.39
3099,278.82,27.83,27.24,44.73,1008.39
3100,278.91,27.83,27.26,44.73,1008.40
3101,279.00,27.83,27.26,44.73,1008.40
3102,279.09,27.83,27.25,44.73,1008.39
3103,279.18,27.83,27.24,44.72,1008.40
3104,279.27,27.83,27.25,44.71,1008.40
3105,279.36,27.83,27.26,44.75,1008.41
3106,279.45,27.83,27.27,44.74,1008.41
3107,279.54,27.83,27.28,44.76,1008.40
3108,279.63,27.83,27.29,44.71,1008.41
3109,279.72,27.83,27.27,44.70,1008.42
3110,279.81,27.83,27.27,44.66,1008.43
3111,279.90,27.83,27.27,44.66,1008.42
3112,279.99,27.83,27.28,44.69,1008.42
3113,280.08,27.83,27.27,44.67,1008.41
3114,280.17,27.83,27.28,44.69,1008.42
3115,280.26,27.83,27.26,44.75,1008.42
3116,280.35,27.83,27.23,44.79,1008.43
3117,280.44,27.83,27.25,44.80,1008.43
3118,280.53,27.83,27.25,44.83,1008.43
3119,280.62,27.83,27.27,44.82,1008.41
3120,280.71,27.83,27.28,44.83,1008.38
3121,280.80,27.83,27.28,44.86,1008.38
3122,280.89,27.83,27.27,44.87,1008.36
3123,280.98,27.83,27.28,44.87,1008.35
3124,281.07,27.83,27.29,44.87,1008.37
3125,281.16,27.83,27.30,44.86,1008.36
3126,281.25,27.83,27.29,44.89,1008.36
3127,281.34,27.83,27.28,44.87,1008.36
3128,281.43,27.83,27.28,44.83,1008.35
3129,281.52,27.83,27.29,44.82,1008.33
3130,281.61,27.83,27.29,44.81,1008.33
3131,281.70,27.83,27.31,44.80,1008.33
3132,281.79,27.83,27.33,44.78,1008.33
3133,281.88,27.83,27.32,44.76,1008.31
3134,281.97,27.83,27.32,44.77,1008.30
3135,282.06,27.83,27.34,44.79,1008.31
3136,282.15,27.83,27.32,44.78,1008.31
3137,282.24,27.82,27.34,44.77,1008.33
3138,282.33,27.82,27.35,44.78,1008.32
3139,282.42,27.82,27.34,44.78,1008.31
3140,282.51,27.82,27.34,44.78,1008.31
3141,282.60,27.82,27.36,44.82,1008.30
3142,282.69,27.82,27.35,44.80,1008.29
3143,282.78,27.82,27.36,44.80,1008.28
3144,282.87,27.82,27.38,44.79,1008.27
3145,282.96,27.82,27.37,44.76,1008.28
3146,283.05,27.82,27.38,44.73,1008.28
3147,283.14,27.82,27.35,44.73,1008.28
3148,283.23,27.82,27.33,44.71,1008.29
3149,283.32,27.82,27.34,44.71,1008.29
3150,283.41,27.82,27.33,44.68,1008.30
3151,283.50,27.82,27.31,44.68,1008.30
3152,283.59,27.82,27.30,44.68,1008.30
3153,283.68,27.82,27.28,44.67,1008.32
3154,283.77,27.82,27.27,44.68,1008.32
3155,283.86,27.82,27.25,44.69,1008.34
3156,283.95,27.82,27.24,44.67,1008.34
3157,284.04,27.82,27.23,44.65,1008.34
3158,284.13,27.82,27.25,44.66,1008.36
3159,284.22,27.82,27.26,44.63,1008.36
3160,284.31,27.82,27.26,44.63,1008.37
3161,284.40,27.82,27.25,44.63,1008.38
3162,284.49,27.82,27.25,44.63,1008.39
3163,284.58,27.82,27.22,44.64,1008.39
3164,284.67,27.82,27.21,44.63,1008.41
3165,284.76,27.82,27.23,44.63,1008.40
3166,284.85,27.82,27.22,44.61,1008.39
3167,284.94,27.82,27.23,44.63,1008.41
3168,285.03,27.82,27.26,44.63,1008.42
3169,285.12,27.82,27.25,44.65,1008.41
3170,285.21,27.82,27.26,44.66,1008.41
3171,285.30,27.82,27.26,44.65,1008.40
3172,285.39,27.82,27.25,44.64,1008.41
3173,285.48,27.82,27.25,44.65,1008.42
3174,285.57,27.82,27.25,44.69,1008.42
3175,285.66,27.82,27.25,44.71,1008.41
3176,285.75,27.82,27.26,44.72,1008.41
3177,285.84,27.82,27.25,44.68,1008.41
3178,285.93,27.82,27.26,44.67,1008.41
3179,286.02,27.82,27.25,44.70,1008.41
3180,286.11,27.82,27.27,44.70,1008.40
3181,286.20,27.82,27.26,44.69,1008.39
3182,286.29,27.82,27.26,44.71,1008.39
3183,286.38,27.82,27.25,44.73,1008.40
3184,286.47,27.82,27.24,44.70,1008.39
3185,286.56,27.82,27.25,44.71,1008.39
3186,286.65,27.82,27.25,44.71,1008.38
3187,286.74,27.82,27.26,44.65,1008.38
3188,286.83,27.82,27.25,44.63,1008.36
3189,286.92,27.82,27.25,44.65,1008.35
3190,287.01,27.82,27.27,44.68,1008.34
3191,287.10,27.82,27.28,44.65,1008.31
3192,287.19,27.82,27.27,44.64,1008.30
3193,287.28,27.82,27.25,44.66,1008.29
3194,287.37,27.82,27.25,44.70,1008.28
3195,287.46,27.82,27.24,44.71,1008.28
3196,287.55,27.82,27.26,44.70,1008.28
3197,287.64,27.82,27.27,44.67,1008.27
3198,287.73,27.82,27.28,44.69,1008.28
3199,287.82,27.82,27.26,44.71,1008.28
3200,287.91,27.82,27.28,44.71,1008.29
3201,288.00,27.82,27.28,44.73,1008.28
3202,288.09,27.82,27.27,44.74,1008.28
3203,288.18,27.82,27.28,44.72,1008.28
3204,288.27,27.82,27.26,44.74,1008.28
3205,288.36,27.82,27.27,44.73,1008.27
3206,288.45,27.82,27.28,44.75,1008.28
3207,288.54,27.82,27.27,44.77,1008.28
3208,288.63,27.82,27.29,44.76,1008.28
3209,288.72,27.82,27.29,44.77,1008.27
3210,288.81,27.82,27.28,44.77,1008.27
3211,288.90,27.82,27.28,44.80,1008.28
3212,288.99,27.82,27.29,44.80,1008.28
3213,289.08,27.82,27.28,44.78,1008.30
3214,289.17,27.82,27.28,44.78,1008.29
3215,289.26,27.82,27.27,44.77,1008.29
3216,289.35,27.82,27.26,44.77,1008.30
3217,289.44,27.82,27.25,44.78,1008.30
3218,289.53,27.82,27.26,44.77,1008.30
3219,289.62,27.82,27.26,44.75,1008.30
3220,289.71,27.82,27.26,44.71,1008.30
3221,289.80,27.82,27.29,44.70,1008.30
3222,289.89,27.82,27.28,44.68,1008.32
3223,289.98,27.82,27.30,44.64,1008.32
3224,290.07,27.82,27.30,44.66,1008.32
3225,290.16,27.82,27.29,44.65,1008.32
3226,290.25,27.82,27.29,44.67,1008.34
3227,290.34,27.82,27.26,44.69,1008.36
3228,290.43,27.82,27.25,44.70,1008.37
3229,290.52,27.82,27.27,44.71,1008.37
3230,290.61,27.82,27.25,44.69,1008.38
3231,290.70,27.82,27.26,44.67,1008.39
3232,290.79,27.82,27.26,44.68,1008.38
3233,290.88,27.82,27.26,44.66,1008.38
3234,290.97,27.82,27.26,44.66,1008.38
3235,291.06,27.82,27.27,44.69,1008.37
3236,291.15,27.82,27.26,44.73,1008.38
3237,291.24,27.82,27.27,44.73,1008.38
3238,291.33,27.82,27.28,44.72,1008.38
3239,291.42,27.82,27.31,44.75,1008.38
3240,291.51,27.82,27.31,44.74,1008.39
3241,291.60,27.82,27.31,44.74,1008.39
3242,291.69,27.82,27.31,44.73,1008.39
3243,291.78,27.82,27.32,44.75,1008.38
3244,291.87,27.82,27.32,44.76,1008.38
3245,291.96,27.82,27.32,44.76,1008.38
3246,292.05,27.82,27.31,44.79,1008.39
3247,292.14,27.82,27.32,44.83,1008.39
3248,292.23,27.82,27.33,44.82,1008.39
3249,292.32,27.82,27.32,44.85,1008.38
3250,292.41,27.82,27.33,44.84,1008.38
3251,292.50,27.82,27.34,44.81,1008.36
3252,292.59,27.82,27.34,44.81,1008.35
3253,292.68,27.82,27.37,44.78,1008.34
3254,292.77,27.82,27.38,44.79,1008.34
3255,292.86,27.82,27.37,44.80,1008.34
3256,292.95,27.82,27.36,44.78,1008.35
3257,293.04,27.82,27.38,44.75,1008.34
3258,293.13,27.82,27.37,44.76,1008.34
3259,293.22,27.82,27.37,44.76,1008.34
3260,293.31,27.82,27.36,44.74,1008.33
3261,293.40,27.82,27.36,44.71,1008.31
3262,293.49,27.82,27.36,44.69,1008.30
3263,293.58,27.82,27.35,44.72,1008.30
3264,293.67,27.82,27.36,44.71,1008.30
3265,293.76,27.82,27.36,44.73,1008.31
3266,293.85,27.82,27.37,44.72,1008.29
3267,293.94,27.82,27.36,44.74,1008.29
3268,294.03,27.82,27.34,44.75,1008.28
3269,294.12,27.82,27.34,44.76,1008.28
3270,294.21,27.82,27.36,44.72,1008.27
3271,294.30,27.82,27.36,44.76,1008.26
3272,294.39,27.82,27.37,44.76,1008.26
3273,294.48,27.82,27.34,44.74,1008.26
3274,294.57,27.82,27.34,44.76,1008.26
3275,294.66,27.82,27.33,44.75,1008.27
3276,294.75,27.82,27.33,44.75,1008.27
3277,294.84,27.82,27.31,44.74,1008.28
3278,294.93,27.82,27.32,44.74,1008.28
3279,295.02,27.82,27.32,44.75,1008.28
3280,295.11,27.82,27.30,44.77,1008.27
3281,295.20,27.82,27.30,44.75,1008.27
3282,295.29,27.82,27.29,44.72,1008.28
3283,295.38,27.82,27.29,44.72,1008.30
3284,295.47,27.82,27.28,44.73,1008.29
3285,295.56,27.82,27.26,44.70,1008.30
3286,295.65,27.82,27.27,44.69,1008.31
3287,295.74,27.82,27.28,44.70,1008.31
3288,295.83,27.82,27.29,44.68,1008.30
3289,295.92,27.82,27.30,44.69,1008.31
3290,296.01,27.82,27.30,44.71,1008.33
3291,296.10,27.82,27.29,44.71,1008.33
3292,296.19,27.82,27.26,44.77,1008.35
3293,296.28,27.82,27.25,44.77,1008.35
3294,296.37,27.82,27.25,44.73,1008.35
3295,296.46,27.82,27.25,44.73,1008.34
3296,296.55,27.82,27.24,44.73,1008.33
3297,296.64,27.82,27.22,44.74,1008.34
3298,296.73,27.82,27.23,44.72,1008.34
3299,296.82,27.82,27.24,44.72,1008.33
3300,296.91,27.82,27.23,44.72,1008.34
3301,297.00,27.82,27.24,44.74,1008.36
3302,297.09,27.82,27.24,44.72,1008.37
3303,297.18,27.82,27.24,44.70,1008.39
3304,297.27,27.82,27.23,44.71,1008.38
3305,297.36,27.82,27.23,44.69,1008.39
3306,297.45,27.82,27.23,44.68,1008.38
3307,297.54,27.82,27.24,44.69,1008.36
3308,297.63,27.82,27.24,44.69,1008.36
3309,297.72,27.82,27.24,44.71,1008.38
3310,297.81,27.82,27.24,44.73,1008.38
3311,297.90,27.82,27.24,44.71,1008.38
3312,297.99,27.82,27.25,44.71,1008.38
3313,298.08,27.82,27.24,44.74,1008.39
3314,298.17,27.82,27.23,44.72,1008.39
3315,298.26,27.82,27.24,44.73,1008.39
3316,298.35,27.82,27.25,44.76,1008.40
3317,298.44,27.82,27.25,44.78,1008.39
3318,298.53,27.82,27.24,44.75,1008.38
3319,298.62,27.82,27.24,44.76,1008.37
3320,298.71,27.82,27.24,44.74,1008.37
3321,298.80,27.82,27.25,44.72,1008.37
3322,298.89,27.82,27.24,44.71,1008.37
3323,298.98,27.82,27.23,44.73,1008.36
3324,299.07,27.82,27.25,44.69,1008.35
3325,299.16,27.82,27.24,44.71,1008.35
3326,299.25,27.82,27.23,44.68,1008.35
3327,299.34,27.82,27.25,44.66,1008.35
3328,299.43,27.82,27.25,44.66,1008.36
3329,299.52,27.82,27.26,44.63,1008.35
3330,299.61,27.82,27.27,44.63,1008.35
3331,299.70,27.82,27.26,44.64,1008.35
3332,299.79,27.82,27.26,44.62,1008.34
3333,299.88,27.82,27.28,44.66,1008.33
3334,299.97,27.82,27.28,44.69,1008.34
3335,300.06,27.82,27.29,44.69,1008.35
3336,300.15,27.82,27.28,44.70,1008.35
3337,300.24,27.82,27.29,44.71,1008.33
3338,300.33,27.82,27.29,44.72,1008.33
3339,300.42,27.82,27.31,44.76,1008.32
3340,300.51,27.82,27.32,44.78,1008.33
3341,300.60,27.82,27.33,44.80,1008.33
3342,300.69,27.82,27.32,44.79,1008.31
3343,300.78,27.82,27.32,44.76,1008.32
3344,300.87,27.82,27.32,44.74,1008.30
3345,300.96,27.82,27.35,44.75,1008.30
3346,301.05,27.82,27.34,44.75,1008.30
3347,301.14,27.82,27.35,44.75,1008.30
3348,301.23,27.82,27.35,44.76,1008.30
3349,301.32,27.82,27.33,44.71,1008.29
3350,301.41,27.82,27.33,44.74,1008.29
3351,301.50,27.82,27.32,44.71,1008.30
3352,301.59,27.82,27.33,44.71,1008.29
3353,301.68,27.82,27.35,44.74,1008.30
3354,301.77,27.82,27.36,44.74,1008.31
3355,301.86,27.82,27.37,44.76,1008.31
3356,301.95,27.82,27.36,44.80,1008.32
3357,302.04,27.82,27.36,44.78,1008.33
3358,302.13,27.82,27.36,44.79,1008.33
3359,302.22,27.82,27.36,44.84,1008.33
3360,302.31,27.82,27.36,44.83,1008.33
3361,302.40,27.82,27.35,44.82,1008.34
3362,302.49,27.82,27.37,44.78,1008.35
3363,302.58,27.82,27.34,44.78,1008.35
3364,302.67,27.82,27.34,44.74,1008.36
3365,302.76,27.82,27.33,44.73,1008.37
3366,302.85,27.82,27.33,44.74,1008.36
3367,302.94,27.82,27.33,44.78,1008.37
3368,303.03,27.82,27.33,44.79,1008.38
3369,303.12,27.82,27.31,44.80,1008.37
3370,303.21,27.82,27.31,44.78,1008.38
3371,303.30,27.82,27.32,44.76,1008.37
3372,303.39,27.82,27.31,44.74,1008.37
3373,303.48,27.82,27.32,44.77,1008.37
3374,303.57,27.82,27.31,44.76,1008.36
3375,303.66,27.82,27.15,44.81,1008.37
3376,303.75,27.82,27.34,44.81,1008.39
3377,303.84,27.82,27.31,44.82,1008.40
3378,303.93,27.82,27.32,44.79,1008.41
3379,304.02,27.82,27.31,44.80,1008.39
3380,304.11,27.82,27.31,44.78,1008.40
3381,304.20,27.82,27.33,44.83,1008.40
3382,304.29,27.82,27.32,44.85,1008.41
3383,304.38,27.82,27.34,44.84,1008.40
3384,304.47,27.82,27.34,44.86,1008.41
3385,304.56,27.82,27.34,44.87,1008.41
3386,304.65,27.82,27.32,44.89,1008.42
3387,304.74,27.82,27.32,44.87,1008.41
3388,304.83,27.82,27.32,44.88,1008.42
3389,304.92,27.82,27.32,44.87,1008.42
3390,305.01,27.82,27.32,44.89,1008.41
3391,305.10,27.82,27.30,44.90,1008.40
3392,305.19,27.82,27.30,44.90,1008.39
3393,305.28,27.82,27.30,44.89,1008.39
3394,305.37,27.82,27.29,44.93,1008.38
3395,305.46,27.82,27.30,44.94,1008.38
3396,305.55,27.82,27.32,44.96,1008.36
3397,305.64,27.82,27.33,44.97,1008.35
3398,305.73,27.82,27.33,44.97,1008.33
3399,305.82,27.82,27.34,45.00,1008.33
3400,305.91,27.82,27.36,44.99,1008.34
3401,306.00,27.82,27.34,44.98,1008.33
3402,306.09,27.82,27.34,44.97,1008.33
3403,306.18,27.82,27.34,44.99,1008.32
3404,306.27,27.82,27.33,44.98,1008.32
3405,306.36,27.82,27.33,45.01,1008.33
3406,306.45,27.82,27.31,45.01,1008.31
3407,306.54,27.82,27.31,45.04,1008.32
3408,306.63,27.82,27.29,45.01,1008.32
3409,306.72,27.82,27.29,45.00,1008.31
3410,306.81,27.82,27.28,44.97,1008.30
3411,306.90,27.82,27.29,45.01,1008.29
3412,306.99,27.82,27.28,45.03,1008.29
3413,307.08,27.82,27.27,45.05,1008.29
3414,307.17,27.82,27.27,45.03,1008.29
3415,307.26,27.82,27.26,45.00,1008.30
3416,307.35,27.82,27.27,45.03,1008.31
3417,307.44,27.82,27.30,45.03,1008.31
3418,307.53,27.82,27.30,45.06,1008.32
3419,307.62,27.82,27.30,45.03,1008.32
3420,307.71,27.82,27.31,45.01,1008.31
3421,307.80,27.82,27.31,45.00,1008.32
3422,307.89,27.82,27.30,44.96,1008.33
3423,307.98,27.82,27.29,44.98,1008.33
3424,308.07,27.82,27.30,44.98,1008.33
3425,308.16,27.82,27.31,44.99,1008.33
3426,308.25,27.82,27.29,44.94,1008.33
3427,308.34,27.82,27.30,44.89,1008.34
3428,308.43,27.82,27.32,44.88,1008.34
3429,308.52,27.82,27.33,44.89,1008.35
3430,308.61,27.82,27.34,44.91,1008.35
3431,308.70,27.82,27.32,44.90,1008.36
3432,308.79,27.82,27.32,44.91,1008.36
3433,308.88,27.82,27.32,44.87,1008.37
3434,308.97,27.82,27.32,44.86,1008.38
3435,309.06,27.82,27.30,44.87,1008.38
3436,309.15,27.82,27.31,44.84,1008.39
3437,309.24,27.82,27.30,44.82,1008.40
3438,309.33,27.82,27.30,44.83,1008.40
3439,309.42,27.82,27.32,44.84,1008.41
3440,309.51,27.82,27.32,44.82,1008.41
3441,309.60,27.82,27.32,44.80,1008.41
3442,309.69,27.82,27.32,44.78,1008.42
3443,309.78,27.82,27.30,44.76,1008.42
3444,309.87,27.82,27.30,44.74,1008.43
3445,309.96,27.82,27.30,44.75,1008.42
3446,310.05,27.82,27.29,44.79,1008.42
3447,310.14,27.82,27.30,44.79,1008.44
3448,310.23,27.82,27.32,44.78,1008.44
3449,310.32,27.82,27.32,44.76,1008.44
3450,310.41,27.82,27.32,44.79,1008.43
3451,310.50,27.82,27.32,44.77,1008.43
3452,310.59,27.82,27.32,44.81,1008.44
3453,310.68,27.82,27.32,44.80,1008.44
3454,310.77,27.82,27.34,44.80,1008.43
3455,310.86,27.82,27.36,44.84,1008.41
3456,310.95,27.82,27.37,44.83,1008.40
3457,311.04,27.82,27.37,44.84,1008.40
3458,311.13,27.82,27.37,44.86,1008.40
3459,311.22,27.82,27.37,44.83,1008.38
3460,311.31,27.82,27.35,44.83,1008.38
3461,311.40,27.82,27.35,44.81,1008.37
3462,311.49,27.82,27.35,44.79,1008.37
3463,311.58,27.82,27.36,44.79,1008.37
3464,311.67,27.82,27.36,44.82,1008.37
3465,311.76,27.82,27.35,44.83,1008.36
3466,311.85,27.82,27.35,44.81,1008.35
3467,311.94,27.82,27.34,44.80,1008.36
3468,312.03,27.82,27.35,44.78,1008.34
3469,312.12,27.82,27.35,44.76,1008.34
3470,312.21,27.82,27.34,44.78,1008.32
3471,312.30,27.82,27.34,44.78,1008.31
3472,312.39,27.82,27.34,44.78,1008.31
3473,312.48,27.82,27.32,44.79,1008.32
3474,312.57,27.82,27.35,44.80,1008.31
3475,312.66,27.82,27.32,44.77,1008.31
3476,312.75,27.82,27.34,44.80,1008.30
3477,312.84,27.82,27.35,44.77,1008.30
3478,312.93,27.82,27.35,44.75,1008.30
3479,313.02,27.82,27.33,44.76,1008.30
3480,313.11,27.82,27.35,44.75,1008.31
3481,313.20,27.82,27.36,44.75,1008.31
3482,313.29,27.82,27.35,44.77,1008.31
3483,313.38,27.82,27.35,44.75,1008.30
3484,313.47,27.82,27.35,44.75,1008.30
3485,313.56,27.82,27.37,44.77,1008.30
3486,313.65,27.82,27.38,44.77,1008.31
3487,313.74,27.82,27.37,44.78,1008.26
3488,313.83,27.82,27.36,44.78,1008.29
3489,313.92,27.82,27.34,44.78,1008.32
3490,314.01,27.82,27.33,44.78,1008.33
3491,314.10,27.82,27.33,44.79,1008.33
3492,314.19,27.82,27.32,44.77,1008.35
3493,314.28,27.82,27.32,44.77,1008.34
3494,314.37,27.82,27.33,44.82,1008.33
3495,314.46,27.82,27.33,44.85,1008.34
3496,314.55,27.82,27.33,44.88,1008.35
3497,314.64,27.82,27.31,44.93,1008.35
3498,314.73,27.82,27.30,44.91,1008.36
3499,314.82,27.82,27.30,44.89,1008.36
3500,314.91,27.82,27.31,44.88,1008.37
3501,315.00,27.82,27.34,44.84,1008.38
3502,315.09,27.82,27.32,44.84,1008.38
3503,315.18,27.82,27.31,44.83,1008.38
3504,315.27,27.82,27.31,44.84,1008.38
3505,315.36,27.82,27.31,44.84,1008.39
3506,315.45,27.82,27.31,44.84,1008.40
3507,315.54,27.82,27.29,44.84,1008.40
3508,315.63,27.82,27.30,44.81,1008.40
3509,315.72,27.82,27.30,44.80,1008.41
3510,315.81,27.82,27.32,44.81,1008.40
3511,315.90,27.82,27.31,44.80,1008.40
3512,315.99,27.82,27.31,44.79,1008.40
3513,316.08,27.82,27.32,44.79,1008.39
3514,316.17,27.82,27.32,44.79,1008.41
3515,316.26,27.82,27.32,44.77,1008.41
3516,316.35,27.82,27.32,44.74,1008.41
3517,316.44,27.82,27.32,44.73,1008.42
3518,316.53,27.82,27.31,44.74,1008.40
3519,316.62,27.82,27.31,44.75,1008.41
3520,316.71,27.82,27.33,44.70,1008.40
3521,316.80,27.82,27.33,44.72,1008.40
3522,316.89,27.82,27.31,44.73,1008.39
3523,316.98,27.82,27.32,44.72,1008.38
3524,317.07,27.82,27.30,44.76,1008.36
3525,317.16,27.82,27.30,44.76,1008.35
3526,317.25,27.82,27.30,44.76,1008.34
3527,317.34,27.82,27.32,44.75,1008.34
3528,317.43,27.82,27.31,44.76,1008.34
3529,317.52,27.82,27.31,44.79,1008.34
3530,317.61,27.82,27.30,44.78,1008.35
3531,317.70,27.82,27.30,44.79,1008.34
3532,317.79,27.82,27.30,44.78,1008.33
3533,317.88,27.82,27.30,44.82,1008.33
3534,317.97,27.82,27.28,44.82,1008.32
3535,318.06,27.82,27.32,44.84,1008.31
3536,318.15,27.82,27.32,44.82,1008.30
3537,318.24,27.82,27.32,44.78,1008.30
3538,318.33,27.82,27.31,44.79,1008.29
3539,318.42,27.82,27.30,44.76,1008.28
3540,318.51,27.82,27.31,44.76,1008.28
3541,318.60,27.82,27.30,44.75,1008.26
3542,318.69,27.82,27.29,44.76,1008.27
3543,318.78,27.82,27.31,44.73,1008.28
3544,318.87,27.82,27.31,44.80,1008.29
3545,318.96,27.82,27.31,44.83,1008.30
3546,319.05,27.81,27.33,44.83,1008.30
3547,319.14,27.81,27.33,44.85,1008.30
3548,319.23,27.81,27.34,44.83,1008.29
3549,319.32,27.81,27.35,44.83,1008.29
3550,319.41,27.81,27.36,44.83,1008.30
3551,319.50,27.81,27.34,44.84,1008.31
3552,319.59,27.81,27.32,44.82,1008.31
3553,319.68,27.81,27.33,44.80,1008.31
3554,319.77,27.81,27.31,44.79,1008.31
3555,319.86,27.81,27.32,44.77,1008.32
3556,319.95,27.81,27.32,44.78,1008.32
3557,320.04,27.81,27.32,44.77,1008.32
3558,320.13,27.81,27.30,44.73,1008.32
3559,320.22,27.81,27.27,44.68,1008.33
3560,320.31,27.81,27.28,44.68,1008.33
3561,320.40,27.81,27.28,44.69,1008.34
3562,320.49,27.81,27.28,44.71,1008.34
3563,320.58,27.81,27.31,44.73,1008.35
3564,320.67,27.81,27.31,44.70,1008.35
3565,320.76,27.81,27.30,44.68,1008.35
3566,320.85,27.81,27.31,44.69,1008.35
3567,320.94,27.81,27.32,44.71,1008.35
3568,321.03,27.81,27.32,44.76,1008.35
3569,321.12,27.81,27.32,44.76,1008.35
3570,321.21,27.81,27.32,44.74,1008.36
3571,321.30,27.81,27.34,44.77,1008.37
3572,321.39,27.81,27.34,44.79,1008.36
3573,321.48,27.81,27.34,44.80,1008.36
3574,321.57,27.81,27.35,44.80,1008.36
3575,321.66,27.81,27.36,44.80,1008.35
3576,321.75,27.81,27.35,44.82,1008.36
3577,321.84,27.81,27.35,44.84,1008.35
3578,321.93,27.81,27.36,44.84,1008.37
3579,322.02,27.81,27.34,44.83,1008.37
3580,322.11,27.81,27.36,44.83,1008.36
3581,322.20,27.81,27.37,44.85,1008.37
3582,322.29,27.81,27.37,44.90,1008.38
3583,322.38,27.81,27.37,44.88,1008.39
3584,322.47,27.81,27.35,44.89,1008.39
3585,322.56,27.81,27.35,44.89,1008.39
3586,322.65,27.81,27.35,44.87,1008.38
3587,322.74,27.81,27.31,44.88,1008.38
3588,322.83,27.81,27.34,44.86,1008.38
3589,322.92,27.81,27.35,44.86,1008.37
3590,323.01,27.81,27.36,44.87,1008.37
3591,323.10,27.81,27.38,44.89,1008.38
3592,323.19,27.81,27.36,44.89,1008.37
3593,323.28,27.81,27.35,44.88,1008.35
3594,323.37,27.81,27.34,44.85,1008.36
3595,323.46,27.81,27.34,44.82,1008.37
3596,323.55,27.81,27.34,44.81,1008.36
3597,323.64,27.81,27.32,44.83,1008.36
3598,323.73,27.81,27.33,44.83,1008.36
3599,323.82,27.81,27.34,44.85,1008.35
3600,323.91,27.81,27.34,44.84,1008.34
3601,324.00,27.81,27.37,44.87,1008.33
3602,324.09,27.81,27.36,44.88,1008.32
3603,324.18,27.81,27.36,44.85,1008.32
3604,324.27,27.81,27.33,44.85,1008.33
3605,324.36,27.81,27.33,44.89,1008.31
3606,324.45,27.81,27.34,44.90,1008.32
3607,324.54,27.81,27.33,44.92,1008.32
3608,324.63,27.81,27.33,44.92,1008.33
3609,324.72,27.81,27.34,44.91,1008.33
3610,324.81,27.81,27.35,44.90,1008.33
3611,324.90,27.81,27.33,44.91,1008.31
3612,324.99,27.81,27.35,44.90,1008.31
3613,325.08,27.81,27.35,44.88,1008.30
3614,325.17,27.81,27.36,44.87,1008.29
3615,325.26,27.81,27.36,44.90,1008.29
3616,325.35,27.81,27.36,44.93,1008.30
3617,325.44,27.81,27.36,44.92,1008.31
3618,325.53,27.81,27.36,44.91,1008.30
3619,325.62,27.81,27.35,44.90,1008.29
3620,325.71,27.81,27.35,44.90,1008.29
3621,325.80,27.81,27.32,44.93,1008.29
3622,325.89,27.81,27.34,44.91,1008.29
3623,325.98,27.81,27.34,44.90,1008.28
3624,326.07,27.81,27.35,44.91,1008.29
3625,326.16,27.81,27.35,44.88,1008.28
3626,326.25,27.81,27.31,44.90,1008.28
3627,326.34,27.81,27.33,44.93,1008.28
3628,326.43,27.81,27.32,44.94,1008.28
3629,326.52,27.81,27.32,44.96,1008.26
3630,326.61,27.81,27.31,44.98,1008.27
3631,326.70,27.81,27.31,44.95,1008.28
3632,326.79,27.81,27.29,44.96,1008.29
3633,326.88,27.81,27.29,44.91,1008.31
3634,326.97,27.81,27.29,44.93,1008.32
3635,327.06,27.81,27.28,44.92,1008.32
3636,327.15,27.81,27.30,44.91,1008.33
3637,327.24,27.81,27.29,44.88,1008.33
3638,327.33,27.81,27.29,44.88,1008.33
3639,327.42,27.81,27.29,44.90,1008.34
3640,327.51,27.81,27.27,44.90,1008.35
3641,327.60,27.81,27.28,44.89,1008.33
3642,327.69,27.81,27.29,44.87,1008.33
3643,327.78,27.81,27.28,44.86,1008.32
3644,327.87,27.81,27.29,44.84,1008.34
3645,327.96,27.81,27.29,44.81,1008.34
3646,328.05,27.81,27.29,44.78,1008.35
3647,328.14,27.81,27.28,44.73,1008.36
3648,328.23,27.81,27.28,44.73,1008.36
3649,328.32,27.81,27.25,44.71,1008.36
3650,328.41,27.81,27.27,44.72,1008.37
3651,328.50,27.81,27.28,44.70,1008.36
3652,328.59,27.81,27.28,44.73,1008.37
3653,328.68,27.81,27.29,44.73,1008.39
3654,328.77,27.81,27.29,44.73,1008.39
3655,328.86,27.81,27.30,44.74,1008.39
3656,328.95,27.81,27.32,44.08,1008.39
3657,329.04,27.81,27.31,44.76,1008.39
3658,329.13,27.81,27.31,44.73,1008.39
3659,329.22,27.81,27.31,44.75,1008.39
3660,329.31,27.81,27.30,44.74,1008.39
3661,329.40,27.81,27.31,44.72,1008.38
3662,329.49,27.81,27.33,44.69,1008.37
3663,329.58,27.81,27.32,44.70,1008.36
3664,329.67,27.81,27.33,44.69,1008.37
3665,329.76,27.81,27.33,44.67,1008.36
3666,329.85,27.81,27.34,44.70,1008.36
3667,329.94,27.81,27.33,44.72,1008.36
3668,330.03,27.81,27.31,44.73,1008.35
3669,330.12,27.81,27.30,44.73,1008.35
3670,330.21,27.81,27.31,44.73,1008.34
3671,330.30,27.81,27.31,44.75,1008.34
3672,330.39,27.81,27.32,44.72,1008.33
3673,330.48,27.81,27.34,44.74,1008.33
3674,330.57,27.81,27.32,44.71,1008.33
3675,330.66,27.81,27.34,44.69,1008.33
3676,330.75,27.81,27.35,44.66,1008.31
3677,330.84,27.81,27.35,44.67,1008.30
3678,330.93,27.81,27.35,44.65,1008.29
3679,331.02,27.81,27.32,44.65,1008.28
3680,331.11,27.81,27.33,44.64,1008.28
3681,331.20,27.81,27.33,44.63,1008.26
3682,331.29,27.81,27.34,44.64,1008.24
3683,331.38,27.81,27.32,44.60,1008.23
3684,331.47,27.81,27.32,44.60,1008.23
3685,331.56,27.81,27.32,44.60,1008.24
3686,331.65,27.81,27.35,44.61,1008.24
3687,331.74,27.81,27.33,44.60,1008.24
3688,331.83,27.81,27.34,44.58,1008.23
3689,331.92,27.81,27.35,44.59,1008.23
3690,332.01,27.81,27.35,44.56,1008.23
3691,332.10,27.81,27.36,44.58,1008.24
3692,332.19,27.81,27.35,44.60,1008.25
3693,332.28,27.81,27.38,44.62,1008.25
3694,332.37,27.81,27.37,44.59,1008.26
3695,332.46,27.81,27.37,44.60,1008.26
3696,332.55,27.81,27.39,44.61,1008.28
3697,332.64,27.81,27.39,44.59,1008.30
3698,332.73,27.81,27.39,44.59,1008.31
3699,332.82,27.81,27.39,44.59,1008.31
3700,332.91,27.81,27.40,44.62,1008.32
3701,333.00,27.81,27.40,44.63,1008.31
3702,333.09,27.81,27.39,44.62,1008.31
3703,333.18,27.81,27.39,44.62,1008.32
3704,333.27,27.81,27.40,44.62,1008.33
3705,333.36,27.81,27.40,44.62,1008.33
3706,333.45,27.81,27.39,44.64,1008.33
3707,333.54,27.81,27.40,44.67,1008.33
3708,333.63,27.81,27.40,44.66,1008.35
3709,333.72,27.81,27.40,44.69,1008.35
3710,333.81,27.81,27.40,44.65,1008.35
3711,333.90,27.81,27.41,44.66,1008.36
3712,333.99,27.81,27.42,44.69,1008.35
3713,334.08,27.81,27.42,44.70,1008.37
3714,334.17,27.81,27.40,44.68,1008.38
3715,334.26,27.81,27.40,44.67,1008.38
3716,334.35,27.81,27.37,44.65,1008.37
3717,334.44,27.81,27.35,44.67,1008.37
3718,334.53,27.81,27.33,44.66,1008.37
3719,334.62,27.81,27.31,44.65,1008.38
3720,334.71,27.81,27.31,44.66,1008.38
3721,334.80,27.81,27.30,44.62,1008.38
3722,334.89,27.81,27.31,44.57,1008.38
3723,334.98,27.81,27.30,44.61,1008.36
3724,335.07,27.81,27.30,44.61,1008.36
3725,335.16,27.81,27.31,44.58,1008.38
3726,335.25,27.81,27.33,44.62,1008.39
3727,335.34,27.81,27.31,44.65,1008.37
3728,335.43,27.81,27.31,44.64,1008.36
3729,335.52,27.81,27.30,44.64,1008.36
3730,335.61,27.81,27.30,44.66,1008.34
3731,335.70,27.81,27.31,44.66,1008.34
3732,335.79,27.81,27.31,44.67,1008.33
3733,335.88,27.81,27.31,44.66,1008.33
3734,335.97,27.81,27.30,44.62,1008.33
3735,336.06,27.81,27.32,44.61,1008.32
3736,336.15,27.81,27.30,44.63,1008.32
3737,336.24,27.81,27.30,44.60,1008.32
3738,336.33,27.81,27.29,44.58,1008.32
3739,336.42,27.81,27.30,44.59,1008.30
3740,336.51,27.81,27.30,44.58,1008.31
3741,336.60,27.81,27.29,44.60,1008.30
3742,336.69,27.81,27.30,44.61,1008.30
3743,336.78,27.81,27.28,44.62,1008.30
3744,336.87,27.81,27.27,44.62,1008.30
3745,336.96,27.81,27.28,44.63,1008.29
3746,337.05,27.81,27.27,44.65,1008.29
3747,337.14,27.81,27.26,44.63,1008.28
3748,337.23,27.81,27.28,44.63,1008.27
3749,337.32,27.81,27.29,44.64,1008.27
3750,337.41,27.81,27.31,44.66,1008.28
3751,337.50,27.81,27.30,44.67,1008.28
3752,337.59,27.81,27.29,44.68,1008.28
3753,337.68,27.81,27.26,44.67,1008.29
3754,337.77,27.81,27.28,44.68,1008.29
3755,337.86,27.81,27.27,44.68,1008.28
3756,337.95,27.81,27.27,44.64,1008.30
3757,338.04,27.81,27.27,44.64,1008.31
3758,338.13,27.81,27.29,44.63,1008.31
3759,338.22,27.81,27.30,44.60,1008.32
3760,338.31,27.81,27.28,44.58,1008.32
3761,338.40,27.81,27.28,44.59,1008.32
3762,338.49,27.81,27.29,44.56,1008.32
3763,338.58,27.81,27.27,44.53,1008.33
3764,338.67,27.81,27.27,44.52,1008.33
3765,338.76,27.81,27.28,44.52,1008.34
3766,338.85,27.81,27.28,44.54,1008.34
3767,338.94,27.81,27.30,44.52,1008.34
3768,339.03,27.81,27.27,44.55,1008.35
3769,339.12,27.81,27.27,44.55,1008.37
3770,339.21,27.81,27.27,44.60,1008.36
3771,339.30,27.81,27.28,44.63,1008.36
3772,339.39,27.81,27.28,44.65,1008.35
3773,339.48,27.81,27.28,44.65,1008.35
3774,339.57,27.81,27.28,44.62,1008.34
3775,339.66,27.81,27.28,44.57,1008.34
3776,339.75,27.81,27.30,44.55,1008.35
3777,339.84,27.81,27.30,44.58,1008.35
3778,339.93,27.81,27.32,44.61,1008.37
3779,340.02,27.81,27.33,44.61,1008.38
3780,340.11,27.81,27.34,44.63,1008.39
3781,340.20,27.81,27.33,44.66,1008.39
3782,340.29,27.81,27.33,44.63,1008.40
3783,340.38,27.81,27.36,44.62,1008.41
3784,340.47,27.81,27.36,44.61,1008.43
3785,340.56,27.81,27.38,44.60,1008.42
3786,340.65,27.81,27.39,44.62,1008.42
3787,340.74,27.81,27.40,44.62,1008.42
3788,340.83,27.81,27.40,44.62,1008.42
3789,340.92,27.81,27.40,44.59,1008.41
3790,341.01,27.81,27.40,44.57,1008.41
3791,341.10,27.81,27.40,44.57,1008.41
3792,341.19,27.81,27.41,44.59,1008.41
3793,341.28,27.81,27.41,44.57,1008.39
3794,341.37,27.81,27.42,44.56,1008.39
3795,341.46,27.81,27.41,44.54,1008.37
3796,341.55,27.81,27.41,44.55,1008.37
3797,341.64,27.81,27.39,44.52,1008.37
3798,341.73,27.81,27.41,44.48,1008.37
3799,341.82,27.81,27.42,44.49,1008.36
3800,341.91,27.81,27.42,44.48,1008.35
3801,342.00,27.81,27.43,44.51,1008.35
3802,342.09,27.81,27.44,44.51,1008.35
3803,342.18,27.81,27.42,44.54,1008.36
3804,342.27,27.81,27.43,44.53,1008.37
3805,342.36,27.81,27.44,44.53,1008.35
3806,342.45,27.81,27.43,44.52,1008.35
3807,342.54,27.81,27.45,44.50,1008.35
3808,342.63,27.81,27.45,44.50,1008.36
3809,342.72,27.81,27.44,44.49,1008.35
3810,342.81,27.81,27.42,44.51,1008.33
3811,342.90,27.81,27.43,44.52,1008.32
3812,342.99,27.81,27.44,44.54,1008.32
3813,343.08,27.81,27.43,44.55,1008.32
3814,343.17,27.81,27.46,44.54,1008.32
3815,343.26,27.81,27.43,44.52,1008.32
3816,343.35,27.81,27.43,44.50,1008.31
3817,343.44,27.81,27.44,44.49,1008.32
3818,343.53,27.81,27.42,44.45,1008.30
3819,343.62,27.81,27.42,44.48,1008.30
3820,343.71,27.81,27.43,44.49,1008.29
3821,343.80,27.81,27.43,44.47,1008.30
3822,343.89,27.81,27.40,44.48,1008.30
3823,343.98,27.81,27.39,44.49,1008.30
3824,344.07,27.81,27.38,44.48,1008.32
3825,344.16,27.81,27.37,44.49,1008.33
3826,344.25,27.81,27.37,44.48,1008.32
3827,344.34,27.81,27.36,44.45,1008.33
3828,344.43,27.81,27.38,44.48,1008.33
3829,344.52,27.81,27.40,44.48,1008.33
3830,344.61,27.81,27.38,44.50,1008.33
3831,344.70,27.81,27.39,44.50,1008.34
3832,344.79,27.81,27.38,44.48,1008.35
3833,344.88,27.81,27.37,44.49,1008.36
3834,344.97,27.81,27.37,44.48,1008.36
3835,345.06,27.81,27.36,44.48,1008.37
3836,345.15,27.81,27.35,44.51,1008.37
3837,345.24,27.81,27.37,44.54,1008.37
3838,345.33,27.81,27.36,44.52,1008.37
3839,345.42,27.81,27.38,44.55,1008.38
3840,345.51,27.81,27.39,44.56,1008.38
3841,345.60,27.81,27.38,44.53,1008.38
3842,345.69,27.81,27.36,44.53,1008.37
3843,345.78,27.81,27.36,44.51,1008.36
3844,345.87,27.81,27.36,44.48,1008.38
3845,345.96,27.81,27.35,44.50,1008.40
3846,346.05,27.81,27.34,44.48,1008.42
3847,346.14,27.81,27.36,44.52,1008.42
3848,346.23,27.81,27.37,44.51,1008.42
3849,346.32,27.81,27.38,44.51,1008.42
3850,346.41,27.81,27.37,44.50,1008.43
3851,346.50,27.81,27.37,44.51,1008.44
3852,346.59,27.81,27.38,44.57,1008.43
3853,346.68,27.81,27.37,44.55,1008.45
3854,346.77,27.81,27.35,44.56,1008.45
3855,346.86,27.81,27.33,44.56,1008.44
3856,346.95,27.81,27.34,44.54,1008.44
3857,347.04,27.81,27.33,44.57,1008.44
3858,347.13,27.81,27.33,44.60,1008.45
3859,347.22,27.81,27.33,44.59,1008.45
3860,347.31,27.81,27.34,44.58,1008.44
3861,347.40,27.81,27.33,44.58,1008.43
3862,347.49,27.81,27.33,44.58,1008.42
3863,347.58,27.81,27.33,44.59,1008.41
3864,347.67,27.81,27.33,44.59,1008.41
3865,347.76,27.81,27.33,44.58,1008.40
3866,347.85,27.81,27.35,44.60,1008.39
3867,347.94,27.81,27.35,44.60,1008.39
3868,348.03,27.81,27.33,44.60,1008.38
3869,348.12,27.81,27.34,44.57,1008.38
3870,348.21,27.81,27.35,44.58,1008.37
3871,348.30,27.81,27.34,44.54,1008.38
3872,348.39,27.81,27.33,44.52,1008.38
3873,348.48,27.81,27.33,44.51,1008.38
3874,348.57,27.81,27.34,44.52,1008.38
3875,348.66,27.81,27.33,44.54,1008.38
3876,348.75,27.81,27.33,44.53,1008.36
3877,348.84,27.81,27.33,44.54,1008.35
3878,348.93,27.81,27.33,44.58,1008.35
3879,349.02,27.81,27.34,44.57,1008.35
3880,349.11,27.81,27.34,44.56,1008.35
3881,349.20,27.81,27.36,44.57,1008.35
3882,349.29,27.81,27.35,44.60,1008.33
3883,349.38,27.81,27.33,44.59,1008.33
3884,349.47,27.81,27.35,44.59,1008.32
3885,349.56,27.81,27.36,44.60,1008.31
3886,349.65,27.81,27.36,44.64,1008.31
3887,349.74,27.81,27.37,44.65,1008.31
3888,349.83,27.81,27.37,44.60,1008.31
3889,349.92,27.81,27.37,44.59,1008.33
3890,350.01,27.81,27.35,44.62,1008.33
3891,350.10,27.81,27.36,44.64,1008.32
3892,350.19,27.81,27.39,44.62,1008.31
3893,350.28,27.81,27.39,44.62,1008.32
3894,350.37,27.81,27.40,44.63,1008.31
3895,350.46,27.81,27.41,44.64,1008.31
3896,350.55,27.81,27.40,44.66,1008.32
3897,350.64,27.81,27.40,44.65,1008.33
3898,350.73,27.81,27.39,44.64,1008.33
3899,350.82,27.81,27.40,44.65,1008.34
3900,350.91,27.81,27.40,44.68,1008.35
3901,351.00,27.81,27.42,44.64,1008.35
3902,351.09,27.81,27.44,44.63,1008.33
3903,351.18,27.81,27.46,44.57,1008.34
3904,351.27,27.81,27.46,44.61,1008.34
3905,351.36,27.81,27.47,44.63,1008.34
3906,351.45,27.81,27.44,44.64,1008.35
3907,351.54,27.81,27.42,44.62,1008.37
3908,351.63,27.81,27.41,44.63,1008.38
3909,351.72,27.81,27.42,44.59,1008.38
3910,351.81,27.81,27.43,44.56,1008.39
3911,351.90,27.81,27.41,44.55,1008.39
3912,351.99,27.81,27.41,44.51,1008.39
3913,352.08,27.81,27.43,44.52,1008.39
3914,352.17,27.81,27.41,44.50,1008.38
3915,352.26,27.81,27.42,44.49,1008.38
3916,352.35,27.81,27.40,44.49,1008.39
3917,352.44,27.81,27.41,44.46,1008.38
3918,352.53,27.81,27.42,44.44,1008.40
3919,352.62,27.81,27.41,44.44,1008.40
3920,352.71,27.81,27.40,44.42,1008.41
3921,352.80,27.81,27.39,44.42,1008.40
3922,352.89,27.81,27.38,44.42,1008.41
3923,352.98,27.81,27.38,44.40,1008.41
3924,353.07,27.81,27.37,44.45,1008.41
3925,353.16,27.81,27.39,44.44,1008.40
3926,353.25,27.81,27.40,44.45,1008.41
3927,353.34,27.81,27.40,44.44,1008.40
3928,353.43,27.81,27.40,44.47,1008.39
3929,353.52,27.81,27.40,44.50,1008.40
3930,353.61,27.81,27.40,44.51,1008.40
3931,353.70,27.81,27.42,44.48,1008.39
3932,353.79,27.81,27.41,44.49,1008.39
3933,353.88,27.81,27.40,44.49,1008.38
3934,353.97,27.81,27.39,44.49,1008.39
3935,354.06,27.81,27.42,44.48,1008.39
3936,354.15,27.81,27.41,44.49,1008.37
3937,354.24,27.81,27.42,44.48,1008.36
3938,354.33,27.81,27.42,44.45,1008.35
3939,354.42,27.81,27.40,44.45,1008.34
3940,354.51,27.81,27.39,44.46,1008.35
3941,354.60,27.81,27.37,44.45,1008.35
3942,354.69,27.81,27.35,44.45,1008.35
3943,354.78,27.81,27.33,44.43,1008.35
3944,354.87,27.81,27.35,44.43,1008.34
3945,354.96,27.81,27.35,44.43,1008.32
3946,355.05,27.81,27.35,44.43,1008.31
3947,355.14,27.81,27.34,44.42,1008.30
3948,355.23,27.81,27.36,44.45,1008.30
3949,355.32,27.81,27.38,44.45,1008.30
3950,355.41,27.81,27.39,44.48,1008.30
3951,355.50,27.81,27.38,44.48,1008.29
3952,355.59,27.81,27.39,44.49,1008.29
3953,355.68,27.81,27.39,44.49,1008.30
3954,355.77,27.81,27.36,44.53,1008.30
3955,355.86,27.81,27.36,44.54,1008.29
3956,355.95,27.81,27.32,44.56,1008.28
3957,356.04,27.81,27.35,44.55,1008.27
3958,356.13,27.81,27.35,44.57,1008.27
3959,356.22,27.81,27.34,44.60,1008.27
3960,356.31,27.81,27.33,44.59,1008.27
3961,356.40,27.81,27.33,44.55,1008.26
3962,356.49,27.81,27.33,44.50,1008.26
3963,356.58,27.81,27.35,44.50,1008.27
3964,356.67,27.81,27.35,44.50,1008.28
3965,356.76,27.81,27.37,44.50,1008.27
3966,356.85,27.81,27.36,44.50,1008.28
3967,356.94,27.81,27.38,44.50,1008.28
3968,357.03,27.81,27.39,44.49,1008.28
3969,357.12,27.81,27.38,44.48,1008.31
3970,357.21,27.81,27.37,44.48,1008.31
3971,357.30,27.81,27.36,44.47,1008.32
3972,357.39,27.81,27.37,44.47,1008.34
3973,357.48,27.81,27.35,44.46,1008.34
3974,357.57,27.81,27.34,44.45,1008.36
3975,357.66,27.81,27.34,44.46,1008.36
3976,357.75,27.81,27.34,44.43,1008.35
3977,357.84,27.81,27.37,44.41,1008.35
3978,357.93,27.81,27.36,44.39,1008.36
3979,358.02,27.81,27.37,44.39,1008.37
3980,358.11,27.81,27.37,44.38,1008.36
3981,358.20,27.81,27.39,44.39,1008.36
3982,358.29,27.81,27.40,44.39,1008.37
3983,358.38,27.81,27.38,44.39,1008.38
3984,358.47,27.81,27.38,44.38,1008.38
3985,358.56,27.81,27.39,44.41,1008.37
3986,358.65,27.81,27.39,44.40,1008.37
3987,358.74,27.81,27.39,44.38,1008.37
3988,358.83,27.81,27.38,44.39,1008.37
3989,358.92,27.81,27.38,44.38,1008.38
3990,359.01,27.81,27.36,44.40,1008.38
3991,359.10,27.81,27.38,44.36,1008.37
3992,359.19,27.81,27.38,44.36,1008.37
3993,359.28,27.81,27.35,44.39,1008.37
3994,359.37,27.81,27.36,44.37,1008.37
3995,359.46,27.81,27.36,44.34,1008.37
3996,359.55,27.81,27.36,44.35,1008.38
3997,359.64,27.81,27.35,44.36,1008.37
3998,359.73,27.81,27.36,44.35,1008.37
3999,359.82,27.81,27.36,44.33,1008.38
4000,359.91,27.81,27.35,44.31,1008.37
4001,360.00,27.81,27.35,44.31,1008.35
4002,360.09,27.81,27.34,44.30,1008.35
4003,360.18,27.81,27.35,44.31,1008.34
4004,360.27,27.81,27.36,44.28,1008.33
4005,360.36,27.81,27.37,44.29,1008.32
4006,360.45,27.81,27.38,44.26,1008.31
4007,360.54,27.81,27.37,44.28,1008.31
4008,360.63,27.81,27.39,44.29,1008.30
4009,360.72,27.81,27.40,44.30,1008.30
4010,360.81,27.81,27.41,44.31,1008.29
4011,360.90,27.81,27.40,44.32,1008.28
4012,360.99,27.81,27.41,44.30,1008.27
4013,361.08,27.81,27.39,44.28,1008.26
4014,361.17,27.81,27.37,44.29,1008.26
4015,361.26,27.81,27.39,44.32,1008.26
4016,361.35,27.81,27.41,44.31,1008.27
4017,361.44,27.81,27.39,44.33,1008.27
4018,361.53,27.81,27.38,44.33,1008.28
4019,361.62,27.81,27.39,44.34,1008.27
4020,361.71,27.81,27.41,44.33,1008.27
4021,361.80,27.81,27.40,44.32,1008.26
4022,361.89,27.81,27.42,44.33,1008.26
4023,361.98,27.81,27.42,44.32,1008.25
4024,362.07,27.81,27.41,44.33,1008.24
4025,362.16,27.81,27.40,44.30,1008.26
4026,362.25,27.81,27.40,44.32,1008.25
4027,362.34,27.81,27.40,44.29,1008.26
4028,362.43,27.81,27.44,44.30,1008.26
4029,362.52,27.81,27.43,44.34,1008.27
4030,362.61,27.81,27.43,44.35,1008.27
4031,362.70,27.81,27.42,44.34,1008.28
4032,362.79,27.81,27.42,44.32,1008.27
4033,362.88,27.81,27.42,44.32,1008.28
4034,362.97,27.81,27.42,44.35,1008.29
4035,363.06,27.81,27.43,44.34,1008.30
4036,363.15,27.81,27.41,44.35,1008.31
4037,363.24,27.81,27.40,44.29,1008.31
4038,363.33,27.81,27.40,44.27,1008.32
4039,363.42,27.81,27.40,44.27,1008.33
4040,363.51,27.81,27.40,44.29,1008.34
4041,363.60,27.81,27.39,44.29,1008.34
4042,363.69,27.81,27.41,44.31,1008.35
4043,363.78,27.81,27.42,44.32,1008.36
4044,363.87,27.81,27.42,44.34,1008.37
4045,363.96,27.81,27.44,44.31,1008.37
4046,364.05,27.81,27.44,44.30,1008.37
4047,364.14,27.81,27.43,44.28,1008.37
4048,364.23,27.81,27.43,44.29,1008.38
4049,364.32,27.81,27.42,44.28,1008.37
4050,364.41,27.81,27.41,44.28,1008.37
4051,364.50,27.81,27.42,44.27,1008.37
4052,364.59,27.81,27.43,44.24,1008.38
4053,364.68,27.81,27.39,44.22,1008.38
4054,364.77,27.81,27.37,44.23,1008.38
4055,364.86,27.81,27.37,44.23,1008.39
4056,364.95,27.81,27.38,44.23,1008.39
4057,365.04,27.81,27.37,44.24,1008.39
4058,365.13,27.81,27.38,44.27,1008.39
4059,365.22,27.81,27.38,44.24,1008.38
4060,365.31,27.81,27.38,44.20,1008.38
4061,365.40,27.81,27.37,44.18,1008.39
4062,365.49,27.81,27.35,44.18,1008.39
4063,365.58,27.81,27.35,44.17,1008.38
4064,365.67,27.81,27.33,44.18,1008.37
4065,365.76,27.81,27.32,44.20,1008.38
4066,365.85,27.81,27.33,44.21,1008.36
4067,365.94,27.81,27.32,44.20,1008.35
4068,366.03,27.81,27.32,44.16,1008.34
4069,366.12,27.81,27.33,44.18,1008.34
4070,366.21,27.81,27.36,44.19,1008.35
4071,366.30,27.81,27.37,44.21,1008.35
4072,366.39,27.81,27.38,44.18,1008.36
4073,366.48,27.81,27.37,44.17,1008.36
4074,366.57,27.81,27.38,44.17,1008.35
4075,366.66,27.81,27.39,44.21,1008.36
4076,366.75,27.81,27.39,44.21,1008.35
4077,366.84,27.81,27.38,44.19,1008.35
4078,366.93,27.81,27.38,44.21,1008.36
4079,367.02,27.81,27.38,44.24,1008.35
4080,367.11,27.81,27.39,44.25,1008.34
4081,367.20,27.81,27.37,44.25,1008.34
4082,367.29,27.81,27.36,44.23,1008.35
4083,367.38,27.81,27.36,44.21,1008.35
4084,367.47,27.81,27.35,44.18,1008.35
4085,367.56,27.81,27.34,44.16,1008.34
4086,367.65,27.81,27.34,44.19,1008.34
4087,367.74,27.81,27.35,44.20,1008.34
4088,367.83,27.81,27.33,44.20,1008.34
4089,367.92,27.81,27.33,44.20,1008.33
4090,368.01,27.81,27.32,44.22,1008.34
4091,368.10,27.81,27.34,44.20,1008.34
4092,368.19,27.81,27.34,44.17,1008.34
4093,368.28,27.81,27.31,44.15,1008.33
4094,368.37,27.81,27.32,44.17,1008.34
4095,368.46,27.81,27.31,44.16,1008.34
4096,368.55,27.81,27.32,44.18,1008.35
4097,368.64,27.81,27.32,44.17,1008.36
4098,368.73,27.81,27.32,44.16,1008.36
4099,368.82,27.81,27.33,44.15,1008.37
4100,368.91,27.81,27.33,44.15,1008.35
4101,369.00,27.81,27.31,44.17,1008.34
4102,369.09,27.81,27.31,44.19,1008.34
4103,369.18,27.81,27.28,44.17,1008.33
4104,369.27,27.81,27.28,44.17,1008.33
4105,369.36,27.81,27.29,44.15,1008.33
4106,369.45,27.81,27.31,44.17,1008.33
4107,369.54,27.81,27.32,44.19,1008.33
4108,369.63,27.81,27.32,44.21,1008.34
4109,369.72,27.81,27.30,44.19,1008.34
4110,369.81,27.81,27.32,44.19,1008.34
4111,369.90,27.81,27.31,44.15,1008.34
4112,369.99,27.81,27.31,44.12,1008.34
4113,370.08,27.81,27.33,44.11,1008.33
4114,370.17,27.81,27.33,44.09,1008.35
4115,370.26,27.81,27.34,44.10,1008.36
4116,370.35,27.81,27.38,44.08,1008.35
4117,370.44,27.81,27.38,44.11,1008.37
4118,370.53,27.81,27.39,44.12,1008.37
4119,370.62,27.81,27.40,44.12,1008.36
4120,370.71,27.81,27.39,44.08,1008.37
4121,370.80,27.81,27.39,44.11,1008.38
4122,370.89,27.81,27.41,44.12,1008.36
4123,370.98,27.81,27.39,44.10,1008.38
4124,371.07,27.81,27.41,44.09,1008.38
4125,371.16,27.81,27.40,44.10,1008.37
4126,371.25,27.81,27.42,44.12,1008.37
4127,371.34,27.81,27.43,44.10,1008.39
4128,371.43,27.81,27.42,44.08,1008.40
4129,371.52,27.81,27.41,44.09,1008.40
4130,371.61,27.81,27.43,44.11,1008.39
4131,371.70,27.81,27.44,44.12,1008.40
4132,371.79,27.81,27.46,44.11,1008.39
4133,371.88,27.81,27.47,44.09,1008.39
4134,371.97,27.81,27.48,44.09,1008.39
4135,372.06,27.81,27.48,44.10,1008.38
4136,372.15,27.81,27.49,44.12,1008.38
4137,372.24,27.81,27.48,44.13,1008.38
4138,372.33,27.81,27.49,44.15,1008.38
4139,372.42,27.81,27.49,44.14,1008.37
4140,372.51,27.81,27.48,44.12,1008.37
4141,372.60,27.81,27.46,44.12,1008.36
4142,372.69,27.81,27.47,44.13,1008.35
4143,372.78,27.81,27.46,44.16,1008.34
4144,372.87,27.81,27.46,44.17,1008.35
4145,372.96,27.81,27.47,44.20,1008.36
4146,373.05,27.81,27.45,44.15,1008.34
4147,373.14,27.81,27.46,44.12,1008.34
4148,373.23,27.81,27.47,44.12,1008.33
4149,373.32,27.81,27.47,44.12,1008.32
4150,373.41,27.81,27.47,44.17,1008.31
4151,373.50,27.81,27.46,44.13,1008.30
4152,373.59,27.81,27.44,44.12,1008.29
4153,373.68,27.81,27.44,44.12,1008.28
4154,373.77,27.81,27.44,44.10,1008.29
4155,373.86,27.81,27.45,44.12,1008.30
4156,373.95,27.81,27.46,44.11,1008.30
4157,374.04,27.81,27.45,44.11,1008.30
4158,374.13,27.81,27.43,44.12,1008.32
4159,374.22,27.81,27.45,44.09,1008.34
4160,374.31,27.81,27.45,44.08,1008.34
4161,374.40,27.81,27.44,44.12,1008.35
4162,374.49,27.81,27.43,44.10,1008.35
4163,374.58,27.81,27.43,44.12,1008.35
4164,374.67,27.81,27.43,44.13,1008.34
4165,374.76,27.81,27.43,44.13,1008.33
4166,374.85,27.81,27.41,44.13,1008.33
4167,374.94,27.81,27.41,44.14,1008.33
4168,375.03,27.81,27.39,44.10,1008.32
4169,375.12,27.81,27.39,44.12,1008.33
4170,375.21,27.81,27.38,44.09,1008.34
4171,375.30,27.81,27.37,44.06,1008.34
4172,375.39,27.81,27.37,44.03,1008.36
4173,375.48,27.81,27.36,44.06,1008.37
4174,375.57,27.81,27.38,44.04,1008.37
4175,375.66,27.81,27.38,44.05,1008.38
4176,375.75,27.81,27.38,44.05,1008.39
4177,375.84,27.81,27.37,44.06,1008.39
4178,375.93,27.81,27.36,44.04,1008.39
4179,376.02,27.81,27.36,44.04,1008.41
4180,376.11,27.81,27.37,44.02,1008.41
4181,376.20,27.81,27.37,44.03,1008.41
4182,376.29,27.82,27.36,44.05,1008.42
4183,376.38,27.82,27.35,44.06,1008.43
4184,376.47,27.81,27.35,44.06,1008.42
4185,376.56,27.81,27.34,44.05,1008.43
4186,376.65,27.81,27.32,44.09,1008.43
4187,376.74,27.81,27.33,44.11,1008.43
4188,376.83,27.81,27.31,44.14,1008.44
4189,376.92,27.81,27.33,44.14,1008.45
4190,377.01,27.81,27.33,44.16,1008.45
4191,377.10,27.81,27.34,44.14,1008.45
4192,377.19,27.81,27.35,44.12,1008.43
4193,377.28,27.81,27.36,44.12,1008.44
4194,377.37,27.81,27.37,44.14,1008.44
4195,377.46,27.81,27.36,44.13,1008.45
4196,377.55,27.81,27.36,44.16,1008.44
4197,377.64,27.81,27.37,44.16,1008.44
4198,377.73,27.81,27.38,44.14,1008.46
4199,377.82,27.81,27.40,44.13,1008.46
4200,377.91,27.81,27.38,44.14,1008.46
4201,378.00,27.81,27.37,44.12,1008.47
4202,378.09,27.81,27.35,44.10,1008.47
4203,378.18,27.81,27.34,44.10,1008.47
4204,378.27,27.81,27.35,44.12,1008.46
4205,378.36,27.81,27.32,44.13,1008.44
4206,378.45,27.81,27.32,44.14,1008.44
4207,378.54,27.81,27.33,44.14,1008.42
4208,378.63,27.81,27.33,44.17,1008.42
4209,378.72,27.81,27.36,44.16,1008.40
4210,378.81,27.81,27.37,44.15,1008.38
4211,378.90,27.81,27.37,44.14,1008.39
4212,378.99,27.81,27.36,44.13,1008.38
4213,379.08,27.81,27.38,44.18,1008.37
4214,379.17,27.81,27.38,44.20,1008.37
4215,379.26,27.81,27.38,44.18,1008.36
4216,379.35,27.81,27.40,44.18,1008.36
4217,379.44,27.81,27.39,44.17,1008.35
4218,379.53,27.81,27.38,44.19,1008.34
4219,379.62,27.81,27.38,44.17,1008.33
4220,379.71,27.81,27.37,44.18,1008.33
4221,379.80,27.81,27.37,44.20,1008.33
4222,379.89,27.81,27.38,44.18,1008.32
4223,379.98,27.81,27.39,44.16,1008.31
4224,380.07,27.81,27.38,44.13,1008.31
4225,380.16,27.81,27.38,44.13,1008.30
4226,380.25,27.81,27.38,44.10,1008.30
4227,380.34,27.81,27.37,44.13,1008.30
4228,380.43,27.81,27.38,44.12,1008.30
4229,380.52,27.81,27.39,44.12,1008.30
4230,380.61,27.81,27.40,44.15,1008.30
4231,380.70,27.81,27.42,44.17,1008.30
4232,380.79,27.81,27.42,44.14,1008.32
4233,380.88,27.81,27.41,44.13,1008.31
4234,380.97,27.81,27.38,44.14,1008.31
4235,381.06,27.81,27.37,44.12,1008.31
4236,381.15,27.81,27.39,44.14,1008.30
4237,381.24,27.81,27.41,44.12,1008.31
4238,381.33,27.81,27.41,44.13,1008.33
4239,381.42,27.81,27.44,44.10,1008.32
4240,381.51,27.81,27.45,44.12,1008.33
4241,381.60,27.81,27.44,44.10,1008.34
4242,381.69,27.81,27.46,44.09,1008.34
4243,381.78,27.81,27.47,44.10,1008.34
4244,381.87,27.81,27.47,44.10,1008.36
4245,381.96,27.81,27.47,44.11,1008.36
4246,382.05,27.81,27.48,44.13,1008.36
4247,382.14,27.81,27.50,44.14,1008.36
4248,382.23,27.81,27.51,44.18,1008.37
4249,382.32,27.81,27.51,44.13,1008.38
4250,382.41,27.81,27.52,44.09,1008.38
4251,382.50,27.81,27.52,44.12,1008.37
4252,382.59,27.81,27.52,44.10,1008.37
4253,382.68,27.81,27.52,44.10,1008.39
4254,382.77,27.81,27.51,44.10,1008.39
4255,382.86,27.81,27.48,44.11,1008.40
4256,382.95,27.81,27.48,44.14,1008.41
4257,383.04,27.81,27.46,44.14,1008.43
4258,383.13,27.81,27.47,44.12,1008.42
4259,383.22,27.81,27.48,44.09,1008.41
4260,383.31,27.81,27.50,44.13,1008.42
4261,383.40,27.81,27.48,44.15,1008.42
4262,383.49,27.81,27.49,44.12,1008.43
4263,383.58,27.81,27.49,44.15,1008.42
4264,383.67,27.81,27.48,44.18,1008.42
4265,383.76,27.81,27.48,44.19,1008.40
4266,383.85,27.81,27.47,44.16,1008.39
4267,383.94,27.81,27.47,44.14,1008.39
4268,384.03,27.81,27.46,44.12,1008.38
4269,384.12,27.81,27.49,44.11,1008.39
4270,384.21,27.81,27.49,44.13,1008.39
4271,384.30,27.81,27.47,44.08,1008.38
4272,384.39,27.81,27.43,44.12,1008.36
4273,384.48,27.81,27.43,44.13,1008.36
4274,384.57,27.81,27.43,44.14,1008.33
4275,384.66,27.81,27.42,44.13,1008.32
4276,384.75,27.81,27.42,44.10,1008.32
4277,384.84,27.81,27.43,44.09,1008.33
4278,384.93,27.81,27.43,44.09,1008.32
4279,385.02,27.81,27.43,44.13,1008.31
4280,385.11,27.81,27.42,44.14,1008.31
4281,385.20,27.81,27.40,44.14,1008.31
4282,385.29,27.81,27.37,44.14,1008.31
4283,385.38,27.81,27.36,44.12,1008.31
4284,385.47,27.81,27.35,44.12,1008.31
4285,385.56,27.81,27.36,44.10,1008.30
4286,385.65,27.81,27.36,44.08,1008.29
4287,385.74,27.81,27.38,44.06,1008.29
4288,385.83,27.81,27.38,44.03,1008.27
4289,385.92,27.81,27.38,44.02,1008.26
4290,386.01,27.81,27.40,44.03,1008.25
4291,386.10,27.81,27.40,44.07,1008.25
4292,386.19,27.81,27.40,44.06,1008.26
4293,386.28,27.81,27.41,44.05,1008.27
4294,386.37,27.81,27.39,44.03,1008.28
4295,386.46,27.81,27.42,44.02,1008.29
4296,386.55,27.81,27.39,43.96,1008.28
4297,386.64,27.81,27.39,43.95,1008.29
4298,386.73,27.81,27.39,43.96,1008.29
4299,386.82,27.81,27.37,43.96,1008.29
4300,386.91,27.81,27.36,43.94,1008.29
4301,387.00,27.81,27.35,43.93,1008.30
4302,387.09,27.81,27.36,43.92,1008.29
4303,387.18,27.81,27.36,43.89,1008.30
4304,387.27,27.81,27.37,43.88,1008.29
4305,387.36,27.81,27.34,43.87,1008.29
4306,387.45,27.81,27.34,43.87,1008.31
4307,387.54,27.81,27.34,43.85,1008.31
4308,387.63,27.81,27.37,43.86,1008.33
4309,387.72,27.81,27.38,43.87,1008.32
4310,387.81,27.81,27.39,43.87,1008.33
4311,387.90,27.81,27.40,43.85,1008.35
4312,387.99,27.81,27.41,43.88,1008.35
4313,388.08,27.81,27.41,43.90,1008.35
4314,388.17,27.81,27.42,43.87,1008.36
4315,388.26,27.81,27.42,43.87,1008.37
4316,388.35,27.81,27.43,43.90,1008.37
4317,388.44,27.81,27.44,43.91,1008.36
4318,388.53,27.81,27.45,43.92,1008.34
4319,388.62,27.81,27.47,43.90,1008.36
4320,388.71,27.81,27.46,43.90,1008.35
4321,388.80,27.81,27.47,43.90,1008.36
4322,388.89,27.81,27.44,43.90,1008.35
4323,388.98,27.81,27.45,43.88,1008.36
4324,389.07,27.81,27.47,43.89,1008.36
4325,389.16,27.81,27.49,43.88,1008.37
4326,389.25,27.81,27.46,43.87,1008.37
4327,389.34,27.81,27.47,43.89,1008.36
4328,389.43,27.81,27.49,43.88,1008.35
4329,389.52,27.81,27.50,43.92,1008.34
4330,389.61,27.81,27.50,43.87,1008.36
4331,389.70,27.81,27.51,43.88,1008.35
4332,389.79,27.81,27.52,43.88,1008.35
4333,389.88,27.81,27.51,43.88,1008.35
4334,389.97,27.81,27.50,43.88,1008.35
4335,390.06,27.81,27.51,43.89,1008.36
4336,390.15,27.81,27.51,43.87,1008.37
4337,390.24,27.81,27.51,43.90,1008.35
4338,390.33,27.81,27.53,43.89,1008.34
4339,390.42,27.81,27.54,43.90,1008.33
4340,390.51,27.81,27.56,43.89,1008.32
4341,390.60,27.81,27.55,43.91,1008.32
4342,390.69,27.81,27.57,43.92,1008.31
4343,390.78,27.81,27.57,43.91,1008.32
4344,390.87,27.81,27.58,43.93,1008.31
4345,390.96,27.81,27.59,43.94,1008.31
4346,391.05,27.81,27.59,43.92,1008.32
4347,391.14,27.81,27.59,43.92,1008.32
4348,391.23,27.81,27.59,43.92,1008.32
4349,391.32,27.81,27.60,43.94,1008.33
4350,391.41,27.81,27.57,43.93,1008.32
4351,391.50,27.81,27.55,43.95,1008.33
4352,391.59,27.81,27.53,43.95,1008.33
4353,391.68,27.81,27.53,43.96,1008.33
4354,391.77,27.81,27.52,43.91,1008.33
4355,391.86,27.81,27.50,43.87,1008.32
4356,391.95,27.81,27.50,43.89,1008.30
4357,392.04,27.81,27.48,43.89,1008.29
4358,392.13,27.81,27.47,43.90,1008.30
4359,392.22,27.81,27.47,43.90,1008.28
4360,392.31,27.81,27.46,43.90,1008.28
4361,392.40,27.81,27.47,43.89,1008.27
4362,392.49,27.81,27.46,43.87,1008.27
4363,392.58,27.81,27.46,43.86,1008.27
4364,392.67,27.81,27.45,43.88,1008.27
4365,392.76,27.81,27.47,43.89,1008.28
4366,392.85,27.81,27.46,43.89,1008.29
4367,392.94,27.81,27.46,43.91,1008.27
4368,393.03,27.81,27.46,43.93,1008.28
4369,393.12,27.81,27.47,43.92,1008.26
4370,393.21,27.81,27.47,43.92,1008.27
4371,393.30,27.81,27.46,43.92,1008.27
4372,393.39,27.81,27.46,43.94,1008.27
4373,393.48,27.81,27.45,43.92,1008.27
4374,393.57,27.81,27.46,43.89,1008.30
4375,393.66,27.81,27.46,43.89,1008.31
4376,393.75,27.81,27.45,43.88,1008.30
4377,393.84,27.81,27.46,43.86,1008.31
4378,393.93,27.81,27.45,43.87,1008.32
4379,394.02,27.81,27.42,43.89,1008.32
4380,394.11,27.81,27.42,43.87,1008.34
4381,394.20,27.81,27.44,43.91,1008.34
4382,394.29,27.81,27.42,43.90,1008.34
4383,394.38,27.81,27.42,43.89,1008.35
4384,394.47,27.81,27.44,43.90,1008.35
4385,394.56,27.81,27.43,43.85,1008.36
4386,394.65,27.81,27.43,43.87,1008.36
4387,394.74,27.81,27.42,43.85,1008.37
4388,394.83,27.81,27.43,43.86,1008.38
4389,394.92,27.81,27.42,43.82,1008.40
4390,395.01,27.81,27.44,43.84,1008.39
4391,395.10,27.81,27.45,43.85,1008.39
4392,395.19,27.81,27.43,43.82,1008.40
4393,395.28,27.81,27.43,43.81,1008.39
4394,395.37,27.81,27.42,43.81,1008.39
4395,395.46,27.81,27.42,43.83,1008.40
4396,395.55,27.81,27.41,43.83,1008.39
4397,395.64,27.81,27.43,43.85,1008.40
4398,395.73,27.81,27.40,43.86,1008.39
4399,395.82,27.81,27.41,43.84,1008.40
4400,395.91,27.81,27.41,43.81,1008.39
4401,396.00,27.81,27.39,43.84,1008.39
4402,396.09,27.81,27.38,43.81,1008.38
4403,396.18,27.81,27.38,43.83,1008.38
4404,396.27,27.81,27.37,43.83,1008.38
4405,396.36,27.81,27.36,43.83,1008.37
4406,396.45,27.81,27.38,43.83,1008.36
4407,396.54,27.81,27.40,43.81,1008.37
4408,396.63,27.81,27.42,43.81,1008.37
4409,396.72,27.81,27.43,43.84,1008.37
4410,396.81,27.81,27.42,43.81,1008.37
4411,396.90,27.81,27.43,43.81,1008.36
4412,396.99,27.81,27.42,43.82,1008.35
4413,397.08,27.81,27.41,43.82,1008.34
4414,397.17,27.81,27.40,43.81,1008.34
4415,397.26,27.81,27.41,43.82,1008.33
4416,397.35,27.81,27.42,43.85,1008.33
4417,397.44,27.81,27.40,43.89,1008.31
4418,397.53,27.81,27.41,43.91,1008.31
4419,397.62,27.81,27.40,43.92,1008.30
4420,397.71,27.81,27.38,43.90,1008.29
4421,397.80,27.81,27.39,43.93,1008.28
4422,397.89,27.81,27.38,43.94,1008.28
4423,397.98,27.81,27.37,43.96,1008.28
4424,398.07,27.81,27.37,43.98,1008.28
4425,398.16,27.81,27.39,43.95,1008.28
4426,398.25,27.81,27.35,43.96,1008.28
4427,398.34,27.81,27.36,44.00,1008.28
4428,398.43,27.81,27.37,44.02,1008.27
4429,398.52,27.81,27.39,44.00,1008.28
4430,398.61,27.81,27.37,43.99,1008.29
4431,398.70,27.81,27.37,44.01,1008.29
4432,398.79,27.81,27.36,44.00,1008.28
4433,398.88,27.81,27.36,44.04,1008.29
4434,398.97,27.81,27.39,44.05,1008.29
4435,399.06,27.81,27.43,44.05,1008.30
4436,399.15,27.81,27.43,44.08,1008.29
4437,399.24,27.81,27.44,44.09,1008.29
4438,399.33,27.81,27.43,44.11,1008.29
4439,399.42,27.81,27.43,44.11,1008.29
4440,399.51,27.81,27.43,44.07,1008.30
4441,399.60,27.81,27.43,44.04,1008.31
4442,399.69,27.81,27.43,44.04,1008.31
4443,399.78,27.81,27.42,44.03,1008.32
4444,399.87,27.81,27.43,44.02,1008.31
4445,399.96,27.81,27.44,44.04,1008.31
4446,400.05,27.81,27.45,44.01,1008.32
4447,400.14,27.81,27.46,44.05,1008.32
4448,400.23,27.81,27.48,44.03,1008.32
4449,400.32,27.81,27.48,44.03,1008.33
4450,400.41,27.81,27.49,44.04,1008.33
4451,400.50,27.81,27.48,44.03,1008.33
4452,400.59,27.81,27.48,44.07,1008.34
4453,400.68,27.81,27.49,44.06,1008.35
4454,400.77,27.81,27.49,44.05,1008.35
4455,400.86,27.81,27.48,44.03,1008.35
4456,400.95,27.81,27.48,44.02,1008.37
4457,401.04,27.81,27.50,44.01,1008.37
4458,401.13,27.81,27.48,44.00,1008.36
4459,401.22,27.81,27.48,44.03,1008.36
4460,401.31,27.81,27.47,44.00,1008.37
4461,401.40,27.81,27.47,44.01,1008.35
4462,401.49,27.81,27.45,44.00,1008.36
4463,401.58,27.81,27.45,44.00,1008.36
4464,401.67,27.81,27.48,43.97,1008.37
4465,401.76,27.81,27.47,43.96,1008.38
4466,401.85,27.81,27.47,43.97,1008.36
4467,401.94,27.81,27.48,43.99,1008.37
4468,402.03,27.81,27.46,43.96,1008.38
4469,402.12,27.81,27.47,43.97,1008.37
4470,402.21,27.81,27.47,43.97,1008.37
4471,402.30,27.81,27.46,43.96,1008.37
4472,402.39,27.81,27.47,43.96,1008.37
4473,402.48,27.81,27.47,43.95,1008.38
4474,402.57,27.81,27.47,43.95,1008.37
4475,402.66,27.81,27.49,43.96,1008.37
4476,402.75,27.81,27.49,43.97,1008.36
4477,402.84,27.81,27.49,43.96,1008.36
4478,402.93,27.81,27.51,43.95,1008.35
4479,403.02,27.81,27.53,43.93,1008.35
4480,403.11,27.81,27.54,43.91,1008.36
4481,403.20,27.81,27.56,43.91,1008.35
4482,403.29,27.81,27.57,43.93,1008.35
4483,403.38,27.81,27.55,43.92,1008.34
4484,403.47,27.81,27.57,43.92,1008.32
4485,403.56,27.81,27.56,43.92,1008.32
4486,403.65,27.81,27.55,43.96,1008.33
4487,403.74,27.81,27.56,43.96,1008.33
4488,403.83,27.81,27.54,43.95,1008.33
4489,403.92,27.81,27.52,43.93,1008.32
4490,404.01,27.81,27.51,43.95,1008.31
4491,404.10,27.81,27.50,43.94,1008.32
4492,404.19,27.81,27.48,43.91,1008.32
4493,404.28,27.81,27.47,43.97,1008.33
4494,404.37,27.81,27.47,43.98,1008.31
4495,404.46,27.81,27.48,43.98,1008.30
4496,404.55,27.81,27.48,44.02,1008.31
4497,404.64,27.81,27.47,43.99,1008.30
4498,404.73,27.81,27.44,43.98,1008.31
4499,404.82,27.81,27.43,43.96,1008.31
4500,404.91,27.81,27.43,43.98,1008.31
4501,405.00,27.81,27.41,44.02,1008.31
4502,405.09,27.81,27.40,44.03,1008.31
4503,405.18,27.81,27.40,44.00,1008.32
4504,405.27,27.81,27.41,44.01,1008.32
4505,405.36,27.81,27.40,44.01,1008.33
4506,405.45,27.81,27.39,44.03,1008.32
4507,405.54,27.81,27.38,44.03,1008.32
4508,405.63,27.81,27.40,44.04,1008.32
4509,405.72,27.81,27.40,44.02,1008.32
4510,405.81,27.81,27.40,44.01,1008.31
4511,405.90,27.81,27.41,44.05,1008.31
4512,405.99,27.81,27.43,44.02,1008.31
4513,406.08,27.81,27.43,44.06,1008.32
4514,406.17,27.81,27.44,44.08,1008.33
4515,406.26,27.81,27.44,44.06,1008.33
4516,406.35,27.81,27.46,44.07,1008.34
4517,406.44,27.81,27.46,44.08,1008.35
4518,406.53,27.81,27.44,44.08,1008.35
4519,406.62,27.81,27.45,44.07,1008.34
4520,406.71,27.81,27.45,44.08,1008.34
4521,406.80,27.81,27.45,44.04,1008.35
4522,406.89,27.81,27.43,44.02,1008.35
4523,406.98,27.81,27.43,44.02,1008.37
4524,407.07,27.81,27.44,44.04,1008.38
4525,407.16,27.81,27.43,44.05,1008.39
4526,407.25,27.81,27.43,44.08,1008.41
4527,407.34,27.81,27.44,44.06,1008.43
4528,407.43,27.81,27.47,44.08,1008.43
4529,407.52,27.83,27.45,44.09,1008.44
4530,407.61,27.82,27.44,44.08,1008.43
4531,407.70,27.82,27.42,44.07,1008.44
4532,407.79,27.82,27.44,44.09,1008.44
4533,407.88,27.82,27.43,44.06,1008.45
4534,407.97,27.83,27.40,44.05,1008.44
4535,408.06,27.83,27.40,44.06,1008.44
4536,408.15,27.81,27.41,44.07,1008.44
4537,408.24,27.82,27.38,44.06,1008.44
4538,408.33,27.81,27.38,44.05,1008.44
4539,408.42,27.81,27.38,44.04,1008.42
4540,408.51,27.81,27.39,44.05,1008.41
4541,408.60,27.81,27.38,44.06,1008.41
4542,408.69,27.81,27.37,44.04,1008.40
4543,408.78,27.81,27.36,44.04,1008.38
4544,408.87,27.81,27.39,44.04,1008.38
4545,408.96,27.81,27.38,44.06,1008.36
4546,409.05,27.81,27.37,44.08,1008.35
4547,409.14,27.81,27.38,44.08,1008.35
4548,409.23,27.81,27.40,44.09,1008.36
4549,409.32,27.81,27.41,44.09,1008.34
4550,409.41,27.81,27.41,44.10,1008.34
4551,409.50,27.81,27.40,44.06,1008.34
4552,409.59,27.81,27.40,44.03,1008.33
4553,409.68,27.81,27.38,44.06,1008.33
4554,409.77,27.81,27.38,44.05,1008.33
4555,409.86,27.81,27.38,44.05,1008.31
4556,409.95,27.81,27.39,44.02,1008.31
4557,410.04,27.81,27.40,44.02,1008.30
4558,410.13,27.81,27.41,44.04,1008.30
4559,410.22,27.81,27.40,44.04,1008.31
4560,410.31,27.81,27.41,44.08,1008.32
4561,410.40,27.81,27.44,44.07,1008.31
4562,410.49,27.81,27.46,44.08,1008.30
4563,410.58,27.81,27.48,44.09,1008.31
4564,410.67,27.81,27.49,44.10,1008.31
4565,410.76,27.81,27.49,44.12,1008.31
4566,410.85,27.81,27.48,44.13,1008.32
4567,410.94,27.81,27.49,44.14,1008.31
4568,411.03,27.81,27.51,44.13,1008.32
4569,411.12,27.81,27.51,44.09,1008.31
4570,411.21,27.81,27.49,44.10,1008.31
4571,411.30,27.81,27.50,44.04,1008.31
4572,411.39,27.81,27.49,44.03,1008.32
4573,411.48,27.81,27.48,44.02,1008.32
4574,411.57,27.81,27.49,44.02,1008.32
4575,411.66,27.81,27.49,44.02,1008.31
4576,411.75,27.81,27.49,43.97,1008.31
4577,411.84,27.81,27.49,43.99,1008.31
4578,411.93,27.81,27.50,43.97,1008.31
4579,412.02,27.81,27.51,43.96,1008.31
4580,412.11,27.81,27.53,43.93,1008.31
4581,412.20,27.81,27.52,43.92,1008.33
4582,412.29,27.81,27.50,43.91,1008.34
4583,412.38,27.81,27.49,43.89,1008.35
4584,412.47,27.81,27.49,43.86,1008.36
4585,412.56,27.81,27.48,43.90,1008.36
4586,412.65,27.81,27.47,43.92,1008.37
4587,412.74,27.81,27.46,43.90,1008.37
4588,412.83,27.81,27.48,43.92,1008.38
4589,412.92,27.81,27.48,43.96,1008.39
4590,413.01,27.81,27.46,43.96,1008.39
4591,413.10,27.81,27.45,43.97,1008.39
4592,413.19,27.81,27.45,44.00,1008.39
4593,413.28,27.81,27.46,43.98,1008.40
4594,413.37,27.81,27.46,43.98,1008.41
4595,413.46,27.81,27.45,43.97,1008.42
4596,413.55,27.81,27.44,44.00,1008.42
4597,413.64,27.81,27.45,44.00,1008.42
4598,413.73,27.81,27.44,43.98,1008.43
4599,413.82,27.81,27.44,43.94,1008.42
4600,413.91,27.81,27.45,43.93,1008.42
4601,414.00,27.81,27.45,43.94,1008.42
4602,414.09,27.81,27.45,43.98,1008.41
4603,414.18,27.81,27.44,43.99,1008.39
4604,414.27,27.81,27.43,43.98,1008.38
4605,414.36,27.81,27.44,43.99,1008.40
4606,414.45,27.81,27.45,43.98,1008.38
4607,414.54,27.81,27.43,43.98,1008.38
4608,414.63,27.81,27.45,43.98,1008.38
4609,414.72,27.81,27.45,43.98,1008.38
4610,414.81,27.81,27.43,43.98,1008.37
4611,414.90,27.81,27.46,43.98,1008.37
4612,414.99,27.81,27.44,43.97,1008.37
4613,415.08,27.81,27.43,43.99,1008.37
4614,415.17,27.81,27.44,44.02,1008.37
4615,415.26,27.81,27.43,44.03,1008.36
4616,415.35,27.81,27.45,44.03,1008.36
4617,415.44,27.81,27.45,44.04,1008.35
4618,415.53,27.81,27.44,44.04,1008.35
4619,415.62,27.81,27.45,44.09,1008.34
4620,415.71,27.81,27.44,44.09,1008.34
4621,415.80,27.81,27.46,44.10,1008.34
4622,415.89,27.81,27.45,44.10,1008.33
4623,415.98,27.81,27.43,44.10,1008.33
4624,416.07,27.81,27.45,44.10,1008.33
4625,416.16,27.81,27.44,44.12,1008.32
4626,416.25,27.81,27.43,44.15,1008.31
4627,416.34,27.81,27.43,44.18,1008.31
4628,416.43,27.81,27.43,44.17,1008.30
4629,416.52,27.81,27.44,44.16,1008.30
4630,416.61,27.81,27.45,44.12,1008.31
4631,416.70,27.81,27.45,44.13,1008.30
4632,416.79,27.81,27.45,44.11,1008.28
4633,416.88,27.81,27.43,44.08,1008.28
4634,416.97,27.81,27.43,44.09,1008.28
4635,417.06,27.81,27.43,44.06,1008.30
4636,417.15,27.81,27.43,44.02,1008.29
4637,417.24,27.81,27.43,44.05,1008.29
4638,417.33,27.81,27.45,44.02,1008.29
4639,417.42,27.81,27.43,44.01,1008.29
4640,417.51,27.81,27.41,44.03,1008.27
4641,417.60,27.81,27.39,44.01,1008.28
4642,417.69,27.81,27.36,44.01,1008.30
4643,417.78,27.81,27.37,44.03,1008.30
4644,417.87,27.81,27.39,44.05,1008.29
4645,417.96,27.81,27.39,44.06,1008.30
4646,418.05,27.81,27.38,44.05,1008.30
4647,418.14,27.81,27.37,44.07,1008.29
4648,418.23,27.81,27.37,44.04,1008.30
4649,418.32,27.81,27.36,44.05,1008.31
4650,418.41,27.82,27.36,44.09,1008.32
4651,418.50,27.81,27.36,44.10,1008.32
4652,418.59,27.81,27.37,44.11,1008.32
4653,418.68,27.81,27.38,44.11,1008.33
4654,418.77,27.81,27.38,44.12,1008.33
4655,418.86,27.81,27.40,44.16,1008.33
4656,418.95,27.81,27.41,44.18,1008.34
4657,419.04,27.81,27.42,44.17,1008.34
4658,419.13,27.81,27.40,44.15,1008.34
4659,419.22,27.81,27.40,44.17,1008.34
4660,419.31,27.81,27.41,44.18,1008.34
4661,419.40,27.81,27.41,44.15,1008.34
4662,419.49,27.82,27.42,44.13,1008.34
4663,419.58,27.82,27.42,44.16,1008.33
4664,419.67,27.81,27.41,44.14,1008.34
4665,419.76,27.81,27.43,44.13,1008.35
4666,419.85,27.81,27.43,44.12,1008.35
4667,419.94,27.81,27.44,44.11,1008.35
4668,420.03,27.81,27.45,44.08,1008.36
4669,420.12,27.81,27.46,44.09,1008.37
4670,420.21,27.81,27.47,44.08,1008.36
4671,420.30,27.81,27.48,44.06,1008.37
4672,420.39,27.81,27.49,44.08,1008.35
4673,420.48,27.81,27.49,44.08,1008.35
4674,420.57,27.81,27.48,44.03,1008.35
4675,420.66,27.81,27.49,44.02,1008.33
4676,420.75,27.81,27.49,44.02,1008.32
4677,420.84,27.81,27.50,44.04,1008.33
4678,420.93,27.81,27.50,44.03,1008.33
4679,421.02,27.81,27.50,44.03,1008.33
4680,421.11,27.81,27.50,44.06,1008.33
4681,421.20,27.81,27.50,44.07,1008.32
4682,421.29,27.81,27.51,44.07,1008.31
4683,421.38,27.81,27.50,44.07,1008.31
4684,421.47,27.81,27.50,44.04,1008.30
4685,421.56,27.81,27.49,44.01,1008.29
4686,421.65,27.81,27.49,44.01,1008.28
4687,421.74,27.81,27.52,44.01,1008.29
4688,421.83,27.81,27.52,44.02,1008.30
4689,421.92,27.81,27.51,44.00,1008.29
4690,422.01,27.81,27.51,43.98,1008.28
4691,422.10,27.81,27.51,44.00,1008.28
4692,422.19,27.81,27.52,44.01,1008.27
4693,422.28,27.81,27.52,43.99,1008.28
4694,422.37,27.81,27.50,43.98,1008.27
4695,422.46,27.81,27.51,43.99,1008.27
4696,422.55,27.81,27.49,43.99,1008.27
4697,422.64,27.81,27.50,44.01,1008.26
4698,422.73,27.81,27.51,44.00,1008.27
4699,422.82,27.81,27.50,43.95,1008.28
4700,422.91,27.81,27.48,43.97,1008.28
4701,423.00,27.81,27.48,43.97,1008.29
4702,423.09,27.81,27.47,43.98,1008.28
4703,423.18,27.81,27.48,43.97,1008.27
4704,423.27,27.81,27.45,43.97,1008.27
4705,423.36,27.81,27.48,43.97,1008.26
4706,423.45,27.81,27.50,43.96,1008.28
4707,423.54,27.81,27.48,43.96,1008.28
4708,423.63,27.81,27.49,43.96,1008.28
4709,423.72,27.81,27.48,43.98,1008.28
4710,423.81,27.81,27.51,43.97,1008.29
4711,423.90,27.81,27.50,43.97,1008.29
4712,423.99,27.81,27.52,44.00,1008.29
4713,424.08,27.81,27.51,44.01,1008.31
4714,424.17,27.81,27.52,44.01,1008.32
4715,424.26,27.81,27.52,44.01,1008.32
4716,424.35,27.81,27.52,44.06,1008.31
4717,424.44,27.81,27.51,44.04,1008.32
4718,424.53,27.81,27.52,44.04,1008.31
4719,424.62,27.81,27.52,44.06,1008.32
4720,424.71,27.81,27.51,44.10,1008.32
4721,424.80,27.81,27.50,44.09,1008.32
4722,424.89,27.81,27.50,44.08,1008.33
4723,424.98,27.81,27.50,44.06,1008.33
4724,425.07,27.81,27.51,44.03,1008.34
4725,425.16,27.81,27.52,44.03,1008.35
4726,425.25,27.81,27.53,44.02,1008.34
4727,425.34,27.81,27.54,44.03,1008.36
4728,425.43,27.81,27.52,44.00,1008.36
4729,425.52,27.81,27.51,44.01,1008.38
4730,425.61,27.81,27.53,43.99,1008.39
4731,425.70,27.81,27.52,44.00,1008.39
4732,425.79,27.81,27.50,44.00,1008.38
4733,425.88,27.81,27.51,44.04,1008.39
4734,425.97,27.81,27.51,44.04,1008.40
4735,426.06,27.81,27.51,44.03,1008.41
4736,426.15,27.81,27.51,44.03,1008.41
4737,426.24,27.81,27.50,44.02,1008.40
4738,426.33,27.81,27.50,44.05,1008.40
4739,426.42,27.81,27.51,44.05,1008.40
4740,426.51,27.81,27.51,44.06,1008.41
4741,426.60,27.81,27.50,44.06,1008.41
4742,426.69,27.81,27.52,44.06,1008.43
4743,426.78,27.81,27.49,44.08,1008.42
4744,426.87,27.81,27.46,44.07,1008.42
4745,426.96,27.81,27.45,44.12,1008.42
4746,427.05,27.81,27.45,44.08,1008.42
4747,427.14,27.81,27.45,44.07,1008.40
4748,427.23,27.81,27.44,44.07,1008.37
4749,427.32,27.81,27.44,44.06,1008.36
4750,427.41,27.81,27.45,44.06,1008.35
4751,427.50,27.81,27.44,44.05,1008.35
4752,427.59,27.81,27.45,44.08,1008.33
4753,427.68,27.81,27.43,44.08,1008.33
4754,427.77,27.81,27.42,44.08,1008.32
4755,427.86,27.81,27.42,44.09,1008.31
4756,427.95,27.81,27.40,44.09,1008.31
4757,428.04,27.81,27.41,44.12,1008.32
4758,428.13,27.81,27.44,44.10,1008.32
4759,428.22,27.81,27.43,44.12,1008.31
4760,428.31,27.81,27.42,44.11,1008.31
4761,428.40,27.81,27.42,44.13,1008.31
4762,428.49,27.81,27.41,44.15,1008.30
4763,428.58,27.81,27.41,44.16,1008.29
4764,428.67,27.81,27.43,44.16,1008.30
4765,428.76,27.81,27.46,44.14,1008.28
4766,428.85,27.81,27.44,44.15,1008.29
4767,428.94,27.81,27.44,44.16,1008.28
4768,429.03,27.81,27.43,44.16,1008.28
4769,429.12,27.81,27.44,44.15,1008.28
4770,429.21,27.81,27.44,44.17,1008.29
4771,429.30,27.81,27.44,44.19,1008.29
4772,429.39,27.81,27.43,44.20,1008.30
4773,429.48,27.81,27.43,44.18,1008.28
4774,429.57,27.81,27.42,44.15,1008.28
4775,429.66,27.81,27.42,44.16,1008.27
4776,429.75,27.83,27.44,44.19,1008.28
4777,429.84,27.84,27.45,44.19,1008.28
4778,429.93,27.83,27.44,44.19,1008.28
4779,430.02,27.83,27.44,44.20,1008.28
4780,430.11,27.81,27.44,44.21,1008.29
4781,430.20,27.83,27.45,44.21,1008.29
4782,430.29,27.82,27.46,44.23,1008.30
4783,430.38,27.81,27.48,44.22,1008.31
4784,430.47,27.82,27.47,44.19,1008.32
4785,430.56,27.84,27.48,44.20,1008.33
4786,430.65,27.83,27.48,44.21,1008.33
4787,430.74,27.83,27.48,44.22,1008.33
4788,430.83,27.81,27.46,44.20,1008.34
4789,430.92,27.81,27.46,44.23,1008.34
4790,431.01,27.81,27.47,44.21,1008.34
4791,431.10,27.81,27.47,44.21,1008.36
4792,431.19,27.81,27.48,44.22,1008.37
4793,431.28,27.81,27.49,44.20,1008.37
4794,431.37,27.81,27.51,44.21,1008.38
4795,431.46,27.81,27.52,44.20,1008.37
4796,431.55,27.81,27.51,44.17,1008.37
4797,431.64,27.81,27.53,44.17,1008.38
4798,431.73,27.81,27.53,44.19,1008.40
4799,431.82,27.81,27.53,44.18,1008.41
4800,431.91,27.81,27.53,44.19,1008.41
4801,432.00,27.81,27.53,44.21,1008.41
4802,432.09,27.81,27.53,44.21,1008.40
4803,432.18,27.81,27.53,44.22,1008.40
4804,432.27,27.81,27.54,44.26,1008.39
4805,432.36,27.81,27.53,44.22,1008.39
4806,432.45,27.81,27.54,44.22,1008.37
4807,432.54,27.81,27.55,44.22,1008.36
4808,432.63,27.81,27.55,44.22,1008.36
4809,432.72,27.81,27.55,44.22,1008.34
4810,432.81,27.81,27.55,44.20,1008.34
4811,432.90,27.81,27.56,44.22,1008.34
4812,432.99,27.81,27.57,44.19,1008.35
4813,433.08,27.81,27.55,44.18,1008.33
4814,433.17,27.81,27.55,44.21,1008.34
4815,433.26,27.81,27.58,44.23,1008.34
4816,433.35,27.81,27.58,44.24,1008.33
4817,433.44,27.81,27.59,44.25,1008.33
4818,433.53,27.81,27.58,44.21,1008.32
4819,433.62,27.81,27.55,44.19,1008.32
4820,433.71,27.81,27.56,44.18,1008.32
4821,433.80,27.81,27.55,44.20,1008.31
4822,433.89,27.81,27.54,44.20,1008.30
4823,433.98,27.81,27.54,44.19,1008.29
4824,434.07,27.81,27.54,44.19,1008.30
4825,434.16,27.81,27.53,44.17,1008.30
4826,434.25,27.81,27.53,44.16,1008.28
4827,434.34,27.81,27.53,44.17,1008.27
4828,434.43,27.81,27.52,44.17,1008.27
4829,434.52,27.81,27.51,44.17,1008.27
4830,434.61,27.81,27.51,44.17,1008.27
4831,434.70,27.81,27.52,44.19,1008.26
4832,434.79,27.81,27.51,44.18,1008.26
4833,434.88,27.81,27.50,44.18,1008.26
4834,434.97,27.81,27.49,44.17,1008.26
4835,435.06,27.81,27.50,44.16,1008.26
4836,435.15,27.81,27.48,44.18,1008.25
4837,435.24,27.81,27.46,44.20,1008.24
4838,435.33,27.81,27.47,44.16,1008.25
4839,435.42,27.81,27.45,44.16,1008.26
4840,435.51,27.81,27.44,44.16,1008.26
4841,435.60,27.81,27.43,44.13,1008.26
4842,435.69,27.81,27.43,44.12,1008.27
4843,435.78,27.81,27.43,44.10,1008.28
4844,435.87,27.81,27.44,44.13,1008.28
4845,435.96,27.81,27.43,44.14,1008.29
4846,436.05,27.81,27.45,44.16,1008.30
4847,436.14,27.81,27.47,44.19,1008.31
4848,436.23,27.81,27.46,44.16,1008.32
4849,436.32,27.81,27.50,44.18,1008.31
4850,436.41,27.81,27.51,44.17,1008.31
4851,436.50,27.81,27.53,44.16,1008.32
4852,436.59,27.81,27.51,44.17,1008.33
4853,436.68,27.81,27.51,44.14,1008.34
4854,436.77,27.81,27.49,44.14,1008.36
4855,436.86,27.81,27.47,44.13,1008.38
4856,436.95,27.81,27.46,44.12,1008.39
4857,437.04,27.81,27.47,44.12,1008.38
4858,437.13,27.81,27.46,44.07,1008.37
4859,437.22,27.81,27.47,44.08,1008.36
4860,437.31,27.81,27.46,44.06,1008.37
4861,437.40,27.81,27.45,44.05,1008.38
4862,437.49,27.81,27.44,44.05,1008.39
4863,437.58,27.81,27.44,44.03,1008.38
4864,437.67,27.81,27.44,44.05,1008.39
4865,437.76,27.81,27.44,44.05,1008.39
4866,437.85,27.81,27.40,44.08,1008.40
4867,437.94,27.81,27.41,44.07,1008.40
4868,438.03,27.81,27.42,44.12,1008.40
4869,438.12,27.81,27.42,44.12,1008.41
4870,438.21,27.81,27.43,44.11,1008.42
4871,438.30,27.81,27.41,44.12,1008.42
4872,438.39,27.81,27.43,44.10,1008.42
4873,438.48,27.81,27.45,44.12,1008.40
4874,438.57,27.81,27.44,44.10,1008.41
4875,438.66,27.81,27.45,44.09,1008.40
4876,438.75,27.83,27.45,44.06,1008.39
4877,438.84,27.82,27.46,44.05,1008.39
4878,438.93,27.84,27.47,44.03,1008.37
4879,439.02,27.84,27.45,44.01,1008.37
4880,439.11,27.85,27.45,44.02,1008.38
4881,439.20,27.86,27.44,44.04,1008.38
4882,439.29,27.87,27.45,44.03,1008.38
4883,439.38,27.87,27.47,43.99,1008.39
4884,439.47,27.85,27.49,43.98,1008.38
4885,439.56,27.86,27.49,43.98,1008.37
4886,439.65,27.87,27.49,44.00,1008.35
4887,439.74,27.86,27.47,44.01,1008.34
4888,439.83,27.86,27.48,44.00,1008.34
4889,439.92,27.85,27.48,43.99,1008.34
4890,440.01,27.86,27.48,44.02,1008.33
4891,440.10,27.84,27.49,44.04,1008.34
4892,440.19,27.85,27.50,44.05,1008.35
4893,440.28,27.83,27.49,44.01,1008.34
4894,440.37,27.85,27.49,44.04,1008.32
4895,440.46,27.86,27.50,44.02,1008.32
4896,440.55,27.85,27.48,44.00,1008.32
4897,440.64,27.85,27.49,44.00,1008.32
4898,440.73,27.85,27.50,44.01,1008.31
4899,440.82,27.84,27.48,44.02,1008.32
4900,440.91,27.84,27.50,44.03,1008.32
4901,441.00,27.84,27.49,44.06,1008.33
4902,441.09,27.84,27.52,44.07,1008.32
4903,441.18,27.84,27.53,44.08,1008.31
4904,441.27,27.84,27.54,44.10,1008.30
4905,441.36,27.86,27.54,44.11,1008.31
4906,441.45,27.86,27.57,44.11,1008.30
4907,441.54,27.86,27.54,44.15,1008.31
4908,441.63,27.85,27.54,44.13,1008.30
4909,441.72,27.85,27.55,44.14,1008.31
4910,441.81,27.86,27.55,44.12,1008.31
4911,441.90,27.87,27.56,44.12,1008.32
4912,441.99,27.87,27.55,44.12,1008.33
4913,442.08,27.87,27.58,44.10,1008.34
4914,442.17,27.89,27.58,44.06,1008.34
4915,442.26,27.89,27.59,44.07,1008.34
4916,442.35,27.88,27.58,44.09,1008.36
4917,442.44,27.87,27.58,44.09,1008.37
4918,442.53,27.86,27.57,44.12,1008.35
4919,442.62,27.85,27.57,44.11,1008.36
4920,442.71,27.86,27.59,44.08,1008.37
4921,442.80,27.85,27.59,44.06,1008.37
4922,442.89,27.85,27.61,44.07,1008.36
4923,442.98,27.84,27.60,44.03,1008.35
4924,443.07,27.84,27.60,44.06,1008.36
4925,443.16,27.84,27.61,44.10,1008.38
4926,443.25,27.82,27.62,44.09,1008.38
4927,443.34,27.83,27.62,44.08,1008.38
4928,443.43,27.83,27.63,44.10,1008.38
4929,443.52,27.83,27.64,44.06,1008.38
4930,443.61,27.82,27.64,44.05,1008.38
4931,443.70,27.81,27.63,44.09,1008.39
4932,443.79,27.81,27.61,44.10,1008.39
4933,443.88,27.81,27.61,44.12,1008.40
4934,443.97,27.81,27.59,44.13,1008.40
4935,444.06,27.81,27.59,44.09,1008.41
4936,444.15,27.81,27.56,44.05,1008.41
4937,444.24,27.81,27.55,44.07,1008.41
4938,444.33,27.81,27.53,44.10,1008.42
4939,444.42,27.81,27.54,44.14,1008.43
4940,444.51,27.81,27.53,44.14,1008.41
4941,444.60,27.81,27.54,44.17,1008.41
4942,444.69,27.81,27.54,44.16,1008.41
4943,444.78,27.81,27.54,44.14,1008.41
4944,444.87,27.81,27.53,44.18,1008.40
4945,444.96,27.81,27.53,44.18,1008.40
4946,445.05,27.81,27.53,44.20,1008.40
4947,445.14,27.81,27.52,44.20,1008.42
4948,445.23,27.81,27.51,44.23,1008.41
4949,445.32,27.81,27.52,44.23,1008.40
4950,445.41,27.81,27.50,44.18,1008.40
4951,445.50,27.81,27.48,44.15,1008.40
4952,445.59,27.81,27.46,44.15,1008.39
4953,445.68,27.81,27.49,44.15,1008.38
4954,445.77,27.81,27.48,44.14,1008.37
4955,445.86,27.81,27.47,44.17,1008.37
4956,445.95,27.81,27.46,44.19,1008.36
4957,446.04,27.81,27.47,44.15,1008.37
4958,446.13,27.81,27.46,44.18,1008.36
4959,446.22,27.81,27.47,44.20,1008.36
4960,446.31,27.81,27.47,44.23,1008.36
4961,446.40,27.81,27.46,44.24,1008.34
4962,446.49,27.81,27.47,44.22,1008.33
4963,446.58,27.81,27.48,44.24,1008.35
4964,446.67,27.81,27.48,44.24,1008.34
4965,446.76,27.81,27.49,44.20,1008.33
4966,446.85,27.81,27.48,44.15,1008.33
4967,446.94,27.81,27.47,44.14,1008.32
4968,447.03,27.81,27.47,44.13,1008.33
4969,447.12,27.81,27.47,44.10,1008.32
4970,447.21,27.81,27.47,44.08,1008.31
4971,447.30,27.81,27.47,44.04,1008.30
4972,447.39,27.81,27.46,44.04,1008.30
4973,447.48,27.81,27.45,44.00,1008.30
4974,447.57,27.81,27.47,44.02,1008.31
4975,447.66,27.81,27.46,44.02,1008.31
4976,447.75,27.81,27.46,44.02,1008.30
4977,447.84,27.81,27.44,44.04,1008.29
4978,447.93,27.81,27.44,44.00,1008.28
4979,448.02,27.81,27.44,44.02,1008.28
4980,448.11,27.81,27.44,43.99,1008.30
4981,448.20,27.81,27.42,44.01,1008.30
4982,448.29,27.81,27.43,44.05,1008.31
4983,448.38,27.81,27.42,44.03,1008.31
4984,448.47,27.81,27.41,44.03,1008.31
4985,448.56,27.81,27.42,44.03,1008.31
4986,448.65,27.81,27.43,44.02,1008.31
4987,448.74,27.81,27.45,44.06,1008.32
4988,448.83,27.81,27.42,44.02,1008.32
4989,448.92,27.81,27.41,44.00,1008.31
4990,449.01,27.81,27.43,43.99,1008.32
4991,449.10,27.81,27.44,44.00,1008.32
4992,449.19,27.81,27.42,43.99,1008.33
4993,449.28,27.81,27.41,43.99,1008.34
4994,449.37,27.81,27.42,43.98,1008.33
4995,449.46,27.81,27.43,43.99,1008.34
4996,449.55,27.81,27.41,44.00,1008.37
4997,449.64,27.81,27.41,43.98,1008.38
4998,449.73,27.81,27.44,43.96,1008.38
4999,449.82,27.81,27.45,43.94,1008.38
5000,449.91,27.81,27.46,43.90,1008.39
5001,450.00,27.81,27.46,43.91,1008.38
5002,450.09,27.81,27.47,43.92,1008.39
5003,450.18,27.81,27.49,43.90,1008.39
5004,450.27,27.82,27.49,43.91,1008.39
5005,450.36,27.82,27.49,43.88,1008.39
5006,450.45,27.82,27.49,43.86,1008.41
5007,450.54,27.83,27.51,43.87,1008.39
5008,450.63,27.84,27.52,43.85,1008.40
5009,450.72,27.84,27.55,43.87,1008.41
5010,450.81,27.83,27.57,43.85,1008.41
5011,450.90,27.82,27.56,43.87,1008.40
5012,450.99,27.81,27.57,43.88,1008.41
5013,451.08,27.81,27.57,43.88,1008.41
5014,451.17,27.82,27.57,43.88,1008.41
5015,451.26,27.82,27.56,43.89,1008.40
5016,451.35,27.82,27.56,43.90,1008.39
5017,451.44,27.82,27.57,43.88,1008.39
5018,451.53,27.84,27.57,43.88,1008.39
5019,451.62,27.83,27.58,43.91,1008.39
5020,451.71,27.82,27.60,43.89,1008.38
5021,451.80,27.82,27.59,43.92,1008.36
5022,451.89,27.83,27.62,43.94,1008.36
5023,451.98,27.84,27.63,43.96,1008.36
5024,452.07,27.84,27.64,43.95,1008.35
5025,452.16,27.82,27.63,43.95,1008.34
5026,452.25,27.83,27.61,43.92,1008.33
5027,452.34,27.86,27.60,43.94,1008.31
5028,452.43,27.86,27.59,43.92,1008.30
5029,452.52,27.85,27.60,43.95,1008.28
5030,452.61,27.87,27.61,43.98,1008.27
5031,452.70,27.86,27.60,44.00,1008.27
5032,452.79,27.85,27.61,43.99,1008.27
5033,452.88,27.82,27.62,44.01,1008.27
5034,452.97,27.82,27.62,44.01,1008.27
5035,453.06,27.83,27.61,43.99,1008.27
5036,453.15,27.84,27.60,44.02,1008.27
5037,453.24,27.85,27.59,44.04,1008.27
5038,453.33,27.85,27.59,43.99,1008.28
5039,453.42,27.85,27.60,43.96,1008.28
5040,453.51,27.85,27.60,43.93,1008.27
5041,453.60,27.84,27.60,43.94,1008.29
5042,453.69,27.84,27.59,43.92,1008.28
5043,453.78,27.84,27.58,43.94,1008.29
5044,453.87,27.83,27.56,43.98,1008.30
5045,453.96,27.83,27.55,43.96,1008.29
5046,454.05,27.84,27.53,43.96,1008.30
5047,454.14,27.83,27.56,43.95,1008.29
5048,454.23,27.83,27.56,43.97,1008.29
5049,454.32,27.82,27.56,43.99,1008.29
5050,454.41,27.82,27.56,44.01,1008.28
5051,454.50,27.81,27.53,44.00,1008.27
5052,454.59,27.82,27.52,43.99,1008.28
5053,454.68,27.81,27.52,43.98,1008.29
5054,454.77,27.81,27.53,44.00,1008.29
5055,454.86,27.81,27.53,43.98,1008.30
5056,454.95,27.81,27.55,43.97,1008.31
5057,455.04,27.81,27.53,43.96,1008.32
5058,455.13,27.81,27.54,43.96,1008.32
5059,455.22,27.81,27.55,43.99,1008.32
5060,455.31,27.81,27.57,43.96,1008.34
5061,455.40,27.81,27.54,43.98,1008.34
5062,455.49,27.81,27.53,43.99,1008.35
5063,455.58,27.81,27.51,44.00,1008.34
5064,455.67,27.81,27.53,43.94,1008.34
5065,455.76,27.81,27.53,43.95,1008.33
5066,455.85,27.81,27.53,43.95,1008.33
5067,455.94,27.81,27.51,43.96,1008.34
5068,456.03,27.81,27.50,43.96,1008.34
5069,456.12,27.81,27.51,43.96,1008.35
5070,456.21,27.81,27.50,43.95,1008.36
5071,456.30,27.81,27.49,43.92,1008.35
5072,456.39,27.81,27.47,43.93,1008.36
5073,456.48,27.81,27.46,43.94,1008.37
5074,456.57,27.82,27.47,43.94,1008.37
5075,456.66,27.82,27.43,43.95,1008.37
5076,456.75,27.82,27.43,43.95,1008.37
5077,456.84,27.82,27.41,43.96,1008.38
5078,456.93,27.82,27.42,43.97,1008.37
5079,457.02,27.82,27.43,44.00,1008.37
5080,457.11,27.82,27.42,44.00,1008.38
5081,457.20,27.82,27.43,44.01,1008.38
5082,457.29,27.82,27.45,44.00,1008.37
5083,457.38,27.82,27.45,44.01,1008.38
5084,457.47,27.82,27.44,44.01,1008.38
5085,457.56,27.82,27.46,44.01,1008.36
5086,457.65,27.82,27.47,44.02,1008.35
5087,457.74,27.82,27.49,44.02,1008.34
5088,457.83,27.82,27.48,44.00,1008.35
5089,457.92,27.82,27.48,44.00,1008.35
5090,458.01,27.82,27.47,44.04,1008.35
5091,458.10,27.82,27.47,44.01,1008.35
5092,458.19,27.82,27.47,43.96,1008.35
5093,458.28,27.82,27.46,43.94,1008.35
5094,458.37,27.82,27.48,43.95,1008.35
5095,458.46,27.82,27.49,43.95,1008.33
5096,458.55,27.82,27.50,43.96,1008.31
5097,458.64,27.82,27.48,43.93,1008.31
5098,458.73,27.82,27.49,43.92,1008.29
5099,458.82,27.82,27.49,43.92,1008.29
5100,458.91,27.82,27.30,43.89,1008.31
5101,459.00,27.82,27.51,43.91,1008.30
5102,459.09,27.82,27.50,43.90,1008.29
5103,459.18,27.82,27.50,43.88,1008.30
5104,459.27,27.82,27.50,43.88,1008.29
5105,459.36,27.82,27.50,43.85,1008.28
5106,459.45,27.82,27.49,43.89,1008.27
5107,459.54,27.82,27.51,43.89,1008.28
5108,459.63,27.82,27.52,43.90,1008.28
5109,459.72,27.82,27.51,43.90,1008.28
5110,459.81,27.82,27.52,43.90,1008.27
5111,459.90,27.82,27.54,43.88,1008.28
5112,459.99,27.82,27.55,43.88,1008.26
5113,460.08,27.82,27.55,43.88,1008.27
5114,460.17,27.82,27.55,43.91,1008.28
5115,460.26,27.82,27.55,43.89,1008.29
5116,460.35,27.82,27.54,43.84,1008.29
5117,460.44,27.82,27.53,43.87,1008.31
5118,460.53,27.82,27.54,43.85,1008.32
5119,460.62,27.82,27.55,43.85,1008.32
5120,460.71,27.82,27.55,43.87,1008.35
5121,460.80,27.82,27.55,43.87,1008.36
5122,460.89,27.83,27.53,43.87,1008.35
5123,460.98,27.83,27.53,43.86,1008.35
5124,461.07,27.82,27.53,43.85,1008.36
5125,461.16,27.82,27.53,43.82,1008.36
5126,461.25,27.82,27.54,43.84,1008.35
5127,461.34,27.82,27.54,43.85,1008.36
5128,461.43,27.82,27.54,43.86,1008.38
5129,461.52,27.82,27.55,43.86,1008.38
5130,461.61,27.82,27.52,43.88,1008.38
5131,461.70,27.83,27.53,43.89,1008.38
5132,461.79,27.83,27.55,43.91,1008.38
5133,461.88,27.83,27.55,43.85,1008.38
5134,461.97,27.82,27.55,43.86,1008.38
5135,462.06,27.83,27.57,43.87,1008.37
5136,462.15,27.84,27.55,43.86,1008.36
5137,462.24,27.85,27.56,43.85,1008.37
5138,462.33,27.84,27.58,43.84,1008.36
5139,462.42,27.82,27.58,43.86,1008.36
5140,462.51,27.82,27.57,43.86,1008.36
5141,462.60,27.83,27.59,43.88,1008.35
5142,462.69,27.82,27.60,43.88,1008.37
5143,462.78,27.82,27.62,43.89,1008.37
5144,462.87,27.83,27.62,43.90,1008.38
5145,462.96,27.82,27.63,43.90,1008.39
5146,463.05,27.83,27.61,43.89,1008.39
5147,463.14,27.83,27.61,43.90,1008.40
5148,463.23,27.82,27.60,43.88,1008.40
5149,463.32,27.83,27.58,43.91,1008.40
5150,463.41,27.84,27.58,43.92,1008.39
5151,463.50,27.86,27.56,43.91,1008.37
5152,463.59,27.86,27.55,43.88,1008.37
5153,463.68,27.86,27.56,43.86,1008.36
5154,463.77,27.85,27.56,43.86,1008.35
5155,463.86,27.85,27.58,43.87,1008.35
5156,463.95,27.87,27.57,43.88,1008.35
5157,464.04,27.86,27.58,43.88,1008.35
5158,464.13,27.87,27.58,43.90,1008.33
5159,464.22,27.87,27.58,43.89,1008.34
5160,464.31,27.87,27.57,43.91,1008.33
5161,464.40,27.87,27.56,43.91,1008.33
5162,464.49,27.87,27.55,43.93,1008.33
5163,464.58,27.86,27.56,43.92,1008.33
5164,464.67,27.87,27.55,43.94,1008.33
5165,464.76,27.86,27.55,43.92,1008.33
5166,464.85,27.84,27.57,43.90,1008.33
5167,464.94,27.85,27.57,43.84,1008.33
5168,465.03,27.84,27.54,43.84,1008.32
5169,465.12,27.83,27.52,43.87,1008.32
5170,465.21,27.83,27.54,43.89,1008.31
5171,465.30,27.82,27.54,43.90,1008.31
5172,465.39,27.84,27.54,43.89,1008.32
5173,465.48,27.83,27.53,43.88,1008.31
5174,465.57,27.82,27.53,43.89,1008.30
5175,465.66,27.82,27.54,43.90,1008.30
5176,465.75,27.82,27.54,43.90,1008.31
5177,465.84,27.82,27.52,43.89,1008.31
5178,465.93,27.82,27.51,43.89,1008.32
5179,466.02,27.82,27.49,43.89,1008.32
5180,466.11,27.82,27.48,43.88,1008.31
5181,466.20,27.82,27.49,43.87,1008.31
5182,466.29,27.82,27.51,43.86,1008.31
5183,466.38,27.82,27.51,43.87,1008.31
5184,466.47,27.82,27.51,43.88,1008.31
5185,466.56,27.82,27.52,43.89,1008.30
5186,466.65,27.82,27.51,43.89,1008.31
5187,466.74,27.82,27.51,43.90,1008.31
5188,466.83,27.82,27.49,43.94,1008.31
5189,466.92,27.82,27.47,43.96,1008.32
5190,467.01,27.82,27.49,43.96,1008.33
5191,467.10,27.82,27.48,43.93,1008.33
5192,467.19,27.82,27.47,43.93,1008.33
5193,467.28,27.82,27.45,43.94,1008.32
5194,467.37,27.82,27.45,43.94,1008.34
5195,467.46,27.82,27.45,43.95,1008.34
5196,467.55,27.82,27.46,43.93,1008.34
5197,467.64,27.82,27.44,43.93,1008.35
5198,467.73,27.82,27.44,43.93,1008.37
5199,467.82,27.82,27.45,43.93,1008.38
5200,467.91,27.82,27.46,43.93,1008.39
5201,468.00,27.82,27.48,43.94,1008.39
5202,468.09,27.82,27.46,43.92,1008.39
5203,468.18,27.82,27.45,43.92,1008.39
5204,468.27,27.82,27.44,43.89,1008.41
5205,468.36,27.82,27.44,43.89,1008.41
5206,468.45,27.82,27.43,43.88,1008.41
5207,468.54,27.82,27.47,43.85,1008.41
5208,468.63,27.82,27.50,43.87,1008.42
5209,468.72,27.82,27.50,43.89,1008.41
5210,468.81,27.82,27.51,43.90,1008.41
5211,468.90,27.82,27.51,43.86,1008.40
5212,468.99,27.82,27.49,43.85,1008.42
5213,469.08,27.82,27.50,43.82,1008.40
5214,469.17,27.82,27.52,43.80,1008.40
5215,469.26,27.82,27.53,43.80,1008.40
5216,469.35,27.82,27.55,43.77,1008.39
5217,469.44,27.82,27.56,43.79,1008.41
5218,469.53,27.82,27.55,43.81,1008.40
5219,469.62,27.82,27.57,43.80,1008.39
5220,469.71,27.82,27.58,43.75,1008.37
5221,469.80,27.82,27.58,43.76,1008.36
5222,469.89,27.82,27.58,43.73,1008.36
5223,469.98,27.82,27.59,43.74,1008.36
5224,470.07,27.82,27.59,43.75,1008.35
5225,470.16,27.82,27.60,43.75,1008.34
5226,470.25,27.82,27.60,43.75,1008.35
5227,470.34,27.82,27.62,43.74,1008.36
5228,470.43,27.82,27.62,43.75,1008.37
5229,470.52,27.82,27.63,43.77,1008.37
5230,470.61,27.82,27.63,43.75,1008.37
5231,470.70,27.82,27.64,43.74,1008.36
5232,470.79,27.82,27.65,43.72,1008.37
5233,470.88,27.82,27.65,43.71,1008.36
5234,470.97,27.82,27.64,43.71,1008.35
5235,471.06,27.82,27.63,43.71,1008.35
5236,471.15,27.82,27.63,43.70,1008.35
5237,471.24,27.82,27.63,43.69,1008.34
5238,471.33,27.82,27.62,43.69,1008.32
5239,471.42,27.82,27.62,43.64,1008.31
5240,471.51,27.82,27.62,43.64,1008.30
5241,471.60,27.83,27.62,43.61,1008.30
5242,471.69,27.82,27.60,43.62,1008.30
5243,471.78,27.83,27.62,43.63,1008.30
5244,471.87,27.83,27.62,43.60,1008.30
5245,471.96,27.83,27.63,43.59,1008.30
5246,472.05,27.83,27.61,43.61,1008.28
5247,472.14,27.83,27.60,43.61,1008.29
5248,472.23,27.84,27.61,43.58,1008.28
5249,472.32,27.85,27.60,43.62,1008.28
5250,472.41,27.86,27.63,43.59,1008.29
5251,472.50,27.85,27.62,43.60,1008.28
5252,472.59,27.87,27.64,43.59,1008.28
5253,472.68,27.87,27.62,43.60,1008.29
5254,472.77,27.87,27.62,43.65,1008.31
5255,472.86,27.90,27.60,43.63,1008.31
5256,472.95,27.89,27.62,43.66,1008.32
5257,473.04,27.89,27.59,43.65,1008.33
5258,473.13,27.91,27.59,43.63,1008.32
5259,473.22,27.90,27.58,43.63,1008.32
5260,473.31,27.90,27.61,43.65,1008.32
5261,473.40,27.90,27.63,43.64,1008.33
5262,473.49,27.90,27.60,43.65,1008.34
5263,473.58,27.91,27.61,43.65,1008.34
5264,473.67,27.92,27.60,43.65,1008.35
5265,473.76,27.91,27.60,43.64,1008.35
5266,473.85,27.91,27.57,43.64,1008.34
5267,473.94,27.91,27.57,43.62,1008.35
5268,474.03,27.91,27.59,43.62,1008.35
5269,474.12,27.91,27.57,43.63,1008.36
5270,474.21,27.91,27.58,43.60,1008.37
5271,474.30,27.91,27.57,43.57,1008.37
5272,474.39,27.91,27.56,43.57,1008.37
5273,474.48,27.91,27.55,43.62,1008.39
5274,474.57,27.91,27.56,43.63,1008.41
5275,474.66,27.89,27.55,43.61,1008.43
5276,474.75,27.88,27.58,43.60,1008.43
5277,474.84,27.87,27.58,43.61,1008.42
5278,474.93,27.85,27.55,43.61,1008.42
5279,475.02,27.85,27.54,43.62,1008.42
5280,475.11,27.84,27.54,43.63,1008.41
5281,475.20,27.85,27.54,43.67,1008.40
5282,475.29,27.85,27.54,43.66,1008.41
5283,475.38,27.87,27.53,43.65,1008.41
5284,475.47,27.89,27.53,43.61,1008.40
5285,475.56,27.88,27.53,43.57,1008.40
5286,475.65,27.87,27.52,43.57,1008.41
5287,475.74,27.86,27.53,43.58,1008.41
5288,475.83,27.87,27.51,43.60,1008.40
5289,475.92,27.86,27.50,43.60,1008.40
5290,476.01,27.85,27.52,43.58,1008.40
5291,476.10,27.87,27.52,43.56,1008.40
5292,476.19,27.87,27.54,43.57,1008.40
5293,476.28,27.85,27.53,43.60,1008.40
5294,476.37,27.85,27.56,43.60,1008.38
5295,476.46,27.83,27.54,43.65,1008.38
5296,476.55,27.82,27.53,43.65,1008.38
5297,476.64,27.82,27.51,43.67,1008.37
5298,476.73,27.82,27.50,43.66,1008.38
5299,476.82,27.82,27.52,43.66,1008.36
5300,476.91,27.82,27.51,43.65,1008.35
5301,477.00,27.82,27.53,43.68,1008.36
5302,477.09,27.82,27.54,43.69,1008.34
5303,477.18,27.82,27.53,43.69,1008.35
5304,477.27,27.82,27.52,43.69,1008.35
5305,477.36,27.82,27.53,43.69,1008.34
5306,477.45,27.82,27.53,43.70,1008.34
5307,477.54,27.82,27.51,43.69,1008.33
5308,477.63,27.82,27.49,43.70,1008.34
5309,477.72,27.82,27.50,43.66,1008.34
5310,477.81,27.82,27.49,43.64,1008.32
5311,477.90,27.82,27.48,43.68,1008.30
5312,477.99,27.82,27.50,43.72,1008.31
5313,478.08,27.82,27.49,43.71,1008.32
5314,478.17,27.82,27.51,43.75,1008.33
5315,478.26,27.82,27.51,43.73,1008.33
5316,478.35,27.82,27.52,43.75,1008.34
5317,478.44,27.82,27.52,43.74,1008.34
5318,478.53,27.82,27.51,43.77,1008.34
5319,478.62,27.82,27.52,43.76,1008.34
5320,478.71,27.82,27.50,43.72,1008.35
5321,478.80,27.82,27.50,43.71,1008.34
5322,478.89,27.82,27.51,43.70,1008.34
5323,478.98,27.82,27.51,43.70,1008.33
5324,479.07,27.82,27.51,43.72,1008.34
5325,479.16,27.82,27.52,43.70,1008.33
5326,479.25,27.83,27.51,43.71,1008.34
5327,479.34,27.83,27.51,43.70,1008.33
5328,479.43,27.84,27.50,43.68,1008.33
5329,479.52,27.83,27.50,43.68,1008.33
5330,479.61,27.83,27.51,43.71,1008.34
5331,479.70,27.84,27.52,43.70,1008.35
5332,479.79,27.82,27.53,43.71,1008.36
5333,479.88,27.82,27.52,43.72,1008.36
5334,479.97,27.82,27.54,43.71,1008.38
5335,480.06,27.82,27.55,43.70,1008.38
5336,480.15,27.83,27.55,43.71,1008.38
5337,480.24,27.83,27.55,43.73,1008.39
5338,480.33,27.83,27.53,43.70,1008.40
5339,480.42,27.84,27.52,43.73,1008.40
5340,480.51,27.84,27.52,43.70,1008.41
5341,480.60,27.84,27.53,43.69,1008.40
5342,480.69,27.84,27.52,43.68,1008.42
5343,480.78,27.84,27.52,43.69,1008.41
5344,480.87,27.84,27.54,43.71,1008.41
5345,480.96,27.84,27.54,43.72,1008.40
5346,481.05,27.86,27.55,43.71,1008.42
5347,481.14,27.85,27.55,43.68,1008.42
5348,481.23,27.84,27.57,43.69,1008.41
5349,481.32,27.85,27.58,43.67,1008.41
5350,481.41,27.85,27.58,43.63,1008.41
5351,481.50,27.86,27.58,43.63,1008.40
5352,481.59,27.85,27.58,43.63,1008.41
5353,481.68,27.86,27.59,43.63,1008.41
5354,481.77,27.86,27.58,43.64,1008.40
5355,481.86,27.86,27.59,43.62,1008.38
5356,481.95,27.87,27.59,43.63,1008.38
5357,482.04,27.85,27.62,43.63,1008.37
5358,482.13,27.82,27.61,43.64,1008.35
5359,482.22,27.87,27.61,43.67,1008.36
5360,482.31,27.89,27.62,43.67,1008.37
5361,482.40,27.90,27.61,43.64,1008.37
5362,482.49,27.90,27.60,43.63,1008.38
5363,482.58,27.91,27.60,43.65,1008.37
5364,482.67,27.90,27.62,43.68,1008.37
5365,482.76,27.90,27.63,43.65,1008.37
5366,482.85,27.92,27.62,43.63,1008.36
5367,482.94,27.91,27.60,43.64,1008.35
5368,483.03,27.92,27.56,43.65,1008.33
5369,483.12,27.92,27.57,43.63,1008.32
5370,483.21,27.91,27.60,43.64,1008.31
5371,483.30,27.91,27.58,43.66,1008.30
5372,483.39,27.91,27.58,43.65,1008.30
5373,483.48,27.92,27.59,43.62,1008.32
5374,483.57,27.91,27.59,43.62,1008.30
5375,483.66,27.90,27.58,43.63,1008.29
5376,483.75,27.90,27.58,43.63,1008.29
5377,483.84,27.92,27.58,43.63,1008.29
5378,483.93,27.93,27.57,43.62,1008.29
5379,484.02,27.91,27.58,43.63,1008.29
5380,484.11,27.92,27.57,43.65,1008.27
5381,484.20,27.90,27.58,43.62,1008.28
5382,484.29,27.89,27.56,43.61,1008.28
5383,484.38,27.88,27.54,43.60,1008.28
5384,484.47,27.89,27.56,43.60,1008.28
5385,484.56,27.87,27.56,43.61,1008.27
5386,484.65,27.86,27.55,43.61,1008.28
5387,484.74,27.87,27.55,43.61,1008.29
5388,484.83,27.86,27.56,43.61,1008.30
5389,484.92,27.86,27.57,43.59,1008.29
5390,485.01,27.85,27.56,43.58,1008.29
5391,485.10,27.87,27.57,43.60,1008.28
5392,485.19,27.86,27.59,43.61,1008.29
5393,485.28,27.85,27.58,43.58,1008.29
5394,485.37,27.86,27.57,43.55,1008.30
5395,485.46,27.85,27.55,43.56,1008.31
5396,485.55,27.83,27.53,43.53,1008.31
5397,485.64,27.82,27.53,43.55,1008.31
5398,485.73,27.82,27.52,43.54,1008.32
5399,485.82,27.82,27.54,43.53,1008.32
5400,485.91,27.82,27.56,43.47,1008.33
5401,486.00,27.83,27.55,43.46,1008.33
5402,486.09,27.85,27.53,43.46,1008.34
5403,486.18,27.83,27.52,43.47,1008.34
5404,486.27,27.82,27.51,43.49,1008.34
5405,486.36,27.82,27.52,43.49,1008.34
5406,486.45,27.82,27.56,43.51,1008.34
5407,486.54,27.82,27.55,43.50,1008.34
5408,486.63,27.82,27.56,43.51,1008.34
5409,486.72,27.82,27.56,43.51,1008.34
5410,486.81,27.82,27.57,43.50,1008.34
5411,486.90,27.82,27.55,43.50,1008.34
5412,486.99,27.82,27.56,43.51,1008.37
5413,487.08,27.82,27.56,43.52,1008.37
5414,487.17,27.83,27.55,43.55,1008.37
5415,487.26,27.84,27.52,43.52,1008.37
5416,487.35,27.84,27.52,43.50,1008.37
5417,487.44,27.83,27.53,43.47,1008.38
5418,487.53,27.82,27.51,43.46,1008.39
5419,487.62,27.82,27.53,43.46,1008.39
5420,487.71,27.82,27.51,43.45,1008.39
5421,487.80,27.82,27.52,43.47,1008.39
5422,487.89,27.82,27.51,43.50,1008.37
5423,487.98,27.82,27.51,43.50,1008.36
5424,488.07,27.82,27.50,43.52,1008.36
5425,488.16,27.82,27.51,43.51,1008.37
5426,488.25,27.82,27.50,43.48,1008.36
5427,488.34,27.82,27.48,43.49,1008.36
5428,488.43,27.82,27.48,43.47,1008.37
5429,488.52,27.82,27.47,43.48,1008.37
5430,488.61,27.82,27.47,43.51,1008.36
5431,488.70,27.82,27.49,43.50,1008.37
5432,488.79,27.82,27.50,43.49,1008.36
5433,488.88,27.82,27.50,43.48,1008.36
5434,488.97,27.82,27.51,43.48,1008.36
5435,489.06,27.82,27.52,43.45,1008.35
5436,489.15,27.82,27.49,43.49,1008.34
5437,489.24,27.82,27.50,43.49,1008.32
5438,489.33,27.82,27.50,43.49,1008.30
5439,489.42,27.82,27.52,43.50,1008.29
5440,489.51,27.82,27.51,43.50,1008.28
5441,489.60,27.82,27.51,43.48,1008.27
5442,489.69,27.82,27.52,43.48,1008.27
5443,489.78,27.82,27.50,43.48,1008.27
5444,489.87,27.82,27.53,43.46,1008.28
5445,489.96,27.83,27.53,43.43,1008.27
5446,490.05,27.83,27.52,43.45,1008.29
5447,490.14,27.83,27.54,43.44,1008.29
5448,490.23,27.83,27.55,43.46,1008.30
5449,490.32,27.83,27.57,43.48,1008.30
5450,490.41,27.83,27.58,43.47,1008.30
5451,490.50,27.83,27.59,43.48,1008.29
5452,490.59,27.83,27.59,43.50,1008.31
5453,490.68,27.83,27.58,43.52,1008.29
5454,490.77,27.83,27.59,43.48,1008.30
5455,490.86,27.83,27.59,43.48,1008.29
5456,490.95,27.83,27.61,43.48,1008.30
5457,491.04,27.83,27.60,43.49,1008.30
5458,491.13,27.83,27.61,43.51,1008.30
5459,491.22,27.83,27.61,43.50,1008.30
5460,491.31,27.83,27.61,43.49,1008.30
5461,491.40,27.83,27.60,43.50,1008.32
5462,491.49,27.83,27.58,43.50,1008.33
5463,491.58,27.83,27.58,43.50,1008.32
5464,491.67,27.84,27.58,43.52,1008.33
5465,491.76,27.84,27.59,43.49,1008.33
5466,491.85,27.86,27.60,43.47,1008.33
5467,491.94,27.87,27.59,43.52,1008.33
5468,492.03,27.87,27.59,43.52,1008.33
5469,492.12,27.88,27.58,43.54,1008.34
5470,492.21,27.88,27.58,43.52,1008.33
5471,492.30,27.88,27.59,43.53,1008.34
5472,492.39,27.88,27.61,43.54,1008.34
5473,492.48,27.89,27.61,43.55,1008.35
5474,492.57,27.90,27.60,43.54,1008.35
5475,492.66,27.90,27.60,43.54,1008.36
5476,492.75,27.90,27.61,43.54,1008.37
5477,492.84,27.88,27.61,43.54,1008.37
5478,492.93,27.88,27.61,43.54,1008.37
5479,493.02,27.89,27.64,43.50,1008.38
5480,493.11,27.90,27.61,43.48,1008.39
5481,493.20,27.90,27.59,43.50,1008.39
5482,493.29,27.90,27.56,43.47,1008.40
5483,493.38,27.89,27.58,43.47,1008.40
5484,493.47,27.87,27.59,43.51,1008.40
5485,493.56,27.89,27.57,43.51,1008.39
5486,493.65,27.89,27.59,43.50,1008.39
5487,493.74,27.88,27.60,43.48,1008.39
5488,493.83,27.89,27.61,43.49,1008.39
5489,493.92,27.87,27.60,43.46,1008.39
5490,494.01,27.88,27.60,43.49,1008.38
5491,494.10,27.89,27.61,43.50,1008.38
5492,494.19,27.90,27.62,43.45,1008.38
5493,494.28,27.88,27.61,43.47,1008.37
5494,494.37,27.88,27.59,43.46,1008.38
5495,494.46,27.87,27.58,43.46,1008.38
5496,494.55,27.88,27.59,43.48,1008.38
5497,494.64,27.88,27.60,43.49,1008.38
5498,494.73,27.89,27.57,43.50,1008.38
5499,494.82,27.89,27.57,43.48,1008.38
5500,494.91,27.90,27.59,43.49,1008.38
5501,495.00,27.89,27.58,43.53,1008.37
5502,495.09,27.90,27.58,43.51,1008.36
5503,495.18,27.90,27.58,43.53,1008.35
5504,495.27,27.89,27.58,43.55,1008.35
5505,495.36,27.89,27.57,43.51,1008.34
5506,495.45,27.90,27.57,43.49,1008.33
5507,495.54,27.89,27.57,43.49,1008.33
5508,495.63,27.91,27.56,43.46,1008.33
5509,495.72,27.90,27.56,43.46,1008.32
5510,495.81,27.91,27.56,43.45,1008.31
5511,495.90,27.90,27.55,43.48,1008.31
5512,495.99,27.91,27.54,43.53,1008.31
5513,496.08,27.92,27.52,43.58,1008.31
5514,496.17,27.93,27.52,43.58,1008.29
5515,496.26,27.94,27.53,43.55,1008.28
5516,496.35,27.94,27.50,43.54,1008.28
5517,496.44,27.92,27.52,43.54,1008.27
5518,496.53,27.91,27.51,43.53,1008.27
5519,496.62,27.92,27.51,43.54,1008.26
5520,496.71,27.93,27.52,43.54,1008.28
5521,496.80,27.92,27.53,43.55,1008.28
5522,496.89,27.91,27.54,43.57,1008.28
5523,496.98,27.92,27.57,43.59,1008.29
5524,497.07,27.90,27.56,43.66,1008.30
5525,497.16,27.91,27.54,43.65,1008.30
5526,497.25,27.89,27.54,43.66,1008.31
5527,497.34,27.88,27.54,43.68,1008.31
5528,497.43,27.88,27.55,43.68,1008.31
5529,497.52,27.87,27.55,43.66,1008.32
5530,497.61,27.87,27.55,43.67,1008.33
5531,497.70,27.87,27.56,43.67,1008.33
5532,497.79,27.87,27.57,43.67,1008.33
5533,497.88,27.86,27.55,43.68,1008.34
5534,497.97,27.85,27.55,43.70,1008.34
5535,498.06,27.85,27.54,43.72,1008.35
5536,498.15,27.85,27.54,43.75,1008.34
5537,498.24,27.86,27.54,43.74,1008.35
5538,498.33,27.87,27.54,43.76,1008.35
5539,498.42,27.86,27.53,43.80,1008.36
5540,498.51,27.87,27.53,43.84,1008.38
5541,498.60,27.87,27.54,43.86,1008.37
5542,498.69,27.87,27.54,43.82,1008.37
5543,498.78,27.87,27.53,43.83,1008.38
5544,498.87,27.86,27.55,43.86,1008.39
5545,498.96,27.87,27.55,43.83,1008.40
5546,499.05,27.88,27.56,43.84,1008.40
5547,499.14,27.87,27.54,43.82,1008.40
5548,499.23,27.86,27.55,43.81,1008.40
5549,499.32,27.86,27.55,43.83,1008.41
5550,499.41,27.86,27.56,43.83,1008.42
5551,499.50,27.85,27.56,43.84,1008.42
5552,499.59,27.85,27.56,43.86,1008.41
5553,499.68,27.83,27.55,43.83,1008.41
5554,499.77,27.83,27.54,43.84,1008.40
5555,499.86,27.83,27.54,43.84,1008.40
5556,499.95,27.83,27.56,43.86,1008.40
5557,500.04,27.83,27.56,43.87,1008.40
5558,500.13,27.83,27.56,43.87,1008.38
5559,500.22,27.83,27.57,43.87,1008.39
5560,500.31,27.83,27.55,43.84,1008.38
5561,500.40,27.83,27.57,43.85,1008.40
5562,500.49,27.83,27.59,43.82,1008.39
5563,500.58,27.83,27.56,43.84,1008.37
5564,500.67,27.83,27.57,43.85,1008.36
5565,500.76,27.83,27.59,43.85,1008.35
5566,500.85,27.83,27.60,43.87,1008.35
5567,500.94,27.83,27.60,43.84,1008.34
5568,501.03,27.83,27.62,43.84,1008.33
5569,501.12,27.83,27.62,43.83,1008.34
5570,501.21,27.83,27.63,43.79,1008.35
5571,501.30,27.83,27.61,43.81,1008.35
5572,501.39,27.83,27.60,43.79,1008.34
5573,501.48,27.83,27.59,43.76,1008.34
5574,501.57,27.83,27.63,43.75,1008.34
5575,501.66,27.83,27.66,43.77,1008.34
5576,501.75,27.83,27.65,43.74,1008.34
5577,501.84,27.83,27.64,43.73,1008.33
5578,501.93,27.83,27.63,43.69,1008.32
5579,502.02,27.83,27.62,43.68,1008.31
5580,502.11,27.83,27.63,43.69,1008.31
5581,502.20,27.83,27.64,43.65,1008.31
5582,502.29,27.83,27.64,43.64,1008.31
5583,502.38,27.83,27.65,43.60,1008.30
5584,502.47,27.83,27.65,43.61,1008.31
5585,502.56,27.83,27.64,43.59,1008.31
5586,502.65,27.83,27.64,43.58,1008.31
5587,502.74,27.83,27.64,43.56,1008.31
5588,502.83,27.83,27.65,43.57,1008.32
5589,502.92,27.83,27.66,43.58,1008.32
5590,503.01,27.83,27.67,43.55,1008.32
5591,503.10,27.83,27.68,43.50,1008.31
5592,503.19,27.83,27.66,43.50,1008.32
5593,503.28,27.83,27.66,43.49,1008.32
5594,503.37,27.85,27.66,43.49,1008.33
5595,503.46,27.85,27.64,43.49,1008.33
5596,503.55,27.84,27.65,43.51,1008.33
5597,503.64,27.83,27.64,43.52,1008.34
5598,503.73,27.83,27.63,43.50,1008.35
5599,503.82,27.83,27.61,43.49,1008.35
5600,503.91,27.83,27.58,43.47,1008.35
5601,504.00,27.83,27.59,43.48,1008.34
5602,504.09,27.84,27.59,43.48,1008.35
5603,504.18,27.86,27.60,43.48,1008.36
5604,504.27,27.85,27.58,43.48,1008.37
5605,504.36,27.86,27.58,43.48,1008.38
5606,504.45,27.86,27.60,43.46,1008.39
5607,504.54,27.89,27.60,43.43,1008.40
5608,504.63,27.90,27.60,43.42,1008.40
5609,504.72,27.88,27.58,43.43,1008.39
5610,504.81,27.87,27.57,43.44,1008.42
5611,504.90,27.87,27.57,43.44,1008.42
5612,504.99,27.89,27.55,43.44,1008.42
5613,505.08,27.89,27.55,43.44,1008.43
5614,505.17,27.88,27.55,43.44,1008.43
5615,505.26,27.88,27.54,43.47,1008.44
5616,505.35,27.90,27.54,43.47,1008.44
5617,505.44,27.92,27.55,43.47,1008.44
5618,505.53,27.90,27.54,43.47,1008.44
5619,505.62,27.91,27.55,43.47,1008.44
5620,505.71,27.91,27.53,43.50,1008.45
5621,505.80,27.91,27.53,43.47,1008.44
5622,505.89,27.92,27.54,43.44,1008.43
5623,505.98,27.91,27.53,43.46,1008.42
5624,506.07,27.92,27.52,43.44,1008.42
5625,506.16,27.94,27.51,43.44,1008.42
5626,506.25,27.94,27.51,43.48,1008.41
5627,506.34,27.95,27.52,43.50,1008.41
5628,506.43,27.93,27.53,43.49,1008.41
5629,506.52,27.95,27.52,43.49,1008.41
5630,506.61,27.95,27.55,43.53,1008.39
5631,506.70,27.95,27.53,43.48,1008.38
5632,506.79,27.96,27.52,43.43,1008.39
5633,506.88,27.96,27.53,43.43,1008.38
5634,506.97,27.96,27.53,43.44,1008.37
5635,507.06,27.95,27.52,43.45,1008.37
5636,507.15,27.95,27.52,43.44,1008.36
5637,507.24,27.95,27.52,43.44,1008.36
5638,507.33,27.94,27.54,43.43,1008.36
5639,507.42,27.94,27.55,43.40,1008.36
5640,507.51,27.93,27.53,43.42,1008.36
5641,507.60,27.93,27.53,43.43,1008.35
5642,507.69,27.93,27.54,43.45,1008.34
5643,507.78,27.92,27.52,43.43,1008.34
5644,507.87,27.92,27.53,43.43,1008.34
5645,507.96,27.93,27.54,43.43,1008.33
5646,508.05,27.94,27.54,43.46,1008.32
5647,508.14,27.94,27.55,43.48,1008.33
5648,508.23,27.93,27.55,43.48,1008.33
5649,508.32,27.91,27.56,43.49,1008.33
5650,508.41,27.91,27.52,43.50,1008.32
5651,508.50,27.91,27.54,43.53,1008.32
5652,508.59,27.90,27.55,43.51,1008.33
5653,508.68,27.88,27.54,43.51,1008.33
5654,508.77,27.90,27.56,43.48,1008.32
5655,508.86,27.89,27.56,43.49,1008.31
5656,508.95,27.90,27.56,43.49,1008.30
5657,509.04,27.88,27.56,43.49,1008.30
5658,509.13,27.88,27.57,43.48,1008.30
5659,509.22,27.88,27.55,43.53,1008.31
5660,509.31,27.88,27.55,43.51,1008.31
5661,509.40,27.87,27.54,43.51,1008.29
5662,509.49,27.87,27.54,43.54,1008.29
5663,509.58,27.88,27.55,43.56,1008.31
5664,509.67,27.88,27.55,43.60,1008.30
5665,509.76,27.88,27.56,43.59,1008.31
5666,509.85,27.88,27.56,43.60,1008.31
5667,509.94,27.87,27.54,43.58,1008.33
5668,510.03,27.85,27.52,43.58,1008.33
5669,510.12,27.86,27.52,43.58,1008.33
5670,510.21,27.87,27.55,43.58,1008.33
5671,510.30,27.87,27.53,43.60,1008.35
5672,510.39,27.89,27.51,43.60,1008.35
5673,510.48,27.89,27.54,43.59,1008.36
5674,510.57,27.89,27.55,43.55,1008.37
5675,510.66,27.90,27.57,43.53,1008.38
5676,510.75,27.90,27.58,43.54,1008.38
5677,510.84,27.90,27.59,43.53,1008.40
5678,510.93,27.89,27.61,43.53,1008.38
5679,511.02,27.88,27.62,43.52,1008.38
5680,511.11,27.87,27.60,43.51,1008.38
5681,511.20,27.86,27.60,43.54,1008.38
5682,511.29,27.85,27.59,43.56,1008.38
5683,511.38,27.85,27.62,43.55,1008.40
5684,511.47,27.85,27.62,43.56,1008.42
5685,511.56,27.84,27.60,43.54,1008.41
5686,511.65,27.84,27.61,43.55,1008.41
5687,511.74,27.83,27.62,43.54,1008.41
5688,511.83,27.83,27.62,43.51,1008.42
5689,511.92,27.84,27.61,43.50,1008.42
5690,512.01,27.83,27.61,43.53,1008.41
5691,512.10,27.84,27.60,43.52,1008.41
5692,512.19,27.84,27.59,43.49,1008.40
5693,512.28,27.85,27.59,43.49,1008.40
5694,512.37,27.84,27.57,43.48,1008.40
5695,512.46,27.84,27.58,43.49,1008.39
5696,512.55,27.83,27.58,43.50,1008.39
5697,512.64,27.84,27.59,43.49,1008.40
5698,512.73,27.83,27.60,43.49,1008.41
5699,512.82,27.84,27.59,43.47,1008.41
5700,512.91,27.84,27.58,43.46,1008.40
5701,513.00,27.83,27.60,43.46,1008.39
5702,513.09,27.83,27.61,43.48,1008.37
5703,513.18,27.83,27.61,43.49,1008.37
5704,513.27,27.83,27.75,43.50,1008.35
5705,513.36,27.83,27.66,43.49,1008.35
5706,513.45,27.83,27.57,43.49,1008.35
5707,513.54,27.83,27.56,43.47,1008.35
5708,513.63,27.84,27.56,43.52,1008.35
5709,513.72,27.84,27.57,43.55,1008.35
5710,513.81,27.83,27.57,43.50,1008.34
5711,513.90,27.84,27.61,43.51,1008.34
5712,513.99,27.84,27.61,43.51,1008.34
5713,514.08,27.84,27.61,43.49,1008.34
5714,514.17,27.83,27.63,43.51,1008.34
5715,514.26,27.84,27.62,43.49,1008.34
5716,514.35,27.83,27.62,43.49,1008.33
5717,514.44,27.83,27.61,43.47,1008.33
5718,514.53,27.83,27.61,43.54,1008.32
5719,514.62,27.84,27.61,43.55,1008.33
5720,514.71,27.83,27.61,43.53,1008.32
5721,514.80,27.84,27.58,43.53,1008.32
5722,514.89,27.84,27.58,43.56,1008.32
5723,514.98,27.84,27.61,43.56,1008.32
5724,515.07,27.84,27.61,43.54,1008.32
5725,515.16,27.84,27.62,43.51,1008.32
5726,515.25,27.83,27.63,43.51,1008.31
5727,515.34,27.84,27.62,43.53,1008.30
5728,515.43,27.87,27.62,43.49,1008.30
5729,515.52,27.87,27.62,43.48,1008.30
5730,515.61,27.88,27.62,43.48,1008.29
5731,515.70,27.87,27.62,43.50,1008.29
5732,515.79,27.90,27.62,43.50,1008.30
5733,515.88,27.89,27.62,43.51,1008.31
5734,515.97,27.87,27.63,43.48,1008.31
5735,516.06,27.88,27.62,43.51,1008.31
5736,516.15,27.89,27.64,43.51,1008.31
5737,516.24,27.89,27.63,43.47,1008.31
5738,516.33,27.88,27.62,43.49,1008.32
5739,516.42,27.89,27.63,43.46,1008.32
5740,516.51,27.88,27.63,43.48,1008.32
5741,516.60,27.88,27.62,43.46,1008.32
5742,516.69,27.89,27.61,43.44,1008.32
5743,516.78,27.90,27.60,43.44,1008.33
5744,516.87,27.89,27.62,43.41,1008.34
5745,516.96,27.91,27.60,43.42,1008.34
5746,517.05,27.91,27.56,43.42,1008.37
5747,517.14,27.89,27.57,43.40,1008.38
5748,517.23,27.90,27.58,43.39,1008.38
5749,517.32,27.89,27.58,43.38,1008.39
5750,517.41,27.89,27.59,43.39,1008.39
5751,517.50,27.90,27.59,43.35,1008.39
5752,517.59,27.91,27.58,43.36,1008.37
5753,517.68,27.90,27.58,43.38,1008.38
5754,517.77,27.92,27.56,43.38,1008.38
5755,517.86,27.92,27.57,43.40,1008.39
5756,517.95,27.91,27.57,43.40,1008.38
5757,518.04,27.89,27.58,43.42,1008.39
5758,518.13,27.91,27.58,43.41,1008.40
5759,518.22,27.92,27.58,43.42,1008.40
5760,518.31,27.92,27.58,43.40,1008.40
5761,518.40,27.92,27.60,43.42,1008.39
5762,518.49,27.92,27.60,43.43,1008.39
5763,518.58,27.91,27.60,43.45,1008.39
5764,518.67,27.92,27.62,43.43,1008.38
5765,518.76,27.94,27.61,43.37,1008.37
5766,518.85,27.94,27.63,43.37,1008.38
5767,518.94,27.95,27.64,43.39,1008.38
5768,519.03,27.95,27.64,43.41,1008.36
5769,519.12,27.94,27.64,43.43,1008.35
5770,519.21,27.94,27.63,43.46,1008.33
5771,519.30,27.94,27.63,43.47,1008.33
5772,519.39,27.93,27.62,43.52,1008.32
5773,519.48,27.94,27.63,43.52,1008.31
5774,519.57,27.93,27.65,43.51,1008.31
5775,519.66,27.95,27.64,43.52,1008.30
5776,519.75,27.94,27.65,43.52,1008.30
5777,519.84,27.94,27.64,43.53,1008.32
5778,519.93,27.96,27.65,43.51,1008.33
5779,520.02,27.95,27.66,43.50,1008.32
5780,520.11,27.95,27.67,43.47,1008.32
5781,520.20,27.94,27.67,43.48,1008.32
5782,520.29,27.95,27.65,43.47,1008.31
5783,520.38,27.93,27.65,43.49,1008.31
5784,520.47,27.95,27.64,43.52,1008.31
5785,520.56,27.94,27.65,43.51,1008.31
5786,520.65,27.93,27.65,43.47,1008.31
5787,520.74,27.93,27.66,43.47,1008.30
5788,520.83,27.94,27.65,43.44,1008.31
5789,520.92,27.94,27.66,43.42,1008.30
5790,521.01,27.93,27.67,43.42,1008.30
5791,521.10,27.93,27.66,43.40,1008.30
5792,521.19,27.95,27.66,43.43,1008.30
5793,521.28,27.94,27.69,43.43,1008.31
5794,521.37,27.93,27.67,43.41,1008.30
5795,521.46,27.91,27.68,43.41,1008.30
5796,521.55,27.93,27.69,43.42,1008.28
5797,521.64,27.91,27.66,43.39,1008.27
5798,521.73,27.92,27.65,43.41,1008.28
5799,521.82,27.92,27.65,43.41,1008.29
5800,521.91,27.91,27.63,43.44,1008.28
5801,522.00,27.90,27.61,43.45,1008.29
5802,522.09,27.91,27.62,43.45,1008.30
5803,522.18,27.91,27.63,43.43,1008.30
5804,522.27,27.91,27.61,43.40,1008.30
5805,522.36,27.90,27.62,43.41,1008.30
5806,522.45,27.91,27.62,43.37,1008.30
5807,522.54,27.92,27.61,43.36,1008.31
5808,522.63,27.91,27.61,43.38,1008.31
5809,522.72,27.89,27.62,43.38,1008.32
5810,522.81,27.90,27.63,43.37,1008.33
5811,522.90,27.88,27.64,43.37,1008.34
5812,522.99,27.88,27.63,43.38,1008.34
5813,523.08,27.87,27.64,43.42,1008.35
5814,523.17,27.85,27.63,43.46,1008.36
5815,523.26,27.85,27.66,43.46,1008.37
5816,523.35,27.85,27.68,43.47,1008.37
5817,523.44,27.85,27.66,43.50,1008.39
5818,523.53,27.87,27.66,43.50,1008.39
5819,523.62,27.86,27.64,43.50,1008.39
5820,523.71,27.86,27.65,43.48,1008.39
5821,523.80,27.87,27.65,43.46,1008.39
5822,523.89,27.85,27.65,43.48,1008.39
5823,523.98,27.85,27.66,43.46,1008.39
5824,524.07,27.85,27.66,43.50,1008.39
5825,524.16,27.85,27.66,43.49,1008.38
5826,524.25,27.84,27.67,43.49,1008.40
5827,524.34,27.85,27.66,43.49,1008.39
5828,524.43,27.84,27.67,43.48,1008.38
5829,524.52,27.84,27.66,43.50,1008.37
5830,524.61,27.85,27.65,43.50,1008.37
5831,524.70,27.86,27.65,43.54,1008.36
5832,524.79,27.88,27.64,43.55,1008.35
5833,524.88,27.89,27.64,43.54,1008.36
5834,524.97,27.89,27.64,43.50,1008.35
5835,525.06,27.91,27.63,43.50,1008.34
5836,525.15,27.92,27.64,43.48,1008.33
5837,525.24,27.92,27.64,43.47,1008.34
5838,525.33,27.93,27.63,43.46,1008.34
5839,525.42,27.92,27.64,43.44,1008.34
5840,525.51,27.91,27.63,43.44,1008.33
5841,525.60,27.90,27.63,43.44,1008.32
5842,525.69,27.91,27.63,43.43,1008.31
5843,525.78,27.90,27.62,43.46,1008.32
5844,525.87,27.91,27.63,43.45,1008.31
5845,525.96,27.90,27.63,43.44,1008.30
5846,526.05,27.91,27.64,43.43,1008.30
5847,526.14,27.91,27.65,43.42,1008.30
5848,526.23,27.90,27.64,43.45,1008.29
5849,526.32,27.90,27.63,43.45,1008.30
5850,526.41,27.88,27.62,43.45,1008.30
5851,526.50,27.88,27.61,43.42,1008.30
5852,526.59,27.89,27.60,43.40,1008.29
5853,526.68,27.88,27.60,43.42,1008.29
5854,526.77,27.89,27.63,43.41,1008.28
5855,526.86,27.90,27.63,43.38,1008.27
5856,526.95,27.89,27.63,43.41,1008.27
5857,527.04,27.89,27.63,43.42,1008.28
5858,527.13,27.90,27.64,43.39,1008.28
5859,527.22,27.90,27.63,43.38,1008.29
5860,527.31,27.91,27.65,43.39,1008.29
5861,527.40,27.91,27.64,43.36,1008.28
5862,527.49,27.93,27.65,43.38,1008.28
5863,527.58,27.91,27.63,43.38,1008.28
5864,527.67,27.92,27.61,43.37,1008.29
5865,527.76,27.93,27.61,43.41,1008.28
5866,527.85,27.93,27.61,43.41,1008.29
5867,527.94,27.93,27.62,43.41,1008.29
5868,528.03,27.93,27.62,43.42,1008.29
5869,528.12,27.93,27.62,43.40,1008.31
5870,528.21,27.95,27.63,43.40,1008.31
5871,528.30,27.95,27.62,43.42,1008.31
5872,528.39,27.96,27.62,43.44,1008.31
5873,528.48,27.97,27.60,43.44,1008.32
5874,528.57,27.96,27.59,43.43,1008.32
5875,528.66,27.97,27.59,43.47,1008.31
5876,528.75,27.97,27.58,43.44,1008.32
5877,528.84,27.97,27.57,43.44,1008.33
5878,528.93,27.96,27.57,43.45,1008.35
5879,529.02,27.94,27.57,43.47,1008.34
5880,529.11,27.94,27.57,43.50,1008.35
5881,529.20,27.94,27.56,43.52,1008.35
5882,529.29,27.93,27.56,43.53,1008.37
5883,529.38,27.93,27.57,43.55,1008.36
5884,529.47,27.93,27.58,43.55,1008.35
5885,529.56,27.93,27.56,43.54,1008.36
5886,529.65,27.92,27.56,43.54,1008.37
5887,529.74,27.92,27.59,43.55,1008.37
5888,529.83,27.93,27.59,43.57,1008.36
5889,529.92,27.93,27.58,43.55,1008.38
5890,530.01,27.94,27.60,43.55,1008.38
5891,530.10,27.95,27.62,43.55,1008.37
5892,530.19,27.97,27.60,43.54,1008.36
5893,530.28,27.97,27.61,43.51,1008.37
5894,530.37,27.97,27.60,43.52,1008.38
5895,530.46,27.97,27.60,43.46,1008.38
5896,530.55,27.95,27.61,43.47,1008.37
5897,530.64,27.96,27.61,43.45,1008.37
5898,530.73,27.95,27.62,43.42,1008.37
5899,530.82,27.96,27.63,43.43,1008.37
5900,530.91,27.94,27.65,43.43,1008.37
5901,531.00,27.94,27.65,43.46,1008.37
5902,531.09,27.93,27.66,43.49,1008.37
5903,531.18,27.93,27.66,43.50,1008.36
5904,531.27,27.92,27.66,43.50,1008.37
5905,531.36,27.92,27.67,43.51,1008.35
5906,531.45,27.91,27.67,43.50,1008.36
5907,531.54,27.91,27.68,43.52,1008.36
5908,531.63,27.91,27.68,43.52,1008.36
5909,531.72,27.91,27.68,43.52,1008.35
5910,531.81,27.91,27.68,43.53,1008.34
5911,531.90,27.92,27.68,43.56,1008.34
5912,531.99,27.91,27.67,43.56,1008.34
5913,532.08,27.91,27.67,43.54,1008.34
5914,532.17,27.89,27.68,43.57,1008.35
5915,532.26,27.89,27.68,43.54,1008.34
5916,532.35,27.88,27.68,43.57,1008.33
5917,532.44,27.89,27.67,43.60,1008.33
5918,532.53,27.89,27.67,43.61,1008.33
5919,532.62,27.89,27.66,43.62,1008.33
5920,532.71,27.89,27.65,43.61,1008.35
5921,532.80,27.89,27.64,43.61,1008.34
5922,532.89,27.88,27.65,43.59,1008.34
5923,532.98,27.86,27.65,43.61,1008.34
5924,533.07,27.86,27.66,43.59,1008.33
5925,533.16,27.85,27.66,43.61,1008.33
5926,533.25,27.85,27.67,43.64,1008.33
5927,533.34,27.86,27.67,43.61,1008.31
5928,533.43,27.86,27.66,43.62,1008.32
5929,533.52,27.86,27.68,43.63,1008.32
5930,533.61,27.87,27.67,43.66,1008.31
5931,533.70,27.88,27.68,43.68,1008.31
5932,533.79,27.88,27.68,43.70,1008.32
5933,533.88,27.88,27.68,43.74,1008.32
5934,533.97,27.90,27.69,43.74,1008.32
5935,534.06,27.89,27.68,43.72,1008.33
5936,534.15,27.89,27.69,43.70,1008.32
5937,534.24,27.88,27.68,43.74,1008.34
5938,534.33,27.87,27.67,43.74,1008.37
5939,534.42,27.88,27.68,43.78,1008.37
5940,534.51,27.87,27.67,43.75,1008.37
5941,534.60,27.87,27.67,43.75,1008.37
5942,534.69,27.89,27.65,43.73,1008.37
5943,534.78,27.89,27.65,43.73,1008.37
5944,534.87,27.90,27.65,43.72,1008.39
5945,534.96,27.89,27.63,43.69,1008.39
5946,535.05,27.89,27.62,43.70,1008.39
5947,535.14,27.88,27.63,43.69,1008.41
5948,535.23,27.88,27.63,43.69,1008.41
5949,535.32,27.87,27.63,43.70,1008.40
5950,535.41,27.88,27.63,43.70,1008.42
5951,535.50,27.90,27.63,43.73,1008.42
5952,535.59,27.91,27.63,43.72,1008.42
5953,535.68,27.89,27.62,43.74,1008.40
5954,535.77,27.90,27.60,43.71,1008.40
5955,535.86,27.89,27.61,43.71,1008.41
5956,535.95,27.91,27.59,43.71,1008.41
5957,536.04,27.92,27.60,43.71,1008.41
5958,536.13,27.93,27.60,43.68,1008.41
5959,536.22,27.94,27.60,43.66,1008.41
5960,536.31,27.95,27.58,43.64,1008.41
5961,536.40,27.93,27.59,43.65,1008.40
5962,536.49,27.94,27.58,43.66,1008.40
5963,536.58,27.93,27.56,43.68,1008.40
5964,536.67,27.92,27.56,43.67,1008.41
5965,536.76,27.92,27.59,43.65,1008.40
5966,536.85,27.92,27.58,43.63,1008.39
5967,536.94,27.93,27.58,43.60,1008.39
5968,537.03,27.92,27.58,43.59,1008.39
5969,537.12,27.92,27.57,43.56,1008.38
5970,537.21,27.94,27.56,43.58,1008.39
5971,537.30,27.93,27.56,43.60,1008.39
5972,537.39,27.93,27.56,43.64,1008.39
5973,537.48,27.93,27.58,43.65,1008.38
5974,537.57,27.93,27.58,43.65,1008.38
5975,537.66,27.93,27.59,43.64,1008.38
5976,537.75,27.92,27.59,43.62,1008.36
5977,537.84,27.93,27.60,43.65,1008.38
5978,537.93,27.93,27.58,43.69,1008.37
5979,538.02,27.93,27.58,43.70,1008.37
5980,538.11,27.94,27.58,43.70,1008.37
5981,538.20,27.95,27.58,43.69,1008.37
5982,538.29,27.95,27.60,43.71,1008.36
5983,538.38,27.96,27.61,43.71,1008.35
5984,538.47,27.96,27.59,43.69,1008.36
5985,538.56,27.93,27.59,43.67,1008.35
5986,538.65,27.92,27.58,43.68,1008.35
5987,538.74,27.92,27.57,43.72,1008.35
5988,538.83,27.92,27.56,43.74,1008.35
5989,538.92,27.93,27.56,43.75,1008.35
5990,539.01,27.93,27.58,43.73,1008.34
5991,539.10,27.92,27.59,43.72,1008.33
5992,539.19,27.93,27.61,43.72,1008.34
5993,539.28,27.94,27.61,43.70,1008.33
5994,539.37,27.94,27.63,43.70,1008.32
5995,539.46,27.95,27.62,43.70,1008.32
5996,539.55,27.95,27.62,43.68,1008.33
5997,539.64,27.94,27.62,43.69,1008.34
5998,539.73,27.94,27.62,43.69,1008.34
5999,539.82,27.94,27.62,43.67,1008.34
6000,539.91,27.94,27.65,43.65,1008.34
6001,540.00,27.94,27.65,43.63,1008.34
6002,540.09,27.93,27.66,43.62,1008.33
6003,540.18,27.93,27.65,43.59,1008.32
6004,540.27,27.92,27.65,43.58,1008.31
6005,540.36,27.93,27.66,43.54,1008.32
6006,540.45,27.93,27.68,43.55,1008.32
6007,540.54,27.96,27.67,43.55,1008.33
6008,540.63,27.95,27.68,43.56,1008.33
6009,540.72,27.94,27.69,43.53,1008.35
6010,540.81,27.92,27.70,43.49,1008.35
6011,540.90,27.92,27.72,43.48,1008.36
6012,540.99,27.93,27.72,43.47,1008.35
6013,541.08,27.94,27.70,43.48,1008.36
6014,541.17,27.94,27.69,43.50,1008.37
6015,541.26,27.92,27.69,43.50,1008.37
6016,541.35,27.92,27.67,43.47,1008.38
6017,541.44,27.91,27.70,43.47,1008.39
6018,541.53,27.91,27.71,43.48,1008.39
6019,541.62,27.91,27.70,43.49,1008.39
6020,541.71,27.92,27.70,43.52,1008.39
6021,541.80,27.91,27.70,43.52,1008.41
6022,541.89,27.93,27.67,43.49,1008.41
6023,541.98,27.93,27.68,43.51,1008.40
6024,542.07,27.92,27.69,43.46,1008.39
6025,542.16,27.92,27.69,43.49,1008.39
6026,542.25,27.93,27.69,43.49,1008.39
6027,542.34,27.94,27.68,43.51,1008.40
6028,542.43,27.95,27.68,43.50,1008.40
6029,542.52,27.96,27.67,43.49,1008.40
6030,542.61,27.94,27.68,43.51,1008.41
6031,542.70,27.93,27.67,43.51,1008.40
6032,542.79,27.93,27.67,43.50,1008.41
6033,542.88,27.93,27.67,43.50,1008.39
6034,542.97,27.94,27.66,43.50,1008.38
6035,543.06,27.93,27.67,43.48,1008.39
6036,543.15,27.92,27.67,43.47,1008.38
6037,543.24,27.90,27.68,43.46,1008.39
6038,543.33,27.90,27.68,43.46,1008.37
6039,543.42,27.90,27.68,43.45,1008.37
6040,543.51,27.89,27.68,43.47,1008.37
6041,543.60,27.90,27.68,43.48,1008.37
6042,543.69,27.90,27.68,43.49,1008.36
6043,543.78,27.92,27.68,43.51,1008.37
6044,543.87,27.92,27.68,43.50,1008.36
6045,543.96,27.92,27.69,43.51,1008.35
6046,544.05,27.92,27.67,43.52,1008.37
6047,544.14,27.92,27.69,43.55,1008.35
6048,544.23,27.93,27.69,43.53,1008.34
6049,544.32,27.93,27.70,43.54,1008.33
6050,544.41,27.93,27.70,43.52,1008.33
6051,544.50,27.93,27.71,43.53,1008.32
6052,544.59,27.92,27.71,43.51,1008.30
6053,544.68,27.92,27.73,43.51,1008.31
6054,544.77,27.90,27.73,43.51,1008.28
6055,544.86,27.90,27.70,43.51,1008.28
6056,544.95,27.91,27.68,43.52,1008.28
6057,545.04,27.94,27.68,43.55,1008.28
6058,545.13,27.94,27.67,43.54,1008.28
6059,545.22,27.94,27.67,43.54,1008.27
6060,545.31,27.93,27.67,43.56,1008.28
6061,545.40,27.91,27.65,43.56,1008.28
6062,545.49,27.90,27.65,43.55,1008.27
6063,545.58,27.89,27.63,43.55,1008.27
6064,545.67,27.90,27.63,43.56,1008.29
6065,545.76,27.90,27.62,43.56,1008.30
6066,545.85,27.90,27.61,43.58,1008.31
6067,545.94,27.90,27.58,43.56,1008.31
6068,546.03,27.90,27.36,43.54,1008.32
6069,546.12,27.90,27.49,43.54,1008.32
6070,546.21,27.89,27.58,43.55,1008.31
6071,546.30,27.88,27.60,43.56,1008.32
6072,546.39,27.89,27.57,43.57,1008.32
6073,546.48,27.89,27.56,43.59,1008.32
6074,546.57,27.90,27.57,43.60,1008.33
6075,546.66,27.91,27.57,43.63,1008.34
6076,546.75,27.90,27.58,43.62,1008.34
6077,546.84,27.91,27.59,43.62,1008.33
6078,546.93,27.90,27.60,43.66,1008.35
6079,547.02,27.90,27.59,43.65,1008.35
6080,547.11,27.91,27.62,43.65,1008.36
6081,547.20,27.91,27.63,43.65,1008.38
6082,547.29,27.90,27.63,43.68,1008.39
6083,547.38,27.90,27.63,43.66,1008.38
6084,547.47,27.90,27.63,43.63,1008.38
6085,547.56,27.92,27.62,43.62,1008.39
6086,547.65,27.91,27.61,43.56,1008.39
6087,547.74,27.93,27.61,43.56,1008.39
6088,547.83,27.94,27.62,43.53,1008.39
6089,547.92,27.93,27.60,43.53,1008.39
6090,548.01,27.94,27.60,43.50,1008.40
6091,548.10,27.94,27.60,43.51,1008.40
6092,548.19,27.96,27.59,43.50,1008.40
6093,548.28,27.96,27.60,43.46,1008.42
6094,548.37,27.94,27.60,43.45,1008.41
6095,548.46,27.94,27.62,43.47,1008.41
6096,548.55,27.95,27.62,43.45,1008.41
6097,548.64,27.95,27.61,43.48,1008.42
6098,548.73,27.95,27.62,43.50,1008.42
6099,548.82,27.96,27.62,43.55,1008.41
6100,548.91,27.96,27.63,43.53,1008.40
6101,549.00,27.94,27.62,43.55,1008.40
6102,549.09,27.94,27.61,43.57,1008.41
6103,549.18,27.94,27.61,43.56,1008.41
6104,549.27,27.93,27.64,43.56,1008.40
6105,549.36,27.93,27.64,43.59,1008.41
6106,549.45,27.93,27.65,43.57,1008.38
6107,549.54,27.93,27.64,43.53,1008.37
6108,549.63,27.94,27.65,43.55,1008.36
6109,549.72,27.93,27.64,43.55,1008.35
6110,549.81,27.93,27.63,43.55,1008.35
6111,549.90,27.91,27.63,43.57,1008.34
6112,549.99,27.93,27.63,43.60,1008.35
6113,550.08,27.95,27.64,43.60,1008.34
6114,550.17,27.96,27.64,43.65,1008.34
6115,550.26,27.97,27.64,43.65,1008.34
6116,550.35,27.98,27.66,43.62,1008.33
6117,550.44,27.98,27.67,43.63,1008.32
6118,550.53,27.96,27.68,43.66,1008.31
6119,550.62,27.97,27.67,43.62,1008.31
6120,550.71,27.97,27.65,43.65,1008.30
6121,550.80,27.98,27.66,43.66,1008.29
6122,550.89,27.99,27.65,43.67,1008.28
6123,550.98,27.97,27.65,43.65,1008.28
6124,551.07,27.98,27.65,43.64,1008.28
6125,551.16,27.98,27.65,43.66,1008.28
6126,551.25,27.98,27.66,43.70,1008.29
6127,551.34,27.99,27.67,43.70,1008.29
6128,551.43,28.00,27.67,43.74,1008.28
6129,551.52,28.01,27.68,43.72,1008.28
6130,551.61,28.01,27.69,43.72,1008.27
6131,551.70,28.01,27.67,43.72,1008.26
6132,551.79,28.01,27.67,43.76,1008.26
6133,551.88,28.00,27.67,43.74,1008.26
6134,551.97,28.01,27.65,43.73,1008.26
6135,552.06,27.98,27.63,43.74,1008.27
6136,552.15,27.97,27.63,43.74,1008.28
6137,552.24,27.95,27.62,43.75,1008.29
6138,552.33,27.95,27.62,43.75,1008.30
6139,552.42,27.94,27.64,43.75,1008.30
6140,552.51,27.94,27.64,43.74,1008.30
6141,552.60,27.94,27.64,43.72,1008.31
6142,552.69,27.94,27.63,43.69,1008.32
6143,552.78,27.95,27.65,43.66,1008.32
6144,552.87,27.95,27.66,43.66,1008.31
6145,552.96,27.94,27.63,43.68,1008.32
6146,553.05,27.95,27.64,43.67,1008.33
6147,553.14,27.95,27.63,43.68,1008.32
6148,553.23,27.93,27.63,43.65,1008.33
6149,553.32,27.94,27.63,43.63,1008.33
6150,553.41,27.93,27.66,43.64,1008.34
6151,553.50,27.92,27.67,43.61,1008.35
6152,553.59,27.92,27.68,43.63,1008.35
6153,553.68,27.93,27.69,43.61,1008.36
6154,553.77,27.92,27.68,43.61,1008.37
6155,553.86,27.92,27.69,43.65,1008.37
6156,553.95,27.92,27.69,43.66,1008.36
6157,554.04,27.92,27.69,43.68,1008.37
6158,554.13,27.92,27.71,43.68,1008.37
6159,554.22,27.91,27.69,43.69,1008.36
6160,554.31,27.92,27.69,43.68,1008.36
6161,554.40,27.92,27.70,43.68,1008.35
6162,554.49,27.92,27.69,43.68,1008.36
6163,554.58,27.92,27.69,43.68,1008.35
6164,554.67,27.91,27.68,43.68,1008.35
6165,554.76,27.91,27.69,43.68,1008.35
6166,554.85,27.91,27.68,43.68,1008.34
6167,554.94,27.90,27.69,43.70,1008.33
6168,555.03,27.90,27.69,43.65,1008.34
6169,555.12,27.91,27.68,43.63,1008.34
6170,555.21,27.90,27.70,43.64,1008.33
6171,555.30,27.91,27.67,43.66,1008.33
6172,555.39,27.89,27.67,43.66,1008.33
6173,555.48,27.89,27.67,43.67,1008.32
6174,555.57,27.89,27.67,43.69,1008.31
6175,555.66,27.87,27.69,43.67,1008.32
6176,555.75,27.87,27.68,43.68,1008.31
6177,555.84,27.88,27.68,43.66,1008.30
6178,555.93,27.89,27.67,43.68,1008.30
6179,556.02,27.90,27.66,43.69,1008.30
6180,556.11,27.90,27.66,43.68,1008.30
6181,556.20,27.89,27.67,43.67,1008.29
6182,556.29,27.89,27.67,43.68,1008.28
6183,556.38,27.90,27.67,43.68,1008.26
6184,556.47,27.91,27.65,43.71,1008.25
6185,556.56,27.92,27.65,43.72,1008.26
6186,556.65,27.93,27.65,43.71,1008.27
6187,556.74,27.93,27.66,43.69,1008.28
6188,556.83,27.94,27.66,43.70,1008.27
6189,556.92,27.92,27.65,43.69,1008.28
6190,557.01,27.91,27.65,43.70,1008.28
6191,557.10,27.91,27.68,43.70,1008.28
6192,557.19,27.89,27.69,43.72,1008.27
6193,557.28,27.89,27.67,43.73,1008.28
6194,557.37,27.89,27.65,43.74,1008.28
6195,557.46,27.90,27.67,43.67,1008.27
6196,557.55,27.89,27.65,43.67,1008.27
6197,557.64,27.91,27.65,43.64,1008.27
6198,557.73,27.92,27.66,43.64,1008.28
6199,557.82,27.90,27.66,43.63,1008.29
6200,557.91,27.91,27.62,43.64,1008.28
6201,558.00,27.92,27.64,43.61,1008.28
6202,558.09,27.95,27.65,43.61,1008.27
6203,558.18,27.94,27.64,43.63,1008.27
6204,558.27,27.96,27.67,43.59,1008.26
6205,558.36,27.97,27.65,43.57,1008.27
6206,558.45,27.97,27.64,43.56,1008.28
6207,558.54,27.98,27.64,43.55,1008.29
6208,558.63,27.97,27.63,43.53,1008.29
6209,558.72,27.97,27.63,43.54,1008.30
6210,558.81,27.98,27.63,43.56,1008.32
6211,558.90,27.99,27.64,43.54,1008.33
6212,558.99,27.98,27.63,43.54,1008.34
6213,559.08,27.99,27.64,43.56,1008.35
6214,559.17,27.97,27.65,43.53,1008.35
6215,559.26,27.98,27.63,43.57,1008.34
6216,559.35,27.97,27.62,43.59,1008.34
6217,559.44,27.98,27.63,43.57,1008.36
6218,559.53,27.97,27.65,43.55,1008.36
6219,559.62,27.98,27.66,43.57,1008.38
6220,559.71,27.98,27.66,43.56,1008.38
6221,559.80,27.97,27.66,43.56,1008.37
6222,559.89,27.98,27.67,43.52,1008.37
6223,559.98,27.98,27.67,43.51,1008.38
6224,560.07,27.99,27.68,43.52,1008.38
6225,560.16,27.99,27.66,43.52,1008.37
6226,560.25,28.00,27.66,43.52,1008.36
6227,560.34,28.00,27.67,43.53,1008.35
6228,560.43,28.00,27.66,43.56,1008.35
6229,560.52,28.00,27.64,43.55,1008.35
6230,560.61,27.99,27.65,43.54,1008.36
6231,560.70,27.99,27.66,43.54,1008.35
6232,560.79,27.99,27.67,43.55,1008.36
6233,560.88,27.99,27.67,43.54,1008.36
6234,560.97,27.99,27.67,43.53,1008.37
6235,561.06,27.99,27.65,43.54,1008.37
6236,561.15,27.99,27.66,43.51,1008.38
6237,561.24,28.00,27.65,43.46,1008.39
6238,561.33,28.01,27.66,43.46,1008.38
6239,561.42,28.00,27.66,43.47,1008.37
6240,561.51,28.00,27.66,43.47,1008.37
6241,561.60,28.00,27.65,43.50,1008.37
6242,561.69,28.01,27.65,43.52,1008.36
6243,561.78,28.01,27.66,43.53,1008.35
6244,561.87,28.00,27.69,43.54,1008.36
6245,561.96,28.00,27.69,43.53,1008.36
6246,562.05,28.02,27.70,43.54,1008.35
6247,562.14,28.03,27.71,43.50,1008.35
6248,562.23,28.03,27.71,43.53,1008.34
6249,562.32,28.01,27.72,43.54,1008.34
6250,562.41,28.01,27.72,43.55,1008.33
6251,562.50,28.01,27.72,43.54,1008.32
6252,562.59,28.02,27.73,43.52,1008.32
6253,562.68,28.01,27.75,43.55,1008.31
6254,562.77,28.02,27.72,43.55,1008.30
6255,562.86,28.01,27.73,43.55,1008.30
6256,562.95,28.01,27.74,43.59,1008.32
6257,563.04,28.00,27.75,43.61,1008.31
6258,563.13,27.99,27.74,43.60,1008.30
6259,563.22,27.99,27.75,43.60,1008.30
6260,563.31,27.98,27.75,43.62,1008.30
6261,563.40,27.98,27.75,43.62,1008.28
6262,563.49,27.97,27.76,43.63,1008.28
6263,563.58,27.97,27.74,43.62,1008.30
6264,563.67,27.96,27.71,43.63,1008.30
6265,563.76,27.96,27.72,43.66,1008.29
6266,563.85,27.95,27.72,43.69,1008.30
6267,563.94,27.96,27.71,43.64,1008.31
6268,564.03,27.97,27.72,43.64,1008.31
6269,564.12,27.98,27.71,43.61,1008.33
6270,564.21,27.97,27.70,43.63,1008.33
6271,564.30,27.97,27.71,43.62,1008.33
6272,564.39,27.97,27.74,43.62,1008.33
6273,564.48,27.98,27.74,43.61,1008.33
6274,564.57,27.96,27.74,43.63,1008.32
6275,564.66,27.95,27.74,43.64,1008.31
6276,564.75,27.94,27.73,43.66,1008.30
6277,564.84,27.92,27.74,43.70,1008.32
6278,564.93,27.92,27.75,43.65,1008.32
6279,565.02,27.89,27.75,43.64,1008.33
6280,565.11,27.90,27.75,43.65,1008.34
6281,565.20,27.89,27.72,43.63,1008.35
6282,565.29,27.91,27.72,43.61,1008.36
6283,565.38,27.89,27.73,43.59,1008.36
6284,565.47,27.88,27.74,43.58,1008.37
6285,565.56,27.88,27.73,43.60,1008.37
6286,565.65,27.89,27.72,43.60,1008.37
6287,565.74,27.89,27.72,43.57,1008.36
6288,565.83,27.90,27.73,43.58,1008.35
6289,565.92,27.90,27.69,43.61,1008.37
6290,566.01,27.91,27.69,43.62,1008.37
6291,566.10,27.91,27.67,43.62,1008.37
6292,566.19,27.91,27.68,43.62,1008.37
6293,566.28,27.91,27.67,43.90,1008.37
6294,566.37,27.89,27.65,43.75,1008.36
6295,566.46,27.90,27.66,43.66,1008.38
6296,566.55,27.90,27.67,43.65,1008.39
6297,566.64,27.90,27.67,43.67,1008.40
6298,566.73,27.90,27.67,43.68,1008.39
6299,566.82,27.89,27.66,43.64,1008.40
6300,566.91,27.89,27.66,43.67,1008.40
6301,567.00,27.89,27.64,43.68,1008.39
6302,567.09,27.89,27.63,43.63,1008.39
6303,567.18,27.89,27.65,43.62,1008.38
6304,567.27,27.89,27.65,43.60,1008.39
6305,567.36,27.89,27.64,43.58,1008.38
6306,567.45,27.88,27.64,43.58,1008.39
6307,567.54,27.88,27.65,43.58,1008.39
6308,567.63,27.88,27.66,43.54,1008.37
6309,567.72,27.89,27.65,43.55,1008.36
6310,567.81,27.90,27.67,43.54,1008.35
6311,567.90,27.89,27.67,43.54,1008.34
6312,567.99,27.90,27.68,43.53,1008.34
6313,568.08,27.88,27.68,43.51,1008.35
6314,568.17,27.88,27.69,43.48,1008.34
6315,568.26,27.86,27.69,43.48,1008.34
6316,568.35,27.87,27.68,43.47,1008.33
6317,568.44,27.85,27.65,43.45,1008.33
6318,568.53,27.85,27.65,43.46,1008.32
6319,568.62,27.85,27.65,43.46,1008.33
6320,568.71,27.85,27.66,43.49,1008.32
6321,568.80,27.85,27.66,43.50,1008.33
6322,568.89,27.85,27.65,43.51,1008.32
6323,568.98,27.85,27.65,43.50,1008.31
6324,569.07,27.85,27.65,43.50,1008.31
6325,569.16,27.85,27.63,43.49,1008.31
6326,569.25,27.85,27.63,43.48,1008.31
6327,569.34,27.85,27.65,43.48,1008.31
6328,569.43,27.85,27.64,43.49,1008.30
6329,569.52,27.85,27.63,43.51,1008.30
6330,569.61,27.85,27.62,43.53,1008.31
6331,569.70,27.85,27.63,43.55,1008.30
6332,569.79,27.85,27.63,43.52,1008.31
6333,569.88,27.85,27.63,43.52,1008.32
6334,569.97,27.85,27.64,43.53,1008.31
6335,570.06,27.85,27.64,43.51,1008.31
6336,570.15,27.85,27.65,43.51,1008.31
6337,570.24,27.85,27.64,43.52,1008.31
6338,570.33,27.85,27.66,43.50,1008.32
6339,570.42,27.85,27.66,43.50,1008.33
6340,570.51,27.85,27.67,43.49,1008.34
6341,570.60,27.85,27.69,43.50,1008.33
6342,570.69,27.85,27.69,43.48,1008.32
6343,570.78,27.85,27.68,43.47,1008.31
6344,570.87,27.85,27.67,43.48,1008.31
6345,570.96,27.85,27.67,43.46,1008.31
6346,571.05,27.85,27.67,43.47,1008.32
6347,571.14,27.85,27.66,43.49,1008.32
6348,571.23,27.85,27.64,43.50,1008.33
6349,571.32,27.85,27.66,43.51,1008.34
6350,571.41,27.86,27.65,43.51,1008.35
6351,571.50,27.87,27.63,43.51,1008.35
6352,571.59,27.89,27.64,43.47,1008.35
6353,571.68,27.89,27.66,43.49,1008.38
6354,571.77,27.91,27.64,43.49,1008.39
6355,571.86,27.91,27.66,43.51,1008.40
6356,571.95,27.91,27.66,43.51,1008.40
6357,572.04,27.93,27.66,43.51,1008.42
6358,572.13,27.93,27.66,43.52,1008.43
6359,572.22,27.92,27.66,43.50,1008.43
6360,572.31,27.92,27.68,43.52,1008.42
6361,572.40,27.93,27.67,43.51,1008.43
6362,572.49,27.94,27.67,43.51,1008.44
6363,572.58,27.95,27.68,43.52,1008.43
6364,572.67,27.95,27.69,43.53,1008.42
6365,572.76,27.97,27.70,43.55,1008.43
6366,572.85,27.98,27.71,43.57,1008.42
6367,572.94,27.98,27.73,43.57,1008.42
6368,573.03,27.98,27.73,43.58,1008.42
6369,573.12,27.97,27.71,43.59,1008.41
6370,573.21,27.95,27.71,43.61,1008.40
6371,573.30,27.95,27.70,43.62,1008.40
6372,573.39,27.95,27.72,43.62,1008.39
6373,573.48,27.95,27.71,43.59,1008.40
6374,573.57,27.95,27.73,43.59,1008.39
6375,573.66,27.95,27.73,43.62,1008.39
6376,573.75,27.94,27.74,43.62,1008.39
6377,573.84,27.92,27.73,43.61,1008.39
6378,573.93,27.92,27.72,43.59,1008.39
6379,574.02,27.92,27.72,43.63,1008.39
6380,574.11,27.93,27.71,43.62,1008.39
6381,574.20,27.92,27.70,43.57,1008.39
6382,574.29,27.91,27.71,43.53,1008.38
6383,574.38,27.94,27.71,43.53,1008.37
6384,574.47,27.95,27.72,43.53,1008.37
6385,574.56,27.94,27.72,43.53,1008.36
6386,574.65,27.94,27.71,43.50,1008.35
6387,574.74,27.94,27.71,43.52,1008.35
6388,574.83,27.95,27.69,43.51,1008.36
6389,574.92,27.95,27.70,43.51,1008.35
6390,575.01,27.94,27.69,43.49,1008.35
6391,575.10,27.94,27.69,43.49,1008.35
6392,575.19,27.94,27.69,43.50,1008.34
6393,575.28,27.95,27.70,43.45,1008.35
6394,575.37,27.94,27.68,43.47,1008.34
6395,575.46,27.94,27.68,43.51,1008.33
6396,575.55,27.94,27.66,43.52,1008.31
6397,575.64,27.93,27.64,43.54,1008.32
6398,575.73,27.95,27.65,43.53,1008.31
6399,575.82,27.96,27.62,43.53,1008.31
6400,575.91,27.96,27.61,43.50,1008.30
6401,576.00,27.95,27.63,43.47,1008.30
6402,576.09,27.95,27.61,43.45,1008.29
6403,576.18,27.96,27.61,43.46,1008.29
6404,576.27,27.96,27.60,43.50,1008.29
6405,576.36,27.95,27.59,43.49,1008.30
6406,576.45,27.97,27.60,43.50,1008.30
6407,576.54,27.94,27.58,43.47,1008.31
6408,576.63,27.92,27.59,43.47,1008.31
6409,576.72,27.91,27.60,43.49,1008.31
6410,576.81,27.90,27.60,43.50,1008.32
6411,576.90,27.91,27.59,43.52,1008.33
6412,576.99,27.91,27.57,43.50,1008.34
6413,577.08,27.91,27.57,43.51,1008.33
6414,577.17,27.92,27.59,43.52,1008.32
6415,577.26,27.92,27.60,43.52,1008.33
6416,577.35,27.91,27.59,43.52,1008.33
6417,577.44,27.90,27.60,43.53,1008.34
6418,577.53,27.89,27.60,43.54,1008.35
6419,577.62,27.89,27.60,43.52,1008.35
6420,577.71,27.87,27.60,43.52,1008.35
6421,577.80,27.86,27.60,43.50,1008.35
6422,577.89,27.86,27.59,43.48,1008.36
6423,577.98,27.85,27.58,43.48,1008.37
6424,578.07,27.85,27.59,43.45,1008.36
6425,578.16,27.85,27.58,43.49,1008.37
6426,578.25,27.85,27.60,43.51,1008.36
6427,578.34,27.86,27.60,43.49,1008.39
6428,578.43,27.86,27.61,43.48,1008.39
6429,578.52,27.87,27.61,43.50,1008.39
6430,578.61,27.88,27.61,43.51,1008.39
6431,578.70,27.87,27.61,43.49,1008.39
6432,578.79,27.88,27.61,43.50,1008.39
6433,578.88,27.90,27.60,43.53,1008.39
6434,578.97,27.89,27.62,43.47,1008.37
6435,579.06,27.90,27.62,43.46,1008.37
6436,579.15,27.89,27.62,43.44,1008.37
6437,579.24,27.90,27.63,43.46,1008.37
6438,579.33,27.90,27.65,43.44,1008.38
6439,579.42,27.89,27.66,43.44,1008.38
6440,579.51,27.89,27.66,43.47,1008.38
6441,579.60,27.89,27.66,43.47,1008.37
6442,579.69,27.89,27.67,43.48,1008.38
6443,579.78,27.90,27.67,43.47,1008.39
6444,579.87,27.89,27.66,43.42,1008.37
6445,579.96,27.89,27.66,43.41,1008.38
6446,580.05,27.89,27.66,43.41,1008.37
6447,580.14,27.88,27.64,43.38,1008.37
6448,580.23,27.88,27.65,43.38,1008.34
6449,580.32,27.88,27.66,43.38,1008.34
6450,580.41,27.88,27.67,43.39,1008.35
6451,580.50,27.88,27.66,43.39,1008.34
6452,580.59,27.87,27.66,43.38,1008.33
6453,580.68,27.87,27.67,43.36,1008.34
6454,580.77,27.88,27.65,43.36,1008.32
6455,580.86,27.91,27.66,43.34,1008.31
6456,580.95,27.89,27.65,43.32,1008.31
6457,581.04,27.89,27.66,43.30,1008.32
6458,581.13,27.91,27.67,43.32,1008.32
6459,581.22,27.93,27.66,43.31,1008.32
6460,581.31,27.94,27.65,43.29,1008.31
6461,581.40,27.94,27.65,43.31,1008.30
6462,581.49,27.94,27.65,43.29,1008.30
6463,581.58,27.93,27.64,43.30,1008.30
6464,581.67,27.94,27.65,43.30,1008.29
6465,581.76,27.93,27.66,43.31,1008.29
6466,581.85,27.92,27.65,43.32,1008.30
6467,581.94,27.94,27.65,43.32,1008.30
6468,582.03,27.95,27.67,43.31,1008.29
6469,582.12,27.94,27.67,43.30,1008.31
6470,582.21,27.94,27.68,43.30,1008.30
6471,582.30,27.94,27.68,43.29,1008.31
6472,582.39,27.96,27.67,43.29,1008.30
6473,582.48,27.96,27.65,43.28,1008.30
6474,582.57,27.96,27.65,43.30,1008.29
6475,582.66,27.97,27.67,43.28,1008.29
6476,582.75,27.97,27.68,43.30,1008.29
6477,582.84,27.96,27.68,43.29,1008.30
6478,582.93,27.97,27.70,43.26,1008.30
6479,583.02,27.97,27.69,43.26,1008.32
6480,583.11,27.96,27.71,43.23,1008.32
6481,583.20,27.96,27.70,43.22,1008.34
6482,583.29,27.97,27.70,43.22,1008.34
6483,583.38,27.97,27.71,43.23,1008.35
6484,583.47,27.97,27.72,43.23,1008.35
6485,583.56,27.97,27.73,43.26,1008.35
6486,583.65,27.96,27.73,43.26,1008.35
6487,583.74,27.97,27.71,43.30,1008.35
6488,583.83,27.97,27.71,43.30,1008.36
6489,583.92,27.96,27.73,43.33,1008.35
6490,584.01,27.96,27.75,43.34,1008.36
6491,584.10,27.97,27.74,43.31,1008.35
6492,584.19,27.96,27.74,43.31,1008.34
6493,584.28,27.96,27.73,43.31,1008.35
6494,584.37,27.96,27.72,43.31,1008.35
6495,584.46,27.95,27.72,43.31,1008.35
6496,584.55,27.96,27.73,43.35,1008.35
6497,584.64,27.95,27.73,43.31,1008.36
6498,584.73,27.96,27.73,43.29,1008.36
6499,584.82,27.94,27.74,43.28,1008.36
6500,584.91,27.94,27.74,43.29,1008.37
6501,585.00,27.93,27.74,43.28,1008.38
6502,585.09,27.91,27.75,43.29,1008.38
6503,585.18,27.90,27.73,43.30,1008.38
6504,585.27,27.94,27.73,43.31,1008.38
6505,585.36,27.95,27.73,43.27,1008.37
6506,585.45,27.96,27.73,43.28,1008.37
6507,585.54,27.97,27.73,43.31,1008.37
6508,585.63,27.96,27.73,43.30,1008.38
6509,585.72,27.96,27.73,43.32,1008.38
6510,585.81,27.96,27.73,43.33,1008.38
6511,585.90,27.95,27.71,43.34,1008.38
6512,585.99,27.94,27.70,43.35,1008.38
6513,586.08,27.95,27.73,43.35,1008.36
6514,586.17,27.93,27.72,43.36,1008.36
6515,586.26,27.93,27.71,43.39,1008.36
6516,586.35,27.94,27.70,43.40,1008.35
6517,586.44,27.92,27.69,43.39,1008.35
6518,586.53,27.92,27.67,43.35,1008.35
6519,586.62,27.92,27.67,43.38,1008.33
6520,586.71,27.93,27.68,43.39,1008.32
6521,586.80,27.93,27.68,43.38,1008.32
6522,586.89,27.95,27.68,43.36,1008.31
6523,586.98,27.96,27.67,43.36,1008.32
6524,587.07,27.96,27.65,43.34,1008.31
6525,587.16,27.95,27.66,43.34,1008.30
6526,587.25,27.95,27.65,43.33,1008.30
6527,587.34,27.94,27.64,43.37,1008.30
6528,587.43,27.94,27.64,43.40,1008.29
6529,587.52,27.93,27.67,43.37,1008.29
6530,587.61,27.93,27.66,43.37,1008.28
6531,587.70,27.92,27.66,43.37,1008.28
6532,587.79,27.92,27.67,43.39,1008.27
6533,587.88,27.94,27.66,43.40,1008.28
6534,587.97,27.96,27.67,43.38,1008.28
6535,588.06,27.98,27.66,43.36,1008.28
6536,588.15,27.85,27.64,43.37,1008.27
6537,588.24,27.97,27.64,43.37,1008.27
6538,588.33,27.97,27.63,43.38,1008.26
6539,588.42,27.97,27.63,43.41,1008.26
6540,588.51,27.97,27.64,43.41,1008.26
6541,588.60,27.97,27.64,43.43,1008.27
6542,588.69,27.97,27.66,43.44,1008.29
6543,588.78,27.96,27.64,43.44,1008.29
6544,588.87,27.96,27.65,43.41,1008.29
6545,588.96,27.97,27.66,43.39,1008.30
6546,589.05,27.96,27.65,43.40,1008.30
6547,589.14,27.97,27.66,43.42,1008.31
6548,589.23,27.94,27.65,43.40,1008.32
6549,589.32,27.91,27.67,43.38,1008.33
6550,589.41,27.93,27.66,43.41,1008.33
6551,589.50,27.93,27.65,43.38,1008.33
6552,589.59,27.94,27.63,43.39,1008.33
6553,589.68,27.93,27.64,43.40,1008.32
6554,589.77,27.95,27.63,43.40,1008.33
6555,589.86,27.97,27.65,43.36,1008.33
6556,589.95,27.97,27.65,43.37,1008.34
6557,590.04,27.96,27.65,43.35,1008.33
6558,590.13,27.96,27.65,43.37,1008.34
6559,590.22,27.95,27.65,43.36,1008.34
6560,590.31,27.94,27.65,43.34,1008.35
6561,590.40,27.94,27.65,43.33,1008.36
6562,590.49,27.95,27.66,43.29,1008.36
6563,590.58,27.95,27.67,43.26,1008.37
6564,590.67,27.94,27.66,43.27,1008.38
6565,590.76,27.95,27.66,43.26,1008.38
6566,590.85,27.94,27.66,43.26,1008.38
6567,590.94,27.93,27.67,43.26,1008.39
6568,591.03,27.92,27.67,43.22,1008.39
6569,591.12,27.92,27.68,43.24,1008.39
6570,591.21,27.93,27.72,43.24,1008.39
6571,591.30,27.94,27.71,43.23,1008.38
6572,591.39,27.96,27.73,43.22,1008.38
6573,591.48,27.97,27.74,43.24,1008.38
6574,591.57,27.97,27.72,43.26,1008.38
6575,591.66,27.97,27.73,43.26,1008.38
6576,591.75,27.97,27.74,43.24,1008.38
6577,591.84,27.99,27.75,43.24,1008.39
6578,591.93,28.00,27.75,43.21,1008.40
6579,592.02,28.01,27.73,43.17,1008.38
6580,592.11,28.00,27.74,43.18,1008.38
6581,592.20,28.00,27.74,43.17,1008.38
6582,592.29,28.00,27.74,43.19,1008.37
6583,592.38,28.00,27.74,43.18,1008.38
6584,592.47,27.99,27.75,43.19,1008.35
6585,592.56,27.97,27.75,43.17,1008.35
6586,592.65,27.98,27.74,43.17,1008.35
6587,592.74,27.97,27.74,43.17,1008.35
6588,592.83,27.98,27.73,43.20,1008.34
6589,592.92,27.97,27.71,43.21,1008.34
6590,593.01,27.97,27.71,43.22,1008.33
6591,593.10,27.96,27.73,43.22,1008.32
6592,593.19,27.95,27.72,43.22,1008.31
6593,593.28,27.97,27.72,43.20,1008.29
6594,593.37,27.97,27.71,43.19,1008.31
6595,593.46,27.97,27.73,43.19,1008.31
6596,593.55,27.96,27.73,43.22,1008.31
6597,593.64,27.96,27.73,43.20,1008.32
6598,593.73,27.97,27.73,43.19,1008.32
6599,593.82,27.98,27.73,43.16,1008.33
6600,593.91,27.98,27.73,43.14,1008.32
6601,594.00,27.97,27.74,43.13,1008.31
6602,594.09,27.97,27.72,43.13,1008.31
6603,594.18,27.98,27.72,43.10,1008.30
6604,594.27,27.97,27.70,43.10,1008.29
6605,594.36,27.98,27.71,43.10,1008.28
6606,594.45,27.96,27.70,43.11,1008.28
6607,594.54,27.97,27.68,43.11,1008.28
6608,594.63,27.97,27.65,43.12,1008.28
6609,594.72,27.97,27.66,43.15,1008.28
6610,594.81,27.97,27.67,43.16,1008.28
6611,594.90,27.98,27.67,43.17,1008.29
6612,594.99,27.98,27.68,43.18,1008.27
6613,595.08,27.97,27.69,43.18,1008.27
6614,595.17,27.99,27.70,43.16,1008.28
6615,595.26,28.00,27.70,43.14,1008.29
6616,595.35,28.01,27.70,43.11,1008.29
6617,595.44,28.02,27.68,43.11,1008.30
6618,595.53,28.02,27.69,43.11,1008.32
6619,595.62,28.02,27.70,43.14,1008.32
6620,595.71,28.01,27.69,43.16,1008.33
6621,595.80,28.01,27.67,43.16,1008.33
6622,595.89,28.01,27.66,43.16,1008.34
6623,595.98,28.00,27.67,43.16,1008.34
6624,596.07,28.01,27.68,43.14,1008.36
6625,596.16,28.01,27.68,43.13,1008.37
6626,596.25,28.02,27.67,43.14,1008.39
6627,596.34,28.00,27.68,43.12,1008.37
6628,596.43,28.00,27.68,43.13,1008.37
6629,596.52,28.00,27.68,43.10,1008.37
6630,596.61,28.00,27.68,43.11,1008.39
6631,596.70,28.01,27.66,43.09,1008.38
6632,596.79,28.00,27.67,43.11,1008.39
6633,596.88,28.00,27.67,43.14,1008.40
6634,596.97,28.00,27.65,43.12,1008.38
6635,597.06,28.00,27.65,43.14,1008.38
6636,597.15,27.97,27.65,43.15,1008.38
6637,597.24,27.98,27.64,43.20,1008.38
6638,597.33,27.97,27.66,43.18,1008.38
6639,597.42,27.97,27.67,43.20,1008.39
6640,597.51,27.96,27.68,43.19,1008.39
6641,597.60,27.96,27.69,43.17,1008.40
6642,597.69,27.94,27.68,43.12,1008.38
6643,597.78,27.94,27.67,43.08,1008.38
6644,597.87,27.94,27.68,43.10,1008.37
6645,597.96,27.93,27.69,43.11,1008.38
6646,598.05,27.93,27.70,43.15,1008.38
6647,598.14,27.93,27.70,43.12,1008.39
6648,598.23,27.93,27.73,43.12,1008.38
6649,598.32,27.93,27.73,43.13,1008.38
6650,598.41,27.92,27.74,43.10,1008.38
6651,598.50,27.91,27.73,43.12,1008.37
6652,598.59,27.94,27.76,43.13,1008.36
6653,598.68,27.93,27.75,43.14,1008.36
6654,598.77,27.94,27.74,43.17,1008.34
6655,598.86,27.94,27.71,43.18,1008.33
6656,598.95,27.94,27.70,43.18,1008.34
6657,599.04,27.94,27.69,43.17,1008.34
6658,599.13,27.95,27.70,43.17,1008.34
6659,599.22,27.97,27.70,43.18,1008.34
6660,599.31,27.96,27.68,43.17,1008.34
6661,599.40,27.96,27.68,43.19,1008.33
6662,599.49,27.95,27.68,43.25,1008.33
6663,599.58,27.94,27.67,43.23,1008.32
6664,599.67,27.94,27.68,43.23,1008.31
6665,599.76,27.93,27.69,43.23,1008.30
6666,599.85,27.93,27.68,43.23,1008.30
6667,599.94,27.93,27.66,43.19,1008.30
