Index,Relative Time (s),PT100 (degC),BME280 T (degC),Humidity (%),Pressure (hPa)
1,0.00,45.00,43.54,42.97,1008.91
2,0.09,44.98,43.36,42.97,1008.91
3,0.18,44.96,43.34,42.95,1008.91
4,0.27,44.95,43.33,42.97,1008.91
5,0.36,44.94,43.33,42.95,1008.90
6,0.45,44.93,43.31,42.97,1008.90
7,0.54,44.92,43.31,42.97,1008.90
8,0.63,44.91,43.30,42.96,1008.90
9,0.72,44.90,43.28,42.98,1008.90
10,0.81,44.89,43.26,43.01,1008.90
11,0.90,44.87,43.24,43.03,1008.90
12,0.99,44.86,43.23,43.05,1008.90
13,1.08,44.85,43.21,43.06,1008.90
14,1.17,44.83,43.20,43.07,1008.90
15,1.26,44.82,43.19,43.12,1008.89
16,1.35,44.81,43.18,43.08,1008.89
17,1.44,44.80,43.16,43.11,1008.89
18,1.53,44.78,43.15,43.12,1008.89
19,1.62,44.77,43.13,43.13,1008.89
20,1.71,44.76,43.12,43.15,1008.88
21,1.80,44.75,43.10,43.17,1008.88
22,1.89,44.73,43.08,43.18,1008.88
23,1.98,44.72,43.08,43.21,1008.88
24,2.07,44.71,43.06,43.19,1008.88
25,2.16,44.70,43.05,43.22,1008.88
26,2.25,44.69,43.02,43.24,1008.88
27,2.34,44.68,43.01,43.25,1008.88
28,2.43,44.67,43.01,43.22,1008.88
29,2.52,44.66,42.99,43.23,1008.88
30,2.61,44.65,43.00,43.24,1008.88
31,2.70,44.64,42.99,43.27,1008.88
32,2.79,44.61,42.98,43.27,1008.88
33,2.88,44.61,42.97,43.26,1008.88
34,2.97,44.59,42.95,43.25,1008.88
35,3.06,44.57,42.93,43.21,1008.88
36,3.15,44.56,42.92,43.21,1008.88
37,3.24,44.54,42.91,43.22,1008.88
38,3.33,44.54,42.89,43.26,1008.88
39,3.42,44.52,42.88,43.27,1008.88
40,3.51,44.53,42.87,43.26,1008.89
41,3.60,44.51,42.86,43.26,1008.89
42,3.69,44.50,42.85,43.27,1008.89
43,3.78,44.49,42.84,43.30,1008.89
44,3.87,44.48,42.84,43.33,1008.89
45,3.96,44.46,42.84,43.29,1008.89
46,4.05,44.46,42.83,43.31,1008.89
47,4.14,44.44,42.82,43.30,1008.89
48,4.23,44.43,42.80,43.29,1008.89
49,4.32,44.41,42.80,43.31,1008.89
50,4.41,44.40,42.80,43.34,1008.89
51,4.50,44.39,42.78,43.35,1008.89
52,4.59,44.39,42.77,43.35,1008.89
53,4.68,44.37,42.77,43.34,1008.89
54,4.77,44.35,42.76,43.32,1008.89
55,4.86,44.34,42.75,43.34,1008.90
56,4.95,44.33,42.75,43.34,1008.90
57,5.04,44.31,42.72,43.37,1008.90
58,5.13,44.30,42.71,43.36,1008.90
59,5.22,44.30,42.70,43.37,1008.90
60,5.31,44.29,42.69,43.37,1008.90
61,5.40,44.29,42.67,43.36,1008.90
62,5.49,44.27,42.66,43.38,1008.90
63,5.58,44.25,42.64,43.42,1008.89
64,5.67,44.24,42.63,43.44,1008.89
65,5.76,44.22,42.61,43.44,1008.90
66,5.85,44.21,42.61,43.44,1008.90
67,5.94,44.20,42.60,43.47,1008.90
68,6.03,44.19,42.60,43.48,1008.90
69,6.12,44.18,42.59,43.50,1008.90
70,6.21,44.17,42.58,43.50,1008.90
71,6.30,44.16,42.58,43.52,1008.90
72,6.39,44.15,42.57,43.57,1008.91
73,6.48,44.14,42.57,43.58,1008.90
74,6.57,44.13,42.54,43.61,1008.90
75,6.66,44.12,42.53,43.62,1008.90
76,6.75,44.11,42.51,43.61,1008.90
77,6.84,44.10,42.49,43.68,1008.90
78,6.93,44.07,42.48,43.68,1008.90
79,7.02,44.06,42.47,43.70,1008.90
80,7.11,44.04,42.46,43.70,1008.90
81,7.20,44.03,42.44,43.72,1008.90
82,7.29,44.02,42.42,43.73,1008.90
83,7.38,44.00,42.41,43.73,1008.90
84,7.47,43.99,42.39,43.74,1008.89
85,7.56,43.99,42.37,43.75,1008.89
86,7.65,43.99,42.36,43.79,1008.89
87,7.74,43.97,42.33,43.78,1008.89
88,7.83,43.96,42.33,43.77,1008.89
89,7.92,43.95,42.32,43.79,1008.88
90,8.01,43.94,42.31,43.78,1008.88
91,8.10,43.93,42.29,43.79,1008.88
92,8.19,43.91,42.28,43.82,1008.88
93,8.28,43.90,42.26,43.88,1008.88
94,8.37,43.89,42.24,43.89,1008.88
95,8.46,43.89,42.24,43.90,1008.87
96,8.55,43.87,42.22,43.94,1008.87
97,8.64,43.86,42.21,43.94,1008.87
98,8.73,43.85,42.20,43.94,1008.87
99,8.82,43.85,42.19,43.98,1008.87
100,8.91,43.84,42.19,44.01,1008.87
101,9.00,43.83,42.18,44.04,1008.87
102,9.09,43.81,42.18,44.01,1008.87
103,9.18,43.80,42.18,43.99,1008.87
104,9.27,43.79,42.16,44.00,1008.87
105,9.36,43.77,42.15,44.03,1008.86
106,9.45,43.75,42.15,44.02,1008.86
107,9.54,43.74,42.14,44.01,1008.87
108,9.63,43.73,42.13,43.97,1008.86
109,9.72,43.72,42.11,43.96,1008.86
110,9.81,43.71,42.11,43.98,1008.86
111,9.90,43.70,42.09,44.05,1008.86
112,9.99,43.68,42.09,44.06,1008.86
113,10.08,43.67,42.09,44.09,1008.87
114,10.17,43.65,42.08,44.09,1008.87
115,10.26,43.64,42.07,44.08,1008.87
116,10.35,43.63,42.07,44.09,1008.87
117,10.44,43.61,42.07,44.06,1008.87
118,10.53,43.60,42.06,44.05,1008.87
119,10.62,43.60,42.05,44.07,1008.87
120,10.71,43.58,42.04,44.05,1008.87
121,10.80,43.57,42.03,44.06,1008.87
122,10.89,43.56,42.03,44.08,1008.87
123,10.98,43.54,42.03,44.11,1008.87
124,11.07,43.53,42.01,44.10,1008.87
125,11.16,43.51,42.00,44.14,1008.87
126,11.25,43.50,41.99,44.17,1008.87
127,11.34,43.49,41.98,44.18,1008.87
128,11.43,43.47,41.96,44.19,1008.87
129,11.52,43.47,41.95,44.18,1008.87
130,11.61,43.45,41.92,44.19,1008.87
131,11.70,43.45,41.92,44.18,1008.87
132,11.79,43.43,41.91,44.22,1008.87
133,11.88,43.42,41.89,44.22,1008.87
134,11.97,43.42,41.88,44.24,1008.87
135,12.06,43.41,41.88,44.24,1008.87
136,12.15,43.40,41.86,44.23,1008.87
137,12.24,43.38,41.85,44.25,1008.87
138,12.33,43.38,41.85,44.28,1008.87
139,12.42,43.36,41.85,44.30,1008.87
140,12.51,43.35,41.83,44.30,1008.88
141,12.60,43.34,41.81,44.31,1008.88
142,12.69,43.32,41.81,44.31,1008.88
143,12.78,43.31,41.81,44.33,1008.88
144,12.87,43.29,41.79,44.35,1008.88
145,12.96,43.28,41.77,44.37,1008.88
146,13.05,43.26,41.75,44.38,1008.88
147,13.14,43.24,41.75,44.41,1008.88
148,13.23,43.24,41.74,44.41,1008.88
149,13.32,43.24,41.72,44.43,1008.88
150,13.41,43.23,41.72,44.42,1008.88
151,13.50,43.22,41.70,44.44,1008.88
152,13.59,43.22,41.69,44.44,1008.88
153,13.68,43.20,41.67,44.47,1008.88
154,13.77,43.19,41.66,44.50,1008.88
155,13.86,43.18,41.64,44.54,1008.88
156,13.95,43.18,41.63,44.54,1008.88
157,14.04,43.17,41.62,44.50,1008.87
158,14.13,43.16,41.60,44.50,1008.87
159,14.22,43.15,41.59,44.53,1008.87
160,14.31,43.13,41.59,44.54,1008.87
161,14.40,43.11,41.58,44.51,1008.87
162,14.49,43.10,41.57,44.52,1008.88
163,14.58,43.09,41.55,44.53,1008.87
164,14.67,43.08,41.55,44.54,1008.87
165,14.76,43.07,41.54,44.55,1008.87
166,14.85,43.06,41.53,44.57,1008.87
167,14.94,43.05,41.52,44.58,1008.87
168,15.03,43.05,41.50,44.58,1008.87
169,15.12,43.04,41.49,44.58,1008.87
170,15.21,43.03,41.49,44.58,1008.87
171,15.30,43.02,41.48,44.57,1008.86
172,15.39,43.01,41.47,44.57,1008.86
173,15.48,42.99,41.47,44.60,1008.86
174,15.57,42.97,41.47,44.60,1008.86
175,15.66,42.97,41.46,44.57,1008.86
176,15.75,42.96,41.45,44.58,1008.87
177,15.84,42.95,41.43,44.56,1008.87
178,15.93,42.93,41.44,44.59,1008.87
179,16.02,42.92,41.43,44.60,1008.86
180,16.11,42.90,41.42,44.62,1008.86
181,16.20,42.90,41.41,44.64,1008.86
182,16.29,42.88,41.40,44.61,1008.86
183,16.38,42.87,41.39,44.63,1008.86
184,16.47,42.87,41.38,44.65,1008.86
185,16.56,42.85,41.37,44.65,1008.86
186,16.65,42.84,41.35,44.66,1008.86
187,16.74,42.84,41.35,44.68,1008.85
188,16.83,42.83,41.34,44.67,1008.86
189,16.92,42.82,41.33,44.70,1008.86
190,17.01,42.81,41.32,44.70,1008.86
191,17.10,42.80,41.30,44.72,1008.86
192,17.19,42.78,41.28,44.79,1008.85
193,17.28,42.78,41.27,44.82,1008.86
194,17.37,42.76,41.25,44.85,1008.86
195,17.46,42.75,41.24,44.85,1008.86
196,17.55,42.74,41.23,44.84,1008.85
197,17.64,42.72,41.22,44.81,1008.85
198,17.73,42.72,41.20,44.82,1008.85
199,17.82,42.72,41.19,44.83,1008.85
200,17.91,42.71,41.20,44.81,1008.85
201,18.00,42.70,41.18,44.85,1008.86
202,18.09,42.69,41.17,44.87,1008.86
203,18.18,42.67,41.17,44.86,1008.86
204,18.27,42.66,41.15,44.86,1008.86
205,18.36,42.65,41.15,44.87,1008.86
206,18.45,42.63,41.15,44.88,1008.86
207,18.54,42.62,41.15,44.89,1008.86
208,18.63,42.60,41.14,44.89,1008.87
209,18.72,42.60,41.13,44.88,1008.87
210,18.81,42.58,41.11,44.88,1008.87
211,18.90,42.58,41.10,44.88,1008.87
212,18.99,42.59,41.09,44.89,1008.87
213,19.08,42.57,41.09,44.89,1008.87
214,19.17,42.57,41.08,44.87,1008.87
215,19.26,42.56,41.06,44.90,1008.88
216,19.35,42.54,41.05,44.94,1008.87
217,19.44,42.53,41.04,44.96,1008.87
218,19.53,42.52,41.03,44.96,1008.87
219,19.62,42.52,41.01,44.99,1008.87
220,19.71,42.51,41.00,45.03,1008.87
221,19.80,42.50,40.99,45.03,1008.87
222,19.89,42.49,40.98,45.02,1008.87
223,19.98,42.48,40.96,45.01,1008.87
224,20.07,42.47,40.95,45.01,1008.87
225,20.16,42.45,40.94,45.04,1008.87
226,20.25,42.45,40.92,45.06,1008.87
227,20.34,42.43,40.91,45.08,1008.88
228,20.43,42.43,40.89,45.05,1008.88
229,20.52,42.42,40.88,45.04,1008.88
230,20.61,42.41,40.89,45.06,1008.88
231,20.70,42.40,40.87,45.05,1008.88
232,20.79,42.38,40.85,45.03,1008.88
233,20.88,42.37,40.86,45.01,1008.88
234,20.97,42.37,40.86,45.04,1008.88
235,21.06,42.36,40.85,45.01,1008.88
236,21.15,42.35,40.85,45.02,1008.88
237,21.24,42.33,40.84,45.00,1008.88
238,21.33,42.32,40.85,45.00,1008.88
239,21.42,42.32,40.84,45.01,1008.88
240,21.51,42.31,40.84,45.00,1008.88
241,21.60,42.31,40.82,45.00,1008.88
242,21.69,42.32,40.81,44.99,1008.88
243,21.78,42.32,40.80,44.98,1008.88
244,21.87,42.32,40.78,45.00,1008.87
245,21.96,42.32,40.78,45.02,1008.88
246,22.05,42.32,40.78,45.03,1008.88
247,22.14,42.32,40.77,45.04,1008.87
248,22.23,42.32,40.75,45.04,1008.87
249,22.32,42.31,40.75,45.05,1008.88
250,22.41,42.30,40.75,45.08,1008.88
251,22.50,42.29,40.75,45.09,1008.88
252,22.59,42.27,40.72,45.07,1008.88
253,22.68,42.25,40.71,45.05,1008.88
254,22.77,42.23,40.69,45.09,1008.88
255,22.86,42.21,40.68,45.12,1008.88
256,22.95,42.18,40.66,45.17,1008.88
257,23.04,42.15,40.65,45.18,1008.88
258,23.13,42.13,40.64,45.16,1008.88
259,23.22,42.12,40.63,45.16,1008.88
260,23.31,42.11,40.61,45.20,1008.89
261,23.40,42.08,40.61,45.24,1008.89
262,23.49,42.06,40.60,45.26,1008.89
263,23.58,42.03,40.58,45.28,1008.89
264,23.67,42.03,40.58,45.28,1008.89
265,23.76,42.00,40.56,45.26,1008.89
266,23.85,41.99,40.56,45.24,1008.89
267,23.94,41.98,40.53,45.27,1008.90
268,24.03,41.98,40.51,45.27,1008.90
269,24.12,41.96,40.51,45.24,1008.89
270,24.21,41.95,40.50,45.26,1008.90
271,24.30,41.93,40.49,45.26,1008.89
272,24.39,41.93,40.48,45.26,1008.90
273,24.48,41.92,40.47,45.27,1008.90
274,24.57,41.91,40.45,45.29,1008.90
275,24.66,41.89,40.44,45.30,1008.90
276,24.75,41.87,40.44,45.33,1008.89
277,24.84,41.87,40.42,45.30,1008.90
278,24.93,41.86,40.42,45.28,1008.90
279,25.02,41.85,40.43,45.30,1008.89
280,25.11,41.84,40.42,45.30,1008.89
281,25.20,41.83,40.42,45.30,1008.89
282,25.29,41.83,40.40,45.29,1008.89
283,25.38,41.81,40.38,45.31,1008.89
284,25.47,41.80,40.38,45.32,1008.89
285,25.56,41.79,40.37,45.35,1008.89
286,25.65,41.78,40.35,45.37,1008.89
287,25.74,41.77,40.34,45.37,1008.90
288,25.83,41.76,40.32,45.36,1008.90
289,25.92,41.74,40.31,45.38,1008.90
290,26.01,41.73,40.29,45.38,1008.90
291,26.10,41.73,40.28,45.38,1008.90
292,26.19,41.72,40.28,45.36,1008.90
293,26.28,41.72,40.27,45.37,1008.90
294,26.37,41.70,40.26,45.38,1008.90
295,26.46,41.69,40.26,45.37,1008.91
296,26.55,41.68,40.26,45.39,1008.90
297,26.64,41.68,40.26,45.42,1008.90
298,26.73,41.68,40.25,45.44,1008.91
299,26.82,41.67,40.24,45.46,1008.90
300,26.91,41.66,40.23,45.42,1008.90
301,27.00,41.64,40.22,45.39,1008.90
302,27.09,41.63,40.19,45.40,1008.90
303,27.18,41.62,40.19,45.37,1008.90
304,27.27,41.61,40.18,45.39,1008.90
305,27.36,41.59,40.17,45.39,1008.90
306,27.45,41.58,40.16,45.41,1008.90
307,27.54,41.57,40.16,45.44,1008.90
308,27.63,41.57,40.15,45.39,1008.90
309,27.72,41.55,40.13,45.39,1008.90
310,27.81,41.54,40.12,45.37,1008.90
311,27.90,41.54,40.11,45.36,1008.90
312,27.99,41.54,40.12,45.36,1008.90
313,28.08,41.53,40.12,45.34,1008.90
314,28.17,41.52,40.11,45.37,1008.90
315,28.26,41.51,40.11,45.40,1008.90
316,28.35,41.51,40.11,45.41,1008.90
317,28.44,41.50,40.09,45.40,1008.90
318,28.53,41.49,40.08,45.42,1008.89
319,28.62,41.47,40.06,45.46,1008.90
320,28.71,41.47,40.05,45.47,1008.90
321,28.80,41.46,40.04,45.47,1008.90
322,28.89,41.45,40.03,45.47,1008.90
323,28.98,41.44,40.01,45.51,1008.90
324,29.07,41.44,40.01,45.51,1008.89
325,29.16,41.43,40.00,45.48,1008.89
326,29.25,41.42,39.99,45.46,1008.89
327,29.34,41.42,39.97,45.49,1008.89
328,29.43,41.41,39.97,45.51,1008.89
329,29.52,41.41,39.96,45.48,1008.89
330,29.61,41.40,39.95,45.49,1008.89
331,29.70,41.40,39.94,45.49,1008.89
332,29.79,41.40,39.94,45.47,1008.89
333,29.88,41.39,39.94,45.49,1008.90
334,29.97,41.38,39.92,45.51,1008.90
335,30.06,41.36,39.91,45.48,1008.90
336,30.15,41.36,39.91,45.47,1008.90
337,30.24,41.35,39.91,45.45,1008.90
338,30.33,41.33,39.92,45.44,1008.90
339,30.42,41.34,39.92,45.43,1008.90
340,30.51,41.34,39.91,45.45,1008.90
341,30.60,41.34,39.91,45.44,1008.90
342,30.69,41.33,39.90,45.45,1008.90
343,30.78,41.33,39.88,45.46,1008.90
344,30.87,41.32,39.87,45.47,1008.90
345,30.96,41.31,39.86,45.48,1008.89
346,31.05,41.32,39.86,45.51,1008.89
347,31.14,41.31,39.85,45.52,1008.89
348,31.23,41.31,39.84,45.52,1008.89
349,31.32,41.30,39.83,45.53,1008.90
350,31.41,41.30,39.81,45.54,1008.90
351,31.50,41.30,39.79,45.53,1008.90
352,31.59,41.30,39.77,45.54,1008.90
353,31.68,41.30,39.76,45.55,1008.90
354,31.77,41.30,39.74,45.60,1008.90
355,31.86,41.29,39.74,45.61,1008.91
356,31.95,41.28,39.73,45.60,1008.91
357,32.04,41.26,39.72,45.63,1008.90
358,32.13,41.25,39.70,45.65,1008.91
359,32.22,41.23,39.68,45.64,1008.91
360,32.31,41.22,39.67,45.66,1008.90
361,32.40,41.21,39.66,45.70,1008.90
362,32.49,41.19,39.65,45.67,1008.90
363,32.58,41.17,39.65,45.68,1008.90
364,32.67,41.16,39.64,45.69,1008.90
365,32.76,41.14,39.62,45.66,1008.90
366,32.85,41.14,39.61,45.65,1008.90
367,32.94,41.11,39.59,45.66,1008.90
368,33.03,41.10,39.58,45.69,1008.89
369,33.12,41.10,39.59,45.71,1008.89
370,33.21,41.08,39.57,45.67,1008.89
371,33.30,41.07,39.57,45.66,1008.89
372,33.39,41.05,39.55,45.68,1008.89
373,33.48,41.03,39.54,45.67,1008.88
374,33.57,41.02,39.55,45.63,1008.88
375,33.66,41.01,39.55,45.65,1008.88
376,33.75,40.98,39.54,45.62,1008.88
377,33.84,40.97,39.52,45.64,1008.88
378,33.93,40.94,39.51,45.63,1008.88
379,34.02,40.93,39.50,45.63,1008.88
380,34.11,40.92,39.50,45.62,1008.88
381,34.20,40.91,39.49,45.61,1008.87
382,34.29,40.89,39.48,45.61,1008.88
383,34.38,40.86,39.47,45.60,1008.88
384,34.47,40.85,39.45,45.66,1008.88
385,34.56,40.83,39.44,45.65,1008.88
386,34.65,40.81,39.43,45.65,1008.87
387,34.74,40.81,39.41,45.66,1008.88
388,34.83,40.79,39.40,45.69,1008.88
389,34.92,40.79,39.39,45.72,1008.88
390,35.01,40.79,39.38,45.74,1008.87
391,35.10,40.77,39.38,45.73,1008.87
392,35.19,40.76,39.35,45.72,1008.88
393,35.28,40.75,39.34,45.71,1008.88
394,35.37,40.75,39.34,45.72,1008.88
395,35.46,40.74,39.34,45.78,1008.88
396,35.55,40.74,39.32,45.77,1008.88
397,35.64,40.72,39.32,45.78,1008.89
398,35.73,40.72,39.32,45.80,1008.88
399,35.82,40.71,39.32,45.84,1008.88
400,35.91,40.69,39.31,45.84,1008.88
401,36.00,40.68,39.30,45.86,1008.89
402,36.09,40.67,39.29,45.87,1008.89
403,36.18,40.66,39.28,45.87,1008.89
404,36.27,40.65,39.27,45.85,1008.89
405,36.36,40.63,39.25,45.86,1008.89
406,36.45,40.63,39.25,45.87,1008.89
407,36.54,40.61,39.24,45.85,1008.89
408,36.63,40.60,39.23,45.86,1008.89
409,36.72,40.59,39.22,45.83,1008.89
410,36.81,40.59,39.21,45.82,1008.89
411,36.90,40.58,39.21,45.84,1008.89
412,36.99,40.56,39.20,45.84,1008.89
413,37.08,40.55,39.20,45.88,1008.89
414,37.17,40.56,39.19,45.90,1008.89
415,37.26,40.54,39.19,45.87,1008.89
416,37.35,40.54,39.17,45.89,1008.89
417,37.44,40.53,39.18,45.91,1008.89
418,37.53,40.53,39.17,45.90,1008.88
419,37.62,40.52,39.16,45.91,1008.89
420,37.71,40.51,39.17,45.93,1008.89
421,37.80,40.49,39.15,45.94,1008.89
422,37.89,40.48,39.15,45.97,1008.89
423,37.98,40.48,39.14,45.93,1008.89
424,38.07,40.47,39.13,45.91,1008.89
425,38.16,40.47,39.11,45.91,1008.89
426,38.25,40.47,39.10,45.92,1008.89
427,38.34,40.46,39.09,45.91,1008.89
428,38.43,40.45,39.10,45.94,1008.89
429,38.52,40.44,39.08,45.91,1008.89
430,38.61,40.42,39.08,45.90,1008.89
431,38.70,40.41,39.07,45.93,1008.89
432,38.79,40.40,39.07,45.93,1008.89
433,38.88,40.39,39.05,45.94,1008.89
434,38.97,40.38,39.06,45.96,1008.89
435,39.06,40.37,39.04,45.95,1008.88
436,39.15,40.37,39.05,45.95,1008.88
437,39.24,40.36,39.03,45.97,1008.88
438,39.33,40.35,39.01,46.00,1008.88
439,39.42,40.34,39.01,46.01,1008.88
440,39.51,40.33,39.00,46.00,1008.88
441,39.60,40.33,38.99,46.00,1008.88
442,39.69,40.33,38.99,45.97,1008.88
443,39.78,40.32,38.98,45.95,1008.88
444,39.87,40.31,38.97,45.93,1008.87
445,39.96,40.30,38.96,45.92,1008.87
446,40.05,40.29,38.95,45.90,1008.87
447,40.14,40.28,38.93,45.92,1008.86
448,40.23,40.27,38.91,45.95,1008.87
449,40.32,40.26,38.89,45.94,1008.87
450,40.41,40.24,38.88,45.93,1008.87
451,40.50,40.24,38.87,45.94,1008.86
452,40.59,40.23,38.86,45.63,1008.86
453,40.68,40.22,38.85,45.92,1008.86
454,40.77,40.21,38.83,45.91,1008.86
455,40.86,40.20,38.81,45.92,1008.85
456,40.95,40.20,38.80,45.91,1008.85
457,41.04,40.18,38.80,45.92,1008.86
458,41.13,40.16,38.80,45.91,1008.86
459,41.22,40.17,38.79,45.93,1008.86
460,41.31,40.15,38.78,45.93,1008.86
461,41.40,40.15,38.77,45.95,1008.86
462,41.49,40.14,38.75,45.95,1008.86
463,41.58,40.13,38.74,45.96,1008.86
464,41.67,40.14,38.74,45.98,1008.86
465,41.76,40.13,38.74,45.96,1008.85
466,41.85,40.12,38.74,45.94,1008.85
467,41.94,40.11,38.73,45.97,1008.85
468,42.03,40.09,38.72,45.99,1008.85
469,42.12,40.08,38.71,46.00,1008.85
470,42.21,40.07,38.70,45.99,1008.85
471,42.30,40.06,38.69,45.98,1008.85
472,42.39,40.07,38.69,45.96,1008.85
473,42.48,40.05,38.69,45.96,1008.85
474,42.57,40.05,38.68,45.97,1008.85
475,42.66,40.03,38.69,45.97,1008.85
476,42.75,40.03,38.67,45.96,1008.85
477,42.84,40.03,38.67,45.95,1008.85
478,42.93,40.02,38.66,45.95,1008.86
479,43.02,40.01,38.65,45.95,1008.86
480,43.11,39.99,38.64,45.91,1008.86
481,43.20,39.99,38.64,45.94,1008.86
482,43.29,39.98,38.63,45.95,1008.86
483,43.38,39.97,38.63,45.95,1008.86
484,43.47,39.96,38.63,46.00,1008.86
485,43.56,39.95,38.61,46.01,1008.85
486,43.65,39.93,38.62,46.02,1008.85
487,43.74,39.93,38.62,46.02,1008.85
488,43.83,39.92,38.59,46.04,1008.85
489,43.92,39.90,38.59,46.04,1008.85
490,44.01,39.89,38.60,46.04,1008.86
491,44.10,39.87,38.58,46.05,1008.86
492,44.19,39.86,38.57,46.06,1008.86
493,44.28,39.86,38.56,46.05,1008.86
494,44.37,39.84,38.54,46.04,1008.87
495,44.46,39.84,38.54,46.05,1008.87
496,44.55,39.83,38.53,46.05,1008.87
497,44.64,39.82,38.52,46.07,1008.88
498,44.73,39.81,38.50,46.08,1008.87
499,44.82,39.81,38.50,46.10,1008.88
500,44.91,39.80,38.48,46.10,1008.88
501,45.00,39.79,38.48,46.08,1008.88
502,45.09,39.78,38.47,46.12,1008.88
503,45.18,39.77,38.47,46.10,1008.88
504,45.27,39.77,38.47,46.11,1008.88
505,45.36,39.76,38.46,46.11,1008.88
506,45.45,39.75,38.44,46.13,1008.87
507,45.54,39.73,38.43,46.14,1008.88
508,45.63,39.72,38.41,46.14,1008.88
509,45.72,39.71,38.39,46.14,1008.88
510,45.81,39.70,38.38,46.14,1008.88
511,45.90,39.68,38.37,46.13,1008.88
512,45.99,39.68,38.37,46.14,1008.88
513,46.08,39.67,38.36,46.15,1008.88
514,46.17,39.67,38.34,46.10,1008.88
515,46.26,39.66,38.33,46.13,1008.88
516,46.35,39.66,38.32,46.14,1008.88
517,46.44,39.65,38.33,46.18,1008.88
518,46.53,39.64,38.29,46.16,1008.88
519,46.62,39.63,38.29,46.15,1008.88
520,46.71,39.62,38.28,46.15,1008.88
521,46.80,39.60,38.27,46.13,1008.87
522,46.89,39.61,38.26,46.16,1008.87
523,46.98,39.61,38.26,46.16,1008.87
524,47.07,39.58,38.26,46.16,1008.87
525,47.16,39.57,38.25,46.20,1008.87
526,47.25,39.57,38.24,46.20,1008.87
527,47.34,39.55,38.23,46.21,1008.88
528,47.43,39.53,38.22,46.20,1008.88
529,47.52,39.51,38.22,46.20,1008.88
530,47.61,39.51,38.20,46.21,1008.88
531,47.70,39.51,38.20,46.22,1008.88
532,47.79,39.51,38.20,46.15,1008.88
533,47.88,39.49,38.20,46.18,1008.87
534,47.97,39.49,38.19,46.23,1008.87
535,48.06,39.48,38.19,46.21,1008.86
536,48.15,39.48,38.18,46.24,1008.86
537,48.24,39.48,38.18,46.22,1008.86
538,48.33,39.47,38.17,46.22,1008.86
539,48.42,39.46,38.16,46.19,1008.86
540,48.51,39.45,38.16,46.18,1008.86
541,48.60,39.44,38.15,46.19,1008.86
542,48.69,39.44,38.15,46.21,1008.86
543,48.78,39.43,38.13,46.18,1008.85
544,48.87,39.41,38.14,46.22,1008.86
545,48.96,39.40,38.15,46.23,1008.85
546,49.05,39.38,38.13,46.22,1008.86
547,49.14,39.37,38.11,46.24,1008.86
548,49.23,39.37,38.10,46.19,1008.86
549,49.32,39.36,38.10,46.19,1008.85
550,49.41,39.34,38.07,46.19,1008.85
551,49.50,39.33,38.07,46.19,1008.86
552,49.59,39.32,38.08,46.21,1008.86
553,49.68,39.31,38.07,46.22,1008.86
554,49.77,39.30,38.06,46.22,1008.86
555,49.86,39.29,38.06,46.21,1008.86
556,49.95,39.28,38.06,46.17,1008.86
557,50.04,39.28,38.06,46.17,1008.86
558,50.13,39.28,38.06,46.19,1008.86
559,50.22,39.28,38.04,46.20,1008.86
560,50.31,39.28,38.04,46.23,1008.86
561,50.40,39.27,38.02,46.25,1008.86
562,50.49,39.25,38.01,46.27,1008.86
563,50.58,39.24,37.99,46.27,1008.86
564,50.67,39.23,37.99,46.27,1008.86
565,50.76,39.23,37.97,46.30,1008.86
566,50.85,39.22,37.96,46.27,1008.86
567,50.94,39.20,37.95,46.32,1008.86
568,51.03,39.19,37.92,46.32,1008.87
569,51.12,39.19,37.91,46.31,1008.87
570,51.21,39.18,37.90,46.29,1008.87
571,51.30,39.16,37.88,46.27,1008.87
572,51.39,39.16,37.88,46.24,1008.87
573,51.48,39.16,37.87,46.21,1008.88
574,51.57,39.16,37.85,46.19,1008.88
575,51.66,39.15,37.84,46.20,1008.88
576,51.75,39.14,37.83,46.24,1008.88
577,51.84,39.13,37.83,46.22,1008.89
578,51.93,39.12,37.81,46.22,1008.89
579,52.02,39.12,37.80,46.22,1008.89
580,52.11,39.12,37.79,46.24,1008.89
581,52.20,39.10,37.78,46.25,1008.89
582,52.29,39.09,37.77,46.27,1008.89
583,52.38,39.09,37.76,46.28,1008.89
584,52.47,39.09,37.76,46.28,1008.89
585,52.56,39.08,37.75,46.31,1008.90
586,52.65,39.07,37.75,46.32,1008.90
587,52.74,39.07,37.74,46.33,1008.90
588,52.83,39.06,37.73,46.35,1008.90
589,52.92,39.06,37.72,46.35,1008.90
590,53.01,39.05,37.71,46.36,1008.90
591,53.10,39.03,37.71,46.41,1008.90
592,53.19,39.03,37.70,46.45,1008.90
593,53.28,39.03,37.70,46.46,1008.90
594,53.37,39.03,37.70,46.46,1008.90
595,53.46,39.03,37.70,46.43,1008.90
596,53.55,39.01,37.69,46.45,1008.90
597,53.64,39.01,37.68,46.43,1008.90
598,53.73,39.00,37.68,46.45,1008.90
599,53.82,38.99,37.67,46.44,1008.90
600,53.91,38.99,37.65,46.41,1008.90
601,54.00,38.98,37.65,46.41,1008.90
602,54.09,38.96,37.64,46.37,1008.90
603,54.18,38.96,37.62,46.36,1008.90
604,54.27,38.95,37.63,46.37,1008.90
605,54.36,38.94,37.61,46.35,1008.90
606,54.45,38.93,37.60,46.33,1008.90
607,54.54,38.93,37.60,46.35,1008.90
608,54.63,38.91,37.60,46.32,1008.90
609,54.72,38.90,37.60,46.33,1008.90
610,54.81,38.89,37.59,46.31,1008.90
611,54.90,38.87,37.59,46.30,1008.90
612,54.99,38.86,37.59,46.30,1008.90
613,55.08,38.86,37.59,46.35,1008.90
614,55.17,38.85,37.58,46.36,1008.90
615,55.26,38.84,37.58,46.35,1008.90
616,55.35,38.82,37.58,46.33,1008.90
617,55.44,38.81,37.59,46.30,1008.89
618,55.53,38.81,37.59,46.29,1008.89
619,55.62,38.80,37.56,46.28,1008.89
620,55.71,38.80,37.54,46.29,1008.89
621,55.80,38.78,37.53,46.29,1008.88
622,55.89,38.77,37.51,46.31,1008.88
623,55.98,38.77,37.50,46.32,1008.88
624,56.07,38.76,37.48,46.27,1008.88
625,56.16,38.74,37.46,46.26,1008.88
626,56.25,38.74,37.45,46.25,1008.88
627,56.34,38.74,37.45,46.28,1008.87
628,56.43,38.73,37.45,46.31,1008.88
629,56.52,38.72,37.43,46.29,1008.88
630,56.61,38.72,37.44,46.33,1008.88
631,56.70,38.71,37.42,46.34,1008.88
632,56.79,38.70,37.42,46.38,1008.88
633,56.88,38.69,37.40,46.39,1008.88
634,56.97,38.68,37.39,46.41,1008.88
635,57.06,38.67,37.39,46.41,1008.88
636,57.15,38.65,37.38,46.38,1008.88
637,57.24,38.65,37.37,46.35,1008.88
638,57.33,38.63,37.36,46.35,1008.88
639,57.42,38.62,37.35,46.34,1008.88
640,57.51,38.61,37.34,46.36,1008.88
641,57.60,38.59,37.32,46.34,1008.88
642,57.69,38.58,37.31,46.30,1008.88
643,57.78,38.59,37.30,46.32,1008.88
644,57.87,38.58,37.30,46.32,1008.88
645,57.96,38.58,37.30,46.37,1008.88
646,58.05,38.57,37.30,46.38,1008.88
647,58.14,38.56,37.30,46.37,1008.88
648,58.23,38.55,37.30,46.37,1008.88
649,58.32,38.55,37.30,46.37,1008.88
650,58.41,38.54,37.28,46.39,1008.89
651,58.50,38.54,37.28,46.38,1008.89
652,58.59,38.53,37.28,46.41,1008.89
653,58.68,38.52,37.29,46.42,1008.89
654,58.77,38.51,37.28,46.42,1008.89
655,58.86,38.50,37.27,46.45,1008.89
656,58.95,38.49,37.27,46.44,1008.89
657,59.04,38.48,37.25,46.46,1008.89
658,59.13,38.47,37.25,46.49,1008.90
659,59.22,38.46,37.24,46.48,1008.90
660,59.31,38.45,37.24,46.52,1008.89
661,59.40,38.44,37.23,46.53,1008.89
662,59.49,38.43,37.24,46.55,1008.90
663,59.58,38.42,37.23,46.55,1008.90
664,59.67,38.42,37.23,46.55,1008.90
665,59.76,38.41,37.21,46.54,1008.91
666,59.85,38.40,37.21,46.54,1008.90
667,59.94,38.39,37.21,46.58,1008.91
668,60.03,38.39,37.21,46.55,1008.90
669,60.12,38.37,37.21,46.58,1008.90
670,60.21,38.36,37.20,46.56,1008.91
671,60.30,38.36,37.19,46.57,1008.91
672,60.39,38.36,37.17,46.58,1008.91
673,60.48,38.35,37.17,46.57,1008.91
674,60.57,38.34,37.16,46.58,1008.91
675,60.66,38.33,37.16,46.61,1008.91
676,60.75,38.33,37.17,46.57,1008.91
677,60.84,38.33,37.16,46.57,1008.91
678,60.93,38.33,37.15,46.56,1008.91
679,61.02,38.31,37.14,46.54,1008.92
680,61.11,38.31,37.12,46.58,1008.92
681,61.20,38.31,37.11,46.59,1008.92
682,61.29,38.30,37.09,46.57,1008.92
683,61.38,38.29,37.09,46.60,1008.92
684,61.47,38.28,37.08,46.62,1008.92
685,61.56,38.28,37.06,46.61,1008.92
686,61.65,38.27,37.05,46.60,1008.92
687,61.74,38.26,37.03,46.57,1008.92
688,61.83,38.25,37.02,46.58,1008.92
689,61.92,38.25,37.01,46.59,1008.91
690,62.01,38.24,37.00,46.61,1008.91
691,62.10,38.23,37.00,46.63,1008.91
692,62.19,38.23,36.98,46.60,1008.91
693,62.28,38.23,36.98,46.61,1008.90
694,62.37,38.23,36.97,46.62,1008.90
695,62.46,38.22,36.96,46.62,1008.90
696,62.55,38.21,36.96,46.60,1008.90
697,62.64,38.20,36.95,46.62,1008.90
698,62.73,38.20,36.94,46.61,1008.89
699,62.82,38.19,36.94,46.63,1008.89
700,62.91,38.18,36.93,46.62,1008.89
701,63.00,38.17,36.92,46.61,1008.89
702,63.09,38.16,36.91,46.59,1008.89
703,63.18,38.16,36.91,46.64,1008.89
704,63.27,38.15,36.90,46.66,1008.89
705,63.36,38.13,36.89,46.67,1008.88
706,63.45,38.12,36.88,46.68,1008.88
707,63.54,38.11,36.87,46.65,1008.88
708,63.63,38.10,36.86,46.66,1008.88
709,63.72,38.09,36.86,46.64,1008.87
710,63.81,38.08,36.86,46.65,1008.87
711,63.90,38.08,36.86,46.67,1008.88
712,63.99,38.08,36.85,46.67,1008.88
713,64.08,38.07,36.83,46.68,1008.88
714,64.17,38.07,36.82,46.70,1008.88
715,64.26,38.05,36.81,46.70,1008.88
716,64.35,38.05,36.80,46.71,1008.88
717,64.44,38.05,36.80,46.72,1008.88
718,64.53,38.05,36.80,46.70,1008.88
719,64.62,38.03,36.79,46.69,1008.88
720,64.71,38.04,36.79,46.68,1008.87
721,64.80,38.03,36.78,46.66,1008.87
722,64.89,38.02,36.77,46.67,1008.87
723,64.98,38.01,36.77,46.68,1008.87
724,65.07,38.00,36.78,46.68,1008.88
725,65.16,38.00,36.78,46.66,1008.88
726,65.25,37.99,36.79,46.64,1008.87
727,65.34,37.98,36.80,46.66,1008.88
728,65.43,37.98,36.79,46.67,1008.88
729,65.52,37.97,36.79,46.67,1008.88
730,65.61,37.96,36.78,46.68,1008.88
731,65.70,37.96,36.77,46.67,1008.87
732,65.79,37.95,36.76,46.62,1008.87
733,65.88,37.94,36.76,46.58,1008.87
734,65.97,37.93,36.74,46.58,1008.87
735,66.06,37.93,36.73,46.58,1008.87
736,66.15,37.92,36.72,46.57,1008.87
737,66.24,37.91,36.71,46.56,1008.88
738,66.33,37.90,36.70,46.57,1008.88
739,66.42,37.89,36.71,46.57,1008.88
740,66.51,37.88,36.70,46.57,1008.88
741,66.60,37.88,36.69,46.57,1008.88
742,66.69,37.87,36.68,46.59,1008.88
743,66.78,37.85,36.67,46.57,1008.88
744,66.87,37.84,36.65,46.56,1008.88
745,66.96,37.83,36.65,46.57,1008.89
746,67.05,37.82,36.64,46.58,1008.89
747,67.14,37.80,36.64,46.55,1008.89
748,67.23,37.79,36.63,46.55,1008.88
749,67.32,37.78,36.62,46.55,1008.88
750,67.41,37.78,36.59,46.58,1008.88
751,67.50,37.77,36.60,46.60,1008.88
752,67.59,37.77,36.58,46.63,1008.88
753,67.68,37.76,36.56,46.63,1008.89
754,67.77,37.75,36.55,46.64,1008.88
755,67.86,37.74,36.55,46.67,1008.89
756,67.95,37.74,36.55,46.64,1008.88
757,68.04,37.74,36.54,46.64,1008.88
758,68.13,37.74,36.53,46.65,1008.89
759,68.22,37.73,36.52,46.64,1008.89
760,68.31,37.72,36.51,46.65,1008.89
761,68.40,37.71,36.49,46.65,1008.89
762,68.49,37.71,36.50,46.67,1008.89
763,68.58,37.70,36.50,46.67,1008.88
764,68.67,37.69,36.48,46.66,1008.88
765,68.76,37.69,36.46,46.62,1008.89
766,68.85,37.68,36.46,46.66,1008.89
767,68.94,37.68,36.46,46.67,1008.88
768,69.03,37.67,36.46,46.65,1008.89
769,69.12,37.67,36.45,46.65,1008.89
770,69.21,37.66,36.46,46.68,1008.89
771,69.30,37.66,36.44,46.68,1008.88
772,69.39,37.64,36.43,46.67,1008.88
773,69.48,37.63,36.42,46.65,1008.88
774,69.57,37.62,36.42,46.66,1008.87
775,69.66,37.61,36.42,46.71,1008.87
776,69.75,37.60,36.41,46.72,1008.87
777,69.84,37.59,36.41,46.70,1008.87
778,69.93,37.58,36.40,46.71,1008.87
779,70.02,37.57,36.40,46.72,1008.87
780,70.11,37.56,36.39,46.71,1008.87
781,70.20,37.55,36.39,46.70,1008.87
782,70.29,37.55,36.40,46.74,1008.87
783,70.38,37.54,36.39,46.70,1008.87
784,70.47,37.54,36.38,46.70,1008.87
785,70.56,37.52,36.37,46.73,1008.87
786,70.65,37.51,36.36,46.71,1008.87
787,70.74,37.51,36.35,46.70,1008.86
788,70.83,37.49,36.34,46.71,1008.87
789,70.92,37.48,36.33,46.68,1008.87
790,71.01,37.47,36.33,46.68,1008.87
791,71.10,37.47,36.32,46.68,1008.87
792,71.19,37.47,36.31,46.68,1008.87
793,71.28,37.48,36.30,46.68,1008.87
794,71.37,37.46,36.30,46.70,1008.87
795,71.46,37.45,36.29,46.71,1008.87
796,71.55,37.43,36.28,46.72,1008.86
797,71.64,37.43,36.27,46.71,1008.86
798,71.73,37.42,36.25,46.71,1008.86
799,71.82,37.42,36.24,46.70,1008.86
800,71.91,37.41,36.23,46.71,1008.85
801,72.00,37.41,36.22,46.75,1008.85
802,72.09,37.40,36.23,46.74,1008.85
803,72.18,37.39,36.22,46.70,1008.85
804,72.27,37.38,36.22,46.73,1008.85
805,72.36,37.37,36.21,46.74,1008.85
806,72.45,37.37,36.21,46.76,1008.85
807,72.54,37.36,36.21,46.80,1008.85
808,72.63,37.36,36.21,46.81,1008.85
809,72.72,37.34,36.21,46.80,1008.85
810,72.81,37.33,36.19,46.81,1008.85
811,72.90,37.33,36.18,46.79,1008.85
812,72.99,37.33,36.17,46.77,1008.85
813,73.08,37.32,36.17,46.77,1008.85
814,73.17,37.30,36.15,46.75,1008.85
815,73.26,37.29,36.15,46.77,1008.85
816,73.35,37.29,36.12,46.76,1008.86
817,73.44,37.29,36.11,46.74,1008.86
818,73.53,37.29,36.11,46.76,1008.86
819,73.62,37.28,36.10,46.72,1008.86
820,73.71,37.27,36.10,46.73,1008.86
821,73.80,37.25,36.09,46.75,1008.86
822,73.89,37.24,36.09,46.75,1008.86
823,73.98,37.22,36.07,46.74,1008.86
824,74.07,37.22,36.06,46.75,1008.86
825,74.16,37.21,36.05,46.75,1008.87
826,74.25,37.20,36.05,46.75,1008.87
827,74.34,37.20,36.05,46.75,1008.87
828,74.43,37.20,36.04,46.75,1008.87
829,74.52,37.18,36.03,46.76,1008.87
830,74.61,37.17,36.02,46.76,1008.87
831,74.70,37.17,36.02,46.78,1008.86
832,74.79,37.16,36.01,46.77,1008.86
833,74.88,37.15,36.00,46.78,1008.87
834,74.97,37.15,36.00,46.75,1008.87
835,75.06,37.14,35.99,46.74,1008.87
836,75.15,37.13,36.00,46.75,1008.87
837,75.24,37.12,35.99,46.75,1008.87
838,75.33,37.12,35.98,46.77,1008.87
839,75.42,37.12,35.99,46.76,1008.87
840,75.51,37.11,35.97,46.78,1008.87
841,75.60,37.11,35.96,46.81,1008.87
842,75.69,37.10,35.96,46.85,1008.87
843,75.78,37.10,35.95,46.86,1008.87
844,75.87,37.08,35.95,46.87,1008.87
845,75.96,37.09,35.94,46.86,1008.87
846,76.05,37.08,35.93,46.88,1008.87
847,76.14,37.07,35.93,46.88,1008.87
848,76.23,37.07,35.92,46.90,1008.87
849,76.32,37.08,35.93,46.87,1008.87
850,76.41,37.06,35.93,46.88,1008.87
851,76.50,37.04,35.93,46.87,1008.87
852,76.59,37.05,35.92,46.87,1008.87
853,76.68,37.05,35.93,46.89,1008.87
854,76.77,37.05,35.92,46.88,1008.87
855,76.86,37.04,35.91,46.91,1008.87
856,76.95,37.03,35.90,46.89,1008.87
857,77.04,37.02,35.89,46.87,1008.87
858,77.13,37.01,35.89,46.82,1008.87
859,77.22,37.00,35.87,46.82,1008.88
860,77.31,37.00,35.87,46.80,1008.88
861,77.40,36.99,35.86,46.79,1008.88
862,77.49,36.99,35.87,46.81,1008.87
863,77.58,36.99,35.86,46.85,1008.88
864,77.67,36.97,35.87,46.84,1008.88
865,77.76,36.96,35.86,46.84,1008.88
866,77.85,36.95,35.86,46.81,1008.88
867,77.94,36.93,35.86,46.79,1008.88
868,78.03,36.92,35.85,46.81,1008.88
869,78.12,36.91,35.85,46.81,1008.88
870,78.21,36.91,35.84,46.82,1008.88
871,78.30,36.90,35.83,46.82,1008.88
872,78.39,36.90,35.82,46.83,1008.88
873,78.48,36.89,35.83,46.85,1008.87
874,78.57,36.88,35.82,46.82,1008.87
875,78.66,36.88,35.80,46.81,1008.87
876,78.75,36.87,35.79,46.82,1008.87
877,78.84,36.88,35.78,46.83,1008.87
878,78.93,36.86,35.76,46.86,1008.87
879,79.02,36.85,35.75,46.86,1008.87
880,79.11,36.83,35.75,46.86,1008.87
881,79.20,36.82,35.74,46.88,1008.87
882,79.29,36.82,35.73,46.87,1008.86
883,79.38,36.81,35.73,46.90,1008.87
884,79.47,36.81,35.71,46.92,1008.87
885,79.56,36.80,35.70,46.95,1008.87
886,79.65,36.80,35.69,46.94,1008.87
887,79.74,36.80,35.68,46.93,1008.86
888,79.83,36.79,35.69,46.93,1008.86
889,79.92,36.80,35.68,46.96,1008.86
890,80.01,36.78,35.67,46.98,1008.87
891,80.10,36.78,35.66,47.01,1008.87
892,80.19,36.76,35.65,47.01,1008.87
893,80.28,36.75,35.63,47.03,1008.87
894,80.37,36.75,35.63,47.01,1008.87
895,80.46,36.74,35.62,46.97,1008.87
896,80.55,36.74,35.61,47.02,1008.86
897,80.64,36.73,35.61,47.02,1008.87
898,80.73,36.71,35.60,47.03,1008.87
899,80.82,36.71,35.60,47.06,1008.87
900,80.91,36.70,35.60,47.05,1008.87
901,81.00,36.69,35.59,47.07,1008.87
902,81.09,36.69,35.59,47.04,1008.87
903,81.18,36.69,35.58,47.00,1008.88
904,81.27,36.68,35.58,47.03,1008.88
905,81.36,36.68,35.59,47.01,1008.88
906,81.45,36.66,35.59,47.01,1008.88
907,81.54,36.65,35.58,47.02,1008.88
908,81.63,36.64,35.58,47.06,1008.88
909,81.72,36.65,35.58,47.03,1008.89
910,81.81,36.64,35.58,47.05,1008.88
911,81.90,36.64,35.57,47.04,1008.89
912,81.99,36.63,35.56,47.06,1008.89
913,82.08,36.63,35.57,47.03,1008.89
914,82.17,36.63,35.56,47.05,1008.88
915,82.26,36.63,35.55,47.07,1008.89
916,82.35,36.63,35.52,47.08,1008.89
917,82.44,36.63,35.51,47.10,1008.89
918,82.53,36.62,35.52,47.09,1008.89
919,82.62,36.62,35.50,47.08,1008.89
920,82.71,36.61,35.49,47.10,1008.89
921,82.80,36.61,35.49,47.03,1008.89
922,82.89,36.60,35.49,47.05,1008.89
923,82.98,36.59,35.48,47.04,1008.89
924,83.07,36.58,35.49,47.09,1008.88
925,83.16,36.58,35.48,47.08,1008.89
926,83.25,36.58,35.47,47.09,1008.89
927,83.34,36.58,35.45,47.10,1008.89
928,83.43,36.57,35.44,47.10,1008.89
929,83.52,36.56,35.44,47.09,1008.90
930,83.61,36.55,35.44,47.07,1008.90
931,83.70,36.54,35.41,47.09,1008.90
932,83.79,36.53,35.40,47.07,1008.90
933,83.88,36.54,35.41,47.07,1008.90
934,83.97,36.54,35.40,47.09,1008.90
935,84.06,36.53,35.39,47.09,1008.90
936,84.15,36.53,35.40,47.07,1008.90
937,84.24,36.52,35.39,47.09,1008.90
938,84.33,36.51,35.39,47.10,1008.90
939,84.42,36.51,35.38,47.14,1008.91
940,84.51,36.49,35.38,47.12,1008.90
941,84.60,36.48,35.36,47.12,1008.90
942,84.69,36.47,35.36,47.17,1008.90
943,84.78,36.47,35.36,47.14,1008.90
944,84.87,36.46,35.35,47.13,1008.90
945,84.96,36.45,35.34,47.15,1008.90
946,85.05,36.44,35.33,47.12,1008.90
947,85.14,36.43,35.32,47.14,1008.90
948,85.23,36.42,35.31,47.17,1008.90
949,85.32,36.41,35.31,47.19,1008.90
950,85.41,36.40,35.31,47.19,1008.90
951,85.50,36.39,35.29,47.17,1008.89
952,85.59,36.39,35.28,47.23,1008.89
953,85.68,36.38,35.27,47.25,1008.89
954,85.77,36.37,35.27,47.26,1008.89
955,85.86,36.36,35.26,47.25,1008.89
956,85.95,36.36,35.26,47.28,1008.89
957,86.04,36.35,35.26,47.30,1008.89
958,86.13,36.35,35.25,47.30,1008.89
959,86.22,36.34,35.25,47.33,1008.89
960,86.31,36.34,35.23,47.33,1008.90
961,86.40,36.33,35.24,47.33,1008.90
962,86.49,36.33,35.23,47.33,1008.90
963,86.58,36.32,35.23,47.35,1008.90
964,86.67,36.32,35.23,47.34,1008.89
965,86.76,36.32,35.22,47.32,1008.89
966,86.85,36.31,35.21,47.35,1008.89
967,86.94,36.30,35.22,47.33,1008.90
968,87.03,36.30,35.21,47.32,1008.90
969,87.12,36.30,35.20,47.33,1008.90
970,87.21,36.29,35.22,47.36,1008.89
971,87.30,36.28,35.22,47.35,1008.90
972,87.39,36.27,35.21,47.34,1008.89
973,87.48,36.27,35.21,47.31,1008.89
974,87.57,36.25,35.20,47.30,1008.89
975,87.66,36.25,35.19,47.32,1008.89
976,87.75,36.25,35.19,47.31,1008.89
977,87.84,36.25,35.18,47.33,1008.89
978,87.93,36.25,35.18,47.32,1008.89
979,88.02,36.24,35.17,47.33,1008.89
980,88.11,36.23,35.18,47.32,1008.89
981,88.20,36.22,35.18,47.33,1008.89
982,88.29,36.21,35.18,47.34,1008.90
983,88.38,36.21,35.16,47.37,1008.89
984,88.47,36.19,35.16,47.38,1008.89
985,88.56,36.18,35.15,47.42,1008.89
986,88.65,36.17,35.14,47.42,1008.90
987,88.74,36.17,35.13,47.45,1008.89
988,88.83,36.16,35.12,47.46,1008.89
989,88.92,36.17,35.11,47.47,1008.89
990,89.01,36.16,35.09,47.45,1008.89
991,89.10,36.15,35.07,47.46,1008.89
992,89.19,36.14,35.07,47.45,1008.89
993,89.28,36.13,35.05,47.42,1008.89
994,89.37,36.12,35.04,47.43,1008.89
995,89.46,36.12,35.05,47.39,1008.89
996,89.55,36.12,35.03,47.38,1008.89
997,89.64,36.12,35.03,47.36,1008.89
998,89.73,36.10,35.03,47.37,1008.89
999,89.82,36.09,35.02,47.38,1008.89
1000,89.91,36.08,35.01,47.35,1008.89
1001,90.00,36.08,35.00,47.32,1008.89
1002,90.09,36.08,34.99,47.31,1008.90
1003,90.18,36.08,34.98,47.32,1008.89
1004,90.27,36.07,34.96,47.36,1008.89
1005,90.36,36.07,34.96,47.34,1008.89
1006,90.45,36.05,34.95,47.33,1008.89
1007,90.54,36.04,34.95,47.34,1008.89
1008,90.63,36.03,34.94,47.34,1008.89
1009,90.72,36.03,34.94,47.33,1008.89
1010,90.81,36.02,34.93,47.37,1008.89
1011,90.90,36.02,34.94,47.37,1008.89
1012,90.99,36.02,34.92,47.38,1008.89
1013,91.08,36.01,34.94,47.35,1008.89
1014,91.17,35.99,34.93,47.39,1008.89
1015,91.26,35.99,34.93,47.42,1008.90
1016,91.35,35.99,34.92,47.41,1008.90
1017,91.44,35.99,34.91,47.42,1008.90
1018,91.53,35.98,34.90,47.44,1008.90
1019,91.62,35.98,34.89,47.45,1008.90
1020,91.71,35.98,34.89,47.45,1008.90
1021,91.80,35.97,34.88,47.46,1008.90
1022,91.89,35.96,34.87,47.46,1008.89
1023,91.98,35.95,34.87,47.46,1008.90
1024,92.07,35.95,34.87,47.46,1008.90
1025,92.16,35.94,34.87,47.43,1008.90
1026,92.25,35.94,34.87,47.43,1008.90
1027,92.34,35.92,34.86,47.46,1008.90
1028,92.43,35.92,34.87,47.45,1008.90
1029,92.52,35.90,34.86,47.40,1008.90
1030,92.61,35.90,34.86,47.39,1008.90
1031,92.70,35.90,34.84,47.40,1008.90
1032,92.79,35.89,34.84,47.39,1008.90
1033,92.88,35.87,34.84,47.39,1008.90
1034,92.97,35.86,34.84,47.38,1008.90
1035,93.06,35.86,34.83,47.37,1008.90
1036,93.15,35.86,34.83,47.37,1008.90
1037,93.24,35.85,34.83,47.37,1008.90
1038,93.33,35.84,34.82,47.36,1008.89
1039,93.42,35.84,34.81,47.36,1008.89
1040,93.51,35.83,34.81,47.32,1008.89
1041,93.60,35.83,34.80,47.32,1008.89
1042,93.69,35.82,34.79,47.36,1008.89
1043,93.78,35.81,34.79,47.32,1008.89
1044,93.87,35.81,34.78,47.30,1008.89
1045,93.96,35.80,34.78,47.33,1008.89
1046,94.05,35.80,34.79,47.32,1008.89
1047,94.14,35.79,34.78,47.35,1008.89
1048,94.23,35.78,34.77,47.34,1008.89
1049,94.32,35.77,34.76,47.34,1008.89
1050,94.41,35.76,34.75,47.34,1008.88
1051,94.50,35.75,34.74,47.32,1008.88
1052,94.59,35.75,34.74,47.32,1008.89
1053,94.68,35.74,34.74,47.32,1008.88
1054,94.77,35.73,34.74,47.36,1008.88
1055,94.86,35.73,34.74,47.36,1008.88
1056,94.95,35.72,34.74,47.39,1008.88
1057,95.04,35.71,34.74,47.40,1008.88
1058,95.13,35.71,34.71,47.40,1008.88
1059,95.22,35.70,34.70,47.39,1008.88
1060,95.31,35.70,34.70,47.38,1008.88
1061,95.40,35.70,34.69,47.39,1008.88
1062,95.49,35.70,34.68,47.40,1008.88
1063,95.58,35.68,34.67,47.41,1008.89
1064,95.67,35.68,34.65,47.41,1008.88
1065,95.76,35.68,34.66,47.38,1008.88
1066,95.85,35.67,34.65,47.39,1008.88
1067,95.94,35.67,34.65,47.39,1008.87
1068,96.03,35.67,34.63,47.39,1008.87
1069,96.12,35.67,34.64,47.39,1008.87
1070,96.21,35.65,34.62,47.38,1008.87
1071,96.30,35.64,34.61,47.38,1008.87
1072,96.39,35.63,34.61,47.36,1008.87
1073,96.48,35.63,34.60,47.34,1008.87
1074,96.57,35.62,34.58,47.36,1008.87
1075,96.66,35.63,34.57,47.40,1008.87
1076,96.75,35.62,34.57,47.41,1008.87
1077,96.84,35.61,34.55,47.40,1008.87
1078,96.93,35.60,34.56,47.43,1008.87
1079,97.02,35.58,34.56,47.44,1008.86
1080,97.11,35.57,34.56,47.45,1008.87
1081,97.20,35.57,34.57,47.47,1008.86
1082,97.29,35.56,34.55,47.49,1008.86
1083,97.38,35.56,34.55,47.52,1008.86
1084,97.47,35.56,34.54,47.52,1008.86
1085,97.56,35.56,34.54,47.51,1008.86
1086,97.65,35.56,34.53,47.52,1008.86
1087,97.74,35.55,34.51,47.51,1008.86
1088,97.83,35.55,34.52,47.50,1008.86
1089,97.92,35.55,34.52,47.49,1008.86
1090,98.01,35.54,34.52,47.50,1008.85
1091,98.10,35.54,34.51,47.49,1008.85
1092,98.19,35.52,34.52,47.49,1008.85
1093,98.28,35.52,34.52,47.50,1008.85
1094,98.37,35.51,34.52,47.47,1008.85
1095,98.46,35.50,34.52,47.47,1008.85
1096,98.55,35.49,34.51,47.48,1008.85
1097,98.64,35.49,34.50,47.47,1008.86
1098,98.73,35.48,34.50,47.46,1008.86
1099,98.82,35.48,34.50,47.51,1008.86
1100,98.91,35.48,34.50,47.53,1008.86
1101,99.00,35.47,34.49,47.51,1008.86
1102,99.09,35.46,34.48,47.51,1008.86
1103,99.18,35.46,34.48,47.52,1008.87
1104,99.27,35.46,34.49,47.51,1008.87
1105,99.36,35.45,34.48,47.53,1008.87
1106,99.45,35.45,34.47,47.53,1008.87
1107,99.54,35.44,34.47,47.55,1008.87
1108,99.63,35.44,34.46,47.56,1008.88
1109,99.72,35.44,34.44,47.53,1008.88
1110,99.81,35.43,34.43,47.52,1008.88
1111,99.90,35.42,34.42,47.54,1008.88
1112,99.99,35.42,34.42,47.59,1008.88
1113,100.08,35.42,34.41,47.60,1008.88
1114,100.17,35.41,34.40,47.59,1008.88
1115,100.26,35.40,34.40,47.58,1008.88
1116,100.35,35.38,34.39,47.58,1008.88
1117,100.44,35.37,34.39,47.55,1008.88
1118,100.53,35.38,34.38,47.57,1008.89
1119,100.62,35.37,34.39,47.53,1008.89
1120,100.71,35.36,34.38,47.54,1008.89
1121,100.80,35.35,34.38,47.54,1008.88
1122,100.89,35.34,34.38,47.53,1008.88
1123,100.98,35.35,34.37,47.55,1008.88
1124,101.07,35.34,34.36,47.57,1008.88
1125,101.16,35.35,34.35,47.56,1008.88
1126,101.25,35.35,34.34,47.57,1008.88
1127,101.34,35.34,34.34,47.56,1008.88
1128,101.43,35.34,34.34,47.53,1008.88
1129,101.52,35.33,34.32,47.54,1008.88
1130,101.61,35.33,34.31,47.54,1008.88
1131,101.70,35.31,34.30,47.55,1008.88
1132,101.79,35.30,34.30,47.57,1008.88
1133,101.88,35.30,34.28,47.59,1008.88
1134,101.97,35.29,34.26,47.61,1008.88
1135,102.06,35.29,34.26,47.61,1008.88
1136,102.15,35.28,34.26,47.62,1008.87
1137,102.24,35.27,34.26,47.63,1008.87
1138,102.33,35.27,34.25,47.63,1008.87
1139,102.42,35.26,34.25,47.63,1008.87
1140,102.51,35.26,34.25,47.61,1008.87
1141,102.60,35.25,34.24,47.59,1008.87
1142,102.69,35.24,34.23,47.59,1008.87
1143,102.78,35.23,34.21,47.59,1008.87
1144,102.87,35.23,34.20,47.58,1008.87
1145,102.96,35.22,34.21,47.56,1008.87
1146,103.05,35.22,34.21,47.58,1008.87
1147,103.14,35.20,34.22,47.61,1008.87
1148,103.23,35.19,34.21,47.61,1008.86
1149,103.32,35.19,34.21,47.61,1008.86
1150,103.41,35.18,34.20,47.59,1008.86
1151,103.50,35.18,34.20,47.63,1008.85
1152,103.59,35.16,34.19,47.61,1008.85
1153,103.68,35.16,34.19,47.60,1008.85
1154,103.77,35.16,34.19,47.61,1008.85
1155,103.86,35.14,34.18,47.60,1008.85
1156,103.95,35.14,34.18,47.61,1008.85
1157,104.04,35.14,34.18,47.60,1008.85
1158,104.13,35.13,34.19,47.59,1008.85
1159,104.22,35.13,34.19,47.59,1008.85
1160,104.31,35.13,34.18,47.58,1008.85
1161,104.40,35.12,34.18,47.54,1008.85
1162,104.49,35.11,34.16,47.54,1008.85
1163,104.58,35.11,34.17,47.49,1008.85
1164,104.67,35.11,34.16,47.88,1008.85
1165,104.76,35.11,34.15,47.49,1008.85
1166,104.85,35.11,34.15,47.48,1008.85
1167,104.94,35.10,34.14,47.48,1008.86
1168,105.03,35.11,34.14,47.47,1008.85
1169,105.12,35.11,34.15,47.48,1008.85
1170,105.21,35.10,34.16,47.47,1008.85
1171,105.30,35.10,34.17,47.46,1008.85
1172,105.39,35.09,34.18,47.46,1008.85
1173,105.48,35.08,34.21,47.46,1008.85
1174,105.57,35.08,34.21,47.50,1008.85
1175,105.66,35.07,34.19,47.47,1008.85
1176,105.75,35.07,34.18,47.50,1008.85
1177,105.84,35.06,34.19,47.49,1008.85
1178,105.93,35.06,34.17,47.49,1008.86
1179,106.02,35.05,34.15,47.49,1008.86
1180,106.11,35.04,34.12,47.48,1008.86
1181,106.20,35.03,34.09,47.45,1008.86
1182,106.29,35.03,34.08,47.44,1008.87
1183,106.38,35.02,34.06,47.49,1008.87
1184,106.47,35.01,34.04,47.50,1008.87
1185,106.56,35.00,34.03,47.55,1008.87
1186,106.65,35.00,34.01,47.55,1008.87
1187,106.74,34.99,34.01,47.59,1008.88
1188,106.83,34.99,33.99,47.62,1008.88
1189,106.92,34.99,33.99,47.59,1008.88
1190,107.01,34.98,33.99,47.63,1008.88
1191,107.10,34.98,33.97,47.63,1008.88
1192,107.19,34.97,33.98,47.64,1008.88
1193,107.28,34.96,33.98,47.65,1008.88
1194,107.37,34.95,33.98,47.63,1008.88
1195,107.46,34.95,33.98,47.62,1008.89
1196,107.55,34.95,33.96,47.61,1008.89
1197,107.64,34.94,33.95,47.63,1008.89
1198,107.73,34.94,33.94,47.64,1008.89
1199,107.82,34.93,33.94,47.65,1008.89
1200,107.91,34.93,33.94,47.62,1008.89
1201,108.00,34.92,33.93,47.59,1008.89
1202,108.09,34.90,33.93,47.59,1008.89
1203,108.18,34.90,33.92,47.61,1008.89
1204,108.27,34.89,33.93,47.62,1008.89
1205,108.36,34.89,33.92,47.61,1008.89
1206,108.45,34.89,33.92,47.63,1008.89
1207,108.54,34.89,33.91,47.64,1008.89
1208,108.63,34.90,33.90,47.68,1008.89
1209,108.72,34.89,33.89,47.70,1008.89
1210,108.81,34.89,33.90,47.72,1008.89
1211,108.90,34.88,33.90,47.69,1008.89
1212,108.99,34.87,33.89,47.69,1008.89
1213,109.08,34.87,33.90,47.68,1008.89
1214,109.17,34.86,33.89,47.67,1008.89
1215,109.26,34.86,33.89,47.66,1008.89
1216,109.35,34.85,33.89,47.71,1008.89
1217,109.44,34.85,33.89,47.71,1008.89
1218,109.53,34.84,33.89,47.68,1008.89
1219,109.62,34.84,33.88,47.69,1008.90
1220,109.71,34.85,33.87,47.72,1008.90
1221,109.80,34.84,33.87,47.71,1008.90
1222,109.89,34.84,33.86,47.73,1008.89
1223,109.98,34.83,33.84,47.71,1008.89
1224,110.07,34.82,33.83,47.70,1008.89
1225,110.16,34.83,33.83,47.73,1008.89
1226,110.25,34.83,33.82,47.72,1008.89
1227,110.34,34.82,33.82,47.69,1008.89
1228,110.43,34.81,33.82,47.67,1008.89
1229,110.52,34.81,33.82,47.66,1008.88
1230,110.61,34.79,33.82,47.68,1008.88
1231,110.70,34.78,33.82,47.70,1008.88
1232,110.79,34.78,33.81,47.70,1008.88
1233,110.88,34.78,33.79,47.67,1008.88
1234,110.97,34.77,33.79,47.62,1008.87
1235,111.06,34.76,33.79,47.60,1008.87
1236,111.15,34.75,33.79,47.60,1008.87
1237,111.24,34.75,33.79,47.60,1008.87
1238,111.33,34.74,33.78,47.60,1008.87
1239,111.42,34.73,33.78,47.60,1008.87
1240,111.51,34.72,33.78,47.59,1008.87
1241,111.60,34.72,33.77,47.56,1008.87
1242,111.69,34.71,33.77,47.58,1008.87
1243,111.78,34.71,33.77,47.56,1008.87
1244,111.87,34.70,33.75,47.51,1008.87
1245,111.96,34.69,33.75,47.53,1008.87
1246,112.05,34.68,33.74,47.53,1008.87
1247,112.14,34.67,33.73,47.50,1008.87
1248,112.23,34.66,33.72,47.47,1008.87
1249,112.32,34.65,33.71,47.46,1008.87
1250,112.41,34.64,33.71,47.47,1008.87
1251,112.50,34.64,33.70,47.47,1008.87
1252,112.59,34.63,33.69,47.47,1008.87
1253,112.68,34.62,33.69,47.48,1008.87
1254,112.77,34.61,33.69,47.48,1008.87
1255,112.86,34.61,33.69,47.49,1008.87
1256,112.95,34.60,33.69,47.50,1008.88
1257,113.04,34.60,33.68,47.50,1008.88
1258,113.13,34.59,33.67,47.50,1008.88
1259,113.22,34.59,33.66,47.52,1008.89
1260,113.31,34.58,33.65,47.54,1008.89
1261,113.40,34.57,33.66,47.51,1008.89
1262,113.49,34.57,33.62,47.52,1008.89
1263,113.58,34.56,33.61,47.52,1008.89
1264,113.67,34.57,33.61,47.49,1008.89
1265,113.76,34.56,33.61,47.48,1008.89
1266,113.85,34.56,33.62,47.50,1008.89
1267,113.94,34.56,33.62,47.54,1008.90
1268,114.03,34.56,33.63,47.52,1008.90
1269,114.12,34.55,33.64,47.55,1008.90
1270,114.21,34.53,33.62,47.54,1008.90
1271,114.30,34.53,33.61,47.57,1008.91
1272,114.39,34.52,33.62,47.60,1008.91
1273,114.48,34.51,33.61,47.61,1008.91
1274,114.57,34.52,33.59,47.63,1008.91
1275,114.66,34.51,33.60,47.62,1008.91
1276,114.75,34.50,33.60,47.61,1008.91
1277,114.84,34.49,33.60,47.65,1008.91
1278,114.93,34.48,33.60,47.68,1008.91
1279,115.02,34.47,33.61,47.69,1008.92
1280,115.11,34.47,33.62,47.68,1008.92
1281,115.20,34.47,33.61,47.66,1008.92
1282,115.29,34.47,33.60,47.66,1008.92
1283,115.38,34.45,33.60,47.65,1008.91
1284,115.47,34.44,33.59,47.63,1008.92
1285,115.56,34.44,33.59,47.65,1008.92
1286,115.65,34.43,33.58,47.66,1008.92
1287,115.74,34.44,33.57,47.66,1008.92
1288,115.83,34.43,33.56,47.67,1008.92
1289,115.92,34.43,33.56,47.64,1008.92
1290,116.01,34.42,33.56,47.66,1008.92
1291,116.10,34.41,33.54,47.66,1008.92
1292,116.19,34.40,33.53,47.66,1008.92
1293,116.28,34.40,33.51,47.63,1008.92
1294,116.37,34.40,33.50,47.62,1008.92
1295,116.46,34.38,33.48,47.65,1008.92
1296,116.55,34.37,33.48,47.62,1008.92
1297,116.64,34.36,33.48,47.60,1008.92
1298,116.73,34.35,33.48,47.57,1008.91
1299,116.82,34.34,33.47,47.55,1008.91
1300,116.91,34.34,33.46,47.55,1008.91
1301,117.00,34.33,33.47,47.50,1008.91
1302,117.09,34.33,33.46,47.50,1008.91
1303,117.18,34.33,33.46,47.49,1008.90
1304,117.27,34.33,33.44,47.46,1008.90
1305,117.36,34.32,33.43,47.45,1008.91
1306,117.45,34.33,33.42,47.46,1008.90
1307,117.54,34.32,33.40,47.44,1008.90
1308,117.63,34.31,33.40,47.44,1008.90
1309,117.72,34.31,33.40,47.44,1008.90
1310,117.81,34.30,33.40,47.43,1008.90
1311,117.90,34.30,33.38,47.42,1008.90
1312,117.99,34.29,33.37,47.44,1008.89
1313,118.08,34.28,33.36,47.43,1008.89
1314,118.17,34.28,33.36,47.47,1008.89
1315,118.26,34.28,33.36,47.45,1008.89
1316,118.35,34.27,33.35,47.48,1008.89
1317,118.44,34.28,33.35,47.47,1008.89
1318,118.53,34.27,33.34,47.46,1008.89
1319,118.62,34.27,33.34,47.44,1008.89
1320,118.71,34.25,33.33,47.47,1008.89
1321,118.80,34.25,33.34,47.49,1008.88
1322,118.89,34.25,33.34,47.52,1008.88
1323,118.98,34.25,33.33,47.55,1008.88
1324,119.07,34.24,33.32,47.51,1008.88
1325,119.16,34.24,33.32,47.51,1008.88
1326,119.25,34.23,33.32,47.48,1008.88
1327,119.34,34.23,33.32,47.45,1008.88
1328,119.43,34.23,33.31,47.44,1008.87
1329,119.52,34.23,33.32,47.46,1008.87
1330,119.61,34.22,33.32,47.46,1008.87
1331,119.70,34.21,33.32,47.50,1008.87
1332,119.79,34.20,33.31,47.53,1008.87
1333,119.88,34.19,33.32,47.50,1008.87
1334,119.97,34.19,33.32,47.48,1008.87
1335,120.06,34.19,33.32,47.49,1008.88
1336,120.15,34.19,33.32,47.52,1008.88
1337,120.24,34.20,33.32,47.52,1008.88
1338,120.33,34.19,33.31,47.55,1008.88
1339,120.42,34.19,33.31,47.53,1008.88
1340,120.51,34.19,33.30,47.54,1008.88
1341,120.60,34.19,33.30,47.52,1008.88
1342,120.69,34.19,33.29,47.55,1008.88
1343,120.78,34.18,33.29,47.57,1008.89
1344,120.87,34.18,33.28,47.56,1008.89
1345,120.96,34.18,33.27,47.58,1008.89
1346,121.05,34.17,33.27,47.57,1008.89
1347,121.14,34.18,33.27,47.59,1008.89
1348,121.23,34.19,33.26,47.55,1008.89
1349,121.32,34.18,33.24,47.53,1008.90
1350,121.41,34.18,33.22,47.53,1008.90
1351,121.50,34.18,33.22,47.53,1008.90
1352,121.59,34.17,33.22,47.52,1008.90
1353,121.68,34.17,33.23,47.49,1008.90
1354,121.77,34.17,33.23,47.49,1008.90
1355,121.86,34.17,33.21,47.51,1008.91
1356,121.95,34.16,33.20,47.52,1008.91
1357,122.04,34.15,33.20,47.52,1008.91
1358,122.13,34.15,33.19,47.54,1008.91
1359,122.22,34.14,33.19,47.54,1008.91
1360,122.31,34.13,33.18,47.51,1008.91
1361,122.40,34.12,33.16,47.55,1008.92
1362,122.49,34.11,33.16,47.52,1008.92
1363,122.58,34.10,33.16,47.52,1008.92
1364,122.67,34.09,33.15,47.51,1008.92
1365,122.76,34.08,33.14,47.49,1008.93
1366,122.85,34.08,33.13,47.50,1008.93
1367,122.94,34.08,33.12,47.49,1008.93
1368,123.03,34.07,33.12,47.50,1008.93
1369,123.12,34.06,33.10,47.49,1008.93
1370,123.21,34.06,33.10,47.53,1008.93
1371,123.30,34.05,33.11,47.49,1008.92
1372,123.39,34.05,33.11,47.49,1008.93
1373,123.48,34.05,33.10,47.49,1008.92
1374,123.57,34.03,33.09,47.50,1008.92
1375,123.66,34.03,33.08,47.52,1008.92
1376,123.75,34.02,33.08,47.49,1008.91
1377,123.84,34.03,33.08,47.49,1008.91
1378,123.93,34.02,33.09,47.50,1008.90
1379,124.02,34.02,33.07,47.49,1008.90
1380,124.11,34.01,33.07,47.49,1008.90
1381,124.20,34.01,33.07,47.46,1008.89
1382,124.29,34.00,33.08,47.46,1008.89
1383,124.38,33.99,33.08,47.49,1008.89
1384,124.47,33.99,33.07,47.50,1008.89
1385,124.56,33.98,33.07,47.49,1008.89
1386,124.65,33.98,33.07,47.48,1008.89
1387,124.74,33.97,33.06,47.51,1008.88
1388,124.83,33.96,33.06,47.50,1008.89
1389,124.92,33.95,33.05,47.50,1008.89
1390,125.01,33.95,33.05,47.51,1008.89
1391,125.10,33.95,33.03,47.51,1008.88
1392,125.19,33.95,33.02,47.53,1008.88
1393,125.28,33.95,33.02,47.52,1008.88
1394,125.37,33.94,33.03,47.50,1008.88
1395,125.46,33.94,33.02,47.50,1008.88
1396,125.55,33.93,33.02,47.49,1008.88
1397,125.64,33.92,33.02,47.50,1008.88
1398,125.73,33.91,33.03,47.48,1008.87
1399,125.82,33.91,33.03,47.49,1008.87
1400,125.91,33.91,33.03,47.52,1008.87
1401,126.00,33.90,33.01,47.52,1008.87
1402,126.09,33.90,33.01,47.50,1008.88
1403,126.18,33.89,33.01,47.54,1008.87
1404,126.27,33.89,32.99,47.53,1008.87
1405,126.36,33.88,33.00,47.55,1008.86
1406,126.45,33.89,33.01,47.57,1008.86
1407,126.54,33.88,32.99,47.57,1008.86
1408,126.63,33.88,33.00,47.58,1008.86
1409,126.72,33.88,33.00,47.58,1008.86
1410,126.81,33.87,32.99,47.56,1008.85
1411,126.90,33.87,32.98,47.56,1008.85
1412,126.99,33.86,32.97,47.56,1008.86
1413,127.08,33.85,32.98,47.55,1008.85
1414,127.17,33.84,32.98,47.56,1008.85
1415,127.26,33.84,32.98,47.58,1008.85
1416,127.35,33.83,32.98,47.54,1008.86
1417,127.44,33.83,32.98,47.51,1008.86
1418,127.53,33.82,32.98,47.51,1008.85
1419,127.62,33.81,32.98,47.50,1008.86
1420,127.71,33.81,32.97,47.49,1008.85
1421,127.80,33.80,32.95,47.51,1008.86
1422,127.89,33.79,32.94,47.50,1008.86
1423,127.98,33.78,32.94,47.45,1008.86
1424,128.07,33.78,32.94,47.45,1008.86
1425,128.16,33.77,32.93,47.44,1008.86
1426,128.25,33.77,32.92,47.43,1008.86
1427,128.34,33.77,32.91,47.44,1008.86
1428,128.43,33.77,32.90,47.47,1008.86
1429,128.52,33.76,32.90,47.49,1008.86
1430,128.61,33.75,32.88,47.46,1008.86
1431,128.70,33.75,32.88,47.45,1008.86
1432,128.79,33.76,32.87,47.44,1008.87
1433,128.88,33.75,32.86,47.45,1008.87
1434,128.97,33.74,32.86,47.48,1008.87
1435,129.06,33.74,32.85,47.46,1008.87
1436,129.15,33.73,32.83,47.46,1008.87
1437,129.24,33.72,32.83,47.47,1008.87
1438,129.33,33.72,32.84,47.46,1008.87
1439,129.42,33.71,32.83,47.45,1008.87
1440,129.51,33.71,32.82,47.42,1008.88
1441,129.60,33.71,32.81,47.44,1008.88
1442,129.69,33.70,32.80,47.47,1008.88
1443,129.78,33.69,32.80,47.47,1008.88
1444,129.87,33.69,32.78,47.49,1008.87
1445,129.96,33.68,32.78,47.50,1008.88
1446,130.05,33.67,32.77,47.47,1008.88
1447,130.14,33.68,32.77,47.43,1008.88
1448,130.23,33.67,32.76,47.45,1008.88
1449,130.32,33.68,32.76,47.45,1008.88
1450,130.41,33.67,32.76,47.43,1008.88
1451,130.50,33.67,32.76,47.44,1008.88
1452,130.59,33.66,32.76,47.42,1008.88
1453,130.68,33.67,32.77,47.38,1008.88
1454,130.77,33.66,32.77,47.44,1008.88
1455,130.86,33.65,32.76,47.45,1008.88
1456,130.95,33.66,32.77,47.46,1008.88
1457,131.04,33.65,32.76,47.47,1008.87
1458,131.13,33.65,32.75,47.46,1008.87
1459,131.22,33.63,32.75,47.47,1008.87
1460,131.31,33.63,32.75,47.46,1008.87
1461,131.40,33.62,32.75,47.44,1008.87
1462,131.49,33.62,32.75,47.41,1008.87
1463,131.58,33.61,32.75,47.43,1008.87
1464,131.67,33.61,32.76,47.47,1008.87
1465,131.76,33.60,32.75,47.51,1008.86
1466,131.85,33.59,32.75,47.48,1008.86
1467,131.94,33.59,32.74,47.46,1008.86
1468,132.03,33.58,32.74,47.47,1008.86
1469,132.12,33.58,33.04,47.49,1008.86
1470,132.21,33.58,32.73,47.45,1008.86
1471,132.30,33.58,32.71,47.45,1008.86
1472,132.39,33.57,32.71,47.45,1008.86
1473,132.48,33.57,32.71,47.44,1008.86
1474,132.57,33.56,32.71,47.45,1008.86
1475,132.66,33.57,32.70,47.43,1008.86
1476,132.75,33.55,32.69,47.40,1008.86
1477,132.84,33.55,32.70,47.42,1008.86
1478,132.93,33.55,32.70,47.41,1008.85
1479,133.02,33.54,32.69,47.41,1008.85
1480,133.11,33.54,32.68,47.40,1008.85
1481,133.20,33.54,32.67,47.39,1008.85
1482,133.29,33.53,32.67,47.38,1008.86
1483,133.38,33.53,32.66,47.39,1008.85
1484,133.47,33.53,32.67,47.39,1008.86
1485,133.56,33.54,32.67,47.37,1008.86
1486,133.65,33.53,32.67,47.38,1008.86
1487,133.74,33.52,32.66,47.35,1008.86
1488,133.83,33.52,32.66,47.37,1008.86
1489,133.92,33.51,32.66,47.38,1008.86
1490,134.01,33.51,32.66,47.38,1008.86
1491,134.10,33.50,32.65,47.38,1008.86
1492,134.19,33.50,32.65,47.35,1008.86
1493,134.28,33.50,32.65,47.36,1008.85
1494,134.37,33.48,32.64,47.37,1008.85
1495,134.46,33.48,32.64,47.41,1008.85
1496,134.55,33.48,32.64,47.39,1008.86
1497,134.64,33.47,32.62,47.36,1008.87
1498,134.73,33.47,32.63,47.37,1008.87
1499,134.82,33.46,32.61,47.37,1008.86
1500,134.91,33.45,32.59,47.37,1008.86
1501,135.00,33.45,32.60,47.38,1008.86
1502,135.09,33.45,32.59,47.38,1008.86
1503,135.18,33.46,32.57,47.34,1008.87
1504,135.27,33.45,32.56,47.31,1008.86
1505,135.36,33.45,32.55,47.28,1008.87
1506,135.45,33.44,32.54,47.32,1008.87
1507,135.54,33.42,32.54,47.34,1008.87
1508,135.63,33.42,32.54,47.34,1008.87
1509,135.72,33.42,32.53,47.32,1008.87
1510,135.81,33.42,32.53,47.28,1008.87
1511,135.90,33.43,32.53,47.31,1008.87
1512,135.99,33.43,32.54,47.31,1008.87
1513,136.08,33.41,32.53,47.34,1008.87
1514,136.17,33.40,32.52,47.33,1008.87
1515,136.26,33.40,32.52,47.31,1008.87
1516,136.35,33.40,32.51,47.30,1008.88
1517,136.44,33.39,32.50,47.35,1008.88
1518,136.53,33.38,32.50,47.36,1008.88
1519,136.62,33.37,32.49,47.35,1008.88
1520,136.71,33.36,32.48,47.36,1008.88
1521,136.80,33.35,32.49,47.29,1008.88
1522,136.89,33.34,32.48,47.27,1008.88
1523,136.98,33.33,32.49,47.29,1008.88
1524,137.07,33.34,32.48,47.30,1008.88
1525,137.16,33.33,32.49,47.31,1008.89
1526,137.25,33.32,32.48,47.31,1008.88
1527,137.34,33.31,32.47,47.34,1008.88
1528,137.43,33.31,32.48,47.33,1008.88
1529,137.52,33.30,32.47,47.37,1008.88
1530,137.61,33.30,32.46,47.39,1008.88
1531,137.70,33.30,32.47,47.38,1008.88
1532,137.79,33.28,32.47,47.37,1008.88
1533,137.88,33.27,32.46,47.37,1008.88
1534,137.97,33.27,32.46,47.37,1008.88
1535,138.06,33.26,32.46,47.39,1008.88
1536,138.15,33.26,32.46,47.41,1008.88
1537,138.24,33.26,32.45,47.42,1008.88
1538,138.33,33.27,32.45,47.40,1008.88
1539,138.42,33.26,32.44,47.39,1008.88
1540,138.51,33.25,32.42,47.39,1008.87
1541,138.60,33.24,32.42,47.37,1008.88
1542,138.69,33.24,32.42,47.34,1008.88
1543,138.78,33.23,32.41,47.33,1008.87
1544,138.87,33.23,32.40,47.34,1008.88
1545,138.96,33.23,32.41,47.33,1008.88
1546,139.05,33.23,32.40,47.34,1008.88
1547,139.14,33.23,32.38,47.33,1008.88
1548,139.23,33.22,32.38,47.32,1008.88
1549,139.32,33.21,32.38,47.36,1008.88
1550,139.41,33.21,32.37,47.35,1008.89
1551,139.50,33.19,32.37,47.36,1008.89
1552,139.59,33.19,32.36,47.36,1008.89
1553,139.68,33.18,32.37,47.37,1008.89
1554,139.77,33.18,32.36,47.38,1008.89
1555,139.86,33.17,32.36,47.37,1008.89
1556,139.95,33.16,32.36,47.35,1008.89
1557,140.04,33.16,32.36,47.33,1008.89
1558,140.13,33.15,32.35,47.33,1008.89
1559,140.22,33.15,32.35,47.31,1008.89
1560,140.31,33.14,32.35,47.31,1008.88
1561,140.40,33.13,32.34,47.31,1008.88
1562,140.49,33.13,32.33,47.30,1008.88
1563,140.58,33.13,32.31,47.29,1008.88
1564,140.67,33.13,32.32,47.29,1008.88
1565,140.76,33.13,32.30,47.29,1008.88
1566,140.85,33.12,32.30,47.28,1008.88
1567,140.94,33.11,32.29,47.29,1008.88
1568,141.03,33.11,32.29,47.32,1008.88
1569,141.12,33.10,32.29,47.30,1008.88
1570,141.21,33.10,32.28,47.30,1008.88
1571,141.30,33.11,32.29,47.34,1008.88
1572,141.39,33.10,32.29,47.33,1008.88
1573,141.48,33.09,32.29,47.32,1008.88
1574,141.57,33.09,32.29,47.32,1008.88
1575,141.66,33.10,32.28,47.29,1008.88
1576,141.75,33.09,32.29,47.30,1008.88
1577,141.84,33.08,32.28,47.29,1008.87
1578,141.93,33.08,32.28,47.28,1008.88
1579,142.02,33.08,32.28,47.29,1008.88
1580,142.11,33.08,32.28,47.26,1008.88
1581,142.20,33.08,32.27,47.27,1008.88
1582,142.29,33.07,32.27,47.27,1008.89
1583,142.38,33.07,32.27,47.26,1008.89
1584,142.47,33.06,32.26,47.26,1008.89
1585,142.56,33.06,32.26,47.26,1008.89
1586,142.65,33.05,32.26,47.27,1008.88
1587,142.74,33.04,32.25,47.27,1008.88
1588,142.83,33.05,32.26,47.29,1008.89
1589,142.92,33.04,32.25,47.30,1008.89
1590,143.01,33.03,32.25,47.31,1008.89
1591,143.10,33.03,32.24,47.31,1008.89
1592,143.19,33.03,32.24,47.29,1008.89
1593,143.28,33.02,32.24,47.31,1008.88
1594,143.37,33.02,32.24,47.31,1008.89
1595,143.46,33.02,32.23,47.29,1008.89
1596,143.55,33.03,32.22,47.29,1008.89
1597,143.64,33.02,32.21,47.33,1008.89
1598,143.73,33.02,32.21,47.33,1008.89
1599,143.82,33.02,32.20,47.32,1008.89
1600,143.91,33.02,32.20,47.30,1008.89
1601,144.00,33.02,32.20,47.29,1008.89
1602,144.09,33.02,32.19,47.29,1008.89
1603,144.18,33.02,32.17,47.31,1008.89
1604,144.27,33.01,32.18,47.32,1008.89
1605,144.36,33.00,32.18,47.30,1008.89
1606,144.45,32.99,32.17,47.30,1008.89
1607,144.54,32.99,32.17,47.30,1008.90
1608,144.63,33.00,32.15,47.28,1008.89
1609,144.72,33.00,32.12,47.28,1008.90
1610,144.81,32.99,32.13,47.28,1008.90
1611,144.90,32.98,32.13,47.30,1008.91
1612,144.99,32.98,32.14,47.29,1008.91
1613,145.08,32.97,32.14,47.31,1008.91
1614,145.17,32.97,32.13,47.33,1008.91
1615,145.26,32.96,32.13,47.33,1008.91
1616,145.35,32.97,32.14,47.34,1008.91
1617,145.44,32.96,32.13,47.33,1008.91
1618,145.53,32.96,32.13,47.33,1008.91
1619,145.62,32.95,32.13,47.33,1008.91
1620,145.71,32.94,32.13,47.33,1008.90
1621,145.80,32.93,32.13,47.31,1008.91
1622,145.89,32.93,32.13,47.30,1008.90
1623,145.98,32.94,32.11,47.30,1008.90
1624,146.07,32.94,32.12,47.24,1008.90
1625,146.16,32.94,32.10,47.24,1008.90
1626,146.25,32.93,32.10,47.27,1008.90
1627,146.34,32.93,32.10,47.25,1008.90
1628,146.43,32.92,32.09,47.26,1008.90
1629,146.52,32.92,32.10,47.29,1008.90
1630,146.61,32.91,32.10,47.32,1008.90
1631,146.70,32.90,32.08,47.34,1008.90
1632,146.79,32.90,32.08,47.36,1008.90
1633,146.88,32.90,32.08,47.35,1008.90
1634,146.97,32.90,32.07,47.36,1008.90
1635,147.06,32.90,32.07,47.35,1008.90
1636,147.15,32.89,32.06,47.39,1008.90
1637,147.24,32.89,32.06,47.36,1008.90
1638,147.33,32.89,32.05,47.36,1008.89
1639,147.42,32.89,32.04,47.38,1008.90
1640,147.51,32.88,32.03,47.37,1008.89
1641,147.60,32.88,32.03,47.37,1008.89
1642,147.69,32.89,32.03,47.36,1008.90
1643,147.78,32.88,32.03,47.36,1008.90
1644,147.87,32.88,32.03,47.38,1008.90
1645,147.96,32.87,32.03,47.34,1008.90
1646,148.05,32.87,32.03,47.34,1008.90
1647,148.14,32.86,32.02,47.31,1008.90
1648,148.23,32.86,32.03,47.33,1008.90
1649,148.32,32.86,32.03,47.32,1008.90
1650,148.41,32.85,32.02,47.32,1008.90
1651,148.50,32.86,32.02,47.31,1008.90
1652,148.59,32.85,32.02,47.30,1008.90
1653,148.68,32.84,32.01,47.29,1008.90
1654,148.77,32.83,32.00,47.28,1008.90
1655,148.86,32.83,31.99,47.29,1008.90
1656,148.95,32.82,31.99,47.29,1008.90
1657,149.04,32.81,32.00,47.35,1008.89
1658,149.13,32.80,32.01,47.38,1008.89
1659,149.22,32.80,32.01,47.37,1008.89
1660,149.31,32.79,32.00,47.38,1008.89
1661,149.40,32.79,32.00,47.39,1008.89
1662,149.49,32.79,32.00,47.36,1008.89
1663,149.58,32.78,31.99,47.38,1008.89
1664,149.67,32.78,31.98,47.36,1008.89
1665,149.76,32.78,31.97,47.37,1008.89
1666,149.85,32.78,31.96,47.40,1008.89
1667,149.94,32.77,31.95,47.35,1008.90
1668,150.03,32.76,31.95,47.34,1008.89
1669,150.12,32.76,31.95,47.32,1008.89
1670,150.21,32.75,31.95,47.31,1008.89
1671,150.30,32.75,31.96,47.27,1008.89
1672,150.39,32.74,31.95,47.26,1008.89
1673,150.48,32.74,31.94,47.25,1008.89
1674,150.57,32.74,31.95,47.32,1008.89
1675,150.66,32.74,31.93,47.34,1008.89
1676,150.75,32.73,31.92,47.36,1008.89
1677,150.84,32.73,31.91,47.34,1008.89
1678,150.93,32.73,31.91,47.32,1008.89
1679,151.02,32.72,31.91,47.34,1008.89
1680,151.11,32.71,31.90,47.33,1008.89
1681,151.20,32.71,31.89,47.30,1008.89
1682,151.29,32.70,31.90,47.28,1008.89
1683,151.38,32.70,31.91,47.30,1008.89
1684,151.47,32.70,31.91,47.27,1008.89
1685,151.56,32.70,31.90,47.28,1008.88
1686,151.65,32.69,31.90,47.26,1008.89
1687,151.74,32.68,31.88,47.22,1008.89
1688,151.83,32.68,31.90,47.23,1008.88
1689,151.92,32.68,31.89,47.24,1008.88
1690,152.01,32.67,31.90,47.25,1008.89
1691,152.10,32.68,31.89,47.23,1008.89
1692,152.19,32.67,31.89,47.23,1008.88
1693,152.28,32.67,31.88,47.25,1008.89
1694,152.37,32.66,31.88,47.24,1008.89
1695,152.46,32.64,31.85,47.24,1008.89
1696,152.55,32.64,31.85,47.24,1008.89
1697,152.64,32.64,31.85,47.23,1008.89
1698,152.73,32.63,31.86,47.20,1008.89
1699,152.82,32.61,31.85,47.22,1008.89
1700,152.91,32.61,31.84,47.22,1008.89
1701,153.00,32.60,31.84,47.24,1008.89
1702,153.09,32.59,31.83,47.29,1008.89
1703,153.18,32.59,31.82,47.28,1008.89
1704,153.27,32.59,31.83,47.28,1008.89
1705,153.36,32.59,31.83,47.30,1008.89
1706,153.45,32.59,31.81,47.32,1008.89
1707,153.54,32.58,31.82,47.34,1008.89
1708,153.63,32.58,31.83,47.31,1008.88
1709,153.72,32.58,31.82,47.29,1008.89
1710,153.81,32.57,31.82,47.29,1008.89
1711,153.90,32.56,31.80,47.30,1008.89
1712,153.99,32.57,31.80,47.29,1008.88
1713,154.08,32.57,31.80,47.29,1008.88
1714,154.17,32.57,31.80,47.32,1008.88
1715,154.26,32.56,31.80,47.29,1008.88
1716,154.35,32.56,31.79,47.28,1008.88
1717,154.44,32.55,31.79,47.29,1008.88
1718,154.53,32.54,31.79,47.28,1008.88
1719,154.62,32.54,31.81,47.28,1008.88
1720,154.71,32.54,31.79,47.26,1008.89
1721,154.80,32.54,31.78,47.25,1008.89
1722,154.89,32.54,31.78,47.29,1008.89
1723,154.98,32.53,31.78,47.26,1008.89
1724,155.07,32.53,31.76,47.27,1008.89
1725,155.16,32.53,31.75,47.30,1008.89
1726,155.25,32.52,31.74,47.31,1008.89
1727,155.34,32.52,31.74,47.29,1008.89
1728,155.43,32.51,31.75,47.31,1008.89
1729,155.52,32.52,31.74,47.30,1008.89
1730,155.61,32.52,31.73,47.32,1008.89
1731,155.70,32.52,31.73,47.29,1008.89
1732,155.79,32.53,31.72,47.31,1008.89
1733,155.88,32.53,31.71,47.30,1008.89
1734,155.97,32.52,31.71,47.26,1008.89
1735,156.06,32.52,31.69,47.26,1008.89
1736,156.15,32.52,31.68,47.24,1008.89
1737,156.24,32.51,31.69,47.25,1008.89
1738,156.33,32.52,31.69,47.22,1008.89
1739,156.42,32.51,31.68,47.21,1008.89
1740,156.51,32.51,31.69,47.20,1008.89
1741,156.60,32.50,31.69,47.21,1008.89
1742,156.69,32.49,31.68,47.24,1008.89
1743,156.78,32.49,31.68,47.28,1008.88
1744,156.87,32.49,31.68,47.26,1008.88
1745,156.96,32.49,31.67,47.24,1008.88
1746,157.05,32.47,31.66,47.23,1008.88
1747,157.14,32.47,31.66,47.23,1008.88
1748,157.23,32.47,31.67,47.23,1008.88
1749,157.32,32.46,31.68,47.20,1008.88
1750,157.41,32.45,31.67,47.21,1008.88
1751,157.50,32.45,31.67,47.22,1008.88
1752,157.59,32.44,31.65,47.20,1008.88
1753,157.68,32.44,31.63,47.20,1008.88
1754,157.77,32.43,31.63,47.20,1008.88
1755,157.86,32.43,31.63,47.22,1008.87
1756,157.95,32.42,31.63,47.20,1008.87
1757,158.04,32.42,31.63,47.19,1008.87
1758,158.13,32.42,31.62,47.16,1008.87
1759,158.22,32.42,31.62,47.15,1008.87
1760,158.31,32.42,31.62,47.17,1008.87
1761,158.40,32.41,31.62,47.20,1008.87
1762,158.49,32.40,31.62,47.18,1008.86
1763,158.58,32.40,31.61,47.19,1008.87
1764,158.67,32.39,31.62,47.18,1008.87
1765,158.76,32.39,31.61,47.22,1008.87
1766,158.85,32.38,31.61,47.20,1008.87
1767,158.94,32.38,31.60,47.22,1008.86
1768,159.03,32.38,31.59,47.24,1008.86
1769,159.12,32.38,31.59,47.22,1008.86
1770,159.21,32.37,31.60,47.23,1008.87
1771,159.30,32.37,31.60,47.22,1008.87
1772,159.39,32.36,31.59,47.23,1008.86
1773,159.48,32.36,31.59,47.24,1008.86
1774,159.57,32.35,31.59,47.24,1008.86
1775,159.66,32.33,31.57,47.26,1008.86
1776,159.75,32.33,31.56,47.27,1008.86
1777,159.84,32.32,31.58,47.26,1008.86
1778,159.93,32.32,31.58,47.27,1008.86
1779,160.02,32.31,31.59,47.27,1008.85
1780,160.11,32.30,31.59,47.25,1008.85
1781,160.20,32.31,31.60,47.22,1008.85
1782,160.29,32.31,31.60,47.19,1008.85
1783,160.38,32.31,31.59,47.18,1008.85
1784,160.47,32.30,31.59,47.19,1008.86
1785,160.56,32.29,31.59,47.21,1008.85
1786,160.65,32.29,31.57,47.21,1008.85
1787,160.74,32.28,31.58,47.19,1008.86
1788,160.83,32.28,31.58,47.22,1008.86
1789,160.92,32.27,31.57,47.23,1008.86
1790,161.01,32.27,31.56,47.25,1008.85
1791,161.10,32.27,31.56,47.22,1008.85
1792,161.19,32.26,31.55,47.22,1008.85
1793,161.28,32.26,31.53,47.23,1008.85
1794,161.37,32.28,31.52,47.21,1008.86
1795,161.46,32.26,31.52,47.18,1008.86
1796,161.55,32.25,31.50,47.19,1008.86
1797,161.64,32.25,31.49,47.16,1008.87
1798,161.73,32.25,31.49,47.16,1008.87
1799,161.82,32.24,31.48,47.14,1008.87
1800,161.91,32.23,31.48,47.13,1008.87
1801,162.00,32.23,31.47,47.12,1008.87
1802,162.09,32.23,31.48,47.13,1008.87
1803,162.18,32.23,31.48,47.13,1008.87
1804,162.27,32.23,31.48,47.15,1008.88
1805,162.36,32.23,31.47,47.16,1008.88
1806,162.45,32.23,31.48,47.14,1008.88
1807,162.54,32.22,31.47,47.09,1008.88
1808,162.63,32.21,31.48,47.10,1008.88
1809,162.72,32.20,31.47,47.09,1008.88
1810,162.81,32.19,31.48,47.06,1008.88
1811,162.90,32.19,31.48,47.09,1008.88
1812,162.99,32.19,31.48,47.10,1008.88
1813,163.08,32.19,31.48,47.08,1008.88
1814,163.17,32.19,31.48,47.05,1008.88
1815,163.26,32.19,31.47,47.07,1008.88
1816,163.35,32.18,31.47,47.09,1008.88
1817,163.44,32.18,31.45,47.08,1008.88
1818,163.53,32.17,31.45,47.07,1008.88
1819,163.62,32.17,31.44,47.12,1008.88
1820,163.71,32.17,31.43,47.16,1008.88
1821,163.80,32.17,31.44,47.17,1008.88
1822,163.89,32.16,31.43,47.14,1008.88
1823,163.98,32.16,31.43,47.14,1008.88
1824,164.07,32.15,31.43,47.14,1008.88
1825,164.16,32.14,31.42,47.15,1008.88
1826,164.25,32.14,31.41,47.11,1008.88
1827,164.34,32.13,31.41,47.11,1008.88
1828,164.43,32.12,31.40,47.15,1008.88
1829,164.52,32.13,31.39,47.13,1008.88
1830,164.61,32.12,31.38,47.12,1008.87
1831,164.70,32.12,31.38,47.14,1008.87
1832,164.79,32.12,31.39,47.16,1008.87
1833,164.88,32.11,31.39,47.17,1008.87
1834,164.97,32.10,31.37,47.19,1008.87
1835,165.06,32.09,31.37,47.21,1008.87
1836,165.15,32.09,31.36,47.22,1008.87
1837,165.24,32.09,31.35,47.23,1008.87
1838,165.33,32.09,31.35,47.23,1008.86
1839,165.42,32.09,31.35,47.19,1008.86
1840,165.51,32.08,31.35,47.20,1008.86
1841,165.60,32.09,31.35,47.21,1008.86
1842,165.69,32.09,31.36,47.19,1008.86
1843,165.78,32.09,31.36,47.19,1008.85
1844,165.87,32.09,31.37,47.20,1008.85
1845,165.96,32.09,31.37,47.16,1008.85
1846,166.05,32.09,31.37,47.20,1008.85
1847,166.14,32.08,31.38,47.19,1008.85
1848,166.23,32.08,31.36,47.15,1008.85
1849,166.32,32.07,31.35,47.18,1008.85
1850,166.41,32.07,31.35,47.18,1008.85
1851,166.50,32.06,31.35,47.20,1008.85
1852,166.59,32.06,31.35,47.24,1008.85
1853,166.68,32.06,31.35,47.25,1008.85
1854,166.77,32.06,31.34,47.27,1008.85
1855,166.86,32.05,31.34,47.29,1008.85
1856,166.95,32.04,31.32,47.28,1008.85
1857,167.04,32.04,31.32,47.30,1008.85
1858,167.13,32.03,31.31,47.32,1008.85
1859,167.22,32.04,31.30,47.31,1008.85
1860,167.31,32.03,31.29,47.30,1008.86
1861,167.40,32.02,31.29,47.27,1008.86
1862,167.49,32.03,31.28,47.26,1008.85
1863,167.58,32.03,31.28,47.24,1008.85
1864,167.67,32.03,31.28,47.25,1008.85
1865,167.76,32.03,31.29,47.28,1008.85
1866,167.85,32.02,31.29,47.33,1008.86
1867,167.94,32.02,31.28,47.35,1008.86
1868,168.03,32.03,31.27,47.36,1008.86
1869,168.12,32.03,31.26,47.38,1008.86
1870,168.21,32.02,31.26,47.41,1008.86
1871,168.30,32.02,31.27,47.43,1008.87
1872,168.39,32.02,31.26,47.47,1008.87
1873,168.48,32.01,31.26,47.46,1008.87
1874,168.57,32.01,31.25,47.43,1008.87
1875,168.66,32.01,31.24,47.39,1008.88
1876,168.75,32.00,31.24,47.34,1008.88
1877,168.84,31.99,31.23,47.32,1008.88
1878,168.93,31.99,31.23,47.28,1008.88
1879,169.02,31.99,31.23,47.24,1008.88
1880,169.11,31.98,31.23,47.23,1008.88
1881,169.20,31.98,31.24,47.20,1008.88
1882,169.29,31.98,31.24,47.20,1008.88
1883,169.38,31.97,31.24,47.20,1008.88
1884,169.47,31.97,31.25,47.19,1008.88
1885,169.56,31.96,31.24,47.20,1008.89
1886,169.65,31.96,31.23,47.21,1008.89
1887,169.74,31.96,31.22,47.21,1008.89
1888,169.83,31.95,31.22,47.18,1008.89
1889,169.92,31.96,31.22,47.15,1008.89
1890,170.01,31.95,31.22,47.15,1008.89
1891,170.10,31.95,31.21,47.15,1008.89
1892,170.19,31.94,31.21,47.19,1008.89
1893,170.28,31.94,31.20,47.19,1008.89
1894,170.37,31.93,31.18,47.16,1008.89
1895,170.46,31.92,31.18,47.19,1008.89
1896,170.55,31.93,31.19,47.18,1008.89
1897,170.64,31.93,31.20,47.19,1008.89
1898,170.73,31.91,31.20,47.17,1008.90
1899,170.82,31.91,31.20,47.15,1008.90
1900,170.91,31.90,31.19,47.14,1008.90
1901,171.00,31.90,31.18,47.16,1008.90
1902,171.09,31.91,31.18,47.18,1008.90
1903,171.18,31.90,31.18,47.19,1008.90
1904,171.27,31.90,31.16,47.18,1008.90
1905,171.36,31.90,31.16,47.18,1008.90
1906,171.45,31.89,31.16,47.20,1008.90
1907,171.54,31.89,31.16,47.17,1008.90
1908,171.63,31.89,31.16,47.14,1008.90
1909,171.72,31.88,31.15,47.13,1008.90
1910,171.81,31.88,31.15,47.12,1008.89
1911,171.90,31.87,31.14,47.09,1008.89
1912,171.99,31.87,31.13,47.11,1008.89
1913,172.08,31.87,31.13,47.08,1008.89
1914,172.17,31.86,31.13,47.10,1008.89
1915,172.26,31.86,31.11,47.08,1008.89
1916,172.35,31.86,31.12,47.07,1008.89
1917,172.44,31.86,31.12,47.08,1008.89
1918,172.53,31.85,31.11,47.12,1008.89
1919,172.62,31.85,31.11,47.12,1008.89
1920,172.71,31.85,31.10,47.14,1008.89
1921,172.80,31.85,31.10,47.12,1008.89
1922,172.89,31.84,31.08,47.15,1008.89
1923,172.98,31.83,31.08,47.16,1008.88
1924,173.07,31.83,31.08,47.18,1008.88
1925,173.16,31.81,31.07,47.17,1008.88
1926,173.25,31.80,31.07,47.17,1008.88
1927,173.34,31.80,31.07,47.16,1008.88
1928,173.43,31.79,31.06,47.15,1008.88
1929,173.52,31.79,31.06,47.13,1008.88
1930,173.61,31.80,31.06,47.14,1008.88
1931,173.70,31.79,31.08,47.17,1008.88
1932,173.79,31.79,31.07,47.16,1008.87
1933,173.88,31.78,31.07,47.19,1008.87
1934,173.97,31.78,31.06,47.19,1008.88
1935,174.06,31.78,31.07,47.20,1008.88
1936,174.15,31.77,31.07,47.23,1008.88
1937,174.24,31.77,31.07,47.25,1008.88
1938,174.33,31.76,31.08,47.24,1008.88
1939,174.42,31.76,31.08,47.24,1008.88
1940,174.51,31.76,31.08,47.26,1008.88
1941,174.60,31.76,31.08,47.27,1008.88
1942,174.69,31.76,31.08,47.28,1008.88
1943,174.78,31.75,31.07,47.31,1008.88
1944,174.87,31.75,31.07,47.29,1008.88
1945,174.96,31.75,31.08,47.32,1008.88
1946,175.05,31.75,31.07,47.34,1008.88
1947,175.14,31.74,31.07,47.28,1008.88
1948,175.23,31.74,31.06,47.27,1008.88
1949,175.32,31.74,31.05,47.31,1008.88
1950,175.41,31.73,31.05,47.30,1008.88
1951,175.50,31.74,31.05,47.26,1008.88
1952,175.59,31.74,31.05,47.28,1008.88
1953,175.68,31.72,31.04,47.27,1008.89
1954,175.77,31.72,31.05,47.26,1008.89
1955,175.86,31.71,31.05,47.26,1008.89
1956,175.95,31.72,31.04,47.24,1008.89
1957,176.04,31.71,31.03,47.24,1008.89
1958,176.13,31.72,31.02,47.23,1008.90
1959,176.22,31.72,31.03,47.24,1008.90
1960,176.31,31.72,31.03,47.27,1008.90
1961,176.40,31.71,31.04,47.22,1008.90
1962,176.49,31.70,31.03,47.23,1008.91
1963,176.58,31.71,31.02,47.23,1008.91
1964,176.67,31.71,31.00,47.23,1008.91
1965,176.76,31.70,31.00,47.26,1008.91
1966,176.85,31.70,30.98,47.26,1008.91
1967,176.94,31.69,30.98,47.27,1008.91
1968,177.03,31.68,30.98,47.28,1008.91
1969,177.12,31.67,30.98,47.30,1008.91
1970,177.21,31.68,30.96,47.29,1008.91
1971,177.30,31.68,30.95,47.33,1008.91
1972,177.39,31.68,30.94,47.31,1008.92
1973,177.48,31.67,30.94,47.36,1008.91
1974,177.57,31.66,30.95,47.36,1008.91
1975,177.66,31.65,30.95,47.34,1008.91
1976,177.75,31.64,30.94,47.32,1008.91
1977,177.84,31.65,30.94,47.31,1008.91
1978,177.93,31.64,30.94,47.31,1008.91
1979,178.02,31.65,30.94,47.32,1008.92
1980,178.11,31.64,30.94,47.33,1008.92
1981,178.20,31.65,30.93,47.29,1008.91
1982,178.29,31.66,30.93,47.30,1008.92
1983,178.38,31.66,30.93,47.27,1008.92
1984,178.47,31.65,30.93,47.30,1008.92
1985,178.56,31.64,30.92,47.30,1008.92
1986,178.65,31.63,30.92,47.27,1008.92
1987,178.74,31.63,30.91,47.28,1008.92
1988,178.83,31.62,30.91,47.26,1008.92
1989,178.92,31.62,30.90,47.28,1008.92
1990,179.01,31.62,30.90,47.24,1008.91
1991,179.10,31.63,30.90,47.25,1008.91
1992,179.19,31.62,30.89,47.27,1008.91
1993,179.28,31.62,30.89,47.26,1008.91
1994,179.37,31.62,30.87,47.28,1008.91
1995,179.46,31.62,30.88,47.28,1008.91
1996,179.55,31.61,30.89,47.30,1008.90
1997,179.64,31.61,30.88,47.33,1008.90
1998,179.73,31.61,30.88,47.33,1008.90
1999,179.82,31.60,30.88,47.35,1008.90
2000,179.91,31.60,30.88,47.36,1008.89
2001,180.00,31.59,30.89,47.33,1008.89
2002,180.09,31.58,30.88,47.32,1008.89
2003,180.18,31.59,30.88,47.33,1008.89
2004,180.27,31.59,30.87,47.38,1008.88
2005,180.36,31.59,30.85,47.38,1008.88
2006,180.45,31.58,30.86,47.37,1008.88
2007,180.54,31.58,30.86,47.38,1008.88
2008,180.63,31.60,30.87,47.41,1008.88
2009,180.72,31.60,30.86,47.39,1008.88
2010,180.81,31.59,30.86,47.37,1008.87
2011,180.90,31.59,30.86,47.38,1008.87
2012,180.99,31.58,30.85,47.38,1008.88
2013,181.08,31.57,30.85,47.43,1008.88
2014,181.17,31.57,30.85,47.43,1008.88
2015,181.26,31.56,30.85,47.43,1008.87
2016,181.35,31.56,30.86,47.44,1008.87
2017,181.44,31.56,30.85,47.43,1008.87
2018,181.53,31.56,30.86,47.41,1008.88
2019,181.62,31.55,30.85,47.41,1008.88
2020,181.71,31.54,30.85,47.43,1008.88
2021,181.80,31.54,30.84,47.43,1008.88
2022,181.89,31.53,30.83,47.42,1008.88
2023,181.98,31.53,30.82,47.43,1008.87
2024,182.07,31.53,30.82,47.43,1008.88
2025,182.16,31.53,30.82,47.46,1008.88
2026,182.25,31.52,30.83,47.50,1008.88
2027,182.34,31.52,30.83,47.48,1008.88
2028,182.43,31.52,30.83,47.49,1008.88
2029,182.52,31.51,30.83,47.48,1008.88
2030,182.61,31.50,30.83,47.50,1008.88
2031,182.70,31.49,30.83,47.50,1008.88
2032,182.79,31.48,30.83,47.51,1008.88
2033,182.88,31.47,30.82,47.53,1008.89
2034,182.97,31.47,30.81,47.53,1008.89
2035,183.06,31.46,30.82,47.55,1008.89
2036,183.15,31.46,30.81,47.52,1008.89
2037,183.24,31.45,30.80,47.49,1008.89
2038,183.33,31.45,30.78,47.50,1008.89
2039,183.42,31.45,30.77,47.50,1008.89
2040,183.51,31.43,30.76,47.48,1008.89
2041,183.60,31.43,30.76,47.44,1008.89
2042,183.69,31.43,30.76,47.44,1008.88
2043,183.78,31.43,30.76,47.45,1008.88
2044,183.87,31.42,30.76,47.47,1008.88
2045,183.96,31.43,30.75,47.45,1008.88
2046,184.05,31.43,30.74,47.47,1008.88
2047,184.14,31.43,30.75,47.47,1008.88
2048,184.23,31.43,30.74,47.46,1008.88
2049,184.32,31.43,30.74,47.48,1008.89
2050,184.41,31.43,30.74,47.44,1008.89
2051,184.50,31.43,30.73,47.46,1008.89
2052,184.59,31.42,30.73,47.45,1008.89
2053,184.68,31.42,30.72,47.46,1008.89
2054,184.77,31.43,30.72,47.47,1008.89
2055,184.86,31.43,30.72,47.47,1008.89
2056,184.95,31.42,30.73,47.48,1008.89
2057,185.04,31.41,30.73,47.48,1008.89
2058,185.13,31.40,30.72,47.48,1008.89
2059,185.22,31.40,30.71,47.49,1008.89
2060,185.31,31.41,30.70,47.48,1008.89
2061,185.40,31.40,30.69,47.46,1008.89
2062,185.49,31.40,30.70,47.46,1008.89
2063,185.58,31.39,30.70,47.44,1008.89
2064,185.67,31.38,30.71,47.47,1008.89
2065,185.76,31.37,30.70,47.43,1008.89
2066,185.85,31.37,30.70,47.42,1008.89
2067,185.94,31.36,30.70,47.40,1008.89
2068,186.03,31.35,30.70,47.38,1008.88
2069,186.12,31.35,30.69,47.37,1008.88
2070,186.21,31.35,30.70,47.36,1008.88
2071,186.30,31.35,30.70,47.34,1008.88
2072,186.39,31.35,30.69,47.33,1008.88
2073,186.48,31.34,30.69,47.31,1008.88
2074,186.57,31.34,30.68,47.32,1008.88
2075,186.66,31.33,30.68,47.30,1008.88
2076,186.75,31.32,30.69,47.34,1008.87
2077,186.84,31.32,30.67,47.33,1008.88
2078,186.93,31.32,30.66,47.33,1008.88
2079,187.02,31.31,30.66,47.33,1008.87
2080,187.11,31.32,30.66,47.35,1008.87
2081,187.20,31.32,30.67,47.33,1008.87
2082,187.29,31.33,30.67,47.34,1008.87
2083,187.38,31.32,30.66,47.34,1008.87
2084,187.47,31.31,30.65,47.35,1008.87
2085,187.56,31.31,30.65,47.32,1008.87
2086,187.65,31.32,30.64,47.32,1008.86
2087,187.74,31.33,30.64,47.31,1008.86
2088,187.83,31.33,30.64,47.29,1008.85
2089,187.92,31.64,30.65,47.30,1008.85
2090,188.01,31.44,30.65,47.31,1008.85
2091,188.10,31.31,30.64,47.34,1008.85
2092,188.19,31.30,30.64,47.32,1008.85
2093,188.28,31.29,30.61,47.32,1008.85
2094,188.37,31.28,30.62,47.34,1008.84
2095,188.46,31.28,30.60,47.35,1008.85
2096,188.55,31.27,30.60,47.35,1008.85
2097,188.64,31.27,30.61,47.38,1008.85
2098,188.73,31.27,30.60,47.40,1008.85
2099,188.82,31.27,30.59,47.38,1008.85
2100,188.91,31.27,30.58,47.38,1008.85
2101,189.00,31.27,30.59,47.37,1008.85
2102,189.09,31.27,30.59,47.34,1008.85
2103,189.18,31.26,30.59,47.31,1008.85
2104,189.27,31.26,30.58,47.33,1008.85
2105,189.36,31.27,30.59,47.32,1008.85
2106,189.45,31.27,30.59,47.34,1008.85
2107,189.54,31.26,30.58,47.35,1008.85
2108,189.63,31.27,30.58,47.34,1008.85
2109,189.72,31.26,30.59,47.35,1008.85
2110,189.81,31.25,30.58,47.37,1008.85
2111,189.90,31.26,30.58,47.40,1008.85
2112,189.99,31.25,30.57,47.42,1008.86
2113,190.08,31.26,30.56,47.42,1008.86
2114,190.17,31.26,30.55,47.45,1008.86
2115,190.26,31.25,30.55,47.44,1008.85
2116,190.35,31.25,30.56,47.44,1008.85
2117,190.44,31.24,30.55,47.42,1008.85
2118,190.53,31.24,30.54,47.43,1008.86
2119,190.62,31.24,30.53,47.43,1008.86
2120,190.71,31.22,30.53,47.44,1008.85
2121,190.80,31.22,30.54,47.43,1008.86
2122,190.89,31.23,30.53,47.46,1008.86
2123,190.98,31.22,30.52,47.44,1008.86
2124,191.07,31.22,30.52,47.40,1008.86
2125,191.16,31.22,30.54,47.43,1008.86
2126,191.25,31.22,30.54,47.42,1008.87
2127,191.34,31.22,30.55,47.43,1008.87
2128,191.43,31.22,30.56,47.38,1008.87
2129,191.52,31.22,30.56,47.40,1008.87
2130,191.61,31.22,30.56,47.39,1008.88
2131,191.70,31.22,30.55,47.40,1008.87
2132,191.79,31.22,30.56,47.37,1008.87
2133,191.88,31.22,30.55,47.34,1008.87
2134,191.97,31.21,30.55,47.31,1008.87
2135,192.06,31.21,30.55,47.30,1008.87
2136,192.15,31.20,30.55,47.32,1008.87
2137,192.24,31.20,30.53,47.31,1008.87
2138,192.33,31.19,30.52,47.35,1008.87
2139,192.42,31.19,30.52,47.32,1008.87
2140,192.51,31.19,30.52,47.31,1008.87
2141,192.60,31.19,30.52,47.30,1008.87
2142,192.69,31.18,30.53,47.29,1008.87
2143,192.78,31.18,30.52,47.29,1008.87
2144,192.87,31.19,30.51,47.31,1008.87
2145,192.96,31.18,30.51,47.29,1008.87
2146,193.05,31.18,30.49,47.27,1008.87
2147,193.14,31.18,30.49,47.27,1008.87
2148,193.23,31.17,30.49,47.27,1008.88
2149,193.32,31.17,30.50,47.24,1008.87
2150,193.41,31.17,30.49,47.26,1008.87
2151,193.50,31.17,30.49,47.23,1008.87
2152,193.59,31.17,30.49,47.22,1008.87
2153,193.68,31.17,30.48,47.23,1008.87
2154,193.77,31.17,30.47,47.22,1008.87
2155,193.86,31.16,30.46,47.21,1008.87
2156,193.95,31.16,30.46,47.22,1008.86
2157,194.04,31.15,30.46,47.22,1008.86
2158,194.13,31.16,30.45,47.25,1008.87
2159,194.22,31.16,30.45,47.29,1008.87
2160,194.31,31.16,30.44,47.30,1008.87
2161,194.40,31.16,30.44,47.32,1008.87
2162,194.49,31.15,30.44,47.32,1008.87
2163,194.58,31.15,30.44,47.30,1008.87
2164,194.67,31.14,30.44,47.29,1008.87
2165,194.76,31.14,30.44,47.31,1008.87
2166,194.85,31.12,30.42,47.31,1008.87
2167,194.94,31.12,30.42,47.31,1008.86
2168,195.03,31.11,30.40,47.32,1008.87
2169,195.12,31.10,30.39,47.30,1008.87
2170,195.21,31.10,30.39,47.32,1008.87
2171,195.30,31.09,30.39,47.32,1008.87
2172,195.39,31.09,30.40,47.33,1008.87
2173,195.48,31.08,30.41,47.35,1008.87
2174,195.57,31.07,30.40,47.33,1008.87
2175,195.66,31.07,30.40,47.35,1008.87
2176,195.75,31.06,30.41,47.33,1008.87
2177,195.84,31.06,30.41,47.32,1008.87
2178,195.93,31.07,30.40,47.32,1008.88
2179,196.02,31.05,30.40,47.31,1008.88
2180,196.11,31.05,30.39,47.28,1008.88
2181,196.20,31.06,30.39,47.31,1008.88
2182,196.29,31.05,30.38,47.31,1008.88
2183,196.38,31.05,30.38,47.31,1008.88
2184,196.47,31.04,30.39,47.32,1008.87
2185,196.56,31.04,30.39,47.35,1008.87
2186,196.65,31.04,30.40,47.31,1008.87
2187,196.74,31.05,30.39,47.30,1008.87
2188,196.83,31.04,30.40,47.32,1008.87
2189,196.92,31.03,30.39,47.33,1008.87
2190,197.01,31.02,30.38,47.30,1008.87
2191,197.10,31.03,30.37,47.27,1008.87
2192,197.19,31.02,30.37,47.24,1008.87
2193,197.28,31.02,30.36,47.24,1008.87
2194,197.37,31.01,30.37,47.23,1008.87
2195,197.46,31.00,30.37,47.21,1008.87
2196,197.55,31.01,30.37,47.22,1008.87
2197,197.64,31.01,30.39,47.22,1008.87
2198,197.73,31.01,30.40,47.23,1008.87
2199,197.82,31.00,30.40,47.20,1008.87
2200,197.91,31.00,30.40,47.22,1008.88
2201,198.00,31.00,30.41,47.21,1008.87
2202,198.09,31.00,30.41,47.21,1008.87
2203,198.18,31.00,30.41,47.23,1008.87
2204,198.27,30.99,30.40,47.21,1008.87
2205,198.36,31.00,30.38,47.21,1008.87
2206,198.45,30.99,30.38,47.21,1008.87
2207,198.54,30.99,30.38,47.20,1008.87
2208,198.63,30.99,30.37,47.20,1008.87
2209,198.72,31.00,30.37,47.20,1008.88
2210,198.81,30.99,30.36,47.20,1008.87
2211,198.90,30.99,30.36,47.24,1008.88
2212,198.99,30.97,30.36,47.25,1008.89
2213,199.08,30.98,30.35,47.27,1008.89
2214,199.17,30.98,30.34,47.30,1008.89
2215,199.26,30.98,30.34,47.26,1008.89
2216,199.35,30.97,30.33,47.28,1008.89
2217,199.44,30.97,30.33,47.25,1008.89
2218,199.53,30.96,30.32,47.22,1008.89
2219,199.62,30.96,30.32,47.24,1008.90
2220,199.71,30.95,30.30,47.25,1008.90
2221,199.80,30.95,30.30,47.27,1008.89
2222,199.89,30.94,30.30,47.27,1008.89
2223,199.98,30.94,30.31,47.23,1008.90
2224,200.07,30.93,30.31,47.24,1008.90
2225,200.16,30.92,30.31,47.22,1008.90
2226,200.25,30.91,30.29,47.23,1008.90
2227,200.34,30.91,30.29,47.26,1008.90
2228,200.43,30.90,30.29,47.22,1008.89
2229,200.52,30.90,30.27,47.22,1008.90
2230,200.61,30.90,30.27,47.22,1008.89
2231,200.70,30.89,30.26,47.22,1008.90
2232,200.79,30.88,30.27,47.22,1008.89
2233,200.88,30.88,30.26,47.22,1008.89
2234,200.97,30.88,30.26,47.22,1008.90
2235,201.06,30.88,30.26,47.23,1008.90
2236,201.15,30.88,30.25,47.25,1008.90
2237,201.24,30.89,30.24,47.22,1008.90
2238,201.33,30.89,30.24,47.24,1008.90
2239,201.42,30.89,30.24,47.22,1008.90
2240,201.51,30.88,30.24,47.24,1008.90
2241,201.60,30.88,30.23,47.24,1008.89
2242,201.69,30.88,30.23,47.23,1008.90
2243,201.78,30.88,30.24,47.20,1008.90
2244,201.87,30.88,30.23,47.18,1008.90
2245,201.96,30.88,30.24,47.18,1008.90
2246,202.05,30.89,30.24,47.20,1008.90
2247,202.14,30.89,30.25,47.18,1008.90
2248,202.23,30.88,30.25,47.17,1008.90
2249,202.32,30.88,30.24,47.17,1008.90
2250,202.41,30.88,30.24,47.18,1008.90
2251,202.50,30.88,30.24,47.16,1008.90
2252,202.59,30.88,30.24,47.13,1008.90
2253,202.68,30.88,30.24,47.15,1008.90
2254,202.77,30.87,30.25,47.13,1008.90
2255,202.86,30.87,30.26,47.14,1008.90
2256,202.95,30.86,30.25,47.17,1008.90
2257,203.04,30.85,30.25,47.17,1008.90
2258,203.13,30.86,30.25,47.18,1008.89
2259,203.22,30.86,30.24,47.19,1008.90
2260,203.31,30.86,30.23,47.20,1008.89
2261,203.40,30.86,30.23,47.21,1008.89
2262,203.49,30.86,30.23,47.22,1008.89
2263,203.58,30.86,30.23,47.18,1008.89
2264,203.67,30.86,30.22,47.21,1008.89
2265,203.76,30.87,30.22,47.20,1008.89
2266,203.85,30.86,30.22,47.19,1008.88
2267,203.94,30.86,30.22,47.20,1008.88
2268,204.03,30.86,30.23,47.21,1008.88
2269,204.12,30.85,30.22,47.25,1008.89
2270,204.21,30.84,30.22,47.25,1008.89
2271,204.30,30.84,30.23,47.25,1008.89
2272,204.39,30.84,30.22,47.22,1008.89
2273,204.48,30.83,30.22,47.19,1008.89
2274,204.57,30.83,30.22,47.21,1008.89
2275,204.66,30.83,30.23,47.20,1008.90
2276,204.75,30.83,30.21,47.20,1008.90
2277,204.84,30.82,30.19,47.19,1008.89
2278,204.93,30.81,30.18,47.18,1008.89
2279,205.02,30.81,30.18,47.19,1008.89
2280,205.11,30.81,30.18,47.18,1008.89
2281,205.20,30.80,30.17,47.17,1008.89
2282,205.29,30.81,30.17,47.17,1008.90
2283,205.38,30.80,30.16,47.21,1008.90
2284,205.47,30.80,30.15,47.20,1008.89
2285,205.56,30.80,30.15,47.21,1008.90
2286,205.65,30.79,30.16,47.22,1008.89
2287,205.74,30.79,30.17,47.17,1008.90
2288,205.83,30.79,30.17,47.20,1008.90
2289,205.92,30.78,30.15,47.21,1008.90
2290,206.01,30.78,30.14,47.19,1008.90
2291,206.10,30.77,30.14,47.20,1008.90
2292,206.19,30.76,30.12,47.19,1008.90
2293,206.28,30.76,30.12,47.21,1008.90
2294,206.37,30.76,30.12,47.19,1008.90
2295,206.46,30.77,30.12,47.19,1008.90
2296,206.55,30.76,30.10,47.21,1008.90
2297,206.64,30.75,30.11,47.21,1008.91
2298,206.73,30.75,30.10,47.20,1008.91
2299,206.82,30.75,30.11,47.19,1008.90
2300,206.91,30.75,30.11,47.24,1008.91
2301,207.00,30.75,30.11,47.23,1008.90
2302,207.09,30.74,30.11,47.25,1008.90
2303,207.18,30.73,30.11,47.24,1008.90
2304,207.27,30.73,30.12,47.23,1008.90
2305,207.36,30.72,30.11,47.26,1008.90
2306,207.45,30.72,30.10,47.22,1008.89
2307,207.54,30.71,30.11,47.22,1008.89
2308,207.63,30.71,30.11,47.22,1008.90
2309,207.72,30.72,30.11,47.23,1008.89
2310,207.81,30.71,30.11,47.25,1008.89
2311,207.90,30.71,30.11,47.21,1008.89
2312,207.99,30.72,30.09,47.16,1008.90
2313,208.08,30.71,30.09,47.16,1008.90
2314,208.17,30.70,30.11,47.15,1008.90
2315,208.26,30.70,30.11,47.15,1008.90
2316,208.35,30.70,30.10,47.16,1008.91
2317,208.44,30.69,30.09,47.15,1008.91
2318,208.53,30.70,30.08,47.13,1008.91
2319,208.62,30.69,30.08,47.14,1008.91
2320,208.71,30.69,30.08,47.13,1008.91
2321,208.80,30.69,30.08,47.14,1008.91
2322,208.89,30.68,30.08,47.16,1008.91
2323,208.98,30.68,30.10,47.14,1008.91
2324,209.07,30.68,30.09,47.08,1008.90
2325,209.16,30.68,30.09,47.07,1008.90
2326,209.25,30.67,30.10,47.07,1008.91
2327,209.34,30.68,30.09,47.07,1008.90
2328,209.43,30.68,30.10,47.05,1008.90
2329,209.52,30.68,30.09,47.06,1008.90
2330,209.61,30.68,30.09,47.08,1008.90
2331,209.70,30.67,30.08,47.10,1008.90
2332,209.79,30.66,30.07,47.11,1008.90
2333,209.88,30.65,30.05,47.16,1008.90
2334,209.97,30.65,30.06,47.16,1008.90
2335,210.06,30.65,30.05,47.17,1008.90
2336,210.15,30.64,30.04,47.16,1008.90
2337,210.24,30.63,30.04,47.14,1008.89
2338,210.33,30.63,30.03,47.13,1008.90
2339,210.42,30.63,30.02,47.13,1008.90
2340,210.51,30.63,30.02,47.12,1008.90
2341,210.60,30.63,30.02,47.16,1008.90
2342,210.69,30.63,30.01,47.16,1008.90
2343,210.78,30.63,30.01,47.12,1008.90
2344,210.87,30.63,30.02,47.11,1008.90
2345,210.96,30.62,30.03,47.13,1008.90
2346,211.05,30.62,30.02,47.14,1008.89
2347,211.14,30.62,30.02,47.16,1008.89
2348,211.23,30.63,30.02,47.16,1008.89
2349,211.32,30.61,30.01,47.13,1008.89
2350,211.41,30.61,30.01,47.13,1008.90
2351,211.50,30.61,30.03,47.12,1008.89
2352,211.59,30.61,30.04,47.12,1008.89
2353,211.68,30.61,30.03,47.10,1008.89
2354,211.77,30.60,30.03,47.09,1008.89
2355,211.86,30.60,30.03,47.05,1008.89
2356,211.95,30.59,30.02,47.06,1008.89
2357,212.04,30.59,30.03,47.05,1008.89
2358,212.13,30.59,30.01,47.06,1008.89
2359,212.22,30.58,30.01,47.10,1008.89
2360,212.31,30.58,30.00,47.09,1008.89
2361,212.40,30.58,30.00,47.08,1008.89
2362,212.49,30.58,30.00,47.01,1008.89
2363,212.58,30.58,29.99,46.99,1008.89
2364,212.67,30.57,29.99,47.00,1008.89
2365,212.76,30.57,29.99,46.99,1008.89
2366,212.85,30.58,30.00,46.98,1008.89
2367,212.94,30.58,29.99,47.02,1008.88
2368,213.03,30.58,29.99,47.02,1008.88
2369,213.12,30.57,30.00,46.97,1008.88
2370,213.21,30.58,29.99,46.97,1008.88
2371,213.30,30.58,30.00,46.95,1008.88
2372,213.39,30.57,30.00,46.97,1008.88
2373,213.48,30.57,29.99,46.97,1008.88
2374,213.57,30.57,29.98,46.93,1008.88
2375,213.66,30.57,29.97,46.92,1008.88
2376,213.75,30.57,29.97,46.93,1008.88
2377,213.84,30.57,29.97,46.90,1008.88
2378,213.93,30.58,29.96,46.90,1008.88
2379,214.02,30.58,29.96,46.92,1008.88
2380,214.11,30.58,29.96,46.93,1008.88
2381,214.20,30.58,29.96,46.93,1008.88
2382,214.29,30.56,29.96,46.92,1008.88
2383,214.38,30.55,29.96,46.94,1008.88
2384,214.47,30.55,29.97,46.95,1008.88
2385,214.56,30.55,29.97,46.94,1008.87
2386,214.65,30.56,29.95,46.97,1008.87
2387,214.74,30.56,29.95,46.95,1008.87
2388,214.83,30.56,29.95,46.95,1008.86
2389,214.92,30.56,29.96,46.94,1008.87
2390,215.01,30.55,29.95,46.97,1008.87
2391,215.10,30.55,29.94,47.00,1008.87
2392,215.19,30.55,29.94,46.98,1008.87
2393,215.28,30.56,29.94,46.94,1008.87
2394,215.37,30.56,29.92,46.95,1008.87
2395,215.46,30.55,29.92,46.90,1008.87
2396,215.55,30.54,29.91,46.89,1008.87
2397,215.64,30.54,29.92,46.87,1008.87
2398,215.73,30.54,29.91,46.84,1008.87
2399,215.82,30.54,29.92,46.80,1008.87
2400,215.91,30.54,29.91,46.82,1008.87
2401,216.00,30.54,29.91,46.78,1008.88
2402,216.09,30.53,29.90,46.77,1008.88
2403,216.18,30.52,29.91,46.73,1008.88
2404,216.27,30.50,29.90,46.70,1008.88
2405,216.36,30.50,29.90,46.68,1008.87
2406,216.45,30.51,29.88,46.68,1008.87
2407,216.54,30.51,29.89,46.63,1008.87
2408,216.63,30.50,29.89,46.60,1008.88
2409,216.72,30.51,29.89,46.61,1008.87
2410,216.81,30.50,29.88,46.58,1008.87
2411,216.90,30.51,29.88,46.56,1008.87
2412,216.99,30.50,29.88,46.56,1008.87
2413,217.08,30.49,29.87,46.56,1008.87
2414,217.17,30.49,29.88,46.56,1008.87
2415,217.26,30.48,29.87,46.55,1008.87
2416,217.35,30.48,29.87,46.56,1008.87
2417,217.44,30.48,29.87,46.56,1008.87
2418,217.53,30.46,29.86,46.55,1008.88
2419,217.62,30.46,29.84,46.58,1008.88
2420,217.71,30.46,29.84,46.56,1008.88
2421,217.80,30.46,29.83,46.55,1008.88
2422,217.89,30.45,29.82,46.54,1008.88
2423,217.98,30.45,29.83,46.53,1008.88
2424,218.07,30.46,29.83,46.51,1008.88
2425,218.16,30.45,29.82,46.50,1008.88
2426,218.25,30.44,29.82,46.50,1008.88
2427,218.34,30.44,29.82,46.47,1008.88
2428,218.43,30.44,29.82,46.46,1008.87
2429,218.52,30.42,29.81,46.46,1008.88
2430,218.61,30.41,29.82,46.48,1008.87
2431,218.70,30.40,29.82,46.45,1008.88
2432,218.79,30.38,29.82,46.51,1008.87
2433,218.88,30.38,29.83,46.53,1008.88
2434,218.97,30.36,29.83,46.54,1008.88
2435,219.06,30.35,29.83,46.53,1008.87
2436,219.15,30.34,29.84,46.52,1008.87
2437,219.24,30.33,29.83,46.53,1008.87
2438,219.33,30.32,29.83,46.52,1008.87
2439,219.42,30.31,29.84,46.53,1008.86
2440,219.51,30.31,29.84,46.56,1008.86
2441,219.60,30.29,29.84,46.60,1008.86
2442,219.69,30.28,29.85,46.59,1008.86
2443,219.78,30.28,29.83,46.61,1008.86
2444,219.87,30.27,29.83,46.64,1008.86
2445,219.96,30.28,29.84,46.64,1008.86
2446,220.05,30.28,29.71,46.63,1008.86
2447,220.14,30.28,29.84,46.61,1008.86
2448,220.23,30.27,29.82,46.62,1008.86
2449,220.32,30.28,29.84,46.66,1008.86
2450,220.41,30.28,29.83,46.65,1008.86
2451,220.50,30.29,29.83,46.66,1008.86
2452,220.59,30.29,29.83,46.69,1008.86
2453,220.68,30.30,29.82,46.72,1008.86
2454,220.77,30.30,29.82,46.74,1008.86
2455,220.86,30.31,29.82,46.72,1008.86
2456,220.95,30.32,29.82,46.70,1008.86
2457,221.04,30.33,29.82,46.70,1008.86
2458,221.13,30.34,29.82,46.70,1008.86
2459,221.22,30.35,29.82,46.69,1008.86
2460,221.31,30.36,29.81,46.71,1008.86
2461,221.40,30.37,29.81,46.72,1008.86
2462,221.49,30.37,29.80,46.75,1008.86
2463,221.58,30.38,29.81,46.77,1008.86
2464,221.67,30.38,29.81,46.78,1008.86
2465,221.76,30.37,29.80,46.82,1008.86
2466,221.85,30.39,29.80,46.84,1008.85
2467,221.94,30.38,29.80,46.87,1008.85
2468,222.03,30.38,29.81,46.84,1008.85
2469,222.12,30.39,29.81,46.85,1008.85
2470,222.21,30.39,29.80,46.87,1008.85
2471,222.30,30.41,29.79,46.82,1008.85
2472,222.39,30.40,29.79,46.84,1008.85
2473,222.48,30.40,29.78,46.84,1008.85
2474,222.57,30.40,29.77,46.82,1008.85
2475,222.66,30.40,29.76,46.83,1008.85
2476,222.75,30.40,29.75,46.84,1008.86
2477,222.84,30.41,29.74,46.86,1008.94
2478,222.93,30.40,29.73,46.88,1008.85
2479,223.02,30.41,29.73,46.87,1008.87
2480,223.11,30.42,29.73,46.89,1008.86
2481,223.20,30.41,29.73,46.87,1008.86
2482,223.29,30.41,29.72,46.87,1008.86
2483,223.38,30.41,29.72,46.89,1008.86
2484,223.47,30.41,29.72,46.87,1008.86
2485,223.56,30.41,29.71,46.86,1008.86
2486,223.65,30.42,29.72,46.87,1008.86
2487,223.74,30.41,29.72,46.90,1008.86
2488,223.83,30.41,29.72,46.88,1008.87
2489,223.92,30.41,29.71,46.87,1008.87
2490,224.01,30.41,29.71,46.92,1008.87
2491,224.10,30.40,29.72,46.89,1008.88
2492,224.19,30.40,29.72,46.90,1008.88
2493,224.28,30.40,29.71,46.93,1008.88
2494,224.37,30.40,29.72,46.91,1008.88
2495,224.46,30.39,29.71,46.93,1008.87
2496,224.55,30.39,29.71,46.96,1008.87
2497,224.64,30.40,29.71,46.94,1008.87
2498,224.73,30.38,29.71,46.94,1008.87
2499,224.82,30.38,29.71,46.94,1008.87
2500,224.91,30.38,29.72,46.94,1008.88
2501,225.00,30.37,29.71,46.90,1008.88
2502,225.09,30.37,29.71,46.91,1008.88
2503,225.18,30.36,29.71,46.94,1008.88
2504,225.27,30.36,29.72,46.91,1008.88
2505,225.36,30.35,29.72,46.92,1008.88
2506,225.45,30.35,29.71,46.91,1008.88
2507,225.54,30.34,29.70,46.93,1008.88
2508,225.63,30.33,29.69,46.90,1008.88
2509,225.72,30.32,29.70,46.87,1008.88
2510,225.81,30.32,29.70,46.85,1008.88
2511,225.90,30.32,29.69,46.87,1008.89
2512,225.99,30.32,29.69,46.88,1008.89
2513,226.08,30.31,29.68,46.87,1008.89
2514,226.17,30.30,29.67,46.85,1008.88
2515,226.26,30.30,29.68,46.88,1008.88
2516,226.35,30.30,29.69,46.87,1008.88
2517,226.44,30.30,29.70,46.86,1008.89
2518,226.53,30.29,29.69,46.87,1008.89
2519,226.62,30.28,29.69,46.85,1008.89
2520,226.71,30.28,29.69,46.84,1008.89
2521,226.80,30.28,29.70,46.84,1008.89
2522,226.89,30.28,29.70,46.81,1008.89
2523,226.98,30.28,29.69,46.84,1008.89
2524,227.07,30.27,29.69,46.82,1008.88
2525,227.16,30.26,29.70,46.82,1008.88
2526,227.25,30.26,29.70,46.84,1008.88
2527,227.34,30.26,29.68,46.82,1008.88
2528,227.43,30.25,29.67,46.84,1008.88
2529,227.52,30.25,29.68,46.83,1008.88
2530,227.61,30.24,29.67,46.81,1008.88
2531,227.70,30.24,29.66,46.79,1008.88
2532,227.79,30.23,29.66,46.81,1008.88
2533,227.88,30.23,29.66,46.76,1008.87
2534,227.97,30.23,29.66,46.76,1008.87
2535,228.06,30.22,29.65,46.78,1008.87
2536,228.15,30.22,29.64,46.75,1008.87
2537,228.24,30.21,29.64,46.75,1008.87
2538,228.33,30.20,29.64,46.73,1008.87
2539,228.42,30.20,29.63,46.68,1008.87
2540,228.51,30.20,29.61,46.70,1008.87
2541,228.60,30.19,29.61,46.70,1008.87
2542,228.69,30.19,29.62,46.67,1008.87
2543,228.78,30.19,29.62,46.67,1008.87
2544,228.87,30.19,29.62,46.69,1008.87
2545,228.96,30.19,29.62,46.68,1008.87
2546,229.05,30.20,29.62,46.67,1008.87
2547,229.14,30.20,29.61,46.69,1008.86
2548,229.23,30.20,29.61,46.70,1008.87
2549,229.32,30.19,29.59,46.67,1008.87
2550,229.41,30.18,29.60,46.68,1008.87
2551,229.50,30.18,29.59,46.71,1008.87
2552,229.59,30.18,29.59,46.73,1008.87
2553,229.68,30.17,29.59,46.73,1008.87
2554,229.77,30.18,29.59,46.74,1008.88
2555,229.86,30.17,29.59,46.75,1008.88
2556,229.95,30.17,29.59,46.71,1008.88
2557,230.04,30.17,29.60,46.70,1008.88
2558,230.13,30.16,29.60,46.69,1008.88
2559,230.22,30.16,29.60,46.66,1008.88
2560,230.31,30.15,29.59,46.67,1008.88
2561,230.40,30.15,29.60,46.65,1008.89
2562,230.49,30.15,29.60,46.61,1008.88
2563,230.58,30.14,29.60,46.61,1008.88
2564,230.67,30.13,29.59,46.62,1008.89
2565,230.76,30.14,29.60,46.64,1008.89
2566,230.85,30.13,29.58,46.69,1008.89
2567,230.94,30.13,29.59,46.68,1008.90
2568,231.03,30.12,29.58,46.68,1008.89
2569,231.12,30.12,29.59,46.71,1008.90
2570,231.21,30.12,29.59,46.74,1008.89
2571,231.30,30.11,29.58,46.71,1008.89
2572,231.39,30.12,29.58,46.72,1008.90
2573,231.48,30.12,29.58,46.73,1008.90
2574,231.57,30.10,29.57,46.74,1008.90
2575,231.66,30.10,29.57,46.77,1008.90
2576,231.75,30.10,29.55,46.78,1008.90
2577,231.84,30.11,29.56,46.78,1008.90
2578,231.93,30.10,29.56,46.75,1008.90
2579,232.02,30.10,29.56,46.73,1008.90
2580,232.11,30.09,29.55,46.73,1008.91
2581,232.20,30.09,29.55,46.70,1008.91
2582,232.29,30.08,29.55,46.73,1008.91
2583,232.38,30.08,29.56,46.70,1008.92
2584,232.47,30.07,29.54,46.66,1008.92
2585,232.56,30.07,29.54,46.62,1008.92
2586,232.65,30.07,29.53,46.60,1008.92
2587,232.74,30.07,29.55,46.62,1008.92
2588,232.83,30.06,29.54,46.60,1008.92
2589,232.92,30.07,29.54,46.59,1008.92
2590,233.01,30.06,29.55,46.57,1008.92
2591,233.10,30.06,29.53,46.56,1008.92
2592,233.19,30.07,29.54,46.58,1008.92
2593,233.28,30.07,29.52,46.58,1008.92
2594,233.37,30.06,29.51,46.57,1008.91
2595,233.46,30.06,29.50,46.56,1008.91
2596,233.55,30.06,29.51,46.56,1008.91
2597,233.64,30.06,29.51,46.56,1008.91
2598,233.73,30.05,29.51,46.54,1008.91
2599,233.82,30.05,29.50,46.54,1008.91
2600,233.91,30.05,29.50,46.56,1008.91
2601,234.00,30.05,29.50,46.51,1008.91
2602,234.09,30.04,29.50,46.52,1008.91
2603,234.18,30.04,29.49,46.49,1008.91
2604,234.27,30.04,29.50,46.48,1008.90
2605,234.36,30.03,29.49,46.49,1008.90
2606,234.45,30.03,29.49,46.47,1008.90
2607,234.54,30.02,29.49,46.47,1008.90
2608,234.63,30.03,29.50,46.46,1008.90
2609,234.72,30.02,29.49,46.43,1008.90
2610,234.81,30.01,29.49,46.42,1008.90
2611,234.90,30.00,29.49,46.42,1008.90
2612,234.99,30.01,29.48,46.41,1008.90
2613,235.08,30.01,29.48,46.44,1008.90
2614,235.17,30.02,29.48,46.45,1008.90
2615,235.26,30.02,29.47,46.45,1008.89
2616,235.35,30.03,29.48,46.41,1008.89
2617,235.44,30.01,29.48,46.42,1008.89
2618,235.53,30.01,29.48,46.44,1008.88
2619,235.62,30.01,29.48,46.44,1008.88
2620,235.71,30.01,29.49,46.44,1008.88
2621,235.80,30.01,29.50,46.48,1008.89
2622,235.89,30.02,29.51,46.46,1008.89
2623,235.98,30.02,29.50,46.51,1008.88
2624,236.07,30.02,29.50,46.52,1008.88
2625,236.16,30.01,29.50,46.50,1008.88
2626,236.25,30.01,29.50,46.51,1008.88
2627,236.34,30.01,29.51,46.53,1008.88
2628,236.43,30.02,29.51,46.53,1008.88
2629,236.52,30.02,29.51,46.53,1008.88
2630,236.61,30.01,29.49,46.55,1008.88
2631,236.70,30.02,29.48,46.57,1008.88
2632,236.79,30.03,29.48,46.56,1008.88
2633,236.88,30.02,29.49,46.57,1008.88
2634,236.97,30.02,29.49,46.59,1008.87
2635,237.06,30.01,29.49,46.58,1008.87
2636,237.15,30.01,29.49,46.62,1008.87
2637,237.24,30.00,29.50,46.58,1008.87
2638,237.33,30.00,29.50,46.58,1008.87
2639,237.42,30.00,29.49,46.60,1008.87
2640,237.51,29.99,29.47,46.62,1008.88
2641,237.60,29.98,29.46,46.65,1008.88
2642,237.69,29.99,29.46,46.65,1008.88
2643,237.78,29.98,29.45,46.61,1008.88
2644,237.87,29.98,29.45,46.62,1008.88
2645,237.96,29.99,29.46,46.61,1008.88
2646,238.05,29.98,29.45,46.62,1008.89
2647,238.14,29.98,29.46,46.59,1008.89
2648,238.23,29.99,29.47,46.58,1008.89
2649,238.32,29.99,29.46,46.56,1008.89
2650,238.41,30.00,29.46,46.56,1008.90
2651,238.50,30.00,29.46,46.57,1008.90
2652,238.59,30.00,29.46,46.57,1008.90
2653,238.68,29.99,29.45,46.55,1008.90
2654,238.77,29.99,29.45,46.55,1008.90
2655,238.86,29.99,29.45,46.52,1008.90
2656,238.95,30.00,29.44,46.54,1008.90
2657,239.04,29.99,29.43,46.51,1008.90
2658,239.13,30.00,29.41,46.52,1008.90
2659,239.22,29.98,29.41,46.56,1008.90
2660,239.31,29.99,29.40,46.56,1008.91
2661,239.40,29.99,29.40,46.54,1008.91
2662,239.49,29.98,29.37,46.55,1008.91
2663,239.58,29.98,29.37,46.55,1008.91
2664,239.67,29.98,29.37,46.53,1008.91
2665,239.76,29.97,29.36,46.52,1008.90
2666,239.85,29.96,29.36,46.56,1008.91
2667,239.94,29.97,29.37,46.59,1008.90
2668,240.03,29.97,29.37,46.55,1008.90
2669,240.12,29.96,29.37,46.57,1008.90
2670,240.21,29.96,29.37,46.59,1008.90
2671,240.30,29.95,29.36,46.61,1008.90
2672,240.39,29.95,29.37,46.61,1008.89
2673,240.48,29.94,29.37,46.63,1008.90
2674,240.57,29.94,29.36,46.62,1008.90
2675,240.66,29.95,29.36,46.61,1008.90
2676,240.75,29.95,29.36,46.63,1008.90
2677,240.84,29.94,29.37,46.62,1008.90
2678,240.93,29.95,29.37,46.61,1008.90
2679,241.02,29.95,29.36,46.60,1008.90
2680,241.11,29.94,29.37,46.58,1008.89
2681,241.20,29.94,29.36,46.58,1008.89
2682,241.29,29.94,29.36,46.57,1008.89
2683,241.38,29.93,29.36,46.59,1008.89
2684,241.47,29.93,29.36,46.59,1008.89
2685,241.56,29.95,29.35,46.60,1008.88
2686,241.65,29.94,29.35,46.58,1008.88
2687,241.74,29.93,29.35,46.61,1008.88
2688,241.83,29.93,29.35,46.60,1008.88
2689,241.92,29.91,29.36,46.56,1008.88
2690,242.01,29.90,29.36,46.59,1008.88
2691,242.10,29.89,29.36,46.61,1008.88
2692,242.19,29.89,29.36,46.62,1008.88
2693,242.28,29.89,29.36,46.63,1008.88
2694,242.37,29.89,29.36,46.58,1008.88
2695,242.46,29.89,29.36,46.59,1008.87
2696,242.55,29.89,29.36,46.59,1008.87
2697,242.64,29.89,29.36,46.56,1008.87
2698,242.73,29.89,29.34,46.58,1008.87
2699,242.82,29.87,29.34,46.56,1008.86
2700,242.91,29.86,29.34,46.58,1008.86
2701,243.00,29.86,29.32,46.57,1008.86
2702,243.09,29.86,29.32,46.57,1008.86
2703,243.18,29.86,29.33,46.61,1008.85
2704,243.27,29.85,29.33,46.62,1008.86
2705,243.36,29.85,29.33,46.62,1008.85
2706,243.45,29.86,29.34,46.65,1008.85
2707,243.54,29.86,29.32,46.64,1008.85
2708,243.63,29.86,29.32,46.64,1008.85
2709,243.72,29.85,29.33,46.62,1008.85
2710,243.81,29.85,29.31,46.62,1008.86
2711,243.90,29.84,29.32,46.60,1008.86
2712,243.99,29.84,29.31,46.62,1008.85
2713,244.08,29.84,29.32,46.61,1008.86
2714,244.17,29.83,29.33,46.63,1008.85
2715,244.26,29.83,29.33,46.60,1008.85
2716,244.35,29.83,29.32,46.58,1008.85
2717,244.44,29.82,29.32,46.57,1008.85
2718,244.53,29.82,29.33,46.60,1008.85
2719,244.62,29.83,29.33,46.57,1008.86
2720,244.71,29.83,29.32,46.56,1008.86
2721,244.80,29.83,29.32,46.54,1008.86
2722,244.89,29.82,29.31,46.54,1008.87
2723,244.98,29.82,29.32,46.56,1008.87
2724,245.07,29.82,29.31,46.53,1008.87
2725,245.16,29.81,29.31,46.50,1008.86
2726,245.25,29.80,29.31,46.49,1008.86
2727,245.34,29.79,29.29,46.48,1008.86
2728,245.43,29.79,29.30,46.49,1008.87
2729,245.52,29.79,29.29,46.49,1008.87
2730,245.61,29.79,29.31,46.50,1008.87
2731,245.70,29.79,29.30,46.53,1008.87
2732,245.79,29.80,29.29,46.57,1008.87
2733,245.88,29.80,29.29,46.56,1008.87
2734,245.97,29.79,29.28,46.55,1008.87
2735,246.06,29.80,29.28,46.55,1008.87
2736,246.15,29.79,29.28,46.58,1008.88
2737,246.24,29.80,29.28,46.56,1008.87
2738,246.33,29.80,29.29,46.56,1008.88
2739,246.42,29.79,29.29,46.55,1008.87
2740,246.51,29.79,29.30,46.56,1008.88
2741,246.60,29.79,29.30,46.58,1008.88
2742,246.69,29.80,29.31,46.60,1008.88
2743,246.78,29.79,29.31,46.60,1008.88
2744,246.87,29.79,29.31,46.57,1008.89
2745,246.96,29.78,29.32,46.59,1008.88
2746,247.05,29.78,29.32,46.58,1008.89
2747,247.14,29.78,29.31,46.57,1008.89
2748,247.23,29.78,29.30,46.57,1008.89
2749,247.32,29.77,29.29,46.56,1008.89
2750,247.41,29.78,29.30,46.57,1008.89
2751,247.50,29.77,29.31,46.57,1008.89
2752,247.59,29.78,29.30,46.57,1008.89
2753,247.68,29.78,29.31,46.57,1008.89
2754,247.77,29.79,29.31,46.58,1008.89
2755,247.86,29.78,29.30,46.60,1008.89
2756,247.95,29.79,29.30,46.60,1008.89
2757,248.04,29.79,29.30,46.60,1008.89
2758,248.13,29.78,29.30,46.58,1008.89
2759,248.22,29.79,29.29,46.59,1008.88
2760,248.31,29.80,29.27,46.61,1008.88
2761,248.40,29.79,29.27,46.60,1008.88
2762,248.49,29.78,29.27,46.61,1008.88
2763,248.58,29.78,29.27,46.63,1008.88
2764,248.67,29.79,29.27,46.61,1008.88
2765,248.76,29.78,29.27,46.64,1008.87
2766,248.85,29.78,29.26,46.63,1008.87
2767,248.94,29.77,29.26,46.62,1008.87
2768,249.03,29.78,29.25,46.60,1008.87
2769,249.12,29.78,29.24,46.61,1008.87
2770,249.21,29.77,29.23,46.62,1008.87
2771,249.30,29.76,29.23,46.59,1008.86
2772,249.39,29.77,29.23,46.59,1008.86
2773,249.48,29.76,29.22,46.57,1008.86
2774,249.57,29.76,29.22,46.56,1008.86
2775,249.66,29.76,29.22,46.59,1008.86
2776,249.75,29.75,29.22,46.58,1008.86
2777,249.84,29.75,29.22,46.55,1008.86
2778,249.93,29.75,29.22,46.55,1008.86
2779,250.02,29.74,29.20,46.55,1008.86
2780,250.11,29.74,29.20,46.50,1008.86
2781,250.20,29.75,29.21,46.50,1008.86
2782,250.29,29.74,29.21,46.53,1008.86
2783,250.38,29.75,29.22,46.54,1008.86
2784,250.47,29.75,29.21,46.53,1008.85
2785,250.56,29.74,29.22,46.53,1008.86
2786,250.65,29.74,29.22,46.55,1008.85
2787,250.74,29.74,29.21,46.54,1008.85
2788,250.83,29.73,29.19,46.55,1008.85
2789,250.92,29.72,29.19,46.54,1008.85
2790,251.01,29.73,29.19,46.52,1008.85
2791,251.10,29.72,29.19,46.49,1008.85
2792,251.19,29.71,29.19,46.48,1008.85
2793,251.28,29.71,29.18,46.52,1008.85
2794,251.37,29.71,29.19,46.54,1008.85
2795,251.46,29.71,29.20,46.52,1008.85
2796,251.55,29.71,29.20,46.53,1008.85
2797,251.64,29.71,29.20,46.55,1008.85
2798,251.73,29.71,29.20,46.58,1008.86
2799,251.82,29.71,29.20,46.55,1008.86
2800,251.91,29.71,29.19,46.55,1008.86
2801,252.00,29.71,29.19,46.58,1008.86
2802,252.09,29.71,29.20,46.58,1008.86
2803,252.18,29.71,29.20,46.58,1008.87
2804,252.27,29.70,29.20,46.60,1008.87
2805,252.36,29.70,29.20,46.57,1008.86
2806,252.45,29.69,29.20,46.55,1008.86
2807,252.54,29.70,29.20,46.57,1008.86
2808,252.63,29.70,29.20,46.58,1008.86
2809,252.72,29.71,29.20,46.59,1008.86
2810,252.81,29.70,29.19,46.60,1008.86
2811,252.90,29.70,29.19,46.59,1008.87
2812,252.99,29.69,29.20,46.58,1008.87
2813,253.08,29.69,29.20,46.59,1008.87
2814,253.17,29.68,29.19,46.58,1008.87
2815,253.26,29.67,29.20,46.58,1008.87
2816,253.35,29.67,29.20,46.60,1008.87
2817,253.44,29.67,29.20,46.58,1008.88
2818,253.53,29.66,29.19,46.61,1008.88
2819,253.62,29.66,29.18,46.65,1008.88
2820,253.71,29.66,29.17,46.63,1008.88
2821,253.80,29.66,29.18,46.63,1008.88
2822,253.89,29.65,29.19,46.62,1008.88
2823,253.98,29.65,29.19,46.62,1008.88
2824,254.07,29.65,29.19,46.63,1008.88
2825,254.16,29.64,29.19,46.62,1008.89
2826,254.25,29.64,29.19,46.63,1008.89
2827,254.34,29.63,29.19,46.63,1008.89
2828,254.43,29.63,29.19,46.62,1008.88
2829,254.52,29.63,29.18,46.61,1008.89
2830,254.61,29.63,29.16,46.64,1008.89
2831,254.70,29.64,29.15,46.64,1008.89
2832,254.79,29.64,29.15,46.62,1008.89
2833,254.88,29.64,29.15,46.62,1008.89
2834,254.97,29.64,29.15,46.60,1008.89
2835,255.06,29.63,29.15,46.60,1008.89
2836,255.15,29.63,29.14,46.65,1008.89
2837,255.24,29.63,29.14,46.65,1008.89
2838,255.33,29.63,29.12,46.66,1008.89
2839,255.42,29.63,29.12,46.65,1008.89
2840,255.51,29.62,29.11,46.66,1008.89
2841,255.60,29.63,29.11,46.69,1008.89
2842,255.69,29.63,29.10,46.64,1008.89
2843,255.78,29.62,29.10,46.63,1008.89
2844,255.87,29.62,29.11,46.63,1008.89
2845,255.96,29.62,29.09,46.61,1008.89
2846,256.05,29.62,29.09,46.58,1008.89
2847,256.14,29.60,29.09,46.56,1008.89
2848,256.23,29.59,29.08,46.58,1008.89
2849,256.32,29.59,29.08,46.58,1008.88
2850,256.41,29.59,29.09,46.55,1008.89
2851,256.50,29.59,29.10,46.53,1008.89
2852,256.59,29.60,29.09,46.55,1008.89
2853,256.68,29.60,29.09,46.55,1008.89
2854,256.77,29.60,29.09,46.59,1008.89
2855,256.86,29.59,29.09,46.60,1008.90
2856,256.95,29.59,29.11,46.61,1008.90
2857,257.04,29.59,29.11,46.59,1008.91
2858,257.13,29.60,29.12,46.58,1008.91
2859,257.22,29.59,29.11,46.60,1008.92
2860,257.31,29.59,29.11,46.62,1008.93
2861,257.40,29.57,29.11,46.61,1008.93
2862,257.49,29.57,29.11,46.62,1008.94
2863,257.58,29.56,29.12,46.58,1008.94
2864,257.67,29.55,29.13,46.58,1008.94
2865,257.76,29.55,29.12,46.57,1008.94
2866,257.85,29.56,29.12,46.57,1008.95
2867,257.94,29.56,29.11,46.59,1008.95
2868,258.03,29.56,29.11,46.55,1008.95
2869,258.12,29.57,29.10,46.58,1008.95
2870,258.21,29.56,29.11,46.60,1008.95
2871,258.30,29.56,29.11,46.60,1008.95
2872,258.39,29.56,29.10,46.58,1008.95
2873,258.48,29.56,29.11,46.58,1008.94
2874,258.57,29.55,29.11,46.60,1008.94
2875,258.66,29.55,29.11,46.62,1008.93
2876,258.75,29.55,29.11,46.64,1008.93
2877,258.84,29.55,29.09,46.65,1008.92
2878,258.93,29.56,29.10,46.67,1008.91
2879,259.02,29.55,29.10,46.66,1008.91
2880,259.11,29.56,29.10,46.65,1008.91
2881,259.20,29.56,29.10,46.67,1008.90
2882,259.29,29.57,29.10,46.66,1008.90
2883,259.38,29.56,29.09,46.66,1008.89
2884,259.47,29.55,29.10,46.67,1008.90
2885,259.56,29.56,29.10,46.64,1008.90
2886,259.65,29.56,29.09,46.65,1008.89
2887,259.74,29.56,29.10,46.65,1008.89
2888,259.83,29.56,29.10,46.62,1008.89
2889,259.92,29.55,29.09,46.59,1008.89
2890,260.01,29.55,29.08,46.61,1008.89
2891,260.10,29.55,29.08,46.63,1008.89
2892,260.19,29.54,29.09,46.65,1008.89
2893,260.28,29.54,29.07,46.64,1008.90
2894,260.37,29.54,29.07,46.63,1008.90
2895,260.46,29.55,29.07,46.64,1008.90
2896,260.55,29.55,29.05,46.64,1008.90
2897,260.64,29.55,29.05,46.62,1008.90
2898,260.73,29.55,29.04,46.63,1008.90
2899,260.82,29.56,29.03,46.65,1008.89
2900,260.91,29.55,29.03,46.59,1008.90
2901,261.00,29.54,29.03,46.55,1008.90
2902,261.09,29.54,29.03,46.55,1008.89
2903,261.18,29.54,29.03,46.55,1008.90
2904,261.27,29.54,29.01,46.58,1008.90
2905,261.36,29.55,29.01,46.57,1008.90
2906,261.45,29.54,29.01,46.56,1008.90
2907,261.54,29.55,29.01,46.55,1008.90
2908,261.63,29.54,29.01,46.55,1008.90
2909,261.72,29.54,29.01,46.53,1008.90
2910,261.81,29.54,29.02,46.55,1008.90
2911,261.90,29.55,29.01,46.57,1008.90
2912,261.99,29.54,29.01,46.56,1008.90
2913,262.08,29.54,29.01,46.55,1008.90
2914,262.17,29.53,29.02,46.61,1008.90
2915,262.26,29.52,29.01,46.62,1008.90
2916,262.35,29.52,29.02,46.63,1008.90
2917,262.44,29.52,29.02,46.67,1008.90
2918,262.53,29.52,29.02,46.69,1008.90
2919,262.62,29.52,29.03,46.68,1008.90
2920,262.71,29.52,29.03,46.64,1008.90
2921,262.80,29.53,29.04,46.66,1008.90
2922,262.89,29.52,29.04,46.66,1008.90
2923,262.98,29.52,29.04,46.65,1008.90
2924,263.07,29.51,29.04,46.64,1008.90
2925,263.16,29.51,29.02,46.63,1008.91
2926,263.25,29.52,29.00,46.64,1008.91
2927,263.34,29.51,29.00,46.65,1008.90
2928,263.43,29.50,29.01,46.62,1008.90
2929,263.52,29.49,29.01,46.62,1008.90
2930,263.61,29.49,29.01,46.62,1008.90
2931,263.70,29.49,29.01,46.59,1008.90
2932,263.79,29.48,29.01,46.58,1008.90
2933,263.88,29.48,29.01,46.60,1008.90
2934,263.97,29.48,29.00,46.62,1008.90
2935,264.06,29.48,29.00,46.60,1008.90
2936,264.15,29.48,29.00,46.59,1008.91
2937,264.24,29.48,29.00,46.60,1008.91
2938,264.33,29.49,29.01,46.58,1008.91
2939,264.42,29.49,29.01,46.59,1008.91
2940,264.51,29.48,28.99,46.61,1008.91
2941,264.60,29.48,28.99,46.60,1008.91
2942,264.69,29.47,28.99,46.61,1008.91
2943,264.78,29.46,28.98,46.62,1008.90
2944,264.87,29.46,28.98,46.60,1008.91
2945,264.96,29.47,28.99,46.60,1008.91
2946,265.05,29.46,28.98,46.57,1008.91
2947,265.14,29.47,28.98,46.55,1008.91
2948,265.23,29.47,28.98,46.56,1008.91
2949,265.32,29.46,28.97,46.55,1008.90
2950,265.41,29.45,28.97,46.55,1008.90
2951,265.50,29.45,28.97,46.52,1008.90
2952,265.59,29.45,28.97,46.56,1008.90
2953,265.68,29.45,28.97,46.56,1008.90
2954,265.77,29.45,28.96,46.59,1008.90
2955,265.86,29.44,28.97,46.61,1008.90
2956,265.95,29.44,28.96,46.62,1008.90
2957,266.04,29.43,28.95,46.63,1008.90
2958,266.13,29.43,28.95,46.60,1009.00
2959,266.22,29.42,28.95,46.58,1008.94
2960,266.31,29.42,28.94,46.58,1008.91
2961,266.40,29.42,28.94,46.58,1008.89
2962,266.49,29.43,28.94,46.59,1008.89
2963,266.58,29.43,28.94,46.56,1008.89
2964,266.67,29.42,28.95,46.58,1008.89
2965,266.76,29.42,28.95,46.61,1008.89
2966,266.85,29.42,28.95,46.61,1008.89
2967,266.94,29.42,28.95,46.62,1008.89
2968,267.03,29.41,28.96,46.61,1008.89
2969,267.12,29.40,28.95,46.63,1008.89
2970,267.21,29.39,28.94,46.63,1008.89
2971,267.30,29.40,28.94,46.63,1008.89
2972,267.39,29.39,28.94,46.62,1008.90
2973,267.48,29.40,28.94,46.61,1008.89
2974,267.57,29.40,28.94,46.58,1008.90
2975,267.66,29.40,28.93,46.60,1008.89
2976,267.75,29.40,28.93,46.60,1008.90
2977,267.84,29.40,28.92,46.59,1008.89
2978,267.93,29.40,28.92,46.57,1008.89
2979,268.02,29.39,28.92,46.56,1008.89
2980,268.11,29.39,28.92,46.57,1008.89
2981,268.20,29.39,28.92,46.58,1008.89
2982,268.29,29.38,28.93,46.58,1008.89
2983,268.38,29.39,28.93,46.57,1008.89
2984,268.47,29.39,28.93,46.58,1008.88
2985,268.56,29.39,28.92,46.57,1008.89
2986,268.65,29.38,28.92,46.56,1008.89
2987,268.74,29.38,28.92,46.56,1008.89
2988,268.83,29.37,28.91,46.56,1008.89
2989,268.92,29.37,28.91,46.56,1008.89
2990,269.01,29.37,28.90,46.56,1008.89
2991,269.10,29.36,28.90,46.54,1008.89
2992,269.19,29.36,28.91,46.58,1008.89
2993,269.28,29.36,28.93,46.59,1008.89
2994,269.37,29.36,28.92,46.58,1008.89
2995,269.46,29.36,28.92,46.59,1008.89
2996,269.55,29.37,28.93,46.59,1008.88
2997,269.64,29.37,28.94,46.56,1008.89
2998,269.73,29.38,28.94,46.54,1008.89
2999,269.82,29.38,28.95,46.55,1008.89
3000,269.91,29.38,28.95,46.53,1008.89
3001,270.00,29.37,28.96,46.53,1008.89
3002,270.09,29.37,28.96,46.51,1008.89
3003,270.18,29.36,28.95,46.53,1008.88
3004,270.27,29.37,28.94,46.50,1008.88
3005,270.36,29.37,28.93,46.51,1008.88
3006,270.45,29.37,28.91,46.56,1008.88
3007,270.54,29.36,28.91,46.54,1008.88
3008,270.63,29.36,28.91,46.53,1008.88
3009,270.72,29.36,28.91,46.56,1008.88
3010,270.81,29.37,28.91,46.56,1008.88
3011,270.90,29.37,28.89,46.57,1008.88
3012,270.99,29.37,28.89,46.59,1008.89
3013,271.08,29.36,28.89,46.57,1008.89
3014,271.17,29.36,28.89,46.57,1008.89
3015,271.26,29.35,28.89,46.57,1008.89
3016,271.35,29.37,28.89,46.58,1008.89
3017,271.44,29.37,28.88,46.58,1008.89
3018,271.53,29.36,28.89,46.59,1008.89
3019,271.62,29.35,28.88,46.59,1008.89
3020,271.71,29.34,28.88,46.55,1008.88
3021,271.80,29.34,28.89,46.55,1008.88
3022,271.89,29.34,28.89,46.54,1008.88
3023,271.98,29.35,28.88,46.10,1008.88
3024,272.07,29.34,28.88,46.56,1008.88
3025,272.16,29.35,28.88,46.55,1008.88
3026,272.25,29.35,28.87,46.54,1008.88
3027,272.34,29.34,28.86,46.54,1008.88
3028,272.43,29.34,28.88,46.54,1008.88
3029,272.52,29.35,28.87,46.53,1008.88
3030,272.61,29.34,28.88,46.51,1008.88
3031,272.70,29.34,28.87,46.51,1008.88
3032,272.79,29.35,28.86,46.51,1008.88
3033,272.88,29.35,28.86,46.50,1008.88
3034,272.97,29.35,28.86,46.55,1008.88
3035,273.06,29.35,28.85,46.59,1008.88
3036,273.15,29.35,28.85,46.60,1008.88
3037,273.24,29.34,28.84,46.61,1008.88
3038,273.33,29.35,28.85,46.63,1008.88
3039,273.42,29.36,28.86,46.63,1008.88
3040,273.51,29.35,28.85,46.67,1008.88
3041,273.60,29.35,28.85,46.68,1008.88
3042,273.69,29.35,28.86,46.69,1008.87
3043,273.78,29.34,28.86,46.70,1008.88
3044,273.87,29.34,28.87,46.70,1008.88
3045,273.96,29.34,28.86,46.70,1008.87
3046,274.05,29.32,28.85,46.67,1008.87
3047,274.14,29.31,28.84,46.68,1008.88
3048,274.23,29.31,28.84,46.69,1008.88
3049,274.32,29.31,28.84,46.67,1008.87
3050,274.41,29.31,28.85,46.70,1008.88
3051,274.50,29.31,28.86,46.69,1008.88
3052,274.59,29.30,28.85,46.66,1008.87
3053,274.68,29.30,28.85,46.66,1008.88
3054,274.77,29.29,28.85,46.70,1008.88
3055,274.86,29.29,28.85,46.67,1008.88
3056,274.95,29.29,28.84,46.67,1008.88
3057,275.04,29.28,28.83,46.66,1008.87
3058,275.13,29.28,28.81,46.67,1008.87
3059,275.22,29.28,28.82,46.67,1008.87
3060,275.31,29.28,28.82,46.68,1008.87
3061,275.40,29.28,28.82,46.70,1008.88
3062,275.49,29.27,28.83,46.67,1008.87
3063,275.58,29.26,28.82,46.63,1008.88
3064,275.67,29.26,28.83,46.66,1008.88
3065,275.76,29.27,28.84,46.63,1008.87
3066,275.85,29.27,28.83,46.63,1008.88
3067,275.94,29.27,28.83,46.63,1008.87
3068,276.03,29.26,28.83,46.60,1008.86
3069,276.12,29.27,28.82,46.55,1008.86
3070,276.21,29.27,28.82,46.55,1008.86
3071,276.30,29.26,28.82,46.55,1008.86
3072,276.39,29.26,28.82,46.55,1008.86
3073,276.48,29.26,28.81,46.56,1008.86
3074,276.57,29.25,28.82,46.56,1008.86
3075,276.66,29.25,28.83,46.56,1008.86
3076,276.75,29.24,28.82,46.58,1008.86
3077,276.84,29.24,28.81,46.56,1008.86
3078,276.93,29.25,28.80,46.59,1008.86
3079,277.02,29.25,28.79,46.56,1008.87
3080,277.11,29.25,28.78,46.56,1008.86
3081,277.20,29.25,28.78,46.54,1008.86
3082,277.29,29.25,28.78,46.51,1008.86
3083,277.38,29.25,28.79,46.54,1008.86
3084,277.47,29.25,28.79,46.53,1008.86
3085,277.56,29.25,28.79,46.54,1008.87
3086,277.65,29.25,28.79,46.53,1008.86
3087,277.74,29.25,28.78,46.55,1008.86
3088,277.83,29.25,28.79,46.53,1008.86
3089,277.92,29.24,28.78,46.53,1008.86
3090,278.01,29.24,28.79,46.56,1008.86
3091,278.10,29.24,28.79,46.55,1008.86
3092,278.19,29.24,28.78,46.54,1008.86
3093,278.28,29.24,28.77,46.55,1008.86
3094,278.37,29.24,28.77,46.57,1008.86
3095,278.46,29.24,28.77,46.56,1008.86
3096,278.55,29.24,28.77,46.59,1008.86
3097,278.64,29.23,28.78,46.58,1008.86
3098,278.73,29.24,28.78,46.54,1008.86
3099,278.82,29.24,28.77,46.56,1008.86
3100,278.91,29.24,28.77,46.55,1008.86
3101,279.00,29.24,28.76,46.56,1008.86
3102,279.09,29.24,28.76,46.59,1008.87
3103,279.18,29.25,28.76,46.58,1008.86
3104,279.27,29.25,28.76,46.54,1008.86
3105,279.36,29.26,28.76,46.55,1008.87
3106,279.45,29.25,28.76,46.57,1008.87
3107,279.54,29.25,28.76,46.59,1008.87
3108,279.63,29.24,28.76,46.57,1008.88
3109,279.72,29.22,28.76,46.54,1008.87
3110,279.81,29.22,28.77,46.57,1008.87
3111,279.90,29.22,28.78,46.54,1008.88
3112,279.99,29.22,28.78,46.56,1008.88
3113,280.08,29.22,28.77,46.56,1008.87
3114,280.17,29.21,28.77,46.56,1008.87
3115,280.26,29.20,28.77,46.58,1008.88
3116,280.35,29.19,28.77,46.60,1008.88
3117,280.44,29.19,28.77,46.62,1008.88
3118,280.53,29.20,28.77,46.60,1008.88
3119,280.62,29.20,28.76,46.59,1008.88
3120,280.71,29.19,28.76,46.56,1008.88
3121,280.80,29.20,28.77,46.61,1008.88
3122,280.89,29.20,28.76,46.60,1008.88
3123,280.98,29.20,28.75,46.58,1008.88
3124,281.07,29.21,28.76,46.59,1008.88
3125,281.16,29.21,28.76,46.58,1008.88
3126,281.25,29.20,28.75,46.56,1008.88
3127,281.34,29.20,28.75,46.54,1008.88
3128,281.43,29.20,28.74,46.53,1008.88
3129,281.52,29.20,28.74,46.55,1008.87
3130,281.61,29.20,28.73,46.55,1008.87
3131,281.70,29.20,28.73,46.54,1008.87
3132,281.79,29.20,28.73,46.50,1008.87
3133,281.88,29.20,28.74,46.50,1008.87
3134,281.97,29.21,28.74,46.53,1008.87
3135,282.06,29.21,28.73,46.55,1008.88
3136,282.15,29.20,28.73,46.56,1008.87
3137,282.24,29.20,28.72,46.55,1008.88
3138,282.33,29.21,28.71,46.55,1008.87
3139,282.42,29.20,28.71,46.58,1008.87
3140,282.51,29.20,28.71,46.57,1008.87
3141,282.60,29.20,28.72,46.62,1008.87
3142,282.69,29.19,28.72,46.61,1008.87
3143,282.78,29.18,28.74,46.62,1008.86
3144,282.87,29.18,28.75,46.59,1008.86
3145,282.96,29.17,28.75,46.57,1008.86
3146,283.05,29.17,28.73,46.55,1008.86
3147,283.14,29.17,28.72,46.55,1008.86
3148,283.23,29.17,28.72,46.56,1008.86
3149,283.32,29.17,28.74,46.55,1008.86
3150,283.41,29.16,28.72,46.59,1008.86
3151,283.50,29.17,28.71,46.58,1008.86
3152,283.59,29.16,28.71,46.58,1008.86
3153,283.68,29.17,28.70,46.57,1008.86
3154,283.77,29.18,28.70,46.61,1008.86
3155,283.86,29.18,28.71,46.60,1008.86
3156,283.95,29.18,28.71,46.58,1008.86
3157,284.04,29.17,28.71,46.58,1008.86
3158,284.13,29.17,28.71,46.57,1008.86
3159,284.22,29.16,28.70,46.56,1008.87
3160,284.31,29.16,28.71,46.55,1008.87
3161,284.40,29.15,28.70,46.54,1008.87
3162,284.49,29.16,28.70,46.54,1008.87
3163,284.58,29.16,28.70,46.55,1008.87
3164,284.67,29.16,28.71,46.57,1008.87
3165,284.76,29.15,28.72,46.57,1008.87
3166,284.85,29.14,28.71,46.57,1008.87
3167,284.94,29.14,28.72,46.58,1008.87
3168,285.03,29.14,28.72,46.55,1008.87
3169,285.12,29.14,28.71,46.56,1008.87
3170,285.21,29.14,28.72,46.55,1008.87
3171,285.30,29.15,28.73,46.56,1008.88
3172,285.39,29.15,28.71,46.55,1008.88
3173,285.48,29.15,28.73,46.52,1008.88
3174,285.57,29.15,28.72,46.52,1008.88
3175,285.66,29.16,28.72,46.55,1008.88
3176,285.75,29.15,28.70,46.54,1008.88
3177,285.84,29.15,28.71,46.55,1008.88
3178,285.93,29.14,28.72,46.57,1008.88
3179,286.02,29.13,28.73,46.56,1008.89
3180,286.11,29.14,28.72,46.57,1008.89
3181,286.20,29.14,28.71,46.55,1008.89
3182,286.29,29.13,28.72,46.60,1008.89
3183,286.38,29.13,28.72,46.60,1008.89
3184,286.47,29.13,28.71,46.57,1008.89
3185,286.56,29.13,28.72,46.56,1008.89
3186,286.65,29.13,28.71,46.55,1008.89
3187,286.74,29.13,28.72,46.51,1008.89
3188,286.83,29.14,28.71,46.49,1008.89
3189,286.92,29.13,28.70,46.47,1008.89
3190,287.01,29.12,28.71,46.48,1008.90
3191,287.10,29.11,28.69,46.45,1008.90
3192,287.19,29.12,28.70,46.45,1008.90
3193,287.28,29.12,28.71,46.46,1008.90
3194,287.37,29.13,28.70,46.51,1008.90
3195,287.46,29.13,28.70,46.51,1008.90
3196,287.55,29.12,28.70,46.52,1008.91
3197,287.64,29.11,28.69,46.51,1008.90
3198,287.73,29.11,28.68,46.49,1008.90
3199,287.82,29.10,28.69,46.49,1008.90
3200,287.91,29.09,28.69,46.51,1008.90
3201,288.00,29.09,28.68,46.54,1008.90
3202,288.09,29.09,28.68,46.55,1008.90
3203,288.18,29.09,28.67,46.52,1008.90
3204,288.27,29.08,28.66,46.55,1008.90
3205,288.36,29.08,28.66,46.55,1008.90
3206,288.45,29.08,28.64,46.53,1008.90
3207,288.54,29.08,28.63,46.54,1008.90
3208,288.63,29.08,28.63,46.51,1008.89
3209,288.72,29.08,28.62,46.53,1008.89
3210,288.81,29.08,28.61,46.54,1008.90
3211,288.90,29.07,28.60,46.53,1008.90
3212,288.99,29.07,28.61,46.54,1008.90
3213,289.08,29.08,28.62,46.54,1008.89
3214,289.17,29.07,28.62,46.55,1008.89
3215,289.26,29.07,28.62,46.57,1008.89
3216,289.35,29.08,28.63,46.55,1008.89
3217,289.44,29.08,28.64,46.55,1008.89
3218,289.53,29.08,28.64,46.55,1008.89
3219,289.62,29.08,28.65,46.56,1008.89
3220,289.71,29.07,28.65,46.54,1008.89
3221,289.80,29.07,28.64,46.55,1008.89
3222,289.89,29.07,28.64,46.54,1008.89
3223,289.98,29.06,28.64,46.55,1008.89
3224,290.07,29.05,28.64,46.55,1008.89
3225,290.16,29.05,28.63,46.54,1008.89
3226,290.25,29.06,28.62,46.53,1008.88
3227,290.34,29.06,28.63,46.54,1008.88
3228,290.43,29.07,28.64,46.53,1008.88
3229,290.52,29.06,28.64,46.53,1008.88
3230,290.61,29.06,28.64,46.51,1008.88
3231,290.70,29.05,28.65,46.48,1008.89
3232,290.79,29.04,28.64,46.46,1008.89
3233,290.88,29.05,28.65,46.46,1008.88
3234,290.97,29.05,28.66,46.47,1008.89
3235,291.06,29.05,28.65,46.46,1008.88
3236,291.15,29.04,28.65,46.48,1008.88
3237,291.24,29.05,28.65,46.49,1008.88
3238,291.33,29.05,28.65,46.48,1008.88
3239,291.42,29.05,28.64,46.46,1008.88
3240,291.51,29.06,28.64,46.46,1008.88
3241,291.60,29.06,28.65,46.47,1008.88
3242,291.69,29.05,28.63,46.48,1008.89
3243,291.78,29.06,28.62,46.52,1008.88
3244,291.87,29.06,28.62,46.53,1008.89
3245,291.96,29.05,28.62,46.50,1008.89
3246,292.05,29.05,28.62,46.50,1008.89
3247,292.14,29.05,28.63,46.54,1008.89
3248,292.23,29.04,28.64,46.53,1008.88
3249,292.32,29.04,28.64,46.53,1008.88
3250,292.41,29.03,28.64,46.51,1008.88
3251,292.50,29.04,28.64,46.49,1008.88
3252,292.59,29.04,28.64,46.48,1008.88
3253,292.68,29.03,28.65,46.49,1008.89
3254,292.77,29.03,28.63,46.47,1008.89
3255,292.86,29.03,28.63,46.46,1008.89
3256,292.95,29.04,28.64,46.48,1008.89
3257,293.04,29.04,28.64,46.47,1008.89
3258,293.13,29.03,28.63,46.44,1008.89
3259,293.22,29.03,28.62,46.41,1008.89
3260,293.31,29.03,28.63,46.44,1008.90
3261,293.40,29.03,28.62,46.46,1008.90
3262,293.49,29.02,28.63,46.43,1008.90
3263,293.58,29.02,28.62,46.43,1008.90
3264,293.67,29.02,28.63,46.43,1008.91
3265,293.76,29.02,28.62,46.41,1008.91
3266,293.85,29.01,28.63,46.41,1008.91
3267,293.94,29.01,28.63,46.45,1008.91
3268,294.03,29.01,28.64,46.42,1008.91
3269,294.12,29.01,28.65,46.43,1008.91
3270,294.21,29.00,28.66,46.44,1008.91
3271,294.30,28.99,28.67,46.43,1008.91
3272,294.39,28.99,28.69,46.41,1008.91
3273,294.48,29.00,28.68,46.40,1008.92
3274,294.57,29.00,28.70,46.38,1008.92
3275,294.66,28.99,28.71,46.39,1008.92
3276,294.75,29.00,28.73,46.37,1008.92
3277,294.84,29.00,28.74,46.38,1008.92
3278,294.93,29.00,28.74,46.37,1008.91
3279,295.02,29.01,28.74,46.37,1008.92
3280,295.11,29.01,28.74,46.38,1008.91
3281,295.20,29.01,28.76,46.39,1008.91
3282,295.29,29.01,28.75,46.39,1008.91
3283,295.38,29.02,28.74,46.39,1008.92
3284,295.47,29.02,28.73,46.36,1008.91
3285,295.56,29.01,28.71,46.39,1008.91
3286,295.65,29.01,28.70,46.39,1008.91
3287,295.74,29.01,28.68,46.40,1008.91
3288,295.83,29.01,28.67,46.42,1008.91
3289,295.92,29.00,28.67,46.41,1008.91
3290,296.01,28.99,28.66,46.44,1008.91
3291,296.10,28.99,28.64,46.43,1008.90
3292,296.19,28.99,28.63,46.47,1008.90
3293,296.28,28.98,28.61,46.44,1008.90
3294,296.37,28.98,28.60,46.44,1008.90
3295,296.46,28.99,28.59,46.42,1008.89
3296,296.55,28.99,28.58,46.46,1008.89
3297,296.64,28.99,28.59,46.43,1008.89
3298,296.73,28.99,28.58,46.45,1008.89
3299,296.82,28.98,28.58,46.47,1008.89
3300,296.91,28.98,28.58,46.46,1008.89
3301,297.00,28.97,28.56,46.45,1008.89
3302,297.09,28.98,28.58,46.48,1008.89
3303,297.18,28.98,28.56,46.47,1008.88
3304,297.27,28.98,28.56,46.43,1008.88
3305,297.36,28.98,28.57,46.47,1008.88
3306,297.45,28.97,28.57,46.46,1008.88
3307,297.54,28.96,28.57,46.45,1008.88
3308,297.63,28.96,28.57,46.48,1008.88
3309,297.72,28.97,28.57,46.43,1008.88
3310,297.81,28.96,28.57,46.40,1008.88
3311,297.90,28.96,28.57,46.39,1008.88
3312,297.99,28.96,28.57,46.40,1008.88
3313,298.08,28.95,28.58,46.38,1008.88
3314,298.17,28.95,28.58,46.40,1008.87
3315,298.26,28.95,28.59,46.42,1008.87
3316,298.35,28.96,28.58,46.40,1008.87
3317,298.44,28.95,28.58,46.40,1008.87
3318,298.53,28.95,28.58,46.44,1008.87
3319,298.62,28.95,28.57,46.45,1008.87
3320,298.71,28.95,28.57,46.44,1008.87
3321,298.80,28.95,28.56,46.45,1008.86
3322,298.89,28.95,28.55,46.47,1008.86
3323,298.98,28.96,28.54,46.46,1008.86
3324,299.07,28.96,28.53,46.46,1008.86
3325,299.16,28.97,28.52,46.47,1008.86
3326,299.25,28.96,28.54,46.45,1008.87
3327,299.34,28.96,28.53,46.42,1008.87
3328,299.43,28.96,28.52,46.43,1008.89
3329,299.52,28.95,28.53,46.43,1008.90
3330,299.61,28.95,28.52,46.40,1008.91
3331,299.70,28.95,28.52,46.40,1008.92
3332,299.79,28.95,28.52,46.39,1008.92
3333,299.88,28.94,28.52,46.34,1008.91
3334,299.97,28.94,28.52,46.32,1008.90
3335,300.06,28.95,28.51,46.33,1008.89
3336,300.15,28.95,28.52,46.33,1008.88
3337,300.24,28.96,28.52,46.39,1008.88
3338,300.33,28.96,28.53,46.38,1008.88
3339,300.42,28.96,28.53,46.38,1008.88
3340,300.51,28.95,28.52,46.38,1008.88
3341,300.60,28.95,28.51,46.34,1008.88
3342,300.69,28.94,28.52,46.34,1008.88
3343,300.78,28.93,28.52,46.31,1008.89
3344,300.87,28.93,28.51,46.30,1008.89
3345,300.96,28.93,28.52,46.30,1008.89
3346,301.05,28.92,28.51,46.31,1008.89
3347,301.14,28.91,28.51,46.34,1008.89
3348,301.23,28.91,28.51,46.34,1008.89
3349,301.32,28.91,28.51,46.34,1008.89
3350,301.41,28.91,28.50,46.35,1008.89
3351,301.50,28.91,28.51,46.36,1008.89
3352,301.59,28.90,28.51,46.33,1008.89
3353,301.68,28.90,28.51,46.30,1008.89
3354,301.77,28.90,28.51,46.31,1008.89
3355,301.86,28.90,28.52,46.26,1008.90
3356,301.95,28.90,28.52,46.24,1008.90
3357,302.04,28.90,28.51,46.20,1008.90
3358,302.13,28.90,28.51,46.20,1008.89
3359,302.22,28.91,28.51,46.23,1008.89
3360,302.31,28.90,28.52,46.25,1008.90
3361,302.40,28.90,28.52,46.21,1008.90
3362,302.49,28.90,28.52,46.23,1008.90
3363,302.58,28.89,28.52,46.26,1008.90
3364,302.67,28.89,28.52,46.24,1008.89
3365,302.76,28.89,28.52,46.20,1008.89
3366,302.85,28.88,28.52,46.20,1008.89
3367,302.94,28.89,28.53,46.22,1008.88
3368,303.03,28.87,28.53,46.19,1008.88
3369,303.12,28.86,28.53,46.21,1008.88
3370,303.21,28.86,28.52,46.22,1008.88
3371,303.30,28.87,28.52,46.23,1008.88
3372,303.39,28.87,28.51,46.22,1008.88
3373,303.48,28.88,28.52,46.21,1008.88
3374,303.57,28.87,28.51,46.19,1008.88
3375,303.66,28.87,28.50,46.19,1008.88
3376,303.75,28.87,28.49,46.16,1008.88
3377,303.84,28.88,28.49,46.14,1008.88
3378,303.93,28.87,28.48,46.17,1008.88
3379,304.02,28.88,28.49,46.18,1008.88
3380,304.11,28.86,28.48,46.20,1008.87
3381,304.20,28.86,28.49,46.20,1008.87
3382,304.29,28.86,28.48,46.19,1008.87
3383,304.38,28.86,28.48,46.20,1008.87
3384,304.47,28.86,28.48,46.17,1008.87
3385,304.56,28.86,28.49,46.17,1008.87
3386,304.65,28.87,28.49,46.17,1008.87
3387,304.74,28.88,28.48,46.17,1008.87
3388,304.83,28.87,28.47,46.13,1008.87
3389,304.92,28.88,28.47,46.13,1008.87
3390,305.01,28.88,28.46,46.14,1008.87
3391,305.10,28.87,28.46,46.15,1008.86
3392,305.19,28.88,28.46,46.13,1008.86
3393,305.28,28.88,28.46,46.14,1008.86
3394,305.37,28.88,28.45,46.15,1008.86
3395,305.46,28.88,28.45,46.16,1008.86
3396,305.55,28.88,28.45,46.17,1008.85
3397,305.64,28.89,28.45,46.13,1008.85
3398,305.73,28.90,28.45,46.15,1008.85
3399,305.82,28.89,28.45,46.14,1008.85
3400,305.91,28.88,28.46,46.15,1008.85
3401,306.00,28.88,28.45,46.13,1008.85
3402,306.09,28.88,28.44,46.12,1008.85
3403,306.18,28.88,28.43,46.14,1008.85
3404,306.27,28.88,28.43,46.15,1008.85
3405,306.36,28.87,28.44,46.17,1008.85
3406,306.45,28.88,28.44,46.19,1008.85
3407,306.54,28.87,28.45,46.20,1008.85
3408,306.63,28.88,28.46,46.20,1008.85
3409,306.72,28.88,28.46,46.18,1008.85
3410,306.81,28.87,28.45,46.16,1008.85
3411,306.90,28.87,28.46,46.17,1008.85
3412,306.99,28.87,28.47,46.14,1008.85
3413,307.08,28.88,28.47,46.13,1008.85
3414,307.17,28.88,28.47,46.11,1008.85
3415,307.26,28.89,28.46,46.10,1008.86
3416,307.35,28.89,28.46,46.08,1008.86
3417,307.44,28.89,28.47,46.07,1008.86
3418,307.53,28.89,28.46,46.06,1008.86
3419,307.62,28.90,28.35,46.04,1008.86
3420,307.71,28.89,28.47,46.04,1008.87
3421,307.80,28.90,28.45,46.03,1008.87
3422,307.89,28.89,28.46,46.02,1008.87
3423,307.98,28.88,28.46,46.03,1008.87
3424,308.07,28.87,28.46,46.02,1008.87
3425,308.16,28.87,28.47,46.05,1008.87
3426,308.25,28.86,28.47,46.07,1008.87
3427,308.34,28.86,28.48,46.08,1008.87
3428,308.43,28.86,28.48,46.10,1008.87
3429,308.52,28.86,28.47,46.08,1008.87
3430,308.61,28.86,28.47,46.09,1008.87
3431,308.70,28.86,28.47,46.09,1008.87
3432,308.79,28.86,28.47,46.07,1008.87
3433,308.88,28.86,28.46,46.14,1008.87
3434,308.97,28.85,28.46,46.17,1008.88
3435,309.06,28.86,28.46,46.17,1008.88
3436,309.15,28.84,28.44,46.17,1008.88
3437,309.24,28.84,28.43,46.17,1008.88
3438,309.33,28.84,28.44,46.18,1008.88
3439,309.42,28.84,28.43,46.21,1008.88
3440,309.51,28.85,28.43,46.21,1008.88
3441,309.60,28.84,28.42,46.20,1008.88
3442,309.69,28.83,28.42,46.17,1008.87
3443,309.78,28.84,28.41,46.14,1008.88
3444,309.87,28.83,28.40,46.17,1008.88
3445,309.96,28.84,28.39,46.15,1008.88
3446,310.05,28.83,28.41,46.16,1008.87
3447,310.14,28.83,28.42,46.18,1008.87
3448,310.23,28.82,28.43,46.17,1008.87
3449,310.32,28.82,28.42,46.16,1008.87
3450,310.41,28.82,28.42,46.11,1008.87
3451,310.50,28.81,28.41,46.15,1008.87
3452,310.59,28.82,28.41,46.15,1008.87
3453,310.68,28.83,28.41,46.15,1008.87
3454,310.77,28.82,28.41,46.14,1008.87
3455,310.86,28.83,28.42,46.18,1008.87
3456,310.95,28.82,28.41,46.17,1008.87
3457,311.04,28.82,28.41,46.16,1008.87
3458,311.13,28.82,28.41,46.14,1008.87
3459,311.22,28.82,28.42,46.11,1008.87
3460,311.31,28.81,28.42,46.12,1008.86
3461,311.40,28.81,28.41,46.14,1008.87
3462,311.49,28.80,28.40,46.09,1008.87
3463,311.58,28.80,28.40,46.10,1008.87
3464,311.67,28.80,28.40,46.07,1008.86
3465,311.76,28.80,28.40,46.07,1008.86
3466,311.85,28.79,28.39,46.04,1008.86
3467,311.94,28.79,28.40,46.01,1008.86
3468,312.03,28.80,28.40,46.01,1008.86
3469,312.12,28.79,28.40,46.00,1008.86
3470,312.21,28.78,28.40,45.99,1008.85
3471,312.30,28.79,28.40,46.00,1008.85
3472,312.39,28.78,28.39,46.02,1008.85
3473,312.48,28.79,28.39,46.01,1008.86
3474,312.57,28.79,28.38,46.02,1008.85
3475,312.66,28.78,28.38,46.01,1008.86
3476,312.75,28.78,28.38,46.04,1008.85
3477,312.84,28.78,28.37,46.05,1008.85
3478,312.93,28.78,28.39,46.03,1008.85
3479,313.02,28.79,28.39,46.02,1008.85
3480,313.11,28.78,28.38,46.04,1008.86
3481,313.20,28.78,28.40,46.06,1008.86
3482,313.29,28.78,28.40,46.02,1008.86
3483,313.38,28.78,28.40,46.04,1008.86
3484,313.47,28.78,28.39,46.07,1008.87
3485,313.56,28.78,28.40,46.07,1008.87
3486,313.65,28.77,28.40,46.03,1008.87
3487,313.74,28.76,28.40,46.01,1008.87
3488,313.83,28.76,28.39,46.05,1008.87
3489,313.92,28.76,28.40,46.04,1008.87
3490,314.01,28.76,28.40,46.03,1008.87
3491,314.10,28.76,28.40,46.06,1008.87
3492,314.19,28.77,28.40,46.08,1008.87
3493,314.28,28.76,28.42,46.07,1008.87
3494,314.37,28.76,28.42,46.05,1008.87
3495,314.46,28.76,28.42,46.01,1008.88
3496,314.55,28.75,28.42,45.97,1008.88
3497,314.64,28.75,28.42,45.97,1008.88
3498,314.73,28.75,28.42,45.94,1008.88
3499,314.82,28.75,28.42,45.95,1008.89
3500,314.91,28.75,28.43,45.95,1008.89
3501,315.00,28.75,28.42,45.95,1008.89
3502,315.09,28.76,28.41,45.97,1008.89
3503,315.18,28.75,28.40,45.95,1008.89
3504,315.27,28.75,28.39,45.94,1008.89
3505,315.36,28.75,28.39,45.97,1008.89
3506,315.45,28.74,28.38,45.97,1008.89
3507,315.54,28.74,28.36,45.96,1008.89
3508,315.63,28.73,28.35,45.97,1008.89
3509,315.72,28.73,28.36,45.98,1008.89
3510,315.81,28.74,28.35,46.00,1008.89
3511,315.90,28.73,28.36,46.00,1008.89
3512,315.99,28.72,28.35,46.01,1008.89
3513,316.08,28.73,28.35,45.99,1008.89
3514,316.17,28.74,28.34,46.01,1008.89
3515,316.26,28.75,28.33,46.00,1008.89
3516,316.35,28.75,28.33,45.98,1008.89
3517,316.44,28.76,28.33,45.98,1008.89
3518,316.53,28.76,28.32,46.00,1008.90
3519,316.62,28.75,28.31,46.02,1008.90
3520,316.71,28.74,28.31,46.02,1008.89
3521,316.80,28.74,28.30,46.03,1008.89
3522,316.89,28.73,28.31,45.98,1008.89
3523,316.98,28.73,28.30,45.98,1008.89
3524,317.07,28.72,28.31,45.97,1008.89
3525,317.16,28.72,28.31,46.00,1008.90
3526,317.25,28.71,28.31,45.97,1008.90
3527,317.34,28.72,28.32,45.97,1008.90
3528,317.43,28.73,28.32,45.97,1008.90
3529,317.52,28.72,28.31,45.96,1008.90
3530,317.61,28.72,28.31,45.96,1008.90
3531,317.70,28.74,28.31,45.97,1008.90
3532,317.79,28.74,28.32,45.96,1008.90
3533,317.88,28.74,28.32,45.97,1008.90
3534,317.97,28.74,28.33,45.96,1008.90
3535,318.06,28.73,28.33,45.99,1008.90
3536,318.15,28.72,28.32,45.99,1008.90
3537,318.24,28.73,28.33,45.99,1008.90
3538,318.33,28.73,28.33,45.97,1008.90
3539,318.42,28.73,28.35,45.98,1008.90
3540,318.51,28.73,28.35,45.98,1008.90
3541,318.60,28.72,28.34,45.96,1008.90
3542,318.69,28.72,28.35,45.93,1008.90
3543,318.78,28.71,28.35,45.91,1008.90
3544,318.87,28.72,28.35,45.91,1008.90
3545,318.96,28.72,28.34,45.94,1008.90
3546,319.05,28.72,28.34,45.92,1008.90
3547,319.14,28.72,28.35,45.91,1008.90
3548,319.23,28.72,28.35,45.89,1008.90
3549,319.32,28.71,28.35,45.88,1008.90
3550,319.41,28.72,28.34,45.88,1008.89
3551,319.50,28.71,28.35,45.86,1008.89
3552,319.59,28.72,28.36,45.86,1008.89
3553,319.68,28.72,28.35,45.89,1008.89
3554,319.77,28.72,28.36,45.90,1008.89
3555,319.86,28.71,28.36,45.92,1008.90
3556,319.95,28.72,28.36,45.93,1008.89
3557,320.04,28.72,28.35,45.91,1008.89
3558,320.13,28.71,28.35,45.92,1008.89
3559,320.22,28.71,28.35,45.95,1008.89
3560,320.31,28.71,28.35,45.93,1008.89
3561,320.40,28.72,28.35,45.93,1008.89
3562,320.49,28.71,28.35,45.92,1008.89
3563,320.58,28.71,28.35,45.86,1008.89
3564,320.67,28.71,28.35,45.85,1008.89
3565,320.76,28.72,28.35,45.87,1008.89
3566,320.85,28.71,28.34,45.92,1008.89
3567,320.94,28.71,28.34,45.90,1008.89
3568,321.03,28.71,28.34,45.89,1008.89
3569,321.12,28.71,28.32,45.90,1008.89
3570,321.21,28.70,28.32,45.88,1008.89
3571,321.30,28.71,28.31,45.90,1008.90
3572,321.39,28.70,28.30,45.87,1008.90
3573,321.48,28.69,28.30,45.87,1008.89
3574,321.57,28.69,28.30,45.87,1008.90
3575,321.66,28.69,28.30,45.91,1008.90
3576,321.75,28.69,28.29,45.92,1008.90
3577,321.84,28.68,28.29,45.94,1008.90
3578,321.93,28.68,28.29,45.91,1008.90
3579,322.02,28.68,28.30,45.89,1008.91
3580,322.11,28.68,28.31,45.88,1008.91
3581,322.20,28.69,28.31,45.89,1008.91
3582,322.29,28.69,28.30,45.88,1008.91
3583,322.38,28.69,28.30,45.89,1008.91
3584,322.47,28.68,28.30,45.92,1008.90
3585,322.56,28.68,28.30,45.94,1008.90
3586,322.65,28.67,28.29,45.94,1008.90
3587,322.74,28.68,28.29,45.94,1008.90
3588,322.83,28.67,28.30,45.93,1008.90
3589,322.92,28.68,28.29,45.95,1008.90
3590,323.01,28.66,28.28,45.95,1008.90
3591,323.10,28.67,28.28,45.93,1008.90
3592,323.19,28.67,28.28,45.95,1008.90
3593,323.28,28.66,28.28,45.96,1008.90
3594,323.37,28.65,28.28,45.98,1008.90
3595,323.46,28.65,28.29,45.99,1008.90
3596,323.55,28.65,28.29,46.00,1008.90
3597,323.64,28.64,28.31,46.02,1008.91
3598,323.73,28.64,28.31,46.04,1008.91
3599,323.82,28.64,28.32,46.02,1008.91
3600,323.91,28.64,28.32,46.02,1008.91
3601,324.00,28.65,28.31,46.03,1008.91
3602,324.09,28.65,28.31,46.02,1008.91
3603,324.18,28.64,28.30,46.01,1008.91
3604,324.27,28.64,28.31,46.02,1008.91
3605,324.36,28.63,28.32,46.04,1008.91
3606,324.45,28.62,28.32,46.04,1008.91
3607,324.54,28.62,28.31,46.05,1008.90
3608,324.63,28.62,28.32,46.02,1008.91
3609,324.72,28.62,28.32,46.01,1008.90
3610,324.81,28.62,28.32,45.99,1008.91
3611,324.90,28.63,28.33,46.02,1008.91
3612,324.99,28.62,28.33,45.98,1008.90
3613,325.08,28.63,28.32,45.94,1008.91
3614,325.17,28.62,28.31,45.94,1008.90
3615,325.26,28.63,28.30,45.91,1008.90
3616,325.35,28.63,28.30,45.90,1008.90
3617,325.44,28.62,28.30,45.91,1008.90
3618,325.53,28.62,28.30,45.89,1008.90
3619,325.62,28.62,28.30,45.88,1008.90
3620,325.71,28.63,28.29,45.86,1008.90
3621,325.80,28.65,28.30,45.86,1008.90
3622,325.89,28.65,28.30,45.85,1008.90
3623,325.98,28.66,28.30,45.85,1008.90
3624,326.07,28.67,28.29,45.81,1008.90
3625,326.16,28.67,28.29,45.81,1008.90
3626,326.25,28.68,28.29,45.81,1008.90
3627,326.34,28.68,28.28,45.82,1008.90
3628,326.43,28.69,28.27,45.82,1008.90
3629,326.52,28.70,28.26,45.83,1008.90
3630,326.61,28.69,28.26,45.83,1008.90
3631,326.70,28.70,28.25,45.80,1008.90
3632,326.79,28.70,28.25,45.78,1008.90
3633,326.88,28.71,28.24,45.78,1008.90
3634,326.97,28.72,28.24,45.79,1008.90
3635,327.06,28.72,28.24,45.80,1008.89
3636,327.15,28.72,28.23,45.79,1008.89
3637,327.24,28.73,28.24,45.82,1008.89
3638,327.33,28.74,28.24,45.84,1008.89
3639,327.42,28.74,28.23,45.85,1008.89
3640,327.51,28.73,28.23,45.88,1008.89
3641,327.60,28.74,28.23,45.88,1008.89
3642,327.69,28.73,28.23,45.89,1008.89
3643,327.78,28.72,28.23,45.88,1008.89
3644,327.87,28.71,28.25,45.88,1008.89
3645,327.96,28.72,28.24,45.89,1008.89
3646,328.05,28.73,28.25,45.85,1008.89
3647,328.14,28.73,28.25,45.86,1008.89
3648,328.23,28.73,28.24,45.83,1008.89
3649,328.32,28.74,28.24,45.85,1008.89
3650,328.41,28.73,28.23,45.84,1008.89
3651,328.50,28.71,28.24,45.84,1008.89
3652,328.59,28.71,28.23,45.81,1008.89
3653,328.68,28.70,28.24,45.80,1008.89
3654,328.77,28.70,28.23,45.80,1008.89
3655,328.86,28.69,28.22,45.80,1008.89
3656,328.95,28.69,28.20,45.83,1008.89
3657,329.04,28.69,28.21,45.82,1008.89
3658,329.13,28.68,28.19,45.81,1008.89
3659,329.22,28.68,28.20,45.81,1008.89
3660,329.31,28.67,28.20,45.81,1008.89
3661,329.40,28.66,28.21,45.82,1008.89
3662,329.49,28.65,28.22,45.82,1008.89
3663,329.58,28.65,28.21,45.83,1008.89
3664,329.67,28.66,28.23,45.84,1008.89
3665,329.76,28.64,28.22,45.85,1008.89
3666,329.85,28.63,28.24,45.88,1008.88
3667,329.94,28.62,28.24,45.84,1008.88
3668,330.03,28.61,28.24,45.83,1008.88
3669,330.12,28.61,28.24,45.83,1008.88
3670,330.21,28.61,28.24,45.84,1008.88
3671,330.30,28.61,28.24,45.84,1008.88
3672,330.39,28.60,28.24,45.82,1008.88
3673,330.48,28.60,28.23,45.80,1008.88
3674,330.57,28.59,28.24,45.83,1008.88
3675,330.66,28.58,28.23,45.82,1008.88
3676,330.75,28.59,28.24,45.82,1008.88
3677,330.84,28.60,28.24,45.82,1008.88
3678,330.93,28.59,28.24,45.83,1008.88
3679,331.02,28.59,28.24,45.80,1008.88
3680,331.11,28.59,28.24,45.83,1008.88
3681,331.20,28.59,28.23,45.86,1008.88
3682,331.29,28.58,28.23,45.84,1008.88
3683,331.38,28.58,28.23,45.85,1008.88
3684,331.47,28.58,28.23,45.87,1008.88
3685,331.56,28.58,28.22,45.86,1008.87
3686,331.65,28.57,28.23,45.88,1008.87
3687,331.74,28.58,28.24,45.86,1008.87
3688,331.83,28.58,28.24,45.86,1008.87
3689,331.92,28.57,28.23,45.84,1008.87
3690,332.01,28.58,28.23,45.86,1008.87
3691,332.10,28.57,28.23,45.84,1008.87
3692,332.19,28.57,28.23,45.84,1008.87
3693,332.28,28.57,28.23,45.86,1008.87
3694,332.37,28.57,28.22,45.87,1008.87
3695,332.46,28.56,28.22,45.86,1008.87
3696,332.55,28.55,28.21,45.89,1008.87
3697,332.64,28.55,28.20,45.87,1008.87
3698,332.73,28.55,28.20,45.87,1008.87
3699,332.82,28.55,28.19,45.85,1008.87
3700,332.91,28.56,28.19,45.84,1008.87
3701,333.00,28.56,28.19,45.79,1008.87
3702,333.09,28.56,28.19,45.79,1008.87
3703,333.18,28.56,28.20,45.80,1008.87
3704,333.27,28.56,28.20,45.83,1008.87
3705,333.36,28.56,28.21,45.79,1008.87
3706,333.45,28.56,28.19,45.79,1008.87
3707,333.54,28.56,27.92,45.81,1008.87
3708,333.63,28.57,28.18,45.82,1008.87
3709,333.72,28.57,28.13,45.84,1008.87
3710,333.81,28.56,28.18,45.85,1008.87
3711,333.90,28.57,28.19,45.86,1008.87
3712,333.99,28.57,28.19,45.86,1008.87
3713,334.08,28.57,28.19,45.85,1008.87
3714,334.17,28.56,28.18,45.86,1008.87
3715,334.26,28.57,28.18,45.87,1008.87
3716,334.35,28.57,28.18,45.88,1008.87
3717,334.44,28.57,28.17,45.83,1008.87
3718,334.53,28.56,28.17,45.84,1008.87
3719,334.62,28.56,28.17,45.83,1008.87
3720,334.71,28.55,28.18,45.82,1008.87
3721,334.80,28.55,28.17,45.85,1008.87
3722,334.89,28.55,28.19,45.84,1008.87
3723,334.98,28.55,28.19,45.84,1008.87
3724,335.07,28.56,28.20,45.81,1008.87
3725,335.16,28.55,28.21,45.78,1008.87
3726,335.25,28.55,28.22,45.79,1008.87
3727,335.34,28.55,28.21,45.81,1008.87
3728,335.43,28.55,28.21,45.82,1008.87
3729,335.52,28.54,28.20,45.81,1008.87
3730,335.61,28.55,28.20,45.80,1008.87
3731,335.70,28.55,28.20,45.82,1008.87
3732,335.79,28.54,28.20,45.82,1008.87
3733,335.88,28.54,28.20,45.81,1008.87
3734,335.97,28.54,28.23,45.86,1008.87
3735,336.06,28.54,28.21,45.86,1008.87
3736,336.15,28.54,28.21,45.84,1008.87
3737,336.24,28.55,28.21,45.80,1008.87
3738,336.33,28.56,28.19,45.80,1008.87
3739,336.42,28.55,28.20,45.82,1008.87
3740,336.51,28.55,28.20,45.82,1008.87
3741,336.60,28.55,28.21,45.81,1008.87
3742,336.69,28.54,28.20,45.82,1008.87
3743,336.78,28.53,28.21,45.80,1008.87
3744,336.87,28.53,28.20,45.79,1008.87
3745,336.96,28.53,28.20,45.83,1008.87
3746,337.05,28.52,28.19,45.83,1008.87
3747,337.14,28.52,28.19,45.82,1008.87
3748,337.23,28.52,28.19,45.81,1008.87
3749,337.32,28.52,28.19,45.78,1008.86
3750,337.41,28.51,28.18,45.78,1008.86
3751,337.50,28.51,28.18,45.77,1008.86
3752,337.59,28.51,28.19,45.72,1008.86
3753,337.68,28.50,28.18,45.71,1008.86
3754,337.77,28.50,28.18,45.72,1008.86
3755,337.86,28.50,28.18,45.71,1008.86
3756,337.95,28.49,28.19,45.70,1008.86
3757,338.04,28.50,28.19,45.65,1008.86
3758,338.13,28.50,28.19,45.65,1008.86
3759,338.22,28.50,28.18,45.66,1008.85
3760,338.31,28.50,28.19,45.67,1008.85
3761,338.40,28.50,28.20,45.67,1008.85
3762,338.49,28.51,28.19,45.67,1008.86
3763,338.58,28.50,28.20,45.64,1008.86
3764,338.67,28.51,28.19,45.67,1008.86
3765,338.76,28.51,28.19,45.72,1008.86
3766,338.85,28.51,28.18,45.77,1008.86
3767,338.94,28.51,28.16,45.77,1008.86
3768,339.03,28.50,28.16,45.79,1008.86
3769,339.12,28.50,28.17,45.75,1008.86
3770,339.21,28.50,28.17,45.74,1008.85
3771,339.30,28.51,28.16,45.74,1008.86
3772,339.39,28.52,28.17,45.74,1008.85
3773,339.48,28.52,28.16,45.74,1008.86
3774,339.57,28.52,28.15,45.72,1008.86
3775,339.66,28.52,28.15,45.74,1008.86
3776,339.75,28.52,28.15,45.73,1008.86
3777,339.84,28.52,28.15,45.74,1008.87
3778,339.93,28.52,28.14,45.80,1008.87
3779,340.02,28.52,28.14,45.78,1008.87
3780,340.11,28.52,28.13,45.78,1008.87
3781,340.20,28.52,28.13,45.78,1008.87
3782,340.29,28.52,28.14,45.83,1008.87
3783,340.38,28.52,28.15,45.82,1008.87
3784,340.47,28.52,28.17,45.84,1008.87
3785,340.56,28.51,28.16,45.82,1008.87
3786,340.65,28.52,28.17,45.82,1008.87
3787,340.74,28.51,28.16,45.83,1008.87
3788,340.83,28.51,28.17,45.82,1008.87
3789,340.92,28.50,28.17,45.82,1008.87
3790,341.01,28.50,28.16,45.81,1008.87
3791,341.10,28.50,28.18,45.78,1008.87
3792,341.19,28.50,28.17,45.79,1008.87
3793,341.28,28.50,28.18,45.76,1008.88
3794,341.37,28.50,28.18,45.76,1008.88
3795,341.46,28.51,28.17,45.76,1008.88
3796,341.55,28.51,28.17,45.77,1008.89
3797,341.64,28.50,28.16,45.81,1008.89
3798,341.73,28.50,28.16,45.80,1008.89
3799,341.82,28.50,28.16,45.79,1008.89
3800,341.91,28.50,28.16,45.79,1008.89
3801,342.00,28.50,28.15,45.78,1008.89
3802,342.09,28.50,28.15,45.75,1008.89
3803,342.18,28.49,28.15,45.76,1008.89
3804,342.27,28.49,28.15,45.78,1008.89
3805,342.36,28.49,28.15,45.76,1008.88
3806,342.45,28.49,28.15,45.77,1008.88
3807,342.54,28.50,28.14,45.78,1008.89
3808,342.63,28.49,28.14,45.78,1008.89
3809,342.72,28.48,28.14,45.77,1008.89
3810,342.81,28.48,28.13,45.75,1008.89
3811,342.90,28.48,28.13,45.76,1008.89
3812,342.99,28.48,28.14,45.74,1008.88
3813,343.08,28.49,28.13,45.74,1008.88
3814,343.17,28.49,28.14,45.75,1008.88
3815,343.26,28.49,28.15,45.77,1008.87
3816,343.35,28.48,28.14,45.73,1008.87
3817,343.44,28.49,28.13,45.75,1008.87
3818,343.53,28.48,28.13,45.78,1008.87
3819,343.62,28.49,28.12,45.80,1008.88
3820,343.71,28.48,28.11,45.79,1008.88
3821,343.80,28.48,28.12,45.80,1008.88
3822,343.89,28.48,28.12,45.76,1008.87
3823,343.98,28.48,28.12,45.75,1008.88
3824,344.07,28.48,28.12,45.78,1008.88
3825,344.16,28.47,28.13,45.77,1008.88
3826,344.25,28.47,28.14,45.77,1008.88
3827,344.34,28.47,28.14,45.78,1008.88
3828,344.43,28.46,28.13,45.78,1008.88
3829,344.52,28.47,28.12,45.78,1008.88
3830,344.61,28.47,28.12,45.77,1008.88
3831,344.70,28.47,28.11,45.76,1008.88
3832,344.79,28.46,28.12,45.74,1008.88
3833,344.88,28.47,28.11,45.73,1008.88
3834,344.97,28.48,28.10,45.74,1008.88
3835,345.06,28.48,28.12,45.77,1008.88
3836,345.15,28.47,28.12,45.79,1008.88
3837,345.24,28.46,28.12,45.79,1008.88
3838,345.33,28.46,28.12,45.76,1008.87
3839,345.42,28.46,28.12,45.78,1008.87
3840,345.51,28.46,28.12,45.77,1008.87
3841,345.60,28.45,28.12,45.73,1008.87
3842,345.69,28.46,28.13,45.71,1008.87
3843,345.78,28.46,28.14,45.69,1008.87
3844,345.87,28.46,28.15,45.71,1008.87
3845,345.96,28.47,28.15,45.71,1008.87
3846,346.05,28.46,28.14,45.67,1008.87
3847,346.14,28.46,28.15,45.70,1008.87
3848,346.23,28.46,28.16,45.71,1008.87
3849,346.32,28.47,28.17,45.71,1008.87
3850,346.41,28.48,28.18,45.69,1008.87
3851,346.50,28.47,28.18,45.72,1008.87
3852,346.59,28.47,28.19,45.73,1008.87
3853,346.68,28.46,28.20,45.74,1008.88
3854,346.77,28.46,28.19,45.76,1008.88
3855,346.86,28.46,28.20,45.74,1008.88
3856,346.95,28.46,28.21,45.72,1008.88
3857,347.04,28.46,28.21,45.71,1008.88
3858,347.13,28.45,28.21,45.72,1008.88
3859,347.22,28.45,28.22,45.70,1008.88
3860,347.31,28.45,28.22,45.69,1008.88
3861,347.40,28.45,28.24,45.72,1008.88
3862,347.49,28.45,28.23,45.74,1008.89
3863,347.58,28.45,28.23,45.74,1008.89
3864,347.67,28.44,28.24,45.77,1008.89
3865,347.76,28.45,28.25,45.77,1008.89
3866,347.85,28.44,28.25,45.76,1008.89
3867,347.94,28.44,28.24,45.75,1008.89
3868,348.03,28.44,28.23,45.76,1008.90
3869,348.12,28.44,28.24,45.75,1008.90
3870,348.21,28.44,28.23,45.75,1008.90
3871,348.30,28.43,28.23,45.74,1008.90
3872,348.39,28.42,28.23,45.72,1008.90
3873,348.48,28.42,28.22,45.69,1008.90
3874,348.57,28.42,28.23,45.69,1008.90
3875,348.66,28.42,28.22,45.69,1008.90
3876,348.75,28.41,28.21,45.71,1008.90
3877,348.84,28.40,28.20,45.74,1008.90
3878,348.93,28.40,28.19,45.74,1008.91
3879,349.02,28.40,28.18,45.74,1008.91
3880,349.11,28.39,28.17,45.73,1008.91
3881,349.20,28.39,28.17,45.73,1008.91
3882,349.29,28.39,28.17,45.72,1008.91
3883,349.38,28.40,28.16,45.72,1008.91
3884,349.47,28.40,28.15,45.72,1008.91
3885,349.56,28.41,28.14,45.69,1008.91
3886,349.65,28.40,28.13,45.69,1008.91
3887,349.74,28.41,28.13,45.73,1008.91
3888,349.83,28.41,28.12,45.75,1008.91
3889,349.92,28.41,28.12,45.78,1008.92
3890,350.01,28.41,28.11,45.78,1008.92
3891,350.10,28.40,28.11,45.78,1008.92
3892,350.19,28.40,28.10,45.79,1008.92
3893,350.28,28.39,28.11,45.78,1008.92
3894,350.37,28.40,28.11,45.81,1008.92
3895,350.46,28.40,28.11,45.83,1008.92
3896,350.55,28.40,28.11,45.86,1008.93
3897,350.64,28.41,28.09,45.88,1008.93
3898,350.73,28.41,28.09,45.87,1008.92
3899,350.82,28.41,28.09,45.88,1008.92
3900,350.91,28.41,28.09,45.88,1008.92
3901,351.00,28.40,28.08,45.88,1008.91
3902,351.09,28.40,28.08,45.90,1008.91
3903,351.18,28.40,28.08,45.91,1008.91
3904,351.27,28.40,28.07,45.90,1008.91
3905,351.36,28.41,28.06,45.95,1008.90
3906,351.45,28.40,28.05,45.94,1008.91
3907,351.54,28.39,28.07,45.92,1008.90
3908,351.63,28.39,28.06,45.91,1008.91
3909,351.72,28.39,28.06,45.94,1008.90
3910,351.81,28.39,28.06,45.92,1008.90
3911,351.90,28.39,28.05,45.91,1008.90
3912,351.99,28.38,28.05,45.91,1008.90
3913,352.08,28.38,28.04,45.89,1008.89
3914,352.17,28.38,28.04,45.85,1008.89
3915,352.26,28.38,28.04,45.86,1008.89
3916,352.35,28.38,28.04,45.86,1008.89
3917,352.44,28.39,28.04,45.90,1008.89
3918,352.53,28.39,28.03,45.63,1008.89
3919,352.62,28.38,28.05,45.95,1008.89
3920,352.71,28.38,28.06,46.01,1008.89
3921,352.80,28.38,28.06,46.00,1008.89
3922,352.89,28.39,28.08,45.99,1008.89
3923,352.98,28.40,28.09,46.02,1008.88
3924,353.07,28.40,28.09,46.05,1008.89
3925,353.16,28.40,28.08,46.05,1008.89
3926,353.25,28.41,28.09,46.06,1008.88
3927,353.34,28.41,28.09,46.04,1008.88
3928,353.43,28.41,28.09,46.02,1008.88
3929,353.52,28.41,28.08,46.01,1008.88
3930,353.61,28.42,28.09,46.02,1008.88
3931,353.70,28.40,28.09,46.04,1008.88
3932,353.79,28.41,28.08,46.02,1008.89
3933,353.88,28.41,28.07,46.03,1008.89
3934,353.97,28.41,28.07,46.01,1008.89
3935,354.06,28.41,28.06,45.99,1008.89
3936,354.15,28.42,28.06,45.97,1008.90
3937,354.24,28.42,28.06,45.92,1008.89
3938,354.33,28.42,28.06,45.91,1008.89
3939,354.42,28.42,28.05,45.90,1008.90
3940,354.51,28.42,28.04,45.92,1008.90
3941,354.60,28.42,28.05,45.95,1008.90
3942,354.69,28.41,28.05,45.95,1008.90
3943,354.78,28.41,28.05,45.94,1008.90
3944,354.87,28.41,28.04,45.95,1008.90
3945,354.96,28.41,28.03,45.92,1008.90
3946,355.05,28.41,28.03,45.93,1008.90
3947,355.14,28.40,28.03,45.93,1008.90
3948,355.23,28.41,28.01,45.94,1008.90
3949,355.32,28.41,28.01,45.90,1008.90
3950,355.41,28.41,28.01,45.90,1008.90
3951,355.50,28.41,28.01,45.90,1008.90
3952,355.59,28.41,28.01,45.89,1008.90
3953,355.68,28.41,28.01,45.88,1008.90
3954,355.77,28.41,28.01,45.87,1008.90
3955,355.86,28.40,28.01,45.86,1008.90
3956,355.95,28.40,28.00,45.88,1008.90
3957,356.04,28.40,28.00,45.88,1008.90
3958,356.13,28.40,28.00,45.88,1008.91
3959,356.22,28.40,28.01,45.88,1008.91
3960,356.31,28.40,28.00,45.85,1008.91
3961,356.40,28.40,28.01,45.86,1008.91
3962,356.49,28.39,28.01,45.87,1008.91
3963,356.58,28.38,28.02,45.89,1008.91
3964,356.67,28.38,28.02,45.91,1008.91
3965,356.76,28.38,28.03,45.88,1008.91
3966,356.85,28.39,28.03,45.92,1008.91
3967,356.94,28.39,28.02,45.90,1008.91
3968,357.03,28.39,28.03,45.89,1008.91
3969,357.12,28.39,28.03,45.85,1008.91
3970,357.21,28.39,28.03,45.87,1008.91
3971,357.30,28.38,28.04,45.87,1008.91
3972,357.39,28.38,28.04,45.86,1008.91
3973,357.48,28.38,28.05,45.86,1008.91
3974,357.57,28.38,28.05,45.86,1008.92
3975,357.66,28.38,28.05,45.87,1008.91
3976,357.75,28.38,28.04,45.85,1008.91
3977,357.84,28.39,28.04,45.84,1008.91
3978,357.93,28.39,28.03,45.84,1008.90
3979,358.02,28.39,28.03,45.86,1008.90
3980,358.11,28.38,28.04,45.87,1008.90
3981,358.20,28.38,28.04,45.87,1008.90
3982,358.29,28.38,28.04,45.83,1008.90
3983,358.38,28.38,28.04,45.85,1008.89
3984,358.47,28.36,28.04,45.82,1008.89
3985,358.56,28.36,28.05,45.79,1008.89
3986,358.65,28.35,28.05,45.78,1008.89
3987,358.74,28.36,28.05,45.78,1008.89
3988,358.83,28.35,28.05,45.79,1008.89
3989,358.92,28.36,28.06,45.81,1008.89
3990,359.01,28.35,28.05,45.81,1008.89
3991,359.10,28.35,28.05,45.82,1008.88
3992,359.19,28.35,28.04,45.81,1008.88
3993,359.28,28.35,28.04,45.82,1008.87
3994,359.37,28.35,28.04,45.80,1008.87
3995,359.46,28.34,28.04,45.79,1008.87
3996,359.55,28.33,28.04,45.80,1008.87
3997,359.64,28.33,28.03,45.77,1008.87
3998,359.73,28.33,28.02,45.77,1008.87
3999,359.82,28.33,28.01,45.80,1008.87
4000,359.91,28.34,28.01,45.79,1008.87
4001,360.00,28.34,28.02,45.77,1008.86
4002,360.09,28.34,28.01,45.75,1008.86
4003,360.18,28.34,28.00,45.75,1008.86
4004,360.27,28.33,27.99,45.77,1008.86
4005,360.36,28.33,28.00,45.81,1008.86
4006,360.45,28.33,27.98,45.80,1008.86
4007,360.54,28.32,28.00,45.82,1008.86
4008,360.63,28.33,27.99,45.82,1008.86
4009,360.72,28.33,27.99,45.84,1008.86
4010,360.81,28.33,28.00,45.84,1008.85
4011,360.90,28.32,27.99,45.81,1008.86
4012,360.99,28.32,28.00,45.81,1008.86
4013,361.08,28.32,28.01,45.82,1008.86
4014,361.17,28.33,28.02,45.82,1008.86
4015,361.26,28.32,28.01,45.81,1008.86
4016,361.35,28.32,28.01,45.83,1008.85
4017,361.44,28.32,28.02,45.82,1008.85
4018,361.53,28.33,28.02,45.84,1008.85
4019,361.62,28.33,28.03,45.83,1008.86
4020,361.71,28.33,28.03,45.82,1008.86
4021,361.80,28.34,28.02,45.82,1008.86
4022,361.89,28.33,28.03,45.80,1008.87
4023,361.98,28.33,28.03,45.84,1008.86
4024,362.07,28.32,28.02,45.83,1008.86
4025,362.16,28.32,28.02,45.82,1008.86
4026,362.25,28.32,28.04,45.83,1008.86
4027,362.34,28.31,28.03,45.88,1008.87
4028,362.43,28.32,28.03,45.90,1008.87
4029,362.52,28.32,28.03,45.91,1008.87
4030,362.61,28.32,28.04,45.90,1008.87
4031,362.70,28.31,28.03,45.88,1008.87
4032,362.79,28.32,28.04,45.89,1008.87
4033,362.88,28.31,28.02,45.90,1008.87
4034,362.97,28.31,28.03,45.91,1008.87
4035,363.06,28.32,28.03,45.90,1008.87
4036,363.15,28.32,28.03,45.90,1008.87
4037,363.24,28.33,28.03,45.92,1008.87
4038,363.33,28.32,28.03,45.91,1008.88
4039,363.42,28.33,28.02,45.92,1008.88
4040,363.51,28.32,28.02,45.91,1008.88
4041,363.60,28.32,28.02,45.93,1008.88
4042,363.69,28.32,28.03,45.93,1008.88
4043,363.78,28.33,28.03,45.94,1008.88
4044,363.87,28.32,28.04,45.94,1008.88
4045,363.96,28.32,28.04,45.93,1008.88
4046,364.05,28.32,28.06,45.93,1008.88
4047,364.14,28.33,28.06,45.89,1008.88
4048,364.23,28.32,28.05,45.90,1008.88
4049,364.32,28.33,28.04,45.93,1008.88
4050,364.41,28.33,28.04,45.92,1008.88
4051,364.50,28.32,28.03,45.92,1008.88
4052,364.59,28.32,28.03,45.88,1008.88
4053,364.68,28.32,28.03,45.85,1008.88
4054,364.77,28.33,28.03,45.85,1008.88
4055,364.86,28.33,28.04,45.82,1008.87
4056,364.95,28.33,28.03,45.84,1008.88
4057,365.04,28.32,28.03,45.84,1008.88
4058,365.13,28.32,28.03,45.84,1008.88
4059,365.22,28.32,28.03,45.84,1008.88
4060,365.31,28.31,28.02,45.81,1008.88
4061,365.40,28.32,28.01,45.84,1008.88
4062,365.49,28.32,28.02,45.83,1008.88
4063,365.58,28.32,28.03,45.84,1008.88
4064,365.67,28.32,28.02,45.81,1008.88
4065,365.76,28.32,28.02,45.80,1008.88
4066,365.85,28.32,28.01,45.79,1008.87
4067,365.94,28.32,28.00,45.80,1008.88
4068,366.03,28.33,28.00,45.77,1008.87
4069,366.12,28.32,27.99,45.76,1008.88
4070,366.21,28.32,28.00,45.76,1008.87
4071,366.30,28.32,27.99,45.78,1008.87
4072,366.39,28.32,27.99,45.79,1008.87
4073,366.48,28.32,27.99,45.78,1008.87
4074,366.57,28.32,27.98,45.83,1008.86
4075,366.66,28.32,27.98,45.84,1008.86
4076,366.75,28.33,27.99,45.84,1008.86
4077,366.84,28.33,27.99,45.86,1008.86
4078,366.93,28.33,27.99,45.85,1008.86
4079,367.02,28.33,28.00,45.88,1008.86
4080,367.11,28.33,27.99,45.88,1008.86
4081,367.20,28.33,28.00,45.85,1008.86
4082,367.29,28.34,28.00,45.87,1008.86
4083,367.38,28.34,27.99,45.89,1008.86
4084,367.47,28.33,27.98,45.87,1008.85
4085,367.56,28.33,27.98,45.86,1008.85
4086,367.65,28.33,27.98,45.88,1008.85
4087,367.74,28.33,27.98,45.89,1008.85
4088,367.83,28.33,27.98,45.95,1008.84
4089,367.92,28.33,27.99,45.95,1008.84
4090,368.01,28.32,27.97,45.94,1008.84
4091,368.10,28.30,27.97,45.93,1008.84
4092,368.19,28.30,27.99,45.93,1008.84
4093,368.28,28.30,27.98,45.89,1008.85
4094,368.37,28.31,27.98,45.90,1008.84
4095,368.46,28.30,27.98,45.94,1008.85
4096,368.55,28.30,27.99,45.95,1008.84
4097,368.64,28.31,27.99,45.94,1008.85
4098,368.73,28.31,27.99,45.94,1008.85
4099,368.82,28.30,27.99,45.95,1008.85
4100,368.91,28.29,27.99,45.95,1008.85
4101,369.00,28.29,28.00,45.94,1008.85
4102,369.09,28.30,27.99,45.91,1008.85
4103,369.18,28.30,27.98,45.90,1008.86
4104,369.27,28.30,27.99,45.90,1008.86
4105,369.36,28.30,27.99,45.88,1008.86
4106,369.45,28.30,27.99,45.85,1008.86
4107,369.54,28.30,27.99,45.84,1008.86
4108,369.63,28.30,27.99,45.88,1008.87
4109,369.72,28.30,27.99,45.86,1008.87
4110,369.81,28.29,27.98,45.88,1008.87
4111,369.90,28.30,27.99,45.92,1008.87
4112,369.99,28.29,27.98,45.91,1008.87
4113,370.08,28.29,27.99,45.90,1008.87
4114,370.17,28.28,27.98,45.88,1008.87
4115,370.26,28.28,27.99,45.90,1008.87
4116,370.35,28.26,27.98,45.92,1008.87
4117,370.44,28.26,27.98,45.89,1008.88
4118,370.53,28.26,27.98,45.88,1008.88
4119,370.62,28.27,27.98,45.89,1008.88
4120,370.71,28.26,27.97,45.87,1008.88
4121,370.80,28.27,27.97,45.85,1008.88
4122,370.89,28.27,27.97,45.83,1008.88
4123,370.98,28.26,27.97,45.84,1008.88
4124,371.07,28.26,27.97,45.81,1008.88
4125,371.16,28.26,27.97,45.81,1008.88
4126,371.25,28.26,27.96,45.83,1008.88
4127,371.34,28.26,27.97,45.86,1008.89
4128,371.43,28.26,27.97,45.82,1008.89
4129,371.52,28.26,27.95,45.81,1008.89
4130,371.61,28.26,27.95,45.80,1008.89
4131,371.70,28.25,27.95,45.78,1008.89
4132,371.79,28.26,27.95,45.80,1008.89
4133,371.88,28.27,27.96,45.80,1008.90
4134,371.97,28.26,27.97,45.81,1008.89
4135,372.06,28.26,27.97,45.83,1008.89
4136,372.15,28.27,27.97,45.83,1008.89
4137,372.24,28.27,27.98,45.79,1008.89
4138,372.33,28.28,27.97,45.77,1008.89
4139,372.42,28.27,27.96,45.76,1008.89
4140,372.51,28.27,27.95,45.79,1008.89
4141,372.60,28.25,27.95,45.79,1008.89
4142,372.69,28.25,27.95,45.79,1008.89
4143,372.78,28.24,27.94,45.80,1008.89
4144,372.87,28.25,27.95,45.78,1008.89
4145,372.96,28.25,27.94,45.76,1008.88
4146,373.05,28.24,27.94,45.82,1008.88
4147,373.14,28.24,27.95,45.79,1008.88
4148,373.23,28.24,27.95,45.78,1008.88
4149,373.32,28.25,27.96,45.77,1008.88
4150,373.41,28.25,27.97,45.77,1008.87
4151,373.50,28.24,27.98,45.77,1008.88
4152,373.59,28.24,27.98,45.79,1008.88
4153,373.68,28.23,27.98,45.79,1008.88
4154,373.77,28.23,27.99,45.79,1008.88
4155,373.86,28.23,27.99,45.77,1008.88
4156,373.95,28.24,27.99,45.77,1008.88
4157,374.04,28.23,27.99,45.78,1008.88
4158,374.13,28.23,27.98,45.76,1008.88
4159,374.22,28.23,27.99,45.75,1008.88
4160,374.31,28.23,27.99,45.69,1008.88
4161,374.40,28.23,28.00,45.70,1008.88
4162,374.49,28.23,27.99,45.73,1008.88
4163,374.58,28.24,28.00,45.70,1008.88
4164,374.67,28.24,28.00,45.74,1008.88
4165,374.76,28.24,28.00,45.73,1008.88
4166,374.85,28.25,27.99,45.70,1008.88
4167,374.94,28.25,27.98,45.71,1008.88
4168,375.03,28.24,27.97,45.67,1008.88
4169,375.12,28.24,27.97,45.69,1008.88
4170,375.21,28.23,27.97,45.69,1008.88
4171,375.30,28.24,27.97,45.69,1008.88
4172,375.39,28.26,27.97,45.66,1008.88
4173,375.48,28.26,27.97,45.67,1008.88
4174,375.57,28.27,27.96,45.68,1008.88
4175,375.66,28.27,27.97,45.69,1008.88
4176,375.75,28.26,27.97,45.70,1008.88
4177,375.84,28.26,27.97,45.71,1008.88
4178,375.93,28.26,27.97,45.72,1008.87
4179,376.02,28.25,27.95,45.68,1008.88
4180,376.11,28.26,27.95,45.68,1008.88
4181,376.20,28.26,27.94,45.67,1008.88
4182,376.29,28.27,27.94,45.67,1008.88
4183,376.38,28.27,27.95,45.68,1008.88
4184,376.47,28.27,27.96,45.67,1008.88
4185,376.56,28.25,27.96,45.67,1008.88
4186,376.65,28.25,27.95,45.68,1008.88
4187,376.74,28.25,27.94,45.72,1008.88
4188,376.83,28.26,27.95,45.71,1008.88
4189,376.92,28.25,27.94,45.72,1008.88
4190,377.01,28.25,27.93,45.71,1008.89
4191,377.10,28.24,27.93,45.69,1008.89
4192,377.19,28.24,27.94,45.70,1008.89
4193,377.28,28.23,27.94,45.71,1008.89
4194,377.37,28.22,27.94,45.74,1008.89
4195,377.46,28.23,27.94,45.76,1008.90
4196,377.55,28.24,27.94,45.74,1008.89
4197,377.64,28.24,27.93,45.75,1008.89
4198,377.73,28.24,27.94,45.77,1008.90
4199,377.82,28.24,27.94,45.76,1008.89
4200,377.91,28.24,27.93,45.78,1008.89
4201,378.00,28.23,27.93,45.78,1008.90
4202,378.09,28.24,27.93,45.79,1008.90
4203,378.18,28.24,27.92,45.81,1008.90
4204,378.27,28.24,27.91,45.82,1008.90
4205,378.36,28.24,27.92,45.82,1008.90
4206,378.45,28.25,27.91,45.85,1008.91
4207,378.54,28.25,27.92,45.85,1008.91
4208,378.63,28.26,27.92,45.86,1008.91
4209,378.72,28.25,27.92,45.86,1008.91
4210,378.81,28.25,27.92,45.83,1008.91
4211,378.90,28.26,27.92,45.82,1008.91
4212,378.99,28.26,27.92,45.82,1008.91
4213,379.08,28.26,27.92,45.79,1008.91
4214,379.17,28.26,27.92,45.82,1008.91
4215,379.26,28.25,27.91,45.83,1008.91
4216,379.35,28.25,27.93,45.84,1008.91
4217,379.44,28.26,27.94,45.84,1008.91
4218,379.53,28.26,27.94,45.85,1008.91
4219,379.62,28.26,27.93,45.80,1008.91
4220,379.71,28.25,27.93,45.79,1008.91
4221,379.80,28.25,27.94,45.81,1008.91
4222,379.89,28.25,27.94,45.79,1008.91
4223,379.98,28.24,27.95,45.79,1008.91
4224,380.07,28.24,27.95,45.75,1008.91
4225,380.16,28.24,27.95,45.76,1008.91
4226,380.25,28.24,27.95,45.75,1008.90
4227,380.34,28.24,27.95,45.78,1008.90
4228,380.43,28.24,27.95,45.78,1008.90
4229,380.52,28.23,27.94,45.77,1008.90
4230,380.61,28.22,27.94,45.77,1008.90
4231,380.70,28.21,27.95,45.74,1008.90
4232,380.79,28.21,27.95,45.72,1008.90
4233,380.88,28.21,27.94,45.70,1008.90
4234,380.97,28.21,27.93,45.72,1008.90
4235,381.06,28.20,27.94,45.70,1008.90
4236,381.15,28.21,27.94,45.68,1008.90
4237,381.24,28.21,27.93,45.67,1008.89
4238,381.33,28.20,27.95,45.68,1008.89
4239,381.42,28.20,27.94,45.64,1008.89
4240,381.51,28.20,27.94,45.62,1008.90
4241,381.60,28.21,27.95,45.62,1008.89
4242,381.69,28.20,27.94,45.60,1008.89
4243,381.78,28.21,27.93,45.60,1008.89
4244,381.87,28.21,27.93,45.62,1008.89
4245,381.96,28.21,27.93,45.61,1008.90
4246,382.05,28.20,27.93,45.62,1008.90
4247,382.14,28.19,27.92,45.59,1008.90
4248,382.23,28.19,27.91,45.59,1008.90
4249,382.32,28.20,27.91,45.59,1008.90
4250,382.41,28.20,27.91,45.57,1008.89
4251,382.50,28.18,27.91,45.59,1008.89
4252,382.59,28.20,27.90,45.61,1008.89
4253,382.68,28.19,27.90,45.61,1008.89
4254,382.77,28.20,27.91,45.61,1008.89
4255,382.86,28.21,27.90,45.60,1008.89
4256,382.95,28.21,27.90,45.63,1008.89
4257,383.04,28.21,27.91,45.59,1008.89
4258,383.13,28.21,27.91,45.61,1008.89
4259,383.22,28.21,27.91,45.60,1008.89
4260,383.31,28.21,27.92,45.57,1008.90
4261,383.40,28.21,27.92,45.56,1008.90
4262,383.49,28.21,27.91,45.57,1008.90
4263,383.58,28.21,27.91,45.59,1008.90
4264,383.67,28.20,27.90,45.57,1008.90
4265,383.76,28.21,27.90,45.58,1008.90
4266,383.85,28.20,27.91,45.59,1008.90
4267,383.94,28.21,27.90,45.58,1008.90
4268,384.03,28.20,27.91,45.59,1008.90
4269,384.12,28.19,27.91,45.61,1008.90
4270,384.21,28.19,27.91,45.58,1008.90
4271,384.30,28.18,27.91,45.59,1008.90
4272,384.39,28.17,27.90,45.64,1008.90
4273,384.48,28.16,27.91,45.65,1008.90
4274,384.57,28.16,27.91,45.68,1008.89
4275,384.66,28.17,27.90,45.67,1008.90
4276,384.75,28.16,27.90,45.67,1008.90
4277,384.84,28.15,27.90,45.68,1008.90
4278,384.93,28.15,27.91,45.69,1008.90
4279,385.02,28.15,27.91,45.71,1008.90
4280,385.11,28.16,27.92,45.70,1008.90
4281,385.20,28.15,27.91,45.69,1008.90
4282,385.29,28.15,27.91,45.71,1008.90
4283,385.38,28.15,27.92,45.69,1008.90
4284,385.47,28.15,27.91,45.69,1008.90
4285,385.56,28.16,27.92,45.66,1008.90
4286,385.65,28.16,27.91,45.65,1008.90
4287,385.74,28.16,27.90,45.65,1008.90
4288,385.83,28.16,27.90,45.67,1008.90
4289,385.92,28.16,27.91,45.71,1008.90
4290,386.01,28.15,27.92,45.71,1008.90
4291,386.10,28.15,27.92,45.68,1008.90
4292,386.19,28.15,27.92,45.67,1008.91
4293,386.28,28.16,27.91,45.66,1008.91
4294,386.37,28.15,27.90,45.65,1008.90
4295,386.46,28.15,27.90,45.67,1008.90
4296,386.55,28.15,27.91,45.67,1008.90
4297,386.64,28.16,27.92,45.67,1008.90
4298,386.73,28.17,27.92,45.65,1008.89
4299,386.82,28.16,27.91,45.63,1008.90
4300,386.91,28.16,27.90,45.62,1008.89
4301,387.00,28.16,27.89,45.63,1008.90
4302,387.09,28.16,27.89,45.68,1008.90
4303,387.18,28.15,27.89,45.71,1008.90
4304,387.27,28.15,27.90,45.71,1008.89
4305,387.36,28.16,27.89,45.71,1008.89
4306,387.45,28.15,27.89,45.69,1008.89
4307,387.54,28.16,27.89,45.68,1008.89
4308,387.63,28.17,27.89,45.69,1008.89
4309,387.72,28.17,27.90,45.67,1008.89
4310,387.81,28.16,27.89,45.66,1008.89
4311,387.90,28.16,27.88,45.68,1008.88
4312,387.99,28.17,27.88,45.63,1008.88
4313,388.08,28.17,27.89,45.61,1008.88
4314,388.17,28.17,27.90,45.59,1008.88
4315,388.26,28.18,27.90,45.59,1008.88
4316,388.35,28.16,27.88,45.64,1008.88
4317,388.44,28.17,27.88,45.62,1008.88
4318,388.53,28.17,27.88,45.65,1008.88
4319,388.62,28.18,27.88,45.65,1008.88
4320,388.71,28.18,27.87,45.64,1008.89
4321,388.80,28.19,27.88,45.60,1008.88
4322,388.89,28.19,27.87,45.61,1008.89
4323,388.98,28.19,27.87,45.63,1008.89
4324,389.07,28.18,27.86,45.63,1008.89
4325,389.16,28.17,27.86,45.64,1008.89
4326,389.25,28.18,27.86,45.65,1008.88
4327,389.34,28.17,27.86,45.62,1008.88
4328,389.43,28.17,27.86,45.61,1008.88
4329,389.52,28.17,27.84,45.56,1008.88
4330,389.61,28.17,27.85,45.56,1008.88
4331,389.70,28.16,27.86,45.58,1008.88
4332,389.79,28.15,27.86,45.58,1008.88
4333,389.88,28.15,27.86,45.58,1008.87
4334,389.97,28.14,27.87,45.54,1008.87
4335,390.06,28.15,27.88,45.56,1008.88
4336,390.15,28.15,27.87,45.60,1008.87
4337,390.24,28.16,27.89,45.60,1008.87
4338,390.33,28.16,27.89,45.60,1008.87
4339,390.42,28.17,27.89,45.58,1008.87
4340,390.51,28.17,27.89,45.58,1008.87
4341,390.60,28.17,27.88,45.56,1008.87
4342,390.69,28.17,27.89,45.60,1008.87
4343,390.78,28.16,27.89,45.59,1008.87
4344,390.87,28.15,27.90,45.58,1008.87
4345,390.96,28.15,27.90,45.55,1008.87
4346,391.05,28.16,27.89,45.56,1008.87
4347,391.14,28.16,27.90,45.53,1008.87
4348,391.23,28.15,27.90,45.53,1008.87
4349,391.32,28.15,27.89,45.57,1008.87
4350,391.41,28.14,27.90,45.55,1008.87
4351,391.50,28.14,27.90,45.55,1008.87
4352,391.59,28.14,27.89,45.55,1008.87
4353,391.68,28.12,27.88,45.55,1008.87
4354,391.77,28.13,27.87,45.51,1008.86
4355,391.86,28.13,27.89,45.54,1008.87
4356,391.95,28.13,27.89,45.55,1008.87
4357,392.04,28.13,27.88,45.51,1008.87
4358,392.13,28.13,27.89,45.50,1008.87
4359,392.22,28.12,27.88,45.54,1008.87
4360,392.31,28.12,27.87,45.54,1008.87
4361,392.40,28.13,27.88,45.52,1008.87
4362,392.49,28.13,27.88,45.49,1008.87
4363,392.58,28.13,27.88,45.49,1008.87
4364,392.67,28.13,27.88,45.50,1008.87
4365,392.76,28.13,27.88,45.48,1008.87
4366,392.85,28.12,27.89,45.48,1008.87
4367,392.94,28.12,27.87,45.50,1008.86
4368,393.03,28.13,27.88,45.51,1008.87
4369,393.12,28.12,27.87,45.53,1008.87
4370,393.21,28.11,27.88,45.58,1008.87
4371,393.30,28.11,27.87,45.59,1008.87
4372,393.39,28.11,27.87,45.60,1008.87
4373,393.48,28.13,27.86,45.61,1008.87
4374,393.57,28.13,27.86,45.62,1008.87
4375,393.66,28.14,27.86,45.62,1008.86
4376,393.75,28.13,27.85,45.60,1008.86
4377,393.84,28.14,27.85,45.59,1008.86
4378,393.93,28.14,27.85,45.60,1008.86
4379,394.02,28.14,27.85,45.61,1008.86
4380,394.11,28.13,27.83,45.57,1008.86
4381,394.20,28.14,27.83,45.58,1008.86
4382,394.29,28.14,27.84,45.58,1008.86
4383,394.38,28.13,27.84,45.57,1008.86
4384,394.47,28.13,27.85,45.53,1008.86
4385,394.56,28.14,27.85,45.52,1008.86
4386,394.65,28.14,27.85,45.50,1008.87
4387,394.74,28.14,27.85,45.49,1008.87
4388,394.83,28.13,27.85,45.48,1008.87
4389,394.92,28.13,27.84,45.47,1008.86
4390,395.01,28.12,27.85,45.48,1008.86
4391,395.10,28.12,27.83,45.48,1008.86
4392,395.19,28.12,27.84,45.44,1008.86
4393,395.28,28.12,27.84,45.46,1008.87
4394,395.37,28.11,27.85,45.45,1008.86
4395,395.46,28.11,27.85,45.45,1008.87
4396,395.55,28.11,27.85,45.46,1008.87
4397,395.64,28.11,27.85,45.45,1008.87
4398,395.73,28.11,27.86,45.43,1008.87
4399,395.82,28.10,27.86,45.47,1008.87
4400,395.91,28.10,27.87,45.43,1008.87
4401,396.00,28.11,27.86,45.43,1008.87
4402,396.09,28.11,27.86,45.44,1008.87
4403,396.18,28.11,27.86,45.44,1008.87
4404,396.27,28.10,27.86,45.45,1008.87
4405,396.36,28.10,27.88,45.43,1008.87
4406,396.45,28.11,27.88,45.44,1008.87
4407,396.54,28.10,27.88,45.44,1008.87
4408,396.63,28.11,27.88,45.44,1008.87
4409,396.72,28.10,27.87,45.40,1008.87
4410,396.81,28.10,27.87,45.40,1008.88
4411,396.90,28.10,27.87,45.40,1008.88
4412,396.99,28.10,27.87,45.39,1008.88
4413,397.08,28.10,27.87,45.42,1008.88
4414,397.17,28.10,27.86,45.42,1008.87
4415,397.26,28.09,27.87,45.41,1008.87
4416,397.35,28.09,27.87,45.40,1008.87
4417,397.44,28.09,27.87,45.41,1008.88
4418,397.53,28.09,27.86,45.41,1008.88
4419,397.62,28.09,27.85,45.43,1008.88
4420,397.71,28.10,27.86,45.44,1008.88
4421,397.80,28.10,27.85,45.42,1008.88
4422,397.89,28.09,27.85,45.37,1008.88
4423,397.98,28.11,27.86,45.39,1008.87
4424,398.07,28.12,27.86,45.38,1008.87
4425,398.16,28.12,27.87,45.40,1008.87
4426,398.25,28.13,27.87,45.42,1008.87
4427,398.34,28.12,27.86,45.40,1008.87
4428,398.43,28.12,27.85,45.40,1008.87
4429,398.52,28.13,27.85,45.38,1008.87
4430,398.61,28.12,27.85,45.37,1008.87
4431,398.70,28.13,27.85,45.38,1008.88
4432,398.79,28.12,27.86,45.36,1008.87
4433,398.88,28.12,27.87,45.36,1008.87
4434,398.97,28.11,27.87,45.35,1008.87
4435,399.06,28.11,27.85,45.35,1008.87
4436,399.15,28.11,27.83,45.33,1008.87
4437,399.24,28.10,27.83,45.31,1008.87
4438,399.33,28.09,27.84,45.33,1008.86
4439,399.42,28.09,27.83,45.33,1008.86
4440,399.51,28.09,27.83,45.34,1008.86
4441,399.60,28.10,27.82,45.36,1008.86
4442,399.69,28.10,27.83,45.34,1008.87
4443,399.78,28.09,27.83,45.35,1008.86
4444,399.87,28.28,27.82,45.38,1008.86
4445,399.96,28.09,27.81,45.36,1008.86
4446,400.05,28.12,27.82,45.37,1008.86
4447,400.14,28.09,27.80,45.38,1008.86
4448,400.23,28.09,27.80,45.38,1008.86
4449,400.32,28.08,27.80,45.39,1008.86
4450,400.41,28.09,27.79,45.40,1008.86
4451,400.50,28.09,27.79,45.38,1008.86
4452,400.59,28.09,27.79,45.35,1008.86
4453,400.68,28.09,27.79,45.34,1008.87
4454,400.77,28.09,27.78,45.33,1008.87
4455,400.86,28.09,27.79,45.33,1008.87
4456,400.95,28.09,27.80,45.38,1008.87
4457,401.04,28.08,27.80,45.39,1008.87
4458,401.13,28.09,27.81,45.41,1008.87
4459,401.22,28.09,27.81,45.41,1008.87
4460,401.31,28.10,27.81,45.40,1008.87
4461,401.40,28.11,27.82,45.38,1008.87
4462,401.49,28.11,27.83,45.34,1008.87
4463,401.58,28.12,27.83,45.32,1008.87
4464,401.67,28.12,27.84,45.31,1008.87
4465,401.76,28.12,27.83,45.29,1008.87
4466,401.85,28.12,27.82,45.32,1008.87
4467,401.94,28.13,27.83,45.34,1008.87
4468,402.03,28.13,27.81,45.37,1008.87
4469,402.12,28.12,27.81,45.40,1008.87
4470,402.21,28.12,27.81,45.40,1008.87
4471,402.30,28.12,27.82,45.37,1008.87
4472,402.39,28.12,27.83,45.38,1008.87
4473,402.48,28.12,27.85,45.38,1008.87
4474,402.57,28.13,27.85,45.37,1008.88
4475,402.66,28.12,27.84,45.39,1008.88
4476,402.75,28.12,27.83,45.37,1008.88
4477,402.84,28.11,27.84,45.38,1008.88
4478,402.93,28.11,27.83,45.39,1008.88
4479,403.02,28.11,27.84,45.40,1008.88
4480,403.11,28.11,27.83,45.41,1008.88
4481,403.20,28.11,27.82,45.39,1008.88
4482,403.29,28.11,27.82,45.40,1008.88
4483,403.38,28.11,27.81,45.41,1008.88
4484,403.47,28.11,27.81,45.41,1008.88
4485,403.56,28.11,27.80,45.43,1008.89
4486,403.65,28.11,27.81,45.41,1008.89
4487,403.74,28.11,27.80,45.40,1008.89
4488,403.83,28.11,27.78,45.38,1008.89
4489,403.92,28.10,27.79,45.35,1008.89
4490,404.01,28.11,27.78,45.36,1008.89
4491,404.10,28.10,27.78,45.36,1008.89
4492,404.19,28.10,27.78,45.39,1008.89
4493,404.28,28.09,27.78,45.39,1008.89
4494,404.37,28.09,27.78,45.41,1008.89
4495,404.46,28.08,27.78,45.39,1008.89
4496,404.55,28.09,27.78,45.39,1008.89
4497,404.64,28.09,27.78,45.40,1008.89
4498,404.73,28.09,27.78,45.41,1008.89
4499,404.82,28.09,27.77,45.37,1008.90
4500,404.91,28.10,27.77,45.35,1008.90
4501,405.00,28.10,27.77,45.34,1008.90
4502,405.09,28.11,27.78,45.33,1008.90
4503,405.18,28.11,27.78,45.29,1008.90
4504,405.27,28.10,27.79,45.29,1008.90
4505,405.36,28.09,27.80,45.27,1008.90
4506,405.45,28.09,27.79,45.27,1008.90
4507,405.54,28.10,27.81,45.28,1008.90
4508,405.63,28.10,27.82,45.28,1008.90
4509,405.72,28.10,27.82,45.26,1008.90
4510,405.81,28.09,27.83,45.26,1008.90
4511,405.90,28.09,27.83,45.25,1008.89
4512,405.99,28.09,27.83,45.26,1008.89
4513,406.08,28.09,27.83,45.27,1008.89
4514,406.17,28.09,27.83,45.27,1008.89
4515,406.26,28.09,27.83,45.25,1008.89
4516,406.35,28.09,27.84,45.23,1008.89
4517,406.44,28.09,27.83,45.27,1008.88
4518,406.53,28.08,27.84,45.27,1008.89
4519,406.62,28.09,27.83,45.27,1008.89
4520,406.71,28.08,27.83,45.24,1008.88
4521,406.80,28.07,27.83,45.24,1008.88
4522,406.89,28.06,27.82,45.28,1008.88
4523,406.98,28.06,27.83,45.27,1008.88
4524,407.07,28.06,27.84,45.24,1008.88
4525,407.16,28.07,27.83,45.24,1008.88
4526,407.25,28.08,27.85,45.23,1008.88
4527,407.34,28.07,27.84,45.20,1008.89
4528,407.43,28.06,27.83,45.21,1008.89
4529,407.52,28.06,27.83,45.26,1008.89
4530,407.61,28.06,27.84,45.28,1008.89
4531,407.70,28.06,27.85,45.25,1008.88
4532,407.79,28.05,27.85,45.25,1008.89
4533,407.88,28.06,27.85,45.27,1008.89
4534,407.97,28.05,27.85,45.25,1008.89
4535,408.06,28.05,27.85,45.25,1008.89
4536,408.15,28.05,27.84,45.26,1008.88
4537,408.24,28.06,27.84,45.28,1008.88
4538,408.33,28.06,27.83,45.28,1008.88
4539,408.42,28.05,27.82,45.28,1008.88
4540,408.51,28.05,27.82,45.27,1008.88
4541,408.60,28.04,27.82,45.29,1008.88
4542,408.69,28.04,27.80,45.27,1008.88
4543,408.78,28.05,27.80,45.26,1008.88
4544,408.87,28.04,27.80,45.27,1008.89
4545,408.96,28.04,27.79,45.28,1008.89
4546,409.05,28.04,27.78,45.29,1008.89
4547,409.14,28.04,27.79,45.27,1008.89
4548,409.23,28.05,27.79,45.26,1008.89
4549,409.32,28.05,27.80,45.24,1008.89
4550,409.41,28.06,27.79,45.23,1008.89
4551,409.50,28.06,27.79,45.22,1008.89
4552,409.59,28.06,27.78,45.21,1008.89
4553,409.68,28.06,27.78,45.21,1008.89
4554,409.77,28.06,27.77,45.20,1008.89
4555,409.86,28.07,27.76,45.15,1008.89
4556,409.95,28.07,27.76,45.16,1008.90
4557,410.04,28.06,27.76,45.15,1008.90
4558,410.13,28.06,27.75,45.13,1008.90
4559,410.22,28.05,27.76,45.15,1008.90
4560,410.31,28.05,27.76,45.14,1008.90
4561,410.40,28.04,27.77,45.16,1008.90
4562,410.49,28.03,27.77,45.12,1008.90
4563,410.58,28.03,27.77,45.10,1008.90
4564,410.67,28.03,27.80,45.09,1008.91
4565,410.76,28.03,27.80,45.06,1008.91
4566,410.85,28.04,27.80,45.05,1008.91
4567,410.94,28.03,27.79,45.11,1008.91
4568,411.03,28.04,27.80,45.12,1008.91
4569,411.12,28.04,27.79,45.10,1008.91
4570,411.21,28.04,27.80,45.07,1008.91
4571,411.30,28.04,27.80,45.09,1008.91
4572,411.39,28.04,27.81,45.12,1008.91
4573,411.48,28.04,27.80,45.14,1008.91
4574,411.57,28.04,27.80,45.13,1008.91
4575,411.66,28.04,27.80,45.17,1008.91
4576,411.75,28.04,27.80,45.17,1008.92
4577,411.84,28.04,27.79,45.14,1008.92
4578,411.93,28.04,27.80,45.14,1008.91
4579,412.02,28.04,27.80,45.13,1008.92
4580,412.11,28.05,27.80,45.12,1008.92
4581,412.20,28.05,27.81,45.11,1008.92
4582,412.29,28.04,27.82,45.12,1008.92
4583,412.38,28.04,27.82,45.13,1008.91
4584,412.47,28.06,27.82,45.15,1008.91
4585,412.56,28.06,27.81,45.15,1008.91
4586,412.65,28.05,27.79,45.14,1008.91
4587,412.74,28.05,27.80,45.15,1008.90
4588,412.83,28.05,27.81,45.14,1008.90
4589,412.92,28.05,27.81,45.12,1008.90
4590,413.01,28.05,27.82,45.12,1008.90
4591,413.10,28.07,27.82,45.12,1008.90
4592,413.19,28.06,27.82,45.14,1008.90
4593,413.28,28.07,27.83,45.12,1008.90
4594,413.37,28.06,27.82,45.10,1008.89
4595,413.46,28.05,27.83,45.11,1008.89
4596,413.55,28.05,27.82,45.09,1008.90
4597,413.64,28.05,27.82,45.10,1008.89
4598,413.73,28.06,27.82,45.11,1008.89
4599,413.82,28.06,27.81,45.09,1008.89
4600,413.91,28.07,27.81,45.06,1008.89
4601,414.00,28.07,27.81,45.09,1008.88
4602,414.09,28.06,27.81,45.10,1008.88
4603,414.18,28.06,27.81,45.10,1008.88
4604,414.27,28.06,27.82,45.10,1008.89
4605,414.36,28.07,27.81,45.13,1008.88
4606,414.45,28.07,27.80,45.12,1008.88
4607,414.54,28.07,27.81,45.12,1008.88
4608,414.63,28.06,27.82,45.14,1008.88
4609,414.72,28.06,27.82,45.14,1008.88
4610,414.81,28.06,27.81,45.14,1008.87
4611,414.90,28.06,27.81,45.15,1008.87
4612,414.99,28.06,27.79,45.17,1008.87
4613,415.08,28.06,27.79,45.15,1008.87
4614,415.17,28.06,27.79,45.17,1008.87
4615,415.26,28.04,27.78,45.18,1008.86
4616,415.35,28.04,27.78,45.17,1008.86
4617,415.44,28.04,27.77,45.16,1008.87
4618,415.53,28.04,27.77,45.15,1008.87
4619,415.62,28.03,27.77,45.15,1008.87
4620,415.71,28.03,27.77,45.15,1008.87
4621,415.80,28.03,27.76,45.15,1008.87
4622,415.89,28.03,27.76,45.15,1008.87
4623,415.98,28.03,27.77,45.20,1008.87
4624,416.07,28.02,27.77,45.20,1008.87
4625,416.16,28.02,27.76,45.20,1008.87
4626,416.25,28.01,27.77,45.22,1008.87
4627,416.34,28.01,27.76,45.22,1008.87
4628,416.43,28.01,27.75,45.23,1008.87
4629,416.52,28.02,27.76,45.26,1008.87
4630,416.61,28.02,27.77,45.26,1008.87
4631,416.70,28.01,27.76,45.25,1008.87
4632,416.79,28.02,27.77,45.23,1008.87
4633,416.88,28.02,27.77,45.21,1008.87
4634,416.97,28.02,27.77,45.20,1008.87
4635,417.06,28.02,27.76,45.23,1008.88
4636,417.15,28.02,27.77,45.25,1008.88
4637,417.24,28.02,27.76,45.25,1008.88
4638,417.33,28.03,27.77,45.22,1008.88
4639,417.42,28.04,27.78,45.29,1008.88
4640,417.51,28.04,27.79,45.25,1008.88
4641,417.60,28.03,27.79,45.24,1008.88
4642,417.69,28.04,27.79,45.25,1008.88
4643,417.78,28.04,27.79,45.22,1008.89
4644,417.87,28.04,27.79,45.21,1008.89
4645,417.96,28.03,27.80,45.21,1008.89
4646,418.05,28.03,27.80,45.23,1008.89
4647,418.14,28.03,27.80,45.24,1008.89
4648,418.23,28.03,27.79,45.25,1008.89
4649,418.32,28.02,27.80,45.26,1008.90
4650,418.41,28.01,27.79,45.26,1008.89
4651,418.50,28.02,27.79,45.26,1008.90
4652,418.59,28.01,27.79,45.28,1008.90
4653,418.68,28.01,27.79,45.29,1008.90
4654,418.77,28.02,27.79,45.30,1008.90
4655,418.86,28.00,27.77,45.32,1008.90
4656,418.95,28.00,27.78,45.29,1008.90
4657,419.04,28.00,27.77,45.27,1008.90
4658,419.13,28.00,27.77,45.29,1008.90
4659,419.22,27.99,27.77,45.26,1008.90
4660,419.31,27.99,27.77,45.26,1008.90
4661,419.40,28.00,27.77,45.25,1008.90
4662,419.49,28.01,27.78,45.23,1008.90
4663,419.58,28.02,27.77,45.22,1008.90
4664,419.67,28.02,27.77,45.21,1008.89
4665,419.76,28.03,27.77,45.20,1008.89
4666,419.85,28.03,27.78,45.20,1008.89
4667,419.94,28.03,27.78,45.22,1008.89
4668,420.03,28.03,27.79,45.23,1008.89
4669,420.12,28.03,27.79,45.20,1008.89
4670,420.21,28.02,27.79,45.21,1008.89
4671,420.30,28.02,27.79,45.23,1008.89
4672,420.39,28.02,27.79,45.23,1008.89
4673,420.48,28.02,27.78,45.24,1008.88
4674,420.57,28.01,27.76,45.27,1008.88
4675,420.66,28.02,27.76,45.26,1008.88
4676,420.75,28.00,27.75,45.24,1008.88
4677,420.84,28.01,27.76,45.24,1008.88
4678,420.93,28.02,27.75,45.28,1008.88
4679,421.02,28.02,27.76,45.27,1008.87
4680,421.11,28.00,27.75,45.25,1008.87
4681,421.20,28.01,27.75,45.24,1008.87
4682,421.29,28.01,27.75,45.23,1008.87
4683,421.38,28.01,27.74,45.25,1008.86
4684,421.47,28.00,27.74,45.20,1008.86
4685,421.56,28.01,27.75,45.20,1008.86
4686,421.65,28.01,27.74,45.20,1008.86
4687,421.74,28.01,27.75,45.21,1008.86
4688,421.83,28.00,27.76,45.24,1008.85
4689,421.92,28.02,27.75,45.23,1008.85
4690,422.01,28.02,27.76,45.22,1008.86
4691,422.10,28.02,27.76,45.19,1008.86
4692,422.19,28.02,27.75,45.17,1008.85
4693,422.28,28.03,27.76,45.18,1008.85
4694,422.37,28.02,27.76,45.19,1008.85
4695,422.46,28.01,27.76,45.23,1008.85
4696,422.55,28.00,27.77,45.21,1008.85
4697,422.64,28.00,27.77,45.22,1008.85
4698,422.73,28.00,27.77,45.20,1008.85
4699,422.82,28.00,27.78,45.19,1008.85
4700,422.91,28.01,27.78,45.21,1008.85
4701,423.00,28.01,27.78,45.19,1008.85
4702,423.09,28.01,27.79,45.19,1008.85
4703,423.18,28.02,27.79,45.22,1008.85
4704,423.27,28.03,27.81,45.22,1008.85
4705,423.36,28.02,27.80,45.20,1008.85
4706,423.45,28.02,27.80,45.17,1008.85
4707,423.54,28.02,27.80,45.16,1008.85
4708,423.63,28.01,27.80,45.12,1008.84
4709,423.72,28.01,27.80,45.14,1008.84
4710,423.81,28.01,27.81,45.18,1008.85
4711,423.90,28.01,27.81,45.17,1008.84
4712,423.99,28.00,27.81,45.18,1008.85
4713,424.08,28.01,27.81,45.19,1008.85
4714,424.17,28.01,27.81,45.20,1008.85
4715,424.26,28.02,27.80,45.22,1008.85
4716,424.35,28.02,27.80,45.22,1008.85
4717,424.44,28.02,27.80,45.20,1008.85
4718,424.53,28.02,27.79,45.21,1008.85
4719,424.62,28.02,27.78,45.20,1008.85
4720,424.71,28.02,27.79,45.22,1008.85
4721,424.80,28.02,27.78,45.20,1008.86
4722,424.89,28.03,27.78,45.17,1008.86
4723,424.98,28.03,27.79,45.16,1008.86
4724,425.07,28.03,27.79,45.17,1008.87
4725,425.16,28.03,27.79,45.15,1008.87
4726,425.25,28.03,27.79,45.16,1008.87
4727,425.34,28.03,27.78,45.14,1008.88
4728,425.43,28.02,27.77,45.12,1008.88
4729,425.52,28.02,27.77,45.09,1008.88
4730,425.61,28.02,27.77,45.12,1008.88
4731,425.70,28.02,27.76,45.12,1008.88
4732,425.79,28.02,27.76,45.15,1008.88
4733,425.88,28.02,27.75,45.16,1008.88
4734,425.97,28.02,27.76,45.17,1008.88
4735,426.06,28.02,27.75,45.19,1008.88
4736,426.15,28.00,27.75,45.16,1008.88
4737,426.24,28.00,27.74,45.14,1008.88
4738,426.33,28.00,27.75,45.10,1008.88
4739,426.42,28.00,27.75,45.09,1008.87
4740,426.51,28.01,27.75,45.09,1008.88
4741,426.60,28.00,27.76,45.12,1008.88
4742,426.69,28.00,27.76,45.14,1008.88
4743,426.78,28.00,27.76,45.13,1008.88
4744,426.87,27.99,27.75,45.15,1008.89
4745,426.96,28.00,27.76,45.14,1008.89
4746,427.05,27.98,27.78,45.15,1008.89
4747,427.14,27.98,27.78,45.15,1008.89
4748,427.23,27.98,27.78,45.12,1008.89
4749,427.32,27.98,27.78,45.12,1008.88
4750,427.41,27.99,27.79,45.13,1008.88
4751,427.50,27.98,27.78,45.12,1008.88
4752,427.59,27.98,27.76,45.15,1008.88
4753,427.68,27.98,27.77,45.13,1008.87
4754,427.77,27.97,27.77,45.14,1008.87
4755,427.86,27.97,27.77,45.11,1008.87
4756,427.95,27.97,27.78,45.13,1008.87
4757,428.04,27.97,27.78,45.14,1008.87
4758,428.13,27.96,27.79,45.11,1008.87
4759,428.22,27.96,27.79,45.11,1008.87
4760,428.31,27.96,27.78,45.10,1008.87
4761,428.40,27.97,27.78,45.10,1008.87
4762,428.49,27.97,27.78,45.15,1008.87
4763,428.58,27.97,27.78,45.18,1008.87
4764,428.67,27.97,27.79,45.17,1008.87
4765,428.76,27.97,27.79,45.17,1008.87
4766,428.85,27.96,27.78,45.18,1008.86
4767,428.94,27.96,27.77,45.19,1008.86
4768,429.03,27.96,27.78,45.20,1008.86
4769,429.12,27.97,27.79,45.21,1008.86
4770,429.21,27.97,27.79,45.21,1008.86
4771,429.30,27.97,27.80,45.20,1008.86
4772,429.39,27.98,27.81,45.23,1008.86
4773,429.48,27.98,27.81,45.25,1008.85
4774,429.57,27.98,27.80,45.25,1008.85
4775,429.66,27.98,27.81,45.25,1008.85
4776,429.75,27.97,27.81,45.20,1008.85
4777,429.84,27.97,27.80,45.20,1008.85
4778,429.93,27.98,27.80,45.19,1008.85
4779,430.02,27.98,27.80,45.19,1008.85
4780,430.11,27.97,27.80,45.15,1008.85
4781,430.20,27.97,27.80,45.15,1008.85
4782,430.29,27.97,27.78,45.15,1008.86
4783,430.38,27.96,27.78,45.14,1008.85
4784,430.47,27.97,27.77,45.14,1008.86
4785,430.56,27.98,27.78,45.13,1008.86
4786,430.65,27.98,27.76,45.12,1008.86
4787,430.74,27.99,27.75,45.13,1008.86
4788,430.83,27.98,27.74,45.11,1008.86
4789,430.92,27.98,27.74,45.14,1008.86
4790,431.01,27.97,27.73,45.15,1008.86
4791,431.10,27.97,27.74,45.15,1008.86
4792,431.19,27.97,27.74,45.16,1008.87
4793,431.28,27.97,27.74,45.13,1008.87
4794,431.37,27.97,27.72,45.14,1008.87
4795,431.46,27.97,27.72,45.19,1008.87
4796,431.55,27.98,27.72,45.20,1008.87
4797,431.64,27.98,27.74,45.22,1008.88
4798,431.73,27.98,27.74,45.24,1008.88
4799,431.82,27.97,27.74,45.23,1008.88
4800,431.91,27.98,27.73,45.23,1008.88
4801,432.00,27.98,27.74,45.20,1008.88
4802,432.09,27.97,27.74,45.18,1008.88
4803,432.18,27.96,27.74,45.19,1008.88
4804,432.27,27.96,27.74,45.19,1008.88
4805,432.36,27.95,27.73,45.21,1008.89
4806,432.45,27.96,27.73,45.20,1008.89
4807,432.54,27.97,27.74,45.20,1008.89
4808,432.63,27.97,27.73,45.20,1008.89
4809,432.72,27.97,27.73,45.22,1008.90
4810,432.81,27.96,27.72,45.26,1008.90
4811,432.90,27.97,27.72,45.23,1008.90
4812,432.99,27.98,27.74,45.20,1008.90
4813,433.08,27.97,27.73,45.19,1008.90
4814,433.17,27.96,27.74,45.15,1008.90
4815,433.26,27.96,27.75,45.15,1008.90
4816,433.35,27.96,27.74,45.15,1008.90
4817,433.44,27.97,27.73,45.12,1008.90
4818,433.53,27.98,27.73,45.13,1008.90
4819,433.62,27.98,27.73,45.14,1008.90
4820,433.71,27.98,27.74,45.12,1008.90
4821,433.80,27.98,27.75,45.10,1008.90
4822,433.89,27.98,27.75,45.10,1008.90
4823,433.98,27.99,27.75,45.09,1008.90
4824,434.07,27.98,27.74,45.11,1008.90
4825,434.16,27.98,27.74,45.10,1008.90
4826,434.25,27.98,27.75,45.11,1008.91
4827,434.34,27.98,27.75,45.11,1008.90
4828,434.43,27.99,27.76,45.13,1008.90
4829,434.52,27.99,27.75,45.15,1008.91
4830,434.61,27.98,27.75,45.14,1008.91
4831,434.70,27.97,27.74,45.15,1008.90
4832,434.79,27.97,27.74,45.13,1008.90
4833,434.88,27.98,27.75,45.16,1008.90
4834,434.97,27.98,27.75,45.14,1008.90
4835,435.06,27.98,27.75,45.15,1008.90
4836,435.15,27.99,27.76,45.17,1008.90
4837,435.24,28.00,27.76,45.18,1008.89
4838,435.33,28.01,27.76,45.20,1008.90
4839,435.42,27.99,27.77,45.23,1008.89
4840,435.51,27.99,27.77,45.23,1008.89
4841,435.60,27.98,27.78,45.22,1008.89
4842,435.69,27.98,27.78,45.25,1008.88
4843,435.78,27.97,27.77,45.25,1008.88
4844,435.87,27.98,27.78,45.25,1008.88
4845,435.96,27.97,27.77,45.22,1008.88
4846,436.05,27.98,27.77,45.24,1008.88
4847,436.14,27.98,27.78,45.27,1008.88
4848,436.23,27.97,27.78,45.28,1008.88
4849,436.32,27.97,27.77,45.28,1008.88
4850,436.41,27.98,27.77,45.32,1008.88
4851,436.50,27.98,27.76,45.30,1008.88
4852,436.59,27.98,27.76,45.30,1008.88
4853,436.68,27.99,27.76,45.30,1008.88
4854,436.77,27.99,27.75,45.32,1008.89
4855,436.86,27.99,27.75,45.33,1008.88
4856,436.95,27.99,27.74,45.33,1008.88
4857,437.04,27.99,27.74,45.32,1008.88
4858,437.13,27.98,27.74,45.31,1008.88
4859,437.22,27.98,27.75,45.32,1008.88
4860,437.31,27.98,27.75,45.36,1008.88
4861,437.40,27.97,27.75,45.31,1008.88
4862,437.49,27.97,27.74,45.30,1008.88
4863,437.58,27.97,27.74,45.31,1008.88
4864,437.67,27.98,27.73,45.31,1008.89
4865,437.76,27.98,27.73,45.30,1008.89
4866,437.85,27.97,27.72,45.30,1008.89
4867,437.94,27.97,27.72,45.26,1008.89
4868,438.03,27.96,27.72,45.28,1008.89
4869,438.12,27.97,27.71,45.31,1008.89
4870,438.21,27.97,27.72,45.29,1008.89
4871,438.30,27.96,27.72,45.30,1008.89
4872,438.39,27.95,27.72,45.33,1008.89
4873,438.48,27.95,27.72,45.31,1008.89
4874,438.57,27.95,27.73,45.33,1008.89
4875,438.66,27.96,27.73,45.35,1008.88
4876,438.75,27.96,27.74,45.34,1008.89
4877,438.84,27.95,27.74,45.34,1008.89
4878,438.93,27.95,27.74,45.38,1008.89
4879,439.02,27.96,27.74,45.39,1008.90
4880,439.11,27.96,27.74,45.39,1008.90
4881,439.20,27.96,27.74,45.36,1008.90
4882,439.29,27.96,27.73,45.39,1008.90
4883,439.38,27.96,27.73,45.36,1008.90
4884,439.47,27.96,27.73,45.35,1008.90
4885,439.56,27.96,27.71,45.34,1008.90
4886,439.65,27.96,27.72,45.36,1008.90
4887,439.74,27.95,27.73,45.34,1008.90
4888,439.83,27.94,27.73,45.35,1008.90
4889,439.92,27.94,27.73,45.32,1008.90
4890,440.01,27.94,27.74,45.34,1008.91
4891,440.10,27.93,27.74,45.33,1008.91
4892,440.19,27.93,27.74,45.36,1008.91
4893,440.28,27.93,27.75,45.40,1008.91
4894,440.37,27.93,27.74,45.41,1008.91
4895,440.46,27.92,27.75,45.39,1008.91
4896,440.55,27.91,27.76,45.38,1008.91
4897,440.64,27.92,27.75,45.35,1008.91
4898,440.73,27.92,27.74,45.34,1008.90
4899,440.82,27.92,27.75,45.32,1008.91
4900,440.91,27.91,27.75,45.31,1008.91
4901,441.00,27.92,27.75,45.28,1008.91
4902,441.09,27.92,27.74,45.29,1008.91
4903,441.18,27.92,27.74,45.27,1008.91
4904,441.27,27.92,27.75,45.24,1008.91
4905,441.36,27.91,27.75,45.23,1008.91
4906,441.45,27.90,27.75,45.23,1008.91
4907,441.54,27.91,27.76,45.23,1008.91
4908,441.63,27.91,27.75,45.23,1008.91
4909,441.72,27.90,27.76,45.19,1008.91
4910,441.81,27.91,27.76,45.20,1008.91
4911,441.90,27.90,27.75,45.18,1008.91
4912,441.99,27.90,27.74,45.23,1008.91
4913,442.08,27.92,27.75,45.23,1008.91
4914,442.17,27.92,27.74,45.21,1008.91
4915,442.26,27.91,27.76,45.21,1008.91
4916,442.35,27.91,27.75,45.22,1008.90
4917,442.44,27.91,27.74,45.21,1008.91
4918,442.53,27.91,27.74,45.20,1008.91
4919,442.62,27.91,27.73,45.20,1008.90
4920,442.71,27.91,27.72,45.21,1008.90
4921,442.80,27.91,27.71,45.20,1008.90
4922,442.89,27.90,27.71,45.20,1008.90
4923,442.98,27.91,27.70,45.20,1008.90
4924,443.07,27.91,27.69,45.24,1008.90
4925,443.16,27.92,27.70,45.23,1008.90
4926,443.25,27.92,27.70,45.21,1008.90
4927,443.34,27.93,27.70,45.21,1008.90
4928,443.43,27.93,27.69,45.19,1008.89
4929,443.52,27.93,27.69,45.20,1008.89
4930,443.61,27.93,27.68,45.22,1008.89
4931,443.70,27.93,27.68,45.21,1008.89
4932,443.79,27.93,27.68,45.21,1008.89
4933,443.88,27.92,27.69,45.21,1008.89
4934,443.97,27.93,27.70,45.20,1008.89
4935,444.06,27.92,27.70,45.23,1008.89
4936,444.15,27.93,27.70,45.23,1008.89
4937,444.24,27.92,27.71,45.23,1008.89
4938,444.33,27.93,27.71,45.20,1008.88
4939,444.42,27.92,27.71,45.19,1008.89
4940,444.51,27.93,27.71,45.17,1008.89
4941,444.60,27.92,27.71,45.17,1008.88
4942,444.69,27.93,27.72,45.15,1008.88
4943,444.78,27.93,27.71,45.14,1008.88
4944,444.87,27.93,27.73,45.13,1008.88
4945,444.96,27.92,27.73,45.12,1008.88
4946,445.05,27.93,27.73,45.12,1008.88
4947,445.14,27.93,27.73,45.16,1008.88
4948,445.23,27.93,27.72,45.16,1008.89
4949,445.32,27.91,27.71,45.20,1008.89
4950,445.41,27.92,27.71,45.19,1008.89
4951,445.50,27.91,27.70,45.20,1008.88
4952,445.59,27.92,27.71,45.20,1008.89
4953,445.68,27.92,27.71,45.19,1008.88
4954,445.77,27.91,27.72,45.17,1008.88
4955,445.86,27.91,27.71,45.16,1008.88
4956,445.95,27.91,27.71,45.17,1008.88
4957,446.04,27.90,27.71,45.18,1008.88
4958,446.13,27.90,27.72,45.16,1008.88
4959,446.22,27.91,27.71,45.18,1008.88
4960,446.31,27.91,27.71,45.16,1008.88
4961,446.40,27.91,27.73,45.17,1008.88
4962,446.49,27.92,27.72,45.19,1008.88
4963,446.58,27.92,27.74,45.19,1008.88
4964,446.67,27.92,27.74,45.22,1008.88
4965,446.76,27.92,27.73,45.21,1008.88
4966,446.85,27.92,27.72,45.23,1008.88
4967,446.94,27.92,27.72,45.24,1008.87
4968,447.03,27.92,27.72,45.22,1008.88
4969,447.12,27.92,27.73,45.23,1008.88
4970,447.21,27.93,27.73,45.25,1008.88
4971,447.30,27.92,27.73,45.25,1008.88
4972,447.39,27.92,27.72,45.22,1008.88
4973,447.48,27.92,27.72,45.19,1008.88
4974,447.57,27.92,27.72,45.18,1008.88
4975,447.66,27.92,27.71,45.16,1008.88
4976,447.75,27.92,27.72,45.18,1008.88
4977,447.84,27.92,27.73,45.16,1008.88
4978,447.93,27.92,27.72,45.22,1008.88
4979,448.02,27.92,27.70,45.19,1008.89
4980,448.11,27.92,27.70,45.18,1008.89
4981,448.20,27.93,27.69,45.17,1008.89
4982,448.29,27.92,27.69,45.18,1008.89
4983,448.38,27.92,27.67,45.14,1008.89
4984,448.47,27.93,27.67,45.13,1008.89
4985,448.56,27.93,27.68,45.11,1008.88
4986,448.65,27.92,27.67,45.09,1008.89
4987,448.74,27.93,27.66,45.10,1008.89
4988,448.83,27.94,27.67,45.14,1008.88
4989,448.92,27.93,27.67,45.15,1008.88
4990,449.01,27.93,27.67,45.17,1008.88
4991,449.10,27.94,27.66,45.16,1008.88
4992,449.19,27.94,27.67,45.14,1008.88
4993,449.28,27.94,27.67,45.15,1008.88
4994,449.37,27.94,27.67,45.15,1008.88
4995,449.46,27.94,27.67,45.17,1008.88
4996,449.55,27.95,27.68,45.17,1008.88
4997,449.64,27.95,27.69,45.18,1008.88
4998,449.73,27.95,27.69,45.18,1008.88
4999,449.82,27.96,27.69,45.19,1008.87
5000,449.91,27.94,27.69,45.21,1008.87
5001,450.00,27.95,27.69,45.21,1008.87
5002,450.09,27.96,27.68,45.21,1008.87
5003,450.18,27.96,27.68,45.19,1008.88
5004,450.27,27.96,27.70,45.21,1008.87
5005,450.36,27.96,27.69,45.20,1008.87
5006,450.45,27.95,27.70,45.19,1008.87
5007,450.54,27.96,27.71,45.19,1008.87
5008,450.63,27.96,27.71,45.15,1008.87
5009,450.72,27.96,27.71,45.16,1008.87
5010,450.81,27.95,27.72,45.15,1008.87
5011,450.90,27.95,27.72,45.17,1008.87
5012,450.99,27.95,27.71,45.17,1008.87
5013,451.08,27.95,27.71,45.16,1008.87
5014,451.17,27.96,27.70,45.14,1008.87
5015,451.26,27.96,27.70,45.14,1008.87
5016,451.35,27.96,27.70,45.13,1008.87
5017,451.44,27.95,27.69,45.12,1008.87
5018,451.53,27.95,27.69,45.13,1008.87
5019,451.62,27.95,27.69,45.12,1008.87
5020,451.71,27.96,27.70,45.15,1008.87
5021,451.80,27.94,27.69,45.14,1008.87
5022,451.89,27.94,27.69,45.15,1008.87
5023,451.98,27.94,27.69,45.17,1008.87
5024,452.07,27.94,27.69,45.16,1008.87
5025,452.16,27.93,27.69,45.14,1008.87
5026,452.25,27.93,27.68,45.18,1008.87
5027,452.34,27.93,27.68,45.19,1008.87
5028,452.43,27.93,27.68,45.16,1008.87
5029,452.52,27.93,27.69,45.16,1008.87
5030,452.61,27.92,27.68,45.16,1008.87
5031,452.70,27.92,27.69,45.18,1008.87
5032,452.79,27.92,27.69,45.19,1008.86
5033,452.88,27.91,27.70,45.17,1008.86
5034,452.97,27.91,27.69,45.16,1008.86
5035,453.06,27.90,27.69,45.15,1008.87
5036,453.15,27.89,27.69,45.14,1008.87
5037,453.24,27.89,27.70,45.16,1008.86
5038,453.33,27.88,27.69,45.16,1008.86
5039,453.42,27.88,27.69,45.12,1008.87
5040,453.51,27.89,27.68,45.11,1008.87
5041,453.60,27.88,27.69,45.12,1008.86
5042,453.69,27.88,27.68,45.14,1008.86
5043,453.78,27.88,27.66,45.16,1008.86
5044,453.87,27.89,27.67,45.17,1008.85
5045,453.96,27.88,27.67,45.21,1008.86
5046,454.05,27.89,27.66,45.19,1008.86
5047,454.14,27.88,27.66,45.18,1008.86
5048,454.23,27.88,27.66,45.18,1008.86
5049,454.32,27.89,27.67,45.18,1008.86
5050,454.41,27.89,27.68,45.19,1008.86
5051,454.50,27.89,27.67,45.18,1008.86
5052,454.59,27.91,27.68,45.20,1008.86
5053,454.68,27.90,27.68,45.20,1008.87
5054,454.77,27.90,27.68,45.19,1008.87
5055,454.86,27.90,27.68,45.19,1008.87
5056,454.95,27.90,27.67,45.20,1008.87
5057,455.04,27.89,27.68,45.21,1008.86
5058,455.13,27.90,27.68,45.21,1008.86
5059,455.22,27.90,27.67,45.21,1008.87
5060,455.31,27.91,27.69,45.18,1008.87
5061,455.40,27.91,27.69,45.19,1008.87
5062,455.49,27.91,27.69,45.18,1008.86
5063,455.58,27.90,27.71,45.16,1008.87
5064,455.67,27.91,27.70,45.18,1008.87
5065,455.76,27.90,27.69,45.20,1008.87
5066,455.85,27.90,27.69,45.19,1008.87
5067,455.94,27.90,27.69,45.18,1008.87
5068,456.03,27.91,27.68,45.18,1008.87
5069,456.12,27.89,27.68,45.20,1008.86
5070,456.21,27.89,27.68,45.20,1008.87
5071,456.30,27.89,27.69,45.25,1008.87
5072,456.39,27.89,27.69,45.28,1008.87
5073,456.48,27.89,27.68,45.28,1008.87
5074,456.57,27.90,27.68,45.29,1008.87
5075,456.66,27.90,27.69,45.29,1008.86
5076,456.75,27.90,27.68,45.28,1008.87
5077,456.84,27.91,27.69,45.30,1008.87
5078,456.93,27.90,27.69,45.25,1008.87
5079,457.02,27.89,27.69,45.23,1008.87
5080,457.11,27.89,27.70,45.20,1008.87
5081,457.20,27.89,27.67,45.20,1008.87
5082,457.29,27.90,27.68,45.19,1008.87
5083,457.38,27.90,27.68,45.19,1008.87
5084,457.47,27.91,27.68,45.20,1008.87
5085,457.56,27.91,27.69,45.19,1008.87
5086,457.65,27.91,27.69,45.19,1008.88
5087,457.74,27.90,27.70,45.21,1008.87
5088,457.83,27.90,27.69,45.21,1008.88
5089,457.92,27.90,27.70,45.22,1008.88
5090,458.01,27.89,27.70,45.24,1008.87
5091,458.10,27.89,27.71,45.25,1008.87
5092,458.19,27.90,27.70,45.25,1008.87
5093,458.28,27.90,27.71,45.21,1008.87
5094,458.37,27.91,27.70,45.22,1008.88
5095,458.46,27.91,27.71,45.19,1008.88
5096,458.55,27.92,27.70,45.18,1008.88
5097,458.64,27.92,27.70,45.15,1008.89
5098,458.73,27.93,27.70,45.16,1008.88
5099,458.82,27.92,27.70,45.16,1008.89
5100,458.91,27.92,27.69,45.17,1008.89
5101,459.00,27.91,27.68,45.19,1008.89
5102,459.09,27.91,27.68,45.17,1008.88
5103,459.18,27.91,27.67,45.15,1008.89
5104,459.27,27.90,27.67,45.17,1008.89
5105,459.36,27.90,27.67,45.18,1008.88
5106,459.45,27.90,27.66,45.17,1008.89
5107,459.54,27.90,27.65,45.19,1008.88
5108,459.63,27.90,27.65,45.18,1008.88
5109,459.72,27.89,27.64,45.21,1008.88
5110,459.81,27.90,27.64,45.22,1008.88
5111,459.90,27.90,27.65,45.30,1008.88
5112,459.99,27.90,27.64,45.27,1008.88
5113,460.08,27.90,27.64,45.26,1008.88
5114,460.17,27.89,27.64,45.25,1008.88
5115,460.26,27.90,27.64,45.23,1008.88
5116,460.35,27.90,27.64,45.23,1008.88
5117,460.44,27.91,27.64,45.27,1008.88
5118,460.53,27.91,27.65,45.26,1008.88
5119,460.62,27.90,27.65,45.27,1008.88
5120,460.71,27.90,27.65,45.25,1008.88
5121,460.80,27.90,27.64,45.24,1008.88
5122,460.89,27.90,27.64,45.22,1008.88
5123,460.98,27.90,27.64,45.20,1008.88
5124,461.07,27.91,27.64,45.14,1008.88
5125,461.16,27.91,27.63,45.11,1008.87
5126,461.25,27.90,27.64,45.14,1008.87
5127,461.34,27.90,27.64,45.12,1008.87
5128,461.43,27.90,27.64,45.11,1008.87
5129,461.52,27.91,27.65,45.11,1008.87
5130,461.61,27.91,27.66,45.11,1008.87
5131,461.70,27.91,27.67,45.09,1008.87
5132,461.79,27.91,27.67,45.09,1008.87
5133,461.88,27.91,27.67,45.11,1008.87
5134,461.97,27.90,27.67,45.12,1008.88
5135,462.06,27.89,27.67,45.13,1008.88
5136,462.15,27.90,27.67,45.13,1008.88
5137,462.24,27.90,27.67,45.13,1008.87
5138,462.33,27.89,27.68,45.12,1008.87
5139,462.42,27.90,27.68,45.12,1008.88
5140,462.51,27.89,27.68,45.15,1008.88
5141,462.60,27.88,27.68,45.17,1008.88
5142,462.69,27.89,27.68,45.15,1008.88
5143,462.78,27.89,27.67,45.16,1008.88
5144,462.87,27.88,27.67,45.17,1008.88
5145,462.96,27.88,27.68,45.15,1008.88
5146,463.05,27.89,27.67,45.16,1008.88
5147,463.14,27.89,27.66,45.15,1008.88
5148,463.23,27.89,27.65,45.16,1008.88
5149,463.32,27.88,27.65,45.17,1008.89
5150,463.41,27.88,27.64,45.21,1008.89
5151,463.50,27.88,27.65,45.22,1008.89
5152,463.59,27.88,27.65,45.21,1008.89
5153,463.68,27.88,27.66,45.19,1008.89
5154,463.77,27.88,27.65,45.21,1008.88
5155,463.86,27.87,27.65,45.20,1008.89
5156,463.95,27.87,27.66,45.19,1008.88
5157,464.04,27.87,27.64,45.17,1008.88
5158,464.13,27.87,27.64,45.15,1008.88
5159,464.22,27.87,27.65,45.15,1008.89
5160,464.31,27.86,27.64,45.12,1008.89
5161,464.40,27.86,27.65,45.10,1008.89
5162,464.49,27.86,27.65,45.12,1008.89
5163,464.58,27.85,27.64,45.13,1008.89
5164,464.67,27.85,27.65,45.15,1008.89
5165,464.76,27.85,27.65,45.16,1008.89
5166,464.85,27.85,27.63,45.17,1008.89
5167,464.94,27.86,27.63,45.18,1008.89
5168,465.03,27.86,27.63,45.20,1008.89
5169,465.12,27.86,27.63,45.20,1008.89
5170,465.21,27.86,27.63,45.19,1008.89
5171,465.30,27.86,27.64,45.19,1008.90
5172,465.39,27.87,27.64,45.21,1008.89
5173,465.48,27.88,27.64,45.17,1008.89
5174,465.57,27.89,27.65,45.15,1008.90
5175,465.66,27.89,27.65,45.13,1008.90
5176,465.75,27.88,27.66,45.12,1008.90
5177,465.84,27.89,27.65,45.15,1008.90
5178,465.93,27.89,27.65,45.15,1008.90
5179,466.02,27.88,27.64,45.14,1008.90
5180,466.11,27.88,27.64,45.14,1008.90
5181,466.20,27.89,27.64,45.15,1008.90
5182,466.29,27.89,27.65,45.13,1008.91
5183,466.38,27.89,27.64,45.13,1008.91
5184,466.47,27.88,27.65,45.13,1008.91
5185,466.56,27.88,27.65,45.13,1008.91
5186,466.65,27.88,27.65,45.14,1008.91
5187,466.74,27.88,27.65,45.16,1008.91
5188,466.83,27.88,27.64,45.18,1008.91
5189,466.92,27.87,27.65,45.16,1008.91
5190,467.01,27.88,27.65,45.19,1008.90
5191,467.10,27.87,27.65,45.21,1008.90
5192,467.19,27.87,27.65,45.17,1008.90
5193,467.28,27.87,27.65,45.12,1008.90
5194,467.37,27.87,27.65,45.13,1008.90
5195,467.46,27.87,27.65,45.10,1008.91
5196,467.55,27.87,27.65,45.09,1008.91
5197,467.64,27.87,27.65,45.09,1008.91
5198,467.73,27.88,27.65,45.07,1008.90
5199,467.82,27.88,27.65,45.09,1008.90
5200,467.91,27.88,27.65,45.13,1008.90
5201,468.00,27.88,27.66,45.11,1008.90
5202,468.09,27.88,27.66,45.09,1008.91
5203,468.18,27.88,27.66,45.09,1008.90
5204,468.27,27.88,27.67,45.10,1008.90
5205,468.36,27.87,27.66,45.10,1008.90
5206,468.45,27.88,27.68,45.12,1008.90
5207,468.54,27.88,27.68,45.10,1008.90
5208,468.63,27.88,27.69,45.13,1008.90
5209,468.72,27.89,27.69,45.14,1008.90
5210,468.81,27.89,27.70,45.11,1008.90
5211,468.90,27.88,27.69,45.10,1008.89
5212,468.99,27.89,27.68,45.13,1008.89
5213,469.08,27.90,27.68,45.16,1008.89
5214,469.17,27.90,27.67,45.15,1008.89
5215,469.26,27.90,27.67,45.17,1008.89
5216,469.35,27.89,27.67,45.17,1008.89
5217,469.44,27.89,27.67,45.15,1008.89
5218,469.53,27.89,27.67,45.19,1008.89
5219,469.62,27.88,27.66,45.17,1008.89
5220,469.71,27.89,27.65,45.17,1008.89
5221,469.80,27.89,27.65,45.17,1008.89
5222,469.89,27.90,27.65,45.15,1008.89
5223,469.98,27.90,27.64,45.13,1008.89
5224,470.07,27.90,27.65,45.13,1008.89
5225,470.16,27.90,27.65,45.12,1008.89
5226,470.25,27.90,27.66,45.12,1008.88
5227,470.34,27.89,27.66,45.12,1008.88
5228,470.43,27.89,27.66,45.14,1008.88
5229,470.52,27.88,27.67,45.12,1008.88
5230,470.61,27.87,27.66,45.13,1008.88
5231,470.70,27.87,27.66,45.09,1008.88
5232,470.79,27.86,27.66,45.08,1008.88
5233,470.88,27.86,27.66,45.08,1008.88
5234,470.97,27.86,27.66,45.04,1008.88
5235,471.06,27.86,27.65,45.02,1008.89
5236,471.15,27.87,27.65,45.03,1008.88
5237,471.24,27.88,27.65,45.04,1008.89
5238,471.33,27.88,27.66,45.06,1008.89
5239,471.42,27.88,27.67,45.06,1008.89
5240,471.51,27.88,27.66,45.02,1008.89
5241,471.60,27.88,27.65,45.04,1008.89
5242,471.69,27.88,27.65,45.02,1008.89
5243,471.78,27.88,27.66,45.06,1008.89
5244,471.87,27.87,27.64,45.06,1008.89
5245,471.96,27.88,27.65,45.10,1008.89
5246,472.05,27.88,27.66,45.11,1008.90
5247,472.14,27.88,27.66,45.11,1008.90
5248,472.23,27.90,27.65,45.12,1008.90
5249,472.32,27.90,27.66,45.10,1008.90
5250,472.41,27.89,27.65,45.09,1008.90
5251,472.50,27.90,27.65,45.07,1008.90
5252,472.59,27.90,27.65,45.02,1008.90
5253,472.68,27.91,27.65,45.02,1008.90
5254,472.77,27.90,27.65,44.98,1008.90
5255,472.86,27.90,27.66,44.95,1008.90
5256,472.95,27.91,27.66,44.95,1008.90
5257,473.04,27.90,27.66,44.94,1008.91
5258,473.13,27.89,27.66,44.93,1008.91
5259,473.22,27.89,27.67,44.94,1008.91
5260,473.31,27.89,27.67,44.95,1008.91
5261,473.40,27.88,27.67,44.95,1008.91
5262,473.49,27.88,27.67,44.96,1008.91
5263,473.58,27.88,27.68,44.96,1008.91
5264,473.67,27.88,27.69,44.94,1008.91
5265,473.76,27.88,27.69,44.96,1008.91
5266,473.85,27.88,27.70,44.97,1008.91
5267,473.94,27.88,27.69,44.96,1008.91
5268,474.03,27.88,27.70,44.94,1008.91
5269,474.12,27.89,27.70,44.94,1008.91
5270,474.21,27.89,27.70,44.97,1008.91
5271,474.30,27.88,27.69,44.96,1008.91
5272,474.39,27.88,27.69,44.95,1008.91
5273,474.48,27.87,27.69,44.92,1008.91
5274,474.57,27.87,27.69,44.93,1008.91
5275,474.66,27.87,27.68,44.90,1008.91
5276,474.75,27.88,27.69,44.92,1008.90
5277,474.84,27.87,27.69,44.93,1008.90
5278,474.93,27.87,27.68,44.96,1008.90
5279,475.02,27.87,27.67,44.96,1008.90
5280,475.11,27.86,27.66,44.98,1008.90
5281,475.20,27.86,27.65,44.98,1008.89
5282,475.29,27.86,27.65,45.00,1008.89
5283,475.38,27.86,27.64,45.01,1008.89
5284,475.47,27.86,27.64,44.99,1008.88
5285,475.56,27.87,27.63,44.95,1008.88
5286,475.65,27.87,27.63,44.93,1008.88
5287,475.74,27.86,27.63,44.92,1008.88
5288,475.83,27.87,27.63,44.90,1008.88
5289,475.92,27.87,27.62,44.91,1008.88
5290,476.01,27.86,27.62,44.91,1008.88
5291,476.10,27.85,27.62,44.87,1008.88
5292,476.19,27.86,27.62,44.85,1008.88
5293,476.28,27.86,27.63,44.86,1008.88
5294,476.37,27.86,27.63,44.87,1008.88
5295,476.46,27.86,27.63,44.88,1008.87
5296,476.55,27.87,27.64,44.84,1008.87
5297,476.64,27.88,27.65,44.82,1008.87
5298,476.73,27.87,27.65,44.79,1008.87
5299,476.82,27.86,27.64,44.81,1008.87
5300,476.91,27.87,27.64,44.84,1008.87
5301,477.00,27.85,27.65,44.88,1008.87
5302,477.09,27.85,27.65,44.87,1008.86
5303,477.18,27.85,27.63,44.86,1008.87
5304,477.27,27.83,27.63,44.88,1008.86
5305,477.36,27.83,27.64,44.87,1008.86
5306,477.45,27.84,27.64,44.89,1008.86
5307,477.54,27.83,27.64,44.85,1008.85
5308,477.63,27.83,27.65,44.85,1008.85
5309,477.72,27.82,27.65,44.83,1008.85
5310,477.81,27.82,27.64,44.84,1008.85
5311,477.90,27.83,27.65,44.81,1008.85
5312,477.99,27.82,27.66,44.84,1008.85
5313,478.08,27.82,27.67,44.83,1008.85
5314,478.17,27.82,27.66,44.81,1008.85
5315,478.26,27.82,27.65,44.81,1008.85
5316,478.35,27.83,27.65,44.81,1008.86
5317,478.44,27.83,27.65,44.83,1008.86
5318,478.53,27.82,27.65,44.84,1008.86
5319,478.62,27.81,27.65,44.85,1008.86
5320,478.71,27.82,27.64,44.84,1008.87
5321,478.80,27.81,27.63,44.81,1008.87
5322,478.89,27.82,27.64,44.81,1008.87
5323,478.98,27.82,27.63,44.82,1008.87
5324,479.07,27.83,27.63,44.84,1008.87
5325,479.16,27.82,27.63,44.86,1008.87
5326,479.25,27.82,27.64,44.85,1008.88
5327,479.34,27.83,27.64,44.86,1008.88
5328,479.43,27.83,27.65,44.89,1008.88
5329,479.52,27.83,27.65,44.94,1008.87
5330,479.61,27.82,27.64,44.92,1008.88
5331,479.70,27.81,27.65,44.92,1008.88
5332,479.79,27.82,27.64,44.95,1008.88
5333,479.88,27.82,27.64,44.98,1008.88
5334,479.97,27.82,27.65,45.02,1008.88
5335,480.06,27.82,27.65,45.05,1008.88
5336,480.15,27.83,27.65,45.04,1008.88
5337,480.24,27.83,27.64,45.04,1008.88
5338,480.33,27.84,27.65,45.07,1008.88
5339,480.42,27.84,27.63,45.05,1008.89
5340,480.51,27.84,27.64,45.03,1008.88
5341,480.60,27.84,27.64,45.01,1008.89
5342,480.69,27.84,27.64,44.99,1008.89
5343,480.78,27.84,27.64,44.95,1008.88
5344,480.87,27.83,27.63,44.98,1008.88
5345,480.96,27.83,27.63,44.99,1008.88
5346,481.05,27.83,27.64,44.96,1008.88
5347,481.14,27.84,27.65,44.95,1008.88
5348,481.23,27.85,27.64,44.96,1008.88
5349,481.32,27.85,27.66,44.96,1008.88
5350,481.41,27.85,27.65,44.94,1008.87
5351,481.50,27.85,27.65,44.91,1008.87
5352,481.59,27.86,27.64,44.91,1008.88
5353,481.68,27.86,27.64,44.88,1008.88
5354,481.77,27.86,27.63,44.91,1008.88
5355,481.86,27.85,27.62,44.91,1008.87
5356,481.95,27.85,27.62,44.90,1008.87
5357,482.04,27.85,27.62,44.93,1008.87
5358,482.13,27.86,27.62,44.97,1008.87
5359,482.22,27.86,27.62,44.99,1008.87
5360,482.31,27.87,27.62,44.97,1008.87
5361,482.40,27.87,27.61,44.96,1008.87
5362,482.49,27.87,27.61,44.95,1008.87
5363,482.58,27.87,27.61,44.94,1008.86
5364,482.67,27.88,27.62,44.96,1008.86
5365,482.76,27.89,27.61,44.96,1008.87
5366,482.85,27.88,27.60,44.95,1008.87
5367,482.94,27.87,27.61,44.92,1008.87
5368,483.03,27.88,27.61,44.91,1008.87
5369,483.12,27.88,27.61,44.86,1008.87
5370,483.21,27.87,27.62,44.86,1008.87
5371,483.30,27.87,27.61,44.82,1008.87
5372,483.39,27.87,27.61,44.80,1008.86
5373,483.48,27.86,27.61,44.82,1008.86
5374,483.57,27.87,27.61,44.82,1008.87
5375,483.66,27.87,27.60,44.84,1008.87
5376,483.75,27.88,27.60,44.81,1008.86
5377,483.84,27.87,27.60,44.82,1008.86
5378,483.93,27.87,27.61,44.83,1008.86
5379,484.02,27.87,27.62,44.87,1008.86
5380,484.11,27.87,27.61,44.89,1008.86
5381,484.20,27.86,27.61,44.88,1008.86
5382,484.29,27.86,27.62,44.88,1008.85
5383,484.38,27.87,27.64,44.89,1008.85
5384,484.47,27.87,27.65,44.86,1008.85
5385,484.56,27.86,27.65,44.87,1008.85
5386,484.65,27.86,27.65,44.85,1008.85
5387,484.74,27.85,27.65,44.80,1008.85
5388,484.83,27.85,27.65,44.80,1008.85
5389,484.92,27.85,27.64,44.83,1008.85
5390,485.01,27.86,27.64,44.80,1008.85
5391,485.10,27.86,27.64,44.79,1008.85
5392,485.19,27.86,27.63,44.78,1008.85
5393,485.28,27.85,27.64,44.80,1008.85
5394,485.37,27.85,27.63,44.79,1008.85
5395,485.46,27.85,27.63,44.73,1008.85
5396,485.55,27.84,27.63,44.75,1008.85
5397,485.64,27.83,27.62,44.73,1008.85
5398,485.73,27.83,27.63,44.73,1008.86
5399,485.82,27.84,27.63,44.74,1008.85
5400,485.91,27.83,27.62,44.74,1008.86
5401,486.00,27.84,27.62,44.72,1008.86
5402,486.09,27.84,27.62,44.70,1008.86
5403,486.18,27.83,27.63,44.70,1008.86
5404,486.27,27.83,27.64,44.69,1008.86
5405,486.36,27.82,27.65,44.66,1008.86
5406,486.45,27.82,27.65,44.68,1008.87
5407,486.54,27.82,27.64,44.69,1008.86
5408,486.63,27.82,27.64,44.66,1008.87
5409,486.72,27.82,27.62,44.67,1008.87
5410,486.81,27.82,27.61,44.70,1008.87
5411,486.90,27.82,27.62,44.70,1008.87
5412,486.99,27.83,27.62,44.68,1008.87
5413,487.08,27.82,27.62,44.69,1008.87
5414,487.17,27.81,27.62,44.67,1008.87
5415,487.26,27.81,27.62,44.66,1008.87
5416,487.35,27.81,27.61,44.67,1008.88
5417,487.44,27.81,27.62,44.67,1008.88
5418,487.53,27.82,27.62,44.67,1008.89
5419,487.62,27.82,27.62,44.68,1008.89
5420,487.71,27.82,27.61,44.69,1008.89
5421,487.80,27.82,27.61,44.71,1008.89
5422,487.89,27.81,27.61,44.72,1008.89
5423,487.98,27.81,27.62,44.69,1008.89
5424,488.07,27.82,27.62,44.69,1008.89
5425,488.16,27.82,27.63,44.70,1008.89
5426,488.25,27.82,27.63,44.69,1008.89
5427,488.34,27.82,27.63,44.69,1008.90
5428,488.43,27.82,27.63,44.65,1008.90
5429,488.52,27.82,27.64,44.64,1008.90
5430,488.61,27.83,27.63,44.64,1008.90
5431,488.70,27.83,27.64,44.64,1008.90
5432,488.79,27.83,27.65,44.63,1008.89
5433,488.88,27.83,27.65,44.66,1008.90
5434,488.97,27.83,27.64,44.65,1008.90
5435,489.06,27.83,27.64,44.67,1008.90
5436,489.15,27.85,27.65,44.68,1008.90
5437,489.24,27.84,27.65,44.69,1008.89
5438,489.33,27.85,27.65,44.70,1008.89
5439,489.42,27.85,27.65,44.70,1008.89
5440,489.51,27.84,27.65,44.73,1008.89
5441,489.60,27.84,27.65,44.76,1008.89
5442,489.69,27.84,27.65,44.76,1008.89
5443,489.78,27.84,27.65,44.71,1008.89
5444,489.87,27.83,27.66,44.71,1008.89
5445,489.96,27.82,27.65,44.71,1008.89
5446,490.05,27.83,27.66,44.75,1008.89
5447,490.14,27.83,27.65,44.74,1008.88
5448,490.23,27.82,27.65,44.76,1008.88
5449,490.32,27.83,27.65,44.72,1008.88
5450,490.41,27.84,27.63,44.73,1008.87
5451,490.50,27.84,27.62,44.73,1008.87
5452,490.59,27.84,27.63,44.71,1008.87
5453,490.68,27.83,27.62,44.71,1008.87
5454,490.77,27.84,27.63,44.75,1008.87
5455,490.86,27.84,27.63,44.78,1008.87
5456,490.95,27.84,27.64,44.73,1008.87
5457,491.04,27.84,27.65,44.75,1008.87
5458,491.13,27.85,27.65,44.78,1008.87
5459,491.22,27.85,27.65,44.74,1008.87
5460,491.31,27.85,27.65,44.77,1008.87
5461,491.40,27.85,27.64,44.76,1008.87
5462,491.49,27.84,27.65,44.76,1008.87
5463,491.58,27.84,27.64,44.77,1008.87
5464,491.67,27.83,27.64,44.75,1008.87
5465,491.76,27.83,27.63,44.76,1008.87
5466,491.85,27.83,27.64,44.75,1008.87
5467,491.94,27.84,27.63,44.71,1008.86
5468,492.03,27.84,27.64,44.68,1008.86
5469,492.12,27.85,27.65,44.68,1008.87
5470,492.21,27.84,27.66,44.66,1008.87
5471,492.30,27.84,27.65,44.65,1008.87
5472,492.39,27.84,27.63,44.67,1008.86
5473,492.48,27.84,27.63,44.66,1008.87
5474,492.57,27.83,27.61,44.68,1008.87
5475,492.66,27.82,27.62,44.62,1008.87
5476,492.75,27.82,27.61,44.63,1008.87
5477,492.84,27.82,27.60,44.60,1008.87
5478,492.93,27.82,27.61,44.59,1008.87
5479,493.02,27.82,27.61,44.59,1008.87
5480,493.11,27.83,27.61,44.59,1008.87
5481,493.20,27.83,27.63,44.60,1008.88
5482,493.29,27.84,27.63,44.61,1008.87
5483,493.38,27.84,27.63,44.61,1008.88
5484,493.47,27.85,27.62,44.62,1008.88
5485,493.56,27.85,27.61,44.60,1008.88
5486,493.65,27.85,27.61,44.58,1008.88
5487,493.74,27.84,27.61,44.57,1008.89
5488,493.83,27.84,27.61,44.58,1008.89
5489,493.92,27.83,27.59,44.53,1008.89
5490,494.01,27.84,27.59,44.57,1008.89
5491,494.10,27.83,27.58,44.56,1008.89
5492,494.19,27.83,27.60,44.57,1008.89
5493,494.28,27.82,27.61,44.59,1008.89
5494,494.37,27.82,27.61,44.59,1008.89
5495,494.46,27.82,27.62,44.57,1008.89
5496,494.55,27.82,27.62,44.59,1008.89
5497,494.64,27.82,27.61,44.59,1008.89
5498,494.73,27.81,27.61,44.58,1008.89
5499,494.82,27.81,27.60,44.60,1008.90
5500,494.91,27.82,27.61,44.60,1008.90
5501,495.00,27.81,27.60,44.59,1008.90
5502,495.09,27.80,27.61,44.58,1008.90
5503,495.18,27.81,27.60,44.57,1008.91
5504,495.27,27.80,27.61,44.57,1008.91
5505,495.36,27.81,27.61,44.61,1008.91
5506,495.45,27.81,27.60,44.63,1008.91
5507,495.54,27.82,27.60,44.62,1008.91
5508,495.63,27.82,27.60,44.62,1008.91
5509,495.72,27.83,27.61,44.61,1008.90
5510,495.81,27.83,27.61,44.62,1008.90
5511,495.90,27.83,27.61,44.64,1008.91
5512,495.99,27.84,27.61,44.62,1008.91
5513,496.08,27.84,27.61,44.64,1008.90
5514,496.17,27.84,27.61,44.67,1008.90
5515,496.26,27.84,27.62,44.67,1008.90
5516,496.35,27.84,27.63,44.66,1008.90
5517,496.44,27.83,27.62,44.63,1008.91
5518,496.53,27.83,27.63,44.63,1008.91
5519,496.62,27.82,27.63,44.65,1008.91
5520,496.71,27.82,27.64,44.66,1008.91
5521,496.80,27.83,27.64,44.66,1008.91
5522,496.89,27.83,27.64,44.63,1008.91
5523,496.98,27.83,27.64,44.64,1008.91
5524,497.07,27.83,27.64,44.68,1008.91
5525,497.16,27.83,27.66,44.67,1008.91
5526,497.25,27.82,27.65,44.66,1008.90
5527,497.34,27.82,27.66,44.63,1008.90
5528,497.43,27.83,27.67,44.63,1008.91
5529,497.52,27.83,27.67,44.62,1008.91
5530,497.61,27.83,27.67,44.63,1008.90
5531,497.70,27.84,27.66,44.67,1008.90
5532,497.79,27.84,27.67,44.64,1008.90
5533,497.88,27.83,27.68,44.64,1008.90
5534,497.97,27.82,27.69,44.63,1008.90
5535,498.06,27.83,27.69,44.63,1008.90
5536,498.15,27.82,27.69,44.61,1008.90
5537,498.24,27.82,27.69,44.62,1008.89
5538,498.33,27.83,27.70,44.62,1008.89
5539,498.42,27.82,27.71,44.60,1008.89
5540,498.51,27.82,27.70,44.62,1008.89
5541,498.60,27.83,27.69,44.60,1008.89
5542,498.69,27.82,27.68,44.64,1008.89
5543,498.78,27.83,27.68,44.66,1008.89
5544,498.87,27.83,27.67,44.65,1008.89
5545,498.96,27.83,27.66,44.64,1008.89
5546,499.05,27.83,27.66,44.65,1008.89
5547,499.14,27.83,27.67,44.67,1008.89
5548,499.23,27.82,27.67,44.71,1008.90
5549,499.32,27.82,27.66,44.76,1008.90
5550,499.41,27.83,27.65,44.74,1008.90
5551,499.50,27.82,27.65,44.76,1008.90
5552,499.59,27.82,27.64,44.76,1008.90
5553,499.68,27.81,27.64,44.77,1008.90
5554,499.77,27.81,27.62,44.76,1008.90
5555,499.86,27.81,27.62,44.76,1008.91
5556,499.95,27.81,27.62,44.76,1008.92
5557,500.04,27.80,27.61,44.72,1008.95
5558,500.13,27.80,27.62,44.70,1008.97
5559,500.22,27.80,27.61,44.70,1008.98
5560,500.31,27.81,27.62,44.71,1008.96
5561,500.40,27.81,27.61,44.73,1008.94
5562,500.49,27.81,27.61,44.76,1008.92
5563,500.58,27.81,27.62,44.77,1008.90
5564,500.67,27.80,27.60,44.78,1008.90
5565,500.76,27.81,27.61,44.76,1008.89
5566,500.85,27.81,27.61,44.76,1008.89
5567,500.94,27.80,27.61,44.76,1008.89
5568,501.03,27.80,27.61,44.76,1008.89
5569,501.12,27.79,27.62,44.76,1008.90
5570,501.21,27.79,27.61,44.73,1008.90
5571,501.30,27.79,27.61,44.73,1008.89
5572,501.39,27.79,27.61,44.71,1008.89
5573,501.48,27.79,27.62,44.70,1008.89
5574,501.57,27.79,27.62,44.73,1008.89
5575,501.66,27.78,27.62,44.66,1008.90
5576,501.75,27.78,27.63,44.66,1008.90
5577,501.84,27.79,27.63,44.65,1008.90
5578,501.93,27.78,27.63,44.67,1008.90
5579,502.02,27.80,27.63,44.67,1008.90
5580,502.11,27.80,27.62,44.64,1008.89
5581,502.20,27.81,27.61,44.66,1008.89
5582,502.29,27.81,27.60,44.66,1008.89
5583,502.38,27.81,27.60,44.67,1008.89
5584,502.47,27.82,27.60,44.66,1008.89
5585,502.56,27.81,27.61,44.63,1008.89
5586,502.65,27.82,27.61,44.65,1008.89
5587,502.74,27.81,27.60,44.63,1008.89
5588,502.83,27.82,27.60,44.63,1008.89
5589,502.92,27.81,27.61,44.61,1008.89
5590,503.01,27.82,27.61,44.59,1008.89
5591,503.10,27.82,27.60,44.56,1008.89
5592,503.19,27.82,27.60,44.53,1008.89
5593,503.28,27.82,27.59,44.54,1008.89
5594,503.37,27.83,27.59,44.52,1008.89
5595,503.46,27.83,27.59,44.48,1008.89
5596,503.55,27.82,27.59,44.53,1008.89
5597,503.64,27.82,27.59,44.54,1008.89
5598,503.73,27.83,27.61,44.51,1008.89
5599,503.82,27.83,27.60,44.49,1008.89
5600,503.91,27.83,27.61,44.51,1008.89
5601,504.00,27.84,27.61,44.52,1008.89
5602,504.09,27.84,27.61,44.53,1008.89
5603,504.18,27.84,27.60,44.52,1008.89
5604,504.27,27.83,27.60,44.49,1008.89
5605,504.36,27.83,27.60,44.50,1008.89
5606,504.45,27.83,27.60,44.51,1008.89
5607,504.54,27.83,27.59,44.53,1008.90
5608,504.63,27.82,27.59,44.53,1008.89
5609,504.72,27.83,27.60,44.57,1008.89
5610,504.81,27.83,27.60,44.58,1008.89
5611,504.90,27.83,27.60,44.57,1008.89
5612,504.99,27.82,27.59,44.58,1008.89
5613,505.08,27.82,27.59,44.58,1008.89
5614,505.17,27.82,27.58,44.60,1008.89
5615,505.26,27.83,27.59,44.61,1008.88
5616,505.35,27.83,27.60,44.59,1008.88
5617,505.44,27.84,27.59,44.60,1008.89
5618,505.53,27.84,27.60,44.58,1008.89
5619,505.62,27.83,27.60,44.61,1008.88
5620,505.71,27.84,27.61,44.63,1008.88
5621,505.80,27.83,27.60,44.64,1008.87
5622,505.89,27.84,27.59,44.65,1008.88
5623,505.98,27.84,27.58,44.65,1008.87
5624,506.07,27.83,27.58,44.64,1008.87
5625,506.16,27.83,27.59,44.64,1008.87
5626,506.25,27.83,27.59,44.59,1008.87
5627,506.34,27.84,27.58,44.60,1008.87
5628,506.43,27.83,27.57,44.61,1008.86
5629,506.52,27.82,27.58,44.61,1008.86
5630,506.61,27.83,27.57,44.60,1008.86
5631,506.70,27.83,27.57,44.61,1008.86
5632,506.79,27.83,27.58,44.64,1008.87
5633,506.88,27.83,27.58,44.63,1008.87
5634,506.97,27.82,27.58,44.63,1008.87
5635,507.06,27.82,27.58,44.61,1008.86
5636,507.15,27.82,27.58,44.62,1008.87
5637,507.24,27.83,27.59,44.62,1008.87
5638,507.33,27.83,27.58,44.65,1008.87
5639,507.42,27.82,27.59,44.67,1008.87
5640,507.51,27.81,27.60,44.64,1008.87
5641,507.60,27.82,27.60,44.65,1008.87
5642,507.69,27.82,27.60,44.64,1008.86
5643,507.78,27.82,27.60,44.65,1008.86
5644,507.87,27.82,27.60,44.68,1008.87
5645,507.96,27.81,27.60,44.70,1008.87
5646,508.05,27.82,27.60,44.70,1008.87
5647,508.14,27.83,27.60,44.69,1008.87
5648,508.23,27.83,27.61,44.70,1008.87
5649,508.32,27.81,27.61,44.72,1008.87
5650,508.41,27.82,27.60,44.68,1008.87
5651,508.50,27.82,27.59,44.68,1008.87
5652,508.59,27.82,27.60,44.68,1008.87
5653,508.68,27.82,27.58,44.67,1008.87
5654,508.77,27.82,27.58,44.69,1008.87
5655,508.86,27.82,27.57,44.64,1008.88
5656,508.95,27.81,27.57,44.67,1008.87
5657,509.04,27.80,27.57,44.68,1008.87
5658,509.13,27.80,27.57,44.65,1008.88
5659,509.22,27.80,27.56,44.64,1008.87
5660,509.31,27.81,27.56,44.63,1008.87
5661,509.40,27.80,27.56,44.59,1008.87
5662,509.49,27.80,27.55,44.62,1008.87
5663,509.58,27.80,27.55,44.60,1008.87
5664,509.67,27.79,27.56,44.57,1008.87
5665,509.76,27.79,27.56,44.57,1008.87
5666,509.85,27.79,27.55,44.56,1008.87
5667,509.94,27.78,27.55,44.55,1008.86
5668,510.03,27.78,27.55,44.56,1008.87
5669,510.12,27.78,27.55,44.58,1008.87
5670,510.21,27.78,27.56,44.57,1008.87
5671,510.30,27.78,27.55,44.56,1008.87
5672,510.39,27.78,27.54,44.53,1008.87
5673,510.48,27.78,27.55,44.54,1008.87
5674,510.57,27.78,27.56,44.52,1008.87
5675,510.66,27.76,27.57,44.52,1008.87
5676,510.75,27.77,27.58,44.54,1008.87
5677,510.84,27.76,27.58,44.53,1008.87
5678,510.93,27.77,27.59,44.54,1008.87
5679,511.02,27.77,27.59,44.50,1008.88
5680,511.11,27.78,27.60,44.54,1008.88
5681,511.20,27.78,27.59,44.56,1008.87
5682,511.29,27.78,27.58,44.55,1008.87
5683,511.38,27.78,27.59,44.53,1008.87
5684,511.47,27.77,27.58,44.52,1008.87
5685,511.56,27.75,27.58,44.53,1008.87
5686,511.65,27.76,27.58,44.55,1008.87
5687,511.74,27.76,27.60,44.54,1008.87
5688,511.83,27.75,27.61,44.53,1008.87
5689,511.92,27.76,27.62,44.52,1008.87
5690,512.01,27.76,27.61,44.51,1008.87
5691,512.10,27.77,27.61,44.54,1008.87
5692,512.19,27.76,27.61,44.55,1008.87
5693,512.28,27.75,27.59,44.59,1008.87
5694,512.37,27.75,27.59,44.59,1008.87
5695,512.46,27.75,27.59,44.58,1008.87
5696,512.55,27.76,27.61,44.60,1008.87
5697,512.64,27.76,27.61,44.58,1008.87
5698,512.73,27.76,27.60,44.55,1008.87
5699,512.82,27.77,27.60,44.60,1008.87
5700,512.91,27.77,27.59,44.60,1008.87
5701,513.00,27.78,27.60,44.56,1008.87
5702,513.09,27.77,27.59,44.57,1008.87
5703,513.18,27.77,27.61,44.57,1008.87
5704,513.27,27.78,27.62,44.58,1008.87
5705,513.36,27.77,27.62,44.60,1008.87
5706,513.45,27.76,27.62,44.61,1008.87
5707,513.54,27.76,27.60,44.58,1008.87
5708,513.63,27.76,27.59,44.58,1008.87
5709,513.72,27.77,27.58,44.54,1008.87
5710,513.81,27.77,27.59,44.54,1008.87
5711,513.90,27.78,27.59,44.53,1008.87
5712,513.99,27.78,27.59,44.53,1008.87
5713,514.08,27.78,27.58,44.51,1008.87
5714,514.17,27.78,27.57,44.48,1008.86
5715,514.26,27.79,27.56,44.47,1008.87
5716,514.35,27.79,27.57,44.47,1008.87
5717,514.44,27.79,27.57,44.47,1008.87
5718,514.53,27.79,27.57,44.44,1008.87
5719,514.62,27.80,27.59,44.46,1008.87
5720,514.71,27.81,27.59,44.47,1008.87
5721,514.80,27.81,27.59,44.49,1008.88
5722,514.89,27.83,27.57,44.50,1008.87
5723,514.98,27.82,27.57,44.46,1008.87
5724,515.07,27.82,27.57,44.44,1008.87
5725,515.16,27.83,27.56,44.41,1008.87
5726,515.25,27.82,27.57,44.45,1008.87
5727,515.34,27.83,27.57,44.44,1008.87
5728,515.43,27.82,27.55,44.44,1008.87
5729,515.52,27.82,27.55,44.45,1008.87
5730,515.61,27.82,27.56,44.41,1008.88
5731,515.70,27.82,27.56,44.41,1008.88
5732,515.79,27.82,27.56,44.42,1008.87
5733,515.88,27.82,27.57,44.41,1008.87
5734,515.97,27.82,27.56,44.45,1008.87
5735,516.06,27.82,27.56,44.43,1008.86
5736,516.15,27.82,27.58,44.41,1008.87
5737,516.24,27.82,27.58,44.42,1008.86
5738,516.33,27.82,27.59,44.41,1008.87
5739,516.42,27.82,27.59,44.44,1008.87
5740,516.51,27.82,27.58,44.44,1008.87
5741,516.60,27.82,27.58,44.44,1008.88
5742,516.69,27.82,27.58,44.44,1008.88
5743,516.78,27.83,27.57,44.42,1008.88
5744,516.87,27.83,27.57,44.41,1008.87
5745,516.96,27.83,27.57,44.39,1008.87
5746,517.05,27.83,27.56,44.41,1008.87
5747,517.14,27.83,27.57,44.38,1008.87
5748,517.23,27.82,27.57,44.37,1008.87
5749,517.32,27.83,27.58,44.37,1008.87
5750,517.41,27.82,27.58,44.38,1008.87
5751,517.50,27.83,27.58,44.40,1008.87
5752,517.59,27.82,27.57,44.40,1008.87
5753,517.68,27.81,27.58,44.39,1008.88
5754,517.77,27.81,27.58,44.39,1008.87
5755,517.86,27.81,27.59,44.41,1008.87
5756,517.95,27.81,27.59,44.43,1008.87
5757,518.04,27.81,27.59,44.45,1008.87
5758,518.13,27.79,27.59,44.46,1008.87
5759,518.22,27.79,27.58,44.48,1008.86
5760,518.31,27.80,27.59,44.52,1008.86
5761,518.40,27.79,27.58,44.57,1008.86
5762,518.49,27.78,27.59,44.59,1008.86
5763,518.58,27.79,27.59,44.60,1008.86
5764,518.67,27.79,27.60,44.62,1008.86
5765,518.76,27.80,27.61,44.63,1008.87
5766,518.85,27.80,27.60,44.67,1008.87
5767,518.94,27.79,27.60,44.65,1008.87
5768,519.03,27.80,27.61,44.67,1008.88
5769,519.12,27.80,27.61,44.65,1008.88
5770,519.21,27.79,27.61,44.64,1008.88
5771,519.30,27.80,27.60,44.65,1008.88
5772,519.39,27.81,27.61,44.66,1008.88
5773,519.48,27.81,27.60,44.66,1008.88
5774,519.57,27.82,27.59,44.63,1008.88
5775,519.66,27.81,27.59,44.65,1008.88
5776,519.75,27.81,27.59,44.65,1008.88
5777,519.84,27.83,27.58,44.64,1008.88
5778,519.93,27.83,27.57,44.65,1008.88
5779,520.02,27.83,27.57,44.64,1008.88
5780,520.11,27.82,27.55,44.65,1008.88
5781,520.20,27.81,27.55,44.64,1008.88
5782,520.29,27.80,27.55,44.62,1008.88
5783,520.38,27.81,27.55,44.58,1008.89
5784,520.47,27.81,27.55,44.60,1008.89
5785,520.56,27.81,27.56,44.59,1008.89
5786,520.65,27.81,27.55,44.64,1008.89
5787,520.74,27.80,27.55,44.64,1008.90
5788,520.83,27.79,27.55,44.66,1008.90
5789,520.92,27.79,27.55,44.65,1008.90
5790,521.01,27.79,27.54,44.64,1008.90
5791,521.10,27.79,27.54,44.64,1008.90
5792,521.19,27.79,27.53,44.64,1008.90
5793,521.28,27.79,27.53,44.65,1008.90
5794,521.37,27.79,27.53,44.67,1008.90
5795,521.46,27.80,27.53,44.66,1008.90
5796,521.55,27.80,27.53,44.64,1008.89
5797,521.64,27.80,27.53,44.66,1008.89
5798,521.73,27.80,27.55,44.68,1008.89
5799,521.82,27.78,27.56,44.64,1008.89
5800,521.91,27.78,27.56,44.63,1008.89
5801,522.00,27.78,27.56,44.60,1008.89
5802,522.09,27.78,27.57,44.63,1008.90
5803,522.18,27.78,27.58,44.63,1008.89
5804,522.27,27.78,27.59,44.62,1008.89
5805,522.36,27.79,27.59,44.62,1008.89
5806,522.45,27.80,27.59,44.63,1008.90
5807,522.54,27.79,27.59,44.63,1008.90
5808,522.63,27.79,27.59,44.61,1008.90
5809,522.72,27.80,27.59,44.65,1008.90
5810,522.81,27.80,27.58,44.59,1008.90
5811,522.90,27.80,27.59,44.58,1008.90
5812,522.99,27.79,27.59,44.58,1008.89
5813,523.08,27.79,27.59,44.59,1008.89
5814,523.17,27.79,27.58,44.58,1008.89
5815,523.26,27.79,27.59,44.60,1008.89
5816,523.35,27.78,27.59,44.59,1008.89
5817,523.44,27.78,27.59,44.60,1008.89
5818,523.53,27.78,27.58,44.61,1008.89
5819,523.62,27.77,27.56,44.65,1008.89
5820,523.71,27.76,27.57,44.65,1008.89
5821,523.80,27.77,27.57,44.68,1008.89
5822,523.89,27.76,27.58,44.68,1008.89
5823,523.98,27.76,27.57,44.69,1008.89
5824,524.07,27.76,27.58,44.66,1008.89
5825,524.16,27.76,27.57,44.63,1008.90
5826,524.25,27.77,27.57,44.63,1008.90
5827,524.34,27.77,27.58,44.63,1008.90
5828,524.43,27.77,27.59,44.63,1008.89
5829,524.52,27.77,27.59,44.60,1008.90
5830,524.61,27.77,27.59,44.63,1008.90
5831,524.70,27.77,27.58,44.62,1008.90
5832,524.79,27.78,27.57,44.63,1008.90
5833,524.88,27.77,27.57,44.63,1008.90
5834,524.97,27.77,27.59,44.63,1008.90
5835,525.06,27.77,27.59,44.66,1008.89
5836,525.15,27.76,27.57,44.64,1008.89
5837,525.24,27.77,27.56,44.64,1008.89
5838,525.33,27.77,27.57,44.64,1008.89
5839,525.42,27.76,27.56,44.65,1008.89
5840,525.51,27.76,27.54,44.64,1008.89
5841,525.60,27.76,27.55,44.65,1008.89
5842,525.69,27.76,27.55,44.65,1008.89
5843,525.78,27.76,27.55,44.66,1008.89
5844,525.87,27.77,27.54,44.66,1008.89
5845,525.96,27.77,27.53,44.64,1008.89
5846,526.05,27.77,27.53,44.66,1008.89
5847,526.14,27.77,27.53,44.70,1008.89
5848,526.23,27.76,27.53,44.70,1008.89
5849,526.32,27.76,27.53,44.70,1008.89
5850,526.41,27.75,27.52,44.73,1008.89
5851,526.50,27.75,27.53,44.76,1008.90
5852,526.59,27.75,27.53,44.79,1008.90
5853,526.68,27.74,27.52,44.79,1008.89
5854,526.77,27.75,27.54,44.82,1008.89
5855,526.86,27.73,27.54,44.83,1008.90
5856,526.95,27.73,27.54,44.83,1008.90
5857,527.04,27.73,27.55,44.87,1008.90
5858,527.13,27.74,27.54,44.87,1008.90
5859,527.22,27.74,27.55,44.89,1008.90
5860,527.31,27.75,27.53,44.90,1008.90
5861,527.40,27.76,27.54,44.90,1008.90
5862,527.49,27.75,27.52,44.90,1008.91
5863,527.58,27.76,27.53,44.93,1008.91
5864,527.67,27.76,27.54,44.89,1008.91
5865,527.76,27.77,27.54,44.87,1008.91
5866,527.85,27.77,27.55,44.88,1008.91
5867,527.94,27.76,27.55,44.87,1008.91
5868,528.03,27.78,27.55,44.86,1008.91
5869,528.12,27.78,27.55,44.86,1008.91
5870,528.21,27.78,27.55,44.86,1008.91
5871,528.30,27.78,27.57,44.84,1008.91
5872,528.39,27.78,27.56,44.85,1008.91
5873,528.48,27.78,27.56,44.83,1008.91
5874,528.57,27.79,27.56,44.82,1008.90
5875,528.66,27.79,27.57,44.78,1008.91
5876,528.75,27.80,27.56,44.75,1008.90
5877,528.84,27.80,27.57,44.78,1008.90
5878,528.93,27.80,27.56,44.78,1008.90
5879,529.02,27.80,27.58,44.80,1008.90
5880,529.11,27.80,27.59,44.78,1008.90
5881,529.20,27.81,27.60,44.78,1008.90
5882,529.29,27.81,27.58,44.74,1008.90
5883,529.38,27.81,27.58,44.72,1008.90
5884,529.47,27.81,27.60,44.70,1008.90
5885,529.56,27.80,27.59,44.66,1008.90
5886,529.65,27.81,27.59,44.69,1008.90
5887,529.74,27.80,27.58,44.71,1008.90
5888,529.83,27.80,27.58,44.74,1008.90
5889,529.92,27.81,27.58,44.73,1008.90
5890,530.01,27.81,27.58,44.74,1008.90
5891,530.10,27.80,27.57,44.73,1008.90
5892,530.19,27.80,27.58,44.76,1008.90
5893,530.28,27.80,27.58,44.76,1008.90
5894,530.37,27.80,27.58,44.74,1008.90
5895,530.46,27.80,27.57,44.73,1008.90
5896,530.55,27.80,27.56,44.72,1008.90
5897,530.64,27.79,27.56,44.72,1008.90
5898,530.73,27.79,27.55,44.72,1008.89
5899,530.82,27.79,27.55,44.73,1008.89
5900,530.91,27.79,27.56,44.73,1008.89
5901,531.00,27.79,27.56,44.72,1008.89
5902,531.09,27.79,27.54,44.72,1008.89
5903,531.18,27.78,27.54,44.71,1008.89
5904,531.27,27.78,27.53,44.67,1008.89
5905,531.36,27.78,27.53,44.68,1008.89
5906,531.45,27.80,27.52,44.72,1008.89
5907,531.54,27.81,27.54,44.68,1008.89
5908,531.63,27.80,27.54,44.71,1008.88
5909,531.72,27.79,27.54,44.70,1008.88
5910,531.81,27.79,27.54,44.72,1008.87
5911,531.90,27.80,27.54,44.70,1008.88
5912,531.99,27.79,27.54,44.67,1008.87
5913,532.08,27.79,27.55,44.68,1008.87
5914,532.17,27.79,27.55,44.68,1008.87
5915,532.26,27.79,27.55,44.69,1008.87
5916,532.35,27.78,27.56,44.66,1008.88
5917,532.44,27.79,27.56,44.65,1008.88
5918,532.53,27.78,27.55,44.63,1008.88
5919,532.62,27.78,27.56,44.70,1008.88
5920,532.71,27.77,27.57,44.71,1008.88
5921,532.80,27.78,27.57,44.69,1008.88
5922,532.89,27.77,27.57,44.72,1008.88
5923,532.98,27.77,27.58,44.74,1008.88
5924,533.07,27.77,27.57,44.74,1008.88
5925,533.16,27.78,27.58,44.73,1008.87
5926,533.25,27.77,27.57,44.73,1008.87
5927,533.34,27.77,27.58,44.77,1008.87
5928,533.43,27.77,27.59,44.79,1008.87
5929,533.52,27.77,27.58,44.79,1008.87
5930,533.61,27.76,27.58,44.80,1008.87
5931,533.70,27.76,27.59,44.80,1008.87
5932,533.79,27.76,27.61,44.79,1008.87
5933,533.88,27.76,27.60,44.75,1008.88
5934,533.97,27.76,27.60,44.74,1008.88
5935,534.06,27.76,27.61,44.74,1008.88
5936,534.15,27.76,27.60,44.74,1008.88
5937,534.24,27.76,27.60,44.74,1008.88
5938,534.33,27.76,27.61,44.74,1008.87
5939,534.42,27.76,27.60,44.76,1008.88
5940,534.51,27.76,27.61,44.77,1008.88
5941,534.60,27.76,27.61,44.76,1008.88
5942,534.69,27.76,27.60,44.75,1008.88
5943,534.78,27.76,27.60,44.77,1008.89
5944,534.87,27.76,27.60,44.74,1008.89
5945,534.96,27.76,27.60,44.73,1008.89
5946,535.05,27.77,27.60,44.73,1008.89
5947,535.14,27.76,27.60,44.72,1008.89
5948,535.23,27.75,27.59,44.72,1008.89
5949,535.32,27.75,27.58,44.72,1008.89
5950,535.41,27.76,27.59,44.72,1008.89
5951,535.50,27.76,27.57,44.73,1008.89
5952,535.59,27.76,27.59,44.73,1008.89
5953,535.68,27.76,27.59,44.74,1008.89
5954,535.77,27.77,27.58,44.76,1008.89
5955,535.86,27.75,27.58,44.77,1008.89
5956,535.95,27.75,27.57,44.79,1008.88
5957,536.04,27.75,27.57,44.81,1008.88
5958,536.13,27.75,27.57,44.80,1008.88
5959,536.22,27.75,27.57,44.82,1008.88
5960,536.31,27.75,27.57,44.84,1008.88
5961,536.40,27.75,27.56,44.83,1008.88
5962,536.49,27.75,27.55,44.87,1008.88
5963,536.58,27.75,27.54,44.87,1008.88
5964,536.67,27.75,27.54,44.84,1008.88
5965,536.76,27.75,27.54,44.86,1008.88
5966,536.85,27.76,27.53,44.87,1008.88
5967,536.94,27.76,27.53,44.83,1008.88
5968,537.03,27.77,27.54,44.82,1008.88
5969,537.12,27.77,27.55,44.83,1008.89
5970,537.21,27.77,27.53,44.84,1008.88
5971,537.30,27.77,27.55,44.83,1008.88
5972,537.39,27.77,27.56,44.82,1008.89
5973,537.48,27.76,27.56,44.82,1008.89
5974,537.57,27.75,27.56,44.82,1008.89
5975,537.66,27.75,27.55,44.81,1008.88
5976,537.75,27.74,27.55,44.77,1008.88
5977,537.84,27.75,27.57,44.79,1008.88
5978,537.93,27.75,27.57,44.78,1008.88
5979,538.02,27.76,27.56,44.80,1008.88
5980,538.11,27.76,27.56,44.82,1008.88
5981,538.20,27.77,27.55,44.84,1008.88
5982,538.29,27.77,27.55,44.82,1008.87
5983,538.38,27.77,27.55,44.79,1008.87
5984,538.47,27.76,27.54,44.77,1008.87
5985,538.56,27.75,27.55,44.73,1008.86
5986,538.65,27.76,27.56,44.76,1008.87
5987,538.74,27.76,27.56,44.75,1008.87
5988,538.83,27.76,27.56,44.77,1008.87
5989,538.92,27.76,27.56,44.74,1008.86
5990,539.01,27.76,27.56,44.69,1008.86
5991,539.10,27.77,27.56,44.70,1008.85
5992,539.19,27.77,27.56,44.68,1008.85
5993,539.28,27.77,27.57,44.70,1008.85
5994,539.37,27.78,27.57,44.67,1008.85
5995,539.46,27.77,27.57,44.67,1008.85
5996,539.55,27.78,27.57,44.68,1008.85
5997,539.64,27.77,27.58,44.66,1008.85
5998,539.73,27.77,27.59,44.62,1008.84
5999,539.82,27.77,27.59,44.61,1008.85
6000,539.91,27.78,27.59,44.64,1008.84
6001,540.00,27.77,27.59,44.62,1008.84
6002,540.09,27.77,27.60,44.61,1008.84
6003,540.18,27.77,27.60,44.58,1008.84
6004,540.27,27.78,27.60,44.61,1008.84
6005,540.36,27.79,27.60,44.65,1008.84
6006,540.45,27.78,27.58,44.64,1008.85
6007,540.54,27.77,27.59,44.61,1008.84
6008,540.63,27.78,27.59,44.60,1008.85
6009,540.72,27.78,27.60,44.65,1008.85
6010,540.81,27.77,27.60,44.65,1008.85
6011,540.90,27.78,27.59,44.67,1008.85
6012,540.99,27.78,27.61,44.66,1008.85
6013,541.08,27.78,27.60,44.68,1008.85
6014,541.17,27.78,27.61,44.73,1008.86
6015,541.26,27.78,27.59,44.70,1008.86
6016,541.35,27.78,27.58,44.72,1008.86
6017,541.44,27.79,27.58,44.73,1008.86
6018,541.53,27.79,27.56,44.74,1008.86
6019,541.62,27.79,27.56,44.74,1008.87
6020,541.71,27.79,27.57,44.74,1008.87
6021,541.80,27.79,27.57,44.74,1008.87
6022,541.89,27.79,27.56,44.77,1008.87
6023,541.98,27.79,27.55,44.77,1008.87
6024,542.07,27.78,27.55,44.77,1008.87
6025,542.16,27.78,27.54,44.78,1008.88
6026,542.25,27.78,27.53,44.77,1008.88
6027,542.34,27.78,27.53,44.76,1008.88
6028,542.43,27.79,27.53,44.74,1008.88
6029,542.52,27.78,27.53,44.74,1008.88
6030,542.61,27.78,27.52,44.72,1008.88
6031,542.70,27.78,27.53,44.73,1008.88
6032,542.79,27.77,27.53,44.72,1008.88
6033,542.88,27.77,27.53,44.75,1008.88
6034,542.97,27.77,27.53,44.77,1008.88
6035,543.06,27.77,27.53,44.71,1008.88
6036,543.15,27.77,27.53,44.73,1008.88
6037,543.24,27.76,27.52,44.75,1008.88
6038,543.33,27.76,27.53,44.78,1008.88
6039,543.42,27.76,27.52,44.79,1008.88
6040,543.51,27.76,27.51,44.79,1008.88
6041,543.60,27.76,27.52,44.78,1008.88
6042,543.69,27.76,27.52,44.76,1008.88
6043,543.78,27.76,27.51,44.75,1008.88
6044,543.87,27.77,27.51,44.74,1008.88
6045,543.96,27.77,27.51,44.73,1008.88
6046,544.05,27.76,27.50,44.71,1008.88
6047,544.14,27.76,27.51,44.71,1008.88
6048,544.23,27.75,27.51,44.72,1008.88
6049,544.32,27.75,27.52,44.73,1008.88
6050,544.41,27.75,27.51,44.74,1008.88
6051,544.50,27.74,27.52,44.71,1008.88
6052,544.59,27.74,27.52,44.72,1008.88
6053,544.68,27.74,27.52,44.76,1008.88
6054,544.77,27.74,27.53,44.74,1008.88
6055,544.86,27.73,27.54,44.75,1008.87
6056,544.95,27.74,27.55,44.75,1008.87
6057,545.04,27.74,27.55,44.74,1008.87
6058,545.13,27.74,27.55,44.78,1008.87
6059,545.22,27.74,27.55,44.79,1008.87
6060,545.31,27.74,27.55,44.82,1008.87
6061,545.40,27.74,27.55,44.85,1008.87
6062,545.49,27.75,27.55,44.83,1008.87
6063,545.58,27.75,27.55,44.84,1008.87
6064,545.67,27.76,27.55,44.83,1008.86
6065,545.76,27.76,27.56,44.84,1008.86
6066,545.85,27.75,27.57,44.83,1008.86
6067,545.94,27.75,27.56,44.84,1008.86
6068,546.03,27.75,27.56,44.83,1008.85
6069,546.12,27.76,27.56,44.86,1008.86
6070,546.21,27.76,27.56,44.84,1008.85
6071,546.30,27.76,27.57,44.81,1008.85
6072,546.39,27.75,27.55,44.81,1008.85
6073,546.48,27.74,27.55,44.80,1008.84
6074,546.57,27.74,27.55,44.79,1008.84
6075,546.66,27.74,27.56,44.82,1008.84
6076,546.75,27.74,27.56,44.82,1008.85
6077,546.84,27.74,27.58,44.82,1008.85
6078,546.93,27.75,27.58,44.83,1008.85
6079,547.02,27.75,27.56,44.83,1008.85
6080,547.11,27.75,27.56,44.82,1008.86
6081,547.20,27.75,27.55,44.80,1008.85
6082,547.29,27.74,27.56,44.76,1008.85
6083,547.38,27.74,27.55,44.74,1008.86
6084,547.47,27.74,27.55,44.74,1008.86
6085,547.56,27.74,27.55,44.75,1008.86
6086,547.65,27.75,27.55,44.78,1008.86
6087,547.74,27.74,27.55,44.80,1008.86
6088,547.83,27.75,27.53,44.83,1008.86
6089,547.92,27.75,27.55,44.83,1008.86
6090,548.01,27.74,27.54,44.81,1008.86
6091,548.10,27.73,27.53,44.83,1008.86
6092,548.19,27.73,27.53,44.82,1008.86
6093,548.28,27.73,27.54,44.78,1008.87
6094,548.37,27.72,27.53,44.79,1008.87
6095,548.46,27.72,27.53,44.80,1008.87
6096,548.55,27.71,27.54,44.78,1008.87
6097,548.64,27.72,27.53,44.74,1008.87
6098,548.73,27.72,27.55,44.73,1008.87
6099,548.82,27.72,27.54,44.72,1008.87
6100,548.91,27.72,27.54,44.74,1008.87
6101,549.00,27.73,27.54,44.72,1008.87
6102,549.09,27.73,27.54,44.73,1008.88
6103,549.18,27.73,27.55,44.73,1008.88
6104,549.27,27.73,27.56,44.72,1008.89
6105,549.36,27.74,27.55,44.70,1008.89
6106,549.45,27.74,27.56,44.68,1008.89
6107,549.54,27.74,27.55,44.72,1008.90
6108,549.63,27.75,27.55,44.75,1008.90
6109,549.72,27.74,27.55,44.75,1008.90
6110,549.81,27.74,27.54,44.74,1008.90
6111,549.90,27.74,27.54,44.75,1008.90
6112,549.99,27.74,27.54,44.75,1008.90
6113,550.08,27.74,27.55,44.75,1008.90
6114,550.17,27.74,27.54,44.80,1008.90
6115,550.26,27.74,27.54,44.78,1008.90
6116,550.35,27.74,27.54,44.80,1008.90
6117,550.44,27.74,27.55,44.81,1008.90
6118,550.53,27.74,27.56,44.78,1008.90
6119,550.62,27.74,27.56,44.74,1008.90
6120,550.71,27.74,27.56,44.74,1008.90
6121,550.80,27.76,27.57,44.73,1008.90
6122,550.89,27.76,27.57,44.71,1008.90
6123,550.98,27.76,27.56,44.69,1008.90
6124,551.07,27.76,27.56,44.71,1008.90
6125,551.16,27.76,27.58,44.73,1008.90
6126,551.25,27.75,27.58,44.71,1008.90
6127,551.34,27.75,27.59,44.72,1008.90
6128,551.43,27.75,27.59,44.75,1008.90
6129,551.52,27.75,27.60,44.77,1008.90
6130,551.61,27.76,27.60,44.77,1008.90
6131,551.70,27.78,27.60,44.76,1008.90
6132,551.79,27.77,27.60,44.74,1008.90
6133,551.88,27.77,27.59,44.77,1008.90
6134,551.97,27.77,27.58,44.75,1008.90
6135,552.06,27.78,27.58,44.78,1008.90
6136,552.15,27.78,27.58,44.77,1008.90
6137,552.24,27.79,27.58,44.79,1008.90
6138,552.33,27.79,27.57,44.77,1008.90
6139,552.42,27.78,27.57,44.75,1008.90
6140,552.51,27.78,27.56,44.74,1008.90
6141,552.60,27.79,27.57,44.70,1008.90
6142,552.69,27.79,27.58,44.68,1008.90
6143,552.78,27.78,27.58,44.68,1008.90
6144,552.87,27.79,27.58,44.69,1008.90
6145,552.96,27.80,27.58,44.68,1008.90
6146,553.05,27.79,27.58,44.64,1008.89
6147,553.14,27.79,27.56,44.67,1008.89
6148,553.23,27.79,27.56,44.68,1008.89
6149,553.32,27.80,27.56,44.68,1008.89
6150,553.41,27.79,27.56,44.69,1008.89
6151,553.50,27.79,27.55,44.69,1008.89
6152,553.59,27.80,27.56,44.70,1008.88
6153,553.68,27.79,27.56,44.69,1008.88
6154,553.77,27.79,27.54,44.70,1008.88
6155,553.86,27.79,27.54,44.70,1008.89
6156,553.95,27.80,27.53,44.72,1008.88
6157,554.04,27.79,27.53,44.73,1008.89
6158,554.13,27.79,27.53,44.76,1008.89
6159,554.22,27.78,27.53,44.78,1008.88
6160,554.31,27.79,27.55,44.76,1008.88
6161,554.40,27.79,27.54,44.74,1008.88
6162,554.49,27.78,27.54,44.70,1008.88
6163,554.58,27.78,27.53,44.70,1008.88
6164,554.67,27.78,27.53,44.67,1008.88
6165,554.76,27.79,27.52,44.69,1008.88
6166,554.85,27.78,27.52,44.70,1008.87
6167,554.94,27.79,27.52,44.71,1008.87
6168,555.03,27.80,27.52,44.72,1008.87
6169,555.12,27.79,27.52,44.69,1008.87
6170,555.21,27.78,27.53,44.68,1008.88
6171,555.30,27.78,27.54,44.69,1008.88
6172,555.39,27.78,27.54,44.65,1008.88
6173,555.48,27.78,27.55,44.69,1008.88
6174,555.57,27.78,27.55,44.72,1008.88
6175,555.66,27.78,27.55,44.70,1008.89
6176,555.75,27.77,27.55,44.72,1008.89
6177,555.84,27.76,27.55,44.71,1008.88
6178,555.93,27.76,27.54,44.72,1008.89
6179,556.02,27.76,27.55,44.68,1008.89
6180,556.11,27.76,27.55,44.73,1008.89
6181,556.20,27.76,27.57,44.73,1008.89
6182,556.29,27.75,27.56,44.74,1008.90
6183,556.38,27.75,27.55,44.74,1008.90
6184,556.47,27.76,27.55,44.75,1008.90
6185,556.56,27.75,27.55,44.72,1008.90
6186,556.65,27.74,27.54,44.73,1008.90
6187,556.74,27.74,27.55,44.72,1008.91
6188,556.83,27.74,27.54,44.72,1008.91
6189,556.92,27.74,27.54,44.71,1008.91
6190,557.01,27.74,27.56,44.70,1008.91
6191,557.10,27.75,27.56,44.66,1008.91
6192,557.19,27.73,27.56,44.66,1008.91
6193,557.28,27.73,27.55,44.66,1008.91
6194,557.37,27.73,27.56,44.63,1008.91
6195,557.46,27.73,27.56,44.61,1008.91
6196,557.55,27.74,27.55,44.59,1008.91
6197,557.64,27.75,27.55,44.56,1008.92
6198,557.73,27.75,27.54,44.54,1008.92
6199,557.82,27.75,27.54,44.53,1008.92
6200,557.91,27.75,27.53,44.52,1008.92
6201,558.00,27.75,27.54,44.49,1008.92
6202,558.09,27.76,27.54,44.48,1008.92
6203,558.18,27.76,27.55,44.50,1008.92
6204,558.27,27.75,27.55,44.50,1008.92
6205,558.36,27.76,27.57,44.50,1008.92
6206,558.45,27.76,27.56,44.50,1008.92
6207,558.54,27.76,27.55,44.48,1008.92
6208,558.63,27.76,27.56,44.53,1008.92
6209,558.72,27.76,27.56,44.53,1008.92
6210,558.81,27.75,27.56,44.51,1008.92
6211,558.90,27.76,27.56,44.49,1008.92
6212,558.99,27.76,27.56,44.48,1008.92
6213,559.08,27.76,27.57,44.50,1008.92
6214,559.17,27.76,27.57,44.51,1008.92
6215,559.26,27.77,27.57,44.50,1008.91
6216,559.35,27.77,27.56,44.48,1008.91
6217,559.44,27.76,27.55,44.51,1008.91
6218,559.53,27.75,27.54,44.51,1008.91
6219,559.62,27.75,27.54,44.52,1008.91
6220,559.71,27.76,27.54,44.50,1008.90
6221,559.80,27.76,27.54,44.48,1008.90
6222,559.89,27.76,27.55,44.50,1008.90
6223,559.98,27.76,27.55,44.50,1008.90
6224,560.07,27.77,27.56,44.53,1008.90
6225,560.16,27.77,27.56,44.53,1008.90
6226,560.25,27.76,27.55,44.54,1008.89
6227,560.34,27.77,27.56,44.54,1008.89
6228,560.43,27.77,27.56,44.54,1008.89
6229,560.52,27.76,27.56,44.54,1008.89
6230,560.61,27.77,27.55,44.53,1008.88
6231,560.70,27.78,27.55,44.54,1008.89
6232,560.79,27.77,27.56,44.52,1008.89
6233,560.88,27.77,27.56,44.50,1008.88
6234,560.97,27.77,27.56,44.52,1008.88
6235,561.06,27.76,27.55,44.47,1008.88
6236,561.15,27.77,27.54,44.48,1008.88
6237,561.24,27.76,27.55,44.45,1008.88
6238,561.33,27.75,27.56,44.47,1008.88
6239,561.42,27.75,27.57,44.45,1008.88
6240,561.51,27.75,27.56,44.45,1008.88
6241,561.60,27.74,27.57,44.46,1008.88
6242,561.69,27.74,27.58,44.45,1008.88
6243,561.78,27.74,27.58,44.44,1008.88
6244,561.87,27.75,27.58,44.45,1008.88
6245,561.96,27.76,27.58,44.47,1008.88
6246,562.05,27.76,27.57,44.48,1008.88
6247,562.14,27.77,27.58,44.48,1008.88
6248,562.23,27.76,27.58,44.46,1008.88
6249,562.32,27.78,27.58,44.47,1008.88
6250,562.41,27.78,27.58,44.50,1008.88
6251,562.50,27.78,27.58,44.53,1008.88
6252,562.59,27.79,27.57,44.53,1008.88
6253,562.68,27.78,27.57,44.48,1008.88
6254,562.77,27.79,27.57,44.50,1008.87
6255,562.86,27.79,27.58,44.54,1008.87
6256,562.95,27.79,27.57,44.49,1008.87
6257,563.04,27.78,27.56,44.51,1008.87
6258,563.13,27.78,27.56,44.50,1008.87
6259,563.22,27.79,27.56,44.53,1008.87
6260,563.31,27.79,27.55,44.51,1008.87
6261,563.40,27.79,27.55,44.53,1008.88
6262,563.49,27.79,27.55,44.54,1008.88
6263,563.58,27.78,27.55,44.52,1008.88
6264,563.67,27.78,27.55,44.48,1008.88
6265,563.76,27.78,27.54,44.46,1008.88
6266,563.85,27.78,27.54,44.46,1008.88
6267,563.94,27.78,27.54,44.44,1008.88
6268,564.03,27.78,27.54,44.44,1008.88
6269,564.12,27.78,27.55,44.44,1008.88
6270,564.21,27.77,27.55,44.43,1008.88
6271,564.30,27.78,27.55,44.42,1008.88
6272,564.39,27.77,27.54,44.44,1008.88
6273,564.48,27.77,27.54,44.49,1008.88
6274,564.57,27.76,27.53,44.52,1008.89
6275,564.66,27.77,27.54,44.51,1008.89
6276,564.75,27.77,27.54,44.50,1008.89
6277,564.84,27.78,27.54,44.49,1008.89
6278,564.93,27.78,27.52,44.51,1008.88
6279,565.02,27.78,27.52,44.50,1008.88
6280,565.11,27.78,27.52,44.52,1008.89
6281,565.20,27.79,27.52,44.51,1008.88
6282,565.29,27.79,27.52,44.50,1008.88
6283,565.38,27.79,27.51,44.52,1008.88
6284,565.47,27.80,27.52,44.52,1008.88
6285,565.56,27.79,27.53,44.53,1008.88
6286,565.65,27.79,27.54,44.52,1008.88
6287,565.74,27.78,27.54,44.51,1008.88
6288,565.83,27.78,27.55,44.54,1008.88
6289,565.92,27.78,27.54,44.57,1008.88
6290,566.01,27.77,27.53,44.59,1008.88
6291,566.10,27.78,27.52,44.60,1008.88
6292,566.19,27.77,27.52,44.59,1008.88
6293,566.28,27.78,27.52,44.56,1008.88
6294,566.37,27.77,27.51,44.58,1008.88
6295,566.46,27.78,27.51,44.56,1008.88
6296,566.55,27.78,27.51,44.55,1008.88
6297,566.64,27.78,27.51,44.55,1008.88
6298,566.73,27.78,27.52,44.54,1008.88
6299,566.82,27.78,27.52,44.50,1008.88
6300,566.91,27.77,27.52,44.51,1008.88
6301,567.00,27.76,27.52,44.53,1008.88
6302,567.09,27.76,27.52,44.51,1008.88
6303,567.18,27.76,27.53,44.47,1008.88
6304,567.27,27.75,27.54,44.44,1008.88
6305,567.36,27.76,27.54,44.47,1008.88
6306,567.45,27.75,27.54,44.50,1008.87
6307,567.54,27.75,27.55,44.48,1008.87
6308,567.63,27.74,27.56,44.45,1008.87
6309,567.72,27.74,27.57,44.47,1008.87
6310,567.81,27.74,27.57,44.44,1008.87
6311,567.90,27.74,27.57,44.43,1008.87
6312,567.99,27.74,27.58,44.45,1008.87
6313,568.08,27.74,27.58,44.41,1008.87
6314,568.17,27.74,27.57,44.43,1008.87
6315,568.26,27.74,27.57,44.44,1008.87
6316,568.35,27.73,27.57,44.41,1008.87
6317,568.44,27.74,27.57,44.43,1008.86
6318,568.53,27.73,27.56,44.42,1008.87
6319,568.62,27.73,27.56,44.44,1008.87
6320,568.71,27.74,27.55,44.44,1008.87
6321,568.80,27.74,27.54,44.46,1008.86
6322,568.89,27.74,27.53,44.45,1008.87
6323,568.98,27.74,27.53,44.46,1008.87
6324,569.07,27.75,27.54,44.45,1008.87
6325,569.16,27.75,27.53,44.48,1008.87
6326,569.25,27.75,27.55,44.49,1008.87
6327,569.34,27.74,27.54,44.47,1008.87
6328,569.43,27.75,27.53,44.51,1008.86
6329,569.52,27.74,27.52,44.50,1008.87
6330,569.61,27.74,27.51,44.49,1008.87
6331,569.70,27.73,27.52,44.50,1008.87
6332,569.79,27.73,27.52,44.46,1008.87
6333,569.88,27.73,27.52,44.47,1008.87
6334,569.97,27.72,27.52,44.47,1008.87
6335,570.06,27.73,27.52,44.48,1008.87
6336,570.15,27.73,27.52,44.47,1008.87
6337,570.24,27.74,27.52,44.44,1008.87
6338,570.33,27.73,27.53,44.48,1008.87
6339,570.42,27.74,27.53,44.48,1008.87
6340,570.51,27.74,27.53,44.50,1008.86
6341,570.60,27.74,27.54,44.48,1008.87
6342,570.69,27.74,27.54,44.48,1008.87
6343,570.78,27.76,27.55,44.45,1008.87
6344,570.87,27.76,27.53,44.43,1008.87
6345,570.96,27.76,27.53,44.38,1008.87
6346,571.05,27.76,27.54,44.38,1008.87
6347,571.14,27.76,27.54,44.35,1008.87
6348,571.23,27.75,27.54,44.35,1008.87
6349,571.32,27.75,27.54,44.38,1008.87
6350,571.41,27.75,27.53,44.37,1008.87
6351,571.50,27.75,27.53,44.38,1008.87
6352,571.59,27.76,27.53,44.35,1008.87
6353,571.68,27.76,27.52,44.38,1008.87
6354,571.77,27.76,27.53,44.38,1008.87
6355,571.86,27.76,27.55,44.33,1008.87
6356,571.95,27.76,27.56,44.34,1008.88
6357,572.04,27.75,27.55,44.32,1008.87
6358,572.13,27.76,27.55,44.33,1008.87
6359,572.22,27.76,27.55,44.37,1008.87
6360,572.31,27.77,27.56,44.37,1008.87
6361,572.40,27.76,27.56,44.37,1008.86
6362,572.49,27.76,27.57,44.36,1008.87
6363,572.58,27.75,27.57,44.35,1008.87
6364,572.67,27.75,27.56,44.37,1008.87
6365,572.76,27.75,27.56,44.38,1008.87
6366,572.85,27.74,27.55,44.39,1008.86
6367,572.94,27.74,27.55,44.37,1008.86
6368,573.03,27.73,27.56,44.35,1008.86
6369,573.12,27.73,27.56,44.33,1008.86
6370,573.21,27.73,27.57,44.34,1008.87
6371,573.30,27.73,27.57,44.32,1008.87
6372,573.39,27.72,27.57,44.31,1008.87
6373,573.48,27.73,27.57,44.32,1008.87
6374,573.57,27.74,27.58,44.31,1008.87
6375,573.66,27.73,27.57,44.30,1008.87
6376,573.75,27.74,27.56,44.34,1008.87
6377,573.84,27.74,27.57,44.32,1008.87
6378,573.93,27.74,27.56,44.32,1008.87
6379,574.02,27.74,27.57,44.29,1008.87
6380,574.11,27.74,27.56,44.30,1008.87
6381,574.20,27.75,27.55,44.31,1008.87
6382,574.29,27.75,27.56,44.36,1008.87
6383,574.38,27.75,27.57,44.33,1008.87
6384,574.47,27.75,27.56,44.32,1008.87
6385,574.56,27.75,27.54,44.29,1008.87
6386,574.65,27.76,27.53,44.29,1008.87
6387,574.74,27.75,27.54,44.30,1008.87
6388,574.83,27.75,27.54,44.32,1008.87
6389,574.92,27.75,27.54,44.33,1008.88
6390,575.01,27.75,27.54,44.31,1008.88
6391,575.10,27.75,27.54,44.31,1008.87
6392,575.19,27.75,27.54,44.33,1008.87
6393,575.28,27.74,27.52,44.33,1008.87
6394,575.37,27.76,27.52,44.31,1008.87
6395,575.46,27.76,27.51,44.34,1008.87
6396,575.55,27.76,27.50,44.33,1008.88
6397,575.64,27.75,27.51,44.33,1008.88
6398,575.73,27.75,27.50,44.34,1008.88
6399,575.82,27.75,27.50,44.34,1008.88
6400,575.91,27.76,27.50,44.31,1008.88
6401,576.00,27.75,27.50,44.34,1008.88
6402,576.09,27.75,27.51,44.32,1008.88
6403,576.18,27.75,27.52,44.34,1008.88
6404,576.27,27.74,27.52,44.33,1008.88
6405,576.36,27.75,27.51,44.32,1008.87
6406,576.45,27.76,27.51,44.32,1008.88
6407,576.54,27.76,27.51,44.30,1008.88
6408,576.63,27.77,27.52,44.29,1008.88
6409,576.72,27.76,27.51,44.25,1008.88
6410,576.81,27.77,27.51,44.27,1008.88
6411,576.90,27.77,27.51,44.24,1008.88
6412,576.99,27.77,27.50,44.26,1008.88
6413,577.08,27.76,27.51,44.26,1008.88
6414,577.17,27.77,27.51,44.24,1008.89
6415,577.26,27.76,27.51,44.24,1008.88
6416,577.35,27.77,27.52,44.26,1008.89
6417,577.44,27.78,27.52,44.26,1008.89
6418,577.53,27.78,27.52,44.23,1008.89
6419,577.62,27.78,27.52,44.25,1008.88
6420,577.71,27.78,27.53,44.25,1008.89
6421,577.80,27.78,27.52,44.26,1008.89
6422,577.89,27.77,27.53,44.29,1008.89
6423,577.98,27.77,27.54,44.27,1008.89
6424,578.07,27.77,27.55,44.28,1008.88
6425,578.16,27.76,27.56,44.27,1008.88
6426,578.25,27.76,27.55,44.27,1008.87
6427,578.34,27.75,27.55,44.23,1008.88
6428,578.43,27.76,27.55,44.27,1008.88
6429,578.52,27.76,27.54,44.28,1008.88
6430,578.61,27.77,27.55,44.28,1008.88
6431,578.70,27.76,27.56,44.26,1008.88
6432,578.79,27.76,27.55,44.21,1008.88
6433,578.88,27.75,27.55,44.21,1008.88
6434,578.97,27.75,27.54,44.26,1008.88
6435,579.06,27.75,27.53,44.23,1008.88
6436,579.15,27.75,27.67,44.22,1008.88
6437,579.24,27.76,27.54,44.20,1008.88
6438,579.33,27.75,27.54,44.20,1008.89
6439,579.42,27.75,27.54,44.21,1008.88
6440,579.51,27.74,27.53,44.23,1008.88
6441,579.60,27.74,27.54,44.25,1008.88
6442,579.69,27.75,27.54,44.28,1008.88
6443,579.78,27.75,27.55,44.25,1008.89
6444,579.87,27.75,27.55,44.25,1008.89
6445,579.96,27.75,27.55,44.24,1008.89
6446,580.05,27.74,27.54,44.21,1008.88
6447,580.14,27.74,27.55,44.18,1008.88
6448,580.23,27.74,27.55,44.18,1008.88
6449,580.32,27.90,27.54,44.20,1008.88
6450,580.41,27.80,27.53,44.20,1008.89
6451,580.50,27.78,27.54,44.20,1008.89
6452,580.59,27.74,27.53,44.22,1008.89
6453,580.68,27.75,27.53,44.23,1008.89
6454,580.77,27.74,27.53,44.23,1008.89
6455,580.86,27.74,27.52,44.25,1008.89
6456,580.95,27.74,27.52,44.22,1008.89
6457,581.04,27.75,27.53,44.18,1008.90
6458,581.13,27.75,27.53,44.18,1008.90
6459,581.22,27.75,27.52,44.18,1008.90
6460,581.31,27.75,27.53,44.19,1008.90
6461,581.40,27.75,27.53,44.18,1008.90
6462,581.49,27.76,27.52,44.20,1008.90
6463,581.58,27.77,27.51,44.18,1008.90
6464,581.67,27.77,27.50,44.15,1008.90
6465,581.76,27.76,27.51,44.16,1008.91
6466,581.85,27.77,27.50,44.16,1008.90
6467,581.94,27.78,27.50,44.16,1008.90
6468,582.03,27.79,27.49,44.15,1008.91
6469,582.12,27.80,27.49,44.17,1008.90
6470,582.21,27.80,27.50,44.19,1008.90
6471,582.30,27.80,27.49,44.17,1008.90
6472,582.39,27.81,27.49,44.15,1008.90
6473,582.48,27.82,27.49,44.17,1008.90
6474,582.57,27.82,27.48,44.15,1008.90
6475,582.66,27.83,27.49,44.16,1008.90
6476,582.75,27.84,27.48,44.16,1008.90
6477,582.84,27.84,27.48,44.18,1008.90
6478,582.93,27.85,27.48,44.18,1008.90
6479,583.02,27.85,27.49,44.19,1008.90
6480,583.11,27.85,27.49,44.17,1008.90
6481,583.20,27.85,27.50,44.15,1008.89
6482,583.29,27.86,27.50,44.14,1008.90
6483,583.38,27.86,27.51,44.14,1008.90
6484,583.47,27.87,27.51,44.14,1008.90
6485,583.56,27.87,27.51,44.12,1008.90
6486,583.65,27.87,27.52,44.13,1008.90
6487,583.74,27.87,27.53,44.12,1008.90
6488,583.83,27.87,27.54,44.13,1008.90
6489,583.92,27.87,27.55,44.17,1008.90
6490,584.01,27.87,27.74,44.17,1008.90
6491,584.10,27.87,27.62,44.15,1008.90
6492,584.19,27.88,27.56,44.15,1008.90
6493,584.28,27.88,27.56,44.17,1008.89
6494,584.37,27.86,27.57,44.11,1008.90
6495,584.46,27.84,27.57,44.14,1008.90
6496,584.55,27.83,27.57,44.12,1008.90
6497,584.64,27.81,27.57,44.14,1008.90
6498,584.73,27.81,27.57,44.16,1008.90
6499,584.82,27.80,27.57,44.14,1008.90
6500,584.91,27.80,27.56,44.17,1008.90
6501,585.00,27.79,27.56,44.16,1008.90
6502,585.09,27.79,27.55,44.17,1008.90
6503,585.18,27.77,27.54,44.17,1008.90
6504,585.27,27.77,27.54,44.15,1008.90
6505,585.36,27.77,27.54,44.17,1008.90
6506,585.45,27.77,27.53,44.19,1008.90
6507,585.54,27.77,27.53,44.20,1008.90
6508,585.63,27.77,27.53,44.20,1008.90
6509,585.72,27.77,27.54,44.19,1008.90
6510,585.81,27.77,27.55,44.18,1008.89
6511,585.90,27.76,27.55,44.20,1008.89
6512,585.99,27.76,27.54,44.20,1008.89
6513,586.08,27.75,27.54,44.22,1008.89
6514,586.17,27.76,27.55,44.25,1008.88
6515,586.26,27.76,27.54,44.24,1008.88
6516,586.35,27.76,27.53,44.18,1008.89
6517,586.44,27.76,27.53,44.19,1008.89
6518,586.53,27.76,27.53,44.19,1008.89
6519,586.62,27.77,27.53,44.19,1008.89
6520,586.71,27.77,27.52,44.16,1008.88
6521,586.80,27.78,27.53,44.17,1008.89
6522,586.89,27.79,27.54,44.19,1008.88
6523,586.98,27.79,27.54,44.22,1008.88
6524,587.07,27.79,27.53,44.21,1008.88
6525,587.16,27.80,27.53,44.23,1008.88
6526,587.25,27.80,27.53,44.21,1008.88
6527,587.34,27.80,27.53,44.23,1008.88
6528,587.43,27.80,27.54,44.23,1008.88
6529,587.52,27.79,27.54,44.21,1008.88
6530,587.61,27.79,27.54,44.19,1008.89
6531,587.70,27.79,27.53,44.15,1008.89
6532,587.79,27.78,27.54,44.13,1008.89
6533,587.88,27.77,27.54,44.15,1008.89
6534,587.97,27.77,27.54,44.19,1008.89
6535,588.06,27.77,27.54,44.17,1008.90
6536,588.15,27.77,27.53,44.18,1008.90
6537,588.24,27.77,27.53,44.18,1008.90
6538,588.33,27.76,27.53,44.19,1008.90
6539,588.42,27.76,27.54,44.21,1008.90
6540,588.51,27.76,27.56,44.19,1008.90
6541,588.60,27.76,27.56,44.20,1008.90
6542,588.69,27.76,27.56,44.22,1008.90
6543,588.78,27.76,27.55,44.22,1008.90
6544,588.87,27.75,27.55,44.19,1008.90
6545,588.96,27.75,27.53,44.18,1008.90
6546,589.05,27.75,27.53,44.16,1008.91
6547,589.14,27.76,27.53,44.19,1008.91
6548,589.23,27.75,27.55,44.18,1008.90
6549,589.32,27.75,27.55,44.17,1008.90
6550,589.41,27.76,27.54,44.18,1008.91
6551,589.50,27.76,27.56,44.18,1008.91
6552,589.59,27.75,27.56,44.18,1008.91
6553,589.68,27.75,27.56,44.18,1008.91
6554,589.77,27.75,27.56,44.18,1008.91
6555,589.86,27.75,27.58,44.18,1008.91
6556,589.95,27.74,27.59,44.15,1008.91
6557,590.04,27.74,27.59,44.16,1008.91
6558,590.13,27.74,27.57,44.20,1008.91
6559,590.22,27.74,27.57,44.20,1008.91
6560,590.31,27.75,27.56,44.23,1008.91
6561,590.40,27.75,27.55,44.25,1008.91
6562,590.49,27.74,27.55,44.24,1008.91
6563,590.58,27.74,27.55,44.25,1008.91
6564,590.67,27.74,27.55,44.23,1008.91
6565,590.76,27.74,27.55,44.23,1008.91
6566,590.85,27.74,27.54,44.25,1008.91
6567,590.94,27.75,27.55,44.23,1008.91
6568,591.03,27.75,27.55,44.26,1008.91
6569,591.12,27.74,27.55,44.25,1008.91
6570,591.21,27.74,27.54,44.21,1008.91
6571,591.30,27.74,27.55,44.18,1008.90
6572,591.39,27.73,27.54,44.16,1008.90
6573,591.48,27.73,27.53,44.17,1008.90
6574,591.57,27.73,27.54,44.20,1008.89
6575,591.66,27.73,27.54,44.20,1008.89
6576,591.75,27.73,27.53,44.21,1008.89
6577,591.84,27.74,27.53,44.19,1008.89
6578,591.93,27.75,27.53,44.19,1008.89
6579,592.02,27.75,27.53,44.22,1008.89
6580,592.11,27.74,27.53,44.23,1008.89
6581,592.20,27.73,27.53,44.20,1008.89
6582,592.29,27.73,27.52,44.16,1008.89
6583,592.38,27.74,27.53,44.12,1008.89
6584,592.47,27.73,27.51,44.11,1008.89
6585,592.56,27.73,27.52,44.11,1008.89
6586,592.65,27.73,27.52,44.13,1008.88
6587,592.74,27.74,27.52,44.11,1008.88
6588,592.83,27.74,27.51,44.09,1008.88
6589,592.92,27.74,27.51,44.09,1008.88
6590,593.01,27.74,27.51,44.09,1008.88
6591,593.10,27.74,27.52,44.10,1008.87
6592,593.19,27.74,27.52,44.13,1008.87
6593,593.28,27.73,27.52,44.09,1008.87
6594,593.37,27.73,27.51,44.07,1008.87
6595,593.46,27.73,27.51,44.08,1008.87
6596,593.55,27.73,27.51,44.06,1008.87
6597,593.64,27.72,27.52,44.05,1008.87
6598,593.73,27.72,27.52,44.05,1008.87
6599,593.82,27.71,27.55,44.07,1008.87
6600,593.91,27.71,27.54,44.08,1008.87
6601,594.00,27.71,27.54,44.08,1008.87
6602,594.09,27.72,27.54,44.10,1008.87
6603,594.18,27.72,27.54,44.08,1008.87
6604,594.27,27.72,27.55,44.12,1008.87
6605,594.36,27.72,27.54,44.13,1008.86
6606,594.45,27.72,27.53,44.12,1008.86
6607,594.54,27.72,27.53,44.15,1008.86
6608,594.63,27.73,27.54,44.14,1008.87
6609,594.72,27.73,27.54,44.19,1008.87
6610,594.81,27.73,27.55,44.19,1008.86
6611,594.90,27.73,27.54,44.19,1008.87
6612,594.99,27.73,27.56,44.15,1008.87
6613,595.08,27.73,27.55,44.15,1008.87
6614,595.17,27.74,27.55,44.13,1008.87
6615,595.26,27.74,27.55,44.17,1008.87
6616,595.35,27.74,27.55,44.17,1008.87
6617,595.44,27.74,27.55,44.18,1008.86
6618,595.53,27.73,27.55,44.16,1008.86
6619,595.62,27.73,27.55,44.18,1008.86
6620,595.71,27.73,27.56,44.19,1008.86
6621,595.80,27.73,27.56,44.20,1008.87
6622,595.89,27.73,27.56,44.19,1008.87
6623,595.98,27.73,27.57,44.17,1008.88
6624,596.07,27.73,27.56,44.14,1008.88
6625,596.16,27.74,27.57,44.15,1008.87
6626,596.25,27.74,27.58,44.14,1008.87
6627,596.34,27.74,27.58,44.15,1008.87
6628,596.43,27.74,27.57,44.12,1008.88
6629,596.52,27.73,27.58,44.09,1008.88
6630,596.61,27.74,27.57,44.07,1008.88
6631,596.70,27.74,27.56,44.07,1008.88
6632,596.79,27.73,27.55,44.07,1008.88
6633,596.88,27.74,27.56,44.11,1008.88
6634,596.97,27.74,27.58,44.08,1008.88
6635,597.06,27.74,27.57,44.05,1008.88
6636,597.15,27.74,27.57,44.08,1008.89
6637,597.24,27.75,27.57,44.08,1008.89
6638,597.33,27.75,27.56,44.05,1008.89
6639,597.42,27.75,27.58,44.10,1008.90
6640,597.51,27.75,27.56,44.08,1008.89
6641,597.60,27.74,27.56,44.10,1008.89
6642,597.69,27.75,27.58,44.11,1008.89
6643,597.78,27.75,27.57,44.09,1008.89
6644,597.87,27.74,27.57,44.12,1008.89
6645,597.96,27.74,27.56,44.14,1008.89
6646,598.05,27.74,27.55,44.14,1008.89
6647,598.14,27.74,27.56,44.16,1008.89
6648,598.23,27.75,27.55,44.16,1008.89
6649,598.32,27.75,27.55,44.16,1008.88
6650,598.41,27.75,27.55,44.16,1008.88
6651,598.50,27.76,27.55,44.16,1008.88
6652,598.59,27.76,27.54,44.13,1008.89
6653,598.68,27.76,27.53,44.13,1008.88
6654,598.77,27.76,27.54,44.17,1008.88
6655,598.86,27.77,27.54,44.16,1008.88
6656,598.95,27.77,27.55,44.17,1008.88
6657,599.04,27.76,27.56,44.19,1008.88
6658,599.13,27.77,27.56,44.18,1008.88
6659,599.22,27.77,27.55,44.17,1008.88
6660,599.31,27.76,27.54,44.18,1008.88
6661,599.40,27.76,27.54,44.18,1008.88
6662,599.49,27.76,27.55,44.15,1008.88
6663,599.58,27.76,27.55,44.15,1008.88
6664,599.67,27.75,27.55,44.18,1008.88
6665,599.76,27.74,27.56,44.15,1008.87
6666,599.85,27.74,27.56,44.18,1008.87
6667,599.94,27.73,27.56,44.18,1008.87
