Index,Relative Time (s),PT100 (degC),BME280 T (degC),Humidity (%),Pressure (hPa)
1,0.00,45.00,42.84,43.50,1008.27
2,0.09,45.00,42.62,43.54,1008.29
3,0.18,44.97,42.58,43.54,1008.29
4,0.27,44.95,42.53,43.52,1008.30
5,0.36,44.93,42.50,43.60,1008.29
6,0.45,44.92,42.49,43.63,1008.29
7,0.54,44.90,42.48,43.62,1008.28
8,0.63,44.84,42.45,43.64,1008.29
9,0.72,44.82,42.42,43.65,1008.29
10,0.81,44.80,42.41,43.67,1008.28
11,0.90,44.78,42.38,43.67,1008.28
12,0.99,44.75,42.36,43.70,1008.27
13,1.08,44.73,42.33,43.70,1008.25
14,1.17,44.69,42.32,43.73,1008.25
15,1.26,44.67,42.30,43.72,1008.25
16,1.35,44.65,42.29,43.76,1008.26
17,1.44,44.62,42.28,43.76,1008.25
18,1.53,44.61,42.26,43.78,1008.25
19,1.62,44.58,42.25,43.80,1008.25
20,1.71,44.56,42.22,43.83,1008.26
21,1.80,44.53,42.19,43.86,1008.27
22,1.89,44.52,42.17,43.85,1008.28
23,1.98,44.48,42.15,43.84,1008.29
24,2.07,44.45,42.12,43.88,1008.28
25,2.16,44.43,42.08,43.88,1008.30
26,2.25,44.40,42.07,43.92,1008.29
27,2.34,44.38,42.04,43.92,1008.32
28,2.43,44.34,42.03,43.90,1008.32
29,2.52,44.33,42.03,43.90,1008.32
30,2.61,44.29,42.03,43.91,1008.31
31,2.70,44.25,42.01,43.91,1008.33
32,2.79,44.22,42.00,43.92,1008.34
33,2.88,44.18,41.98,43.94,1008.34
34,2.97,44.15,41.93,43.97,1008.34
35,3.06,44.12,41.91,43.96,1008.35
36,3.15,44.11,41.88,43.96,1008.36
37,3.24,44.08,41.85,43.97,1008.36
38,3.33,44.06,41.83,43.97,1008.35
39,3.42,44.03,41.81,44.00,1008.35
40,3.51,44.02,41.78,44.01,1008.35
41,3.60,43.99,41.74,44.02,1008.35
42,3.69,43.96,41.71,44.01,1008.35
43,3.78,43.91,41.66,44.04,1008.36
44,3.87,43.89,41.62,44.03,1008.36
45,3.96,43.85,41.61,44.05,1008.37
46,4.05,43.81,41.59,44.08,1008.36
47,4.14,43.77,41.57,44.07,1008.36
48,4.23,43.74,41.53,44.07,1008.36
49,4.32,43.71,41.52,44.10,1008.36
50,4.41,43.70,41.50,44.15,1008.37
51,4.50,43.68,41.47,44.19,1008.38
52,4.59,43.65,41.44,44.19,1008.36
53,4.68,43.62,41.41,44.20,1008.37
54,4.77,43.59,41.39,44.20,1008.37
55,4.86,43.56,41.34,44.21,1008.37
56,4.95,43.53,41.31,44.20,1008.37
57,5.04,43.51,41.31,44.21,1008.37
58,5.13,43.50,41.28,44.23,1008.36
59,5.22,43.49,41.27,44.21,1008.36
60,5.31,43.46,41.24,44.22,1008.35
61,5.40,43.45,41.21,44.17,1008.35
62,5.49,43.40,41.17,44.20,1008.34
63,5.58,43.38,41.14,44.16,1008.35
64,5.67,43.35,41.13,44.19,1008.35
65,5.76,43.33,41.11,44.21,1008.35
66,5.85,43.32,41.09,44.23,1008.34
67,5.94,43.29,41.05,44.26,1008.35
68,6.03,43.25,41.01,44.24,1008.34
69,6.12,43.22,40.97,44.28,1008.34
70,6.21,43.19,40.96,44.26,1008.33
71,6.30,43.16,40.95,44.29,1008.33
72,6.39,43.13,40.92,44.30,1008.33
73,6.48,43.10,40.88,44.31,1008.32
74,6.57,43.06,40.87,44.31,1008.31
75,6.66,43.03,40.85,44.37,1008.31
76,6.75,43.02,40.81,44.37,1008.30
77,6.84,42.98,40.78,44.40,1008.30
78,6.93,42.97,40.75,44.36,1008.30
79,7.02,42.95,40.73,44.38,1008.29
80,7.11,42.92,40.71,44.42,1008.29
81,7.20,42.90,40.69,44.43,1008.28
82,7.29,42.88,40.65,44.44,1008.27
83,7.38,42.86,40.62,44.42,1008.28
84,7.47,42.83,40.59,44.42,1008.27
85,7.56,42.81,40.59,44.41,1008.27
86,7.65,42.77,40.58,44.41,1008.27
87,7.74,42.76,40.55,44.41,1008.27
88,7.83,42.74,40.54,44.45,1008.26
89,7.92,42.72,40.53,44.46,1008.26
90,8.01,42.69,40.52,44.44,1008.25
91,8.10,42.68,40.52,44.47,1008.28
92,8.19,42.65,40.51,44.48,1008.27
93,8.28,42.63,40.50,44.53,1008.28
94,8.37,42.59,40.47,44.55,1008.29
95,8.46,42.55,40.47,44.56,1008.28
96,8.55,42.52,40.46,44.56,1008.28
97,8.64,42.48,40.44,44.58,1008.29
98,8.73,42.47,40.40,44.60,1008.29
99,8.82,42.46,40.39,44.59,1008.29
100,8.91,42.43,40.37,44.59,1008.29
101,9.00,42.40,40.34,44.61,1008.29
102,9.09,42.38,40.30,44.59,1008.30
103,9.18,42.36,40.29,44.60,1008.31
104,9.27,42.34,40.26,44.61,1008.32
105,9.36,42.31,40.25,44.61,1008.32
106,9.45,42.30,40.22,44.60,1008.32
107,9.54,42.28,40.19,44.61,1008.31
108,9.63,42.26,40.17,44.59,1008.31
109,9.72,42.25,40.16,44.63,1008.32
110,9.81,42.23,40.16,44.67,1008.32
111,9.90,42.21,40.14,44.68,1008.31
112,9.99,42.19,40.11,44.70,1008.32
113,10.08,42.17,40.09,44.69,1008.32
114,10.17,42.14,40.06,44.68,1008.33
115,10.26,42.13,40.06,44.70,1008.33
116,10.35,42.10,40.06,44.73,1008.34
117,10.44,42.11,40.04,44.77,1008.34
118,10.53,42.08,40.02,44.79,1008.35
119,10.62,42.05,40.00,44.79,1008.35
120,10.71,42.01,39.99,44.80,1008.36
121,10.80,42.00,39.97,44.80,1008.36
122,10.89,41.97,39.94,44.82,1008.35
123,10.98,41.96,39.88,44.82,1008.35
124,11.07,41.95,39.87,44.82,1008.35
125,11.16,41.91,39.85,44.84,1008.36
126,11.25,41.89,39.83,44.86,1008.36
127,11.34,41.87,39.80,44.86,1008.36
128,11.43,41.85,39.78,44.88,1008.35
129,11.52,41.82,39.76,44.92,1008.34
130,11.61,41.79,39.72,44.92,1008.34
131,11.70,41.79,39.71,44.94,1008.33
132,11.79,41.76,39.69,44.94,1008.34
133,11.88,41.74,39.65,44.97,1008.34
134,11.97,41.74,39.64,45.00,1008.34
135,12.06,41.70,39.62,44.96,1008.33
136,12.15,41.68,39.59,44.98,1008.33
137,12.24,41.64,39.55,44.96,1008.33
138,12.33,41.63,39.51,44.96,1008.35
139,12.42,41.60,39.47,44.99,1008.33
140,12.51,41.56,39.47,44.98,1008.33
141,12.60,41.55,39.44,45.01,1008.33
142,12.69,41.53,39.43,45.01,1008.34
143,12.78,41.50,39.44,45.00,1008.33
144,12.87,41.48,39.42,45.00,1008.34
145,12.96,41.46,39.40,45.02,1008.34
146,13.05,41.43,39.37,45.03,1008.32
147,13.14,41.40,39.34,45.02,1008.31
148,13.23,41.39,39.32,45.02,1008.31
149,13.32,41.37,39.27,45.00,1008.31
150,13.41,41.35,39.24,44.98,1008.31
151,13.50,41.34,39.23,44.98,1008.31
152,13.59,41.32,39.20,44.98,1008.30
153,13.68,41.30,39.18,44.97,1008.29
154,13.77,41.27,39.18,44.99,1008.29
155,13.86,41.25,39.16,45.01,1008.30
156,13.95,41.24,39.14,45.03,1008.29
157,14.04,41.22,39.13,45.03,1008.30
158,14.13,41.18,39.11,45.08,1008.29
159,14.22,41.18,39.10,45.10,1008.29
160,14.31,41.16,39.09,45.12,1008.29
161,14.40,41.13,39.06,45.15,1008.30
162,14.49,41.08,39.04,45.16,1008.29
163,14.58,41.08,39.01,45.14,1008.28
164,14.67,41.05,39.00,45.14,1008.28
165,14.76,41.01,38.98,45.14,1008.28
166,14.85,41.01,38.98,45.15,1008.28
167,14.94,40.97,38.98,45.15,1008.29
168,15.03,40.94,38.98,45.14,1008.28
169,15.12,40.92,38.95,45.14,1008.28
170,15.21,40.90,38.93,45.16,1008.26
171,15.30,40.88,38.90,45.16,1008.26
172,15.39,40.86,38.88,45.12,1008.27
173,15.48,40.84,38.88,45.14,1008.26
174,15.57,40.81,38.85,45.14,1008.27
175,15.66,40.79,38.81,45.16,1008.26
176,15.75,40.77,38.79,45.16,1008.27
177,15.84,40.75,38.75,45.12,1008.26
178,15.93,40.75,38.74,45.12,1008.27
179,16.02,40.73,38.72,45.16,1008.26
180,16.11,40.72,38.69,45.18,1008.25
181,16.20,40.68,38.67,45.20,1008.26
182,16.29,40.66,38.64,45.20,1008.25
183,16.38,40.65,38.63,45.19,1008.27
184,16.47,40.62,38.61,45.22,1008.26
185,16.56,40.60,38.58,45.22,1008.26
186,16.65,40.57,38.57,45.19,1008.26
187,16.74,40.56,38.57,45.21,1008.26
188,16.83,40.54,38.55,45.21,1008.26
189,16.92,40.53,38.56,45.20,1008.27
190,17.01,40.52,38.55,45.23,1008.27
191,17.10,40.50,38.54,45.25,1008.28
192,17.19,40.49,38.51,45.28,1008.28
193,17.28,40.48,38.50,45.27,1008.28
194,17.37,40.47,38.50,45.27,1008.29
195,17.46,40.44,38.50,45.23,1008.30
196,17.55,40.44,38.50,45.22,1008.28
197,17.64,40.39,38.48,45.23,1008.28
198,17.73,40.37,38.48,45.25,1008.28
199,17.82,40.36,38.46,45.26,1008.28
200,17.91,40.34,38.43,45.26,1008.29
201,18.00,40.32,38.40,45.26,1008.28
202,18.09,40.29,38.39,45.28,1008.28
203,18.18,40.27,38.39,45.28,1008.29
204,18.27,40.24,38.39,45.28,1008.30
205,18.36,40.22,38.37,45.29,1008.31
206,18.45,40.20,38.36,45.33,1008.32
207,18.54,40.19,38.34,45.37,1008.34
208,18.63,40.17,38.32,45.39,1008.34
209,18.72,40.14,38.31,45.41,1008.34
210,18.81,40.12,38.29,45.41,1008.34
211,18.90,40.09,38.27,45.44,1008.34
212,18.99,40.07,38.24,45.47,1008.34
213,19.08,40.03,38.23,45.46,1008.33
214,19.17,40.00,38.21,45.47,1008.33
215,19.26,39.97,38.18,45.48,1008.33
216,19.35,39.95,38.14,45.50,1008.34
217,19.44,39.94,38.12,45.48,1008.33
218,19.53,39.93,38.10,45.49,1008.34
219,19.62,39.92,38.08,45.48,1008.33
220,19.71,39.92,38.07,45.47,1008.32
221,19.80,39.91,38.05,45.48,1008.31
222,19.89,39.90,38.02,45.50,1008.32
223,19.98,39.88,38.01,45.50,1008.32
224,20.07,39.87,38.02,45.54,1008.32
225,20.16,39.86,37.99,45.55,1008.31
226,20.25,39.84,37.96,45.55,1008.31
227,20.34,39.82,37.95,45.54,1008.30
228,20.43,39.81,37.94,45.55,1008.31
229,20.52,39.80,37.92,45.57,1008.31
230,20.61,39.77,37.91,45.56,1008.30
231,20.70,39.76,37.87,45.59,1008.30
232,20.79,39.75,37.84,45.54,1008.30
233,20.88,39.71,37.82,45.54,1008.30
234,20.97,39.69,37.83,45.52,1008.28
235,21.06,39.66,37.81,45.53,1008.27
236,21.15,39.64,37.79,45.53,1008.27
237,21.24,39.63,37.78,45.52,1008.27
238,21.33,39.61,37.75,45.53,1008.27
239,21.42,39.58,37.74,45.55,1008.26
240,21.51,39.55,37.69,45.54,1008.26
241,21.60,39.51,37.66,45.53,1008.25
242,21.69,39.50,37.64,45.52,1008.24
243,21.78,39.48,37.62,45.53,1008.24
244,21.87,39.47,37.59,45.53,1008.24
245,21.96,39.46,37.58,45.56,1008.24
246,22.05,39.46,37.56,45.61,1008.23
247,22.14,39.44,37.53,45.63,1008.23
248,22.23,39.42,37.52,45.65,1008.24
249,22.32,39.39,37.50,45.66,1008.25
250,22.41,39.37,37.47,45.66,1008.23
251,22.50,39.35,37.44,45.68,1008.23
252,22.59,39.34,37.42,45.71,1008.23
253,22.68,39.33,37.39,45.68,1008.23
254,22.77,39.31,37.36,45.70,1008.24
255,22.86,39.30,37.34,45.70,1008.25
256,22.95,39.27,37.33,45.72,1008.25
257,23.04,39.24,37.30,45.76,1008.23
258,23.13,39.22,37.27,45.78,1008.24
259,23.22,39.18,37.26,45.77,1008.25
260,23.31,39.17,37.23,45.82,1008.25
261,23.40,39.16,37.20,45.84,1008.24
262,23.49,39.16,37.18,45.85,1008.24
263,23.58,39.15,37.18,45.86,1008.25
264,23.67,39.15,37.15,45.87,1008.27
265,23.76,39.13,37.14,45.85,1008.27
266,23.85,39.12,37.14,45.86,1008.28
267,23.94,39.10,37.12,45.88,1008.28
268,24.03,39.07,37.11,45.88,1008.27
269,24.12,39.04,37.11,45.88,1008.29
270,24.21,39.01,37.09,45.89,1008.29
271,24.30,38.99,37.08,45.87,1008.29
272,24.39,38.96,37.09,45.89,1008.29
273,24.48,38.96,37.08,45.91,1008.30
274,24.57,38.94,37.07,45.93,1008.29
275,24.66,38.92,37.07,45.90,1008.29
276,24.75,38.90,37.03,45.90,1008.30
277,24.84,38.89,37.03,45.90,1008.31
278,24.93,38.86,37.01,45.89,1008.31
279,25.02,38.85,36.98,45.89,1008.31
280,25.11,38.82,36.97,45.89,1008.33
281,25.20,38.79,36.95,45.90,1008.33
282,25.29,38.77,36.93,45.93,1008.33
283,25.38,38.76,36.92,45.91,1008.32
284,25.47,38.75,36.92,45.93,1008.32
285,25.56,38.74,36.90,45.92,1008.32
286,25.65,38.71,36.89,45.98,1008.33
287,25.74,38.69,36.87,45.97,1008.33
288,25.83,38.68,36.85,45.97,1008.35
289,25.92,38.66,36.83,46.00,1008.36
290,26.01,38.65,36.79,45.98,1008.36
291,26.10,38.63,36.80,45.96,1008.36
292,26.19,38.62,36.79,45.97,1008.36
293,26.28,38.61,36.77,45.95,1008.35
294,26.37,38.59,36.74,45.96,1008.35
295,26.46,38.58,36.72,45.99,1008.35
296,26.55,38.57,36.70,45.98,1008.37
297,26.64,38.54,36.69,45.98,1008.36
298,26.73,38.52,36.68,46.02,1008.35
299,26.82,38.51,36.67,46.04,1008.35
300,26.91,38.48,36.64,46.06,1008.35
301,27.00,38.46,36.64,46.08,1008.36
302,27.09,38.45,36.63,46.12,1008.36
303,27.18,38.43,36.63,46.15,1008.36
304,27.27,38.42,36.61,46.15,1008.36
305,27.36,38.40,36.62,46.18,1008.37
306,27.45,38.38,36.60,46.16,1008.37
307,27.54,38.35,36.60,46.16,1008.37
308,27.63,38.35,36.59,46.18,1008.36
309,27.72,38.32,36.56,46.22,1008.36
310,27.81,38.29,36.55,46.23,1008.36
311,27.90,38.27,36.54,46.26,1008.36
312,27.99,38.26,36.51,46.27,1008.37
313,28.08,38.26,36.48,46.27,1008.36
314,28.17,38.22,36.47,46.28,1008.35
315,28.26,38.19,36.45,46.26,1008.34
316,28.35,38.17,36.44,46.27,1008.33
317,28.44,38.14,36.43,46.29,1008.30
318,28.53,38.11,36.42,46.31,1008.30
319,28.62,38.11,36.40,46.28,1008.31
320,28.71,38.10,36.37,46.27,1008.30
321,28.80,38.07,36.34,46.26,1008.31
322,28.89,38.03,36.33,46.29,1008.30
323,28.98,38.01,36.33,46.32,1008.31
324,29.07,37.99,36.31,46.35,1008.31
325,29.16,37.97,36.28,46.36,1008.31
326,29.25,37.96,36.28,46.39,1008.31
327,29.34,37.94,36.26,46.39,1008.30
328,29.43,37.93,36.25,46.40,1008.28
329,29.52,37.92,36.24,46.40,1008.30
330,29.61,37.91,36.21,46.38,1008.28
331,29.70,37.90,36.19,46.38,1008.27
332,29.79,37.88,36.17,46.36,1008.25
333,29.88,37.86,36.17,46.37,1008.26
334,29.97,37.85,36.14,46.38,1008.25
335,30.06,37.82,36.12,46.37,1008.25
336,30.15,37.80,36.10,46.36,1008.26
337,30.24,37.80,36.07,46.37,1008.26
338,30.33,37.78,36.08,46.37,1008.26
339,30.42,37.77,36.05,46.39,1008.26
340,30.51,37.75,36.04,46.35,1008.27
341,30.60,37.72,36.02,46.35,1008.26
342,30.69,37.71,36.01,46.34,1008.26
343,30.78,37.69,36.00,46.36,1008.26
344,30.87,37.68,35.98,46.38,1008.26
345,30.96,37.67,35.95,46.38,1008.25
346,31.05,37.65,35.94,46.40,1008.27
347,31.14,37.64,35.92,46.39,1008.26
348,31.23,37.61,35.90,46.39,1008.28
349,31.32,37.60,35.90,46.38,1008.28
350,31.41,37.58,35.90,46.40,1008.28
351,31.50,37.56,35.89,46.43,1008.28
352,31.59,37.55,35.89,46.45,1008.28
353,31.68,37.54,35.86,46.43,1008.29
354,31.77,37.51,35.85,46.47,1008.30
355,31.86,37.50,35.86,46.47,1008.31
356,31.95,37.49,35.84,46.47,1008.33
357,32.04,37.46,35.81,46.48,1008.34
358,32.13,37.46,35.79,46.47,1008.34
359,32.22,37.45,35.77,46.47,1008.35
360,32.31,37.44,35.75,46.48,1008.34
361,32.40,37.42,35.70,46.50,1008.34
362,32.49,37.39,35.71,46.50,1008.35
363,32.58,37.37,35.70,46.52,1008.35
364,32.67,37.36,35.67,46.53,1008.35
365,32.76,37.35,35.68,46.56,1008.34
366,32.85,37.35,35.64,46.55,1008.34
367,32.94,37.32,35.63,46.57,1008.35
368,33.03,37.29,35.61,46.57,1008.35
369,33.12,37.28,35.60,46.59,1008.35
370,33.21,37.26,35.59,46.63,1008.35
371,33.30,37.25,35.57,46.63,1008.36
372,33.39,37.23,35.56,46.61,1008.36
373,33.48,37.22,35.55,46.61,1008.36
374,33.57,37.22,35.55,46.60,1008.35
375,33.66,37.22,35.55,46.63,1008.37
376,33.75,37.22,35.54,46.62,1008.36
377,33.84,37.22,35.54,46.68,1008.37
378,33.93,37.20,35.52,46.69,1008.37
379,34.02,37.18,35.51,46.67,1008.37
380,34.11,37.19,35.49,46.65,1008.37
381,34.20,37.17,35.47,46.66,1008.37
382,34.29,37.16,35.47,46.68,1008.38
383,34.38,37.15,35.46,46.67,1008.38
384,34.47,37.13,35.46,46.68,1008.37
385,34.56,37.12,35.45,46.70,1008.37
386,34.65,37.09,35.46,46.71,1008.38
387,34.74,37.08,35.44,46.70,1008.37
388,34.83,37.07,35.43,46.69,1008.37
389,34.92,37.04,35.41,46.72,1008.37
390,35.01,37.02,35.40,46.72,1008.36
391,35.10,37.01,35.38,46.74,1008.35
392,35.19,37.00,35.37,46.74,1008.35
393,35.28,36.98,35.35,46.76,1008.35
394,35.37,36.97,35.31,46.77,1008.34
395,35.46,36.94,35.31,46.76,1008.33
396,35.55,36.94,35.30,46.76,1008.32
397,35.64,36.91,35.28,46.72,1008.32
398,35.73,36.88,35.26,46.71,1008.31
399,35.82,36.87,35.23,46.69,1008.30
400,35.91,36.84,35.20,46.70,1008.30
401,36.00,36.82,35.19,46.74,1008.29
402,36.09,36.82,35.18,46.75,1008.28
403,36.18,36.80,35.18,46.74,1008.28
404,36.27,36.79,35.17,46.71,1008.27
405,36.36,36.77,35.18,46.69,1008.25
406,36.45,36.76,35.14,46.70,1008.25
407,36.54,36.74,35.12,46.68,1008.26
408,36.63,36.71,35.09,46.72,1008.26
409,36.72,36.70,35.09,46.73,1008.26
410,36.81,36.70,35.06,46.73,1008.26
411,36.90,36.67,35.04,46.74,1008.26
412,36.99,36.66,35.05,46.75,1008.25
413,37.08,36.63,35.04,46.77,1008.26
414,37.17,36.60,35.02,46.75,1008.26
415,37.26,36.59,34.99,46.73,1008.27
416,37.35,36.59,34.97,46.72,1008.28
417,37.44,36.59,34.97,46.70,1008.27
418,37.53,36.56,34.95,46.72,1008.27
419,37.62,36.55,34.93,46.74,1008.27
420,37.71,36.55,34.93,46.76,1008.28
421,37.80,36.52,34.91,46.79,1008.28
422,37.89,36.51,34.89,46.81,1008.29
423,37.98,36.49,34.87,46.79,1008.29
424,38.07,36.47,34.89,46.79,1008.29
425,38.16,36.44,34.88,46.79,1008.29
426,38.25,36.43,34.86,46.79,1008.30
427,38.34,36.42,34.84,46.78,1008.30
428,38.43,36.41,34.81,46.78,1008.29
429,38.52,36.41,34.78,46.80,1008.29
430,38.61,36.40,34.77,46.80,1008.30
431,38.70,36.39,34.74,46.82,1008.30
432,38.79,36.37,34.75,46.84,1008.30
433,38.88,36.37,34.73,46.85,1008.31
434,38.97,36.35,34.72,46.84,1008.31
435,39.06,36.34,34.71,46.80,1008.33
436,39.15,36.32,34.70,46.84,1008.32
437,39.24,36.30,34.67,46.87,1008.33
438,39.33,36.29,34.65,46.92,1008.32
439,39.42,36.28,34.64,46.91,1008.32
440,39.51,36.25,34.64,46.88,1008.32
441,39.60,36.24,34.63,46.91,1008.32
442,39.69,36.22,34.60,46.91,1008.32
443,39.78,36.21,34.60,46.93,1008.33
444,39.87,36.20,34.58,46.96,1008.33
445,39.96,36.18,34.57,46.96,1008.34
446,40.05,36.16,34.58,46.95,1008.35
447,40.14,36.14,34.57,46.97,1008.35
448,40.23,36.12,34.55,46.98,1008.36
449,40.32,36.09,34.56,47.03,1008.37
450,40.41,36.07,34.52,47.03,1008.37
451,40.50,36.05,34.53,47.03,1008.38
452,40.59,36.04,34.52,47.00,1008.39
453,40.68,36.03,34.51,46.99,1008.38
454,40.77,36.01,34.51,46.99,1008.37
455,40.86,35.99,34.51,46.98,1008.37
456,40.95,35.97,34.51,46.96,1008.37
457,41.04,35.95,34.48,46.95,1008.37
458,41.13,35.93,34.45,46.96,1008.36
459,41.22,35.91,34.42,46.95,1008.35
460,41.31,35.89,34.42,46.93,1008.35
461,41.40,35.86,34.41,46.95,1008.35
462,41.49,35.84,34.39,46.97,1008.34
463,41.58,35.83,34.38,46.98,1008.34
464,41.67,35.82,34.38,46.96,1008.34
465,41.76,35.79,34.35,47.00,1008.33
466,41.85,35.77,34.33,46.99,1008.34
467,41.94,35.77,34.34,46.97,1008.34
468,42.03,35.76,34.34,46.94,1008.32
469,42.12,35.75,34.31,46.99,1008.31
470,42.21,35.74,34.30,47.01,1008.31
471,42.30,35.72,34.29,47.03,1008.31
472,42.39,35.71,34.28,47.03,1008.31
473,42.48,35.71,34.27,47.01,1008.32
474,42.57,35.69,34.27,47.04,1008.33
475,42.66,35.68,34.24,47.02,1008.32
476,42.75,35.68,34.24,47.04,1008.32
477,42.84,35.66,34.24,47.07,1008.31
478,42.93,35.66,34.24,47.05,1008.32
479,43.02,35.65,34.23,47.08,1008.30
480,43.11,35.64,34.20,47.13,1008.31
481,43.20,35.62,34.19,47.13,1008.29
482,43.29,35.61,34.17,47.11,1008.29
483,43.38,35.59,34.18,47.10,1008.28
484,43.47,35.57,34.15,47.13,1008.27
485,43.56,35.54,34.14,47.15,1008.27
486,43.65,35.54,34.14,47.17,1008.27
487,43.74,35.52,34.14,47.20,1008.27
488,43.83,35.51,34.13,47.15,1008.27
489,43.92,35.49,34.12,47.17,1008.27
490,44.01,35.49,34.12,47.19,1008.28
491,44.10,35.47,34.11,47.21,1008.28
492,44.19,35.46,34.11,47.23,1008.28
493,44.28,35.44,34.12,47.24,1008.28
494,44.37,35.44,34.11,47.30,1008.28
495,44.46,35.43,34.09,47.31,1008.28
496,44.55,35.41,34.09,47.34,1008.28
497,44.64,35.38,34.07,47.35,1008.28
498,44.73,35.36,34.08,47.34,1008.27
499,44.82,35.33,34.07,47.36,1008.27
500,44.91,35.33,34.06,47.37,1008.27
501,45.00,35.31,34.05,47.35,1008.27
502,45.09,35.31,34.04,47.33,1008.27
503,45.18,35.32,34.02,47.34,1008.27
504,45.27,35.32,34.01,47.34,1008.28
505,45.36,35.31,33.99,47.32,1008.26
506,45.45,35.30,33.97,47.30,1008.25
507,45.54,35.28,33.96,47.32,1008.24
508,45.63,35.28,33.93,47.30,1008.24
509,45.72,35.28,33.91,47.32,1008.24
510,45.81,35.26,33.90,47.29,1008.25
511,45.90,35.26,33.86,47.31,1008.25
512,45.99,35.24,33.83,47.30,1008.24
513,46.08,35.24,33.82,47.36,1008.23
514,46.17,35.23,33.81,47.36,1008.23
515,46.26,35.22,33.79,47.34,1008.24
516,46.35,35.20,33.76,47.38,1008.24
517,46.44,35.21,33.74,47.36,1008.26
518,46.53,35.20,33.70,47.38,1008.26
519,46.62,35.20,33.72,47.40,1008.26
520,46.71,35.19,33.71,47.39,1008.26
521,46.80,35.19,33.69,47.39,1008.26
522,46.89,35.17,33.68,47.38,1008.26
523,46.98,35.16,33.68,47.39,1008.27
524,47.07,35.15,33.68,47.38,1008.27
525,47.16,35.13,33.66,47.39,1008.28
526,47.25,35.11,33.65,47.41,1008.28
527,47.34,35.09,33.63,47.39,1008.29
528,47.43,35.07,33.61,47.40,1008.29
529,47.52,35.06,33.59,47.41,1008.30
530,47.61,35.04,33.57,47.39,1008.31
531,47.70,35.03,33.55,47.41,1008.29
532,47.79,35.01,33.53,47.43,1008.29
533,47.88,34.99,33.51,47.45,1008.27
534,47.97,35.00,33.51,47.47,1008.27
535,48.06,34.99,33.47,47.46,1008.29
536,48.15,34.99,33.46,47.46,1008.29
537,48.24,34.98,33.46,47.43,1008.29
538,48.33,34.95,33.44,47.44,1008.29
539,48.42,34.93,33.44,47.43,1008.31
540,48.51,34.91,33.42,47.44,1008.31
541,48.60,34.89,33.41,47.41,1008.31
542,48.69,34.90,33.40,47.43,1008.30
543,48.78,34.88,33.39,47.45,1008.31
544,48.87,34.87,33.39,47.47,1008.32
545,48.96,34.86,33.37,47.47,1008.31
546,49.05,34.85,33.37,47.46,1008.31
547,49.14,34.85,33.36,47.43,1008.30
548,49.23,34.84,33.36,47.43,1008.32
549,49.32,34.84,33.33,47.41,1008.33
550,49.41,34.84,33.32,47.43,1008.33
551,49.50,34.82,33.33,47.42,1008.33
552,49.59,34.79,33.33,47.45,1008.33
553,49.68,34.77,33.31,47.48,1008.32
554,49.77,34.78,33.28,47.47,1008.32
555,49.86,34.77,33.28,47.45,1008.33
556,49.95,34.74,33.28,47.46,1008.32
557,50.04,34.72,33.25,47.46,1008.31
558,50.13,34.71,33.24,47.44,1008.32
559,50.22,34.70,33.23,47.41,1008.32
560,50.31,34.71,33.21,47.42,1008.31
561,50.40,34.70,33.21,47.38,1008.30
562,50.49,34.69,33.20,47.38,1008.31
563,50.58,34.69,33.19,47.40,1008.31
564,50.67,34.68,33.18,47.41,1008.31
565,50.76,34.67,33.19,47.42,1008.30
566,50.85,34.66,33.21,47.44,1008.30
567,50.94,34.65,33.18,47.47,1008.29
568,51.03,34.63,33.20,47.49,1008.29
569,51.12,34.62,33.18,47.49,1008.29
570,51.21,34.60,33.19,47.45,1008.29
571,51.30,34.58,33.20,47.46,1008.29
572,51.39,34.57,33.19,47.44,1008.29
573,51.48,34.55,33.17,47.42,1008.30
574,51.57,34.53,33.16,47.45,1008.29
575,51.66,34.52,33.16,47.48,1008.29
576,51.75,34.50,33.14,47.48,1008.29
577,51.84,34.48,33.14,47.46,1008.29
578,51.93,34.47,33.13,47.47,1008.29
579,52.02,34.45,33.14,47.47,1008.28
580,52.11,34.44,33.13,47.48,1008.27
581,52.20,34.42,33.14,47.48,1008.27
582,52.29,34.42,33.12,47.52,1008.25
583,52.38,34.41,33.11,47.54,1008.25
584,52.47,34.37,33.11,47.56,1008.24
585,52.56,34.36,33.09,47.57,1008.24
586,52.65,34.33,33.06,47.57,1008.23
587,52.74,34.31,33.04,47.54,1008.23
588,52.83,34.31,33.03,47.53,1008.23
589,52.92,34.30,33.01,47.54,1008.24
590,53.01,34.27,32.99,47.54,1008.24
591,53.10,34.27,32.99,47.54,1008.25
592,53.19,34.26,32.99,47.54,1008.23
593,53.28,34.26,32.97,47.56,1008.24
594,53.37,34.25,32.94,47.55,1008.23
595,53.46,34.25,32.93,47.52,1008.24
596,53.55,34.23,32.92,47.53,1008.24
597,53.64,34.21,32.92,47.53,1008.26
598,53.73,34.19,32.90,47.54,1008.27
599,53.82,34.18,32.90,47.54,1008.28
600,53.91,34.17,32.87,47.51,1008.27
601,54.00,34.16,32.90,47.51,1008.27
602,54.09,34.15,32.90,47.50,1008.27
603,54.18,34.14,32.88,47.52,1008.26
604,54.27,34.12,32.87,47.50,1008.27
605,54.36,34.11,32.87,47.48,1008.28
606,54.45,34.11,32.86,47.51,1008.28
607,54.54,34.09,32.84,47.49,1008.28
608,54.63,34.09,32.82,47.48,1008.30
609,54.72,34.10,32.81,47.47,1008.30
610,54.81,34.09,32.80,47.49,1008.30
611,54.90,34.07,32.79,47.50,1008.29
612,54.99,34.06,32.75,47.50,1008.31
613,55.08,34.07,32.73,47.50,1008.33
614,55.17,34.06,32.73,47.53,1008.34
615,55.26,34.05,32.70,47.56,1008.35
616,55.35,34.03,32.68,47.59,1008.36
617,55.44,34.02,32.66,47.56,1008.37
618,55.53,34.02,32.66,47.56,1008.37
619,55.62,34.02,32.64,47.58,1008.37
620,55.71,34.00,32.63,47.61,1008.37
621,55.80,33.99,32.60,47.64,1008.37
622,55.89,33.97,32.56,47.61,1008.37
623,55.98,33.96,32.55,47.62,1008.39
624,56.07,33.94,32.54,47.59,1008.39
625,56.16,33.94,32.54,47.57,1008.40
626,56.25,33.93,32.53,47.53,1008.40
627,56.34,33.92,32.52,47.53,1008.38
628,56.43,33.92,32.51,47.51,1008.38
629,56.52,33.90,32.52,47.51,1008.38
630,56.61,33.86,32.54,47.52,1008.38
631,56.70,33.86,32.52,47.54,1008.40
632,56.79,33.84,32.51,47.55,1008.40
633,56.88,33.82,32.49,47.54,1008.39
634,56.97,33.82,32.50,47.57,1008.39
635,57.06,33.80,32.48,47.58,1008.38
636,57.15,33.82,32.48,47.58,1008.37
637,57.24,33.81,32.50,47.59,1008.37
638,57.33,33.81,32.49,47.58,1008.37
639,57.42,33.80,32.48,47.57,1008.36
640,57.51,33.80,32.43,47.58,1008.35
641,57.60,33.79,32.43,47.57,1008.35
642,57.69,33.77,32.43,47.60,1008.34
643,57.78,33.76,32.42,47.60,1008.33
644,57.87,33.76,32.41,47.62,1008.32
645,57.96,33.74,32.40,47.64,1008.33
646,58.05,33.74,32.41,47.61,1008.32
647,58.14,33.73,32.39,47.60,1008.31
648,58.23,33.72,32.41,47.60,1008.30
649,58.32,33.71,32.40,47.58,1008.31
650,58.41,33.71,32.39,47.58,1008.31
651,58.50,33.71,32.38,47.59,1008.32
652,58.59,33.70,32.37,47.60,1008.30
653,58.68,33.70,32.37,47.61,1008.29
654,58.77,33.68,32.36,47.62,1008.29
655,58.86,33.66,32.38,47.60,1008.28
656,58.95,33.65,32.35,47.56,1008.27
657,59.04,33.63,32.39,47.50,1008.28
658,59.13,33.62,32.38,47.52,1008.28
659,59.22,33.60,32.38,47.50,1008.28
660,59.31,33.60,32.37,47.53,1008.29
661,59.40,33.61,32.35,47.51,1008.29
662,59.49,33.60,32.34,47.52,1008.29
663,59.58,33.60,32.32,47.53,1008.29
664,59.67,33.58,32.33,47.50,1008.29
665,59.76,33.57,32.31,47.50,1008.29
666,59.85,33.55,32.29,47.47,1008.29
667,59.94,33.53,32.30,47.45,1008.29
668,60.03,33.52,32.28,47.45,1008.28
669,60.12,33.49,32.27,47.43,1008.27
670,60.21,33.48,32.26,47.40,1008.28
671,60.30,33.49,32.26,47.38,1008.28
672,60.39,33.47,32.26,47.39,1008.29
673,60.48,33.46,32.25,47.41,1008.30
674,60.57,33.45,32.23,47.41,1008.31
675,60.66,33.42,32.24,47.46,1008.30
676,60.75,33.40,32.23,47.46,1008.28
677,60.84,33.40,32.21,47.48,1008.29
678,60.93,33.41,32.19,47.49,1008.28
679,61.02,33.39,32.19,47.49,1008.27
680,61.11,33.39,32.18,47.49,1008.26
681,61.20,33.39,32.18,47.48,1008.28
682,61.29,33.39,32.18,47.49,1008.29
683,61.38,33.37,32.17,47.50,1008.28
684,61.47,33.37,32.16,47.49,1008.29
685,61.56,33.37,32.14,47.53,1008.29
686,61.65,33.36,32.13,47.57,1008.30
687,61.74,33.34,32.12,47.59,1008.31
688,61.83,33.34,32.11,47.58,1008.31
689,61.92,33.34,32.10,47.60,1008.33
690,62.01,33.32,32.09,47.60,1008.33
691,62.10,33.31,32.07,47.61,1008.33
692,62.19,33.31,32.07,47.62,1008.33
693,62.28,33.29,32.05,47.61,1008.35
694,62.37,33.29,32.03,47.60,1008.35
695,62.46,33.27,32.01,47.61,1008.35
696,62.55,33.26,32.00,47.63,1008.36
697,62.64,33.24,32.00,47.66,1008.36
698,62.73,33.22,31.99,47.66,1008.36
699,62.82,33.21,31.98,47.69,1008.36
700,62.91,33.19,31.96,47.67,1008.37
701,63.00,33.18,31.94,47.69,1008.37
702,63.09,33.16,31.94,47.67,1008.37
703,63.18,33.14,31.92,47.68,1008.37
704,63.27,33.13,31.90,47.70,1008.36
705,63.36,33.12,31.90,47.72,1008.36
706,63.45,33.13,31.89,47.75,1008.37
707,63.54,33.13,31.87,47.76,1008.37
708,63.63,33.11,31.86,47.79,1008.37
709,63.72,33.11,31.85,47.79,1008.37
710,63.81,33.09,31.85,47.76,1008.37
711,63.90,33.08,31.83,47.74,1008.38
712,63.99,33.09,31.83,47.72,1008.37
713,64.08,33.08,31.82,47.73,1008.36
714,64.17,33.08,31.80,47.71,1008.36
715,64.26,33.08,31.81,47.72,1008.36
716,64.35,33.07,31.80,47.74,1008.36
717,64.44,33.06,31.79,47.74,1008.37
718,64.53,33.05,31.80,47.75,1008.37
719,64.62,33.03,31.78,47.71,1008.38
720,64.71,33.01,31.77,47.69,1008.36
721,64.80,32.98,31.76,47.68,1008.37
722,64.89,32.97,31.74,47.66,1008.37
723,64.98,32.97,31.71,47.67,1008.37
724,65.07,32.93,31.69,47.66,1008.37
725,65.16,32.94,31.70,47.67,1008.37
726,65.25,32.93,31.70,47.68,1008.37
727,65.34,32.92,31.68,47.68,1008.34
728,65.43,32.91,31.66,47.66,1008.34
729,65.52,32.89,31.63,47.69,1008.32
730,65.61,32.88,31.64,47.69,1008.33
731,65.70,32.88,31.63,47.68,1008.31
732,65.79,32.87,31.62,47.67,1008.31
733,65.88,32.85,31.62,47.65,1008.31
734,65.97,32.84,31.63,47.64,1008.29
735,66.06,32.81,31.63,47.62,1008.30
736,66.15,32.80,31.63,47.62,1008.31
737,66.24,32.78,31.65,47.64,1008.30
738,66.33,32.78,31.62,47.62,1008.30
739,66.42,32.76,31.62,47.62,1008.30
740,66.51,32.74,31.63,47.63,1008.29
741,66.60,32.73,31.62,47.63,1008.29
742,66.69,32.72,31.60,47.59,1008.29
743,66.78,32.71,31.59,47.58,1008.28
744,66.87,32.71,31.61,47.55,1008.26
745,66.96,32.70,31.59,47.54,1008.25
746,67.05,32.69,31.60,47.55,1008.25
747,67.14,32.68,31.60,47.55,1008.26
748,67.23,32.66,31.61,47.52,1008.27
749,67.32,32.64,31.62,47.53,1008.27
750,67.41,32.63,31.60,47.54,1008.28
751,67.50,32.62,31.60,47.53,1008.28
752,67.59,32.60,31.60,47.55,1008.28
753,67.68,32.60,31.57,47.56,1008.27
754,67.77,32.60,31.56,47.57,1008.26
755,67.86,32.58,31.57,47.55,1008.25
756,67.95,32.59,31.55,47.57,1008.25
757,68.04,32.58,31.55,47.54,1008.25
758,68.13,32.57,31.55,47.52,1008.26
759,68.22,32.53,31.53,47.52,1008.25
760,68.31,32.53,31.52,47.50,1008.27
761,68.40,32.52,31.52,47.49,1008.28
762,68.49,32.51,31.51,47.51,1008.28
763,68.58,32.50,31.51,47.48,1008.30
764,68.67,32.51,31.48,47.50,1008.31
765,68.76,32.53,31.47,47.49,1008.30
766,68.85,32.51,31.49,47.47,1008.29
767,68.94,32.50,31.49,47.48,1008.31
768,69.03,32.49,31.48,47.44,1008.32
769,69.12,32.49,31.47,47.47,1008.33
770,69.21,32.47,31.47,47.45,1008.33
771,69.30,32.46,31.49,47.49,1008.33
772,69.39,32.46,31.48,47.47,1008.34
773,69.48,32.46,31.47,47.49,1008.33
774,69.57,32.44,31.45,47.46,1008.33
775,69.66,32.43,31.42,47.49,1008.33
776,69.75,32.44,31.41,47.50,1008.33
777,69.84,32.43,31.41,47.46,1008.33
778,69.93,32.44,31.39,47.46,1008.32
779,70.02,32.44,31.38,47.43,1008.31
780,70.11,32.43,31.37,47.43,1008.33
781,70.20,32.43,31.37,47.45,1008.32
782,70.29,32.44,31.37,47.47,1008.32
783,70.38,32.44,31.37,47.43,1008.32
784,70.47,32.44,31.35,47.46,1008.33
785,70.56,32.43,31.31,47.47,1008.32
786,70.65,32.42,31.31,47.51,1008.34
787,70.74,32.38,31.30,47.52,1008.35
788,70.83,32.39,31.29,47.56,1008.34
789,70.92,32.38,31.28,47.54,1008.33
790,71.01,32.37,31.27,47.55,1008.33
791,71.10,32.38,31.25,47.54,1008.33
792,71.19,32.39,31.21,47.56,1008.31
793,71.28,32.39,31.20,47.54,1008.31
794,71.37,32.37,31.20,47.57,1008.30
795,71.46,32.37,31.20,47.54,1008.30
796,71.55,32.33,31.21,47.52,1008.30
797,71.64,32.33,31.19,47.50,1008.31
798,71.73,32.33,31.17,47.49,1008.32
799,71.82,32.33,31.16,47.48,1008.31
800,71.91,32.32,31.14,47.50,1008.31
801,72.00,32.31,31.13,47.50,1008.32
802,72.09,32.30,31.12,47.52,1008.31
803,72.18,32.28,31.10,47.52,1008.31
804,72.27,32.29,31.10,47.50,1008.30
805,72.36,32.28,31.09,47.47,1008.31
806,72.45,32.29,31.05,47.46,1008.29
807,72.54,32.31,31.02,47.46,1008.30
808,72.63,32.30,31.01,47.48,1008.30
809,72.72,32.29,31.03,47.48,1008.30
810,72.81,32.28,31.02,47.46,1008.31
811,72.90,32.27,31.03,47.51,1008.31
812,72.99,32.25,31.00,47.53,1008.29
813,73.08,32.24,31.01,47.56,1008.29
814,73.17,32.24,31.02,47.54,1008.30
815,73.26,32.22,30.99,47.60,1008.29
816,73.35,32.21,31.00,47.63,1008.28
817,73.44,32.20,31.00,47.63,1008.28
818,73.53,32.17,31.00,47.65,1008.27
819,73.62,32.17,30.99,47.67,1008.27
820,73.71,32.16,30.98,47.64,1008.26
821,73.80,32.15,30.98,47.68,1008.25
822,73.89,32.15,30.97,47.71,1008.23
823,73.98,32.14,30.96,47.68,1008.23
824,74.07,32.13,30.97,47.68,1008.23
825,74.16,32.12,30.95,47.67,1008.22
826,74.25,32.11,30.95,47.63,1008.21
827,74.34,32.11,30.93,47.64,1008.20
828,74.43,32.10,30.92,47.65,1008.21
829,74.52,32.09,30.94,47.67,1008.22
830,74.61,32.08,30.94,47.61,1008.22
831,74.70,32.06,30.93,47.64,1008.22
832,74.79,32.04,30.93,47.62,1008.23
833,74.88,32.04,30.95,47.63,1008.22
834,74.97,32.04,30.95,47.60,1008.23
835,75.06,32.03,30.94,47.64,1008.23
836,75.15,32.02,30.93,47.64,1008.23
837,75.24,32.02,30.92,47.67,1008.23
838,75.33,32.01,30.92,47.68,1008.25
839,75.42,32.01,30.91,47.69,1008.25
840,75.51,31.98,30.94,47.69,1008.24
841,75.60,31.97,30.91,47.68,1008.24
842,75.69,31.97,30.89,47.67,1008.24
843,75.78,31.96,30.89,47.69,1008.24
844,75.87,31.96,30.87,47.71,1008.24
845,75.96,31.94,30.86,47.73,1008.26
846,76.05,31.95,30.84,47.73,1008.27
847,76.14,31.95,30.84,47.72,1008.27
848,76.23,31.93,30.84,47.70,1008.28
849,76.32,31.91,30.86,47.69,1008.29
850,76.41,31.90,30.88,47.71,1008.27
851,76.50,31.89,30.84,47.72,1008.28
852,76.59,31.87,30.84,47.70,1008.28
853,76.68,31.86,30.82,47.68,1008.29
854,76.77,31.84,30.82,47.65,1008.27
855,76.86,31.83,30.80,47.63,1008.28
856,76.95,31.82,30.80,47.60,1008.29
857,77.04,31.82,30.79,47.58,1008.27
858,77.13,31.82,30.78,47.57,1008.28
859,77.22,31.81,30.79,47.58,1008.29
860,77.31,31.79,30.77,47.60,1008.28
861,77.40,31.79,30.76,47.61,1008.28
862,77.49,31.80,30.75,47.65,1008.28
863,77.58,31.79,30.74,47.67,1008.28
864,77.67,31.77,30.74,47.68,1008.28
865,77.76,31.76,30.74,47.67,1008.28
866,77.85,31.75,30.73,47.68,1008.30
867,77.94,31.75,30.73,47.68,1008.30
868,78.03,31.76,30.74,47.65,1008.32
869,78.12,31.75,30.72,47.66,1008.32
870,78.21,31.74,30.70,47.66,1008.32
871,78.30,31.74,30.70,47.66,1008.33
872,78.39,31.73,30.70,47.67,1008.34
873,78.48,31.72,30.70,47.62,1008.35
874,78.57,31.71,30.71,47.61,1008.36
875,78.66,31.69,30.71,47.59,1008.37
876,78.75,31.68,30.70,47.59,1008.36
877,78.84,31.68,30.68,47.61,1008.36
878,78.93,31.66,30.67,47.61,1008.35
879,79.02,31.65,30.65,47.63,1008.35
880,79.11,31.65,30.65,47.65,1008.34
881,79.20,31.65,30.65,47.65,1008.34
882,79.29,31.67,30.63,47.63,1008.35
883,79.38,31.64,30.63,47.61,1008.36
884,79.47,31.62,30.63,47.62,1008.34
885,79.56,31.62,30.64,47.62,1008.33
886,79.65,31.60,30.65,47.62,1008.32
887,79.74,31.59,30.63,47.62,1008.32
888,79.83,31.59,30.59,47.64,1008.31
889,79.92,31.59,30.57,47.66,1008.30
890,80.01,31.57,30.57,47.66,1008.29
891,80.10,31.57,30.55,47.68,1008.29
892,80.19,31.57,30.54,47.69,1008.28
893,80.28,31.57,30.55,47.69,1008.27
894,80.37,31.57,30.55,47.69,1008.27
895,80.46,31.55,30.55,47.69,1008.27
896,80.55,31.54,30.52,47.68,1008.28
897,80.64,31.53,30.50,47.69,1008.27
898,80.73,31.53,30.49,47.70,1008.27
899,80.82,31.51,30.48,47.71,1008.26
900,80.91,31.51,30.46,47.69,1008.25
901,81.00,31.49,30.46,47.68,1008.25
902,81.09,31.49,30.45,47.68,1008.26
903,81.18,31.49,30.47,47.69,1008.26
904,81.27,31.47,30.48,47.66,1008.25
905,81.36,31.47,30.45,47.70,1008.25
906,81.45,31.46,30.44,47.70,1008.25
907,81.54,31.44,30.44,47.71,1008.24
908,81.63,31.43,30.45,47.73,1008.25
909,81.72,31.41,30.42,47.71,1008.24
910,81.81,31.41,30.42,47.73,1008.23
911,81.90,31.40,30.42,47.75,1008.22
912,81.99,31.37,30.41,47.71,1008.23
913,82.08,31.35,30.39,47.72,1008.25
914,82.17,31.33,30.38,47.70,1008.25
915,82.26,31.34,30.39,47.69,1008.26
916,82.35,31.35,30.39,47.70,1008.25
917,82.44,31.35,30.38,47.73,1008.25
918,82.53,31.37,30.37,47.77,1008.26
919,82.62,31.36,30.35,47.77,1008.27
920,82.71,31.35,30.36,47.77,1008.26
921,82.80,31.36,30.34,47.73,1008.27
922,82.89,31.36,30.34,47.71,1008.28
923,82.98,31.36,30.36,47.72,1008.29
924,83.07,31.35,30.36,47.70,1008.27
925,83.16,31.36,30.37,47.67,1008.27
926,83.25,31.36,30.38,47.65,1008.28
927,83.34,31.35,30.37,47.64,1008.29
928,83.43,31.35,30.37,47.63,1008.31
929,83.52,31.34,30.34,47.62,1008.32
930,83.61,31.33,30.33,47.59,1008.32
931,83.70,31.32,30.31,47.58,1008.32
932,83.79,31.31,30.30,47.59,1008.32
933,83.88,31.29,30.32,47.59,1008.33
934,83.97,31.28,30.32,47.61,1008.32
935,84.06,31.27,30.32,47.63,1008.33
936,84.15,31.26,30.33,47.64,1008.31
937,84.24,31.26,30.32,47.66,1008.32
938,84.33,31.25,30.32,47.65,1008.32
939,84.42,31.25,30.31,47.67,1008.33
940,84.51,31.26,30.32,47.67,1008.33
941,84.60,31.25,30.33,47.66,1008.33
942,84.69,31.23,30.33,47.67,1008.33
943,84.78,31.24,30.32,47.66,1008.34
944,84.87,31.23,30.32,47.68,1008.34
945,84.96,31.24,30.31,47.66,1008.34
946,85.05,31.25,30.28,47.63,1008.34
947,85.14,31.24,30.28,47.61,1008.35
948,85.23,31.24,30.28,47.60,1008.35
949,85.32,31.24,30.28,47.61,1008.35
950,85.41,31.23,30.28,47.64,1008.35
951,85.50,31.21,30.25,47.64,1008.34
952,85.59,31.21,30.25,47.62,1008.34
953,85.68,31.19,30.26,47.62,1008.35
954,85.77,31.19,30.25,47.64,1008.25
955,85.86,31.18,30.25,47.63,1008.37
956,85.95,31.17,30.26,47.62,1008.37
957,86.04,31.17,30.27,47.65,1008.39
958,86.13,31.15,30.24,47.63,1008.40
959,86.22,31.16,30.23,47.66,1008.40
960,86.31,31.14,30.24,47.64,1008.40
961,86.40,31.15,30.21,47.64,1008.40
962,86.49,31.15,30.21,47.63,1008.38
963,86.58,31.13,30.21,47.64,1008.39
964,86.67,31.10,30.19,47.66,1008.39
965,86.76,31.09,30.18,47.65,1008.38
966,86.85,31.10,30.17,47.66,1008.38
967,86.94,31.09,30.16,47.66,1008.37
968,87.03,31.07,30.17,47.66,1008.37
969,87.12,31.07,30.16,47.65,1008.35
970,87.21,31.07,30.14,47.67,1008.35
971,87.30,31.05,30.12,47.67,1008.34
972,87.39,31.04,30.08,47.66,1008.34
973,87.48,31.02,30.05,47.62,1008.32
974,87.57,31.02,30.06,47.62,1008.30
975,87.66,30.99,30.06,47.61,1008.30
976,87.75,30.99,30.06,47.64,1008.29
977,87.84,30.99,30.06,47.62,1008.29
978,87.93,30.99,30.05,47.61,1008.29
979,88.02,31.00,30.03,47.58,1008.30
980,88.11,30.99,30.02,47.60,1008.30
981,88.20,30.98,30.01,47.63,1008.29
982,88.29,30.96,30.00,47.68,1008.30
983,88.38,30.97,29.99,47.66,1008.30
984,88.47,30.95,29.97,47.64,1008.29
985,88.56,30.92,29.95,47.67,1008.28
986,88.65,30.92,29.93,47.68,1008.27
987,88.74,30.90,29.94,47.69,1008.28
988,88.83,30.89,29.94,47.66,1008.28
989,88.92,30.87,29.94,47.66,1008.29
990,89.01,30.85,29.93,47.62,1008.28
991,89.10,30.85,29.91,47.63,1008.27
992,89.19,30.83,29.91,47.64,1008.28
993,89.28,30.81,29.90,47.63,1008.26
994,89.37,30.82,29.89,47.66,1008.26
995,89.46,30.80,29.88,47.65,1008.26
996,89.55,30.79,29.88,47.65,1008.27
997,89.64,30.79,29.88,47.63,1008.27
998,89.73,30.79,29.86,47.64,1008.27
999,89.82,30.82,29.86,47.67,1008.26
1000,89.91,30.80,29.88,47.64,1008.27
1001,90.00,30.80,29.87,47.64,1008.27
1002,90.09,30.81,29.88,47.65,1008.27
1003,90.18,30.80,29.86,47.65,1008.28
1004,90.27,30.80,29.87,47.63,1008.28
1005,90.36,30.79,29.85,47.61,1008.27
1006,90.45,30.77,29.83,47.64,1008.26
1007,90.54,30.76,29.82,47.62,1008.28
1008,90.63,30.75,29.80,48.02,1008.29
1009,90.72,30.74,29.78,47.76,1008.28
1010,90.81,30.73,29.78,47.63,1008.29
1011,90.90,30.73,29.80,47.55,1008.30
1012,90.99,30.72,29.80,47.55,1008.31
1013,91.08,30.71,29.79,47.55,1008.31
1014,91.17,30.71,29.79,47.55,1008.31
1015,91.26,30.69,29.80,47.54,1008.32
1016,91.35,30.69,29.79,47.53,1008.31
1017,91.44,30.68,29.79,47.52,1008.31
1018,91.53,30.68,29.80,47.52,1008.33
1019,91.62,30.70,29.82,47.49,1008.33
1020,91.71,30.69,29.84,47.49,1008.34
1021,91.80,30.68,29.82,47.48,1008.34
1022,91.89,30.68,29.84,47.52,1008.36
1023,91.98,30.67,29.84,47.49,1008.38
1024,92.07,30.66,29.85,47.49,1008.38
1025,92.16,30.65,29.84,47.53,1008.39
1026,92.25,30.66,29.84,47.52,1008.40
1027,92.34,30.66,29.84,47.51,1008.40
1028,92.43,30.66,29.83,47.50,1008.41
1029,92.52,30.67,29.82,47.48,1008.41
1030,92.61,30.65,29.81,47.47,1008.40
1031,92.70,30.63,29.81,47.48,1008.40
1032,92.79,30.64,29.79,47.47,1008.40
1033,92.88,30.63,29.80,47.45,1008.39
1034,92.97,30.61,29.78,47.43,1008.39
1035,93.06,30.60,29.77,47.46,1008.40
1036,93.15,30.59,29.78,47.45,1008.41
1037,93.24,30.60,29.80,47.46,1008.39
1038,93.33,30.59,29.80,47.48,1008.39
1039,93.42,30.59,29.79,47.45,1008.38
1040,93.51,30.59,29.77,47.48,1008.36
1041,93.60,30.58,29.77,47.47,1008.37
1042,93.69,30.58,29.77,47.48,1008.37
1043,93.78,30.58,29.76,47.47,1008.37
1044,93.87,30.58,29.76,47.50,1008.37
1045,93.96,30.59,29.76,47.51,1008.37
1046,94.05,30.58,29.75,47.51,1008.37
1047,94.14,30.57,29.73,47.48,1008.38
1048,94.23,30.57,29.72,47.48,1008.38
1049,94.32,30.58,29.73,47.46,1008.37
1050,94.41,30.58,29.73,47.44,1008.37
1051,94.50,30.59,29.75,47.45,1008.35
1052,94.59,30.59,29.76,47.44,1008.34
1053,94.68,30.59,29.76,47.47,1008.34
1054,94.77,30.59,29.76,47.51,1008.34
1055,94.86,30.57,29.74,47.48,1008.34
1056,94.95,30.56,29.75,47.49,1008.34
1057,95.04,30.56,29.74,47.52,1008.32
1058,95.13,30.56,29.71,47.55,1008.31
1059,95.22,30.56,29.70,47.56,1008.31
1060,95.31,30.55,29.70,47.59,1008.30
1061,95.40,30.55,29.68,47.59,1008.28
1062,95.49,30.56,29.68,47.58,1008.29
1063,95.58,30.55,29.66,47.59,1008.27
1064,95.67,30.55,29.65,47.57,1008.27
1065,95.76,30.53,29.65,47.54,1008.28
1066,95.85,30.52,29.63,47.49,1008.26
1067,95.94,30.53,29.64,47.51,1008.26
1068,96.03,30.52,29.63,47.50,1008.26
1069,96.12,30.51,29.60,47.49,1008.26
1070,96.21,30.49,29.62,47.50,1008.27
1071,96.30,30.51,29.59,47.51,1008.27
1072,96.39,30.50,29.58,47.51,1008.27
1073,96.48,30.49,29.57,47.48,1008.27
1074,96.57,30.50,29.54,47.47,1008.27
1075,96.66,30.51,29.53,47.49,1008.29
1076,96.75,30.49,29.53,47.53,1008.29
1077,96.84,30.48,29.51,47.54,1008.28
1078,96.93,30.46,29.49,47.54,1008.30
1079,97.02,30.45,29.47,47.53,1008.29
1080,97.11,30.44,29.48,47.54,1008.29
1081,97.20,30.43,29.49,47.54,1008.28
1082,97.29,30.42,29.49,47.55,1008.27
1083,97.38,30.41,29.50,47.55,1008.26
1084,97.47,30.41,29.50,47.54,1008.27
1085,97.56,30.41,29.51,47.55,1008.28
1086,97.65,30.40,29.49,47.57,1008.28
1087,97.74,30.39,29.50,47.59,1008.27
1088,97.83,30.39,29.50,47.61,1008.28
1089,97.92,30.39,29.48,47.59,1008.28
1090,98.01,30.38,29.44,47.63,1008.29
1091,98.10,30.37,29.44,47.63,1008.29
1092,98.19,30.37,29.44,47.61,1008.29
1093,98.28,30.37,29.44,47.62,1008.28
1094,98.37,30.36,29.43,47.57,1008.29
1095,98.46,30.35,29.44,47.59,1008.29
1096,98.55,30.34,29.43,47.56,1008.30
1097,98.64,30.32,29.43,47.61,1008.29
1098,98.73,30.32,29.41,47.59,1008.30
1099,98.82,30.33,29.41,47.61,1008.29
1100,98.91,30.30,29.41,47.63,1008.29
1101,99.00,30.30,29.41,47.63,1008.28
1102,99.09,30.33,29.44,47.60,1008.29
1103,99.18,30.33,29.41,47.57,1008.30
1104,99.27,30.32,29.41,47.53,1008.31
1105,99.36,30.32,29.40,47.53,1008.31
1106,99.45,30.31,29.39,47.53,1008.31
1107,99.54,30.31,29.40,47.53,1008.30
1108,99.63,30.31,29.40,47.52,1008.32
1109,99.72,30.31,29.39,47.52,1008.32
1110,99.81,30.30,29.40,47.51,1008.32
1111,99.90,30.29,29.39,47.52,1008.31
1112,99.99,30.27,29.40,47.55,1008.30
1113,100.08,30.27,29.39,47.54,1008.30
1114,100.17,30.26,29.38,47.52,1008.30
1115,100.26,30.26,29.37,47.52,1008.30
1116,100.35,30.26,29.36,47.51,1008.30
1117,100.44,30.28,29.36,47.51,1008.31
1118,100.53,30.27,29.33,47.50,1008.32
1119,100.62,30.26,29.34,47.49,1008.32
1120,100.71,30.26,29.33,47.50,1008.31
1121,100.80,30.25,29.32,47.47,1008.30
1122,100.89,30.25,29.32,47.46,1008.30
1123,100.98,30.24,29.32,47.50,1008.31
1124,101.07,30.22,29.34,47.48,1008.31
1125,101.16,30.23,29.35,47.48,1008.32
1126,101.25,30.23,29.34,47.51,1008.30
1127,101.34,30.21,29.32,47.49,1008.31
1128,101.43,30.18,29.31,47.51,1008.31
1129,101.52,30.18,29.30,47.50,1008.32
1130,101.61,30.17,29.30,47.53,1008.32
1131,101.70,30.16,29.28,47.53,1008.32
1132,101.79,30.16,29.28,47.51,1008.32
1133,101.88,30.14,29.29,47.51,1008.32
1134,101.97,30.15,29.31,47.50,1008.32
1135,102.06,30.14,29.31,47.51,1008.32
1136,102.15,30.14,29.32,47.50,1008.31
1137,102.24,30.15,29.31,47.50,1008.31
1138,102.33,30.12,29.31,47.50,1008.31
1139,102.42,30.13,29.31,47.48,1008.31
1140,102.51,30.10,29.31,47.49,1008.30
1141,102.60,30.08,29.32,47.49,1008.30
1142,102.69,30.08,29.31,47.49,1008.29
1143,102.78,30.08,29.32,47.46,1008.29
1144,102.87,30.06,29.30,47.45,1008.29
1145,102.96,30.05,29.30,47.48,1008.29
1146,103.05,30.04,29.30,47.46,1008.28
1147,103.14,30.04,29.31,47.46,1008.28
1148,103.23,30.03,29.32,47.48,1008.27
1149,103.32,30.03,29.29,47.47,1008.26
1150,103.41,30.02,29.28,47.46,1008.26
1151,103.50,30.02,29.26,47.47,1008.25
1152,103.59,30.02,29.24,47.44,1008.25
1153,103.68,30.03,29.22,47.45,1008.24
1154,103.77,30.02,29.21,47.47,1008.24
1155,103.86,30.01,29.20,47.48,1008.24
1156,103.95,30.01,29.20,47.46,1008.23
1157,104.04,29.98,29.20,47.43,1008.23
1158,104.13,29.97,29.16,47.42,1008.21
1159,104.22,29.97,29.14,47.45,1008.21
1160,104.31,29.97,29.15,47.44,1008.21
1161,104.40,29.96,29.13,47.43,1008.22
1162,104.49,29.96,29.14,47.43,1008.22
1163,104.58,29.95,29.15,47.45,1008.22
1164,104.67,29.94,29.16,47.42,1008.21
1165,104.76,29.93,29.15,47.39,1008.23
1166,104.85,29.93,29.13,47.40,1008.25
1167,104.94,29.92,29.13,47.42,1008.25
1168,105.03,29.94,29.12,47.41,1008.25
1169,105.12,29.93,29.12,47.43,1008.25
1170,105.21,29.93,29.12,47.43,1008.25
1171,105.30,29.92,29.14,47.43,1008.25
1172,105.39,29.91,29.13,47.40,1008.26
1173,105.48,29.91,29.12,47.37,1008.25
1174,105.57,29.90,29.11,47.40,1008.27
1175,105.66,29.90,29.10,47.43,1008.28
1176,105.75,29.90,29.09,47.44,1008.29
1177,105.84,29.89,29.09,47.41,1008.29
1178,105.93,29.90,29.09,47.38,1008.28
1179,106.02,29.90,29.09,47.37,1008.27
1180,106.11,29.88,29.07,47.34,1008.28
1181,106.20,29.88,29.07,47.36,1008.27
1182,106.29,29.88,29.05,47.38,1008.27
1183,106.38,29.89,29.05,47.37,1008.28
1184,106.47,29.89,29.04,47.37,1008.28
1185,106.56,29.88,29.04,47.37,1008.28
1186,106.65,29.87,29.03,47.41,1008.29
1187,106.74,29.87,29.04,47.43,1008.29
1188,106.83,29.85,29.04,47.38,1008.29
1189,106.92,29.83,29.03,47.40,1008.30
1190,107.01,29.84,29.03,47.41,1008.30
1191,107.10,29.83,29.04,47.40,1008.30
1192,107.19,29.82,29.03,47.40,1008.30
1193,107.28,29.81,29.01,47.43,1008.31
1194,107.37,29.81,29.02,47.47,1008.31
1195,107.46,29.80,29.03,47.48,1008.31
1196,107.55,29.80,29.04,47.51,1008.32
1197,107.64,29.79,29.03,47.52,1008.31
1198,107.73,29.80,29.04,47.53,1008.32
1199,107.82,29.79,29.04,47.55,1008.32
1200,107.91,29.78,29.03,47.60,1008.32
1201,108.00,29.78,29.03,47.64,1008.31
1202,108.09,29.79,29.04,47.63,1008.31
1203,108.18,29.81,29.03,47.60,1008.32
1204,108.27,29.81,29.02,47.60,1008.32
1205,108.36,29.80,29.03,47.59,1008.33
1206,108.45,29.80,29.02,47.60,1008.34
1207,108.54,29.82,29.07,47.54,1008.33
1208,108.63,29.81,29.08,47.53,1008.32
1209,108.72,29.81,29.07,47.52,1008.34
1210,108.81,29.81,29.08,47.56,1008.34
1211,108.90,29.80,29.05,47.57,1008.35
1212,108.99,29.80,29.04,47.54,1008.34
1213,109.08,29.80,29.04,47.56,1008.35
1214,109.17,29.79,29.05,47.53,1008.36
1215,109.26,29.79,29.03,47.47,1008.37
1216,109.35,29.78,29.04,47.50,1008.35
1217,109.44,29.78,29.03,47.48,1008.34
1218,109.53,29.77,29.03,47.50,1008.34
1219,109.62,29.77,29.01,47.49,1008.33
1220,109.71,29.77,29.02,47.50,1008.32
1221,109.80,29.75,29.00,47.48,1008.33
1222,109.89,29.74,29.02,47.46,1008.32
1223,109.98,29.76,29.01,47.50,1008.32
1224,110.07,29.78,29.01,47.51,1008.32
1225,110.16,29.78,29.01,47.50,1008.32
1226,110.25,29.78,29.00,47.51,1008.32
1227,110.34,29.79,29.01,47.49,1008.31
1228,110.43,29.79,29.00,47.49,1008.31
1229,110.52,29.78,28.99,47.49,1008.29
1230,110.61,29.77,28.99,47.55,1008.29
1231,110.70,29.77,28.98,47.55,1008.29
1232,110.79,29.76,28.97,47.60,1008.28
1233,110.88,29.76,28.96,47.62,1008.28
1234,110.97,29.77,28.97,47.66,1008.29
1235,111.06,29.74,28.96,47.68,1008.28
1236,111.15,29.75,28.96,47.71,1008.27
1237,111.24,29.72,28.94,47.71,1008.28
1238,111.33,29.72,28.94,47.70,1008.28
1239,111.42,29.72,28.96,47.73,1008.28
1240,111.51,29.70,28.95,47.72,1008.27
1241,111.60,29.69,28.93,47.74,1008.26
1242,111.69,29.68,28.93,47.74,1008.26
1243,111.78,29.67,28.91,47.78,1008.24
1244,111.87,29.65,28.92,47.79,1008.23
1245,111.96,29.64,28.92,47.82,1008.24
1246,112.05,29.63,28.90,47.85,1008.24
1247,112.14,29.63,28.89,47.87,1008.24
1248,112.23,29.63,28.90,47.84,1008.24
1249,112.32,29.62,28.91,47.84,1008.23
1250,112.41,29.62,28.88,47.87,1008.24
1251,112.50,29.60,28.89,47.86,1008.24
1252,112.59,29.61,28.90,47.87,1008.25
1253,112.68,29.61,28.92,47.89,1008.24
1254,112.77,29.60,28.89,47.92,1008.24
1255,112.86,29.60,28.89,47.90,1008.22
1256,112.95,29.60,28.89,47.88,1008.23
1257,113.04,29.58,28.87,47.92,1008.23
1258,113.13,29.58,28.86,47.94,1008.24
1259,113.22,29.58,28.85,47.96,1008.24
1260,113.31,29.58,28.84,47.93,1008.26
1261,113.40,29.57,28.84,47.96,1008.26
1262,113.49,29.55,28.83,47.97,1008.27
1263,113.58,29.55,28.80,47.93,1008.29
1264,113.67,29.55,28.78,47.94,1008.30
1265,113.76,29.54,28.75,47.94,1008.31
1266,113.85,29.53,28.76,47.90,1008.32
1267,113.94,29.51,28.75,47.90,1008.32
1268,114.03,29.51,28.74,47.91,1008.32
1269,114.12,29.50,28.72,47.89,1008.33
1270,114.21,29.50,28.71,47.87,1008.33
1271,114.30,29.51,28.73,47.89,1008.32
1272,114.39,29.50,28.73,47.87,1008.32
1273,114.48,29.50,28.72,47.86,1008.33
1274,114.57,29.49,28.71,47.84,1008.34
1275,114.66,29.47,28.72,47.83,1008.36
1276,114.75,29.45,28.70,47.81,1008.36
1277,114.84,29.45,28.71,47.78,1008.36
1278,114.93,29.45,28.69,47.76,1008.36
1279,115.02,29.44,28.69,47.78,1008.38
1280,115.11,29.44,28.69,47.75,1008.38
1281,115.20,29.42,28.69,47.75,1008.38
1282,115.29,29.41,28.69,47.76,1008.40
1283,115.38,29.41,28.68,47.77,1008.39
1284,115.47,29.40,28.68,47.74,1008.40
1285,115.56,29.41,28.69,47.71,1008.40
1286,115.65,29.42,28.70,47.71,1008.41
1287,115.74,29.41,28.69,47.68,1008.40
1288,115.83,29.41,28.68,47.68,1008.42
1289,115.92,29.42,28.68,47.70,1008.41
1290,116.01,29.40,28.68,47.66,1008.41
1291,116.10,29.39,28.69,47.66,1008.41
1292,116.19,29.39,28.69,47.63,1008.40
1293,116.28,29.36,28.68,47.61,1008.40
1294,116.37,29.36,28.67,47.59,1008.38
1295,116.46,29.37,28.66,47.56,1008.37
1296,116.55,29.36,28.66,47.56,1008.37
1297,116.64,29.36,28.65,47.55,1008.36
1298,116.73,29.34,28.64,47.56,1008.35
1299,116.82,29.34,28.66,47.51,1008.35
1300,116.91,29.32,28.67,47.51,1008.33
1301,117.00,29.32,28.67,47.52,1008.33
1302,117.09,29.32,28.68,47.51,1008.32
1303,117.18,29.33,28.68,47.46,1008.31
1304,117.27,29.34,28.68,47.46,1008.32
1305,117.36,29.33,28.70,47.47,1008.32
1306,117.45,29.31,28.70,47.46,1008.32
1307,117.54,29.31,28.70,47.48,1008.32
1308,117.63,29.30,28.70,47.49,1008.29
1309,117.72,29.30,28.71,47.50,1008.29
1310,117.81,29.31,28.71,47.47,1008.28
1311,117.90,29.33,28.72,47.51,1008.27
1312,117.99,29.32,28.71,47.53,1008.26
1313,118.08,29.32,28.67,47.51,1008.27
1314,118.17,29.32,28.67,47.52,1008.28
1315,118.26,29.32,28.66,47.55,1008.28
1316,118.35,29.33,28.66,47.51,1008.28
1317,118.44,29.32,28.67,47.53,1008.27
1318,118.53,29.32,28.69,47.52,1008.28
1319,118.62,29.33,28.68,47.49,1008.26
1320,118.71,29.35,28.68,47.50,1008.26
1321,118.80,29.33,28.68,47.51,1008.27
1322,118.89,29.33,28.65,47.54,1008.29
1323,118.98,29.33,28.64,47.56,1008.28
1324,119.07,29.32,28.66,47.59,1008.27
1325,119.16,29.32,28.65,47.60,1008.27
1326,119.25,29.31,28.66,47.59,1008.26
1327,119.34,29.31,28.65,47.58,1008.26
1328,119.43,29.30,28.66,47.56,1008.26
1329,119.52,29.31,28.65,47.59,1008.26
1330,119.61,29.31,28.65,47.54,1008.26
1331,119.70,29.32,28.65,47.53,1008.24
1332,119.79,29.32,28.63,47.52,1008.23
1333,119.88,29.32,28.65,47.53,1008.23
1334,119.97,29.32,28.66,47.52,1008.24
1335,120.06,29.31,28.63,47.48,1008.26
1336,120.15,29.31,28.61,47.46,1008.26
1337,120.24,29.31,28.59,47.46,1008.28
1338,120.33,29.31,28.57,47.47,1008.29
1339,120.42,29.30,28.55,47.49,1008.29
1340,120.51,29.30,28.56,47.53,1008.30
1341,120.60,29.29,28.57,47.55,1008.30
1342,120.69,29.27,28.57,47.52,1008.30
1343,120.78,29.27,28.55,47.52,1008.31
1344,120.87,29.29,28.53,47.51,1008.30
1345,120.96,29.28,28.53,47.52,1008.30
1346,121.05,29.26,28.55,47.54,1008.29
1347,121.14,29.25,28.55,47.56,1008.30
1348,121.23,29.25,28.54,47.56,1008.30
1349,121.32,29.25,28.54,47.57,1008.31
1350,121.41,29.27,28.53,47.61,1008.33
1351,121.50,29.26,28.50,47.62,1008.36
1352,121.59,29.25,28.50,47.60,1008.37
1353,121.68,29.24,28.49,47.57,1008.37
1354,121.77,29.24,28.47,47.58,1008.37
1355,121.86,29.24,28.49,47.63,1008.37
1356,121.95,29.23,28.49,47.63,1008.38
1357,122.04,29.22,28.46,47.66,1008.37
1358,122.13,29.21,28.44,47.61,1008.38
1359,122.22,29.20,28.43,47.61,1008.39
1360,122.31,29.19,28.44,47.60,1008.39
1361,122.40,29.19,28.45,47.62,1008.40
1362,122.49,29.20,28.46,47.59,1008.40
1363,122.58,29.19,28.45,47.57,1008.40
1364,122.67,29.18,28.46,47.57,1008.39
1365,122.76,29.16,28.46,47.56,1008.40
1366,122.85,29.15,28.43,47.57,1008.40
1367,122.94,29.16,28.44,47.57,1008.40
1368,123.03,29.16,28.44,47.56,1008.40
1369,123.12,29.15,28.41,47.57,1008.39
1370,123.21,29.16,28.42,47.57,1008.37
1371,123.30,29.16,28.41,47.56,1008.36
1372,123.39,29.16,28.39,47.58,1008.37
1373,123.48,29.16,28.40,47.55,1008.37
1374,123.57,29.16,28.42,47.56,1008.37
1375,123.66,29.14,28.42,47.59,1008.36
1376,123.75,29.15,28.44,47.60,1008.36
1377,123.84,29.17,28.43,47.63,1008.34
1378,123.93,29.16,28.39,47.62,1008.35
1379,124.02,29.17,28.38,47.61,1008.33
1380,124.11,29.15,28.40,47.64,1008.33
1381,124.20,29.16,28.41,47.62,1008.32
1382,124.29,29.16,28.39,47.63,1008.30
1383,124.38,29.16,28.38,47.61,1008.30
1384,124.47,29.15,28.39,47.60,1008.30
1385,124.56,29.15,28.38,47.61,1008.29
1386,124.65,29.15,28.38,47.60,1008.31
1387,124.74,29.15,28.38,47.62,1008.29
1388,124.83,29.13,28.37,47.60,1008.29
1389,124.92,29.13,28.36,47.56,1008.29
1390,125.01,29.11,28.38,47.56,1008.28
1391,125.10,29.10,28.37,47.56,1008.28
1392,125.19,29.09,28.35,47.53,1008.28
1393,125.28,29.08,28.35,47.52,1008.28
1394,125.37,29.08,28.34,47.56,1008.27
1395,125.46,29.06,28.35,47.54,1008.27
1396,125.55,29.06,28.35,47.54,1008.28
1397,125.64,29.06,28.36,47.51,1008.27
1398,125.73,29.06,28.37,47.54,1008.27
1399,125.82,29.08,28.36,47.57,1008.27
1400,125.91,29.06,28.36,47.54,1008.27
1401,126.00,29.06,28.36,47.55,1008.26
1402,126.09,29.05,28.37,47.57,1008.25
1403,126.18,29.05,28.37,47.54,1008.25
1404,126.27,29.06,28.38,47.56,1008.24
1405,126.36,29.07,28.39,47.54,1008.25
1406,126.45,29.07,28.40,47.53,1008.25
1407,126.54,29.08,28.41,47.54,1008.26
1408,126.63,29.08,28.42,47.57,1008.26
1409,126.72,29.09,28.40,47.56,1008.27
1410,126.81,29.07,28.40,47.58,1008.27
1411,126.90,29.05,28.39,47.53,1008.27
1412,126.99,29.05,28.38,47.53,1008.27
1413,127.08,29.05,28.38,47.55,1008.27
1414,127.17,29.02,28.38,47.55,1008.26
1415,127.26,29.02,28.39,47.52,1008.26
1416,127.35,29.01,28.37,47.54,1008.27
1417,127.44,29.00,28.37,47.56,1008.27
1418,127.53,28.99,28.37,47.56,1008.27
1419,127.62,28.99,28.37,47.57,1008.27
1420,127.71,28.98,28.36,47.55,1008.29
1421,127.80,28.99,28.37,47.57,1008.28
1422,127.89,28.98,28.39,47.56,1008.28
1423,127.98,28.96,28.38,47.56,1008.27
1424,128.07,28.98,28.37,47.58,1008.27
1425,128.16,28.97,28.36,47.60,1008.27
1426,128.25,28.98,28.37,47.60,1008.28
1427,128.34,28.97,28.36,47.62,1008.27
1428,128.43,28.96,28.35,47.63,1008.27
1429,128.52,28.96,28.33,47.63,1008.27
1430,128.61,28.96,28.33,47.59,1008.28
1431,128.70,28.96,28.33,47.59,1008.30
1432,128.79,28.96,28.32,47.60,1008.31
1433,128.88,28.95,28.32,47.61,1008.31
1434,128.97,28.93,28.32,47.58,1008.31
1435,129.06,28.94,28.32,47.59,1008.31
1436,129.15,28.92,28.32,47.59,1008.32
1437,129.24,28.92,28.30,47.60,1008.32
1438,129.33,28.91,28.31,47.57,1008.32
1439,129.42,28.91,28.31,47.54,1008.32
1440,129.51,28.91,28.29,47.53,1008.31
1441,129.60,28.91,28.30,47.52,1008.32
1442,129.69,28.89,28.30,47.53,1008.32
1443,129.78,28.89,28.31,47.59,1008.32
1444,129.87,28.90,28.28,47.57,1008.31
1445,129.96,28.89,28.28,47.58,1008.32
1446,130.05,28.88,28.25,47.58,1008.31
1447,130.14,28.90,28.24,47.57,1008.31
1448,130.23,28.89,28.22,47.53,1008.31
1449,130.32,28.88,28.22,47.49,1008.30
1450,130.41,28.88,28.23,47.47,1008.31
1451,130.50,28.86,28.24,47.51,1008.31
1452,130.59,28.86,28.24,47.49,1008.31
1453,130.68,28.85,28.24,47.47,1008.32
1454,130.77,28.87,28.22,47.50,1008.33
1455,130.86,28.86,28.21,47.50,1008.32
1456,130.95,28.86,28.20,47.47,1008.32
1457,131.04,28.85,28.19,47.43,1008.31
1458,131.13,28.86,28.18,47.43,1008.31
1459,131.22,28.87,28.18,47.43,1008.30
1460,131.31,28.86,28.17,47.41,1008.31
1461,131.40,28.86,28.17,47.42,1008.31
1462,131.49,28.86,28.16,47.38,1008.31
1463,131.58,28.85,28.15,47.33,1008.32
1464,131.67,28.86,28.15,47.31,1008.32
1465,131.76,28.84,28.16,47.33,1008.33
1466,131.85,28.85,28.15,47.34,1008.32
1467,131.94,28.86,28.14,47.37,1008.31
1468,132.03,28.85,28.16,47.36,1008.29
1469,132.12,28.84,28.15,47.38,1008.27
1470,132.21,28.85,28.16,47.39,1008.28
1471,132.30,28.84,28.15,47.40,1008.26
1472,132.39,28.83,28.16,47.41,1008.26
1473,132.48,28.82,28.18,47.40,1008.26
1474,132.57,28.84,28.18,47.41,1008.25
1475,132.66,28.84,28.16,47.40,1008.27
1476,132.75,28.85,28.17,47.41,1008.27
1477,132.84,28.86,28.14,47.43,1008.27
1478,132.93,28.86,28.13,47.39,1008.27
1479,133.02,28.84,28.13,47.42,1008.26
1480,133.11,28.83,28.11,47.45,1008.24
1481,133.20,28.84,28.11,47.44,1008.24
1482,133.29,28.85,28.10,47.44,1008.23
1483,133.38,28.85,28.11,47.45,1008.23
1484,133.47,28.85,28.10,47.44,1008.22
1485,133.56,28.86,28.10,47.48,1008.22
1486,133.65,28.85,28.11,47.47,1008.22
1487,133.74,28.86,28.11,47.46,1008.22
1488,133.83,28.84,28.11,47.48,1008.23
1489,133.92,28.83,28.15,47.46,1008.22
1490,134.01,28.82,28.16,47.42,1008.22
1491,134.10,28.81,28.17,47.42,1008.23
1492,134.19,28.81,28.16,47.40,1008.22
1493,134.28,28.81,28.18,47.42,1008.23
1494,134.37,28.83,28.18,47.41,1008.23
1495,134.46,28.81,28.17,47.46,1008.22
1496,134.55,28.82,28.17,47.46,1008.23
1497,134.64,28.82,28.18,47.47,1008.23
1498,134.73,28.81,28.17,47.49,1008.22
1499,134.82,28.82,28.20,47.51,1008.23
1500,134.91,28.81,28.22,47.51,1008.23
1501,135.00,28.81,28.22,47.52,1008.24
1502,135.09,28.80,28.23,47.50,1008.25
1503,135.18,28.80,28.24,47.54,1008.25
1504,135.27,28.80,28.25,47.54,1008.24
1505,135.36,28.78,28.23,47.53,1008.25
1506,135.45,28.78,28.22,47.54,1008.25
1507,135.54,28.77,28.20,47.58,1008.25
1508,135.63,28.76,28.20,47.58,1008.25
1509,135.72,28.75,28.18,47.60,1008.27
1510,135.81,28.75,28.20,47.58,1008.27
1511,135.90,28.73,28.20,47.55,1008.27
1512,135.99,28.72,28.21,47.58,1008.27
1513,136.08,28.73,28.21,47.58,1008.29
1514,136.17,28.73,28.19,47.58,1008.28
1515,136.26,28.71,28.21,47.58,1008.30
1516,136.35,28.69,28.21,47.59,1008.31
1517,136.44,28.69,28.22,47.59,1008.31
1518,136.53,28.67,28.19,47.58,1008.32
1519,136.62,28.67,28.17,47.54,1008.32
1520,136.71,28.68,28.18,47.53,1008.33
1521,136.80,28.69,28.17,47.54,1008.33
1522,136.89,28.70,28.17,47.55,1008.35
1523,136.98,28.69,28.18,47.56,1008.35
1524,137.07,28.69,28.17,47.56,1008.36
1525,137.16,28.67,28.17,47.59,1008.37
1526,137.25,28.67,28.17,47.60,1008.37
1527,137.34,28.68,28.17,47.56,1008.36
1528,137.43,28.66,28.18,47.56,1008.35
1529,137.52,28.66,28.16,47.54,1008.35
1530,137.61,28.66,28.15,47.52,1008.35
1531,137.70,28.64,28.15,47.52,1008.34
1532,137.79,28.64,28.13,47.56,1008.34
1533,137.88,28.66,28.14,47.56,1008.34
1534,137.97,28.66,28.13,47.52,1008.33
1535,138.06,28.66,28.13,47.48,1008.34
1536,138.15,28.65,28.14,47.50,1008.34
1537,138.24,28.67,28.12,47.53,1008.34
1538,138.33,28.66,28.12,47.53,1008.33
1539,138.42,28.63,28.12,47.54,1008.34
1540,138.51,28.63,28.10,47.55,1008.33
1541,138.60,28.63,28.10,47.59,1008.32
1542,138.69,28.63,28.10,47.60,1008.31
1543,138.78,28.63,28.09,47.61,1008.32
1544,138.87,28.62,28.09,47.64,1008.32
1545,138.96,28.61,28.09,47.67,1008.31
1546,139.05,28.61,28.07,47.66,1008.32
1547,139.14,28.61,28.07,47.65,1008.31
1548,139.23,28.62,28.08,47.65,1008.30
1549,139.32,28.61,28.09,47.61,1008.31
1550,139.41,28.59,28.08,47.60,1008.30
1551,139.50,28.60,28.07,47.56,1008.28
1552,139.59,28.58,28.06,47.52,1008.28
1553,139.68,28.57,28.06,47.52,1008.28
1554,139.77,28.55,28.06,47.51,1008.29
1555,139.86,28.55,28.03,47.50,1008.27
1556,139.95,28.55,28.05,47.50,1008.26
1557,140.04,28.54,28.04,47.50,1008.26
1558,140.13,28.55,28.03,47.52,1008.27
1559,140.22,28.54,28.03,47.54,1008.26
1560,140.31,28.55,28.03,47.56,1008.26
1561,140.40,28.55,28.03,47.58,1008.26
1562,140.49,28.54,28.04,47.59,1008.26
1563,140.58,28.54,28.03,47.62,1008.26
1564,140.67,28.53,28.02,47.61,1008.25
1565,140.76,28.52,28.02,47.62,1008.27
1566,140.85,28.51,28.00,47.61,1008.24
1567,140.94,28.52,28.00,47.62,1008.26
1568,141.03,28.50,28.00,47.60,1008.25
1569,141.12,28.51,28.01,47.58,1008.24
1570,141.21,28.50,28.00,47.55,1008.26
1571,141.30,28.49,28.00,47.52,1008.24
1572,141.39,28.49,28.00,47.51,1008.25
1573,141.48,28.47,27.99,47.50,1008.25
1574,141.57,28.47,27.99,47.49,1008.24
1575,141.66,28.48,27.99,47.51,1008.24
1576,141.75,28.48,28.00,47.53,1008.25
1577,141.84,28.48,28.02,47.52,1008.25
1578,141.93,28.49,28.01,47.50,1008.26
1579,142.02,28.48,28.01,47.51,1008.28
1580,142.11,28.48,28.00,47.56,1008.28
1581,142.20,28.48,28.00,47.54,1008.28
1582,142.29,28.47,28.00,47.56,1008.28
1583,142.38,28.48,27.99,47.58,1008.28
1584,142.47,28.48,28.01,47.58,1008.28
1585,142.56,28.48,28.01,47.59,1008.29
1586,142.65,28.46,28.00,47.57,1008.29
1587,142.74,28.47,28.01,47.57,1008.30
1588,142.83,28.46,28.01,47.56,1008.31
1589,142.92,28.46,28.00,47.53,1008.31
1590,143.01,28.47,28.01,47.53,1008.32
1591,143.10,28.47,28.01,47.52,1008.31
1592,143.19,28.48,28.00,47.52,1008.30
1593,143.28,28.47,28.02,47.51,1008.31
1594,143.37,28.48,28.01,47.51,1008.33
1595,143.46,28.48,28.02,47.51,1008.33
1596,143.55,28.49,28.03,47.53,1008.33
1597,143.64,28.49,28.04,47.53,1008.33
1598,143.73,28.50,28.05,47.57,1008.33
1599,143.82,28.51,28.06,47.54,1008.33
1600,143.91,28.50,28.06,47.54,1008.34
1601,144.00,28.50,28.06,47.52,1008.35
1602,144.09,28.50,28.06,47.51,1008.36
1603,144.18,28.49,28.06,47.51,1008.36
1604,144.27,28.49,28.04,47.51,1008.37
1605,144.36,28.49,28.03,47.52,1008.37
1606,144.45,28.48,28.05,47.56,1008.37
1607,144.54,28.49,28.03,47.59,1008.39
1608,144.63,28.49,28.03,47.58,1008.38
1609,144.72,28.48,28.03,47.58,1008.38
1610,144.81,28.47,28.03,47.59,1008.37
1611,144.90,28.46,28.03,47.60,1008.38
1612,144.99,28.45,28.02,47.60,1008.38
1613,145.08,28.46,28.01,47.62,1008.37
1614,145.17,28.45,27.99,47.61,1008.37
1615,145.26,28.46,27.98,47.64,1008.37
1616,145.35,28.46,27.97,47.64,1008.38
1617,145.44,28.46,28.18,47.69,1008.37
1618,145.53,28.46,27.96,47.68,1008.37
1619,145.62,28.46,28.00,47.69,1008.35
1620,145.71,28.45,27.95,47.69,1008.35
1621,145.80,28.44,27.95,47.67,1008.35
1622,145.89,28.43,27.96,47.72,1008.35
1623,145.98,28.42,27.94,47.70,1008.35
1624,146.07,28.43,27.92,47.66,1008.34
1625,146.16,28.41,27.92,47.63,1008.35
1626,146.25,28.42,27.92,47.64,1008.34
1627,146.34,28.42,27.91,47.62,1008.34
1628,146.43,28.42,27.90,47.64,1008.34
1629,146.52,28.40,27.91,47.65,1008.33
1630,146.61,28.38,27.88,47.64,1008.31
1631,146.70,28.39,27.89,47.63,1008.31
1632,146.79,28.39,27.88,47.66,1008.29
1633,146.88,28.38,27.86,47.65,1008.28
1634,146.97,28.37,27.86,47.66,1008.28
1635,147.06,28.37,27.84,47.64,1008.29
1636,147.15,28.37,27.84,47.63,1008.27
1637,147.24,28.38,27.84,47.61,1008.27
1638,147.33,28.36,27.83,47.61,1008.27
1639,147.42,28.35,27.81,47.61,1008.26
1640,147.51,28.33,27.79,47.61,1008.26
1641,147.60,28.34,27.77,47.60,1008.27
1642,147.69,28.32,27.76,47.64,1008.26
1643,147.78,28.31,27.79,47.68,1008.26
1644,147.87,28.29,27.80,47.72,1008.27
1645,147.96,28.29,27.81,47.72,1008.28
1646,148.05,28.29,27.82,47.69,1008.27
1647,148.14,28.27,27.81,47.67,1008.28
1648,148.23,28.26,27.80,47.63,1008.28
1649,148.32,28.24,27.79,47.63,1008.28
1650,148.41,28.25,27.79,47.66,1008.28
1651,148.50,28.24,27.79,47.65,1008.28
1652,148.59,28.23,27.79,47.64,1008.28
1653,148.68,28.21,27.79,47.65,1008.28
1654,148.77,28.22,27.81,47.63,1008.29
1655,148.86,28.21,27.82,47.63,1008.29
1656,148.95,28.19,27.81,47.63,1008.30
1657,149.04,28.20,27.81,47.63,1008.31
1658,149.13,28.19,27.82,47.66,1008.30
1659,149.22,28.17,27.82,47.63,1008.30
1660,149.31,28.18,27.83,47.59,1008.30
1661,149.40,28.17,27.84,47.61,1008.31
1662,149.49,28.19,27.85,47.58,1008.30
1663,149.58,28.18,27.86,47.56,1008.30
1664,149.67,28.18,27.87,47.57,1008.31
1665,149.76,28.16,27.86,47.54,1008.32
1666,149.85,28.16,27.85,47.52,1008.31
1667,149.94,28.17,27.84,47.51,1008.32
1668,150.03,28.18,27.84,47.51,1008.34
1669,150.12,28.20,27.85,47.53,1008.33
1670,150.21,28.20,27.85,47.53,1008.33
1671,150.30,28.21,27.86,47.52,1008.34
1672,150.39,28.21,27.86,47.52,1008.33
1673,150.48,28.22,27.88,47.53,1008.34
1674,150.57,28.22,27.87,47.52,1008.32
1675,150.66,28.22,27.87,47.52,1008.31
1676,150.75,28.22,27.87,47.55,1008.31
1677,150.84,28.21,27.88,47.57,1008.32
1678,150.93,28.22,27.87,47.59,1008.33
1679,151.02,28.23,27.84,47.56,1008.34
1680,151.11,28.25,27.81,47.54,1008.35
1681,151.20,28.23,27.80,47.57,1008.35
1682,151.29,28.24,27.81,47.57,1008.35
1683,151.38,28.24,27.83,47.54,1008.35
1684,151.47,28.26,27.83,47.56,1008.35
1685,151.56,28.25,27.84,47.56,1008.35
1686,151.65,28.26,27.84,47.53,1008.34
1687,151.74,28.27,27.84,47.52,1008.36
1688,151.83,28.27,27.85,47.51,1008.37
1689,151.92,28.27,27.86,47.51,1008.39
1690,152.01,28.26,27.84,47.52,1008.39
1691,152.10,28.27,27.84,47.50,1008.39
1692,152.19,28.27,27.86,47.45,1008.39
1693,152.28,28.27,27.85,47.46,1008.40
1694,152.37,28.27,27.86,47.44,1008.40
1695,152.46,28.28,27.86,47.43,1008.41
1696,152.55,28.27,27.87,47.42,1008.41
1697,152.64,28.27,27.88,47.43,1008.40
1698,152.73,28.27,27.88,47.42,1008.41
1699,152.82,28.28,27.87,47.41,1008.41
1700,152.91,28.27,27.89,47.44,1008.42
1701,153.00,28.28,27.88,47.47,1008.40
1702,153.09,28.28,27.87,47.44,1008.39
1703,153.18,28.29,27.87,47.46,1008.39
1704,153.27,28.29,27.84,47.43,1008.39
1705,153.36,28.28,27.84,47.46,1008.37
1706,153.45,28.29,27.83,47.46,1008.35
1707,153.54,28.29,27.83,47.48,1008.36
1708,153.63,28.29,27.85,47.47,1008.37
1709,153.72,28.29,27.84,47.49,1008.36
1710,153.81,28.29,27.84,47.50,1008.37
1711,153.90,28.29,27.83,47.50,1008.37
1712,153.99,28.29,27.81,47.50,1008.35
1713,154.08,28.28,27.79,47.50,1008.35
1714,154.17,28.28,27.78,47.51,1008.35
1715,154.26,28.30,27.79,47.52,1008.35
1716,154.35,28.31,27.79,47.51,1008.35
1717,154.44,28.33,27.77,47.49,1008.34
1718,154.53,28.33,27.77,47.52,1008.34
1719,154.62,28.31,27.76,47.50,1008.33
1720,154.71,28.31,27.75,47.50,1008.32
1721,154.80,28.30,27.78,47.50,1008.31
1722,154.89,28.29,27.78,47.48,1008.30
1723,154.98,28.28,27.78,47.46,1008.28
1724,155.07,28.29,27.76,47.44,1008.28
1725,155.16,28.29,27.74,47.45,1008.28
1726,155.25,28.29,27.74,47.43,1008.28
1727,155.34,28.28,27.73,47.45,1008.27
1728,155.43,28.28,27.73,47.44,1008.25
1729,155.52,28.27,27.74,47.45,1008.25
1730,155.61,28.29,27.73,47.45,1008.24
1731,155.70,28.27,27.73,47.46,1008.24
1732,155.79,28.27,27.72,47.49,1008.24
1733,155.88,28.28,27.71,47.48,1008.26
1734,155.97,28.27,27.69,47.51,1008.26
1735,156.06,28.27,27.70,47.50,1008.26
1736,156.15,28.25,27.70,47.48,1008.26
1737,156.24,28.25,27.69,47.47,1008.27
1738,156.33,28.25,27.68,47.47,1008.27
1739,156.42,28.24,27.70,47.46,1008.27
1740,156.51,28.26,27.71,47.48,1008.27
1741,156.60,28.27,27.71,47.47,1008.26
1742,156.69,28.26,27.71,47.48,1008.27
1743,156.78,28.25,27.71,47.51,1008.27
1744,156.87,28.25,27.72,47.49,1008.27
1745,156.96,28.23,27.73,47.51,1008.26
1746,157.05,28.24,27.74,47.52,1008.26
1747,157.14,28.24,27.72,47.49,1008.28
1748,157.23,28.25,27.73,47.49,1008.27
1749,157.32,28.26,27.73,47.51,1008.26
1750,157.41,28.27,27.73,47.50,1008.26
1751,157.50,28.28,27.74,47.50,1008.27
1752,157.59,28.27,27.72,47.51,1008.27
1753,157.68,28.26,27.71,47.53,1008.26
1754,157.77,28.25,27.71,47.47,1008.27
1755,157.86,28.24,27.72,47.45,1008.27
1756,157.95,28.24,27.72,47.49,1008.28
1757,158.04,28.23,27.72,47.48,1008.28
1758,158.13,28.21,27.72,47.51,1008.29
1759,158.22,28.21,27.73,47.52,1008.30
1760,158.31,28.23,27.73,47.52,1008.31
1761,158.40,28.22,27.74,47.53,1008.28
1762,158.49,28.22,27.73,47.51,1008.29
1763,158.58,28.23,27.75,47.51,1008.30
1764,158.67,28.25,27.74,47.51,1008.30
1765,158.76,28.25,27.74,47.50,1008.32
1766,158.85,28.24,27.73,47.49,1008.32
1767,158.94,28.23,27.75,47.47,1008.32
1768,159.03,28.22,27.71,47.52,1008.32
1769,159.12,28.22,27.70,47.53,1008.33
1770,159.21,28.20,27.72,47.51,1008.34
1771,159.30,28.20,27.72,47.52,1008.32
1772,159.39,28.18,27.71,47.50,1008.31
1773,159.48,28.17,27.73,47.48,1008.31
1774,159.57,28.16,27.73,47.50,1008.30
1775,159.66,28.16,27.73,47.50,1008.31
1776,159.75,28.15,27.73,47.50,1008.32
1777,159.84,28.15,27.75,47.50,1008.32
1778,159.93,28.16,27.73,47.48,1008.32
1779,160.02,28.16,27.75,47.45,1008.33
1780,160.11,28.17,27.75,47.44,1008.33
1781,160.20,28.16,27.76,47.42,1008.33
1782,160.29,28.18,27.78,47.38,1008.33
1783,160.38,28.17,27.77,47.36,1008.33
1784,160.47,28.17,27.77,47.37,1008.34
1785,160.56,28.16,27.75,47.37,1008.34
1786,160.65,28.15,27.76,47.33,1008.33
1787,160.74,28.14,27.75,47.34,1008.34
1788,160.83,28.14,27.73,47.37,1008.35
1789,160.92,28.14,27.74,47.35,1008.34
1790,161.01,28.13,27.73,47.31,1008.34
1791,161.10,28.14,27.73,47.28,1008.33
1792,161.19,28.14,27.75,47.25,1008.32
1793,161.28,28.13,27.73,47.27,1008.33
1794,161.37,28.12,27.72,47.29,1008.32
1795,161.46,28.11,27.73,47.31,1008.33
1796,161.55,28.11,27.74,47.28,1008.31
1797,161.64,28.10,27.74,47.27,1008.30
1798,161.73,28.09,27.73,47.28,1008.31
1799,161.82,28.07,27.71,47.31,1008.31
1800,161.91,28.07,27.72,47.32,1008.31
1801,162.00,28.08,27.74,47.29,1008.30
1802,162.09,28.08,27.72,47.30,1008.30
1803,162.18,28.08,27.72,47.29,1008.31
1804,162.27,28.09,27.72,47.29,1008.30
1805,162.36,28.10,27.71,47.26,1008.29
1806,162.45,28.10,27.71,47.23,1008.27
1807,162.54,28.08,27.68,47.22,1008.27
1808,162.63,28.09,27.67,47.22,1008.26
1809,162.72,28.08,27.66,47.25,1008.26
1810,162.81,28.09,27.64,47.25,1008.25
1811,162.90,28.08,27.67,47.24,1008.24
1812,162.99,28.10,27.64,47.23,1008.25
1813,163.08,28.09,27.63,47.24,1008.25
1814,163.17,28.07,27.64,47.24,1008.25
1815,163.26,28.07,27.64,47.24,1008.24
1816,163.35,28.08,27.66,47.26,1008.24
1817,163.44,28.05,27.67,47.28,1008.23
1818,163.53,28.05,27.68,47.31,1008.23
1819,163.62,28.04,27.68,47.33,1008.22
1820,163.71,28.04,27.67,47.33,1008.24
1821,163.80,28.05,27.66,47.33,1008.23
1822,163.89,28.05,27.66,47.33,1008.23
1823,163.98,28.05,27.65,47.34,1008.23
1824,164.07,28.04,27.64,47.35,1008.24
1825,164.16,28.04,27.65,47.35,1008.22
1826,164.25,28.04,27.64,47.36,1008.23
1827,164.34,28.04,27.63,47.35,1008.23
1828,164.43,28.03,27.61,47.33,1008.24
1829,164.52,28.05,27.60,47.33,1008.24
1830,164.61,28.04,27.63,47.32,1008.25
1831,164.70,28.03,27.62,47.30,1008.26
1832,164.79,28.03,27.62,47.31,1008.25
1833,164.88,28.01,27.60,47.30,1008.25
1834,164.97,28.02,27.58,47.33,1008.26
1835,165.06,28.02,27.57,47.35,1008.26
1836,165.15,28.04,27.60,47.33,1008.26
1837,165.24,28.04,27.60,47.36,1008.25
1838,165.33,28.02,27.61,47.38,1008.27
1839,165.42,28.02,27.61,47.36,1008.29
1840,165.51,28.01,27.60,47.35,1008.29
1841,165.60,28.01,27.58,47.31,1008.29
1842,165.69,28.01,27.56,47.33,1008.29
1843,165.78,28.01,27.57,47.33,1008.29
1844,165.87,28.02,27.58,47.36,1008.28
1845,165.96,28.03,27.58,47.38,1008.28
1846,166.05,28.02,27.55,47.41,1008.29
1847,166.14,28.03,27.57,47.42,1008.28
1848,166.23,28.03,27.55,47.41,1008.30
1849,166.32,28.04,27.55,47.45,1008.30
1850,166.41,28.05,27.55,47.45,1008.30
1851,166.50,28.05,27.57,47.44,1008.31
1852,166.59,28.04,27.58,47.45,1008.32
1853,166.68,28.05,27.57,47.43,1008.31
1854,166.77,28.04,27.58,47.46,1008.32
1855,166.86,28.02,27.58,47.44,1008.31
1856,166.95,28.03,27.58,47.43,1008.32
1857,167.04,28.04,27.59,47.39,1008.33
1858,167.13,28.05,27.60,47.38,1008.34
1859,167.22,28.04,27.60,47.37,1008.36
1860,167.31,28.03,27.60,47.35,1008.35
1861,167.40,28.05,27.61,47.37,1008.36
1862,167.49,28.04,27.60,47.35,1008.36
1863,167.58,28.05,27.61,47.37,1008.36
1864,167.67,28.03,27.61,47.37,1008.36
1865,167.76,28.03,27.60,47.33,1008.36
1866,167.85,28.04,27.62,47.34,1008.36
1867,167.94,28.03,27.63,47.34,1008.37
1868,168.03,28.04,27.64,47.33,1008.36
1869,168.12,28.04,27.64,47.36,1008.35
1870,168.21,28.03,27.63,47.35,1008.34
1871,168.30,28.04,27.63,47.33,1008.33
1872,168.39,28.04,27.61,47.31,1008.32
1873,168.48,28.04,27.61,47.29,1008.30
1874,168.57,28.03,27.61,48.05,1008.31
1875,168.66,28.02,27.61,47.28,1008.31
1876,168.75,28.02,27.62,47.26,1008.30
1877,168.84,28.02,27.63,47.22,1008.30
1878,168.93,28.00,27.64,47.24,1008.30
1879,169.02,28.01,27.64,47.22,1008.30
1880,169.11,28.00,27.64,47.30,1008.29
1881,169.20,28.00,27.66,47.27,1008.29
1882,169.29,28.00,27.67,47.32,1008.29
1883,169.38,28.00,27.66,47.30,1008.29
1884,169.47,27.99,27.64,47.31,1008.31
1885,169.56,27.99,27.64,47.30,1008.30
1886,169.65,27.98,27.63,47.30,1008.28
1887,169.74,27.96,27.63,47.30,1008.26
1888,169.83,27.96,27.63,47.29,1008.26
1889,169.92,27.97,27.65,47.28,1008.26
1890,170.01,27.98,27.67,47.28,1008.26
1891,170.10,27.98,27.65,47.29,1008.25
1892,170.19,27.97,27.64,47.28,1008.26
1893,170.28,27.99,27.64,47.28,1008.25
1894,170.37,27.98,27.64,47.27,1008.24
1895,170.46,27.97,27.64,47.26,1008.23
1896,170.55,27.97,27.60,47.24,1008.22
1897,170.64,27.98,27.61,47.21,1008.23
1898,170.73,27.97,27.61,47.18,1008.22
1899,170.82,27.97,27.57,47.20,1008.22
1900,170.91,27.97,27.56,47.23,1008.23
1901,171.00,27.97,27.57,47.19,1008.23
1902,171.09,27.98,27.56,47.18,1008.24
1903,171.18,27.99,27.55,47.22,1008.23
1904,171.27,28.00,27.55,47.22,1008.23
1905,171.36,28.00,27.55,47.22,1008.24
1906,171.45,27.99,27.53,47.21,1008.24
1907,171.54,27.99,27.52,47.23,1008.24
1908,171.63,27.98,27.51,47.25,1008.23
1909,171.72,27.98,27.51,47.22,1008.24
1910,171.81,27.98,27.49,47.20,1008.24
1911,171.90,27.98,27.49,47.19,1008.26
1912,171.99,28.00,27.47,47.18,1008.25
1913,172.08,28.01,27.47,47.21,1008.25
1914,172.17,28.00,27.44,47.22,1008.26
1915,172.26,27.99,27.42,47.21,1008.28
1916,172.35,28.00,27.41,47.22,1008.28
1917,172.44,27.99,27.39,47.17,1008.30
1918,172.53,27.97,27.40,47.16,1008.31
1919,172.62,27.97,27.37,47.16,1008.31
1920,172.71,27.96,27.36,47.16,1008.31
1921,172.80,27.95,27.35,47.16,1008.32
1922,172.89,27.94,27.37,47.16,1008.33
1923,172.98,27.94,27.37,47.18,1008.33
1924,173.07,27.93,27.37,47.16,1008.35
1925,173.16,27.93,27.34,47.15,1008.34
1926,173.25,27.94,27.33,47.18,1008.36
1927,173.34,27.94,27.33,47.18,1008.37
1928,173.43,27.95,27.33,47.18,1008.36
1929,173.52,27.96,27.31,47.18,1008.36
1930,173.61,27.94,27.31,47.17,1008.37
1931,173.70,27.93,27.30,47.18,1008.36
1932,173.79,27.94,27.29,47.17,1008.36
1933,173.88,27.93,27.29,47.19,1008.36
1934,173.97,27.93,27.29,47.18,1008.37
1935,174.06,27.93,27.26,47.15,1008.37
1936,174.15,27.93,27.28,47.16,1008.38
1937,174.24,27.92,27.30,47.14,1008.38
1938,174.33,27.92,27.31,47.12,1008.39
1939,174.42,27.92,27.33,47.08,1008.39
1940,174.51,27.92,27.33,47.04,1008.38
1941,174.60,27.92,27.33,47.04,1008.37
1942,174.69,27.92,27.36,47.02,1008.37
1943,174.78,27.92,27.38,47.01,1008.36
1944,174.87,27.94,27.36,47.02,1008.36
1945,174.96,27.92,27.36,46.98,1008.36
1946,175.05,27.91,27.36,46.97,1008.36
1947,175.14,27.92,27.37,46.98,1008.38
1948,175.23,27.92,27.38,46.97,1008.38
1949,175.32,27.91,27.37,46.99,1008.39
1950,175.41,27.90,27.38,47.00,1008.37
1951,175.50,27.89,27.41,46.97,1008.37
1952,175.59,27.89,27.41,46.98,1008.36
1953,175.68,27.89,27.41,46.98,1008.36
1954,175.77,27.88,27.42,46.99,1008.36
1955,175.86,27.88,27.44,46.98,1008.35
1956,175.95,27.88,27.49,46.99,1008.35
1957,176.04,27.87,27.51,46.98,1008.35
1958,176.13,27.88,27.50,46.99,1008.35
1959,176.22,27.88,27.51,46.97,1008.35
1960,176.31,27.88,27.53,46.95,1008.35
1961,176.40,27.89,27.53,46.98,1008.35
1962,176.49,27.89,27.55,47.00,1008.35
1963,176.58,27.87,27.55,47.01,1008.33
1964,176.67,27.88,27.56,47.03,1008.32
1965,176.76,27.87,27.55,47.03,1008.31
1966,176.85,27.87,27.55,47.04,1008.32
1967,176.94,27.87,27.55,47.05,1008.32
1968,177.03,27.86,27.56,47.05,1008.30
1969,177.12,27.85,27.54,47.03,1008.31
1970,177.21,27.86,27.56,47.03,1008.31
1971,177.30,27.86,27.55,47.02,1008.30
1972,177.39,27.87,27.56,47.02,1008.29
1973,177.48,27.87,27.55,47.01,1008.29
1974,177.57,27.87,27.54,47.06,1008.29
1975,177.66,27.89,27.54,47.05,1008.29
1976,177.75,27.89,27.53,47.09,1008.30
1977,177.84,27.88,27.53,47.09,1008.30
1978,177.93,27.90,27.53,47.07,1008.29
1979,178.02,27.92,27.52,47.04,1008.29
1980,178.11,27.90,27.52,47.04,1008.30
1981,178.20,27.88,27.53,47.05,1008.30
1982,178.29,27.87,27.52,47.07,1008.29
1983,178.38,27.87,27.52,47.06,1008.30
1984,178.47,27.88,27.51,47.06,1008.31
1985,178.56,27.87,27.52,47.05,1008.31
1986,178.65,27.87,27.52,47.05,1008.32
1987,178.74,27.86,27.50,47.06,1008.31
1988,178.83,27.88,27.50,47.08,1008.30
1989,178.92,27.87,27.50,47.09,1008.29
1990,179.01,27.85,27.51,47.07,1008.30
1991,179.10,27.86,27.51,47.09,1008.30
1992,179.19,27.87,27.51,47.11,1008.30
1993,179.28,27.86,27.51,47.10,1008.28
1994,179.37,27.86,27.51,47.10,1008.27
1995,179.46,27.86,27.52,47.07,1008.27
1996,179.55,27.86,27.51,47.08,1008.27
1997,179.64,27.86,27.52,47.06,1008.29
1998,179.73,27.87,27.54,47.07,1008.29
1999,179.82,27.87,27.53,47.11,1008.31
2000,179.91,27.87,27.51,47.08,1008.32
2001,180.00,27.87,27.52,47.09,1008.33
2002,180.09,27.87,27.51,47.01,1008.33
2003,180.18,27.86,27.48,47.00,1008.34
2004,180.27,27.85,27.49,47.00,1008.35
2005,180.36,27.85,27.50,47.02,1008.33
2006,180.45,27.84,27.50,46.97,1008.35
2007,180.54,27.84,27.52,47.03,1008.35
2008,180.63,27.84,27.53,47.02,1008.35
2009,180.72,27.82,27.53,47.05,1008.35
2010,180.81,27.83,27.52,47.03,1008.34
2011,180.90,27.86,27.49,47.04,1008.33
2012,180.99,27.86,27.49,47.04,1008.34
2013,181.08,27.86,27.48,47.01,1008.34
2014,181.17,27.86,27.48,47.02,1008.35
2015,181.26,27.84,27.50,46.97,1008.35
2016,181.35,27.86,27.49,46.99,1008.33
2017,181.44,27.83,27.49,46.97,1008.33
2018,181.53,27.82,27.47,46.97,1008.34
2019,181.62,27.82,27.46,46.96,1008.34
2020,181.71,27.82,27.45,46.94,1008.35
2021,181.80,27.84,27.45,46.92,1008.35
2022,181.89,27.83,27.47,46.90,1008.36
2023,181.98,27.84,27.45,46.88,1008.37
2024,182.07,27.85,27.46,46.87,1008.36
2025,182.16,27.86,27.48,46.86,1008.35
2026,182.25,27.86,27.45,46.87,1008.36
2027,182.34,27.86,27.45,46.87,1008.35
2028,182.43,27.85,27.47,46.86,1008.36
2029,182.52,27.84,27.47,46.91,1008.38
2030,182.61,27.84,27.48,46.94,1008.39
2031,182.70,27.83,27.47,46.96,1008.38
2032,182.79,27.83,27.46,46.94,1008.38
2033,182.88,27.82,27.45,46.91,1008.38
2034,182.97,27.83,27.45,46.92,1008.37
2035,183.06,27.82,27.46,46.89,1008.37
2036,183.15,27.82,27.44,46.93,1008.36
2037,183.24,28.11,27.44,46.94,1008.36
2038,183.33,27.84,27.42,46.95,1008.36
2039,183.42,27.85,27.41,46.97,1008.36
2040,183.51,27.84,27.41,47.00,1008.35
2041,183.60,27.84,27.41,46.99,1008.35
2042,183.69,27.85,27.38,46.97,1008.35
2043,183.78,27.84,27.38,46.96,1008.34
2044,183.87,27.83,27.37,46.95,1008.34
2045,183.96,27.83,27.39,46.96,1008.35
2046,184.05,27.84,27.38,46.99,1008.33
2047,184.14,27.83,27.40,47.01,1008.32
2048,184.23,27.83,27.41,46.98,1008.31
2049,184.32,27.82,27.42,46.95,1008.29
2050,184.41,27.81,27.43,46.94,1008.30
2051,184.50,27.82,27.45,46.94,1008.30
2052,184.59,27.82,27.46,46.95,1008.30
2053,184.68,27.82,27.48,46.96,1008.30
2054,184.77,27.82,27.46,46.98,1008.30
2055,184.86,27.81,27.45,46.97,1008.31
2056,184.95,27.81,27.44,47.01,1008.30
2057,185.04,27.80,27.46,47.04,1008.29
2058,185.13,27.79,27.46,47.02,1008.27
2059,185.22,27.79,27.43,47.00,1008.28
2060,185.31,27.79,27.41,46.98,1008.29
2061,185.40,27.78,27.44,46.98,1008.27
2062,185.49,27.78,27.45,46.98,1008.27
2063,185.58,27.79,27.44,46.95,1008.27
2064,185.67,27.77,27.44,46.95,1008.26
2065,185.76,27.77,27.45,46.97,1008.28
2066,185.85,27.77,27.44,46.96,1008.26
2067,185.94,27.76,27.42,47.00,1008.28
2068,186.03,27.75,27.43,47.00,1008.26
2069,186.12,27.75,27.43,46.99,1008.25
2070,186.21,27.73,27.42,46.99,1008.25
2071,186.30,27.74,27.42,46.98,1008.25
2072,186.39,27.75,27.41,46.98,1008.26
2073,186.48,27.75,27.42,46.98,1008.26
2074,186.57,27.75,27.41,46.99,1008.27
2075,186.66,27.74,27.43,47.00,1008.27
2076,186.75,27.73,27.40,47.00,1008.28
2077,186.84,27.72,27.41,47.04,1008.28
2078,186.93,27.73,27.42,47.04,1008.28
2079,187.02,27.74,27.43,47.05,1008.27
2080,187.11,27.75,27.43,47.03,1008.25
2081,187.20,27.75,27.17,47.02,1008.27
2082,187.29,27.75,27.44,47.01,1008.28
2083,187.38,27.75,27.43,47.00,1008.28
2084,187.47,27.76,27.48,46.98,1008.28
2085,187.56,27.76,27.48,46.96,1008.29
2086,187.65,27.75,27.49,46.94,1008.28
2087,187.74,27.75,27.48,46.92,1008.28
2088,187.83,27.74,27.48,46.94,1008.27
2089,187.92,27.72,27.47,46.94,1008.28
2090,188.01,27.72,27.46,46.94,1008.29
2091,188.10,27.72,27.46,46.92,1008.29
2092,188.19,27.72,27.45,46.92,1008.30
2093,188.28,27.72,27.45,46.93,1008.31
2094,188.37,27.72,27.45,46.94,1008.33
2095,188.46,27.73,27.44,46.96,1008.33
2096,188.55,27.72,27.44,46.98,1008.33
2097,188.64,27.72,27.43,46.96,1008.33
2098,188.73,27.72,27.42,46.93,1008.33
2099,188.82,27.73,27.40,46.93,1008.33
2100,188.91,27.71,27.39,46.95,1008.33
2101,189.00,27.71,27.38,46.95,1008.34
2102,189.09,27.70,27.37,46.95,1008.33
2103,189.18,27.71,27.36,46.94,1008.33
2104,189.27,27.72,27.36,46.92,1008.34
2105,189.36,27.72,27.36,46.90,1008.34
2106,189.45,27.72,27.36,46.89,1008.37
2107,189.54,27.72,27.37,46.88,1008.37
2108,189.63,27.73,27.36,46.89,1008.36
2109,189.72,27.72,27.35,46.86,1008.37
2110,189.81,27.71,27.33,46.87,1008.38
2111,189.90,27.72,27.33,46.90,1008.37
2112,189.99,27.73,27.33,46.89,1008.35
2113,190.08,27.73,27.32,46.89,1008.35
2114,190.17,27.73,27.30,46.85,1008.36
2115,190.26,27.72,27.31,46.85,1008.38
2116,190.35,27.73,27.30,46.85,1008.38
2117,190.44,27.71,27.30,46.84,1008.38
2118,190.53,27.70,27.29,46.84,1008.37
2119,190.62,27.73,27.29,46.84,1008.36
2120,190.71,27.70,27.29,46.84,1008.35
2121,190.80,27.72,27.29,46.86,1008.34
2122,190.89,27.71,27.31,46.86,1008.33
2123,190.98,27.72,27.30,46.86,1008.35
2124,191.07,27.71,27.31,46.86,1008.34
2125,191.16,27.71,27.33,46.90,1008.33
2126,191.25,27.71,27.32,46.89,1008.33
2127,191.34,27.70,27.32,46.91,1008.32
2128,191.43,27.71,27.31,46.90,1008.31
2129,191.52,27.72,27.29,46.90,1008.31
2130,191.61,27.70,27.29,46.87,1008.31
2131,191.70,27.69,27.31,46.84,1008.29
2132,191.79,27.70,27.33,46.84,1008.29
2133,191.88,27.69,27.34,46.84,1008.28
2134,191.97,27.69,27.38,46.84,1008.28
2135,192.06,27.69,27.38,46.82,1008.27
2136,192.15,27.70,27.37,46.85,1008.27
2137,192.24,27.70,27.38,46.85,1008.26
2138,192.33,27.70,27.37,46.87,1008.26
2139,192.42,27.71,27.33,46.89,1008.27
2140,192.51,27.71,27.32,46.84,1008.26
2141,192.60,27.72,27.34,46.83,1008.26
2142,192.69,27.74,27.37,46.85,1008.24
2143,192.78,27.73,27.38,46.84,1008.24
2144,192.87,27.73,27.38,46.86,1008.22
2145,192.96,27.73,27.39,46.91,1008.21
2146,193.05,27.72,27.42,46.92,1008.20
2147,193.14,27.73,27.42,46.93,1008.22
2148,193.23,27.74,27.43,46.90,1008.23
2149,193.32,27.74,27.42,46.91,1008.24
2150,193.41,27.91,27.41,46.91,1008.23
2151,193.50,27.75,27.40,46.93,1008.24
2152,193.59,27.74,27.40,46.92,1008.24
2153,193.68,27.74,27.39,46.89,1008.24
2154,193.77,27.74,27.40,46.88,1008.24
2155,193.86,27.74,27.40,46.88,1008.24
2156,193.95,27.72,27.40,46.92,1008.23
2157,194.04,27.70,27.40,46.92,1008.22
2158,194.13,27.71,27.39,46.89,1008.24
2159,194.22,27.71,27.38,46.89,1008.24
2160,194.31,27.71,27.40,46.85,1008.25
2161,194.40,27.72,27.39,46.85,1008.25
2162,194.49,27.72,27.39,46.88,1008.26
2163,194.58,27.72,27.39,46.91,1008.26
2164,194.67,27.71,27.40,46.92,1008.26
2165,194.76,27.70,27.39,46.92,1008.26
2166,194.85,27.71,27.39,46.90,1008.26
2167,194.94,27.71,27.40,46.91,1008.27
2168,195.03,27.71,27.39,46.89,1008.28
2169,195.12,27.72,27.36,46.90,1008.28
2170,195.21,27.70,27.37,46.88,1008.29
2171,195.30,27.70,27.37,46.86,1008.29
2172,195.39,27.71,27.37,46.87,1008.31
2173,195.48,27.70,27.37,46.85,1008.30
2174,195.57,27.69,27.38,46.81,1008.29
2175,195.66,27.71,27.38,46.84,1008.29
2176,195.75,27.72,27.37,46.85,1008.30
2177,195.84,27.70,27.36,46.77,1008.30
2178,195.93,27.71,27.36,46.75,1008.31
2179,196.02,27.72,27.33,46.71,1008.31
2180,196.11,27.72,27.32,46.73,1008.32
2181,196.20,27.72,27.31,46.74,1008.33
2182,196.29,27.71,27.31,46.72,1008.33
2183,196.38,27.71,27.30,46.72,1008.35
2184,196.47,27.72,27.32,46.73,1008.35
2185,196.56,27.72,27.32,46.75,1008.35
2186,196.65,27.72,27.33,46.78,1008.35
2187,196.74,27.72,27.32,46.80,1008.34
2188,196.83,27.70,27.34,46.83,1008.34
2189,196.92,27.69,27.36,46.79,1008.34
2190,197.01,27.69,27.36,46.78,1008.35
2191,197.10,27.70,27.36,46.75,1008.34
2192,197.19,27.69,27.35,46.72,1008.34
2193,197.28,27.71,27.34,46.77,1008.34
2194,197.37,27.71,27.35,46.77,1008.34
2195,197.46,27.70,27.34,46.75,1008.33
2196,197.55,27.69,27.35,46.69,1008.33
2197,197.64,27.69,27.34,46.69,1008.34
2198,197.73,27.70,27.35,46.65,1008.34
2199,197.82,27.69,27.33,46.64,1008.35
2200,197.91,27.69,27.34,46.63,1008.36
2201,198.00,27.67,27.33,46.65,1008.36
2202,198.09,27.66,27.32,46.61,1008.36
2203,198.18,27.65,27.30,46.59,1008.35
2204,198.27,27.64,27.31,46.63,1008.32
2205,198.36,27.64,27.31,46.61,1008.33
2206,198.45,27.64,27.30,46.60,1008.33
2207,198.54,27.64,27.30,46.62,1008.32
2208,198.63,27.64,27.32,46.61,1008.32
2209,198.72,27.64,27.32,46.62,1008.31
2210,198.81,27.64,27.29,46.60,1008.32
2211,198.90,27.64,27.27,46.60,1008.31
2212,198.99,27.64,27.27,46.59,1008.31
2213,199.08,27.64,27.25,46.57,1008.30
2214,199.17,27.64,27.25,46.58,1008.30
2215,199.26,27.64,27.26,46.56,1008.30
2216,199.35,27.64,27.26,46.59,1008.29
2217,199.44,27.64,27.24,46.59,1008.29
2218,199.53,27.64,27.24,46.64,1008.29
2219,199.62,27.64,27.22,46.63,1008.29
2220,199.71,27.64,27.23,46.65,1008.29
2221,199.80,27.64,27.23,46.68,1008.29
2222,199.89,27.64,27.23,46.64,1008.29
2223,199.98,27.64,27.24,46.66,1008.27
2224,200.07,27.64,27.24,46.67,1008.28
2225,200.16,27.64,27.25,46.68,1008.27
2226,200.25,27.64,27.26,46.70,1008.27
2227,200.34,27.64,27.26,46.71,1008.27
2228,200.43,27.64,27.25,46.72,1008.26
2229,200.52,27.64,27.24,46.69,1008.27
2230,200.61,27.64,27.24,46.66,1008.27
2231,200.70,27.64,27.25,46.67,1008.27
2232,200.79,27.64,27.27,46.69,1008.26
2233,200.88,27.64,27.27,46.67,1008.26
2234,200.97,27.64,27.27,46.68,1008.27
2235,201.06,27.64,27.27,46.70,1008.26
2236,201.15,27.64,27.31,46.69,1008.24
2237,201.24,27.65,27.30,46.71,1008.26
2238,201.33,27.66,27.29,46.71,1008.27
2239,201.42,27.66,27.27,46.71,1008.28
2240,201.51,27.67,27.31,46.73,1008.28
2241,201.60,27.71,27.31,46.72,1008.28
2242,201.69,27.73,27.32,46.74,1008.29
2243,201.78,27.74,27.32,46.68,1008.29
2244,201.87,27.75,27.32,46.66,1008.29
2245,201.96,27.75,27.31,46.64,1008.28
2246,202.05,27.74,27.32,46.64,1008.29
2247,202.14,27.73,27.31,46.62,1008.30
2248,202.23,27.72,27.32,46.68,1008.30
2249,202.32,27.69,27.32,46.67,1008.31
2250,202.41,27.68,27.30,46.65,1008.31
2251,202.50,27.65,27.32,46.68,1008.32
2252,202.59,27.64,27.33,46.69,1008.33
2253,202.68,27.64,27.32,46.70,1008.33
2254,202.77,27.64,27.32,46.65,1008.34
2255,202.86,27.64,27.29,46.67,1008.34
2256,202.95,27.64,27.28,46.66,1008.35
2257,203.04,27.64,27.29,46.69,1008.35
2258,203.13,27.64,27.29,46.70,1008.36
2259,203.22,27.64,27.29,46.76,1008.37
2260,203.31,27.64,27.30,46.74,1008.37
2261,203.40,27.64,27.29,46.73,1008.38
2262,203.49,27.64,27.28,46.74,1008.39
2263,203.58,27.64,27.30,46.73,1008.40
2264,203.67,27.64,27.30,46.75,1008.41
2265,203.76,27.64,27.30,46.77,1008.41
2266,203.85,27.64,27.28,46.79,1008.40
2267,203.94,27.64,27.27,46.78,1008.41
2268,204.03,27.64,27.28,46.74,1008.40
2269,204.12,27.64,27.28,46.72,1008.40
2270,204.21,27.64,27.27,46.71,1008.40
2271,204.30,27.64,27.28,46.73,1008.39
2272,204.39,27.64,27.30,46.73,1008.40
2273,204.48,27.64,27.31,46.71,1008.40
2274,204.57,27.64,27.32,46.75,1008.39
2275,204.66,27.64,27.31,46.73,1008.38
2276,204.75,27.66,27.32,46.72,1008.38
2277,204.84,27.66,27.33,46.71,1008.37
2278,204.93,27.66,27.33,46.70,1008.36
2279,205.02,27.66,27.31,46.70,1008.36
2280,205.11,27.65,27.30,46.66,1008.36
2281,205.20,27.64,27.28,46.69,1008.36
2282,205.29,27.64,27.28,46.71,1008.36
2283,205.38,27.64,27.27,46.72,1008.37
2284,205.47,27.64,27.28,46.25,1008.36
2285,205.56,27.64,27.27,46.68,1008.35
2286,205.65,27.64,27.27,46.68,1008.34
2287,205.74,27.64,27.27,46.69,1008.35
2288,205.83,27.64,27.25,46.65,1008.35
2289,205.92,27.64,27.25,46.65,1008.35
2290,206.01,27.65,27.27,46.68,1008.34
2291,206.10,27.64,27.27,46.71,1008.32
2292,206.19,27.64,27.27,46.70,1008.33
2293,206.28,27.64,27.26,46.70,1008.32
2294,206.37,27.64,27.24,46.70,1008.31
2295,206.46,27.65,27.23,46.72,1008.31
2296,206.55,27.64,27.23,46.69,1008.32
2297,206.64,27.65,27.25,46.71,1008.32
2298,206.73,27.64,27.25,46.73,1008.31
2299,206.82,27.64,27.23,46.74,1008.32
2300,206.91,27.64,27.22,46.71,1008.32
2301,207.00,27.64,27.20,46.69,1008.31
2302,207.09,27.64,27.20,46.70,1008.32
2303,207.18,27.64,27.21,46.71,1008.31
2304,207.27,27.64,27.19,46.71,1008.31
2305,207.36,27.64,27.18,46.74,1008.30
2306,207.45,27.64,27.18,46.79,1008.29
2307,207.54,27.64,27.21,46.79,1008.28
2308,207.63,27.65,27.20,46.79,1008.28
2309,207.72,27.64,27.20,46.77,1008.28
2310,207.81,27.65,27.21,46.75,1008.28
2311,207.90,27.64,27.22,46.73,1008.28
2312,207.99,27.64,27.21,46.74,1008.28
2313,208.08,27.64,27.22,46.74,1008.28
2314,208.17,27.64,27.20,46.78,1008.27
2315,208.26,27.64,27.22,46.74,1008.26
2316,208.35,27.64,27.22,46.74,1008.25
2317,208.44,27.64,27.22,46.74,1008.25
2318,208.53,27.64,27.22,46.75,1008.26
2319,208.62,27.64,27.21,46.73,1008.27
2320,208.71,27.64,27.22,46.72,1008.27
2321,208.80,27.64,27.22,46.72,1008.26
2322,208.89,27.64,27.23,46.66,1008.26
2323,208.98,27.64,27.22,46.66,1008.26
2324,209.07,27.64,27.22,46.67,1008.26
2325,209.16,27.64,27.21,46.68,1008.27
2326,209.25,27.64,27.22,46.68,1008.27
2327,209.34,27.64,27.24,46.68,1008.28
2328,209.43,27.64,27.25,46.72,1008.28
2329,209.52,27.64,27.26,46.74,1008.29
2330,209.61,27.64,27.25,46.72,1008.30
2331,209.70,27.64,27.25,46.75,1008.31
2332,209.79,27.64,27.26,46.76,1008.31
2333,209.88,27.64,27.26,46.75,1008.32
2334,209.97,27.64,27.28,46.77,1008.32
2335,210.06,27.64,27.31,46.72,1008.32
2336,210.15,27.64,27.31,46.70,1008.33
2337,210.24,27.64,27.32,46.68,1008.33
2338,210.33,27.64,27.32,46.72,1008.35
2339,210.42,27.64,27.32,46.69,1008.35
2340,210.51,27.64,27.32,46.66,1008.34
2341,210.60,27.64,27.33,46.67,1008.34
2342,210.69,27.64,27.32,46.67,1008.34
2343,210.78,27.64,27.31,46.66,1008.35
2344,210.87,27.65,27.33,46.67,1008.37
2345,210.96,27.65,27.32,46.68,1008.36
2346,211.05,27.65,27.32,46.69,1008.37
2347,211.14,27.65,27.32,46.70,1008.36
2348,211.23,27.65,27.33,46.71,1008.36
2349,211.32,27.65,27.31,46.72,1008.35
2350,211.41,27.65,27.30,46.72,1008.34
2351,211.50,27.65,27.28,46.70,1008.34
2352,211.59,27.65,27.29,46.69,1008.33
2353,211.68,27.65,27.29,46.69,1008.35
2354,211.77,27.65,27.29,46.69,1008.34
2355,211.86,27.65,27.28,46.71,1008.35
2356,211.95,27.65,27.29,46.73,1008.35
2357,212.04,27.65,27.27,46.73,1008.34
2358,212.13,27.65,27.25,46.75,1008.33
2359,212.22,27.65,27.25,46.75,1008.33
2360,212.31,27.65,27.25,46.80,1008.33
2361,212.40,27.65,27.24,46.80,1008.32
2362,212.49,27.65,27.24,46.80,1008.33
2363,212.58,27.65,27.25,46.78,1008.31
2364,212.67,27.65,27.21,46.81,1008.32
2365,212.76,27.65,27.21,46.83,1008.33
2366,212.85,27.65,27.21,46.80,1008.32
2367,212.94,27.65,27.21,46.80,1008.31
2368,213.03,27.65,27.22,46.78,1008.31
2369,213.12,27.65,27.23,46.79,1008.32
2370,213.21,27.65,27.21,46.78,1008.32
2371,213.30,27.65,27.19,46.78,1008.31
2372,213.39,27.65,27.20,46.77,1008.30
2373,213.48,27.65,27.18,46.77,1008.29
2374,213.57,27.65,27.18,46.79,1008.28
2375,213.66,27.65,27.16,46.82,1008.28
2376,213.75,27.65,27.17,46.82,1008.29
2377,213.84,27.65,27.18,46.81,1008.29
2378,213.93,27.65,27.18,46.78,1008.28
2379,214.02,27.65,27.18,46.78,1008.29
2380,214.11,27.65,27.17,46.78,1008.28
2381,214.20,27.65,27.17,46.81,1008.27
2382,214.29,27.65,27.17,46.83,1008.26
2383,214.38,27.65,27.18,46.83,1008.25
2384,214.47,27.65,27.18,46.81,1008.26
2385,214.56,27.65,27.16,46.84,1008.25
2386,214.65,27.65,27.16,46.83,1008.25
2387,214.74,27.65,27.16,46.80,1008.25
2388,214.83,27.65,27.16,46.78,1008.25
2389,214.92,27.65,27.14,46.83,1008.26
2390,215.01,27.65,27.13,46.81,1008.28
2391,215.10,27.65,27.14,46.81,1008.27
2392,215.19,27.65,27.14,46.80,1008.27
2393,215.28,27.65,27.14,46.80,1008.29
2394,215.37,27.65,27.12,46.80,1008.28
2395,215.46,27.65,27.10,46.82,1008.27
2396,215.55,27.65,27.11,46.78,1008.28
2397,215.64,27.65,27.11,46.77,1008.26
2398,215.73,27.65,27.14,46.74,1008.28
2399,215.82,27.65,27.15,46.77,1008.27
2400,215.91,27.65,27.11,46.79,1008.27
2401,216.00,27.65,27.13,46.80,1008.27
2402,216.09,27.65,27.12,46.83,1008.26
2403,216.18,27.65,27.12,46.81,1008.26
2404,216.27,27.65,27.12,46.81,1008.26
2405,216.36,27.65,27.14,46.80,1008.26
2406,216.45,27.65,27.16,46.79,1008.26
2407,216.54,27.65,27.15,46.80,1008.27
2408,216.63,27.65,27.15,46.81,1008.27
2409,216.72,27.65,27.17,46.77,1008.26
2410,216.81,27.65,27.17,46.73,1008.24
2411,216.90,27.65,27.15,46.75,1008.24
2412,216.99,27.65,27.16,46.76,1008.25
2413,217.08,27.65,27.17,46.78,1008.27
2414,217.17,27.65,27.18,46.78,1008.26
2415,217.26,27.65,27.17,46.77,1008.27
2416,217.35,27.65,27.18,46.76,1008.27
2417,217.44,27.65,27.16,46.75,1008.29
2418,217.53,27.65,27.19,46.73,1008.28
2419,217.62,27.65,27.19,46.73,1008.28
2420,217.71,27.65,27.19,46.71,1008.29
2421,217.80,27.65,27.21,46.69,1008.29
2422,217.89,27.65,27.22,46.70,1008.30
2423,217.98,27.65,27.22,46.75,1008.30
2424,218.07,27.65,27.20,46.75,1008.30
2425,218.16,27.65,27.22,46.75,1008.29
2426,218.25,27.65,27.22,46.74,1008.30
2427,218.34,27.65,27.22,46.77,1008.30
2428,218.43,27.65,27.25,46.76,1008.30
2429,218.52,27.65,27.24,46.78,1008.31
2430,218.61,27.65,27.25,46.79,1008.33
2431,218.70,27.65,27.24,46.79,1008.33
2432,218.79,27.65,27.24,46.77,1008.31
2433,218.88,27.65,27.25,46.77,1008.32
2434,218.97,27.65,27.25,46.76,1008.33
2435,219.06,27.65,27.24,46.75,1008.32
2436,219.15,27.65,27.25,46.74,1008.32
2437,219.24,27.65,27.27,46.72,1008.32
2438,219.33,27.65,27.25,46.71,1008.32
2439,219.42,27.65,27.24,46.70,1008.33
2440,219.51,27.65,27.22,46.70,1008.32
2441,219.60,27.65,27.25,46.70,1008.33
2442,219.69,27.65,27.27,46.68,1008.33
2443,219.78,27.65,27.26,46.74,1008.33
2444,219.87,27.65,27.26,46.78,1008.33
2445,219.96,27.65,27.27,46.80,1008.33
2446,220.05,27.65,27.26,46.79,1008.33
2447,220.14,27.65,27.27,46.81,1008.34
2448,220.23,27.65,27.26,46.84,1008.34
2449,220.32,27.65,27.27,46.82,1008.33
2450,220.41,27.65,27.26,46.78,1008.32
2451,220.50,27.65,27.26,46.78,1008.31
2452,220.59,27.65,27.25,46.79,1008.30
2453,220.68,27.65,27.26,46.77,1008.31
2454,220.77,27.65,27.23,46.78,1008.32
2455,220.86,27.65,27.23,46.81,1008.31
2456,220.95,27.65,27.22,46.77,1008.30
2457,221.04,27.65,27.21,46.79,1008.30
2458,221.13,27.65,27.23,46.79,1008.29
2459,221.22,27.65,27.22,46.80,1008.29
2460,221.31,27.65,27.21,46.80,1008.29
2461,221.40,27.65,27.19,46.82,1008.29
2462,221.49,27.65,27.18,46.80,1008.29
2463,221.58,27.65,27.19,46.77,1008.27
2464,221.67,27.65,27.18,46.76,1008.27
2465,221.76,27.65,27.19,46.78,1008.25
2466,221.85,27.65,27.18,46.79,1008.26
2467,221.94,27.65,27.17,46.76,1008.26
2468,222.03,27.65,27.14,46.72,1008.26
2469,222.12,27.65,27.15,46.73,1008.25
2470,222.21,27.65,27.17,46.72,1008.24
2471,222.30,27.65,27.15,46.73,1008.25
2472,222.39,27.65,27.14,46.73,1008.25
2473,222.48,27.65,27.13,46.75,1008.24
2474,222.57,27.65,27.12,46.76,1008.23
2475,222.66,27.65,27.14,46.74,1008.25
2476,222.75,27.65,27.15,46.74,1008.26
2477,222.84,27.65,27.15,46.73,1008.26
2478,222.93,27.65,27.14,46.71,1008.25
2479,223.02,27.65,27.14,46.70,1008.25
2480,223.11,27.65,27.15,46.73,1008.25
2481,223.20,27.65,27.16,46.75,1008.25
2482,223.29,27.65,27.15,46.79,1008.26
2483,223.38,27.65,27.15,46.75,1008.26
2484,223.47,27.65,27.16,46.79,1008.25
2485,223.56,27.65,27.17,46.77,1008.26
2486,223.65,27.65,27.17,46.78,1008.25
2487,223.74,27.65,27.18,46.76,1008.25
2488,223.83,27.65,27.19,46.74,1008.24
2489,223.92,27.65,27.20,46.72,1008.23
2490,224.01,27.65,27.22,46.73,1008.24
2491,224.10,27.65,27.23,46.76,1008.24
2492,224.19,27.65,27.26,46.76,1008.24
2493,224.28,27.65,27.26,46.77,1008.24
2494,224.37,27.65,27.29,46.74,1008.25
2495,224.46,27.65,27.29,46.72,1008.26
2496,224.55,27.65,27.30,46.72,1008.26
2497,224.64,27.65,27.31,46.69,1008.27
2498,224.73,27.65,27.31,46.70,1008.27
2499,224.82,27.65,27.32,46.72,1008.28
2500,224.91,27.65,27.33,46.75,1008.28
2501,225.00,27.65,27.34,46.75,1008.29
2502,225.09,27.65,27.34,46.77,1008.28
2503,225.18,27.65,27.35,46.77,1008.29
2504,225.27,27.65,27.34,46.78,1008.30
2505,225.36,27.65,27.35,46.75,1008.30
2506,225.45,27.65,27.33,46.74,1008.30
2507,225.54,27.65,27.30,46.72,1008.30
2508,225.63,27.65,27.30,46.71,1008.31
2509,225.72,27.65,27.29,46.76,1008.32
2510,225.81,27.65,27.31,46.75,1008.31
2511,225.90,27.65,27.30,46.74,1008.32
2512,225.99,27.65,27.29,46.73,1008.33
2513,226.08,27.65,27.28,46.77,1008.33
2514,226.17,27.65,27.27,46.78,1008.34
2515,226.26,27.65,27.26,46.76,1008.36
2516,226.35,27.65,27.29,46.76,1008.35
2517,226.44,27.65,27.27,46.77,1008.37
2518,226.53,27.65,27.28,46.73,1008.37
2519,226.62,27.65,27.27,46.72,1008.38
2520,226.71,27.65,27.27,46.72,1008.38
2521,226.80,27.65,27.27,46.71,1008.37
2522,226.89,27.65,27.26,46.73,1008.36
2523,226.98,27.65,27.25,46.72,1008.35
2524,227.07,27.65,27.26,46.71,1008.35
2525,227.16,27.65,27.24,46.67,1008.35
2526,227.25,27.65,27.24,46.66,1008.34
2527,227.34,27.65,27.24,46.63,1008.34
2528,227.43,27.65,27.23,46.68,1008.35
2529,227.52,27.65,27.26,46.69,1008.35
2530,227.61,27.65,27.25,46.67,1008.34
2531,227.70,27.65,27.25,46.69,1008.35
2532,227.79,27.65,27.25,46.71,1008.35
2533,227.88,27.65,27.24,46.72,1008.34
2534,227.97,27.65,27.23,46.73,1008.34
2535,228.06,27.65,27.21,46.75,1008.33
2536,228.15,27.65,27.22,46.74,1008.31
2537,228.24,27.65,27.21,46.74,1008.31
2538,228.33,27.65,27.19,46.73,1008.31
2539,228.42,27.65,27.18,46.73,1008.31
2540,228.51,27.65,27.16,46.76,1008.30
2541,228.60,27.65,27.17,46.78,1008.30
2542,228.69,27.65,27.15,46.78,1008.29
2543,228.78,27.65,27.15,46.78,1008.29
2544,228.87,27.65,27.14,46.82,1008.30
2545,228.96,27.65,27.15,46.88,1008.30
2546,229.05,27.65,27.15,46.85,1008.29
2547,229.14,27.65,27.14,46.85,1008.28
2548,229.23,27.65,27.15,46.84,1008.28
2549,229.32,27.65,27.14,46.80,1008.29
2550,229.41,27.65,27.13,46.78,1008.28
2551,229.50,27.65,27.14,46.82,1008.26
2552,229.59,27.65,27.13,46.84,1008.26
2553,229.68,27.65,27.13,46.86,1008.26
2554,229.77,27.65,27.15,46.83,1008.26
2555,229.86,27.65,27.15,46.87,1008.25
2556,229.95,27.65,27.13,46.86,1008.26
2557,230.04,27.65,27.14,46.87,1008.24
2558,230.13,27.65,27.13,46.87,1008.24
2559,230.22,27.65,27.12,46.88,1008.24
2560,230.31,27.65,27.10,46.87,1008.24
2561,230.40,27.65,27.10,46.85,1008.23
2562,230.49,27.65,27.08,46.85,1008.22
2563,230.58,27.65,27.08,46.85,1008.22
2564,230.67,27.65,27.07,46.85,1008.23
2565,230.76,27.65,27.06,46.86,1008.22
2566,230.85,27.65,27.05,46.85,1008.22
2567,230.94,27.65,27.04,46.84,1008.23
2568,231.03,27.65,27.04,46.80,1008.24
2569,231.12,27.65,27.04,46.85,1008.24
2570,231.21,27.65,27.02,46.87,1008.24
2571,231.30,27.65,27.03,46.89,1008.26
2572,231.39,27.65,27.04,46.89,1008.26
2573,231.48,27.65,27.04,46.90,1008.26
2574,231.57,27.65,27.05,46.86,1008.27
2575,231.66,27.65,27.04,46.85,1008.27
2576,231.75,27.65,27.05,46.83,1008.28
2577,231.84,27.65,27.06,46.78,1008.26
2578,231.93,27.65,27.05,46.80,1008.26
2579,232.02,27.65,27.07,46.81,1008.27
2580,232.11,27.65,27.07,46.82,1008.26
2581,232.20,27.65,27.07,46.81,1008.26
2582,232.29,27.65,27.05,46.83,1008.28
2583,232.38,27.65,27.04,46.84,1008.28
2584,232.47,27.65,27.05,46.85,1008.29
2585,232.56,27.65,27.07,46.82,1008.29
2586,232.65,27.65,27.07,46.84,1008.30
2587,232.74,27.65,27.09,46.86,1008.31
2588,232.83,27.65,27.12,46.88,1008.32
2589,232.92,27.65,27.12,46.81,1008.33
2590,233.01,27.65,27.11,46.79,1008.33
2591,233.10,27.65,27.13,46.80,1008.33
2592,233.19,27.65,27.13,46.83,1008.34
2593,233.28,27.65,27.13,46.78,1008.35
2594,233.37,27.65,27.12,46.82,1008.37
2595,233.46,27.65,27.14,46.80,1008.36
2596,233.55,27.65,27.16,46.79,1008.36
2597,233.64,27.65,27.16,46.78,1008.37
2598,233.73,27.65,27.15,46.79,1008.37
2599,233.82,27.65,27.14,46.81,1008.38
2600,233.91,27.65,27.15,46.80,1008.37
2601,234.00,27.65,27.14,46.79,1008.38
2602,234.09,27.65,27.13,46.80,1008.39
2603,234.18,27.65,27.13,46.81,1008.39
2604,234.27,27.65,27.15,46.83,1008.37
2605,234.36,27.65,27.16,46.81,1008.38
2606,234.45,27.65,27.17,46.81,1008.38
2607,234.54,27.65,27.15,46.78,1008.37
2608,234.63,27.65,27.16,46.78,1008.37
2609,234.72,27.65,27.16,46.78,1008.36
2610,234.81,27.65,27.15,46.80,1008.35
2611,234.90,27.65,27.15,46.80,1008.34
2612,234.99,27.65,27.18,46.82,1008.35
2613,235.08,27.65,27.19,46.84,1008.35
2614,235.17,27.65,27.20,46.80,1008.34
2615,235.26,27.65,27.19,46.81,1008.35
2616,235.35,27.65,27.21,46.86,1008.35
2617,235.44,27.65,27.22,46.89,1008.34
2618,235.53,27.65,27.21,46.89,1008.35
2619,235.62,27.65,27.21,46.90,1008.34
2620,235.71,27.65,27.21,46.93,1008.36
2621,235.80,27.65,27.21,46.91,1008.34
2622,235.89,27.65,27.21,46.94,1008.34
2623,235.98,27.65,27.21,46.96,1008.34
2624,236.07,27.65,27.22,46.97,1008.33
2625,236.16,27.65,27.21,46.96,1008.32
2626,236.25,27.65,27.21,46.99,1008.32
2627,236.34,27.65,27.23,47.00,1008.31
2628,236.43,27.65,27.23,47.01,1008.30
2629,236.52,27.65,27.22,46.99,1008.31
2630,236.61,27.65,27.21,46.96,1008.30
2631,236.70,27.65,27.20,46.96,1008.29
2632,236.79,27.65,27.17,46.91,1008.28
2633,236.88,27.65,27.16,46.89,1008.26
2634,236.97,27.65,27.19,46.92,1008.25
2635,237.06,27.65,27.18,46.87,1008.26
2636,237.15,27.65,27.18,46.87,1008.26
2637,237.24,27.65,27.19,46.85,1008.27
2638,237.33,27.65,27.20,46.86,1008.27
2639,237.42,27.65,27.21,46.90,1008.26
2640,237.51,27.65,27.21,46.88,1008.24
2641,237.60,27.65,27.21,46.85,1008.24
2642,237.69,27.65,27.21,46.84,1008.24
2643,237.78,27.65,27.19,46.82,1008.23
2644,237.87,27.65,27.19,46.80,1008.24
2645,237.96,27.65,27.18,46.81,1008.25
2646,238.05,27.65,27.18,46.82,1008.25
2647,238.14,27.65,27.18,46.83,1008.25
2648,238.23,27.65,27.17,46.84,1008.25
2649,238.32,27.65,27.16,46.84,1008.26
2650,238.41,27.65,27.15,46.84,1008.28
2651,238.50,27.65,27.16,46.82,1008.29
2652,238.59,27.65,27.15,46.81,1008.29
2653,238.68,27.65,27.12,46.79,1008.30
2654,238.77,27.65,27.14,46.78,1008.31
2655,238.86,27.65,27.14,46.80,1008.31
2656,238.95,27.65,27.14,46.82,1008.30
2657,239.04,27.65,27.14,46.80,1008.30
2658,239.13,27.65,27.13,46.78,1008.30
2659,239.22,27.65,27.13,46.79,1008.30
2660,239.31,27.66,27.10,46.77,1008.30
2661,239.40,27.66,27.10,46.78,1008.29
2662,239.49,27.66,27.09,46.81,1008.31
2663,239.58,27.66,27.08,46.81,1008.31
2664,239.67,27.66,27.09,46.81,1008.32
2665,239.76,27.66,27.07,46.82,1008.32
2666,239.85,27.66,27.07,46.82,1008.31
2667,239.94,27.66,27.06,46.81,1008.33
2668,240.03,27.66,27.06,46.85,1008.32
2669,240.12,27.66,27.04,46.83,1008.33
2670,240.21,27.66,27.05,46.83,1008.32
2671,240.30,27.66,27.06,46.85,1008.33
2672,240.39,27.66,27.05,46.85,1008.34
2673,240.48,27.66,27.03,46.84,1008.33
2674,240.57,27.66,27.04,46.83,1008.34
2675,240.66,27.66,27.04,46.82,1008.32
2676,240.75,27.66,27.03,46.81,1008.32
2677,240.84,27.66,27.04,46.77,1008.32
2678,240.93,27.66,27.04,46.75,1008.34
2679,241.02,27.66,27.04,46.79,1008.33
2680,241.11,27.66,27.04,46.79,1008.33
2681,241.20,27.66,27.06,46.79,1008.33
2682,241.29,27.66,27.07,46.78,1008.33
2683,241.38,27.66,27.08,46.77,1008.33
2684,241.47,27.66,27.08,46.73,1008.33
2685,241.56,27.66,27.06,46.72,1008.34
2686,241.65,27.66,27.07,46.71,1008.34
2687,241.74,27.66,27.09,46.74,1008.35
2688,241.83,27.66,27.09,46.76,1008.35
2689,241.92,27.66,27.11,46.73,1008.35
2690,242.01,27.66,27.10,46.72,1008.36
2691,242.10,27.66,27.09,46.72,1008.35
2692,242.19,27.66,27.10,46.72,1008.36
2693,242.28,27.66,27.11,46.71,1008.35
2694,242.37,27.66,27.12,46.74,1008.34
2695,242.46,27.66,27.13,46.72,1008.34
2696,242.55,27.66,27.13,46.72,1008.32
2697,242.64,27.66,27.16,46.72,1008.31
2698,242.73,27.66,27.16,46.70,1008.32
2699,242.82,27.66,27.16,46.71,1008.32
2700,242.91,27.66,27.16,46.71,1008.32
2701,243.00,27.66,27.16,46.69,1008.32
2702,243.09,27.66,27.16,46.68,1008.33
2703,243.18,27.66,27.15,46.73,1008.33
2704,243.27,27.66,27.14,46.75,1008.31
2705,243.36,27.66,27.12,46.74,1008.30
2706,243.45,27.66,27.13,46.71,1008.29
2707,243.54,27.66,27.13,46.68,1008.28
2708,243.63,27.66,27.15,46.68,1008.29
2709,243.72,27.66,27.14,46.73,1008.29
2710,243.81,27.66,27.14,46.72,1008.29
2711,243.90,27.66,27.15,46.75,1008.28
2712,243.99,27.66,27.16,46.76,1008.29
2713,244.08,27.66,27.17,46.74,1008.29
2714,244.17,27.66,27.17,46.69,1008.30
2715,244.26,27.66,27.19,46.71,1008.29
2716,244.35,27.66,27.21,46.73,1008.30
2717,244.44,27.66,27.23,46.76,1008.30
2718,244.53,27.66,27.22,46.78,1008.29
2719,244.62,27.66,27.23,46.77,1008.28
2720,244.71,27.66,27.21,46.77,1008.27
2721,244.80,27.66,27.21,46.75,1008.28
2722,244.89,27.66,27.20,46.75,1008.27
2723,244.98,27.66,27.20,46.75,1008.26
2724,245.07,27.66,27.22,46.77,1008.25
2725,245.16,27.66,27.22,46.80,1008.24
2726,245.25,27.66,27.22,46.81,1008.24
2727,245.34,27.66,27.22,46.82,1008.24
2728,245.43,27.66,27.20,46.81,1008.26
2729,245.52,27.66,27.22,46.81,1008.27
2730,245.61,27.66,27.24,46.80,1008.28
2731,245.70,27.66,27.21,46.82,1008.27
2732,245.79,27.66,27.21,46.86,1008.28
2733,245.88,27.66,27.21,46.85,1008.29
2734,245.97,27.66,27.21,46.82,1008.30
2735,246.06,27.66,27.18,46.83,1008.29
2736,246.15,27.66,27.17,46.85,1008.29
2737,246.24,27.66,27.18,46.86,1008.29
2738,246.33,27.66,27.17,46.86,1008.29
2739,246.42,27.66,27.16,46.85,1008.29
2740,246.51,27.66,27.18,46.86,1008.30
2741,246.60,27.66,27.17,46.86,1008.29
2742,246.69,27.66,27.15,46.86,1008.31
2743,246.78,27.66,27.14,46.81,1008.31
2744,246.87,27.66,27.12,46.81,1008.32
2745,246.96,27.66,27.12,46.79,1008.34
2746,247.05,27.66,27.11,46.79,1008.33
2747,247.14,27.66,27.10,46.81,1008.33
2748,247.23,27.66,27.09,46.82,1008.33
2749,247.32,27.66,27.12,46.82,1008.33
2750,247.41,27.66,27.14,46.81,1008.33
2751,247.50,27.66,27.12,46.78,1008.33
2752,247.59,27.66,27.12,46.81,1008.33
2753,247.68,27.66,27.11,46.79,1008.34
2754,247.77,27.66,27.10,46.77,1008.33
2755,247.86,27.66,27.09,46.76,1008.32
2756,247.95,27.66,27.10,46.76,1008.32
2757,248.04,27.66,27.09,46.76,1008.32
2758,248.13,27.66,27.07,46.74,1008.33
2759,248.22,27.66,27.06,46.73,1008.34
2760,248.31,27.66,27.05,46.70,1008.34
2761,248.40,27.66,27.07,46.71,1008.34
2762,248.49,27.66,27.06,46.72,1008.34
2763,248.58,27.66,27.07,46.73,1008.33
2764,248.67,27.66,27.07,46.68,1008.34
2765,248.76,27.66,27.07,46.72,1008.34
2766,248.85,27.66,27.04,46.73,1008.34
2767,248.94,27.66,27.04,46.74,1008.35
2768,249.03,27.66,27.05,46.72,1008.35
2769,249.12,27.66,27.06,46.73,1008.35
2770,249.21,27.66,27.07,46.71,1008.35
2771,249.30,27.66,27.07,46.70,1008.34
2772,249.39,27.66,27.06,46.69,1008.35
2773,249.48,27.66,27.05,46.68,1008.35
2774,249.57,27.66,27.03,46.71,1008.36
2775,249.66,27.66,27.05,46.69,1008.36
2776,249.75,27.66,27.05,46.71,1008.36
2777,249.84,27.66,27.07,46.68,1008.35
2778,249.93,27.66,27.07,46.68,1008.34
2779,250.02,27.66,27.09,46.64,1008.34
2780,250.11,27.66,27.09,46.66,1008.34
2781,250.20,27.66,27.11,46.64,1008.34
2782,250.29,27.66,27.11,46.67,1008.32
2783,250.38,27.66,27.11,46.66,1008.33
2784,250.47,27.66,27.12,46.69,1008.33
2785,250.56,27.66,27.12,46.70,1008.33
2786,250.65,27.66,27.13,46.70,1008.32
2787,250.74,27.66,27.12,46.71,1008.32
2788,250.83,27.66,27.12,46.70,1008.31
2789,250.92,27.66,27.13,46.67,1008.30
2790,251.01,27.66,27.13,46.69,1008.30
2791,251.10,27.66,27.12,46.71,1008.29
2792,251.19,27.66,27.12,46.71,1008.27
2793,251.28,27.66,27.13,46.71,1008.26
2794,251.37,27.66,27.13,46.73,1008.27
2795,251.46,27.66,27.11,46.72,1008.26
2796,251.55,27.66,27.10,46.70,1008.27
2797,251.64,27.66,27.11,46.67,1008.27
2798,251.73,27.66,27.10,46.68,1008.27
2799,251.82,27.66,27.09,46.70,1008.26
2800,251.91,27.66,27.09,46.67,1008.25
2801,252.00,27.66,27.10,46.64,1008.25
2802,252.09,27.66,27.08,46.64,1008.25
2803,252.18,27.66,27.11,46.65,1008.25
2804,252.27,27.66,27.11,46.69,1008.23
2805,252.36,27.66,27.10,46.70,1008.23
2806,252.45,27.66,27.12,46.67,1008.23
2807,252.54,27.66,27.12,46.67,1008.22
2808,252.63,27.66,27.12,46.64,1008.21
2809,252.72,27.66,27.13,46.66,1008.21
2810,252.81,27.66,27.12,46.67,1008.23
2811,252.90,27.66,27.11,46.68,1008.22
2812,252.99,27.66,27.14,46.69,1008.23
2813,253.08,27.66,27.15,46.69,1008.23
2814,253.17,27.66,27.16,46.70,1008.24
2815,253.26,27.66,27.17,46.71,1008.24
2816,253.35,27.66,27.17,46.71,1008.25
2817,253.44,27.66,27.17,46.69,1008.25
2818,253.53,27.66,27.14,46.67,1008.25
2819,253.62,27.66,27.14,46.65,1008.26
2820,253.71,27.66,27.13,46.66,1008.25
2821,253.80,27.66,27.14,46.64,1008.25
2822,253.89,27.66,27.15,46.66,1008.25
2823,253.98,27.66,27.13,46.63,1008.27
2824,254.07,27.66,27.12,46.64,1008.26
2825,254.16,27.66,27.13,46.60,1008.26
2826,254.25,27.66,27.13,46.60,1008.26
2827,254.34,27.66,27.13,46.56,1008.26
2828,254.43,27.66,27.11,46.55,1008.27
2829,254.52,27.66,27.11,46.54,1008.28
2830,254.61,27.66,27.13,46.52,1008.29
2831,254.70,27.66,27.12,46.54,1008.28
2832,254.79,27.66,27.13,46.53,1008.29
2833,254.88,27.66,27.12,46.52,1008.29
2834,254.97,27.66,27.13,46.52,1008.31
2835,255.06,27.66,27.12,46.52,1008.31
2836,255.15,27.66,27.11,46.51,1008.32
2837,255.24,27.66,27.08,46.55,1008.30
2838,255.33,27.66,27.10,46.50,1008.32
2839,255.42,27.66,27.10,46.50,1008.31
2840,255.51,27.66,27.10,46.49,1008.31
2841,255.60,27.66,27.09,46.49,1008.33
2842,255.69,27.66,27.08,46.52,1008.35
2843,255.78,27.66,27.10,46.51,1008.35
2844,255.87,27.66,27.09,46.52,1008.35
2845,255.96,27.66,27.09,46.53,1008.35
2846,256.05,27.66,27.09,46.56,1008.35
2847,256.14,27.66,27.10,46.57,1008.35
2848,256.23,27.66,27.09,46.54,1008.35
2849,256.32,27.66,27.09,46.55,1008.35
2850,256.41,27.66,27.08,46.54,1008.36
2851,256.50,27.66,27.07,46.54,1008.35
2852,256.59,27.66,27.08,46.53,1008.36
2853,256.68,27.66,27.07,46.53,1008.37
2854,256.77,27.66,27.08,46.54,1008.37
2855,256.86,27.66,27.07,46.55,1008.36
2856,256.95,27.66,27.05,46.53,1008.36
2857,257.04,27.66,27.06,46.53,1008.36
2858,257.13,27.66,27.06,46.55,1008.36
2859,257.22,27.66,27.07,46.55,1008.36
2860,257.31,27.66,27.06,46.54,1008.34
2861,257.40,27.66,27.07,46.53,1008.32
2862,257.49,27.66,27.08,46.53,1008.31
2863,257.58,27.66,27.07,46.53,1008.31
2864,257.67,27.66,27.09,46.55,1008.30
2865,257.76,27.66,27.07,46.58,1008.28
2866,257.85,27.66,27.07,46.57,1008.27
2867,257.94,27.66,27.09,46.53,1008.27
2868,258.03,27.66,27.08,46.54,1008.27
2869,258.12,27.66,27.07,46.51,1008.27
2870,258.21,27.66,27.10,46.51,1008.27
2871,258.30,27.66,27.08,46.53,1008.28
2872,258.39,27.66,27.10,46.53,1008.28
2873,258.48,27.66,27.12,46.54,1008.28
2874,258.57,27.66,27.12,46.52,1008.27
2875,258.66,27.66,27.14,46.49,1008.27
2876,258.75,27.66,27.16,46.47,1008.26
2877,258.84,27.66,27.17,46.46,1008.25
2878,258.93,27.66,27.19,46.48,1008.25
2879,259.02,27.66,27.19,46.50,1008.25
2880,259.11,27.66,27.20,46.49,1008.25
2881,259.20,27.66,27.21,46.45,1008.23
2882,259.29,27.66,27.23,46.41,1008.25
2883,259.38,27.66,27.25,46.42,1008.25
2884,259.47,27.66,27.26,46.43,1008.26
2885,259.56,27.66,27.29,46.40,1008.24
2886,259.65,27.66,27.28,46.38,1008.24
2887,259.74,27.66,27.30,46.39,1008.24
2888,259.83,27.66,27.30,46.36,1008.24
2889,259.92,27.66,27.32,46.37,1008.24
2890,260.01,27.66,27.30,46.40,1008.24
2891,260.10,27.66,27.33,46.41,1008.25
2892,260.19,27.66,27.35,46.42,1008.24
2893,260.28,27.66,27.34,46.40,1008.25
2894,260.37,27.66,27.33,46.38,1008.24
2895,260.46,27.66,27.33,46.39,1008.25
2896,260.55,27.66,27.37,46.39,1008.26
2897,260.64,27.66,27.36,46.41,1008.28
2898,260.73,27.66,27.37,46.42,1008.27
2899,260.82,27.66,27.33,46.40,1008.29
2900,260.91,27.66,27.32,46.37,1008.29
2901,261.00,27.66,27.31,46.36,1008.30
2902,261.09,27.66,27.29,46.37,1008.31
2903,261.18,27.66,27.28,46.38,1008.31
2904,261.27,27.66,27.27,46.37,1008.31
2905,261.36,27.66,27.28,46.35,1008.31
2906,261.45,27.66,27.28,46.37,1008.32
2907,261.54,27.66,27.26,46.36,1008.30
2908,261.63,27.66,27.27,46.36,1008.30
2909,261.72,27.66,27.26,46.37,1008.31
2910,261.81,27.66,27.26,46.34,1008.31
2911,261.90,27.66,27.25,46.37,1008.32
2912,261.99,27.66,27.23,46.36,1008.31
2913,262.08,27.66,27.21,46.34,1008.32
2914,262.17,27.66,27.21,46.35,1008.32
2915,262.26,27.66,27.19,46.33,1008.34
2916,262.35,27.66,27.17,46.36,1008.33
2917,262.44,27.66,27.16,46.38,1008.34
2918,262.53,27.66,27.12,46.43,1008.34
2919,262.62,27.66,27.13,46.39,1008.33
2920,262.71,27.66,27.11,46.40,1008.33
2921,262.80,27.66,27.12,46.41,1008.35
2922,262.89,27.66,27.13,46.41,1008.36
2923,262.98,27.66,27.13,46.43,1008.34
2924,263.07,27.66,27.12,46.43,1008.36
2925,263.16,27.66,27.11,46.42,1008.36
2926,263.25,27.66,27.10,46.43,1008.36
2927,263.34,27.66,27.08,46.40,1008.36
2928,263.43,27.66,27.07,46.40,1008.37
2929,263.52,27.66,27.07,46.36,1008.37
2930,263.61,27.66,27.06,46.35,1008.38
2931,263.70,27.66,27.07,46.36,1008.39
2932,263.79,27.66,27.08,46.37,1008.38
2933,263.88,27.66,27.06,46.38,1008.39
2934,263.97,27.66,27.07,46.36,1008.38
2935,264.06,27.66,27.07,46.35,1008.38
2936,264.15,27.66,27.07,46.36,1008.38
2937,264.24,27.66,27.08,46.35,1008.36
2938,264.33,27.66,27.07,46.32,1008.36
2939,264.42,27.66,27.06,46.31,1008.37
2940,264.51,27.66,27.04,46.33,1008.36
2941,264.60,27.66,27.03,46.32,1008.37
2942,264.69,27.66,27.05,46.38,1008.35
2943,264.78,27.66,27.03,46.35,1008.33
2944,264.87,27.66,27.05,46.37,1008.34
2945,264.96,27.66,27.05,46.38,1008.33
2946,265.05,27.66,27.06,46.39,1008.32
2947,265.14,27.66,27.07,46.39,1008.32
2948,265.23,27.66,27.05,46.38,1008.31
2949,265.32,27.66,27.05,46.36,1008.31
2950,265.41,27.66,27.04,46.37,1008.31
2951,265.50,27.66,27.06,46.36,1008.31
2952,265.59,27.66,27.06,46.33,1008.30
2953,265.68,27.66,27.05,46.34,1008.30
2954,265.77,27.66,27.05,46.33,1008.30
2955,265.86,27.66,27.06,46.31,1008.30
2956,265.95,27.66,27.07,46.31,1008.29
2957,266.04,27.66,27.08,46.32,1008.29
2958,266.13,27.66,27.10,46.30,1008.30
2959,266.22,27.66,27.12,46.31,1008.29
2960,266.31,27.66,27.09,46.29,1008.28
2961,266.40,27.66,27.09,46.29,1008.28
2962,266.49,27.66,27.08,46.29,1008.28
2963,266.58,27.66,27.07,46.27,1008.26
2964,266.67,27.66,27.07,46.26,1008.26
2965,266.76,27.66,27.08,46.25,1008.25
2966,266.85,27.66,27.08,46.23,1008.24
2967,266.94,27.66,27.05,46.25,1008.25
2968,267.03,27.66,27.06,46.24,1008.25
2969,267.12,27.66,27.09,46.25,1008.25
2970,267.21,27.66,27.09,46.24,1008.24
2971,267.30,27.66,27.08,46.21,1008.26
2972,267.39,27.66,27.09,46.23,1008.26
2973,267.48,27.66,27.12,46.22,1008.27
2974,267.57,27.66,27.13,46.21,1008.28
2975,267.66,27.66,27.12,46.23,1008.27
2976,267.75,27.66,27.12,46.21,1008.28
2977,267.84,27.66,27.12,46.25,1008.27
2978,267.93,27.66,27.12,46.23,1008.29
2979,268.02,27.66,27.12,46.26,1008.28
2980,268.11,27.66,27.13,46.29,1008.29
2981,268.20,27.66,27.13,46.25,1008.29
2982,268.29,27.66,27.15,46.23,1008.28
2983,268.38,27.66,27.15,46.24,1008.28
2984,268.47,27.66,27.14,46.24,1008.29
2985,268.56,27.66,27.12,46.27,1008.30
2986,268.65,27.66,27.13,46.26,1008.29
2987,268.74,27.66,27.12,46.24,1008.28
2988,268.83,27.66,27.13,46.23,1008.29
2989,268.92,27.66,27.13,46.23,1008.28
2990,269.01,27.66,27.15,46.22,1008.27
2991,269.10,27.66,27.16,46.23,1008.29
2992,269.19,27.66,27.15,46.24,1008.29
2993,269.28,27.66,27.16,46.23,1008.29
2994,269.37,27.66,27.15,46.25,1008.30
2995,269.46,27.66,27.14,46.24,1008.31
2996,269.55,27.66,27.15,46.26,1008.31
2997,269.64,27.66,27.14,46.24,1008.31
2998,269.73,27.66,27.15,46.22,1008.32
2999,269.82,27.66,27.16,46.25,1008.32
3000,269.91,27.66,27.15,46.27,1008.33
3001,270.00,27.66,27.16,46.29,1008.32
3002,270.09,27.66,27.16,46.30,1008.33
3003,270.18,27.66,27.17,46.30,1008.34
3004,270.27,27.66,27.16,46.31,1008.35
3005,270.36,27.66,27.16,46.32,1008.34
3006,270.45,27.66,27.15,46.31,1008.34
3007,270.54,27.66,27.18,46.30,1008.35
3008,270.63,27.66,27.18,46.35,1008.35
3009,270.72,27.66,27.16,46.36,1008.33
3010,270.81,27.66,27.17,46.36,1008.34
3011,270.90,27.66,27.16,46.35,1008.35
3012,270.99,27.66,27.15,46.34,1008.35
3013,271.08,27.66,27.14,46.34,1008.34
3014,271.17,27.66,27.14,46.31,1008.34
3015,271.26,27.66,27.15,46.33,1008.35
3016,271.35,27.66,27.14,46.31,1008.36
3017,271.44,27.66,27.14,46.30,1008.37
3018,271.53,27.66,27.14,46.30,1008.37
3019,271.62,27.66,27.13,46.34,1008.36
3020,271.71,27.66,27.13,46.37,1008.36
3021,271.80,27.66,27.12,46.38,1008.36
3022,271.89,27.66,27.12,46.34,1008.34
3023,271.98,27.66,27.11,46.36,1008.34
3024,272.07,27.66,27.09,46.34,1008.33
3025,272.16,27.66,27.10,46.36,1008.32
3026,272.25,27.66,27.11,46.34,1008.32
3027,272.34,27.66,27.10,46.31,1008.31
3028,272.43,27.66,27.08,46.29,1008.31
3029,272.52,27.66,27.09,46.31,1008.29
3030,272.61,27.66,27.08,46.30,1008.28
3031,272.70,27.66,27.09,46.29,1008.27
3032,272.79,27.66,27.10,46.28,1008.28
3033,272.88,27.66,27.11,46.29,1008.28
3034,272.97,27.66,27.09,46.28,1008.28
3035,273.06,27.66,27.07,46.29,1008.28
3036,273.15,27.66,27.06,46.28,1008.28
3037,273.24,27.66,27.07,46.23,1008.29
3038,273.33,27.66,27.09,46.22,1008.30
3039,273.42,27.66,27.10,46.21,1008.29
3040,273.51,27.66,27.10,46.24,1008.29
3041,273.60,27.66,27.09,46.26,1008.28
3042,273.69,27.66,27.09,46.24,1008.28
3043,273.78,27.66,27.09,46.26,1008.28
3044,273.87,27.66,27.10,46.28,1008.28
3045,273.96,27.66,27.09,46.24,1008.29
3046,274.05,27.66,27.08,46.24,1008.28
3047,274.14,27.66,27.08,46.24,1008.29
3048,274.23,27.66,27.07,46.20,1008.30
3049,274.32,27.66,27.08,46.19,1008.30
3050,274.41,27.66,27.06,46.20,1008.30
3051,274.50,27.66,27.08,46.22,1008.29
3052,274.59,27.66,27.08,46.20,1008.30
3053,274.68,27.66,27.09,46.22,1008.30
3054,274.77,27.66,27.10,46.20,1008.29
3055,274.86,27.66,27.10,46.19,1008.29
3056,274.95,27.66,27.12,46.21,1008.28
3057,275.04,27.66,27.11,46.22,1008.28
3058,275.13,27.66,27.12,46.20,1008.29
3059,275.22,27.66,27.13,46.17,1008.28
3060,275.31,27.66,27.14,46.17,1008.28
3061,275.40,27.66,27.14,46.19,1008.28
3062,275.49,27.66,27.14,46.20,1008.29
3063,275.58,27.66,27.15,46.20,1008.29
3064,275.67,27.66,27.18,46.20,1008.29
3065,275.76,27.66,27.15,46.22,1008.29
3066,275.85,27.66,27.17,46.23,1008.29
3067,275.94,27.66,27.16,46.21,1008.30
3068,276.03,27.66,27.17,46.21,1008.31
3069,276.12,27.66,27.18,46.21,1008.32
3070,276.21,27.66,27.18,46.21,1008.30
3071,276.30,27.66,27.20,46.23,1008.32
3072,276.39,27.66,27.19,46.25,1008.32
3073,276.48,27.66,27.22,46.27,1008.33
3074,276.57,27.66,27.20,46.28,1008.33
3075,276.66,27.66,27.20,46.28,1008.34
3076,276.75,27.66,27.21,46.25,1008.33
3077,276.84,27.66,27.22,46.25,1008.31
3078,276.93,27.66,27.20,46.23,1008.30
3079,277.02,27.66,27.22,46.20,1008.31
3080,277.11,27.66,27.22,46.17,1008.33
3081,277.20,27.66,27.20,46.13,1008.33
3082,277.29,27.66,27.21,46.14,1008.32
3083,277.38,27.66,27.20,46.12,1008.32
3084,277.47,27.66,27.22,46.10,1008.33
3085,277.56,27.66,27.22,46.09,1008.34
3086,277.65,27.66,27.21,46.09,1008.34
3087,277.74,27.66,27.21,46.07,1008.34
3088,277.83,27.66,27.19,46.05,1008.34
3089,277.92,27.66,27.17,46.04,1008.34
3090,278.01,27.66,27.14,46.03,1008.33
3091,278.10,27.66,27.13,46.02,1008.33
3092,278.19,27.66,27.13,46.04,1008.35
3093,278.28,27.66,27.11,46.05,1008.35
3094,278.37,27.66,27.11,46.05,1008.35
3095,278.46,27.66,27.13,46.06,1008.36
3096,278.55,27.66,27.13,46.05,1008.36
3097,278.64,27.66,27.13,46.04,1008.35
3098,278.73,27.66,27.14,46.05,1008.34
3099,278.82,27.66,27.17,46.06,1008.35
3100,278.91,27.66,27.16,46.03,1008.36
3101,279.00,27.66,27.15,46.04,1008.37
3102,279.09,27.66,27.15,46.01,1008.37
3103,279.18,27.66,27.14,45.99,1008.37
3104,279.27,27.66,27.14,45.96,1008.35
3105,279.36,27.66,27.12,45.97,1008.35
3106,279.45,27.66,27.13,45.98,1008.35
3107,279.54,27.66,27.12,45.97,1008.34
3108,279.63,27.66,27.10,45.98,1008.35
3109,279.72,27.66,27.10,46.00,1008.34
3110,279.81,27.66,27.08,46.01,1008.34
3111,279.90,27.66,27.09,46.00,1008.34
3112,279.99,27.66,27.11,46.00,1008.33
3113,280.08,27.66,27.10,46.03,1008.33
3114,280.17,27.66,27.10,46.03,1008.34
3115,280.26,27.66,27.09,46.02,1008.33
3116,280.35,27.66,27.10,46.02,1008.31
3117,280.44,27.66,27.11,46.05,1008.31
3118,280.53,27.66,27.11,46.02,1008.31
3119,280.62,27.66,27.10,46.02,1008.30
3120,280.71,27.66,27.11,46.00,1008.30
3121,280.80,27.66,27.13,45.97,1008.28
3122,280.89,27.66,27.09,46.02,1008.27
3123,280.98,27.66,27.09,46.01,1008.26
3124,281.07,27.66,27.09,45.99,1008.25
3125,281.16,27.66,27.08,46.01,1008.25
3126,281.25,27.66,27.05,46.00,1008.24
3127,281.34,27.66,27.02,46.02,1008.25
3128,281.43,27.66,27.03,46.02,1008.24
3129,281.52,27.66,27.04,46.03,1008.24
3130,281.61,27.66,27.05,46.02,1008.23
3131,281.70,27.66,27.06,46.02,1008.22
3132,281.79,27.66,27.04,45.99,1008.21
3133,281.88,27.66,27.04,46.00,1008.22
3134,281.97,27.66,27.02,45.98,1008.22
3135,282.06,27.66,27.03,46.01,1008.22
3136,282.15,27.66,27.03,46.03,1008.22
3137,282.24,27.66,27.03,46.03,1008.22
3138,282.33,27.66,27.02,46.02,1008.22
3139,282.42,27.66,27.03,45.99,1008.23
3140,282.51,27.66,27.03,45.98,1008.22
3141,282.60,27.66,27.02,45.98,1008.23
3142,282.69,27.66,27.03,46.00,1008.23
3143,282.78,27.66,27.03,46.01,1008.23
3144,282.87,27.66,27.03,45.99,1008.23
3145,282.96,27.66,27.03,46.00,1008.22
3146,283.05,27.66,27.03,46.02,1008.22
3147,283.14,27.66,27.04,46.03,1008.23
3148,283.23,27.66,27.04,46.01,1008.23
3149,283.32,27.66,27.04,46.02,1008.24
3150,283.41,27.66,27.03,46.02,1008.24
3151,283.50,27.66,27.05,45.98,1008.24
3152,283.59,27.66,27.07,45.99,1008.25
3153,283.68,27.66,27.09,46.03,1008.25
3154,283.77,27.66,27.10,46.02,1008.27
3155,283.86,27.66,27.09,46.01,1008.27
3156,283.95,27.66,27.09,46.05,1008.28
3157,284.04,27.66,27.09,46.05,1008.28
3158,284.13,27.66,27.08,46.05,1008.30
3159,284.22,27.66,27.10,46.04,1008.29
3160,284.31,27.66,27.11,46.08,1008.29
3161,284.40,27.66,27.13,46.10,1008.30
3162,284.49,27.66,27.09,46.08,1008.31
3163,284.58,27.66,27.10,46.08,1008.31
3164,284.67,27.66,27.10,46.08,1008.31
3165,284.76,27.66,27.11,46.10,1008.31
3166,284.85,27.66,27.11,46.11,1008.32
3167,284.94,27.66,27.10,46.11,1008.32
3168,285.03,27.66,27.10,46.12,1008.32
3169,285.12,27.66,27.11,46.10,1008.32
3170,285.21,27.66,27.12,46.07,1008.31
3171,285.30,27.66,27.13,46.06,1008.33
3172,285.39,27.66,27.13,46.03,1008.33
3173,285.48,27.66,27.14,46.01,1008.34
3174,285.57,27.66,27.13,46.00,1008.34
3175,285.66,27.66,27.13,46.02,1008.34
3176,285.75,27.66,27.14,46.03,1008.33
3177,285.84,27.66,27.15,46.05,1008.32
3178,285.93,27.66,27.15,46.06,1008.34
3179,286.02,27.66,27.16,46.09,1008.33
3180,286.11,27.66,27.17,46.07,1008.34
3181,286.20,27.66,27.17,46.05,1008.34
3182,286.29,27.66,27.16,46.06,1008.34
3183,286.38,27.66,27.17,46.05,1008.34
3184,286.47,27.66,27.17,46.02,1008.36
3185,286.56,27.66,27.18,46.05,1008.35
3186,286.65,27.66,27.18,46.03,1008.35
3187,286.74,27.66,27.18,46.00,1008.36
3188,286.83,27.66,27.17,46.03,1008.36
3189,286.92,27.66,27.17,46.01,1008.37
3190,287.01,27.66,27.20,46.02,1008.38
3191,287.10,27.66,27.21,46.04,1008.36
3192,287.19,27.66,27.20,46.04,1008.34
3193,287.28,27.66,27.19,46.01,1008.33
3194,287.37,27.66,27.19,46.03,1008.33
3195,287.46,27.66,27.17,46.03,1008.33
3196,287.55,27.66,27.16,46.02,1008.31
3197,287.64,27.66,27.16,46.03,1008.29
3198,287.73,27.66,27.14,46.02,1008.29
3199,287.82,27.66,27.15,46.05,1008.28
3200,287.91,27.66,27.17,46.04,1008.29
3201,288.00,27.66,27.17,46.02,1008.28
3202,288.09,27.66,27.17,46.02,1008.28
3203,288.18,27.66,27.17,46.02,1008.29
3204,288.27,27.66,27.17,45.99,1008.28
3205,288.36,27.66,27.14,45.95,1008.29
3206,288.45,27.66,27.14,45.96,1008.29
3207,288.54,27.66,27.13,45.97,1008.29
3208,288.63,27.66,27.13,45.99,1008.30
3209,288.72,27.66,27.13,45.98,1008.29
3210,288.81,27.66,27.11,45.97,1008.28
3211,288.90,27.66,27.12,45.97,1008.27
3212,288.99,27.66,27.08,45.95,1008.26
3213,289.08,27.66,27.07,45.96,1008.25
3214,289.17,27.66,27.09,45.94,1008.24
3215,289.26,27.66,27.07,45.97,1008.23
3216,289.35,27.66,27.08,45.96,1008.23
3217,289.44,27.66,27.06,46.00,1008.24
3218,289.53,27.66,27.05,46.00,1008.25
3219,289.62,27.66,27.03,45.98,1008.25
3220,289.71,27.66,27.02,46.00,1008.26
3221,289.80,27.66,27.01,46.02,1008.26
3222,289.89,27.66,27.01,46.03,1008.26
3223,289.98,27.66,27.02,46.01,1008.26
3224,290.07,27.66,27.03,46.02,1008.27
3225,290.16,27.66,27.03,46.02,1008.27
3226,290.25,27.66,27.03,46.00,1008.28
3227,290.34,27.66,27.04,46.01,1008.28
3228,290.43,27.66,27.05,46.02,1008.27
3229,290.52,27.66,27.07,46.04,1008.27
3230,290.61,27.66,27.08,46.01,1008.28
3231,290.70,27.66,27.09,45.98,1008.27
3232,290.79,27.66,27.07,46.01,1008.27
3233,290.88,27.66,27.08,46.03,1008.29
3234,290.97,27.66,27.08,46.04,1008.30
3235,291.06,27.66,27.09,46.02,1008.30
3236,291.15,27.66,27.09,46.02,1008.29
3237,291.24,27.66,27.08,46.04,1008.29
3238,291.33,27.66,27.07,46.04,1008.29
3239,291.42,27.66,27.09,46.08,1008.31
3240,291.51,27.66,27.09,46.09,1008.32
3241,291.60,27.66,27.09,46.09,1008.33
3242,291.69,27.66,27.08,46.11,1008.34
3243,291.78,27.66,27.06,46.11,1008.34
3244,291.87,27.66,27.06,46.10,1008.33
3245,291.96,27.66,27.08,46.10,1008.34
3246,292.05,27.66,27.09,46.09,1008.33
3247,292.14,27.66,27.09,46.08,1008.34
3248,292.23,27.66,27.09,46.06,1008.33
3249,292.32,27.66,27.09,46.07,1008.34
3250,292.41,27.66,27.09,46.04,1008.34
3251,292.50,27.66,27.10,46.05,1008.35
3252,292.59,27.66,27.11,46.06,1008.34
3253,292.68,27.66,27.10,46.08,1008.35
3254,292.77,27.66,27.10,46.09,1008.35
3255,292.86,27.66,27.10,46.08,1008.35
3256,292.95,27.66,27.11,46.08,1008.35
3257,293.04,27.66,27.10,46.06,1008.36
3258,293.13,27.66,27.07,46.06,1008.38
3259,293.22,27.66,27.06,46.02,1008.37
3260,293.31,27.66,27.07,46.00,1008.37
3261,293.40,27.66,27.08,46.01,1008.36
3262,293.49,27.66,27.10,46.00,1008.36
3263,293.58,27.66,27.11,45.95,1008.37
3264,293.67,27.66,27.12,45.92,1008.37
3265,293.76,27.66,27.14,45.96,1008.35
3266,293.85,27.66,27.14,45.99,1008.35
3267,293.94,27.66,27.15,46.00,1008.32
3268,294.03,27.66,27.16,45.98,1008.32
3269,294.12,27.66,27.16,45.96,1008.32
3270,294.21,27.66,27.16,45.99,1008.32
3271,294.30,27.66,27.15,45.95,1008.31
3272,294.39,27.66,27.15,45.92,1008.32
3273,294.48,27.66,27.14,45.91,1008.33
3274,294.57,27.66,27.14,45.86,1008.33
3275,294.66,27.66,27.13,45.85,1008.33
3276,294.75,27.66,27.16,45.84,1008.33
3277,294.84,27.66,27.16,45.83,1008.31
3278,294.93,27.66,27.16,45.86,1008.31
3279,295.02,27.66,27.15,45.82,1008.32
3280,295.11,27.66,27.16,45.83,1008.32
3281,295.20,27.66,27.16,45.80,1008.32
3282,295.29,27.66,27.15,45.79,1008.32
3283,295.38,27.66,27.15,45.79,1008.32
3284,295.47,27.66,27.15,45.80,1008.31
3285,295.56,27.66,27.12,45.79,1008.31
3286,295.65,27.66,27.13,45.75,1008.31
3287,295.74,27.66,27.13,45.75,1008.31
3288,295.83,27.66,27.16,45.79,1008.30
3289,295.92,27.66,27.15,45.77,1008.29
3290,296.01,27.66,27.18,45.76,1008.29
3291,296.10,27.66,27.18,45.76,1008.28
3292,296.19,27.66,27.18,45.83,1008.28
3293,296.28,27.66,27.18,45.83,1008.27
3294,296.37,27.66,27.17,45.84,1008.27
3295,296.46,27.66,27.17,45.84,1008.29
3296,296.55,27.66,27.20,45.82,1008.29
3297,296.64,27.66,27.18,45.82,1008.29
3298,296.73,27.66,27.15,45.82,1008.28
3299,296.82,27.66,27.13,45.84,1008.29
3300,296.91,27.66,27.14,45.86,1008.28
3301,297.00,27.66,27.15,45.86,1008.28
3302,297.09,27.66,27.14,45.86,1008.29
3303,297.18,27.66,27.14,45.87,1008.27
3304,297.27,27.66,27.15,45.86,1008.28
3305,297.36,27.66,27.14,45.88,1008.28
3306,297.45,27.66,27.13,45.90,1008.29
3307,297.54,27.66,27.13,45.93,1008.30
3308,297.63,27.66,27.14,45.95,1008.30
3309,297.72,27.66,27.12,45.96,1008.30
3310,297.81,27.67,27.15,45.99,1008.30
3311,297.90,27.66,27.12,45.99,1008.30
3312,297.99,27.66,27.12,45.96,1008.30
3313,298.08,27.66,27.14,45.95,1008.30
3314,298.17,27.66,27.16,45.97,1008.31
3315,298.26,27.66,27.18,45.95,1008.32
3316,298.35,27.66,27.17,45.93,1008.31
3317,298.44,27.66,27.15,45.95,1008.31
3318,298.53,27.66,27.13,45.94,1008.32
3319,298.62,27.66,27.13,45.95,1008.32
3320,298.71,27.66,27.12,45.96,1008.32
3321,298.80,27.66,27.09,45.94,1008.32
3322,298.89,27.66,27.08,45.93,1008.33
3323,298.98,27.66,27.08,45.93,1008.31
3324,299.07,27.66,27.08,45.95,1008.33
3325,299.16,27.66,27.10,45.96,1008.33
3326,299.25,27.66,27.09,45.98,1008.32
3327,299.34,27.66,27.10,45.96,1008.33
3328,299.43,27.66,27.10,45.98,1008.36
3329,299.52,27.66,27.12,45.96,1008.35
3330,299.61,27.66,27.13,45.96,1008.34
3331,299.70,27.66,27.13,45.96,1008.35
3332,299.79,27.66,27.14,45.93,1008.37
3333,299.88,27.66,27.14,45.96,1008.36
3334,299.97,27.66,27.12,45.96,1008.34
3335,300.06,27.66,27.13,45.99,1008.35
3336,300.15,27.66,27.11,46.00,1008.36
3337,300.24,27.66,27.10,46.02,1008.35
3338,300.33,27.66,27.11,46.03,1008.35
3339,300.42,27.66,27.12,45.99,1008.36
3340,300.51,27.66,27.12,45.95,1008.35
3341,300.60,27.66,27.14,45.95,1008.34
3342,300.69,27.66,27.11,45.92,1008.34
3343,300.78,27.66,27.12,45.92,1008.35
3344,300.87,27.66,27.13,45.89,1008.34
3345,300.96,27.66,27.15,45.90,1008.34
3346,301.05,27.66,27.16,45.91,1008.35
3347,301.14,27.66,27.15,45.96,1008.36
3348,301.23,27.66,27.16,45.97,1008.34
3349,301.32,27.66,27.15,45.95,1008.34
3350,301.41,27.66,27.14,45.97,1008.34
3351,301.50,27.66,27.15,45.99,1008.33
3352,301.59,27.66,27.14,45.97,1008.34
3353,301.68,27.66,27.14,45.95,1008.35
3354,301.77,27.66,27.14,45.96,1008.35
3355,301.86,27.66,27.15,46.01,1008.35
3356,301.95,27.66,27.16,45.98,1008.34
3357,302.04,27.66,27.14,45.99,1008.33
3358,302.13,27.66,27.18,45.99,1008.32
3359,302.22,27.66,27.19,45.98,1008.32
3360,302.31,27.66,27.21,46.00,1008.33
3361,302.40,27.66,27.21,46.00,1008.32
3362,302.49,27.66,27.19,46.00,1008.30
3363,302.58,27.66,27.20,46.01,1008.29
3364,302.67,27.66,27.21,46.02,1008.28
3365,302.76,27.66,27.21,46.00,1008.29
3366,302.85,27.66,27.22,45.98,1008.30
3367,302.94,27.66,27.21,45.98,1008.30
3368,303.03,27.66,27.20,45.98,1008.30
3369,303.12,27.66,27.20,45.99,1008.32
3370,303.21,27.66,27.22,46.01,1008.31
3371,303.30,27.66,27.22,46.04,1008.32
3372,303.39,27.66,27.21,46.05,1008.29
3373,303.48,27.66,27.20,46.03,1008.29
3374,303.57,27.66,27.21,46.03,1008.30
3375,303.66,27.66,27.18,46.02,1008.30
3376,303.75,27.66,27.16,46.00,1008.29
3377,303.84,27.66,27.17,46.00,1008.29
3378,303.93,27.66,27.17,46.00,1008.29
3379,304.02,27.66,27.14,46.01,1008.28
3380,304.11,27.66,27.14,45.99,1008.28
3381,304.20,27.66,27.14,45.98,1008.28
3382,304.29,27.66,27.16,45.94,1008.28
3383,304.38,27.66,27.17,45.95,1008.29
3384,304.47,27.66,27.18,45.99,1008.29
3385,304.56,27.66,27.19,46.02,1008.28
3386,304.65,27.66,27.18,46.00,1008.27
3387,304.74,27.66,27.17,45.98,1008.27
3388,304.83,27.66,27.15,45.99,1008.25
3389,304.92,27.66,27.15,45.99,1008.26
3390,305.01,27.66,27.14,45.99,1008.26
3391,305.10,27.66,27.16,45.99,1008.26
3392,305.19,27.66,27.16,45.96,1008.26
3393,305.28,27.66,27.14,45.99,1008.23
3394,305.37,27.66,27.15,45.99,1008.24
3395,305.46,27.66,27.15,46.01,1008.24
3396,305.55,27.66,27.13,46.00,1008.25
3397,305.64,27.66,27.13,45.99,1008.25
3398,305.73,27.66,27.13,46.01,1008.25
3399,305.82,27.66,27.13,46.02,1008.25
3400,305.91,27.66,27.13,46.01,1008.25
3401,306.00,27.66,27.14,46.03,1008.25
3402,306.09,27.66,27.15,46.06,1008.24
3403,306.18,27.66,27.15,46.06,1008.25
3404,306.27,27.66,27.12,46.06,1008.26
3405,306.36,27.66,27.13,46.03,1008.26
3406,306.45,27.66,27.12,46.02,1008.27
3407,306.54,27.66,27.11,46.03,1008.28
3408,306.63,27.66,27.10,46.05,1008.26
3409,306.72,27.66,27.11,46.05,1008.27
3410,306.81,27.66,27.11,46.05,1008.27
3411,306.90,27.66,27.11,46.05,1008.27
3412,306.99,27.66,27.10,46.02,1008.27
3413,307.08,27.66,27.11,46.00,1008.28
3414,307.17,27.66,27.12,46.04,1008.30
3415,307.26,27.66,27.12,46.07,1008.29
3416,307.35,27.66,27.11,46.06,1008.30
3417,307.44,27.66,27.10,46.08,1008.31
3418,307.53,27.66,27.11,46.06,1008.30
3419,307.62,27.66,27.13,46.09,1008.30
3420,307.71,27.66,27.13,46.05,1008.31
3421,307.80,27.66,27.13,46.03,1008.32
3422,307.89,27.66,27.14,46.02,1008.31
3423,307.98,27.66,27.13,46.05,1008.32
3424,308.07,27.66,27.12,46.08,1008.33
3425,308.16,27.66,27.13,46.06,1008.34
3426,308.25,27.66,27.14,46.05,1008.34
3427,308.34,27.66,27.14,46.06,1008.33
3428,308.43,27.66,27.13,46.08,1008.33
3429,308.52,27.66,27.12,46.06,1008.34
3430,308.61,27.66,27.12,46.08,1008.33
3431,308.70,27.66,27.11,46.05,1008.32
3432,308.79,27.66,27.10,46.07,1008.32
3433,308.88,27.66,27.09,46.07,1008.33
3434,308.97,27.66,27.11,46.04,1008.33
3435,309.06,27.66,27.10,46.07,1008.33
3436,309.15,27.66,27.11,46.06,1008.33
3437,309.24,27.66,27.12,46.05,1008.33
3438,309.33,27.66,27.10,46.04,1008.32
3439,309.42,27.65,27.11,46.04,1008.32
3440,309.51,27.65,27.10,46.06,1008.30
3441,309.60,27.65,27.12,46.06,1008.28
3442,309.69,27.65,27.12,46.07,1008.27
3443,309.78,27.65,27.13,46.09,1008.28
3444,309.87,27.65,27.14,46.04,1008.29
3445,309.96,27.65,27.13,46.06,1008.28
3446,310.05,27.65,27.14,46.05,1008.28
3447,310.14,27.65,27.13,46.06,1008.26
3448,310.23,27.65,27.13,46.09,1008.26
3449,310.32,27.65,27.14,46.09,1008.27
3450,310.41,27.65,27.15,46.05,1008.28
3451,310.50,27.65,27.14,46.08,1008.27
3452,310.59,27.65,27.13,46.06,1008.28
3453,310.68,27.65,27.14,46.04,1008.28
3454,310.77,27.65,27.15,46.06,1008.26
3455,310.86,27.65,27.15,46.05,1008.25
3456,310.95,27.65,27.17,46.04,1008.25
3457,311.04,27.65,27.18,46.03,1008.24
3458,311.13,27.65,27.18,46.05,1008.22
3459,311.22,27.65,27.19,46.06,1008.22
3460,311.31,27.65,27.17,46.05,1008.21
3461,311.40,27.65,27.19,46.03,1008.21
3462,311.49,27.65,27.18,46.02,1008.21
3463,311.58,27.65,27.20,46.02,1008.21
3464,311.67,27.65,27.22,46.00,1008.19
3465,311.76,27.65,27.22,45.95,1008.21
3466,311.85,27.65,27.23,45.90,1008.21
3467,311.94,27.65,27.23,45.91,1008.21
3468,312.03,27.65,27.23,45.94,1008.21
3469,312.12,27.65,27.21,45.92,1008.22
3470,312.21,27.65,27.21,45.90,1008.20
3471,312.30,27.65,27.19,45.91,1008.20
3472,312.39,27.65,27.22,45.88,1008.21
3473,312.48,27.65,27.21,45.87,1008.22
3474,312.57,27.65,27.21,45.87,1008.24
3475,312.66,27.65,27.20,45.84,1008.24
3476,312.75,27.65,27.19,45.82,1008.24
3477,312.84,27.65,27.21,45.86,1008.23
3478,312.93,27.65,27.19,45.87,1008.24
3479,313.02,27.65,27.20,45.85,1008.27
3480,313.11,27.65,27.19,45.85,1008.27
3481,313.20,27.65,27.19,45.89,1008.28
3482,313.29,27.65,27.18,45.88,1008.27
3483,313.38,27.65,27.18,45.90,1008.27
3484,313.47,27.65,27.18,45.94,1008.27
3485,313.56,27.65,27.15,45.92,1008.27
3486,313.65,27.65,27.16,45.93,1008.26
3487,313.74,27.65,27.16,45.93,1008.26
3488,313.83,27.65,27.14,45.95,1008.26
3489,313.92,27.65,27.13,45.97,1008.27
3490,314.01,27.65,27.12,45.97,1008.27
3491,314.10,27.65,27.14,45.98,1008.27
3492,314.19,27.65,27.15,45.98,1008.26
3493,314.28,27.65,27.14,45.99,1008.28
3494,314.37,27.65,27.12,46.00,1008.28
3495,314.46,27.65,27.12,46.02,1008.28
3496,314.55,27.65,27.13,46.03,1008.28
3497,314.64,27.65,27.13,46.03,1008.31
3498,314.73,27.65,27.13,46.00,1008.32
3499,314.82,27.65,27.12,45.99,1008.34
3500,314.91,27.65,27.11,46.03,1008.34
3501,315.00,27.65,27.11,46.02,1008.34
3502,315.09,27.65,27.09,46.00,1008.34
3503,315.18,27.65,27.08,45.98,1008.34
3504,315.27,27.65,27.08,45.96,1008.34
3505,315.36,27.65,27.08,45.95,1008.34
3506,315.45,27.65,27.08,45.99,1008.34
3507,315.54,27.65,27.09,46.00,1008.35
3508,315.63,27.65,27.10,46.02,1008.35
3509,315.72,27.65,27.09,46.04,1008.35
3510,315.81,27.65,27.08,46.05,1008.35
3511,315.90,27.65,27.08,46.05,1008.35
3512,315.99,27.65,27.08,46.02,1008.35
3513,316.08,27.65,27.08,46.00,1008.35
3514,316.17,27.65,27.10,46.02,1008.35
3515,316.26,27.65,27.10,46.05,1008.35
3516,316.35,27.65,27.10,46.08,1008.34
3517,316.44,27.65,27.08,46.09,1008.34
3518,316.53,27.65,27.09,46.08,1008.34
3519,316.62,27.65,27.11,46.10,1008.34
3520,316.71,27.65,27.11,46.10,1008.33
3521,316.80,27.65,27.10,46.05,1008.33
3522,316.89,27.65,27.11,46.06,1008.34
3523,316.98,27.65,27.13,46.08,1008.33
3524,317.07,27.65,27.13,46.05,1008.33
3525,317.16,27.65,27.13,46.05,1008.33
3526,317.25,27.65,27.13,46.07,1008.32
3527,317.34,27.65,27.12,46.06,1008.32
3528,317.43,27.65,27.14,46.04,1008.30
3529,317.52,27.65,27.14,46.05,1008.31
3530,317.61,27.65,27.14,46.02,1008.31
3531,317.70,27.65,27.14,46.03,1008.30
3532,317.79,27.65,27.14,46.06,1008.30
3533,317.88,27.65,27.15,46.09,1008.29
3534,317.97,27.65,27.16,46.08,1008.28
3535,318.06,27.65,27.14,46.07,1008.28
3536,318.15,27.65,27.14,46.12,1008.27
3537,318.24,27.65,27.14,46.14,1008.27
3538,318.33,27.65,27.16,46.10,1008.27
3539,318.42,27.65,27.18,46.12,1008.26
3540,318.51,27.65,27.19,46.12,1008.25
3541,318.60,27.65,27.18,46.10,1008.25
3542,318.69,27.65,27.18,46.05,1008.25
3543,318.78,27.65,27.19,46.03,1008.25
3544,318.87,27.65,27.20,46.02,1008.25
3545,318.96,27.65,27.18,46.00,1008.25
3546,319.05,27.65,27.18,45.97,1008.26
3547,319.14,27.65,27.19,45.94,1008.25
3548,319.23,27.65,27.19,45.94,1008.24
3549,319.32,27.65,27.19,45.93,1008.25
3550,319.41,27.65,27.20,45.91,1008.24
3551,319.50,27.65,27.18,45.93,1008.24
3552,319.59,27.65,27.18,45.93,1008.24
3553,319.68,27.65,27.19,45.93,1008.25
3554,319.77,27.65,27.20,45.91,1008.25
3555,319.86,27.65,27.20,45.92,1008.26
3556,319.95,27.65,27.23,45.93,1008.26
3557,320.04,27.65,27.22,45.93,1008.26
3558,320.13,27.65,27.23,45.90,1008.25
3559,320.22,27.65,27.21,45.92,1008.24
3560,320.31,27.65,27.20,45.91,1008.24
3561,320.40,27.65,27.21,45.93,1008.26
3562,320.49,27.65,27.20,45.93,1008.26
3563,320.58,27.65,27.18,45.90,1008.27
3564,320.67,27.65,27.16,45.92,1008.27
3565,320.76,27.65,27.16,45.94,1008.28
3566,320.85,27.65,27.17,45.91,1008.28
3567,320.94,27.65,27.16,45.93,1008.27
3568,321.03,27.65,27.16,45.96,1008.28
3569,321.12,27.65,27.15,45.95,1008.27
3570,321.21,27.65,27.15,45.95,1008.29
3571,321.30,27.65,27.15,45.95,1008.30
3572,321.39,27.65,27.14,45.97,1008.31
3573,321.48,27.65,27.15,45.99,1008.30
3574,321.57,27.65,27.15,45.99,1008.31
3575,321.66,27.65,27.14,46.01,1008.31
3576,321.75,27.65,27.14,45.98,1008.33
3577,321.84,27.65,27.14,45.99,1008.33
3578,321.93,27.65,27.15,45.95,1008.34
3579,322.02,27.65,27.13,45.96,1008.35
3580,322.11,27.65,27.15,45.98,1008.36
3581,322.20,27.65,27.15,45.96,1008.36
3582,322.29,27.65,27.14,45.97,1008.36
3583,322.38,27.65,27.14,45.96,1008.35
3584,322.47,27.65,27.12,45.98,1008.35
3585,322.56,27.65,27.11,45.98,1008.35
3586,322.65,27.65,27.10,45.94,1008.34
3587,322.74,27.65,27.41,45.97,1008.35
3588,322.83,27.65,27.14,45.96,1008.35
3589,322.92,27.65,27.14,45.98,1008.35
3590,323.01,27.65,27.13,45.98,1008.35
3591,323.10,27.65,27.14,45.97,1008.35
3592,323.19,27.65,27.12,45.96,1008.36
3593,323.28,27.65,27.11,45.96,1008.34
3594,323.37,27.65,27.09,46.00,1008.33
3595,323.46,27.65,27.10,46.03,1008.32
3596,323.55,27.65,27.07,46.02,1008.32
3597,323.64,27.65,27.08,46.03,1008.32
3598,323.73,27.65,27.09,46.02,1008.31
3599,323.82,27.65,27.11,46.03,1008.32
3600,323.91,27.65,27.10,46.03,1008.32
3601,324.00,27.65,27.09,46.04,1008.31
3602,324.09,27.65,27.08,46.02,1008.32
3603,324.18,27.65,27.08,46.01,1008.30
3604,324.27,27.65,27.09,46.00,1008.30
3605,324.36,27.65,27.09,46.02,1008.29
3606,324.45,27.65,27.09,46.06,1008.29
3607,324.54,27.65,27.08,46.06,1008.29
3608,324.63,27.65,27.08,46.05,1008.30
3609,324.72,27.65,27.10,46.04,1008.30
3610,324.81,27.65,27.11,46.07,1008.29
3611,324.90,27.65,27.12,46.07,1008.30
3612,324.99,27.65,27.13,46.04,1008.29
3613,325.08,27.65,27.12,46.03,1008.29
3614,325.17,27.65,27.12,46.05,1008.31
3615,325.26,27.65,27.14,46.07,1008.30
3616,325.35,27.65,27.14,46.07,1008.31
3617,325.44,27.65,27.15,46.04,1008.31
3618,325.53,27.65,27.15,46.01,1008.31
3619,325.62,27.65,27.15,46.02,1008.31
3620,325.71,27.65,27.17,46.01,1008.31
3621,325.80,27.65,27.16,46.01,1008.32
3622,325.89,27.65,27.17,46.03,1008.30
3623,325.98,27.65,27.16,46.07,1008.30
3624,326.07,27.65,27.16,46.11,1008.29
3625,326.16,27.65,27.17,46.09,1008.29
3626,326.25,27.65,27.18,46.06,1008.29
3627,326.34,27.65,27.17,46.08,1008.29
3628,326.43,27.65,27.18,46.08,1008.30
3629,326.52,27.65,27.17,46.07,1008.29
3630,326.61,27.65,27.18,46.06,1008.30
3631,326.70,27.65,27.17,46.05,1008.28
3632,326.79,27.65,27.18,46.06,1008.29
3633,326.88,27.65,27.18,46.07,1008.28
3634,326.97,27.65,27.19,46.04,1008.28
3635,327.06,27.65,27.20,46.03,1008.27
3636,327.15,27.65,27.21,46.06,1008.27
3637,327.24,27.65,27.20,46.05,1008.27
3638,327.33,27.65,27.22,46.06,1008.28
3639,327.42,27.65,27.23,46.07,1008.27
3640,327.51,27.65,27.24,46.07,1008.29
3641,327.60,27.65,27.23,46.09,1008.30
3642,327.69,27.65,27.24,46.07,1008.30
3643,327.78,27.65,27.24,46.05,1008.31
3644,327.87,27.65,27.23,46.08,1008.32
3645,327.96,27.65,27.23,46.09,1008.34
3646,328.05,27.65,27.23,46.08,1008.33
3647,328.14,27.65,27.23,46.09,1008.33
3648,328.23,27.65,27.24,46.10,1008.33
3649,328.32,27.65,27.22,46.11,1008.33
3650,328.41,27.65,27.22,46.12,1008.34
3651,328.50,27.65,27.23,46.12,1008.34
3652,328.59,27.65,27.21,46.10,1008.36
3653,328.68,27.65,27.23,46.11,1008.37
3654,328.77,27.65,27.24,46.11,1008.37
3655,328.86,27.65,27.22,46.10,1008.36
3656,328.95,27.65,27.21,46.10,1008.36
3657,329.04,27.65,27.20,46.11,1008.37
3658,329.13,27.65,27.20,46.08,1008.37
3659,329.22,27.65,27.18,46.06,1008.37
3660,329.31,27.65,27.18,46.08,1008.38
3661,329.40,27.65,27.17,46.09,1008.38
3662,329.49,27.65,27.16,46.13,1008.37
3663,329.58,27.65,27.18,46.12,1008.35
3664,329.67,27.65,27.18,46.11,1008.35
3665,329.76,27.65,27.18,46.14,1008.37
3666,329.85,27.65,27.17,46.15,1008.37
3667,329.94,27.65,27.16,46.16,1008.37
3668,330.03,27.65,27.15,46.15,1008.37
3669,330.12,27.65,27.14,46.18,1008.36
3670,330.21,27.65,27.12,46.16,1008.37
3671,330.30,27.65,27.11,46.15,1008.35
3672,330.39,27.65,27.11,46.17,1008.34
3673,330.48,27.65,27.11,46.16,1008.36
3674,330.57,27.65,27.11,46.14,1008.35
3675,330.66,27.65,27.11,46.10,1008.36
3676,330.75,27.65,27.10,46.13,1008.36
3677,330.84,27.65,27.10,46.17,1008.34
3678,330.93,27.65,27.11,46.16,1008.34
3679,331.02,27.65,27.12,46.15,1008.34
3680,331.11,27.65,27.13,46.17,1008.33
3681,331.20,27.65,27.14,46.16,1008.33
3682,331.29,27.65,27.13,46.21,1008.33
3683,331.38,27.65,27.13,46.21,1008.33
3684,331.47,27.65,27.11,46.18,1008.33
3685,331.56,27.65,27.12,46.17,1008.32
3686,331.65,27.65,27.13,46.17,1008.31
3687,331.74,27.65,27.14,46.19,1008.30
3688,331.83,27.65,27.14,46.18,1008.30
3689,331.92,27.65,27.13,46.16,1008.29
3690,332.01,27.65,27.14,46.15,1008.29
3691,332.10,27.65,27.13,46.13,1008.28
3692,332.19,27.65,27.11,46.14,1008.30
3693,332.28,27.65,27.13,46.10,1008.29
3694,332.37,27.65,27.10,46.13,1008.29
3695,332.46,27.65,27.11,46.10,1008.27
3696,332.55,27.65,27.11,46.10,1008.28
3697,332.64,27.65,27.14,46.09,1008.26
3698,332.73,27.65,27.14,46.09,1008.27
3699,332.82,27.65,27.12,46.09,1008.26
3700,332.91,27.65,27.13,46.06,1008.26
3701,333.00,27.65,27.13,46.06,1008.26
3702,333.09,27.65,27.12,46.02,1008.24
3703,333.18,27.65,27.11,46.03,1008.24
3704,333.27,27.65,27.15,46.04,1008.24
3705,333.36,27.65,27.14,46.03,1008.24
3706,333.45,27.65,27.13,46.02,1008.24
3707,333.54,27.65,27.14,46.02,1008.24
3708,333.63,27.65,27.13,46.01,1008.24
3709,333.72,27.65,27.12,45.98,1008.24
3710,333.81,27.65,27.12,45.97,1008.24
3711,333.90,27.65,27.11,45.95,1008.25
3712,333.99,27.65,27.12,45.93,1008.25
3713,334.08,27.65,27.12,45.91,1008.25
3714,334.17,27.65,27.15,45.89,1008.25
3715,334.26,27.65,27.15,45.92,1008.26
3716,334.35,27.65,27.17,45.93,1008.25
3717,334.44,27.65,27.15,45.93,1008.25
3718,334.53,27.65,27.16,45.93,1008.24
3719,334.62,27.65,27.18,45.95,1008.25
3720,334.71,27.65,27.19,45.95,1008.24
3721,334.80,27.65,27.20,45.97,1008.25
3722,334.89,27.65,27.19,45.94,1008.26
3723,334.98,27.65,27.19,45.93,1008.26
3724,335.07,27.65,27.20,45.93,1008.27
3725,335.16,27.65,27.19,45.98,1008.26
3726,335.25,27.65,27.21,45.95,1008.26
3727,335.34,27.65,27.23,45.96,1008.27
3728,335.43,27.65,27.23,45.96,1008.26
3729,335.52,27.65,27.24,45.95,1008.26
3730,335.61,27.65,27.24,45.98,1008.28
3731,335.70,27.65,27.25,45.98,1008.30
3732,335.79,27.65,27.26,45.99,1008.30
3733,335.88,27.65,27.25,45.99,1008.29
3734,335.97,27.65,27.23,45.99,1008.29
3735,336.06,27.65,27.23,45.97,1008.30
3736,336.15,27.65,27.25,45.96,1008.29
3737,336.24,27.65,27.24,45.96,1008.29
3738,336.33,27.65,27.25,45.94,1008.31
3739,336.42,27.65,27.25,45.94,1008.30
3740,336.51,27.65,27.24,45.92,1008.32
3741,336.60,27.65,27.22,45.91,1008.32
3742,336.69,27.65,27.21,45.85,1008.34
3743,336.78,27.65,27.23,45.88,1008.35
3744,336.87,27.65,27.24,45.88,1008.36
3745,336.96,27.65,27.23,45.92,1008.35
3746,337.05,27.65,27.23,45.91,1008.34
3747,337.14,27.65,27.22,45.89,1008.33
3748,337.23,27.65,27.21,45.89,1008.35
3749,337.32,27.65,27.21,45.88,1008.35
3750,337.41,27.65,27.21,45.88,1008.35
3751,337.50,27.65,27.19,45.90,1008.35
3752,337.59,27.65,27.20,45.88,1008.34
3753,337.68,27.65,27.20,45.88,1008.35
3754,337.77,27.65,27.21,45.89,1008.34
3755,337.86,27.65,27.20,45.89,1008.34
3756,337.95,27.65,27.19,45.93,1008.33
3757,338.04,27.65,27.17,45.94,1008.34
3758,338.13,27.65,27.18,45.93,1008.34
3759,338.22,27.65,27.16,45.93,1008.34
3760,338.31,27.64,27.16,45.95,1008.33
3761,338.40,27.64,27.15,45.94,1008.33
3762,338.49,27.64,27.16,45.93,1008.33
3763,338.58,27.64,27.16,45.91,1008.32
3764,338.67,27.64,27.16,45.91,1008.32
3765,338.76,27.64,27.16,45.91,1008.32
3766,338.85,27.64,27.17,45.90,1008.33
3767,338.94,27.64,27.16,45.90,1008.34
3768,339.03,27.64,27.17,45.90,1008.33
3769,339.12,27.64,27.17,45.88,1008.33
3770,339.21,27.64,27.17,45.87,1008.33
3771,339.30,27.64,27.17,45.86,1008.33
3772,339.39,27.64,27.15,45.85,1008.32
3773,339.48,27.64,27.13,45.82,1008.31
3774,339.57,27.64,27.13,45.86,1008.30
3775,339.66,27.64,27.12,45.87,1008.29
3776,339.75,27.64,27.10,45.84,1008.27
3777,339.84,27.64,27.13,45.85,1008.27
3778,339.93,27.64,27.11,45.86,1008.28
3779,340.02,27.64,27.10,45.86,1008.27
3780,340.11,27.64,27.09,45.86,1008.27
3781,340.20,27.64,27.11,45.83,1008.28
3782,340.29,27.64,27.11,45.85,1008.27
3783,340.38,27.64,27.08,45.88,1008.26
3784,340.47,27.64,27.07,45.90,1008.25
3785,340.56,27.64,27.08,45.89,1008.23
3786,340.65,27.64,27.07,45.86,1008.24
3787,340.74,27.64,27.08,45.87,1008.25
3788,340.83,27.64,27.09,45.90,1008.25
3789,340.92,27.64,27.08,45.91,1008.26
3790,341.01,27.64,27.07,45.88,1008.25
3791,341.10,27.64,27.08,45.87,1008.26
3792,341.19,27.64,27.08,45.88,1008.25
3793,341.28,27.64,27.09,45.89,1008.24
3794,341.37,27.64,27.08,45.86,1008.25
3795,341.46,27.64,27.08,45.86,1008.25
3796,341.55,27.64,27.08,45.84,1008.25
3797,341.64,27.64,27.10,45.82,1008.25
3798,341.73,27.64,27.11,45.83,1008.25
3799,341.82,27.64,27.13,45.82,1008.26
3800,341.91,27.64,27.14,45.84,1008.26
3801,342.00,27.64,27.14,45.85,1008.25
3802,342.09,27.64,27.13,45.83,1008.25
3803,342.18,27.64,27.15,45.82,1008.24
3804,342.27,27.64,27.17,45.83,1008.24
3805,342.36,27.64,27.18,45.84,1008.23
3806,342.45,27.64,27.17,45.84,1008.23
3807,342.54,27.64,27.16,45.85,1008.23
3808,342.63,27.64,27.15,45.88,1008.23
3809,342.72,27.64,27.16,45.89,1008.22
3810,342.81,27.64,27.15,45.94,1008.23
3811,342.90,27.64,27.17,45.91,1008.24
3812,342.99,27.64,27.16,45.94,1008.23
3813,343.08,27.64,27.17,45.93,1008.25
3814,343.17,27.64,27.16,45.94,1008.24
3815,343.26,27.64,27.16,45.93,1008.25
3816,343.35,27.64,27.17,45.94,1008.27
3817,343.44,27.64,27.16,45.92,1008.27
3818,343.53,27.64,27.15,45.89,1008.26
3819,343.62,27.64,27.16,45.84,1008.27
3820,343.71,27.64,27.17,45.85,1008.28
3821,343.80,27.64,27.18,45.87,1008.29
3822,343.89,27.64,27.18,45.87,1008.30
3823,343.98,27.64,27.17,45.87,1008.30
3824,344.07,27.64,27.17,45.85,1008.31
3825,344.16,27.64,27.18,45.86,1008.31
3826,344.25,27.64,27.18,45.87,1008.32
3827,344.34,27.64,27.19,45.87,1008.33
3828,344.43,27.64,27.17,45.87,1008.33
3829,344.52,27.64,27.18,45.86,1008.33
3830,344.61,27.64,27.18,45.89,1008.33
3831,344.70,27.64,27.20,45.88,1008.34
3832,344.79,27.64,27.20,45.89,1008.36
3833,344.88,27.64,27.19,45.87,1008.37
3834,344.97,27.64,27.19,45.85,1008.37
3835,345.06,27.64,27.19,45.87,1008.36
3836,345.15,27.64,27.20,45.87,1008.37
3837,345.24,27.64,27.20,45.92,1008.38
3838,345.33,27.64,27.21,45.90,1008.39
3839,345.42,27.64,27.21,45.93,1008.38
3840,345.51,27.64,27.21,45.90,1008.38
3841,345.60,27.64,27.20,45.90,1008.37
3842,345.69,27.64,27.20,45.86,1008.37
3843,345.78,27.64,27.18,45.84,1008.37
3844,345.87,27.64,27.19,45.85,1008.37
3845,345.96,27.64,27.20,45.85,1008.37
3846,346.05,27.64,27.21,45.84,1008.37
3847,346.14,27.64,27.21,45.83,1008.37
3848,346.23,27.64,27.22,45.84,1008.36
3849,346.32,27.64,27.22,45.87,1008.35
3850,346.41,27.64,27.24,45.87,1008.34
3851,346.50,27.64,27.22,45.87,1008.34
3852,346.59,27.64,27.20,45.87,1008.33
3853,346.68,27.64,27.21,45.87,1008.33
3854,346.77,27.64,27.18,45.88,1008.32
3855,346.86,27.64,27.19,45.87,1008.31
3856,346.95,27.64,27.19,45.89,1008.31
3857,347.04,27.64,27.19,45.89,1008.32
3858,347.13,27.64,27.19,45.91,1008.33
3859,347.22,27.64,27.18,45.95,1008.31
3860,347.31,27.64,27.18,45.98,1008.31
3861,347.40,27.64,27.17,45.98,1008.30
3862,347.49,27.64,27.17,45.96,1008.30
3863,347.58,27.64,27.18,45.95,1008.28
3864,347.67,27.64,27.16,45.96,1008.29
3865,347.76,27.64,27.15,45.98,1008.29
3866,347.85,27.64,27.14,46.00,1008.27
3867,347.94,27.64,27.12,46.01,1008.27
3868,348.03,27.64,27.12,45.99,1008.26
3869,348.12,27.64,27.13,45.98,1008.26
3870,348.21,27.64,27.12,45.98,1008.26
3871,348.30,27.64,27.13,45.96,1008.25
3872,348.39,27.64,27.12,45.97,1008.26
3873,348.48,27.64,27.13,45.96,1008.26
3874,348.57,27.64,27.12,45.94,1008.26
3875,348.66,27.64,27.10,45.96,1008.26
3876,348.75,27.64,27.10,45.93,1008.25
3877,348.84,27.64,27.10,45.91,1008.25
3878,348.93,27.64,27.09,45.89,1008.25
3879,349.02,27.64,27.10,45.90,1008.24
3880,349.11,27.64,27.12,45.88,1008.24
3881,349.20,27.64,27.11,45.85,1008.24
3882,349.29,27.64,27.11,45.84,1008.25
3883,349.38,27.64,27.10,45.91,1008.26
3884,349.47,27.64,27.12,45.91,1008.26
3885,349.56,27.64,27.12,45.91,1008.26
3886,349.65,27.64,27.17,45.92,1008.25
3887,349.74,27.64,27.17,45.93,1008.25
3888,349.83,27.64,27.18,45.96,1008.26
3889,349.92,27.64,27.18,45.93,1008.26
3890,350.01,27.64,27.16,45.92,1008.26
3891,350.10,27.64,27.17,45.92,1008.28
3892,350.19,27.64,27.18,45.92,1008.28
3893,350.28,27.64,27.19,45.90,1008.28
3894,350.37,27.64,27.19,45.92,1008.28
3895,350.46,27.64,27.19,45.92,1008.30
3896,350.55,27.64,27.21,45.90,1008.31
3897,350.64,27.64,27.20,45.90,1008.33
3898,350.73,27.64,27.20,45.91,1008.32
3899,350.82,27.64,27.20,45.90,1008.33
3900,350.91,27.64,27.21,45.86,1008.33
3901,351.00,27.64,27.19,45.87,1008.33
3902,351.09,27.64,27.20,45.84,1008.34
3903,351.18,27.64,27.20,45.81,1008.35
3904,351.27,27.64,27.18,45.86,1008.37
3905,351.36,27.64,27.18,45.88,1008.38
3906,351.45,27.64,27.18,45.88,1008.38
3907,351.54,27.64,27.17,45.89,1008.39
3908,351.63,27.64,27.16,45.90,1008.40
3909,351.72,27.64,27.17,45.91,1008.41
3910,351.81,27.64,27.19,45.86,1008.40
3911,351.90,27.64,27.22,45.89,1008.41
3912,351.99,27.64,27.22,45.87,1008.40
3913,352.08,27.64,27.22,45.87,1008.39
3914,352.17,27.64,27.24,45.87,1008.39
3915,352.26,27.64,27.22,45.85,1008.39
3916,352.35,27.64,27.22,45.86,1008.40
3917,352.44,27.64,27.23,45.85,1008.39
3918,352.53,27.64,27.24,45.86,1008.41
3919,352.62,27.64,27.22,45.88,1008.41
3920,352.71,27.64,27.24,45.88,1008.40
3921,352.80,27.64,27.24,45.87,1008.40
3922,352.89,27.64,27.21,45.87,1008.39
3923,352.98,27.64,27.22,45.84,1008.39
3924,353.07,27.64,27.23,45.86,1008.39
3925,353.16,27.64,27.21,45.84,1008.39
3926,353.25,27.64,27.23,45.84,1008.39
3927,353.34,27.64,27.23,45.87,1008.38
3928,353.43,27.64,27.24,45.88,1008.39
3929,353.52,27.64,27.22,45.86,1008.39
3930,353.61,27.64,27.22,45.87,1008.38
3931,353.70,27.64,27.22,45.86,1008.37
3932,353.79,27.64,27.23,45.86,1008.36
3933,353.88,27.64,27.22,45.83,1008.35
3934,353.97,27.64,27.24,45.83,1008.34
3935,354.06,27.64,27.23,45.85,1008.35
3936,354.15,27.64,27.22,45.81,1008.35
3937,354.24,27.64,27.21,45.84,1008.34
3938,354.33,27.64,27.22,45.82,1008.33
3939,354.42,27.64,27.21,45.80,1008.33
3940,354.51,27.64,27.20,45.82,1008.33
3941,354.60,27.64,27.20,45.83,1008.30
3942,354.69,27.64,27.18,45.80,1008.29
3943,354.78,27.64,27.19,45.80,1008.28
3944,354.87,27.64,27.19,45.82,1008.27
3945,354.96,27.64,27.18,45.81,1008.27
3946,355.05,27.64,27.18,45.80,1008.29
3947,355.14,27.64,27.18,45.82,1008.29
3948,355.23,27.64,27.15,45.82,1008.29
3949,355.32,27.64,27.15,45.84,1008.28
3950,355.41,27.64,27.15,45.84,1008.29
3951,355.50,27.64,27.15,45.86,1008.30
3952,355.59,27.64,27.15,45.83,1008.28
3953,355.68,27.64,27.15,45.83,1008.28
3954,355.77,27.64,27.14,45.81,1008.27
3955,355.86,27.64,27.15,45.82,1008.27
3956,355.95,27.64,27.16,45.79,1008.27
3957,356.04,27.64,27.16,45.84,1008.27
3958,356.13,27.64,27.16,45.84,1008.28
3959,356.22,27.64,27.13,45.85,1008.29
3960,356.31,27.64,27.13,45.77,1008.30
3961,356.40,27.64,27.12,45.77,1008.29
3962,356.49,27.64,27.12,45.75,1008.30
3963,356.58,27.64,27.12,45.74,1008.29
3964,356.67,27.64,27.13,45.76,1008.28
3965,356.76,27.64,27.11,45.74,1008.27
3966,356.85,27.64,27.10,45.76,1008.28
3967,356.94,27.64,27.10,45.77,1008.27
3968,357.03,27.64,27.09,45.79,1008.28
3969,357.12,27.64,27.10,45.80,1008.28
3970,357.21,27.64,27.09,45.83,1008.28
3971,357.30,27.64,27.10,45.84,1008.28
3972,357.39,27.64,27.11,45.86,1008.28
3973,357.48,27.64,27.15,45.87,1008.31
3974,357.57,27.64,27.16,45.83,1008.32
3975,357.66,27.64,27.16,45.85,1008.31
3976,357.75,27.64,27.17,45.86,1008.31
3977,357.84,27.64,27.17,45.85,1008.33
3978,357.93,27.64,27.19,45.88,1008.33
3979,358.02,27.64,27.18,45.89,1008.32
3980,358.11,27.64,27.18,45.90,1008.31
3981,358.20,27.64,27.18,45.90,1008.32
3982,358.29,27.64,27.19,45.90,1008.32
3983,358.38,27.64,27.17,45.90,1008.33
3984,358.47,27.64,27.17,45.88,1008.33
3985,358.56,27.64,27.14,45.87,1008.34
3986,358.65,27.64,27.14,45.87,1008.35
3987,358.74,27.64,27.15,45.84,1008.34
3988,358.83,27.64,27.15,45.84,1008.35
3989,358.92,27.64,27.16,45.83,1008.35
3990,359.01,27.64,27.18,45.78,1008.35
3991,359.10,27.64,27.19,45.76,1008.36
3992,359.19,27.64,27.21,45.75,1008.36
3993,359.28,27.64,27.19,45.75,1008.36
3994,359.37,27.64,27.18,45.75,1008.36
3995,359.46,27.64,27.19,45.77,1008.36
3996,359.55,27.64,27.20,45.74,1008.37
3997,359.64,27.64,27.20,45.70,1008.37
3998,359.73,27.64,27.22,45.69,1008.37
3999,359.82,27.64,27.21,45.69,1008.38
4000,359.91,27.64,27.21,45.69,1008.38
4001,360.00,27.64,27.21,45.69,1008.36
4002,360.09,27.64,27.25,45.72,1008.35
4003,360.18,27.64,27.26,45.68,1008.36
4004,360.27,27.64,27.24,45.70,1008.36
4005,360.36,27.64,27.25,45.69,1008.35
4006,360.45,27.64,27.24,45.66,1008.35
4007,360.54,27.64,27.24,45.66,1008.36
4008,360.63,27.64,27.24,45.65,1008.35
4009,360.72,27.64,27.24,45.61,1008.36
4010,360.81,27.64,27.25,45.63,1008.35
4011,360.90,27.64,27.26,45.61,1008.36
4012,360.99,27.64,27.25,45.63,1008.35
4013,361.08,27.64,27.24,45.61,1008.35
4014,361.17,27.64,27.22,45.65,1008.35
4015,361.26,27.64,27.20,45.63,1008.34
4016,361.35,27.64,27.17,45.66,1008.34
4017,361.44,27.64,27.18,45.65,1008.34
4018,361.53,27.64,27.18,45.66,1008.32
4019,361.62,27.64,27.17,45.65,1008.32
4020,361.71,27.64,27.18,45.67,1008.32
4021,361.80,27.64,27.20,45.66,1008.32
4022,361.89,27.64,27.20,45.65,1008.32
4023,361.98,27.64,27.21,45.64,1008.30
4024,362.07,27.64,27.22,45.62,1008.32
4025,362.16,27.64,27.21,45.61,1008.31
4026,362.25,27.64,27.21,45.60,1008.31
4027,362.34,27.64,27.20,45.63,1008.32
4028,362.43,27.64,27.20,45.64,1008.32
4029,362.52,27.64,27.21,45.61,1008.32
4030,362.61,27.64,27.21,45.60,1008.32
4031,362.70,27.64,27.21,45.59,1008.33
4032,362.79,27.64,27.20,45.64,1008.30
4033,362.88,27.64,27.19,45.64,1008.28
4034,362.97,27.64,27.20,45.64,1008.27
4035,363.06,27.64,27.18,45.64,1008.26
4036,363.15,27.63,27.17,45.62,1008.25
4037,363.24,27.63,27.17,45.61,1008.25
4038,363.33,27.63,27.15,45.61,1008.28
4039,363.42,27.63,27.16,45.61,1008.27
4040,363.51,27.63,27.16,45.62,1008.27
4041,363.60,27.63,27.16,45.60,1008.24
4042,363.69,27.63,27.15,45.60,1008.24
4043,363.78,27.63,27.15,45.61,1008.23
4044,363.87,27.63,27.12,45.61,1008.22
4045,363.96,27.63,27.14,45.60,1008.23
4046,364.05,27.63,27.12,45.62,1008.24
4047,364.14,27.63,27.12,45.62,1008.24
4048,364.23,27.63,27.13,45.62,1008.23
4049,364.32,27.63,27.13,45.61,1008.24
4050,364.41,27.63,27.13,45.62,1008.24
4051,364.50,27.63,27.13,45.63,1008.23
4052,364.59,27.63,27.11,45.64,1008.23
4053,364.68,27.63,27.11,45.65,1008.23
4054,364.77,27.63,27.14,45.67,1008.25
4055,364.86,27.63,27.15,45.66,1008.24
4056,364.95,27.63,27.17,45.64,1008.23
4057,365.04,27.63,27.18,45.60,1008.25
4058,365.13,27.63,27.17,45.58,1008.26
4059,365.22,27.63,27.15,45.56,1008.26
4060,365.31,27.63,27.14,45.55,1008.28
4061,365.40,27.63,27.14,45.56,1008.28
4062,365.49,27.63,27.13,45.55,1008.28
4063,365.58,27.63,27.13,45.56,1008.28
4064,365.67,27.63,27.13,45.58,1008.29
4065,365.76,27.63,27.13,45.55,1008.29
4066,365.85,27.63,27.14,45.56,1008.30
4067,365.94,27.63,27.13,45.58,1008.31
4068,366.03,27.63,27.13,45.58,1008.31
4069,366.12,27.63,27.13,45.61,1008.32
4070,366.21,27.63,27.12,45.62,1008.32
4071,366.30,27.63,27.12,45.60,1008.32
4072,366.39,27.63,27.13,45.61,1008.32
4073,366.48,27.63,27.13,45.59,1008.33
4074,366.57,27.63,27.14,45.59,1008.32
4075,366.66,27.63,27.15,45.59,1008.32
4076,366.75,27.63,27.16,45.60,1008.33
4077,366.84,27.63,27.17,45.55,1008.36
4078,366.93,27.63,27.17,45.55,1008.34
4079,367.02,27.63,27.15,45.55,1008.34
4080,367.11,27.63,27.16,45.54,1008.33
4081,367.20,27.63,27.16,45.54,1008.34
4082,367.29,27.63,27.16,45.53,1008.34
4083,367.38,27.63,27.17,45.53,1008.35
4084,367.47,27.63,27.18,45.52,1008.35
4085,367.56,27.63,27.17,45.49,1008.34
4086,367.65,27.63,27.19,45.50,1008.35
4087,367.74,27.63,27.20,45.51,1008.35
4088,367.83,27.63,27.19,45.51,1008.34
4089,367.92,27.63,27.20,45.53,1008.34
4090,368.01,27.63,27.20,45.54,1008.34
4091,368.10,27.63,27.21,45.56,1008.34
4092,368.19,27.63,27.23,45.55,1008.35
4093,368.28,27.63,27.24,45.52,1008.35
4094,368.37,27.63,27.26,45.50,1008.35
4095,368.46,27.63,27.27,45.49,1008.35
4096,368.55,27.63,27.26,45.50,1008.34
4097,368.64,27.63,27.24,45.50,1008.33
4098,368.73,27.63,27.24,45.46,1008.32
4099,368.82,27.63,27.25,45.47,1008.31
4100,368.91,27.63,27.24,45.45,1008.32
4101,369.00,27.63,27.25,45.47,1008.32
4102,369.09,27.63,27.24,45.49,1008.32
4103,369.18,27.63,27.23,45.48,1008.32
4104,369.27,27.63,27.26,45.50,1008.31
4105,369.36,27.63,27.24,45.52,1008.30
4106,369.45,27.63,27.23,45.48,1008.29
4107,369.54,27.63,27.25,45.51,1008.29
4108,369.63,27.63,27.25,45.50,1008.29
4109,369.72,27.63,27.25,45.51,1008.29
4110,369.81,27.63,27.26,45.51,1008.28
4111,369.90,27.63,27.25,45.52,1008.26
4112,369.99,27.63,27.24,45.49,1008.27
4113,370.08,27.63,27.23,45.50,1008.27
4114,370.17,27.63,27.24,45.52,1008.26
4115,370.26,27.63,27.23,45.48,1008.25
4116,370.35,27.63,27.23,45.48,1008.23
4117,370.44,27.63,27.23,45.47,1008.22
4118,370.53,27.63,27.24,45.45,1008.22
4119,370.62,27.63,27.25,45.48,1008.23
4120,370.71,27.63,27.26,45.51,1008.23
4121,370.80,27.63,27.25,45.54,1008.23
4122,370.89,27.63,27.25,45.55,1008.22
4123,370.98,27.63,27.26,45.54,1008.21
4124,371.07,27.63,27.25,45.57,1008.23
4125,371.16,27.63,27.24,45.59,1008.21
4126,371.25,27.63,27.25,45.56,1008.21
4127,371.34,27.63,27.24,45.55,1008.21
4128,371.43,27.63,27.24,45.55,1008.22
4129,371.52,27.63,27.24,45.53,1008.22
4130,371.61,27.63,27.22,45.54,1008.21
4131,371.70,27.63,27.22,45.53,1008.22
4132,371.79,27.63,27.20,45.50,1008.22
4133,371.88,27.63,27.20,45.49,1008.24
4134,371.97,27.63,27.18,45.48,1008.23
4135,372.06,27.63,27.19,45.48,1008.23
4136,372.15,27.63,27.17,45.50,1008.23
4137,372.24,27.63,27.16,45.51,1008.24
4138,372.33,27.63,27.16,45.51,1008.24
4139,372.42,27.63,27.16,45.46,1008.24
4140,372.51,27.63,27.17,45.43,1008.23
4141,372.60,27.63,27.17,45.44,1008.24
4142,372.69,27.63,27.16,45.45,1008.25
4143,372.78,27.63,27.16,45.44,1008.24
4144,372.87,27.63,27.17,45.44,1008.25
4145,372.96,27.63,27.17,45.45,1008.26
4146,373.05,27.63,27.17,45.42,1008.27
4147,373.14,27.63,27.17,45.44,1008.27
4148,373.23,27.63,27.16,45.45,1008.27
4149,373.32,27.63,27.18,45.44,1008.28
4150,373.41,27.63,27.19,45.46,1008.29
4151,373.50,27.63,27.21,45.46,1008.29
4152,373.59,27.63,27.22,45.48,1008.31
4153,373.68,27.63,27.23,45.49,1008.32
4154,373.77,27.63,27.24,45.46,1008.31
4155,373.86,27.63,27.24,45.45,1008.32
4156,373.95,27.63,27.25,45.48,1008.33
4157,374.04,27.63,27.22,45.49,1008.35
4158,374.13,27.63,27.21,45.47,1008.34
4159,374.22,27.63,27.22,45.46,1008.34
4160,374.31,27.63,27.21,45.45,1008.34
4161,374.40,27.63,27.22,45.45,1008.35
4162,374.49,27.63,27.23,45.46,1008.36
4163,374.58,27.63,27.22,45.46,1008.35
4164,374.67,27.63,27.23,45.47,1008.36
4165,374.76,27.63,27.26,45.48,1008.35
4166,374.85,27.63,27.26,45.50,1008.35
4167,374.94,27.63,27.23,45.47,1008.35
4168,375.03,27.63,27.22,45.44,1008.36
4169,375.12,27.63,27.23,45.45,1008.36
4170,375.21,27.63,27.23,45.45,1008.35
4171,375.30,27.63,27.22,45.44,1008.34
4172,375.39,27.63,27.21,45.47,1008.34
4173,375.48,27.63,27.21,45.42,1008.34
4174,375.57,27.63,27.21,45.39,1008.35
4175,375.66,27.63,27.21,45.42,1008.34
4176,375.75,27.63,27.19,45.44,1008.33
4177,375.84,27.63,27.21,45.44,1008.33
4178,375.93,27.63,27.20,45.47,1008.33
4179,376.02,27.63,27.21,45.47,1008.32
4180,376.11,27.63,27.21,45.47,1008.31
4181,376.20,27.63,27.22,45.48,1008.31
4182,376.29,27.63,27.20,45.45,1008.31
4183,376.38,27.63,27.22,45.45,1008.30
4184,376.47,27.63,27.23,45.45,1008.30
4185,376.56,27.63,27.22,45.43,1008.29
4186,376.65,27.63,27.23,45.40,1008.29
4187,376.74,27.63,27.23,45.40,1008.29
4188,376.83,27.63,27.24,45.42,1008.29
4189,376.92,27.63,27.22,45.43,1008.28
4190,377.01,27.63,27.22,45.45,1008.28
4191,377.10,27.63,27.21,45.47,1008.27
4192,377.19,27.63,27.19,45.46,1008.27
4193,377.28,27.63,27.19,45.47,1008.26
4194,377.37,27.63,27.19,45.44,1008.26
4195,377.46,27.63,27.18,45.45,1008.25
4196,377.55,27.63,27.16,45.46,1008.25
4197,377.64,27.63,27.17,45.47,1008.25
4198,377.73,27.63,27.16,45.48,1008.25
4199,377.82,27.63,27.15,45.46,1008.25
4200,377.91,27.63,27.16,45.47,1008.25
4201,378.00,27.63,27.14,45.45,1008.24
4202,378.09,27.63,27.13,45.44,1008.24
4203,378.18,27.63,27.13,45.43,1008.24
4204,378.27,27.63,27.14,45.43,1008.24
4205,378.36,27.63,27.15,45.44,1008.24
4206,378.45,27.63,27.12,45.50,1008.24
4207,378.54,27.63,27.10,45.51,1008.24
4208,378.63,27.63,27.11,45.51,1008.25
4209,378.72,27.63,27.12,45.49,1008.26
4210,378.81,27.63,27.13,45.47,1008.26
4211,378.90,27.63,27.15,45.43,1008.27
4212,378.99,27.63,27.16,45.48,1008.27
4213,379.08,27.63,27.16,45.50,1008.28
4214,379.17,27.63,27.18,45.45,1008.29
4215,379.26,27.63,27.17,45.45,1008.28
4216,379.35,27.63,27.17,45.44,1008.29
4217,379.44,27.63,27.15,45.43,1008.30
4218,379.53,27.63,27.18,45.41,1008.31
4219,379.62,27.63,27.19,45.41,1008.31
4220,379.71,27.63,27.21,45.43,1008.32
4221,379.80,27.63,27.21,45.45,1008.31
4222,379.89,27.63,27.20,45.46,1008.32
4223,379.98,27.63,27.20,45.39,1008.31
4224,380.07,27.63,27.23,45.41,1008.32
4225,380.16,27.63,27.23,45.40,1008.33
4226,380.25,27.63,27.24,45.40,1008.34
4227,380.34,27.63,27.23,45.40,1008.33
4228,380.43,27.63,27.23,45.39,1008.33
4229,380.52,27.63,27.22,45.44,1008.34
4230,380.61,27.63,27.22,45.48,1008.35
4231,380.70,27.63,27.22,45.47,1008.35
4232,380.79,27.63,27.19,45.48,1008.36
4233,380.88,27.63,27.19,45.48,1008.36
4234,380.97,27.63,27.19,45.45,1008.37
4235,381.06,27.63,27.17,45.43,1008.38
4236,381.15,27.63,27.15,45.39,1008.38
4237,381.24,27.63,27.16,45.39,1008.38
4238,381.33,27.63,27.17,45.40,1008.38
4239,381.42,27.63,27.17,45.39,1008.39
4240,381.51,27.63,27.16,45.41,1008.39
4241,381.60,27.63,27.16,45.41,1008.40
4242,381.69,27.63,27.16,45.39,1008.39
4243,381.78,27.63,27.16,45.37,1008.40
4244,381.87,27.63,27.17,45.36,1008.40
4245,381.96,27.63,27.17,45.36,1008.39
4246,382.05,27.63,27.18,45.32,1008.39
4247,382.14,27.63,27.17,45.32,1008.40
4248,382.23,27.63,27.19,45.32,1008.39
4249,382.32,27.63,27.18,45.31,1008.40
4250,382.41,27.63,27.18,45.31,1008.39
4251,382.50,27.63,27.16,45.31,1008.39
4252,382.59,27.63,27.14,45.33,1008.39
4253,382.68,27.63,27.15,45.33,1008.38
4254,382.77,27.63,27.15,45.31,1008.38
4255,382.86,27.63,27.15,45.29,1008.37
4256,382.95,27.63,27.17,45.29,1008.37
4257,383.04,27.63,27.18,45.26,1008.35
4258,383.13,27.63,27.18,45.28,1008.36
4259,383.22,27.63,27.19,45.26,1008.36
4260,383.31,27.63,27.19,45.29,1008.33
4261,383.40,27.63,27.20,45.31,1008.32
4262,383.49,27.63,27.20,45.28,1008.33
4263,383.58,27.63,27.20,45.29,1008.33
4264,383.67,27.63,27.21,45.29,1008.34
4265,383.76,27.63,27.22,45.27,1008.33
4266,383.85,27.63,27.23,45.33,1008.34
4267,383.94,27.63,27.24,45.33,1008.34
4268,384.03,27.63,27.24,45.30,1008.33
4269,384.12,27.63,27.25,45.31,1008.32
4270,384.21,27.63,27.25,45.31,1008.32
4271,384.30,27.63,27.24,45.30,1008.32
4272,384.39,27.63,27.26,45.28,1008.31
4273,384.48,27.63,27.23,45.29,1008.29
4274,384.57,27.63,27.23,45.29,1008.29
4275,384.66,27.63,27.23,45.25,1008.29
4276,384.75,27.63,27.23,45.24,1008.28
4277,384.84,27.63,27.24,45.26,1008.29
4278,384.93,27.63,27.27,45.28,1008.28
4279,385.02,27.63,27.27,45.24,1008.28
4280,385.11,27.63,27.29,45.25,1008.27
4281,385.20,27.63,27.29,45.30,1008.27
4282,385.29,27.63,27.31,45.32,1008.27
4283,385.38,27.63,27.31,45.32,1008.26
4284,385.47,27.63,27.31,45.30,1008.27
4285,385.56,27.63,27.33,45.28,1008.27
4286,385.65,27.63,27.33,45.29,1008.26
4287,385.74,27.63,27.32,45.30,1008.26
4288,385.83,27.63,27.33,45.28,1008.26
4289,385.92,27.63,27.31,45.27,1008.28
4290,386.01,27.63,27.30,45.29,1008.28
4291,386.10,27.63,27.29,45.30,1008.28
4292,386.19,27.63,27.29,45.28,1008.30
4293,386.28,27.63,27.30,45.29,1008.29
4294,386.37,27.63,27.30,45.27,1008.28
4295,386.46,27.63,27.31,45.28,1008.29
4296,386.55,27.63,27.34,45.29,1008.28
4297,386.64,27.63,27.34,45.32,1008.27
4298,386.73,27.63,27.33,45.30,1008.29
4299,386.82,27.63,27.32,45.34,1008.29
4300,386.91,27.63,27.32,45.34,1008.29
4301,387.00,27.63,27.30,45.37,1008.30
4302,387.09,27.63,27.30,45.39,1008.31
4303,387.18,27.63,27.28,45.40,1008.31
4304,387.27,27.63,27.26,45.41,1008.31
4305,387.36,27.63,27.26,45.44,1008.31
4306,387.45,27.63,27.26,45.43,1008.30
4307,387.54,27.63,27.29,45.43,1008.30
4308,387.63,27.63,27.28,45.42,1008.31
4309,387.72,27.63,27.28,45.44,1008.30
4310,387.81,27.63,27.28,45.43,1008.31
4311,387.90,27.63,27.31,45.39,1008.31
4312,387.99,27.63,27.29,45.46,1008.31
4313,388.08,27.63,27.27,45.42,1008.31
4314,388.17,27.63,27.25,45.43,1008.32
4315,388.26,27.63,27.25,45.40,1008.32
4316,388.35,27.64,27.25,45.36,1008.33
4317,388.44,27.64,27.25,45.36,1008.34
4318,388.53,27.63,27.26,45.35,1008.34
4319,388.62,27.63,27.24,45.31,1008.34
4320,388.71,27.63,27.24,45.34,1008.34
4321,388.80,27.63,27.24,45.34,1008.34
4322,388.89,27.63,27.24,45.35,1008.33
4323,388.98,27.63,27.22,45.37,1008.34
4324,389.07,27.63,27.21,45.40,1008.34
4325,389.16,27.64,27.20,45.44,1008.34
4326,389.25,27.63,27.20,45.47,1008.33
4327,389.34,27.64,27.21,45.47,1008.34
4328,389.43,27.65,27.19,45.47,1008.35
4329,389.52,27.67,27.19,45.46,1008.34
4330,389.61,27.66,27.20,45.45,1008.33
4331,389.70,27.64,27.21,45.47,1008.34
4332,389.79,27.64,27.21,45.48,1008.35
4333,389.88,27.63,27.22,45.46,1008.35
4334,389.97,27.63,27.19,45.43,1008.36
4335,390.06,27.63,27.20,45.44,1008.36
4336,390.15,27.63,27.22,45.41,1008.37
4337,390.24,27.63,27.21,45.43,1008.36
4338,390.33,27.63,27.21,45.45,1008.36
4339,390.42,27.63,27.20,45.43,1008.36
4340,390.51,27.63,27.20,45.42,1008.37
4341,390.60,27.63,27.19,45.43,1008.37
4342,390.69,27.63,27.20,45.42,1008.37
4343,390.78,27.63,27.22,45.40,1008.36
4344,390.87,27.63,27.21,45.40,1008.36
4345,390.96,27.63,27.20,45.36,1008.35
4346,391.05,27.63,27.19,45.36,1008.34
4347,391.14,27.63,27.21,45.36,1008.33
4348,391.23,27.63,27.21,45.38,1008.32
4349,391.32,27.63,27.22,45.38,1008.32
4350,391.41,27.63,27.22,45.38,1008.31
4351,391.50,27.63,27.24,45.38,1008.31
4352,391.59,27.63,27.23,45.36,1008.31
4353,391.68,27.63,27.24,45.34,1008.32
4354,391.77,27.63,27.23,45.38,1008.31
4355,391.86,27.63,27.22,45.39,1008.31
4356,391.95,27.63,27.22,45.36,1008.30
4357,392.04,27.63,27.19,45.37,1008.30
4358,392.13,27.63,27.15,45.40,1008.30
4359,392.22,27.63,27.11,45.34,1008.29
4360,392.31,27.63,27.10,45.34,1008.29
4361,392.40,27.63,27.12,45.33,1008.30
4362,392.49,27.63,27.14,45.32,1008.28
4363,392.58,27.63,27.19,45.35,1008.28
4364,392.67,27.63,27.24,45.37,1008.27
4365,392.76,27.63,27.26,45.37,1008.28
4366,392.85,27.63,27.27,45.40,1008.27
4367,392.94,27.63,27.27,45.42,1008.27
4368,393.03,27.63,27.26,45.44,1008.28
4369,393.12,27.63,27.26,45.48,1008.27
4370,393.21,27.63,27.26,45.49,1008.26
4371,393.30,27.63,27.26,45.46,1008.26
4372,393.39,27.63,27.25,45.45,1008.27
4373,393.48,27.63,27.24,45.42,1008.26
4374,393.57,27.62,27.24,45.41,1008.27
4375,393.66,27.62,27.24,45.44,1008.27
4376,393.75,27.62,27.23,45.43,1008.27
4377,393.84,27.62,27.23,45.43,1008.25
4378,393.93,27.62,27.22,45.40,1008.25
4379,394.02,27.62,27.25,45.41,1008.25
4380,394.11,27.62,27.24,45.41,1008.24
4381,394.20,27.62,27.24,45.43,1008.24
4382,394.29,27.62,27.25,45.45,1008.25
4383,394.38,27.62,27.26,45.48,1008.25
4384,394.47,27.62,27.27,45.52,1008.25
4385,394.56,27.62,27.25,45.49,1008.26
4386,394.65,27.62,27.25,45.50,1008.27
4387,394.74,27.62,27.25,45.50,1008.28
4388,394.83,27.62,27.26,45.45,1008.29
4389,394.92,27.62,27.26,45.47,1008.31
4390,395.01,27.62,27.26,45.47,1008.30
4391,395.10,27.62,27.27,45.48,1008.31
4392,395.19,27.62,27.27,45.48,1008.31
4393,395.28,27.62,27.29,45.49,1008.31
4394,395.37,27.62,27.30,45.51,1008.32
4395,395.46,27.62,27.32,45.46,1008.31
4396,395.55,27.62,27.31,45.44,1008.31
4397,395.64,27.62,27.29,45.44,1008.32
4398,395.73,27.62,27.29,45.44,1008.33
4399,395.82,27.62,27.30,45.44,1008.31
4400,395.91,27.62,27.28,45.43,1008.33
4401,396.00,27.62,27.26,45.42,1008.34
4402,396.09,27.62,27.27,45.41,1008.35
4403,396.18,27.62,27.28,45.40,1008.35
4404,396.27,27.62,27.28,45.37,1008.36
4405,396.36,27.62,27.26,45.36,1008.36
4406,396.45,27.62,27.26,45.37,1008.33
4407,396.54,27.62,27.27,45.37,1008.33
4408,396.63,27.62,27.27,45.37,1008.33
4409,396.72,27.62,27.26,45.35,1008.33
4410,396.81,27.62,27.25,45.35,1008.32
4411,396.90,27.62,27.23,45.34,1008.32
4412,396.99,27.62,27.24,45.38,1008.32
4413,397.08,27.62,27.25,45.41,1008.31
4414,397.17,27.62,27.23,45.41,1008.32
4415,397.26,27.62,27.22,45.43,1008.31
4416,397.35,27.62,27.21,45.45,1008.31
4417,397.44,27.62,27.20,45.43,1008.31
4418,397.53,27.62,27.20,45.43,1008.29
4419,397.62,27.62,27.23,45.42,1008.30
4420,397.71,27.62,27.23,45.40,1008.30
4421,397.80,27.62,27.22,45.43,1008.31
4422,397.89,27.62,27.21,45.44,1008.32
4423,397.98,27.62,27.18,45.46,1008.33
4424,398.07,27.62,27.20,45.49,1008.33
4425,398.16,27.62,27.18,45.49,1008.32
4426,398.25,27.62,27.18,45.49,1008.32
4427,398.34,27.62,27.17,45.48,1008.31
4428,398.43,27.62,27.15,45.47,1008.30
4429,398.52,27.62,27.18,45.47,1008.29
4430,398.61,27.62,27.19,45.48,1008.28
4431,398.70,27.63,27.20,45.48,1008.27
4432,398.79,27.62,27.19,45.49,1008.27
4433,398.88,27.62,27.20,45.53,1008.28
4434,398.97,27.62,27.19,45.48,1008.28
4435,399.06,27.62,27.19,45.49,1008.28
4436,399.15,27.62,27.18,45.48,1008.27
4437,399.24,27.63,27.17,45.46,1008.27
4438,399.33,27.64,27.16,45.44,1008.27
4439,399.42,27.65,27.18,45.45,1008.28
4440,399.51,27.63,27.19,45.44,1008.26
4441,399.60,27.62,27.23,45.45,1008.26
4442,399.69,27.62,27.22,45.46,1008.25
4443,399.78,27.62,27.22,45.47,1008.25
4444,399.87,27.62,27.21,45.49,1008.25
4445,399.96,27.62,27.22,45.47,1008.23
4446,400.05,27.62,27.23,45.52,1008.22
4447,400.14,27.62,27.22,45.56,1008.22
4448,400.23,27.62,27.22,45.52,1008.22
4449,400.32,27.62,27.23,45.52,1008.22
4450,400.41,27.62,27.24,45.51,1008.21
4451,400.50,27.62,27.23,45.49,1008.22
4452,400.59,27.62,27.23,45.52,1008.22
4453,400.68,27.62,27.25,45.49,1008.22
4454,400.77,27.62,27.25,45.46,1008.24
4455,400.86,27.62,27.28,45.46,1008.24
4456,400.95,27.62,27.28,45.46,1008.24
4457,401.04,27.62,27.28,45.45,1008.24
4458,401.13,27.62,27.30,45.47,1008.24
4459,401.22,27.62,27.30,45.42,1008.25
4460,401.31,27.62,27.31,45.41,1008.25
4461,401.40,27.62,27.32,45.38,1008.24
4462,401.49,27.62,27.31,45.37,1008.24
4463,401.58,27.62,27.32,45.39,1008.24
4464,401.67,27.62,27.33,45.36,1008.23
4465,401.76,27.62,27.35,45.37,1008.24
4466,401.85,27.62,27.36,45.39,1008.24
4467,401.94,27.62,27.37,45.36,1008.24
4468,402.03,27.62,27.38,45.33,1008.25
4469,402.12,27.62,27.37,45.36,1008.25
4470,402.21,27.62,27.37,45.38,1008.25
4471,402.30,27.62,27.36,45.37,1008.26
4472,402.39,27.62,27.36,45.34,1008.26
4473,402.48,27.62,27.35,45.34,1008.26
4474,402.57,27.62,27.33,45.34,1008.27
4475,402.66,27.62,27.32,45.34,1008.28
4476,402.75,27.62,27.33,45.35,1008.27
4477,402.84,27.62,27.33,45.34,1008.29
4478,402.93,27.62,27.35,45.34,1008.30
4479,403.02,27.62,27.34,45.33,1008.30
4480,403.11,27.62,27.35,45.33,1008.28
4481,403.20,27.62,27.34,45.32,1008.31
4482,403.29,27.62,27.35,45.37,1008.32
4483,403.38,27.62,27.34,45.35,1008.32
4484,403.47,27.62,27.36,45.38,1008.32
4485,403.56,27.62,27.36,45.41,1008.32
4486,403.65,27.62,27.37,45.40,1008.32
4487,403.74,27.62,27.34,45.43,1008.33
4488,403.83,27.62,27.34,45.41,1008.34
4489,403.92,27.62,27.34,45.42,1008.35
4490,404.01,27.62,27.33,45.43,1008.34
4491,404.10,27.62,27.35,45.39,1008.33
4492,404.19,27.62,27.36,45.38,1008.32
4493,404.28,27.62,27.35,45.39,1008.33
4494,404.37,27.62,27.35,45.36,1008.32
4495,404.46,27.62,27.36,45.36,1008.33
4496,404.55,27.62,27.34,45.35,1008.35
4497,404.64,27.62,27.35,45.33,1008.34
4498,404.73,27.62,27.35,45.34,1008.34
4499,404.82,27.62,27.36,45.30,1008.33
4500,404.91,27.62,27.35,45.30,1008.33
4501,405.00,27.62,27.33,45.30,1008.33
4502,405.09,27.62,27.34,45.32,1008.33
4503,405.18,27.62,27.33,45.29,1008.32
4504,405.27,27.62,27.31,45.30,1008.31
4505,405.36,27.62,27.30,45.32,1008.30
4506,405.45,27.62,27.30,45.31,1008.31
4507,405.54,27.62,27.29,45.31,1008.31
4508,405.63,27.62,27.29,45.27,1008.30
4509,405.72,27.62,27.31,45.28,1008.30
4510,405.81,27.62,27.28,45.29,1008.29
4511,405.90,27.62,27.29,45.27,1008.29
4512,405.99,27.62,27.29,45.28,1008.29
4513,406.08,27.62,27.27,45.27,1008.28
4514,406.17,27.62,27.26,45.27,1008.27
4515,406.26,27.62,27.25,45.29,1008.29
4516,406.35,27.62,27.26,45.32,1008.28
4517,406.44,27.62,27.25,45.32,1008.29
4518,406.53,27.62,27.24,45.30,1008.27
4519,406.62,27.62,27.24,45.33,1008.28
4520,406.71,27.62,27.24,45.37,1008.28
4521,406.80,27.62,27.23,45.35,1008.27
4522,406.89,27.62,27.25,45.37,1008.28
4523,406.98,27.62,27.26,45.40,1008.27
4524,407.07,27.62,27.26,45.37,1008.25
4525,407.16,27.62,27.26,45.35,1008.24
4526,407.25,27.62,27.24,45.36,1008.23
4527,407.34,27.62,27.24,45.35,1008.23
4528,407.43,27.62,27.23,45.36,1008.24
4529,407.52,27.62,27.22,45.40,1008.24
4530,407.61,27.62,27.21,45.39,1008.24
4531,407.70,27.62,27.18,45.39,1008.22
4532,407.79,27.62,27.21,45.42,1008.23
4533,407.88,27.62,27.20,45.41,1008.24
4534,407.97,27.62,27.21,45.41,1008.25
4535,408.06,27.62,27.19,45.44,1008.26
4536,408.15,27.62,27.18,45.44,1008.25
4537,408.24,27.62,27.18,45.42,1008.26
4538,408.33,27.62,27.18,45.44,1008.27
4539,408.42,27.62,27.20,45.43,1008.26
4540,408.51,27.62,27.20,45.43,1008.28
4541,408.60,27.62,27.21,45.42,1008.28
4542,408.69,27.62,27.22,45.41,1008.28
4543,408.78,27.62,27.21,45.41,1008.29
4544,408.87,27.62,27.21,45.40,1008.30
4545,408.96,27.62,27.22,45.43,1008.29
4546,409.05,27.62,27.22,45.42,1008.30
4547,409.14,27.62,27.24,45.42,1008.30
4548,409.23,27.62,27.22,45.42,1008.30
4549,409.32,27.62,27.20,45.48,1008.31
4550,409.41,27.62,27.19,45.49,1008.31
4551,409.50,27.62,27.21,45.46,1008.31
4552,409.59,27.62,27.22,45.46,1008.30
4553,409.68,27.62,27.21,45.47,1008.32
4554,409.77,27.62,27.21,45.45,1008.34
4555,409.86,27.62,27.22,45.45,1008.35
4556,409.95,27.62,27.24,45.48,1008.35
4557,410.04,27.62,27.25,45.50,1008.34
4558,410.13,27.62,27.26,45.46,1008.35
4559,410.22,27.62,27.28,45.46,1008.34
4560,410.31,27.62,27.28,45.44,1008.34
4561,410.40,27.62,27.29,45.44,1008.34
4562,410.49,27.62,27.29,45.44,1008.34
4563,410.58,27.62,27.28,45.44,1008.35
4564,410.67,27.62,27.27,45.45,1008.35
4565,410.76,27.62,27.26,45.45,1008.36
4566,410.85,27.62,27.26,45.45,1008.37
4567,410.94,27.62,27.29,45.45,1008.37
4568,411.03,27.62,27.31,45.44,1008.38
4569,411.12,27.62,27.33,45.46,1008.37
4570,411.21,27.62,27.37,45.47,1008.36
4571,411.30,27.62,27.36,45.42,1008.37
4572,411.39,27.62,27.36,45.43,1008.38
4573,411.48,27.62,27.38,45.38,1008.38
4574,411.57,27.62,27.38,45.39,1008.39
4575,411.66,27.62,27.37,45.39,1008.39
4576,411.75,27.62,27.36,45.39,1008.39
4577,411.84,27.62,27.35,45.40,1008.38
4578,411.93,27.62,27.36,45.38,1008.38
4579,412.02,27.62,27.36,45.39,1008.36
4580,412.11,27.62,27.36,45.40,1008.37
4581,412.20,27.62,27.35,45.37,1008.37
4582,412.29,27.62,27.34,45.40,1008.35
4583,412.38,27.62,27.35,45.40,1008.36
4584,412.47,27.62,27.34,45.39,1008.36
4585,412.56,27.62,27.33,45.39,1008.36
4586,412.65,27.63,27.33,45.41,1008.36
4587,412.74,27.63,27.33,45.43,1008.36
4588,412.83,27.63,27.32,45.41,1008.36
4589,412.92,27.63,27.31,45.44,1008.37
4590,413.01,27.63,27.31,45.42,1008.35
4591,413.10,27.63,27.32,45.45,1008.37
4592,413.19,27.63,27.30,45.45,1008.37
4593,413.28,27.62,27.30,45.44,1008.36
4594,413.37,27.63,27.33,45.47,1008.36
4595,413.46,27.64,27.33,45.44,1008.36
4596,413.55,27.64,27.32,45.40,1008.35
4597,413.64,27.63,27.33,45.43,1008.33
4598,413.73,27.63,27.31,45.40,1008.32
4599,413.82,27.62,27.32,45.39,1008.32
4600,413.91,27.62,27.33,45.40,1008.30
4601,414.00,27.63,27.33,45.39,1008.30
4602,414.09,27.64,27.32,45.40,1008.29
4603,414.18,27.64,27.34,45.42,1008.28
4604,414.27,27.63,27.34,45.43,1008.26
4605,414.36,27.62,27.34,45.40,1008.25
4606,414.45,27.62,27.34,45.39,1008.28
4607,414.54,27.64,27.33,45.40,1008.28
4608,414.63,27.63,27.32,45.40,1008.27
4609,414.72,27.64,27.30,45.40,1008.27
4610,414.81,27.62,27.29,45.41,1008.26
4611,414.90,27.62,27.28,45.40,1008.26
4612,414.99,27.62,27.28,45.41,1008.27
4613,415.08,27.62,27.29,45.44,1008.28
4614,415.17,27.62,27.29,45.43,1008.28
4615,415.26,27.62,27.27,45.43,1008.28
4616,415.35,27.62,27.26,45.44,1008.26
4617,415.44,27.62,27.24,45.42,1008.27
4618,415.53,27.62,27.25,45.42,1008.27
4619,415.62,27.62,27.22,45.43,1008.28
4620,415.71,27.62,27.22,45.44,1008.26
4621,415.80,27.62,27.21,45.42,1008.26
4622,415.89,27.62,27.21,45.40,1008.26
4623,415.98,27.62,27.21,45.40,1008.26
4624,416.07,27.62,27.22,45.39,1008.27
4625,416.16,27.62,27.22,45.39,1008.27
4626,416.25,27.62,27.21,45.41,1008.27
4627,416.34,27.62,27.20,45.45,1008.28
4628,416.43,27.62,27.20,45.45,1008.28
4629,416.52,27.62,27.19,45.46,1008.29
4630,416.61,27.62,27.20,45.47,1008.31
4631,416.70,27.62,27.20,45.44,1008.30
4632,416.79,27.62,27.21,45.41,1008.31
4633,416.88,27.62,27.23,45.39,1008.31
4634,416.97,27.62,27.23,45.40,1008.32
4635,417.06,27.62,27.23,45.42,1008.32
4636,417.15,27.62,27.25,45.41,1008.31
4637,417.24,27.62,27.26,45.39,1008.31
4638,417.33,27.62,27.27,45.39,1008.32
4639,417.42,27.62,27.28,45.40,1008.32
4640,417.51,27.62,27.28,45.40,1008.31
4641,417.60,27.62,27.26,45.41,1008.30
4642,417.69,27.62,27.26,45.42,1008.30
4643,417.78,27.62,27.26,45.43,1008.30
4644,417.87,27.62,27.27,45.44,1008.30
4645,417.96,27.62,27.25,45.46,1008.31
4646,418.05,27.62,27.26,45.42,1008.31
4647,418.14,27.62,27.26,45.45,1008.31
4648,418.23,27.62,27.27,45.44,1008.33
4649,418.32,27.62,27.30,45.44,1008.33
4650,418.41,27.62,27.31,45.42,1008.34
4651,418.50,27.62,27.31,45.45,1008.35
4652,418.59,27.62,27.32,45.47,1008.35
4653,418.68,27.62,27.31,45.49,1008.36
4654,418.77,27.62,27.30,45.50,1008.36
4655,418.86,27.62,27.31,45.51,1008.37
4656,418.95,27.62,27.31,45.54,1008.39
4657,419.04,27.62,27.32,45.53,1008.39
4658,419.13,27.62,27.31,45.53,1008.38
4659,419.22,27.62,27.33,45.51,1008.39
4660,419.31,27.62,27.33,45.49,1008.39
4661,419.40,27.62,27.33,45.49,1008.38
4662,419.49,27.62,27.34,45.48,1008.38
4663,419.58,27.62,27.33,45.49,1008.38
4664,419.67,27.62,27.32,45.47,1008.37
4665,419.76,27.62,27.34,45.48,1008.36
4666,419.85,27.62,27.34,45.46,1008.37
4667,419.94,27.62,27.34,45.50,1008.37
4668,420.03,27.62,27.35,45.51,1008.36
4669,420.12,27.62,27.37,45.50,1008.35
4670,420.21,27.62,27.37,45.50,1008.36
4671,420.30,27.62,27.37,45.47,1008.35
4672,420.39,27.62,27.38,45.45,1008.36
4673,420.48,27.62,27.35,45.49,1008.35
4674,420.57,27.62,27.36,45.49,1008.35
4675,420.66,27.62,27.37,45.50,1008.36
4676,420.75,27.62,27.36,45.52,1008.36
4677,420.84,27.63,27.36,45.50,1008.35
4678,420.93,27.62,27.34,45.51,1008.34
4679,421.02,27.62,27.35,45.49,1008.33
4680,421.11,27.62,27.34,45.50,1008.35
4681,421.20,27.62,27.35,45.49,1008.34
4682,421.29,27.62,27.34,45.52,1008.34
4683,421.38,27.62,27.35,45.53,1008.35
4684,421.47,27.62,27.35,45.52,1008.34
4685,421.56,27.62,27.34,45.53,1008.31
4686,421.65,27.62,27.35,45.54,1008.30
4687,421.74,27.62,27.34,45.51,1008.28
4688,421.83,27.62,27.32,45.50,1008.28
4689,421.92,27.62,27.32,45.46,1008.29
4690,422.01,27.62,27.32,45.47,1008.27
4691,422.10,27.62,27.31,45.50,1008.26
4692,422.19,27.62,27.32,45.50,1008.26
4693,422.28,27.62,27.30,45.50,1008.26
4694,422.37,27.65,27.30,45.52,1008.26
4695,422.46,27.63,27.30,45.54,1008.24
4696,422.55,27.63,27.30,45.50,1008.24
4697,422.64,27.62,27.29,45.50,1008.23
4698,422.73,27.62,27.27,45.47,1008.24
4699,422.82,27.62,27.25,45.48,1008.24
4700,422.91,27.62,27.25,45.47,1008.26
4701,423.00,27.62,27.24,45.46,1008.26
4702,423.09,27.62,27.25,45.45,1008.26
4703,423.18,27.62,27.25,45.46,1008.26
4704,423.27,27.62,27.25,45.47,1008.26
4705,423.36,27.62,27.25,45.45,1008.26
4706,423.45,27.62,27.26,45.46,1008.25
4707,423.54,27.62,27.28,45.46,1008.25
4708,423.63,27.62,27.28,45.42,1008.26
4709,423.72,27.62,27.26,45.40,1008.25
4710,423.81,27.62,27.24,45.37,1008.24
4711,423.90,27.62,27.25,45.36,1008.24
4712,423.99,27.62,27.23,45.36,1008.25
4713,424.08,27.62,27.24,45.36,1008.25
4714,424.17,27.62,27.23,45.38,1008.24
4715,424.26,27.62,27.24,45.36,1008.24
4716,424.35,27.62,27.25,45.36,1008.24
4717,424.44,27.62,27.26,45.41,1008.24
4718,424.53,27.62,27.25,45.43,1008.24
4719,424.62,27.62,27.24,45.43,1008.26
4720,424.71,27.62,27.24,45.43,1008.27
4721,424.80,27.62,27.25,45.44,1008.27
4722,424.89,27.62,27.25,45.44,1008.28
4723,424.98,27.62,27.26,45.44,1008.29
4724,425.07,27.62,27.27,45.40,1008.29
4725,425.16,27.62,27.27,45.42,1008.29
4726,425.25,27.62,27.27,45.45,1008.30
4727,425.34,27.62,27.27,45.44,1008.31
4728,425.43,27.62,27.27,45.45,1008.32
4729,425.52,27.62,27.27,45.44,1008.33
4730,425.61,27.62,27.27,45.44,1008.33
4731,425.70,27.62,27.29,45.44,1008.33
4732,425.79,27.62,27.29,45.43,1008.34
4733,425.88,27.62,27.28,45.42,1008.33
4734,425.97,27.62,27.28,45.42,1008.33
4735,426.06,27.62,27.29,45.44,1008.34
4736,426.15,27.62,27.30,45.43,1008.35
4737,426.24,27.62,27.31,45.43,1008.34
4738,426.33,27.62,27.32,45.45,1008.35
4739,426.42,27.62,27.33,45.45,1008.34
4740,426.51,27.62,27.34,45.46,1008.34
4741,426.60,27.62,27.34,45.47,1008.34
4742,426.69,27.62,27.35,45.51,1008.35
4743,426.78,27.62,27.33,45.51,1008.35
4744,426.87,27.62,27.33,45.49,1008.34
4745,426.96,27.62,27.32,45.47,1008.33
4746,427.05,27.62,27.33,45.45,1008.33
4747,427.14,27.62,27.34,45.42,1008.36
4748,427.23,27.62,27.34,45.40,1008.35
4749,427.32,27.62,27.33,45.41,1008.34
4750,427.41,27.62,27.35,45.40,1008.33
4751,427.50,27.62,27.32,45.40,1008.33
4752,427.59,27.62,27.29,45.40,1008.31
4753,427.68,27.62,27.30,45.38,1008.31
4754,427.77,27.62,27.31,45.37,1008.31
4755,427.86,27.62,27.31,45.40,1008.30
4756,427.95,27.62,27.31,45.41,1008.30
4757,428.04,27.62,27.33,45.41,1008.29
4758,428.13,27.62,27.32,45.39,1008.28
4759,428.22,27.62,27.33,45.39,1008.28
4760,428.31,27.62,27.33,45.40,1008.28
4761,428.40,27.62,27.32,45.43,1008.28
4762,428.49,27.62,27.32,45.41,1008.27
4763,428.58,27.62,27.34,45.39,1008.27
4764,428.67,27.63,27.33,45.40,1008.28
4765,428.76,27.64,27.30,45.42,1008.26
4766,428.85,27.63,27.31,45.39,1008.27
4767,428.94,27.62,27.32,45.41,1008.27
4768,429.03,27.62,27.32,45.41,1008.25
4769,429.12,27.62,27.32,45.46,1008.25
4770,429.21,27.62,27.31,45.47,1008.24
4771,429.30,27.62,27.32,45.50,1008.23
4772,429.39,27.62,27.32,45.52,1008.23
4773,429.48,27.62,27.32,45.51,1008.23
4774,429.57,27.62,27.32,45.51,1008.21
4775,429.66,27.62,27.33,45.50,1008.22
4776,429.75,27.62,27.31,45.52,1008.21
4777,429.84,27.62,27.32,45.51,1008.21
4778,429.93,27.62,27.33,45.50,1008.21
4779,430.02,27.62,27.32,45.51,1008.22
4780,430.11,27.62,27.32,45.51,1008.22
4781,430.20,27.62,27.32,45.50,1008.22
4782,430.29,27.62,27.32,45.47,1008.20
4783,430.38,27.62,27.32,45.47,1008.29
4784,430.47,27.62,27.33,45.47,1008.24
4785,430.56,27.62,27.32,45.45,1008.20
4786,430.65,27.62,27.31,45.46,1008.21
4787,430.74,27.62,27.29,45.49,1008.22
4788,430.83,27.62,27.30,45.50,1008.23
4789,430.92,27.62,27.31,45.53,1008.23
4790,431.01,27.62,27.31,45.52,1008.22
4791,431.10,27.62,27.33,45.53,1008.22
4792,431.19,27.62,27.33,45.56,1008.22
4793,431.28,27.62,27.32,45.55,1008.22
4794,431.37,27.62,27.30,45.55,1008.22
4795,431.46,27.62,27.30,45.56,1008.22
4796,431.55,27.62,27.28,45.56,1008.22
4797,431.64,27.62,27.31,45.60,1008.23
4798,431.73,27.62,27.30,45.56,1008.25
4799,431.82,27.62,27.29,45.56,1008.25
4800,431.91,27.62,27.28,45.55,1008.26
4801,432.00,27.62,27.27,45.53,1008.27
4802,432.09,27.62,27.27,45.49,1008.27
4803,432.18,27.62,27.26,45.53,1008.29
4804,432.27,27.62,27.27,45.52,1008.29
4805,432.36,27.62,27.27,45.53,1008.30
4806,432.45,27.62,27.27,45.57,1008.29
4807,432.54,27.62,27.25,45.58,1008.29
4808,432.63,27.62,27.29,45.58,1008.30
4809,432.72,27.62,27.31,45.59,1008.31
4810,432.81,27.62,27.30,45.59,1008.32
4811,432.90,27.62,27.30,45.55,1008.32
4812,432.99,27.62,27.28,45.54,1008.32
4813,433.08,27.62,27.28,45.55,1008.32
4814,433.17,27.62,27.28,45.54,1008.32
4815,433.26,27.62,27.30,45.55,1008.33
4816,433.35,27.62,27.31,45.55,1008.32
4817,433.44,27.62,27.29,45.54,1008.31
4818,433.53,27.62,27.28,45.50,1008.32
4819,433.62,27.62,27.26,45.45,1008.31
4820,433.71,27.62,27.28,45.45,1008.31
4821,433.80,27.62,27.29,45.47,1008.32
4822,433.89,27.62,27.30,45.49,1008.32
4823,433.98,27.62,27.31,45.46,1008.33
4824,434.07,27.62,27.30,45.46,1008.33
4825,434.16,27.62,27.30,45.47,1008.34
4826,434.25,27.62,27.29,45.48,1008.34
4827,434.34,27.62,27.28,45.45,1008.35
4828,434.43,27.62,27.29,45.46,1008.35
4829,434.52,27.62,27.30,45.44,1008.34
4830,434.61,27.62,27.32,45.45,1008.35
4831,434.70,27.62,27.31,45.45,1008.34
4832,434.79,27.62,27.31,45.49,1008.33
4833,434.88,27.62,27.33,45.50,1008.34
4834,434.97,27.62,27.34,45.52,1008.33
4835,435.06,27.62,27.35,45.56,1008.32
4836,435.15,27.62,27.35,45.54,1008.33
4837,435.24,27.63,27.37,45.55,1008.34
4838,435.33,27.62,27.37,45.53,1008.34
4839,435.42,27.64,27.37,45.56,1008.33
4840,435.51,27.63,27.36,45.60,1008.32
4841,435.60,27.63,27.37,45.62,1008.32
4842,435.69,27.66,27.35,45.58,1008.31
4843,435.78,27.64,27.36,45.59,1008.30
4844,435.87,27.64,27.36,45.60,1008.29
4845,435.96,27.63,27.37,45.62,1008.29
4846,436.05,27.62,27.37,45.65,1008.29
4847,436.14,27.62,27.39,45.63,1008.29
4848,436.23,27.63,27.38,45.61,1008.28
4849,436.32,27.62,27.38,45.63,1008.27
4850,436.41,27.63,27.38,45.62,1008.26
4851,436.50,27.62,27.39,45.61,1008.25
4852,436.59,27.64,27.39,45.59,1008.24
4853,436.68,27.63,27.38,45.59,1008.24
4854,436.77,27.65,27.40,45.60,1008.26
4855,436.86,27.65,27.40,45.60,1008.26
4856,436.95,27.66,27.41,45.60,1008.26
4857,437.04,27.65,27.41,45.61,1008.26
4858,437.13,27.66,27.40,45.59,1008.26
4859,437.22,27.65,27.43,45.58,1008.26
4860,437.31,27.65,27.42,45.60,1008.26
4861,437.40,27.65,27.46,45.58,1008.26
4862,437.49,27.65,27.46,45.55,1008.25
4863,437.58,27.64,27.47,45.58,1008.26
4864,437.67,27.65,27.48,45.59,1008.27
4865,437.76,27.65,27.47,45.60,1008.26
4866,437.85,27.65,27.47,45.64,1008.25
4867,437.94,27.65,27.47,45.63,1008.26
4868,438.03,27.65,27.48,45.60,1008.27
4869,438.12,27.64,27.45,45.59,1008.28
4870,438.21,27.64,27.45,45.59,1008.29
4871,438.30,27.64,27.42,45.58,1008.28
4872,438.39,27.64,27.42,45.58,1008.28
4873,438.48,27.62,27.41,45.60,1008.29
4874,438.57,27.64,27.40,45.59,1008.29
4875,438.66,27.64,27.38,45.60,1008.29
4876,438.75,27.62,27.40,45.59,1008.29
4877,438.84,27.64,27.39,45.59,1008.28
4878,438.93,27.63,27.38,45.56,1008.29
4879,439.02,27.63,27.38,45.58,1008.30
4880,439.11,27.63,27.37,45.55,1008.28
4881,439.20,27.65,27.37,45.54,1008.30
4882,439.29,27.66,27.35,45.53,1008.31
4883,439.38,27.65,27.33,45.51,1008.31
4884,439.47,27.64,27.33,45.49,1008.31
4885,439.56,27.62,27.31,45.47,1008.31
4886,439.65,27.62,27.31,45.49,1008.31
4887,439.74,27.62,27.31,45.47,1008.32
4888,439.83,27.62,27.29,45.46,1008.33
4889,439.92,27.62,27.30,45.43,1008.34
4890,440.01,27.62,27.33,45.41,1008.33
4891,440.10,27.62,27.35,45.41,1008.34
4892,440.19,27.62,27.34,45.44,1008.35
4893,440.28,27.62,27.32,45.44,1008.35
4894,440.37,27.62,27.30,45.45,1008.34
4895,440.46,27.62,27.30,45.47,1008.35
4896,440.55,27.62,27.27,45.43,1008.36
4897,440.64,27.62,27.26,45.42,1008.38
4898,440.73,27.62,27.25,45.40,1008.38
4899,440.82,27.62,27.27,45.38,1008.38
4900,440.91,27.62,27.28,45.40,1008.38
4901,441.00,27.62,27.29,45.41,1008.38
4902,441.09,27.62,27.31,45.45,1008.38
4903,441.18,27.62,27.30,45.44,1008.38
4904,441.27,27.62,27.28,45.43,1008.38
4905,441.36,27.62,27.28,45.43,1008.37
4906,441.45,27.62,27.28,45.43,1008.37
4907,441.54,27.62,27.27,45.39,1008.37
4908,441.63,27.62,27.27,45.42,1008.36
4909,441.72,27.62,27.27,45.41,1008.37
4910,441.81,27.62,27.26,45.38,1008.38
4911,441.90,27.62,27.28,45.37,1008.38
4912,441.99,27.62,27.25,45.41,1008.38
4913,442.08,27.62,27.25,45.40,1008.37
4914,442.17,27.62,27.27,45.40,1008.37
4915,442.26,27.62,27.29,45.41,1008.37
4916,442.35,27.62,27.28,45.38,1008.37
4917,442.44,27.62,27.30,45.44,1008.36
4918,442.53,27.62,27.32,45.43,1008.36
4919,442.62,27.62,27.32,45.39,1008.35
4920,442.71,27.62,27.33,45.37,1008.34
4921,442.80,27.62,27.32,45.34,1008.35
4922,442.89,27.62,27.31,45.32,1008.34
4923,442.98,27.62,27.32,45.33,1008.34
4924,443.07,27.62,27.34,45.35,1008.33
4925,443.16,27.62,27.34,45.33,1008.33
4926,443.25,27.62,27.35,45.30,1008.34
4927,443.34,27.62,27.34,45.33,1008.34
4928,443.43,27.62,27.35,45.30,1008.34
4929,443.52,27.62,27.34,45.32,1008.33
4930,443.61,27.62,27.36,45.33,1008.34
4931,443.70,27.62,27.36,45.32,1008.34
4932,443.79,27.62,27.34,45.35,1008.34
4933,443.88,27.62,27.34,45.36,1008.33
4934,443.97,27.62,27.34,45.32,1008.34
4935,444.06,27.62,27.36,45.28,1008.34
4936,444.15,27.62,27.38,45.26,1008.34
4937,444.24,27.62,27.36,45.25,1008.34
4938,444.33,27.62,27.36,45.25,1008.34
4939,444.42,27.62,27.37,45.28,1008.33
4940,444.51,27.62,27.37,45.33,1008.32
4941,444.60,27.63,27.36,45.33,1008.32
4942,444.69,27.62,27.36,45.35,1008.31
4943,444.78,27.62,27.36,45.35,1008.31
4944,444.87,27.62,27.37,45.39,1008.31
4945,444.96,27.62,27.37,45.38,1008.32
4946,445.05,27.62,27.37,45.34,1008.30
4947,445.14,27.62,27.38,45.33,1008.29
4948,445.23,27.62,27.38,45.31,1008.30
4949,445.32,27.62,27.37,45.31,1008.30
4950,445.41,27.62,27.36,45.29,1008.29
4951,445.50,27.62,27.36,45.32,1008.29
4952,445.59,27.62,27.37,45.34,1008.29
4953,445.68,27.62,27.36,45.35,1008.30
4954,445.77,27.62,27.37,45.33,1008.30
4955,445.86,27.62,27.38,45.32,1008.30
4956,445.95,27.62,27.36,45.34,1008.29
4957,446.04,27.62,27.32,45.32,1008.30
4958,446.13,27.62,27.33,45.30,1008.30
4959,446.22,27.62,27.35,45.30,1008.29
4960,446.31,27.62,27.33,45.31,1008.28
4961,446.40,27.62,27.34,45.35,1008.26
4962,446.49,27.62,27.35,45.37,1008.26
4963,446.58,27.62,27.34,45.40,1008.26
4964,446.67,27.62,27.34,45.38,1008.25
4965,446.76,27.62,27.35,45.35,1008.26
4966,446.85,27.62,27.35,45.35,1008.26
4967,446.94,27.62,27.35,45.36,1008.27
4968,447.03,27.62,27.33,45.32,1008.28
4969,447.12,27.62,27.34,45.31,1008.29
4970,447.21,27.63,27.34,45.30,1008.29
4971,447.30,27.63,27.33,45.28,1008.29
4972,447.39,27.65,27.34,45.28,1008.28
4973,447.48,27.66,27.31,45.28,1008.30
4974,447.57,27.66,27.31,45.29,1008.28
4975,447.66,27.67,27.30,45.29,1008.27
4976,447.75,27.68,27.30,45.30,1008.27
4977,447.84,27.69,27.29,45.34,1008.28
4978,447.93,27.70,27.30,45.33,1008.28
4979,448.02,27.70,27.29,45.32,1008.29
4980,448.11,27.70,27.30,45.32,1008.30
4981,448.20,27.69,27.28,45.36,1008.30
4982,448.29,27.69,27.28,45.40,1008.30
4983,448.38,27.69,27.28,45.38,1008.30
4984,448.47,27.70,27.29,45.37,1008.31
4985,448.56,27.69,27.29,45.36,1008.32
4986,448.65,27.68,27.28,45.31,1008.32
4987,448.74,27.69,27.27,45.29,1008.32
4988,448.83,27.68,27.26,45.26,1008.32
4989,448.92,27.67,27.25,45.25,1008.32
4990,449.01,27.67,27.28,45.28,1008.33
4991,449.10,27.68,27.28,45.24,1008.33
4992,449.19,27.69,27.28,45.23,1008.32
4993,449.28,27.68,27.27,45.23,1008.31
4994,449.37,27.68,27.27,45.22,1008.30
4995,449.46,27.67,27.27,45.20,1008.30
4996,449.55,27.66,27.26,45.21,1008.29
4997,449.64,27.66,27.24,45.21,1008.32
4998,449.73,27.65,27.26,45.22,1008.31
4999,449.82,27.66,27.25,45.21,1008.30
5000,449.91,27.66,27.24,45.21,1008.30
5001,450.00,27.65,27.25,45.21,1008.31
5002,450.09,27.64,27.25,45.23,1008.31
5003,450.18,27.63,27.24,45.23,1008.30
5004,450.27,27.63,27.25,45.19,1008.30
5005,450.36,27.64,27.25,45.17,1008.31
5006,450.45,27.63,27.26,45.15,1008.30
5007,450.54,27.63,27.25,45.16,1008.31
5008,450.63,27.63,27.26,45.16,1008.31
5009,450.72,27.64,27.25,45.15,1008.32
5010,450.81,27.63,27.26,45.15,1008.30
5011,450.90,27.62,27.26,45.14,1008.29
5012,450.99,27.62,27.26,45.16,1008.28
5013,451.08,27.62,27.27,45.15,1008.28
5014,451.17,27.62,27.29,45.15,1008.28
5015,451.26,27.63,27.32,45.17,1008.27
5016,451.35,27.63,27.33,45.21,1008.27
5017,451.44,27.63,27.36,45.20,1008.27
5018,451.53,27.63,27.36,45.22,1008.27
5019,451.62,27.64,27.36,45.22,1008.27
5020,451.71,27.63,27.37,45.21,1008.26
5021,451.80,27.62,27.37,45.21,1008.26
5022,451.89,27.64,27.39,45.20,1008.25
5023,451.98,27.64,27.41,45.21,1008.26
5024,452.07,27.66,27.42,45.19,1008.26
5025,452.16,27.65,27.44,45.19,1008.24
5026,452.25,27.66,27.46,45.20,1008.25
5027,452.34,27.67,27.47,45.19,1008.24
5028,452.43,27.66,27.47,45.18,1008.24
5029,452.52,27.66,27.48,45.19,1008.23
5030,452.61,27.63,27.51,45.22,1008.21
5031,452.70,27.63,27.52,45.23,1008.22
5032,452.79,27.63,27.53,45.21,1008.21
5033,452.88,27.64,27.56,45.21,1008.22
5034,452.97,27.64,27.56,45.20,1008.23
5035,453.06,27.63,27.55,45.20,1008.23
5036,453.15,27.63,27.55,45.24,1008.22
5037,453.24,27.63,27.53,45.23,1008.24
5038,453.33,27.63,27.52,45.20,1008.25
5039,453.42,27.62,27.52,45.23,1008.26
5040,453.51,27.63,27.51,45.24,1008.26
5041,453.60,27.63,27.49,45.25,1008.27
5042,453.69,27.62,27.49,45.21,1008.27
5043,453.78,27.62,27.47,45.20,1008.28
5044,453.87,27.62,27.47,45.21,1008.27
5045,453.96,27.62,27.49,45.21,1008.26
5046,454.05,27.62,27.47,45.19,1008.27
5047,454.14,27.62,27.45,45.21,1008.27
5048,454.23,27.62,27.44,45.21,1008.29
5049,454.32,27.62,27.42,45.19,1008.29
5050,454.41,27.62,27.43,45.16,1008.28
5051,454.50,27.63,27.41,45.17,1008.28
5052,454.59,27.63,27.40,45.17,1008.28
5053,454.68,27.63,27.39,45.20,1008.28
5054,454.77,27.63,27.37,45.18,1008.28
5055,454.86,27.63,27.37,45.17,1008.29
5056,454.95,27.63,27.36,45.16,1008.29
5057,455.04,27.63,27.37,45.15,1008.31
5058,455.13,27.63,27.36,45.16,1008.30
5059,455.22,27.63,27.34,45.16,1008.30
5060,455.31,27.63,27.35,45.16,1008.31
5061,455.40,27.63,27.34,45.15,1008.33
5062,455.49,27.63,27.34,45.16,1008.33
5063,455.58,27.63,27.33,45.13,1008.34
5064,455.67,27.63,27.34,45.17,1008.33
5065,455.76,27.63,27.33,45.16,1008.32
5066,455.85,27.63,27.33,45.12,1008.34
5067,455.94,27.63,27.33,45.14,1008.34
5068,456.03,27.63,27.33,45.13,1008.33
5069,456.12,27.63,27.34,45.16,1008.33
5070,456.21,27.63,27.32,45.16,1008.33
5071,456.30,27.63,27.31,45.17,1008.33
5072,456.39,27.63,27.31,45.17,1008.32
5073,456.48,27.63,27.33,45.18,1008.34
5074,456.57,27.63,27.34,45.20,1008.34
5075,456.66,27.63,27.31,45.20,1008.32
5076,456.75,27.63,27.30,45.20,1008.32
5077,456.84,27.63,27.30,45.21,1008.32
5078,456.93,27.63,27.31,45.19,1008.31
5079,457.02,27.63,27.30,45.21,1008.30
5080,457.11,27.63,27.28,45.21,1008.31
5081,457.20,27.63,27.28,45.22,1008.31
5082,457.29,27.63,27.27,45.22,1008.30
5083,457.38,27.63,27.28,45.24,1008.32
5084,457.47,27.63,27.27,45.23,1008.31
5085,457.56,27.63,27.29,45.27,1008.31
5086,457.65,27.63,27.30,45.25,1008.31
5087,457.74,27.63,27.30,45.25,1008.30
5088,457.83,27.63,27.29,45.23,1008.30
5089,457.92,27.63,27.32,45.25,1008.30
5090,458.01,27.63,27.32,45.29,1008.29
5091,458.10,27.63,27.31,45.27,1008.29
5092,458.19,27.63,27.29,45.27,1008.29
5093,458.28,27.63,27.30,45.27,1008.29
5094,458.37,27.63,27.30,45.28,1008.27
5095,458.46,27.63,27.31,45.27,1008.26
5096,458.55,27.63,27.30,45.25,1008.26
5097,458.64,27.63,27.30,45.24,1008.26
5098,458.73,27.63,27.31,45.25,1008.26
5099,458.82,27.63,27.31,45.23,1008.26
5100,458.91,27.63,27.32,45.22,1008.25
5101,459.00,27.64,27.31,45.21,1008.25
5102,459.09,27.63,27.30,45.23,1008.25
5103,459.18,27.65,27.31,45.26,1008.23
5104,459.27,27.64,27.33,45.25,1008.23
5105,459.36,27.64,27.34,45.25,1008.23
5106,459.45,27.65,27.35,45.24,1008.24
5107,459.54,27.65,27.36,45.24,1008.22
5108,459.63,27.65,27.36,45.21,1008.22
5109,459.72,27.65,27.37,45.20,1008.21
5110,459.81,27.68,27.38,45.16,1008.21
5111,459.90,27.68,27.39,45.15,1008.22
5112,459.99,27.67,27.38,45.15,1008.22
5113,460.08,27.66,27.39,45.13,1008.22
5114,460.17,27.67,27.40,45.12,1008.22
5115,460.26,27.67,27.38,45.16,1008.23
5116,460.35,27.68,27.37,45.14,1008.22
5117,460.44,27.67,27.37,45.14,1008.23
5118,460.53,27.68,27.36,45.13,1008.25
5119,460.62,27.67,27.35,45.12,1008.25
5120,460.71,27.67,27.34,45.14,1008.26
5121,460.80,27.68,27.34,45.10,1008.27
5122,460.89,27.67,27.35,45.09,1008.27
5123,460.98,27.66,27.35,45.07,1008.27
5124,461.07,27.66,27.35,45.07,1008.26
5125,461.16,27.68,27.37,45.07,1008.29
5126,461.25,27.67,27.36,45.08,1008.29
5127,461.34,27.68,27.35,45.08,1008.28
5128,461.43,27.69,27.34,45.07,1008.29
5129,461.52,27.71,27.34,45.08,1008.28
5130,461.61,27.70,27.34,45.08,1008.28
5131,461.70,27.69,27.34,45.07,1008.29
5132,461.79,27.70,27.35,45.10,1008.31
5133,461.88,27.68,27.35,45.09,1008.33
5134,461.97,27.68,27.35,45.14,1008.33
5135,462.06,27.68,27.37,45.13,1008.33
5136,462.15,27.69,27.38,45.12,1008.32
5137,462.24,27.71,27.36,45.14,1008.33
5138,462.33,27.70,27.36,45.16,1008.33
5139,462.42,27.70,27.35,45.15,1008.33
5140,462.51,27.69,27.35,45.12,1008.34
5141,462.60,27.69,27.35,45.09,1008.35
5142,462.69,27.69,27.35,45.09,1008.35
5143,462.78,27.68,27.36,45.09,1008.34
5144,462.87,27.68,27.37,45.10,1008.36
5145,462.96,27.67,27.36,45.10,1008.34
5146,463.05,27.68,27.37,45.08,1008.35
5147,463.14,27.67,27.38,45.09,1008.36
5148,463.23,27.66,27.39,45.08,1008.36
5149,463.32,27.66,27.38,45.06,1008.35
5150,463.41,27.65,27.40,45.06,1008.36
5151,463.50,27.67,27.39,45.08,1008.37
5152,463.59,27.67,27.40,45.07,1008.37
5153,463.68,27.68,27.41,45.05,1008.37
5154,463.77,27.68,27.39,45.04,1008.36
5155,463.86,27.68,27.37,45.07,1008.36
5156,463.95,27.66,27.38,45.04,1008.38
5157,464.04,27.66,27.38,45.07,1008.38
5158,464.13,27.66,27.37,45.06,1008.38
5159,464.22,27.64,27.36,45.07,1008.38
5160,464.31,27.64,27.36,45.06,1008.38
5161,464.40,27.64,27.36,45.03,1008.37
5162,464.49,27.65,27.36,45.02,1008.35
5163,464.58,27.65,27.38,45.05,1008.34
5164,464.67,27.63,27.37,45.04,1008.36
5165,464.76,27.63,27.36,45.02,1008.37
5166,464.85,27.63,27.35,45.02,1008.35
5167,464.94,27.63,27.34,45.00,1008.34
5168,465.03,27.63,27.34,45.02,1008.33
5169,465.12,27.63,27.34,45.00,1008.33
5170,465.21,27.63,27.34,45.03,1008.33
5171,465.30,27.63,27.34,45.04,1008.32
5172,465.39,27.63,27.33,45.05,1008.31
5173,465.48,27.63,27.30,45.02,1008.32
5174,465.57,27.63,27.29,45.03,1008.30
5175,465.66,27.64,27.30,45.01,1008.29
5176,465.75,27.64,27.29,45.02,1008.28
5177,465.84,27.65,27.28,45.02,1008.30
5178,465.93,27.64,27.28,45.03,1008.29
5179,466.02,27.65,27.29,45.04,1008.29
5180,466.11,27.63,27.30,45.04,1008.29
5181,466.20,27.63,27.30,45.03,1008.28
5182,466.29,27.63,27.31,45.02,1008.27
5183,466.38,27.63,27.31,45.03,1008.27
5184,466.47,27.63,27.31,45.01,1008.26
5185,466.56,27.63,27.29,45.02,1008.27
5186,466.65,27.63,27.31,45.00,1008.28
5187,466.74,27.63,27.32,45.00,1008.28
5188,466.83,27.63,27.33,45.00,1008.28
5189,466.92,27.63,27.34,45.00,1008.27
5190,467.01,27.63,27.33,45.01,1008.26
5191,467.10,27.63,27.37,45.03,1008.27
5192,467.19,27.63,27.36,45.01,1008.28
5193,467.28,27.63,27.34,45.03,1008.27
5194,467.37,27.63,27.34,45.01,1008.28
5195,467.46,27.63,27.33,45.03,1008.28
5196,467.55,27.63,27.34,45.05,1008.28
5197,467.64,27.63,27.35,45.05,1008.30
5198,467.73,27.63,27.33,45.07,1008.29
5199,467.82,27.63,27.34,45.06,1008.28
5200,467.91,27.63,27.34,45.07,1008.29
5201,468.00,27.63,27.33,45.08,1008.29
5202,468.09,27.63,27.35,45.04,1008.30
5203,468.18,27.64,27.37,45.07,1008.30
5204,468.27,27.64,27.35,45.07,1008.31
5205,468.36,27.64,27.35,45.04,1008.32
5206,468.45,27.65,27.35,45.04,1008.32
5207,468.54,27.65,27.35,45.04,1008.32
5208,468.63,27.65,27.37,45.02,1008.33
5209,468.72,27.64,27.37,45.02,1008.33
5210,468.81,27.63,27.37,45.02,1008.33
5211,468.90,27.64,27.38,45.01,1008.33
5212,468.99,27.63,27.37,45.03,1008.33
5213,469.08,27.63,27.36,45.01,1008.34
5214,469.17,27.63,27.36,45.02,1008.35
5215,469.26,27.64,27.36,45.03,1008.36
5216,469.35,27.65,27.38,45.02,1008.36
5217,469.44,27.64,27.36,45.01,1008.36
5218,469.53,27.63,27.38,45.01,1008.36
5219,469.62,27.63,27.38,45.03,1008.37
5220,469.71,27.63,27.40,45.03,1008.36
5221,469.80,27.65,27.41,44.98,1008.37
5222,469.89,27.65,27.39,45.00,1008.36
5223,469.98,27.63,27.38,45.01,1008.35
5224,470.07,27.63,27.38,45.00,1008.35
5225,470.16,27.64,27.35,45.02,1008.37
5226,470.25,27.65,27.36,45.02,1008.37
5227,470.34,27.65,27.36,44.97,1008.36
5228,470.43,27.65,27.38,45.04,1008.36
5229,470.52,27.65,27.37,45.07,1008.36
5230,470.61,27.65,27.37,45.07,1008.37
5231,470.70,27.65,27.37,45.05,1008.37
5232,470.79,27.66,27.37,45.06,1008.37
5233,470.88,27.64,27.38,45.04,1008.37
5234,470.97,27.65,27.38,45.03,1008.37
5235,471.06,27.65,27.36,45.02,1008.37
5236,471.15,27.65,27.37,45.03,1008.38
5237,471.24,27.64,27.36,45.02,1008.38
5238,471.33,27.64,27.37,45.01,1008.38
5239,471.42,27.64,27.38,45.00,1008.38
5240,471.51,27.66,27.38,44.97,1008.38
5241,471.60,27.66,27.37,44.98,1008.39
5242,471.69,27.66,27.37,45.00,1008.39
5243,471.78,27.66,27.38,44.99,1008.38
5244,471.87,27.66,27.37,44.97,1008.39
5245,471.96,27.67,27.39,44.98,1008.38
5246,472.05,27.68,27.38,45.00,1008.39
5247,472.14,27.68,27.38,45.01,1008.38
5248,472.23,27.67,27.39,45.01,1008.37
5249,472.32,27.69,27.37,45.01,1008.38
5250,472.41,27.69,27.37,44.99,1008.37
5251,472.50,27.70,27.37,45.02,1008.36
5252,472.59,27.70,27.35,45.01,1008.36
5253,472.68,27.70,27.35,45.04,1008.35
5254,472.77,27.71,27.38,45.04,1008.34
5255,472.86,27.71,27.37,45.06,1008.32
5256,472.95,27.69,27.36,45.10,1008.32
5257,473.04,27.69,27.35,45.07,1008.32
5258,473.13,27.69,27.35,45.06,1008.31
5259,473.22,27.70,27.31,45.05,1008.31
5260,473.31,27.68,27.31,45.02,1008.29
5261,473.40,27.70,27.32,45.00,1008.29
5262,473.49,27.70,27.33,45.00,1008.28
5263,473.58,27.70,27.33,45.00,1008.29
5264,473.67,27.68,27.32,44.98,1008.29
5265,473.76,27.68,27.32,44.96,1008.29
5266,473.85,27.68,27.32,44.94,1008.30
5267,473.94,27.68,27.30,44.94,1008.29
5268,474.03,27.68,27.29,44.95,1008.28
5269,474.12,27.68,27.31,44.98,1008.29
5270,474.21,27.68,27.31,44.97,1008.29
5271,474.30,27.66,27.32,44.98,1008.29
5272,474.39,27.66,27.31,44.96,1008.27
5273,474.48,27.67,27.32,44.95,1008.28
5274,474.57,27.66,27.33,44.93,1008.28
5275,474.66,27.68,27.34,44.92,1008.29
5276,474.75,27.69,27.34,44.94,1008.28
5277,474.84,27.69,27.34,44.94,1008.27
5278,474.93,27.71,27.36,44.95,1008.27
5279,475.02,27.69,27.36,44.94,1008.26
5280,475.11,27.68,27.37,44.94,1008.28
5281,475.20,27.69,27.38,44.94,1008.28
5282,475.29,27.70,27.37,44.94,1008.28
5283,475.38,27.69,27.37,44.92,1008.29
5284,475.47,27.69,27.35,44.90,1008.29
5285,475.56,27.70,27.37,44.88,1008.28
5286,475.65,27.69,27.37,44.88,1008.27
5287,475.74,27.69,27.37,44.88,1008.27
5288,475.83,27.69,27.38,44.86,1008.26
5289,475.92,27.68,27.38,44.85,1008.27
5290,476.01,27.67,27.37,44.83,1008.27
5291,476.10,27.66,27.39,44.84,1008.29
5292,476.19,27.67,27.40,44.84,1008.29
5293,476.28,27.67,27.40,44.85,1008.31
5294,476.37,27.68,27.39,44.86,1008.31
5295,476.46,27.68,27.39,44.84,1008.31
5296,476.55,27.66,27.38,44.85,1008.30
5297,476.64,27.65,27.40,44.85,1008.30
5298,476.73,27.65,27.40,44.86,1008.32
5299,476.82,27.64,27.41,44.86,1008.32
5300,476.91,27.63,27.41,44.91,1008.32
5301,477.00,27.63,27.40,44.90,1008.32
5302,477.09,27.63,27.39,44.92,1008.31
5303,477.18,27.63,27.37,44.89,1008.31
5304,477.27,27.63,27.39,44.88,1008.31
5305,477.36,27.63,27.37,44.89,1008.30
5306,477.45,27.63,27.38,44.90,1008.31
5307,477.54,27.63,27.39,44.88,1008.31
5308,477.63,27.63,27.39,44.88,1008.33
5309,477.72,27.63,27.40,44.88,1008.33
5310,477.81,27.63,27.41,44.87,1008.34
5311,477.90,27.63,27.40,44.89,1008.35
5312,477.99,27.63,27.42,44.88,1008.34
5313,478.08,27.63,27.43,44.90,1008.34
5314,478.17,27.63,27.43,44.92,1008.34
5315,478.26,27.63,27.44,44.93,1008.34
5316,478.35,27.63,27.45,44.91,1008.34
5317,478.44,27.63,27.45,44.92,1008.34
5318,478.53,27.63,27.44,44.91,1008.33
5319,478.62,27.63,27.44,44.88,1008.33
5320,478.71,27.63,27.41,44.88,1008.33
5321,478.80,27.63,27.39,44.84,1008.32
5322,478.89,27.63,27.40,44.84,1008.33
5323,478.98,27.63,27.40,44.85,1008.33
5324,479.07,27.63,27.40,44.84,1008.34
5325,479.16,27.63,27.40,44.85,1008.33
5326,479.25,27.63,27.39,44.85,1008.31
5327,479.34,27.63,27.39,44.85,1008.33
5328,479.43,27.63,27.39,44.88,1008.32
5329,479.52,27.63,27.38,44.89,1008.32
5330,479.61,27.63,27.38,44.92,1008.32
5331,479.70,27.63,27.39,44.91,1008.32
5332,479.79,27.63,27.41,44.90,1008.32
5333,479.88,27.63,27.40,44.91,1008.31
5334,479.97,27.63,27.39,44.94,1008.32
5335,480.06,27.63,27.38,44.94,1008.31
5336,480.15,27.63,27.37,44.93,1008.29
5337,480.24,27.63,27.37,44.96,1008.29
5338,480.33,27.63,27.37,44.96,1008.29
5339,480.42,27.63,27.38,44.96,1008.29
5340,480.51,27.63,27.37,44.97,1008.28
5341,480.60,27.63,27.36,44.99,1008.28
5342,480.69,27.63,27.38,45.00,1008.27
5343,480.78,27.63,27.37,45.00,1008.26
5344,480.87,27.63,27.37,45.00,1008.27
5345,480.96,27.63,27.35,44.98,1008.28
5346,481.05,27.63,27.34,44.99,1008.29
5347,481.14,27.63,27.33,44.94,1008.29
5348,481.23,27.63,27.33,44.98,1008.30
5349,481.32,27.63,27.36,44.99,1008.29
5350,481.41,27.63,27.36,45.00,1008.28
5351,481.50,27.63,27.35,45.03,1008.26
5352,481.59,27.63,27.35,45.05,1008.26
5353,481.68,27.63,27.37,45.06,1008.25
5354,481.77,27.63,27.36,45.02,1008.24
5355,481.86,27.63,27.36,45.01,1008.23
5356,481.95,27.63,27.37,45.02,1008.24
5357,482.04,27.63,27.36,45.02,1008.24
5358,482.13,27.63,27.37,45.02,1008.25
5359,482.22,27.63,27.35,44.99,1008.26
5360,482.31,27.65,27.33,45.00,1008.26
5361,482.40,27.64,27.33,44.94,1008.26
5362,482.49,27.63,27.32,44.98,1008.26
5363,482.58,27.63,27.30,44.99,1008.26
5364,482.67,27.63,27.31,44.99,1008.28
5365,482.76,27.63,27.33,45.00,1008.28
5366,482.85,27.63,27.34,44.99,1008.27
5367,482.94,27.64,27.34,44.95,1008.28
5368,483.03,27.65,27.34,44.96,1008.27
5369,483.12,27.65,27.35,44.93,1008.27
5370,483.21,27.65,27.32,44.91,1008.27
5371,483.30,27.66,27.30,44.91,1008.27
5372,483.39,27.67,27.31,44.90,1008.27
5373,483.48,27.67,27.30,44.89,1008.27
5374,483.57,27.67,27.32,44.88,1008.27
5375,483.66,27.69,27.32,44.87,1008.28
5376,483.75,27.69,27.31,44.86,1008.27
5377,483.84,27.69,27.31,44.87,1008.28
5378,483.93,27.69,27.32,44.88,1008.28
5379,484.02,27.70,27.31,44.87,1008.29
5380,484.11,27.69,27.32,44.89,1008.29
5381,484.20,27.70,27.33,44.90,1008.31
5382,484.29,27.69,27.36,44.90,1008.31
5383,484.38,27.68,27.36,44.88,1008.32
5384,484.47,27.67,27.36,44.90,1008.32
5385,484.56,27.68,27.36,44.90,1008.33
5386,484.65,27.67,27.37,44.93,1008.31
5387,484.74,27.68,27.39,44.92,1008.32
5388,484.83,27.67,27.40,44.95,1008.32
5389,484.92,27.69,27.37,44.96,1008.32
5390,485.01,27.68,27.39,44.96,1008.34
5391,485.10,27.70,27.39,45.00,1008.35
5392,485.19,27.68,27.39,45.00,1008.35
5393,485.28,27.67,27.38,45.01,1008.35
5394,485.37,27.69,27.38,45.02,1008.35
5395,485.46,27.70,27.37,45.01,1008.34
5396,485.55,27.69,27.38,45.02,1008.34
5397,485.64,27.70,27.39,45.01,1008.34
5398,485.73,27.71,27.38,45.02,1008.34
5399,485.82,27.72,27.38,45.01,1008.34
5400,485.91,27.72,27.40,45.00,1008.34
5401,486.00,27.73,27.41,44.96,1008.34
5402,486.09,27.73,27.42,44.93,1008.33
5403,486.18,27.71,27.42,44.91,1008.32
5404,486.27,27.72,27.45,44.93,1008.33
5405,486.36,27.72,27.46,44.91,1008.33
5406,486.45,27.72,27.43,44.89,1008.34
5407,486.54,27.71,27.43,44.90,1008.34
5408,486.63,27.71,27.42,44.91,1008.35
5409,486.72,27.70,27.41,44.92,1008.36
5410,486.81,27.70,27.40,44.89,1008.36
5411,486.90,27.69,27.38,44.88,1008.35
5412,486.99,27.69,27.40,44.89,1008.35
5413,487.08,27.70,27.40,44.90,1008.37
5414,487.17,27.70,27.39,44.93,1008.37
5415,487.26,27.70,27.41,44.91,1008.35
5416,487.35,27.70,27.41,44.91,1008.35
5417,487.44,27.71,27.41,44.92,1008.34
5418,487.53,27.71,27.42,44.93,1008.32
5419,487.62,27.71,27.41,44.92,1008.32
5420,487.71,27.71,27.43,44.92,1008.31
5421,487.80,27.72,27.42,44.96,1008.31
5422,487.89,27.69,27.41,44.95,1008.31
5423,487.98,27.69,27.42,44.98,1008.31
5424,488.07,27.69,27.43,45.00,1008.28
5425,488.16,27.68,27.42,45.05,1008.28
5426,488.25,27.67,27.40,45.03,1008.26
5427,488.34,27.67,27.42,45.01,1008.25
5428,488.43,27.67,27.41,45.01,1008.24
5429,488.52,27.68,27.40,45.02,1008.24
5430,488.61,27.68,27.37,45.01,1008.22
5431,488.70,27.66,27.36,45.00,1008.24
5432,488.79,27.67,27.37,44.97,1008.22
5433,488.88,27.68,27.36,44.97,1008.23
5434,488.97,27.68,27.35,44.98,1008.21
5435,489.06,27.68,27.36,45.00,1008.22
5436,489.15,27.70,27.35,45.03,1008.22
5437,489.24,27.69,27.34,45.05,1008.21
5438,489.33,27.70,27.35,45.01,1008.21
5439,489.42,27.68,27.34,45.04,1008.22
5440,489.51,27.68,27.32,45.05,1008.24
5441,489.60,27.68,27.32,45.05,1008.23
5442,489.69,27.67,27.33,45.04,1008.25
5443,489.78,27.68,27.32,45.02,1008.25
5444,489.87,27.67,27.32,45.03,1008.24
5445,489.96,27.68,27.31,44.98,1008.25
5446,490.05,27.66,27.29,44.95,1008.27
5447,490.14,27.66,27.28,44.99,1008.27
5448,490.23,27.67,27.30,44.97,1008.28
5449,490.32,27.66,27.31,44.97,1008.28
5450,490.41,27.68,27.30,45.02,1008.26
5451,490.50,27.67,27.32,45.04,1008.25
5452,490.59,27.66,27.33,45.05,1008.26
5453,490.68,27.66,27.34,45.03,1008.27
5454,490.77,27.66,27.34,45.01,1008.26
5455,490.86,27.65,27.06,45.04,1008.26
5456,490.95,27.65,27.25,45.03,1008.27
5457,491.04,27.65,27.32,45.04,1008.27
5458,491.13,27.66,27.36,45.01,1008.27
5459,491.22,27.66,27.36,45.03,1008.28
5460,491.31,27.67,27.35,45.04,1008.28
5461,491.40,27.68,27.35,45.02,1008.30
5462,491.49,27.69,27.37,45.01,1008.31
5463,491.58,27.69,27.36,44.98,1008.31
5464,491.67,27.69,27.37,45.00,1008.31
5465,491.76,27.69,27.39,45.01,1008.31
5466,491.85,27.67,27.38,44.98,1008.30
5467,491.94,27.91,27.40,45.00,1008.29
5468,492.03,27.67,27.39,45.01,1008.30
5469,492.12,27.67,27.40,45.01,1008.32
5470,492.21,27.66,27.39,45.03,1008.34
5471,492.30,27.65,27.38,45.04,1008.32
5472,492.39,27.65,27.38,45.01,1008.32
5473,492.48,27.66,27.37,45.01,1008.34
5474,492.57,27.66,27.37,45.00,1008.33
5475,492.66,27.65,27.37,45.00,1008.35
5476,492.75,27.64,27.37,44.99,1008.35
5477,492.84,27.64,27.38,44.97,1008.34
5478,492.93,27.64,27.38,44.96,1008.35
5479,493.02,27.64,27.37,44.93,1008.34
5480,493.11,27.65,27.38,44.94,1008.34
5481,493.20,27.65,27.39,44.92,1008.22
5482,493.29,27.65,27.40,44.93,1008.35
5483,493.38,27.65,27.41,44.93,1008.36
5484,493.47,27.65,27.40,44.94,1008.36
5485,493.56,27.65,27.40,44.94,1008.36
5486,493.65,27.65,27.39,44.95,1008.37
5487,493.74,27.65,27.39,44.94,1008.38
5488,493.83,27.64,27.39,44.91,1008.37
5489,493.92,27.65,27.40,44.91,1008.38
5490,494.01,27.68,27.41,44.92,1008.36
5491,494.10,27.68,27.41,44.94,1008.37
5492,494.19,27.67,27.42,44.94,1008.35
5493,494.28,27.67,27.41,44.93,1008.35
5494,494.37,27.65,27.41,44.94,1008.34
5495,494.46,27.65,27.43,44.94,1008.32
5496,494.55,27.66,27.43,44.95,1008.32
5497,494.64,27.67,27.46,44.96,1008.33
5498,494.73,27.67,27.47,44.97,1008.31
5499,494.82,27.70,27.48,44.93,1008.31
5500,494.91,27.67,27.48,44.95,1008.30
5501,495.00,27.66,27.47,44.95,1008.30
5502,495.09,27.68,27.48,44.97,1008.30
5503,495.18,27.68,27.46,44.95,1008.29
5504,495.27,27.69,27.46,44.95,1008.29
5505,495.36,27.68,27.49,44.95,1008.28
5506,495.45,27.67,27.48,44.95,1008.29
5507,495.54,27.69,27.48,44.98,1008.28
5508,495.63,27.71,27.46,44.98,1008.28
5509,495.72,27.74,27.44,44.98,1008.27
5510,495.81,27.74,27.42,44.98,1008.27
5511,495.90,27.74,27.42,44.98,1008.25
5512,495.99,27.74,27.43,45.00,1008.25
5513,496.08,27.74,27.43,45.04,1008.24
5514,496.17,27.75,27.43,45.03,1008.24
5515,496.26,27.75,27.45,45.00,1008.23
5516,496.35,27.75,27.43,45.00,1008.23
5517,496.44,27.74,27.42,45.00,1008.23
5518,496.53,27.73,27.41,44.99,1008.20
5519,496.62,27.73,27.43,45.04,1008.21
5520,496.71,27.74,27.45,45.06,1008.21
5521,496.80,27.73,27.45,45.09,1008.22
5522,496.89,27.74,27.43,45.07,1008.22
5523,496.98,27.74,27.44,45.08,1008.23
5524,497.07,27.74,27.44,45.05,1008.23
5525,497.16,27.74,27.44,45.04,1008.24
5526,497.25,27.72,27.41,45.04,1008.25
5527,497.34,27.73,27.40,45.04,1008.25
5528,497.43,27.73,27.41,45.02,1008.26
5529,497.52,27.73,27.41,45.03,1008.26
5530,497.61,27.74,27.40,45.03,1008.28
5531,497.70,27.74,27.39,45.04,1008.28
5532,497.79,27.74,27.37,45.02,1008.28
5533,497.88,27.72,27.36,45.02,1008.28
5534,497.97,27.72,27.34,44.98,1008.28
5535,498.06,27.71,27.35,44.97,1008.29
5536,498.15,27.72,27.33,44.98,1008.29
5537,498.24,27.71,27.32,44.96,1008.29
5538,498.33,27.70,27.30,44.96,1008.29
5539,498.42,27.72,27.28,44.96,1008.29
5540,498.51,27.70,27.27,44.99,1008.29
5541,498.60,27.69,27.29,44.99,1008.31
5542,498.69,27.67,27.30,44.99,1008.31
5543,498.78,27.66,27.33,44.99,1008.32
5544,498.87,27.66,27.33,44.97,1008.32
5545,498.96,27.66,27.33,45.00,1008.32
5546,499.05,27.67,27.33,45.02,1008.32
5547,499.14,27.68,27.32,45.04,1008.32
5548,499.23,27.68,27.34,45.02,1008.33
5549,499.32,27.68,27.33,45.03,1008.33
5550,499.41,27.67,27.33,45.02,1008.32
5551,499.50,27.65,27.33,45.02,1008.31
5552,499.59,27.65,27.34,45.00,1008.32
5553,499.68,27.65,27.33,44.97,1008.34
5554,499.77,27.67,27.33,44.97,1008.35
5555,499.86,27.69,27.34,45.00,1008.35
5556,499.95,27.67,27.35,45.01,1008.36
5557,500.04,27.68,27.37,45.03,1008.36
5558,500.13,27.69,27.38,45.01,1008.37
5559,500.22,27.68,27.37,45.05,1008.36
5560,500.31,27.68,27.38,45.03,1008.37
5561,500.40,27.68,27.38,45.03,1008.36
5562,500.49,27.68,27.40,45.02,1008.36
5563,500.58,27.67,27.38,45.02,1008.37
5564,500.67,27.68,27.39,45.01,1008.38
5565,500.76,27.69,27.39,45.01,1008.38
5566,500.85,27.69,27.40,45.02,1008.36
5567,500.94,27.68,27.38,45.01,1008.36
5568,501.03,27.67,27.37,45.02,1008.37
5569,501.12,27.68,27.36,45.03,1008.37
5570,501.21,27.69,27.36,45.05,1008.37
5571,501.30,27.70,27.36,45.04,1008.36
5572,501.39,27.69,27.38,45.02,1008.37
5573,501.48,27.69,27.39,45.02,1008.37
5574,501.57,27.68,27.39,45.05,1008.36
5575,501.66,27.68,27.40,45.04,1008.36
5576,501.75,27.67,27.39,45.04,1008.34
5577,501.84,27.66,27.38,45.07,1008.33
5578,501.93,27.64,27.39,45.07,1008.33
5579,502.02,27.64,27.39,45.09,1008.33
5580,502.11,27.64,27.39,45.06,1008.32
5581,502.20,27.64,27.38,45.05,1008.32
5582,502.29,27.65,27.38,45.05,1008.32
5583,502.38,27.65,27.39,45.04,1008.31
5584,502.47,27.65,27.41,45.03,1008.31
5585,502.56,27.66,27.42,45.02,1008.31
5586,502.65,27.65,27.41,45.03,1008.30
5587,502.74,27.64,27.42,45.05,1008.30
5588,502.83,27.65,27.44,45.02,1008.29
5589,502.92,27.64,27.47,45.03,1008.27
5590,503.01,27.65,27.48,45.03,1008.27
5591,503.10,27.67,27.47,45.05,1008.27
5592,503.19,27.65,27.46,45.06,1008.27
5593,503.28,27.64,27.45,45.04,1008.27
5594,503.37,27.64,27.44,45.00,1008.27
5595,503.46,27.64,27.44,45.03,1008.25
5596,503.55,27.64,27.43,45.05,1008.27
5597,503.64,27.64,27.44,45.05,1008.27
5598,503.73,27.65,27.47,45.06,1008.28
5599,503.82,27.64,27.46,45.05,1008.29
5600,503.91,27.66,27.46,45.07,1008.29
5601,504.00,27.66,27.45,45.05,1008.30
5602,504.09,27.65,27.45,45.06,1008.27
5603,504.18,27.66,27.45,45.08,1008.27
5604,504.27,27.65,27.45,45.06,1008.26
5605,504.36,27.65,27.45,45.05,1008.26
5606,504.45,27.67,27.46,45.06,1008.26
5607,504.54,27.68,27.45,45.05,1008.26
5608,504.63,27.68,27.46,45.02,1008.27
5609,504.72,27.68,27.46,45.00,1008.27
5610,504.81,27.68,27.49,44.97,1008.25
5611,504.90,27.66,27.48,44.96,1008.27
5612,504.99,27.67,27.49,44.99,1008.28
5613,505.08,27.67,27.49,45.02,1008.28
5614,505.17,27.67,27.48,45.04,1008.29
5615,505.26,27.68,27.47,45.03,1008.29
5616,505.35,27.68,27.49,45.03,1008.29
5617,505.44,27.67,27.47,45.05,1008.30
5618,505.53,27.68,27.46,45.04,1008.30
5619,505.62,27.66,27.45,45.03,1008.30
5620,505.71,27.67,27.45,45.04,1008.32
5621,505.80,27.68,27.45,45.06,1008.32
5622,505.89,27.66,27.44,45.09,1008.32
5623,505.98,27.67,27.45,45.12,1008.32
5624,506.07,27.68,27.45,45.13,1008.33
5625,506.16,27.65,27.42,45.16,1008.32
5626,506.25,27.66,27.42,45.17,1008.32
5627,506.34,27.68,27.41,45.15,1008.34
5628,506.43,27.67,27.42,45.14,1008.33
5629,506.52,27.67,27.41,45.13,1008.34
5630,506.61,27.68,27.39,45.14,1008.32
5631,506.70,27.67,27.37,45.16,1008.32
5632,506.79,27.66,27.34,45.14,1008.30
5633,506.88,27.66,27.34,45.15,1008.31
5634,506.97,27.67,27.34,45.16,1008.32
5635,507.06,27.68,27.33,45.13,1008.33
5636,507.15,27.67,27.35,45.14,1008.32
5637,507.24,27.67,27.35,45.16,1008.34
5638,507.33,27.68,27.36,45.17,1008.34
5639,507.42,27.70,27.36,45.19,1008.35
5640,507.51,27.70,27.35,45.20,1008.35
5641,507.60,27.71,27.33,45.16,1008.35
5642,507.69,27.70,27.35,45.18,1008.35
5643,507.78,27.70,27.34,45.20,1008.36
5644,507.87,27.70,27.35,45.18,1008.36
5645,507.96,27.70,27.35,45.18,1008.36
5646,508.05,27.70,27.36,45.20,1008.37
5647,508.14,27.68,27.36,45.19,1008.37
5648,508.23,27.94,27.36,45.18,1008.37
5649,508.32,27.69,27.35,45.18,1008.37
5650,508.41,27.72,27.37,45.16,1008.39
5651,508.50,27.69,27.38,45.18,1008.38
5652,508.59,27.69,27.38,45.21,1008.36
5653,508.68,27.69,27.39,45.22,1008.35
5654,508.77,27.70,27.38,45.24,1008.33
5655,508.86,27.70,27.38,45.25,1008.34
5656,508.95,27.70,27.36,45.24,1008.34
5657,509.04,27.71,27.36,45.27,1008.34
5658,509.13,27.71,27.36,45.29,1008.33
5659,509.22,27.72,27.35,45.26,1008.33
5660,509.31,27.74,27.36,45.25,1008.31
5661,509.40,27.74,27.35,45.21,1008.31
5662,509.49,27.74,27.35,45.20,1008.30
5663,509.58,27.73,27.36,45.19,1008.29
5664,509.67,27.73,27.38,45.20,1008.30
5665,509.76,27.73,27.39,45.17,1008.29
5666,509.85,27.71,27.39,45.14,1008.29
5667,509.94,27.73,27.40,45.15,1008.28
5668,510.03,27.72,27.41,45.15,1008.28
5669,510.12,27.74,27.42,45.13,1008.28
5670,510.21,27.74,27.40,45.14,1008.30
5671,510.30,27.75,27.40,45.12,1008.30
5672,510.39,27.74,27.42,45.10,1008.30
5673,510.48,27.73,27.43,45.12,1008.30
5674,510.57,27.73,27.43,45.12,1008.29
5675,510.66,27.73,27.44,45.13,1008.29
5676,510.75,27.72,27.43,45.14,1008.28
5677,510.84,27.72,27.45,45.13,1008.27
5678,510.93,27.72,27.47,45.12,1008.27
5679,511.02,27.72,27.46,45.14,1008.26
5680,511.11,27.71,27.47,45.14,1008.26
5681,511.20,27.72,27.47,45.13,1008.26
5682,511.29,27.71,27.48,45.15,1008.27
5683,511.38,27.70,27.47,45.15,1008.26
5684,511.47,27.69,27.46,45.13,1008.26
5685,511.56,27.69,27.46,45.15,1008.26
5686,511.65,27.69,27.45,45.16,1008.26
5687,511.74,27.70,27.45,45.19,1008.26
5688,511.83,27.71,27.44,45.21,1008.25
5689,511.92,27.73,27.44,45.21,1008.25
5690,512.01,27.72,27.44,45.24,1008.24
5691,512.10,27.71,27.45,45.21,1008.27
5692,512.19,27.70,27.45,45.22,1008.27
5693,512.28,27.70,27.43,45.23,1008.26
5694,512.37,27.68,27.44,45.23,1008.25
5695,512.46,27.67,27.44,45.22,1008.25
5696,512.55,27.67,27.45,45.20,1008.25
5697,512.64,27.67,27.45,45.21,1008.25
5698,512.73,27.66,27.43,45.21,1008.26
5699,512.82,27.67,27.42,45.20,1008.26
5700,512.91,27.66,27.41,45.19,1008.27
5701,513.00,27.65,27.42,45.19,1008.27
5702,513.09,27.65,27.41,45.16,1008.26
5703,513.18,27.66,27.43,45.17,1008.26
5704,513.27,27.65,27.44,45.17,1008.28
5705,513.36,27.65,27.46,45.15,1008.28
5706,513.45,27.65,27.45,45.16,1008.28
5707,513.54,27.65,27.45,45.12,1008.29
5708,513.63,27.65,27.41,45.10,1008.29
5709,513.72,27.65,27.40,45.10,1008.28
5710,513.81,27.66,27.39,45.10,1008.28
5711,513.90,27.67,27.39,45.10,1008.27
5712,513.99,27.67,27.37,45.08,1008.30
5713,514.08,27.66,27.36,45.11,1008.30
5714,514.17,27.66,27.34,45.14,1008.30
5715,514.26,27.66,27.34,45.18,1008.30
5716,514.35,27.65,27.34,45.20,1008.30
5717,514.44,27.65,27.33,45.16,1008.30
5718,514.53,27.65,27.33,45.17,1008.31
5719,514.62,27.65,27.33,45.16,1008.31
5720,514.71,27.65,27.33,45.19,1008.31
5721,514.80,27.65,27.33,45.21,1008.31
5722,514.89,27.65,27.32,45.20,1008.33
5723,514.98,27.65,27.33,45.23,1008.35
5724,515.07,27.65,27.34,45.21,1008.36
5725,515.16,27.65,27.35,45.21,1008.35
5726,515.25,27.65,27.33,45.20,1008.35
5727,515.34,27.65,27.36,45.20,1008.36
5728,515.43,27.65,27.36,45.17,1008.37
5729,515.52,27.65,27.35,45.18,1008.37
5730,515.61,27.65,27.35,45.14,1008.38
5731,515.70,27.65,27.36,45.12,1008.37
5732,515.79,27.65,27.35,45.12,1008.37
5733,515.88,27.65,27.33,45.12,1008.37
5734,515.97,27.65,27.33,45.14,1008.37
5735,516.06,27.65,27.33,45.15,1008.37
5736,516.15,27.65,27.33,45.15,1008.37
5737,516.24,27.65,27.33,45.15,1008.38
5738,516.33,27.65,27.33,45.11,1008.37
5739,516.42,27.65,27.33,45.13,1008.36
5740,516.51,27.65,27.35,45.15,1008.35
5741,516.60,27.65,27.36,45.14,1008.34
5742,516.69,27.65,27.35,45.15,1008.32
5743,516.78,27.65,27.36,45.14,1008.32
5744,516.87,27.65,27.38,45.12,1008.32
5745,516.96,27.65,27.40,45.11,1008.32
5746,517.05,27.65,27.40,45.11,1008.31
5747,517.14,27.65,27.40,45.11,1008.29
5748,517.23,27.65,27.40,45.11,1008.29
5749,517.32,27.65,27.40,45.13,1008.28
5750,517.41,27.65,27.41,45.15,1008.28
5751,517.50,27.66,27.38,45.15,1008.28
5752,517.59,27.66,27.36,45.18,1008.28
5753,517.68,27.67,27.35,45.16,1008.28
5754,517.77,27.67,27.35,45.16,1008.28
5755,517.86,27.67,27.35,45.13,1008.27
5756,517.95,27.65,27.36,45.11,1008.29
5757,518.04,27.66,27.37,45.11,1008.28
5758,518.13,27.66,27.37,45.14,1008.28
5759,518.22,27.66,27.39,45.13,1008.28
5760,518.31,27.67,27.41,45.14,1008.28
5761,518.40,27.67,27.43,45.11,1008.29
5762,518.49,27.67,27.44,45.11,1008.27
5763,518.58,27.69,27.44,45.11,1008.27
5764,518.67,27.68,27.43,45.08,1008.27
5765,518.76,27.68,27.46,45.09,1008.26
5766,518.85,27.68,27.46,45.12,1008.25
5767,518.94,27.67,27.46,45.12,1008.24
5768,519.03,27.66,27.47,45.12,1008.24
5769,519.12,27.66,27.48,45.11,1008.25
5770,519.21,27.67,27.48,45.10,1008.24
5771,519.30,27.69,27.48,45.10,1008.26
5772,519.39,27.69,27.46,45.10,1008.25
5773,519.48,27.69,27.44,45.08,1008.25
5774,519.57,27.70,27.43,45.09,1008.25
5775,519.66,27.70,27.43,45.08,1008.25
5776,519.75,27.72,27.41,45.12,1008.24
5777,519.84,27.71,27.42,45.11,1008.24
5778,519.93,27.70,27.41,45.11,1008.25
5779,520.02,27.71,27.43,45.10,1008.25
5780,520.11,27.70,27.42,45.04,1008.26
5781,520.20,27.70,27.43,45.05,1008.26
5782,520.29,27.69,27.41,45.08,1008.27
5783,520.38,27.67,27.41,45.12,1008.27
5784,520.47,27.68,27.40,45.14,1008.28
5785,520.56,27.68,27.41,45.14,1008.28
5786,520.65,27.67,27.40,45.15,1008.28
5787,520.74,27.67,27.42,45.17,1008.28
5788,520.83,27.67,27.43,45.14,1008.28
5789,520.92,27.68,27.42,45.11,1008.29
5790,521.01,27.67,27.42,45.12,1008.28
5791,521.10,27.66,27.43,45.14,1008.29
5792,521.19,27.67,27.44,45.17,1008.30
5793,521.28,27.67,27.43,45.19,1008.30
5794,521.37,27.65,27.43,45.21,1008.31
5795,521.46,27.65,27.42,45.17,1008.32
5796,521.55,27.65,27.44,45.21,1008.32
5797,521.64,27.65,27.43,45.22,1008.32
5798,521.73,27.65,27.42,45.23,1008.33
5799,521.82,27.65,27.41,45.24,1008.35
5800,521.91,27.65,27.40,45.23,1008.36
5801,522.00,27.65,27.38,45.23,1008.37
5802,522.09,27.65,27.38,45.23,1008.38
5803,522.18,27.65,27.38,45.23,1008.38
5804,522.27,27.65,27.39,45.24,1008.38
5805,522.36,27.65,27.41,45.23,1008.38
5806,522.45,27.65,27.42,45.27,1008.38
5807,522.54,27.65,27.43,45.26,1008.38
5808,522.63,27.65,27.42,45.25,1008.38
5809,522.72,27.65,27.43,45.24,1008.39
5810,522.81,27.65,27.41,45.23,1008.40
5811,522.90,27.65,27.40,45.27,1008.41
5812,522.99,27.65,27.39,45.26,1008.40
5813,523.08,27.65,27.39,45.25,1008.38
5814,523.17,27.65,27.39,45.26,1008.37
5815,523.26,27.65,27.39,45.26,1008.36
5816,523.35,27.65,27.41,45.28,1008.35
5817,523.44,27.65,27.41,45.29,1008.35
5818,523.53,27.65,27.42,45.28,1008.34
5819,523.62,27.65,27.42,45.31,1008.34
5820,523.71,27.65,27.43,45.30,1008.33
5821,523.80,27.66,27.44,45.30,1008.32
5822,523.89,27.67,27.44,45.31,1008.33
5823,523.98,27.69,27.43,45.32,1008.33
5824,524.07,27.67,27.40,45.26,1008.33
5825,524.16,27.68,27.39,45.27,1008.32
5826,524.25,27.68,27.38,45.28,1008.32
5827,524.34,27.69,27.39,45.30,1008.32
5828,524.43,27.70,27.39,45.28,1008.33
5829,524.52,27.70,27.38,45.28,1008.35
5830,524.61,27.70,27.39,45.29,1008.34
5831,524.70,27.71,27.39,45.30,1008.33
5832,524.79,27.71,27.42,45.31,1008.32
5833,524.88,27.70,27.41,45.25,1008.31
5834,524.97,27.71,27.41,45.25,1008.30
5835,525.06,27.71,27.40,45.28,1008.30
5836,525.15,27.71,27.41,45.29,1008.30
5837,525.24,27.71,27.41,45.32,1008.31
5838,525.33,27.72,27.42,45.33,1008.31
5839,525.42,27.72,27.42,45.29,1008.29
5840,525.51,27.74,27.42,45.29,1008.30
5841,525.60,27.73,27.41,45.24,1008.29
5842,525.69,27.72,27.42,45.24,1008.29
5843,525.78,27.71,27.44,45.27,1008.28
5844,525.87,27.71,27.44,45.29,1008.26
5845,525.96,27.71,27.46,45.30,1008.26
5846,526.05,27.69,27.44,45.26,1008.26
5847,526.14,27.68,27.46,45.21,1008.26
5848,526.23,27.67,27.47,45.22,1008.24
5849,526.32,27.69,27.46,45.23,1008.25
5850,526.41,27.68,27.46,45.23,1008.26
5851,526.50,27.68,27.45,45.22,1008.26
5852,526.59,27.68,27.46,45.24,1008.26
5853,526.68,27.68,27.45,45.25,1008.25
5854,526.77,27.67,27.44,45.24,1008.26
5855,526.86,27.68,27.44,45.26,1008.25
5856,526.95,27.69,27.46,45.22,1008.26
5857,527.04,27.71,27.47,45.20,1008.27
5858,527.13,27.69,27.47,45.18,1008.26
5859,527.22,27.69,27.46,45.16,1008.25
5860,527.31,27.69,27.48,45.15,1008.25
5861,527.40,27.69,27.49,45.17,1008.25
5862,527.49,27.69,27.50,45.15,1008.26
5863,527.58,27.69,27.50,45.16,1008.27
5864,527.67,27.69,27.51,45.15,1008.26
5865,527.76,27.67,27.50,45.15,1008.26
5866,527.85,27.66,27.49,45.12,1008.26
5867,527.94,27.67,27.49,45.14,1008.27
5868,528.03,27.66,27.48,45.16,1008.28
5869,528.12,27.67,27.48,45.19,1008.28
5870,528.21,27.67,27.46,45.18,1008.29
5871,528.30,27.67,27.46,45.17,1008.31
5872,528.39,27.66,27.44,45.15,1008.30
5873,528.48,27.67,27.46,45.16,1008.30
5874,528.57,27.67,27.45,45.14,1008.28
5875,528.66,27.69,27.46,45.14,1008.30
5876,528.75,27.67,27.45,45.12,1008.30
5877,528.84,27.66,27.45,45.07,1008.32
5878,528.93,27.67,27.47,45.08,1008.32
5879,529.02,27.68,27.46,45.08,1008.33
5880,529.11,27.69,27.43,45.07,1008.32
5881,529.20,27.70,27.45,45.07,1008.33
5882,529.29,27.70,27.45,45.10,1008.34
5883,529.38,27.70,27.45,45.08,1008.35
5884,529.47,27.71,27.46,45.11,1008.34
5885,529.56,27.70,27.46,45.10,1008.34
5886,529.65,27.69,27.48,45.09,1008.35
5887,529.74,27.69,27.47,45.05,1008.34
5888,529.83,27.71,27.48,45.06,1008.33
5889,529.92,27.71,27.48,45.07,1008.34
5890,530.01,27.73,27.49,45.04,1008.34
5891,530.10,27.71,27.47,45.05,1008.34
5892,530.19,27.72,27.47,45.07,1008.33
5893,530.28,27.70,27.46,45.05,1008.36
5894,530.37,27.70,27.45,45.05,1008.36
5895,530.46,27.70,27.45,45.04,1008.35
5896,530.55,27.67,27.45,45.03,1008.35
5897,530.64,27.69,27.43,45.02,1008.36
5898,530.73,27.68,27.43,45.04,1008.36
5899,530.82,27.70,27.44,45.02,1008.35
5900,530.91,27.72,27.43,45.03,1008.35
5901,531.00,27.72,27.42,45.06,1008.35
5902,531.09,27.71,27.43,45.04,1008.34
5903,531.18,27.73,27.42,45.07,1008.34
5904,531.27,27.73,27.41,45.08,1008.35
5905,531.36,27.74,27.40,45.10,1008.34
5906,531.45,27.76,27.40,45.10,1008.34
5907,531.54,27.74,27.40,45.07,1008.34
5908,531.63,27.76,27.39,45.04,1008.33
5909,531.72,27.76,27.38,45.08,1008.33
5910,531.81,27.77,27.36,45.08,1008.33
5911,531.90,27.77,27.37,45.08,1008.31
5912,531.99,27.77,27.38,45.05,1008.31
5913,532.08,27.78,27.39,45.08,1008.32
5914,532.17,27.78,27.39,45.09,1008.32
5915,532.26,27.77,27.39,45.06,1008.33
5916,532.35,27.77,27.42,45.08,1008.34
5917,532.44,27.79,27.43,45.08,1008.34
5918,532.53,27.77,27.42,45.06,1008.34
5919,532.62,27.77,27.41,45.05,1008.34
5920,532.71,27.78,27.40,45.03,1008.34
5921,532.80,27.78,27.42,45.00,1008.34
5922,532.89,27.78,27.42,44.99,1008.35
5923,532.98,27.77,27.41,44.99,1008.35
5924,533.07,27.76,27.41,44.98,1008.34
5925,533.16,27.74,27.42,44.91,1008.33
5926,533.25,27.75,27.40,44.89,1008.32
5927,533.34,27.75,27.42,44.86,1008.32
5928,533.43,27.76,27.42,44.85,1008.32
5929,533.52,27.77,27.41,44.85,1008.30
5930,533.61,27.77,27.43,44.87,1008.31
5931,533.70,27.77,27.44,44.90,1008.30
5932,533.79,27.77,27.42,44.91,1008.29
5933,533.88,27.75,27.41,44.90,1008.29
5934,533.97,27.76,27.43,44.93,1008.31
5935,534.06,27.75,27.44,44.91,1008.32
5936,534.15,27.74,27.45,44.91,1008.33
5937,534.24,27.74,27.41,44.93,1008.33
5938,534.33,27.74,27.41,44.95,1008.33
5939,534.42,27.73,27.41,44.93,1008.33
5940,534.51,27.72,27.40,44.95,1008.33
5941,534.60,27.71,27.41,44.95,1008.32
5942,534.69,27.71,27.41,44.97,1008.32
5943,534.78,27.70,27.42,44.97,1008.32
5944,534.87,27.70,27.43,44.98,1008.31
5945,534.96,27.70,27.45,44.98,1008.30
5946,535.05,27.69,27.45,44.97,1008.29
5947,535.14,27.69,27.46,44.99,1008.30
5948,535.23,27.71,27.48,44.99,1008.29
5949,535.32,27.70,27.48,45.01,1008.29
5950,535.41,27.69,27.47,45.02,1008.29
5951,535.50,27.70,27.45,45.01,1008.29
5952,535.59,27.71,27.46,45.01,1008.29
5953,535.68,27.69,27.46,44.98,1008.31
5954,535.77,27.69,27.46,45.02,1008.31
5955,535.86,27.68,27.46,45.01,1008.31
5956,535.95,27.67,27.44,45.00,1008.30
5957,536.04,27.68,27.48,44.96,1008.30
5958,536.13,27.68,27.46,44.99,1008.30
5959,536.22,27.68,27.47,45.00,1008.31
5960,536.31,27.68,27.46,44.97,1008.31
5961,536.40,27.69,27.46,44.97,1008.30
5962,536.49,27.69,27.45,44.99,1008.31
5963,536.58,27.69,27.42,45.01,1008.33
5964,536.67,27.69,27.42,45.02,1008.33
5965,536.76,27.68,27.43,45.03,1008.33
5966,536.85,27.69,27.45,45.04,1008.34
5967,536.94,27.69,27.45,45.02,1008.34
5968,537.03,27.67,27.46,44.98,1008.34
5969,537.12,27.67,27.48,45.00,1008.35
5970,537.21,27.68,27.49,45.01,1008.33
5971,537.30,27.69,27.51,44.99,1008.34
5972,537.39,27.69,27.52,44.99,1008.34
5973,537.48,27.69,27.50,44.99,1008.34
5974,537.57,27.68,27.49,44.96,1008.35
5975,537.66,27.68,27.51,44.98,1008.35
5976,537.75,27.69,27.51,45.03,1008.34
5977,537.84,27.69,27.50,45.00,1008.34
5978,537.93,27.71,27.51,45.02,1008.34
5979,538.02,27.72,27.49,45.03,1008.33
5980,538.11,27.71,27.48,45.00,1008.32
5981,538.20,27.72,27.49,44.99,1008.32
5982,538.29,27.73,27.50,45.00,1008.33
5983,538.38,27.73,27.50,44.98,1008.32
5984,538.47,27.71,27.50,44.98,1008.35
5985,538.56,27.70,27.51,44.99,1008.34
5986,538.65,27.71,27.51,45.03,1008.32
5987,538.74,27.73,27.52,45.05,1008.33
5988,538.83,27.72,27.53,45.05,1008.32
5989,538.92,27.72,27.53,45.04,1008.31
5990,539.01,27.72,27.52,45.04,1008.30
5991,539.10,27.72,27.52,45.04,1008.29
5992,539.19,27.73,27.52,45.04,1008.30
5993,539.28,27.72,27.50,45.07,1008.29
5994,539.37,27.73,27.48,45.07,1008.29
5995,539.46,27.72,27.48,45.03,1008.29
5996,539.55,27.73,27.49,45.01,1008.29
5997,539.64,27.73,27.49,44.99,1008.29
5998,539.73,27.72,27.49,44.98,1008.29
5999,539.82,27.72,27.50,44.96,1008.30
6000,539.91,27.69,27.50,44.97,1008.29
6001,540.00,27.70,27.50,44.99,1008.29
6002,540.09,27.69,27.47,45.01,1008.29
6003,540.18,27.70,27.46,44.98,1008.28
6004,540.27,27.69,27.46,44.96,1008.27
6005,540.36,27.68,27.48,44.96,1008.28
6006,540.45,27.70,27.47,44.93,1008.27
6007,540.54,27.71,27.47,44.91,1008.26
6008,540.63,27.70,27.47,44.91,1008.25
6009,540.72,27.68,27.48,44.90,1008.25
6010,540.81,27.68,27.46,44.88,1008.25
6011,540.90,27.67,27.45,44.88,1008.25
6012,540.99,27.68,27.42,44.84,1008.25
6013,541.08,27.68,27.41,44.83,1008.25
6014,541.17,27.67,27.39,44.81,1008.25
6015,541.26,27.67,27.39,44.77,1008.25
6016,541.35,27.68,27.39,44.79,1008.24
6017,541.44,27.67,27.42,44.81,1008.24
6018,541.53,27.69,27.43,44.80,1008.26
6019,541.62,27.71,27.42,44.82,1008.25
6020,541.71,27.70,27.41,44.84,1008.24
6021,541.80,27.71,27.40,44.86,1008.24
6022,541.89,27.72,27.40,44.86,1008.24
6023,541.98,27.73,27.39,44.87,1008.24
6024,542.07,27.74,27.40,44.87,1008.23
6025,542.16,27.74,27.39,44.89,1008.23
6026,542.25,27.72,27.39,44.90,1008.25
6027,542.34,27.73,27.41,44.88,1008.25
6028,542.43,27.72,27.40,44.86,1008.26
6029,542.52,27.71,27.40,44.86,1008.26
6030,542.61,27.71,27.40,44.83,1008.25
6031,542.70,27.71,27.39,44.85,1008.27
6032,542.79,27.72,27.42,44.85,1008.28
6033,542.88,27.73,27.42,44.85,1008.29
6034,542.97,27.74,27.44,44.85,1008.29
6035,543.06,27.73,27.43,44.84,1008.30
6036,543.15,27.73,27.42,44.83,1008.29
6037,543.24,27.71,27.42,44.82,1008.30
6038,543.33,27.71,27.41,44.81,1008.31
6039,543.42,27.70,27.41,44.81,1008.31
6040,543.51,27.72,27.44,44.82,1008.31
6041,543.60,27.71,27.45,44.79,1008.32
6042,543.69,27.72,27.43,44.80,1008.32
6043,543.78,27.73,27.45,44.81,1008.32
6044,543.87,27.73,27.65,44.85,1008.32
6045,543.96,27.75,27.44,44.83,1008.32
6046,544.05,27.75,27.45,44.82,1008.32
6047,544.14,27.74,27.45,44.82,1008.31
6048,544.23,27.74,27.44,44.81,1008.31
6049,544.32,27.74,27.44,44.82,1008.32
6050,544.41,27.74,27.44,44.85,1008.34
6051,544.50,27.74,27.46,44.88,1008.34
6052,544.59,27.72,27.45,44.90,1008.34
6053,544.68,27.73,27.44,44.89,1008.33
6054,544.77,27.73,27.43,44.88,1008.34
6055,544.86,27.75,27.43,44.84,1008.35
6056,544.95,27.77,27.44,44.86,1008.35
6057,545.04,27.76,27.44,44.86,1008.34
6058,545.13,27.78,27.46,44.86,1008.34
6059,545.22,27.78,27.47,44.87,1008.35
6060,545.31,27.78,27.47,44.86,1008.34
6061,545.40,27.78,27.45,44.87,1008.35
6062,545.49,27.79,27.48,44.87,1008.35
6063,545.58,27.78,27.48,44.87,1008.34
6064,545.67,27.77,27.49,44.86,1008.34
6065,545.76,27.78,27.49,44.91,1008.34
6066,545.85,27.77,27.49,44.91,1008.34
6067,545.94,27.77,27.49,44.91,1008.35
6068,546.03,27.77,27.49,44.92,1008.36
6069,546.12,27.76,27.48,44.92,1008.35
6070,546.21,27.77,27.51,44.89,1008.36
6071,546.30,27.77,27.50,44.87,1008.36
6072,546.39,27.77,27.49,44.88,1008.35
6073,546.48,27.77,27.51,44.90,1008.35
6074,546.57,27.76,27.50,44.86,1008.34
6075,546.66,27.76,27.50,44.84,1008.35
6076,546.75,27.77,27.51,44.82,1008.34
6077,546.84,27.77,27.51,44.81,1008.32
6078,546.93,27.76,27.49,44.76,1008.32
6079,547.02,27.76,27.50,44.77,1008.30
6080,547.11,27.75,27.51,44.74,1008.29
6081,547.20,27.74,27.49,44.75,1008.27
6082,547.29,27.75,27.49,44.75,1008.27
6083,547.38,27.74,27.50,44.76,1008.28
6084,547.47,27.74,27.50,44.75,1008.27
6085,547.56,27.73,27.48,44.74,1008.27
6086,547.65,27.73,27.48,44.74,1008.27
6087,547.74,27.72,27.47,44.74,1008.28
6088,547.83,27.74,27.46,44.74,1008.27
6089,547.92,27.74,27.47,44.77,1008.28
6090,548.01,27.73,27.45,44.74,1008.26
6091,548.10,27.73,27.46,44.74,1008.26
6092,548.19,27.74,27.45,44.73,1008.25
6093,548.28,27.74,27.44,44.72,1008.26
6094,548.37,27.74,27.43,44.75,1008.24
6095,548.46,27.74,27.43,44.77,1008.24
6096,548.55,27.74,27.44,44.78,1008.24
6097,548.64,27.74,27.41,44.76,1008.23
6098,548.73,27.74,27.39,44.72,1008.23
6099,548.82,27.73,27.38,44.71,1008.24
6100,548.91,27.71,27.40,44.67,1008.24
6101,549.00,27.70,27.39,44.68,1008.24
6102,549.09,27.72,27.38,44.70,1008.23
6103,549.18,27.72,27.38,44.71,1008.25
6104,549.27,27.71,27.37,44.68,1008.25
6105,549.36,27.69,27.36,44.65,1008.25
6106,549.45,27.68,27.37,44.65,1008.26
6107,549.54,27.66,27.38,44.62,1008.27
6108,549.63,27.66,27.37,44.60,1008.26
6109,549.72,27.67,27.37,44.60,1008.27
6110,549.81,27.67,27.38,44.63,1008.26
6111,549.90,27.67,27.39,44.61,1008.26
6112,549.99,27.67,27.39,44.64,1008.25
6113,550.08,27.68,27.40,44.61,1008.24
6114,550.17,27.67,27.38,44.62,1008.26
6115,550.26,27.68,27.37,44.65,1008.25
6116,550.35,27.68,27.38,44.65,1008.26
6117,550.44,27.69,27.37,44.67,1008.26
6118,550.53,27.70,27.37,44.68,1008.28
6119,550.62,27.70,27.38,44.69,1008.29
6120,550.71,27.71,27.38,44.72,1008.31
6121,550.80,27.69,27.39,44.72,1008.31
6122,550.89,27.68,27.41,44.69,1008.32
6123,550.98,27.69,27.39,44.69,1008.33
6124,551.07,27.69,27.38,44.73,1008.33
6125,551.16,27.69,27.41,44.73,1008.33
6126,551.25,27.70,27.41,44.70,1008.33
6127,551.34,27.70,27.42,44.68,1008.33
6128,551.43,27.70,27.42,44.66,1008.33
6129,551.52,27.70,27.43,44.64,1008.34
6130,551.61,27.70,27.44,44.67,1008.35
6131,551.70,27.72,27.43,44.65,1008.34
6132,551.79,27.72,27.45,44.69,1008.36
6133,551.88,27.70,27.45,44.70,1008.35
6134,551.97,27.71,27.46,44.68,1008.36
6135,552.06,27.72,27.45,44.70,1008.36
6136,552.15,27.71,27.46,44.71,1008.36
6137,552.24,27.70,27.47,44.68,1008.35
6138,552.33,27.72,27.47,44.69,1008.36
6139,552.42,27.73,27.49,44.73,1008.37
6140,552.51,27.73,27.49,44.72,1008.36
6141,552.60,27.74,27.50,44.73,1008.37
6142,552.69,27.74,27.49,44.73,1008.37
6143,552.78,27.73,27.46,44.72,1008.37
6144,552.87,27.72,27.46,44.69,1008.37
6145,552.96,27.73,27.48,44.72,1008.37
6146,553.05,27.74,27.47,44.71,1008.36
6147,553.14,27.73,27.47,44.70,1008.36
6148,553.23,27.75,27.47,44.69,1008.35
6149,553.32,27.74,27.46,44.70,1008.35
6150,553.41,27.75,27.47,44.69,1008.34
6151,553.50,27.76,27.49,44.67,1008.34
6152,553.59,27.76,27.49,44.64,1008.34
6153,553.68,27.76,27.49,44.60,1008.33
6154,553.77,27.75,27.48,44.57,1008.33
6155,553.86,27.76,27.49,44.57,1008.32
6156,553.95,27.76,27.50,44.56,1008.31
6157,554.04,27.77,27.53,44.59,1008.30
6158,554.13,27.77,27.54,44.56,1008.29
6159,554.22,27.75,27.52,44.57,1008.28
6160,554.31,27.74,27.51,44.59,1008.28
6161,554.40,27.74,27.49,44.55,1008.29
6162,554.49,27.74,27.49,44.54,1008.28
6163,554.58,27.73,27.51,44.52,1008.28
6164,554.67,27.73,27.49,44.54,1008.29
6165,554.76,27.73,27.31,44.52,1008.27
6166,554.85,27.73,27.49,44.54,1008.27
6167,554.94,27.71,27.49,44.54,1008.26
6168,555.03,27.72,27.48,44.58,1008.25
6169,555.12,27.69,27.48,44.56,1008.25
6170,555.21,27.68,27.48,44.54,1008.26
6171,555.30,27.71,27.49,44.55,1008.27
6172,555.39,27.69,27.48,44.57,1008.26
6173,555.48,27.71,27.47,44.58,1008.24
6174,555.57,27.73,27.48,44.59,1008.23
6175,555.66,27.74,27.48,44.56,1008.23
6176,555.75,27.74,27.50,44.56,1008.24
6177,555.84,27.74,27.50,44.58,1008.24
6178,555.93,27.76,27.52,44.56,1008.24
6179,556.02,27.77,27.52,44.58,1008.24
6180,556.11,27.76,27.52,44.60,1008.25
6181,556.20,27.77,27.50,44.55,1008.24
6182,556.29,27.75,27.48,44.54,1008.25
6183,556.38,27.76,27.48,44.55,1008.25
6184,556.47,27.76,27.48,44.54,1008.26
6185,556.56,27.75,27.47,44.56,1008.26
6186,556.65,27.74,27.45,44.61,1008.24
6187,556.74,27.75,27.43,44.60,1008.26
6188,556.83,27.75,27.44,44.61,1008.26
6189,556.92,27.77,27.45,44.56,1008.26
6190,557.01,27.77,27.45,44.56,1008.27
6191,557.10,27.76,27.45,44.59,1008.27
6192,557.19,27.74,27.45,44.59,1008.28
6193,557.28,27.74,27.42,44.61,1008.29
6194,557.37,27.73,27.44,44.63,1008.30
6195,557.46,27.73,27.43,44.62,1008.30
6196,557.55,27.74,27.42,44.61,1008.31
6197,557.64,27.76,27.42,44.61,1008.32
6198,557.73,27.76,27.41,44.62,1008.32
6199,557.82,27.76,27.41,44.64,1008.31
6200,557.91,27.78,27.39,44.63,1008.32
6201,558.00,27.78,27.40,44.62,1008.33
6202,558.09,27.76,27.39,44.60,1008.33
6203,558.18,27.76,27.40,44.63,1008.31
6204,558.27,27.76,27.41,44.64,1008.32
6205,558.36,27.77,27.42,44.66,1008.31
6206,558.45,27.78,27.43,44.66,1008.32
6207,558.54,27.77,27.44,44.62,1008.33
6208,558.63,27.78,27.45,44.63,1008.33
6209,558.72,27.78,27.45,44.60,1008.33
6210,558.81,27.78,27.45,44.58,1008.32
6211,558.90,27.78,27.45,44.61,1008.33
6212,558.99,27.77,27.43,44.63,1008.33
6213,559.08,27.75,27.43,44.67,1008.33
6214,559.17,27.75,27.42,44.65,1008.33
6215,559.26,27.74,27.44,44.66,1008.34
6216,559.35,27.74,27.43,44.68,1008.36
6217,559.44,27.74,27.43,44.66,1008.35
6218,559.53,27.75,27.41,44.62,1008.37
6219,559.62,27.75,27.41,44.60,1008.35
6220,559.71,27.76,27.43,44.58,1008.37
6221,559.80,27.76,27.43,44.59,1008.38
6222,559.89,27.77,27.43,44.58,1008.38
6223,559.98,27.77,27.44,44.62,1008.36
6224,560.07,27.77,27.47,44.60,1008.36
6225,560.16,27.78,27.46,44.58,1008.36
6226,560.25,27.76,27.46,44.59,1008.36
6227,560.34,27.73,27.47,44.57,1008.37
6228,560.43,27.73,27.48,44.56,1008.38
6229,560.52,27.73,27.50,44.58,1008.37
6230,560.61,27.73,27.50,44.57,1008.37
6231,560.70,27.74,27.51,44.56,1008.37
6232,560.79,27.73,27.52,44.55,1008.37
6233,560.88,27.73,27.51,44.55,1008.37
6234,560.97,27.74,27.49,44.58,1008.37
6235,561.06,27.75,27.49,44.56,1008.36
6236,561.15,27.75,27.51,44.56,1008.36
6237,561.24,27.76,27.50,44.57,1008.35
6238,561.33,27.76,27.49,44.56,1008.35
6239,561.42,27.76,27.48,44.55,1008.35
6240,561.51,27.75,27.48,44.53,1008.34
6241,561.60,27.74,27.50,44.52,1008.33
6242,561.69,27.73,27.49,44.55,1008.33
6243,561.78,27.71,27.50,44.53,1008.33
6244,561.87,27.72,27.49,44.57,1008.33
6245,561.96,27.70,27.52,44.57,1008.32
6246,562.05,27.69,27.51,44.56,1008.33
6247,562.14,27.69,27.50,44.56,1008.32
6248,562.23,27.69,27.49,44.53,1008.31
6249,562.32,27.67,27.50,44.52,1008.30
6250,562.41,27.67,27.49,44.49,1008.28
6251,562.50,27.68,27.49,44.49,1008.28
6252,562.59,27.67,27.49,44.50,1008.27
6253,562.68,27.67,27.47,44.50,1008.27
6254,562.77,27.68,27.48,44.47,1008.26
6255,562.86,27.67,27.48,44.48,1008.27
6256,562.95,27.68,27.46,44.51,1008.26
6257,563.04,27.70,27.48,44.49,1008.28
6258,563.13,27.71,27.49,44.50,1008.28
6259,563.22,27.71,27.48,44.49,1008.28
6260,563.31,27.70,27.48,44.46,1008.29
6261,563.40,27.72,27.49,44.47,1008.29
6262,563.49,27.72,27.49,44.46,1008.29
6263,563.58,27.72,27.48,44.47,1008.29
6264,563.67,27.72,27.47,44.46,1008.29
6265,563.76,27.73,27.46,44.46,1008.29
6266,563.85,27.73,27.47,44.45,1008.30
6267,563.94,27.66,27.47,44.44,1008.29
6268,564.03,27.74,27.45,44.47,1008.28
6269,564.12,27.74,27.47,44.46,1008.29
6270,564.21,27.74,27.46,44.46,1008.29
6271,564.30,27.75,27.47,44.44,1008.27
6272,564.39,27.74,27.49,44.46,1008.26
6273,564.48,27.77,27.47,44.48,1008.27
6274,564.57,27.78,27.48,44.50,1008.26
6275,564.66,27.78,27.48,44.56,1008.26
6276,564.75,27.77,27.49,44.54,1008.27
6277,564.84,27.75,27.49,44.53,1008.27
6278,564.93,27.76,27.47,44.48,1008.27
6279,565.02,27.76,27.48,44.48,1008.29
6280,565.11,27.76,27.48,44.51,1008.30
6281,565.20,27.76,27.48,44.50,1008.30
6282,565.29,27.75,27.47,44.52,1008.29
6283,565.38,27.76,27.48,44.50,1008.30
6284,565.47,27.78,27.48,44.54,1008.31
6285,565.56,27.76,27.47,44.54,1008.30
6286,565.65,27.76,27.49,44.57,1008.29
6287,565.74,27.73,27.49,44.56,1008.31
6288,565.83,27.73,27.48,44.55,1008.30
6289,565.92,27.74,27.48,44.54,1008.30
6290,566.01,27.76,27.46,44.55,1008.30
6291,566.10,27.76,27.46,44.51,1008.31
6292,566.19,27.77,27.45,44.50,1008.30
6293,566.28,27.77,27.40,44.51,1008.32
6294,566.37,27.76,27.41,44.53,1008.33
6295,566.46,27.78,27.41,44.56,1008.34
6296,566.55,27.76,27.43,44.56,1008.33
6297,566.64,27.77,27.44,44.54,1008.34
6298,566.73,27.78,27.44,44.53,1008.36
6299,566.82,27.76,27.42,44.55,1008.35
6300,566.91,27.76,27.44,44.55,1008.36
6301,567.00,27.76,27.44,44.57,1008.37
6302,567.09,27.75,27.44,44.55,1008.35
6303,567.18,27.75,27.42,44.55,1008.36
6304,567.27,27.74,27.43,44.56,1008.35
6305,567.36,27.74,27.43,44.53,1008.37
6306,567.45,27.75,27.43,44.53,1008.38
6307,567.54,27.73,27.45,44.52,1008.37
6308,567.63,27.74,27.49,44.50,1008.36
6309,567.72,27.73,27.49,44.51,1008.36
6310,567.81,27.74,27.49,44.50,1008.36
6311,567.90,27.73,27.51,44.46,1008.37
6312,567.99,27.74,27.49,44.48,1008.35
6313,568.08,27.73,27.51,44.46,1008.35
6314,568.17,27.72,27.54,44.46,1008.36
6315,568.26,27.72,27.55,44.46,1008.37
6316,568.35,27.73,27.52,44.45,1008.37
6317,568.44,27.75,27.51,44.46,1008.36
6318,568.53,27.78,27.53,44.47,1008.36
6319,568.62,27.78,27.53,44.48,1008.36
6320,568.71,27.78,27.54,44.48,1008.36
6321,568.80,27.78,27.55,44.49,1008.34
6322,568.89,27.78,27.52,44.47,1008.33
6323,568.98,27.78,27.51,44.48,1008.34
6324,569.07,27.79,27.50,44.48,1008.32
6325,569.16,27.79,27.52,44.48,1008.32
6326,569.25,27.81,27.51,44.49,1008.33
6327,569.34,27.82,27.54,44.50,1008.33
6328,569.43,27.83,27.53,44.51,1008.33
6329,569.52,27.84,27.53,44.47,1008.32
6330,569.61,27.84,27.54,44.48,1008.32
6331,569.70,27.83,27.53,44.46,1008.31
6332,569.79,27.86,27.53,44.44,1008.31
6333,569.88,27.84,27.54,44.47,1008.30
6334,569.97,27.84,27.55,44.46,1008.29
6335,570.06,27.83,27.53,44.47,1008.29
6336,570.15,27.82,27.53,44.44,1008.28
6337,570.24,27.83,27.54,44.44,1008.28
6338,570.33,27.83,27.53,44.45,1008.29
6339,570.42,27.84,27.53,44.47,1008.29
6340,570.51,27.84,27.53,44.48,1008.29
6341,570.60,27.83,27.52,44.47,1008.29
6342,570.69,27.82,27.52,44.48,1008.29
6343,570.78,27.80,27.52,44.49,1008.28
6344,570.87,27.80,27.53,44.48,1008.27
6345,570.96,27.80,27.56,44.50,1008.26
6346,571.05,27.80,27.58,44.52,1008.26
6347,571.14,27.79,27.59,44.52,1008.26
6348,571.23,27.79,27.57,44.53,1008.26
6349,571.32,27.78,27.59,44.53,1008.26
6350,571.41,27.78,27.57,44.53,1008.25
6351,571.50,27.77,27.57,44.53,1008.25
6352,571.59,27.78,27.57,44.57,1008.24
6353,571.68,27.77,27.55,44.56,1008.24
6354,571.77,27.76,27.55,44.60,1008.23
6355,571.86,27.76,27.54,44.58,1008.23
6356,571.95,27.74,27.53,44.58,1008.24
6357,572.04,27.74,27.52,44.60,1008.24
6358,572.13,27.72,27.52,44.60,1008.24
6359,572.22,27.72,27.53,44.58,1008.25
6360,572.31,27.70,27.51,44.57,1008.25
6361,572.40,27.71,27.50,44.56,1008.25
6362,572.49,27.72,27.49,44.55,1008.26
6363,572.58,27.73,27.47,44.55,1008.25
6364,572.67,27.73,27.45,44.57,1008.25
6365,572.76,27.74,27.45,44.57,1008.25
6366,572.85,27.74,27.44,44.54,1008.27
6367,572.94,27.74,27.44,44.53,1008.29
6368,573.03,27.74,27.43,44.52,1008.29
6369,573.12,27.75,27.43,44.49,1008.29
6370,573.21,27.75,27.44,44.51,1008.29
6371,573.30,27.77,27.46,44.52,1008.28
6372,573.39,27.77,27.46,44.53,1008.29
6373,573.48,27.77,27.44,44.53,1008.30
6374,573.57,27.76,27.42,44.51,1008.31
6375,573.66,27.76,27.43,44.52,1008.31
6376,573.75,27.74,27.42,44.51,1008.31
6377,573.84,27.73,27.41,44.53,1008.31
6378,573.93,27.71,27.41,44.52,1008.31
6379,574.02,27.71,27.40,44.52,1008.32
6380,574.11,27.70,27.37,44.54,1008.32
6381,574.20,27.68,27.41,44.51,1008.31
6382,574.29,27.66,27.40,44.51,1008.32
6383,574.38,27.67,27.44,44.49,1008.31
6384,574.47,27.68,27.45,44.44,1008.32
6385,574.56,27.68,27.45,44.43,1008.31
6386,574.65,27.66,27.44,44.46,1008.31
6387,574.74,27.66,27.45,44.49,1008.31
6388,574.83,27.66,27.44,44.46,1008.29
6389,574.92,27.66,27.45,44.51,1008.30
6390,575.01,27.66,27.46,44.51,1008.31
6391,575.10,27.68,27.46,44.49,1008.31
6392,575.19,27.69,27.46,44.45,1008.31
6393,575.28,27.70,27.47,44.47,1008.30
6394,575.37,27.69,27.47,44.49,1008.30
6395,575.46,27.71,27.48,44.50,1008.30
6396,575.55,27.71,27.47,44.49,1008.30
6397,575.64,27.72,27.48,44.50,1008.29
6398,575.73,27.74,27.49,44.49,1008.27
6399,575.82,27.72,27.47,44.51,1008.27
6400,575.91,27.74,27.46,44.52,1008.26
6401,576.00,27.73,27.46,44.51,1008.27
6402,576.09,27.73,27.47,44.52,1008.26
6403,576.18,27.71,27.47,44.53,1008.26
6404,576.27,27.72,27.49,44.54,1008.26
6405,576.36,27.72,27.49,44.53,1008.27
6406,576.45,27.73,27.50,44.53,1008.26
6407,576.54,27.72,27.52,44.55,1008.26
6408,576.63,27.72,27.51,44.55,1008.26
6409,576.72,27.71,27.52,44.55,1008.24
6410,576.81,27.70,27.54,44.53,1008.25
6411,576.90,27.71,27.56,44.56,1008.26
6412,576.99,27.69,27.55,44.52,1008.26
6413,577.08,27.70,27.55,44.50,1008.24
6414,577.17,27.70,27.55,44.55,1008.23
6415,577.26,27.70,27.54,44.56,1008.23
6416,577.35,27.71,27.56,44.57,1008.22
6417,577.44,27.71,27.57,44.60,1008.23
6418,577.53,27.71,27.57,44.60,1008.23
6419,577.62,27.72,27.56,44.55,1008.23
6420,577.71,27.74,27.56,44.52,1008.23
6421,577.80,27.74,27.56,44.50,1008.22
6422,577.89,27.76,27.56,44.50,1008.22
6423,577.98,27.74,27.55,44.51,1008.22
6424,578.07,27.73,27.53,44.50,1008.22
6425,578.16,27.74,27.54,44.51,1008.22
6426,578.25,27.73,27.54,44.52,1008.22
6427,578.34,27.73,27.56,44.53,1008.23
6428,578.43,27.75,27.53,44.54,1008.23
6429,578.52,27.74,27.52,44.55,1008.23
6430,578.61,27.75,27.52,44.55,1008.23
6431,578.70,27.74,27.50,44.55,1008.24
6432,578.79,27.73,27.49,44.56,1008.25
6433,578.88,27.73,27.49,44.56,1008.24
6434,578.97,27.74,27.49,44.56,1008.24
6435,579.06,27.73,27.50,44.58,1008.22
6436,579.15,27.73,27.53,44.57,1008.23
6437,579.24,27.74,27.52,44.59,1008.22
6438,579.33,27.72,27.52,44.59,1008.24
6439,579.42,27.73,27.51,44.60,1008.25
6440,579.51,27.74,27.53,44.64,1008.24
6441,579.60,27.75,27.52,44.65,1008.25
6442,579.69,27.74,27.51,44.65,1008.26
6443,579.78,27.75,27.52,44.67,1008.27
6444,579.87,27.75,27.52,44.65,1008.26
6445,579.96,27.76,27.53,44.64,1008.27
6446,580.05,27.77,27.54,44.64,1008.28
6447,580.14,27.77,27.53,44.69,1008.30
6448,580.23,27.76,27.52,44.72,1008.31
6449,580.32,27.76,27.51,44.75,1008.32
6450,580.41,27.75,27.50,44.74,1008.31
6451,580.50,27.73,27.51,44.74,1008.31
6452,580.59,27.74,27.52,44.77,1008.31
6453,580.68,27.75,27.54,44.81,1008.32
6454,580.77,27.75,27.54,44.79,1008.32
6455,580.86,27.77,27.53,44.77,1008.34
6456,580.95,27.77,27.54,44.79,1008.35
6457,581.04,27.76,27.54,44.77,1008.36
6458,581.13,27.77,27.50,44.77,1008.35
6459,581.22,27.79,27.51,44.78,1008.35
6460,581.31,27.78,27.50,44.77,1008.35
6461,581.40,27.77,27.49,44.78,1008.35
6462,581.49,27.77,27.51,44.79,1008.35
6463,581.58,27.77,27.49,44.79,1008.36
6464,581.67,27.77,27.48,44.79,1008.36
6465,581.76,27.75,27.47,44.82,1008.36
6466,581.85,27.77,27.48,44.85,1008.36
6467,581.94,27.76,27.47,44.89,1008.38
6468,582.03,27.76,27.45,44.88,1008.38
6469,582.12,27.76,27.43,44.88,1008.38
6470,582.21,27.76,27.43,44.89,1008.39
6471,582.30,27.77,27.43,44.89,1008.38
6472,582.39,27.75,27.42,44.89,1008.39
6473,582.48,27.75,27.42,44.87,1008.38
6474,582.57,27.76,27.44,44.90,1008.39
6475,582.66,27.76,27.47,44.90,1008.40
6476,582.75,27.77,27.48,44.91,1008.40
6477,582.84,27.78,27.50,44.88,1008.39
6478,582.93,27.80,27.50,44.86,1008.40
6479,583.02,27.81,27.50,44.86,1008.41
6480,583.11,27.79,27.52,44.89,1008.40
6481,583.20,27.79,27.53,44.83,1008.39
6482,583.29,27.80,27.53,44.84,1008.38
6483,583.38,27.79,27.54,44.82,1008.37
6484,583.47,27.80,27.52,44.82,1008.36
6485,583.56,27.81,27.53,44.80,1008.36
6486,583.65,27.81,27.50,44.76,1008.35
6487,583.74,27.81,27.49,44.80,1008.34
6488,583.83,27.83,27.47,44.76,1008.33
6489,583.92,27.84,27.45,44.77,1008.33
6490,584.01,27.84,27.46,44.79,1008.33
6491,584.10,27.84,27.48,44.79,1008.32
6492,584.19,27.82,27.47,44.76,1008.31
6493,584.28,27.83,27.46,44.77,1008.31
6494,584.37,27.82,27.47,44.75,1008.30
6495,584.46,27.80,27.47,44.76,1008.29
6496,584.55,27.77,27.46,44.77,1008.29
6497,584.64,27.76,27.46,44.77,1008.27
6498,584.73,27.80,27.44,44.77,1008.27
6499,584.82,27.80,27.46,44.80,1008.26
6500,584.91,27.79,27.46,44.77,1008.27
6501,585.00,27.79,27.48,44.72,1008.27
6502,585.09,27.79,27.49,44.71,1008.27
6503,585.18,27.80,27.49,44.66,1008.27
6504,585.27,27.79,27.50,44.70,1008.28
6505,585.36,27.80,27.50,44.67,1008.27
6506,585.45,27.79,27.50,44.71,1008.28
6507,585.54,27.79,27.51,44.70,1008.28
6508,585.63,27.79,27.50,44.71,1008.28
6509,585.72,27.79,27.50,44.71,1008.27
6510,585.81,27.78,27.50,44.66,1008.28
6511,585.90,27.78,27.51,44.64,1008.27
6512,585.99,27.77,27.53,44.64,1008.28
6513,586.08,27.78,27.52,44.69,1008.30
6514,586.17,27.77,27.52,44.68,1008.31
6515,586.26,27.78,27.53,44.68,1008.31
6516,586.35,27.78,27.53,44.70,1008.32
6517,586.44,27.77,27.55,44.70,1008.32
6518,586.53,27.76,27.55,44.69,1008.31
6519,586.62,27.76,27.54,44.71,1008.31
6520,586.71,27.76,27.55,44.69,1008.30
6521,586.80,27.75,27.55,44.69,1008.30
6522,586.89,27.74,27.55,44.71,1008.31
6523,586.98,27.74,27.54,44.69,1008.31
6524,587.07,27.73,27.55,44.70,1008.32
6525,587.16,27.72,27.55,44.69,1008.33
6526,587.25,27.72,27.56,44.72,1008.34
6527,587.34,27.71,27.55,44.68,1008.33
6528,587.43,27.71,27.56,44.69,1008.33
6529,587.52,27.73,27.54,44.73,1008.32
6530,587.61,27.73,27.56,44.73,1008.32
6531,587.70,27.72,27.55,44.73,1008.33
6532,587.79,27.70,27.52,44.72,1008.32
6533,587.88,27.70,27.51,44.68,1008.31
6534,587.97,27.70,27.51,44.65,1008.31
6535,588.06,27.70,27.49,44.67,1008.31
6536,588.15,27.70,27.49,44.67,1008.32
6537,588.24,27.70,27.50,44.70,1008.31
6538,588.33,27.70,27.50,44.70,1008.32
6539,588.42,27.70,27.51,44.70,1008.33
6540,588.51,27.71,27.52,44.71,1008.33
6541,588.60,27.71,27.52,44.74,1008.34
6542,588.69,27.70,27.50,44.74,1008.34
6543,588.78,27.71,27.48,44.71,1008.34
6544,588.87,27.71,27.46,44.72,1008.36
6545,588.96,27.72,27.48,44.71,1008.36
6546,589.05,27.71,27.48,44.70,1008.35
6547,589.14,27.71,27.50,44.72,1008.36
6548,589.23,27.72,27.51,44.71,1008.36
6549,589.32,27.71,27.51,44.68,1008.36
6550,589.41,27.71,27.51,44.69,1008.36
6551,589.50,27.72,27.51,44.70,1008.36
6552,589.59,27.71,27.50,44.70,1008.35
6553,589.68,27.72,27.52,44.71,1008.35
6554,589.77,27.74,27.51,44.72,1008.36
6555,589.86,27.73,27.52,44.70,1008.36
6556,589.95,27.72,27.52,44.71,1008.35
6557,590.04,27.72,27.51,44.69,1008.37
6558,590.13,27.73,27.49,44.68,1008.36
6559,590.22,27.74,27.51,44.68,1008.36
6560,590.31,27.74,27.51,44.65,1008.36
6561,590.40,27.75,27.50,44.66,1008.35
6562,590.49,27.76,27.48,44.69,1008.36
6563,590.58,27.75,27.47,44.71,1008.35
6564,590.67,27.75,27.44,44.68,1008.35
6565,590.76,27.74,27.42,44.69,1008.35
6566,590.85,27.74,27.42,44.65,1008.34
6567,590.94,27.73,27.42,44.65,1008.34
6568,591.03,27.72,27.44,44.67,1008.34
6569,591.12,27.70,27.43,44.66,1008.34
6570,591.21,27.73,27.44,44.67,1008.34
6571,591.30,27.76,27.43,44.70,1008.34
6572,591.39,27.76,27.42,44.70,1008.33
6573,591.48,27.78,27.43,44.70,1008.33
6574,591.57,27.76,27.44,44.67,1008.31
6575,591.66,27.75,27.44,44.67,1008.32
6576,591.75,27.76,27.45,44.67,1008.32
6577,591.84,27.76,27.46,44.68,1008.33
6578,591.93,27.76,27.47,44.69,1008.31
6579,592.02,27.75,27.46,44.68,1008.31
6580,592.11,27.76,27.45,44.67,1008.31
6581,592.20,27.77,27.46,44.65,1008.30
6582,592.29,27.78,27.47,44.66,1008.30
6583,592.38,27.78,27.47,44.68,1008.30
6584,592.47,27.77,27.47,44.69,1008.29
6585,592.56,27.76,27.47,44.73,1008.29
6586,592.65,27.76,27.47,44.72,1008.29
6587,592.74,27.77,27.50,44.72,1008.29
6588,592.83,27.78,27.50,44.70,1008.29
6589,592.92,27.79,27.51,44.70,1008.29
6590,593.01,27.79,27.51,44.67,1008.29
6591,593.10,27.79,27.50,44.70,1008.29
6592,593.19,27.78,27.51,44.70,1008.30
6593,593.28,27.76,27.51,44.69,1008.30
6594,593.37,27.76,27.49,44.67,1008.29
6595,593.46,27.80,27.49,44.68,1008.29
6596,593.55,27.80,27.49,44.65,1008.28
6597,593.64,27.82,27.51,44.68,1008.27
6598,593.73,27.83,27.50,44.65,1008.27
6599,593.82,27.83,27.50,44.64,1008.25
6600,593.91,27.82,27.52,44.63,1008.25
6601,594.00,27.82,27.53,44.61,1008.23
6602,594.09,27.84,27.54,44.65,1008.23
6603,594.18,27.86,27.56,44.68,1008.24
6604,594.27,27.86,27.56,44.66,1008.25
6605,594.36,27.86,27.56,44.70,1008.26
6606,594.45,27.84,27.57,44.73,1008.26
6607,594.54,27.84,27.56,44.72,1008.27
6608,594.63,27.87,27.57,44.69,1008.26
6609,594.72,27.87,27.53,44.65,1008.27
6610,594.81,27.85,27.55,44.69,1008.27
6611,594.90,27.85,27.56,44.70,1008.29
6612,594.99,27.83,27.56,44.73,1008.30
6613,595.08,27.83,27.56,44.73,1008.30
6614,595.17,27.83,27.56,44.68,1008.31
6615,595.26,27.85,27.57,44.68,1008.33
6616,595.35,27.84,27.56,44.65,1008.33
6617,595.44,27.83,27.57,44.65,1008.32
6618,595.53,27.82,27.57,44.65,1008.32
6619,595.62,27.83,27.57,44.66,1008.32
6620,595.71,27.82,27.56,44.67,1008.33
6621,595.80,27.84,27.55,44.67,1008.33
6622,595.89,27.83,27.56,44.69,1008.33
6623,595.98,27.81,27.55,44.66,1008.33
6624,596.07,27.82,27.54,44.68,1008.34
6625,596.16,27.81,27.52,44.72,1008.32
6626,596.25,27.81,27.54,44.70,1008.32
6627,596.34,27.81,27.53,44.72,1008.32
6628,596.43,27.81,27.53,44.73,1008.33
6629,596.52,27.81,27.52,44.74,1008.34
6630,596.61,27.79,27.52,44.77,1008.34
6631,596.70,27.80,27.51,44.77,1008.35
6632,596.79,27.79,27.51,44.75,1008.36
6633,596.88,27.79,27.51,44.75,1008.37
6634,596.97,27.80,27.53,44.74,1008.36
6635,597.06,27.80,27.51,44.76,1008.36
6636,597.15,27.79,27.52,44.74,1008.38
6637,597.24,27.78,27.51,44.75,1008.38
6638,597.33,27.78,27.51,44.78,1008.38
6639,597.42,27.79,27.50,44.75,1008.38
6640,597.51,27.79,27.49,44.74,1008.38
6641,597.60,27.78,27.48,44.75,1008.39
6642,597.69,27.79,27.46,44.74,1008.38
6643,597.78,27.81,27.46,44.74,1008.39
6644,597.87,27.80,27.46,44.77,1008.38
6645,597.96,27.79,27.48,44.78,1008.38
6646,598.05,27.80,27.49,44.77,1008.38
6647,598.14,27.80,27.49,44.76,1008.38
6648,598.23,27.80,27.50,44.76,1008.37
6649,598.32,27.79,27.49,44.74,1008.37
6650,598.41,27.79,27.48,44.74,1008.37
6651,598.50,27.80,27.47,44.74,1008.37
6652,598.59,27.79,27.46,44.78,1008.35
6653,598.68,27.79,27.47,44.77,1008.35
6654,598.77,27.80,27.48,44.76,1008.35
6655,598.86,27.81,27.49,44.77,1008.33
6656,598.95,27.84,27.48,44.76,1008.32
6657,599.04,27.83,27.49,44.79,1008.31
6658,599.13,27.82,27.48,44.82,1008.30
6659,599.22,27.82,27.47,44.80,1008.30
6660,599.31,27.81,27.46,44.80,1008.30
6661,599.40,27.78,27.44,44.81,1008.29
6662,599.49,27.79,27.44,44.81,1008.29
6663,599.58,27.80,27.43,44.82,1008.30
6664,599.67,27.80,27.46,44.85,1008.29
6665,599.76,27.79,27.48,44.84,1008.29
6666,599.85,27.80,27.48,44.85,1008.28
6667,599.94,27.80,27.48,44.84,1008.27
